# 3ds Max Wavefront OBJ Exporter v0.99 - (c)2007 guruware
# File Created: 14.05.2025 13:32:01

mtllib hawk_wing.mtl

#
# object Object001
#

v  2.8123 -22.4787 -35.0754
v  -0.1295 -23.9818 -35.9061
v  -0.1471 -22.6169 -38.4923
v  2.6848 -20.3078 -36.0044
v  1.9648 -18.0091 -32.8155
v  1.2203 -20.8928 -31.7241
v  -1.1465 -22.9723 -32.7569
v  -7.2455 -27.3179 -35.1711
v  -9.9191 -29.2767 -33.9867
v  -9.7032 -29.1809 -36.2235
v  -7.5717 -27.8971 -37.5662
v  -4.4114 -24.1292 -38.4183
v  -3.9765 -25.3055 -36.1280
v  -11.4121 -29.3359 -35.4335
v  -13.9351 -28.9470 -35.4360
v  -10.7664 -29.0834 -37.3098
v  -16.2460 -28.7463 -35.3258
v  -12.9045 -28.0013 -37.5954
v  -14.2177 -33.6057 -32.8613
v  -13.5897 -31.5786 -34.0140
v  -11.8668 -31.8790 -33.2025
v  -13.2430 -34.1507 -32.3954
v  -16.0609 -32.2875 -32.5524
v  -14.9673 -31.5234 -34.2318
v  -11.3231 -29.0793 -34.1201
v  -7.6803 -26.2153 -32.8533
v  -10.5918 -28.2593 -31.8138
v  -12.7712 -30.6322 -30.6657
v  -10.9296 -32.1163 -31.8609
v  -16.4477 -34.4191 -30.9858
v  -17.8965 -33.4905 -31.2467
v  -14.5762 -35.0502 -31.4643
v  -16.3486 -25.1386 -24.9909
v  -17.2757 -26.5151 -22.5794
v  -16.8353 -29.4435 -23.8418
v  -15.2722 -28.6726 -27.5565
v  -17.4235 -32.7414 -27.2010
v  -14.8627 -33.2073 -30.2565
v  -18.1513 -31.9050 -23.8632
v  -12.2639 -26.2416 -29.3103
v  -13.9859 -23.4760 -26.4233
v  -17.1921 -31.3005 -33.2324
v  -18.9311 -30.0486 -33.3282
v  -13.0727 -28.6874 -35.1734
v  -10.8230 -23.7843 -39.3537
v  -5.3689 -21.6136 -40.4669
v  -15.6501 -25.3637 -37.1456
v  1.6638 -18.4878 -36.9075
v  -0.6816 -19.6498 -39.5069
v  -2.0708 -16.1786 -38.6213
v  0.8994 -16.2031 -35.3211
v  -16.1347 -14.0900 -15.6870
v  -17.0195 -15.7705 -15.1790
v  -15.5323 -17.0622 -19.3994
v  -14.5046 -17.7372 -23.4531
v  -16.7330 -17.5282 -17.6645
v  -17.6012 -19.7622 -18.6131
v  -16.2332 -18.6312 -19.9686
v  -15.4210 -17.9990 -21.5271
v  -14.8371 -20.4259 -23.3846
v  -13.8098 -18.3078 -22.8620
v  -14.7892 -12.8877 -15.9899
v  -9.6588 -14.3323 -36.9740
v  -6.6637 -17.9797 -40.3748
v  -12.8428 -20.3056 -39.1242
v  -14.0291 -16.5128 -36.8456
v  -17.9848 -21.6999 -36.7668
v  -19.0153 -16.4059 -33.3822
v  -13.9266 -12.1882 -32.1245
v  -11.3099 -21.4737 -27.2030
v  -8.4893 -19.3581 -26.8004
v  -10.5638 -16.3545 -21.5564
v  -22.5123 -23.6803 -13.9857
v  -21.6774 -22.3599 -14.2817
v  -22.0547 -22.9987 -11.8907
v  -22.9294 -24.2142 -11.7998
v  -20.8616 -24.4602 -16.4337
v  -20.9135 -22.3599 -16.4015
v  -23.9230 -23.2101 -9.4650
v  -24.7857 -22.2591 -11.5436
v  -19.6775 -23.4047 -18.6534
v  -19.7971 -24.5708 -17.6195
v  -18.9083 -25.4516 -19.4921
v  -18.9775 -25.7370 -17.8785
v  -18.5662 -20.3698 -16.9146
v  -19.6946 -20.5079 -15.3191
v  -18.1726 -23.3674 -20.6049
v  -19.6515 -25.9050 -16.0757
v  -20.2760 -26.8528 -16.4595
v  -19.9920 -26.4134 -17.6031
v  -20.7713 -25.8122 -14.3694
v  -20.8998 -27.1301 -15.0876
v  -21.3679 -26.4706 -16.4690
v  -20.6858 -29.1490 -19.7897
v  -20.1402 -27.7847 -19.9626
v  -21.8244 -27.2149 -18.5270
v  -22.0346 -28.6013 -18.2360
v  -22.2571 -30.4476 -17.6174
v  -21.1516 -31.0484 -18.9713
v  -20.5817 -32.2120 -20.5593
v  -20.2532 -30.3258 -21.3233
v  -19.3698 -32.7340 -23.5491
v  -19.5515 -29.4629 -20.9706
v  -17.8304 -28.9510 -21.6953
v  -18.4487 -26.9995 -21.0674
v  -22.6321 -26.5158 -15.4451
v  -23.7720 -26.6722 -15.1395
v  -23.3839 -26.0007 -16.5047
v  -22.6073 -25.5302 -16.9685
v  -23.0981 -27.8068 -16.5977
v  -22.9007 -26.3591 -17.3774
v  -24.2115 -26.2637 -13.7096
v  -24.3679 -28.0635 -12.5241
v  -23.8993 -29.0032 -14.2400
v  -22.2467 -27.0178 -14.0082
v  -23.3626 -25.0649 -13.8045
v  -21.8131 -25.6227 -13.4664
v  -24.7488 -25.2343 -10.9571
v  -24.8217 -26.7253 -9.9605
v  -24.7754 -23.8829 -11.6978
v  -24.7764 -29.4828 -28.4742
v  -26.4912 -30.5497 -26.5497
v  -26.4868 -28.5995 -26.6037
v  -24.7202 -27.3047 -29.2017
v  -26.3380 -27.1410 -27.3971
v  -26.6477 -25.5516 -28.1892
v  -22.7779 -29.5980 -31.0805
v  -23.7412 -30.9745 -29.2892
v  -25.7095 -23.8791 -28.9637
v  -23.6257 -26.1823 -31.8252
v  -21.2340 -28.3883 -32.9499
v  -29.2039 -26.6344 -23.6198
v  -29.0529 -24.6267 -24.3708
v  -29.3002 -29.0677 -23.3043
v  -29.8608 -30.7968 -19.1201
v  -29.1006 -30.8526 -18.9620
v  -29.9362 -31.8665 -17.5424
v  -30.8318 -31.6790 -17.7684
v  -29.3833 -32.3812 -18.9015
v  -29.0120 -31.9637 -19.6808
v  -31.3003 -32.1001 -14.6663
v  -32.3694 -32.3897 -15.6810
v  -30.2637 -33.2828 -16.9032
v  -31.6983 -32.9586 -14.3042
v  -29.6003 -33.6411 -18.9390
v  -29.7373 -33.6740 -19.7541
v  -30.6739 -32.7571 -18.4953
v  -29.8650 -31.5580 -19.3989
v  -34.3380 -33.7837 -10.7909
v  -35.0973 -32.2118 -9.1110
v  -34.5284 -31.5144 -11.4845
v  -34.0706 -32.7898 -11.7422
v  -35.0061 -31.0517 -8.5923
v  -34.4326 -30.6625 -11.2106
v  -36.3808 -28.7685 -9.4052
v  -35.1743 -29.9864 -11.6546
v  -34.8276 -30.0055 -10.2987
v  -36.0662 -29.6339 -8.3436
v  -34.2014 -30.6583 -13.8071
v  -34.1097 -31.6927 -13.3743
v  -33.3035 -32.3263 -12.6650
v  -33.2578 -33.2355 -11.1968
v  -32.2189 -32.1881 -12.4119
v  -33.6667 -32.5267 -15.4833
v  -32.0919 -34.4359 -13.8902
v  -32.6400 -36.5116 -13.8755
v  -34.9269 -36.2775 -10.0461
v  -27.0512 -31.6960 -13.8845
v  -26.8641 -30.7758 -11.9945
v  -27.4987 -32.0662 -12.1212
v  -27.5848 -31.2621 -14.9493
v  -31.6616 -33.9284 -17.3990
v  -33.2515 -34.2581 -16.8996
v  -28.2562 -33.8271 -13.3968
v  -27.6352 -33.6752 -12.8391
v  -28.5722 -34.6723 -11.8421
v  -28.4868 -35.4624 -12.7322
v  -28.0257 -32.9633 -13.3982
v  -27.5435 -33.1154 -13.0196
v  -27.3031 -32.8784 -13.1273
v  -26.9025 -32.7224 -13.2935
v  -27.7106 -32.8152 -14.3289
v  -27.8822 -32.3927 -14.3405
v  -25.9076 -32.1828 -11.4912
v  -27.4602 -31.0129 -10.5456
v  -26.2945 -32.1729 -12.4166
v  -24.3775 -33.7395 -12.0512
v  -25.0315 -31.8439 -10.2224
v  -25.8709 -34.0771 -11.6457
v  -27.1760 -32.5028 -10.4435
v  -27.6419 -37.8433 -12.3543
v  -27.4665 -36.8458 -11.1864
v  -27.5941 -35.7429 -12.3912
v  -28.0635 -35.7976 -13.4465
v  -27.6282 -34.2146 -13.0764
v  -27.6948 -34.7114 -11.7848
v  -27.4433 -35.2878 -10.0988
v  -27.2237 -32.7992 -13.8207
v  -30.0681 -34.9896 -19.4048
v  -29.6890 -35.2522 -18.9725
v  -31.2750 -35.9841 -19.0397
v  -29.4089 -36.1234 -20.6282
v  -29.2132 -35.9402 -20.7126
v  -28.9401 -35.6842 -20.8305
v  -29.5957 -36.7908 -18.7334
v  -31.2094 -36.6117 -16.2128
v  -30.7382 -34.8395 -16.4286
v  -27.8309 -37.2689 -21.0525
v  -23.3436 -35.5076 -18.5733
v  -24.1402 -34.2137 -18.6971
v  -24.4000 -35.3576 -19.2936
v  -23.4329 -35.6998 -20.0643
v  -25.2517 -35.3033 -17.4716
v  -24.6613 -34.4000 -17.0217
v  -23.1675 -35.2206 -16.9287
v  -24.1953 -36.5257 -19.3275
v  -23.1679 -36.5850 -19.5282
v  -23.1116 -37.4303 -18.9111
v  -24.3063 -36.0843 -25.1814
v  -21.5375 -37.2013 -27.1046
v  -22.3814 -38.4308 -24.2942
v  -24.9928 -37.8365 -23.2251
v  -23.9884 -37.7996 -19.2131
v  -20.9774 -37.5189 -23.6243
v  -22.0462 -37.7100 -24.3047
v  -21.5712 -37.8289 -24.4055
v  -20.0793 -37.3503 -24.3662
v  -22.1273 -38.2420 -23.3702
v  -23.5111 -39.7697 -22.1649
v  -25.3292 -39.3652 -21.9345
v  -22.4473 -39.9434 -22.0085
v  -18.5717 -36.4705 -26.0286
v  -18.8230 -34.9796 -24.9495
v  -19.9409 -35.9973 -23.1650
v  -21.1316 -38.4967 -23.0090
v  -20.4455 -38.1838 -22.3268
v  -20.4867 -36.9997 -21.4031
v  -18.0245 -34.6778 -28.3188
v  -15.7763 -34.1749 -30.1121
v  -18.5736 -35.4614 -29.2023
v  -19.7306 -35.0280 -29.4800
v  -14.0391 -34.9250 -30.4314
v  -13.0927 -34.0331 -31.2827
v  -23.2373 -33.7957 -15.5082
v  -21.7757 -33.9177 -16.1744
v  -22.2386 -32.1226 -17.0006
v  -23.2247 -31.7880 -15.5778
v  -22.2689 -36.3349 -15.7667
v  -23.9070 -34.6208 -15.1395
v  -21.2366 -36.6843 -15.6137
v  -25.2336 -34.7123 -15.0399
v  -26.5862 -36.1420 -10.2633
v  -26.2864 -37.5635 -11.1983
v  -26.2349 -36.2022 -12.9632
v  -25.8855 -35.6264 -15.4128
v  -21.2427 -32.5778 -18.0687
v  -21.1245 -34.3599 -17.1177
v  -20.9263 -34.8150 -18.2456
v  -20.8233 -33.6426 -19.2953
v  -20.9513 -36.7026 -16.9727
v  -20.8273 -36.3231 -18.6674
v  -20.6047 -35.3245 -20.4080
v  -22.5129 -39.1054 -16.3835
v  -22.9414 -38.0455 -17.7569
v  -23.7697 -39.3232 -18.8010
v  -23.1707 -41.0455 -17.4723
v  -24.3960 -42.9657 -17.8682
v  -23.2731 -43.0482 -18.6401
v  -24.3665 -42.3739 -16.4237
v  -21.2482 -41.6561 -17.1966
v  -21.2533 -39.4815 -16.2137
v  -24.8121 -38.8359 -17.7803
v  -24.8846 -40.4460 -16.5722
v  -21.8293 -43.2675 -18.6095
v  -25.6985 -38.7251 -14.8913
v  -25.3141 -39.6551 -15.7401
v  -25.3137 -38.7024 -16.8329
v  -25.5733 -37.7922 -16.5210
v  -25.0209 -37.4797 -17.9270
v  -25.8720 -42.4386 -18.1211
v  -25.5749 -40.8998 -20.3613
v  -24.0180 -41.3972 -20.5013
v  -22.7617 -41.6287 -20.4084
v  -24.9977 -44.5826 -15.6915
v  -26.4545 -44.0311 -15.4917
v  -24.2633 -44.0843 -15.0576
v  -21.4470 -41.6707 -20.0898
v  -20.8331 -40.6741 -18.8489
v  -27.3279 -46.4238 -12.1146
v  -25.5232 -47.0152 -13.6923
v  -25.6417 -48.8013 -12.1173
v  -26.9461 -48.1681 -10.6449
v  -27.7287 -47.1716 -8.1084
v  -28.8408 -47.2929 -8.5194
v  -28.7994 -44.9745 -12.2784
v  -27.6891 -43.1649 -15.4421
v  -30.5925 -46.7244 -8.6271
v  -24.8260 -41.5944 -15.3882
v  -28.3341 -41.0620 -17.2839
v  -28.9185 -42.0070 -15.3996
v  -30.0298 -40.3405 -15.4034
v  -28.8400 -39.6882 -17.8323
v  -27.2112 -41.6464 -17.9579
v  -27.2996 -40.1316 -19.7007
v  -32.4387 -50.1700 -0.3143
v  -30.0843 -50.9325 -1.4382
v  -30.4614 -52.2320 1.6557
v  -33.4288 -51.2015 4.4574
v  -30.3432 -52.9177 3.1359
v  -32.7365 -52.0421 5.4294
v  -34.6379 -51.4870 11.0563
v  -35.6014 -49.8709 11.5570
v  -35.1522 -49.3958 5.4501
v  -34.3110 -48.7311 0.6885
v  -34.0502 -52.0724 10.7122
v  -27.1836 -52.3142 2.6430
v  -29.0956 -53.8104 2.2392
v  -28.6445 -53.0369 0.1692
v  -27.1706 -51.4333 0.5673
v  -27.3387 -49.2017 1.1574
v  -27.2257 -49.9794 2.7633
v  -27.3188 -50.1189 3.7819
v  -27.2507 -51.8228 3.5950
v  -27.7290 -53.5505 4.3210
v  -27.5481 -54.4711 3.8583
v  -28.5710 -51.1981 3.4029
v  -28.1969 -49.7738 3.5431
v  -28.5885 -52.7365 4.7334
v  -28.9477 -50.1957 2.0226
v  -28.5112 -48.9642 2.4166
v  -29.7470 -52.0939 5.0280
v  -29.9415 -51.1079 4.0549
v  -30.0845 -50.1099 2.7936
v  -27.5938 -46.1760 -6.9852
v  -27.6078 -47.6722 -4.1265
v  -27.7895 -49.2562 -5.1309
v  -29.6983 -49.1816 -4.9440
v  -26.6638 -48.8611 -7.8275
v  -26.5278 -49.4472 -9.4908
v  -26.0851 -50.2774 -8.8751
v  -25.6332 -50.3704 -7.9127
v  -24.9642 -51.1436 -8.5917
v  -25.2655 -50.9358 -9.6011
v  -25.4954 -50.0778 -10.7276
v  -24.4872 -48.1402 -7.8630
v  -25.5338 -48.5486 -7.2408
v  -24.4453 -50.1073 -7.8270
v  -23.9308 -48.7840 -8.8367
v  -24.3778 -46.8266 -9.9191
v  -25.1023 -46.0871 -8.4515
v  -26.3065 -46.8502 -8.0025
v  -24.8546 -44.6171 -11.2176
v  -25.3267 -43.7732 -10.0421
v  -25.6565 -42.7504 -9.1761
v  -25.9698 -44.9177 -8.0537
v  -26.7353 -45.9365 -8.5997
v  -29.4221 -43.5360 -3.3167
v  -29.9400 -42.4770 -4.3259
v  -30.2090 -43.7884 -4.1666
v  -29.2968 -44.3520 -4.5125
v  -29.7142 -43.4863 -1.2294
v  -29.9405 -42.0826 -2.0621
v  -30.4253 -42.9474 -2.4503
v  -29.1330 -45.7496 -3.3510
v  -29.2659 -44.7296 -2.3222
v  -30.3372 -45.5142 -3.1449
v  -29.2003 -45.3104 -1.0469
v  -29.0433 -46.8637 -1.9728
v  -29.0474 -46.2927 0.1270
v  -28.7777 -47.6378 1.4053
v  -29.4145 -45.7276 2.4213
v  -29.8308 -43.9955 0.7390
v  -29.9204 -43.8451 4.3057
v  -30.2233 -42.4079 2.6788
v  -30.6996 -40.3335 1.1176
v  -30.3700 -42.0754 -0.3540
v  -30.5014 -49.2328 4.9381
v  -30.5927 -47.8746 2.8201
v  -30.8571 -46.7492 4.8357
v  -30.7995 -48.7673 9.1818
v  -31.1263 -45.4820 6.2337
v  -31.0693 -47.0702 10.3728
v  -30.7354 -48.7565 17.2147
v  -30.4251 -50.9906 16.2522
v  -30.5254 -52.1984 16.2394
v  -30.7763 -50.0877 10.0611
v  -30.4977 -50.2680 6.0615
v  -27.9931 -54.2871 5.1184
v  -28.3816 -55.0632 5.0269
v  -29.1806 -54.4173 5.2759
v  -28.7115 -53.6783 5.5450
v  -29.1490 -54.3613 3.8413
v  -35.5611 -41.0590 1.3108
v  -36.0237 -42.6136 -0.7707
v  -35.7595 -44.0638 3.1357
v  -35.7655 -41.5442 4.6969
v  -35.1674 -39.2580 0.9130
v  -35.7871 -40.2066 -2.8497
v  -36.5269 -39.2067 6.1899
v  -35.2493 -44.9806 -2.5323
v  -34.5891 -41.8660 -7.2072
v  -32.4682 -45.2079 -8.2530
v  -33.6303 -47.2307 -3.6821
v  -31.7046 -40.9035 -12.7064
v  -30.3209 -43.4456 -12.5405
v  -34.3700 -37.6965 -9.9093
v  -32.5799 -38.2789 -13.2434
v  -36.3958 -38.2862 -3.6777
v  -36.8132 -40.4221 9.4149
v  -36.7664 -39.1507 10.0990
v  -36.8435 -38.0647 8.2876
v  -36.0274 -42.1618 8.4108
v  -38.3600 -38.1267 8.5185
v  -37.6863 -37.7413 5.6674
v  -38.7150 -36.1889 8.7729
v  -37.9632 -35.3824 5.6334
v  -38.0183 -33.9569 10.3320
v  -37.3011 -33.2421 8.7058
v  -38.7541 -32.4567 7.5717
v  -38.2385 -33.6029 3.7930
v  -37.6157 -38.9168 22.9618
v  -37.1677 -37.3856 25.7782
v  -37.7023 -36.9953 20.7366
v  -37.4038 -37.7053 20.1586
v  -36.9615 -37.1361 15.4759
v  -37.5813 -38.6052 15.7117
v  -37.6468 -37.2228 15.3235
v  -36.8118 -38.1799 11.5792
v  -37.7428 -40.5933 14.3307
v  -36.9156 -36.9187 11.0245
v  -31.2192 -41.2359 2.9821
v  -30.7229 -42.8350 1.1365
v  -31.5580 -39.9429 1.4619
v  -31.5289 -39.2033 -0.5856
v  -30.7929 -38.4650 -0.6165
v  -30.7234 -39.6259 2.7762
v  -30.9195 -37.7128 3.2707
v  -30.9422 -37.3474 1.5304
v  -30.6149 -40.5047 4.4839
v  -31.6229 -36.2113 -1.0878
v  -31.8026 -36.7703 0.6457
v  -31.9448 -38.2918 -0.1305
v  -31.7532 -38.0858 -2.3268
v  -30.8746 -37.7118 -2.4420
v  -31.0628 -35.8503 -1.6784
v  -30.8148 -38.7154 -2.5569
v  -31.2253 -38.7127 -4.4927
v  -30.7347 -38.6999 -4.3313
v  -30.8956 -37.9171 -4.4555
v  -30.0744 -38.4462 -6.1280
v  -29.4218 -37.9333 -7.4696
v  -29.4334 -39.8788 -7.3179
v  -30.5332 -39.3635 -6.2886
v  -30.1596 -37.8477 -8.0984
v  -30.6971 -38.1022 -6.4797
v  -29.0878 -39.2670 -10.1454
v  -29.5315 -37.1521 -9.6578
v  -28.4342 -41.2869 -7.8092
v  -28.2319 -41.5803 -9.8586
v  -30.5717 -42.9664 -0.8064
v  -30.7175 -44.1106 -0.9671
v  -30.6748 -44.5951 -1.9586
v  -30.8633 -45.7776 -0.7949
v  -30.8715 -44.6355 0.0937
v  -31.0638 -44.0734 3.4374
v  -30.9877 -45.5030 2.1538
v  -31.2390 -42.3876 4.8987
v  -30.8959 -38.0628 5.5362
v  -27.2153 -34.1190 -8.7402
v  -27.4706 -31.4052 -8.3664
v  -27.4065 -32.1820 -6.9923
v  -27.2876 -34.1840 -7.7688
v  -27.7828 -29.6117 -8.8769
v  -28.4299 -27.5798 -6.5054
v  -28.3709 -28.7405 -5.9217
v  -28.0985 -30.1117 -5.0273
v  -27.4369 -32.6126 -4.7895
v  -27.8529 -31.0871 -4.0190
v  -28.2785 -30.3206 -2.0891
v  -28.7436 -28.7124 -2.4924
v  -27.6837 -32.1410 -1.8030
v  -31.1400 -33.2403 0.1948
v  -31.4043 -34.6169 -0.2103
v  -30.9625 -34.2226 -1.1285
v  -31.0822 -33.0501 -0.7515
v  -29.9954 -32.1512 10.7179
v  -29.9922 -34.5945 12.0709
v  -28.7832 -34.0612 12.4182
v  -30.3274 -30.2898 11.1895
v  -31.2493 -33.4783 12.7627
v  -31.1551 -33.9017 9.4869
v  -30.3673 -33.4235 9.2662
v  -30.3348 -35.4340 10.0987
v  -28.8631 -34.4432 9.8890
v  -29.0990 -31.2786 8.6884
v  -29.9151 -27.4358 7.2316
v  -30.6855 -25.9439 9.8142
v  -22.6026 -23.6335 -7.3919
v  -23.0140 -22.8098 -6.6578
v  -23.5614 -23.3887 -7.2972
v  -23.1625 -23.9259 -7.6745
v  -23.3600 -21.4569 -7.8044
v  -22.5166 -22.6678 -8.8895
v  -23.1995 -24.1130 -10.1909
v  -23.4375 -23.8421 -8.9309
v  -25.0406 -21.0123 -8.7231
v  -22.5381 -21.2604 -10.9517
v  -22.2535 -23.2213 -10.1459
v  -27.7182 -27.6411 -3.4442
v  -28.2918 -26.3703 -3.0693
v  -27.4132 -28.5463 -5.6571
v  -26.7260 -27.8296 -1.5675
v  -28.1445 -26.1750 -0.1953
v  -26.4764 -29.6197 -4.4898
v  -25.9804 -30.0375 -7.9835
v  -26.8108 -29.8087 -8.5890
v  7.4935 -8.9234 25.5574
v  4.3179 -6.1967 24.8578
v  5.0599 -5.3751 16.4811
v  8.0356 -9.4669 14.9941
v  5.1153 -6.7082 8.7382
v  8.9672 -10.8498 4.7116
v  10.7469 -12.5187 8.5827
v  2.9588 -3.6774 11.0218
v  -30.9975 -36.5281 -0.1544
v  -28.5163 -35.9343 -8.3093
v  -28.3694 -37.3730 -5.0477
v  -28.2972 -39.2376 -4.8849
v  -28.2372 -41.0358 -5.0246
v  -27.5255 -39.3279 -10.3950
v  -28.6655 -37.4377 -11.8547
v  -29.0083 -36.1200 -10.9044
v  -27.4333 -41.1354 -9.1671
v  -27.1135 -34.3333 -5.1968
v  -28.1032 -35.7809 -5.2815
v  -27.4467 -38.4454 -9.2174
v  -27.1256 -37.5571 -8.1297
v  -26.2880 -38.1179 -8.4348
v  -25.8328 -41.6086 -8.1435
v  -25.7410 -43.6497 -7.0980
v  -26.8470 -44.0243 -7.1952
v  -26.5773 -44.3705 -8.6879
v  -27.6970 -44.6887 -8.5152
v  -26.9530 -43.2596 -5.8983
v  -27.3680 -42.2828 -6.4194
v  -27.2510 -42.7622 -8.1738
v  -25.7724 -42.6599 -6.0738
v  -26.0267 -41.9017 -5.4308
v  -25.9488 -40.5279 -7.0563
v  -26.7526 -39.8670 -6.3084
v  -27.4721 -40.4662 -7.5522
v  -31.5192 -31.2225 39.3358
v  -33.0557 -29.3476 39.5602
v  -33.8733 -30.6834 41.9299
v  -31.2911 -32.1000 41.4646
v  -33.3026 -33.2269 43.3890
v  -32.2285 -34.8939 41.8479
v  -31.7488 -34.1851 39.1062
v  -32.9377 -35.6411 31.0048
v  -33.8298 -36.5851 31.6399
v  -32.5029 -36.2445 30.3990
v  -32.6472 -35.3153 32.3340
v  -37.6170 -35.7893 29.6793
v  -37.5034 -33.4244 31.2454
v  -37.8942 -32.6506 26.8011
v  -38.7324 -34.1836 26.4846
v  -37.1828 -35.5967 33.6906
v  -37.3501 -34.1204 36.4566
v  -37.3357 -37.2718 29.2318
v  -37.3719 -36.9978 33.6747
v  -39.5088 -35.5866 25.3033
v  -38.1718 -37.6276 26.4867
v  -36.6255 -34.0097 40.8792
v  -37.8083 -34.3616 41.1822
v  -36.2515 -33.3033 37.0033
v  -35.9975 -34.1765 39.1569
v  -37.0459 -36.0219 38.5687
v  -35.9752 -31.5425 36.9069
v  -36.1003 -32.1916 40.5295
v  -35.4428 -32.1664 32.9496
v  -35.9266 -30.6982 33.1930
v  -34.7458 -32.8541 39.3964
v  -34.5171 -32.3994 36.7242
v  -34.5413 -31.3500 33.0934
v  -34.5656 -31.1684 39.8590
v  -34.9448 -32.6694 43.8052
v  -34.3548 -31.7109 44.3295
v  -33.5213 -32.0063 45.9436
v  -33.3599 -34.1932 44.8330
v  -32.8644 -37.0544 40.8160
v  -33.1358 -36.1170 43.7445
v  -33.4692 -38.1978 42.9313
v  -32.9987 -36.5275 48.7380
v  -33.1829 -38.2525 48.3273
v  -33.0098 -39.8708 40.7122
v  -31.9239 -39.0038 40.0792
v  -32.9179 -36.3329 38.8062
v  -33.5079 -37.2517 33.9093
v  -34.1996 -35.6008 33.1884
v  -33.6606 -36.5644 35.9772
v  -31.9217 -34.2497 36.1926
v  -31.9283 -38.1473 38.4388
v  -34.1968 -38.8781 36.6721
v  -31.1825 -40.6011 35.9167
v  -31.4152 -40.0897 33.4093
v  -32.1400 -37.5420 34.1208
v  -31.1947 -40.8239 37.7938
v  -31.7929 -39.4207 29.5198
v  -32.0104 -33.0493 29.1826
v  -31.8787 -32.1602 32.2020
v  -31.0650 -45.3724 40.7716
v  -31.6069 -43.9559 37.7923
v  -32.3669 -44.1336 39.2266
v  -33.1023 -45.2678 42.2071
v  -31.9931 -41.2806 39.4065
v  -33.2869 -41.7356 42.0654
v  -31.9340 -43.3433 35.4661
v  -30.2498 -46.0332 37.3735
v  -30.7266 -45.5943 35.1796
v  -29.6294 -47.1113 39.3513
v  -32.4199 -47.1759 41.4496
v  -31.7396 -47.1222 41.4447
v  -32.4574 -49.8034 41.1070
v  -33.1973 -48.7771 39.5328
v  -32.7539 -48.4782 43.3705
v  -32.6010 -44.4055 47.8573
v  -32.0594 -47.4747 48.3606
v  -33.3287 -41.9619 47.8356
v  -33.6515 -40.8560 40.5961
v  -34.8285 -40.2680 42.7638
v  -37.4673 -39.0606 28.1911
v  -38.5662 -41.7075 21.0792
v  -37.3617 -41.2200 26.8356
v  -34.1442 -46.7211 31.8090
v  -34.1905 -46.7818 31.3821
v  -34.2209 -46.9354 31.4734
v  -34.2138 -46.9490 31.9357
v  -34.9684 -48.5162 32.8780
v  -34.7712 -49.9009 31.3456
v  -34.2032 -49.0735 30.9826
v  -34.7116 -47.6529 32.2240
v  -34.9170 -49.8592 31.8480
v  -34.3865 -50.1205 33.1231
v  -34.9814 -49.0307 34.4085
v  -34.9964 -49.3657 34.7731
v  -33.7118 -49.9721 31.6884
v  -34.6230 -48.0512 32.3557
v  -30.8313 -48.5257 40.0740
v  -31.7705 -48.6072 38.7459
v  -32.6800 -51.2074 37.7037
v  -32.7798 -50.8590 36.8452
v  -31.6370 -50.3091 37.4001
v  -33.6559 -50.7655 31.3485
v  -33.1380 -50.2221 31.0182
v  -34.2082 -49.6963 30.0688
v  -33.0850 -50.7139 32.8549
v  -33.4222 -51.8279 32.6431
v  -32.3324 -50.6731 32.6686
v  -33.7600 -50.9957 30.7053
v  -32.7340 -50.7629 30.7453
v  -32.0027 -51.6553 32.3182
v  -32.7329 -52.5326 32.0937
v  -34.5036 -50.0177 30.4911
v  -30.2302 -56.5605 35.2420
v  -30.5698 -55.9841 32.8446
v  -29.3563 -54.5024 35.3073
v  -29.9891 -55.2043 36.2743
v  -29.8240 -57.6967 34.7614
v  -28.9618 -56.0044 30.8830
v  -29.4579 -52.8435 29.6979
v  -29.3902 -52.3575 32.3433
v  -29.3904 -51.7816 34.6570
v  -29.2154 -58.8625 34.2417
v  -28.2189 -57.7544 29.8917
v  -30.8750 -53.6068 38.1030
v  -30.0368 -55.1248 39.8584
v  -29.6666 -56.9317 38.9502
v  -32.4953 -53.7347 38.7685
v  -32.2416 -54.5974 40.7541
v  -31.2444 -53.7100 37.4575
v  -32.6558 -53.2996 37.5030
v  -29.4493 -51.4146 37.0525
v  -30.8772 -51.9229 38.4436
v  -32.8514 -52.9014 36.0297
v  -33.1220 -52.5315 34.3278
v  -32.9268 -50.9363 34.5411
v  -32.0560 -50.6530 34.7125
v  -31.6974 -52.0473 34.3471
v  -31.5247 -52.0505 36.5403
v  -29.9124 -49.7263 38.0053
v  -29.6422 -56.0448 43.0201
v  -32.1851 -56.8543 44.2294
v  -31.3780 -55.0506 43.9027
v  -34.2757 -56.2084 44.8350
v  -30.3151 -54.6989 45.9916
v  -29.1895 -57.0344 46.4316
v  -31.8821 -52.5983 42.4335
v  -31.7109 -51.7050 44.7396
v  -32.1565 -53.6789 41.4120
v  -31.8283 -55.6579 43.8928
v  -32.6966 -56.0439 44.6994
v  -32.8641 -56.1774 45.6294
v  -33.5935 -56.5631 48.2596
v  -32.8585 -58.7168 48.1543
v  -32.2794 -58.7347 52.0710
v  -33.2898 -56.4642 52.5202
v  -34.2395 -54.4135 52.8723
v  -34.3200 -55.1712 48.1516
v  -34.7655 -52.4074 51.2566
v  -35.1938 -53.0931 43.9192
v  -34.6378 -55.6677 42.7536
v  -33.5676 -58.0243 41.0311
v  -33.2999 -58.3253 44.6167
v  -33.9650 -53.0550 53.3526
v  -33.2217 -54.6489 56.9362
v  -33.2896 -52.5143 56.8948
v  -34.5368 -51.0218 56.6487
v  -35.2175 -48.6651 56.3311
v  -35.5746 -49.6567 50.4964
v  -31.1990 -50.7296 71.0253
v  -31.2310 -50.8363 68.6620
v  -31.8191 -47.5490 68.9643
v  -31.4927 -48.4520 72.5908
v  -30.3995 -52.3591 72.0540
v  -29.9967 -53.6560 68.9610
v  -31.3853 -50.2123 74.6299
v  -30.9281 -49.4966 81.5812
v  -31.2790 -50.8553 80.6482
v  -30.6326 -51.1904 82.0071
v  -30.4267 -50.3856 82.3141
v  -29.6488 -50.4285 83.0065
v  -30.6113 -48.9178 82.3693
v  -29.9799 -50.0867 82.3231
v  -30.3143 -49.1740 81.1854
v  -30.2507 -51.8995 79.2651
v  -30.6552 -50.7086 78.8821
v  -29.8214 -51.3241 82.1514
v  -29.8437 -52.8152 79.6846
v  -29.7257 -52.3436 81.4489
v  -29.4271 -53.7766 80.2236
v  -30.3129 -53.1092 81.5554
v  -30.7897 -52.7101 81.0597
v  -31.1606 -53.2917 79.5694
v  -29.9879 -54.1747 80.2087
v  -32.2591 -53.4549 69.6450
v  -32.3360 -54.2567 67.0162
v  -31.9384 -56.8379 67.6146
v  -31.8077 -54.9625 71.3341
v  -32.6262 -51.9634 73.4763
v  -33.2110 -51.1027 70.4973
v  -33.3587 -51.3116 67.0807
v  -30.4891 -55.1955 77.6142
v  -29.5234 -55.8052 78.5835
v  -31.8116 -49.7575 79.3698
v  -32.0020 -51.9646 78.1453
v  -31.4791 -54.2710 76.6042
v  -33.8387 -41.1375 69.9232
v  -35.2051 -40.2016 69.9169
v  -35.3534 -40.5332 66.4509
v  -33.6744 -41.8109 66.3303
v  -33.1154 -39.9622 66.1503
v  -33.1584 -39.7031 69.2760
v  -32.7567 -42.0827 70.3917
v  -31.3145 -42.6526 69.8401
v  -32.0752 -42.0655 63.1545
v  -32.9786 -39.9328 62.2909
v  -34.0682 -44.1874 66.5236
v  -33.5632 -43.8729 70.7100
v  -35.5511 -40.3715 62.9196
v  -34.5311 -42.3276 62.7388
v  -34.5843 -44.8446 62.5464
v  -34.9663 -35.9073 71.4253
v  -34.5505 -34.2934 70.0458
v  -35.0425 -35.1312 69.0513
v  -35.4009 -36.6294 69.3981
v  -35.1837 -34.9627 67.1053
v  -35.6861 -36.7108 66.7123
v  -34.5756 -33.6824 67.6365
v  -34.4619 -36.3330 73.6923
v  -34.3336 -37.5700 74.4522
v  -33.7535 -36.5744 75.1671
v  -33.5412 -35.4331 74.7354
v  -32.6501 -36.0144 74.4700
v  -32.9446 -36.9249 75.2895
v  -33.1432 -38.1947 74.5167
v  -32.7829 -37.2300 73.4811
v  -32.5860 -35.3246 70.7124
v  -32.6637 -36.1729 72.3460
v  -32.7884 -37.3204 71.1028
v  -32.7093 -36.3923 70.2096
v  -32.5379 -35.1256 68.2290
v  -32.7041 -36.6289 68.3148
v  -32.8783 -38.1463 68.6812
v  -33.0236 -31.4412 59.1435
v  -32.5829 -32.8280 59.8422
v  -32.7856 -32.5930 55.5403
v  -33.4822 -31.0122 55.9884
v  -33.1064 -32.2320 50.1847
v  -33.4435 -30.3947 50.6392
v  -35.1986 -30.9932 49.3299
v  -34.8547 -30.8407 54.2374
v  -35.7424 -29.8306 53.6751
v  -36.0260 -30.3230 48.7461
v  -36.2545 -28.5635 52.9636
v  -37.4457 -30.0423 47.4706
v  -36.8700 -31.0548 48.7884
v  -37.8635 -30.9129 47.8882
v  -36.2824 -32.7143 45.0987
v  -36.7188 -32.4735 48.4503
v  -38.1924 -34.1842 45.9175
v  -36.6238 -33.8760 44.4271
v  -33.9303 -29.3779 44.0283
v  -33.8048 -29.7113 46.2420
v  -34.5350 -31.5167 50.0512
v  -35.1347 -32.7207 49.8964
v  -33.9486 -28.7236 42.0784
v  -33.9441 -28.2095 40.0183
v  -36.7007 -27.4489 47.7664
v  -37.7314 -28.6918 43.2201
v  -38.5398 -30.7617 42.2878
v  -34.2881 -26.6708 42.7212
v  -34.1044 -27.7045 42.6274
v  -33.0154 -27.1891 40.6827
v  -34.4213 -25.7237 41.2050
v  -34.2423 -26.3991 43.9570
v  -34.0845 -27.8403 44.1622
v  -34.2004 -24.5934 42.5422
v  -38.3600 -31.9788 47.7273
v  -38.6792 -32.3856 46.0777
v  -32.9615 -22.8729 63.5838
v  -33.2701 -24.2157 64.9435
v  -33.3221 -24.6273 64.0170
v  -33.1898 -24.0285 62.9316
v  -33.4981 -25.6115 65.1766
v  -33.4864 -25.5647 63.9556
v  -33.5080 -25.2412 62.5003
v  -34.1368 -25.4794 65.5564
v  -33.9736 -23.9791 65.1805
v  -34.6093 -24.2807 64.4856
v  -34.8703 -25.2985 64.5510
v  -35.4644 -25.1025 62.9635
v  -34.9225 -23.7624 63.2223
v  -33.9990 -22.6440 63.6748
v  -33.6431 -28.9453 62.9908
v  -33.5608 -27.7911 62.4012
v  -33.5472 -27.4800 63.3910
v  -33.5978 -28.0626 64.0981
v  -33.5622 -26.5706 63.6871
v  -33.5881 -26.9079 64.8555
v  -33.6159 -26.4617 62.3023
v  -34.3145 -26.9536 65.2512
v  -35.0338 -26.6144 64.2691
v  -35.0083 -27.7362 63.9207
v  -34.4196 -28.2360 64.3753
v  -34.5823 -29.0899 63.2523
v  -35.3264 -28.0548 62.9296
v  -35.5579 -26.5584 62.8246
v  -32.5613 -15.8955 47.8447
v  -33.0880 -16.3566 49.8225
v  -33.5078 -17.3304 49.1749
v  -33.3258 -17.3570 47.6436
v  -33.6709 -17.1147 51.3550
v  -34.1375 -18.2847 50.1172
v  -34.1577 -18.9035 48.0909
v  -32.6742 -15.0967 50.7274
v  -33.2709 -16.0315 51.9618
v  -34.8843 -16.5827 51.6483
v  -34.0647 -15.4854 52.1184
v  -33.4681 -14.4262 50.9734
v  -34.5581 -15.2472 50.2741
v  -33.8389 -8.4624 39.8910
v  -34.3157 -9.6365 41.0604
v  -33.5131 -8.3144 41.4055
v  -32.9294 -7.5560 40.9420
v  -33.1387 -10.1311 40.9098
v  -32.2345 -8.8645 41.2987
v  -31.6754 -7.9126 41.3560
v  -32.0774 -6.7695 39.8701
v  -31.0202 -7.1050 40.3563
v  -31.4677 -8.1903 39.8890
v  -34.6841 -15.2616 47.6770
v  -34.0387 -14.4852 45.1867
v  -35.1310 -16.0050 45.0933
v  -35.3026 -16.2523 46.8841
v  -35.9332 -17.9115 45.4912
v  -35.8490 -17.6653 47.6769
v  -35.3567 -16.5216 49.2915
v  -34.1366 -20.4221 44.7541
v  -33.5476 -18.4287 42.6231
v  -33.8782 -18.7832 45.7522
v  -35.0526 -20.4834 46.4773
v  -34.5247 -21.0455 51.4083
v  -33.2757 -20.6510 51.0384
v  -33.5949 -22.0066 45.0183
v  -34.0113 -22.6024 40.4530
v  -34.3300 -20.8293 38.9412
v  -33.0010 -19.2403 37.7016
v  -35.7776 -19.5123 48.4015
v  -36.2329 -20.1867 43.3447
v  -36.2096 -22.9138 43.8109
v  -35.8152 -22.7913 46.9476
v  -35.8884 -17.5698 42.5835
v  -35.5255 -22.5939 51.7198
v  -31.6631 -15.4374 26.2116
v  -31.8486 -14.9245 26.2678
v  -32.1387 -15.4636 26.6671
v  -32.1053 -15.6429 27.0378
v  -31.3762 -18.0224 26.8566
v  -31.2679 -17.4291 20.0860
v  -31.5762 -15.2094 19.7179
v  -30.9815 -13.4331 19.2574
v  -30.9902 -13.3412 24.9165
v  -31.1628 -13.6808 27.7902
v  -31.4801 -13.0082 32.3262
v  -31.7303 -14.6327 32.4150
v  -31.7147 -15.8911 32.3764
v  -34.6272 -15.0730 32.9542
v  -34.7536 -15.1231 38.1012
v  -33.7846 -13.4752 37.4301
v  -34.9330 -12.6795 33.4674
v  -33.9222 -12.5879 37.2562
v  -35.1745 -12.3386 37.5075
v  -32.4925 -12.3055 36.5988
v  -32.7674 -11.0478 35.8536
v  -32.9527 -7.5965 36.5196
v  -33.4339 -8.2438 35.4379
v  -34.1188 -9.2462 35.9632
v  -33.8151 -8.5497 37.7410
v  -33.1023 -8.0251 33.1126
v  -33.8561 -9.3033 33.1476
v  -32.3549 -7.0152 33.6451
v  -33.7060 -7.5868 23.3017
v  -35.7114 -8.6061 21.6759
v  -34.8941 -9.9345 27.3408
v  -33.3408 -8.8481 28.0326
v  -31.4661 -3.6581 25.6573
v  -32.4698 -4.8619 25.6150
v  -32.6286 -5.2578 26.6788
v  -31.0896 -5.4120 27.2818
v  -31.9293 -6.4642 26.2200
v  -32.3811 -6.9357 25.7995
v  -31.6177 -6.1618 26.1024
v  -32.1487 -4.4915 23.6517
v  -31.0634 -3.8831 19.9369
v  -33.3950 -6.1741 22.4014
v  -32.9780 -5.7600 23.9778
v  -31.7952 -6.7232 26.1916
v  -31.6476 -6.3202 29.1261
v  -30.9383 -5.0519 31.3230
v  -29.4350 -2.9589 28.0587
v  -32.4946 -7.5144 28.7334
v  -31.6946 -6.2918 34.8136
v  -31.3112 -12.7499 36.6456
v  -31.6755 -11.7119 32.2845
v  -33.7540 -13.8588 41.6892
v  -32.5612 -12.7223 41.5770
v  -31.2051 -12.6362 41.8476
v  -31.4238 -10.2596 32.3595
v  -32.1202 -9.5766 37.3338
v  -32.8730 -10.4176 38.2387
v  -31.6888 -9.5787 35.5582
v  -30.6776 -8.8673 32.5816
v  -33.8485 -11.5318 39.4648
v  -32.2250 -9.2550 39.4125
v  -31.4651 -8.7038 37.7649
v  -30.8090 -8.3290 35.6125
v  -29.3982 -7.0563 28.0758
v  -30.3377 -9.4924 28.2693
v  -30.0055 -9.3644 23.8815
v  -29.0230 -7.3264 23.4231
v  -25.4947 -4.0836 25.1658
v  -25.2247 -3.5350 26.4358
v  -28.6509 -5.8152 29.5162
v  -30.0323 -7.5911 32.9863
v  -31.7227 -4.9277 14.2752
v  -33.7776 -6.8501 15.7237
v  -34.6438 -30.7021 31.1757
v  -35.1105 -30.0244 33.4257
v  -35.7393 -29.6962 31.3171
v  -35.8171 -30.4133 31.1427
v  -34.8871 -31.5906 30.7771
v  -39.5995 -36.0364 20.7361
v  -38.9795 -38.4534 20.7127
v  -38.6751 -34.0303 20.7391
v  -39.3387 -36.8223 11.5777
v  -39.4654 -37.4197 15.1905
v  -38.9252 -35.2575 15.0547
v  -38.7865 -34.9154 12.2941
v  -37.7944 -33.1776 14.3845
v  -32.6369 -22.6469 34.0873
v  -33.0522 -23.7837 38.3623
v  -32.1871 -25.7667 37.3743
v  -32.1579 -25.2918 33.1024
v  -32.0277 -25.1082 27.8442
v  -31.8845 -22.5881 27.5520
v  -31.9390 -20.5594 33.3153
v  -31.6106 -20.2247 27.2466
v  -31.6514 -18.3672 32.7963
v  -32.0939 -15.6674 36.9693
v  -32.2247 -18.1925 37.0881
v  -32.7706 -17.0791 42.0687
v  -31.9221 -15.4420 41.8929
v  -8.3248 2.0569 11.6386
v  -8.9174 2.8479 14.8411
v  -10.8934 1.8285 13.5715
v  -10.6157 1.1514 11.5351
v  -5.1609 3.2208 13.0989
v  -6.6331 3.8039 16.2673
v  -10.6812 0.1799 9.9346
v  -9.4767 1.0014 9.6756
v  -7.2329 0.3795 10.5613
v  -4.1110 1.3515 11.2161
v  -9.2998 -0.7673 8.7274
v  -6.1159 6.7785 19.7029
v  -3.6135 7.6088 15.4315
v  -5.6218 6.9796 15.5010
v  -7.4998 6.5673 19.5507
v  -3.6536 7.3177 18.8877
v  -1.0757 7.4992 15.1425
v  -1.8359 4.7276 14.7465
v  -3.7489 4.7160 18.4671
v  -4.9364 4.2297 17.4592
v  -3.1692 3.3939 14.2327
v  -3.1086 6.2189 16.6297
v  -4.0050 6.0513 19.1919
v  0.1518 5.6185 13.7613
v  -1.5206 6.0169 18.0456
v  -0.2528 4.7607 13.5552
v  0.5870 4.8726 13.1172
v  -2.8534 7.6264 12.1804
v  0.0733 6.2607 12.6748
v  -1.6598 7.4147 9.4606
v  -10.3268 5.6202 17.8561
v  -8.5997 6.2855 18.8044
v  -8.0357 6.3022 15.2218
v  -10.7481 5.4336 15.2746
v  -14.0994 4.4571 18.9934
v  -13.2917 4.4461 20.8944
v  -28.3590 -3.1024 29.7358
v  -26.0028 -0.5059 27.6685
v  -26.3361 -0.3233 26.2063
v  -26.4533 -0.3451 24.4779
v  -29.5006 -2.2447 25.5756
v  -26.5575 -1.2752 14.1862
v  -29.1051 -2.4410 19.1220
v  -27.1187 -1.1069 18.9478
v  -24.2653 -0.6520 14.2102
v  -23.8445 -0.2465 12.8323
v  -22.6381 0.1593 9.8374
v  -25.3074 -1.1227 10.7391
v  -13.0060 4.7617 8.6977
v  -10.5274 5.1183 9.0321
v  -11.6432 5.7240 8.3019
v  -14.8398 4.9926 7.9036
v  -15.4539 4.7905 6.6313
v  -9.7718 7.6612 6.9741
v  -7.4218 6.6484 8.6775
v  -18.3919 0.5900 8.4627
v  -18.8053 1.4050 10.5759
v  -19.0576 1.9674 9.4663
v  -18.7995 1.2377 7.9234
v  -20.7339 0.0099 10.4905
v  -21.7751 0.1767 13.3102
v  -18.3749 1.0763 13.5268
v  -20.1936 -0.2157 8.5425
v  -16.0214 3.5029 11.0061
v  -16.8782 3.8281 9.9592
v  -15.3529 3.4541 13.2072
v  -19.8960 1.8625 8.8584
v  -19.9404 0.9488 7.7715
v  -21.3403 1.2183 9.2131
v  -21.9745 0.2774 8.0856
v  -17.3485 3.7909 8.8881
v  -18.3045 3.2910 7.7515
v  -21.3708 2.2394 7.5582
v  -22.3435 -0.1442 8.7523
v  -23.4946 -1.0072 8.4190
v  -23.9303 -0.9281 9.9051
v  -23.1941 -1.0927 10.7122
v  -25.4905 -1.1103 9.1734
v  -24.1857 -1.2830 7.5988
v  -24.0022 -1.2932 7.5952
v  -25.0296 0.3252 8.7754
v  -22.7333 -0.6510 6.6342
v  -27.3779 0.2054 11.1312
v  -27.2736 -1.4372 10.1202
v  -21.6823 -0.3603 6.8004
v  -23.2205 -0.1129 5.9776
v  -26.1495 0.3908 7.4719
v  -21.5663 -0.0121 6.7729
v  -22.2069 1.5449 8.4811
v  -19.8562 0.1732 6.1143
v  -19.0897 2.8763 6.1354
v  -21.8507 1.5094 5.7298
v  -22.8951 0.6329 3.5466
v  -25.7109 -0.0843 4.5085
v  -25.4131 0.1160 1.9273
v  -28.0283 -1.6371 2.4397
v  -20.0467 2.3454 4.3000
v  -21.9379 1.9395 1.8903
v  -19.7740 -0.4052 6.4858
v  -17.6953 0.5670 6.6525
v  -18.6605 0.7586 6.4171
v  -21.4888 -5.8935 2.4333
v  -20.9235 -5.8752 0.0259
v  -21.2259 -6.8187 0.8742
v  -21.2195 -7.4620 3.0181
v  -22.9399 -7.0666 1.0950
v  -22.2444 -7.2129 -0.3695
v  -21.4342 -7.9968 0.3726
v  -21.9655 -5.9028 3.4603
v  -21.3320 -5.9944 5.5942
v  -21.0110 -5.0742 5.8309
v  -21.1299 -7.8825 5.8596
v  -23.4574 -6.8300 2.7304
v  -23.2274 -6.1263 5.3205
v  -19.9321 -8.0701 3.2068
v  -20.7468 -3.8385 8.2617
v  -19.3269 -4.6868 6.8302
v  -18.2051 -3.7144 8.5273
v  -19.8688 -5.2184 7.1614
v  -18.1367 -4.9381 7.1046
v  -16.8374 -4.4765 7.2490
v  -18.2942 -3.4156 8.9845
v  -22.8731 -5.2172 8.1933
v  -17.0714 -3.1401 9.7129
v  -16.7602 -2.7740 8.9752
v  -16.9976 -2.7054 9.0012
v  -13.7004 4.5717 9.4455
v  -12.4680 4.4605 9.9354
v  -17.1658 -1.7011 12.0361
v  -19.9010 -2.6424 12.1408
v  -16.0628 -4.7784 9.9735
v  -15.5557 -3.9882 11.1676
v  -16.2743 -2.8735 10.0060
v  -16.9821 -5.1507 7.9476
v  -13.8138 -2.3821 12.7051
v  -14.7128 -0.8816 12.0858
v  -9.4846 6.0556 11.7981
v  -6.1451 6.6839 11.7415
v  -11.9789 4.8711 12.3667
v  2.3372 8.4468 -4.1646
v  -3.6176 7.1595 2.5590
v  2.0361 7.2113 6.3790
v  -11.0052 6.4511 4.6834
v  -0.2757 1.9573 8.2111
v  2.3015 4.2019 9.3495
v  1.5834 4.5487 11.0319
v  -1.3287 2.2659 11.1342
v  -3.9047 -0.6540 10.1503
v  -1.6887 0.1756 9.0334
v  -0.9208 0.4794 7.9198
v  -0.6636 -0.7005 5.3884
v  -1.4406 -1.2502 6.8017
v  -6.4848 -3.2856 7.7515
v  -8.5138 -3.2776 7.1658
v  -8.0854 -3.4368 5.6881
v  -4.4383 -2.6370 6.7060
v  -4.2259 -1.4957 8.3893
v  -6.6749 -2.4558 9.1080
v  -2.0879 -1.5155 7.8637
v  -2.9951 -2.8136 4.8471
v  -7.4582 -4.1847 4.0245
v  2.2036 -4.6173 3.1158
v  4.0480 -5.0063 5.2863
v  1.7806 -1.7356 7.6651
v  -1.4173 -5.6190 2.9581
v  1.2926 0.8215 10.2504
v  -8.9948 -2.8416 8.4750
v  -14.1922 -6.2631 4.9266
v  -14.3690 -8.0422 3.3837
v  -11.9124 -6.1667 3.6235
v  -11.8161 -4.6031 5.2863
v  -13.2235 -5.1443 7.5186
v  -14.8926 -5.7060 8.0383
v  -15.4362 -5.8899 6.0412
v  -11.2814 -4.1865 7.1328
v  -15.9262 -6.2927 4.0408
v  -15.2628 -7.0011 3.7050
v  -15.3586 -8.4752 4.6608
v  -16.2374 -7.8865 4.3014
v  -16.0606 -9.0238 3.2689
v  -16.6948 -7.5349 2.2143
v  -16.7337 -8.0653 3.5095
v  -17.1703 -8.7184 0.6127
v  -18.1416 -10.8911 -3.7256
v  -16.4298 -10.6927 -5.3333
v  -15.3705 -8.6874 0.3102
v  -18.6642 -8.3356 0.1126
v  -19.4584 -11.2419 -3.1161
v  -17.2921 -6.7018 2.1910
v  -18.2595 -6.0886 7.1212
v  -20.0917 -7.0391 7.4169
v  -19.0373 -7.3542 5.5411
v  -17.5453 -6.5323 4.9695
v  -16.8872 -6.1724 6.8040
v  -16.5040 -5.9243 8.5441
v  -14.1336 -3.4268 9.3796
v  -13.7517 -3.9043 8.5875
v  -12.5570 -3.2095 9.1854
v  -12.8496 -2.6198 9.8775
v  -14.5545 -4.6924 9.4809
v  -14.7742 -3.7679 10.3092
v  -12.4712 -4.6460 9.2979
v  -11.0309 -2.1169 8.9131
v  -10.7460 -3.6325 8.4757
v  -9.3229 -1.8144 8.9281
v  -10.8151 -0.8436 8.8396
v  -11.5674 -1.2183 10.1007
v  -13.1529 -2.6095 11.2986
v  -29.6907 -17.1152 2.6007
v  -29.8062 -17.4943 1.2795
v  -29.6563 -18.4054 3.2607
v  -29.3156 -17.9876 4.3989
v  -29.6686 -19.4362 1.2010
v  -29.7164 -19.7050 3.5338
v  -29.4255 -19.6683 5.2596
v  -30.0441 -20.6988 5.1970
v  -30.5350 -19.7439 3.2404
v  -31.2370 -19.1326 8.5506
v  -31.0780 -22.3209 8.9572
v  -30.3547 -24.0663 6.0535
v  -30.9865 -17.4940 3.0190
v  -30.4790 -19.5919 1.0684
v  -30.7855 -17.4787 0.4888
v  -30.4278 -19.7418 -1.1774
v  -30.6135 -18.2268 -1.3166
v  -31.9826 -15.9083 -0.4457
v  -31.6907 -15.6524 1.0548
v  -30.4240 -16.3247 -1.3929
v  -29.8814 -17.3660 -1.2884
v  -31.2915 -15.2884 2.8786
v  -28.1395 -18.2157 3.9711
v  -28.3406 -16.9131 2.4211
v  -28.4490 -16.2470 0.9643
v  -25.9765 -14.3343 -1.0173
v  -25.1294 -12.9868 -1.4684
v  -25.7760 -11.7282 -0.1317
v  -26.7433 -11.9910 0.7119
v  -24.8045 -11.0773 -1.9385
v  -25.8785 -10.1398 -0.4319
v  -27.2196 -10.0755 0.6882
v  -35.2551 -20.0996 -0.1218
v  -34.6718 -18.2722 1.3776
v  -34.3285 -18.3813 -0.4406
v  -34.4655 -18.9751 -2.2643
v  -36.8567 -19.9549 4.5499
v  -35.7532 -17.9760 4.9813
v  -34.8629 -20.2984 -4.7489
v  -35.6949 -21.4708 -3.8433
v  -36.7466 -23.1375 -3.1319
v  -36.8760 -22.1381 0.7488
v  -23.0441 -9.3143 -1.5632
v  -22.3294 -10.3063 -2.6006
v  -24.1463 -12.0777 -3.7092
v  -20.8126 -10.6653 -3.3932
v  -19.7390 -8.3683 0.1344
v  -22.4725 -10.7044 -5.4686
v  -21.1477 -10.3735 -5.3123
v  -30.1456 -15.7582 -3.5382
v  -30.7343 -14.9264 -2.9043
v  -28.5185 -15.7117 -0.7533
v  -28.5377 -15.4604 -1.9083
v  -27.6003 -15.5754 -3.5675
v  -29.5485 -19.3920 -1.1571
v  -28.9565 -24.5446 1.9027
v  -27.2527 -24.8026 0.3259
v  -28.4202 -23.8873 2.2125
v  -29.0024 -22.7465 4.8558
v  -28.9121 -26.1833 -0.0080
v  -29.0709 -26.7503 0.5262
v  -28.0413 -18.1741 1.4646
v  -28.1713 -17.2038 0.6525
v  -28.0581 -17.1433 -0.6267
v  -27.8662 -18.7863 -0.2528
v  -25.5851 -26.1821 -1.6653
v  -28.7607 -26.9903 -2.8803
v  -29.4660 -26.4088 3.4758
v  -27.9562 -19.8953 4.8423
v  -28.9176 -21.3624 5.9203
v  -28.0208 -21.4603 5.4472
v  -27.9573 -22.0924 3.9033
v  -27.9302 -20.6767 3.0493
v  -37.6922 -29.8348 5.8129
v  -36.9908 -30.0552 3.5350
v  -38.2024 -31.3807 5.7210
v  -39.2484 -30.5379 10.0981
v  -37.9508 -30.4877 12.3523
v  -39.3344 -27.8734 11.6472
v  -38.4281 -28.5962 5.6115
v  -37.3357 -31.8076 2.0313
v  -35.8577 -30.2292 -0.1154
v  -37.3680 -29.5077 2.7015
v  -36.4153 -29.5932 0.0022
v  -35.1450 -30.3893 -3.6450
v  -36.3663 -32.1668 -2.0262
v  -35.5587 -29.4945 -1.9683
v  -34.7718 -29.4095 -1.8495
v  -34.7917 -29.1514 -3.0723
v  -36.4529 -27.9193 -1.9359
v  -37.1338 -28.2070 -0.6056
v  -37.4232 -28.0130 -1.2150
v  -36.7785 -27.6557 -2.2026
v  -37.6040 -27.0992 1.8438
v  -38.6127 -26.7565 1.8489
v  -39.2717 -27.6546 -1.4379
v  -37.4576 -27.6560 1.9693
v  -38.1754 -25.0944 7.6858
v  -38.0629 -26.1730 5.5776
v  -37.0236 -25.2441 5.1570
v  -37.5397 -23.7993 8.7093
v  -39.7238 -25.4432 8.9077
v  -39.9068 -25.8571 5.6247
v  -38.5009 -23.1519 10.1239
v  -38.9680 -22.3382 8.1628
v  -38.2197 -22.0052 5.0587
v  -39.4120 -23.9575 5.2692
v  -40.0571 -24.0948 7.9540
v  -37.7859 -20.4190 8.1700
v  -36.9250 -21.3578 11.4003
v  -36.3348 -23.6913 10.7068
v  -37.3197 -24.7902 19.2022
v  -36.9814 -21.5529 19.0272
v  -36.9026 -17.6638 12.7804
v  -36.6599 -17.3693 9.0502
v  -37.2363 -17.7243 19.2429
v  -36.8098 -26.2724 5.3475
v  -37.8567 -27.5256 5.5768
v  -37.7443 -26.3024 11.4241
v  -30.9914 -13.8887 8.1376
v  -31.1021 -14.7041 5.0980
v  -30.6238 -12.5546 4.5469
v  -30.2003 -11.4501 7.4292
v  -30.5043 -10.5625 5.1214
v  -29.7246 -10.7854 4.0251
v  -28.8106 -9.5981 8.3299
v  -29.2441 -9.5512 12.6717
v  -30.3146 -11.5585 12.6940
v  -30.9120 -13.4775 12.9084
v  -30.7732 -3.8810 9.7731
v  -28.6352 -3.1171 10.7071
v  -28.9483 -2.7845 9.4981
v  -31.0949 -3.6346 10.2358
v  -29.1542 -3.0020 14.1708
v  -33.0545 -5.1146 9.3394
v  -31.5749 -2.0899 8.9275
v  -32.1878 -4.2396 6.1102
v  -35.2949 -7.4352 9.5994
v  -33.9933 -7.5490 4.9105
v  -35.4762 -9.8803 5.0289
v  -32.6420 -6.3595 3.8967
v  -30.8144 -1.0964 9.9546
v  -28.7400 -0.0127 9.2439
v  -29.9804 -1.2248 7.5057
v  -30.5837 -1.8141 11.7396
v  -29.1305 -2.4261 10.3803
v  -25.9067 -7.7959 2.2173
v  -25.4775 -6.6259 5.0641
v  -27.2274 -8.1481 5.4618
v  -27.6861 -9.1411 3.2194
v  -24.5807 -8.4110 0.1870
v  -28.1189 -10.5511 1.4905
v  -28.0497 -11.6806 0.1657
v  -29.4861 -9.8446 0.2037
v  -28.9621 -10.2583 -1.1951
v  -27.9832 -10.9710 -1.3994
v  -29.2019 -11.1352 -1.9910
v  -27.7260 -10.3362 -2.3267
v  -30.3430 -11.7765 -0.9972
v  -30.3339 -10.2664 1.6275
v  -30.8266 -3.8508 2.7057
v  -31.0817 -3.7956 -0.9669
v  -31.9185 -6.1415 -0.5277
v  -32.1027 -7.7956 -0.4728
v  -31.3946 -6.4418 1.6470
v  -32.8920 -7.6418 1.8606
v  -31.2132 -5.5401 3.3940
v  -33.1611 -8.9139 -0.0575
v  -30.5334 -11.8421 1.4523
v  -36.1129 -14.7583 2.2996
v  -35.6972 -12.7579 2.3460
v  -36.2743 -13.1260 0.8953
v  -37.3561 -14.6726 0.7593
v  -36.2809 -14.0172 -0.8270
v  -37.4102 -15.4514 -0.1676
v  -35.8094 -16.4197 1.5783
v  -30.7383 -13.4732 2.3779
v  -28.7604 -10.4306 3.9522
v  -35.8329 -15.9360 4.9959
v  -35.5135 -14.1474 4.9863
v  -30.1374 -13.3966 -2.0288
v  -30.8494 -13.9567 -0.1271
v  -35.9769 -18.0247 -0.5612
v  -35.8614 -18.9559 -2.7135
v  -32.9930 -10.9912 -5.8964
v  -32.4972 -9.2499 -4.5227
v  -34.6550 -11.0105 -5.3376
v  -34.6258 -11.9878 -5.8848
v  -35.4502 -10.2478 -6.5679
v  -36.2613 -11.5212 -6.9699
v  -32.3225 -8.1481 -5.3205
v  -35.0994 -11.2409 -8.3751
v  -36.1121 -13.2429 -7.9709
v  -34.0263 -13.0745 -7.2188
v  -33.5536 -11.8246 -4.0617
v  -33.4744 -12.7683 -5.2371
v  -33.9271 -13.4803 -5.1465
v  -34.2308 -12.6907 -3.3785
v  -32.9312 -11.2072 -4.9944
v  -32.9044 -12.5648 -6.2430
v  -33.2858 -13.6536 -6.7337
v  -32.8387 -9.7211 -3.0932
v  -33.3041 -9.4028 -8.4746
v  -28.5477 -2.5936 -1.5078
v  -30.6423 -6.6948 -6.0842
v  -31.1848 -8.3378 -9.3035
v  -25.6935 -15.8238 -3.6794
v  -27.1289 -13.8198 -1.6833
v  -24.6562 -14.1865 -3.7035
v  -24.3087 -16.5252 -6.1659
v  -23.7600 -14.9183 -5.8118
v  -26.0626 -17.3399 -5.0180
v  -25.0721 -17.3721 -7.2231
v  -26.9330 -17.2076 -3.4886
v  -29.4331 -15.3893 -4.4687
v  -27.7983 -14.5342 -4.6296
v  -27.8209 -17.0824 -2.1033
v  -27.1477 -12.6924 -2.9430
v  -27.9529 -11.8607 -3.9533
v  -28.7133 -13.3199 -4.7862
v  -32.8336 -12.1778 -7.0197
v  -32.5041 -13.7548 -8.3652
v  -31.6487 -14.1138 -10.4415
v  -33.2364 -14.0523 -9.4205
v  -32.1728 -14.1606 -11.0150
v  -33.2349 -15.1051 -9.0438
v  -34.0894 -14.7830 -6.7721
v  -32.0410 -14.7596 -10.7405
v  -34.4154 -16.6023 -8.7882
v  -35.1320 -16.1829 -6.4517
v  -33.5008 -15.2964 -11.1563
v  -32.5004 -14.8556 -11.7014
v  -34.2816 -16.7048 -10.9955
v  -34.7990 -14.4984 -9.3815
v  -34.8905 -12.8613 -10.1363
v  -33.1746 -11.1990 -10.8570
v  -33.7186 -13.7955 -13.5411
v  -34.4877 -16.4636 -12.4713
v  -35.2943 -19.4185 -12.9327
v  -35.5196 -18.7213 -10.6745
v  -35.3383 -18.5510 -8.9153
v  -35.6539 -19.5681 -5.2611
v  -36.1605 -17.8511 -5.8737
v  -35.0165 -20.8650 -9.1448
v  -36.1249 -20.6702 -10.7072
v  -35.7248 -21.6654 -12.9843
v  -35.1882 -23.2165 -12.3308
v  -35.1787 -22.0679 -8.2361
v  -35.0538 -24.0438 -11.6615
v  -30.1318 -18.6275 -4.7172
v  -30.1730 -19.7451 -4.6701
v  -29.6887 -19.4469 -7.2420
v  -29.4999 -18.7199 -7.2153
v  -29.3612 -18.3711 -4.6875
v  -29.0525 -19.0319 -7.0740
v  -31.7147 -25.1197 -20.1507
v  -31.2345 -28.2724 -20.9282
v  -31.5229 -27.6771 -19.5593
v  -31.8498 -25.4687 -18.3876
v  -33.9906 -23.3499 -16.0667
v  -34.0783 -21.8195 -16.5867
v  -33.1208 -19.6690 -16.7403
v  -30.9414 -22.8524 -20.6990
v  -34.9404 -26.4137 -13.8584
v  -33.6954 -27.7372 -15.1538
v  -34.3906 -28.1757 -14.2848
v  -35.2757 -27.5220 -13.0974
v  -34.2695 -29.4365 -14.0828
v  -35.3055 -28.7299 -12.4398
v  -33.2322 -29.6687 -16.0263
v  -35.0422 -26.2014 -4.7406
v  -35.9692 -26.7930 -3.2744
v  -36.2925 -28.1284 -4.4253
v  -35.5016 -27.7276 -5.8413
v  -34.5894 -27.1511 -4.3766
v  -35.3020 -27.3413 -3.0531
v  -36.7374 -29.1861 -4.4258
v  -35.2869 -29.3934 -6.4133
v  -36.1512 -29.6418 -3.6516
v  -35.6130 -29.4523 -4.7834
v  -35.2689 -29.6985 -3.3669
v  -35.5339 -30.8722 -6.2319
v  -35.9332 -32.3672 -5.7063
v  -38.0109 -29.3416 -5.7192
v  -35.9868 -29.6529 -6.8165
v  -36.9583 -29.6581 -4.6893
v  -34.9939 -30.1633 -8.4618
v  -34.2343 -30.5504 -10.1601
v  -35.0358 -28.0481 -5.0136
v  -34.9533 -29.1732 -2.7423
v  -37.2381 -29.1213 -0.4889
v  -36.6442 -28.8743 -2.2751
v  -35.8741 -28.5679 -3.5658
v  -33.6655 -31.5544 -15.8204
v  -32.6268 -31.5261 -18.3738
v  -33.1802 -33.1189 -17.7456
v  -32.4495 -26.5285 -16.5153
v  -31.8107 -29.3877 -18.9026
v  -33.4161 -26.7426 -15.7619
v  -33.9616 -24.6121 -15.1548
v  -34.4381 -25.5174 -14.5472
v  -30.9779 -30.7942 -20.7057
v  -21.2345 -20.5316 -13.9845
v  -20.5408 -18.6625 -14.2251
v  -22.4535 -19.3205 -11.3273
v  -24.4238 -19.3658 -10.5564
v  -26.1642 -23.0085 -4.0319
v  -25.3638 -24.7021 -6.8283
v  -25.1868 -23.3696 -7.7426
v  -26.4735 -21.2466 -5.2272
v  -25.2180 -22.1770 -8.4050
v  -26.3022 -20.4508 -7.1201
v  -26.5645 -18.6209 -6.0120
v  -27.0181 -18.9136 -4.2396
v  -27.4854 -20.6484 -2.1143
v  -27.3956 -22.1794 -1.3589
v  -26.1015 -19.7744 -8.7212
v  -25.5434 -19.3078 -10.2177
v  -25.2290 -17.9100 -10.1259
v  -26.1474 -18.1812 -8.3825
v  -24.2559 -18.2107 -11.7083
v  -24.3859 -17.3369 -9.3474
v  -29.4367 -19.6658 -4.5863
v  -29.2430 -19.8781 -7.1964
v  -23.1757 -17.9698 -10.8647
v  -22.0505 -16.3031 -11.2319
v  -22.9844 -16.4438 -8.3580
v  -19.6810 -15.8932 -9.1706
v  -21.0577 -15.4629 -8.9406
v  -20.9544 -15.5821 -11.5533
v  -19.6012 -16.3140 -12.4238
v  -19.8251 -16.2209 -14.2475
v  -20.4316 -17.6995 -14.5932
v  -20.1708 -14.8983 -13.9151
v  -18.6384 -18.3534 -14.1020
v  -18.2282 -15.9085 -12.3395
v  -18.4814 -15.2376 -9.0729
v  -22.5928 -13.4654 -7.3515
v  -23.5329 -12.7536 -5.7711
v  -22.7343 -14.9762 -7.1426
v  -22.2945 -11.4907 -6.9450
v  -22.1642 -13.0790 -7.2308
v  -21.3064 -11.6293 -6.3723
v  -20.9462 -14.6842 -7.4519
v  -21.1796 -13.6825 -6.4496
v  -21.2970 -13.1162 -6.2721
v  -15.9214 -11.3857 -10.1172
v  -13.0648 -10.9238 -9.2561
v  -13.0847 -9.3860 -4.2734
v  -17.5380 -13.2917 -7.8071
v  -17.3488 -13.3794 -11.0309
v  -18.1427 -13.4392 -6.1578
v  -20.1392 -13.3877 -5.4977
v  -20.8376 -12.2750 -5.4617
v  -19.9469 -15.0932 -7.2003
v  -20.8854 -15.8729 -14.3321
v  -20.0381 -17.0771 -15.9518
v  -20.2058 -15.9607 -15.9542
v  -19.2319 -16.3431 -15.6734
v  -18.3384 -14.9666 -7.4480
v  -17.6333 -17.6634 -15.5829
v  -22.0038 -24.0909 -34.0125
v  -24.2035 -21.0105 -30.2051
v  -27.1571 -18.4750 -26.4800
v  -23.5263 -12.6214 -27.6429
v  -18.1252 -8.7606 -27.0560
v  -19.3289 -15.5103 -15.6410
v  -8.2770 -7.8862 -3.8468
v  -7.4218 -6.1655 1.4694
v  -12.4978 -7.5525 0.7420
v  -10.3335 -10.4658 -9.1407
v  -8.6044 -8.3678 -10.3326
v  -6.0658 -6.0365 -6.3774
v  1.8691 -0.6670 -7.9244
v  7.0642 -2.2869 -8.1866
v  5.4179 -6.4143 -4.1084
v  0.2350 -6.0690 -4.8996
v  -5.9281 -3.1089 -7.2759
v  -7.7675 1.2262 -6.1218
v  -0.0179 3.4855 -8.6022
v  -9.1029 -5.5234 -11.6315
v  -11.7390 -2.9391 -12.4131
v  -16.5721 -1.0707 -12.4818
v  -13.6732 2.4466 -4.5777
v  -11.8413 4.3252 1.1173
v  -6.1837 5.5607 -1.2132
v  0.3558 6.7110 -6.8745
v  -29.1711 -12.7149 -3.2859
v  -28.2595 -4.3985 -8.6654
v  -28.8573 -6.6515 -11.5769
v  -27.9437 -6.7466 -14.2631
v  -27.0054 -5.6121 -15.4581
v  -28.0965 -6.4891 -15.7730
v  -26.1083 -9.8727 -20.9435
v  -28.7082 -8.7032 -16.9440
v  -21.3530 -5.8086 -20.1786
v  -22.7221 -2.7101 -12.0408
v  -28.8944 -8.0249 -14.8980
v  4.7189 -1.8720 17.2909
v  2.8339 -2.2850 24.4333
v  3.6169 2.2332 24.3123
v  4.3845 2.7091 13.8855
v  2.5003 -0.5700 13.3263
v  3.3031 3.6790 11.2236
v  -27.7615 -17.0112 -21.7404
v  -30.7638 -13.9495 -17.5167
v  -31.9865 -11.5217 -14.8307
v  -31.1348 -9.8834 -12.0425
v  -28.9241 -8.0038 -12.8868
v  -31.8431 -17.5892 -16.8309
v  -29.7357 -20.7219 -21.3036
v  -28.0646 -22.3957 -25.0496
v  -15.9321 -4.3460 -19.3343
v  -13.6759 -7.9487 -25.5456
v  -11.9296 -5.9352 -18.3546
v  -10.2553 -9.2128 -23.5866
v  -7.1201 -11.6785 -28.4172
v  -10.0698 -10.7107 -30.4611
v  -2.8438 -13.7540 -32.4585
v  -5.5103 -13.2586 -35.1554
v  -5.5145 -13.9021 -26.8412
v  -1.8751 -16.0893 -30.4154
v  -4.7825 -16.4365 -25.6817
v  -1.9510 -18.6786 -29.2662
v  -6.2897 -18.5578 -25.7393
v  -3.5132 -20.8336 -29.7414
v  -6.0911 -22.2585 -30.3896
v  -4.4797 -24.5154 -33.2579
v  -9.1344 -24.1933 -30.1877
v  -8.3208 -15.5637 -20.5004
v  -7.1226 -13.5836 -20.7896
v  -8.4523 -10.8528 -15.4724
v  -9.8029 -13.0436 -14.6258
v  -8.0902 -11.2106 -22.0389
v  -9.3905 -8.2861 -16.9271
v  -12.2184 -13.2921 -14.9096
v  -19.6559 1.1919 -3.4955
v  -24.8196 -0.7831 -2.4701
v  -17.4003 2.8992 1.9869
v  -16.2777 4.0242 4.7395
v  -29.7161 -14.3300 -4.3202
v  3.5486 -7.4567 -0.0159
v  -1.3490 -6.6465 -1.3295
v  -18.8808 -27.0076 -34.9500
v  -27.8499 -20.1685 0.2554
v  -27.9138 -21.4790 0.9135
v  -28.0425 -22.7864 1.6605
v  -27.3055 -23.6509 -0.5355
v  -25.8422 -24.6657 -2.7656
v  -25.4219 -28.3189 -4.8659
v  -25.4217 -26.4076 -5.7218
v  -25.4489 -29.3115 -8.2593
v  -25.1187 -28.0860 -8.9514
v  -24.4518 -30.7805 -10.6685
v  -24.3417 -29.6305 -11.5383
v  -23.7989 -32.4921 -12.7305
v  -23.8164 -30.9100 -13.4832
v  -23.2892 -29.8834 -16.0250
v  -27.9361 -19.3456 2.2813
v  -27.6410 -18.9178 -2.0966
v  -29.3664 -31.5784 -23.1708
v  -31.3910 -32.7375 -20.1501
v  -29.3923 -33.5883 -22.7813
v  -29.2265 -35.2362 -22.2405
v  -31.7315 -34.4946 -19.6361
v  -26.0795 -32.6242 -26.6397
v  -25.1979 -34.6998 -26.1933
v  -22.3155 -32.6281 -29.4077
v  -21.1838 -34.0140 -29.2188
v  -20.7964 -31.2419 -31.5090
v  -19.0959 -32.5008 -31.4489
v  -35.3752 -25.1169 -10.9892
v  -35.9298 -26.2975 -10.3944
v  -36.7228 -24.6346 -6.9369
v  -35.8953 -23.2244 -7.5767
v  -37.4505 -26.2241 -6.4485
v  -37.8938 -24.8296 -2.6636
v  -36.3502 -27.5329 -9.8607
v  -37.9930 -27.9167 -6.0792
v  -38.8068 -26.4313 -2.1041
v  -38.8672 -25.6189 1.6128
v  -38.1869 -23.9398 1.2844
v  -37.8209 -28.6799 2.3118
v  -36.3640 -34.1699 -5.3745
v  -37.4773 -33.9953 -0.8906
v  -37.8087 -36.0949 0.2056
v  -36.9705 -36.4836 -4.4799
v  -36.4581 -37.6617 0.4845
v  -32.4017 -38.3368 -13.4453
v  -31.0121 -38.5892 -15.5738
v  -29.3280 -38.3052 -18.2642
v  -27.5697 -38.7003 -20.6256
v  -36.8166 -17.3785 -3.4292
v  -35.8088 -15.6657 -4.1838
v  -37.2994 -16.6820 -1.6101
v  -36.2008 -14.9634 -2.3993
v  -35.0419 -13.6529 -2.9087
v  -34.7119 -14.3895 -4.7886
v  -35.1265 -12.6269 -1.1289
v  -34.2296 -11.4317 -1.5800
v  -35.1008 -11.7276 0.6864
v  -34.2059 -10.2971 0.3118
v  -33.4721 -10.4098 -2.2284
v  -35.1772 -11.0277 2.3263
v  -34.1763 -9.2047 2.2167
v  -35.3932 -12.1164 5.0730
v  -35.5005 -12.4024 9.3676
v  -35.9375 -10.3737 9.7756
v  -35.3643 -11.1186 14.4465
v  -35.1288 -8.9762 15.3061
v  -36.6119 -10.5654 20.6800
v  -36.0576 -14.0219 19.9657
v  -35.9133 -14.1549 26.4451
v  -35.7451 -11.6488 27.0778
v  -35.9414 -14.0415 13.7643
v  -36.4708 -14.4984 9.2929
v  -34.5125 -10.9728 33.0081
v  -34.8316 -10.6786 36.6192
v  -34.9886 -11.1858 39.6769
v  -34.5902 -9.7276 38.5971
v  -33.1056 -7.6032 38.8659
v  -31.3360 -6.1685 38.1075
v  -32.3388 -6.8897 37.3506
v  -30.7575 -5.6065 35.8674
v  -30.3014 -6.4621 38.4924
v  -29.7904 -5.8310 36.3139
v  -28.9662 -4.7061 33.8911
v  -30.1204 -4.4483 33.0067
v  -27.4368 -3.3412 30.6667
v  -29.3391 -6.1083 33.5157
v  -27.6687 -4.6863 30.3213
v  -25.0576 -2.7101 27.4018
v  -25.2128 -1.5639 28.1931
v  -21.3863 -0.6896 26.1249
v  -21.7701 0.3127 27.3322
v  -22.0793 1.2307 27.1945
v  -16.6830 2.1143 25.9185
v  -16.9265 2.9974 26.1376
v  -17.7464 3.1547 24.7906
v  -22.1896 1.1571 25.5276
v  -18.0387 2.7268 23.3728
v  -22.3897 1.0679 23.9401
v  -18.3055 2.3693 21.9429
v  -22.4918 0.9744 22.2432
v  -26.2195 -0.2820 22.4851
v  -28.9117 -2.0352 23.1075
v  -22.3768 0.7398 19.3308
v  -25.0432 -0.1617 18.9112
v  -21.7763 0.4174 15.6231
v  -23.7282 -0.7687 15.1614
v  -18.6583 1.9096 19.6792
v  -18.6004 1.4309 16.4952
v  -14.8966 4.0502 16.0854
v  -30.7937 -3.2610 23.5192
v  -12.7748 4.5426 22.0801
v  -12.1983 4.8722 22.9152
v  -12.4111 4.9107 24.6157
v  -6.3713 5.9304 22.3510
v  -12.3995 3.7517 24.1864
v  -7.0900 4.9511 21.9250
v  -12.6707 3.1069 22.8067
v  -8.1479 4.6839 20.6904
v  -13.0277 2.6159 21.5296
v  -9.1460 3.9509 19.3983
v  -13.5866 2.0320 20.0595
v  -10.3516 2.8026 17.7054
v  -14.4797 0.9444 17.8909
v  -12.1498 1.9307 15.7134
v  -15.5262 -0.4297 15.4170
v  -13.3734 0.0584 14.1001
v  -12.3132 -0.1152 13.0279
v  -11.7668 -0.6419 11.6077
v  -18.7623 -1.8165 16.6270
v  -17.8202 -1.0295 19.8231
v  -21.8257 -2.5903 21.1329
v  -22.2951 -3.4117 17.3221
v  -17.3956 -0.0769 22.0579
v  -21.4804 -2.0034 23.4156
v  -25.8444 -4.8739 22.2814
v  -17.2016 0.5416 23.3545
v  -21.3455 -1.4998 24.7846
v  -17.0023 1.1978 24.6609
v  -28.3753 -7.5237 18.2554
v  -25.8687 -5.4237 17.8816
v  -27.6901 -7.6151 12.4627
v  -25.5629 -5.7957 12.2827
v  -22.5877 -4.3091 12.2203
v  -25.3533 -5.9388 8.1993
v  -27.2647 -7.7246 8.3671
v  -28.6791 -9.8192 6.0136
v  -29.7699 -9.5524 18.4567
v  -30.5050 -11.5201 18.8128
v  -30.5165 -11.3764 24.3364
v  -30.5466 -11.3839 28.0906
v  -30.0951 -7.0851 36.0009
v  -30.7029 -7.6273 38.0887
v  -36.9283 -17.3310 26.2786
v  -35.7915 -17.3963 32.7253
v  -36.7222 -20.1719 32.6202
v  -36.6021 -19.8193 38.7262
v  -35.7499 -17.1487 38.5416
v  -37.2822 -21.0210 26.1177
v  -37.6709 -24.8867 26.5138
v  -37.5479 -24.0030 32.5452
v  -37.5032 -27.3778 32.6916
v  -37.8855 -27.0054 38.4327
v  -37.5293 -23.0967 38.7874
v  -39.0074 -27.2275 27.3243
v  -39.2875 -29.1011 27.3745
v  -37.8250 -29.3766 32.5873
v  -38.8702 -27.0152 19.4286
v  -39.7508 -29.1028 19.5717
v  -39.5263 -30.7407 19.3057
v  -38.5663 -30.3862 26.9635
v  -37.8331 -31.3423 26.8645
v  -37.8186 -31.7938 31.8895
v  -37.9458 -30.6254 32.3463
v  -37.8831 -31.0745 20.1420
v  -37.6544 -32.3824 20.5930
v  -36.7604 -31.6706 13.5754
v  -38.0563 -32.5152 36.7117
v  -38.3134 -30.8831 37.2234
v  -37.9574 -29.1351 37.8666
v  -36.9065 -25.8439 43.7928
v  -36.4824 -25.0376 47.6014
v  -36.4603 -26.6079 52.5667
v  -36.2050 -24.5079 52.0968
v  -36.2631 -26.4723 56.4018
v  -35.9675 -24.5623 56.2105
v  -35.3073 -22.7896 56.1916
v  -35.8616 -24.7428 58.9009
v  -35.2359 -23.0429 59.0851
v  -34.2592 -21.2722 56.1742
v  -34.2118 -21.5817 59.3403
v  -32.8334 -21.4573 59.3109
v  -32.8499 -21.0116 56.0809
v  -32.8994 -23.0129 58.9575
v  -32.8528 -22.5837 55.9072
v  -33.0156 -22.0671 51.0484
v  -33.3615 -24.3135 55.7485
v  -33.3951 -23.7581 51.0715
v  -33.7871 -23.8079 45.6937
v  -33.8340 -25.6587 51.0364
v  -34.1662 -25.7974 46.1068
v  -33.7181 -28.4640 50.6653
v  -33.9943 -27.8586 46.2841
v  -33.7166 -26.2819 55.6644
v  -33.5849 -28.8147 55.4200
v  -33.4182 -24.6947 58.6542
v  -33.6487 -26.5450 58.6374
v  -33.5785 -28.5520 58.8735
v  -33.6537 -26.5074 60.6319
v  -33.5706 -28.1701 60.9282
v  -33.6604 -29.6669 61.5067
v  -33.8727 -30.3839 59.4151
v  -34.4482 -30.8527 56.8009
v  -35.2030 -29.9610 59.5035
v  -34.8911 -29.7148 61.6525
v  -35.4857 -29.8579 56.9785
v  -35.8974 -28.3586 59.2930
v  -36.0613 -28.3225 56.7586
v  -36.1101 -26.5463 59.0032
v  -35.6742 -28.2796 61.3476
v  -35.9418 -26.5543 61.1412
v  -35.7475 -24.9242 61.1353
v  -35.1644 -23.3459 61.3441
v  -34.0969 -21.9712 61.6914
v  -32.8533 -22.0571 61.6356
v  -33.0259 -23.4288 61.1200
v  -33.4555 -24.9331 60.7159
v  -38.6342 -32.7617 41.5912
v  -34.9065 -15.4919 42.0825
v  -31.1274 -14.4021 0.9193
v  -31.4192 -3.5030 5.1097
v  -28.1639 -0.8126 5.7349
v  -31.5742 -15.4648 13.1358
v  -31.3888 -16.2608 8.2983
v  -31.2990 -17.2338 5.1852
v  -31.1978 -17.7661 13.5178
v  -31.2721 -20.3486 14.0365
v  -31.3882 -19.6702 20.4391
v  -31.8994 -22.1200 21.0316
v  -31.7617 -23.2163 14.8539
v  -32.1516 -26.7714 16.2336
v  -32.0560 -25.1217 21.9013
v  -32.4933 -28.4544 22.8853
v  -32.2554 -29.9703 17.1264
v  -32.7397 -27.5106 28.0315
v  -32.1406 -29.9721 28.5976
v  -32.2039 -31.0619 23.5420
v  -33.7235 -27.0257 32.6373
v  -32.1098 -28.9816 32.3845
v  -33.9762 -27.4250 36.8361
v  -32.8434 -28.5206 36.5116
v  -31.7362 -30.9587 36.3496
v  -32.1685 -33.7247 24.0414
v  -32.3092 -34.4226 18.6133
v  -32.1976 -32.1941 18.1269
v  -31.9178 -35.0005 13.5589
v  -32.0599 -37.1443 13.7973
v  -31.9091 -37.0679 9.7689
v  -31.5693 -35.3402 9.7194
v  -32.2654 -36.8795 18.8103
v  -31.9829 -39.6234 18.7672
v  -31.9222 -39.5825 13.6033
v  -32.4238 -36.4924 24.5106
v  -32.0058 -39.3444 24.4990
v  -31.9200 -42.6413 24.5385
v  -31.9432 -42.7237 18.4605
v  -31.9483 -42.6127 29.2420
v  -31.1567 -45.8005 29.2506
v  -31.1471 -46.1591 24.5094
v  -32.1480 -42.8385 33.0196
v  -31.0105 -45.5505 32.7346
v  -30.2742 -48.9240 32.3788
v  -30.4713 -49.4402 29.2270
v  -30.0377 -48.6678 34.6393
v  -29.7380 -48.9961 36.6949
v  -29.9252 -52.9148 23.6572
v  -30.6006 -49.6296 24.2044
v  -31.1632 -45.8684 17.8923
v  -31.3374 -44.9112 11.8173
v  -31.8834 -42.2693 12.8646
v  -31.3964 -43.6091 7.6815
v  -31.8206 -41.3931 8.8069
v  -31.9618 -39.1027 9.4854
v  -31.7466 -40.4930 6.0219
v  -31.9967 -38.5970 6.7303
v  -31.9559 -36.8430 7.0767
v  -32.0592 -37.9746 4.5531
v  -31.8758 -36.3944 4.8909
v  -31.4510 -34.8730 5.1430
v  -31.5158 -35.2957 7.1967
v  -31.0439 -33.3401 5.4522
v  -31.1057 -33.7828 7.3525
v  -30.5237 -33.7988 5.5671
v  -30.4798 -33.8302 7.5097
v  -30.6486 -35.8904 5.6356
v  -30.5303 -35.7942 7.8736
v  -30.8116 -38.3510 7.9654
v  -30.6142 -38.6443 10.3968
v  -30.3819 -41.4252 6.6304
v  -30.0559 -42.5987 8.5050
v  -29.2764 -43.8064 10.1316
v  -29.9281 -38.9307 12.5415
v  -27.2434 -43.5645 9.9111
v  -28.3205 -38.7321 12.2806
v  -27.5423 -42.0754 8.0241
v  -28.3437 -38.1273 9.9865
v  -27.9477 -40.6043 5.7924
v  -28.5078 -37.4427 6.9397
v  -28.8666 -34.6007 6.9391
v  -29.0361 -31.8564 6.0460
v  -28.5769 -36.8997 3.0796
v  -28.7149 -34.7828 3.0181
v  -28.6879 -32.6318 2.6434
v  -28.8491 -30.3303 1.9599
v  -29.1286 -28.7624 4.8709
v  -28.0821 -35.6036 -1.5905
v  -27.2190 -34.0442 -1.5158
v  -28.4911 -36.8161 -1.3884
v  -28.2527 -39.4305 2.6433
v  -28.3346 -38.9560 -1.3311
v  -27.9315 -42.2749 1.4796
v  -28.1439 -41.2836 -1.6160
v  -27.6263 -45.2161 0.2677
v  -27.8155 -43.7821 -2.1224
v  -28.0622 -43.0171 -5.3342
v  -27.7231 -45.9533 -3.0885
v  -27.8439 -44.6783 -6.0491
v  -28.0905 -43.0323 -8.3046
v  -27.0354 -43.1553 -9.7124
v  -27.5174 -47.7940 -0.7460
v  -27.3700 -49.8287 -1.6478
v  -28.1155 -51.5260 -2.3700
v  -27.4748 -46.5959 2.0355
v  -27.6426 -43.6825 3.6489
v  -27.4227 -45.0086 5.2306
v  -27.4558 -47.6710 3.3286
v  -27.3964 -46.4453 6.3693
v  -27.6234 -48.2458 4.2682
v  -28.9476 -46.6537 6.5578
v  -28.3738 -48.1180 4.3608
v  -29.6749 -45.2375 5.6431
v  -28.9346 -47.0918 3.5428
v  -28.8533 -28.3072 1.1811
v  -30.5171 -33.6074 3.7405
v  -30.7312 -35.6682 3.5856
v  -30.4993 -33.3025 2.0641
v  -30.8246 -35.2336 1.8715
v  -30.4968 -32.9756 0.4630
v  -30.8898 -34.7010 0.2341
v  -30.6131 -33.0263 -0.6806
v  -30.8865 -32.3016 -0.4941
v  -30.7604 -32.0649 0.5527
v  -30.8786 -32.4307 2.0718
v  -31.2670 -33.7226 1.7031
v  -30.9870 -32.8784 3.6867
v  -31.3730 -34.2823 3.3319
v  -31.7451 -35.7935 2.9734
v  -31.5682 -35.1845 1.2693
v  -31.9956 -37.3154 2.5425
v  -32.0615 -38.7789 2.0376
v  -31.8705 -39.6210 4.0314
v  -30.1168 -54.9237 23.5947
v  -29.1518 -56.3916 22.9720
v  -30.6391 -53.4403 16.0164
v  -30.2314 -54.5896 15.5514
v  -31.1293 -52.2744 10.3785
v  -30.8247 -51.2199 10.4212
v  -28.7294 -57.9002 22.2841
v  -29.6458 -58.5151 22.0279
v  -31.2208 -55.4896 15.3306
v  -28.1142 -59.6849 29.5308
v  -29.7104 -59.9224 29.2857
v  -31.1600 -59.3941 29.3260
v  -31.1695 -57.8258 22.4271
v  -28.9981 -60.1022 34.1635
v  -30.1773 -60.6404 34.2192
v  -31.4517 -60.0508 34.7460
v  -32.6705 -59.0681 35.3953
v  -32.6603 -58.6304 29.6010
v  -29.5815 -61.6563 38.1345
v  -30.9409 -60.7345 38.9809
v  -32.3342 -59.6484 39.9283
v  -33.8814 -57.6087 36.1543
v  -30.2237 -61.5182 42.8946
v  -31.8764 -60.2764 43.7221
v  -29.6637 -62.1259 47.0673
v  -31.4373 -60.7673 47.5071
v  -29.5935 -61.7795 51.6973
v  -31.0007 -60.5034 51.7419
v  -29.7379 -61.5203 56.7441
v  -30.8143 -60.3264 56.6919
v  -31.7783 -58.8365 56.6805
v  -32.7127 -56.8261 56.8099
v  -30.4215 -60.4633 62.4289
v  -31.4475 -59.0015 62.2483
v  -32.3016 -57.3050 62.1066
v  -31.2063 -58.5856 68.0460
v  -32.7995 -54.7930 61.9626
v  -33.2358 -51.9796 61.9180
v  -34.2825 -48.6540 67.1223
v  -34.4971 -49.7380 62.0898
v  -34.3347 -46.4034 66.9253
v  -34.7527 -47.4466 62.3349
v  -35.2437 -45.8943 56.4603
v  -35.1508 -42.9846 56.4981
v  -35.6780 -43.8976 50.3011
v  -35.7670 -47.0057 50.3959
v  -36.2300 -44.2059 44.4724
v  -36.2485 -47.4428 44.3953
v  -35.5928 -50.1620 44.1238
v  -36.7119 -46.6644 38.4184
v  -36.6738 -49.9033 38.1480
v  -35.6900 -53.1298 37.7952
v  -36.7854 -48.2885 31.6710
v  -36.1172 -51.9768 31.2327
v  -35.2008 -55.0252 30.6327
v  -34.9006 -55.7376 36.9198
v  -34.0329 -57.0943 30.0862
v  -35.5295 -53.6181 24.1404
v  -34.2319 -55.7761 23.5015
v  -32.8030 -57.1037 22.9347
v  -33.8489 -54.5880 16.4473
v  -34.8812 -53.4898 17.0830
v  -32.5531 -55.2108 15.8661
v  -33.0500 -52.7938 10.4193
v  -32.0171 -52.9476 10.2750
v  -32.0242 -52.5727 6.1125
v  -31.2350 -52.7076 6.6931
v  -30.7901 -52.1492 6.8512
v  -29.7995 -52.8307 5.7058
v  -30.1031 -53.4287 5.4912
v  -30.5515 -51.2344 6.6211
v  -30.2318 -53.3350 4.4139
v  -35.8748 -51.6699 17.7636
v  -36.4482 -50.5299 24.7846
v  -36.5000 -49.0791 18.5146
v  -36.2077 -47.7085 12.3255
v  -36.5283 -46.1936 19.2289
v  -36.2566 -45.1322 13.1242
v  -36.0534 -44.5709 7.4692
v  -36.0361 -47.2663 6.4336
v  -35.5263 -46.7120 1.7637
v  -36.0265 -43.0427 13.4961
v  -36.2450 -44.1350 19.7082
v  -37.2021 -42.9500 19.9345
v  -36.9589 -42.2032 13.6182
v  -36.3275 -44.8759 25.6204
v  -36.5726 -42.8554 26.0674
v  -36.5175 -45.4103 31.9818
v  -36.3190 -43.0007 32.3115
v  -37.4407 -41.0430 32.4360
v  -37.6035 -41.1761 38.7189
v  -36.6345 -43.7855 38.5899
v  -37.7510 -38.6677 38.7879
v  -37.6078 -38.9555 33.0120
v  -37.7990 -41.0014 44.5573
v  -37.7826 -38.2320 44.3403
v  -36.7795 -35.6856 44.0491
v  -36.7131 -37.8250 49.6959
v  -36.1924 -35.5191 49.4268
v  -35.6506 -33.9238 49.6930
v  -35.6880 -33.8493 43.8856
v  -36.0727 -35.9350 56.7081
v  -35.6421 -34.5205 56.8896
v  -34.9728 -33.0290 57.2176
v  -35.3838 -34.6897 63.2748
v  -34.7314 -33.2758 63.7113
v  -33.8097 -32.1288 64.1472
v  -34.1689 -31.7047 57.5128
v  -33.7794 -32.7010 68.0766
v  -32.6794 -32.5514 68.2905
v  -32.6250 -31.9979 64.5946
v  -32.4270 -33.7171 68.2563
v  -32.4164 -33.3611 64.8868
v  -32.5445 -34.8536 65.1007
v  -32.6762 -34.4674 60.4204
v  -32.7581 -36.4668 65.3286
v  -32.8268 -36.1106 61.0045
v  -32.8946 -36.0837 55.3827
v  -32.8743 -34.3482 55.4353
v  -33.1004 -34.4980 49.4715
v  -32.9179 -37.9161 61.6174
v  -32.5277 -37.9372 55.3933
v  -33.0752 -40.0439 55.3276
v  -34.0858 -40.2489 48.4353
v  -33.0489 -42.1721 55.2171
v  -32.1441 -44.4475 55.0737
v  -31.9953 -44.6112 62.9137
v  -32.0440 -47.6855 62.8563
v  -31.6331 -47.4975 55.1217
v  -31.4657 -44.7687 69.4063
v  -30.9468 -44.0605 75.1395
v  -31.2104 -46.1564 74.1291
v  -30.8069 -45.9919 78.4663
v  -31.1612 -47.9545 76.7122
v  -30.6538 -47.7493 80.2135
v  -31.0980 -49.2653 78.1576
v  -30.7779 -51.7143 75.7122
v  -30.2707 -52.7587 76.6683
v  -29.5094 -55.5562 73.9498
v  -29.7195 -54.1245 73.0702
v  -28.4802 -57.7718 69.5235
v  -29.3782 -56.0061 69.2811
v  -28.3391 -58.8961 63.1450
v  -29.2421 -57.2856 63.1810
v  -30.1636 -54.7832 63.0994
v  -29.2425 -57.6396 56.3121
v  -30.3090 -55.1740 55.9455
v  -31.3299 -51.7020 55.5010
v  -31.1738 -51.4393 62.9437
v  -29.9470 -54.9719 50.2320
v  -31.5270 -51.5463 49.3867
v  -28.7893 -57.4876 50.7093
v  -28.2117 -59.4307 51.0672
v  -28.6774 -59.1980 46.5541
v  -28.5183 -59.2062 56.5159
v  -27.9028 -60.5051 56.6479
v  -27.4359 -60.8058 51.3547
v  -27.6145 -60.2335 63.0769
v  -26.9361 -61.5833 63.0229
v  -27.2412 -61.8054 56.7504
v  -27.7277 -59.1357 69.6718
v  -27.0347 -60.5515 69.8373
v  -26.7492 -61.9635 70.0801
v  -26.8219 -62.9411 62.9916
v  -28.8250 -56.6024 74.6409
v  -28.0409 -57.6791 75.3295
v  -27.4373 -58.7542 75.9786
v  -28.7925 -59.0024 75.7252
v  -28.1556 -61.9500 69.8056
v  -29.2629 -54.7820 78.0472
v  -28.7923 -55.5613 78.7390
v  -29.7907 -53.8012 77.3167
v  -29.9377 -58.2006 74.7798
v  -29.3253 -60.9757 69.1981
v  -29.3654 -61.6620 62.6269
v  -28.1726 -62.6968 62.8404
v  -28.5770 -62.5106 56.7942
v  -27.3213 -62.9387 56.7985
v  -28.2376 -62.9048 51.8271
v  -26.7484 -63.4129 52.0671
v  -26.5292 -62.2004 51.7450
v  -26.4889 -63.9551 46.4577
v  -26.5137 -62.4796 46.4221
v  -27.6205 -60.8732 46.4932
v  -27.4696 -61.2339 41.7874
v  -28.4552 -59.7359 42.2244
v  -29.2242 -57.9331 42.5874
v  -29.1831 -58.4991 38.5027
v  -28.4330 -59.9031 38.0446
v  -28.2958 -61.4059 37.7098
v  -27.4641 -62.7094 41.5966
v  -28.7815 -62.6924 42.1090
v  -28.1194 -63.4071 46.7529
v  -30.3259 -59.8544 68.5638
v  -30.7162 -57.2877 73.8214
v  -31.2782 -56.3348 72.7756
v  -32.1239 -53.2040 75.3643
v  -32.3571 -50.6147 76.6848
v  -33.1966 -49.2149 74.5024
v  -32.5781 -48.3818 77.8312
v  -33.3909 -46.8923 75.2350
v  -33.9250 -46.0099 70.8948
v  -33.8937 -48.3547 70.9177
v  -33.0287 -44.7435 75.6486
v  -32.4424 -46.4198 78.9832
v  -31.5945 -44.9773 79.6579
v  -32.1099 -43.0548 75.8095
v  -31.6148 -48.2061 80.6077
v  -31.0469 -47.2228 81.4545
v  -32.8793 -38.1912 65.7138
v  -32.8074 -33.0650 71.0989
v  -32.4818 -34.1184 70.9459
v  -33.2541 -34.0662 73.4509
v  -32.5566 -34.8966 73.1569
v  -34.2456 -34.8667 72.7146
v  -33.8782 -33.4738 70.7160
v  -35.1350 -37.5303 72.0045
v  -34.8324 -39.1044 72.6036
v  -35.5071 -38.4095 69.5476
v  -35.7476 -38.6102 66.5884
v  -35.9012 -36.4087 63.0244
v  -35.9692 -38.3213 62.9805
v  -36.2646 -37.7762 56.5075
v  -35.9716 -40.1754 56.5042
v  -36.5844 -40.4996 50.1504
v  -33.5568 -39.7873 72.8073
v  -32.9981 -38.6213 71.9016
v  -36.6469 -47.0569 25.2736
v  -30.0219 -10.4518 5.9947
v  -18.4638 -7.1244 3.0280
v  -6.9072 -1.1995 10.1529
v  6.4424 -8.7202 1.7029
v  -32.1310 -15.6398 45.4582
v  -31.3063 -13.9073 41.8825
v  -31.4907 -14.1025 45.7134
v  -33.0028 -17.1988 45.4488
v  -31.6022 -14.0890 36.8400
v  -31.9639 -14.4656 48.4572
v  -32.5391 -13.3827 48.7018
v  -31.7842 -12.7520 45.8515
v  -33.0014 -13.3798 45.4771
v  -33.7132 -14.0944 48.2695
v  -37.9204 -37.9276 11.4553
v  -34.9152 -30.7886 36.9406
v  -35.4964 -18.1030 50.4150
v  -32.4556 -52.0592 39.5356
v  -32.1768 -53.2111 34.0308
v  -31.7960 -53.6108 35.8818
v  -34.5234 -47.3166 32.7141
v  -34.6248 -47.6221 33.2980
v  -34.5972 -47.4139 32.4658
v  -34.5644 -47.3795 33.1264
v  -34.5149 -47.3118 32.5815
v  -34.6479 -47.3600 33.7173
v  -34.4928 -47.2847 32.9412
v  -34.3955 -46.9098 33.4267
v  -34.3965 -47.1100 32.8563
v  -34.3873 -46.9102 33.4360
v  -34.5287 -47.1717 33.6489
v  -34.5415 -47.1773 33.6612
v  -34.6923 -47.1111 33.3195
v  -34.4100 -47.1377 32.8566
v  -34.3422 -46.9098 33.4926
v  -34.4945 -47.2792 32.7327
v  -34.3764 -46.8856 33.3856
v  -34.4195 -46.8306 33.4518
v  -34.4748 -46.8408 33.4611
v  -34.5797 -46.9459 32.7936
v  -34.4799 -46.7780 33.2659
v  -34.4428 -46.6700 32.8050
v  -34.4041 -46.6523 32.4918
v  -34.2742 -47.0249 32.2701
v  -26.0963 -39.4301 -9.4914
v  -25.9077 -40.6235 -10.6409
v  -26.0570 -38.8755 -12.2714
v  -25.6483 -41.6172 -11.6868
v  -25.7477 -39.9370 -13.3205
v  -26.0191 -37.6055 -13.9427
v  -25.8240 -36.7811 -15.9060
v  -25.1758 -36.3600 -17.8092
v  -25.2159 -42.4382 -12.7968
v  -25.3047 -40.8409 -14.3606
v  -24.7009 -43.2223 -13.9301
v  -24.3517 -45.5178 -12.4173
v  -24.1633 -46.5265 -13.5563
v  -24.0810 -47.7007 -11.1849
v  -24.2767 -48.7341 -12.2663
v  -23.8515 -49.4230 -10.0383
v  -24.2079 -50.2133 -11.0555
v  -24.0850 -50.9269 -10.0353
v  -23.9337 -50.6710 -8.9972
v  -30.7662 -46.7301 0.9208
v  -30.2800 -47.8856 -0.1629
v  -30.2797 -46.7445 -1.6805
v  -30.2231 -49.0121 1.3716
v  -29.0789 -49.2285 0.7230
v  -29.0525 -48.0220 -0.5817
v  -31.8382 -48.6246 -4.4297
v  -20.7276 -39.3620 -20.5797
v  -20.7692 -38.1137 -19.5507
v  -20.8724 -38.9808 -17.7036
v  -21.3135 -40.0379 -21.6089
v  -20.2093 -34.0838 -22.0115
v  -19.1994 -37.6622 -27.4583
v  -19.6051 -39.1009 -26.6958
v  -21.7328 -25.8395 -18.6759
v  -22.6560 -25.7490 -17.9435
v  -21.5007 -25.6020 -17.9484
v  -20.2075 -25.6217 -18.8745
v  -20.6593 -25.7550 -19.9061
v  -19.0512 -24.8906 -20.5181
v  -16.8841 -21.9753 -22.4918
v  -27.7254 -32.4327 -14.9646
v  -2.7021 6.3456 19.3450
v  -22.7149 -1.1631 12.6897
v  -27.4151 -32.1442 -14.3190
v  -27.3245 -32.6129 -13.9559
v  -1.0623 3.5081 14.0599
v  -24.8038 -29.1461 -23.7990
v  -24.5346 -28.9528 -24.1040
v  -24.3982 -29.0691 -24.2381
v  -24.5156 -29.6317 -23.9723
v  -24.3339 -29.1844 -23.6091
v  -24.3662 -28.9431 -24.0485
v  -27.0607 -29.9999 -18.7799
v  -26.5878 -30.4166 -18.8609
v  -26.2941 -30.1398 -19.2518
v  -26.7745 -29.4735 -19.0712
v  -26.6544 -30.7307 -19.6203
v  -26.8621 -30.7852 -19.1609
v  -27.1168 -30.0977 -19.5597
v  -27.1766 -30.3544 -19.1534
v  -26.8814 -29.8104 -20.3046
v  -26.2921 -30.5897 -20.2706
v  -26.4957 -29.0221 -19.8401
v  -26.1486 -28.8164 -20.7867
v  -26.4604 -29.6557 -21.1295
v  -25.9552 -29.8186 -19.8972
v  -25.6459 -29.5966 -20.7432
v  -25.5872 -28.6779 -21.7371
v  -25.2528 -29.5038 -21.6956
v  -25.9453 -30.4441 -21.0597
v  -25.4966 -30.3157 -21.9665
v  -24.7774 -29.4051 -22.6640
v  -24.9968 -30.1299 -22.9701
v  -25.8908 -29.5252 -22.0220
v  -25.3115 -29.4377 -22.9769
v  -25.0542 -28.7081 -22.7343
v  -24.5778 -28.8006 -23.5659
v  -24.4518 -28.8032 -23.9910
v  -27.5932 -32.8263 -14.3598
v  -27.5805 -32.8184 -14.2826
v  -27.6135 -32.8203 -14.2838
v  -27.6973 -32.7961 -13.9716
v  -27.6143 -32.8124 -13.8692
v  -27.7224 -32.7889 -13.8783
v  -27.7432 -32.7829 -13.8011
v  -27.5998 -32.8185 -13.7210
v  -27.5224 -32.8419 -14.0537
v  -27.4842 -32.8588 -13.9068
v  -27.4452 -32.8750 -13.7546
v  -27.6146 -32.8166 -13.5507
v  -27.8174 -32.7613 -13.5243
v  -27.5890 -32.5894 -13.3355
v  -27.5599 -32.5145 -13.5011
v  -27.5283 -32.6049 -13.5030
v  -27.5772 -32.6826 -13.2803
v  -27.5431 -32.8118 -13.2522
v  -27.4889 -32.7179 -13.5053
v  -27.4744 -32.7597 -13.5062
v  -27.5296 -32.8565 -13.2468
v  -27.5889 -32.9602 -12.9693
v  -27.6065 -32.8583 -13.0145
v  -27.6444 -32.6392 -13.1117
v  -27.6525 -32.5928 -13.1324
v  -27.5904 -32.5498 -13.3262
v  -27.6313 -32.7151 -13.0781
v  -27.5595 -32.7524 -13.2639
v  -27.6182 -32.7910 -13.0443
v  -27.5091 -32.6600 -13.5041
v  -34.6881 -37.5300 -9.3969
v  -34.4246 -37.6403 -9.9431
v  -34.3617 -37.6030 -9.9150
v  -34.1338 -37.7362 -10.4795
v  -34.0355 -37.6759 -10.4328
v  -33.8438 -37.8318 -11.0147
v  -33.7323 -37.7561 -10.9644
v  -33.4597 -37.8453 -11.5115
v  -33.5566 -37.9238 -11.5523
v  -33.1878 -37.9346 -12.0576
v  -33.2840 -37.9973 -12.1001
v  -33.0137 -38.0700 -12.6431
v  -32.8974 -38.0250 -12.5877
v  -32.6390 -38.1075 -13.1339
v  -32.6041 -38.1152 -13.1102
v  -32.1914 -38.1139 -13.5632
v  -32.3001 -38.1973 -13.6217
v  -31.9686 -38.2638 -14.1180
v  -31.7403 -38.1206 -13.9958
v  -31.4781 -38.2674 -14.5088
v  -31.6398 -38.3296 -14.6102
v  -31.5628 -38.3709 -14.7404
v  -34.4105 -47.1659 33.2749
v  -34.4965 -47.2226 33.3517
v  -34.5127 -47.2242 33.2283
v  -34.4441 -47.1955 33.1729
v  -34.5613 -47.1966 33.3364
v  -34.5829 -47.2909 33.4351
v  -34.5560 -47.1328 33.2080
v  -34.5185 -47.2254 33.1093
v  -34.5043 -47.2331 33.1369
v  -34.5338 -47.1610 33.2689
v  -34.5993 -47.1263 33.1828
v  -34.5352 -47.2171 33.0822
v  -34.6012 -47.0563 33.2737
v  -34.5859 -47.0737 33.3375
v  -34.6168 -47.0525 33.2478
v  -34.6415 -47.1520 33.1897
v  -34.6433 -47.0735 33.2794
v  -34.5957 -47.1946 33.0339
v  -34.5670 -47.2053 33.0568
v  -34.7072 -47.1784 33.2094
v  -34.6724 -47.0962 33.3141
v  -34.6592 -47.1386 33.1045
v  -34.6307 -47.1816 33.0061
v  -34.6674 -47.2303 32.5482
v  -34.6813 -47.2542 32.8911
v  -34.6855 -47.2613 32.9941
v  -34.5905 -47.1324 33.4308
v  -34.6181 -47.2361 33.5539
v  -34.5428 -47.2756 33.5769
v  -34.6533 -47.3682 33.7108
v  -34.4534 -47.2006 33.4686
v  -34.3769 -47.1365 33.3760
v  -34.4935 -47.2618 32.8452
v  -34.5159 -47.2871 32.8462
v  -34.5211 -47.2773 32.9061
v  -34.4949 -47.2544 32.9035
v  -34.4909 -47.2763 32.7304
v  -34.4600 -47.2096 33.1249
v  -33.1237 -47.7719 45.9997
v  -33.0796 -47.9130 45.9093
v  -33.0751 -48.0640 46.0771
v  -33.0886 -47.9602 46.3063
v  -33.0609 -48.1698 45.7794
v  -33.0710 -47.9307 45.6522
v  -33.1675 -47.5654 45.7083
v  -33.0530 -48.3580 45.8796
v  -33.0785 -48.2238 46.3164
v  -33.1082 -48.0680 46.8234
v  -3.0022 1.1796 12.5607
v  -3.0047 1.2272 12.5928
v  -3.0617 1.2421 12.5628
v  -3.0602 1.1815 12.5397
v  -2.9813 1.2068 12.5196
v  -3.0013 1.2669 12.5394
v  -3.0462 1.3109 12.5508
v  -2.9373 1.0877 12.4099
v  -2.9407 1.0777 12.4528
v  -2.9740 1.0645 12.4389
v  -2.9454 1.0432 12.3924
v  -2.9923 1.0925 12.4911
v  -2.9535 1.1179 12.4752
v  -2.9457 1.1398 12.4281
v  -3.1009 1.2626 12.5242
v  -3.1106 1.3207 12.5515
v  -3.0665 1.3344 12.4870
v  -3.1004 1.2904 12.4683
v  -3.0213 1.3747 12.5020
v  -2.9913 1.0664 12.3291
v  -2.9577 1.0570 12.3049
v  -2.9500 1.0164 12.3313
v  -2.9784 1.0375 12.3652
v  -2.9325 1.0532 12.3459
v  -2.9241 1.0694 12.3079
v  -2.9431 1.1097 12.3241
v  -2.9340 1.1023 12.3622
v  -2.9734 1.1034 12.3064
v  -2.9980 1.1460 12.3288
v  -3.0059 1.0954 12.2985
v  -3.0292 1.1250 12.3291
v  -3.0254 1.0920 12.3700
v  -3.0555 1.2798 12.4150
v  -3.0913 1.2542 12.3891
v  -3.0907 1.2312 12.4380
v  -3.0549 1.2211 12.3712
v  -3.0189 1.2353 12.3928
v  -3.0774 1.1906 12.3981
v  -2.9980 1.3056 12.4834
v  -3.0206 1.3064 12.4441
v  -2.9850 1.2560 12.4173
v  -2.9756 1.2389 12.4654
v  -2.9509 1.2030 12.4020
v  -2.9589 1.1847 12.4471
v  -2.9674 1.1612 12.4980
v  -2.9995 1.1346 12.5287
v  -3.0499 1.1359 12.5031
v  -3.0305 1.0975 12.4588
v  -3.0102 1.0626 12.4120
v  -3.0773 1.1589 12.4507
v  -3.0595 1.1181 12.4092
v  -3.0533 1.1578 12.3637
v  -3.0261 1.1843 12.3507
v  -2.9856 1.1963 12.3721
v  -2.9617 1.1556 12.3492
v  -2.9422 1.1546 12.3810
v  -3.0895 1.2033 12.4911
v  -3.0852 0.9351 11.1148
v  -3.1610 0.9145 11.1712
v  -3.0419 0.9459 11.2149
v  -2.9458 0.9720 11.1471
v  -3.0003 0.9582 11.0517
v  -2.9080 0.9824 11.0967
v  -2.9380 0.9751 11.0052
v  -3.0389 0.9469 11.1708
v  -2.9683 0.9669 11.0277
v  -2.9120 0.9814 11.0931
v  -0.3304 3.8021 12.1645
v  -0.3468 3.7898 12.2019
v  -0.2953 3.8327 12.1321
v  -0.3287 3.7951 12.1434
v  -0.3449 3.7970 12.1557
v  0.1786 4.0773 9.8488
v  0.2210 4.2218 9.7333
v  0.2002 4.1000 9.6669
v  0.1562 3.9821 9.8055
v  0.1766 4.1313 10.1335
v  0.1391 4.0047 10.2114
v  0.1401 4.2448 10.2499
v  0.0707 4.1929 10.5183
v  0.0413 4.3514 10.6107
v  0.0535 4.3908 10.5057
v  0.1093 4.2750 10.4301
v  0.1568 4.3759 10.3218
# 2548 vertices

vn 0.9550 -0.0612 0.2901
vn 0.9810 0.0851 -0.1744
vn 0.6966 0.7126 0.0830
vn 0.6320 0.2651 0.7282
vn 0.2463 -0.3770 0.8929
vn 0.6665 -0.6724 0.3219
vn 0.7939 -0.5635 -0.2283
vn 0.9843 -0.1761 -0.0101
vn 0.9920 -0.1226 -0.0309
vn 0.8879 0.2629 -0.3776
vn 0.7914 0.5895 -0.1618
vn 0.6906 0.7050 -0.1615
vn 0.9847 0.0131 -0.1738
vn 0.7038 -0.0619 -0.7077
vn 0.5289 0.6299 -0.5688
vn 0.6433 0.5687 -0.5126
vn 0.1928 0.7933 -0.5775
vn 0.3137 0.7917 -0.5242
vn 0.3727 0.8039 -0.4635
vn 0.4824 0.8577 -0.1782
vn 0.6925 0.7214 0.0033
vn 0.7976 0.5743 -0.1845
vn 0.2189 0.7785 -0.5883
vn 0.2569 0.8314 -0.4927
vn 0.8049 0.4589 -0.3762
vn 0.8273 -0.5614 0.0217
vn 0.7046 -0.6461 0.2933
vn 0.5800 -0.7386 0.3436
vn 0.9156 -0.2269 0.3320
vn 0.6142 0.4123 -0.6729
vn 0.2726 0.7580 -0.5926
vn 0.7330 0.2614 -0.6280
vn 0.6718 -0.5458 0.5008
vn 0.5872 -0.4936 0.6415
vn 0.7504 -0.4393 0.4939
vn 0.7059 -0.5787 0.4084
vn 0.8069 -0.4503 0.3822
vn 0.5120 -0.8107 0.2840
vn 0.8147 -0.5065 0.2824
vn 0.6640 -0.7116 0.2296
vn 0.6938 -0.6877 0.2138
vn 0.2382 0.7826 -0.5752
vn 0.1508 0.7808 -0.6063
vn 0.7587 0.3119 -0.5719
vn 0.0883 0.9586 -0.2707
vn 0.1971 0.9796 -0.0404
vn -0.0306 0.8880 -0.4588
vn 0.2505 0.5077 0.8243
vn 0.2510 0.8763 0.4112
vn -0.2807 0.6982 0.6586
vn -0.0999 0.1665 0.9810
vn 0.8992 -0.3975 0.1829
vn 0.8270 -0.3443 0.4444
vn 0.8263 -0.3446 0.4455
vn 0.7375 -0.6669 0.1064
vn 0.8558 -0.3732 0.3582
vn 0.8509 -0.3858 0.3565
vn 0.8539 -0.3958 0.3379
vn 0.8164 -0.4553 0.3552
vn 0.7225 -0.6404 0.2607
vn 0.7234 -0.6839 -0.0942
vn 0.8052 -0.4478 -0.3888
vn -0.6654 0.6795 0.3092
vn -0.3149 0.9305 0.1873
vn -0.3427 0.9217 -0.1815
vn -0.6663 0.7457 0.0090
vn -0.4106 0.8407 -0.3529
vn -0.6917 0.7122 -0.1196
vn -0.7352 0.6027 0.3102
vn 0.7115 -0.7027 0.0011
vn 0.7185 -0.6346 -0.2846
vn 0.7220 -0.5278 -0.4474
vn 0.6844 -0.5519 0.4764
vn 0.7927 -0.3581 0.4933
vn 0.8366 -0.1306 0.5320
vn 0.8013 0.0758 -0.5934
vn 0.2633 -0.4640 0.8458
vn 0.7519 -0.5240 0.4000
vn -0.1342 -0.1398 -0.9810
vn 0.8514 -0.4642 -0.2444
vn 0.6663 -0.4612 0.5860
vn 0.2373 -0.4113 0.8801
vn 0.9722 -0.0111 0.2340
vn 0.8398 -0.0996 0.5337
vn 0.8651 -0.4259 0.2649
vn 0.7936 -0.5833 0.1728
vn 0.7242 -0.4632 0.5108
vn 0.5964 -0.4014 0.6952
vn 0.9345 0.0534 -0.3518
vn 0.8424 0.2729 -0.4647
vn 0.4441 -0.6723 0.5923
vn 0.9274 -0.2046 -0.3133
vn 0.4517 0.4023 -0.7963
vn 0.5842 -0.6300 0.5116
vn 0.4575 -0.7911 0.4060
vn 0.4111 -0.6719 0.6161
vn 0.4562 -0.6132 0.6449
vn 0.3980 -0.5579 0.7283
vn 0.4826 -0.4598 0.7454
vn 0.6030 -0.3125 0.7340
vn 0.7109 -0.5741 0.4063
vn 0.7223 -0.5190 0.4571
vn 0.6589 -0.7254 0.1991
vn 0.6506 -0.6468 0.3979
vn 0.4781 -0.7590 0.4420
vn 0.6171 0.3280 -0.7152
vn 0.9638 -0.1513 0.2196
vn 0.9652 0.0002 0.2616
vn 0.8828 0.1354 -0.4497
vn 0.4933 -0.4477 0.7458
vn 0.5955 -0.5010 0.6280
vn 0.7113 -0.5112 0.4825
vn 0.5576 -0.2017 0.8053
vn 0.5344 -0.2578 0.8050
vn 0.6825 -0.5477 -0.4840
vn 0.3593 -0.8613 0.3593
vn 0.1901 -0.9596 0.2075
vn 0.6139 -0.2049 0.7623
vn 0.6001 -0.1662 0.7824
vn 0.6454 -0.4003 0.6506
vn -0.3629 0.6419 -0.6755
vn -0.3978 0.6659 -0.6312
vn -0.3812 0.6354 -0.6715
vn -0.2950 0.6106 -0.7349
vn -0.2585 0.5865 -0.7676
vn -0.4166 0.5844 -0.6963
vn -0.1304 0.6599 -0.7400
vn -0.1687 0.6888 -0.7051
vn -0.5293 0.5940 -0.6058
vn -0.3344 0.6532 -0.6793
vn -0.0564 0.7451 -0.6645
vn -0.4436 0.5757 -0.6869
vn -0.5601 0.5399 -0.6283
vn -0.4526 0.6130 -0.6476
vn 0.9052 -0.3341 -0.2627
vn 0.1432 -0.0120 -0.9896
vn -0.0209 0.5457 -0.8377
vn 0.9882 -0.1525 0.0162
vn -0.7381 0.2819 -0.6130
vn -0.3941 -0.7320 -0.5557
vn 0.1555 0.3734 -0.9145
vn 0.8661 -0.3348 -0.3712
vn -0.6448 0.4171 -0.6405
vn -0.7211 0.4495 -0.5272
vn -0.7566 0.1089 -0.6448
vn -0.2522 -0.9672 -0.0299
vn 0.5943 -0.6118 0.5220
vn 0.5510 -0.8055 0.2180
vn -0.5119 0.4890 -0.7062
vn -0.6512 0.2640 -0.7115
vn -0.3921 0.2185 -0.8936
vn 0.1183 0.5326 -0.8381
vn -0.7766 0.2240 -0.5888
vn -0.3871 -0.1753 -0.9052
vn -0.2893 0.3166 -0.9034
vn -0.2565 0.1383 -0.9566
vn 0.1799 -0.0264 -0.9833
vn 0.2656 0.1383 -0.9541
vn -0.4727 0.3064 -0.8262
vn -0.0659 0.1781 -0.9818
vn 0.6185 0.2804 -0.7341
vn -0.1368 0.7722 -0.6205
vn 0.1238 0.5099 -0.8513
vn 0.0062 -0.1100 -0.9939
vn -0.6807 0.5151 -0.5209
vn -0.4906 0.5167 -0.7017
vn -0.4789 0.4186 -0.7716
vn 0.0206 -0.5460 -0.8375
vn 0.6828 -0.0779 -0.7264
vn 0.4543 -0.0488 0.8895
vn 0.3189 -0.7898 0.5240
vn 0.6820 -0.6931 0.2336
vn 0.2147 -0.3477 -0.9127
vn 0.4928 -0.5126 0.7031
vn 0.2434 0.8835 -0.4003
vn 0.9369 0.3118 0.1580
vn 0.5355 -0.5299 0.6577
vn 0.8864 0.3539 0.2984
vn 0.6253 0.7741 -0.0984
vn -0.6075 0.6373 -0.4741
vn -0.9994 -0.0195 0.0299
vn -0.3366 -0.8031 0.4916
vn 0.6687 -0.0158 0.7433
vn 0.0429 -0.8279 -0.5593
vn 0.9062 -0.4017 0.1323
vn -0.8673 0.0611 -0.4941
vn 0.8358 -0.5487 -0.0168
vn 0.6782 -0.7249 -0.1210
vn 0.6446 -0.7003 0.3067
vn 0.4637 -0.3192 0.8265
vn -0.6718 -0.7407 -0.0041
vn -0.6278 -0.1315 -0.7672
vn -0.6198 -0.1848 -0.7627
vn -0.3497 -0.9357 -0.0472
vn -0.5752 -0.4883 -0.6563
vn -0.0462 0.3603 -0.9317
vn 0.8029 -0.5202 0.2910
vn -0.8702 -0.4664 -0.1587
vn 0.4704 -0.8590 -0.2020
vn -0.4255 0.1867 -0.8855
vn 0.5907 -0.2078 -0.7797
vn 0.8621 -0.0454 -0.5047
vn 0.7450 -0.5572 -0.3668
vn 0.4270 0.4262 -0.7975
vn -0.3573 0.4941 -0.7926
vn -0.4856 0.5101 -0.7099
vn -0.6377 0.4606 -0.6174
vn -0.1450 0.6101 -0.7790
vn -0.1688 -0.1723 -0.9705
vn 0.7402 -0.3386 -0.5809
vn 0.6189 -0.7683 0.1634
vn -0.1054 -0.9106 -0.3996
vn 0.8006 -0.3119 0.5117
vn 0.9026 -0.1267 -0.4114
vn 0.0158 -0.2462 -0.9691
vn 0.1927 -0.7830 0.5915
vn -0.5054 -0.7369 -0.4489
vn -0.6173 -0.5553 -0.5573
vn 0.1767 0.5953 -0.7839
vn 0.1399 0.6834 -0.7165
vn 0.7377 0.3756 -0.5610
vn 0.0831 0.6669 -0.7405
vn -0.1316 -0.9191 0.3713
vn 0.8698 0.3262 -0.3702
vn 0.9995 0.0220 0.0236
vn 0.8573 -0.4692 -0.2117
vn 0.9152 -0.3474 0.2045
vn 0.8339 0.5348 -0.1361
vn 0.5034 0.6888 -0.5217
vn 0.1677 0.7012 -0.6929
vn 0.6627 0.6804 -0.3127
vn 0.8447 -0.2104 0.4922
vn 0.7536 -0.3885 0.5302
vn 0.7079 -0.3241 0.6276
vn 0.7881 0.5962 -0.1533
vn 0.8847 0.1303 0.4476
vn 0.6707 -0.1608 0.7241
vn 0.9282 -0.2286 0.2936
vn 0.7860 -0.5961 -0.1642
vn 0.8131 0.5046 -0.2902
vn 0.2199 0.7564 -0.6160
vn 0.7480 -0.6528 -0.1199
vn 0.8971 -0.4115 0.1611
vn 0.5242 -0.7355 0.4292
vn 0.2300 -0.6952 0.6810
vn 0.2846 -0.5751 0.7670
vn 0.4499 -0.4197 0.7883
vn -0.1241 -0.9158 -0.3819
vn 0.8217 -0.3252 -0.4680
vn 0.3703 -0.8185 0.4393
vn 0.9802 -0.1737 -0.0946
vn 0.3749 -0.3986 0.8370
vn 0.5662 -0.0731 0.8210
vn 0.7084 -0.1328 0.6933
vn 0.7989 -0.1831 0.5730
vn 0.3942 -0.3913 0.8316
vn 0.4342 -0.2983 0.8500
vn 0.5633 -0.1410 0.8141
vn 0.5646 -0.2050 0.7995
vn 0.5778 -0.1941 0.7927
vn 0.6079 -0.1090 0.7865
vn 0.6215 -0.1842 0.7614
vn -0.2374 -0.7853 -0.5718
vn -0.6018 -0.4013 -0.6905
vn -0.4156 -0.8788 0.2345
vn 0.2108 -0.9774 -0.0138
vn 0.8866 0.2813 -0.3671
vn 0.7722 0.0643 -0.6321
vn 0.6609 -0.3179 0.6798
vn 0.7440 -0.6598 0.1054
vn 0.5379 -0.8141 0.2190
vn 0.2552 -0.5161 0.8176
vn 0.2468 -0.4626 0.8515
vn 0.9468 -0.0796 -0.3119
vn 0.4632 -0.1722 0.8693
vn 0.3953 -0.2360 0.8877
vn 0.4102 -0.3176 0.8549
vn 0.4879 -0.2844 0.8253
vn 0.4318 -0.4907 0.7568
vn 0.3450 0.5521 -0.7591
vn 0.2914 0.6233 -0.7256
vn 0.4458 0.6429 -0.6229
vn 0.5533 0.6803 -0.4806
vn 0.6797 0.6750 -0.2871
vn 0.2270 0.5836 -0.7797
vn 0.7065 0.1388 0.6940
vn 0.8673 0.4903 0.0859
vn 0.7769 0.0087 0.6295
vn 0.1469 0.5039 -0.8512
vn 0.3549 0.7583 -0.5469
vn 0.2316 0.6601 -0.7146
vn 0.0057 0.2957 -0.9553
vn 0.7183 -0.2561 -0.6469
vn 0.4419 0.4376 -0.7831
vn 0.1862 0.5421 -0.8194
vn 0.1628 0.5391 -0.8263
vn 0.2509 0.5006 -0.8285
vn 0.3613 -0.3245 0.8742
vn -0.0013 0.4919 -0.8707
vn 0.0145 0.5271 -0.8497
vn -0.1161 0.5116 -0.8513
vn -0.0892 0.4949 -0.8644
vn 0.1413 0.5204 -0.8422
vn 0.0489 0.5610 -0.8264
vn 0.2150 0.3346 -0.9175
vn 0.3321 0.4321 -0.8384
vn 0.2272 0.3460 -0.9103
vn 0.1217 0.2423 -0.9625
vn 0.1950 0.2670 -0.9438
vn 0.2292 0.2052 -0.9515
vn -0.0541 0.1802 -0.9821
vn -0.2787 0.1207 -0.9528
vn -0.1669 0.1622 -0.9725
vn -0.0752 0.2613 -0.9623
vn 0.1460 0.2157 -0.9655
vn 0.8515 0.0873 0.5170
vn 0.6022 0.4576 -0.6541
vn 0.7719 0.4322 -0.4662
vn 0.8223 0.1394 0.5517
vn 0.5710 0.0186 0.8207
vn 0.5810 -0.0545 0.8121
vn 0.4568 -0.7830 0.4221
vn 0.3979 -0.6005 0.6936
vn 0.4288 -0.5184 0.7399
vn 0.9796 0.1603 0.1212
vn -0.3658 -0.8680 0.3358
vn -0.3131 -0.7326 -0.6043
vn -0.0896 -0.7010 0.7075
vn -0.7563 -0.6361 0.1528
vn -0.5810 -0.2373 -0.7786
vn 0.1180 -0.5449 0.8302
vn 0.0797 -0.4158 0.9059
vn 0.0445 -0.3495 0.9359
vn 0.5496 -0.2130 0.8078
vn 0.6394 0.0434 0.7676
vn 0.9031 0.4235 0.0715
vn 0.4962 0.4944 -0.7136
vn -0.1823 -0.6506 -0.7373
vn -0.1049 0.1331 -0.9855
vn 0.0049 -0.0185 -0.9998
vn 0.2570 -0.6375 -0.7263
vn 0.6978 -0.3514 -0.6242
vn 0.4663 0.2201 -0.8568
vn 0.2370 0.5209 -0.8201
vn 0.2166 -0.6775 0.7029
vn 0.0288 -0.9943 0.1023
vn 0.6011 -0.7719 0.2069
vn 0.4802 -0.3169 0.8179
vn 0.3777 -0.1735 0.9095
vn 0.1699 -0.6802 0.7130
vn -0.0557 -0.9854 0.1610
vn 0.3732 -0.1906 0.9080
vn 0.3864 -0.2468 0.8887
vn 0.5218 -0.1227 0.8442
vn 0.3721 -0.8969 0.2390
vn 0.1229 -0.9439 0.3066
vn -0.3891 -0.1411 -0.9103
vn 0.6291 -0.5833 -0.5139
vn 0.4228 -0.8185 0.3889
vn -0.5026 -0.8116 -0.2980
vn -0.3631 0.1251 -0.9233
vn 0.6940 -0.0847 -0.7149
vn 0.7889 -0.1543 0.5948
vn -0.7661 -0.6234 -0.1564
vn -0.4784 0.0501 -0.8767
vn 0.1109 -0.5339 0.8383
vn -0.4676 0.0643 -0.8816
vn -0.8478 -0.5091 -0.1483
vn -0.4926 0.0227 -0.8700
vn -0.5342 -0.0774 -0.8418
vn -0.3908 0.0380 -0.9197
vn -0.3927 0.0672 -0.9172
vn -0.4329 0.0027 -0.9014
vn -0.4446 -0.0080 -0.8957
vn -0.7004 -0.6037 -0.3808
vn 0.7575 -0.1975 -0.6222
vn 0.4811 -0.0856 0.8725
vn 0.4597 -0.0635 0.8858
vn 0.5177 -0.0409 0.8546
vn 0.5468 -0.0298 0.8367
vn 0.5401 -0.0464 0.8403
vn 0.5145 -0.0127 0.8574
vn 0.4967 0.0064 0.8679
vn 0.5889 0.0423 0.8071
vn 0.6170 0.0594 0.7847
vn 0.6462 0.0035 0.7632
vn 0.5124 -0.1256 0.8495
vn 0.5029 -0.7082 0.4955
vn 0.8359 -0.3772 -0.3988
vn 0.3824 -0.5502 -0.7423
vn 0.1556 -0.9272 0.3406
vn 0.4296 0.3541 -0.8307
vn -0.6900 0.0139 -0.7237
vn -0.6129 0.0552 -0.7882
vn -0.6192 0.0453 -0.7840
vn -0.5945 0.0996 -0.7979
vn -0.4017 0.0322 -0.9152
vn -0.4733 0.0809 -0.8772
vn -0.1942 0.1182 -0.9738
vn -0.3505 0.2475 -0.9033
vn -0.3258 0.3662 -0.8716
vn -0.0529 0.4787 -0.8764
vn -0.0554 0.3642 -0.9297
vn -0.1885 0.5053 -0.8421
vn -0.0072 0.5471 -0.8371
vn -0.3005 0.3953 -0.8680
vn -0.2317 0.4824 -0.8448
vn -0.2706 0.1236 -0.9547
vn -0.4070 0.1384 -0.9029
vn -0.5853 0.0893 -0.8059
vn 0.0687 -0.0484 -0.9965
vn -0.4896 0.0952 -0.8667
vn 0.2225 0.0383 -0.9742
vn -0.1127 0.1419 -0.9834
vn -0.6539 0.1661 -0.7381
vn -0.4813 0.0547 -0.8748
vn -0.9173 0.1050 -0.3841
vn -0.5654 -0.1099 -0.8174
vn -0.3168 -0.1275 -0.9399
vn -0.6487 0.1013 -0.7543
vn -0.7040 -0.0483 -0.7086
vn 0.0016 -0.0583 -0.9983
vn 0.5856 0.0441 -0.8094
vn -0.4713 0.0218 -0.8817
vn -0.1314 0.0579 -0.9896
vn -0.7876 0.0610 -0.6131
vn 0.8496 0.0218 -0.5269
vn -0.7061 0.0879 -0.7027
vn -0.5404 0.1468 -0.8285
vn 0.3750 -0.0931 -0.9223
vn 0.4348 -0.1650 0.8853
vn 0.6320 -0.1554 0.7592
vn 0.1381 -0.2985 0.9444
vn -0.3953 -0.4004 0.8267
vn -0.7783 -0.0852 -0.6221
vn -0.5221 -0.0086 -0.8529
vn -0.6180 -0.0232 -0.7858
vn -0.6095 -0.0186 -0.7925
vn -0.4934 -0.0145 -0.8697
vn 0.7624 -0.3387 0.5513
vn 0.7251 -0.0540 0.6865
vn 0.4894 -0.1274 0.8627
vn 0.5198 -0.3497 0.7794
vn 0.0239 -0.5290 -0.8483
vn 0.1609 -0.8133 -0.5592
vn -0.9861 -0.0323 0.1631
vn 0.1225 -0.0480 0.9913
vn -0.9080 0.2518 -0.3348
vn 0.7330 -0.1693 -0.6588
vn -0.3428 0.4930 -0.7996
vn 0.8545 0.5152 0.0663
vn 0.2737 0.1366 0.9521
vn -0.4816 0.0926 0.8715
vn 0.8307 -0.0749 0.5517
vn 0.9817 -0.1732 0.0793
vn 0.0930 -0.5626 0.8215
vn 0.8169 -0.1163 0.5649
vn 0.3330 -0.0200 0.9427
vn -0.0960 -0.8128 0.5746
vn 0.7767 -0.1264 0.6171
vn 0.7069 -0.0904 0.7016
vn 0.6133 -0.1661 0.7722
vn 0.5053 -0.1411 0.8513
vn 0.6625 -0.0687 0.7459
vn 0.5866 -0.0758 0.8063
vn 0.5765 -0.0421 0.8160
vn 0.5096 -0.0997 0.8546
vn -0.6162 -0.0306 -0.7870
vn 0.7636 -0.0949 0.6386
vn 0.5034 -0.0613 0.8619
vn 0.4875 -0.0370 0.8723
vn 0.7999 -0.0277 0.5995
vn 0.8204 -0.5701 0.0445
vn 0.8534 -0.4720 -0.2211
vn 0.5436 -0.1176 0.8311
vn 0.4249 -0.0814 0.9016
vn 0.4439 -0.0285 0.8956
vn 0.3799 -0.0630 0.9229
vn 0.4136 -0.0796 0.9070
vn 0.4889 -0.0678 0.8697
vn 0.4336 -0.1215 0.8929
vn 0.7873 -0.0506 0.6145
vn 0.7565 -0.1765 0.6297
vn 0.0475 -0.9693 -0.2412
vn 0.6619 -0.6981 0.2731
vn 0.2042 -0.9506 -0.2338
vn -0.5227 -0.6544 -0.5464
vn 0.1279 -0.8217 0.5554
vn 0.4533 -0.3165 0.8333
vn 0.7832 -0.1903 0.5919
vn 0.9510 -0.0958 0.2941
vn 0.2958 -0.2756 -0.9146
vn -0.6676 -0.1462 -0.7300
vn 0.4917 -0.0312 0.8702
vn 0.4644 -0.1219 0.8772
vn 0.4519 -0.1810 0.8735
vn 0.5139 -0.1958 0.8352
vn 0.8635 -0.4125 0.2902
vn -0.0983 -0.9817 0.1632
vn -0.1815 -0.5192 -0.8352
vn 0.7381 -0.1890 -0.6477
vn -0.5866 -0.6970 0.4125
vn 0.5370 -0.1811 0.8239
vn 0.7393 -0.1212 -0.6624
vn 0.6593 -0.0711 -0.7485
vn 0.1346 -0.6766 0.7240
vn 0.3413 -0.4294 0.8361
vn 0.8278 -0.1987 0.5247
vn -0.0319 -0.2014 -0.9790
vn 0.7321 -0.2744 -0.6235
vn 0.0724 -0.1965 -0.9778
vn 0.6504 -0.5956 -0.4715
vn 0.8180 -0.5557 -0.1488
vn 0.7513 -0.3536 -0.5572
vn 0.7951 -0.4339 -0.4237
vn 0.2967 -0.3854 -0.8738
vn 0.4150 0.1724 -0.8934
vn -0.1292 0.2643 -0.9557
vn -0.1706 -0.0470 -0.9842
vn 0.2769 -0.0865 -0.9570
vn 0.0073 -0.0355 -0.9993
vn 0.3135 0.1543 -0.9370
vn 0.4161 -0.0265 -0.9089
vn -0.1921 -0.1402 -0.9713
vn -0.6067 -0.0247 -0.7945
vn 0.9621 0.0823 0.2601
vn 0.7275 0.1377 0.6722
vn 0.5356 0.1722 0.8267
vn 0.4753 0.1013 0.8740
vn -0.7373 -0.5857 -0.3366
vn 0.2266 -0.5443 0.8077
vn 0.8878 -0.0496 0.4575
vn -0.5632 -0.3679 -0.7399
vn 0.7804 0.0090 0.6252
vn 0.8984 0.0576 0.4353
vn -0.6679 -0.1307 -0.7326
vn -0.6685 -0.7284 0.1501
vn 0.2676 -0.3144 0.9108
vn 0.5626 -0.0122 0.8266
vn 0.8772 -0.3744 0.3005
vn 0.1839 -0.3636 -0.9132
vn -0.0999 -0.8678 -0.4867
vn 0.2224 -0.5947 0.7726
vn 0.1951 -0.7142 -0.6722
vn -0.4673 -0.4525 -0.7595
vn -0.4007 -0.0591 -0.9143
vn 0.6012 -0.6615 0.4483
vn -0.0768 -0.9479 0.3093
vn 0.3827 -0.2226 0.8967
vn -0.4693 -0.8481 0.2458
vn -0.6558 -0.2443 -0.7143
vn 0.3535 -0.1397 0.9250
vn 0.0958 -0.2408 0.9658
vn 0.3381 -0.3654 0.8673
vn 0.3834 -0.4235 0.8208
vn 0.3452 -0.3862 0.8554
vn 0.7056 -0.2533 0.6618
vn 0.8203 0.0541 0.5694
vn 0.8063 -0.5797 -0.1173
vn 0.2461 -0.5753 0.7800
vn 0.5545 -0.1804 0.8124
vn 0.9319 -0.1336 0.3373
vn -0.5125 -0.1908 -0.8372
vn -0.5511 -0.0602 -0.8323
vn -0.7068 -0.0643 -0.7045
vn -0.7637 -0.1857 -0.6183
vn -0.5858 -0.0459 -0.8091
vn -0.4115 -0.0666 -0.9090
vn -0.4455 -0.0931 -0.8904
vn -0.6820 -0.0119 -0.7313
vn -0.6278 -0.1587 -0.7620
vn 0.1341 -0.2796 -0.9507
vn 0.9892 -0.0010 0.1464
vn 0.4674 0.0482 -0.8827
vn -0.2563 -0.6930 0.6738
vn -0.9595 -0.1563 -0.2344
vn -0.8374 -0.0869 -0.5397
vn 0.9230 0.0451 0.3822
vn 0.9665 0.0544 0.2508
vn -0.5348 -0.2989 0.7903
vn 0.7918 0.0080 0.6107
vn -0.9068 -0.0600 -0.4172
vn -0.8757 -0.1103 -0.4700
vn -0.7397 -0.0640 -0.6699
vn 0.2958 0.1356 -0.9456
vn -0.9126 0.0104 -0.4087
vn 0.7125 0.0236 0.7013
vn 0.5154 0.1179 0.8488
vn 0.4981 -0.0431 0.8660
vn 0.6841 -0.2098 0.6985
vn 0.6823 -0.1163 0.7218
vn 0.8319 -0.1913 0.5209
vn 0.6072 0.0428 0.7934
vn 0.7908 0.0730 0.6077
vn 0.5520 -0.5855 0.5937
vn 0.4908 -0.3727 0.7876
vn 0.7451 0.1415 0.6518
vn -0.0544 -0.2246 0.9729
vn 0.8678 -0.0233 0.4963
vn 0.7506 0.0820 0.6556
vn 0.8681 0.0887 0.4884
vn 0.3192 0.1569 0.9346
vn 0.1954 0.1148 0.9740
vn 0.4574 0.0614 0.8871
vn 0.5445 -0.0632 0.8364
vn 0.0310 -0.3085 0.9507
vn 0.5143 0.0060 0.8576
vn 0.5638 0.0255 0.8255
vn 0.6720 -0.0019 0.7406
vn 0.6404 0.0120 0.7680
vn 0.0646 -0.5656 0.8221
vn 0.3662 -0.1559 0.9174
vn 0.1747 -0.4460 0.8778
vn 0.4487 -0.2696 0.8521
vn 0.5891 -0.4085 0.6972
vn 0.2833 -0.2595 0.9233
vn 0.5167 0.0868 0.8518
vn 0.2873 0.0342 0.9572
vn 0.3008 0.0807 0.9503
vn 0.5569 -0.3539 0.7514
vn 0.6138 -0.3501 0.7076
vn 0.6290 -0.6972 0.3439
vn 0.5472 0.0943 0.8317
vn 0.8853 -0.1953 0.4220
vn 0.5084 0.0148 0.8610
vn 0.4672 0.0705 0.8813
vn 0.5110 0.0883 0.8551
vn 0.3192 0.0530 0.9462
vn 0.2490 -0.6693 0.7000
vn 0.5671 -0.2297 0.7910
vn -0.6804 -0.0087 -0.7328
vn -0.4121 -0.0344 -0.9105
vn -0.3978 -0.0738 -0.9145
vn -0.7323 0.0789 -0.6764
vn -0.8165 -0.0431 -0.5757
vn -0.6634 0.2030 -0.7202
vn 0.5607 -0.1894 0.8061
vn 0.3146 0.1113 0.9427
vn 0.6785 -0.4451 -0.5844
vn 0.7648 -0.6283 -0.1422
vn -0.1120 0.6168 0.7791
vn -0.6346 0.6813 0.3649
vn -0.7461 0.3547 0.5635
vn -0.9618 0.2433 -0.1256
vn 0.0567 0.7033 -0.7086
vn -0.4540 0.1101 -0.8842
vn 0.7125 -0.6843 -0.1551
vn 0.5893 -0.6654 -0.4581
vn 0.6846 -0.0471 0.7274
vn 0.9475 -0.1547 0.2797
vn 0.1045 -0.6769 -0.7286
vn 0.1664 0.2180 0.9617
vn 0.0092 -0.3898 -0.9209
vn 0.4478 -0.8799 -0.1590
vn 0.9553 0.2947 0.0219
vn 0.3590 0.0749 0.9303
vn 0.2154 -0.0165 -0.9764
vn -0.3493 -0.6982 0.6249
vn -0.4707 -0.6916 -0.5478
vn -0.6433 -0.3967 -0.6549
vn -0.6591 -0.4897 0.5708
vn 0.3683 -0.4095 0.8347
vn 0.5016 -0.0079 0.8651
vn 0.4577 -0.1762 0.8715
vn 0.7561 -0.0399 0.6533
vn 0.5877 -0.0288 0.8085
vn 0.2011 -0.1142 0.9729
vn 0.4081 -0.1744 0.8961
vn 0.5206 0.0006 0.8538
vn 0.5742 0.0094 0.8187
vn 0.6139 0.0018 0.7894
vn 0.4098 -0.1029 0.9063
vn 0.3941 -0.0847 0.9152
vn 0.0687 -0.5196 0.8516
vn 0.0189 -0.1903 0.9815
vn 0.4167 0.0653 0.9067
vn 0.0311 -0.1298 0.9911
vn 0.2014 -0.2539 0.9460
vn -0.7869 -0.5048 0.3548
vn 0.0399 0.0200 0.9990
vn 0.6144 -0.3605 0.7018
vn -0.0805 -0.9806 -0.1788
vn 0.1695 0.0322 0.9850
vn 0.2545 0.0188 0.9669
vn 0.9722 0.1041 0.2098
vn 0.3692 -0.0840 -0.9255
vn -0.6487 -0.1795 -0.7396
vn -0.5952 -0.3021 -0.7446
vn 0.6837 -0.5846 0.4367
vn -0.0728 0.1254 0.9894
vn -0.8017 0.1991 0.5636
vn 0.0958 0.3412 0.9351
vn -0.3637 -0.2328 -0.9020
vn 0.2095 0.1241 0.9699
vn 0.2923 0.0731 0.9535
vn 0.5433 0.2294 0.8076
vn 0.4208 0.1451 0.8955
vn 0.7706 0.2788 0.5732
vn 0.9215 -0.1836 0.3423
vn -0.7957 0.1345 0.5906
vn -0.9809 0.1434 -0.1315
vn -0.3579 0.0120 -0.9337
vn -0.1611 -0.0909 -0.9827
vn -0.1583 -0.0931 -0.9830
vn -0.2619 -0.1053 -0.9593
vn -0.4272 -0.1451 -0.8924
vn -0.2859 -0.0072 -0.9582
vn -0.4155 -0.1082 -0.9031
vn -0.4220 -0.0807 -0.9030
vn -0.2646 -0.0691 -0.9619
vn -0.1192 -0.0163 -0.9927
vn -0.1535 -0.0457 -0.9871
vn -0.3757 -0.1967 -0.9056
vn -0.4891 -0.1214 -0.8638
vn -0.3496 -0.1445 -0.9257
vn -0.2591 -0.1256 -0.9577
vn -0.5239 -0.0903 -0.8470
vn -0.4856 -0.0704 -0.8714
vn 0.3836 0.0233 0.9232
vn 0.3837 0.0410 0.9226
vn 0.5897 0.0561 0.8057
vn 0.5818 0.0534 0.8116
vn 0.3240 0.0075 0.9460
vn 0.3352 0.0484 0.9409
vn 0.4794 0.0432 0.8765
vn -0.4900 -0.4842 -0.7249
vn -0.4780 -0.3735 -0.7950
vn -0.2221 -0.6898 -0.6890
vn -0.4176 -0.6146 -0.6692
vn -0.6353 -0.1200 -0.7629
vn -0.3325 -0.8931 0.3031
vn 0.2729 0.3734 0.8866
vn 0.4000 0.0809 0.9129
vn 0.3603 0.1786 0.9156
vn 0.4297 0.1812 0.8846
vn 0.6981 -0.6755 0.2375
vn 0.6049 0.4317 0.6692
vn 0.4278 -0.0094 -0.9038
vn 0.3419 0.1503 0.9276
vn 0.6679 -0.2375 0.7053
vn 0.6947 -0.3880 0.6057
vn 0.4282 -0.7956 -0.4286
vn -0.2116 -0.4966 -0.8418
vn -0.1974 -0.3327 -0.9221
vn 0.4277 -0.6566 -0.6213
vn -0.3779 -0.0780 -0.9225
vn -0.4353 -0.0858 -0.8962
vn -0.3935 -0.1064 -0.9132
vn -0.3819 -0.0889 -0.9199
vn -0.3866 -0.1042 -0.9164
vn -0.3565 -0.0877 -0.9302
vn -0.3297 -0.0821 -0.9405
vn -0.0901 -0.3383 -0.9367
vn 0.3122 -0.6449 -0.6976
vn -0.4837 -0.3194 -0.8149
vn -0.4044 -0.2427 -0.8818
vn -0.2595 -0.2142 -0.9417
vn 0.8841 -0.2659 -0.3843
vn -0.0958 -0.2179 -0.9713
vn -0.1545 -0.1001 -0.9829
vn -0.6162 -0.7072 -0.3466
vn 0.7010 -0.0886 0.7077
vn 0.8115 -0.0526 0.5820
vn -0.9251 -0.1851 0.3317
vn 0.1059 0.0061 0.9944
vn 0.4378 -0.0104 0.8990
vn 0.5958 -0.0309 0.8025
vn -0.7353 -0.1295 -0.6652
vn -0.8101 -0.1477 -0.5674
vn -0.3117 -0.0828 -0.9466
vn -0.4275 -0.1319 -0.8944
vn -0.6660 -0.1084 -0.7381
vn -0.8052 -0.1880 -0.5624
vn -0.9006 -0.1510 -0.4076
vn -0.8418 -0.1106 -0.5283
vn -0.7461 -0.1148 -0.6558
vn -0.8464 -0.0867 -0.5254
vn -0.7324 -0.0798 -0.6762
vn -0.9284 -0.1058 -0.3563
vn -0.7528 -0.3612 -0.5503
vn -0.2570 -0.6463 -0.7185
vn -0.3571 -0.9034 -0.2375
vn -0.5833 -0.7820 0.2197
vn 0.3915 -0.4655 0.7937
vn 0.4512 -0.8413 0.2976
vn 0.7553 -0.6529 -0.0560
vn 0.7652 -0.0607 0.6409
vn 0.6974 -0.0036 0.7167
vn 0.7049 0.0003 0.7093
vn 0.7216 -0.0027 0.6923
vn 0.7053 -0.0030 0.7089
vn 0.7017 0.0012 0.7124
vn 0.7060 0.0033 0.7082
vn 0.7217 -0.0063 0.6922
vn -0.3835 -0.0440 0.9225
vn 0.5426 0.0403 0.8390
vn 0.5082 0.0351 0.8605
vn -0.6225 -0.0559 0.7806
vn 0.5264 0.0489 0.8488
vn -0.1563 -0.4983 0.8528
vn 0.3524 -0.4631 -0.8132
vn 0.8390 -0.0023 -0.5441
vn -0.0654 -0.1083 -0.9920
vn -0.1978 -0.6033 -0.7726
vn -0.3989 -0.1289 -0.9079
vn -0.7856 -0.2643 -0.5595
vn -0.4282 -0.8681 -0.2511
vn -0.7616 -0.5213 -0.3849
vn 0.9881 -0.1299 0.0818
vn 0.5151 -0.7415 -0.4300
vn 0.5113 -0.3064 -0.8030
vn 0.9924 -0.0989 0.0734
vn 0.6099 0.0350 0.7917
vn 0.5507 0.1052 0.8280
vn -0.7976 -0.2819 -0.5333
vn -0.9135 -0.0105 -0.4067
vn 0.6574 -0.1399 0.7404
vn 0.6903 -0.1231 0.7130
vn -0.7427 -0.1057 -0.6613
vn -0.7856 -0.0995 -0.6106
vn -0.7835 -0.0279 -0.6208
vn 0.4851 -0.0976 0.8690
vn 0.5502 -0.1283 0.8251
vn 0.7006 -0.2495 0.6685
vn 0.4682 -0.2868 0.8358
vn 0.6217 0.0523 0.7815
vn 0.5373 0.0272 0.8430
vn 0.7056 -0.0039 0.7086
vn -0.4864 -0.5165 -0.7047
vn -0.5346 -0.2135 -0.8177
vn 0.1294 -0.3761 0.9175
vn 0.3467 -0.5680 0.7464
vn 0.7637 0.0005 0.6456
vn 0.7740 0.0014 0.6332
vn 0.5920 -0.5701 0.5696
vn 0.7205 0.0134 0.6933
vn 0.7476 0.0204 0.6638
vn -0.1494 -0.9791 -0.1377
vn -0.5149 -0.8429 0.1562
vn -0.7810 -0.4644 -0.4177
vn -0.6425 -0.4873 -0.5914
vn -0.7351 -0.2676 -0.6229
vn -0.8676 -0.2958 -0.3997
vn -0.8232 -0.4988 0.2711
vn 0.9265 -0.3136 0.2081
vn 0.6362 0.0064 0.7715
vn 0.6387 -0.0032 0.7694
vn 0.8345 -0.4338 0.3397
vn 0.6538 0.0076 0.7567
vn 0.7203 -0.5194 0.4598
vn 0.6487 0.0225 0.7607
vn 0.1195 -0.9127 -0.3907
vn -0.4825 -0.4666 -0.7413
vn -0.3100 -0.4474 -0.8389
vn 0.3442 -0.7307 -0.5896
vn 0.4148 -0.5104 -0.7533
vn -0.3278 -0.3226 -0.8880
vn -0.5775 -0.2722 -0.7697
vn 0.9021 -0.1195 0.4146
vn 0.8981 -0.1317 0.4195
vn 0.9095 -0.1178 0.3988
vn 0.9129 -0.1056 0.3944
vn 0.7996 -0.6005 0.0092
vn 0.8993 -0.4327 -0.0642
vn 0.9580 -0.2581 0.1251
vn 0.4980 -0.4278 0.7543
vn 0.5275 -0.7642 0.3712
vn -0.3358 -0.7600 -0.5564
vn -0.4391 -0.8965 0.0594
vn -0.6578 -0.5550 0.5092
vn -0.9512 -0.1709 -0.2570
vn -0.9557 -0.0553 -0.2892
vn -0.3873 -0.7341 -0.5577
vn -0.5663 -0.7969 -0.2101
vn -0.8202 -0.5648 0.0913
vn 0.7365 -0.6700 -0.0930
vn 0.6099 -0.7714 0.1816
vn 0.2374 -0.8084 0.5386
vn -0.8903 -0.3110 0.3327
vn 0.1613 -0.5823 0.7968
vn 0.9312 -0.1802 0.3170
vn -0.9571 -0.0120 -0.2894
vn -0.9785 -0.0180 -0.2055
vn -0.9269 -0.0048 -0.3754
vn -0.9133 0.0046 -0.4072
vn -0.7163 -0.0416 -0.6966
vn -0.7237 -0.0208 -0.6898
vn -0.8568 -0.1106 -0.5037
vn 0.5883 -0.0626 0.8062
vn 0.8997 -0.1027 0.4243
vn 0.9023 -0.1608 0.4000
vn -0.8304 -0.3752 -0.4119
vn -0.9945 -0.0888 0.0553
vn -0.2735 0.0007 0.9619
vn 0.5906 0.0888 0.8021
vn 0.5315 -0.0835 0.8429
vn 0.6623 -0.1553 0.7329
vn 0.8461 -0.2322 0.4797
vn 0.2342 -0.3279 -0.9152
vn -0.7064 -0.1670 -0.6879
vn -0.7532 -0.1737 -0.6344
vn -0.8293 -0.1115 -0.5476
vn -0.8184 -0.0568 -0.5718
vn -0.8942 -0.0631 -0.4433
vn 0.5353 -0.1842 0.8243
vn 0.7861 -0.1818 0.5907
vn 0.5620 -0.3439 0.7523
vn 0.5691 -0.0344 0.8216
vn 0.6243 -0.0286 0.7806
vn 0.5899 -0.0146 0.8074
vn 0.6966 -0.0087 0.7175
vn 0.8202 -0.0111 0.5720
vn 0.8226 -0.0275 0.5680
vn 0.8188 -0.0668 0.5702
vn 0.6272 -0.0784 0.7749
vn 0.6917 -0.0113 0.7221
vn 0.5539 -0.0334 0.8319
vn -0.7850 -0.1153 -0.6087
vn -0.8993 -0.0345 -0.4360
vn -0.8515 -0.2749 -0.4464
vn -0.6937 -0.0865 -0.7150
vn 0.6042 -0.7695 -0.2071
vn -0.1784 -0.2130 -0.9606
vn -0.3500 -0.4464 0.8236
vn 0.7668 -0.3236 0.5544
vn -0.9800 0.0402 -0.1948
vn -0.9602 0.0603 -0.2726
vn -0.9222 0.0806 -0.3783
vn -0.9575 0.0519 -0.2837
vn -0.9568 0.0514 -0.2863
vn -0.9372 0.0398 -0.3464
vn -0.9717 0.0267 -0.2348
vn -0.9507 -0.1961 -0.2403
vn -0.9571 -0.0722 -0.2806
vn -0.9356 -0.1844 -0.3012
vn -0.9707 -0.1168 -0.2099
vn -0.9715 -0.2270 -0.0677
vn -0.8756 -0.2910 -0.3855
vn -0.4892 -0.6837 -0.5415
vn -0.8823 -0.3253 -0.3402
vn -0.0234 -0.7643 -0.6444
vn -0.8602 -0.2370 -0.4515
vn -0.3540 -0.6647 -0.6579
vn -0.9745 0.0248 -0.2232
vn -0.9964 0.0736 -0.0430
vn -0.9524 -0.0380 -0.3025
vn -0.8560 -0.1659 -0.4896
vn -0.8229 -0.4663 -0.3246
vn -0.9644 0.0102 -0.2642
vn -0.9882 -0.0668 -0.1379
vn -0.9695 -0.2406 -0.0464
vn -0.9715 -0.0203 -0.2362
vn -0.9918 -0.0337 -0.1235
vn 0.2475 -0.0193 0.9687
vn 0.5326 -0.2052 0.8211
vn -0.9814 -0.0479 -0.1859
vn -0.9599 -0.0534 0.2753
vn -0.1047 -0.0581 0.9928
vn 0.8003 -0.2118 0.5610
vn 0.9533 -0.1620 0.2548
vn 0.9422 -0.1633 0.2926
vn 0.9420 -0.1669 0.2913
vn 0.9215 -0.1246 0.3679
vn 0.8480 -0.4787 -0.2274
vn 0.9609 -0.1377 0.2403
vn 0.9594 -0.1416 0.2440
vn 0.9428 -0.1276 0.3080
vn 0.9476 -0.1181 0.2967
vn 0.8197 -0.1224 0.5595
vn 0.8538 -0.0600 0.5171
vn 0.9690 -0.0973 0.2269
vn 0.9838 -0.1773 -0.0257
vn 0.9565 -0.2897 0.0348
vn 0.9636 -0.1464 0.2239
vn 0.9381 -0.0932 0.3336
vn -0.9989 -0.0355 -0.0312
vn -0.9732 -0.0451 -0.2254
vn -0.3517 -0.5501 -0.7574
vn 0.6211 0.1731 -0.7643
vn 0.8127 -0.2916 -0.5045
vn 0.6125 -0.6685 0.4218
vn -0.5503 -0.7526 0.3615
vn -0.7071 -0.0145 -0.7070
vn 0.4870 0.0075 -0.8734
vn -0.9234 0.0294 -0.3826
vn -0.3905 0.0661 -0.9182
vn 0.0400 0.0337 -0.9986
vn -0.8381 0.0274 -0.5448
vn -0.8862 0.0524 -0.4604
vn -0.9394 0.0496 -0.3392
vn 0.6185 -0.1744 0.7662
vn 0.3778 -0.2587 0.8890
vn 0.7579 -0.1174 0.6417
vn 0.7986 -0.0603 0.5988
vn 0.7444 -0.0562 0.6654
vn 0.6947 -0.0379 0.7183
vn 0.7671 -0.1733 0.6176
vn 0.7260 -0.0343 0.6868
vn 0.6752 -0.0972 0.7312
vn 0.7583 -0.0464 0.6502
vn 0.7779 -0.1528 0.6096
vn 0.8895 -0.0875 0.4484
vn 0.8600 -0.0247 0.5097
vn 0.7256 -0.5218 -0.4486
vn 0.9023 -0.2457 -0.3543
vn 0.9302 -0.3378 -0.1435
vn 0.9405 -0.3394 -0.0139
vn 0.7366 -0.4610 -0.4948
vn 0.8552 -0.2469 -0.4557
vn 0.8608 -0.4988 0.1014
vn 0.6161 -0.6558 -0.4362
vn 0.2261 -0.8417 -0.4904
vn 0.5797 -0.7517 -0.3143
vn 0.1066 -0.9423 -0.3172
vn -0.7616 -0.2566 0.5951
vn -0.8351 0.0049 0.5501
vn -0.9116 0.0151 0.4109
vn -0.9235 -0.0387 0.3815
vn -0.5278 -0.4053 0.7464
vn -0.3313 -0.1575 0.9303
vn 0.8212 -0.5470 -0.1624
vn 0.8753 -0.4536 0.1674
vn 0.8609 -0.2593 -0.4378
vn 0.7884 -0.4277 -0.4422
vn 0.8978 -0.4273 0.1066
vn 0.4334 -0.7191 0.5432
vn 0.5283 -0.5037 0.6835
vn 0.7439 -0.5947 0.3049
vn 0.5257 -0.8010 0.2863
vn 0.6826 -0.5196 0.5140
vn -0.7740 0.0140 0.6330
vn -0.1274 -0.2323 0.9643
vn -0.7422 -0.1250 0.6584
vn -0.9375 -0.0024 0.3479
vn -0.9317 -0.0231 0.3626
vn -0.9235 0.0123 0.3835
vn -0.9464 0.0217 0.3223
vn -0.9648 0.0004 0.2631
vn -0.9517 -0.0269 0.3059
vn -0.8744 -0.3922 0.2856
vn -0.8071 -0.5265 0.2673
vn -0.9691 -0.1360 0.2056
vn -0.9771 -0.0144 0.2121
vn -0.9916 -0.1257 0.0291
vn -0.9798 0.0769 0.1846
vn -0.9935 0.0760 0.0846
vn -0.9732 0.0855 0.2137
vn -0.7959 -0.2873 0.5330
vn -0.9234 -0.0515 0.3803
vn -0.8306 0.4836 0.2761
vn -0.9660 0.0642 0.2503
vn -0.7866 -0.4935 0.3711
vn -0.8801 -0.3549 0.3154
vn -0.7429 -0.6256 0.2381
vn -0.9052 -0.3282 0.2698
vn -0.9743 0.0136 0.2250
vn -0.8729 -0.1926 0.4483
vn -0.8628 -0.1777 0.4734
vn -0.8143 0.1928 -0.5475
vn -0.9923 -0.1087 -0.0587
vn -0.6464 -0.4929 -0.5824
vn 0.4829 -0.2633 -0.8351
vn -0.8981 0.1167 0.4239
vn -0.9148 -0.0225 0.4032
vn -0.9837 0.0166 0.1792
vn -0.8823 0.1952 0.4282
vn -0.9322 -0.2878 0.2195
vn -0.9065 -0.3724 0.1990
vn -0.9845 0.0051 0.1751
vn -0.2276 -0.9540 -0.1949
vn 0.8250 -0.4480 -0.3445
vn -0.0055 -0.9924 -0.1228
vn 0.1777 -0.2256 -0.9579
vn -0.9240 -0.3134 0.2193
vn -0.9589 -0.1781 0.2207
vn -0.9917 -0.1269 0.0195
vn -0.8892 0.1940 0.4144
vn -0.9338 0.0543 0.3536
vn -0.8758 -0.0773 0.4764
vn -0.7738 0.6180 -0.1386
vn -0.2884 -0.6862 0.6678
vn -0.3637 -0.4573 0.8116
vn -0.9189 0.0893 0.3843
vn -0.1650 -0.5363 0.8277
vn -0.8122 -0.3958 0.4286
vn -0.2782 -0.8020 0.5286
vn 0.7490 -0.6612 0.0439
vn -0.8016 -0.4477 0.3963
vn -0.8903 -0.2743 0.3636
vn -0.8231 0.0959 0.5597
vn -0.2441 -0.9228 -0.2980
vn -0.8423 -0.3026 -0.4460
vn 0.3030 -0.9503 -0.0721
vn -0.9642 0.1060 0.2432
vn -0.9853 -0.1703 0.0161
vn -0.9612 -0.2105 0.1783
vn -0.9466 0.0636 0.3161
vn -0.9784 0.0677 0.1953
vn -0.9875 0.1272 0.0930
vn -0.9656 0.0453 0.2559
vn -0.9674 0.0158 0.2527
vn -0.7603 -0.5061 0.4071
vn -0.6868 -0.2363 -0.6873
vn 0.2670 -0.7846 -0.5595
vn 0.2996 -0.1625 -0.9401
vn 0.2662 -0.5466 -0.7940
vn -0.5455 -0.1926 -0.8157
vn -0.1474 -0.0650 -0.9869
vn 0.9265 -0.3508 -0.1362
vn 0.5220 -0.7475 -0.4107
vn 0.2243 -0.5802 -0.7830
vn 0.7184 -0.2788 -0.6373
vn -0.5039 -0.3591 -0.7855
vn 0.3906 -0.6754 -0.6255
vn 0.1908 -0.3870 -0.9021
vn 0.9177 -0.2823 -0.2794
vn 0.9188 -0.2393 -0.3138
vn 0.7902 -0.1014 -0.6044
vn 0.8816 -0.3263 -0.3409
vn 0.2702 -0.7596 -0.5917
vn 0.7957 -0.4467 -0.4091
vn -0.4153 -0.8696 -0.2670
vn -0.0139 -0.9617 -0.2739
vn 0.0826 -0.7609 -0.6435
vn 0.5693 0.3326 -0.7519
vn 0.9470 -0.2021 -0.2495
vn -0.6497 -0.5865 -0.4836
vn -0.9029 -0.4180 0.1005
vn -0.8815 0.1215 0.4563
vn -0.8462 -0.2544 0.4681
vn -0.9095 -0.1274 0.3956
vn 0.8735 -0.3148 -0.3715
vn 0.9457 -0.1851 -0.2673
vn 0.3011 -0.7050 -0.6421
vn 0.2784 -0.7939 -0.5406
vn 0.0410 -0.7584 -0.6505
vn -0.1326 -0.6156 -0.7768
vn 0.5256 -0.7869 -0.3232
vn 0.4953 -0.6697 -0.5534
vn -0.9437 0.0265 0.3297
vn -0.9062 0.0324 0.4216
vn -0.9542 0.0427 0.2961
vn -0.9792 0.0804 0.1863
vn -0.8919 0.1500 0.4266
vn -0.8931 -0.2176 0.3937
vn -0.8973 0.2623 0.3551
vn 0.6091 -0.7258 -0.3198
vn -0.0762 -0.9969 0.0187
vn 0.7582 -0.5485 0.3525
vn 0.8638 -0.4941 -0.0986
vn 0.6525 -0.7319 -0.1961
vn 0.8421 -0.5265 0.1169
vn 0.8713 -0.3389 0.3549
vn 0.6222 -0.6309 -0.4635
vn 0.9435 -0.3213 0.0810
vn 0.8620 -0.2719 -0.4279
vn 0.8631 -0.2161 -0.4564
vn 0.8672 -0.2752 -0.4151
vn 0.8937 -0.3211 -0.3134
vn 0.8378 -0.4940 -0.2324
vn 0.6872 -0.6116 -0.3919
vn 0.8939 -0.4354 -0.1071
vn 0.7285 -0.6145 -0.3028
vn 0.7269 -0.5574 -0.4012
vn 0.3845 -0.5430 -0.7465
vn 0.0729 -0.1921 -0.9787
vn -0.0774 -0.2697 -0.9598
vn 0.6222 -0.6301 -0.4646
vn -0.5455 -0.4697 -0.6941
vn 0.6078 -0.6805 -0.4094
vn 0.7720 -0.5319 -0.3481
vn 0.9587 -0.2639 -0.1064
vn 0.8250 -0.5164 -0.2298
vn 0.8994 -0.3720 -0.2297
vn 0.9354 -0.2024 -0.2898
vn 0.8588 -0.2968 -0.4176
vn 0.8430 -0.1918 -0.5026
vn 0.9577 -0.1577 -0.2405
vn 0.6675 -0.3592 -0.6522
vn -0.3760 -0.7267 -0.5749
vn 0.3877 -0.8570 -0.3394
vn -0.6158 -0.6193 -0.4871
vn 0.5479 -0.3108 -0.7767
vn -0.2396 -0.5337 -0.8110
vn -0.6435 -0.4112 -0.6456
vn 0.5939 -0.4510 -0.6662
vn 0.8180 -0.5070 -0.2716
vn 0.9345 -0.3163 -0.1636
vn 0.9200 -0.1904 -0.3427
vn 0.6301 -0.5554 -0.5426
vn 0.5190 -0.6403 -0.5662
vn 0.6151 -0.4793 -0.6261
vn 0.4320 -0.8553 -0.2862
vn 0.2378 -0.8590 -0.4534
vn 0.9264 -0.2010 -0.3184
vn 0.9359 -0.1410 -0.3227
vn 0.8001 -0.2809 -0.5300
vn 0.5088 -0.4755 -0.7177
vn 0.8862 -0.4588 0.0652
vn 0.2207 -0.9692 0.1091
vn 0.4307 -0.9024 0.0153
vn 0.9029 -0.4279 -0.0407
vn 0.7607 -0.6457 -0.0669
vn 0.9191 -0.3934 -0.0223
vn 0.5996 -0.7957 -0.0856
vn 0.4485 -0.8841 0.1311
vn 0.7410 -0.6636 -0.1032
vn 0.0961 -0.9604 -0.2614
vn 0.5370 -0.8156 0.2156
vn 0.8746 -0.3993 0.2750
vn 0.9570 -0.2884 0.0303
vn -0.9377 -0.3308 -0.1062
vn -0.8699 -0.0873 -0.4854
vn -0.6594 -0.1213 -0.7420
vn -0.7306 -0.6820 0.0333
vn -0.9656 -0.0228 -0.2589
vn -0.9332 -0.2069 -0.2939
vn -0.5791 -0.8146 0.0325
vn 0.1892 -0.8104 0.5545
vn -0.2644 -0.1375 0.9546
vn 0.5418 -0.0900 0.8357
vn 0.5783 -0.1565 0.8006
vn 0.5330 -0.2416 0.8109
vn 0.4583 -0.0071 0.8888
vn -0.2783 -0.0497 0.9592
vn 0.3801 -0.1188 0.9173
vn -0.2906 -0.0153 0.9567
vn 0.7381 -0.2084 0.6417
vn 0.4827 -0.2189 0.8480
vn 0.6131 0.0133 0.7899
vn -0.2956 -0.5277 0.7963
vn -0.3900 -0.7879 -0.4766
vn 0.6839 0.0261 0.7291
vn 0.0664 -0.4785 0.8756
vn -0.2759 -0.2726 0.9217
vn -0.5451 -0.1787 0.8191
vn 0.6991 -0.6757 -0.2338
vn 0.7096 -0.4767 0.5189
vn 0.4999 -0.6449 0.5781
vn 0.4345 -0.8998 -0.0384
vn 0.7324 -0.6023 0.3176
vn 0.6563 -0.6921 0.3004
vn 0.6982 -0.6984 0.1577
vn -0.9195 0.1811 -0.3490
vn -0.5915 0.0754 -0.8028
vn -0.3386 -0.1525 -0.9285
vn -0.2937 -0.2019 -0.9343
vn -0.9069 0.2441 -0.3433
vn -0.7436 0.2137 -0.6336
vn -0.5735 -0.0542 -0.8174
vn -0.9205 0.1404 -0.3646
vn -0.9185 0.1747 -0.3547
vn -0.9223 0.2179 -0.3193
vn 0.5848 -0.7454 -0.3199
vn 0.7715 -0.5208 -0.3656
vn 0.8394 -0.3898 0.3787
vn 0.4414 -0.4563 -0.7726
vn 0.7278 -0.4422 -0.5242
vn 0.8971 -0.3870 -0.2133
vn 0.2597 -0.3115 -0.9141
vn -0.3268 -0.5217 0.7881
vn 0.5866 -0.4503 0.6731
vn -0.4532 -0.4628 0.7618
vn -0.4811 -0.4029 0.7786
vn -0.3883 -0.9137 0.1198
vn -0.9495 0.0567 -0.3087
vn 0.7945 -0.5242 0.3066
vn 0.6050 -0.6132 0.5079
vn 0.8012 -0.5978 -0.0260
vn 0.6146 -0.6221 -0.4850
vn 0.8882 -0.2733 0.3693
vn 0.6721 -0.1769 0.7190
vn 0.5053 -0.0502 0.8615
vn 0.4417 -0.0650 0.8948
vn 0.4282 -0.1005 0.8981
vn 0.5411 -0.0943 0.8357
vn 0.6314 -0.4693 0.6173
vn 0.8135 -0.1304 0.5668
vn 0.5454 -0.1826 0.8181
vn 0.3034 -0.5220 0.7972
vn 0.1280 -0.9890 -0.0745
vn 0.6317 -0.5901 0.5027
vn 0.8219 -0.1992 0.5336
vn 0.6262 -0.0210 0.7794
vn -0.5695 0.2533 -0.7820
vn -0.5054 0.2539 -0.8247
vn -0.7621 0.2243 -0.6074
vn -0.3875 0.0741 -0.9189
vn 0.3268 -0.0904 -0.9408
vn -0.8252 0.0948 -0.5569
vn -0.6212 0.1982 -0.7582
vn -0.8456 0.2372 -0.4782
vn -0.4815 0.3449 -0.8057
vn -0.1043 0.1782 -0.9784
vn 0.2582 0.2283 -0.9387
vn -0.7025 0.0153 -0.7115
vn -0.8655 0.1860 -0.4651
vn 0.5120 0.2119 -0.8325
vn -0.2663 0.3845 -0.8839
vn -0.1363 -0.6354 -0.7600
vn -0.1914 0.6125 -0.7669
vn -0.4281 0.2038 -0.8805
vn 0.6143 -0.0881 -0.7842
vn 0.9692 0.1365 -0.2050
vn 0.2432 -0.2744 -0.9304
vn 0.3370 -0.1973 -0.9206
vn -0.1649 -0.1178 -0.9793
vn -0.6497 0.0150 -0.7601
vn 0.9087 -0.4023 -0.1114
vn 0.8481 -0.2572 -0.4632
vn 0.4883 -0.4201 -0.7649
vn 0.5427 -0.5841 -0.6036
vn 0.1166 -0.6261 -0.7710
vn -0.0962 0.0098 -0.9953
vn -0.2776 -0.7616 -0.5856
vn -0.9159 -0.1410 -0.3758
vn -0.9203 0.2103 -0.3300
vn -0.8426 0.1975 -0.5010
vn -0.8123 -0.1044 -0.5739
vn -0.8933 -0.0135 -0.4493
vn -0.6241 -0.1761 -0.7613
vn -0.5736 -0.2088 -0.7921
vn -0.8297 0.0481 -0.5561
vn -0.6346 0.0372 -0.7719
vn -0.7209 -0.0159 -0.6928
vn -0.7538 0.0590 -0.6545
vn -0.7308 0.0107 -0.6825
vn -0.6980 -0.0748 -0.7122
vn -0.9015 0.1459 -0.4075
vn -0.9484 0.0870 -0.3048
vn 0.7924 -0.0203 0.6096
vn 0.7418 -0.0184 0.6703
vn 0.7951 -0.0186 0.6062
vn 0.9135 0.0017 0.4069
vn 0.9614 -0.0015 0.2753
vn 0.9584 0.0277 0.2839
vn 0.9751 -0.0463 0.2167
vn 0.9481 -0.0701 0.3103
vn 0.8763 -0.0337 0.4805
vn 0.8181 -0.0220 0.5747
vn -0.9102 -0.3739 0.1782
vn -0.9748 -0.1495 0.1658
vn 0.0010 -0.9987 0.0505
vn -0.7765 -0.5533 -0.3013
vn -0.9950 0.0655 0.0758
vn -0.9815 -0.0386 -0.1878
vn -0.9481 -0.0085 -0.3180
vn -0.9271 0.2280 -0.2975
vn -0.9288 0.0250 -0.3697
vn -0.9316 0.2395 -0.2735
vn -0.8337 0.1616 -0.5280
vn -0.9312 0.3303 -0.1540
vn -0.9799 -0.1371 -0.1451
vn -0.9556 0.0166 0.2941
vn -0.9605 0.2720 0.0584
vn -0.2500 -0.9268 -0.2803
vn 0.7726 -0.6293 -0.0839
vn 0.9276 -0.3618 -0.0934
vn 0.9580 -0.2203 -0.1837
vn 0.9811 -0.1404 0.1334
vn 0.9757 -0.2154 0.0395
vn 0.8285 -0.5540 -0.0814
vn 0.8134 -0.4112 -0.4115
vn 0.1512 -0.3376 -0.9291
vn 0.8516 -0.1774 -0.4932
vn 0.7909 -0.1794 -0.5851
vn 0.0181 0.0677 -0.9975
vn 0.8745 -0.4794 0.0742
vn 0.4357 -0.4064 -0.8031
vn 0.8135 -0.3358 0.4749
vn 0.9995 -0.0063 0.0308
vn -0.9344 0.0925 -0.3439
vn -0.9747 0.1566 -0.1592
vn -0.8176 -0.0894 -0.5688
vn -0.9022 0.0906 -0.4216
vn -0.9098 0.0595 -0.4107
vn -0.9419 0.2982 -0.1546
vn -0.8801 0.3016 -0.3666
vn -0.9340 0.2628 -0.2421
vn 0.8436 -0.0170 0.5367
vn -0.6054 -0.3083 -0.7337
vn -0.8116 -0.1224 -0.5713
vn -0.9317 -0.0099 -0.3632
vn -0.7127 -0.2175 -0.6669
vn -0.8984 0.3324 -0.2870
vn -0.6290 -0.0663 -0.7746
vn -0.2317 -0.2313 -0.9449
vn 0.8224 0.0242 0.5684
vn 0.9963 -0.0803 -0.0294
vn -0.6263 0.0970 -0.7735
vn -0.7151 0.0017 -0.6990
vn 0.8425 -0.3342 0.4225
vn 0.8480 -0.1074 0.5191
vn 0.1718 -0.3127 -0.9342
vn 0.1845 -0.2043 -0.9614
vn 0.0447 -0.6495 -0.7590
vn -0.7991 -0.2812 -0.5314
vn -0.1444 -0.9195 -0.3656
vn 0.3226 -0.8203 -0.4723
vn -0.9362 -0.1798 -0.3021
vn -0.6013 -0.1710 -0.7805
vn -0.9789 0.0674 -0.1931
vn -0.8399 0.4770 -0.2590
vn -0.1516 -0.1116 -0.9821
vn 0.6090 -0.6477 -0.4578
vn -0.8542 0.3272 -0.4040
vn -0.8426 0.3688 -0.3925
vn -0.8793 0.3589 -0.3130
vn -0.8777 0.3348 -0.3429
vn -0.7979 0.1882 -0.5727
vn -0.7695 0.2586 -0.5840
vn -0.8622 0.3519 -0.3643
vn -0.8659 0.1436 -0.4791
vn -0.9349 0.3539 -0.0255
vn -0.9702 0.2338 0.0640
vn -0.9547 0.2929 -0.0517
vn -0.9393 0.3239 -0.1131
vn 0.7714 -0.6351 0.0392
vn -0.0955 -0.3683 -0.9248
vn 0.7802 -0.4086 0.4736
vn 0.8987 -0.4202 0.1258
vn 0.7359 -0.5025 0.4537
vn 0.8783 -0.4289 0.2111
vn 0.9756 -0.2159 -0.0393
vn 0.5949 -0.5676 0.5692
vn -0.2489 -0.8237 0.5095
vn -0.5699 -0.7730 -0.2786
vn 0.4253 -0.2999 0.8539
vn -0.4802 -0.1907 -0.8562
vn 0.3435 -0.7385 -0.5802
vn 0.3804 -0.9126 -0.1499
vn 0.0366 -0.4788 -0.8772
vn -0.3777 -0.0352 -0.9253
vn -0.2611 -0.0321 -0.9648
vn 0.8138 -0.4635 -0.3507
vn 0.4149 -0.6570 -0.6295
vn -0.9515 0.2476 -0.1828
vn -0.8968 0.3561 -0.2627
vn -0.9715 -0.1078 -0.2110
vn -0.9188 0.1932 -0.3442
vn -0.8730 0.3391 -0.3505
vn -0.1276 -0.9873 0.0945
vn -0.2120 -0.9746 0.0727
vn -0.7905 -0.0825 -0.6069
vn 0.1962 -0.3726 -0.9070
vn -0.7369 0.4002 -0.5448
vn -0.8865 0.4124 -0.2101
vn -0.7737 0.4597 -0.4359
vn -0.7592 0.3055 -0.5747
vn -0.7734 0.3209 -0.5467
vn -0.8268 -0.0358 -0.5613
vn -0.7558 0.0464 -0.6531
vn -0.2124 -0.0404 -0.9763
vn -0.6474 0.2352 -0.7250
vn -0.4984 -0.1117 -0.8597
vn -0.5370 -0.1319 -0.8332
vn -0.4860 0.1818 -0.8548
vn -0.4476 0.1067 -0.8878
vn -0.7149 0.0890 -0.6935
vn -0.7045 0.2004 -0.6809
vn 0.9330 -0.2199 0.2848
vn -0.0801 -0.1103 0.9907
vn 0.0162 -0.7754 0.6313
vn 0.7641 -0.6405 -0.0762
vn 0.1867 -0.0829 -0.9789
vn -0.1390 -0.5460 -0.8262
vn -0.5292 0.4433 -0.7235
vn -0.5213 0.4449 -0.7282
vn -0.5742 0.2333 -0.7848
vn -0.4168 0.3078 -0.8553
vn -0.3468 0.3689 -0.8624
vn -0.5929 0.4958 -0.6345
vn -0.7017 0.5645 -0.4347
vn -0.6521 0.5774 -0.4913
vn -0.6055 0.4464 -0.6589
vn -0.4597 0.6080 -0.6473
vn -0.4324 0.5423 -0.7204
vn -0.5614 0.4176 -0.7145
vn -0.4734 0.4443 -0.7606
vn -0.4518 0.3799 -0.8072
vn -0.6304 0.4526 -0.6307
vn 0.6113 -0.3028 -0.7312
vn 0.9129 0.2571 -0.3170
vn 0.8169 -0.3773 0.4362
vn 0.3131 -0.9195 -0.2378
vn -0.5576 0.1014 -0.8239
vn -0.3692 0.6276 -0.6854
vn 0.8797 -0.3870 0.2764
vn 0.0724 -0.3092 -0.9482
vn -0.0433 0.1211 -0.9917
vn -0.5961 0.1064 -0.7958
vn 0.7088 -0.4246 -0.5633
vn -0.7363 0.1248 -0.6650
vn -0.7835 0.1933 -0.5905
vn 0.0856 0.1552 -0.9842
vn 0.7537 -0.1217 -0.6458
vn 0.8106 -0.2699 -0.5198
vn -0.2221 0.1547 -0.9627
vn -0.4465 0.1392 -0.8839
vn -0.7692 -0.0667 -0.6355
vn 0.8633 -0.0833 -0.4977
vn -0.2206 0.2691 -0.9375
vn -0.4083 0.3455 -0.8450
vn -0.7618 0.3481 -0.5463
vn -0.6163 0.2917 -0.7315
vn -0.6329 0.4885 -0.6006
vn -0.5110 0.4111 -0.7549
vn -0.4913 0.5103 -0.7059
vn -0.6303 0.3979 -0.6667
vn -0.4546 0.6732 -0.5832
vn -0.3947 0.4502 -0.8009
vn -0.5587 0.4915 -0.6680
vn -0.5234 0.5276 -0.6691
vn 0.7136 -0.5323 0.4554
vn 0.4207 -0.8675 0.2655
vn 0.3009 -0.7113 0.6353
vn 0.0216 -0.7988 0.6012
vn 0.3980 -0.2425 0.8848
vn 0.5459 -0.1604 0.8224
vn 0.5011 -0.1853 0.8453
vn 0.4476 -0.2500 0.8586
vn 0.4779 -0.2357 0.8462
vn 0.4425 -0.2772 0.8528
vn 0.7978 -0.2161 0.5628
vn 0.6477 -0.3075 0.6971
vn 0.4911 -0.2277 0.8408
vn 0.4236 -0.2602 0.8677
vn 0.3604 -0.4321 0.8267
vn 0.2479 -0.6029 0.7583
vn 0.8587 -0.4941 0.1362
vn 0.8967 -0.2315 0.3774
vn 0.4070 -0.9129 0.0299
vn 0.9457 -0.2670 -0.1854
vn -0.9920 0.0716 -0.1039
vn -0.9042 -0.4248 0.0449
vn 0.6701 -0.7251 0.1587
vn 0.9396 -0.2944 0.1745
vn 0.9338 -0.3564 -0.0326
vn 0.7574 -0.2252 -0.6129
vn 0.7910 -0.3140 -0.5252
vn 0.8462 -0.0540 -0.5302
vn 0.4031 -0.3436 -0.8482
vn -0.6562 0.1697 -0.7353
vn -0.5017 -0.7769 0.3804
vn 0.6702 0.0188 -0.7420
vn 0.7659 -0.6338 0.1077
vn 0.9160 -0.3792 0.1312
vn 0.9800 -0.1935 0.0465
vn 0.3679 -0.9273 0.0697
vn 0.7729 -0.4217 0.4741
vn 0.6999 -0.6960 0.1603
vn 0.5512 -0.8224 -0.1411
vn -0.2756 -0.8188 -0.5036
vn -0.1351 -0.6573 -0.7414
vn 0.4725 -0.6728 -0.5693
vn 0.0229 -0.7906 -0.6119
vn -0.3241 -0.7055 -0.6302
vn 0.9505 -0.2530 -0.1803
vn 0.8054 -0.3159 -0.5015
vn 0.8745 -0.2859 -0.3917
vn 0.9175 -0.1848 0.3521
vn 0.9272 -0.2059 0.3130
vn 0.8394 -0.5427 0.0295
vn 0.4006 -0.7286 -0.5555
vn -0.2306 -0.5412 -0.8086
vn 0.6103 -0.5461 -0.5739
vn 0.8571 -0.3713 0.3571
vn -0.5281 -0.7195 0.4511
vn 0.5309 -0.8234 0.2006
vn -0.7089 -0.3566 -0.6085
vn 0.9194 -0.3931 0.0166
vn 0.8548 -0.3671 0.3667
vn -0.4134 0.7533 -0.5115
vn -0.6092 0.6476 -0.4577
vn -0.7026 0.5108 -0.4954
vn -0.7856 0.5947 -0.1709
vn -0.7655 0.5747 0.2894
vn 0.1587 -0.4501 -0.8787
vn 0.9278 -0.1404 -0.3456
vn 0.7690 -0.4464 -0.4576
vn 0.9056 -0.2902 -0.3093
vn 0.9450 -0.2902 -0.1508
vn 0.8473 0.0813 0.5249
vn 0.8727 0.4883 0.0033
vn 0.2322 0.7996 -0.5538
vn 0.5204 0.5857 -0.6214
vn 0.5550 0.5626 -0.6128
vn 0.6503 0.5970 -0.4699
vn 0.2806 0.9202 0.2731
vn -0.5401 0.7533 0.3753
vn -0.5374 0.7117 -0.4525
vn 0.2850 0.4504 0.8461
vn -0.2728 0.5065 0.8180
vn -0.7188 0.4215 0.5529
vn -0.7915 0.3871 0.4730
vn -0.8636 0.3462 0.3666
vn -0.8711 0.3962 0.2902
vn -0.9374 0.3478 -0.0164
vn 0.8449 -0.4771 0.2420
vn -0.9696 0.2442 0.0144
vn -0.9505 0.2764 -0.1421
vn -0.9258 0.1310 -0.3545
vn -0.9223 0.3859 0.0193
vn -0.9124 0.3236 -0.2506
vn -0.8255 0.5436 -0.1516
vn -0.8109 0.5249 -0.2587
vn -0.8343 0.4771 0.2762
vn -0.9019 0.3424 0.2635
vn -0.9253 0.2040 -0.3196
vn -0.6315 -0.0972 -0.7692
vn -0.5793 0.3125 -0.7528
vn -0.8437 0.3724 -0.3866
vn -0.8593 -0.4558 -0.2320
vn -0.5909 -0.3954 -0.7032
vn -0.8537 -0.4990 -0.1489
vn -0.7409 0.4797 -0.4700
vn -0.6803 0.5999 -0.4211
vn -0.8583 0.4148 -0.3021
vn -0.9411 0.3022 -0.1514
vn -0.9391 0.2329 -0.2527
vn -0.6683 0.5873 -0.4567
vn -0.7197 0.5185 -0.4617
vn -0.6791 0.5034 -0.5342
vn -0.6304 0.4270 0.6483
vn -0.5824 0.4147 0.6992
vn -0.2333 0.3281 0.9154
vn -0.2456 0.1751 0.9534
vn -0.2969 -0.0047 0.9549
vn -0.6077 0.3583 0.7087
vn -0.3136 -0.0519 0.9481
vn -0.5720 0.4205 0.7043
vn 0.0716 -0.2847 0.9559
vn 0.0584 -0.4940 0.8675
vn 0.5583 -0.5643 0.6081
vn 0.5079 -0.7573 0.4106
vn 0.7629 -0.6296 -0.1469
vn 0.6917 -0.7033 -0.1642
vn 0.7002 -0.6870 -0.1941
vn 0.8314 -0.5246 -0.1830
vn 0.6937 -0.7195 0.0327
vn 0.8487 -0.5205 -0.0940
vn 0.5970 -0.3344 0.7292
vn 0.6792 -0.1618 0.7159
vn 0.9022 -0.4224 -0.0869
vn 0.0926 -0.0273 0.9953
vn 0.1609 0.1630 0.9734
vn 0.7192 -0.4159 -0.5566
vn -0.9027 0.2667 0.3376
vn -0.9513 0.2466 0.1848
vn -0.9106 0.2139 0.3535
vn -0.9406 0.2053 0.2705
vn 0.5545 -0.7353 0.3896
vn 0.5832 -0.0539 -0.8105
vn 0.7989 -0.0586 -0.5986
vn -0.0374 0.8244 -0.5648
vn 0.5766 -0.0940 0.8116
vn 0.5911 -0.1113 0.7989
vn 0.6611 -0.2232 0.7163
vn 0.3737 -0.3411 0.8625
vn 0.3932 -0.2273 0.8909
vn 0.8222 -0.1878 0.5373
vn 0.5880 -0.0891 0.8039
vn 0.7609 -0.2812 0.5848
vn 0.6171 -0.1845 0.7649
vn 0.6400 -0.3886 0.6628
vn 0.5477 -0.2299 0.8045
vn 0.6884 -0.3119 0.6549
vn 0.5347 -0.2158 0.8170
vn 0.4898 -0.4038 0.7727
vn 0.5668 -0.0334 0.8232
vn 0.5630 -0.2378 0.7915
vn -0.4381 0.6176 -0.6532
vn -0.4871 0.5881 -0.6457
vn -0.3222 0.6395 -0.6980
vn 0.0845 0.5901 -0.8029
vn -0.2692 0.5504 -0.7903
vn -0.2090 0.7039 -0.6789
vn 0.1248 0.6502 -0.7495
vn 0.0866 0.7113 -0.6975
vn 0.1034 0.7229 -0.6831
vn 0.0972 0.7301 -0.6763
vn 0.2023 0.7535 -0.6255
vn -0.7769 0.2818 -0.5630
vn -0.7330 0.3221 -0.5991
vn -0.8438 0.2695 -0.4642
vn -0.8597 0.2308 -0.4557
vn -0.7833 0.3098 -0.5390
vn -0.8854 0.2005 -0.4194
vn -0.6165 0.3526 -0.7040
vn -0.6031 0.3491 -0.7173
vn -0.7827 0.1668 -0.5996
vn -0.6459 0.1081 -0.7557
vn -0.8887 0.2093 -0.4079
vn -0.5867 0.1710 -0.7916
vn -0.7165 0.2692 -0.6436
vn -0.7532 0.1875 -0.6305
vn -0.4319 0.1015 -0.8962
vn -0.4563 0.2424 -0.8562
vn -0.1556 0.0374 -0.9871
vn -0.3203 0.4797 -0.8169
vn -0.2256 0.5101 -0.8300
vn -0.2062 0.5150 -0.8320
vn -0.0841 0.6137 -0.7850
vn -0.5429 0.1714 -0.8221
vn -0.8649 0.3463 -0.3635
vn -0.5189 0.0279 -0.8544
vn -0.8681 0.3574 -0.3446
vn -0.8929 0.3501 -0.2832
vn -0.8921 0.3529 -0.2822
vn -0.9076 0.3083 -0.2850
vn -0.8939 0.2857 -0.3454
vn -0.9188 0.1968 -0.3423
vn -0.9072 0.2594 -0.3313
vn -0.9014 0.2698 -0.3386
vn -0.8629 0.1464 -0.4836
vn -0.9123 0.2727 -0.3054
vn -0.6679 0.0083 -0.7442
vn -0.7062 0.0215 -0.7077
vn -0.6814 -0.0323 -0.7312
vn -0.6957 0.0211 -0.7180
vn -0.8778 -0.0042 -0.4790
vn -0.7513 0.0162 -0.6597
vn -0.7283 0.0158 -0.6851
vn -0.7139 -0.1119 -0.6912
vn -0.7271 -0.1485 -0.6702
vn -0.7774 0.0235 -0.6286
vn -0.7778 0.0790 -0.6236
vn -0.8821 -0.0231 -0.4704
vn -0.8317 0.0695 -0.5508
vn -0.2011 -0.4977 -0.8437
vn -0.8860 0.0024 -0.4637
vn -0.9916 -0.0005 -0.1295
vn -0.8951 -0.2019 0.3975
vn -0.9978 -0.0010 -0.0670
vn -0.9219 -0.2232 0.3166
vn 0.1659 -0.4009 0.9010
vn 0.1157 -0.3890 0.9140
vn 0.0104 -0.5102 0.8600
vn -0.9345 -0.2563 0.2469
vn 0.0244 -0.6940 0.7196
vn 0.8847 -0.1712 0.4336
vn 0.8867 -0.2998 0.3519
vn 0.8545 -0.4930 0.1639
vn 0.1735 -0.9108 0.3746
vn 0.8454 -0.5328 -0.0385
vn 0.3740 -0.9202 0.1158
vn -0.6439 -0.6900 0.3305
vn 0.6374 -0.7692 0.0446
vn -0.4642 -0.7948 0.3909
vn -0.9499 0.0028 0.3124
vn -0.9516 -0.0312 0.3059
vn -0.9500 0.1025 0.2949
vn -0.9481 0.0508 0.3139
vn -0.9524 0.0587 0.2992
vn -0.9379 0.0760 0.3386
vn -0.9713 0.0554 0.2314
vn -0.9938 0.0557 0.0961
vn -0.9310 0.1334 0.3399
vn -0.9424 0.1271 0.3093
vn -0.9424 0.1716 0.2872
vn -0.9233 0.0650 0.3786
vn -0.9587 0.0740 0.2748
vn -0.9658 0.1071 0.2360
vn -0.9778 0.0690 0.1979
vn -0.9981 0.0606 0.0072
vn -0.9450 0.0315 0.3255
vn -0.9165 -0.0593 0.3955
vn -0.3613 -0.8195 0.4448
vn -0.0198 -0.7936 0.6081
vn 0.7852 -0.6170 -0.0529
vn 0.8352 -0.5355 -0.1251
vn 0.9468 -0.2468 -0.2064
vn 0.8972 -0.2040 -0.3916
vn 0.9571 -0.2317 -0.1741
vn 0.9199 -0.2355 -0.3136
vn 0.9654 -0.2074 -0.1581
vn 0.9372 -0.2110 -0.2779
vn 0.9688 -0.2074 -0.1356
vn 0.9442 -0.2736 -0.1835
vn 0.9576 -0.2028 -0.2045
vn 0.8431 -0.4982 -0.2026
vn 0.8180 -0.5746 0.0283
vn 0.9062 -0.3465 0.2423
vn 0.9700 -0.1181 -0.2126
vn 0.9718 -0.1749 -0.1583
vn 0.9723 -0.1542 -0.1757
vn 0.9769 -0.1073 -0.1848
vn 0.9656 -0.2302 -0.1212
vn 0.9645 -0.2251 -0.1379
vn 0.9915 -0.1195 -0.0508
vn 0.9498 -0.2909 -0.1152
vn 0.9341 -0.3467 -0.0850
vn 0.9079 -0.4039 -0.1124
vn 0.9811 -0.0932 0.1693
vn 0.9929 -0.1014 -0.0624
vn 0.9866 -0.0859 0.1384
vn 0.9911 -0.0962 -0.0920
vn 0.9761 -0.1148 -0.1847
vn 0.9772 -0.1427 -0.1573
vn 0.9864 -0.0979 0.1322
vn 0.9927 -0.0913 0.0786
vn 0.9079 -0.0672 0.4137
vn 0.8307 -0.0286 0.5559
vn 0.7916 -0.0237 0.6106
vn 0.7488 -0.1169 0.6524
vn 0.8881 -0.1391 0.4381
vn 0.9126 -0.1641 0.3746
vn -0.7790 -0.0848 -0.6213
vn -0.8441 -0.0781 -0.5305
vn -0.7849 -0.0356 -0.6187
vn -0.7922 -0.0501 -0.6082
vn -0.8659 -0.0094 -0.5001
vn -0.7088 -0.0217 -0.7051
vn -0.8195 -0.0197 -0.5727
vn -0.7463 -0.0252 -0.6651
vn -0.7222 -0.0734 -0.6877
vn -0.7091 -0.0481 -0.7034
vn -0.7355 -0.0850 -0.6722
vn -0.8216 -0.1080 -0.5597
vn -0.5912 -0.1501 -0.7924
vn -0.6630 -0.0847 -0.7438
vn -0.9237 0.0137 -0.3828
vn -0.6981 -0.0195 -0.7158
vn 0.0838 0.0003 -0.9965
vn -0.1678 -0.0871 -0.9820
vn -0.2716 -0.0228 -0.9621
vn -0.4207 0.0143 -0.9071
vn -0.5043 -0.0211 -0.8633
vn 0.1233 0.0316 -0.9919
vn -0.7433 0.0414 -0.6677
vn -0.5662 0.0054 -0.8242
vn -0.4384 0.0821 -0.8950
vn -0.6858 0.0578 -0.7255
vn -0.7626 0.0128 -0.6468
vn -0.7532 -0.1293 -0.6450
vn -0.7814 -0.0667 -0.6204
vn -0.6828 -0.0650 -0.7277
vn -0.7908 -0.0466 -0.6104
vn -0.6461 -0.0560 -0.7612
vn -0.7997 -0.0563 -0.5977
vn -0.9130 -0.0640 -0.4029
vn -0.7951 -0.0641 -0.6031
vn -0.9126 -0.0801 -0.4009
vn -0.9901 -0.0898 0.1075
vn -0.9773 -0.1425 0.1566
vn -0.1243 -0.1294 0.9838
vn -0.2075 -0.0539 0.9767
vn 0.7483 0.0034 0.6634
vn 0.7128 0.0303 0.7007
vn 0.6389 0.0738 0.7657
vn 0.7839 0.0327 0.6200
vn 0.7752 0.0594 0.6290
vn 0.7482 0.0714 0.6596
vn 0.6880 0.0475 0.7241
vn 0.6712 0.0591 0.7389
vn 0.6985 -0.0485 0.7140
vn 0.5510 0.0523 0.8329
vn 0.6738 0.0230 0.7386
vn 0.7727 0.0520 0.6326
vn 0.7773 0.0114 0.6290
vn 0.6603 0.0078 0.7509
vn 0.6987 0.0243 0.7150
vn 0.6549 0.0060 0.7557
vn 0.6472 0.0090 0.7623
vn 0.9743 -0.2065 0.0895
vn 0.9837 -0.1150 -0.1382
vn 0.9060 -0.0237 -0.4226
vn 0.1457 -0.1666 -0.9752
vn 0.3258 -0.3115 -0.8927
vn -0.0493 -0.0948 -0.9943
vn -0.4048 -0.0933 -0.9096
vn -0.4341 -0.0645 -0.8985
vn -0.6352 -0.0693 -0.7692
vn -0.3673 -0.1904 -0.9104
vn -0.6130 -0.1428 -0.7771
vn -0.7783 -0.1279 -0.6148
vn -0.9048 -0.1513 -0.3980
vn -0.9382 -0.2603 0.2281
vn -0.0063 -0.2132 0.9770
vn 0.7662 -0.0026 0.6426
vn 0.7680 0.0037 0.6405
vn -0.4942 0.0438 -0.8683
vn -0.9328 -0.0261 -0.3594
vn 0.8604 0.0410 0.5079
vn -0.9065 0.3442 -0.2444
vn -0.9451 0.2536 0.2059
vn 0.6897 -0.0116 0.7240
vn 0.6377 -0.0399 0.7692
vn 0.5330 -0.0466 0.8448
vn 0.5764 -0.0040 0.8172
vn 0.6567 -0.0451 0.7528
vn 0.7083 -0.0220 0.7056
vn 0.7158 -0.0162 0.6982
vn 0.6544 -0.1042 0.7490
vn 0.6225 -0.1418 0.7697
vn 0.6957 -0.0192 0.7181
vn 0.6340 -0.0149 0.7732
vn 0.6219 -0.1648 0.7655
vn 0.6447 -0.0417 0.7633
vn 0.4801 0.0152 0.8771
vn 0.5760 0.0119 0.8174
vn 0.6590 -0.0583 0.7499
vn 0.3042 -0.0235 0.9523
vn 0.6721 -0.0256 0.7401
vn 0.1081 -0.0986 0.9892
vn 0.4901 -0.0012 0.8716
vn 0.6558 0.0068 0.7549
vn 0.6668 -0.0495 0.7436
vn 0.6529 -0.1003 0.7508
vn 0.7263 -0.0971 0.6805
vn 0.6300 -0.0413 0.7755
vn 0.6905 -0.0145 0.7232
vn 0.7904 -0.0416 0.6112
vn 0.5961 -0.0243 0.8026
vn 0.5801 -0.0107 0.8145
vn 0.5992 -0.0148 0.8005
vn 0.5986 -0.0003 0.8011
vn 0.5606 0.0064 0.8281
vn 0.5313 0.0062 0.8472
vn 0.5257 -0.0070 0.8507
vn 0.5491 0.0149 0.8356
vn 0.4319 0.0244 0.9016
vn 0.4637 0.0066 0.8860
vn 0.5612 0.0568 0.8257
vn 0.3662 0.0562 0.9288
vn 0.4292 0.0915 0.8986
vn 0.4376 0.0601 0.8971
vn 0.4434 0.1024 0.8905
vn 0.5244 0.0046 0.8515
vn 0.5596 0.0714 0.8257
vn 0.4675 0.0230 0.8837
vn 0.4728 -0.0025 0.8812
vn 0.4922 -0.0180 0.8703
vn 0.5316 -0.0204 0.8468
vn 0.5173 -0.0604 0.8537
vn 0.5300 -0.0461 0.8467
vn 0.6043 -0.0082 0.7967
vn 0.4956 -0.0611 0.8664
vn 0.6011 -0.0005 0.7992
vn 0.7310 0.0157 0.6822
vn 0.6317 0.0060 0.7752
vn 0.7560 0.0134 0.6544
vn 0.8050 0.0274 0.5927
vn 0.8050 0.0118 0.5932
vn 0.9372 0.1435 -0.3178
vn 0.9993 0.0296 -0.0230
vn -0.2393 0.0503 -0.9696
vn 0.0296 -0.0356 -0.9989
vn -0.6900 -0.0382 -0.7228
vn -0.6801 -0.0610 -0.7306
vn -0.6053 -0.0587 -0.7938
vn -0.5579 -0.1770 -0.8108
vn -0.4809 -0.0341 -0.8761
vn -0.4078 -0.1474 -0.9011
vn 0.1791 -0.6734 -0.7173
vn -0.1908 -0.8134 -0.5495
vn 0.7538 -0.5361 0.3801
vn 0.4657 -0.7329 0.4960
vn 0.5068 0.0288 0.8616
vn 0.4929 0.0066 0.8700
vn 0.4965 0.0381 0.8672
vn 0.5036 0.0108 0.8639
vn 0.5551 -0.0129 0.8317
vn 0.5521 -0.0615 0.8315
vn 0.5676 -0.0229 0.8230
vn 0.6459 -0.1105 0.7554
vn 0.5902 -0.1608 0.7911
vn 0.5036 -0.1303 0.8541
vn 0.5033 -0.1098 0.8571
vn 0.8089 -0.1069 0.5781
vn 0.6900 -0.1571 0.7066
vn 0.6560 -0.0382 0.7538
vn 0.5236 0.0182 0.8518
vn 0.5601 0.0009 0.8284
vn 0.5323 0.0318 0.8460
vn 0.5449 0.0197 0.8383
vn 0.5565 0.0364 0.8301
vn 0.5449 0.0298 0.8380
vn 0.5195 0.0252 0.8541
vn 0.5605 0.0185 0.8280
vn 0.4958 -0.0463 0.8672
vn 0.3474 -0.2558 0.9022
vn -0.2614 -0.9428 -0.2069
vn 0.5680 0.0341 0.8223
vn 0.7157 0.1170 0.6886
vn 0.8390 0.5009 -0.2127
vn 0.5702 0.0331 0.8208
vn 0.5410 0.0500 0.8395
vn 0.5878 0.0426 0.8079
vn 0.5962 -0.0253 0.8025
vn 0.8803 -0.3887 0.2719
vn 0.7311 -0.6025 0.3202
vn 0.2569 -0.4584 -0.8508
vn 0.0758 -0.5182 -0.8519
vn -0.3519 -0.0647 -0.9338
vn -0.3463 -0.0412 -0.9372
vn 0.5101 -0.0856 0.8558
vn -0.4202 0.0492 -0.9061
vn -0.6951 -0.0410 -0.7177
vn -0.5208 0.0345 -0.8530
vn -0.7029 -0.0552 -0.7091
vn -0.5540 -0.0531 -0.8308
vn -0.7153 -0.0737 -0.6949
vn -0.3487 -0.6157 -0.7067
vn 0.7320 -0.4848 -0.4786
vn 0.7626 0.0038 -0.6468
vn 0.8089 0.1973 -0.5538
vn 0.7999 -0.0007 0.6001
vn 0.8643 0.1978 -0.4625
vn 0.8000 0.0195 0.5997
vn 0.7666 -0.0077 0.6420
vn 0.7624 -0.0309 0.6464
vn 0.6933 -0.0216 0.7204
vn 0.4990 -0.0576 0.8647
vn 0.4640 -0.0412 0.8849
vn 0.4506 0.0657 0.8903
vn 0.3478 0.0468 0.9364
vn 0.4877 0.0495 0.8716
vn 0.7788 0.2865 0.5580
vn 0.8897 0.0931 0.4469
vn 0.6870 0.0042 0.7267
vn 0.8490 0.2496 0.4657
vn 0.7876 0.3328 -0.5186
vn 0.7880 0.4410 -0.4296
vn 0.9416 0.0440 0.3338
vn 0.7458 0.1702 -0.6440
vn 0.4004 0.1596 -0.9023
vn 0.4126 0.2292 -0.8816
vn 0.9454 0.1148 0.3049
vn 0.6725 0.1790 -0.7181
vn 0.3112 0.0981 -0.9453
vn 0.1193 0.0484 -0.9917
vn 0.1983 0.1167 -0.9732
vn 0.5703 0.2057 -0.7952
vn 0.2339 0.0631 -0.9702
vn 0.0928 0.0265 -0.9953
vn -0.0924 0.0094 -0.9957
vn 0.2158 0.0413 -0.9756
vn 0.0939 0.0129 -0.9955
vn 0.2107 -0.0223 -0.9773
vn 0.0954 -0.0490 -0.9942
vn 0.1806 -0.0523 -0.9822
vn 0.0558 -0.0775 -0.9954
vn 0.1311 -0.0272 -0.9910
vn 0.0002 -0.0424 -0.9991
vn -0.1539 -0.0566 -0.9865
vn -0.3096 -0.0858 -0.9470
vn -0.0197 -0.0540 -0.9983
vn -0.1602 -0.0565 -0.9855
vn -0.3514 -0.0681 -0.9338
vn -0.2148 -0.1182 -0.9695
vn -0.4750 -0.0680 -0.8773
vn -0.3246 -0.0755 -0.9428
vn -0.4651 -0.0898 -0.8807
vn -0.3501 -0.0878 -0.9326
vn -0.6586 -0.0932 -0.7467
vn -0.5959 -0.0863 -0.7984
vn -0.6324 -0.0872 -0.7697
vn -0.5025 -0.0981 -0.8590
vn -0.5091 -0.1127 -0.8533
vn -0.5941 -0.0751 -0.8008
vn -0.4774 -0.0861 -0.8744
vn -0.5692 -0.0820 -0.8181
vn -0.4737 -0.0851 -0.8766
vn -0.6222 -0.0412 -0.7818
vn -0.5059 -0.0580 -0.8607
vn -0.4037 -0.0482 -0.9136
vn -0.5890 0.0064 -0.8081
vn -0.4262 0.0052 -0.9046
vn -0.2709 0.0214 -0.9624
vn -0.2814 -0.0228 -0.9593
vn -0.0608 0.0628 -0.9962
vn -0.2813 0.0526 -0.9582
vn -0.0487 0.1102 -0.9927
vn 0.2310 0.1825 -0.9557
vn 0.1645 0.2346 -0.9581
vn -0.0861 0.1610 -0.9832
vn 0.3876 0.3039 -0.8703
vn 0.4176 0.2436 -0.8754
vn 0.8762 0.2388 -0.4185
vn 0.4216 0.1041 -0.9008
vn 0.8433 -0.2181 -0.4912
vn 0.8349 -0.3606 0.4159
vn 0.3642 -0.8323 0.4180
vn 0.4437 -0.5411 -0.7143
vn 0.5883 -0.2148 0.7796
vn 0.2395 0.1054 -0.9652
vn -0.3115 0.0999 -0.9450
vn -0.4807 0.0185 -0.8767
vn -0.5211 0.0487 -0.8521
vn -0.5240 0.0629 -0.8494
vn -0.6695 0.0182 -0.7426
vn -0.6618 0.0268 -0.7492
vn -0.6420 0.0492 -0.7651
vn -0.4815 0.0916 -0.8717
vn -0.3901 0.1518 -0.9082
vn -0.3979 0.0829 -0.9137
vn -0.4572 0.0319 -0.8888
vn -0.0965 0.0462 -0.9943
vn -0.1753 0.1575 -0.9718
vn -0.6005 -0.0054 -0.7996
vn -0.2728 -0.0567 -0.9604
vn -0.6637 0.0088 -0.7479
vn -0.4377 0.0205 -0.8989
vn -0.4090 0.0248 -0.9122
vn -0.4274 0.0248 -0.9037
vn -0.4679 0.0033 -0.8838
vn -0.7058 0.0131 -0.7083
vn -0.6575 0.0199 -0.7532
vn -0.4591 -0.0938 -0.8834
vn -0.7352 -0.0796 -0.6732
vn -0.8801 -0.0471 -0.4725
vn -0.7026 -0.1175 -0.7018
vn -0.8373 -0.0638 -0.5430
vn -0.8854 -0.0252 -0.4641
vn -0.9358 -0.0070 -0.3526
vn -0.7734 -0.0405 -0.6327
vn -0.8566 -0.0400 -0.5144
vn -0.9129 -0.0494 -0.4051
vn -0.8529 -0.0609 -0.5185
vn -0.9273 -0.0718 -0.3673
vn -0.9892 -0.1047 0.1030
vn -0.9910 -0.1067 -0.0813
vn -0.9823 -0.1581 0.1006
vn -0.3157 -0.1641 0.9346
vn -0.2911 -0.0833 0.9531
vn 0.5705 -0.0281 0.8208
vn 0.5795 0.0088 0.8149
vn 0.7017 0.0234 0.7121
vn 0.6830 0.0346 0.7296
vn 0.7001 0.0196 0.7138
vn 0.6542 0.0102 0.7562
vn 0.6045 0.0210 0.7963
vn 0.6448 0.0370 0.7634
vn 0.5894 0.0456 0.8065
vn 0.6733 -0.0088 0.7394
vn 0.6878 0.0261 0.7254
vn 0.6406 0.0621 0.7654
vn 0.6369 0.0872 0.7660
vn 0.4221 0.0681 0.9040
vn 0.4618 0.0389 0.8861
vn 0.5803 0.0519 0.8128
vn 0.5517 0.0126 0.8339
vn 0.5295 0.0192 0.8481
vn 0.6649 0.0837 0.7423
vn 0.2833 -0.0612 0.9571
vn 0.6807 0.0839 0.7278
vn 0.4310 -0.0720 0.8995
vn 0.6399 0.1051 0.7612
vn 0.4583 -0.0092 0.8888
vn 0.5387 0.1626 0.8267
vn 0.3803 0.0432 0.9239
vn 0.3370 0.0827 0.9379
vn 0.2703 0.0501 0.9615
vn 0.3421 -0.0060 0.9397
vn 0.2041 0.0519 0.9776
vn 0.3172 0.0408 0.9475
vn 0.1933 0.0550 0.9796
vn 0.2591 0.0496 0.9646
vn 0.3423 0.0460 0.9385
vn 0.2644 -0.0186 0.9642
vn 0.3060 -0.0114 0.9520
vn 0.4346 0.0079 0.9006
vn 0.4161 0.0260 0.9089
vn 0.2635 -0.0004 0.9647
vn 0.4045 0.0476 0.9133
vn 0.3088 -0.0034 0.9511
vn 0.2545 0.0047 0.9671
vn 0.2865 0.0487 0.9568
vn 0.2261 -0.0038 0.9741
vn 0.1862 0.0020 0.9825
vn 0.1381 -0.0048 0.9904
vn 0.2030 0.0576 0.9775
vn 0.3997 0.0494 0.9153
vn 0.4266 -0.0199 0.9042
vn 0.1782 0.0649 0.9818
vn 0.3207 0.0441 0.9461
vn 0.9536 -0.2476 0.1714
vn 0.9986 -0.0213 0.0493
vn 0.1843 0.1022 0.9775
vn 0.2239 0.0805 0.9713
vn 0.7797 -0.5072 0.3672
vn 0.3660 -0.5248 -0.7685
vn 0.4603 -0.2496 -0.8520
vn 0.2343 0.1173 0.9651
vn 0.6549 -0.5414 0.5273
vn 0.2633 0.1320 0.9556
vn -0.0383 -0.3013 -0.9528
vn 0.0606 -0.1549 -0.9861
vn 0.1090 -0.0523 -0.9927
vn 0.4334 -0.0583 -0.8993
vn 0.3737 -0.0247 -0.9272
vn 0.9943 -0.0544 -0.0914
vn 0.3738 -0.0560 -0.9258
vn 0.9882 -0.1275 -0.0854
vn 0.4287 -0.0520 0.9020
vn 0.9942 0.0976 -0.0455
vn 0.4110 0.0645 0.9093
vn 0.1198 0.0282 0.9924
vn 0.3569 0.1138 0.9272
vn 0.1755 0.0206 0.9843
vn 0.3456 0.0436 0.9374
vn 0.2370 0.0509 0.9702
vn 0.3393 0.1030 0.9350
vn 0.9151 0.3333 0.2269
vn 0.9450 0.3195 0.0695
vn 0.4632 0.1374 -0.8755
vn 0.4107 0.0100 -0.9117
vn -0.0754 -0.1288 -0.9888
vn -0.1722 -0.2129 -0.9618
vn -0.2922 -0.1374 -0.9464
vn -0.3760 -0.1331 -0.9170
vn -0.4555 -0.1987 -0.8678
vn -0.4696 -0.1671 -0.8669
vn -0.5174 -0.2624 -0.8145
vn -0.6090 -0.1898 -0.7701
vn -0.6731 -0.1213 -0.7295
vn -0.5016 -0.1159 -0.8573
vn -0.7988 -0.2316 -0.5553
vn -0.6760 -0.3736 -0.6351
vn -0.5957 -0.6581 0.4605
vn -0.8088 -0.3582 0.4663
vn -0.5431 -0.4364 -0.7173
vn -0.3548 -0.8556 0.3770
vn 0.6969 0.0009 0.7172
vn -0.4577 -0.3166 0.8308
vn 0.5071 -0.0971 0.8564
vn -0.6020 -0.5801 0.5486
vn 0.4072 -0.2578 0.8762
vn -0.8948 -0.3047 -0.3263
vn -0.9723 -0.2262 -0.0590
vn -0.6472 -0.2259 -0.7281
vn -0.1370 -0.4397 -0.8876
vn -0.5835 -0.1230 -0.8027
vn -0.5590 -0.0679 -0.8264
vn -0.7448 -0.0559 -0.6650
vn -0.5726 -0.0491 -0.8184
vn -0.6300 -0.0539 -0.7747
vn -0.4430 -0.0828 -0.8927
vn -0.4763 -0.1413 -0.8679
vn 0.8316 -0.4906 -0.2602
vn 0.8072 -0.0585 0.5874
vn -0.6480 0.0072 -0.7616
vn 0.9899 0.0185 -0.1405
vn 0.9424 -0.1390 -0.3043
vn 0.3055 -0.8615 -0.4055
vn 0.3480 0.1031 -0.9318
vn 0.9014 -0.0668 0.4279
vn 0.7673 -0.0174 0.6411
vn 0.7004 -0.1305 0.7017
vn 0.9197 -0.0650 0.3871
vn 0.7747 0.0107 0.6322
vn 0.6093 -0.2672 0.7466
vn -0.5636 -0.3520 0.7473
vn -0.3929 -0.1954 0.8986
vn -0.9961 -0.0475 0.0737
vn -0.9957 -0.0700 -0.0614
vn 0.7504 -0.0503 -0.6591
vn 0.4877 0.1719 -0.8559
vn -0.0557 -0.5904 -0.8052
vn 0.5485 0.1462 0.8233
vn -0.8793 -0.2747 0.3890
vn -0.9322 -0.2404 0.2705
vn 0.1446 0.5687 -0.8097
vn -0.6647 0.1801 -0.7251
vn -0.7942 0.0528 -0.6054
vn -0.8962 -0.0224 -0.4430
vn -0.8623 -0.0598 -0.5028
vn -0.6099 0.2900 -0.7375
vn -0.9705 -0.0031 -0.2410
vn 0.9667 -0.2558 -0.0056
vn 0.7424 -0.3581 -0.5662
vn 0.1696 -0.3041 -0.9374
vn -0.7341 0.5890 -0.3378
vn -0.9775 0.0640 0.2011
vn -0.8485 -0.2608 0.4604
vn -0.8183 0.0122 -0.5747
vn -0.3069 -0.1856 -0.9335
vn -0.9584 0.1245 -0.2569
vn 0.7722 0.0034 0.6354
vn -0.2924 -0.3981 -0.8695
vn -0.6144 -0.2133 -0.7596
vn -0.7076 -0.0059 -0.7066
vn -0.8788 -0.0563 -0.4739
vn -0.7809 0.1876 -0.5958
vn -0.5326 0.2820 -0.7980
vn -0.6888 0.3882 -0.6122
vn 0.5144 -0.0217 0.8573
vn 0.4960 -0.0624 0.8661
vn 0.5133 -0.0926 0.8532
vn 0.4328 -0.1379 0.8909
vn 0.4535 -0.1572 0.8773
vn 0.5392 -0.1308 0.8319
vn 0.5742 -0.2299 0.7858
vn 0.5368 -0.4276 0.7273
vn 0.3790 -0.1982 0.9039
vn 0.3919 -0.2117 0.8953
vn 0.4013 -0.1940 0.8952
vn 0.4642 -0.1156 0.8781
vn 0.7610 0.4323 0.4836
vn 0.5441 0.0139 0.8389
vn 0.7582 0.6171 0.2105
vn 0.6312 0.0328 0.7749
vn 0.8053 0.5924 0.0238
vn 0.9364 0.3442 -0.0691
vn 0.9416 -0.2208 0.2541
vn 0.4624 -0.0812 0.8830
vn 0.0012 -0.4097 0.9122
vn -0.0343 -0.4650 0.8847
vn 0.0621 -0.3553 0.9327
vn -0.7767 -0.6241 0.0847
vn -0.8304 -0.5530 -0.0678
vn 0.2585 0.4277 -0.8662
vn 0.7834 0.0923 0.6146
vn 0.6390 -0.0884 0.7641
vn 0.6518 -0.1415 0.7451
vn 0.8288 0.5566 0.0574
vn 0.6305 -0.3304 0.7024
vn 0.8895 0.4388 -0.1274
vn 0.9096 0.1160 -0.3990
vn 0.8040 -0.5884 0.0863
vn 0.8170 -0.5561 0.1526
vn 0.6942 0.1326 -0.7074
vn 0.8178 0.2218 -0.5310
vn 0.7917 -0.5988 0.1213
vn 0.6968 -0.5905 0.4072
vn 0.7592 -0.4966 0.4207
vn -0.2158 -0.9194 0.3288
vn 0.5500 -0.8340 0.0445
vn -0.5739 -0.5462 0.6101
vn -0.7170 -0.4566 -0.5267
vn -0.8747 -0.4274 -0.2283
vn 0.7545 -0.6544 -0.0498
vn -0.6433 0.5294 -0.5531
vn -0.6925 0.7123 -0.1138
vn 0.2306 0.9489 0.2153
vn 0.7226 0.6314 -0.2813
vn 0.6026 -0.2249 0.7657
vn 0.1986 0.3277 0.9237
vn -0.4986 -0.8400 -0.2141
vn 0.5682 -0.8193 0.0764
vn 0.6152 -0.5334 0.5805
vn -0.6988 -0.6214 0.3543
vn 0.7787 0.2074 -0.5921
vn 0.6283 -0.2258 -0.7445
vn -0.5989 0.2635 -0.7562
vn -0.3601 -0.1815 -0.9151
vn -0.5898 0.3578 -0.7240
vn 0.8427 0.1892 -0.5040
vn -0.8036 -0.3091 0.5086
vn -0.8293 -0.0660 0.5550
vn -0.5446 0.4620 -0.7000
vn 0.5613 -0.4195 0.7134
vn 0.5356 -0.4039 0.7417
vn -0.7647 -0.0194 0.6441
vn 0.5646 -0.4311 0.7038
vn 0.8372 0.1862 -0.5142
vn 0.8305 0.1613 -0.5331
vn 0.5977 -0.4066 0.6910
vn 0.8133 0.2592 -0.5209
vn -0.5466 0.5078 -0.6659
vn -0.5618 0.5182 -0.6449
vn -0.7567 -0.0221 0.6534
vn -0.6879 -0.0578 0.7235
vn -0.6625 0.2262 0.7141
vn 0.8088 -0.0917 -0.5809
vn -0.6589 -0.6282 -0.4138
vn 0.5765 -0.0017 -0.8171
vn 0.7837 0.1344 0.6065
vn 0.6089 0.0056 -0.7932
vn 0.5572 0.0089 -0.8303
vn 0.5560 -0.0113 -0.8311
vn 0.5439 -0.0011 -0.8392
vn 0.5174 0.0118 -0.8557
vn 0.5741 0.0055 -0.8188
vn 0.5948 0.0002 -0.8039
vn -0.4391 0.2721 -0.8563
vn -0.1823 0.8524 -0.4900
vn -0.3303 0.3025 -0.8941
vn -0.3381 0.2969 -0.8931
vn -0.3300 0.3034 -0.8939
vn -0.3236 0.3073 -0.8949
vn -0.3316 0.3041 -0.8931
vn -0.3364 0.3021 -0.8920
vn -0.3362 0.3006 -0.8925
vn -0.3917 0.2930 -0.8722
vn -0.4804 0.2973 -0.8251
vn -0.5528 0.2361 -0.7992
vn -0.3434 0.2918 -0.8927
vn -0.3319 0.3007 -0.8941
vn -0.3375 0.2960 -0.8936
vn -0.3257 0.3063 -0.8945
vn -0.0853 0.9908 -0.1048
vn 0.8999 -0.3479 -0.2630
vn 0.9000 -0.3489 -0.2613
vn 0.9030 -0.3529 -0.2450
vn 0.9113 -0.3611 -0.1978
vn 0.9112 -0.3610 -0.1985
vn 0.9197 -0.3566 -0.1645
vn 0.9198 -0.3563 -0.1645
vn 0.9145 -0.3257 -0.2399
vn 0.9142 -0.3252 -0.2419
vn 0.8752 -0.2591 -0.4086
vn 0.8734 -0.2564 -0.4140
vn 0.2117 0.3678 -0.9055
vn 0.0384 0.4580 -0.8881
vn -0.8893 0.4384 0.1304
vn -0.8869 0.4489 0.1091
vn -0.8828 0.3642 0.2967
vn -0.8820 0.3633 0.3003
vn -0.8519 0.3547 0.3852
vn -0.8342 0.3593 0.4184
vn -0.7969 0.3665 0.4802
vn 0.9934 -0.0007 -0.1147
vn 0.9262 0.1588 -0.3420
vn 0.4922 0.1968 -0.8479
vn 0.9825 -0.0733 -0.1714
vn -0.1608 0.3547 -0.9211
vn 0.4463 0.3417 -0.8271
vn 0.0423 -0.2738 -0.9609
vn 0.1001 -0.3040 -0.9474
vn 0.4340 -0.1278 -0.8918
vn -0.3161 0.1141 -0.9418
vn 0.5738 -0.5930 -0.5649
vn 0.4857 -0.4949 -0.7206
vn 0.0149 -0.2516 -0.9677
vn -0.3026 0.1461 -0.9419
vn 0.5951 -0.6737 -0.4382
vn 0.8568 -0.4685 -0.2156
vn 0.8567 -0.5024 0.1170
vn 0.4318 0.0132 -0.9019
vn 0.7605 -0.4179 -0.4970
vn 0.8726 -0.3408 -0.3500
vn 0.8930 -0.4470 0.0532
vn 0.1615 0.2499 -0.9547
vn 0.9820 -0.0664 -0.1767
vn 0.9577 0.0057 0.2877
vn 0.9585 -0.0499 0.2808
vn 0.9399 -0.2304 0.2520
vn -0.5173 0.2749 -0.8105
vn 0.1132 0.3546 -0.9281
vn 0.7315 0.2739 -0.6244
vn 0.4580 0.3354 -0.8232
vn 0.9975 0.0490 -0.0512
vn 0.9986 0.0148 -0.0499
vn -0.9823 0.1215 -0.1424
vn -0.9824 0.1223 -0.1411
vn -0.9836 0.1410 -0.1124
vn -0.9796 0.1005 -0.1741
vn 0.9771 -0.1178 -0.1774
vn -0.4400 0.0352 -0.8973
vn -0.4915 0.0321 -0.8703
vn -0.5538 0.0389 -0.8317
vn -0.5630 0.0442 -0.8253
vn -0.5827 0.0324 -0.8120
vn -0.4862 0.0279 -0.8734
vn -0.4017 0.0276 -0.9153
vn -0.5865 0.0378 -0.8091
vn -0.5922 0.0426 -0.8047
vn -0.5944 0.0445 -0.8030
vn 0.5413 -0.8396 0.0449
vn 0.2327 -0.9305 0.2828
vn -0.2018 -0.8965 -0.3944
vn -0.0244 -0.6126 -0.7900
vn 0.5215 -0.3237 0.7895
vn 0.2155 -0.5531 0.8048
vn -0.3502 -0.8435 0.4073
vn 0.7261 -0.2044 0.6565
vn 0.8049 -0.4743 0.3567
vn 0.7440 -0.4911 -0.4531
vn 0.9385 -0.3429 -0.0415
vn 0.5937 -0.6874 -0.4183
vn 0.6587 -0.5131 0.5503
vn 0.4932 -0.1753 0.8521
vn -0.5295 -0.3613 -0.7676
vn -0.8135 -0.4963 -0.3032
vn -0.9227 0.3194 0.2161
vn -0.8310 0.3382 -0.4417
vn -0.4673 -0.0690 0.8814
vn 0.0384 0.4741 -0.8796
vn 0.3649 0.8991 -0.2419
vn 0.7997 0.2903 -0.5256
vn 0.4882 -0.0142 -0.8726
vn 0.8910 -0.0046 0.4540
vn 0.5061 0.5848 0.6339
vn 0.1057 0.5858 0.8036
vn 0.4999 0.0105 0.8660
vn -0.1651 0.9671 0.1935
vn -0.4181 0.8454 0.3325
vn -0.2212 0.8342 -0.5052
vn -0.4217 0.7065 -0.5684
vn -0.0677 0.2106 -0.9752
vn -0.6535 0.7122 0.2563
vn -0.6645 0.6873 -0.2933
vn -0.5885 0.2211 -0.7777
vn -0.4764 0.8782 -0.0421
vn -0.2949 0.7723 0.5626
vn -0.4258 0.3900 -0.8165
vn 0.1158 0.0418 0.9924
vn -0.3753 0.6551 0.6558
vn -0.0454 0.4818 0.8751
vn 0.3216 -0.1090 0.9406
vn 0.1742 0.2655 0.9482
vn 0.4166 -0.1978 0.8873
vn 0.5810 -0.4378 0.6861
vn 0.5824 -0.7939 -0.1747
vn 0.0816 -0.4665 -0.8807
vn 0.1954 -0.3076 -0.9312
vn 0.3027 -0.1489 -0.9414
vn -0.2714 -0.0343 -0.9619
vn -0.1538 0.1060 -0.9824
vn -0.4375 0.5955 -0.6737
vn -0.4654 0.8733 0.1444
vn -0.2134 0.7257 0.6541
vn -0.0724 0.6332 0.7706
vn 0.3282 0.1849 0.9263
vn -0.3582 -0.1687 -0.9183
vn -0.9147 -0.0072 0.4041
vn -0.4400 0.5418 0.7162
vn 0.3853 0.2816 0.8788
vn 0.3899 -0.2463 0.8873
vn -0.1007 -0.9634 -0.2483
vn -0.4951 -0.1700 0.8521
vn 0.9147 0.0072 -0.4041
vn -0.9958 0.0915 0.0084
vn -0.0228 -0.9359 -0.3514
vn -0.0914 0.2525 0.9633
vn 0.5464 0.7124 -0.4404
vn -0.4997 0.3006 -0.8124
vn -0.7757 0.0778 -0.6263
vn -0.6993 0.0633 -0.7121
vn -0.8008 0.1001 -0.5906
vn -0.7906 0.0854 -0.6064
vn -0.5359 0.3440 -0.7710
vn -0.6056 0.2106 -0.7674
vn -0.5403 -0.0275 -0.8410
vn -0.5117 0.3124 -0.8004
vn -0.4123 0.3652 -0.8347
vn -0.3866 0.3775 -0.8414
vn -0.1563 -0.0977 -0.9829
# 2540 vertex normals

vt 0.9043 0.2509 0.0000
vt 0.9048 0.2399 0.0000
vt 0.9143 0.2405 0.0000
vt 0.9109 0.2524 0.0000
vt 0.2912 0.9512 0.0000
vt 0.3040 0.9483 0.0000
vt 0.3037 0.9582 0.0000
vt 0.2911 0.9590 0.0000
vt 0.7065 0.3369 0.0000
vt 0.7045 0.3492 0.0000
vt 0.6947 0.3445 0.0000
vt 0.6964 0.3334 0.0000
vt 0.6715 0.3341 0.0000
vt 0.6601 0.3366 0.0000
vt 0.6619 0.3295 0.0000
vt 0.6705 0.3260 0.0000
vt 0.6869 0.3260 0.0000
vt 0.6843 0.3322 0.0000
vt 0.9627 0.1940 0.0000
vt 0.9614 0.1868 0.0000
vt 0.9693 0.1946 0.0000
vt 0.9663 0.1978 0.0000
vt 0.9599 0.1806 0.0000
vt 0.9693 0.1868 0.0000
vt 0.2126 0.9425 0.0000
vt 0.2125 0.9349 0.0000
vt 0.2188 0.9352 0.0000
vt 0.2162 0.9435 0.0000
vt 0.2077 0.9426 0.0000
vt 0.2082 0.9360 0.0000
vt 0.9589 0.1981 0.0000
vt 0.9586 0.1941 0.0000
vt 0.6718 0.3425 0.0000
vt 0.6597 0.3446 0.0000
vt 0.9621 0.7200 0.0000
vt 0.9609 0.7280 0.0000
vt 0.9542 0.7298 0.0000
vt 0.9542 0.7183 0.0000
vt 0.2231 0.9255 0.0000
vt 0.2237 0.9375 0.0000
vt 0.2188 0.9265 0.0000
vt 0.9753 0.6424 0.0000
vt 0.9717 0.6446 0.0000
vt 0.9699 0.6364 0.0000
vt 0.9753 0.6324 0.0000
vt 0.2138 0.9491 0.0000
vt 0.2091 0.9511 0.0000
vt 0.1053 0.9235 0.0000
vt 0.0963 0.9248 0.0000
vt 0.0941 0.9144 0.0000
vt 0.1053 0.9088 0.0000
vt 0.6454 0.3586 0.0000
vt 0.6311 0.3565 0.0000
vt 0.6377 0.3459 0.0000
vt 0.6486 0.3465 0.0000
vt 0.6382 0.3700 0.0000
vt 0.6296 0.3680 0.0000
vt 0.6589 0.3546 0.0000
vt 0.6595 0.3665 0.0000
vt 0.6494 0.3700 0.0000
vt 0.9677 0.4386 0.0000
vt 0.9626 0.4400 0.0000
vt 0.9627 0.4285 0.0000
vt 0.9677 0.4235 0.0000
vt 0.2091 0.9265 0.0000
vt 0.2120 0.9255 0.0000
vt 0.9687 0.3014 0.0000
vt 0.9674 0.3081 0.0000
vt 0.9641 0.3077 0.0000
vt 0.9641 0.2926 0.0000
vt 0.9184 0.2055 0.0000
vt 0.9235 0.2246 0.0000
vt 0.9129 0.2256 0.0000
vt 0.9046 0.2121 0.0000
vt 0.0477 0.7026 0.0000
vt 0.0411 0.7122 0.0000
vt 0.0322 0.6967 0.0000
vt 0.0439 0.6896 0.0000
vt 0.6541 0.9233 0.0000
vt 0.6531 0.9115 0.0000
vt 0.6653 0.9125 0.0000
vt 0.6619 0.9261 0.0000
vt 0.6473 0.9259 0.0000
vt 0.6431 0.9120 0.0000
vt 0.2911 0.9442 0.0000
vt 0.2991 0.9392 0.0000
vt 0.9331 0.0822 0.0000
vt 0.9277 0.0822 0.0000
vt 0.9277 0.0673 0.0000
vt 0.9296 0.0537 0.0000
vt 0.6618 0.4001 0.0000
vt 0.6552 0.3953 0.0000
vt 0.6617 0.3917 0.0000
vt 0.6666 0.3948 0.0000
vt 0.9293 0.9887 0.0000
vt 0.9293 0.9818 0.0000
vt 0.9324 0.9824 0.0000
vt 0.9350 0.9846 0.0000
vt 0.6696 0.3824 0.0000
vt 0.6760 0.4092 0.0000
vt 0.6699 0.4093 0.0000
vt 0.6695 0.3811 0.0000
vt 0.0016 0.7053 0.0000
vt 0.0104 0.6883 0.0000
vt 0.0224 0.7045 0.0000
vt 0.0115 0.7149 0.0000
vt 0.0309 0.7212 0.0000
vt 0.0155 0.7345 0.0000
vt 0.3896 0.2820 0.0000
vt 0.3764 0.2940 0.0000
vt 0.3721 0.2723 0.0000
vt 0.3906 0.2666 0.0000
vt 0.6627 0.3790 0.0000
vt 0.6708 0.3653 0.0000
vt 0.6821 0.3680 0.0000
vt 0.6812 0.3877 0.0000
vt 0.9553 0.6983 0.0000
vt 0.9602 0.6968 0.0000
vt 0.9590 0.7047 0.0000
vt 0.9542 0.7055 0.0000
vt 0.0594 0.9418 0.0000
vt 0.0660 0.9439 0.0000
vt 0.0642 0.9508 0.0000
vt 0.0600 0.9506 0.0000
vt 0.1271 0.9361 0.0000
vt 0.1232 0.9440 0.0000
vt 0.1184 0.9375 0.0000
vt 0.1264 0.9286 0.0000
vt 0.0645 0.9356 0.0000
vt 0.0599 0.9377 0.0000
vt 0.0586 0.9308 0.0000
vt 0.0562 0.9356 0.0000
vt 0.6508 0.4004 0.0000
vt 0.6470 0.4055 0.0000
vt 0.6404 0.4007 0.0000
vt 0.6422 0.3924 0.0000
vt 0.6468 0.3859 0.0000
vt 0.9645 0.6088 0.0000
vt 0.9606 0.6093 0.0000
vt 0.9603 0.6054 0.0000
vt 0.9633 0.6025 0.0000
vt 0.9652 0.6154 0.0000
vt 0.9609 0.6144 0.0000
vt 0.9534 0.2705 0.0000
vt 0.9559 0.2657 0.0000
vt 0.9569 0.2695 0.0000
vt 0.9570 0.2745 0.0000
vt 0.9504 0.5270 0.0000
vt 0.9529 0.5213 0.0000
vt 0.9565 0.5240 0.0000
vt 0.9563 0.5293 0.0000
vt 0.9419 0.8691 0.0000
vt 0.9446 0.8673 0.0000
vt 0.9467 0.8745 0.0000
vt 0.9432 0.8758 0.0000
vt 0.2898 0.6851 0.0000
vt 0.2840 0.6826 0.0000
vt 0.2853 0.6776 0.0000
vt 0.2917 0.6797 0.0000
vt 0.2860 0.6709 0.0000
vt 0.2922 0.6732 0.0000
vt 0.6268 0.3779 0.0000
vt 0.6246 0.3685 0.0000
vt 0.6302 0.3796 0.0000
vt 0.6359 0.3775 0.0000
vt 0.6384 0.3813 0.0000
vt 0.6320 0.3844 0.0000
vt 0.9715 0.4185 0.0000
vt 0.9682 0.4203 0.0000
vt 0.9682 0.4153 0.0000
vt 0.9703 0.4127 0.0000
vt 0.2925 0.6955 0.0000
vt 0.2879 0.6975 0.0000
vt 0.2883 0.6912 0.0000
vt 0.2935 0.6925 0.0000
vt 0.2857 0.7020 0.0000
vt 0.2788 0.7009 0.0000
vt 0.2802 0.6945 0.0000
vt 0.9542 0.2791 0.0000
vt 0.9481 0.2819 0.0000
vt 0.9490 0.2769 0.0000
vt 0.9512 0.2749 0.0000
vt 0.9565 0.5388 0.0000
vt 0.9540 0.5412 0.0000
vt 0.9499 0.5381 0.0000
vt 0.9494 0.5335 0.0000
vt 0.9603 0.6195 0.0000
vt 0.9651 0.6195 0.0000
vt 0.9854 0.6075 0.0000
vt 0.9898 0.6069 0.0000
vt 0.9898 0.6136 0.0000
vt 0.9847 0.6131 0.0000
vt 0.2822 0.7112 0.0000
vt 0.2763 0.7103 0.0000
vt 0.2887 0.7042 0.0000
vt 0.2871 0.7124 0.0000
vt 0.9736 0.8203 0.0000
vt 0.9736 0.8304 0.0000
vt 0.9697 0.8298 0.0000
vt 0.9686 0.8217 0.0000
vt 0.0629 0.7501 0.0000
vt 0.0680 0.7576 0.0000
vt 0.0617 0.7588 0.0000
vt 0.0556 0.7499 0.0000
vt 0.0567 0.7578 0.0000
vt 0.0515 0.7580 0.0000
vt 0.0612 0.7396 0.0000
vt 0.0668 0.7448 0.0000
vt 0.0453 0.7552 0.0000
vt 0.0505 0.7424 0.0000
vt 0.0558 0.7327 0.0000
vt 0.0580 0.7731 0.0000
vt 0.0512 0.7726 0.0000
vt 0.0660 0.7724 0.0000
vt 0.0445 0.9546 0.0000
vt 0.0469 0.9540 0.0000
vt 0.0472 0.9603 0.0000
vt 0.0442 0.9607 0.0000
vt 0.8541 0.2329 0.0000
vt 0.8527 0.2373 0.0000
vt 0.8490 0.2326 0.0000
vt 0.8526 0.2304 0.0000
vt 0.0483 0.9688 0.0000
vt 0.0436 0.9688 0.0000
vt 0.8575 0.2390 0.0000
vt 0.8572 0.2483 0.0000
vt 0.8542 0.2468 0.0000
vt 0.8584 0.2329 0.0000
vt 0.5315 0.9020 0.0000
vt 0.5342 0.9022 0.0000
vt 0.5343 0.9063 0.0000
vt 0.5319 0.9075 0.0000
vt 0.8340 0.7681 0.0000
vt 0.8296 0.7681 0.0000
vt 0.8309 0.7635 0.0000
vt 0.8335 0.7628 0.0000
vt 0.5239 0.9881 0.0000
vt 0.5192 0.9902 0.0000
vt 0.5201 0.9849 0.0000
vt 0.5235 0.9849 0.0000
vt 0.9031 0.0725 0.0000
vt 0.9007 0.0795 0.0000
vt 0.8954 0.0738 0.0000
vt 0.8989 0.0713 0.0000
vt 0.8981 0.0828 0.0000
vt 0.8933 0.0760 0.0000
vt 0.9087 0.5238 0.0000
vt 0.9115 0.5150 0.0000
vt 0.9139 0.5188 0.0000
vt 0.9124 0.5264 0.0000
vt 0.8904 0.0754 0.0000
vt 0.8926 0.0794 0.0000
vt 0.8896 0.0685 0.0000
vt 0.8933 0.0682 0.0000
vt 0.4578 0.9770 0.0000
vt 0.4578 0.9729 0.0000
vt 0.4612 0.9776 0.0000
vt 0.4593 0.9813 0.0000
vt 0.9642 0.3267 0.0000
vt 0.9641 0.3203 0.0000
vt 0.9680 0.3217 0.0000
vt 0.9678 0.3253 0.0000
vt 0.3199 0.9819 0.0000
vt 0.3199 0.9715 0.0000
vt 0.3236 0.9736 0.0000
vt 0.3228 0.9817 0.0000
vt 0.9653 0.3131 0.0000
vt 0.9680 0.3112 0.0000
vt 0.8611 0.2621 0.0000
vt 0.8622 0.2497 0.0000
vt 0.8692 0.2504 0.0000
vt 0.8696 0.2643 0.0000
vt 0.8589 0.2587 0.0000
vt 0.9484 0.4059 0.0000
vt 0.9484 0.4174 0.0000
vt 0.9453 0.4119 0.0000
vt 0.9460 0.4039 0.0000
vt 0.9711 0.4890 0.0000
vt 0.9748 0.4949 0.0000
vt 0.9703 0.4949 0.0000
vt 0.9703 0.4861 0.0000
vt 0.2602 0.9523 0.0000
vt 0.2662 0.9514 0.0000
vt 0.2668 0.9550 0.0000
vt 0.2590 0.9592 0.0000
vt 0.2554 0.9589 0.0000
vt 0.2551 0.9524 0.0000
vt 0.9598 0.2271 0.0000
vt 0.9619 0.2262 0.0000
vt 0.9628 0.2316 0.0000
vt 0.9591 0.2316 0.0000
vt 0.9969 0.2783 0.0000
vt 0.9969 0.2804 0.0000
vt 0.9952 0.2808 0.0000
vt 0.9941 0.2783 0.0000
vt 0.5416 0.9894 0.0000
vt 0.5389 0.9900 0.0000
vt 0.5405 0.9893 0.0000
vt 0.5431 0.9898 0.0000
vt 0.0361 0.9754 0.0000
vt 0.0375 0.9749 0.0000
vt 0.0366 0.9784 0.0000
vt 0.0340 0.9792 0.0000
vt 0.2812 0.9785 0.0000
vt 0.2812 0.9856 0.0000
vt 0.2771 0.9825 0.0000
vt 0.2782 0.9781 0.0000
vt 0.9853 0.7533 0.0000
vt 0.9853 0.7608 0.0000
vt 0.9813 0.7592 0.0000
vt 0.9809 0.7530 0.0000
vt 0.9247 0.7763 0.0000
vt 0.9178 0.7782 0.0000
vt 0.9197 0.7741 0.0000
vt 0.9231 0.7713 0.0000
vt 0.8638 0.2961 0.0000
vt 0.8588 0.2950 0.0000
vt 0.8607 0.2899 0.0000
vt 0.8640 0.2883 0.0000
vt 0.8604 0.2844 0.0000
vt 0.8574 0.2877 0.0000
vt 0.8533 0.2920 0.0000
vt 0.9898 0.8537 0.0000
vt 0.9876 0.8546 0.0000
vt 0.9876 0.8492 0.0000
vt 0.9899 0.8489 0.0000
vt 0.9621 0.1250 0.0000
vt 0.9632 0.1245 0.0000
vt 0.9639 0.1290 0.0000
vt 0.9616 0.1290 0.0000
vt 0.9897 0.9883 0.0000
vt 0.9882 0.9870 0.0000
vt 0.9878 0.9844 0.0000
vt 0.9897 0.9832 0.0000
vt 0.5326 0.8977 0.0000
vt 0.5343 0.8969 0.0000
vt 0.2647 0.9458 0.0000
vt 0.2595 0.9447 0.0000
vt 0.2659 0.9409 0.0000
vt 0.2668 0.9410 0.0000
vt 0.9887 0.6559 0.0000
vt 0.9867 0.6559 0.0000
vt 0.9869 0.6500 0.0000
vt 0.9867 0.6495 0.0000
vt 0.8687 0.2323 0.0000
vt 0.8689 0.2418 0.0000
vt 0.8629 0.2407 0.0000
vt 0.8637 0.2326 0.0000
vt 0.8647 0.2266 0.0000
vt 0.8695 0.2228 0.0000
vt 0.0404 0.9853 0.0000
vt 0.0404 0.9904 0.0000
vt 0.0371 0.9876 0.0000
vt 0.0381 0.9849 0.0000
vt 0.9442 0.2985 0.0000
vt 0.9471 0.2926 0.0000
vt 0.9499 0.2955 0.0000
vt 0.9474 0.3007 0.0000
vt 0.9502 0.9611 0.0000
vt 0.9550 0.9611 0.0000
vt 0.9556 0.9663 0.0000
vt 0.9501 0.9669 0.0000
vt 0.7321 0.9882 0.0000
vt 0.7315 0.9850 0.0000
vt 0.7350 0.9853 0.0000
vt 0.7350 0.9895 0.0000
vt 0.5613 0.9405 0.0000
vt 0.5661 0.9395 0.0000
vt 0.5653 0.9429 0.0000
vt 0.5642 0.9462 0.0000
vt 0.7142 0.9470 0.0000
vt 0.7142 0.9354 0.0000
vt 0.7226 0.9408 0.0000
vt 0.7213 0.9497 0.0000
vt 0.8701 0.2108 0.0000
vt 0.8640 0.2055 0.0000
vt 0.9947 0.0265 0.0000
vt 0.9971 0.0268 0.0000
vt 0.9982 0.0297 0.0000
vt 0.9941 0.0297 0.0000
vt 0.6102 0.3644 0.0000
vt 0.6075 0.3622 0.0000
vt 0.6085 0.3617 0.0000
vt 0.6131 0.3620 0.0000
vt 0.6051 0.3617 0.0000
vt 0.6057 0.3648 0.0000
vt 0.7289 0.9455 0.0000
vt 0.7267 0.9507 0.0000
vt 0.2602 0.9227 0.0000
vt 0.2610 0.9137 0.0000
vt 0.2630 0.9153 0.0000
vt 0.2636 0.9224 0.0000
vt 0.6195 0.3572 0.0000
vt 0.6217 0.3620 0.0000
vt 0.6159 0.3670 0.0000
vt 0.2621 0.9119 0.0000
vt 0.2663 0.9121 0.0000
vt 0.2665 0.9157 0.0000
vt 0.2695 0.9160 0.0000
vt 0.2680 0.9091 0.0000
vt 0.2825 0.6560 0.0000
vt 0.2763 0.6582 0.0000
vt 0.2755 0.6533 0.0000
vt 0.2820 0.6501 0.0000
vt 0.6259 0.3514 0.0000
vt 0.6333 0.3457 0.0000
vt 0.5970 0.9817 0.0000
vt 0.5908 0.9818 0.0000
vt 0.5908 0.9722 0.0000
vt 0.5979 0.9715 0.0000
vt 0.5946 0.9384 0.0000
vt 0.5908 0.9388 0.0000
vt 0.5921 0.9291 0.0000
vt 0.5969 0.9293 0.0000
vt 0.6315 0.3428 0.0000
vt 0.6232 0.3480 0.0000
vt 0.9228 0.9819 0.0000
vt 0.9262 0.9818 0.0000
vt 0.9256 0.9879 0.0000
vt 0.9228 0.9883 0.0000
vt 0.9891 0.3357 0.0000
vt 0.9892 0.3408 0.0000
vt 0.9857 0.3405 0.0000
vt 0.9857 0.3344 0.0000
vt 0.5122 0.9756 0.0000
vt 0.5159 0.9727 0.0000
vt 0.5159 0.9800 0.0000
vt 0.5137 0.9817 0.0000
vt 0.0894 0.9202 0.0000
vt 0.0915 0.9269 0.0000
vt 0.2459 0.9754 0.0000
vt 0.2407 0.9754 0.0000
vt 0.2417 0.9690 0.0000
vt 0.2471 0.9705 0.0000
vt 0.9179 0.7604 0.0000
vt 0.9220 0.7576 0.0000
vt 0.9188 0.7660 0.0000
vt 0.9171 0.7637 0.0000
vt 0.9229 0.7651 0.0000
vt 0.9254 0.7565 0.0000
vt 0.9533 0.9725 0.0000
vt 0.9502 0.9738 0.0000
vt 0.4323 0.8253 0.0000
vt 0.4268 0.8267 0.0000
vt 0.4256 0.8194 0.0000
vt 0.4334 0.8174 0.0000
vt 0.9374 0.3122 0.0000
vt 0.9409 0.3049 0.0000
vt 0.9442 0.3068 0.0000
vt 0.9423 0.3183 0.0000
vt 0.9477 0.3064 0.0000
vt 0.9468 0.3171 0.0000
vt 0.2796 0.6764 0.0000
vt 0.2731 0.6747 0.0000
vt 0.2745 0.6709 0.0000
vt 0.2797 0.6709 0.0000
vt 0.2671 0.6698 0.0000
vt 0.2718 0.6664 0.0000
vt 0.2781 0.6644 0.0000
vt 0.5578 0.9542 0.0000
vt 0.5612 0.9494 0.0000
vt 0.5661 0.9521 0.0000
vt 0.5635 0.9590 0.0000
vt 0.9859 0.3667 0.0000
vt 0.9844 0.3631 0.0000
vt 0.9909 0.3611 0.0000
vt 0.9909 0.3679 0.0000
vt 0.9182 0.7412 0.0000
vt 0.9246 0.7393 0.0000
vt 0.9252 0.7470 0.0000
vt 0.9210 0.7482 0.0000
vt 0.9607 0.4755 0.0000
vt 0.9656 0.4760 0.0000
vt 0.9664 0.4825 0.0000
vt 0.9597 0.4829 0.0000
vt 0.9171 0.7339 0.0000
vt 0.9217 0.7331 0.0000
vt 0.4151 0.8212 0.0000
vt 0.4108 0.8216 0.0000
vt 0.4103 0.8168 0.0000
vt 0.4132 0.8153 0.0000
vt 0.4069 0.8217 0.0000
vt 0.4076 0.8151 0.0000
vt 0.4104 0.8114 0.0000
vt 0.4230 0.0161 0.0000
vt 0.4218 0.0078 0.0000
vt 0.4269 0.0078 0.0000
vt 0.4277 0.0174 0.0000
vt 0.4305 0.0083 0.0000
vt 0.4312 0.0150 0.0000
vt 0.4283 0.0256 0.0000
vt 0.4233 0.0257 0.0000
vt 0.3997 0.8336 0.0000
vt 0.3980 0.8249 0.0000
vt 0.4028 0.8267 0.0000
vt 0.4022 0.8340 0.0000
vt 0.2551 0.6514 0.0000
vt 0.2622 0.6513 0.0000
vt 0.2617 0.6563 0.0000
vt 0.2557 0.6583 0.0000
vt 0.2695 0.9369 0.0000
vt 0.2652 0.9377 0.0000
vt 0.2646 0.9301 0.0000
vt 0.2690 0.9297 0.0000
vt 0.4241 0.0383 0.0000
vt 0.4308 0.0338 0.0000
vt 0.4333 0.0401 0.0000
vt 0.4279 0.0443 0.0000
vt 0.4226 0.0518 0.0000
vt 0.4201 0.0504 0.0000
vt 0.4175 0.0366 0.0000
vt 0.4184 0.0252 0.0000
vt 0.4145 0.0496 0.0000
vt 0.9635 0.4876 0.0000
vt 0.9671 0.4879 0.0000
vt 0.4134 0.0176 0.0000
vt 0.4128 0.0244 0.0000
vt 0.4066 0.0231 0.0000
vt 0.4096 0.0148 0.0000
vt 0.4178 0.0160 0.0000
vt 0.4154 0.0092 0.0000
vt 0.4124 0.0788 0.0000
vt 0.4206 0.0759 0.0000
vt 0.4207 0.0868 0.0000
vt 0.4095 0.0949 0.0000
vt 0.4216 0.0921 0.0000
vt 0.4125 0.0987 0.0000
vt 0.4036 0.1163 0.0000
vt 0.3977 0.1167 0.0000
vt 0.4010 0.0967 0.0000
vt 0.4042 0.0809 0.0000
vt 0.4065 0.1157 0.0000
vt 0.8112 0.9675 0.0000
vt 0.8034 0.9697 0.0000
vt 0.8034 0.9626 0.0000
vt 0.8106 0.9609 0.0000
vt 0.4491 0.0569 0.0000
vt 0.4568 0.0573 0.0000
vt 0.4553 0.0630 0.0000
vt 0.4478 0.0643 0.0000
vt 0.4557 0.0664 0.0000
vt 0.4500 0.0670 0.0000
vt 0.4452 0.0706 0.0000
vt 0.4418 0.0698 0.0000
vt 0.9681 0.2370 0.0000
vt 0.9725 0.2348 0.0000
vt 0.9725 0.2405 0.0000
vt 0.9695 0.2416 0.0000
vt 0.9089 0.8709 0.0000
vt 0.9131 0.8688 0.0000
vt 0.9130 0.8755 0.0000
vt 0.9091 0.8764 0.0000
vt 0.4697 0.8059 0.0000
vt 0.4752 0.8043 0.0000
vt 0.4743 0.8089 0.0000
vt 0.4698 0.8102 0.0000
vt 0.9174 0.8746 0.0000
vt 0.9179 0.8700 0.0000
vt 0.9179 0.8646 0.0000
vt 0.9136 0.8631 0.0000
vt 0.4608 0.0288 0.0000
vt 0.4580 0.0391 0.0000
vt 0.4523 0.0370 0.0000
vt 0.4569 0.0258 0.0000
vt 0.9631 0.5981 0.0000
vt 0.9574 0.5993 0.0000
vt 0.9574 0.5860 0.0000
vt 0.9613 0.5862 0.0000
vt 0.4286 0.0540 0.0000
vt 0.4309 0.0490 0.0000
vt 0.7704 0.9905 0.0000
vt 0.7704 0.9848 0.0000
vt 0.7738 0.9859 0.0000
vt 0.7753 0.9890 0.0000
vt 0.4379 0.0533 0.0000
vt 0.4343 0.0549 0.0000
vt 0.4334 0.0516 0.0000
vt 0.4372 0.0498 0.0000
vt 0.4355 0.0456 0.0000
vt 0.9737 0.4308 0.0000
vt 0.9775 0.4295 0.0000
vt 0.9758 0.4353 0.0000
vt 0.9709 0.4331 0.0000
vt 0.4104 0.8600 0.0000
vt 0.4064 0.8595 0.0000
vt 0.4084 0.8522 0.0000
vt 0.4138 0.8536 0.0000
vt 0.9709 0.4244 0.0000
vt 0.9748 0.4235 0.0000
vt 0.4104 0.8438 0.0000
vt 0.4153 0.8444 0.0000
vt 0.4198 0.8438 0.0000
vt 0.4177 0.8515 0.0000
vt 0.8034 0.9765 0.0000
vt 0.8035 0.9732 0.0000
vt 0.8074 0.9728 0.0000
vt 0.8079 0.9777 0.0000
vt 0.9905 0.6626 0.0000
vt 0.9874 0.6650 0.0000
vt 0.9874 0.6609 0.0000
vt 0.9903 0.6591 0.0000
vt 0.4457 0.8207 0.0000
vt 0.4518 0.8231 0.0000
vt 0.4476 0.8266 0.0000
vt 0.4411 0.8228 0.0000
vt 0.9206 0.5542 0.0000
vt 0.9197 0.5480 0.0000
vt 0.9233 0.5484 0.0000
vt 0.9236 0.5560 0.0000
vt 0.4430 0.8168 0.0000
vt 0.4482 0.8137 0.0000
vt 0.4501 0.8181 0.0000
vt 0.9166 0.8398 0.0000
vt 0.9127 0.8400 0.0000
vt 0.9133 0.8341 0.0000
vt 0.9170 0.8335 0.0000
vt 0.4547 0.8177 0.0000
vt 0.4537 0.8118 0.0000
vt 0.4595 0.8159 0.0000
vt 0.4650 0.8132 0.0000
vt 0.4657 0.8202 0.0000
vt 0.4584 0.8237 0.0000
vt 0.4691 0.8282 0.0000
vt 0.4624 0.8308 0.0000
vt 0.4550 0.8355 0.0000
vt 0.4526 0.8285 0.0000
vt 0.4606 0.0695 0.0000
vt 0.4635 0.0617 0.0000
vt 0.4686 0.0674 0.0000
vt 0.4652 0.0829 0.0000
vt 0.4738 0.0711 0.0000
vt 0.4716 0.0856 0.0000
vt 0.4709 0.1089 0.0000
vt 0.4629 0.1074 0.0000
vt 0.4591 0.1082 0.0000
vt 0.4616 0.0867 0.0000
vt 0.4580 0.0739 0.0000
vt 0.4435 0.0737 0.0000
vt 0.4411 0.0740 0.0000
vt 0.6005 0.8281 0.0000
vt 0.6005 0.8314 0.0000
vt 0.5978 0.8305 0.0000
vt 0.5975 0.8275 0.0000
vt 0.9133 0.8795 0.0000
vt 0.9100 0.8799 0.0000
vt 0.4273 0.0955 0.0000
vt 0.4316 0.0957 0.0000
vt 0.4300 0.0999 0.0000
vt 0.4266 0.1002 0.0000
vt 0.5768 0.3635 0.0000
vt 0.5835 0.3579 0.0000
vt 0.5850 0.3715 0.0000
vt 0.5756 0.3745 0.0000
vt 0.5713 0.3610 0.0000
vt 0.5774 0.3495 0.0000
vt 0.5669 0.3769 0.0000
vt 0.5925 0.3546 0.0000
vt 0.5863 0.3377 0.0000
vt 0.4064 0.0495 0.0000
vt 0.4052 0.0657 0.0000
vt 0.3959 0.0677 0.0000
vt 0.3937 0.0503 0.0000
vt 0.4021 0.0321 0.0000
vt 0.4106 0.0346 0.0000
vt 0.8351 0.0932 0.0000
vt 0.8389 0.0820 0.0000
vt 0.8474 0.0821 0.0000
vt 0.8474 0.1013 0.0000
vt 0.5719 0.3450 0.0000
vt 0.5750 0.3260 0.0000
vt 0.5682 0.3879 0.0000
vt 0.5636 0.3891 0.0000
vt 0.5615 0.3825 0.0000
vt 0.5746 0.3866 0.0000
vt 0.9320 0.8283 0.0000
vt 0.9285 0.8302 0.0000
vt 0.9278 0.8205 0.0000
vt 0.9341 0.8213 0.0000
vt 0.3481 0.8586 0.0000
vt 0.3508 0.8672 0.0000
vt 0.3446 0.8690 0.0000
vt 0.3403 0.8598 0.0000
vt 0.7736 0.2609 0.0000
vt 0.7671 0.2669 0.0000
vt 0.7635 0.2618 0.0000
vt 0.7696 0.2509 0.0000
vt 0.3353 0.8713 0.0000
vt 0.3317 0.8674 0.0000
vt 0.3334 0.8548 0.0000
vt 0.5525 0.4292 0.0000
vt 0.5453 0.4371 0.0000
vt 0.5481 0.4206 0.0000
vt 0.5508 0.4195 0.0000
vt 0.5528 0.4044 0.0000
vt 0.5573 0.4060 0.0000
vt 0.7221 0.2935 0.0000
vt 0.7199 0.2953 0.0000
vt 0.7199 0.2777 0.0000
vt 0.7215 0.2779 0.0000
vt 0.5593 0.3930 0.0000
vt 0.5648 0.4031 0.0000
vt 0.5557 0.3902 0.0000
vt 0.4852 0.0575 0.0000
vt 0.4785 0.0527 0.0000
vt 0.4865 0.0508 0.0000
vt 0.4884 0.0517 0.0000
vt 0.9820 0.5726 0.0000
vt 0.9808 0.5793 0.0000
vt 0.9790 0.5793 0.0000
vt 0.9790 0.5709 0.0000
vt 0.4593 0.8396 0.0000
vt 0.4586 0.8461 0.0000
vt 0.4528 0.8453 0.0000
vt 0.4656 0.8388 0.0000
vt 0.4986 0.0408 0.0000
vt 0.4981 0.0468 0.0000
vt 0.4927 0.0454 0.0000
vt 0.4917 0.0381 0.0000
vt 0.9546 0.4366 0.0000
vt 0.9534 0.4299 0.0000
vt 0.9562 0.4310 0.0000
vt 0.9575 0.4361 0.0000
vt 0.2442 0.9855 0.0000
vt 0.2434 0.9785 0.0000
vt 0.2471 0.9794 0.0000
vt 0.2471 0.9860 0.0000
vt 0.9848 0.8645 0.0000
vt 0.9848 0.8721 0.0000
vt 0.9817 0.8702 0.0000
vt 0.9831 0.8646 0.0000
vt 0.9574 0.4235 0.0000
vt 0.9594 0.4252 0.0000
vt 0.9895 0.5755 0.0000
vt 0.9851 0.5773 0.0000
vt 0.9851 0.5709 0.0000
vt 0.9902 0.5723 0.0000
vt 0.9790 0.4677 0.0000
vt 0.9790 0.4603 0.0000
vt 0.9840 0.4627 0.0000
vt 0.9840 0.4664 0.0000
vt 0.4814 0.0136 0.0000
vt 0.4887 0.0137 0.0000
vt 0.4878 0.0193 0.0000
vt 0.4815 0.0232 0.0000
vt 0.4763 0.0226 0.0000
vt 0.4738 0.0162 0.0000
vt 0.4755 0.0412 0.0000
vt 0.4767 0.0465 0.0000
vt 0.4729 0.0468 0.0000
vt 0.4707 0.0439 0.0000
vt 0.4678 0.0485 0.0000
vt 0.4721 0.0506 0.0000
vt 0.4798 0.0473 0.0000
vt 0.4763 0.0610 0.0000
vt 0.4708 0.0579 0.0000
vt 0.4828 0.0645 0.0000
vt 0.4660 0.8475 0.0000
vt 0.4981 0.0145 0.0000
vt 0.5072 0.0138 0.0000
vt 0.5057 0.0188 0.0000
vt 0.4986 0.0177 0.0000
vt 0.5021 0.0078 0.0000
vt 0.5069 0.0064 0.0000
vt 0.5127 0.0108 0.0000
vt 0.5212 0.0171 0.0000
vt 0.5179 0.0198 0.0000
vt 0.5140 0.0236 0.0000
vt 0.5059 0.0262 0.0000
vt 0.5115 0.0276 0.0000
vt 0.5155 0.0333 0.0000
vt 0.5205 0.0309 0.0000
vt 0.5096 0.0355 0.0000
vt 0.5088 0.0428 0.0000
vt 0.5042 0.0425 0.0000
vt 0.5047 0.0392 0.0000
vt 0.5087 0.0396 0.0000
vt 0.9594 0.4405 0.0000
vt 0.9561 0.4419 0.0000
vt 0.4758 0.8718 0.0000
vt 0.4827 0.8657 0.0000
vt 0.4839 0.8678 0.0000
vt 0.4751 0.8781 0.0000
vt 0.9654 0.8162 0.0000
vt 0.9589 0.8223 0.0000
vt 0.9589 0.8114 0.0000
vt 0.9619 0.8107 0.0000
vt 0.4726 0.8662 0.0000
vt 0.4774 0.8608 0.0000
vt 0.5258 0.0762 0.0000
vt 0.5139 0.0829 0.0000
vt 0.5109 0.0750 0.0000
vt 0.5203 0.0688 0.0000
vt 0.5320 0.0614 0.0000
vt 0.5389 0.0687 0.0000
vt 0.9942 0.1683 0.0000
vt 0.9974 0.1676 0.0000
vt 0.9963 0.1706 0.0000
vt 0.9941 0.1706 0.0000
vt 0.1539 0.9645 0.0000
vt 0.1614 0.9616 0.0000
vt 0.1591 0.9685 0.0000
vt 0.1564 0.9699 0.0000
vt 0.9437 0.7622 0.0000
vt 0.9493 0.7622 0.0000
vt 0.9483 0.7680 0.0000
vt 0.9445 0.7680 0.0000
vt 0.1267 0.9415 0.0000
vt 0.1259 0.9456 0.0000
vt 0.1251 0.9509 0.0000
vt 0.1271 0.9496 0.0000
vt 0.1539 0.9603 0.0000
vt 0.1614 0.9536 0.0000
vt 0.0957 0.9526 0.0000
vt 0.0921 0.9600 0.0000
vt 0.0896 0.9562 0.0000
vt 0.0894 0.9503 0.0000
vt 0.9553 0.7151 0.0000
vt 0.9546 0.7109 0.0000
vt 0.9589 0.7104 0.0000
vt 0.9602 0.7147 0.0000
vt 0.9364 0.5605 0.0000
vt 0.9365 0.5523 0.0000
vt 0.9461 0.5579 0.0000
vt 0.9416 0.5610 0.0000
vt 0.6392 0.9871 0.0000
vt 0.6430 0.9847 0.0000
vt 0.6430 0.9906 0.0000
vt 0.6409 0.9905 0.0000
vt 0.8265 0.9133 0.0000
vt 0.8231 0.9159 0.0000
vt 0.8206 0.9052 0.0000
vt 0.8260 0.9059 0.0000
vt 0.8316 0.9175 0.0000
vt 0.8269 0.9243 0.0000
vt 0.8319 0.9075 0.0000
vt 0.8319 0.8874 0.0000
vt 0.8291 0.8963 0.0000
vt 0.8260 0.8957 0.0000
vt 0.8289 0.8847 0.0000
vt 0.9816 0.2608 0.0000
vt 0.9783 0.2615 0.0000
vt 0.9776 0.2558 0.0000
vt 0.9816 0.2509 0.0000
vt 0.3616 0.7333 0.0000
vt 0.3479 0.7303 0.0000
vt 0.3495 0.7024 0.0000
vt 0.3658 0.6990 0.0000
vt 0.3536 0.6777 0.0000
vt 0.3728 0.6659 0.0000
vt 0.3802 0.6791 0.0000
vt 0.3414 0.6841 0.0000
vt 0.4411 0.8397 0.0000
vt 0.4476 0.8394 0.0000
vt 0.4467 0.8460 0.0000
vt 0.4413 0.8464 0.0000
vt 0.9880 0.8262 0.0000
vt 0.9848 0.8269 0.0000
vt 0.9848 0.8203 0.0000
vt 0.9874 0.8205 0.0000
vt 0.9839 0.1607 0.0000
vt 0.9847 0.1550 0.0000
vt 0.9870 0.1551 0.0000
vt 0.9870 0.1622 0.0000
vt 0.3286 0.9896 0.0000
vt 0.3278 0.9848 0.0000
vt 0.3309 0.9856 0.0000
vt 0.3309 0.9905 0.0000
vt 0.7192 0.8960 0.0000
vt 0.7219 0.9022 0.0000
vt 0.7149 0.9012 0.0000
vt 0.7142 0.8991 0.0000
vt 0.4877 0.0213 0.0000
vt 0.4908 0.0288 0.0000
vt 0.4849 0.0306 0.0000
vt 0.4790 0.0314 0.0000
vt 0.9635 0.7148 0.0000
vt 0.9634 0.7067 0.0000
vt 0.9674 0.7070 0.0000
vt 0.9683 0.7151 0.0000
vt 0.4859 0.0068 0.0000
vt 0.4909 0.0089 0.0000
vt 0.9840 0.0109 0.0000
vt 0.9799 0.0133 0.0000
vt 0.9799 0.0053 0.0000
vt 0.9835 0.0057 0.0000
vt 0.7240 0.8941 0.0000
vt 0.7282 0.8986 0.0000
vt 0.7273 0.9071 0.0000
vt 0.7239 0.9144 0.0000
vt 0.7190 0.9115 0.0000
vt 0.4956 0.0269 0.0000
vt 0.4931 0.0172 0.0000
vt 0.8556 0.3026 0.0000
vt 0.8509 0.3017 0.0000
vt 0.9180 0.9890 0.0000
vt 0.9125 0.9907 0.0000
vt 0.9125 0.9846 0.0000
vt 0.9180 0.9862 0.0000
vt 0.9244 0.7934 0.0000
vt 0.9212 0.7946 0.0000
vt 0.9205 0.7856 0.0000
vt 0.9238 0.7834 0.0000
vt 0.4249 0.8434 0.0000
vt 0.4228 0.8507 0.0000
vt 0.8083 0.9818 0.0000
vt 0.8066 0.9803 0.0000
vt 0.8119 0.9806 0.0000
vt 0.8034 0.9817 0.0000
vt 0.8580 0.3222 0.0000
vt 0.8531 0.3218 0.0000
vt 0.8533 0.3180 0.0000
vt 0.8591 0.3169 0.0000
vt 0.4457 0.9859 0.0000
vt 0.4467 0.9902 0.0000
vt 0.4424 0.9898 0.0000
vt 0.4424 0.9849 0.0000
vt 0.9699 0.6478 0.0000
vt 0.9732 0.6486 0.0000
vt 0.9727 0.6526 0.0000
vt 0.9699 0.6532 0.0000
vt 0.4300 0.8433 0.0000
vt 0.4335 0.8432 0.0000
vt 0.4308 0.8502 0.0000
vt 0.4275 0.8507 0.0000
vt 0.8490 0.3114 0.0000
vt 0.8538 0.3110 0.0000
vt 0.8493 0.3189 0.0000
vt 0.9574 0.5683 0.0000
vt 0.9644 0.5649 0.0000
vt 0.9676 0.5737 0.0000
vt 0.9580 0.5756 0.0000
vt 0.9643 0.5828 0.0000
vt 0.9574 0.5824 0.0000
vt 0.5417 0.1754 0.0000
vt 0.5334 0.1787 0.0000
vt 0.5336 0.1693 0.0000
vt 0.5431 0.1679 0.0000
vt 0.9872 0.4636 0.0000
vt 0.9872 0.4603 0.0000
vt 0.9894 0.4624 0.0000
vt 0.9875 0.4665 0.0000
vt 0.5370 0.4480 0.0000
vt 0.5282 0.4511 0.0000
vt 0.5292 0.4362 0.0000
vt 0.5344 0.4360 0.0000
vt 0.5332 0.4608 0.0000
vt 0.5262 0.4683 0.0000
vt 0.5421 0.4479 0.0000
vt 0.5377 0.4617 0.0000
vt 0.5399 0.4329 0.0000
vt 0.5455 0.4390 0.0000
vt 0.9432 0.5098 0.0000
vt 0.9398 0.5117 0.0000
vt 0.9398 0.5019 0.0000
vt 0.9411 0.4987 0.0000
vt 0.3751 0.8563 0.0000
vt 0.3715 0.8579 0.0000
vt 0.3724 0.8424 0.0000
vt 0.3770 0.8438 0.0000
vt 0.2996 0.9684 0.0000
vt 0.2920 0.9686 0.0000
vt 0.2911 0.9640 0.0000
vt 0.3004 0.9622 0.0000
vt 0.5306 0.4766 0.0000
vt 0.6777 0.8602 0.0000
vt 0.6833 0.8589 0.0000
vt 0.6832 0.8711 0.0000
vt 0.6777 0.8733 0.0000
vt 0.6789 0.8463 0.0000
vt 0.6840 0.8463 0.0000
vt 0.2989 0.9742 0.0000
vt 0.2911 0.9750 0.0000
vt 0.9148 0.9475 0.0000
vt 0.9163 0.9360 0.0000
vt 0.9203 0.9369 0.0000
vt 0.9203 0.9507 0.0000
vt 0.4942 0.8837 0.0000
vt 0.4999 0.8830 0.0000
vt 0.4970 0.8970 0.0000
vt 0.4937 0.8985 0.0000
vt 0.5462 0.1845 0.0000
vt 0.5461 0.1899 0.0000
vt 0.5382 0.1878 0.0000
vt 0.5403 0.1825 0.0000
vt 0.5260 0.1769 0.0000
vt 0.5312 0.1857 0.0000
vt 0.5241 0.1846 0.0000
vt 0.5333 0.2021 0.0000
vt 0.5276 0.2020 0.0000
vt 0.5169 0.1786 0.0000
vt 0.5188 0.1759 0.0000
vt 0.8642 0.2021 0.0000
vt 0.8579 0.1976 0.0000
vt 0.8598 0.1916 0.0000
vt 0.8674 0.1935 0.0000
vt 0.9666 0.5522 0.0000
vt 0.9666 0.5444 0.0000
vt 0.9714 0.5483 0.0000
vt 0.9708 0.5581 0.0000
vt 0.8579 0.1826 0.0000
vt 0.8593 0.1745 0.0000
vt 0.8638 0.1713 0.0000
vt 0.8673 0.1841 0.0000
vt 0.6844 0.9741 0.0000
vt 0.6842 0.9812 0.0000
vt 0.6775 0.9816 0.0000
vt 0.6775 0.9719 0.0000
vt 0.8953 0.9545 0.0000
vt 0.9030 0.9545 0.0000
vt 0.9053 0.9612 0.0000
vt 0.8949 0.9662 0.0000
vt 0.9382 0.9734 0.0000
vt 0.9405 0.9681 0.0000
vt 0.9463 0.9667 0.0000
vt 0.9463 0.9781 0.0000
vt 0.5100 0.1420 0.0000
vt 0.5211 0.1426 0.0000
vt 0.5194 0.1556 0.0000
vt 0.5104 0.1551 0.0000
vt 0.9770 0.1834 0.0000
vt 0.9768 0.1906 0.0000
vt 0.9724 0.1921 0.0000
vt 0.9724 0.1806 0.0000
vt 0.5255 0.1482 0.0000
vt 0.5303 0.1364 0.0000
vt 0.5352 0.1455 0.0000
vt 0.8647 0.9637 0.0000
vt 0.8687 0.9538 0.0000
vt 0.8705 0.9589 0.0000
vt 0.8705 0.9696 0.0000
vt 0.5019 0.1768 0.0000
vt 0.5111 0.1753 0.0000
vt 0.5120 0.1843 0.0000
vt 0.5007 0.1873 0.0000
vt 0.5012 0.1720 0.0000
vt 0.5111 0.1698 0.0000
vt 0.5016 0.1641 0.0000
vt 0.5105 0.1636 0.0000
vt 0.4937 0.1721 0.0000
vt 0.4937 0.1647 0.0000
vt 0.4985 0.1827 0.0000
vt 0.4914 0.1793 0.0000
vt 0.8648 0.9696 0.0000
vt 0.8631 0.9688 0.0000
vt 0.4938 0.1862 0.0000
vt 0.4851 0.1869 0.0000
vt 0.4876 0.1811 0.0000
vt 0.4937 0.1861 0.0000
vt 0.4911 0.1933 0.0000
vt 0.5073 0.2049 0.0000
vt 0.4975 0.2087 0.0000
vt 0.5154 0.2031 0.0000
vt 0.3953 0.3360 0.0000
vt 0.4009 0.3415 0.0000
vt 0.3937 0.3415 0.0000
vt 0.3953 0.3342 0.0000
vt 0.5487 0.4459 0.0000
vt 0.5629 0.4249 0.0000
vt 0.5568 0.4434 0.0000
vt 0.1620 0.5821 0.0000
vt 0.1620 0.5807 0.0000
vt 0.1625 0.5809 0.0000
vt 0.1628 0.5824 0.0000
vt 0.7945 0.9755 0.0000
vt 0.7879 0.9736 0.0000
vt 0.7893 0.9712 0.0000
vt 0.7957 0.9722 0.0000
vt 0.7889 0.9749 0.0000
vt 0.7902 0.9791 0.0000
vt 0.7957 0.9807 0.0000
vt 0.7953 0.9823 0.0000
vt 0.9806 0.4258 0.0000
vt 0.9839 0.4235 0.0000
vt 0.9839 0.4302 0.0000
vt 0.9831 0.4314 0.0000
vt 0.4812 0.9431 0.0000
vt 0.4776 0.9476 0.0000
vt 0.4776 0.9380 0.0000
vt 0.4825 0.9387 0.0000
vt 0.4804 0.9297 0.0000
vt 0.4827 0.9285 0.0000
vt 0.9679 0.7970 0.0000
vt 0.9685 0.7873 0.0000
vt 0.9709 0.7912 0.0000
vt 0.9709 0.8002 0.0000
vt 0.6937 0.9854 0.0000
vt 0.6954 0.9850 0.0000
vt 0.6947 0.9889 0.0000
vt 0.6931 0.9896 0.0000
vt 0.9811 0.5261 0.0000
vt 0.9781 0.5264 0.0000
vt 0.9776 0.5224 0.0000
vt 0.9804 0.5213 0.0000
vt 0.4756 0.1561 0.0000
vt 0.4784 0.1566 0.0000
vt 0.4766 0.1609 0.0000
vt 0.4730 0.1610 0.0000
vt 0.9795 0.5320 0.0000
vt 0.9776 0.5314 0.0000
vt 0.5122 0.9859 0.0000
vt 0.5154 0.9849 0.0000
vt 0.5154 0.9871 0.0000
vt 0.5122 0.9902 0.0000
vt 0.9388 0.7396 0.0000
vt 0.9369 0.7339 0.0000
vt 0.9387 0.7331 0.0000
vt 0.9420 0.7385 0.0000
vt 0.9871 0.8136 0.0000
vt 0.9835 0.8135 0.0000
vt 0.9838 0.8071 0.0000
vt 0.9871 0.8063 0.0000
vt 0.9977 0.1236 0.0000
vt 0.9973 0.1270 0.0000
vt 0.9947 0.1255 0.0000
vt 0.9941 0.1236 0.0000
vt 0.9772 0.9076 0.0000
vt 0.9821 0.9022 0.0000
vt 0.9821 0.9125 0.0000
vt 0.9777 0.9130 0.0000
vt 0.7753 0.9611 0.0000
vt 0.7739 0.9683 0.0000
vt 0.7705 0.9685 0.0000
vt 0.7705 0.9543 0.0000
vt 0.4566 0.1583 0.0000
vt 0.4661 0.1522 0.0000
vt 0.4695 0.1604 0.0000
vt 0.4587 0.1646 0.0000
vt 0.4730 0.1675 0.0000
vt 0.4647 0.1715 0.0000
vt 0.4542 0.1720 0.0000
vt 0.4499 0.1712 0.0000
vt 0.4500 0.1563 0.0000
vt 0.4701 0.1799 0.0000
vt 0.4662 0.1867 0.0000
vt 0.4634 0.1751 0.0000
vt 0.4596 0.1850 0.0000
vt 0.4584 0.1728 0.0000
vt 0.9368 0.2117 0.0000
vt 0.9420 0.2055 0.0000
vt 0.9460 0.2093 0.0000
vt 0.9437 0.2158 0.0000
vt 0.3640 0.9683 0.0000
vt 0.3585 0.9682 0.0000
vt 0.3589 0.9658 0.0000
vt 0.3635 0.9644 0.0000
vt 0.9116 0.9436 0.0000
vt 0.9116 0.9507 0.0000
vt 0.9090 0.9487 0.0000
vt 0.9104 0.9421 0.0000
vt 0.4717 0.1727 0.0000
vt 0.4788 0.1739 0.0000
vt 0.4783 0.1769 0.0000
vt 0.4714 0.1778 0.0000
vt 0.4718 0.1670 0.0000
vt 0.4770 0.1665 0.0000
vt 0.6056 0.9729 0.0000
vt 0.6056 0.9817 0.0000
vt 0.6020 0.9795 0.0000
vt 0.6030 0.9721 0.0000
vt 0.9390 0.7464 0.0000
vt 0.9437 0.7452 0.0000
vt 0.9440 0.7524 0.0000
vt 0.9384 0.7555 0.0000
vt 0.9440 0.7590 0.0000
vt 0.9369 0.7585 0.0000
vt 0.4867 0.9375 0.0000
vt 0.4868 0.9462 0.0000
vt 0.4842 0.9325 0.0000
vt 0.9608 0.2436 0.0000
vt 0.9650 0.2348 0.0000
vt 0.9650 0.2518 0.0000
vt 0.9601 0.2481 0.0000
vt 0.9460 0.2316 0.0000
vt 0.9392 0.2287 0.0000
vt 0.8403 0.9809 0.0000
vt 0.8350 0.9821 0.0000
vt 0.8350 0.9713 0.0000
vt 0.8419 0.9732 0.0000
vt 0.4698 0.1997 0.0000
vt 0.4768 0.1932 0.0000
vt 0.4813 0.2000 0.0000
vt 0.4720 0.2062 0.0000
vt 0.4728 0.1907 0.0000
vt 0.4680 0.2001 0.0000
vt 0.1618 0.5435 0.0000
vt 0.1622 0.5422 0.0000
vt 0.1624 0.5475 0.0000
vt 0.1618 0.5504 0.0000
vt 0.9333 0.1457 0.0000
vt 0.9275 0.1518 0.0000
vt 0.9275 0.1368 0.0000
vt 0.9287 0.1362 0.0000
vt 0.5889 0.5255 0.0000
vt 0.5959 0.5273 0.0000
vt 0.5928 0.5400 0.0000
vt 0.5851 0.5391 0.0000
vt 0.5783 0.5380 0.0000
vt 0.5845 0.5236 0.0000
vt 0.6635 0.9586 0.0000
vt 0.6653 0.9658 0.0000
vt 0.6611 0.9680 0.0000
vt 0.6611 0.9525 0.0000
vt 0.5731 0.5310 0.0000
vt 0.5812 0.5081 0.0000
vt 0.5904 0.5067 0.0000
vt 0.1845 0.9593 0.0000
vt 0.1878 0.9536 0.0000
vt 0.1862 0.9699 0.0000
vt 0.1801 0.9536 0.0000
vt 0.5994 0.5038 0.0000
vt 0.5975 0.5155 0.0000
vt 0.5905 0.5140 0.0000
vt 0.5735 0.5386 0.0000
vt 0.5758 0.5516 0.0000
vt 0.5689 0.5498 0.0000
vt 0.9206 0.6088 0.0000
vt 0.9227 0.6198 0.0000
vt 0.9163 0.6197 0.0000
vt 0.9162 0.6025 0.0000
vt 0.5643 0.5471 0.0000
vt 0.5570 0.5439 0.0000
vt 0.5649 0.5260 0.0000
vt 0.5028 0.2843 0.0000
vt 0.5008 0.2768 0.0000
vt 0.5118 0.2754 0.0000
vt 0.5113 0.2878 0.0000
vt 0.4980 0.2888 0.0000
vt 0.4915 0.2797 0.0000
vt 0.5071 0.2956 0.0000
vt 0.5394 0.6269 0.0000
vt 0.5445 0.6248 0.0000
vt 0.5445 0.6297 0.0000
vt 0.5417 0.6302 0.0000
vt 0.5413 0.6329 0.0000
vt 0.5369 0.6291 0.0000
vt 0.5164 0.3197 0.0000
vt 0.5116 0.3228 0.0000
vt 0.5124 0.3204 0.0000
vt 0.5146 0.3161 0.0000
vt 0.5045 0.3118 0.0000
vt 0.5082 0.3097 0.0000
vt 0.9455 0.5955 0.0000
vt 0.9459 0.5982 0.0000
vt 0.9445 0.5993 0.0000
vt 0.9445 0.5942 0.0000
vt 0.5017 0.3138 0.0000
vt 0.5044 0.3192 0.0000
vt 0.4988 0.3162 0.0000
vt 0.5082 0.3207 0.0000
vt 0.5022 0.3201 0.0000
vt 0.9742 0.7113 0.0000
vt 0.9714 0.7078 0.0000
vt 0.9765 0.7061 0.0000
vt 0.9768 0.7112 0.0000
vt 0.9779 0.3712 0.0000
vt 0.9784 0.3656 0.0000
vt 0.9806 0.3652 0.0000
vt 0.9806 0.3717 0.0000
vt 0.5532 0.6234 0.0000
vt 0.5502 0.6279 0.0000
vt 0.9895 0.4352 0.0000
vt 0.9904 0.4407 0.0000
vt 0.9873 0.4399 0.0000
vt 0.9873 0.4345 0.0000
vt 0.5617 0.5915 0.0000
vt 0.5664 0.5837 0.0000
vt 0.5742 0.5879 0.0000
vt 0.5652 0.5983 0.0000
vt 0.5538 0.6022 0.0000
vt 0.5535 0.5918 0.0000
vt 0.5569 0.5810 0.0000
vt 0.9719 0.6996 0.0000
vt 0.9768 0.6995 0.0000
vt 0.5420 0.6196 0.0000
vt 0.5501 0.6173 0.0000
vt 0.5587 0.6146 0.0000
vt 0.5609 0.6191 0.0000
vt 0.9245 0.2846 0.0000
vt 0.9190 0.2848 0.0000
vt 0.9191 0.2737 0.0000
vt 0.9260 0.2731 0.0000
vt 0.5291 0.2628 0.0000
vt 0.5347 0.2609 0.0000
vt 0.5377 0.2708 0.0000
vt 0.5338 0.2739 0.0000
vt 0.1370 0.9369 0.0000
vt 0.1356 0.9503 0.0000
vt 0.1303 0.9491 0.0000
vt 0.1303 0.9274 0.0000
vt 0.5254 0.2527 0.0000
vt 0.5320 0.2484 0.0000
vt 0.5344 0.5732 0.0000
vt 0.5301 0.5865 0.0000
vt 0.5246 0.5846 0.0000
vt 0.5270 0.5710 0.0000
vt 0.9179 0.2622 0.0000
vt 0.9246 0.2619 0.0000
vt 0.5315 0.5595 0.0000
vt 0.5397 0.5609 0.0000
vt 0.5039 0.5817 0.0000
vt 0.4998 0.5763 0.0000
vt 0.5033 0.5735 0.0000
vt 0.5078 0.5756 0.0000
vt 0.5043 0.5672 0.0000
vt 0.5102 0.5670 0.0000
vt 0.4998 0.5682 0.0000
vt 0.5034 0.5895 0.0000
vt 0.5068 0.5930 0.0000
vt 0.5030 0.5948 0.0000
vt 0.4997 0.5926 0.0000
vt 0.9779 0.5047 0.0000
vt 0.9815 0.5044 0.0000
vt 0.9809 0.5078 0.0000
vt 0.9782 0.5087 0.0000
vt 0.9758 0.9715 0.0000
vt 0.9729 0.9713 0.0000
vt 0.9724 0.9670 0.0000
vt 0.9768 0.9669 0.0000
vt 0.5485 0.2827 0.0000
vt 0.5530 0.2850 0.0000
vt 0.5508 0.2883 0.0000
vt 0.5463 0.2867 0.0000
vt 0.5526 0.2723 0.0000
vt 0.5510 0.2782 0.0000
vt 0.5465 0.2750 0.0000
vt 0.5488 0.2715 0.0000
vt 0.5514 0.2642 0.0000
vt 0.5467 0.2655 0.0000
vt 0.5422 0.2678 0.0000
vt 0.5570 0.2322 0.0000
vt 0.5529 0.2354 0.0000
vt 0.5507 0.2213 0.0000
vt 0.5564 0.2217 0.0000
vt 0.5482 0.2038 0.0000
vt 0.5545 0.2039 0.0000
vt 0.9218 0.3322 0.0000
vt 0.9213 0.3481 0.0000
vt 0.9170 0.3459 0.0000
vt 0.9184 0.3301 0.0000
vt 0.9132 0.3429 0.0000
vt 0.9144 0.3260 0.0000
vt 0.9899 0.7212 0.0000
vt 0.9866 0.7228 0.0000
vt 0.9866 0.7164 0.0000
vt 0.9901 0.7167 0.0000
vt 0.3796 0.8702 0.0000
vt 0.3863 0.8669 0.0000
vt 0.3868 0.8839 0.0000
vt 0.3796 0.8814 0.0000
vt 0.9657 0.2230 0.0000
vt 0.9621 0.2221 0.0000
vt 0.9619 0.2187 0.0000
vt 0.9655 0.2154 0.0000
vt 0.3718 0.8734 0.0000
vt 0.3759 0.8677 0.0000
vt 0.5533 0.1818 0.0000
vt 0.5538 0.1892 0.0000
vt 0.4379 0.9390 0.0000
vt 0.4350 0.9368 0.0000
vt 0.4379 0.9203 0.0000
vt 0.1450 0.4177 0.0000
vt 0.1485 0.4157 0.0000
vt 0.1500 0.4355 0.0000
vt 0.1459 0.4365 0.0000
vt 0.3805 0.8556 0.0000
vt 0.3864 0.8529 0.0000
vt 0.5476 0.1760 0.0000
vt 0.5541 0.1750 0.0000
vt 0.5499 0.1673 0.0000
vt 0.5543 0.1680 0.0000
vt 0.5043 0.4998 0.0000
vt 0.4957 0.4992 0.0000
vt 0.5033 0.4852 0.0000
vt 0.5107 0.4834 0.0000
vt 0.9552 0.6208 0.0000
vt 0.9527 0.6219 0.0000
vt 0.9505 0.6147 0.0000
vt 0.9572 0.6152 0.0000
vt 0.5612 0.1757 0.0000
vt 0.5630 0.1795 0.0000
vt 0.5584 0.1812 0.0000
vt 0.5578 0.1761 0.0000
vt 0.5678 0.1736 0.0000
vt 0.5633 0.1701 0.0000
vt 0.9591 0.2158 0.0000
vt 0.9604 0.2122 0.0000
vt 0.5700 0.9818 0.0000
vt 0.5700 0.9720 0.0000
vt 0.5737 0.9763 0.0000
vt 0.5725 0.9798 0.0000
vt 0.9604 0.2087 0.0000
vt 0.9657 0.2055 0.0000
vt 0.5877 0.2404 0.0000
vt 0.5844 0.2458 0.0000
vt 0.5825 0.2431 0.0000
vt 0.5836 0.2391 0.0000
vt 0.5802 0.2475 0.0000
vt 0.5795 0.2435 0.0000
vt 0.5795 0.2386 0.0000
vt 0.9785 0.4077 0.0000
vt 0.9769 0.4035 0.0000
vt 0.9798 0.4025 0.0000
vt 0.9816 0.4049 0.0000
vt 0.4760 0.5461 0.0000
vt 0.4753 0.5516 0.0000
vt 0.4721 0.5508 0.0000
vt 0.4715 0.5462 0.0000
vt 0.9772 0.3968 0.0000
vt 0.9816 0.3983 0.0000
vt 0.5680 0.2428 0.0000
vt 0.5713 0.2401 0.0000
vt 0.5730 0.2431 0.0000
vt 0.5716 0.2458 0.0000
vt 0.5761 0.2434 0.0000
vt 0.5759 0.2474 0.0000
vt 0.5755 0.2388 0.0000
vt 0.4801 0.5555 0.0000
vt 0.4798 0.5517 0.0000
vt 0.4837 0.5515 0.0000
vt 0.4849 0.5536 0.0000
vt 0.4885 0.5507 0.0000
vt 0.4855 0.5484 0.0000
vt 0.4807 0.5468 0.0000
vt 0.1060 0.8379 0.0000
vt 0.1038 0.8443 0.0000
vt 0.1005 0.8420 0.0000
vt 0.1008 0.8369 0.0000
vt 0.1007 0.8492 0.0000
vt 0.0968 0.8449 0.0000
vt 0.0952 0.8381 0.0000
vt 0.1077 0.8476 0.0000
vt 0.1042 0.8515 0.0000
vt 0.9762 0.9246 0.0000
vt 0.9803 0.9244 0.0000
vt 0.9801 0.9286 0.0000
vt 0.9770 0.9293 0.0000
vt 0.2092 0.9631 0.0000
vt 0.2085 0.9685 0.0000
vt 0.2053 0.9679 0.0000
vt 0.2058 0.9625 0.0000
vt 0.9873 0.5452 0.0000
vt 0.9873 0.5517 0.0000
vt 0.9834 0.5498 0.0000
vt 0.9825 0.5444 0.0000
vt 0.6503 0.8875 0.0000
vt 0.6521 0.8923 0.0000
vt 0.6471 0.8913 0.0000
vt 0.6450 0.8885 0.0000
vt 0.9317 0.0925 0.0000
vt 0.9321 0.0978 0.0000
vt 0.9277 0.0973 0.0000
vt 0.9277 0.0921 0.0000
vt 0.9277 0.0998 0.0000
vt 0.9320 0.1013 0.0000
vt 0.9757 0.3262 0.0000
vt 0.9759 0.3312 0.0000
vt 0.9718 0.3312 0.0000
vt 0.9719 0.3266 0.0000
vt 0.6195 0.5944 0.0000
vt 0.6228 0.5968 0.0000
vt 0.6189 0.5994 0.0000
vt 0.6155 0.5985 0.0000
vt 0.6795 0.3116 0.0000
vt 0.6765 0.3034 0.0000
vt 0.6826 0.3032 0.0000
vt 0.6834 0.3090 0.0000
vt 0.6889 0.3042 0.0000
vt 0.6879 0.3113 0.0000
vt 0.6839 0.3167 0.0000
vt 0.9267 0.5557 0.0000
vt 0.9323 0.5480 0.0000
vt 0.9323 0.5585 0.0000
vt 0.9275 0.5615 0.0000
vt 0.4177 0.4082 0.0000
vt 0.4169 0.4240 0.0000
vt 0.4131 0.4236 0.0000
vt 0.4143 0.4030 0.0000
vt 0.5827 0.1778 0.0000
vt 0.5776 0.1798 0.0000
vt 0.5726 0.1654 0.0000
vt 0.5773 0.1593 0.0000
vt 0.0899 0.8077 0.0000
vt 0.0966 0.8037 0.0000
vt 0.0975 0.8203 0.0000
vt 0.0916 0.8265 0.0000
vt 0.0894 0.8326 0.0000
vt 0.0960 0.8304 0.0000
vt 0.0900 0.8397 0.0000
vt 0.4744 0.4905 0.0000
vt 0.4759 0.4797 0.0000
vt 0.4843 0.4833 0.0000
vt 0.4814 0.4934 0.0000
vt 0.4697 0.4954 0.0000
vt 0.4644 0.4916 0.0000
vt 0.4669 0.4849 0.0000
vt 0.4681 0.4754 0.0000
vt 0.8832 0.1053 0.0000
vt 0.8820 0.1208 0.0000
vt 0.8761 0.1200 0.0000
vt 0.8760 0.1045 0.0000
vt 0.9941 0.2248 0.0000
vt 0.9941 0.2233 0.0000
vt 0.9961 0.2241 0.0000
vt 0.9972 0.2248 0.0000
vt 0.5846 0.1142 0.0000
vt 0.5766 0.1182 0.0000
vt 0.5737 0.0958 0.0000
vt 0.5807 0.0931 0.0000
vt 0.5859 0.0903 0.0000
vt 0.5902 0.1085 0.0000
vt 0.4716 0.9722 0.0000
vt 0.4716 0.9815 0.0000
vt 0.4665 0.9769 0.0000
vt 0.4657 0.9764 0.0000
vt 0.5912 0.1181 0.0000
vt 0.5967 0.1323 0.0000
vt 0.5916 0.1337 0.0000
vt 0.5847 0.1171 0.0000
vt 0.5875 0.1345 0.0000
vt 0.4679 0.4437 0.0000
vt 0.4639 0.4599 0.0000
vt 0.4592 0.4571 0.0000
vt 0.4598 0.4432 0.0000
vt 0.9488 0.1781 0.0000
vt 0.9554 0.1901 0.0000
vt 0.9531 0.1896 0.0000
vt 0.9496 0.1913 0.0000
vt 0.1507 0.9767 0.0000
vt 0.1539 0.9731 0.0000
vt 0.1539 0.9805 0.0000
vt 0.1518 0.9821 0.0000
vt 0.6518 0.8759 0.0000
vt 0.6558 0.8739 0.0000
vt 0.6585 0.8771 0.0000
vt 0.6537 0.8813 0.0000
vt 0.6581 0.8666 0.0000
vt 0.6624 0.8686 0.0000
vt 0.6536 0.8663 0.0000
vt 0.9488 0.1598 0.0000
vt 0.9562 0.1550 0.0000
vt 0.9562 0.1733 0.0000
vt 0.9499 0.1750 0.0000
vt 0.5984 0.9622 0.0000
vt 0.5977 0.9671 0.0000
vt 0.5944 0.9683 0.0000
vt 0.5908 0.9644 0.0000
vt 0.1741 0.9666 0.0000
vt 0.1704 0.9686 0.0000
vt 0.1684 0.9656 0.0000
vt 0.1752 0.9647 0.0000
vt 0.4828 0.9874 0.0000
vt 0.4854 0.9908 0.0000
vt 0.4799 0.9908 0.0000
vt 0.4820 0.9865 0.0000
vt 0.1800 0.3030 0.0000
vt 0.1922 0.2986 0.0000
vt 0.1845 0.3097 0.0000
vt 0.1793 0.3079 0.0000
vt 0.1700 0.9594 0.0000
vt 0.1659 0.9598 0.0000
vt 0.6631 0.8438 0.0000
vt 0.6575 0.8518 0.0000
vt 0.6572 0.8450 0.0000
vt 0.6616 0.8429 0.0000
vt 0.6500 0.8562 0.0000
vt 0.6473 0.8432 0.0000
vt 0.6653 0.8437 0.0000
vt 0.6730 0.8389 0.0000
vt 0.6681 0.8528 0.0000
vt 0.6624 0.8527 0.0000
vt 0.4803 0.9847 0.0000
vt 0.4825 0.9857 0.0000
vt 0.6490 0.8682 0.0000
vt 0.9699 0.1460 0.0000
vt 0.9659 0.1452 0.0000
vt 0.9666 0.1337 0.0000
vt 0.9699 0.1322 0.0000
vt 0.6745 0.2785 0.0000
vt 0.6748 0.2922 0.0000
vt 0.6694 0.2916 0.0000
vt 0.6688 0.2755 0.0000
vt 0.9460 0.9617 0.0000
vt 0.9417 0.9629 0.0000
vt 0.9417 0.9459 0.0000
vt 0.9458 0.9458 0.0000
vt 0.6009 0.1312 0.0000
vt 0.6055 0.1304 0.0000
vt 0.6060 0.1423 0.0000
vt 0.6023 0.1456 0.0000
vt 0.6161 0.5852 0.0000
vt 0.6120 0.5875 0.0000
vt 0.6120 0.5793 0.0000
vt 0.6180 0.5794 0.0000
vt 0.6186 0.5686 0.0000
vt 0.6234 0.5704 0.0000
vt 0.6066 0.5906 0.0000
vt 0.6051 0.5826 0.0000
vt 0.6156 0.5921 0.0000
vt 0.6194 0.5872 0.0000
vt 0.6228 0.5805 0.0000
vt 0.6326 0.5574 0.0000
vt 0.6249 0.5560 0.0000
vt 0.6281 0.5421 0.0000
vt 0.6352 0.5422 0.0000
vt 0.6500 0.5500 0.0000
vt 0.6513 0.5545 0.0000
vt 0.6365 0.5629 0.0000
vt 0.6276 0.5727 0.0000
vt 0.2109 0.3021 0.0000
vt 0.2064 0.3116 0.0000
vt 0.1822 0.3138 0.0000
vt 0.9844 0.3868 0.0000
vt 0.9844 0.3935 0.0000
vt 0.9801 0.3932 0.0000
vt 0.9796 0.3860 0.0000
vt 0.3833 0.8325 0.0000
vt 0.3839 0.8259 0.0000
vt 0.3857 0.8268 0.0000
vt 0.3868 0.8330 0.0000
vt 0.6838 0.8395 0.0000
vt 0.6794 0.8389 0.0000
vt 0.9201 0.9294 0.0000
vt 0.9171 0.9300 0.0000
vt 0.5450 0.4187 0.0000
vt 0.5528 0.4209 0.0000
vt 0.7763 0.3152 0.0000
vt 0.7714 0.3195 0.0000
vt 0.7701 0.3009 0.0000
vt 0.7769 0.3002 0.0000
vt 0.5549 0.3905 0.0000
vt 0.5539 0.4023 0.0000
vt 0.5471 0.4005 0.0000
vt 0.5482 0.3916 0.0000
vt 0.7713 0.2731 0.0000
vt 0.7728 0.2819 0.0000
vt 0.7653 0.2805 0.0000
vt 0.7769 0.2699 0.0000
vt 0.5674 0.1449 0.0000
vt 0.5669 0.1595 0.0000
vt 0.5595 0.1577 0.0000
vt 0.5580 0.1436 0.0000
vt 0.5548 0.1264 0.0000
vt 0.5627 0.1237 0.0000
vt 0.0894 0.7902 0.0000
vt 0.0958 0.7883 0.0000
vt 0.5699 0.1210 0.0000
vt 0.5733 0.1409 0.0000
vt 0.5798 0.1376 0.0000
vt 0.5916 0.1492 0.0000
vt 0.5837 0.1514 0.0000
vt 0.1024 0.8188 0.0000
vt 0.1008 0.8019 0.0000
vt 0.5810 0.1541 0.0000
vt 0.5958 0.1650 0.0000
vt 0.5910 0.1667 0.0000
vt 0.7116 0.5092 0.0000
vt 0.7104 0.5203 0.0000
vt 0.7039 0.5157 0.0000
vt 0.7041 0.5085 0.0000
vt 0.7211 0.5144 0.0000
vt 0.7173 0.5252 0.0000
vt 0.7025 0.5026 0.0000
vt 0.7074 0.5023 0.0000
vt 0.9069 0.5869 0.0000
vt 0.9137 0.5871 0.0000
vt 0.9145 0.5980 0.0000
vt 0.9069 0.5991 0.0000
vt 0.9093 0.5802 0.0000
vt 0.9152 0.5778 0.0000
vt 0.2593 0.9034 0.0000
vt 0.2627 0.8888 0.0000
vt 0.2674 0.8926 0.0000
vt 0.2630 0.9057 0.0000
vt 0.2551 0.8969 0.0000
vt 0.2570 0.8827 0.0000
vt 0.7317 0.5204 0.0000
vt 0.7253 0.5326 0.0000
vt 0.7218 0.5291 0.0000
vt 0.7258 0.5178 0.0000
vt 0.5243 0.9605 0.0000
vt 0.5236 0.9691 0.0000
vt 0.5192 0.9664 0.0000
vt 0.5192 0.9539 0.0000
vt 0.9588 0.9466 0.0000
vt 0.9647 0.9416 0.0000
vt 0.9647 0.9568 0.0000
vt 0.9607 0.9540 0.0000
vt 0.9616 0.9413 0.0000
vt 0.9634 0.9391 0.0000
vt 0.2680 0.8795 0.0000
vt 0.2595 0.8733 0.0000
vt 0.2710 0.8703 0.0000
vt 0.2018 0.2273 0.0000
vt 0.1991 0.2217 0.0000
vt 0.2109 0.2200 0.0000
vt 0.2102 0.2284 0.0000
vt 0.1973 0.2390 0.0000
vt 0.1915 0.2373 0.0000
vt 0.8983 0.4873 0.0000
vt 0.8924 0.4900 0.0000
vt 0.8886 0.4771 0.0000
vt 0.8920 0.4740 0.0000
vt 0.1717 0.2798 0.0000
vt 0.1773 0.2799 0.0000
vt 0.1736 0.2917 0.0000
vt 0.1659 0.2934 0.0000
vt 0.5908 0.9554 0.0000
vt 0.5987 0.9541 0.0000
vt 0.2112 0.2814 0.0000
vt 0.1948 0.2906 0.0000
vt 0.1954 0.2828 0.0000
vt 0.2117 0.2745 0.0000
vt 0.2161 0.2725 0.0000
vt 0.2261 0.2684 0.0000
vt 0.2228 0.2778 0.0000
vt 0.8907 0.4396 0.0000
vt 0.8876 0.4321 0.0000
vt 0.8918 0.4341 0.0000
vt 0.8952 0.4442 0.0000
vt 0.8990 0.4462 0.0000
vt 0.8964 0.4253 0.0000
vt 0.8876 0.4208 0.0000
vt 0.9826 0.2221 0.0000
vt 0.9826 0.2293 0.0000
vt 0.9794 0.2266 0.0000
vt 0.9798 0.2211 0.0000
vt 0.2247 0.2643 0.0000
vt 0.2151 0.2666 0.0000
vt 0.2152 0.2565 0.0000
vt 0.2245 0.2565 0.0000
vt 0.2319 0.2572 0.0000
vt 0.2314 0.2633 0.0000
vt 0.8867 0.4619 0.0000
vt 0.8858 0.4504 0.0000
vt 0.8901 0.4521 0.0000
vt 0.8909 0.4615 0.0000
vt 0.2162 0.2438 0.0000
vt 0.2230 0.2450 0.0000
vt 0.1148 0.9689 0.0000
vt 0.1149 0.9745 0.0000
vt 0.1130 0.9726 0.0000
vt 0.1115 0.9683 0.0000
vt 0.1079 0.9733 0.0000
vt 0.1049 0.9689 0.0000
vt 0.8933 0.4639 0.0000
vt 0.8935 0.4534 0.0000
vt 0.8968 0.4569 0.0000
vt 0.8990 0.4672 0.0000
vt 0.6777 0.9390 0.0000
vt 0.6781 0.9323 0.0000
vt 0.6845 0.9351 0.0000
vt 0.6843 0.9389 0.0000
vt 0.4901 0.9645 0.0000
vt 0.4950 0.9643 0.0000
vt 0.4950 0.9694 0.0000
vt 0.4933 0.9714 0.0000
vt 0.3847 0.9757 0.0000
vt 0.3849 0.9809 0.0000
vt 0.3803 0.9791 0.0000
vt 0.3782 0.9745 0.0000
vt 0.6845 0.9489 0.0000
vt 0.6778 0.9487 0.0000
vt 0.3798 0.9714 0.0000
vt 0.3792 0.9714 0.0000
vt 0.9254 0.0085 0.0000
vt 0.9239 0.0127 0.0000
vt 0.9201 0.0076 0.0000
vt 0.9193 0.0016 0.0000
vt 0.9303 0.0178 0.0000
vt 0.9249 0.0189 0.0000
vt 0.4933 0.9580 0.0000
vt 0.4901 0.9577 0.0000
vt 0.6458 0.9294 0.0000
vt 0.6490 0.9398 0.0000
vt 0.6433 0.9401 0.0000
vt 0.6431 0.9292 0.0000
vt 0.8895 0.9896 0.0000
vt 0.8895 0.9835 0.0000
vt 0.8917 0.9858 0.0000
vt 0.8905 0.9891 0.0000
vt 0.2632 0.9857 0.0000
vt 0.2632 0.9781 0.0000
vt 0.2668 0.9797 0.0000
vt 0.2676 0.9841 0.0000
vt 0.1060 0.9644 0.0000
vt 0.1109 0.9623 0.0000
vt 0.2329 0.2604 0.0000
vt 0.2329 0.2507 0.0000
vt 0.2380 0.2533 0.0000
vt 0.2390 0.2630 0.0000
vt 0.8929 0.4691 0.0000
vt 0.8964 0.4709 0.0000
vt 0.7541 0.9776 0.0000
vt 0.7559 0.9727 0.0000
vt 0.7592 0.9740 0.0000
vt 0.7592 0.9819 0.0000
vt 0.9663 0.5920 0.0000
vt 0.9732 0.5860 0.0000
vt 0.9732 0.5955 0.0000
vt 0.9672 0.5991 0.0000
vt 0.2507 0.2744 0.0000
vt 0.2490 0.2847 0.0000
vt 0.2423 0.2758 0.0000
vt 0.2462 0.2673 0.0000
vt 0.9532 0.3350 0.0000
vt 0.9532 0.3462 0.0000
vt 0.9467 0.3388 0.0000
vt 0.9487 0.3260 0.0000
vt 0.2439 0.2567 0.0000
vt 0.9876 0.3860 0.0000
vt 0.9898 0.3860 0.0000
vt 0.9892 0.3917 0.0000
vt 0.9884 0.3918 0.0000
vt 0.0326 0.9414 0.0000
vt 0.0326 0.9490 0.0000
vt 0.0310 0.9464 0.0000
vt 0.0305 0.9419 0.0000
vt 0.9429 0.8410 0.0000
vt 0.9419 0.8335 0.0000
vt 0.9453 0.8357 0.0000
vt 0.9484 0.8423 0.0000
vt 0.6690 0.4675 0.0000
vt 0.6665 0.4752 0.0000
vt 0.6610 0.4702 0.0000
vt 0.6631 0.4653 0.0000
vt 0.0072 0.9847 0.0000
vt 0.0113 0.9858 0.0000
vt 0.0108 0.9884 0.0000
vt 0.0072 0.9908 0.0000
vt 0.9433 0.8441 0.0000
vt 0.9447 0.8513 0.0000
vt 0.9419 0.8527 0.0000
vt 0.9511 0.8513 0.0000
vt 0.6648 0.4786 0.0000
vt 0.6595 0.4757 0.0000
vt 0.6679 0.4867 0.0000
vt 0.6604 0.4845 0.0000
vt 0.9593 0.0368 0.0000
vt 0.9591 0.0294 0.0000
vt 0.9611 0.0286 0.0000
vt 0.9638 0.0379 0.0000
vt 0.6701 0.4955 0.0000
vt 0.6723 0.4899 0.0000
vt 0.6764 0.4960 0.0000
vt 0.6395 0.9619 0.0000
vt 0.6372 0.9632 0.0000
vt 0.6372 0.9566 0.0000
vt 0.6390 0.9548 0.0000
vt 0.9759 0.8406 0.0000
vt 0.9762 0.8457 0.0000
vt 0.9718 0.8408 0.0000
vt 0.9706 0.8392 0.0000
vt 0.9870 0.5660 0.0000
vt 0.9843 0.5608 0.0000
vt 0.9885 0.5608 0.0000
vt 0.9875 0.5677 0.0000
vt 0.6619 0.4944 0.0000
vt 0.9861 0.4560 0.0000
vt 0.9860 0.4510 0.0000
vt 0.9889 0.4507 0.0000
vt 0.9889 0.4571 0.0000
vt 0.9846 0.0499 0.0000
vt 0.9819 0.0504 0.0000
vt 0.9819 0.0498 0.0000
vt 0.9836 0.0453 0.0000
vt 0.8892 0.4419 0.0000
vt 0.8863 0.4388 0.0000
vt 0.9529 0.7549 0.0000
vt 0.9564 0.7565 0.0000
vt 0.9552 0.7661 0.0000
vt 0.9529 0.7681 0.0000
vt 0.6817 0.5088 0.0000
vt 0.6729 0.5088 0.0000
vt 0.9867 0.6995 0.0000
vt 0.9907 0.7008 0.0000
vt 0.9895 0.7051 0.0000
vt 0.9867 0.7058 0.0000
vt 0.9819 0.8346 0.0000
vt 0.9824 0.8412 0.0000
vt 0.9793 0.8418 0.0000
vt 0.9793 0.8335 0.0000
vt 0.4467 0.9725 0.0000
vt 0.4466 0.9804 0.0000
vt 0.4411 0.9817 0.0000
vt 0.4411 0.9717 0.0000
vt 0.6822 0.5011 0.0000
vt 0.6894 0.5092 0.0000
vt 0.2216 0.2237 0.0000
vt 0.2227 0.2143 0.0000
vt 0.2322 0.2171 0.0000
vt 0.2307 0.2281 0.0000
vt 0.2274 0.2343 0.0000
vt 0.2194 0.2324 0.0000
vt 0.2767 0.1886 0.0000
vt 0.2533 0.2064 0.0000
vt 0.2430 0.1931 0.0000
vt 0.2910 0.8577 0.0000
vt 0.3044 0.8774 0.0000
vt 0.2965 0.8815 0.0000
vt 0.2687 0.8551 0.0000
vt 0.2868 0.8797 0.0000
vt 0.7325 0.4968 0.0000
vt 0.7431 0.5020 0.0000
vt 0.7414 0.5078 0.0000
vt 0.7292 0.5066 0.0000
vt 0.7204 0.5066 0.0000
vt 0.7170 0.5014 0.0000
vt 0.7247 0.4981 0.0000
vt 0.7278 0.4947 0.0000
vt 0.7270 0.4856 0.0000
vt 0.7232 0.4897 0.0000
vt 0.9679 0.7782 0.0000
vt 0.9689 0.7713 0.0000
vt 0.9725 0.7714 0.0000
vt 0.9725 0.7842 0.0000
vt 0.7152 0.4951 0.0000
vt 0.7068 0.4969 0.0000
vt 0.7061 0.4919 0.0000
vt 0.7130 0.4887 0.0000
vt 0.7206 0.4930 0.0000
vt 0.7169 0.4824 0.0000
vt 0.7028 0.4854 0.0000
vt 0.7035 0.4794 0.0000
vt 0.3427 0.6589 0.0000
vt 0.3479 0.6658 0.0000
vt 0.3349 0.6724 0.0000
vt 0.3268 0.6649 0.0000
vt 0.6051 0.9282 0.0000
vt 0.6078 0.9182 0.0000
vt 0.6189 0.9165 0.0000
vt 0.6215 0.9282 0.0000
vt 0.7139 0.2634 0.0000
vt 0.7033 0.2687 0.0000
vt 0.7017 0.2603 0.0000
vt 0.7129 0.2539 0.0000
vt 0.7006 0.4950 0.0000
vt 0.7015 0.4904 0.0000
vt 0.6822 0.4816 0.0000
vt 0.6785 0.4751 0.0000
vt 0.6885 0.4771 0.0000
vt 0.6914 0.4838 0.0000
vt 0.6858 0.4907 0.0000
vt 0.6802 0.4921 0.0000
vt 0.6795 0.4857 0.0000
vt 0.6928 0.4899 0.0000
vt 0.9881 0.8935 0.0000
vt 0.9839 0.8972 0.0000
vt 0.9839 0.8909 0.0000
vt 0.9872 0.8901 0.0000
vt 0.9764 0.3825 0.0000
vt 0.9705 0.3870 0.0000
vt 0.9708 0.3816 0.0000
vt 0.9751 0.3796 0.0000
vt 0.6746 0.4790 0.0000
vt 0.6723 0.4742 0.0000
vt 0.9705 0.3748 0.0000
vt 0.9744 0.3768 0.0000
vt 0.7202 0.9816 0.0000
vt 0.7169 0.9816 0.0000
vt 0.7157 0.9772 0.0000
vt 0.7202 0.9722 0.0000
vt 0.6665 0.4506 0.0000
vt 0.6718 0.4454 0.0000
vt 0.6761 0.4650 0.0000
vt 0.6716 0.4662 0.0000
vt 0.6690 0.4652 0.0000
vt 0.6622 0.4525 0.0000
vt 0.9624 0.7619 0.0000
vt 0.9634 0.7530 0.0000
vt 0.9676 0.7563 0.0000
vt 0.9657 0.7617 0.0000
vt 0.4612 0.9901 0.0000
vt 0.4579 0.9906 0.0000
vt 0.4586 0.9861 0.0000
vt 0.4612 0.9845 0.0000
vt 0.9711 0.8335 0.0000
vt 0.9762 0.8370 0.0000
vt 0.6650 0.4899 0.0000
vt 0.6613 0.4844 0.0000
vt 0.6677 0.4834 0.0000
vt 0.6717 0.4895 0.0000
vt 0.6734 0.4821 0.0000
vt 0.6750 0.4881 0.0000
vt 0.9870 0.1750 0.0000
vt 0.9870 0.1691 0.0000
vt 0.9900 0.1721 0.0000
vt 0.9900 0.1755 0.0000
vt 0.6865 0.4983 0.0000
vt 0.6867 0.4953 0.0000
vt 0.6909 0.4976 0.0000
vt 0.6911 0.5003 0.0000
vt 0.6826 0.4976 0.0000
vt 0.6837 0.5010 0.0000
vt 0.8759 0.7666 0.0000
vt 0.8727 0.7681 0.0000
vt 0.8722 0.7632 0.0000
vt 0.8759 0.7605 0.0000
vt 0.9170 0.5714 0.0000
vt 0.9222 0.5701 0.0000
vt 0.9220 0.5761 0.0000
vt 0.9183 0.5768 0.0000
vt 0.9183 0.5661 0.0000
vt 0.9228 0.5649 0.0000
vt 0.9135 0.5734 0.0000
vt 0.6971 0.4974 0.0000
vt 0.6972 0.5020 0.0000
vt 0.7005 0.4982 0.0000
vt 0.6897 0.5049 0.0000
vt 0.6878 0.4966 0.0000
vt 0.6785 0.4993 0.0000
vt 0.6756 0.4938 0.0000
vt 0.6809 0.5037 0.0000
vt 0.9493 0.8573 0.0000
vt 0.9433 0.8575 0.0000
vt 0.0776 0.9153 0.0000
vt 0.0787 0.9109 0.0000
vt 0.0819 0.9174 0.0000
vt 0.0806 0.9213 0.0000
vt 0.0852 0.9105 0.0000
vt 0.0862 0.9181 0.0000
vt 0.0862 0.9239 0.0000
vt 0.1013 0.9859 0.0000
vt 0.0977 0.9849 0.0000
vt 0.0988 0.9801 0.0000
vt 0.1013 0.9786 0.0000
vt 0.5522 0.0500 0.0000
vt 0.5601 0.0598 0.0000
vt 0.5501 0.0633 0.0000
vt 0.5421 0.0552 0.0000
vt 0.5613 0.0407 0.0000
vt 0.5541 0.0430 0.0000
vt 0.5530 0.0359 0.0000
vt 0.5595 0.0325 0.0000
vt 0.5509 0.0287 0.0000
vt 0.5558 0.0272 0.0000
vt 0.8568 0.0974 0.0000
vt 0.8567 0.1009 0.0000
vt 0.8506 0.1012 0.0000
vt 0.8517 0.0939 0.0000
vt 0.5617 0.0256 0.0000
vt 0.5583 0.0267 0.0000
vt 0.5661 0.0330 0.0000
vt 0.5684 0.0387 0.0000
vt 0.9402 0.0833 0.0000
vt 0.9412 0.0897 0.0000
vt 0.9371 0.0899 0.0000
vt 0.9363 0.0832 0.0000
vt 0.9755 0.6860 0.0000
vt 0.9735 0.6901 0.0000
vt 0.9702 0.6883 0.0000
vt 0.9698 0.6838 0.0000
vt 0.6557 0.3158 0.0000
vt 0.6605 0.3138 0.0000
vt 0.6628 0.3189 0.0000
vt 0.6604 0.3224 0.0000
vt 0.9303 0.7231 0.0000
vt 0.9285 0.7171 0.0000
vt 0.9347 0.7185 0.0000
vt 0.9354 0.7247 0.0000
vt 0.0153 0.9849 0.0000
vt 0.0198 0.9848 0.0000
vt 0.0198 0.9905 0.0000
vt 0.0144 0.9891 0.0000
vt 0.7316 0.2903 0.0000
vt 0.7260 0.2958 0.0000
vt 0.7254 0.2897 0.0000
vt 0.7271 0.2836 0.0000
vt 0.7352 0.3063 0.0000
vt 0.7280 0.3081 0.0000
vt 0.7311 0.2750 0.0000
vt 0.7358 0.2778 0.0000
vt 0.7421 0.2798 0.0000
vt 0.7402 0.2929 0.0000
vt 0.6250 0.9199 0.0000
vt 0.6271 0.9162 0.0000
vt 0.6308 0.9264 0.0000
vt 0.6272 0.9280 0.0000
vt 0.6571 0.4555 0.0000
vt 0.6571 0.4598 0.0000
vt 0.6491 0.4573 0.0000
vt 0.6493 0.4507 0.0000
vt 0.6315 0.9151 0.0000
vt 0.6362 0.9258 0.0000
vt 0.7233 0.9724 0.0000
vt 0.7260 0.9722 0.0000
vt 0.7278 0.9784 0.0000
vt 0.7233 0.9816 0.0000
vt 0.8519 0.0868 0.0000
vt 0.8551 0.0879 0.0000
vt 0.0730 0.9873 0.0000
vt 0.0694 0.9876 0.0000
vt 0.0704 0.9809 0.0000
vt 0.0730 0.9806 0.0000
vt 0.9824 0.6263 0.0000
vt 0.9769 0.6291 0.0000
vt 0.9769 0.6210 0.0000
vt 0.9835 0.6209 0.0000
vt 0.0849 0.9029 0.0000
vt 0.0781 0.9025 0.0000
vt 0.9771 0.6779 0.0000
vt 0.9698 0.6784 0.0000
vt 0.9007 0.8800 0.0000
vt 0.8993 0.8718 0.0000
vt 0.9045 0.8740 0.0000
vt 0.9035 0.8812 0.0000
vt 0.3309 0.9630 0.0000
vt 0.3268 0.9686 0.0000
vt 0.3268 0.9541 0.0000
vt 0.3272 0.9545 0.0000
vt 0.8975 0.8727 0.0000
vt 0.8957 0.8741 0.0000
vt 0.2730 0.7634 0.0000
vt 0.2720 0.7581 0.0000
vt 0.2762 0.7584 0.0000
vt 0.2779 0.7614 0.0000
vt 0.2792 0.7554 0.0000
vt 0.2831 0.7584 0.0000
vt 0.2744 0.7525 0.0000
vt 0.8992 0.8657 0.0000
vt 0.9057 0.8660 0.0000
vt 0.8965 0.8628 0.0000
vt 0.8991 0.8625 0.0000
vt 0.5258 0.0284 0.0000
vt 0.5305 0.0371 0.0000
vt 0.5291 0.0392 0.0000
vt 0.5324 0.0485 0.0000
vt 0.5371 0.0421 0.0000
vt 0.9365 0.0959 0.0000
vt 0.9414 0.0955 0.0000
vt 0.9396 0.1012 0.0000
vt 0.9363 0.1009 0.0000
vt 0.2570 0.7553 0.0000
vt 0.2624 0.7564 0.0000
vt 0.2602 0.7625 0.0000
vt 0.2551 0.7605 0.0000
vt 0.0357 0.9640 0.0000
vt 0.0404 0.9617 0.0000
vt 0.0404 0.9673 0.0000
vt 0.0381 0.9688 0.0000
vt 0.1444 0.8739 0.0000
vt 0.1444 0.8660 0.0000
vt 0.1492 0.8738 0.0000
vt 0.1476 0.8888 0.0000
vt 0.3268 0.8764 0.0000
vt 0.3273 0.8624 0.0000
vt 0.3282 0.8843 0.0000
vt 0.5359 0.3809 0.0000
vt 0.5261 0.3837 0.0000
vt 0.5333 0.3656 0.0000
vt 0.5371 0.3677 0.0000
vt 0.1500 0.8612 0.0000
vt 0.1440 0.8533 0.0000
vt 0.1366 0.9036 0.0000
vt 0.1361 0.9163 0.0000
vt 0.1334 0.9140 0.0000
vt 0.1340 0.9045 0.0000
vt 0.1444 0.8414 0.0000
vt 0.1506 0.8474 0.0000
vt 0.1345 0.8975 0.0000
vt 0.1363 0.8972 0.0000
vt 0.1404 0.8470 0.0000
vt 0.1404 0.8431 0.0000
vt 0.9151 0.5471 0.0000
vt 0.9156 0.5519 0.0000
vt 0.9138 0.5505 0.0000
vt 0.9135 0.5468 0.0000
vt 0.9149 0.5604 0.0000
vt 0.9119 0.5617 0.0000
vt 0.9086 0.5521 0.0000
vt 0.9165 0.5604 0.0000
vt 0.1356 0.9242 0.0000
vt 0.1310 0.9243 0.0000
vt 0.9282 0.4412 0.0000
vt 0.9270 0.4336 0.0000
vt 0.9317 0.4328 0.0000
vt 0.9322 0.4454 0.0000
vt 0.9232 0.4452 0.0000
vt 0.9232 0.4344 0.0000
vt 0.9307 0.4507 0.0000
vt 0.7458 0.3178 0.0000
vt 0.7432 0.3076 0.0000
vt 0.7505 0.3078 0.0000
vt 0.7524 0.3168 0.0000
vt 0.7622 0.9613 0.0000
vt 0.7608 0.9530 0.0000
vt 0.7671 0.9531 0.0000
vt 0.7671 0.9640 0.0000
vt 0.7603 0.9696 0.0000
vt 0.7568 0.9633 0.0000
vt 0.3980 0.9711 0.0000
vt 0.4048 0.9725 0.0000
vt 0.4054 0.9796 0.0000
vt 0.3980 0.9823 0.0000
vt 0.9763 0.1727 0.0000
vt 0.9772 0.1691 0.0000
vt 0.9830 0.1691 0.0000
vt 0.9839 0.1773 0.0000
vt 0.5054 0.3791 0.0000
vt 0.5134 0.3791 0.0000
vt 0.5101 0.4063 0.0000
vt 0.4999 0.4034 0.0000
vt 0.4924 0.3806 0.0000
vt 0.4945 0.3687 0.0000
vt 0.5049 0.3676 0.0000
vt 0.4874 0.4009 0.0000
vt 0.3101 0.7694 0.0000
vt 0.3154 0.7705 0.0000
vt 0.3105 0.7896 0.0000
vt 0.3013 0.7870 0.0000
vt 0.9600 0.8978 0.0000
vt 0.9614 0.8859 0.0000
vt 0.9643 0.8862 0.0000
vt 0.9643 0.9030 0.0000
vt 0.5765 0.0547 0.0000
vt 0.5718 0.0454 0.0000
vt 0.5781 0.0421 0.0000
vt 0.5835 0.0506 0.0000
vt 0.5849 0.0425 0.0000
vt 0.5831 0.0391 0.0000
vt 0.6378 0.4921 0.0000
vt 0.6348 0.5060 0.0000
vt 0.6278 0.5045 0.0000
vt 0.6308 0.4878 0.0000
vt 0.5870 0.0677 0.0000
vt 0.5812 0.0698 0.0000
vt 0.4091 0.9394 0.0000
vt 0.4037 0.9333 0.0000
vt 0.4078 0.9324 0.0000
vt 0.4087 0.9400 0.0000
vt 0.2112 0.2916 0.0000
vt 0.2227 0.2903 0.0000
vt 0.2253 0.2970 0.0000
vt 0.4129 0.9472 0.0000
vt 0.3980 0.9472 0.0000
vt 0.2265 0.3053 0.0000
vt 0.2235 0.2973 0.0000
vt 0.2268 0.2947 0.0000
vt 0.2369 0.3009 0.0000
vt 0.2260 0.3160 0.0000
vt 0.2418 0.3127 0.0000
vt 0.2420 0.3216 0.0000
vt 0.2450 0.3066 0.0000
vt 0.2233 0.2907 0.0000
vt 0.2258 0.2832 0.0000
vt 0.2316 0.2888 0.0000
vt 0.9674 0.9149 0.0000
vt 0.9674 0.9022 0.0000
vt 0.9741 0.9056 0.0000
vt 0.9735 0.9135 0.0000
vt 0.1050 0.9826 0.0000
vt 0.1049 0.9777 0.0000
vt 0.1118 0.9777 0.0000
vt 0.1107 0.9855 0.0000
vt 0.9267 0.0298 0.0000
vt 0.9229 0.0254 0.0000
vt 0.9199 0.0243 0.0000
vt 0.9193 0.0319 0.0000
vt 0.6517 0.4736 0.0000
vt 0.6540 0.4837 0.0000
vt 0.6462 0.4839 0.0000
vt 0.6439 0.4760 0.0000
vt 0.6442 0.4670 0.0000
vt 0.6478 0.4631 0.0000
vt 0.6545 0.4664 0.0000
vt 0.6406 0.4693 0.0000
vt 0.8980 0.3131 0.0000
vt 0.8966 0.3205 0.0000
vt 0.8924 0.3176 0.0000
vt 0.8924 0.3135 0.0000
vt 0.6414 0.4597 0.0000
vt 0.6405 0.4611 0.0000
vt 0.6383 0.4579 0.0000
vt 0.6438 0.4573 0.0000
vt 0.6395 0.4661 0.0000
vt 0.6337 0.4607 0.0000
vt 0.9316 0.2894 0.0000
vt 0.9296 0.2883 0.0000
vt 0.9292 0.2837 0.0000
vt 0.9339 0.2834 0.0000
vt 0.9014 0.3163 0.0000
vt 0.9014 0.3226 0.0000
vt 0.2482 0.2964 0.0000
vt 0.2600 0.2966 0.0000
vt 0.2595 0.3040 0.0000
vt 0.8797 0.0376 0.0000
vt 0.8841 0.0343 0.0000
vt 0.8851 0.0428 0.0000
vt 0.8807 0.0510 0.0000
vt 0.2528 0.3037 0.0000
vt 0.2522 0.3100 0.0000
vt 0.2467 0.3013 0.0000
vt 0.2601 0.3083 0.0000
vt 0.2589 0.3134 0.0000
vt 0.6319 0.4685 0.0000
vt 0.6358 0.4704 0.0000
vt 0.4915 0.3455 0.0000
vt 0.4850 0.3443 0.0000
vt 0.4874 0.3397 0.0000
vt 0.4924 0.3399 0.0000
vt 0.2629 0.3325 0.0000
vt 0.2611 0.3385 0.0000
vt 0.2577 0.3367 0.0000
vt 0.2569 0.3306 0.0000
vt 0.4974 0.3447 0.0000
vt 0.4957 0.3375 0.0000
vt 0.5782 0.0316 0.0000
vt 0.5737 0.0357 0.0000
vt 0.6350 0.4775 0.0000
vt 0.6381 0.4774 0.0000
vt 0.5036 0.3462 0.0000
vt 0.4997 0.3568 0.0000
vt 0.4931 0.3552 0.0000
vt 0.4874 0.3539 0.0000
vt 0.6267 0.4519 0.0000
vt 0.6311 0.4559 0.0000
vt 0.6272 0.4616 0.0000
vt 0.6203 0.4591 0.0000
vt 0.8797 0.5926 0.0000
vt 0.8806 0.5856 0.0000
vt 0.8843 0.5859 0.0000
vt 0.8846 0.5916 0.0000
vt 0.9565 0.4839 0.0000
vt 0.9556 0.4909 0.0000
vt 0.9521 0.4820 0.0000
vt 0.9536 0.4787 0.0000
vt 0.9480 0.4816 0.0000
vt 0.9477 0.4765 0.0000
vt 0.9728 0.9413 0.0000
vt 0.9721 0.9505 0.0000
vt 0.9678 0.9520 0.0000
vt 0.9678 0.9391 0.0000
vt 0.1303 0.9639 0.0000
vt 0.1371 0.9607 0.0000
vt 0.1355 0.9668 0.0000
vt 0.1319 0.9696 0.0000
vt 0.9506 0.4709 0.0000
vt 0.9565 0.4752 0.0000
vt 0.2733 0.3207 0.0000
vt 0.2777 0.3225 0.0000
vt 0.2776 0.3253 0.0000
vt 0.2713 0.3243 0.0000
vt 0.2763 0.3177 0.0000
vt 0.2810 0.3206 0.0000
vt 0.2831 0.3240 0.0000
vt 0.8731 0.0415 0.0000
vt 0.8752 0.0210 0.0000
vt 0.8796 0.0207 0.0000
vt 0.8836 0.0153 0.0000
vt 0.8835 0.0233 0.0000
vt 0.8812 0.0134 0.0000
vt 0.2865 0.3141 0.0000
vt 0.2864 0.3226 0.0000
vt 0.2799 0.3213 0.0000
vt 0.2760 0.3092 0.0000
vt 0.2621 0.2877 0.0000
vt 0.2783 0.3018 0.0000
vt 0.2894 0.3065 0.0000
vt 0.9353 0.2679 0.0000
vt 0.9359 0.2747 0.0000
vt 0.9315 0.2756 0.0000
vt 0.9292 0.2683 0.0000
vt 0.6576 0.3061 0.0000
vt 0.6514 0.3069 0.0000
vt 0.6515 0.2976 0.0000
vt 0.6568 0.2985 0.0000
vt 0.6463 0.3027 0.0000
vt 0.6472 0.2948 0.0000
vt 0.9321 0.2633 0.0000
vt 0.9336 0.2619 0.0000
vt 0.2568 0.9800 0.0000
vt 0.2598 0.9781 0.0000
vt 0.2600 0.9858 0.0000
vt 0.2551 0.9858 0.0000
vt 0.9899 0.2354 0.0000
vt 0.9899 0.2415 0.0000
vt 0.9848 0.2401 0.0000
vt 0.9845 0.2348 0.0000
vt 0.4066 0.9504 0.0000
vt 0.4082 0.9588 0.0000
vt 0.4027 0.9593 0.0000
vt 0.4017 0.9509 0.0000
vt 0.9725 0.6195 0.0000
vt 0.9684 0.6191 0.0000
vt 0.9689 0.6131 0.0000
vt 0.9738 0.6118 0.0000
vt 0.8821 0.0082 0.0000
vt 0.8837 0.0016 0.0000
vt 0.8863 0.0057 0.0000
vt 0.8846 0.0094 0.0000
vt 0.2045 0.9330 0.0000
vt 0.2015 0.9398 0.0000
vt 0.1999 0.9361 0.0000
vt 0.2036 0.9311 0.0000
vt 0.1983 0.9439 0.0000
vt 0.2029 0.9457 0.0000
vt 0.2887 0.3222 0.0000
vt 0.2913 0.3270 0.0000
vt 0.2835 0.3285 0.0000
vt 0.2960 0.3208 0.0000
vt 0.2971 0.3232 0.0000
vt 0.2908 0.3333 0.0000
vt 0.2827 0.3342 0.0000
vt 0.2982 0.3279 0.0000
vt 0.3001 0.3244 0.0000
vt 0.2981 0.3330 0.0000
vt 0.1935 0.9412 0.0000
vt 0.1952 0.9356 0.0000
vt 0.1931 0.9281 0.0000
vt 0.1981 0.9293 0.0000
vt 0.2019 0.9281 0.0000
vt 0.2931 0.3257 0.0000
vt 0.2952 0.3177 0.0000
vt 0.3051 0.3247 0.0000
vt 0.3027 0.3328 0.0000
vt 0.7785 0.9543 0.0000
vt 0.7831 0.9562 0.0000
vt 0.7835 0.9651 0.0000
vt 0.7785 0.9684 0.0000
vt 0.3054 0.3415 0.0000
vt 0.2976 0.3406 0.0000
vt 0.2919 0.3400 0.0000
vt 0.1327 0.7227 0.0000
vt 0.1278 0.7266 0.0000
vt 0.1209 0.7197 0.0000
vt 0.1242 0.7127 0.0000
vt 0.1161 0.7163 0.0000
vt 0.1189 0.7105 0.0000
vt 0.1143 0.7040 0.0000
vt 0.1190 0.7007 0.0000
vt 0.1286 0.7107 0.0000
vt 0.1357 0.7216 0.0000
vt 0.1223 0.6994 0.0000
vt 0.1110 0.7106 0.0000
vt 0.5519 0.0165 0.0000
vt 0.5483 0.0174 0.0000
vt 0.5473 0.0089 0.0000
vt 0.5496 0.0085 0.0000
vt 0.2515 0.9300 0.0000
vt 0.2502 0.9306 0.0000
vt 0.2500 0.9221 0.0000
vt 0.2518 0.9221 0.0000
vt 0.2353 0.9563 0.0000
vt 0.2400 0.9466 0.0000
vt 0.2421 0.9509 0.0000
vt 0.2405 0.9589 0.0000
vt 0.9648 0.7749 0.0000
vt 0.9640 0.7872 0.0000
vt 0.9600 0.7884 0.0000
vt 0.9600 0.7713 0.0000
vt 0.0476 0.8032 0.0000
vt 0.0400 0.8020 0.0000
vt 0.0477 0.7861 0.0000
vt 0.0557 0.7876 0.0000
vt 0.0654 0.7827 0.0000
vt 0.0638 0.8079 0.0000
vt 0.0669 0.8012 0.0000
vt 0.0690 0.8045 0.0000
vt 0.0678 0.8096 0.0000
vt 0.0731 0.8037 0.0000
vt 0.0719 0.8102 0.0000
vt 0.0726 0.7969 0.0000
vt 0.7272 0.9538 0.0000
vt 0.7278 0.9599 0.0000
vt 0.7221 0.9593 0.0000
vt 0.7210 0.9538 0.0000
vt 0.6323 0.9903 0.0000
vt 0.6321 0.9849 0.0000
vt 0.6355 0.9855 0.0000
vt 0.6353 0.9903 0.0000
vt 0.7272 0.9650 0.0000
vt 0.7193 0.9613 0.0000
vt 0.4703 0.9853 0.0000
vt 0.4703 0.9902 0.0000
vt 0.4671 0.9909 0.0000
vt 0.4645 0.9846 0.0000
vt 0.9730 0.1492 0.0000
vt 0.9763 0.1468 0.0000
vt 0.9763 0.1518 0.0000
vt 0.9745 0.1512 0.0000
vt 0.9008 0.0897 0.0000
vt 0.9033 0.0981 0.0000
vt 0.8987 0.0960 0.0000
vt 0.8963 0.0915 0.0000
vt 0.1476 0.8333 0.0000
vt 0.1518 0.8352 0.0000
vt 0.9103 0.5369 0.0000
vt 0.9143 0.5310 0.0000
vt 0.9145 0.5387 0.0000
vt 0.9159 0.5246 0.0000
vt 0.9159 0.5315 0.0000
vt 0.7174 0.9617 0.0000
vt 0.7142 0.9546 0.0000
vt 0.7166 0.9539 0.0000
vt 0.9165 0.5183 0.0000
vt 0.8945 0.0977 0.0000
vt 0.8921 0.0956 0.0000
vt 0.8957 0.0845 0.0000
vt 0.9949 0.0899 0.0000
vt 0.9941 0.0894 0.0000
vt 0.9979 0.0894 0.0000
vt 0.9973 0.0920 0.0000
vt 0.2310 0.9859 0.0000
vt 0.2322 0.9885 0.0000
vt 0.2293 0.9903 0.0000
vt 0.2293 0.9849 0.0000
vt 0.1306 0.9037 0.0000
vt 0.1303 0.8975 0.0000
vt 0.1321 0.8926 0.0000
vt 0.1306 0.8927 0.0000
vt 0.2503 0.9129 0.0000
vt 0.2518 0.9098 0.0000
vt 0.2518 0.9187 0.0000
vt 0.2496 0.9190 0.0000
vt 0.0790 0.7971 0.0000
vt 0.0771 0.8033 0.0000
vt 0.0775 0.7892 0.0000
vt 0.0832 0.7908 0.0000
vt 0.0618 0.7961 0.0000
vt 0.0699 0.7876 0.0000
vt 0.0633 0.7999 0.0000
vt 0.0570 0.8040 0.0000
vt 0.0527 0.8030 0.0000
vt 0.0574 0.7914 0.0000
vt 0.0604 0.8059 0.0000
vt 0.2471 0.9598 0.0000
vt 0.2471 0.9477 0.0000
vt 0.2458 0.9405 0.0000
vt 0.0961 0.9422 0.0000
vt 0.1018 0.9405 0.0000
vt 0.1018 0.9504 0.0000
vt 0.9387 0.5474 0.0000
vt 0.9449 0.5497 0.0000
vt 0.0902 0.9422 0.0000
vt 0.2723 0.7334 0.0000
vt 0.2743 0.7226 0.0000
vt 0.2795 0.7233 0.0000
vt 0.2793 0.7345 0.0000
vt 0.2839 0.7243 0.0000
vt 0.2854 0.7316 0.0000
vt 0.2874 0.7385 0.0000
vt 0.2828 0.7423 0.0000
vt 0.2740 0.7438 0.0000
vt 0.2685 0.7421 0.0000
vt 0.2907 0.7164 0.0000
vt 0.2874 0.7261 0.0000
vt 0.9520 0.5612 0.0000
vt 0.9453 0.5612 0.0000
vt 0.9509 0.5556 0.0000
vt 0.9485 0.5506 0.0000
vt 0.2950 0.7264 0.0000
vt 0.2981 0.7297 0.0000
vt 0.2937 0.7336 0.0000
vt 0.2906 0.7292 0.0000
vt 0.9497 0.5480 0.0000
vt 0.9450 0.5444 0.0000
vt 0.6423 0.2920 0.0000
vt 0.6441 0.2856 0.0000
vt 0.6477 0.2874 0.0000
vt 0.2491 0.8329 0.0000
vt 0.2489 0.8243 0.0000
vt 0.2507 0.8245 0.0000
vt 0.2514 0.8326 0.0000
vt 0.0856 0.8917 0.0000
vt 0.0814 0.8916 0.0000
vt 0.0835 0.8839 0.0000
vt 0.0862 0.8833 0.0000
vt 0.8401 0.7628 0.0000
vt 0.8423 0.7680 0.0000
vt 0.8371 0.7675 0.0000
vt 0.8371 0.7631 0.0000
vt 0.6482 0.2814 0.0000
vt 0.6447 0.2797 0.0000
vt 0.6545 0.2795 0.0000
vt 0.6535 0.2894 0.0000
vt 0.2320 0.9418 0.0000
vt 0.2277 0.9434 0.0000
vt 0.2272 0.9348 0.0000
vt 0.2318 0.9313 0.0000
vt 0.9816 0.8203 0.0000
vt 0.9816 0.8303 0.0000
vt 0.9768 0.8266 0.0000
vt 0.9787 0.8220 0.0000
vt 0.2268 0.9265 0.0000
vt 0.2304 0.9255 0.0000
vt 0.9517 0.4126 0.0000
vt 0.9517 0.4028 0.0000
vt 0.9568 0.4064 0.0000
vt 0.9551 0.4157 0.0000
vt 0.6593 0.4188 0.0000
vt 0.6586 0.4298 0.0000
vt 0.6543 0.4292 0.0000
vt 0.6551 0.4184 0.0000
vt 0.9354 0.6985 0.0000
vt 0.9354 0.7044 0.0000
vt 0.9292 0.7011 0.0000
vt 0.9308 0.6968 0.0000
vt 0.6246 0.9088 0.0000
vt 0.6246 0.9020 0.0000
vt 0.6258 0.9036 0.0000
vt 0.6283 0.9093 0.0000
vt 0.6253 0.8974 0.0000
vt 0.6305 0.8988 0.0000
vt 0.6299 0.9027 0.0000
vt 0.6293 0.9046 0.0000
vt 0.6585 0.2776 0.0000
vt 0.6599 0.2860 0.0000
vt 0.6628 0.2907 0.0000
vt 0.6582 0.2933 0.0000
vt 0.6738 0.4294 0.0000
vt 0.6813 0.4321 0.0000
vt 0.6823 0.4493 0.0000
vt 0.6646 0.4354 0.0000
vt 0.6664 0.4250 0.0000
vt 0.6620 0.4407 0.0000
vt 0.6338 0.9049 0.0000
vt 0.6309 0.9082 0.0000
vt 0.8273 0.9592 0.0000
vt 0.8288 0.9537 0.0000
vt 0.8313 0.9563 0.0000
vt 0.8311 0.9603 0.0000
vt 0.6341 0.8982 0.0000
vt 0.6364 0.9140 0.0000
vt 0.9655 0.1605 0.0000
vt 0.9593 0.1595 0.0000
vt 0.9613 0.1550 0.0000
vt 0.9650 0.1550 0.0000
vt 0.9365 0.5952 0.0000
vt 0.9413 0.5942 0.0000
vt 0.9413 0.5993 0.0000
vt 0.9362 0.5989 0.0000
vt 0.6588 0.4352 0.0000
vt 0.6545 0.4362 0.0000
vt 0.6396 0.9051 0.0000
vt 0.6390 0.8990 0.0000
vt 0.6638 0.4096 0.0000
vt 0.6537 0.4111 0.0000
vt 0.6584 0.4068 0.0000
vt 0.9526 0.3968 0.0000
vt 0.9564 0.3976 0.0000
vt 0.6470 0.9537 0.0000
vt 0.6470 0.9690 0.0000
vt 0.6429 0.9668 0.0000
vt 0.6444 0.9552 0.0000
vt 0.0421 0.7353 0.0000
vt 0.0347 0.7508 0.0000
vt 0.0295 0.7677 0.0000
vt 0.0078 0.7603 0.0000
vt 0.3541 0.2965 0.0000
vt 0.3523 0.2748 0.0000
vt 0.6601 0.2631 0.0000
vt 0.6606 0.2694 0.0000
vt 0.6565 0.2686 0.0000
vt 0.6569 0.2628 0.0000
vt 0.2946 0.9826 0.0000
vt 0.2911 0.9856 0.0000
vt 0.2911 0.9794 0.0000
vt 0.2936 0.9782 0.0000
vt 0.6971 0.4512 0.0000
vt 0.7004 0.4695 0.0000
vt 0.6854 0.4668 0.0000
vt 0.6889 0.4324 0.0000
vt 0.6983 0.4301 0.0000
vt 0.7077 0.4443 0.0000
vt 0.7772 0.8384 0.0000
vt 0.7866 0.8264 0.0000
vt 0.8004 0.8408 0.0000
vt 0.7901 0.8541 0.0000
vt 0.7767 0.8705 0.0000
vt 0.7705 0.8646 0.0000
vt 0.4318 0.9442 0.0000
vt 0.4161 0.9466 0.0000
vt 0.4161 0.9203 0.0000
vt 0.4298 0.9212 0.0000
vt 0.8313 0.9689 0.0000
vt 0.8264 0.9646 0.0000
vt 0.6288 0.9142 0.0000
vt 0.6247 0.9125 0.0000
vt 0.6566 0.4406 0.0000
vt 0.6572 0.4460 0.0000
vt 0.6503 0.4434 0.0000
vt 0.6517 0.4376 0.0000
vt 0.6395 0.9263 0.0000
vt 0.9317 0.9368 0.0000
vt 0.9337 0.9183 0.0000
vt 0.9460 0.9160 0.0000
vt 0.9460 0.9426 0.0000
vt 0.5273 0.7392 0.0000
vt 0.5434 0.7446 0.0000
vt 0.5285 0.7695 0.0000
vt 0.5110 0.7588 0.0000
vt 0.5181 0.7871 0.0000
vt 0.5035 0.7762 0.0000
vt 0.2928 0.2052 0.0000
vt 0.2830 0.2291 0.0000
vt 0.2654 0.2158 0.0000
vt 0.2857 0.1971 0.0000
vt 0.4027 0.9667 0.0000
vt 0.3992 0.9666 0.0000
vt 0.3980 0.9593 0.0000
vt 0.6355 0.4524 0.0000
vt 0.6407 0.4508 0.0000
vt 0.2864 0.2906 0.0000
vt 0.2968 0.2969 0.0000
vt 0.3059 0.2947 0.0000
vt 0.3096 0.2898 0.0000
vt 0.3107 0.2943 0.0000
vt 0.3300 0.2969 0.0000
vt 0.3154 0.3008 0.0000
vt 0.3272 0.2763 0.0000
vt 0.2986 0.2732 0.0000
vt 0.3083 0.2999 0.0000
vt 0.4917 0.6360 0.0000
vt 0.5003 0.6589 0.0000
vt 0.4883 0.6619 0.0000
vt 0.7049 0.2952 0.0000
vt 0.7168 0.2962 0.0000
vt 0.7112 0.3227 0.0000
vt 0.6992 0.3167 0.0000
vt 0.6937 0.2799 0.0000
vt 0.7047 0.2803 0.0000
vt 0.7168 0.2764 0.0000
vt 0.7186 0.8235 0.0000
vt 0.7158 0.8344 0.0000
vt 0.7060 0.8322 0.0000
vt 0.7069 0.8215 0.0000
vt 0.6993 0.8298 0.0000
vt 0.6982 0.8184 0.0000
vt 0.0025 0.7826 0.0000
vt 0.0265 0.7801 0.0000
vt 0.0197 0.7985 0.0000
vt 0.0016 0.7982 0.0000
vt 0.3192 0.3177 0.0000
vt 0.3087 0.3153 0.0000
vt 0.2992 0.3097 0.0000
vt 0.3018 0.3001 0.0000
vt 0.0324 0.8001 0.0000
vt 0.0223 0.8142 0.0000
vt 0.0134 0.8088 0.0000
vt 0.0399 0.7834 0.0000
vt 0.0317 0.8165 0.0000
vt 0.3354 0.3305 0.0000
vt 0.3356 0.3172 0.0000
vt 0.3520 0.3187 0.0000
vt 0.3491 0.3300 0.0000
vt 0.0431 0.7702 0.0000
vt 0.5613 0.7498 0.0000
vt 0.5465 0.7202 0.0000
vt 0.5634 0.7209 0.0000
vt 0.5437 0.6961 0.0000
vt 0.5586 0.6945 0.0000
vt 0.5322 0.7185 0.0000
vt 0.5304 0.6982 0.0000
vt 0.5241 0.6786 0.0000
vt 0.5358 0.6755 0.0000
vt 0.5487 0.6724 0.0000
vt 0.5136 0.6608 0.0000
vt 0.5249 0.6551 0.0000
vt 0.5390 0.6521 0.0000
vt 0.5035 0.6467 0.0000
vt 0.5160 0.6391 0.0000
vt 0.5311 0.6360 0.0000
vt 0.1372 0.8509 0.0000
vt 0.1353 0.8710 0.0000
vt 0.1256 0.8671 0.0000
vt 0.1266 0.8494 0.0000
vt 0.1254 0.8333 0.0000
vt 0.1359 0.8339 0.0000
vt 0.1166 0.8647 0.0000
vt 0.1180 0.8492 0.0000
vt 0.1166 0.8346 0.0000
vt 0.7006 0.3596 0.0000
vt 0.6970 0.3734 0.0000
vt 0.6887 0.3717 0.0000
vt 0.6923 0.3564 0.0000
vt 0.6832 0.3536 0.0000
vt 0.6835 0.3422 0.0000
vt 0.6714 0.3530 0.0000
vt 0.6879 0.3913 0.0000
vt 0.6953 0.3919 0.0000
vt 0.6956 0.4115 0.0000
vt 0.6871 0.4125 0.0000
vt 0.8643 0.7906 0.0000
vt 0.8631 0.7713 0.0000
vt 0.8725 0.7721 0.0000
vt 0.8734 0.7910 0.0000
vt 0.8741 0.8107 0.0000
vt 0.8641 0.8107 0.0000
vt 0.8736 0.8304 0.0000
vt 0.8631 0.8295 0.0000
vt 0.5216 0.7189 0.0000
vt 0.5210 0.6995 0.0000
vt 0.5169 0.7373 0.0000
vt 0.1223 0.8842 0.0000
vt 0.1318 0.8895 0.0000
vt 0.6808 0.4118 0.0000
vt 0.9568 0.8835 0.0000
vt 0.9555 0.9026 0.0000
vt 0.9489 0.9030 0.0000
vt 0.9489 0.8831 0.0000
vt 0.2700 0.2577 0.0000
vt 0.2751 0.2405 0.0000
vt 0.3015 0.2548 0.0000
vt 0.2657 0.2746 0.0000
vt 0.2512 0.2619 0.0000
vt 0.2521 0.2489 0.0000
vt 0.2430 0.2439 0.0000
vt 0.2439 0.2258 0.0000
vt 0.2563 0.2323 0.0000
vt 0.5338 0.7933 0.0000
vt 0.5454 0.7769 0.0000
vt 0.2368 0.2403 0.0000
vt 0.2363 0.2202 0.0000
vt 0.6311 0.4477 0.0000
vt 0.6360 0.4470 0.0000
vt 0.9234 0.9324 0.0000
vt 0.9243 0.9162 0.0000
vt 0.8097 0.8508 0.0000
vt 0.7978 0.8621 0.0000
vt 0.7825 0.8815 0.0000
vt 0.7154 0.4591 0.0000
vt 0.7248 0.4617 0.0000
vt 0.7264 0.4744 0.0000
vt 0.7155 0.4737 0.0000
vt 0.6051 0.9029 0.0000
vt 0.6115 0.8974 0.0000
vt 0.0492 0.7236 0.0000
vt 0.0530 0.7151 0.0000
vt 0.0595 0.7251 0.0000
vt 0.9644 0.1708 0.0000
vt 0.9593 0.1721 0.0000
vt 0.6570 0.4432 0.0000
vt 0.2303 0.9482 0.0000
vt 0.2268 0.9480 0.0000
vt 0.9343 0.7117 0.0000
vt 0.9283 0.7086 0.0000
vt 0.2515 0.8440 0.0000
vt 0.2489 0.8442 0.0000
vt 0.6416 0.2998 0.0000
vt 0.2699 0.7507 0.0000
vt 0.2652 0.7494 0.0000
vt 0.2604 0.7483 0.0000
vt 0.2631 0.7408 0.0000
vt 0.2653 0.7327 0.0000
vt 0.9770 0.9833 0.0000
vt 0.9724 0.9837 0.0000
vt 0.9724 0.9747 0.0000
vt 0.9786 0.9747 0.0000
vt 0.2591 0.7319 0.0000
vt 0.2611 0.7193 0.0000
vt 0.2677 0.7215 0.0000
vt 0.2664 0.7089 0.0000
vt 0.2708 0.7098 0.0000
vt 0.2680 0.6994 0.0000
vt 0.2727 0.6998 0.0000
vt 0.2684 0.6904 0.0000
vt 0.2739 0.6921 0.0000
vt 0.2714 0.6805 0.0000
vt 0.2764 0.6848 0.0000
vt 0.2820 0.6880 0.0000
vt 0.2785 0.6803 0.0000
vt 0.2646 0.6983 0.0000
vt 0.2640 0.6894 0.0000
vt 0.9513 0.3160 0.0000
vt 0.9513 0.3059 0.0000
vt 0.8996 0.8335 0.0000
vt 0.9001 0.8427 0.0000
vt 0.8971 0.8433 0.0000
vt 0.8957 0.8345 0.0000
vt 0.9018 0.8542 0.0000
vt 0.8963 0.8550 0.0000
vt 0.2566 0.7474 0.0000
vt 0.2584 0.7403 0.0000
vt 0.0367 0.9545 0.0000
vt 0.0404 0.9540 0.0000
vt 0.2673 0.7575 0.0000
vt 0.2663 0.7642 0.0000
vt 0.2781 0.7477 0.0000
vt 0.2826 0.7518 0.0000
vt 0.2853 0.7479 0.0000
vt 0.6408 0.3058 0.0000
vt 0.6454 0.3084 0.0000
vt 0.6376 0.4076 0.0000
vt 0.6425 0.4100 0.0000
vt 0.0734 0.7808 0.0000
vt 0.0742 0.7711 0.0000
vt 0.0801 0.7816 0.0000
vt 0.0808 0.7706 0.0000
vt 0.0862 0.7702 0.0000
vt 0.0862 0.7823 0.0000
vt 0.8588 0.5896 0.0000
vt 0.8583 0.5775 0.0000
vt 0.8632 0.5807 0.0000
vt 0.8636 0.5884 0.0000
vt 0.8621 0.5994 0.0000
vt 0.8583 0.5986 0.0000
vt 0.0745 0.7550 0.0000
vt 0.0807 0.7523 0.0000
vt 0.0712 0.7399 0.0000
vt 0.3402 0.9017 0.0000
vt 0.3378 0.8892 0.0000
vt 0.3434 0.8875 0.0000
vt 0.3464 0.9028 0.0000
vt 0.0750 0.7365 0.0000
vt 0.0651 0.7327 0.0000
vt 0.0681 0.7277 0.0000
vt 0.0706 0.7245 0.0000
vt 0.0772 0.7317 0.0000
vt 0.0861 0.7396 0.0000
vt 0.0849 0.7513 0.0000
vt 0.0625 0.7201 0.0000
vt 0.7428 0.9727 0.0000
vt 0.7477 0.9736 0.0000
vt 0.7468 0.9819 0.0000
vt 0.7428 0.9820 0.0000
vt 0.1201 0.6890 0.0000
vt 0.1258 0.6974 0.0000
vt 0.1170 0.6905 0.0000
vt 0.1140 0.6922 0.0000
vt 0.7474 0.2543 0.0000
vt 0.7455 0.2667 0.0000
vt 0.7402 0.2649 0.0000
vt 0.7433 0.2527 0.0000
vt 0.7358 0.2630 0.0000
vt 0.7400 0.2509 0.0000
vt 0.1239 0.6871 0.0000
vt 0.1291 0.6949 0.0000
vt 0.7509 0.2678 0.0000
vt 0.7488 0.2810 0.0000
vt 0.9241 0.9667 0.0000
vt 0.9350 0.9687 0.0000
vt 0.9345 0.9733 0.0000
vt 0.9234 0.9726 0.0000
vt 0.9350 0.9774 0.0000
vt 0.9235 0.9786 0.0000
vt 0.1277 0.6847 0.0000
vt 0.1324 0.6922 0.0000
vt 0.1321 0.6824 0.0000
vt 0.1357 0.6894 0.0000
vt 0.9417 0.0537 0.0000
vt 0.9407 0.0682 0.0000
vt 0.9363 0.0677 0.0000
vt 0.9369 0.0542 0.0000
vt 0.7546 0.2825 0.0000
vt 0.7561 0.2685 0.0000
vt 0.9069 0.5362 0.0000
vt 0.9417 0.0796 0.0000
vt 0.9378 0.0801 0.0000
vt 0.7530 0.2949 0.0000
vt 0.7475 0.2944 0.0000
vt 0.7561 0.3083 0.0000
vt 0.6194 0.9688 0.0000
vt 0.6194 0.9551 0.0000
vt 0.6226 0.9557 0.0000
vt 0.6247 0.9673 0.0000
vt 0.9234 0.2015 0.0000
vt 0.9181 0.2023 0.0000
vt 0.9181 0.1896 0.0000
vt 0.9224 0.1906 0.0000
vt 0.8928 0.0610 0.0000
vt 0.8895 0.0615 0.0000
vt 0.8914 0.0537 0.0000
vt 0.8960 0.0544 0.0000
vt 0.9782 0.6175 0.0000
vt 0.9769 0.6120 0.0000
vt 0.9815 0.6127 0.0000
vt 0.9812 0.6177 0.0000
vt 0.9777 0.6070 0.0000
vt 0.9815 0.6069 0.0000
vt 0.9880 0.4166 0.0000
vt 0.9874 0.4203 0.0000
vt 0.9841 0.4187 0.0000
vt 0.9841 0.4133 0.0000
vt 0.6624 0.9895 0.0000
vt 0.6621 0.9849 0.0000
vt 0.6653 0.9850 0.0000
vt 0.6653 0.9903 0.0000
vt 0.1303 0.9132 0.0000
vt 0.8752 0.9728 0.0000
vt 0.8752 0.9817 0.0000
vt 0.8718 0.9814 0.0000
vt 0.8722 0.9730 0.0000
vt 0.2844 0.9622 0.0000
vt 0.2875 0.9627 0.0000
vt 0.2875 0.9722 0.0000
vt 0.2844 0.9736 0.0000
vt 0.3159 0.7585 0.0000
vt 0.3190 0.7596 0.0000
vt 0.7276 0.9691 0.0000
vt 0.1569 0.8364 0.0000
vt 0.1569 0.8517 0.0000
vt 0.9058 0.0888 0.0000
vt 0.9115 0.0869 0.0000
vt 0.3396 0.8420 0.0000
vt 0.3322 0.8399 0.0000
vt 0.1555 0.8674 0.0000
vt 0.3305 0.8259 0.0000
vt 0.3384 0.8271 0.0000
vt 0.9149 0.6782 0.0000
vt 0.9156 0.6916 0.0000
vt 0.9088 0.6916 0.0000
vt 0.9092 0.6759 0.0000
vt 0.8635 0.2786 0.0000
vt 0.8713 0.2812 0.0000
vt 0.8740 0.2627 0.0000
vt 0.8752 0.2501 0.0000
vt 0.8754 0.2420 0.0000
vt 0.8736 0.2321 0.0000
vt 0.4007 0.0212 0.0000
vt 0.4058 0.0124 0.0000
vt 0.8741 0.2226 0.0000
vt 0.4123 0.0052 0.0000
vt 0.8754 0.2139 0.0000
vt 0.4201 0.0016 0.0000
vt 0.9346 0.8033 0.0000
vt 0.9278 0.8028 0.0000
vt 0.3452 0.8426 0.0000
vt 0.5665 0.3577 0.0000
vt 0.7933 0.2555 0.0000
vt 0.7931 0.2556 0.0000
vt 0.7923 0.2531 0.0000
vt 0.7933 0.2509 0.0000
vt 0.9887 0.9652 0.0000
vt 0.9877 0.9600 0.0000
vt 0.9902 0.9601 0.0000
vt 0.9902 0.9655 0.0000
vt 0.8930 0.1011 0.0000
vt 0.8895 0.1013 0.0000
vt 0.0761 0.8107 0.0000
vt 0.0417 0.8155 0.0000
vt 0.0492 0.8150 0.0000
vt 0.9753 0.2926 0.0000
vt 0.9755 0.3044 0.0000
vt 0.9718 0.3040 0.0000
vt 0.9728 0.2926 0.0000
vt 0.8808 0.5773 0.0000
vt 0.8744 0.5841 0.0000
vt 0.8755 0.5757 0.0000
vt 0.2813 0.3406 0.0000
vt 0.2729 0.3413 0.0000
vt 0.2749 0.3349 0.0000
vt 0.2665 0.3410 0.0000
vt 0.2685 0.3343 0.0000
vt 0.2700 0.3285 0.0000
vt 0.2766 0.3293 0.0000
vt 0.2636 0.3265 0.0000
vt 0.2648 0.3216 0.0000
vt 0.2573 0.3246 0.0000
vt 0.2581 0.3191 0.0000
vt 0.2667 0.3174 0.0000
vt 0.2694 0.3142 0.0000
vt 0.2515 0.3233 0.0000
vt 0.2513 0.3167 0.0000
vt 0.4795 0.3432 0.0000
vt 0.4808 0.3526 0.0000
vt 0.4737 0.3507 0.0000
vt 0.2522 0.3285 0.0000
vt 0.4783 0.3664 0.0000
vt 0.4714 0.3658 0.0000
vt 0.4621 0.3633 0.0000
vt 0.4701 0.3815 0.0000
vt 0.4625 0.3827 0.0000
vt 0.4553 0.3831 0.0000
vt 0.2083 0.3196 0.0000
vt 0.2121 0.3250 0.0000
vt 0.1911 0.3273 0.0000
vt 0.1872 0.3207 0.0000
vt 0.4632 0.4001 0.0000
vt 0.4749 0.4009 0.0000
vt 0.4701 0.4216 0.0000
vt 0.4616 0.4217 0.0000
vt 0.4559 0.4217 0.0000
vt 0.4562 0.4022 0.0000
vt 0.4800 0.3814 0.0000
vt 0.4850 0.3673 0.0000
vt 0.6845 0.9671 0.0000
vt 0.6775 0.9687 0.0000
vt 0.6797 0.9533 0.0000
vt 0.6845 0.9521 0.0000
vt 0.4547 0.4407 0.0000
vt 0.4554 0.4556 0.0000
vt 0.4508 0.4517 0.0000
vt 0.6676 0.8703 0.0000
vt 0.6622 0.8810 0.0000
vt 0.6745 0.8539 0.0000
vt 0.4500 0.4617 0.0000
vt 0.4462 0.4573 0.0000
vt 0.6566 0.8857 0.0000
vt 0.4439 0.4652 0.0000
vt 0.4411 0.4609 0.0000
vt 0.6485 0.8829 0.0000
vt 0.6432 0.8837 0.0000
vt 0.6431 0.8771 0.0000
vt 0.6478 0.8769 0.0000
vt 0.6441 0.8694 0.0000
vt 0.5566 0.9852 0.0000
vt 0.5529 0.9856 0.0000
vt 0.5531 0.9789 0.0000
vt 0.5566 0.9782 0.0000
vt 0.8892 0.5110 0.0000
vt 0.8858 0.5115 0.0000
vt 0.8874 0.5030 0.0000
vt 0.8921 0.5017 0.0000
vt 0.6446 0.8594 0.0000
vt 0.8883 0.4915 0.0000
vt 0.6431 0.8465 0.0000
vt 0.6361 0.5779 0.0000
vt 0.6323 0.5755 0.0000
vt 0.6410 0.5663 0.0000
vt 0.6444 0.5685 0.0000
vt 0.6531 0.5583 0.0000
vt 0.6548 0.5618 0.0000
vt 0.8858 0.4800 0.0000
vt 0.6670 0.5553 0.0000
vt 0.6677 0.5601 0.0000
vt 0.3194 0.6501 0.0000
vt 0.3234 0.6519 0.0000
vt 0.3219 0.6631 0.0000
vt 0.3188 0.6629 0.0000
vt 0.3228 0.6784 0.0000
vt 0.3197 0.6788 0.0000
vt 0.3188 0.7550 0.0000
vt 0.3188 0.7375 0.0000
vt 0.3235 0.7394 0.0000
vt 0.3233 0.7553 0.0000
vt 0.1693 0.2662 0.0000
vt 0.1747 0.2664 0.0000
vt 0.1672 0.2795 0.0000
vt 0.1778 0.2512 0.0000
vt 0.1825 0.2528 0.0000
vt 0.1799 0.2670 0.0000
vt 0.1872 0.2541 0.0000
vt 0.1854 0.2673 0.0000
vt 0.1839 0.2791 0.0000
vt 0.1817 0.2896 0.0000
vt 0.1950 0.2673 0.0000
vt 0.1958 0.2757 0.0000
vt 0.2075 0.2663 0.0000
vt 0.2088 0.2736 0.0000
vt 0.9081 0.7654 0.0000
vt 0.9104 0.7524 0.0000
vt 0.9136 0.7507 0.0000
vt 0.9136 0.7678 0.0000
vt 0.1947 0.2558 0.0000
vt 0.2053 0.2565 0.0000
vt 0.2067 0.2416 0.0000
vt 0.9717 0.0827 0.0000
vt 0.9717 0.0722 0.0000
vt 0.9793 0.0734 0.0000
vt 0.9816 0.0833 0.0000
vt 0.1803 0.2969 0.0000
vt 0.1733 0.2996 0.0000
vt 0.1737 0.3048 0.0000
vt 0.1877 0.2359 0.0000
vt 0.1851 0.2339 0.0000
vt 0.1968 0.2147 0.0000
vt 0.1969 0.2185 0.0000
vt 0.1738 0.2497 0.0000
vt 0.1795 0.2345 0.0000
vt 0.9497 0.6494 0.0000
vt 0.9450 0.6524 0.0000
vt 0.9424 0.6330 0.0000
vt 0.9497 0.6294 0.0000
vt 0.3234 0.6909 0.0000
vt 0.3196 0.6924 0.0000
vt 0.7018 0.5538 0.0000
vt 0.6995 0.5515 0.0000
vt 0.7161 0.5444 0.0000
vt 0.7198 0.5465 0.0000
vt 0.6981 0.5465 0.0000
vt 0.7135 0.5404 0.0000
vt 0.7273 0.5361 0.0000
vt 0.6967 0.5421 0.0000
vt 0.7101 0.5358 0.0000
vt 0.6948 0.5370 0.0000
vt 0.7054 0.5296 0.0000
vt 0.6913 0.5293 0.0000
vt 0.7001 0.5228 0.0000
vt 0.6869 0.5204 0.0000
vt 0.6938 0.5162 0.0000
vt 0.6965 0.5125 0.0000
vt 0.9617 0.9845 0.0000
vt 0.9591 0.9835 0.0000
vt 0.9588 0.9761 0.0000
vt 0.9645 0.9761 0.0000
vt 0.6880 0.5097 0.0000
vt 0.6973 0.5074 0.0000
vt 0.6754 0.5236 0.0000
vt 0.6779 0.5343 0.0000
vt 0.6641 0.5378 0.0000
vt 0.6630 0.5250 0.0000
vt 0.6800 0.5422 0.0000
vt 0.6652 0.5456 0.0000
vt 0.6488 0.5402 0.0000
vt 0.6812 0.5468 0.0000
vt 0.6660 0.5503 0.0000
vt 0.6825 0.5515 0.0000
vt 0.6847 0.5563 0.0000
vt 0.6387 0.5255 0.0000
vt 0.6496 0.5257 0.0000
vt 0.6429 0.5068 0.0000
vt 0.6522 0.5074 0.0000
vt 0.6627 0.5080 0.0000
vt 0.6543 0.4943 0.0000
vt 0.6457 0.4936 0.0000
vt 0.6387 0.4845 0.0000
vt 0.6308 0.5246 0.0000
vt 0.6245 0.5241 0.0000
vt 0.6018 0.1024 0.0000
vt 0.5959 0.1053 0.0000
vt 0.5915 0.0875 0.0000
vt 0.5973 0.0849 0.0000
vt 0.6046 0.1166 0.0000
vt 0.5985 0.1174 0.0000
vt 0.6271 0.5828 0.0000
vt 0.2269 0.9517 0.0000
vt 0.2315 0.9514 0.0000
vt 0.2310 0.9602 0.0000
vt 0.2268 0.9605 0.0000
vt 0.6235 0.5890 0.0000
vt 0.2315 0.9677 0.0000
vt 0.2276 0.9676 0.0000
vt 0.6268 0.5913 0.0000
vt 0.9846 0.5900 0.0000
vt 0.9879 0.5900 0.0000
vt 0.9879 0.5966 0.0000
vt 0.9844 0.5969 0.0000
vt 0.9280 0.0854 0.0000
vt 0.9317 0.0860 0.0000
vt 0.9522 0.1966 0.0000
vt 0.9488 0.1981 0.0000
vt 0.4805 0.4230 0.0000
vt 0.4755 0.4441 0.0000
vt 0.4845 0.4454 0.0000
vt 0.4785 0.4646 0.0000
vt 0.4700 0.4624 0.0000
vt 0.6889 0.2628 0.0000
vt 0.6875 0.2818 0.0000
vt 0.6805 0.2806 0.0000
vt 0.6807 0.2638 0.0000
vt 0.4924 0.4252 0.0000
vt 0.5045 0.4293 0.0000
vt 0.4969 0.4478 0.0000
vt 0.5076 0.4509 0.0000
vt 0.5018 0.4686 0.0000
vt 0.4889 0.4668 0.0000
vt 0.5114 0.4330 0.0000
vt 0.5174 0.4344 0.0000
vt 0.5141 0.4520 0.0000
vt 0.3024 0.8387 0.0000
vt 0.3036 0.8149 0.0000
vt 0.3123 0.8161 0.0000
vt 0.3107 0.8417 0.0000
vt 0.5171 0.4079 0.0000
vt 0.5236 0.4095 0.0000
vt 0.5291 0.4101 0.0000
vt 0.5218 0.4346 0.0000
vt 0.3178 0.7910 0.0000
vt 0.3192 0.8167 0.0000
vt 0.5250 0.4354 0.0000
vt 0.5224 0.4517 0.0000
vt 0.5183 0.4521 0.0000
vt 0.2406 0.8561 0.0000
vt 0.2371 0.8317 0.0000
vt 0.2422 0.8337 0.0000
vt 0.2444 0.8556 0.0000
vt 0.5334 0.4165 0.0000
vt 0.5295 0.4139 0.0000
vt 0.2353 0.8015 0.0000
vt 0.2390 0.8081 0.0000
vt 0.2448 0.8118 0.0000
vt 0.2457 0.8354 0.0000
vt 0.7639 0.3010 0.0000
vt 0.7592 0.2783 0.0000
vt 0.2401 0.7935 0.0000
vt 0.2457 0.7966 0.0000
vt 0.7659 0.3211 0.0000
vt 0.5208 0.4674 0.0000
vt 0.5152 0.4676 0.0000
vt 0.5091 0.4684 0.0000
vt 0.4937 0.4852 0.0000
vt 0.4881 0.4969 0.0000
vt 0.4891 0.5138 0.0000
vt 0.4828 0.5108 0.0000
vt 0.4769 0.5085 0.0000
vt 0.4856 0.5260 0.0000
vt 0.4796 0.5240 0.0000
vt 0.4740 0.5229 0.0000
vt 0.4781 0.5327 0.0000
vt 0.4725 0.5323 0.0000
vt 0.8759 0.1353 0.0000
vt 0.8819 0.1351 0.0000
vt 0.8823 0.1444 0.0000
vt 0.8765 0.1454 0.0000
vt 0.4172 0.4395 0.0000
vt 0.4177 0.4496 0.0000
vt 0.4134 0.4501 0.0000
vt 0.4129 0.4399 0.0000
vt 0.5883 0.2148 0.0000
vt 0.5891 0.2256 0.0000
vt 0.5839 0.2255 0.0000
vt 0.5831 0.2154 0.0000
vt 0.5814 0.1993 0.0000
vt 0.5861 0.1983 0.0000
vt 0.5777 0.2161 0.0000
vt 0.5761 0.2006 0.0000
vt 0.5723 0.1832 0.0000
vt 0.5702 0.2018 0.0000
vt 0.5664 0.1860 0.0000
vt 0.5609 0.2026 0.0000
vt 0.5598 0.1880 0.0000
vt 0.5714 0.2172 0.0000
vt 0.5631 0.2183 0.0000
vt 0.5785 0.2258 0.0000
vt 0.5726 0.2270 0.0000
vt 0.5663 0.2292 0.0000
vt 0.5742 0.2335 0.0000
vt 0.5690 0.2356 0.0000
vt 0.5647 0.2385 0.0000
vt 0.5610 0.2323 0.0000
vt 0.5578 0.2242 0.0000
vt 0.9174 0.3648 0.0000
vt 0.9217 0.3646 0.0000
vt 0.9203 0.3710 0.0000
vt 0.9172 0.3717 0.0000
vt 0.9170 0.3566 0.0000
vt 0.9218 0.3564 0.0000
vt 0.4960 0.5309 0.0000
vt 0.4943 0.5391 0.0000
vt 0.4894 0.5368 0.0000
vt 0.4913 0.5287 0.0000
vt 0.4951 0.5167 0.0000
vt 0.4986 0.5203 0.0000
vt 0.4838 0.5343 0.0000
vt 0.4875 0.5434 0.0000
vt 0.4821 0.5412 0.0000
vt 0.4768 0.5400 0.0000
vt 0.4716 0.5398 0.0000
vt 0.8832 0.1574 0.0000
vt 0.8784 0.1589 0.0000
vt 0.8771 0.1528 0.0000
vt 0.8828 0.1516 0.0000
vt 0.8278 0.3114 0.0000
vt 0.8269 0.3046 0.0000
vt 0.8306 0.3048 0.0000
vt 0.8312 0.3113 0.0000
vt 0.4136 0.4573 0.0000
vt 0.4177 0.4570 0.0000
vt 0.5889 0.2335 0.0000
vt 0.5842 0.2328 0.0000
vt 0.5792 0.2326 0.0000
vt 0.4918 0.5459 0.0000
vt 0.9679 0.8665 0.0000
vt 0.9650 0.8664 0.0000
vt 0.9656 0.8606 0.0000
vt 0.9688 0.8611 0.0000
vt 0.5177 0.4827 0.0000
vt 0.5232 0.4831 0.0000
vt 0.5188 0.4978 0.0000
vt 0.5129 0.4966 0.0000
vt 0.9619 0.1051 0.0000
vt 0.9670 0.1045 0.0000
vt 0.9670 0.1202 0.0000
vt 0.9616 0.1214 0.0000
vt 0.6884 0.2948 0.0000
vt 0.6813 0.2935 0.0000
vt 0.5043 0.3391 0.0000
vt 0.5008 0.3340 0.0000
vt 0.8729 0.5903 0.0000
vt 0.8846 0.5783 0.0000
vt 0.1303 0.9569 0.0000
vt 0.1346 0.9535 0.0000
vt 0.1980 0.9493 0.0000
vt 0.2041 0.9505 0.0000
vt 0.8506 0.0829 0.0000
vt 0.8535 0.0820 0.0000
vt 0.4082 0.9680 0.0000
vt 0.2863 0.7562 0.0000
vt 0.5704 0.0280 0.0000
vt 0.5706 0.0214 0.0000
vt 0.5766 0.0236 0.0000
vt 0.5698 0.0317 0.0000
vt 0.2400 0.2973 0.0000
vt 0.2378 0.2834 0.0000
vt 0.2323 0.2760 0.0000
vt 0.6550 0.9318 0.0000
vt 0.6577 0.9394 0.0000
vt 0.6507 0.9492 0.0000
vt 0.6431 0.9505 0.0000
vt 0.3999 0.9210 0.0000
vt 0.4043 0.9203 0.0000
vt 0.5752 0.0720 0.0000
vt 0.5692 0.0569 0.0000
vt 0.5638 0.0475 0.0000
vt 0.5680 0.0748 0.0000
vt 0.5601 0.0784 0.0000
vt 0.5668 0.0986 0.0000
vt 0.5596 0.1023 0.0000
vt 0.5516 0.0831 0.0000
vt 0.5413 0.0901 0.0000
vt 0.5506 0.1072 0.0000
vt 0.5408 0.1128 0.0000
vt 0.5317 0.0952 0.0000
vt 0.5475 0.1287 0.0000
vt 0.5398 0.1323 0.0000
vt 0.5328 0.1168 0.0000
vt 0.9007 0.7713 0.0000
vt 0.9021 0.7882 0.0000
vt 0.8942 0.7875 0.0000
vt 0.8935 0.7719 0.0000
vt 0.5527 0.1433 0.0000
vt 0.5457 0.1439 0.0000
vt 0.5274 0.9283 0.0000
vt 0.5268 0.9409 0.0000
vt 0.5217 0.9401 0.0000
vt 0.5192 0.9283 0.0000
vt 0.5503 0.1569 0.0000
vt 0.5420 0.1581 0.0000
vt 0.5314 0.1599 0.0000
vt 0.5248 0.9507 0.0000
vt 0.5202 0.9499 0.0000
vt 0.8944 0.8011 0.0000
vt 0.9026 0.8018 0.0000
vt 0.8987 0.8127 0.0000
vt 0.8939 0.8110 0.0000
vt 0.5245 0.1203 0.0000
vt 0.5185 0.1032 0.0000
vt 0.5253 0.1000 0.0000
vt 0.5129 0.0873 0.0000
vt 0.5170 0.0836 0.0000
vt 0.5193 0.0760 0.0000
vt 0.5063 0.0896 0.0000
vt 0.5036 0.0765 0.0000
vt 0.5090 0.0751 0.0000
vt 0.5133 0.0733 0.0000
vt 0.5108 0.1056 0.0000
vt 0.5018 0.1074 0.0000
vt 0.4983 0.0907 0.0000
vt 0.5161 0.1238 0.0000
vt 0.5068 0.1258 0.0000
vt 0.4962 0.1282 0.0000
vt 0.4916 0.1086 0.0000
vt 0.4996 0.1434 0.0000
vt 0.4891 0.1457 0.0000
vt 0.4845 0.1306 0.0000
vt 0.5016 0.1558 0.0000
vt 0.4923 0.1568 0.0000
vt 0.4809 0.1581 0.0000
vt 0.4771 0.1482 0.0000
vt 0.4832 0.1652 0.0000
vt 0.4835 0.1721 0.0000
vt 0.4759 0.1749 0.0000
vt 0.4821 0.1768 0.0000
vt 0.4758 0.1798 0.0000
vt 0.4618 0.1327 0.0000
vt 0.4730 0.1321 0.0000
vt 0.4808 0.1090 0.0000
vt 0.4797 0.0887 0.0000
vt 0.4891 0.0902 0.0000
vt 0.4809 0.0744 0.0000
vt 0.4890 0.0765 0.0000
vt 0.4969 0.0770 0.0000
vt 0.4899 0.0668 0.0000
vt 0.4966 0.0678 0.0000
vt 0.5024 0.0676 0.0000
vt 0.4971 0.0603 0.0000
vt 0.5023 0.0602 0.0000
vt 0.5072 0.0600 0.0000
vt 0.5073 0.0669 0.0000
vt 0.5122 0.0599 0.0000
vt 0.5121 0.0663 0.0000
vt 0.8858 0.0731 0.0000
vt 0.8852 0.0794 0.0000
vt 0.8835 0.0789 0.0000
vt 0.8835 0.0724 0.0000
vt 0.9598 0.8046 0.0000
vt 0.9611 0.8048 0.0000
vt 0.4676 0.8629 0.0000
vt 0.4615 0.8609 0.0000
vt 0.4640 0.8544 0.0000
vt 0.4708 0.8572 0.0000
vt 0.4738 0.8493 0.0000
vt 0.4817 0.8511 0.0000
vt 0.4733 0.8383 0.0000
vt 0.4806 0.8367 0.0000
vt 0.4873 0.8348 0.0000
vt 0.4890 0.8527 0.0000
vt 0.6777 0.8895 0.0000
vt 0.6839 0.8895 0.0000
vt 0.6834 0.9070 0.0000
vt 0.6785 0.9070 0.0000
vt 0.6826 0.9223 0.0000
vt 0.6783 0.9207 0.0000
vt 0.4986 0.0858 0.0000
vt 0.4810 0.0815 0.0000
vt 0.4846 0.0744 0.0000
vt 0.4990 0.0779 0.0000
vt 0.4879 0.0661 0.0000
vt 0.4991 0.0676 0.0000
vt 0.5083 0.0656 0.0000
vt 0.5166 0.0607 0.0000
vt 0.4981 0.0547 0.0000
vt 0.5049 0.0530 0.0000
vt 0.5115 0.0503 0.0000
vt 0.5185 0.0464 0.0000
vt 0.5257 0.0547 0.0000
vt 0.4988 0.0387 0.0000
vt 0.5035 0.0378 0.0000
vt 0.7142 0.9225 0.0000
vt 0.7190 0.9255 0.0000
vt 0.4999 0.0261 0.0000
vt 0.4952 0.0402 0.0000
vt 0.4895 0.0551 0.0000
vt 0.4883 0.0419 0.0000
vt 0.4795 0.0534 0.0000
vt 0.4805 0.0426 0.0000
vt 0.4690 0.0515 0.0000
vt 0.4720 0.0428 0.0000
vt 0.4723 0.0319 0.0000
vt 0.4643 0.0412 0.0000
vt 0.4664 0.0307 0.0000
vt 0.4645 0.0228 0.0000
vt 0.4702 0.0223 0.0000
vt 0.6140 0.9905 0.0000
vt 0.6095 0.9894 0.0000
vt 0.6087 0.9863 0.0000
vt 0.6140 0.9848 0.0000
vt 0.4684 0.0178 0.0000
vt 0.8627 0.3211 0.0000
vt 0.8640 0.3158 0.0000
vt 0.8595 0.3106 0.0000
vt 0.8625 0.3105 0.0000
vt 0.4601 0.0234 0.0000
vt 0.4600 0.0501 0.0000
vt 0.4528 0.0486 0.0000
vt 0.8047 0.9537 0.0000
vt 0.8111 0.9540 0.0000
vt 0.4471 0.0475 0.0000
vt 0.4278 0.0827 0.0000
vt 0.4274 0.0734 0.0000
vt 0.4199 0.0633 0.0000
vt 0.4251 0.0629 0.0000
vt 0.4658 0.0582 0.0000
vt 0.4764 0.0614 0.0000
vt 0.4731 0.0674 0.0000
vt 0.4633 0.0632 0.0000
vt 0.4693 0.0721 0.0000
vt 0.4621 0.0666 0.0000
vt 0.9234 0.8157 0.0000
vt 0.9191 0.8148 0.0000
vt 0.9212 0.8067 0.0000
vt 0.9229 0.8067 0.0000
vt 0.9720 0.2469 0.0000
vt 0.9697 0.2476 0.0000
vt 0.4797 0.8220 0.0000
vt 0.4749 0.8253 0.0000
vt 0.4709 0.8172 0.0000
vt 0.4749 0.8150 0.0000
vt 0.9234 0.8304 0.0000
vt 0.9178 0.8292 0.0000
vt 0.5245 0.0424 0.0000
vt 0.4557 0.8594 0.0000
vt 0.4574 0.8528 0.0000
vt 0.4503 0.8585 0.0000
vt 0.4516 0.8523 0.0000
vt 0.4450 0.8578 0.0000
vt 0.4460 0.8521 0.0000
vt 0.4415 0.8563 0.0000
vt 0.4412 0.8521 0.0000
vt 0.4411 0.8588 0.0000
vt 0.4441 0.8607 0.0000
vt 0.4491 0.8612 0.0000
vt 0.5127 0.0431 0.0000
vt 0.5127 0.0483 0.0000
vt 0.5084 0.0480 0.0000
vt 0.8834 0.0664 0.0000
vt 0.8834 0.0609 0.0000
vt 0.8862 0.0614 0.0000
vt 0.8861 0.0670 0.0000
vt 0.5124 0.0538 0.0000
vt 0.5078 0.0537 0.0000
vt 0.5028 0.0536 0.0000
vt 0.5035 0.0477 0.0000
vt 0.4977 0.0533 0.0000
vt 0.4927 0.0527 0.0000
vt 0.4913 0.0598 0.0000
vt 0.4893 0.0445 0.0000
vt 0.5113 0.0399 0.0000
vt 0.4553 0.1339 0.0000
vt 0.4498 0.1329 0.0000
vt 0.4550 0.1084 0.0000
vt 0.4508 0.1077 0.0000
vt 0.4549 0.0893 0.0000
vt 0.4582 0.0887 0.0000
vt 0.4443 0.1318 0.0000
vt 0.1543 0.6647 0.0000
vt 0.1521 0.6402 0.0000
vt 0.1562 0.6397 0.0000
vt 0.1579 0.6648 0.0000
vt 0.4435 0.1565 0.0000
vt 0.1587 0.6880 0.0000
vt 0.1534 0.6869 0.0000
vt 0.4241 0.1817 0.0000
vt 0.4193 0.1813 0.0000
vt 0.4196 0.1579 0.0000
vt 0.4251 0.1572 0.0000
vt 0.1560 0.7008 0.0000
vt 0.1517 0.7013 0.0000
vt 0.4218 0.1981 0.0000
vt 0.4171 0.1993 0.0000
vt 0.4116 0.2006 0.0000
vt 0.4137 0.1816 0.0000
vt 0.4234 0.2115 0.0000
vt 0.4176 0.2135 0.0000
vt 0.4114 0.2157 0.0000
vt 0.4044 0.2180 0.0000
vt 0.4052 0.2019 0.0000
vt 0.4191 0.2268 0.0000
vt 0.4119 0.2284 0.0000
vt 0.4039 0.2298 0.0000
vt 0.4196 0.2407 0.0000
vt 0.4121 0.2410 0.0000
vt 0.4040 0.2415 0.0000
vt 0.4168 0.2554 0.0000
vt 0.4106 0.2546 0.0000
vt 0.4036 0.2542 0.0000
vt 0.4134 0.2715 0.0000
vt 0.4082 0.2704 0.0000
vt 0.4027 0.2692 0.0000
vt 0.5894 0.5550 0.0000
vt 0.5829 0.5532 0.0000
vt 0.4066 0.2891 0.0000
vt 0.4011 0.2874 0.0000
vt 0.5855 0.5729 0.0000
vt 0.5801 0.5706 0.0000
vt 0.5795 0.5911 0.0000
vt 0.5722 0.5679 0.0000
vt 0.5632 0.5653 0.0000
vt 0.5483 0.5785 0.0000
vt 0.5558 0.5633 0.0000
vt 0.9241 0.6359 0.0000
vt 0.9162 0.6371 0.0000
vt 0.5412 0.5761 0.0000
vt 0.5483 0.5622 0.0000
vt 0.5480 0.5421 0.0000
vt 0.5386 0.5399 0.0000
vt 0.5465 0.5207 0.0000
vt 0.5564 0.5235 0.0000
vt 0.5522 0.5022 0.0000
vt 0.5626 0.5045 0.0000
vt 0.5716 0.5062 0.0000
vt 0.5649 0.4847 0.0000
vt 0.5756 0.4865 0.0000
vt 0.5862 0.4884 0.0000
vt 0.5756 0.4646 0.0000
vt 0.5878 0.4665 0.0000
vt 0.5981 0.4675 0.0000
vt 0.5953 0.4882 0.0000
vt 0.3994 0.1821 0.0000
vt 0.4068 0.1819 0.0000
vt 0.3984 0.2029 0.0000
vt 0.6020 0.4878 0.0000
vt 0.3990 0.1601 0.0000
vt 0.4070 0.1597 0.0000
vt 0.4136 0.1589 0.0000
vt 0.4092 0.1361 0.0000
vt 0.4040 0.1372 0.0000
vt 0.4141 0.1347 0.0000
vt 0.4107 0.1153 0.0000
vt 0.4138 0.1150 0.0000
vt 0.4184 0.1333 0.0000
vt 0.4151 0.1013 0.0000
vt 0.4171 0.1034 0.0000
vt 0.0730 0.9624 0.0000
vt 0.0693 0.9629 0.0000
vt 0.0693 0.9509 0.0000
vt 0.0717 0.9510 0.0000
vt 0.1519 0.6214 0.0000
vt 0.1554 0.6210 0.0000
vt 0.0716 0.9463 0.0000
vt 0.0693 0.9459 0.0000
vt 0.4554 0.0764 0.0000
vt 0.4527 0.0778 0.0000
vt 0.4493 0.0746 0.0000
vt 0.4512 0.0719 0.0000
vt 0.4537 0.0680 0.0000
vt 0.5978 0.8230 0.0000
vt 0.6001 0.8236 0.0000
vt 0.9176 0.8779 0.0000
vt 0.4221 0.1001 0.0000
vt 0.4221 0.0965 0.0000
vt 0.4271 0.0899 0.0000
vt 0.3974 0.1380 0.0000
vt 0.5976 0.4238 0.0000
vt 0.5988 0.4457 0.0000
vt 0.5883 0.4448 0.0000
vt 0.5887 0.4238 0.0000
vt 0.5893 0.4032 0.0000
vt 0.5969 0.4029 0.0000
vt 0.5789 0.4237 0.0000
vt 0.5804 0.4037 0.0000
vt 0.5831 0.3855 0.0000
vt 0.5926 0.3843 0.0000
vt 0.6003 0.3834 0.0000
vt 0.5946 0.3694 0.0000
vt 0.6020 0.3683 0.0000
vt 0.3965 0.0828 0.0000
vt 0.5734 0.4034 0.0000
vt 0.5719 0.4238 0.0000
vt 0.8458 0.2434 0.0000
vt 0.8409 0.2439 0.0000
vt 0.8402 0.2229 0.0000
vt 0.8443 0.2225 0.0000
vt 0.8369 0.2083 0.0000
vt 0.8426 0.2055 0.0000
vt 0.8348 0.2475 0.0000
vt 0.8348 0.2248 0.0000
vt 0.5706 0.4026 0.0000
vt 0.5679 0.4230 0.0000
vt 0.5695 0.4430 0.0000
vt 0.5626 0.4427 0.0000
vt 0.8421 0.2637 0.0000
vt 0.8367 0.2658 0.0000
vt 0.5661 0.4635 0.0000
vt 0.5581 0.4627 0.0000
vt 0.8429 0.2841 0.0000
vt 0.8359 0.2840 0.0000
vt 0.5471 0.4808 0.0000
vt 0.5517 0.4609 0.0000
vt 0.5556 0.4830 0.0000
vt 0.5389 0.4790 0.0000
vt 0.5445 0.4610 0.0000
vt 0.5418 0.4991 0.0000
vt 0.5331 0.4962 0.0000
vt 0.5251 0.4938 0.0000
vt 0.5275 0.5134 0.0000
vt 0.5203 0.5111 0.0000
vt 0.1589 0.4327 0.0000
vt 0.1540 0.4343 0.0000
vt 0.1530 0.4155 0.0000
vt 0.1598 0.4154 0.0000
vt 0.1537 0.4001 0.0000
vt 0.1604 0.3975 0.0000
vt 0.1477 0.4012 0.0000
vt 0.5150 0.5110 0.0000
vt 0.5158 0.5345 0.0000
vt 0.5111 0.5342 0.0000
vt 0.1565 0.4573 0.0000
vt 0.1515 0.4590 0.0000
vt 0.1573 0.4779 0.0000
vt 0.1525 0.4799 0.0000
vt 0.1478 0.4816 0.0000
vt 0.1466 0.4605 0.0000
vt 0.1537 0.4923 0.0000
vt 0.1496 0.4941 0.0000
vt 0.7994 0.5828 0.0000
vt 0.7960 0.5839 0.0000
vt 0.7955 0.5723 0.0000
vt 0.7992 0.5703 0.0000
vt 0.7962 0.5548 0.0000
vt 0.7994 0.5489 0.0000
vt 0.5598 0.2625 0.0000
vt 0.5559 0.2632 0.0000
vt 0.5547 0.2521 0.0000
vt 0.5589 0.2502 0.0000
vt 0.5501 0.2539 0.0000
vt 0.5481 0.2384 0.0000
vt 0.5452 0.2557 0.0000
vt 0.5433 0.2415 0.0000
vt 0.5394 0.2233 0.0000
vt 0.5450 0.2222 0.0000
vt 0.5404 0.2031 0.0000
vt 0.5380 0.2448 0.0000
vt 0.5333 0.2247 0.0000
vt 0.5267 0.2260 0.0000
vt 0.5216 0.2038 0.0000
vt 0.5178 0.1855 0.0000
vt 0.9366 0.4466 0.0000
vt 0.9354 0.4286 0.0000
vt 0.9433 0.4298 0.0000
vt 0.9433 0.4471 0.0000
vt 0.5198 0.2271 0.0000
vt 0.5120 0.2283 0.0000
vt 0.5170 0.2537 0.0000
vt 0.5071 0.2557 0.0000
vt 0.5021 0.2306 0.0000
vt 0.5279 0.2747 0.0000
vt 0.5209 0.2748 0.0000
vt 0.5270 0.2929 0.0000
vt 0.5197 0.2911 0.0000
vt 0.5231 0.3050 0.0000
vt 0.5157 0.3007 0.0000
vt 0.5186 0.3119 0.0000
vt 0.5125 0.3063 0.0000
vt 0.5028 0.3002 0.0000
vt 0.4999 0.3040 0.0000
vt 0.4887 0.2972 0.0000
vt 0.4927 0.2934 0.0000
vt 0.4780 0.2845 0.0000
vt 0.4839 0.2824 0.0000
vt 0.4699 0.2646 0.0000
vt 0.4754 0.2636 0.0000
vt 0.4838 0.2616 0.0000
vt 0.4694 0.2417 0.0000
vt 0.4775 0.2387 0.0000
vt 0.4887 0.2348 0.0000
vt 0.4948 0.2587 0.0000
vt 0.4740 0.2201 0.0000
vt 0.4850 0.2149 0.0000
vt 0.4658 0.2234 0.0000
vt 0.4644 0.2093 0.0000
vt 0.4596 0.2260 0.0000
vt 0.4573 0.2112 0.0000
vt 0.4642 0.2434 0.0000
vt 0.4599 0.2448 0.0000
vt 0.4550 0.2279 0.0000
vt 0.4652 0.2654 0.0000
vt 0.4606 0.2662 0.0000
vt 0.4556 0.2460 0.0000
vt 0.4735 0.2859 0.0000
vt 0.4688 0.2875 0.0000
vt 0.4643 0.2892 0.0000
vt 0.4562 0.2670 0.0000
vt 0.4855 0.3002 0.0000
vt 0.4823 0.3032 0.0000
vt 0.4790 0.3060 0.0000
vt 0.0694 0.9415 0.0000
vt 0.0698 0.9198 0.0000
vt 0.0730 0.9208 0.0000
vt 0.0730 0.9427 0.0000
vt 0.4940 0.3099 0.0000
vt 0.4918 0.3127 0.0000
vt 0.9542 0.5650 0.0000
vt 0.9540 0.5776 0.0000
vt 0.9515 0.5771 0.0000
vt 0.9496 0.5649 0.0000
vt 0.9523 0.5836 0.0000
vt 0.9542 0.5845 0.0000
vt 0.4968 0.3069 0.0000
vt 0.4117 0.3141 0.0000
vt 0.4012 0.3311 0.0000
vt 0.3971 0.3274 0.0000
vt 0.4071 0.3114 0.0000
vt 0.4116 0.2907 0.0000
vt 0.4167 0.2922 0.0000
vt 0.4206 0.2929 0.0000
vt 0.4153 0.3151 0.0000
vt 0.4183 0.2725 0.0000
vt 0.4224 0.2729 0.0000
vt 0.4225 0.2568 0.0000
vt 0.4272 0.2580 0.0000
vt 0.4469 0.2320 0.0000
vt 0.4505 0.2301 0.0000
vt 0.4520 0.2470 0.0000
vt 0.4411 0.2143 0.0000
vt 0.4458 0.2131 0.0000
vt 0.4514 0.2122 0.0000
vt 0.4469 0.1972 0.0000
vt 0.4524 0.1976 0.0000
vt 0.4588 0.1975 0.0000
vt 0.4540 0.1847 0.0000
vt 0.4653 0.1975 0.0000
vt 0.4489 0.1842 0.0000
vt 0.4438 0.1842 0.0000
vt 0.4458 0.1718 0.0000
vt 0.4420 0.1977 0.0000
vt 0.1587 0.7266 0.0000
vt 0.1546 0.7272 0.0000
vt 0.1528 0.7141 0.0000
vt 0.1571 0.7132 0.0000
vt 0.4318 0.2403 0.0000
vt 0.4264 0.2407 0.0000
vt 0.4256 0.2252 0.0000
vt 0.4293 0.2236 0.0000
vt 0.4025 0.3085 0.0000
vt 0.3937 0.3236 0.0000
vt 0.5832 0.5942 0.0000
vt 0.5707 0.6086 0.0000
vt 0.5685 0.6042 0.0000
vt 0.3980 0.3058 0.0000
vt 0.5563 0.6095 0.0000
vt 0.5469 0.6115 0.0000
vt 0.5442 0.6030 0.0000
vt 0.5388 0.6132 0.0000
vt 0.5361 0.6033 0.0000
vt 0.5368 0.5886 0.0000
vt 0.5443 0.5905 0.0000
vt 0.5289 0.6032 0.0000
vt 0.5316 0.6154 0.0000
vt 0.5264 0.6168 0.0000
vt 0.5233 0.6029 0.0000
vt 0.9612 0.3917 0.0000
vt 0.9612 0.3748 0.0000
vt 0.9672 0.3757 0.0000
vt 0.9673 0.3911 0.0000
vt 0.9247 0.4879 0.0000
vt 0.9232 0.5017 0.0000
vt 0.9185 0.5002 0.0000
vt 0.9193 0.4876 0.0000
vt 0.9185 0.4709 0.0000
vt 0.9239 0.4717 0.0000
vt 0.5360 0.6224 0.0000
vt 0.5322 0.6246 0.0000
vt 0.5275 0.3081 0.0000
vt 0.5214 0.3156 0.0000
vt 0.5729 0.6128 0.0000
vt 0.5747 0.6171 0.0000
vt 0.5621 0.6232 0.0000
vt 0.5400 0.2582 0.0000
vt 0.5602 0.2720 0.0000
vt 0.5566 0.2722 0.0000
vt 0.5588 0.2803 0.0000
vt 0.5557 0.2799 0.0000
vt 0.9781 0.4990 0.0000
vt 0.9815 0.4982 0.0000
vt 0.6730 0.9446 0.0000
vt 0.6742 0.9503 0.0000
vt 0.6694 0.9508 0.0000
vt 0.6685 0.9446 0.0000
vt 0.6686 0.9365 0.0000
vt 0.6726 0.9366 0.0000
vt 0.1565 0.5080 0.0000
vt 0.1521 0.5022 0.0000
vt 0.1554 0.4998 0.0000
vt 0.1604 0.5035 0.0000
vt 0.6705 0.9284 0.0000
vt 0.6742 0.9283 0.0000
vt 0.5086 0.5847 0.0000
vt 0.4995 0.5854 0.0000
vt 0.5132 0.5880 0.0000
vt 0.5134 0.5774 0.0000
vt 0.5189 0.5802 0.0000
vt 0.5164 0.5681 0.0000
vt 0.5227 0.5694 0.0000
vt 0.5122 0.5550 0.0000
vt 0.5184 0.5563 0.0000
vt 0.5250 0.5580 0.0000
vt 0.5218 0.5352 0.0000
vt 0.5296 0.5373 0.0000
vt 0.5357 0.5171 0.0000
vt 0.5065 0.5547 0.0000
vt 0.9724 0.9600 0.0000
vt 0.9772 0.9600 0.0000
vt 0.9226 0.2935 0.0000
vt 0.9179 0.2931 0.0000
vt 0.5430 0.2785 0.0000
vt 0.5401 0.2823 0.0000
vt 0.3419 0.9714 0.0000
vt 0.3471 0.9716 0.0000
vt 0.3465 0.9810 0.0000
vt 0.3419 0.9820 0.0000
vt 0.5016 0.5553 0.0000
vt 0.5768 0.4435 0.0000
vt 0.6341 0.4841 0.0000
vt 0.3192 0.7707 0.0000
vt 0.9708 0.8981 0.0000
vt 0.9674 0.8991 0.0000
vt 0.9674 0.8863 0.0000
vt 0.9693 0.8859 0.0000
vt 0.7385 0.3182 0.0000
vt 0.7288 0.3220 0.0000
vt 0.9259 0.4213 0.0000
vt 0.9276 0.4208 0.0000
vt 0.3268 0.8507 0.0000
vt 0.5275 0.0273 0.0000
vt 0.9840 0.9824 0.0000
vt 0.9817 0.9824 0.0000
vt 0.9817 0.9747 0.0000
vt 0.9846 0.9750 0.0000
vt 0.6750 0.4730 0.0000
vt 0.6708 0.4755 0.0000
vt 0.6664 0.4654 0.0000
vt 0.6651 0.4755 0.0000
vt 0.6630 0.4668 0.0000
vt 0.6783 0.4790 0.0000
vt 0.9799 0.0872 0.0000
vt 0.9824 0.0865 0.0000
vt 0.9825 0.0935 0.0000
vt 0.9799 0.0946 0.0000
vt 0.9235 0.5840 0.0000
vt 0.9191 0.5859 0.0000
vt 0.7085 0.5014 0.0000
vt 0.9212 0.5952 0.0000
vt 0.6946 0.4946 0.0000
vt 0.9702 0.1202 0.0000
vt 0.9735 0.1197 0.0000
vt 0.9748 0.1257 0.0000
vt 0.9702 0.1290 0.0000
vt 0.9591 0.0463 0.0000
vt 0.9636 0.0450 0.0000
vt 0.9644 0.7681 0.0000
vt 0.9676 0.7678 0.0000
vt 0.3525 0.6499 0.0000
vt 0.3623 0.6555 0.0000
vt 0.2769 0.8844 0.0000
vt 0.2849 0.8909 0.0000
vt 0.2739 0.8962 0.0000
vt 0.9777 0.1165 0.0000
vt 0.9716 0.1154 0.0000
vt 0.9702 0.1045 0.0000
vt 0.9801 0.1045 0.0000
vt 0.2383 0.2626 0.0000
vt 0.2381 0.2554 0.0000
vt 0.1149 0.9636 0.0000
vt 0.6845 0.9283 0.0000
vt 0.6790 0.9255 0.0000
vt 0.2328 0.2385 0.0000
vt 0.2673 0.9060 0.0000
vt 0.8419 0.2931 0.0000
vt 0.8403 0.3080 0.0000
vt 0.8348 0.3013 0.0000
vt 0.8372 0.2873 0.0000
vt 0.1075 0.8301 0.0000
vt 0.1082 0.8185 0.0000
vt 0.1132 0.8189 0.0000
vt 0.1125 0.8313 0.0000
vt 0.1018 0.8297 0.0000
vt 0.5964 0.1476 0.0000
vt 0.6005 0.1638 0.0000
vt 0.6005 0.1461 0.0000
vt 0.6045 0.1628 0.0000
vt 0.1107 0.8402 0.0000
vt 0.2090 0.9543 0.0000
vt 0.2053 0.9544 0.0000
vt 0.6036 0.1855 0.0000
vt 0.6026 0.1763 0.0000
vt 0.6072 0.1758 0.0000
vt 0.6075 0.1855 0.0000
vt 0.6715 0.3042 0.0000
vt 0.6745 0.3134 0.0000
vt 0.6700 0.3145 0.0000
vt 0.6671 0.3050 0.0000
vt 0.6659 0.2918 0.0000
vt 0.6789 0.3200 0.0000
vt 0.6743 0.3220 0.0000
vt 0.9568 0.6031 0.0000
vt 0.9505 0.6025 0.0000
vt 0.9066 0.3802 0.0000
vt 0.9066 0.3978 0.0000
vt 0.9002 0.3975 0.0000
vt 0.9018 0.3805 0.0000
vt 0.7337 0.9509 0.0000
vt 0.7332 0.9387 0.0000
vt 0.7391 0.9385 0.0000
vt 0.7380 0.9507 0.0000
vt 0.9424 0.6129 0.0000
vt 0.9473 0.6123 0.0000
vt 0.9445 0.6263 0.0000
vt 0.9427 0.6258 0.0000
vt 0.7338 0.9291 0.0000
vt 0.7387 0.9291 0.0000
vt 0.9424 0.6034 0.0000
vt 0.9464 0.6025 0.0000
vt 0.9066 0.4136 0.0000
vt 0.9036 0.4162 0.0000
vt 0.4982 0.8620 0.0000
vt 0.4998 0.8742 0.0000
vt 0.4944 0.8739 0.0000
vt 0.4937 0.8621 0.0000
vt 0.3860 0.8439 0.0000
vt 0.3818 0.8441 0.0000
vt 0.6107 0.5963 0.0000
vt 0.0941 0.8467 0.0000
vt 0.4636 0.5008 0.0000
vt 0.4594 0.4961 0.0000
vt 0.9762 0.9181 0.0000
vt 0.9802 0.9192 0.0000
vt 0.4577 0.5039 0.0000
vt 0.4545 0.4987 0.0000
vt 0.9679 0.8710 0.0000
vt 0.9652 0.8710 0.0000
vt 0.4751 0.5554 0.0000
vt 0.9688 0.8750 0.0000
vt 0.9664 0.8756 0.0000
vt 0.9896 0.0498 0.0000
vt 0.9878 0.0503 0.0000
vt 0.9878 0.0453 0.0000
vt 0.9897 0.0453 0.0000
vt 0.8280 0.3177 0.0000
vt 0.8306 0.3180 0.0000
vt 0.8293 0.3220 0.0000
vt 0.8269 0.3212 0.0000
vt 0.8935 0.8175 0.0000
vt 0.8958 0.8196 0.0000
vt 0.6800 0.8848 0.0000
vt 0.6840 0.8863 0.0000
vt 0.4694 0.1892 0.0000
vt 0.4708 0.1822 0.0000
vt 0.4767 0.1835 0.0000
vt 0.9474 0.7437 0.0000
vt 0.9490 0.7499 0.0000
vt 0.9497 0.7553 0.0000
vt 0.3629 0.9598 0.0000
vt 0.3590 0.9603 0.0000
vt 0.3585 0.9543 0.0000
vt 0.3623 0.9543 0.0000
vt 0.9447 0.7372 0.0000
vt 0.9895 0.0923 0.0000
vt 0.9856 0.0929 0.0000
vt 0.9861 0.0865 0.0000
vt 0.9895 0.0865 0.0000
vt 0.4761 0.9847 0.0000
vt 0.4768 0.9905 0.0000
vt 0.4738 0.9898 0.0000
vt 0.4738 0.9847 0.0000
vt 0.4744 0.1542 0.0000
vt 0.4701 0.1597 0.0000
vt 0.4825 0.9508 0.0000
vt 0.2402 0.9806 0.0000
vt 0.2360 0.9859 0.0000
vt 0.2360 0.9785 0.0000
vt 0.2388 0.9805 0.0000
vt 0.1981 0.9749 0.0000
vt 0.1988 0.9822 0.0000
vt 0.1931 0.9821 0.0000
vt 0.1959 0.9733 0.0000
vt 0.1947 0.9750 0.0000
vt 0.1968 0.9732 0.0000
vt 0.9941 0.2980 0.0000
vt 0.9968 0.2980 0.0000
vt 0.9961 0.2986 0.0000
vt 0.9944 0.2985 0.0000
vt 0.1937 0.9806 0.0000
vt 0.1931 0.9748 0.0000
vt 0.9955 0.2989 0.0000
vt 0.9972 0.2391 0.0000
vt 0.9941 0.2391 0.0000
vt 0.9952 0.2388 0.0000
vt 0.9941 0.5582 0.0000
vt 0.9952 0.5581 0.0000
vt 0.9953 0.5582 0.0000
vt 0.9941 0.5613 0.0000
vt 0.9953 0.5613 0.0000
vt 0.9953 0.5614 0.0000
vt 0.9941 0.3869 0.0000
vt 0.9963 0.3869 0.0000
vt 0.9961 0.3870 0.0000
vt 0.9941 0.3870 0.0000
vt 0.9969 0.2895 0.0000
vt 0.9947 0.2898 0.0000
vt 0.9941 0.2895 0.0000
vt 0.1620 0.5722 0.0000
vt 0.1628 0.5748 0.0000
vt 0.1620 0.5773 0.0000
vt 0.1620 0.5776 0.0000
vt 0.6019 0.9404 0.0000
vt 0.6019 0.9458 0.0000
vt 0.6005 0.9440 0.0000
vt 0.6013 0.9455 0.0000
vt 0.6000 0.9448 0.0000
vt 0.1621 0.5852 0.0000
vt 0.1620 0.5843 0.0000
vt 0.9948 0.3082 0.0000
vt 0.9966 0.3077 0.0000
vt 0.9967 0.3087 0.0000
vt 0.9941 0.3087 0.0000
vt 0.5204 0.1700 0.0000
vt 0.5269 0.1699 0.0000
vt 0.8604 0.3034 0.0000
vt 0.9247 0.8031 0.0000
vt 0.9207 0.8035 0.0000
vt 0.4266 0.8351 0.0000
vt 0.4322 0.8343 0.0000
vt 0.4211 0.8354 0.0000
vt 0.4212 0.8274 0.0000
vt 0.4163 0.8354 0.0000
vt 0.4162 0.8277 0.0000
vt 0.4200 0.8206 0.0000
vt 0.4171 0.8142 0.0000
vt 0.4209 0.8125 0.0000
vt 0.4132 0.8090 0.0000
vt 0.4164 0.8072 0.0000
vt 0.4089 0.8061 0.0000
vt 0.4062 0.8095 0.0000
vt 0.4117 0.8034 0.0000
vt 0.4116 0.8350 0.0000
vt 0.4115 0.8275 0.0000
vt 0.4069 0.8344 0.0000
vt 0.4072 0.8271 0.0000
vt 0.4053 0.8434 0.0000
vt 0.4002 0.8433 0.0000
vt 0.4033 0.8515 0.0000
vt 0.3984 0.8515 0.0000
vt 0.8781 0.4973 0.0000
vt 0.8738 0.4979 0.0000
vt 0.8745 0.4902 0.0000
vt 0.8793 0.4895 0.0000
vt 0.8767 0.4800 0.0000
vt 0.8798 0.4806 0.0000
vt 0.4021 0.8583 0.0000
vt 0.3980 0.8578 0.0000
vt 0.8780 0.5035 0.0000
vt 0.8742 0.5041 0.0000
vt 0.3988 0.8618 0.0000
vt 0.4018 0.8636 0.0000
vt 0.8785 0.5076 0.0000
vt 0.8750 0.5088 0.0000
vt 0.4060 0.8648 0.0000
vt 0.4915 0.0026 0.0000
vt 0.4947 0.0049 0.0000
vt 0.9658 0.6995 0.0000
vt 0.9683 0.7005 0.0000
vt 0.8230 0.8963 0.0000
vt 0.4659 0.0548 0.0000
vt 0.4612 0.0521 0.0000
vt 0.4638 0.0464 0.0000
vt 0.4587 0.0578 0.0000
vt 0.9135 0.8578 0.0000
vt 0.9132 0.8519 0.0000
vt 0.9174 0.8524 0.0000
vt 0.9178 0.8587 0.0000
vt 0.4561 0.0632 0.0000
vt 0.4592 0.8097 0.0000
vt 0.9128 0.8459 0.0000
vt 0.9168 0.8461 0.0000
vt 0.4645 0.8074 0.0000
vt 0.4667 0.0407 0.0000
vt 0.9221 0.5616 0.0000
vt 0.9197 0.5595 0.0000
vt 0.4715 0.0362 0.0000
vt 0.9848 0.2122 0.0000
vt 0.9845 0.2055 0.0000
vt 0.9869 0.2062 0.0000
vt 0.9869 0.2125 0.0000
vt 0.9702 0.1769 0.0000
vt 0.9687 0.1707 0.0000
vt 0.9729 0.1707 0.0000
vt 0.9726 0.1774 0.0000
vt 0.9887 0.6291 0.0000
vt 0.9874 0.6291 0.0000
vt 0.9867 0.6228 0.0000
vt 0.9900 0.6228 0.0000
vt 0.3948 0.0284 0.0000
vt 0.9154 0.6565 0.0000
vt 0.9109 0.6564 0.0000
vt 0.4130 0.0644 0.0000
vt 0.8592 0.7605 0.0000
vt 0.8606 0.7680 0.0000
vt 0.8533 0.7654 0.0000
vt 0.8538 0.7605 0.0000
vt 0.7064 0.9864 0.0000
vt 0.7100 0.9850 0.0000
vt 0.7099 0.9893 0.0000
vt 0.7064 0.9893 0.0000
vt 0.8527 0.9606 0.0000
vt 0.8486 0.9619 0.0000
vt 0.8485 0.9558 0.0000
vt 0.8521 0.9543 0.0000
vt 0.1203 0.9882 0.0000
vt 0.1239 0.9863 0.0000
vt 0.1244 0.9847 0.0000
vt 0.1244 0.9908 0.0000
vt 0.8528 0.9667 0.0000
vt 0.8485 0.9685 0.0000
vt 0.2687 0.6550 0.0000
vt 0.2695 0.6603 0.0000
vt 0.2632 0.6629 0.0000
vt 0.2587 0.6655 0.0000
vt 0.2696 0.6512 0.0000
vt 0.8815 0.9847 0.0000
vt 0.8829 0.9907 0.0000
vt 0.8784 0.9906 0.0000
vt 0.8784 0.9851 0.0000
vt 0.2676 0.9225 0.0000
vt 0.2642 0.6732 0.0000
vt 0.2607 0.9305 0.0000
vt 0.2562 0.9312 0.0000
vt 0.2551 0.9240 0.0000
vt 0.9619 0.4709 0.0000
vt 0.9671 0.4724 0.0000
vt 0.7875 0.3186 0.0000
vt 0.7918 0.3179 0.0000
vt 0.7918 0.3228 0.0000
vt 0.7875 0.3219 0.0000
vt 0.5529 0.9462 0.0000
vt 0.5558 0.9413 0.0000
vt 0.2846 0.6631 0.0000
vt 0.2912 0.6621 0.0000
vt 0.2888 0.6535 0.0000
vt 0.2722 0.6782 0.0000
vt 0.2368 0.9685 0.0000
vt 0.2369 0.9749 0.0000
vt 0.2360 0.9630 0.0000
vt 0.2418 0.9636 0.0000
vt 0.2184 0.9455 0.0000
vt 0.0645 0.9718 0.0000
vt 0.0660 0.9800 0.0000
vt 0.0585 0.9816 0.0000
vt 0.0585 0.9717 0.0000
vt 0.5969 0.9475 0.0000
vt 0.5910 0.9510 0.0000
vt 0.6160 0.3517 0.0000
vt 0.6115 0.3530 0.0000
vt 0.7206 0.9289 0.0000
vt 0.7168 0.9287 0.0000
vt 0.9802 0.1842 0.0000
vt 0.9844 0.1853 0.0000
vt 0.9851 0.1907 0.0000
vt 0.9802 0.1921 0.0000
vt 0.0531 0.9839 0.0000
vt 0.0538 0.9822 0.0000
vt 0.0554 0.9875 0.0000
vt 0.0531 0.9887 0.0000
vt 0.5025 0.0021 0.0000
vt 0.5064 0.0016 0.0000
vt 0.8653 0.5101 0.0000
vt 0.8608 0.5118 0.0000
vt 0.8628 0.5052 0.0000
vt 0.8665 0.5066 0.0000
vt 0.5403 0.9872 0.0000
vt 0.5431 0.9849 0.0000
vt 0.0404 0.9817 0.0000
vt 0.0370 0.9786 0.0000
vt 0.0404 0.9720 0.0000
vt 0.8592 0.9848 0.0000
vt 0.8585 0.9904 0.0000
vt 0.8565 0.9878 0.0000
vt 0.8545 0.9848 0.0000
vt 0.9152 0.5153 0.0000
vt 0.9982 0.0329 0.0000
vt 0.9982 0.0355 0.0000
vt 0.9955 0.0355 0.0000
vt 0.9941 0.0329 0.0000
vt 0.9502 0.8737 0.0000
vt 0.9508 0.8776 0.0000
vt 0.9489 0.8796 0.0000
vt 0.0043 0.9608 0.0000
vt 0.0046 0.9653 0.0000
vt 0.0022 0.9631 0.0000
vt 0.0021 0.9596 0.0000
vt 0.9481 0.2701 0.0000
vt 0.9502 0.2660 0.0000
vt 0.0046 0.9561 0.0000
vt 0.0016 0.9543 0.0000
vt 0.9527 0.2619 0.0000
vt 0.1458 0.9768 0.0000
vt 0.1414 0.9772 0.0000
vt 0.1404 0.9741 0.0000
vt 0.1466 0.9730 0.0000
vt 0.1445 0.9815 0.0000
vt 0.1404 0.9821 0.0000
vt 0.9504 0.8683 0.0000
vt 0.9454 0.8606 0.0000
vt 0.9508 0.8631 0.0000
vt 0.2938 0.6874 0.0000
vt 0.1197 0.9786 0.0000
vt 0.1184 0.9740 0.0000
vt 0.1244 0.9716 0.0000
vt 0.1244 0.9816 0.0000
vt 0.0614 0.9281 0.0000
vt 0.0660 0.9291 0.0000
vt 0.1047 0.9370 0.0000
vt 0.0972 0.9374 0.0000
vt 0.6539 0.3809 0.0000
vt 0.6658 0.3872 0.0000
vt 0.0213 0.6824 0.0000
vt 0.6644 0.8955 0.0000
vt 0.6517 0.8955 0.0000
vt 0.9229 0.2415 0.0000
vt 0.9043 0.2264 0.0000
vt 0.9611 0.1885 0.0000
vt 0.6276 0.3839 0.0000
vt 0.0033 0.9684 0.0000
vt 0.0016 0.9656 0.0000
vt 0.0367 0.9730 0.0000
vt 0.8798 0.5098 0.0000
vt 0.8765 0.5119 0.0000
vt 0.9699 0.5167 0.0000
vt 0.9693 0.5142 0.0000
vt 0.9732 0.5138 0.0000
vt 0.9732 0.5181 0.0000
vt 0.3278 0.9794 0.0000
vt 0.3278 0.9717 0.0000
vt 0.3309 0.9760 0.0000
vt 0.3309 0.9816 0.0000
vt 0.8846 0.5978 0.0000
vt 0.8780 0.5993 0.0000
vt 0.6251 0.4646 0.0000
vt 0.6209 0.4641 0.0000
vt 0.9970 0.1466 0.0000
vt 0.9975 0.1483 0.0000
vt 0.9951 0.1484 0.0000
vt 0.9941 0.1466 0.0000
vt 0.5872 0.9869 0.0000
vt 0.5873 0.9897 0.0000
vt 0.5841 0.9886 0.0000
vt 0.5841 0.9849 0.0000
vt 0.2504 0.9376 0.0000
vt 0.2517 0.9338 0.0000
vt 0.2518 0.9382 0.0000
vt 0.2504 0.9403 0.0000
vt 0.1172 0.9881 0.0000
vt 0.1152 0.9895 0.0000
vt 0.1151 0.9873 0.0000
vt 0.1172 0.9847 0.0000
vt 0.4612 0.9713 0.0000
vt 0.1752 0.9556 0.0000
vt 0.1701 0.9539 0.0000
vt 0.9684 0.6093 0.0000
vt 0.9712 0.6069 0.0000
vt 0.9872 0.1217 0.0000
vt 0.9862 0.1265 0.0000
vt 0.9846 0.1247 0.0000
vt 0.9846 0.1197 0.0000
vt 0.0514 0.9281 0.0000
vt 0.0523 0.9290 0.0000
vt 0.0530 0.9332 0.0000
vt 0.0514 0.9366 0.0000
vt 0.7290 0.9044 0.0000
vt 0.4935 0.0109 0.0000
vt 0.7033 0.9764 0.0000
vt 0.6988 0.9817 0.0000
vt 0.6999 0.9774 0.0000
vt 0.6988 0.9715 0.0000
vt 0.9794 0.5444 0.0000
vt 0.9794 0.5556 0.0000
vt 0.9756 0.5481 0.0000
vt 0.9745 0.5453 0.0000
vt 0.1431 0.4557 0.0000
vt 0.1408 0.4387 0.0000
vt 0.6723 0.9764 0.0000
vt 0.6689 0.9817 0.0000
vt 0.6689 0.9720 0.0000
vt 0.4128 0.9770 0.0000
vt 0.4086 0.9817 0.0000
vt 0.4086 0.9711 0.0000
vt 0.4116 0.9716 0.0000
vt 0.9512 0.0071 0.0000
vt 0.9496 0.0221 0.0000
vt 0.9422 0.0173 0.0000
vt 0.9422 0.0016 0.0000
vt 0.9426 0.0254 0.0000
vt 0.4645 0.9794 0.0000
vt 0.4647 0.9783 0.0000
vt 0.8373 0.3097 0.0000
vt 0.8419 0.3156 0.0000
vt 0.8364 0.3227 0.0000
vt 0.9790 0.6591 0.0000
vt 0.9843 0.6622 0.0000
vt 0.9816 0.6674 0.0000
vt 0.9790 0.6681 0.0000
vt 0.2175 0.2719 0.0000
vt 0.9630 0.6864 0.0000
vt 0.9630 0.6779 0.0000
vt 0.9666 0.6840 0.0000
vt 0.9654 0.6936 0.0000
vt 0.6018 0.8415 0.0000
vt 0.5999 0.8466 0.0000
vt 0.5995 0.8368 0.0000
vt 0.6018 0.8346 0.0000
vt 0.3782 0.9821 0.0000
vt 0.9983 0.0097 0.0000
vt 0.9941 0.0084 0.0000
vt 0.9983 0.0062 0.0000
vt 0.9810 0.4109 0.0000
vt 0.9810 0.4203 0.0000
vt 0.9769 0.4179 0.0000
vt 0.8863 0.0492 0.0000
vt 0.8843 0.0577 0.0000
vt 0.8640 0.5033 0.0000
vt 0.8645 0.5009 0.0000
vt 0.8661 0.5028 0.0000
vt 0.8657 0.5043 0.0000
vt 0.9955 0.0710 0.0000
vt 0.9941 0.0699 0.0000
vt 0.9980 0.0699 0.0000
vt 0.9981 0.0713 0.0000
vt 0.7540 0.9462 0.0000
vt 0.7540 0.9401 0.0000
vt 0.7556 0.9447 0.0000
vt 0.3378 0.9187 0.0000
vt 0.3413 0.9223 0.0000
vt 0.8752 0.9550 0.0000
vt 0.8736 0.9588 0.0000
vt 0.8736 0.9538 0.0000
vt 0.6909 0.9893 0.0000
vt 0.6909 0.9861 0.0000
vt 0.7387 0.5149 0.0000
vt 0.7312 0.5170 0.0000
vt 0.9632 0.2679 0.0000
vt 0.9662 0.2619 0.0000
vt 0.9662 0.2788 0.0000
vt 0.9601 0.2718 0.0000
vt 0.8608 0.5017 0.0000
vt 0.8582 0.1687 0.0000
vt 0.8626 0.1669 0.0000
vt 0.9370 0.4208 0.0000
vt 0.9408 0.4214 0.0000
vt 0.9013 0.9682 0.0000
vt 0.9057 0.9654 0.0000
vt 0.5649 0.9645 0.0000
vt 0.5666 0.9622 0.0000
vt 0.5666 0.9672 0.0000
vt 0.9815 0.2979 0.0000
vt 0.9815 0.3044 0.0000
vt 0.9787 0.3008 0.0000
vt 0.9814 0.2949 0.0000
vt 0.8357 0.3070 0.0000
vt 0.4976 0.9622 0.0000
vt 0.4972 0.9620 0.0000
vt 0.9846 0.0529 0.0000
vt 0.9102 0.5761 0.0000
vt 0.6331 0.4813 0.0000
vt 0.8878 0.5911 0.0000
vt 0.8885 0.5901 0.0000
vt 0.8902 0.5980 0.0000
vt 0.8878 0.5993 0.0000
vt 0.0018 0.9867 0.0000
vt 0.0017 0.9852 0.0000
vt 0.0023 0.9847 0.0000
vt 0.0037 0.9861 0.0000
vt 0.9959 0.2647 0.0000
vt 0.9941 0.2647 0.0000
vt 0.9949 0.2628 0.0000
vt 0.9956 0.2630 0.0000
vt 0.9583 0.3462 0.0000
vt 0.9563 0.3457 0.0000
vt 0.9565 0.3439 0.0000
vt 0.9590 0.3445 0.0000
vt 0.9272 0.6511 0.0000
vt 0.9298 0.6513 0.0000
vt 0.9291 0.6530 0.0000
vt 0.9273 0.6528 0.0000
vt 0.3749 0.9438 0.0000
vt 0.3750 0.9452 0.0000
vt 0.3734 0.9459 0.0000
vt 0.3721 0.9443 0.0000
vt 0.3553 0.9664 0.0000
vt 0.3553 0.9681 0.0000
vt 0.3537 0.9685 0.0000
vt 0.3529 0.9672 0.0000
vt 0.3523 0.9646 0.0000
vt 0.3554 0.9640 0.0000
vt 0.3717 0.9413 0.0000
vt 0.3749 0.9411 0.0000
vt 0.3720 0.9380 0.0000
vt 0.3750 0.9380 0.0000
vt 0.9567 0.3412 0.0000
vt 0.9598 0.3415 0.0000
vt 0.9599 0.3381 0.0000
vt 0.9570 0.3382 0.0000
vt 0.9594 0.3345 0.0000
vt 0.9567 0.3349 0.0000
vt 0.9274 0.6486 0.0000
vt 0.9273 0.6457 0.0000
vt 0.9303 0.6457 0.0000
vt 0.9303 0.6488 0.0000
vt 0.9299 0.6423 0.0000
vt 0.9272 0.6423 0.0000
vt 0.9298 0.6388 0.0000
vt 0.9272 0.6385 0.0000
vt 0.3526 0.9583 0.0000
vt 0.3553 0.9579 0.0000
vt 0.3552 0.9612 0.0000
vt 0.3523 0.9616 0.0000
vt 0.3530 0.9547 0.0000
vt 0.3553 0.9543 0.0000
vt 0.0041 0.9898 0.0000
vt 0.0017 0.9898 0.0000
vt 0.3725 0.9306 0.0000
vt 0.3750 0.9308 0.0000
vt 0.3749 0.9345 0.0000
vt 0.3720 0.9343 0.0000
vt 0.3730 0.9276 0.0000
vt 0.3746 0.9275 0.0000
vt 0.3734 0.9262 0.0000
vt 0.3741 0.9261 0.0000
vt 0.9564 0.3314 0.0000
vt 0.9563 0.3279 0.0000
vt 0.9577 0.3280 0.0000
vt 0.9586 0.3310 0.0000
vt 0.9961 0.2629 0.0000
vt 0.9971 0.2639 0.0000
vt 0.9298 0.6352 0.0000
vt 0.9280 0.6347 0.0000
vt 0.9946 0.3640 0.0000
vt 0.9963 0.3637 0.0000
vt 0.9961 0.3655 0.0000
vt 0.9941 0.3655 0.0000
vt 0.9945 0.6193 0.0000
vt 0.9941 0.6188 0.0000
vt 0.9948 0.6188 0.0000
vt 0.9950 0.6192 0.0000
vt 0.9941 0.8576 0.0000
vt 0.9943 0.8575 0.0000
vt 0.9943 0.8576 0.0000
vt 0.9945 0.4291 0.0000
vt 0.9948 0.4288 0.0000
vt 0.9948 0.4291 0.0000
vt 0.9951 0.4291 0.0000
vt 0.9952 0.4286 0.0000
vt 0.9941 0.4286 0.0000
vt 0.9945 0.4284 0.0000
vt 0.9949 0.4281 0.0000
vt 0.9958 0.4285 0.0000
vt 0.9960 0.4291 0.0000
vt 0.9950 0.5689 0.0000
vt 0.9952 0.5690 0.0000
vt 0.9941 0.5690 0.0000
vt 0.9947 0.5687 0.0000
vt 0.9947 0.4037 0.0000
vt 0.9941 0.4037 0.0000
vt 0.9942 0.4035 0.0000
vt 0.9949 0.4035 0.0000
vt 0.9952 0.4031 0.0000
vt 0.9943 0.4031 0.0000
vt 0.9944 0.4030 0.0000
vt 0.9953 0.4030 0.0000
vt 0.9962 0.4030 0.0000
vt 0.9959 0.4032 0.0000
vt 0.9954 0.4038 0.0000
vt 0.9952 0.4039 0.0000
vt 0.9946 0.4038 0.0000
vt 0.9956 0.4036 0.0000
vt 0.9951 0.4033 0.0000
vt 0.9958 0.4034 0.0000
vt 0.9943 0.4033 0.0000
vt 0.1619 0.5251 0.0000
vt 0.1618 0.5231 0.0000
vt 0.1621 0.5231 0.0000
vt 0.1618 0.5211 0.0000
vt 0.1622 0.5212 0.0000
vt 0.1618 0.5191 0.0000
vt 0.1623 0.5192 0.0000
vt 0.1622 0.5172 0.0000
vt 0.1618 0.5171 0.0000
vt 0.1622 0.5152 0.0000
vt 0.1618 0.5151 0.0000
vt 0.1618 0.5131 0.0000
vt 0.1622 0.5132 0.0000
vt 0.1622 0.5112 0.0000
vt 0.1623 0.5112 0.0000
vt 0.1627 0.5690 0.0000
vt 0.1623 0.5672 0.0000
vt 0.1628 0.5672 0.0000
vt 0.1626 0.5691 0.0000
vt 0.1628 0.5653 0.0000
vt 0.1618 0.5653 0.0000
vt 0.1622 0.5635 0.0000
vt 0.1628 0.5634 0.0000
vt 0.9944 0.6404 0.0000
vt 0.9949 0.6408 0.0000
vt 0.9941 0.6408 0.0000
vt 0.9945 0.4952 0.0000
vt 0.9948 0.4954 0.0000
vt 0.9945 0.4956 0.0000
vt 0.9942 0.4954 0.0000
vt 0.9944 0.6828 0.0000
vt 0.9941 0.6826 0.0000
vt 0.9945 0.6826 0.0000
vt 0.9948 0.6827 0.0000
vt 0.9945 0.6442 0.0000
vt 0.9941 0.6442 0.0000
vt 0.9941 0.6441 0.0000
vt 0.9946 0.6440 0.0000
vt 0.9945 0.6443 0.0000
vt 0.9941 0.6443 0.0000
vt 0.9948 0.6442 0.0000
vt 0.9949 0.6440 0.0000
vt 0.9948 0.6443 0.0000
vt 0.9946 0.6049 0.0000
vt 0.9946 0.6048 0.0000
vt 0.9949 0.6047 0.0000
vt 0.9950 0.6048 0.0000
vt 0.9941 0.6048 0.0000
vt 0.9941 0.6047 0.0000
vt 0.9946 0.6052 0.0000
vt 0.9942 0.6047 0.0000
vt 0.9950 0.6050 0.0000
vt 0.9944 0.6896 0.0000
vt 0.9941 0.6896 0.0000
vt 0.9941 0.6894 0.0000
vt 0.9948 0.6894 0.0000
vt 0.9941 0.4448 0.0000
vt 0.9956 0.4448 0.0000
vt 0.9952 0.4450 0.0000
vt 0.9955 0.4451 0.0000
vt 0.9959 0.4448 0.0000
vt 0.9947 0.5423 0.0000
vt 0.9949 0.5426 0.0000
vt 0.9946 0.5427 0.0000
vt 0.9944 0.5424 0.0000
vt 0.9950 0.5420 0.0000
vt 0.9954 0.5423 0.0000
vt 0.9945 0.6154 0.0000
vt 0.9950 0.6155 0.0000
vt 0.9944 0.6156 0.0000
vt 0.9941 0.6154 0.0000
vt 0.9951 0.4951 0.0000
vt 0.9956 0.4954 0.0000
vt 0.9952 0.4956 0.0000
vt 0.9947 0.4949 0.0000
vt 0.9941 0.5420 0.0000
vt 0.9944 0.5421 0.0000
vt 0.9945 0.7483 0.0000
vt 0.9945 0.7482 0.0000
vt 0.9947 0.7482 0.0000
vt 0.9947 0.7483 0.0000
vt 0.9941 0.7483 0.0000
vt 0.9942 0.4956 0.0000
vt 0.9941 0.4955 0.0000
vt 0.9952 0.0665 0.0000
vt 0.9952 0.0660 0.0000
vt 0.9959 0.0657 0.0000
vt 0.9964 0.0664 0.0000
vt 0.9952 0.0650 0.0000
vt 0.9945 0.0656 0.0000
vt 0.9941 0.0667 0.0000
vt 0.9957 0.0646 0.0000
vt 0.9968 0.0656 0.0000
vt 0.9981 0.0667 0.0000
vt 0.9944 0.7587 0.0000
vt 0.9946 0.7587 0.0000
vt 0.9946 0.7589 0.0000
vt 0.9944 0.7589 0.0000
vt 0.9949 0.5874 0.0000
vt 0.9951 0.5873 0.0000
vt 0.9951 0.5876 0.0000
vt 0.9949 0.5876 0.0000
vt 0.9945 0.7657 0.0000
vt 0.9946 0.7659 0.0000
vt 0.9944 0.7659 0.0000
vt 0.9943 0.7657 0.0000
vt 0.9942 0.7727 0.0000
vt 0.9943 0.7727 0.0000
vt 0.9942 0.7728 0.0000
vt 0.9941 0.7728 0.0000
vt 0.9944 0.7729 0.0000
vt 0.9944 0.7727 0.0000
vt 0.9945 0.5873 0.0000
vt 0.9945 0.5874 0.0000
vt 0.9944 0.5875 0.0000
vt 0.9943 0.5873 0.0000
vt 0.9945 0.8068 0.0000
vt 0.9945 0.8070 0.0000
vt 0.9942 0.8070 0.0000
vt 0.9943 0.8068 0.0000
vt 0.9943 0.8641 0.0000
vt 0.9943 0.8643 0.0000
vt 0.9941 0.8642 0.0000
vt 0.9941 0.8641 0.0000
vt 0.9942 0.8376 0.0000
vt 0.9944 0.8375 0.0000
vt 0.9944 0.8377 0.0000
vt 0.9941 0.8377 0.0000
vt 0.9942 0.6724 0.0000
vt 0.9941 0.6723 0.0000
vt 0.9941 0.6722 0.0000
vt 0.9943 0.6722 0.0000
vt 0.9942 0.8965 0.0000
vt 0.9942 0.8966 0.0000
vt 0.9941 0.8966 0.0000
vt 0.9941 0.8965 0.0000
vt 0.9942 0.8868 0.0000
vt 0.9941 0.8868 0.0000
vt 0.9941 0.8867 0.0000
vt 0.9942 0.8867 0.0000
vt 0.9941 0.5872 0.0000
vt 0.9941 0.5871 0.0000
vt 0.9942 0.5870 0.0000
vt 0.9943 0.5872 0.0000
vt 0.9948 0.6619 0.0000
vt 0.9949 0.6619 0.0000
vt 0.9949 0.6621 0.0000
vt 0.9947 0.6620 0.0000
vt 0.9944 0.6516 0.0000
vt 0.9942 0.6515 0.0000
vt 0.9944 0.6515 0.0000
vt 0.9943 0.6725 0.0000
vt 0.9942 0.6725 0.0000
vt 0.9944 0.6724 0.0000
vt 0.9942 0.6514 0.0000
vt 0.9941 0.6515 0.0000
vt 0.9941 0.8067 0.0000
vt 0.9941 0.8066 0.0000
vt 0.9942 0.8066 0.0000
vt 0.9943 0.6620 0.0000
vt 0.9941 0.6621 0.0000
vt 0.9941 0.6619 0.0000
vt 0.9943 0.6619 0.0000
vt 0.9947 0.6514 0.0000
vt 0.9949 0.6514 0.0000
vt 0.9949 0.6515 0.0000
vt 0.9947 0.6515 0.0000
vt 0.9942 0.8607 0.0000
vt 0.9943 0.8609 0.0000
vt 0.9941 0.8609 0.0000
vt 0.9941 0.8608 0.0000
vt 0.9942 0.7659 0.0000
vt 0.9941 0.7657 0.0000
vt 0.9941 0.6617 0.0000
vt 0.9943 0.6617 0.0000
vt 0.9941 0.8069 0.0000
vt 0.9950 0.5870 0.0000
vt 0.9951 0.5871 0.0000
vt 0.9948 0.5872 0.0000
vt 0.9948 0.5870 0.0000
vt 0.9946 0.5871 0.0000
vt 0.9947 0.5872 0.0000
vt 0.9947 0.5874 0.0000
vt 0.9947 0.5875 0.0000
vt 0.9945 0.7727 0.0000
vt 0.9946 0.7728 0.0000
vt 0.9942 0.7589 0.0000
vt 0.9943 0.7587 0.0000
vt 0.9941 0.7587 0.0000
vt 0.9941 0.7588 0.0000
vt 0.9945 0.6721 0.0000
vt 0.9947 0.6721 0.0000
vt 0.9947 0.6722 0.0000
vt 0.9945 0.6722 0.0000
vt 0.9948 0.6725 0.0000
vt 0.9946 0.6724 0.0000
vt 0.9948 0.6723 0.0000
vt 0.9942 0.7176 0.0000
vt 0.9941 0.7176 0.0000
vt 0.9941 0.7174 0.0000
vt 0.9943 0.7174 0.0000
vt 0.9945 0.6726 0.0000
vt 0.9946 0.6516 0.0000
vt 0.9946 0.6514 0.0000
vt 0.9944 0.6619 0.0000
vt 0.9944 0.6620 0.0000
vt 0.9946 0.6620 0.0000
vt 0.9946 0.6619 0.0000
vt 0.9946 0.6618 0.0000
vt 0.9945 0.6617 0.0000
vt 0.9944 0.5870 0.0000
vt 0.9944 0.5871 0.0000
vt 0.9945 0.7174 0.0000
vt 0.9943 0.7172 0.0000
vt 0.9945 0.7172 0.0000
vt 0.9944 0.7176 0.0000
vt 0.9947 0.7173 0.0000
vt 0.9947 0.7174 0.0000
vt 0.9946 0.7176 0.0000
vt 0.9943 0.6721 0.0000
vt 0.9942 0.5874 0.0000
vt 0.9946 0.6369 0.0000
vt 0.9949 0.6369 0.0000
vt 0.9947 0.6373 0.0000
vt 0.9944 0.6373 0.0000
vt 0.9943 0.6369 0.0000
vt 0.9942 0.6372 0.0000
vt 0.9941 0.6369 0.0000
vt 0.9947 0.6084 0.0000
vt 0.9948 0.6083 0.0000
vt 0.9950 0.6086 0.0000
vt 0.9942 0.6086 0.0000
vt 0.9942 0.6084 0.0000
vt 0.9944 0.6083 0.0000
vt 0.9941 0.6086 0.0000
vt 0.9943 0.8409 0.0000
vt 0.9944 0.8410 0.0000
vt 0.9941 0.8410 0.0000
vt 0.9944 0.8441 0.0000
vt 0.9942 0.8442 0.0000
vt 0.9941 0.8441 0.0000
vt 0.9943 0.8738 0.0000
vt 0.9941 0.8739 0.0000
vt 0.9941 0.8738 0.0000
vt 0.9942 0.8409 0.0000
vt 0.9951 0.3540 0.0000
vt 0.9946 0.3544 0.0000
vt 0.9945 0.3540 0.0000
vt 0.9949 0.3537 0.0000
vt 0.9960 0.3543 0.0000
vt 0.9962 0.3539 0.0000
vt 0.9963 0.3547 0.0000
vt 0.9941 0.7278 0.0000
vt 0.9947 0.7278 0.0000
vt 0.9946 0.7282 0.0000
vt 0.9942 0.7282 0.0000
vt 0.9964 0.3552 0.0000
# 4873 texture coords

o Object001
g Object001
usemtl tripo_mat_c7717382_efb6_4809_bf00_a389eb5d699b
s 1
f 1/1/1 2/2/2 3/3/3 4/4/4 
f 4/5/4 5/6/5 6/7/6 1/8/1 
f 1/9/1 6/10/6 7/11/7 2/12/2 
f 8/13/8 9/14/9 10/15/10 11/16/11 
f 11/16/11 12/17/12 13/18/13 8/13/8 
f 14/19/14 15/20/15 16/21/16 10/22/10 
f 15/20/15 17/23/17 18/24/18 16/21/16 
f 19/25/19 20/26/20 21/27/21 22/28/22 
f 19/25/19 23/29/23 24/30/24 20/26/20 
f 14/19/14 10/22/10 9/31/9 25/32/25 
f 9/14/9 8/13/8 26/33/26 27/34/27 
f 27/35/27 28/36/28 29/37/29 9/38/9 
f 9/39/9 29/40/29 21/27/21 25/41/25 
f 30/42/30 31/43/31 23/44/23 19/45/19 
f 32/46/32 30/47/30 19/25/19 22/28/22 
f 33/48/33 34/49/34 35/50/35 36/51/36 
f 36/52/36 37/53/37 38/54/38 28/55/28 
f 35/56/35 39/57/39 37/53/37 36/52/36 
f 36/52/36 40/58/40 41/59/41 33/60/33 
f 28/55/28 27/34/27 40/58/40 36/52/36 
f 42/61/42 43/62/43 17/63/17 15/64/15 
f 15/65/15 44/66/44 20/26/20 24/30/24 
f 24/67/24 23/68/23 42/69/42 15/70/15 
f 45/71/45 46/72/46 12/73/12 11/74/11 
f 18/75/18 47/76/47 45/77/45 11/78/11 
f 48/79/48 49/80/49 50/81/50 51/82/51 
f 48/79/48 4/83/4 3/84/3 49/80/49 
f 48/85/48 51/86/51 5/6/5 4/5/4 
f 52/87/52 53/88/53 54/89/54 55/90/55 
f 56/91/56 57/92/57 58/93/58 54/94/54 
f 59/95/59 60/96/60 61/97/61 55/98/55 
f 61/99/61 62/100/62 52/101/52 55/102/55 
f 63/103/63 64/104/64 65/105/65 66/106/66 
f 66/106/66 65/105/65 67/107/67 68/108/68 
f 66/109/66 68/110/68 69/111/69 63/112/63 
f 60/113/60 41/59/41 70/114/70 61/99/61 
f 61/99/61 70/114/70 71/115/71 72/116/72 
f 73/117/73 74/118/74 75/119/75 76/120/76 
f 77/121/77 78/122/78 74/123/74 73/124/73 
f 76/125/76 79/126/79 80/127/80 73/128/73 
f 81/129/81 78/122/78 77/121/77 82/130/82 
f 83/131/83 81/129/81 82/130/82 84/132/84 
f 85/133/85 86/134/86 78/135/78 81/136/81 
f 81/136/81 87/137/87 57/92/57 85/133/85 
f 88/138/88 89/139/89 90/140/90 84/141/84 
f 88/138/88 91/142/91 92/143/92 89/139/89 
f 93/144/93 90/145/90 89/146/89 92/147/92 
f 88/148/88 84/149/84 82/150/82 77/151/77 
f 94/152/94 95/153/95 96/154/96 97/155/97 
f 97/156/97 98/157/98 99/158/99 94/159/94 
f 99/158/99 100/160/100 101/161/101 94/159/94 
f 101/162/101 102/163/102 39/57/39 103/164/103 
f 103/164/103 104/165/104 105/166/105 95/167/95 
f 39/57/39 35/56/35 104/165/104 103/164/103 
f 106/168/106 107/169/107 108/170/108 109/171/109 
f 108/172/108 107/173/107 110/174/110 111/175/111 
f 112/176/112 113/177/113 114/178/114 107/173/107 
f 115/179/115 112/180/112 107/181/107 106/182/106 
f 73/183/73 116/184/116 117/185/117 91/186/91 
f 115/187/115 92/143/92 91/142/91 117/188/117 
f 116/189/116 112/190/112 115/191/115 117/192/117 
f 118/193/118 119/194/119 113/177/113 112/176/112 
f 118/193/118 112/176/112 116/195/116 120/196/120 
f 73/197/73 80/198/80 120/199/120 116/200/116 
f 91/186/91 88/148/88 77/151/77 73/183/73 
f 121/201/121 122/202/122 123/203/123 124/204/124 
f 125/205/125 126/206/126 124/204/124 123/203/123 
f 127/207/127 128/208/128 121/201/121 124/204/124 
f 124/204/124 126/206/126 129/209/129 130/210/130 
f 130/210/130 131/211/131 127/207/127 124/204/124 
f 125/205/125 132/212/132 133/213/133 126/206/126 
f 123/203/123 134/214/134 132/212/132 125/205/125 
f 135/215/135 136/216/136 137/217/137 138/218/138 
f 139/219/139 137/220/137 136/221/136 140/222/140 
f 137/217/137 141/223/141 142/224/142 138/218/138 
f 143/225/143 144/226/144 141/227/141 137/220/137 
f 145/228/145 143/225/143 137/220/137 139/219/139 
f 146/229/146 145/230/145 139/231/139 140/232/140 
f 138/233/138 147/234/147 148/235/148 135/236/135 
f 148/237/148 147/238/147 146/239/146 140/240/140 
f 149/241/149 150/242/150 151/243/151 152/244/152 
f 150/242/150 153/245/153 154/246/154 151/243/151 
f 155/247/155 156/248/156 157/249/157 158/250/158 
f 156/251/156 151/243/151 154/246/154 157/252/157 
f 151/243/151 156/251/156 159/253/159 160/254/160 
f 152/255/152 161/256/161 162/257/162 149/258/149 
f 151/259/151 160/260/160 161/261/161 152/262/152 
f 161/263/161 142/264/142 141/265/141 163/266/163 
f 161/261/161 160/260/160 164/267/164 142/268/142 
f 149/269/149 165/270/165 166/271/166 167/272/167 
f 162/273/162 144/226/144 165/270/165 149/269/149 
f 144/274/144 162/275/162 163/276/163 141/277/141 
f 168/278/168 169/279/169 170/280/170 171/281/171 
f 172/282/172 147/283/147 138/284/138 142/285/142 
f 142/285/142 164/286/164 173/287/173 172/282/172 
f 174/288/174 175/289/175 176/290/176 177/291/177 
f 178/292/178 179/293/179 175/294/175 174/295/174 
f 180/296/180 175/297/175 179/298/179 181/299/181 
f 182/300/182 183/301/183 178/302/178 174/303/174 
f 184/304/184 185/305/185 169/306/169 186/307/186 
f 187/308/187 188/309/188 184/310/184 189/311/189 
f 190/312/190 189/313/189 184/314/184 170/315/170 
f 191/316/191 192/317/192 193/318/193 194/319/194 
f 195/320/195 194/319/194 193/318/193 196/321/196 
f 192/317/192 197/322/197 196/321/196 193/318/193 
f 174/323/174 195/324/195 198/325/198 182/326/182 
f 175/327/175 195/328/195 196/329/196 176/330/176 
f 195/331/195 175/332/175 180/333/180 198/334/198 
f 145/230/145 146/229/146 199/335/199 200/336/200 
f 199/337/199 201/338/201 202/339/202 203/340/203 
f 200/341/200 199/342/199 203/343/203 204/344/204 
f 205/345/205 206/346/206 207/347/207 200/348/200 
f 200/348/200 207/347/207 143/225/143 145/228/145 
f 204/349/204 208/350/208 205/345/205 200/348/200 
f 209/351/209 210/352/210 211/353/211 212/354/212 
f 213/355/213 211/356/211 210/357/210 214/358/214 
f 210/359/210 209/360/209 215/361/215 214/362/214 
f 216/363/216 217/364/217 212/365/212 211/366/211 
f 209/367/209 212/368/212 217/369/217 218/370/218 
f 219/371/219 220/372/220 221/373/221 222/374/222 
f 222/375/222 208/350/208 204/349/204 219/376/219 
f 218/377/218 217/378/217 216/379/216 223/380/223 
f 224/381/224 225/382/225 226/383/226 227/384/227 
f 221/385/221 226/383/226 225/382/225 228/386/228 
f 229/387/229 230/388/230 222/374/222 221/373/221 
f 229/389/229 221/390/221 228/391/228 231/392/231 
f 227/384/227 232/393/232 233/394/233 234/395/234 
f 228/391/228 225/396/225 224/397/224 235/398/235 
f 236/399/236 235/398/235 224/397/224 227/400/227 
f 234/401/234 237/402/237 236/403/236 227/404/227 
f 37/53/37 238/405/238 239/406/239 38/54/38 
f 233/407/233 232/408/232 238/409/238 37/410/37 
f 39/57/39 102/163/102 233/394/233 37/53/37 
f 240/411/240 241/412/241 31/413/31 30/414/30 
f 30/415/30 239/406/239 238/405/238 240/416/240 
f 32/417/32 242/418/242 239/419/239 30/420/30 
f 243/421/243 242/422/242 32/423/32 22/424/22 
f 242/425/242 243/426/243 38/427/38 239/428/239 
f 104/429/104 35/50/35 34/49/34 105/430/105 
f 244/431/244 245/432/245 246/433/246 247/434/247 
f 215/435/215 248/436/248 244/437/244 249/438/249 
f 245/439/245 244/437/244 248/436/248 250/440/250 
f 214/362/214 215/361/215 249/441/249 251/442/251 
f 252/443/252 253/444/253 254/445/254 189/446/189 
f 254/447/254 255/448/255 251/449/251 189/450/189 
f 251/449/251 249/451/249 187/452/187 189/450/189 
f 256/453/256 257/454/257 258/455/258 259/456/259 
f 260/457/260 261/458/261 258/455/258 257/454/257 
f 262/459/262 259/456/259 258/455/258 261/458/261 
f 263/460/263 264/461/264 265/462/265 266/463/266 
f 267/464/267 268/465/268 266/466/266 269/467/269 
f 266/468/266 270/469/270 271/470/271 263/471/263 
f 265/472/265 272/473/272 273/474/273 266/475/266 
f 266/468/266 268/476/268 274/477/274 270/469/270 
f 275/478/275 276/479/276 277/480/277 278/481/278 
f 273/482/273 272/483/272 277/480/277 276/479/276 
f 279/484/279 278/481/278 277/480/277 272/483/272 
f 280/485/280 281/486/281 282/487/282 267/488/267 
f 282/487/282 283/489/283 268/490/268 267/488/267 
f 267/488/267 284/491/284 285/492/285 280/485/280 
f 284/493/284 267/494/267 269/495/269 286/496/286 
f 274/497/274 287/498/287 288/499/288 270/500/270 
f 274/501/274 268/502/268 283/503/283 287/504/287 
f 289/505/289 290/506/290 291/507/291 292/508/292 
f 285/492/285 284/491/284 290/506/290 289/505/289 
f 292/508/292 293/509/293 294/510/294 289/505/289 
f 295/511/295 296/512/296 285/492/285 289/505/289 
f 294/510/294 297/513/297 295/511/295 289/505/289 
f 269/514/269 266/475/266 273/474/273 298/515/298 
f 299/516/299 300/517/300 301/518/301 302/519/302 
f 299/516/299 303/520/303 296/512/296 300/517/300 
f 303/520/303 299/516/299 302/519/302 304/521/304 
f 305/522/305 306/523/306 307/524/307 308/525/308 
f 308/525/308 307/524/307 309/526/309 310/527/310 
f 311/528/311 312/529/312 313/530/313 308/525/308 
f 308/525/308 313/530/313 314/531/314 305/522/305 
f 310/527/310 315/532/315 311/528/311 308/525/308 
f 316/533/316 317/534/317 318/535/318 319/536/319 
f 319/537/319 320/538/320 321/539/321 316/540/316 
f 321/539/321 322/541/322 323/542/323 316/540/316 
f 316/540/316 323/542/323 324/543/324 325/544/325 
f 326/545/326 323/546/323 322/547/322 327/548/327 
f 323/549/323 326/550/326 328/551/328 324/552/324 
f 329/553/329 326/554/326 327/555/327 330/556/330 
f 331/557/331 328/551/328 326/550/326 332/558/332 
f 333/559/333 332/558/332 326/550/326 329/560/329 
f 334/561/334 335/562/335 336/563/336 293/564/293 
f 336/565/336 337/566/337 294/567/294 293/568/293 
f 338/569/338 293/509/293 292/508/292 339/570/339 
f 338/571/338 339/572/339 340/573/340 341/574/341 
f 342/575/342 341/576/341 340/577/340 343/578/343 
f 343/578/343 340/577/340 339/570/339 344/579/344 
f 345/580/345 346/581/346 347/582/347 348/583/348 
f 345/584/345 348/585/348 349/586/349 350/587/350 
f 345/580/345 350/588/350 351/589/351 346/581/346 
f 350/587/350 349/586/349 352/590/352 353/591/353 
f 353/591/353 354/592/354 355/593/355 350/587/350 
f 356/594/356 351/595/351 350/596/350 355/597/355 
f 357/598/357 358/599/358 359/600/359 360/601/360 
f 357/602/357 361/603/361 362/604/362 358/605/358 
f 363/606/363 359/607/359 358/608/358 362/609/362 
f 357/602/357 360/610/360 364/611/364 365/612/365 
f 366/613/366 364/614/364 360/615/360 359/616/359 
f 361/603/361 357/602/357 365/612/365 367/617/367 
f 368/618/368 367/617/367 365/612/365 364/611/364 
f 369/619/369 370/620/370 371/621/371 372/622/372 
f 371/621/371 373/623/373 374/624/374 372/622/372 
f 374/624/374 375/625/375 376/626/376 372/622/372 
f 367/617/367 369/619/369 372/622/372 361/603/361 
f 376/626/376 362/604/362 361/603/361 372/622/372 
f 377/627/377 378/628/378 379/629/379 380/630/380 
f 380/630/380 379/629/379 381/631/381 382/632/382 
f 382/632/382 383/633/383 384/634/384 380/630/380 
f 384/634/384 385/635/385 386/636/386 380/630/380 
f 380/630/380 386/636/386 387/637/387 377/627/377 
f 325/544/325 324/543/324 388/638/388 389/639/389 
f 390/640/390 389/641/389 388/642/388 391/643/391 
f 391/644/391 388/645/388 324/552/324 328/551/328 
f 392/646/392 325/647/325 389/648/389 390/649/390 
f 393/650/393 394/651/394 395/652/395 396/653/396 
f 397/654/397 398/655/398 394/651/394 393/650/393 
f 396/653/396 399/656/399 397/654/397 393/650/393 
f 400/657/400 394/651/394 398/655/398 401/658/401 
f 402/659/402 403/660/403 400/661/400 401/662/401 
f 404/663/404 405/664/405 402/659/402 401/662/401 
f 406/665/406 407/666/407 404/667/404 401/668/401 
f 401/658/401 398/655/398 408/669/408 406/670/406 
f 409/671/409 410/672/410 411/673/411 399/656/399 
f 399/656/399 396/653/396 412/674/412 409/671/409 
f 411/675/411 413/676/413 414/677/414 399/678/399 
f 414/679/414 413/680/413 415/681/415 416/682/416 
f 415/683/415 417/684/417 418/685/418 416/686/416 
f 416/682/416 418/687/418 419/688/419 420/689/420 
f 421/690/421 422/691/422 423/692/423 424/693/424 
f 424/693/424 425/694/425 426/695/426 421/690/421 
f 424/696/424 423/697/423 427/698/427 425/699/425 
f 428/700/428 410/672/410 429/701/429 426/695/426 
f 428/700/428 426/695/426 425/694/425 430/702/430 
f 430/702/430 411/673/411 410/672/410 428/700/428 
f 431/703/431 432/704/432 375/705/375 433/706/433 
f 434/707/434 433/708/433 375/709/375 435/710/435 
f 436/711/436 437/712/437 438/713/438 375/625/375 
f 374/624/374 439/714/439 436/711/436 375/625/375 
f 440/715/440 441/716/441 442/717/442 443/718/443 
f 440/719/440 443/720/443 444/721/444 445/722/445 
f 434/723/434 446/724/446 443/725/443 442/726/442 
f 447/727/447 443/728/443 446/729/446 448/730/448 
f 443/720/443 447/731/447 449/732/449 444/721/444 
f 450/733/450 451/734/451 452/735/452 453/736/453 
f 452/737/452 454/738/454 455/739/455 453/740/453 
f 456/741/456 457/742/457 454/743/454 452/744/452 
f 458/745/458 459/746/459 456/741/456 452/744/452 
f 363/747/363 460/748/460 461/749/461 462/750/462 
f 463/751/463 462/750/462 461/749/461 464/752/464 
f 464/752/464 461/749/461 460/748/460 432/704/432 
f 376/753/376 375/705/375 432/704/432 460/748/460 
f 432/704/432 465/754/465 466/755/466 464/752/464 
f 431/703/431 467/756/467 465/754/465 432/704/432 
f 439/714/439 468/757/468 437/712/437 436/711/436 
f 469/758/469 470/759/470 471/760/471 472/761/472 
f 470/759/470 190/762/190 185/763/185 473/764/473 
f 473/764/473 474/765/474 475/766/475 470/759/470 
f 470/759/470 475/766/475 476/767/476 471/760/471 
f 477/768/477 471/760/471 476/767/476 478/769/478 
f 479/770/479 478/769/478 476/767/476 480/771/480 
f 478/769/478 479/770/479 481/772/481 477/768/477 
f 482/773/482 483/774/483 484/775/484 485/776/485 
f 445/722/445 484/777/484 483/778/483 440/719/440 
f 486/779/486 487/780/487 488/781/488 489/782/489 
f 486/783/486 490/784/490 491/785/491 492/786/492 
f 492/787/492 493/788/493 487/780/487 486/779/486 
f 489/789/489 488/790/488 494/791/494 495/792/495 
f 489/789/489 495/792/495 496/793/496 497/794/497 
f 498/795/498 499/796/499 500/797/500 501/798/501 
f 502/799/502 79/800/79 500/801/500 499/802/499 
f 503/803/503 502/804/502 499/805/499 498/806/498 
f 79/126/79 76/125/76 504/807/504 505/808/505 
f 500/809/500 79/126/79 505/808/505 501/810/501 
f 79/800/79 502/799/502 506/811/506 80/812/80 
f 507/813/507 503/814/503 508/815/508 75/816/75 
f 505/817/505 504/818/504 508/819/508 503/820/503 
f 76/120/76 75/119/75 508/819/508 504/818/504 
f 503/821/503 507/822/507 506/823/506 502/824/502 
f 505/825/505 503/826/503 498/827/498 501/828/501 
f 509/829/509 510/830/510 474/831/474 511/832/511 
f 512/833/512 513/834/513 510/830/510 509/829/509 
f 509/829/509 511/832/511 514/835/514 512/833/512 
f 188/836/188 515/837/515 516/838/516 184/839/184 
f 516/840/516 473/841/473 185/842/185 184/843/184 
f 517/844/517 518/845/518 519/846/519 520/847/520 
f 521/848/521 522/849/522 523/850/523 520/847/520 
f 519/846/519 524/851/524 521/848/521 520/847/520 
f 444/852/444 435/853/435 525/854/525 445/855/445 
f 446/856/446 444/857/444 449/858/449 448/859/448 
f 435/860/435 444/861/444 446/862/446 434/863/434 
f 455/864/455 454/865/454 451/866/451 450/867/450 
f 457/868/457 526/869/526 451/870/451 454/871/454 
f 451/872/451 527/873/527 528/874/528 452/744/452 
f 452/744/452 528/874/528 529/875/529 458/745/458 
f 530/876/530 191/877/191 531/878/531 456/879/456 
f 531/880/531 532/881/532 457/742/457 456/741/456 
f 530/882/530 456/883/456 459/884/459 533/885/533 
f 526/869/526 457/868/457 532/886/532 197/887/197 
f 472/888/472 534/889/534 535/890/535 526/869/526 
f 535/891/535 527/873/527 451/872/451 526/892/526 
f 192/317/192 536/893/536 537/894/537 197/322/197 
f 196/895/196 197/896/197 532/897/532 176/898/176 
f 537/899/537 538/900/538 252/901/252 197/902/197 
f 354/592/354 539/903/539 540/904/540 355/593/355 
f 541/905/541 542/906/542 355/597/355 540/907/540 
f 356/594/356 355/597/355 542/906/542 543/908/543 
f 541/909/541 544/910/544 545/911/545 546/912/546 
f 540/913/540 547/914/547 544/915/544 541/916/541 
f 545/917/545 544/918/544 547/919/547 548/920/548 
f 549/921/549 550/922/550 548/923/548 547/924/547 
f 550/925/550 551/926/551 545/911/545 548/927/548 
f 552/928/552 553/929/553 554/930/554 555/931/555 
f 555/931/555 554/930/554 556/932/556 557/933/557 
f 555/934/555 557/935/557 558/936/558 552/937/552 
f 559/938/559 560/939/560 561/940/561 562/941/562 
f 563/942/563 564/943/564 565/944/565 566/945/566 
f 567/946/567 568/947/568 564/943/564 563/942/563 
f 563/942/563 569/948/569 570/949/570 567/946/567 
f 566/945/566 571/950/571 572/951/572 563/942/563 
f 569/952/569 563/953/563 572/954/572 422/955/422 
f 573/956/573 574/957/574 568/958/568 575/959/575 
f 576/960/576 575/961/575 568/962/568 577/963/577 
f 570/949/570 577/964/577 568/947/568 567/946/567 
f 575/965/575 578/966/578 579/967/579 573/968/573 
f 580/969/580 581/970/581 578/966/578 575/965/575 
f 575/961/575 576/960/576 582/971/582 583/972/583 
f 583/973/583 584/974/584 580/975/580 575/976/575 
f 585/977/585 582/978/582 586/979/586 587/980/587 
f 587/981/587 588/982/588 589/983/589 556/984/556 
f 590/985/590 557/935/557 591/986/591 592/987/592 
f 591/986/591 593/988/593 594/989/594 592/987/592 
f 595/990/595 596/991/596 590/985/590 592/987/592 
f 557/992/557 590/993/590 597/994/597 558/995/558 
f 556/984/556 589/983/589 591/986/591 557/935/557 
f 598/996/598 560/997/560 599/998/599 600/999/600 
f 600/1000/600 599/1001/599 562/1002/562 601/1003/601 
f 600/1004/600 597/1005/597 602/1006/602 603/1007/603 
f 601/1003/601 558/995/558 597/994/597 600/1000/600 
f 604/1008/604 605/1009/605 606/1010/606 603/1011/603 
f 602/1012/602 607/1013/607 604/1014/604 603/1015/603 
f 608/1016/608 561/1017/561 606/1018/606 605/1019/605 
f 560/1020/560 598/1021/598 606/1022/606 561/1023/561 
f 562/1024/562 561/1017/561 609/1025/609 610/1026/610 
f 611/1027/611 612/1028/612 613/1029/613 614/1030/614 
f 613/1031/613 615/1032/615 616/1033/616 614/1034/614 
f 612/1035/612 607/1036/607 615/1032/615 613/1031/613 
f 617/1037/617 604/1038/604 607/1036/607 612/1035/612 
f 612/1035/612 618/1039/618 619/1040/619 617/1037/617 
f 611/1041/611 620/1042/620 618/1039/618 612/1035/612 
f 611/1027/611 614/1030/614 621/1043/621 622/1044/622 
f 621/1045/621 623/1046/623 624/1047/624 622/1048/622 
f 625/1049/625 623/1046/623 621/1045/621 614/1034/614 
f 626/1050/626 627/1051/627 625/1049/625 614/1034/614 
f 616/1033/616 628/1052/628 626/1050/626 614/1034/614 
f 595/990/595 616/1033/616 615/1032/615 596/991/596 
f 629/1053/629 630/1054/630 616/1055/616 595/1056/595 
f 631/1057/631 569/948/569 422/691/422 421/690/421 
f 421/690/421 632/1058/632 633/1059/633 631/1057/631 
f 634/1060/634 635/1061/635 636/1062/635 637/1063/636 
f 638/1064/637 639/1065/638 640/1066/639 641/1067/640 
f 642/1068/641 639/1065/638 638/1064/637 643/1069/642 
f 643/1069/642 638/1064/637 644/1070/643 645/1071/644 
f 640/1072/639 646/1073/645 647/1074/646 641/1075/640 
f 648/1076/647 622/1077/622 624/1078/624 649/1079/648 
f 649/1079/648 624/1078/624 650/1080/649 651/1081/650 
f 649/1082/648 651/1083/650 652/1084/651 648/1085/647 
f 639/1086/638 642/1087/641 646/1088/645 653/1089/652 
f 654/1090/653 646/1091/645 640/1092/639 655/1093/654 
f 653/1094/652 646/1095/645 656/1096/655 657/1097/656 
f 658/1098/657 656/1099/655 646/1091/645 654/1090/653 
f 659/1100/658 660/1101/659 654/1102/653 655/1103/654 
f 658/1104/657 654/1105/653 660/1106/659 661/1107/660 
f 662/1108/661 661/1109/660 660/1110/659 659/1111/658 
f 640/1112/639 639/1113/638 663/1114/662 655/1115/654 
f 664/1116/663 665/1117/664 666/1118/665 667/1119/666 
f 665/1120/664 664/1121/663 668/1122/667 669/1123/668 
f 669/1124/668 670/1125/669 671/1126/670 665/1127/664 
f 671/1126/670 672/1128/671 666/1129/665 665/1127/664 
f 669/1124/668 668/1130/667 673/1131/672 674/1132/673 
f 675/1133/674 676/1134/675 667/1135/666 666/1129/665 
f 677/1136/676 664/1137/663 667/1135/666 676/1134/675 
f 676/1138/675 675/1139/674 678/1140/677 679/1141/678 
f 678/1142/677 675/1143/674 680/1144/679 681/1145/680 
f 675/1146/674 682/1147/681 683/1148/682 680/1149/679 
f 684/1150/683 651/1151/650 650/1152/649 681/1153/680 
f 684/1150/683 685/1154/684 686/1155/685 651/1151/650 
f 687/1156/686 652/1157/651 651/1158/650 686/1159/685 
f 687/1160/686 688/1161/687 689/1162/688 652/1163/651 
f 652/1163/651 689/1162/688 683/1164/682 690/1165/689 
f 690/1166/689 620/1167/620 648/1076/647 652/1168/651 
f 691/1169/690 676/1170/675 692/1171/691 693/1172/692 
f 679/1141/678 694/1173/693 692/1174/691 676/1138/675 
f 695/1175/694 696/1176/695 691/1177/690 693/1178/692 
f 693/1179/692 697/1180/696 698/1181/697 695/1182/694 
f 699/1183/698 697/1180/696 693/1179/692 700/1184/699 
f 700/1185/699 693/1186/692 701/1187/700 702/1188/701 
f 700/1189/699 694/1190/693 679/1191/678 699/1192/698 
f 703/1193/702 704/1194/703 705/1195/704 706/1196/705 
f 706/1196/705 707/1197/706 708/1198/707 703/1193/702 
f 702/1199/701 703/1200/702 708/1201/707 700/1202/699 
f 708/1198/707 709/1203/708 710/1204/709 711/1205/710 
f 694/1206/693 700/1207/699 708/1208/707 711/1209/710 
f 711/1205/710 712/1210/711 713/1211/712 694/1212/693 
f 714/1213/713 707/1197/706 715/1214/714 716/1215/715 
f 714/1216/713 716/1217/715 717/1218/716 709/1219/708 
f 709/1203/708 717/1220/716 718/1221/717 719/1222/718 
f 720/1223/719 721/1224/720 722/1225/721 723/1226/722 
f 720/1223/719 724/1227/723 725/1228/724 721/1224/720 
f 720/1223/719 723/1226/722 726/1229/725 724/1227/723 
f 727/1230/726 728/1231/727 729/1232/728 730/1233/729 
f 730/1233/729 731/1234/730 732/1235/731 727/1230/726 
f 732/1236/731 731/1237/730 733/1238/732 734/1239/733 
f 735/1240/734 736/1241/735 734/1239/733 733/1238/732 
f 737/1242/736 733/1243/737 731/1244/738 729/1245/728 
f 738/1246/739 733/1238/737 739/1247/740 740/1248/741 
f 739/1247/740 733/1238/737 737/1249/736 741/1250/742 
f 742/1251/743 743/1252/744 744/1253/745 741/1254/742 
f 729/1255/728 742/1256/743 741/1257/742 737/1258/736 
f 728/1231/727 743/1259/744 742/1260/743 729/1232/728 
f 740/1261/741 739/1262/740 741/1263/742 744/1264/745 
f 745/1265/746 746/1266/747 747/1267/748 748/1268/749 
f 745/1265/746 748/1268/749 749/1269/750 750/1270/751 
f 745/1265/746 750/1270/751 751/1271/752 746/1266/747 
f 752/1272/753 753/1273/754 744/1253/745 743/1252/744 
f 728/1231/727 754/1274/755 755/1275/756 743/1259/744 
f 743/1259/744 755/1275/756 756/1276/757 752/1277/753 
f 757/1278/758 758/1279/759 759/1280/760 760/1281/761 
f 760/1282/761 761/1283/762 762/1284/763 757/1285/758 
f 760/1286/761 763/1287/764 764/1288/765 765/1289/766 
f 765/1290/766 766/1291/767 761/1283/762 760/1282/761 
f 767/1292/768 768/1293/769 763/1294/764 760/1295/761 
f 760/1281/761 759/1280/760 769/1296/770 770/1297/771 
f 770/1298/771 771/1299/772 767/1292/768 760/1295/761 
f 772/1300/773 773/1301/774 774/1302/775 775/1303/776 
f 776/1304/777 777/1305/778 775/1303/776 774/1302/775 
f 778/1306/779 776/1304/777 774/1302/775 773/1301/774 
f 779/1307/780 780/1308/781 781/1309/782 782/1310/783 
f 783/1311/784 782/1312/783 781/1313/782 784/1314/785 
f 784/1315/785 781/1316/782 780/1317/781 785/1318/786 
f 786/1319/787 783/1320/784 784/1321/785 785/1322/786 
f 787/1323/788 788/1324/789 789/1325/790 790/1326/791 
f 791/1327/792 787/1323/788 790/1326/791 792/1328/793 
f 793/1329/794 792/1328/793 790/1326/791 789/1325/790 
f 794/1330/795 795/1331/796 796/1332/797 797/1333/798 
f 796/1332/797 798/1334/799 799/1335/800 797/1333/798 
f 800/1336/801 801/1337/802 802/1338/803 803/1339/804 
f 803/1339/804 802/1338/803 804/1340/805 805/1341/806 
f 806/1342/807 803/1343/804 805/1344/806 807/1345/808 
f 808/1346/809 587/1347/587 800/1348/801 809/1349/810 
f 800/1350/801 803/1351/804 806/1352/807 809/1353/810 
f 808/1346/809 809/1349/810 810/1354/811 811/1355/812 
f 587/981/587 812/1356/813 813/1357/814 588/982/588 
f 814/1358/815 800/1359/801 587/1360/587 
f 587/1361/587 586/1362/586 815/1363/816 814/1364/815 
f 587/1347/587 808/1346/809 579/1365/579 585/1366/585 
f 554/1367/554 816/1368/817 812/1356/813 587/981/587 
f 553/1369/553 817/1370/818 816/1368/817 554/1367/554 
f 805/1371/806 818/1372/819 819/1373/820 820/1374/821 
f 821/1375/822 822/1376/823 823/1377/824 824/1378/825 
f 821/1379/822 825/1380/826 826/1381/827 822/1382/823 
f 827/1383/828 825/1380/826 821/1379/822 824/1384/825 
f 809/1353/810 806/1352/807 807/1385/808 828/1386/829 
f 805/1387/806 829/1388/830 828/1389/829 807/1390/808 
f 828/1386/829 829/1391/830 810/1392/811 809/1353/810 
f 830/1393/831 831/1394/832 832/1395/833 833/1396/834 
f 834/1397/835 835/1398/836 832/1395/833 831/1394/832 
f 836/1399/837 833/1396/834 832/1395/833 835/1398/836 
f 837/1400/838 838/1401/839 839/1402/840 840/1403/841 
f 841/1404/842 840/1405/841 839/1406/840 842/1407/843 
f 843/1408/844 842/1409/843 839/1402/840 838/1401/839 
f 844/1410/845 845/1411/846 846/1412/847 847/1413/848 
f 847/1413/848 846/1412/847 848/1414/849 849/1415/850 
f 850/1416/851 848/1414/849 846/1412/847 845/1411/846 
f 851/1417/852 852/1418/853 853/1419/854 854/1420/855 
f 855/1421/856 854/1420/855 853/1419/854 856/1422/857 
f 857/1423/858 856/1422/857 853/1419/854 852/1418/853 
f 858/1424/859 859/1425/860 860/1426/861 861/1427/862 
f 862/1428/863 863/1429/864 860/1426/861 859/1425/860 
f 864/1430/865 861/1427/862 860/1426/861 863/1429/864 
f 859/1425/860 865/1431/866 866/1432/867 862/1428/863 
f 867/1433/868 862/1434/863 866/1435/867 868/1436/869 
f 869/1437/870 868/1438/869 866/1439/867 865/1440/866 
f 870/1441/871 867/1442/868 868/1443/869 869/1444/870 
f 871/1445/872 872/1446/873 873/1447/874 874/1448/875 
f 875/1449/876 876/1450/877 873/1451/874 872/1452/873 
f 874/1453/875 873/1451/874 876/1450/877 877/1454/878 
f 878/1455/879 874/1456/875 877/1457/878 879/1458/880 
f 880/1459/881 879/1460/880 877/1461/878 876/1462/877 
f 881/1463/882 882/1464/883 883/1465/884 884/1466/885 
f 884/1466/885 883/1465/884 885/1467/886 886/1468/887 
f 887/1469/888 881/1463/882 884/1466/885 886/1468/887 
f 888/1470/889 889/1471/890 890/1472/891 891/1473/892 
f 891/1474/892 892/1475/893 893/1476/894 888/1477/889 
f 888/1478/889 894/1479/895 895/1480/896 896/1481/897 
f 896/1482/897 897/1483/898 889/1484/890 888/1485/889 
f 891/1486/892 890/1487/891 864/1430/865 898/1488/899 
f 891/1489/892 899/1490/900 900/1491/901 901/1492/902 
f 891/1489/892 898/1493/899 886/1494/887 885/1495/886 
f 885/1495/886 902/1496/903 899/1490/900 891/1489/892 
f 901/1497/902 903/1498/904 892/1499/893 891/1500/892 
f 904/1501/905 905/1502/906 906/1503/907 907/1504/908 
f 904/1505/905 908/1506/909 909/1507/910 910/1508/911 
f 910/1508/911 911/1509/912 912/1510/913 904/1505/905 
f 912/1511/913 913/1512/914 905/1513/906 904/1514/905 
f 913/1515/914 914/1516/915 915/1517/916 907/1518/908 
f 907/1518/908 915/1517/916 916/1519/917 904/1505/905 
f 917/1520/918 918/1521/919 919/1522/920 920/1523/921 
f 920/1524/921 919/1525/920 921/1526/922 922/1527/923 
f 923/1528/924 924/1529/925 921/1530/922 919/1531/920 
f 925/1532/926 926/1533/927 927/1534/928 928/1535/929 
f 926/1533/927 929/1536/930 930/1537/931 927/1534/928 
f 926/1533/927 925/1532/926 931/1538/932 929/1536/930 
f 932/1539/933 933/1540/934 934/1541/935 935/1542/936 
f 936/1543/937 937/1544/938 938/1545/939 939/1546/940 
f 940/1547/941 938/1548/939 937/1549/938 941/1550/942 
f 942/1551/943 939/1552/940 938/1553/939 940/1554/941 
f 943/1555/944 944/1556/945 945/1557/946 946/1558/947 
f 946/1559/947 941/1550/942 937/1549/938 943/1560/944 
f 947/1561/948 948/1562/949 939/1563/940 942/1564/943 
f 939/1563/940 948/1562/949 949/1565/950 950/1566/951 
f 941/1567/942 932/1568/933 935/1569/936 951/1570/952 
f 951/1570/952 948/1562/949 947/1561/948 941/1567/942 
f 940/1554/941 941/1571/942 947/1572/948 942/1551/943 
f 931/1538/932 952/1573/953 949/1565/950 948/1562/949 
f 948/1562/949 951/1570/952 929/1536/930 931/1538/932 
f 923/1574/924 953/1575/954 914/1576/915 954/1577/955 
f 919/1578/920 955/1579/956 956/1580/957 923/1581/924 
f 956/1582/957 957/1583/958 953/1584/954 923/1585/924 
f 954/1586/955 958/1587/959 924/1588/925 923/1589/924 
f 959/1590/960 960/1591/961 924/1592/925 961/1593/962 
f 958/1594/959 962/1595/963 961/1593/962 924/1592/925 
f 960/1591/961 963/1596/964 921/1597/922 924/1592/925 
f 964/1598/965 960/1591/961 959/1590/960 965/1599/966 
f 965/1599/966 959/1590/960 961/1593/962 966/1600/967 
f 967/1601/968 968/1602/969 969/1603/970 970/1604/971 
f 971/1605/972 972/1606/973 973/1607/974 967/1601/968 
f 962/1595/963 958/1594/959 968/1602/969 967/1601/968 
f 973/1607/974 974/1608/975 962/1595/963 967/1601/968 
f 945/1557/946 975/1609/976 976/1610/977 932/1611/933 
f 977/1612/978 584/1613/584 978/1614/979 979/1615/980 
f 581/1616/581 980/1617/981 979/1618/980 978/1619/979 
f 980/1620/981 581/970/581 580/969/580 981/1621/982 
f 981/1622/982 580/975/580 584/974/584 977/1623/978 
f 571/950/571 982/1624/983 983/1625/984 572/951/572 
f 571/1626/571 566/1627/566 984/1628/985 982/1629/983 
f 985/1630/986 986/1631/987 987/1632/988 988/1633/989 
f 988/1634/989 987/1635/988 989/1636/990 417/684/417 
f 417/684/417 415/683/415 985/1637/986 988/1634/989 
f 990/1638/991 991/1639/992 992/1640/993 993/1641/994 
f 993/1641/994 994/1642/995 995/1643/996 990/1638/991 
f 896/1481/897 895/1480/896 991/1639/992 990/1638/991 
f 990/1644/991 996/1645/997 897/1483/898 896/1482/897 
f 995/1643/996 997/1646/998 996/1647/997 990/1638/991 
f 998/1648/999 916/1519/917 999/1649/1000 1000/1650/1001 
f 1001/1651/1002 889/1484/890 897/1483/898 1000/1652/1001 
f 1000/1650/1001 897/1653/898 996/1647/997 998/1648/999 
f 999/1649/1000 1002/1654/1003 1001/1655/1002 1000/1650/1001 
f 1003/1656/1004 1004/1657/1005 1005/1658/1006 1006/1659/1007 
f 1007/1660/1008 1008/1661/1009 1004/1657/1005 1003/1656/1004 
f 1006/1659/1007 1009/1662/1010 1010/1663/1011 1003/1656/1004 
f 1003/1664/1004 1011/1665/1012 1012/1666/1013 1007/1667/1008 
f 1010/1668/1011 1013/1669/1014 1011/1665/1012 1003/1664/1004 
f 1014/1670/1015 1015/1671/1016 1016/1672/1017 1017/1673/1018 
f 1018/1674/1019 1019/1675/1020 1015/1671/1016 1014/1670/1015 
f 1020/1676/1021 1021/1677/1022 1022/1678/1023 1023/1679/1024 
f 1024/1680/1025 1025/1681/1026 1021/1682/1022 1020/1683/1021 
f 1020/1684/1021 1026/1685/1027 1027/1686/1028 1024/1687/1025 
f 1026/1685/1027 1020/1684/1021 1028/1688/1029 1029/1689/1030 
f 1030/1690/1031 1015/1671/1016 1019/1675/1020 1031/1691/1032 
f 1032/1692/1033 1030/1690/1031 1031/1691/1032 
f 1033/1693/1034 1034/1694/1035 1035/1695/1036 1036/1696/1037 
f 1033/1693/1034 1037/1697/1038 1038/1698/1039 1034/1694/1035 
f 950/1699/951 1039/1700/1040 1040/1701/1041 1041/1702/1042 
f 1041/1703/1042 1042/1704/1043 1043/1705/1044 950/1706/951 
f 950/1707/951 1043/1708/1044 936/1543/937 939/1546/940 
f 1044/1709/1045 1045/1710/1046 1046/1711/1047 1047/1712/1048 
f 1048/1713/1049 1049/1714/1050 1050/1715/1051 1044/1709/1045 
f 1051/1716/1052 1052/1717/1053 1053/1718/1054 1054/1719/1055 
f 1055/1720/1056 1054/1719/1055 1053/1718/1054 1056/1721/1057 
f 1052/1717/1053 1057/1722/1058 1056/1721/1057 1053/1718/1054 
f 1058/1723/1059 1059/1724/1060 1060/1725/1061 1061/1726/1062 
f 1062/1727/1063 1063/1728/1064 1064/1729/1065 1059/1730/1060 
f 1059/1730/1060 1058/1731/1059 1065/1732/1066 1062/1727/1063 
f 1059/1733/1060 1066/1734/1067 1067/1735/1068 1060/1736/1061 
f 1064/1729/1065 1068/1737/1069 1066/1738/1067 1059/1730/1060 
f 1061/1739/1062 1060/1740/1061 1069/1741/1070 1070/1742/1071 
f 1071/1743/1072 1072/1744/1073 1070/1742/1071 1069/1741/1070 
f 1069/1745/1070 1073/1746/1074 1074/1747/1075 1075/1748/1076 
f 1073/1746/1074 1069/1745/1070 1060/1736/1061 1067/1735/1068 
f 1062/1749/1063 1065/1750/1066 1076/1751/1077 1049/1752/1050 
f 1076/1753/1077 1077/1754/1078 1078/1755/1079 1079/1756/1080 
f 1080/1757/1081 1050/1758/1051 1078/1759/1079 1077/1760/1078 
f 1049/1752/1050 1048/1761/1049 1063/1762/1064 1062/1749/1063 
f 1081/1763/1082 1080/1757/1081 1077/1760/1078 1082/1764/1083 
f 1083/1765/1084 1080/1766/1081 1081/1767/1082 1084/1768/1085 
f 1080/1766/1081 1083/1765/1084 1085/1769/1086 1086/1770/1087 
f 1084/1771/1085 1077/1754/1078 1076/1753/1077 1087/1772/1088 
f 1088/1773/1089 1089/1774/1090 1083/1775/1084 1084/1776/1085 
f 1090/1777/1091 1088/1778/1089 1084/1779/1085 1087/1780/1088 
f 1075/1781/1076 1090/1782/1091 1072/1783/1073 1091/1784/1092 
f 1070/1742/1071 1072/1744/1073 1090/1785/1091 1092/1786/1093 
f 1075/1787/1076 1074/1788/1075 1093/1789/1094 1094/1790/1095 
f 1071/1791/1072 1069/1745/1070 1075/1748/1076 1091/1792/1092 
f 1094/1793/1095 1088/1794/1089 1090/1795/1091 1075/1796/1076 
f 1095/1797/1096 1096/1798/1097 1088/1799/1089 1094/1800/1095 
f 1097/1801/1098 1098/1802/1099 1096/1803/1097 1095/1804/1096 
f 1095/1805/1096 1099/1806/1100 1100/1807/1101 1097/1808/1098 
f 1094/1790/1095 1093/1789/1094 1099/1809/1100 1095/1804/1096 
f 1101/1810/1102 1092/1811/1093 1090/1812/1091 1087/1813/1088 
f 1101/1814/1102 1102/1815/1103 1103/1816/1104 1092/1817/1093 
f 1104/1818/1105 1105/1819/1106 1106/1820/1107 1107/1821/1108 
f 1105/1822/1106 1104/1823/1105 1108/1824/1109 1109/1825/1110 
f 1109/1826/1110 1110/1827/1111 1106/1828/1107 1105/1829/1106 
f 1111/1830/1112 1104/1818/1105 1112/1831/1113 1113/1832/1114 
f 1107/1821/1108 1114/1833/1115 1112/1831/1113 1104/1818/1105 
f 1104/1823/1105 1111/1834/1112 1115/1835/1116 1108/1824/1109 
f 1111/1834/1112 1113/1836/1114 1116/1837/1117 1115/1835/1116 
f 1107/1838/1108 1106/1839/1107 1110/1840/1111 1117/1841/1118 
f 1118/1842/1119 1113/1836/1114 1119/1843/1120 1120/1844/1121 
f 1121/1845/1122 1119/1846/1120 1113/1847/1114 1112/1848/1113 
f 1122/1849/1123 1120/1850/1121 1119/1851/1120 1121/1852/1122 
f 1120/1853/1121 1122/1854/1123 1123/1855/1124 1124/1856/1125 
f 1113/1836/1114 1118/1842/1119 1125/1857/1126 1116/1837/1117 
f 1061/1858/1062 1103/1859/1104 1102/1860/1103 1058/1861/1059 
f 1126/1862/1127 1127/1863/1128 1128/1864/1129 1124/1865/1125 
f 1129/1866/1130 1067/1735/1068 1066/1734/1067 1130/1867/1131 
f 1073/1868/1074 1067/1869/1068 1129/1870/1130 1051/1871/1052 
f 1120/1844/1121 1131/1872/1132 1132/1873/1133 1118/1842/1119 
f 1133/1874/1134 1134/1875/1135 1135/1876/1136 1126/1877/1127 
f 1136/1878/1137 1126/1879/1127 1124/1880/1125 1123/1881/1124 
f 1134/1882/1135 1137/1883/1138 1138/1884/1139 1135/1885/1136 
f 1135/1886/1136 1138/1887/1139 1131/1872/1132 1120/1844/1121 
f 1139/1888/1140 1140/1889/1141 1057/1890/1058 1052/1891/1053 
f 1052/1891/1053 1130/1892/1131 1141/1893/1142 1139/1888/1140 
f 1141/1893/1142 1130/1892/1131 1066/1738/1067 1068/1737/1069 
f 1142/1894/1143 1143/1895/1144 1144/1896/1145 
f 1143/1897/1144 1145/1898/1146 1056/1899/1057 1144/1900/1145 
f 1056/1899/1057 1057/1901/1058 1032/1692/1033 1144/1900/1145 
f 1146/1902/1147 1147/1903/1148 1148/1904/1149 1149/1905/1150 
f 1023/1679/1024 1007/1660/1008 1012/1906/1013 1149/1905/1150 
f 1012/1906/1013 1150/1907/1151 1151/1908/1152 1149/1905/1150 
f 1146/1902/1147 1149/1905/1150 1151/1908/1152 1152/1909/1153 
f 1153/1910/1154 1146/1902/1147 1152/1909/1153 1154/1911/1155 
f 1155/1912/1156 1156/1913/1157 1157/1914/1158 1158/1915/1159 
f 1159/1916/1160 1160/1917/1161 1155/1918/1156 1158/1919/1159 
f 1161/1920/1162 1159/1916/1160 1158/1919/1159 1154/1911/1155 
f 1162/1921/1163 1153/1910/1154 1154/1911/1155 1158/1919/1159 
f 1158/1919/1159 1157/1922/1158 1163/1923/1164 1162/1921/1163 
f 1164/1924/1165 1165/1925/1166 1166/1926/1167 1153/1927/1154 
f 1153/1928/1154 1162/1929/1163 1167/1930/1168 1164/1931/1165 
f 1166/1932/1167 1168/1933/1169 1146/1934/1147 1153/1935/1154 
f 1152/1909/1153 1151/1908/1152 1161/1920/1162 1154/1911/1155 
f 1161/1920/1162 1151/1908/1152 1150/1907/1151 1159/1916/1160 
f 1155/1918/1156 1160/1917/1161 1169/1936/1170 1156/1937/1157 
f 1170/1938/1171 1171/1939/1172 1172/1940/1173 1173/1941/1174 
f 1174/1942/1175 1175/1943/1176 1176/1944/1177 1170/1938/1171 
f 1173/1941/1174 1177/1945/1178 1174/1942/1175 1170/1938/1171 
f 1170/1946/1171 1176/1947/1177 1178/1948/1179 1179/1949/1180 
f 1180/1950/1181 1170/1951/1171 1179/1952/1180 1181/1953/1182 
f 1180/1954/1181 1182/1955/1183 1171/1939/1172 1170/1938/1171 
f 1179/1952/1180 1183/1956/1184 1184/1957/1185 1181/1953/1182 
f 1182/1958/1183 1184/1959/1185 1183/1960/1184 1185/1961/1186 
f 1186/1962/1187 1187/1963/1188 1188/1964/1189 1185/1965/1186 
f 1189/1966/1190 1190/1967/1191 1186/1962/1187 1185/1965/1186 
f 1188/1964/1189 1171/1939/1172 1182/1955/1183 1185/1965/1186 
f 1191/1968/1192 1189/1969/1190 1185/1970/1186 1183/1971/1184 
f 1136/1972/1137 1123/1973/1124 1122/1974/1123 1192/1975/1193 
f 1121/1852/1122 1193/1976/1194 1192/1977/1193 1122/1849/1123 
f 1193/1978/1194 1114/1979/1115 1194/1980/1195 1192/1981/1193 
f 1192/1981/1193 1194/1980/1195 1195/1982/1196 1196/1983/1197 
f 1136/1984/1137 1192/1985/1193 1196/1986/1197 1197/1987/1198 
f 1198/1988/1199 1199/1989/1200 1200/1990/1201 1201/1991/1202 
f 1202/1992/1203 1199/1989/1200 1198/1988/1199 1203/1993/1204 
f 1204/1994/1205 1200/1995/1201 1199/1996/1200 1202/1997/1203 
f 1205/1998/1206 1206/1999/1207 1169/2000/1170 1207/2001/1208 
f 1206/1999/1207 1205/1998/1206 1200/2002/1201 1204/2003/1205 
f 1208/2004/1209 1205/1998/1206 1207/2001/1208 1013/1669/1014 
f 1205/2005/1206 1209/2006/1210 1201/1991/1202 1200/1990/1201 
f 1209/2006/1210 1205/2005/1206 1208/2007/1209 1009/1662/1010 
f 1203/1993/1204 1198/1988/1199 1201/1991/1202 1210/2008/1211 
f 1202/1992/1203 1175/1943/1176 1174/1942/1175 1204/2009/1205 
f 1133/2010/1134 1197/2011/1198 1175/1943/1176 1202/1992/1203 
f 1133/2010/1134 1202/1992/1203 1203/1993/1204 1134/2012/1135 
f 1193/2013/1194 1121/2014/1122 1112/1831/1113 1114/1833/1115 
f 1211/2015/1212 1212/2016/1213 1213/2017/1214 1214/2018/1215 
f 1213/2017/1214 1212/2016/1213 1215/2019/1216 1216/2020/1217 
f 1214/2018/1215 1213/2017/1214 1216/2020/1217 1217/2021/1218 
f 1218/2022/1219 1217/2023/1218 1216/2024/1217 1219/2025/1220 
f 1218/2026/1219 1220/2027/1221 1221/2028/1222 1222/2029/1223 
f 1223/2030/1224 1219/2031/1220 1224/2032/1225 1225/2033/1226 
f 1224/2032/1225 1226/2034/1227 1227/2035/1228 1225/2033/1226 
f 1228/2036/1229 1229/2037/1230 1225/2038/1226 1230/2039/1231 
f 1230/2040/1231 1225/2033/1226 1227/2035/1228 1231/2041/1232 
f 1229/2042/1230 1232/2043/1233 1223/2030/1224 1225/2033/1226 
f 1211/2044/1212 1214/2045/1215 1233/2046/1234 1234/2047/1235 
f 1212/2048/1213 1211/2049/1212 1234/2050/1235 1235/2051/1236 
f 1236/2052/1237 1237/2053/1238 1238/2054/1239 1239/2055/1240 
f 1238/2056/1239 1237/2057/1238 1240/2058/1241 1241/2059/1242 
f 1238/2060/1239 1241/2061/1242 1242/2062/1243 1239/2063/1240 
f 1243/2064/1244 1244/2065/1245 1245/2066/1246 1246/2067/1247 
f 1247/2068/1248 1248/2069/1249 1244/2065/1245 1243/2064/1244 
f 1246/2067/1247 1249/2070/1250 1250/2071/1251 1243/2064/1244 
f 1243/2064/1244 1250/2071/1251 1251/2072/1252 1252/2073/1253 
f 1253/2074/1254 1254/2075/1255 1110/2076/1111 1109/2077/1110 
f 1254/2078/1255 1253/2079/1254 1240/2080/1241 1255/2081/1256 
f 1254/2075/1255 1256/2082/1257 1257/2083/1258 1110/2076/1111 
f 1258/2084/1259 1259/2085/1260 1256/2086/1257 1254/2087/1255 
f 1230/2039/1231 1260/2088/1261 1261/2089/1262 1228/2036/1229 
f 1262/2090/1263 1263/2091/1264 1230/2092/1231 1231/2093/1232 
f 1263/2094/1264 1264/2095/1265 1260/2096/1261 1230/2097/1231 
f 1265/2098/1266 1215/2019/1216 1212/2016/1213 1231/2099/1232 
f 1231/2100/1232 1212/2048/1213 1235/2051/1236 1262/2101/1263 
f 1266/2102/1267 513/2103/513 1267/2104/1268 1268/2105/1269 
f 1269/2106/1270 1218/2107/1219 1266/2108/1267 1268/2109/1269 
f 1270/2110/1271 513/2103/513 1266/2102/1267 1271/2111/1272 
f 1234/2112/1235 1272/2113/1273 1273/2114/1274 1235/2115/1236 
f 1274/2116/1275 1262/2117/1263 1235/2115/1236 1273/2114/1274 
f 1275/2118/1276 1274/2116/1275 1273/2114/1274 1272/2113/1273 
f 513/2103/513 512/2119/512 1276/2120/1277 1267/2104/1268 
f 1277/2121/1278 510/2122/510 513/2103/513 1270/2110/1271 
f 1277/2123/1278 1270/2124/1271 1271/2125/1272 480/771/480 
f 1222/2029/1223 1278/2126/1279 1266/2127/1267 1218/2026/1219 
f 1279/2128/1280 1217/2129/1218 1280/2130/1281 1281/2131/1282 
f 1282/2132/1283 1283/2133/1284 1279/2134/1280 1281/2135/1282 
f 1269/2136/1270 1282/2137/1283 1281/2138/1282 1280/2139/1281 
f 1284/2140/1285 1285/2141/1286 1286/2142/1287 1287/2143/1288 
f 1287/2144/1288 1286/2145/1287 419/688/419 1288/2146/1289 
f 1287/2147/1288 1289/2148/1290 1290/2149/1291 1284/2150/1285 
f 1291/2151/1292 1286/2142/1287 1285/2141/1286 1292/2152/1293 
f 1292/2153/1293 1285/2154/1286 1293/2155/1294 1294/2156/1295 
f 1292/2152/1293 1295/2157/1296 1296/2158/1297 1291/2151/1292 
f 1297/2159/1298 1298/2160/1299 1292/2153/1293 1294/2156/1295 
f 1295/2157/1296 1292/2152/1293 1298/2161/1299 1299/2162/1300 
f 1300/2163/1301 1301/2164/1302 1302/2165/1303 1303/2166/1304 
f 1302/2165/1303 1304/2167/1305 1305/2168/1306 1306/2169/1307 
f 1304/2167/1305 1302/2165/1303 1301/2164/1302 1307/2170/1308 
f 1285/2154/1286 1284/2171/1285 1290/2172/1291 1293/2155/1294 
f 1308/2173/1309 1309/2174/1310 1310/2175/1311 1311/2176/1312 
f 1308/2173/1309 1312/2177/1313 1313/2178/1314 1309/2174/1310 
f 1311/2176/1312 1314/2179/1315 1312/2177/1313 1308/2173/1309 
f 1315/2180/1316 1316/2181/1317 1317/2182/1318 1318/2183/1319 
f 1318/2184/1319 1317/2185/1318 1313/2186/1314 1312/2187/1313 
f 1318/2184/1319 1312/2187/1313 1314/2188/1315 1315/2189/1316 
f 1319/2190/1320 1315/2191/1316 1314/2192/1315 1320/2193/1321 
f 1314/2194/1315 1311/2195/1312 1321/2196/1322 1320/2197/1321 
f 1320/2198/1321 1321/2199/1322 1322/2200/1323 1323/2201/1324 
f 1320/2198/1321 1324/2202/1325 1325/2203/1326 1319/2204/1320 
f 1323/2201/1324 1326/2205/1327 1324/2202/1325 1320/2198/1321 
f 1327/2206/1328 1328/2207/1329 1329/2208/1330 1321/2209/1322 
f 1311/2210/1312 1310/2211/1311 1327/2212/1328 1321/2213/1322 
f 1330/2214/1331 1331/2215/1332 1332/2216/1333 1333/2217/1334 
f 1334/2218/1335 1333/2217/1334 1332/2216/1333 1335/2219/1336 
f 1336/2220/1337 1337/2221/1338 1338/2222/1339 1333/2223/1334 
f 1338/2224/1339 1339/2225/1340 1330/2214/1331 1333/2217/1334 
f 1340/2226/1341 1341/2227/1342 1342/2228/1343 1343/2229/1344 
f 1344/2230/1345 1341/2231/1342 1340/2232/1341 975/1609/976 
f 1343/2229/1344 1345/2233/1346 975/2234/976 1340/2226/1341 
f 1345/2235/1346 1343/2236/1344 1346/2237/1347 1347/2238/1348 
f 1348/2239/1349 976/1610/977 975/1609/976 1345/2235/1346 
f 1349/2240/1350 1350/2241/1351 1348/2239/1349 1345/2235/1346 
f 1347/2238/1348 1351/2242/1352 1349/2240/1350 1345/2235/1346 
f 1352/2243/1353 1353/2244/1354 1354/2245/1355 1346/2237/1347 
f 1355/2246/1356 1085/2247/1086 1353/2248/1354 1352/2249/1353 
f 1352/2250/1353 1346/2251/1347 1343/2252/1344 1355/2253/1356 
f 1085/1769/1086 1355/2254/1356 1356/2255/1357 1086/1770/1087 
f 1342/2256/1343 1080/1766/1081 1086/1770/1087 1356/2255/1357 
f 1356/2255/1357 1355/2254/1356 1343/2257/1344 1342/2256/1343 
f 1357/2258/1358 1358/2259/1359 1359/2260/1360 1360/2261/1361 
f 1115/1835/1116 1116/1837/1117 1358/2259/1359 1357/2258/1358 
f 1242/2262/1243 1241/2263/1242 1361/2264/1362 1357/2258/1358 
f 1360/2261/1361 1362/2265/1363 1242/2262/1243 1357/2258/1358 
f 1361/2264/1362 1108/1824/1109 1115/1835/1116 1357/2258/1358 
f 1363/2266/1364 1364/2267/1365 1365/2268/1366 1366/2269/1367 
f 1366/2270/1367 1365/2271/1366 1367/2272/1368 1368/2273/1369 
f 1365/2271/1366 1364/2274/1365 1369/2275/1370 1367/2272/1368 
f 1242/2276/1243 1362/2277/1363 1363/2278/1364 1239/2279/1240 
f 1362/2280/1363 1370/2281/1371 1364/2267/1365 1363/2266/1364 
f 1371/2282/1372 1098/1802/1099 1372/2283/1373 1373/2284/1374 
f 1373/2285/1374 1374/2286/1375 1375/2287/1376 1371/2288/1372 
f 1375/2289/1376 1376/2290/1377 1351/2242/1352 1377/2291/1378 
f 1374/2292/1375 1378/2293/1379 1376/2290/1377 1375/2289/1376 
f 1379/2294/1380 1369/2275/1370 1364/2274/1365 1370/2295/1371 
f 1380/2296/1381 1381/2297/1382 1382/2298/1383 1383/2299/1384 
f 1384/2300/1385 1385/2301/1386 1383/2302/1384 1382/2303/1383 
f 1386/2304/1387 1380/2296/1381 1383/2299/1384 1385/2305/1386 
f 1379/2306/1380 1335/2219/1336 1332/2216/1333 1387/2307/1388 
f 1335/2308/1336 1379/2294/1380 1370/2295/1371 1388/2309/1389 
f 1386/2304/1387 1244/2310/1245 1248/2311/1249 1389/2312/1390 
f 1389/2312/1390 1390/2313/1391 1380/2296/1381 1386/2304/1387 
f 1261/2314/1262 1391/2315/1392 1392/2316/1393 1228/2317/1229 
f 1393/2318/1394 1394/2319/1395 1246/2320/1247 1245/2321/1246 
f 1395/2322/1396 1396/2323/1397 1397/2324/1398 1398/2325/1399 
f 1399/2326/1400 1400/2327/1401 1398/2325/1399 1397/2324/1398 
f 1397/2328/1398 1396/2329/1397 1401/2330/1402 1399/2331/1400 
f 1402/2332/1403 1403/2333/1404 1400/2334/1401 1399/2335/1400 
f 1400/2327/1401 1403/2336/1404 1404/2337/1405 1398/2325/1399 
f 1405/2338/1406 1406/2339/1407 1407/2340/1408 1408/2341/1409 
f 1409/2342/1410 1410/2343/1411 1406/2339/1407 1405/2338/1406 
f 1406/2339/1407 1410/2343/1411 1411/2344/1412 1407/2340/1408 
f 1373/2285/1374 1372/2345/1373 1401/2346/1402 1396/2347/1397 
f 1409/2348/1410 1412/2349/1413 1396/2347/1397 1395/2350/1396 
f 1413/2351/1414 1402/2352/1403 1399/2353/1400 1401/2354/1402 
f 1372/2283/1373 1414/2355/1415 1415/2356/1416 1401/2354/1402 
f 1401/2354/1402 1415/2356/1416 1416/2357/1417 1413/2351/1414 
f 1417/2358/1418 1236/2359/1237 1418/2360/1419 1264/2361/1265 
f 1419/2362/1420 1237/2053/1238 1236/2052/1237 1417/2363/1418 
f 1417/2363/1418 1420/2364/1421 1421/2365/1422 1419/2362/1420 
f 1422/2366/1423 1423/2367/1424 1420/2364/1421 1417/2363/1418 
f 1424/2368/1425 1422/2369/1423 1417/2358/1418 1264/2361/1265 
f 1425/2370/1426 1260/2371/1261 1264/2372/1265 1426/2373/1427 
f 1264/2374/1265 1263/2375/1264 1427/2376/1428 1424/2377/1425 
f 1264/2378/1265 1418/2379/1419 1428/2380/1429 1426/2381/1427 
f 1428/2382/1429 1429/2383/1430 1430/2384/1431 1426/2385/1427 
f 1431/2386/1432 1432/2387/1433 1411/2388/1412 1410/2389/1411 
f 1433/2390/1434 1432/2391/1433 1434/2392/1435 1435/2393/1436 
f 1404/2394/1405 1434/2392/1435 1432/2391/1433 1431/2395/1432 
f 1432/2396/1433 1436/2397/1437 1437/2398/1438 1411/2344/1412 
f 1436/2397/1437 1432/2396/1433 1433/2399/1434 1438/2400/1439 
f 1439/2401/1440 1440/2402/1441 1437/2398/1438 1436/2397/1437 
f 1441/2403/1442 1436/2397/1437 1438/2400/1439 1442/2404/1443 
f 1436/2397/1437 1441/2403/1442 1443/2405/1444 1439/2401/1440 
f 1404/2394/1405 1403/2406/1404 1444/2407/1445 1434/2392/1435 
f 1444/2407/1445 1443/2408/1444 1441/2409/1442 1434/2392/1435 
f 1435/2393/1436 1434/2392/1435 1441/2409/1442 1442/2410/1443 
f 1445/2411/1446 1446/2412/1447 1447/2413/1448 1448/2414/1449 
f 1448/2415/1449 1443/2416/1444 1444/2417/1445 1445/2418/1446 
f 1448/2414/1449 1449/2419/1450 1450/2420/1451 1443/2405/1444 
f 1443/2405/1444 1450/2420/1451 1451/2421/1452 1439/2401/1440 
f 1452/2422/1453 1453/2423/1454 1451/2424/1452 1454/2425/1455 
f 1454/2425/1455 1451/2424/1452 1450/2426/1451 1455/2427/1456 
f 1455/2427/1456 1456/2428/1457 1457/2429/1458 1454/2425/1455 
f 1458/2430/1459 1249/2431/1250 1452/2422/1453 1454/2425/1455 
f 1454/2425/1455 1457/2429/1458 1459/2432/1460 1458/2430/1459 
f 1455/2427/1456 1450/2426/1451 1449/2433/1450 1456/2428/1457 
f 1460/2434/1461 1461/2435/1462 1462/2436/1463 1463/2437/1464 
f 1464/2438/1465 1460/2439/1461 1463/2440/1464 1465/2441/1466 
f 1466/2442/1467 1467/2443/1468 1468/2444/1469 1469/2445/1470 
f 1469/2446/1470 1470/2447/1471 1471/2448/1472 1466/2449/1467 
f 1471/2450/1472 1472/2451/1473 1473/2452/1474 1466/2453/1467 
f 132/212/132 134/214/134 1467/2454/1468 1466/2453/1467 
f 1466/2453/1467 1473/2452/1474 133/213/133 132/212/132 
f 1474/2455/1475 1475/2456/1476 1476/2457/1477 1477/2458/1478 
f 1476/2457/1477 1478/2459/1479 1479/2460/1480 1477/2458/1478 
f 1478/2459/1479 1476/2457/1477 1475/2456/1476 1480/2461/1481 
f 1481/2462/1482 1482/2463/1483 1483/2464/1484 1484/2465/1485 
f 1482/2466/1483 1481/2467/1482 1485/2468/1486 1486/2469/1487 
f 1303/2470/1304 1487/2471/1488 1483/2464/1484 1482/2463/1483 
f 1484/2472/1485 1483/2473/1484 1487/2474/1488 1488/2475/1489 
f 1489/2476/1490 1490/2477/1491 1295/2478/1296 1491/2479/1492 
f 1492/2480/1493 1295/2481/1296 1490/2482/1491 1488/2483/1489 
f 1295/2157/1296 1492/2484/1493 1493/2485/1494 1296/2158/1297 
f 1494/2486/1495 158/250/158 1495/2487/1496 1496/2488/1497 
f 1497/2489/1498 1488/2490/1489 1495/2487/1496 158/250/158 
f 1496/2491/1497 1495/2492/1496 1488/2493/1489 1487/2471/1488 
f 1497/2489/1498 158/250/158 157/249/157 1498/2494/1499 
f 1488/2483/1489 1490/2482/1491 1499/2495/1500 1484/2496/1485 
f 1492/2480/1493 1488/2483/1489 1497/2497/1498 153/245/153 
f 1500/2498/1501 1299/2499/1300 1298/2500/1299 1297/2501/1298 
f 1491/2502/1492 1500/2503/1501 1297/2504/1298 1489/2505/1490 
f 1501/2506/1502 1502/2507/1503 1297/2159/1298 1294/2156/1295 
f 1489/2508/1490 1297/2159/1298 1502/2507/1503 1503/2509/1504 
f 1498/2510/1499 154/2511/154 153/2512/153 1497/2513/1498 
f 1480/2461/1481 1504/2514/1505 159/2515/159 1478/2459/1479 
f 1505/2516/1506 1506/2517/1507 1504/2514/1505 1480/2461/1481 
f 1480/2461/1481 1507/2518/1508 1508/2519/1509 1505/2516/1506 
f 1507/2518/1508 1480/2461/1481 1475/2456/1476 1509/2520/1510 
f 1507/2518/1508 1510/2521/1511 1470/2522/1471 1469/2523/1470 
f 1510/2521/1511 1507/2518/1508 1509/2520/1510 1511/2524/1512 
f 1507/2525/1508 1469/2445/1470 1468/2444/1469 1508/2526/1509 
f 1467/2443/1468 1512/2527/1513 1508/2526/1509 1468/2444/1469 
f 1513/2528/1514 1514/2529/1515 1515/2530/1516 507/813/507 
f 507/822/507 1515/2531/1516 1516/2532/1517 506/823/506 
f 75/816/75 74/2533/74 1513/2528/1514 507/813/507 
f 1517/2534/1518 1518/2535/1519 1519/2536/1520 1520/2537/1521 
f 1519/2536/1520 1521/2538/1522 1522/2539/1523 1520/2537/1521 
f 1520/2537/1521 1522/2539/1523 1523/2540/1524 1524/2541/1525 
f 1525/2542/1526 1526/2543/1527 1517/2534/1518 1520/2537/1521 
f 1521/2538/1522 120/196/120 80/2544/80 506/2545/506 
f 1522/2546/1523 1521/2547/1522 506/823/506 1527/2548/1528 
f 1528/2549/1529 1527/2548/1528 506/823/506 1516/2532/1517 
f 1528/2550/1529 1529/2551/1530 1530/2552/1531 1527/2553/1528 
f 1529/2554/1530 1528/2549/1529 1516/2532/1517 1531/2555/1532 
f 1530/2556/1531 1529/2557/1530 1532/2558/1533 1423/2367/1424 
f 1533/2559/1534 1534/2560/1535 1462/2561/1463 1461/2562/1462 
f 1533/2563/1534 1464/2564/1465 1465/2565/1466 1534/2566/1535 
f 1516/2567/1517 1515/2568/1516 1535/2569/1536 1531/2570/1532 
f 1535/2571/1536 1532/2558/1533 1529/2557/1530 1531/2572/1532 
f 1535/2571/1536 1536/2573/1537 1537/2574/1538 1532/2558/1533 
f 1538/2575/1539 1539/2576/1540 1540/2577/1541 1541/2578/1542 
f 1514/2579/1515 1541/2580/1542 1542/2581/1543 1543/2582/1544 
f 1541/2578/1542 1540/2577/1541 1544/2583/1545 1542/2584/1543 
f 1541/2585/1542 1514/2586/1515 1545/2587/1546 1546/2588/1547 
f 1546/2589/1547 1547/2590/1548 1538/2591/1539 1541/2592/1542 
f 1548/2593/1549 1549/2594/1550 1421/2595/1422 1550/2596/1551 
f 1551/2597/1552 1548/2598/1549 1552/2599/1553 1553/2600/1554 
f 1548/2598/1549 1550/2601/1551 1554/2602/1555 1555/2603/1556 
f 1552/2599/1553 1548/2598/1549 1555/2603/1556 1556/2604/1557 
f 1536/2573/1537 1540/2605/1541 1539/2606/1540 1537/2574/1538 
f 1539/2606/1540 1554/2607/1555 1550/2608/1551 1537/2574/1538 
f 1537/2574/1538 1420/2364/1421 1423/2367/1424 1532/2558/1533 
f 1550/2608/1551 1421/2365/1422 1420/2364/1421 1537/2574/1538 
f 1187/1963/1188 1557/2609/1558 1558/2610/1559 1559/2611/1560 
f 1560/2612/1561 1561/2613/1562 1557/2609/1558 1187/1963/1188 
f 1187/1963/1188 1186/1962/1187 1562/2614/1563 1560/2612/1561 
f 1563/2615/1564 1564/2616/1565 1556/2604/1557 1555/2603/1556 
f 1553/2617/1554 1552/2618/1553 1556/2619/1557 1564/2620/1565 
f 1565/2621/1566 1563/2615/1564 1555/2603/1556 1554/2602/1555 
f 1190/2622/1191 1256/2082/1257 1564/2616/1565 1563/2615/1564 
f 1566/2623/1567 1543/2624/1544 1567/2625/1568 1568/2626/1569 
f 1567/2627/1568 1543/2628/1544 1542/2629/1543 1569/2630/1570 
f 1560/2612/1561 1562/2614/1563 1570/2631/1571 1547/2590/1548 
f 1565/2632/1566 1538/2591/1539 1547/2590/1548 1570/2631/1571 
f 1562/2633/1563 1563/2615/1564 1565/2621/1566 1570/2634/1571 
f 1561/2613/1562 1560/2612/1561 1547/2590/1548 1546/2589/1547 
f 1546/2589/1547 53/2635/53 52/101/52 1561/2613/1562 
f 1545/2636/1546 1571/2637/1572 53/2635/53 1546/2589/1547 
f 1514/2586/1515 1513/2638/1514 86/2639/86 1545/2587/1546 
f 1543/2640/1544 1535/2641/1536 1515/2642/1516 1514/2643/1515 
f 68/108/68 67/107/67 1572/2644/1573 1573/2645/1574 
f 1573/2645/1574 1574/2646/1575 1575/2647/1576 68/108/68 
f 68/110/68 1575/2648/1576 1576/2649/1577 69/111/69 
f 1577/2650/1578 1544/2651/1545 1566/2652/1567 1568/2653/1569 
f 1542/2654/1543 1544/2655/1545 1577/2656/1578 1569/2657/1570 
f 56/91/56 1571/2637/1572 85/133/85 57/92/57 
f 53/2635/53 1571/2637/1572 56/91/56 54/94/54 
f 1578/2658/1579 1579/2659/1580 1580/2660/1581 1559/2611/1560 
f 1578/2658/1579 1581/2661/1582 1582/2662/1583 1583/2663/1584 
f 1559/2611/1560 1558/2610/1559 1581/2661/1582 1578/2658/1579 
f 1584/2664/1585 1585/2665/1586 1586/2666/1587 1587/2667/1588 
f 1587/2667/1588 1583/2668/1584 1588/2669/1589 1584/2664/1585 
f 1588/2670/1589 1589/2671/1590 1590/2672/1591 1584/2673/1585 
f 1564/2620/1565 1256/2674/1257 1259/2675/1260 1553/2617/1554 
f 1553/2600/1554 1259/2676/1260 1258/2677/1259 1551/2597/1552 
f 1551/2678/1552 1258/2679/1259 1549/2680/1550 1548/2681/1549 
f 1253/2079/1254 1361/2264/1362 1241/2263/1242 1240/2080/1241 
f 1109/1825/1110 1108/1824/1109 1361/2264/1362 1253/2079/1254 
f 1190/2622/1191 1189/2682/1190 1257/2083/1258 1256/2082/1257 
f 1588/2683/1589 1591/2684/1592 1592/2685/1593 1589/2686/1590 
f 1592/2687/1593 1593/2688/1594 1594/2689/1595 1589/2690/1590 
f 1594/2689/1595 1595/2691/1596 1596/2692/1597 1589/2690/1590 
f 1590/2693/1591 1589/2694/1590 1596/2695/1597 1597/2696/1598 
f 1428/2380/1429 1366/2697/1367 1368/2698/1369 1429/2699/1430 
f 1367/2272/1368 1598/2700/1599 1429/2701/1430 1368/2273/1369 
f 1416/2357/1417 1415/2356/1416 1599/2702/1600 1600/2703/1601 
f 1601/2704/1602 1600/2703/1601 1602/2705/1603 1603/2706/1604 
f 1602/2705/1603 1604/2707/1605 1605/2708/1606 1603/2706/1604 
f 1606/2709/1607 1604/2707/1605 1602/2705/1603 1607/2710/1608 
f 1599/2702/1600 1607/2710/1608 1602/2705/1603 1600/2703/1601 
f 1603/2706/1604 1605/2708/1606 1608/2711/1609 1601/2704/1602 
f 1609/2712/1610 1610/2713/1611 1611/2714/1612 
f 1609/2715/1610 519/2716/519 518/2717/518 1610/2718/1611 
f 1612/2719/1613 1613/2720/1614 1609/2715/1610 
f 1613/2720/1614 524/2721/524 519/2716/519 1609/2715/1610 
f 1613/2722/1614 1612/2723/1613 1614/2724/1615 1168/2725/1169 
f 1168/1933/1169 1166/1932/1167 524/2721/524 1613/2720/1614 
f 1147/2726/1148 1146/2727/1147 1168/2725/1169 1614/2724/1615 
f 1604/2728/1605 1615/2729/1616 1616/2730/1617 1605/2731/1606 
f 1605/2708/1606 1616/2732/1617 1617/2733/1618 1608/2711/1609 
f 1618/2734/1619 1619/2735/1620 1608/2711/1609 1617/2733/1618 
f 1616/2730/1617 1620/2736/1621 1447/2737/1448 1617/2738/1618 
f 1617/2733/1618 1447/2413/1448 1446/2412/1447 1618/2734/1619 
f 1620/2736/1621 1616/2730/1617 1615/2729/1616 1621/2739/1622 
f 1621/2739/1622 1473/2452/1474 1472/2451/1473 1620/2736/1621 
f 1620/2736/1621 1472/2451/1473 1448/2740/1449 1447/2737/1448 
f 1621/2741/1622 1615/2742/1616 1574/2743/1575 1622/2744/1623 
f 1621/2739/1622 1622/2745/1623 133/213/133 1473/2452/1474 
f 1574/2646/1575 1573/2645/1574 129/209/129 1622/2745/1623 
f 1622/2745/1623 129/209/129 126/206/126 133/213/133 
f 1615/2742/1616 1604/2707/1605 1575/2648/1576 1574/2743/1575 
f 1604/2707/1605 1606/2709/1607 1576/2649/1577 1575/2648/1576 
f 1607/2746/1608 1593/2688/1594 1623/2747/1624 1606/2748/1607 
f 1623/2747/1624 1624/2749/1625 1576/2750/1577 1606/2748/1607 
f 1624/2749/1625 1623/2747/1624 1625/2751/1626 1626/2752/1627 
f 1626/2752/1627 1627/2753/1628 1628/2754/1629 1624/2749/1625 
f 1624/2749/1625 1628/2754/1629 69/2755/69 1576/2750/1577 
f 1627/2753/1628 1629/2756/1630 1630/2757/1631 1628/2754/1629 
f 1628/2754/1629 1630/2757/1631 63/2758/63 69/2755/69 
f 1629/2756/1630 51/2759/51 50/2760/50 1630/2757/1631 
f 1630/2757/1631 50/2760/50 64/2761/64 63/2758/63 
f 1629/2762/1630 1627/2763/1628 1631/2764/1632 1632/2765/1633 
f 1632/2765/1633 5/2766/5 51/2767/51 1629/2762/1630 
f 1632/2765/1633 1631/2764/1632 1633/2768/1634 1634/2769/1635 
f 1634/2769/1635 6/2770/6 5/2766/5 1632/2765/1633 
f 1634/2771/1635 1633/2772/1634 1635/2773/1636 1636/2774/1637 
f 1636/2774/1637 7/11/7 6/10/6 1634/2771/1635 
f 1637/2775/1638 1636/2774/1637 1635/2773/1636 71/115/71 
f 1636/2774/1637 1637/2775/1638 1638/2776/1639 7/11/7 
f 1637/2775/1638 1639/2777/1640 26/33/26 1638/2776/1639 
f 1638/2776/1639 26/33/26 8/13/8 13/18/13 
f 13/18/13 2/12/2 7/11/7 1638/2776/1639 
f 70/114/70 41/59/41 40/58/40 1639/2777/1640 
f 1639/2777/1640 40/58/40 27/34/27 26/33/26 
f 1639/2777/1640 1637/2775/1638 71/115/71 70/114/70 
f 1635/2773/1636 1640/2778/1641 72/116/72 71/115/71 
f 1633/2772/1634 1641/2779/1642 1640/2778/1641 1635/2773/1636 
f 1641/2779/1642 1642/2780/1643 1643/2781/1644 1640/2778/1641 
f 1641/2782/1642 1633/2783/1634 1631/2784/1632 1644/2785/1645 
f 1644/2785/1645 1645/2786/1646 1642/2787/1643 1641/2782/1642 
f 1591/2788/1592 1582/2789/1583 1642/2787/1643 1645/2786/1646 
f 1645/2790/1646 1644/2791/1645 1626/2752/1627 1625/2751/1626 
f 1625/2751/1626 1592/2687/1593 1591/2792/1592 1645/2790/1646 
f 1644/2793/1645 1631/2764/1632 1627/2763/1628 1626/2794/1627 
f 1643/2781/1644 1581/2661/1582 1558/2610/1559 1646/2795/1647 
f 1646/2795/1647 72/116/72 1640/2778/1641 1643/2781/1644 
f 1643/2781/1644 1642/2780/1643 1582/2662/1583 1581/2661/1582 
f 1646/2796/1647 1558/2797/1559 1557/2798/1558 62/2799/62 
f 62/100/62 61/99/61 72/116/72 1646/2795/1647 
f 1623/2747/1624 1593/2688/1594 1592/2687/1593 1625/2751/1626 
f 1647/2800/1648 1594/2801/1595 1593/2802/1594 1607/2710/1608 
f 1607/2710/1608 1599/2702/1600 1648/2803/1649 1647/2800/1648 
f 1648/2803/1649 1414/2355/1415 1097/1801/1098 1100/2804/1101 
f 1100/2804/1101 1649/2805/1650 1647/2800/1648 1648/2803/1649 
f 1599/2702/1600 1415/2356/1416 1414/2355/1415 1648/2803/1649 
f 1650/2806/1651 1145/2807/1146 1595/2808/1596 1649/2805/1650 
f 1649/2809/1650 1595/2691/1596 1594/2689/1595 1647/2810/1648 
f 1649/2805/1650 1100/2804/1101 1099/1809/1100 1650/2806/1651 
f 1055/2811/1056 1056/2812/1057 1145/2807/1146 1650/2806/1651 
f 1650/2806/1651 1099/1809/1100 1093/1789/1094 1055/2811/1056 
f 1446/2412/1447 1413/2351/1414 1416/2357/1417 1618/2734/1619 
f 1618/2734/1619 1416/2357/1417 1600/2703/1601 1619/2735/1620 
f 1619/2735/1620 1600/2703/1601 1601/2704/1602 1608/2711/1609 
f 1391/2315/1392 1261/2314/1262 1651/2813/1652 1598/2700/1599 
f 1430/2814/1431 1429/2701/1430 1598/2700/1599 1651/2813/1652 
f 1367/2272/1368 1369/2275/1370 1391/2315/1392 1598/2700/1599 
f 1596/2695/1597 1143/1895/1144 1142/1894/1143 1597/2696/1598 
f 1596/2695/1597 1595/2808/1596 1145/2807/1146 1143/1895/1144 
f 1591/2684/1592 1588/2683/1589 1583/2815/1584 1582/2816/1583 
f 1587/2667/1588 1586/2666/1587 1652/2817/1653 1653/2818/1654 
f 1653/2818/1654 1578/2819/1579 1583/2668/1584 1587/2667/1588 
f 1653/2820/1654 1652/2821/1653 1164/2822/1165 1167/2823/1168 
f 1653/2820/1654 1167/2823/1168 1579/2659/1580 1578/2658/1579 
f 1579/2659/1580 1163/1923/1164 1172/1940/1173 1580/2660/1581 
f 1580/2660/1581 1172/1940/1173 1171/1939/1172 1188/1964/1189 
f 1188/1964/1189 1187/1963/1188 1559/2611/1560 1580/2660/1581 
f 1167/1930/1168 1162/1929/1163 1163/2824/1164 1579/2825/1580 
f 1573/2645/1574 1572/2644/1573 130/210/130 129/209/129 
f 67/107/67 47/76/47 1654/2826/1655 1572/2644/1573 
f 1572/2644/1573 1654/2826/1655 131/211/131 130/210/130 
f 47/76/47 18/75/18 17/2827/17 1654/2826/1655 
f 1654/2826/1655 17/2827/17 43/2828/43 131/211/131 
f 1545/2636/1546 86/134/86 85/133/85 1571/2637/1572 
f 1543/2624/1544 1566/2623/1567 1536/2829/1537 1535/2830/1536 
f 1566/2652/1567 1544/2651/1545 1540/2605/1541 1536/2573/1537 
f 1563/2831/1564 1562/2614/1563 1186/1962/1187 1190/1967/1191 
f 1539/2576/1540 1538/2575/1539 1565/2832/1566 1554/2833/1555 
f 1561/2613/1562 52/101/52 62/100/62 1557/2609/1558 
f 1258/2679/1259 1254/2078/1255 1255/2081/1256 1549/2680/1550 
f 1549/2594/1550 1255/2834/1256 1419/2835/1420 1421/2595/1422 
f 1533/2559/1534 1461/2562/1462 1226/2836/1227 1265/2837/1266 
f 1265/2098/1266 1231/2099/1232 1464/2564/1465 1533/2563/1534 
f 1423/2367/1424 1422/2366/1423 1523/2838/1524 1530/2556/1531 
f 1530/2552/1531 1523/2540/1524 1522/2539/1523 1527/2553/1528 
f 1526/2543/1527 1525/2542/1526 1655/2839/1656 1656/2840/1657 
f 1656/2840/1657 1657/2841/1658 1658/2842/1659 1526/2543/1527 
f 1526/2543/1527 1658/2842/1659 1659/2843/1660 1517/2534/1518 
f 1658/2844/1659 1267/2845/1268 1276/2846/1277 1659/2847/1660 
f 1276/2848/1277 1660/2849/1661 1661/2850/1662 1659/2843/1660 
f 1661/2850/1662 1518/2535/1519 1517/2534/1518 1659/2843/1660 
f 1661/2850/1662 1660/2849/1661 1662/2851/1663 1663/2852/1664 
f 1663/2852/1664 119/194/119 1518/2535/1519 1661/2850/1662 
f 1663/2852/1664 1662/2851/1663 1664/2853/1665 1665/2854/1666 
f 1665/2854/1666 113/177/113 119/194/119 1663/2852/1664 
f 1664/2853/1665 1666/2855/1667 1667/2856/1668 1665/2854/1666 
f 1665/2854/1666 1667/2856/1668 114/178/114 113/177/113 
f 1666/2855/1667 244/2857/244 247/2858/247 1667/2856/1668 
f 1667/2856/1668 247/2858/247 1668/2859/1669 114/178/114 
f 110/174/110 107/173/107 114/178/114 1668/2859/1669 
f 247/2858/247 246/2860/246 98/157/98 1668/2859/1669 
f 1668/2859/1669 98/157/98 97/156/97 110/174/110 
f 1666/2855/1667 1664/2853/1665 188/2861/188 187/2862/187 
f 1666/2863/1667 187/452/187 249/451/249 244/2864/244 
f 1664/2865/1665 1662/2866/1663 515/2867/515 188/2868/188 
f 1660/2869/1661 514/2870/514 515/2867/515 1662/2866/1663 
f 1660/2869/1661 1276/2120/1277 512/2119/512 514/2870/514 
f 1657/2841/1658 1268/2871/1269 1267/2872/1268 1658/2842/1659 
f 1657/2841/1658 1656/2840/1657 1283/2133/1284 1282/2132/1283 
f 1282/2137/1283 1269/2136/1270 1268/2873/1269 1657/2874/1658 
f 1656/2840/1657 1655/2839/1656 1669/2875/1670 1283/2133/1284 
f 1234/2112/1235 1233/2876/1234 1669/2875/1670 1272/2113/1273 
f 1669/2875/1670 1233/2876/1234 1279/2134/1280 1283/2133/1284 
f 1655/2839/1656 1275/2118/1276 1272/2113/1273 1669/2875/1670 
f 1275/2118/1276 1655/2839/1656 1525/2542/1526 1670/2877/1671 
f 1670/2877/1671 1427/2878/1428 1274/2116/1275 1275/2118/1276 
f 1525/2542/1526 1520/2537/1521 1524/2541/1525 1670/2877/1671 
f 1670/2877/1671 1524/2541/1525 1424/2879/1425 1427/2878/1428 
f 1524/2880/1525 1523/2838/1524 1422/2366/1423 1424/2881/1425 
f 120/196/120 1521/2538/1522 1519/2536/1520 118/193/118 
f 1519/2536/1520 1518/2535/1519 119/194/119 118/193/118 
f 74/2882/74 78/135/78 86/134/86 1513/2883/1514 
f 1512/2884/1513 1467/2454/1468 134/214/134 1671/2885/1672 
f 1672/2886/1673 1512/2884/1513 1671/2885/1672 1673/2887/1674 
f 1512/2884/1513 1672/2886/1673 1505/2516/1506 1508/2519/1509 
f 1672/2886/1673 1673/2887/1674 1674/2888/1675 1675/2889/1676 
f 1672/2886/1673 1675/2889/1676 1506/2517/1507 1505/2516/1506 
f 1675/2890/1676 1674/2891/1675 202/2892/202 201/2893/201 
f 1675/2890/1676 201/2893/201 173/2894/173 1506/2895/1507 
f 1673/2887/1674 1676/2896/1677 1677/2897/1678 1674/2888/1675 
f 1676/2896/1677 128/208/128 1678/2898/1679 1677/2897/1678 
f 1677/2899/1678 1678/2900/1679 1679/2901/1680 219/2902/219 
f 1679/2903/1680 1678/2898/1679 1680/2904/1681 1681/2905/1682 
f 1681/2905/1682 31/2906/31 241/2907/241 1679/2903/1680 
f 1679/2903/1680 241/2907/241 220/2908/220 219/2909/219 
f 1681/2905/1682 1680/2904/1681 43/2828/43 42/2910/42 
f 42/2911/42 23/2912/23 31/2913/31 1681/2914/1682 
f 1680/2904/1681 127/207/127 131/211/131 43/2828/43 
f 1678/2898/1679 128/208/128 127/207/127 1680/2904/1681 
f 1676/2896/1677 122/202/122 121/201/121 128/208/128 
f 1676/2896/1677 1673/2887/1674 1671/2885/1672 122/202/122 
f 134/214/134 123/203/123 122/202/122 1671/2885/1672 
f 1474/2915/1475 1682/2916/1683 1459/2432/1460 1511/2917/1512 
f 1511/2917/1512 1459/2432/1460 1457/2429/1458 1510/2918/1511 
f 1511/2524/1512 1509/2520/1510 1475/2456/1476 1474/2455/1475 
f 1683/2919/1684 1684/2920/1685 1685/2921/1686 1682/2922/1683 
f 1682/2922/1683 1685/2921/1686 1458/2923/1459 1459/2924/1460 
f 1682/2916/1683 1474/2915/1475 1477/2925/1478 1683/2926/1684 
f 1250/2071/1251 1685/2921/1686 1684/2920/1685 1251/2072/1252 
f 1685/2921/1686 1250/2071/1251 1249/2070/1250 1458/2923/1459 
f 1684/2920/1685 1686/2927/1687 1687/2928/1688 1251/2072/1252 
f 1684/2929/1685 1683/2930/1684 1688/2931/1689 1686/2932/1687 
f 155/2933/155 1689/2934/1690 1686/2932/1687 1688/2931/1689 
f 1683/2926/1684 1477/2925/1478 1479/2935/1480 1688/2936/1689 
f 1479/2935/1480 156/2937/156 155/2938/155 1688/2936/1689 
f 1494/2939/1495 1306/2940/1307 1690/2941/1691 1689/2942/1690 
f 1690/2943/1691 1687/2928/1688 1686/2927/1687 1689/2944/1690 
f 1689/2945/1690 155/247/155 158/250/158 1494/2486/1495 
f 1306/2940/1307 1305/2946/1306 1691/2947/1692 1690/2941/1691 
f 1690/2943/1691 1691/2948/1692 1692/2949/1693 1687/2928/1688 
f 1691/2948/1692 1313/2950/1314 1317/2182/1318 1692/2949/1693 
f 1692/2949/1693 1317/2182/1318 1316/2181/1317 1252/2073/1253 
f 1252/2073/1253 1251/2072/1252 1687/2928/1688 1692/2949/1693 
f 1313/2951/1314 1691/2952/1692 1305/2953/1306 1309/2954/1310 
f 1457/2955/1458 1456/2956/1457 1470/2957/1471 1510/2958/1511 
f 164/2959/164 1504/2960/1505 1506/2961/1507 173/2962/173 
f 1504/2960/1505 164/2959/164 160/254/160 159/253/159 
f 1300/2963/1301 1486/2964/1487 1503/2965/1504 1502/2966/1503 
f 1503/2965/1504 1486/2964/1487 1485/2967/1486 1499/2968/1500 
f 1490/2969/1491 1489/2970/1490 1503/2971/1504 1499/2972/1500 
f 1301/2973/1302 1300/2974/1301 1502/2975/1503 1501/2976/1502 
f 1294/2156/1295 1293/2155/1294 1693/2977/1694 1501/2506/1502 
f 1501/2978/1502 1693/2979/1694 1307/2980/1308 1301/2981/1302 
f 1693/2982/1694 1293/2983/1294 1290/2984/1291 1328/2985/1329 
f 1328/2207/1329 1327/2206/1328 1307/2986/1308 1693/2987/1694 
f 1496/2488/1497 1302/2165/1303 1306/2169/1307 1494/2486/1495 
f 1303/2470/1304 1302/2988/1303 1496/2491/1497 1487/2471/1488 
f 1694/2989/1695 1695/2990/1696 1296/2158/1297 1493/2485/1494 
f 1492/2480/1493 153/245/153 150/242/150 1493/2991/1494 
f 150/242/150 149/241/149 1694/2992/1695 1493/2991/1494 
f 1696/2993/1697 416/682/416 420/689/420 1695/2994/1696 
f 1695/2990/1696 420/2995/420 1291/2151/1292 1296/2158/1297 
f 1695/2994/1696 1694/2996/1695 1697/2997/1698 1696/2993/1697 
f 408/2998/408 1698/2999/1699 1696/3000/1697 1697/3001/1698 
f 1694/3002/1695 149/269/149 167/272/167 1697/3003/1698 
f 406/3004/406 167/272/167 166/271/166 1699/3005/1700 
f 166/271/166 206/346/206 1700/3006/1701 1699/3005/1700 
f 206/346/206 205/345/205 1701/3007/1702 1700/3006/1701 
f 1700/3008/1701 1701/3009/1702 302/519/302 301/518/301 
f 1701/3007/1702 205/345/205 208/350/208 1702/3010/1703 
f 1701/3009/1702 1702/3011/1703 304/521/304 302/519/302 
f 208/350/208 222/375/222 230/3012/230 1702/3010/1703 
f 1702/3011/1703 230/3013/230 281/486/281 304/521/304 
f 397/3014/397 399/678/399 414/677/414 1698/3015/1699 
f 414/679/414 416/682/416 1696/2993/1697 1698/3016/1699 
f 1698/3017/1699 408/669/408 398/655/398 397/654/397 
f 1299/3018/1300 1500/3019/1501 1491/3020/1492 1295/3021/1296 
f 1303/3022/1304 1482/3023/1483 1486/3024/1487 1300/3025/1301 
f 1484/2496/1485 1499/2495/1500 1485/3026/1486 1481/3027/1482 
f 1479/2460/1480 1478/2459/1479 159/2515/159 156/3028/156 
f 1472/2451/1473 1471/2450/1472 1449/3029/1450 1448/2740/1449 
f 1471/2450/1472 1470/2522/1471 1456/3030/1457 1449/3029/1450 
f 1464/3031/1465 1231/3032/1232 1227/3033/1228 1460/3034/1461 
f 1226/2034/1227 1461/2435/1462 1460/2434/1461 1227/2035/1228 
f 1452/3035/1453 1394/2319/1395 1703/3036/1704 1453/3037/1454 
f 1453/3038/1454 1703/3039/1704 1704/3040/1705 1440/2402/1441 
f 1440/2402/1441 1439/2401/1440 1451/2421/1452 1453/3038/1454 
f 1703/3039/1704 1705/3041/1706 1706/3042/1707 1704/3040/1705 
f 1704/3040/1705 1706/3042/1707 1707/3043/1708 1708/3044/1709 
f 1708/3044/1709 1437/2398/1438 1440/2402/1441 1704/3040/1705 
f 1708/3044/1709 1707/3043/1708 1408/2341/1409 1407/2340/1408 
f 1437/2398/1438 1708/3044/1709 1407/2340/1408 1411/2344/1412 
f 1707/3043/1708 1706/3042/1707 1384/2300/1385 1709/3045/1710 
f 1709/3045/1710 1710/3046/1711 1408/2341/1409 1707/3043/1708 
f 1710/3046/1711 1709/3045/1710 1711/3047/1712 1712/3048/1713 
f 1712/3048/1713 1378/2293/1379 1713/3049/1714 1710/3046/1711 
f 1710/3046/1711 1713/3049/1714 1405/2338/1406 1408/2341/1409 
f 1378/2293/1379 1374/2292/1375 1412/3050/1413 1713/3049/1714 
f 1412/3050/1413 1409/2342/1410 1405/2338/1406 1713/3049/1714 
f 1712/3048/1713 1711/3047/1712 1714/3051/1715 1715/3052/1716 
f 1715/3052/1716 1376/2290/1377 1378/2293/1379 1712/3048/1713 
f 1715/3052/1716 1714/3051/1715 1350/2241/1351 1349/2240/1350 
f 1349/2240/1350 1351/2242/1352 1376/2290/1377 1715/3052/1716 
f 1714/3053/1715 1381/2297/1382 1716/3054/1717 1350/3055/1351 
f 1711/3047/1712 1382/2303/1383 1381/3056/1382 1714/3051/1715 
f 1716/3054/1717 1390/2313/1391 1717/3057/1718 1718/3058/1719 
f 1718/3058/1719 1348/3059/1349 1350/3055/1351 1716/3054/1717 
f 1381/2297/1382 1380/2296/1381 1390/2313/1391 1716/3054/1717 
f 1718/3058/1719 1717/3057/1718 1719/3060/1720 1720/3061/1721 
f 1720/3061/1721 976/3062/977 1348/3059/1349 1718/3058/1719 
f 1720/3063/1721 1719/3064/1720 1721/3065/1722 933/3066/934 
f 933/3066/934 932/1611/933 976/1610/977 1720/3063/1721 
f 1721/3067/1722 1722/3068/1723 1723/3069/1724 1724/3070/1725 
f 1724/3070/1725 934/3071/935 933/3072/934 1721/3067/1722 
f 1719/3060/1720 1725/3073/1726 1722/3068/1723 1721/3067/1722 
f 1725/3073/1726 1324/2202/1325 1326/2205/1327 1722/3068/1723 
f 1725/3073/1726 1719/3060/1720 1717/3057/1718 1726/3074/1727 
f 1726/3074/1727 1325/2203/1326 1324/2202/1325 1725/3073/1726 
f 1726/3075/1727 1717/3076/1718 1390/3077/1391 1389/3078/1390 
f 1389/2312/1390 1248/2311/1249 1325/2203/1326 1726/3074/1727 
f 1724/3070/1725 1723/3069/1724 917/1520/918 920/1523/921 
f 1724/3070/1725 920/1523/921 1727/3079/1728 934/3071/935 
f 920/1523/921 922/3080/923 1728/3081/1729 1727/3079/1728 
f 1727/3082/1728 1728/3083/1729 927/1534/928 930/1537/931 
f 1727/3082/1728 930/1537/931 935/1569/936 934/3084/935 
f 922/3080/923 1729/3085/1730 1730/3086/1731 1728/3081/1729 
f 1728/3083/1729 1730/3087/1731 928/1535/929 927/1534/928 
f 1730/3086/1731 1729/3085/1730 872/3088/873 871/3089/872 
f 871/1445/872 1731/3090/1732 928/1535/929 1730/3087/1731 
f 1731/3090/1732 871/1445/872 874/1448/875 878/3091/879 
f 1731/3090/1732 878/3091/879 1732/3092/1733 1733/3093/1734 
f 928/1535/929 1731/3090/1732 1733/3093/1734 925/1532/926 
f 1733/3093/1734 1732/3092/1733 1734/3094/1735 952/1573/953 
f 952/1573/953 931/1538/932 925/1532/926 1733/3093/1734 
f 1732/3095/1733 1735/3096/1736 1736/3097/1737 1734/3098/1735 
f 1734/3099/1735 1736/3100/1737 1737/3101/1738 1738/3102/1739 
f 1738/3103/1739 949/1565/950 952/1573/953 1734/3094/1735 
f 1738/3102/1739 1737/3101/1738 1739/3104/1740 1039/1700/1040 
f 1039/3105/1040 950/1566/951 949/1565/950 1738/3103/1739 
f 1737/3106/1738 1740/3107/1741 1741/3108/1742 1739/3109/1740 
f 1739/3109/1740 1741/3108/1742 1742/3110/1743 1743/3111/1744 
f 1743/3112/1744 1040/1701/1041 1039/1700/1040 1739/3104/1740 
f 1743/3111/1744 1742/3110/1743 1744/3113/1745 1745/3114/1746 
f 1040/3115/1041 1743/3116/1744 1745/3117/1746 1746/3118/1747 
f 1746/3118/1747 1745/3117/1746 1747/3119/1748 1748/3120/1749 
f 1746/3121/1747 1748/3122/1749 1749/3123/1750 1750/3124/1751 
f 1746/3125/1747 1750/3126/1751 1041/1703/1042 1040/3127/1041 
f 1750/3126/1751 1749/3128/1750 1751/3129/1752 1752/3130/1753 
f 1750/3126/1751 1752/3130/1753 1042/1704/1043 1041/1703/1042 
f 1752/3130/1753 1751/3129/1752 1753/3131/1754 1754/3132/1755 
f 1752/3130/1753 1754/3132/1755 1755/3133/1756 1042/1704/1043 
f 1756/3134/1757 1043/1705/1044 1042/1704/1043 1755/3133/1756 
f 1754/3132/1755 1757/3135/1758 1758/3136/1759 1755/3133/1756 
f 1755/3133/1756 1758/3136/1759 1046/1711/1047 1756/3134/1757 
f 1757/3135/1758 1759/3137/1760 1760/3138/1761 1758/3136/1759 
f 1758/3139/1759 1760/3140/1761 1047/3141/1048 1046/3142/1047 
f 1754/3132/1755 1753/3131/1754 1761/3143/1762 1757/3135/1758 
f 1757/3135/1758 1761/3143/1762 1762/3144/1763 1759/3137/1760 
f 1761/3143/1762 1037/1697/1038 1763/3145/1764 1762/3144/1763 
f 1762/3144/1763 1763/3145/1764 1068/1737/1069 1064/1729/1065 
f 1064/3146/1065 1063/3147/1064 1759/3148/1760 1762/3149/1763 
f 1037/1697/1038 1033/1693/1034 1036/1696/1037 1763/3145/1764 
f 1763/3145/1764 1036/1696/1037 1141/1893/1142 1068/1737/1069 
f 1753/3131/1754 1038/1698/1039 1037/1697/1038 1761/3143/1762 
f 1764/3150/1765 936/3151/937 1043/1705/1044 1756/3134/1757 
f 1756/3134/1757 1046/1711/1047 1045/1710/1046 1764/3150/1765 
f 943/1555/944 937/3152/938 936/3151/937 1764/3150/1765 
f 1764/3150/1765 1045/1710/1046 944/1556/945 943/1555/944 
f 1751/3129/1752 1765/3153/1766 1038/1698/1039 1753/3131/1754 
f 1765/3153/1766 1751/3129/1752 1749/3128/1750 1766/3154/1767 
f 1766/3154/1767 1014/3155/1015 1017/3156/1018 1765/3153/1766 
f 1765/3153/1766 1017/3156/1018 1034/1694/1035 1038/1698/1039 
f 1749/3128/1750 1748/3157/1749 1767/3158/1768 1766/3154/1767 
f 1766/3159/1767 1767/3160/1768 1768/3161/1769 1014/3162/1015 
f 1748/3120/1749 1747/3119/1748 1769/3163/1770 1767/3164/1768 
f 1767/3165/1768 1769/3166/1770 1770/3167/1771 1768/3168/1769 
f 1769/3166/1770 1771/3169/1772 1772/3170/1773 1770/3167/1771 
f 1772/3170/1773 1022/1678/1023 1021/1677/1022 1770/3167/1771 
f 1770/3167/1771 1021/1677/1022 1025/3171/1026 1768/3168/1769 
f 1771/3169/1772 1773/3172/1774 1774/3173/1775 1772/3170/1773 
f 1774/3173/1775 1008/1661/1009 1022/1678/1023 1772/3170/1773 
f 1773/3172/1774 1775/3174/1776 1776/3175/1777 1774/3173/1775 
f 1776/3175/1777 1004/1657/1005 1008/1661/1009 1774/3173/1775 
f 1776/3175/1777 1775/3174/1776 1777/3176/1778 1778/3177/1779 
f 1778/3177/1779 1005/1658/1006 1004/1657/1005 1776/3175/1777 
f 1777/3176/1778 1779/3178/1780 1780/3179/1781 1778/3177/1779 
f 1780/3179/1781 1781/3180/1782 1005/1658/1006 1778/3177/1779 
f 1781/3181/1782 1780/3182/1781 1138/3183/1139 1137/3184/1138 
f 1137/3185/1138 1210/2008/1211 1782/3186/1783 1781/3180/1782 
f 1781/3180/1782 1782/3186/1783 1006/1659/1007 1005/1658/1006 
f 1210/2008/1211 1201/1991/1202 1209/2006/1210 1782/3186/1783 
f 1782/3186/1783 1209/2006/1210 1009/1662/1010 1006/1659/1007 
f 1779/3178/1780 1131/1872/1132 1138/1887/1139 1780/3179/1781 
f 1783/3187/1784 1132/1873/1133 1131/1872/1132 1779/3178/1780 
f 1779/3178/1780 1777/3176/1778 1784/3188/1785 1783/3187/1784 
f 1785/3189/1786 1786/3190/1787 1783/3187/1784 1784/3188/1785 
f 1777/3176/1778 1775/3174/1776 1787/3191/1788 1784/3188/1785 
f 1787/3191/1788 1788/3192/1789 1785/3189/1786 1784/3188/1785 
f 1788/3192/1789 971/1605/972 1789/3193/1790 1785/3189/1786 
f 1788/3192/1789 1787/3191/1788 1790/3194/1791 1791/3195/1792 
f 1791/3195/1792 972/1606/973 971/1605/972 1788/3192/1789 
f 1791/3195/1792 1790/3194/1791 1792/3196/1793 1744/3113/1745 
f 1791/3195/1792 1744/3113/1745 1742/3110/1743 972/1606/973 
f 1771/3169/1772 1792/3196/1793 1790/3194/1791 1773/3172/1774 
f 1771/3169/1772 1769/3166/1770 1747/3197/1748 1792/3196/1793 
f 1747/3197/1748 1745/3114/1746 1744/3113/1745 1792/3196/1793 
f 1790/3194/1791 1787/3191/1788 1775/3174/1776 1773/3172/1774 
f 1789/3193/1790 970/1604/971 1793/3198/1794 1794/3199/1795 
f 1794/3199/1795 1786/3190/1787 1785/3189/1786 1789/3193/1790 
f 971/1605/972 967/1601/968 970/1604/971 1789/3193/1790 
f 1794/3199/1795 1793/3198/1794 1795/3200/1796 1796/3201/1797 
f 1796/3201/1797 1797/3202/1798 1786/3190/1787 1794/3199/1795 
f 1796/3201/1797 1798/3203/1799 1125/1857/1126 1797/3202/1798 
f 1797/3202/1798 1125/1857/1126 1118/1842/1119 1132/1873/1133 
f 1132/1873/1133 1783/3187/1784 1786/3190/1787 1797/3202/1798 
f 1799/3204/1800 1359/2260/1360 1358/2259/1359 1798/3203/1799 
f 1798/3203/1799 1358/2259/1359 1116/1837/1117 1125/1857/1126 
f 1796/3201/1797 1795/3200/1796 1799/3204/1800 1798/3203/1799 
f 1799/3204/1800 1336/2220/1337 1800/3205/1801 1359/2260/1360 
f 1795/3200/1796 1337/2221/1338 1336/2220/1337 1799/3204/1800 
f 1793/3198/1794 1801/3206/1802 1337/2221/1338 1795/3200/1796 
f 1801/3206/1802 1802/3207/1803 1338/2222/1339 1337/2221/1338 
f 1801/3206/1802 1793/3198/1794 970/1604/971 969/1603/970 
f 969/3208/970 1803/3209/1804 1802/3210/1803 1801/3211/1802 
f 1803/3209/1804 912/1510/913 911/1509/912 1802/3210/1803 
f 1803/3209/1804 969/3208/970 968/3212/969 1804/3213/1805 
f 1804/3213/1805 913/1515/914 912/1510/913 1803/3209/1804 
f 1804/3213/1805 968/3212/969 958/1587/959 954/1586/955 
f 1804/3213/1805 954/1586/955 914/1516/915 913/1515/914 
f 1802/3210/1803 911/1509/912 1339/2225/1340 1338/2224/1339 
f 1741/3108/1742 973/1607/974 972/1606/973 1742/3110/1743 
f 1740/3107/1741 974/1608/975 973/1607/974 1741/3108/1742 
f 1805/3214/1806 966/1600/967 974/1608/975 1740/3107/1741 
f 1740/3215/1741 1737/3216/1738 1736/3217/1737 1805/3218/1806 
f 1806/3219/1807 965/1599/966 966/1600/967 1805/3214/1806 
f 1805/3218/1806 1736/3217/1737 1735/3220/1736 1806/3221/1807 
f 880/1459/881 964/1598/965 965/1599/966 1806/3219/1807 
f 1806/3219/1807 1735/3222/1736 879/1460/880 880/1459/881 
f 1735/3223/1736 1732/3224/1733 878/3225/879 879/3226/880 
f 1729/3227/1730 963/3228/964 875/1449/876 872/1452/873 
f 922/1527/923 921/1526/922 963/3229/964 1729/3230/1730 
f 1723/3069/1724 1807/3231/1808 1808/3232/1809 917/1520/918 
f 1722/3068/1723 1326/2205/1327 1807/3231/1808 1723/3069/1724 
f 1808/3232/1809 1809/3233/1810 1810/3234/1811 1811/3235/1812 
f 1808/3236/1809 1811/3237/1812 918/3238/919 917/3239/918 
f 1807/3231/1808 1812/3240/1813 1809/3233/1810 1808/3232/1809 
f 1812/3240/1813 1813/3241/1814 1814/3242/1815 1809/3233/1810 
f 1812/3240/1813 1807/3231/1808 1326/2205/1327 1323/2201/1324 
f 1812/3240/1813 1323/2201/1324 1322/2200/1323 1813/3241/1814 
f 1814/3242/1815 1815/3243/1816 1816/3244/1817 1817/3245/1818 
f 1817/3245/1818 1810/3234/1811 1809/3233/1810 1814/3242/1815 
f 1814/3242/1815 1813/3241/1814 1818/3246/1819 1815/3243/1816 
f 1818/3246/1819 1819/3247/1820 1820/3248/1821 1815/3243/1816 
f 1813/3249/1814 1322/3250/1323 1821/3251/1822 1818/3252/1819 
f 1818/3246/1819 1821/3253/1822 1822/3254/1823 1819/3247/1820 
f 1822/3254/1823 1823/3255/1824 1824/3256/1825 1819/3247/1820 
f 1821/3251/1822 1329/2208/1330 1289/3257/1290 1822/3258/1823 
f 1289/2148/1290 1287/2147/1288 1823/3255/1824 1822/3254/1823 
f 1824/3256/1825 1825/3259/1826 1826/3260/1827 1827/3261/1828 
f 1827/3261/1828 1820/3248/1821 1819/3247/1820 1824/3256/1825 
f 1824/3262/1825 1823/3263/1824 1828/3264/1829 1825/3265/1826 
f 1829/3266/1830 565/944/565 1825/3259/1826 1828/3267/1829 
f 1823/3263/1824 1287/3268/1288 1288/3269/1289 1828/3264/1829 
f 1828/3264/1829 1288/3269/1289 1830/3270/1831 1829/3271/1830 
f 989/1636/990 984/1628/985 1829/3272/1830 1830/3273/1831 
f 1288/3269/1289 419/3274/419 418/3275/418 1830/3270/1831 
f 1830/3273/1831 418/685/418 417/684/417 989/1636/990 
f 565/3276/565 1829/3272/1830 984/1628/985 566/1627/566 
f 1827/3261/1828 1826/3260/1827 1831/3277/1832 1832/3278/1833 
f 1832/3278/1833 1833/3279/1834 1820/3248/1821 1827/3261/1828 
f 1833/3279/1834 1832/3278/1833 820/1374/821 819/1373/820 
f 819/1373/820 1834/3280/1835 1816/3244/1817 1833/3279/1834 
f 1833/3279/1834 1816/3244/1817 1815/3243/1816 1820/3248/1821 
f 1834/3280/1835 819/1373/820 818/1372/819 1835/3281/1836 
f 1835/3281/1836 901/1492/902 900/1491/901 1834/3280/1835 
f 1834/3280/1835 900/1491/901 1817/3245/1818 1816/3244/1817 
f 1835/3281/1836 818/1372/819 1836/3282/1837 1837/3283/1838 
f 1835/3281/1836 1837/3283/1838 903/3284/904 901/1492/902 
f 1836/3282/1837 1838/3285/1839 1839/3286/1840 1837/3283/1838 
f 1837/3283/1838 1839/3286/1840 1840/3287/1841 903/3284/904 
f 1839/3286/1840 1841/3288/1842 1842/3289/1843 1840/3287/1841 
f 1843/3290/1844 1840/3291/1841 1842/3292/1843 1844/3293/1845 
f 1843/3290/1844 892/1499/893 903/1498/904 1840/3291/1841 
f 1843/3294/1844 1844/3295/1845 1845/3296/1846 1846/3297/1847 
f 1846/3297/1847 893/1476/894 892/1475/893 1843/3294/1844 
f 1846/3298/1847 1845/3299/1846 1847/3300/1848 1848/3301/1849 
f 1846/3298/1847 1848/3301/1849 1849/3302/1850 893/3303/894 
f 1848/3301/1849 1850/3304/1851 1851/3305/1852 1849/3302/1850 
f 1849/3302/1850 1851/3305/1852 1852/3306/1853 894/1479/895 
f 894/1479/895 888/1478/889 893/3303/894 1849/3302/1850 
f 1851/3305/1852 1853/3307/1854 1854/3308/1855 1852/3306/1853 
f 1852/3306/1853 1854/3308/1855 825/1380/826 827/1383/828 
f 827/1383/828 895/1480/896 894/1479/895 1852/3306/1853 
f 1853/3307/1854 1855/3309/1856 1856/3310/1857 1854/3308/1855 
f 1856/3310/1857 826/1381/827 825/1380/826 1854/3308/1855 
f 1855/3309/1856 799/1335/800 813/1357/814 1856/3310/1857 
f 1856/3310/1857 813/1357/814 812/1356/813 826/1381/827 
f 1853/3307/1854 1851/3305/1852 1850/3304/1851 1857/3311/1858 
f 1853/3307/1854 1857/3311/1858 1858/3312/1859 1855/3309/1856 
f 1857/3311/1858 1850/3304/1851 1859/3313/1860 1860/3314/1861 
f 1858/3312/1859 1857/3311/1858 1860/3314/1861 1861/3315/1862 
f 1861/3315/1862 1860/3314/1861 1862/3316/1863 1863/3317/1864 
f 1863/3317/1864 1864/3318/1865 1865/3319/1866 1861/3315/1862 
f 1861/3315/1862 1865/3319/1866 1866/3320/1867 1858/3312/1859 
f 1867/3321/1868 1865/3322/1866 1864/3323/1865 1868/3324/1869 
f 1867/3321/1868 1869/3325/1870 1866/3326/1867 1865/3322/1866 
f 1869/3327/1870 1867/3328/1868 1870/3329/1871 1871/3330/1872 
f 1871/3330/1872 804/3331/805 802/3332/803 1869/3327/1870 
f 1869/3325/1870 802/1338/803 801/1337/802 1866/3326/1867 
f 1871/3330/1872 1870/3329/1871 1872/3333/1873 1838/3285/1839 
f 1838/3285/1839 1836/3282/1837 804/3331/805 1871/3330/1872 
f 1870/3329/1871 1873/3334/1874 1874/3335/1875 1872/3333/1873 
f 1872/3333/1873 1874/3335/1875 1875/3336/1876 1841/3288/1842 
f 1841/3288/1842 1839/3286/1840 1838/3285/1839 1872/3333/1873 
f 1875/3336/1876 1874/3335/1875 857/1423/858 841/1404/842 
f 841/1404/842 842/1407/843 1876/3337/1877 1875/3336/1876 
f 1875/3336/1876 1876/3337/1877 1842/3289/1843 1841/3288/1842 
f 842/3338/843 843/3339/844 1877/3340/1878 1876/3341/1877 
f 1876/3341/1877 1877/3340/1878 1844/3293/1845 1842/3292/1843 
f 830/3342/831 1878/3343/1879 1877/3344/1878 843/3345/844 
f 1878/3346/1879 1845/3296/1846 1844/3295/1845 1877/3347/1878 
f 1878/3348/1879 830/1393/831 833/1396/834 1879/3349/1880 
f 1879/3349/1880 1847/3300/1848 1845/3299/1846 1878/3348/1879 
f 1879/3349/1880 833/1396/834 836/1399/837 1880/3350/1881 
f 1880/3350/1881 1859/3313/1860 1847/3300/1848 1879/3349/1880 
f 850/1416/851 1862/3316/1863 1880/3350/1881 836/1399/837 
f 1880/3350/1881 1862/3316/1863 1860/3314/1861 1859/3313/1860 
f 1873/3334/1874 856/1422/857 857/1423/858 1874/3335/1875 
f 856/1422/857 1873/3334/1874 1868/3351/1869 855/1421/856 
f 1873/3334/1874 1870/3329/1871 1867/3328/1868 1868/3351/1869 
f 844/3352/845 855/3353/856 1868/3354/1869 1864/3355/1865 
f 1864/3318/1865 1863/3317/1864 845/1411/846 844/1410/845 
f 1862/3316/1863 850/1416/851 845/1411/846 1863/3317/1864 
f 1847/3300/1848 1859/3313/1860 1850/3304/1851 1848/3301/1849 
f 818/1372/819 805/1371/806 804/3331/805 1836/3282/1837 
f 1832/3278/1833 1831/3277/1832 1881/3356/1882 820/1374/821 
f 1881/3356/1882 574/3357/574 810/3358/811 829/3359/830 
f 829/3359/830 805/1371/806 820/1374/821 1881/3356/1882 
f 1831/3360/1832 568/3361/568 574/3362/574 1881/3363/1882 
f 1826/3260/1827 564/943/564 568/947/568 1831/3277/1832 
f 1825/3259/1826 565/944/565 564/943/564 1826/3260/1827 
f 1322/3250/1323 1321/2209/1322 1329/2208/1330 1821/3251/1822 
f 1817/3245/1818 900/1491/901 899/1490/900 1810/3234/1811 
f 1810/3234/1811 899/1490/900 902/1496/903 1811/3235/1812 
f 1811/3237/1812 902/3364/903 1882/3365/1883 918/3238/919 
f 902/3364/903 885/1467/886 883/1465/884 1882/3365/1883 
f 1882/3365/1883 883/1465/884 882/1464/883 955/1579/956 
f 955/1579/956 919/1578/920 918/3238/919 1882/3365/1883 
f 1709/3045/1710 1384/2300/1385 1382/2303/1383 1711/3047/1712 
f 1706/3042/1707 1705/3041/1706 1385/2301/1386 1384/2300/1385 
f 1393/3366/1394 1386/2304/1387 1385/2305/1386 1705/3367/1706 
f 1705/3368/1706 1703/3036/1704 1394/2319/1395 1393/2318/1394 
f 1249/3369/1250 1246/2320/1247 1394/2319/1395 1452/3035/1453 
f 1446/2412/1447 1445/2411/1446 1402/2352/1403 1413/2351/1414 
f 1445/3370/1446 1444/3371/1445 1403/2333/1404 1402/2332/1403 
f 1395/2350/1396 1431/2386/1432 1410/2389/1411 1409/2348/1410 
f 1398/3372/1399 1404/2394/1405 1431/2395/1432 1395/3373/1396 
f 1260/2088/1261 1425/3374/1426 1651/3375/1652 1261/2089/1262 
f 1418/2379/1419 1363/3376/1364 1366/2697/1367 1428/2380/1429 
f 1427/2878/1428 1263/3377/1264 1262/2117/1263 1274/2116/1275 
f 1255/2834/1256 1240/2058/1241 1237/2057/1238 1419/2835/1420 
f 1418/2360/1419 1236/2359/1237 1239/2279/1240 1363/2278/1364 
f 1414/2355/1415 1372/2283/1373 1098/1802/1099 1097/1801/1098 
f 1374/2286/1375 1373/2285/1374 1396/2347/1397 1412/2349/1413 
f 1392/3378/1393 1391/3379/1392 1369/3380/1370 1379/2306/1380 
f 1392/3378/1393 1379/2306/1380 1387/2307/1388 1883/3381/1884 
f 1232/2043/1233 1229/2042/1230 1883/3381/1884 1387/2307/1388 
f 1387/2307/1388 1332/2216/1333 1331/2215/1332 1232/2043/1233 
f 1884/3382/1885 1354/2245/1355 1885/3383/1886 1371/2282/1372 
f 1885/3383/1886 1096/1803/1097 1098/1802/1099 1371/2282/1372 
f 1885/3383/1886 1354/2245/1355 1353/2244/1354 1089/3384/1090 
f 1089/1774/1090 1088/1773/1089 1096/3385/1097 1885/3386/1886 
f 1347/2238/1348 1346/2237/1347 1354/2245/1355 1884/3382/1885 
f 1362/2265/1363 1360/2261/1361 1388/2309/1389 1370/2295/1371 
f 1360/2261/1361 1359/2260/1360 1800/3205/1801 1388/2309/1389 
f 1353/3387/1354 1085/3388/1086 1083/1775/1084 1089/1774/1090 
f 975/1609/976 945/1557/946 944/1556/945 1344/2230/1345 
f 1344/2230/1345 944/1556/945 1045/1710/1046 1044/1709/1045 
f 1044/1709/1045 1050/1715/1051 1341/2231/1342 1344/2230/1345 
f 1341/2227/1342 1050/3389/1051 1080/3390/1081 1342/2228/1343 
f 1886/3391/1887 1887/3392/1888 1330/2214/1331 1339/2225/1340 
f 911/1509/912 910/1508/911 1886/3391/1887 1339/2225/1340 
f 1220/2027/1221 1218/2026/1219 1888/3393/1889 1887/3392/1888 
f 1887/3392/1888 1888/3393/1889 1331/2215/1332 1330/2214/1331 
f 1887/3392/1888 1886/3391/1887 1889/3394/1890 1220/2027/1221 
f 1890/3395/1891 1221/2028/1222 1220/2027/1221 1889/3394/1890 
f 1889/3394/1890 1886/3391/1887 910/1508/911 909/1507/910 
f 909/1507/910 1891/3396/1892 1890/3395/1891 1889/3394/1890 
f 1891/3396/1892 1892/3397/1893 1893/3398/1894 1890/3395/1891 
f 1891/3396/1892 909/1507/910 908/1506/909 997/1646/998 
f 997/1646/998 995/1643/996 1892/3397/1893 1891/3396/1892 
f 1894/3399/1895 489/789/489 497/794/497 1893/3398/1894 
f 1893/3398/1894 497/794/497 1221/2028/1222 1890/3395/1891 
f 1892/3397/1893 1895/3400/1896 1894/3399/1895 1893/3398/1894 
f 1895/3400/1896 1896/3401/1897 1897/3402/1898 1894/3399/1895 
f 1895/3400/1896 1892/3397/1893 995/1643/996 994/1642/995 
f 994/1642/995 1898/3403/1899 1896/3401/1897 1895/3400/1896 
f 1898/3403/1899 1899/3404/1900 1900/3405/1901 1896/3401/1897 
f 994/3406/995 993/3407/994 1901/3408/1902 1898/3409/1899 
f 1898/3403/1899 1901/3410/1902 1902/3411/1903 1899/3404/1900 
f 610/1026/610 609/1025/609 1899/3404/1900 1902/3411/1903 
f 1901/3412/1902 1903/3413/1904 1904/3414/1905 1902/3415/1903 
f 1902/3411/1903 1904/3416/1905 1905/3417/1906 610/1026/610 
f 601/3418/601 562/1024/562 610/1026/610 1905/3417/1906 
f 1905/3417/1906 1904/3416/1905 553/1369/553 552/937/552 
f 1905/3417/1906 552/937/552 558/936/558 601/3418/601 
f 1903/3413/1904 817/3419/818 553/3420/553 1904/3414/1905 
f 1903/3421/1904 1901/3408/1902 993/3407/994 992/3422/993 
f 1903/3421/1904 992/3422/993 823/3423/824 817/3424/818 
f 1900/3405/1901 1906/3425/1907 1907/3426/1908 1908/3427/1909 
f 1908/3427/1909 1897/3402/1898 1896/3401/1897 1900/3405/1901 
f 1899/3404/1900 609/1025/609 1906/3425/1907 1900/3405/1901 
f 1908/3427/1909 1907/3426/1908 1909/3428/1910 490/3429/490 
f 490/3429/490 486/3430/486 1897/3402/1898 1908/3427/1909 
f 1909/3428/1910 1910/3431/1911 1911/3432/1912 1912/3433/1913 
f 1912/3433/1913 491/3434/491 490/3429/490 1909/3428/1910 
f 1907/3426/1908 1913/3435/1914 1910/3431/1911 1909/3428/1910 
f 1914/3436/1915 1915/3437/1916 1910/3431/1911 1913/3435/1914 
f 1913/3435/1914 1907/3426/1908 1906/3425/1907 1916/3438/1917 
f 1913/3435/1914 1916/3438/1917 1917/3439/1918 1914/3436/1915 
f 1918/3440/1919 1919/3441/1920 1914/3436/1915 1917/3439/1918 
f 1916/3438/1917 561/1017/561 608/1016/608 1917/3439/1918 
f 1917/3439/1918 608/1016/608 1920/3442/1921 1918/3440/1919 
f 1921/3443/1922 1922/3444/1923 1918/3440/1919 1920/3442/1921 
f 1923/3445/1924 1920/3442/1921 608/1016/608 605/1019/605 
f 1920/3442/1921 1923/3445/1924 1924/3446/1925 1921/3443/1922 
f 1925/3447/1926 1926/3448/1927 1921/3443/1922 1924/3446/1925 
f 1924/3446/1925 1923/3445/1924 617/1037/617 619/1040/619 
f 1924/3446/1925 619/1040/619 1927/3449/1928 1925/3447/1926 
f 672/1128/671 671/1126/670 1925/3447/1926 1927/3449/1928 
f 1927/3449/1928 619/1040/619 618/1039/618 1928/3450/1929 
f 1928/3450/1929 682/3451/681 672/1128/671 1927/3449/1928 
f 1928/3450/1929 618/1039/618 620/1042/620 690/3452/689 
f 682/3451/681 1928/3450/1929 690/3452/689 683/3453/682 
f 670/1125/669 1929/3454/1930 1930/3455/1931 1926/3448/1927 
f 1926/3448/1927 1930/3455/1931 1922/3444/1923 1921/3443/1922 
f 1926/3448/1927 1925/3447/1926 671/1126/670 670/1125/669 
f 1929/3454/1930 384/634/384 383/633/383 1930/3455/1931 
f 1930/3455/1931 383/633/383 1931/3456/1932 1922/3444/1923 
f 383/633/383 382/632/382 1932/3457/1933 1931/3456/1932 
f 1931/3456/1932 1932/3457/1933 1933/3458/1934 1919/3441/1920 
f 1919/3441/1920 1918/3440/1919 1922/3444/1923 1931/3456/1932 
f 1932/3457/1933 1934/3459/1935 1935/3460/1936 1933/3458/1934 
f 1933/3458/1934 1935/3460/1936 1936/3461/1937 1915/3437/1916 
f 1915/3437/1916 1914/3436/1915 1919/3441/1920 1933/3458/1934 
f 1935/3460/1936 1937/3462/1938 1938/3463/1939 1936/3461/1937 
f 1936/3461/1937 1938/3463/1939 1939/3464/1940 1911/3432/1912 
f 1911/3432/1912 1910/3431/1911 1915/3437/1916 1936/3461/1937 
f 1939/3464/1940 1938/3463/1939 1940/3465/1941 1941/3466/1942 
f 1941/3466/1942 1942/3467/1943 1943/3468/1944 1939/3464/1940 
f 1939/3464/1940 1943/3468/1944 1912/3433/1913 1911/3432/1912 
f 1942/3467/1943 1944/3469/1945 1945/3470/1946 1943/3468/1944 
f 1943/3468/1944 1945/3470/1946 491/3434/491 1912/3433/1913 
f 1946/3471/1947 1947/3472/1948 1945/3473/1946 1944/3474/1945 
f 1945/3475/1946 1947/3476/1948 492/786/492 491/785/491 
f 1947/3477/1948 1946/3478/1947 1948/3479/1949 1949/3480/1950 
f 1949/3480/1950 493/788/493 492/787/492 1947/3477/1948 
f 1949/3480/1950 1948/3479/1949 468/757/468 1950/3481/1951 
f 1950/3481/1951 1951/3482/1952 493/788/493 1949/3480/1950 
f 1950/3481/1951 1952/3483/1953 1953/3484/1954 1951/3482/1952 
f 1951/3482/1952 1953/3484/1954 1954/3485/1955 1955/3486/1956 
f 1955/3486/1956 487/780/487 493/788/493 1951/3482/1952 
f 1954/3487/1955 1956/3488/1957 1957/3489/1958 1955/3490/1956 
f 1957/3489/1958 488/3491/488 487/3492/487 1955/3490/1956 
f 1957/3493/1958 1956/3494/1957 1958/3495/1959 1959/3496/1960 
f 1959/3496/1960 494/791/494 488/790/488 1957/3493/1958 
f 1958/3495/1959 1960/3497/1961 1961/3498/1962 1959/3496/1960 
f 1961/3498/1962 1962/3499/1963 494/791/494 1959/3496/1960 
f 1962/3499/1963 1963/3500/1964 495/792/495 494/791/494 
f 1962/3499/1963 1961/3498/1962 1964/3501/1965 1965/3502/1966 
f 1965/3502/1966 1966/3503/1967 1963/3500/1964 1962/3499/1963 
f 1967/3504/1968 1968/3505/1969 1963/3500/1964 1966/3503/1967 
f 1965/3502/1966 1969/3506/1970 1970/3507/1971 1966/3503/1967 
f 1966/3503/1967 1970/3507/1971 481/772/481 1967/3504/1968 
f 1969/3508/1970 535/890/535 534/889/534 1970/3509/1971 
f 1970/3507/1971 534/3510/534 477/768/477 481/772/481 
f 1971/3511/1972 1969/3506/1970 1965/3502/1966 1964/3501/1965 
f 1969/3506/1970 1971/3511/1972 527/873/527 535/891/535 
f 1971/3511/1972 1964/3501/1965 1972/3512/1973 1973/3513/1974 
f 1973/3513/1974 528/874/528 527/873/527 1971/3511/1972 
f 1973/3513/1974 1972/3512/1973 1974/3514/1975 1975/3515/1976 
f 1975/3515/1976 529/875/529 528/874/528 1973/3513/1974 
f 1974/3514/1975 1976/3516/1977 1977/3517/1978 1975/3515/1976 
f 1977/3517/1978 1978/3518/1979 529/875/529 1975/3515/1976 
f 1978/3518/1979 1977/3517/1978 1979/3519/1980 1980/3520/1981 
f 1980/3520/1981 543/3521/543 1981/3522/1982 1978/3518/1979 
f 1978/3518/1979 1981/3522/1982 458/745/458 529/875/529 
f 1981/3523/1982 543/3524/543 542/3525/542 1982/3526/1983 
f 1981/3522/1982 1982/3527/1983 459/746/459 458/745/458 
f 542/3528/542 541/909/541 546/912/546 1982/3529/1983 
f 1982/3529/1983 546/912/546 533/3530/533 459/3531/459 
f 1980/3520/1981 1979/3519/1980 335/562/335 334/561/334 
f 334/561/334 356/3532/356 543/3521/543 1980/3520/1981 
f 1979/3519/1980 1977/3517/1978 1976/3516/1977 1983/3533/1984 
f 1983/3533/1984 1984/3534/1985 335/562/335 1979/3519/1980 
f 1984/3534/1985 1983/3533/1984 320/538/320 319/537/319 
f 319/536/319 318/535/318 1985/3535/1986 1984/3536/1985 
f 1984/3534/1985 1985/3537/1986 336/563/336 335/562/335 
f 318/3538/318 307/524/307 306/523/306 1985/3539/1986 
f 1985/3539/1986 306/523/306 337/3540/337 336/3541/336 
f 1983/3533/1984 1976/3516/1977 1986/3542/1987 320/538/320 
f 1986/3542/1987 1987/3543/1988 1988/3544/1989 1989/3545/1990 
f 1989/3545/1990 321/539/321 320/538/320 1986/3542/1987 
f 1976/3516/1977 1974/3514/1975 1987/3543/1988 1986/3542/1987 
f 1989/3545/1990 1988/3544/1989 1990/3546/1991 1991/3547/1992 
f 321/539/321 1989/3545/1990 1991/3547/1992 322/541/322 
f 1990/3548/1991 1992/3549/1993 1993/3550/1994 1991/3551/1992 
f 327/548/327 322/547/322 1991/3552/1992 1993/3553/1994 
f 1992/3554/1993 1994/3555/1995 1995/3556/1996 1993/3557/1994 
f 1993/3557/1994 1995/3556/1996 330/556/330 327/555/327 
f 1994/3555/1995 373/623/373 371/621/371 1995/3556/1996 
f 1995/3556/1996 371/621/371 370/620/370 330/556/330 
f 1994/3555/1995 1953/3484/1954 1952/3483/1953 373/623/373 
f 1992/3554/1993 1954/3485/1955 1953/3484/1954 1994/3555/1995 
f 1992/3549/1993 1990/3548/1991 1956/3558/1957 1954/3559/1955 
f 1990/3546/1991 1988/3544/1989 1958/3495/1959 1956/3494/1957 
f 1988/3544/1989 1987/3543/1988 1960/3497/1961 1958/3495/1959 
f 1987/3543/1988 1974/3514/1975 1972/3512/1973 1960/3497/1961 
f 1964/3501/1965 1961/3498/1962 1960/3497/1961 1972/3512/1973 
f 1278/2126/1279 1222/2029/1223 496/793/496 1968/3505/1969 
f 1968/3505/1969 496/793/496 495/792/495 1963/3500/1964 
f 1968/3505/1969 1967/3504/1968 1996/3560/1997 1278/2126/1279 
f 1271/2125/1272 1266/2127/1267 1278/2126/1279 1996/3560/1997 
f 1967/3504/1968 481/772/481 479/770/479 1996/3560/1997 
f 1996/3560/1997 479/770/479 480/771/480 1271/2125/1272 
f 1952/3483/1953 1950/3481/1951 468/757/468 439/714/439 
f 439/714/439 374/624/374 373/623/373 1952/3483/1953 
f 1946/3478/1947 1997/3561/1998 1998/3562/1999 1948/3479/1949 
f 1948/3479/1949 1998/3562/1999 437/712/437 468/757/468 
f 1997/3561/1998 1999/3563/2000 2000/3564/2001 1998/3562/1999 
f 1998/3562/1999 2000/3564/2001 438/713/438 437/712/437 
f 1999/3563/2000 2001/3565/2002 2002/3566/2003 2000/3564/2001 
f 2000/3564/2001 2002/3566/2003 525/854/525 438/713/438 
f 2002/3566/2003 2001/3565/2002 2003/3567/2004 484/3568/484 
f 2002/3566/2003 484/3568/484 445/855/445 525/854/525 
f 2004/3569/2005 2003/3567/2004 2001/3565/2002 2005/3570/2006 
f 2006/3571/2007 2005/3570/2006 2001/3565/2002 1999/3563/2000 
f 482/773/482 2005/3572/2006 2006/3573/2007 2007/3574/2008 
f 2008/3575/2009 2006/3576/2007 1999/3577/2000 1997/3578/1998 
f 2008/3579/2009 2009/3580/2010 2007/3574/2008 2006/3573/2007 
f 2009/3580/2010 2010/3581/2011 2011/3582/2012 2007/3574/2008 
f 2009/3580/2010 2008/3579/2009 1944/3469/1945 1942/3467/1943 
f 1942/3467/1943 1941/3466/1942 2010/3581/2011 2009/3580/2010 
f 441/716/441 440/715/440 483/774/483 2011/3582/2012 
f 483/774/483 482/773/482 2007/3574/2008 2011/3582/2012 
f 441/716/441 2011/3582/2012 2010/3581/2011 2012/3583/2013 
f 2013/3584/2014 442/717/442 441/716/441 2012/3583/2013 
f 2012/3583/2013 2010/3581/2011 1941/3466/1942 1940/3465/1941 
f 1940/3465/1941 2014/3585/2015 2013/3584/2014 2012/3583/2013 
f 2014/3585/2015 431/703/431 433/706/433 2013/3584/2014 
f 2014/3585/2015 1940/3465/1941 1938/3463/1939 1937/3462/1938 
f 2014/3585/2015 1937/3462/1938 467/756/467 431/703/431 
f 433/706/433 434/3586/434 442/717/442 2013/3584/2014 
f 1944/3474/1945 2008/3575/2009 1997/3578/1998 1946/3471/1947 
f 2004/3587/2005 2005/3572/2006 482/773/482 485/776/485 
f 1937/3462/1938 1935/3460/1936 1934/3459/1935 467/756/467 
f 381/631/381 465/754/465 467/756/467 1934/3459/1935 
f 1934/3459/1935 1932/3457/1933 382/632/382 381/631/381 
f 1929/3454/1930 2015/3588/2016 385/635/385 384/634/384 
f 670/1125/669 669/1124/668 2015/3588/2016 1929/3454/1930 
f 2015/3588/2016 2016/3589/2017 2017/3590/2018 385/635/385 
f 2015/3588/2016 669/1124/668 674/1132/673 2016/3589/2017 
f 2017/3590/2018 2018/3591/2019 2019/3592/2020 2020/3593/2021 
f 2020/3593/2021 386/636/386 385/635/385 2017/3590/2018 
f 2016/3589/2017 2021/3594/2022 2018/3591/2019 2017/3590/2018 
f 2022/3595/2023 2023/3596/2024 2018/3597/2019 2021/3598/2022 
f 2016/3589/2017 674/1132/673 2024/3599/2025 2021/3594/2022 
f 2021/3598/2022 2024/3600/2025 2025/3601/2026 2022/3595/2023 
f 2025/3602/2026 2026/3603/2027 2027/3604/2028 2022/3605/2023 
f 2025/3601/2026 2024/3600/2025 2028/3606/2029 2029/3607/2030 
f 2029/3608/2030 2030/3609/2031 2026/3603/2027 2025/3602/2026 
f 2030/3609/2031 2031/3610/2032 2032/3611/2033 2026/3603/2027 
f 2030/3609/2031 2029/3608/2030 2033/3612/2034 2034/3613/2035 
f 2034/3613/2035 2035/3614/2036 2031/3610/2032 2030/3609/2031 
f 2035/3614/2036 712/3615/711 2036/3616/2037 2031/3610/2032 
f 2035/3614/2036 2034/3613/2035 2037/3617/2038 2038/3618/2039 
f 2038/3618/2039 713/3619/712 712/3615/711 2035/3614/2036 
f 2038/3618/2039 2037/3617/2038 2039/3620/2040 2040/3621/2041 
f 2040/3621/2041 704/3622/703 713/3619/712 2038/3618/2039 
f 2040/3621/2041 2039/3620/2040 2041/3623/2042 2042/3624/2043 
f 2042/3624/2043 705/3625/704 704/3622/703 2040/3621/2041 
f 2042/3624/2043 2041/3623/2042 2043/3626/2044 2044/3627/2045 
f 2044/3627/2045 2045/3628/2046 705/3625/704 2042/3624/2043 
f 2045/3629/2046 2046/3630/2047 706/1196/705 705/1195/704 
f 2044/3627/2045 2047/3631/2048 2048/3632/2049 2045/3628/2046 
f 2045/3629/2046 2048/3633/2049 2049/3634/2050 2046/3630/2047 
f 2048/3633/2049 2050/3635/2051 747/1267/748 2049/3634/2050 
f 2049/3634/2050 747/1267/748 746/1266/747 2051/3636/2052 
f 2051/3636/2052 715/1214/714 2046/3630/2047 2049/3634/2050 
f 746/1266/747 751/1271/752 2052/3637/2053 2051/3636/2052 
f 2051/3636/2052 2052/3637/2053 716/1215/715 715/1214/714 
f 751/1271/752 2053/3638/2054 2054/3639/2055 2052/3637/2053 
f 2052/3640/2053 2054/3641/2055 717/1218/716 716/1217/715 
f 2053/3638/2054 2055/3642/2056 2056/3643/2057 2054/3639/2055 
f 2054/3639/2055 2056/3643/2057 718/1221/717 717/1220/716 
f 2055/3642/2056 767/1292/768 771/1299/772 2056/3643/2057 
f 2056/3643/2057 771/1299/772 2057/3644/2058 718/1221/717 
f 771/1299/772 770/1298/771 2058/3645/2059 2057/3644/2058 
f 2057/3644/2058 2058/3645/2059 2059/3646/2060 2060/3647/2061 
f 2060/3647/2061 719/1222/718 718/1221/717 2057/3644/2058 
f 2060/3647/2061 2059/3646/2060 2061/3648/2062 2062/3649/2063 
f 2062/3649/2063 2063/3650/2064 719/1222/718 2060/3647/2061 
f 710/1204/709 709/1203/708 719/1222/718 2063/3650/2064 
f 2062/3649/2063 2064/3651/2065 2065/3652/2066 2063/3650/2064 
f 2065/3652/2066 2066/3653/2067 710/1204/709 2063/3650/2064 
f 2065/3652/2066 2067/3654/2068 2068/3655/2069 2066/3653/2067 
f 2068/3655/2069 2069/3656/2070 2070/3657/2071 2066/3653/2067 
f 2066/3653/2067 2070/3657/2071 711/1205/710 710/1204/709 
f 2069/3658/2070 2071/3659/2072 2036/3616/2037 2070/3660/2071 
f 2070/3657/2071 2036/3661/2037 712/1210/711 711/1205/710 
f 2071/3659/2072 2069/3658/2070 2072/3662/2073 2073/3663/2074 
f 2073/3663/2074 2074/3664/2075 2032/3611/2033 2071/3659/2072 
f 2071/3659/2072 2032/3611/2033 2031/3610/2032 2036/3616/2037 
f 2075/3665/2076 2074/3664/2075 2073/3663/2074 2076/3666/2077 
f 2027/3604/2028 2074/3664/2075 2075/3665/2076 2077/3667/2078 
f 2074/3664/2075 2027/3604/2028 2026/3603/2027 2032/3611/2033 
f 2077/3667/2078 2075/3665/2076 315/532/315 2078/3668/2079 
f 2078/3668/2079 2079/3669/2080 2023/3670/2024 2077/3667/2078 
f 2023/3670/2024 2022/3605/2023 2027/3604/2028 2077/3667/2078 
f 2078/3668/2079 2080/3671/2081 2081/3672/2082 2079/3669/2080 
f 2019/3673/2020 2079/3674/2080 2081/3675/2082 2082/3676/2083 
f 2079/3677/2080 2019/3678/2020 2018/3597/2019 2023/3596/2024 
f 2083/3679/2084 2082/3676/2083 2081/3675/2082 2084/3680/2085 
f 2085/3681/2086 2082/3682/2083 2083/3683/2084 331/3684/331 
f 2082/3682/2083 2085/3681/2086 2020/3593/2021 2019/3592/2020 
f 387/637/387 2085/3681/2086 331/3684/331 332/3685/332 
f 2085/3681/2086 387/637/387 386/636/386 2020/3593/2021 
f 391/643/391 2083/3686/2084 2084/3687/2085 390/640/390 
f 328/551/328 331/557/331 2083/3688/2084 391/644/391 
f 390/649/390 2084/3689/2085 2086/3690/2087 392/646/392 
f 2080/3671/2081 2086/3690/2087 2084/3689/2085 2081/3672/2082 
f 2086/3690/2087 2080/3671/2081 310/527/310 309/526/309 
f 392/646/392 2086/3690/2087 309/526/309 317/3691/317 
f 310/527/310 2080/3671/2081 2078/3668/2079 315/532/315 
f 2075/3665/2076 2076/3666/2077 311/528/311 315/532/315 
f 2076/3666/2077 2087/3692/2088 312/529/312 311/528/311 
f 2076/3666/2077 2073/3663/2074 2072/3662/2073 2087/3692/2088 
f 2087/3693/2088 2072/3694/2073 2088/3695/2089 2089/3696/2090 
f 2087/3693/2088 2089/3696/2090 2090/3697/2091 312/3698/312 
f 2089/3696/2090 2091/3699/2092 2092/3700/2093 2090/3697/2091 
f 2090/3697/2091 2092/3700/2093 2093/3701/2094 2094/3702/2095 
f 2094/3702/2095 313/3703/313 312/3698/312 2090/3697/2091 
f 2094/3702/2095 2093/3701/2094 395/652/395 2095/3704/2096 
f 2095/3704/2096 314/3705/314 313/3703/313 2094/3702/2095 
f 2095/3704/2096 395/652/395 394/651/394 400/657/400 
f 400/661/400 403/660/403 314/531/314 2095/3706/2096 
f 2092/3700/2093 2096/3707/2097 412/674/412 2093/3701/2094 
f 2093/3701/2094 412/674/412 396/653/396 395/652/395 
f 2096/3707/2097 2092/3700/2093 2091/3699/2092 2097/3708/2098 
f 2097/3709/2098 2098/3710/2099 2099/3711/2100 2096/3712/2097 
f 2096/3712/2097 2099/3711/2100 409/3713/409 412/3714/412 
f 2098/3710/2099 632/3715/632 429/3716/429 2099/3711/2100 
f 2099/3717/2100 429/701/429 410/672/410 409/671/409 
f 2098/3718/2099 2097/3708/2098 2100/3719/2101 2101/3720/2102 
f 2101/3721/2102 633/3722/633 632/3715/632 2098/3710/2099 
f 2101/3720/2102 2100/3719/2101 2102/3723/2103 2103/3724/2104 
f 2103/3725/2104 2104/3726/2105 633/3722/633 2101/3721/2102 
f 2105/3727/2106 2104/3728/2105 2103/3724/2104 2106/3729/2107 
f 2105/3727/2106 2107/3730/2108 2108/3731/2109 2104/3728/2105 
f 2104/3728/2105 2108/3731/2109 631/1057/631 633/1059/633 
f 2107/3730/2108 577/964/577 570/949/570 2108/3731/2109 
f 2108/3731/2109 570/949/570 569/948/569 631/1057/631 
f 2107/3730/2108 2105/3727/2106 2109/3732/2110 2110/3733/2111 
f 2107/3730/2108 2110/3733/2111 2111/3734/2112 577/964/577 
f 2110/3733/2111 2112/3735/2113 2113/3736/2114 2111/3734/2112 
f 2113/3737/2114 2114/3738/2115 2115/3739/2116 2111/3740/2112 
f 2111/3740/2112 2115/3739/2116 576/3741/576 577/3742/577 
f 2114/3738/2115 815/1363/816 586/1362/586 2115/3739/2116 
f 2115/3739/2116 586/1362/586 582/3743/582 576/3741/576 
f 2114/3744/2115 2113/3736/2114 2116/3745/2117 2117/3746/2118 
f 2117/3747/2118 2118/3748/2119 815/1363/816 2114/3738/2115 
f 2118/3748/2119 2117/3747/2118 2119/3749/2120 2120/3750/2121 
f 2120/3750/2121 2121/3751/2122 2122/3752/2123 2118/3748/2119 
f 2118/3748/2119 2122/3752/2123 814/1364/815 815/1363/816 
f 2121/3751/2122 2120/3750/2121 778/3753/779 2123/3754/2124 
f 2123/3755/2124 2124/3756/2125 2125/3757/2126 2121/3758/2122 
f 2121/3758/2122 2125/3757/2126 794/3759/795 2122/3760/2123 
f 2124/3761/2125 2126/3762/2127 2127/3763/2128 2125/3764/2126 
f 2125/3764/2126 2127/3763/2128 795/1331/796 794/1330/795 
f 2126/3762/2127 791/1327/792 2128/3765/2129 2127/3763/2128 
f 2127/3763/2128 2128/3765/2129 2129/3766/2130 795/1331/796 
f 2128/3765/2129 2130/3767/2131 2131/3768/2132 2129/3766/2130 
f 2129/3766/2130 2131/3768/2132 2132/3769/2133 2133/3770/2134 
f 2133/3770/2134 796/1332/797 795/1331/796 2129/3766/2130 
f 2132/3769/2133 593/988/593 2134/3771/2135 2133/3770/2134 
f 2133/3770/2134 2134/3771/2135 798/1334/799 796/1332/797 
f 593/988/593 591/986/591 589/983/589 2134/3771/2135 
f 2134/3771/2135 589/983/589 588/982/588 798/1334/799 
f 2131/3768/2132 2135/3772/2136 2136/3773/2137 2132/3769/2133 
f 2136/3773/2137 594/989/594 593/988/593 2132/3769/2133 
f 2137/3774/2138 2138/3775/2139 594/989/594 2136/3773/2137 
f 2135/3772/2136 766/1291/767 2137/3774/2138 2136/3773/2137 
f 628/1052/628 616/1033/616 630/3776/630 2138/3775/2139 
f 2138/3777/2139 630/3778/630 592/3779/592 594/3780/594 
f 2138/3775/2139 2137/3774/2138 2139/3781/2140 628/1052/628 
f 2139/3781/2140 2140/3782/2141 626/1050/626 628/1052/628 
f 2139/3781/2140 2137/3774/2138 766/1291/767 765/1290/766 
f 2139/3781/2140 765/1290/766 2141/3783/2142 2140/3782/2141 
f 2141/3783/2142 2142/3784/2143 2143/3785/2144 2140/3782/2141 
f 765/1290/766 764/3786/765 2144/3787/2145 2141/3783/2142 
f 2141/3783/2142 2144/3787/2145 722/1225/721 2142/3784/2143 
f 764/3786/765 2145/3788/2146 2146/3789/2147 2144/3787/2145 
f 2144/3787/2145 2146/3789/2147 723/1226/722 722/1225/721 
f 2145/3788/2146 2147/3790/2148 2148/3791/2149 2146/3789/2147 
f 2146/3789/2147 2148/3791/2149 726/1229/725 723/1226/722 
f 2147/3790/2148 2149/3792/2150 2150/3793/2151 2148/3791/2149 
f 2150/3793/2151 2151/3794/2152 726/1229/725 2148/3791/2149 
f 2152/3795/2153 2153/3796/2154 2154/3797/2155 2151/3794/2152 
f 2151/3794/2152 2154/3797/2155 724/1227/723 726/1229/725 
f 2151/3794/2152 2150/3793/2151 736/1241/735 2152/3795/2153 
f 2153/3796/2154 2155/3798/2156 2156/3799/2157 2154/3797/2155 
f 2154/3797/2155 2156/3799/2157 725/1228/724 724/1227/723 
f 2155/3798/2156 2157/3800/2158 2158/3801/2159 2156/3799/2157 
f 2156/3799/2157 2158/3801/2159 2159/3802/2160 725/1228/724 
f 2159/3802/2160 2158/3801/2159 2160/3803/2161 2161/3804/2162 
f 2161/3804/2162 2162/3805/2163 2163/3806/2164 2159/3802/2160 
f 2163/3806/2164 721/1224/720 725/1228/724 2159/3802/2160 
f 2162/3805/2163 2143/3785/2144 2142/3784/2143 2163/3806/2164 
f 2142/3784/2143 722/1225/721 721/1224/720 2163/3806/2164 
f 2162/3805/2163 2161/3804/2162 2164/3807/2165 2165/3808/2166 
f 2165/3808/2166 627/1051/627 2143/3785/2144 2162/3805/2163 
f 2165/3808/2166 2164/3807/2165 695/1182/694 698/1181/697 
f 698/1181/697 625/1049/625 627/1051/627 2165/3808/2166 
f 2164/3807/2165 2166/3809/2167 696/3810/695 695/1182/694 
f 2161/3804/2162 2160/3803/2161 2166/3809/2167 2164/3807/2165 
f 2166/3809/2167 2167/3811/2168 2168/3812/2169 696/3810/695 
f 2160/3803/2161 2169/3813/2170 2167/3811/2168 2166/3809/2167 
f 2169/3813/2170 2170/3814/2171 2171/3815/2172 2167/3811/2168 
f 2157/3800/2158 2169/3813/2170 2160/3803/2161 2158/3801/2159 
f 2170/3814/2171 2169/3813/2170 2157/3800/2158 2172/3816/2173 
f 2170/3814/2171 2172/3816/2173 2173/3817/2174 2174/3818/2175 
f 2157/3800/2158 2155/3798/2156 2175/3819/2176 2172/3816/2173 
f 2172/3816/2173 2175/3819/2176 2176/3820/2177 2173/3817/2174 
f 2177/3821/2178 2178/3822/2179 2173/3817/2174 2176/3820/2177 
f 2175/3819/2176 2179/3823/2180 2180/3824/2181 2176/3820/2177 
f 2176/3820/2177 2180/3824/2181 2181/3825/2182 2177/3821/2178 
f 2182/3826/2183 2183/3827/2184 2177/3828/2178 2181/3829/2182 
f 2180/3824/2181 2184/3830/2185 2185/3831/2186 2181/3825/2182 
f 2181/3832/2182 2185/3833/2186 753/3834/754 2182/3835/2183 
f 2184/3830/2185 738/1246/739 740/1248/741 2185/3831/2186 
f 744/3836/745 753/3834/754 2185/3833/2186 740/3837/741 
f 2184/3830/2185 2180/3824/2181 2179/3823/2180 2186/3838/2187 
f 2186/3838/2187 735/1240/734 738/1246/739 2184/3830/2185 
f 2186/3838/2187 2179/3823/2180 2153/3796/2154 2152/3795/2153 
f 2152/3795/2153 736/1241/735 735/1240/734 2186/3838/2187 
f 2183/3839/2184 2182/3840/2183 2187/3841/2188 2188/3842/2189 
f 2188/3842/2189 2189/3843/2190 2190/3844/2191 2183/3839/2184 
f 2183/3839/2184 2190/3844/2191 2178/3845/2179 2177/3846/2178 
f 2189/3843/2190 2043/3626/2044 2191/3847/2192 2190/3844/2191 
f 2190/3844/2191 2191/3847/2192 2192/3848/2193 2178/3845/2179 
f 2192/3848/2193 2191/3847/2192 2193/3849/2194 2194/3850/2195 
f 2194/3851/2195 2195/3852/2196 2174/3818/2175 2192/3853/2193 
f 2178/3822/2179 2192/3853/2193 2174/3818/2175 2173/3817/2174 
f 2195/3852/2196 2194/3851/2195 2196/3854/2197 2197/3855/2198 
f 2197/3855/2198 2198/3856/2199 2171/3815/2172 2195/3852/2196 
f 2195/3852/2196 2171/3815/2172 2170/3814/2171 2174/3818/2175 
f 2198/3856/2199 2197/3855/2198 2199/3857/2200 2200/3858/2201 
f 2200/3858/2201 2201/3859/2202 2168/3812/2169 2198/3856/2199 
f 2198/3856/2199 2168/3812/2169 2167/3811/2168 2171/3815/2172 
f 2201/3859/2202 2200/3858/2201 2202/3860/2203 677/1136/676 
f 2201/3859/2202 677/1136/676 676/1134/675 691/3861/690 
f 2201/3859/2202 691/3861/690 696/3810/695 2168/3812/2169 
f 2203/3862/2204 673/1131/672 668/1130/667 2202/3860/2203 
f 2202/3860/2203 668/1130/667 664/1137/663 677/1136/676 
f 2200/3858/2201 2199/3857/2200 2203/3862/2204 2202/3860/2203 
f 2203/3862/2204 2204/3863/2205 2028/3864/2029 673/1131/672 
f 2199/3857/2200 2205/3865/2206 2204/3863/2205 2203/3862/2204 
f 2205/3866/2206 2206/3867/2207 2033/3868/2034 2204/3869/2205 
f 2205/3865/2206 2199/3857/2200 2197/3855/2198 2196/3854/2197 
f 2196/3870/2197 2207/3871/2208 2206/3872/2207 2205/3873/2206 
f 2207/3871/2208 2039/3620/2040 2037/3617/2038 2206/3872/2207 
f 2207/3871/2208 2196/3870/2197 2194/3850/2195 2193/3849/2194 
f 2193/3849/2194 2041/3623/2042 2039/3620/2040 2207/3871/2208 
f 2206/3872/2207 2037/3617/2038 2034/3613/2035 2033/3612/2034 
f 2204/3869/2205 2033/3868/2034 2029/3607/2030 2028/3606/2029 
f 2191/3847/2192 2043/3626/2044 2041/3623/2042 2193/3849/2194 
f 2189/3843/2190 2188/3842/2189 2208/3874/2209 2047/3631/2048 
f 2047/3631/2048 2044/3627/2045 2043/3626/2044 2189/3843/2190 
f 2188/3842/2189 2187/3841/2188 2209/3875/2210 2208/3874/2209 
f 2208/3876/2209 2209/3877/2210 2210/3878/2211 2050/3635/2051 
f 2050/3879/2051 2048/3632/2049 2047/3631/2048 2208/3874/2209 
f 2210/3878/2211 2209/3877/2210 756/1276/757 2211/3880/2212 
f 2211/3880/2212 749/1269/750 748/1268/749 2210/3878/2211 
f 748/1268/749 747/1267/748 2050/3635/2051 2210/3878/2211 
f 2211/3880/2212 756/1276/757 755/1275/756 2212/3881/2213 
f 2212/3881/2213 2213/3882/2214 749/1269/750 2211/3880/2212 
f 2213/3882/2214 2212/3881/2213 2214/3883/2215 2215/3884/2216 
f 2215/3884/2216 2216/3885/2217 2217/3886/2218 2213/3882/2214 
f 2213/3882/2214 2217/3886/2218 750/1270/751 749/1269/750 
f 2217/3886/2218 2216/3885/2217 2055/3642/2056 2053/3638/2054 
f 2053/3638/2054 751/1271/752 750/1270/751 2217/3886/2218 
f 2216/3885/2217 2215/3884/2216 2218/3887/2219 768/1293/769 
f 768/1293/769 767/1292/768 2055/3642/2056 2216/3885/2217 
f 2215/3884/2216 2214/3883/2215 2219/3888/2220 2218/3887/2219 
f 2218/3887/2219 2219/3888/2220 2220/3889/2221 2221/3890/2222 
f 2221/3891/2222 763/3892/764 768/3893/769 2218/3894/2219 
f 2221/3895/2222 2220/3896/2221 2147/3897/2148 2145/3898/2146 
f 2145/3898/2146 764/3899/765 763/3900/764 2221/3895/2222 
f 2219/3888/2220 2222/3901/2223 2223/3902/2224 2220/3889/2221 
f 2220/3903/2221 2223/3904/2224 2149/3792/2150 2147/3790/2148 
f 732/1235/731 2223/3902/2224 2222/3901/2223 727/1230/726 
f 734/1239/733 2149/3792/2150 2223/3904/2224 732/1236/731 
f 754/1274/755 728/1231/727 727/1230/726 2222/3901/2223 
f 2222/3901/2223 2219/3888/2220 2214/3883/2215 754/1274/755 
f 2212/3881/2213 755/1275/756 754/1274/755 2214/3883/2215 
f 2209/3877/2210 2187/3905/2188 752/1277/753 756/1276/757 
f 2187/3905/2188 2182/3906/2183 753/3907/754 752/1277/753 
f 2179/3823/2180 2175/3819/2176 2155/3798/2156 2153/3796/2154 
f 2150/3793/2151 2149/3792/2150 734/1239/733 736/1241/735 
f 627/1051/627 626/1050/626 2140/3782/2141 2143/3785/2144 
f 2135/3772/2136 2131/3768/2132 2130/3767/2131 2224/3908/2225 
f 2224/3908/2225 761/1283/762 766/1291/767 2135/3772/2136 
f 2224/3908/2225 2130/3767/2131 792/1328/793 793/1329/794 
f 793/1329/794 762/1284/763 761/1283/762 2224/3908/2225 
f 2130/3767/2131 2128/3765/2129 791/1327/792 792/1328/793 
f 2126/3762/2127 2124/3761/2125 2225/3909/2226 2226/3910/2227 
f 2226/3910/2227 787/1323/788 791/1327/792 2126/3762/2127 
f 2226/3910/2227 2225/3909/2226 2227/3911/2228 2228/3912/2229 
f 2228/3912/2229 788/1324/789 787/1323/788 2226/3910/2227 
f 782/1312/783 783/1311/784 2228/3913/2229 2227/3914/2228 
f 783/1320/784 786/1319/787 788/1324/789 2228/3912/2229 
f 2229/3915/2230 779/3916/780 782/3917/783 2227/3918/2228 
f 2225/3919/2226 2230/3920/2231 2229/3915/2230 2227/3918/2228 
f 2229/3921/2230 2230/3922/2231 773/3923/774 772/3924/773 
f 2230/3920/2231 2225/3919/2226 2124/3925/2125 2123/3926/2124 
f 2123/3754/2124 778/3753/779 773/3923/774 2230/3922/2231 
f 772/1300/773 2231/3927/2232 779/1307/780 2229/3928/2230 
f 2231/3927/2232 2232/3929/2233 780/1308/781 779/1307/780 
f 2231/3927/2232 772/1300/773 775/1303/776 2233/3930/2234 
f 2233/3930/2234 758/3931/759 2232/3929/2233 2231/3927/2232 
f 2233/3930/2234 775/1303/776 777/1305/778 2234/3932/2235 
f 2234/3932/2235 759/3933/760 758/3931/759 2233/3930/2234 
f 777/1305/778 2235/3934/2236 2236/3935/2237 2234/3932/2235 
f 2234/3932/2235 2236/3935/2237 769/3936/770 759/3933/760 
f 2235/3934/2236 2116/3745/2117 2237/3937/2238 2236/3935/2237 
f 2236/3935/2237 2237/3937/2238 2238/3938/2239 769/3936/770 
f 2238/3938/2239 2058/3645/2059 770/1298/771 769/3936/770 
f 2237/3937/2238 2112/3735/2113 2239/3939/2240 2238/3938/2239 
f 2239/3939/2240 2059/3646/2060 2058/3645/2059 2238/3938/2239 
f 2112/3735/2113 2110/3733/2111 2109/3732/2110 2239/3939/2240 
f 2059/3646/2060 2239/3939/2240 2109/3732/2110 2061/3648/2062 
f 2116/3745/2117 2113/3736/2114 2112/3735/2113 2237/3937/2238 
f 777/1305/778 776/1304/777 2119/3940/2120 2235/3934/2236 
f 2235/3934/2236 2119/3940/2120 2117/3746/2118 2116/3745/2117 
f 2232/3941/2233 2240/3942/2241 785/1318/786 780/1317/781 
f 758/1279/759 757/1278/758 2240/3943/2241 2232/3944/2233 
f 2241/3945/2242 786/1319/787 785/1322/786 2240/3946/2241 
f 757/3947/758 762/3948/763 2241/3949/2242 2240/3950/2241 
f 789/1325/790 788/1324/789 786/1319/787 2241/3945/2242 
f 762/1284/763 793/1329/794 789/1325/790 2241/3945/2242 
f 2120/3951/2121 2119/3940/2120 776/1304/777 778/1306/779 
f 2105/3727/2106 2106/3729/2107 2061/3648/2062 2109/3732/2110 
f 2064/3651/2065 2062/3649/2063 2061/3648/2062 2106/3729/2107 
f 2106/3729/2107 2103/3724/2104 2102/3723/2103 2064/3651/2065 
f 2067/3654/2068 2065/3652/2066 2064/3651/2065 2102/3723/2103 
f 2102/3723/2103 2100/3719/2101 2242/3952/2243 2067/3654/2068 
f 2088/3695/2089 2068/3655/2069 2067/3654/2068 2242/3952/2243 
f 2242/3952/2243 2100/3719/2101 2097/3708/2098 2091/3699/2092 
f 2088/3695/2089 2242/3952/2243 2091/3699/2092 2089/3696/2090 
f 2072/3694/2073 2069/3656/2070 2068/3655/2069 2088/3695/2089 
f 715/1214/714 707/1197/706 706/1196/705 2046/3630/2047 
f 2024/3599/2025 674/1132/673 673/1131/672 2028/3864/2029 
f 1923/3445/1924 605/1019/605 604/1038/604 617/1037/617 
f 1916/3438/1917 1906/3425/1907 609/1025/609 561/1017/561 
f 1897/3402/1898 486/3430/486 489/789/489 1894/3399/1895 
f 1888/3393/1889 1218/2026/1219 1219/2031/1220 1223/2030/1224 
f 1888/3393/1889 1223/2030/1224 1232/2043/1233 1331/2215/1332 
f 1800/3205/1801 1336/2220/1337 1333/2223/1334 2243/3953/2244 
f 1388/2309/1389 1800/3205/1801 2243/3953/2244 1335/2308/1336 
f 1289/3257/1290 1329/2208/1330 1328/2207/1329 1290/3954/1291 
f 1327/3955/1328 1310/3956/1311 1304/3957/1305 1307/3958/1308 
f 1248/2069/1249 1247/2068/1248 1319/3959/1320 1325/3960/1326 
f 1319/3959/1320 1247/2068/1248 1316/2181/1317 1315/2180/1316 
f 1247/2068/1248 1243/2064/1244 1252/2073/1253 1316/2181/1317 
f 1309/2174/1310 1305/3961/1306 1304/3962/1305 1310/2175/1311 
f 420/689/420 419/688/419 1286/2145/1287 1291/3963/1292 
f 1233/2046/1234 1214/2045/1215 1217/2129/1218 1279/2128/1280 
f 480/771/480 476/767/476 475/766/475 1277/2123/1278 
f 1277/2123/1278 475/766/475 474/765/474 510/3964/510 
f 1224/3965/1225 1215/3966/1216 1265/3967/1266 1226/3968/1227 
f 1189/1966/1190 1191/3969/1192 2244/3970/2245 1257/3971/1258 
f 1257/3971/1258 2244/3970/2245 1117/3972/1118 1110/3973/1111 
f 2244/3970/2245 1195/1982/1196 1194/1980/1195 1117/3972/1118 
f 1191/3969/1192 1178/3974/1179 1195/1982/1196 2244/3970/2245 
f 1215/3975/1216 1224/3976/1225 1219/3977/1220 1216/3978/1217 
f 1222/2029/1223 1221/2028/1222 497/794/497 496/793/496 
f 1210/2008/1211 1137/3185/1138 1134/2012/1135 1203/1993/1204 
f 1207/2001/1208 1169/2000/1170 1160/3979/1161 2245/3980/2246 
f 2245/3980/2246 1011/1665/1012 1013/1669/1014 1207/2001/1208 
f 2245/3981/2246 1160/1917/1161 1159/1916/1160 1150/1907/1151 
f 1150/3982/1151 1012/1666/1013 1011/1665/1012 2245/3980/2246 
f 1204/2009/1205 1174/1942/1175 1177/1945/1178 1206/3983/1207 
f 1206/3983/1207 1177/1945/1178 1156/1937/1157 1169/1936/1170 
f 1136/3984/1137 1197/3985/1198 1133/3986/1134 1126/3987/1127 
f 1196/1983/1197 1176/1944/1177 1175/1943/1176 1197/2011/1198 
f 1195/1982/1196 1178/3974/1179 1176/1944/1177 1196/1983/1197 
f 1114/3988/1115 1107/1838/1108 1117/1841/1118 1194/3989/1195 
f 1178/3990/1179 1191/1968/1192 1183/1971/1184 1179/3991/1180 
f 1177/1945/1178 1173/1941/1174 1157/1922/1158 1156/1937/1157 
f 1173/1941/1174 1172/1940/1173 1163/1923/1164 1157/1922/1158 
f 1165/1925/1166 521/848/521 524/851/524 1166/1926/1167 
f 1165/1925/1166 1164/1924/1165 1652/3992/1653 2246/3993/2247 
f 2246/3993/2247 522/849/522 521/848/521 1165/1925/1166 
f 1036/1696/1037 1035/1695/1036 1139/1888/1140 1141/1893/1142 
f 1140/3994/1141 1139/3995/1140 1035/3996/1036 1016/1672/1017 
f 1016/3997/1017 1015/3998/1016 1030/3999/1031 1140/4000/1141 
f 1140/3994/1141 1030/1690/1031 1032/1692/1033 1057/1901/1058 
f 1101/4001/1102 1065/1732/1066 1058/1731/1059 1102/4002/1103 
f 1070/1742/1071 1092/1786/1093 1103/4003/1104 1061/1739/1062 
f 1087/4004/1088 1076/1751/1077 1065/1750/1066 1101/4005/1102 
f 1074/1788/1075 1054/4006/1055 1055/2811/1056 1093/1789/1094 
f 1073/1746/1074 1051/1716/1052 1054/1719/1055 1074/1747/1075 
f 1035/3996/1036 1034/4007/1035 1017/1673/1018 1016/1672/1017 
f 1019/4008/1020 1018/4009/1019 1027/4010/1028 1026/4011/1027 
f 1023/1679/1024 1022/1678/1023 1008/1661/1009 1007/1660/1008 
f 2247/4012/2248 1002/4013/1003 2248/4014/2249 2249/4015/2250 
f 2247/4012/2248 2250/4016/2251 1001/1651/1002 1002/4013/1003 
f 1002/1654/1003 999/1649/1000 2251/4017/2252 2248/4018/2249 
f 999/1649/1000 916/1519/917 915/1517/916 2251/4017/2252 
f 953/4019/954 2251/4017/2252 915/1517/916 914/1516/915 
f 2251/4017/2252 953/4019/954 957/4020/958 2248/4018/2249 
f 2250/4016/2251 2247/4012/2248 858/1424/859 861/1427/862 
f 861/1427/862 864/1430/865 890/1487/891 2250/4016/2251 
f 2250/4016/2251 890/1487/891 889/1484/890 1001/1651/1002 
f 2249/4015/2250 2252/4021/2253 858/1424/859 2247/4012/2248 
f 2253/4022/2254 869/1437/870 865/1440/866 2252/4023/2253 
f 2252/4021/2253 865/1431/866 859/1425/860 858/1424/859 
f 2252/4024/2253 2249/4025/2250 2254/4026/2255 2253/4027/2254 
f 2255/4028/2256 2256/4029/2257 2253/4030/2254 2254/4031/2255 
f 957/4020/958 2254/4026/2255 2249/4025/2250 2248/4018/2249 
f 957/4032/958 956/1580/957 2255/4028/2256 2254/4031/2255 
f 881/1463/882 887/1469/888 870/4033/871 2256/4029/2257 
f 2256/4029/2257 870/4033/871 869/4034/870 2253/4030/2254 
f 2256/4029/2257 2255/4028/2256 882/1464/883 881/1463/882 
f 2255/4028/2256 956/1580/957 955/1579/956 882/1464/883 
f 998/1648/999 996/1647/997 997/1646/998 908/1506/909 
f 908/1506/909 904/1505/905 916/1519/917 998/1648/999 
f 991/4035/992 824/1378/825 823/1377/824 992/4036/993 
f 895/1480/896 827/1383/828 824/1384/825 991/1639/992 
f 987/1635/988 982/1629/983 984/1628/985 989/1636/990 
f 986/1631/987 983/1625/984 982/1624/983 987/1632/988 
f 427/4037/427 423/4038/423 983/4039/984 986/4040/987 
f 986/4041/987 985/4042/986 2257/4043/2258 427/4044/427 
f 2257/4045/2258 430/4046/430 425/4047/425 427/4048/427 
f 2257/4043/2258 985/4042/986 415/4049/415 413/4050/413 
f 413/4051/413 411/4052/411 430/4046/430 2257/4045/2258 
f 983/4039/984 423/4038/423 422/4053/422 572/4054/572 
f 584/4055/584 583/4056/583 2258/4057/2259 978/4058/979 
f 581/1616/581 978/1619/979 2258/4059/2259 578/4060/578 
f 2258/4057/2259 583/4056/583 582/978/582 585/977/585 
f 585/1366/585 579/1365/579 578/4060/578 2258/4059/2259 
f 966/1600/967 961/1593/962 962/1595/963 974/1608/975 
f 964/1598/965 880/1459/881 876/1462/877 875/4061/876 
f 875/4061/876 963/1596/964 960/1591/961 964/1598/965 
f 951/1570/952 935/1569/936 930/1537/931 929/1536/930 
f 898/1488/899 864/1430/865 863/1429/864 2259/4062/2260 
f 2259/4063/2260 887/4064/888 886/1494/887 898/1493/899 
f 2259/4065/2260 863/4066/864 862/1434/863 867/1433/868 
f 867/4067/868 870/4068/871 887/4064/888 2259/4063/2260 
f 841/1404/842 857/1423/858 852/1418/853 840/1405/841 
f 847/4069/848 854/4070/855 855/3353/856 844/3352/845 
f 840/1405/841 852/1418/853 851/1417/852 837/4071/838 
f 849/4072/850 851/4073/852 854/4070/855 847/4069/848 
f 834/4074/835 837/4075/838 851/4076/852 849/4077/850 
f 848/1414/849 850/1416/851 836/1399/837 835/1398/836 
f 835/1398/836 834/1397/835 849/1415/850 848/1414/849 
f 831/4078/832 830/3342/831 843/3345/844 838/4079/839 
f 831/4078/832 838/4079/839 837/4080/838 834/4081/835 
f 822/1382/823 826/1381/827 812/1356/813 816/1368/817 
f 816/4082/817 817/3424/818 823/3423/824 822/4083/823 
f 813/1357/814 799/1335/800 798/1334/799 588/982/588 
f 574/957/574 573/956/573 811/1355/812 810/1354/811 
f 811/4084/812 573/968/573 579/967/579 808/4085/809 
f 699/1183/698 679/4086/678 678/4087/677 2260/4088/2261 
f 2260/4088/2261 623/1046/623 697/1180/696 699/1183/698 
f 2260/4088/2261 678/4087/677 681/1153/680 650/1152/649 
f 2260/4088/2261 650/1152/649 624/1047/624 623/1046/623 
f 698/1181/697 697/1180/696 623/1046/623 625/1049/625 
f 709/1203/708 708/1198/707 707/1197/706 714/1213/713 
f 688/1161/687 2261/4089/2262 2262/4090/2263 689/1162/688 
f 689/1162/688 2262/4090/2263 680/4091/679 683/1164/682 
f 684/4092/683 2262/4093/2263 2261/4094/2262 685/4095/684 
f 681/1145/680 680/1144/679 2262/4093/2263 684/4092/683 
f 2261/4089/2262 688/1161/687 661/1107/660 662/4096/661 
f 685/4097/684 2261/4098/2262 662/4099/661 657/4100/656 
f 658/1104/657 661/1107/660 688/1161/687 687/1160/686 
f 658/4101/657 687/4102/686 686/4103/685 656/4104/655 
f 686/1155/685 685/1154/684 657/1097/656 656/1096/655 
f 682/3451/681 675/1133/674 666/1129/665 672/1128/671 
f 659/4105/658 653/1094/652 657/1097/656 662/4106/661 
f 620/1167/620 611/4107/611 622/1077/622 648/1076/647 
f 643/4108/642 647/4109/646 646/4110/645 642/4111/641 
f 647/4112/646 643/4113/642 645/4114/644 2263/4115/2264 
f 2263/4115/2264 645/4114/644 2264/4116/2265 2265/4117/2266 
f 2265/4118/2266 2264/4119/2265 2266/4120/2267 2267/4121/2268 
f 644/4122/643 2268/4123/2269 2264/4116/2265 645/4114/644 
f 2267/4121/2268 2266/4120/2267 2269/4124/2270 
f 2270/4125/2271 2267/4126/2268 2271/4127/2272 2272/4125/2273 
f 2270/4128/2271 2273/4129/2274 2274/4130/2275 
f 2275/4131/2276 2274/4132/2275 2273/4133/2274 
f 2276/4134/2277 2277/4135/2278 2272/4136/2273 2271/4137/2272 
f 2277/4138/2278 2276/4139/2277 2278/4140/2279 
f 647/4141/646 2263/4142/2264 2279/4143/2280 2280/4144/2281 
f 647/4145/646 2280/4146/2281 2281/4146/2282 2282/4147/2283 
f 2282/4147/2283 2281/4146/2282 2283/4148/2284 2284/4149/2285 
f 637/1063/636 2284/4150/2285 2285/4151/2286 634/1060/634 
f 2286/4152/2287 2282/4153/2283 2284/4154/2285 637/4155/636 
f 632/1058/632 421/690/421 426/695/426 429/701/429 
f 607/1036/607 602/4156/602 596/991/596 615/1032/615 
f 602/4156/602 597/4157/597 590/985/590 596/991/596 
f 536/893/536 530/4158/530 533/3530/533 551/926/551 
f 551/926/551 533/3530/533 546/912/546 545/911/545 
f 551/926/551 550/925/550 537/894/537 536/893/536 
f 550/4159/550 549/4160/549 538/900/538 537/899/537 
f 547/924/547 540/904/540 539/903/539 549/921/549 
f 549/921/549 539/903/539 2287/4161/2288 538/4162/538 
f 539/903/539 354/592/354 2288/4163/2289 2287/4161/2288 
f 2287/4161/2288 2288/4163/2289 2289/4164/2290 253/444/253 
f 253/444/253 252/443/252 538/4162/538 2287/4161/2288 
f 2288/4163/2289 2290/4165/2291 2291/4166/2292 2289/4164/2290 
f 2291/4166/2292 275/478/275 2292/4167/2293 2289/4164/2290 
f 253/444/253 2289/4164/2290 2292/4167/2293 254/445/254 
f 275/478/275 278/481/278 2293/4168/2294 2292/4167/2293 
f 2292/4167/2293 2293/4168/2294 255/4169/255 254/445/254 
f 2294/4170/2295 2293/4168/2294 278/481/278 279/484/279 
f 2293/4168/2294 2294/4170/2295 213/4171/213 255/4169/255 
f 216/4172/216 2294/4170/2295 279/484/279 223/4173/223 
f 211/4174/211 213/4171/213 2294/4170/2295 216/4172/216 
f 2291/4166/2292 2290/4165/2291 2295/4175/2296 2296/4176/2297 
f 2296/4176/2297 276/479/276 275/478/275 2291/4166/2292 
f 2296/4176/2297 2295/4175/2296 2297/4177/2298 298/4178/298 
f 276/479/276 2296/4176/2297 298/4178/298 273/482/273 
f 2297/4177/2298 2295/4175/2296 352/590/352 2298/4179/2299 
f 2298/4179/2299 2299/4180/2300 286/496/286 2297/4177/2298 
f 286/496/286 269/495/269 298/4178/298 2297/4177/2298 
f 2299/4180/2300 2298/4179/2299 2300/4181/2301 2301/4182/2302 
f 2301/4183/2302 291/4184/291 290/4185/290 2299/4186/2300 
f 2299/4186/2300 290/4185/290 284/4187/284 286/4188/286 
f 2301/4182/2302 2300/4181/2301 2302/4189/2303 2303/4190/2304 
f 2303/4191/2304 344/4192/344 291/4184/291 2301/4183/2302 
f 2304/4193/2305 2303/4190/2304 2302/4189/2303 2305/4194/2306 
f 344/4192/344 2303/4191/2304 2304/4195/2305 343/4196/343 
f 348/585/348 347/4197/347 2305/4194/2306 2302/4189/2303 
f 2300/4181/2301 349/586/349 348/585/348 2302/4189/2303 
f 2298/4179/2299 352/590/352 349/586/349 2300/4181/2301 
f 2295/4175/2296 2290/4165/2291 353/591/353 352/590/352 
f 2290/4165/2291 2288/4163/2289 354/592/354 353/591/353 
f 192/317/192 191/316/191 530/4158/530 536/893/536 
f 534/3510/534 472/761/472 471/760/471 477/768/477 
f 532/881/532 531/880/531 177/4198/177 176/4199/176 
f 531/878/531 191/877/191 194/4200/194 177/4201/177 
f 435/853/435 375/625/375 438/713/438 525/854/525 
f 515/837/515 514/835/514 511/832/511 516/838/516 
f 511/832/511 474/831/474 473/4202/473 516/838/516 
f 2306/4203/2307 463/751/463 464/752/464 466/755/466 
f 465/754/465 381/631/381 379/629/379 466/755/466 
f 466/755/466 379/629/379 378/628/378 2306/4203/2307 
f 2307/4204/2308 2308/4205/2309 463/751/463 2306/4203/2307 
f 2306/4203/2307 378/628/378 2309/4206/2310 2307/4204/2308 
f 2310/4207/2311 2311/4208/2312 2307/4209/2308 2309/4210/2310 
f 378/628/378 377/627/377 333/4211/333 2309/4206/2310 
f 2309/4210/2310 333/559/333 329/560/329 2310/4207/2311 
f 369/619/369 367/617/367 368/618/368 2311/4212/2312 
f 2311/4208/2312 368/4213/368 2308/4214/2309 2307/4209/2308 
f 2311/4212/2312 2310/4215/2311 370/620/370 369/619/369 
f 330/556/330 370/620/370 2310/4215/2311 329/553/329 
f 366/613/366 2308/4214/2309 368/4213/368 364/614/364 
f 2308/4205/2309 366/4216/366 462/750/462 463/751/463 
f 362/609/362 376/4217/376 460/4218/460 363/606/363 
f 462/750/462 366/4216/366 359/4219/359 363/747/363 
f 449/4220/449 455/4221/455 450/4222/450 448/4223/448 
f 447/4224/447 453/4225/453 455/4226/455 449/4227/449 
f 447/4228/447 448/4229/448 450/4230/450 453/4231/453 
f 1700/3008/1701 301/518/301 404/663/404 407/4232/407 
f 406/4233/406 408/2998/408 1697/3001/1698 167/4234/167 
f 405/664/405 295/511/295 297/513/297 402/659/402 
f 404/663/404 301/518/301 300/517/300 405/664/405 
f 405/664/405 300/517/300 296/512/296 295/511/295 
f 403/660/403 2312/4235/2313 305/522/305 314/531/314 
f 402/659/402 297/513/297 2312/4235/2313 403/660/403 
f 2312/4235/2313 337/3540/337 306/523/306 305/522/305 
f 297/513/297 294/510/294 337/3540/337 2312/4235/2313 
f 317/4236/317 316/4237/316 325/4238/325 392/4239/392 
f 332/3685/332 333/4211/333 377/627/377 387/637/387 
f 342/4240/342 2305/4241/2306 347/4242/347 341/4243/341 
f 346/4244/346 338/4245/338 341/4246/341 347/4247/347 
f 344/579/344 339/570/339 292/508/292 291/507/291 
f 293/4248/293 351/4249/351 356/4250/356 334/4251/334 
f 351/4252/351 293/4253/293 338/4245/338 346/4244/346 
f 317/3691/317 309/526/309 307/524/307 318/3538/318 
f 281/486/281 280/485/280 303/520/303 304/521/304 
f 280/485/280 285/492/285 296/512/296 303/520/303 
f 288/499/288 2313/4254/2314 2314/4255/2315 2315/4256/2316 
f 2315/4256/2316 271/4257/271 270/500/270 288/499/288 
f 287/498/287 2316/4258/2317 2313/4254/2314 288/499/288 
f 236/4259/236 2313/4260/2314 2316/4261/2317 235/4262/235 
f 2316/4263/2317 287/504/287 283/503/283 231/392/231 
f 235/398/235 2316/4263/2317 231/392/231 228/391/228 
f 2315/4256/2316 2314/4255/2315 261/458/261 260/457/260 
f 260/457/260 250/4264/250 271/4257/271 2315/4256/2316 
f 237/402/237 262/459/262 261/458/261 2314/4255/2315 
f 2313/4254/2314 236/403/236 237/402/237 2314/4255/2315 
f 282/4265/282 229/389/229 231/392/231 283/503/283 
f 282/4265/282 281/4266/281 230/4267/230 229/389/229 
f 223/4268/223 279/4269/279 272/473/272 265/472/265 
f 250/440/250 248/436/248 263/471/263 271/470/271 
f 223/4270/223 265/4271/265 264/4272/264 218/4273/218 
f 264/461/264 263/460/263 248/4274/248 215/4275/215 
f 264/461/264 215/4275/215 209/367/209 218/370/218 
f 2317/4276/2318 100/160/100 259/456/259 262/459/262 
f 262/459/262 237/402/237 234/401/234 2317/4276/2318 
f 102/4277/102 101/161/101 100/160/100 2317/4276/2318 
f 234/401/234 233/4278/233 102/4277/102 2317/4276/2318 
f 257/454/257 245/4279/245 250/4264/250 260/457/260 
f 256/4280/256 246/433/246 245/432/245 257/4281/257 
f 256/4280/256 99/4282/99 98/4283/98 246/433/246 
f 256/453/256 259/456/259 100/160/100 99/158/99 
f 255/448/255 213/355/213 214/358/214 251/449/251 
f 29/40/29 243/4284/243 22/28/22 21/27/21 
f 243/4285/243 29/4286/29 28/4287/28 38/4288/38 
f 241/412/241 240/411/240 2318/4289/2319 220/4290/220 
f 232/393/232 2318/4291/2319 240/416/240 238/405/238 
f 232/393/232 227/384/227 2319/4292/2320 2318/4291/2319 
f 2319/4293/2320 221/373/221 220/372/220 2318/4294/2319 
f 206/346/206 166/271/166 165/270/165 207/347/207 
f 207/347/207 165/270/165 144/226/144 143/225/143 
f 201/338/201 199/337/199 172/282/172 173/287/173 
f 199/4295/199 146/4296/146 147/4297/147 172/4298/172 
f 177/4299/177 194/4300/194 195/4301/195 174/4302/174 
f 185/763/185 190/762/190 170/4303/170 169/4304/169 
f 186/4305/186 169/4306/169 168/4307/168 181/4308/181 
f 178/4309/178 183/4310/183 181/299/181 179/298/179 
f 170/4311/170 181/4312/181 183/301/183 171/4313/171 
f 170/4314/170 184/4315/184 186/4316/186 181/4317/181 
f 1498/2494/1499 157/249/157 154/4318/154 
f 136/4319/136 135/4320/135 148/4321/148 140/4322/140 
f 96/154/96 2320/4323/2321 2321/4324/2322 111/4325/111 
f 2322/4326/2323 109/4327/109 2321/4328/2322 2320/4329/2321 
f 109/4330/109 2322/4331/2323 93/144/93 106/182/106 
f 2323/4332/2324 2322/4326/2323 2320/4329/2321 2324/4333/2325 
f 90/145/90 93/144/93 2322/4331/2323 2323/4334/2324 
f 83/4335/83 2323/4336/2324 2324/4337/2325 2325/4338/2326 
f 84/4339/84 90/4340/90 2323/4336/2324 83/4335/83 
f 96/154/96 95/153/95 2324/4341/2325 2320/4323/2321 
f 2324/4341/2325 95/153/95 105/4342/105 2325/4343/2326 
f 106/182/106 93/144/93 92/147/92 115/179/115 
f 110/174/110 97/156/97 96/4344/96 111/175/111 
f 2325/4345/2326 105/4346/105 34/4347/34 87/4348/87 
f 2325/4349/2326 87/4350/87 81/129/81 83/131/83 
f 34/49/34 33/48/33 2326/4351/2327 87/4352/87 
f 2326/4353/2327 58/93/58 57/92/57 87/137/87 
f 2326/4353/2327 33/60/33 41/59/41 60/113/60 
f 60/113/60 59/4354/59 58/93/58 2326/4353/2327 
f 65/105/65 45/77/45 47/76/47 67/107/67 
f 64/104/64 46/4355/46 45/77/45 65/105/65 
f 64/4356/64 50/81/50 49/80/49 46/4357/46 
f 3/3/3 12/73/12 46/72/46 49/4358/49 
f 20/26/20 44/66/44 25/41/25 21/27/21 
f 12/73/12 3/3/3 2/2/2 13/4359/13 
f 14/19/14 25/32/25 44/4360/44 15/20/15 
f 59/4354/59 55/102/55 54/94/54 58/93/58 
f 103/164/103 95/167/95 94/4361/94 101/162/101 
f 109/4327/109 108/4362/108 111/4363/111 2321/4328/2322 
f 2327/4364/2328 171/4313/171 183/301/183 182/300/182 
f 221/385/221 2319/4292/2320 227/384/227 226/383/226 
f 2305/4365/2306 342/4366/342 343/4196/343 2304/4195/2305 
f 1130/1867/1131 1052/1717/1053 1051/1716/1052 1129/1866/1130 
f 1181/4367/1182 1184/4368/1185 1182/4369/1183 1180/4370/1181 
f 1218/4371/1219 1269/4372/1270 1280/4373/1281 1217/4374/1218 
f 1244/4375/1245 1386/4376/1387 1393/2318/1394 1245/2321/1246 
f 1228/2317/1229 1392/2316/1393 1883/4377/1884 1229/4378/1230 
f 1465/4379/1466 1463/4380/1464 1462/4381/1463 1534/4382/1535 
f 1569/4383/1570 1577/4384/1578 1568/4385/1569 1567/4386/1568 
f 485/4387/485 484/4388/484 2003/4389/2004 2004/4390/2005 
f 1438/4391/1439 1433/4392/1434 1435/4393/1436 1442/4394/1443 
f 161/256/161 163/4395/163 162/257/162 
f 932/4396/933 941/1550/942 946/1559/947 945/4397/946 
f 1426/2385/1427 1430/2384/1431 1651/4398/1652 1425/4399/1426 
f 554/1367/554 587/981/587 556/984/556 
f 977/4400/978 979/4401/980 980/4402/981 981/4403/982 
f 1120/4404/1121 1124/4405/1125 1128/4406/1129 1135/4407/1136 
f 526/869/526 197/887/197 469/4408/469 472/888/472 
f 469/758/469 197/4409/197 190/762/190 470/759/470 
f 197/902/197 252/901/252 189/313/189 190/312/190 
f 692/4410/691 694/4411/693 701/4412/700 693/4413/692 
f 694/4414/693 703/4415/702 702/4416/701 701/4417/700 
f 713/1211/712 704/1194/703 703/1193/702 694/1212/693 
f 733/1238/737 738/1246/739 735/1240/734 
f 814/1364/815 2122/3752/2123 797/4418/798 799/4419/800 
f 2122/4420/2123 794/4421/795 797/4422/798 
f 799/4423/800 1855/4424/1856 800/4425/801 814/4426/815 
f 1855/4427/1856 1858/4428/1859 801/4429/802 800/4430/801 
f 1858/4428/1859 1866/4431/1867 801/4429/802 
f 905/1513/906 913/1512/914 907/4432/908 906/4433/907 
f 1025/4434/1026 1018/4009/1019 1014/4435/1015 1768/4436/1769 
f 1024/4437/1025 1027/4438/1028 2328/4439/2329 1025/4440/1026 
f 1760/3138/1761 1759/3137/1760 1063/1728/1064 2329/4441/2330 
f 1047/4442/1048 1063/4443/1064 1048/4444/1049 1044/4445/1045 
f 1079/4446/1080 1050/4447/1051 1049/4448/1050 1076/4449/1077 
f 1079/4450/1080 1078/1759/1079 1050/1758/1051 
f 1091/4451/1092 1072/4452/1073 1071/4453/1072 
f 1377/2291/1378 1351/2242/1352 1347/2238/1348 
f 1377/4454/1378 1347/4455/1348 1884/4456/1885 
f 1377/4457/1378 1884/4458/1885 1371/2288/1372 
f 1377/4457/1378 1371/2288/1372 1375/2287/1376 
f 2330/4459/2331 2327/4460/2328 182/4461/182 2331/4462/2332 
f 2331/4463/2332 182/4464/182 180/4465/180 181/4466/181 
f 168/4307/168 2330/4459/2331 2331/4462/2332 181/4308/181 
f 202/4467/202 1674/4468/1675 204/4469/204 
f 1674/4470/1675 1677/2899/1678 219/2902/219 204/4471/204 
f 663/4472/662 659/4473/658 655/4474/654 
f 653/1089/652 659/4475/658 663/4476/662 639/1086/638 
f 1149/1905/1150 1148/1904/1149 1029/4477/1030 2332/4478/2333 
f 2332/4478/2333 1020/1676/1021 1023/1679/1024 1149/1905/1150 
f 16/4479/16 18/4480/18 11/4481/11 10/4482/10 
f 2330/4459/2331 168/4307/168 171/4483/171 2327/4460/2328 
f 560/4484/560 559/4485/559 562/1002/562 599/1001/599 
f 630/3778/630 629/4486/629 595/4487/595 592/3779/592 
f 600/4488/600 603/1011/603 606/1010/606 598/4489/598 
f 730/4490/729 729/4491/728 731/4492/738 
f 1028/4493/1029 1020/4494/1021 2332/4495/2333 1029/4496/1030 
f 1018/4009/1019 1025/4434/1026 2328/4497/2329 1027/4010/1028 
f 1084/1771/1085 1081/4498/1082 1082/4499/1083 1077/1754/1078 
f 1126/1862/1127 1135/4500/1136 1128/1864/1129 
f 1128/1864/1129 1127/1863/1128 1126/1862/1127 
f 1013/1669/1014 1010/1668/1011 1009/4501/1010 1208/2004/1209 
f 2243/3953/2244 1333/2223/1334 1334/4502/1335 1335/2308/1336 
f 2329/4503/2330 1063/4504/1064 1047/4505/1048 1760/4506/1761 
f 2333/4507/2334 2334/4508/2335 2335/4509/2336 2336/4510/2337 
f 2337/4511/2338 2336/4512/2337 2335/4513/2336 2338/4514/2339 
f 2339/4515/2340 2340/4516/2341 2341/4517/2342 2342/4518/2343 
f 2343/4519/2344 2341/4520/2342 2340/4521/2341 2344/4522/2345 
f 2345/4523/2346 2346/4524/2347 2339/4525/2340 2342/4526/2343 
f 2343/4527/2344 2344/4528/2345 2346/4529/2347 2345/4530/2346 
f 2343/4527/2344 2345/4530/2346 2347/4531/2348 2348/4532/2349 
f 2349/4533/2350 2347/4534/2348 2345/4523/2346 2342/4526/2343 
f 2347/4534/2348 2349/4533/2350 2350/4535/2351 2351/4536/2352 
f 2352/4537/2353 2349/4538/2350 2342/4518/2343 2341/4517/2342 
f 2350/4539/2351 2349/4538/2350 2352/4537/2353 2353/4540/2354 
f 2354/4541/2355 2350/4539/2351 2353/4540/2354 2355/4542/2356 
f 2348/4543/2349 2356/4544/2357 2353/4545/2354 2352/4546/2353 
f 2355/4547/2356 2353/4545/2354 2356/4544/2357 2357/4548/2358 
f 2358/4549/2359 2355/4547/2356 2357/4548/2358 2359/4550/2360 
f 2360/4551/2361 2357/4552/2358 2356/4553/2357 2351/4554/2352 
f 2361/4555/2362 2359/4556/2360 2357/4552/2358 2360/4551/2361 
f 2336/4510/2337 2359/4557/2360 2361/4558/2362 2333/4507/2334 
f 2362/4559/2363 2361/4560/2362 2360/4561/2361 2354/4562/2355 
f 2363/4563/2364 2333/4564/2334 2361/4560/2362 2362/4559/2363 
f 2333/4564/2334 2363/4563/2364 2364/4565/2365 2334/4566/2335 
f 2358/4567/2359 2337/4568/2338 2363/4569/2364 2362/4570/2363 
f 2338/4514/2339 2364/4571/2365 2363/4572/2364 2337/4511/2338 
f 2355/4542/2356 2358/4567/2359 2362/4570/2363 2354/4541/2355 
f 2360/4561/2361 2351/4536/2352 2350/4535/2351 2354/4562/2355 
f 2337/4573/2338 2358/4549/2359 2359/4550/2360 2336/4574/2337 
f 2351/4554/2352 2356/4553/2357 2348/4532/2349 2347/4531/2348 
f 2348/4543/2349 2352/4546/2353 2341/4520/2342 2343/4519/2344 
f 2346/4575/2347 2344/4576/2345 2340/4577/2341 2339/4578/2340 
f 2338/4579/2339 2335/4580/2336 2334/4581/2335 2364/4582/2365 
f 2365/4583/2366 2366/4584/2366 2367/4585/2366 
f 2368/4586/2367 2369/4587/2368 2370/4588/2369 
f 2371/4589/2370 2370/4588/2369 2369/4587/2368 2372/4590/2371 
f 2373/4591/2372 2374/4592/2373 2369/4587/2368 2368/4586/2367 
f 2375/4593/2374 2372/4590/2371 2369/4587/2368 2374/4592/2373 
f 2376/4594/2375 2377/4595/2376 2371/4589/2370 2372/4590/2371 
f 2376/4594/2375 2372/4590/2371 2375/4593/2374 
f 2370/4596/2369 2371/4597/2370 2373/4598/2372 2368/4599/2367 
f 2378/4600/2377 2379/4601/2378 2380/4602/2379 2381/4603/2380 
f 2382/4604/2381 2383/4605/2382 2384/4606/2382 2385/4607/2383 
f 2385/4607/2383 2386/4608/2384 2387/4609/2385 2382/4604/2381 
f 2378/4600/2377 2388/4610/2386 2389/4611/2387 2390/4612/2388 
f 2381/4603/2380 2391/4613/2389 2388/4610/2386 2378/4600/2377 
f 2392/4614/2390 2393/4615/2391 2391/4613/2389 2381/4603/2380 
f 2382/4604/2381 2387/4609/2385 2393/4615/2391 2392/4614/2390 
f 2383/4605/2382 2382/4604/2381 2392/4614/2390 2394/4616/2392 
f 2394/4616/2392 2392/4614/2390 2381/4603/2380 2380/4602/2379 
f 2390/4612/2388 2379/4601/2393 2378/4600/2377 
f 2395/4617/2394 2396/4618/2395 2397/4619/2395 
f 2397/4619/2395 2396/4618/2395 2398/4620/2396 2399/4621/2396 
f 2399/4621/2396 2398/4620/2396 2400/4622/2397 2401/4623/2398 
f 2402/4624/2399 2401/4623/2398 2400/4622/2397 2403/4625/2400 
f 2404/4626/2401 2402/4624/2399 2403/4625/2400 2405/4627/2402 
f 2404/4626/2401 2405/4627/2402 2406/4628/2403 2407/4629/2404 
f 2408/4630/2405 2409/4631/2406 2407/4629/2404 2406/4628/2403 
f 2408/4632/2405 2410/4633/2407 2411/4634/2408 2409/4635/2406 
f 2412/4636/2409 2411/4634/2408 2410/4633/2407 2413/4637/2410 
f 2414/4638/2411 2415/4639/2412 2412/4636/2409 2413/4637/2410 
f 2415/4640/2412 2414/4641/2411 2416/4642/2413 
f 2417/4643/2414 2418/4644/2415 2419/4645/2416 2420/4646/2417 
f 2421/4647/2418 2419/4648/2416 2418/4649/2415 2422/4650/2419 
f 2423/4651/2420 2424/4652/2421 2425/4653/2422 2426/4654/2423 
f 2424/4652/2421 2423/4651/2420 2427/4655/2424 2428/4656/2425 
f 2429/4657/2426 2423/4651/2420 2426/4654/2423 2430/4658/2427 
f 2431/4659/2428 2427/4655/2424 2423/4651/2420 2429/4657/2426 
f 2432/4660/2429 2427/4661/2424 2431/4662/2428 2433/4663/2430 
f 2434/4664/2431 2435/4665/2432 2432/4660/2429 2436/4666/2433 
f 2427/4661/2424 2432/4660/2429 2435/4665/2432 2428/4667/2425 
f 2437/4668/2434 2436/4666/2433 2432/4660/2429 2433/4663/2430 
f 2438/4669/2435 2439/4670/2436 2434/4671/2431 2436/4672/2433 
f 2440/4673/2437 2439/4674/2436 2441/4675/2438 
f 2442/4676/2439 2441/4675/2438 2439/4674/2436 2438/4677/2435 
f 2421/4678/2418 2443/4679/2440 2430/4680/2427 2426/4681/2423 
f 2422/4682/2419 2444/4683/2441 2443/4679/2440 2421/4678/2418 
f 2445/4684/2442 2446/4685/2443 2444/4686/2441 2422/4687/2419 
f 2447/4688/2444 2445/4689/2442 2422/4690/2419 2418/4644/2415 
f 2448/4691/2445 2447/4688/2444 2418/4644/2415 2417/4643/2414 
f 2426/4681/2423 2425/4692/2422 2419/4693/2416 2421/4678/2418 
f 2449/4694/2446 2450/4695/2447 2451/4696/2448 2452/4697/2448 
f 2453/4698/2449 2450/4695/2447 2449/4694/2446 
f 2420/4646/2417 2419/4645/2416 2425/4699/2422 2454/4700/2450 
f 2455/4701/2451 2456/4702/2452 2457/4703/2453 2458/4704/2454 
f 2459/4705/2455 2457/4703/2453 2456/4702/2452 2460/4706/2456 
f 2460/4706/2456 2456/4702/2452 2455/4701/2451 2461/4707/2457 
f 2457/4703/2453 2459/4705/2455 2462/4708/2458 2463/4709/2459 
f 2458/4704/2454 2457/4703/2453 2463/4709/2459 2464/4710/2460 
f 2465/4711/2461 2466/4712/2462 2467/4713/2463 2468/4714/2464 
f 2469/4715/2465 2470/4716/2466 2466/4717/2462 2465/4718/2461 
f 2467/4719/2463 2466/4720/2462 2470/4721/2466 2471/4722/2467 
f 2472/4723/2468 2473/4724/2469 2474/4725/2470 2475/4726/2471 
f 2476/4727/2472 2474/4725/2470 2473/4724/2469 2477/4728/2473 
f 2478/4729/2474 2477/4730/2473 2473/4731/2469 2472/4732/2468 
f 2479/4733/2475 2480/4734/2476 2481/4735/2477 2482/4736/2478 
f 2471/4737/2467 2480/4738/2476 2479/4739/2475 2467/4740/2463 
f 2481/4741/2477 2480/4742/2476 2471/4743/2467 2483/4744/2479 
f 2484/4745/2480 2485/4746/2481 2486/4747/2482 2487/4748/2483 
f 2488/4749/2484 2486/4750/2482 2485/4751/2481 2489/4752/2485 
f 2487/4753/2483 2486/4754/2482 2488/4755/2484 2475/4756/2471 
f 2488/4757/2484 2489/4758/2485 2490/4759/2486 2491/4760/2487 
f 2490/4761/2486 2489/4762/2485 2485/4763/2481 2492/4764/2488 
f 2493/4765/2489 2492/4766/2488 2494/4766/2490 2495/4767/2491 
f 2495/4768/2491 2494/4769/2490 2484/4745/2480 2496/4770/2492 
f 2484/4771/2480 2494/4766/2490 2492/4766/2488 2485/4772/2481 
f 2497/4773/2493 2498/4774/2494 2499/4775/2495 2482/4736/2478 
f 2500/4776/2496 2498/4777/2494 2497/4778/2493 2501/4779/2497 
f 2502/4780/2498 2499/4781/2495 2498/4782/2494 2500/4783/2496 
f 2481/4784/2477 2483/4785/2479 2503/4786/2499 2504/4787/2500 
f 2503/4788/2499 2483/4789/2479 2471/4722/2467 2470/4721/2466 
f 2497/4778/2493 2504/4790/2500 2505/4791/2501 2501/4779/2497 
f 2482/4736/2478 2481/4735/2477 2504/4792/2500 2497/4773/2493 
f 2504/4793/2500 2503/4794/2499 2506/4795/2502 2505/4796/2501 
f 2507/4797/2503 2505/4796/2501 2506/4795/2502 2508/4798/2504 
f 2470/4716/2466 2469/4715/2465 2506/4795/2502 2503/4794/2499 
f 2508/4798/2504 2506/4795/2502 2469/4715/2465 2509/4799/2505 
f 2508/4798/2504 2509/4799/2505 2477/4730/2473 2478/4729/2474 
f 2465/4718/2461 2510/4800/2506 2509/4799/2505 2469/4715/2465 
f 2477/4728/2473 2509/4801/2505 2510/4802/2506 2476/4727/2472 
f 2468/4714/2464 2511/4803/2507 2510/4804/2506 2465/4711/2461 
f 2476/4805/2472 2510/4804/2506 2511/4803/2507 2512/4806/2508 
f 2474/4807/2470 2476/4808/2472 2512/4809/2508 2513/4810/2509 
f 2514/4811/2510 2515/4812/2511 2512/4809/2508 2511/4813/2507 
f 2513/4810/2509 2512/4809/2508 2515/4812/2511 2496/4770/2492 
f 2502/4814/2498 2516/4815/2512 2515/4816/2511 2514/4817/2510 
f 2496/4770/2492 2515/4812/2511 2516/4818/2512 2495/4768/2491 
f 2500/4783/2496 2517/4819/2513 2516/4820/2512 2502/4780/2498 
f 2495/4767/2491 2516/4820/2512 2517/4819/2513 2493/4765/2489 
f 2501/4779/2497 2518/4821/2514 2517/4822/2513 2500/4776/2496 
f 2493/4823/2489 2517/4822/2513 2518/4821/2514 2519/4824/2515 
f 2493/4823/2489 2519/4824/2515 2490/4761/2486 2492/4764/2488 
f 2520/4825/2516 2519/4824/2515 2518/4821/2514 2507/4826/2503 
f 2491/4760/2487 2490/4759/2486 2519/4827/2515 2520/4828/2516 
f 2478/4729/2474 2520/4828/2516 2507/4797/2503 2508/4798/2504 
f 2472/4732/2468 2491/4760/2487 2520/4828/2516 2478/4729/2474 
f 2505/4791/2501 2507/4826/2503 2518/4821/2514 2501/4779/2497 
f 2521/4829/2517 2514/4817/2510 2511/4830/2507 2468/4831/2464 
f 2499/4832/2495 2502/4814/2498 2514/4817/2510 2521/4829/2517 
f 2467/4833/2463 2479/4834/2475 2521/4829/2517 2468/4831/2464 
f 2482/4835/2478 2499/4832/2495 2521/4829/2517 2479/4834/2475 
f 2475/4836/2471 2474/4807/2470 2513/4810/2509 2487/4748/2483 
f 2487/4748/2483 2513/4810/2509 2496/4770/2492 2484/4745/2480 
f 2475/4837/2471 2488/4757/2484 2491/4760/2487 2472/4732/2468 
f 2522/4838/2518 2523/4839/2519 2524/4840/2520 
f 2525/4841/2521 2526/4842/2518 2522/4838/2518 2524/4840/2520 
f 2527/4843/2522 2528/4844/2523 2526/4842/2518 2525/4841/2521 
f 2529/4845/2524 2524/4846/2520 2523/4847/2519 
f 2530/4848/2524 2531/4849/2524 2529/4845/2524 2523/4847/2519 
f 2527/4849/2522 2525/4850/2521 2531/4849/2524 
f 2529/4845/2524 2531/4849/2524 2525/4850/2521 2524/4846/2520 
f 2528/4851/2523 2527/4849/2522 2531/4849/2524 2530/4848/2524 
f 2532/4852/2525 2533/4853/2526 2534/4854/2527 
f 2533/4855/2526 2535/4856/2528 2534/4857/2527 
f 2532/4852/2525 2536/4852/2529 2533/4853/2526 
f 2533/4858/2526 2536/4859/2529 2535/4860/2528 
f 2535/4861/2528 2536/4852/2529 2532/4852/2525 2534/4854/2527 
f 2537/4862/2530 2538/4863/2531 2539/4864/2532 2540/4865/2533 
f 2541/4866/2534 2542/4867/2535 2543/4868/2536 
f 2544/4869/2537 2545/4870/2537 2546/4871/2538 2547/4872/2539 
f 2548/4873/2540 2543/4868/2536 2542/4867/2535 
# 2435 polygons - 43 triangles

