# 3ds Max Wavefront OBJ Exporter v0.99 - (c)2007 guruware
# File Created: 09.05.2025 22:44:31

mtllib profesor.mtl

#
# object Object_Doctor_Pants_D_jpg
#

v  0.1464 0.6136 -0.1265
v  0.1409 0.5485 -0.1811
v  0.1331 0.6130 -0.1823
v  -0.0111 0.6077 -0.1886
v  0.0010 0.5430 -0.1861
v  -0.0272 0.5420 -0.1428
v  -0.0395 0.6067 -0.1406
v  0.0787 0.5463 -0.0553
v  0.1270 0.5481 -0.0783
v  0.1179 0.6126 -0.0791
v  0.0709 0.6108 -0.0548
v  -0.0072 0.5428 -0.0955
v  -0.0178 0.6076 -0.0932
v  0.0893 0.6113 -0.2179
v  0.0972 0.5468 -0.2147
v  0.0447 0.5447 -0.2116
v  0.0346 0.6093 -0.2162
v  0.0190 0.6090 -0.0572
v  0.0154 0.6458 -0.0589
v  -0.0230 0.6446 -0.0930
v  -0.0674 0.7895 -0.1374
v  -0.0633 0.7540 -0.1394
v  -0.0376 0.7546 -0.0901
v  -0.0413 0.7899 -0.0845
v  0.0980 0.8313 -0.0712
v  0.0502 0.8303 -0.0406
v  0.0532 0.7921 -0.0501
v  0.0957 0.7931 -0.0797
v  -0.0583 0.7164 -0.1397
v  -0.0338 0.7171 -0.0933
v  -0.0338 0.7546 -0.1908
v  -0.0296 0.7172 -0.1877
v  0.1090 0.7576 -0.1745
v  0.1219 0.7579 -0.1248
v  0.1232 0.7206 -0.1252
v  0.1134 0.7204 -0.1762
v  0.0289 0.6460 -0.2179
v  -0.0196 0.6445 -0.1866
v  0.0538 0.7566 -0.0545
v  0.0028 0.7555 -0.0556
v  0.0098 0.7182 -0.0613
v  0.0562 0.7192 -0.0604
v  -0.0461 0.6437 -0.1375
v  0.0686 0.8306 -0.2153
v  0.0687 0.7923 -0.2091
v  0.0106 0.7911 -0.2207
v  0.0093 0.8294 -0.2229
v  0.1253 0.8318 -0.1205
v  0.1308 0.9013 -0.1157
v  0.1030 0.9007 -0.0580
v  0.0414 0.1768 -0.0742
v  0.0029 0.1765 -0.1047
v  0.0197 0.1771 -0.1113
v  0.0515 0.1773 -0.0894
v  0.0869 0.3442 -0.0715
v  0.0876 0.2762 -0.0707
v  0.1278 0.2769 -0.0926
v  0.1285 0.3460 -0.0912
v  -0.0077 0.8291 -0.0431
v  0.0460 0.8995 -0.0295
v  -0.0159 0.8985 -0.0370
v  0.0703 0.7194 -0.2113
v  0.0718 0.7569 -0.2134
v  -0.0148 0.4792 -0.1438
v  0.0029 0.4806 -0.0995
v  0.1262 0.6494 -0.1804
v  0.0831 0.6477 -0.2170
v  0.1158 0.9738 -0.1763
v  0.1176 1.0454 -0.1787
v  0.1423 1.0458 -0.1146
v  0.1342 0.9740 -0.1118
v  0.0535 0.4848 -0.2071
v  0.0123 0.4816 -0.1827
v  0.1302 0.4895 -0.0814
v  0.1585 0.4922 -0.1264
v  0.1544 0.5491 -0.1264
v  -0.0035 0.7906 -0.0482
v  -0.0501 0.8280 -0.0840
v  -0.0740 0.8276 -0.1387
v  0.1117 0.3463 -0.2051
v  0.1166 0.2769 -0.2073
v  0.0687 0.2765 -0.2075
v  0.0646 0.3443 -0.2078
v  0.1509 0.3479 -0.1771
v  0.1551 0.2770 -0.1763
v  0.1288 0.6856 -0.1271
v  0.1021 0.6846 -0.0853
v  0.1123 0.6490 -0.0835
v  0.1381 0.6499 -0.1268
v  -0.0422 0.7900 -0.1903
v  -0.1065 1.0734 -0.1299
v  -0.1087 1.1064 -0.1269
v  -0.0779 1.1071 -0.1938
v  -0.0754 1.0736 -0.1966
v  -0.0203 1.0244 -0.0141
v  0.0436 1.0260 -0.0174
v  0.0426 1.0494 -0.0166
v  -0.1031 1.0406 -0.1327
v  -0.0886 1.0415 -0.0604
v  -0.0205 1.0490 -0.0109
v  -0.0945 1.0745 -0.0553
v  -0.0103 1.0419 -0.2344
v  -0.0121 1.0750 -0.2354
v  0.0620 1.0767 -0.2252
v  0.0625 1.0437 -0.2243
v  -0.1023 1.1071 -0.0494
v  -0.0190 0.9705 -0.0245
v  0.0452 0.9719 -0.0216
v  -0.0034 0.9714 -0.2315
v  -0.0742 0.9685 -0.0718
v  -0.0955 0.9691 -0.1356
v  -0.0717 1.0403 -0.1983
v  -0.0631 0.9701 -0.1972
v  0.1232 0.1784 -0.2185
v  0.1718 0.1815 -0.1816
v  0.1542 0.1809 -0.1711
v  0.1161 0.1782 -0.2002
v  0.0840 0.4859 -0.0589
v  0.1699 0.1793 -0.1232
v  0.1536 0.1789 -0.1290
v  0.1455 0.4916 -0.1787
v  0.1594 0.2771 -0.1280
v  0.1587 0.3476 -0.1284
v  -0.1230 1.2528 -0.0600
v  -0.1246 1.2527 -0.0303
v  -0.1261 1.2717 -0.0248
v  -0.1237 1.2527 -0.0005
v  0.0667 0.1741 -0.2208
v  0.0702 0.1738 -0.2013
v  0.0358 0.4825 -0.0670
v  0.0279 0.5442 -0.0608
v  -0.0113 0.1756 -0.1564
v  0.0079 0.1764 -0.1517
v  0.0210 0.1758 -0.2017
v  0.0323 0.1759 -0.1875
v  0.0608 0.4180 -0.2066
v  0.0208 0.4153 -0.1828
v  0.1247 0.1776 -0.0975
v  0.1359 0.1779 -0.0834
v  0.0869 0.1781 -0.0667
v  0.0873 0.1781 -0.0829
v  0.1033 0.4882 -0.2098
v  0.1680 0.2230 -0.1250
v  0.1335 0.2188 -0.0855
v  0.0428 0.4159 -0.0754
v  0.0873 0.4184 -0.0652
v  0.0667 0.2169 -0.2195
v  0.1201 0.2187 -0.2176
v  0.1304 0.4214 -0.0871
v  -0.0044 0.4135 -0.1456
v  0.0450 0.2165 -0.0757
v  0.0034 0.2179 -0.1053
v  0.0117 0.4146 -0.1054
v  0.0861 0.2153 -0.0671
v  0.1089 0.4211 -0.2064
v  0.1606 0.4236 -0.1270
v  0.1678 0.2234 -0.1839
v  0.1498 0.4237 -0.1774
v  0.0092 0.2753 -0.1081
v  -0.0014 0.2753 -0.1516
v  -0.0129 0.2169 -0.1565
v  0.0119 0.3419 -0.1086
v  0.0447 0.3426 -0.0817
v  0.0284 0.2761 -0.1853
v  0.0195 0.2159 -0.1970
v  0.0251 0.3426 -0.1844
v  0.0441 0.2756 -0.0814
v  -0.0019 0.3415 -0.1495
v  0.0240 0.6823 -0.2190
v  -0.0225 0.6811 -0.1889
v  0.0783 0.6838 -0.2141
v  0.0186 0.7182 -0.2147
v  -0.0269 0.6811 -0.0930
v  0.0119 0.6822 -0.0618
v  -0.0520 0.6803 -0.1398
v  0.0601 0.6835 -0.0606
v  0.0978 0.7201 -0.0876
v  0.0170 0.7557 -0.2146
v  0.0034 0.8988 -0.2268
v  -0.0446 0.8283 -0.1939
v  -0.0529 0.8977 -0.1950
v  -0.0611 0.8972 -0.0787
v  -0.0855 0.8968 -0.1377
v  0.0945 0.7574 -0.0833
v  0.1189 0.6850 -0.1785
v  0.1114 0.8315 -0.1756
v  0.1154 0.9010 -0.1770
v  0.1140 1.0450 -0.0433
v  0.1056 0.9731 -0.0458
v  0.0645 0.9721 -0.2213
v  0.0671 0.8999 -0.2189
v  0.1079 0.3468 0.2076
v  0.0609 0.3445 0.2100
v  0.0652 0.2768 0.2099
v  0.1131 0.2773 0.2100
v  0.0095 0.3417 0.1105
v  0.0426 0.3426 0.0838
v  0.0422 0.2755 0.0836
v  0.0069 0.2751 0.1101
v  0.1475 0.3484 0.1797
v  0.1519 0.2776 0.1792
v  0.0661 0.6474 -0.0572
v  0.1235 0.7937 -0.1260
v  -0.1192 1.1860 -0.0586
v  -0.1208 1.1864 -0.0295
v  0.0411 1.0733 0.0152
v  0.0418 1.0494 0.0171
v  -0.0211 1.0492 0.0110
v  -0.0216 1.0732 0.0085
v  0.0513 0.7566 0.0558
v  0.0509 0.7921 0.0512
v  0.0930 0.7930 0.0811
v  -0.0981 0.9698 0.1355
v  -0.0760 0.9689 0.0718
v  -0.0633 0.8976 0.0789
v  -0.0886 0.8975 0.1378
v  0.0004 0.7557 0.0565
v  0.0070 0.7183 0.0624
v  -0.0370 0.7174 0.0942
v  -0.0404 0.7551 0.0908
v  0.0239 0.6462 0.2193
v  -0.0242 0.6447 0.1876
v  -0.0157 0.6078 0.1898
v  0.0296 0.6096 0.2177
v  0.0190 0.6827 0.2202
v  -0.0271 0.6815 0.1899
v  -0.0303 0.6812 0.0940
v  0.0090 0.6822 0.0630
v  -0.0141 1.1083 -0.2358
v  -0.0956 1.0748 0.0550
v  0.0126 0.7562 0.2157
v  0.0140 0.7188 0.2158
v  0.0657 0.7196 0.2127
v  -0.0832 1.3093 0.1700
v  -0.1133 1.3058 0.1171
v  -0.1112 1.2525 0.1208
v  -0.0824 1.2532 0.1775
v  0.0418 1.0734 -0.0148
v  -0.0210 1.0731 -0.0084
v  -0.0102 0.5426 0.0969
v  0.0254 0.5440 0.0624
v  0.0334 0.4823 0.0702
v  -0.0666 0.9708 0.1973
v  0.0058 0.7916 0.2216
v  -0.0464 0.7906 0.1910
v  -0.0379 0.7553 0.1915
v  0.1184 0.7578 0.1263
v  0.1196 0.7206 0.1269
v  0.0947 0.7200 0.0892
v  0.0916 0.7573 0.0848
v  0.1075 0.8316 0.1769
v  0.1116 0.9010 0.1782
v  0.0630 0.9002 0.2198
v  0.0642 0.8309 0.2164
v  0.1049 0.7577 0.1760
v  0.1091 0.7205 0.1779
v  0.0956 0.8312 0.0725
v  0.1008 0.9005 0.0592
v  0.1277 0.9012 0.1170
v  0.1222 0.8317 0.1219
v  -0.0264 0.6445 0.0941
v  -0.0501 0.6438 0.1384
v  -0.0560 0.6806 0.1406
v  0.0572 0.6835 0.0620
v  0.0532 0.7193 0.0618
v  0.0987 0.6848 0.0869
v  0.1426 0.6139 0.1286
v  0.1286 0.6133 0.1843
v  0.1367 0.5490 0.1833
v  0.1510 0.5496 0.1286
v  -0.0308 0.5417 0.1441
v  -0.0434 0.6066 0.1416
v  -0.0211 0.6075 0.0943
v  0.0843 0.6116 0.2197
v  0.0927 0.5472 0.2167
v  -0.0032 0.5430 0.1875
v  0.0733 0.6842 0.2156
v  0.0781 0.6480 0.2186
v  0.1202 0.7936 0.1275
v  0.1249 0.6857 0.1289
v  0.1343 0.6501 0.1287
v  0.1091 0.6490 0.0853
v  0.0643 0.7925 0.2103
v  0.0672 0.7572 0.2147
v  0.1351 1.1477 0.0004
v  0.0948 1.1180 0.0003
v  0.1156 1.1126 -0.0212
v  0.1463 1.1497 -0.0253
v  0.1051 0.7932 0.1790
v  0.1226 1.3893 -0.1143
v  0.1351 1.3882 -0.0550
v  0.1562 1.3211 -0.0599
v  0.1400 1.3223 -0.1243
v  0.0482 0.8303 0.0416
v  0.1348 1.1092 -0.0447
v  0.1585 1.1512 -0.0505
v  -0.0825 1.1861 0.1849
v  -0.0220 1.1876 0.2265
v  -0.0247 1.2546 0.2212
v  0.1459 1.1496 0.0261
v  0.1152 1.1125 0.0220
v  0.1687 1.2539 -0.0301
v  0.1636 1.1890 -0.0281
v  0.1698 1.1896 -0.0574
v  0.1709 1.2544 -0.0625
v  -0.1305 1.3561 0.0575
v  -0.1141 1.3599 0.1130
v  -0.1029 1.3802 0.1033
v  -0.1111 1.3786 0.0529
v  0.1362 1.3864 0.0001
v  0.1149 1.4076 -0.0466
v  0.1180 1.4077 0.0000
v  -0.0824 1.3670 0.1617
v  -0.0756 1.3844 0.1480
v  -0.1297 1.3560 -0.0587
v  -0.1418 1.3543 -0.0006
v  -0.1128 1.3780 -0.0006
v  -0.1103 1.3786 -0.0540
v  -0.0057 0.7908 0.0491
v  -0.0097 0.8293 0.0438
v  -0.0927 1.1120 -0.0002
v  -0.0218 1.0959 -0.0000
v  -0.0220 1.0861 0.0062
v  -0.1124 1.1466 -0.0530
v  -0.0526 0.8285 0.0845
v  -0.0440 0.7904 0.0851
v  -0.0708 0.7902 0.1379
v  -0.0773 0.8283 0.1391
v  0.1630 1.1896 -0.1299
v  0.1558 1.2562 -0.1317
v  0.0469 1.2561 -0.2087
v  0.0395 1.3184 -0.2016
v  0.0974 1.3206 -0.1738
v  0.1081 1.2568 -0.1810
v  0.0335 1.3808 -0.1937
v  0.0867 1.3858 -0.1646
v  0.1577 1.1515 -0.1281
v  0.1508 1.1114 -0.1202
v  0.1195 1.1106 -0.1816
v  0.1192 1.1502 -0.1840
v  -0.1127 1.1467 0.1243
v  -0.0830 1.1472 0.1879
v  -0.1126 1.1861 0.1243
v  0.0609 1.1499 -0.2246
v  0.0603 1.1888 -0.2202
v  0.1179 1.1891 -0.1848
v  0.1440 1.0785 0.1183
v  0.1233 1.0788 0.0465
v  0.1339 1.1090 0.0455
v  0.1186 1.0781 -0.1803
v  0.1462 1.0788 -0.1174
v  0.1577 1.1510 0.0514
v  -0.1222 1.1865 -0.0004
v  -0.0963 1.1114 0.0249
v  -0.1160 1.1482 0.0260
v  -0.1190 1.1493 -0.0003
v  -0.0668 0.7548 0.1400
v  -0.0619 0.7173 0.1404
v  -0.0338 0.7179 0.1886
v  -0.1156 1.1481 -0.0266
v  -0.0958 1.1112 -0.0254
v  0.0611 1.1095 -0.2255
v  -0.1033 1.1075 0.0490
v  -0.0139 1.1484 -0.2358
v  -0.0898 1.0418 0.0601
v  -0.1085 1.0739 0.1295
v  -0.0804 1.1467 -0.1884
v  -0.0210 1.0245 0.0143
v  0.0579 1.1100 0.2259
v  0.1156 1.0781 0.1811
v  0.1167 1.1107 0.1824
v  -0.0782 1.0742 0.1963
v  -0.0806 1.1076 0.1935
v  -0.0138 1.0425 0.2346
v  0.0587 1.0771 0.2257
v  -0.0155 1.0756 0.2355
v  -0.1125 1.3598 -0.1141
v  -0.1117 1.3055 -0.1181
v  -0.1268 1.3036 -0.0587
v  -0.1107 1.1070 0.1264
v  -0.1276 1.3038 0.0576
v  -0.1238 1.2529 0.0591
v  -0.1053 1.0412 0.1324
v  0.0409 1.0865 -0.0126
v  -0.0747 1.0409 0.1982
v  -0.1277 1.3037 -0.0005
v  0.1244 1.0790 -0.0457
v  0.0405 1.0864 0.0130
v  -0.0307 1.3752 0.1941
v  -0.0283 1.3892 0.1768
v  0.1632 1.1889 0.0289
v  0.1690 1.1895 0.0583
v  0.1054 1.4064 -0.1045
v  -0.0214 1.0860 -0.0061
v  0.1124 0.9739 0.1774
v  0.1316 0.9738 0.1130
v  0.1401 1.0456 0.1157
v  0.1145 1.0454 0.1796
v  -0.0010 0.8993 0.2274
v  -0.0569 0.8984 0.1953
v  -0.0487 0.8289 0.1944
v  0.0047 0.8299 0.2237
v  0.0408 1.0978 0.0002
v  -0.0202 0.9707 0.0249
v  0.0441 0.9719 0.0223
v  0.0443 0.8994 0.0304
v  -0.0176 0.8987 0.0375
v  0.1039 0.9728 0.0468
v  0.1131 1.0449 0.0442
v  0.0428 1.0260 0.0180
v  0.0591 1.0441 0.2249
v  -0.0182 0.4790 0.1468
v  0.0083 0.4816 0.1859
v  0.1144 0.6852 0.1802
v  0.0607 0.9725 0.2221
v  -0.0076 0.9720 0.2319
v  0.0632 0.6473 0.0588
v  0.0125 0.6457 0.0601
v  0.1216 0.6497 0.1823
v  -0.0217 1.2541 -0.2216
v  -0.0256 1.3141 -0.2072
v  -0.0189 1.1870 -0.2267
v  0.1588 1.1897 0.0004
v  0.1612 1.1897 0.1307
v  0.1558 1.1514 0.1290
v  -0.1096 1.2522 -0.1217
v  -0.0809 1.3089 -0.1709
v  -0.1251 1.2785 -0.0005
v  -0.1264 1.2718 0.0238
v  0.0162 0.6089 0.0586
v  0.1148 0.6127 0.0810
v  0.0001 0.4804 0.1026
v  0.0402 0.5449 0.2133
v  0.1243 0.5483 0.0804
v  0.0681 0.6108 0.0564
v  0.0400 0.1767 0.0767
v  0.0500 0.1774 0.0919
v  0.0179 0.1770 0.1136
v  0.0011 0.1764 0.1070
v  0.0493 0.4850 0.2105
v  0.0858 0.2763 0.0732
v  0.1560 0.3480 0.1311
v  0.1569 0.2776 0.1309
v  0.0849 0.3442 0.0739
v  0.1262 0.3463 0.0938
v  0.1258 0.2772 0.0953
v  0.0295 0.1760 0.1899
v  0.0671 0.1741 0.2039
v  0.0634 0.1744 0.2234
v  0.0179 0.1759 0.2041
v  0.0091 0.4144 0.1072
v  -0.0076 0.4133 0.1473
v  0.0055 0.1764 0.1540
v  -0.0138 0.1755 0.1586
v  0.0171 0.4154 0.1846
v  -0.0042 0.2752 0.1536
v  -0.0156 0.2168 0.1586
v  0.0164 0.2159 0.1992
v  0.0252 0.2762 0.1875
v  0.0217 0.3427 0.1864
v  -0.0049 0.3414 0.1514
v  0.0014 0.2177 0.1075
v  0.0632 0.2172 0.2220
v  0.1131 0.1786 0.2030
v  0.1198 0.1789 0.2214
v  0.0817 0.4860 0.0624
v  0.0763 0.5462 0.0572
v  0.1276 0.4898 0.0851
v  0.0568 0.4182 0.2086
v  0.1515 0.1814 0.1741
v  0.1514 0.1793 0.1320
v  0.1678 0.1798 0.1263
v  0.1690 0.1821 0.1847
v  0.0990 0.4886 0.2134
v  0.1416 0.4921 0.1825
v  0.1553 0.4926 0.1303
v  0.0856 0.1782 0.0694
v  0.0858 0.1782 0.0856
v  0.1344 0.1781 0.0864
v  0.1230 0.1779 0.1004
v  0.1317 0.2191 0.0884
v  0.1658 0.2234 0.1280
v  0.1279 0.4217 0.0895
v  0.0852 0.4184 0.0674
v  0.0434 0.2164 0.0781
v  0.0405 0.4158 0.0773
v  0.0847 0.2154 0.0697
v  0.1647 0.2240 0.1869
v  0.1166 0.2192 0.2204
v  0.1049 0.4215 0.2086
v  0.1462 0.4242 0.1799
v  0.1576 0.4241 0.1296
v  0.1540 1.2564 0.1323
v  0.1700 1.2544 0.0632
v  0.1554 1.3212 0.0604
v  0.1383 1.3226 0.1247
v  0.0950 1.3210 0.1739
v  0.1057 1.2572 0.1813
v  -0.1212 1.1863 0.0287
v  -0.1250 1.2527 0.0293
v  0.0844 1.3862 0.1646
v  0.1209 1.3896 0.1145
v  0.1488 1.1112 0.1211
v  0.0441 1.2565 0.2087
v  -0.1014 1.3801 -0.1044
v  0.1344 1.3883 0.0552
v  0.1142 1.4077 0.0466
v  0.1038 1.4067 0.1045
v  0.0367 1.3188 0.2014
v  -0.0285 1.3144 0.2067
v  0.0307 1.3813 0.1934
v  0.0578 1.1504 0.2249
v  -0.0172 1.1489 0.2357
v  -0.0174 1.1088 0.2358
v  -0.1110 1.1858 -0.1250
v  -0.1200 1.1861 0.0579
v  -0.0800 1.2528 -0.1782
v  -0.0799 1.1856 -0.1854
v  0.1091 0.7931 -0.1775
v  0.1153 1.1894 0.1854
v  0.1165 1.1504 0.1846
v  0.0573 1.1892 0.2204
v  -0.1132 1.1469 0.0524
v  0.1545 1.3203 0.0002
v  0.1673 1.2536 0.0004
v  0.1642 1.2828 -0.0255
v  0.1614 1.2923 0.0003
v  0.1684 1.2538 0.0308
v  -0.1108 1.1462 -0.1249
v  0.1638 1.2828 0.0261
v  -0.0801 1.3667 -0.1627
v  -0.0735 1.3841 -0.1490
v  -0.0257 1.3889 -0.1775
v  -0.0279 1.3749 -0.1947
v  0.0271 1.3946 -0.1780
v  0.0739 1.4010 -0.1533
v  0.0245 1.3950 0.1776
v  0.0716 1.4014 0.1531
v  -0.1153 2.2260 0.0207
v  -0.1152 2.2268 0.0208
v  -0.1138 2.2263 0.0194
v  -0.1138 2.2274 0.0201
v  -0.1145 2.2251 0.0225
v  -0.1135 2.2251 0.0226
v  -0.1140 2.2266 0.0228
v  -0.1151 2.2250 0.0211
v  -0.1130 2.2254 0.0238
v  -0.1138 2.2252 0.0199
v  -0.1130 2.2265 0.0239
v  -0.1134 2.2285 0.0227
v  -0.1138 2.2280 0.0221
v  -0.1149 2.2264 0.0225
v  -0.1148 2.2272 0.0219
v  -0.1143 2.2264 -0.0296
v  -0.1147 2.2260 -0.0280
v  -0.1155 2.2275 -0.0283
v  -0.1144 2.2276 -0.0298
v  -0.1152 2.2290 -0.0274
v  -0.1148 2.2296 -0.0283
v  -0.1167 2.2273 -0.0277
v  -0.1163 2.2282 -0.0270
v  -0.1160 2.2259 -0.0278
v  -0.1163 2.2258 -0.0259
v  -0.1165 2.2270 -0.0254
v  -0.1145 2.2263 -0.0247
v  -0.1146 2.2276 -0.0241
v  -0.1165 2.2279 -0.0255
v  -0.1148 2.2289 -0.0250
v  -0.0797 1.9704 0.0466
v  -0.0745 1.9707 0.0736
v  -0.0789 1.9870 0.0728
v  -0.0718 1.9884 0.0762
v  -0.0716 1.9698 0.0779
v  -0.0886 1.9663 -0.0142
v  -0.0880 1.9676 0.0138
v  -0.0857 1.9769 -0.0137
v  -0.0843 1.9782 0.0141
v  -0.0792 1.9634 -0.0463
v  -0.0774 1.9604 -0.0725
v  -0.0850 1.9500 -0.0451
v  -0.0823 1.9432 -0.0733
v  -0.0863 1.9776 -0.0744
v  -0.0851 1.9765 -0.0476
v  -0.0775 1.9946 0.0423
v  -0.0857 1.9821 0.0456
v  -0.0774 2.0002 0.0651
v  -0.0705 1.9417 -0.0769
v  -0.0701 1.9599 -0.0779
v  -0.0868 1.9572 -0.0123
v  -0.0858 1.9578 0.0131
v  -0.0784 1.9860 0.0134
v  -0.0771 1.9853 0.0168
v  -0.0692 1.9859 0.0145
v  -0.0778 1.9839 -0.0147
v  -0.0694 1.9837 -0.0149
v  -0.0765 1.9807 -0.0175
v  -0.0793 1.9690 0.0176
v  -0.0807 1.9763 0.0174
v  -0.0819 1.9578 -0.0167
v  -0.0796 1.9502 -0.0116
v  -0.0778 1.9516 -0.0150
v  -0.0689 1.9516 -0.0110
v  -0.0798 1.9515 0.0110
v  -0.0692 1.9527 0.0114
v  -0.0774 1.9531 0.0151
v  -0.0802 1.9663 -0.0175
v  -0.0816 1.9743 -0.0172
v  -0.0811 1.9599 0.0167
v  -0.0703 1.9791 -0.0803
v  -0.0716 2.0044 0.0670
v  -0.0799 1.9547 0.0744
v  -0.0721 1.9522 0.0777
v  -0.0802 1.9321 -0.0649
v  -0.0720 1.9273 -0.0674
v  -0.0853 1.9572 0.0449
v  -0.0801 1.9392 -0.0397
v  -0.0701 1.9400 -0.0388
v  -0.0771 1.9852 -0.0449
v  -0.0707 1.9896 -0.0438
v  -0.0811 1.9889 -0.0689
v  -0.0717 1.9946 -0.0741
v  -0.0740 1.9346 0.0686
v  -0.0716 1.9440 0.0406
v  -0.0737 1.9977 0.0415
v  -0.0775 1.9371 0.0664
v  -0.0774 1.9444 0.0405
v  -0.0315 1.3961 0.1829
v  -0.0344 1.4456 0.1817
v  -0.0793 1.4454 0.1530
v  -0.0823 1.3895 0.1567
v  -0.0387 1.5669 0.1786
v  -0.0432 1.6367 0.1841
v  -0.0778 1.6366 0.1536
v  -0.0771 1.5664 0.1511
v  -0.1050 1.5663 0.1085
v  -0.1068 1.6364 0.1085
v  -0.1191 1.6363 0.0553
v  -0.1132 1.7064 0.0585
v  -0.1251 1.7064 -0.0001
v  0.0801 2.0064 -0.1204
v  0.0417 1.9915 -0.1350
v  0.0377 1.9959 -0.0959
v  0.0670 2.0119 -0.0831
v  0.0077 1.9603 -0.1357
v  0.0082 1.9716 -0.1019
v  0.0605 2.0295 0.0762
v  0.0836 2.0402 0.0429
v  0.0485 2.0518 0.0730
v  -0.0325 1.7783 -0.1922
v  -0.0595 1.7783 -0.1652
v  -0.0559 1.8279 -0.1525
v  -0.0390 1.8581 -0.1748
v  -0.0985 1.7780 0.0589
v  -0.1043 1.7778 -0.0001
v  -0.1009 1.7065 -0.1123
v  -0.1142 1.7066 -0.0588
v  -0.0977 1.7779 -0.0592
v  -0.0857 1.8409 -0.0002
v  -0.0574 1.8281 0.1521
v  -0.0652 1.8449 0.1136
v  -0.0884 1.7783 0.1125
v  -0.0609 1.7786 0.1645
v  -0.0784 1.8421 0.0598
v  -0.0597 1.9028 0.0557
v  -0.0725 1.7068 0.1599
v  -0.1014 1.7066 0.1118
v  -0.0384 1.9807 0.0066
v  -0.0391 1.9795 -0.0001
v  -0.0649 1.9952 -0.0001
v  -0.0639 1.9973 0.0080
v  0.0842 2.0401 -0.0427
v  0.0709 2.0623 -0.0416
v  0.0815 2.0682 0.0001
v  0.0952 2.0452 0.0001
v  -0.1055 1.6362 -0.1086
v  -0.0705 1.7065 -0.1600
v  -0.0756 1.6362 -0.1533
v  -0.0476 1.9240 -0.0669
v  -0.0590 1.9027 -0.0561
v  -0.0570 1.9370 -0.0406
v  -0.0870 1.7780 -0.1127
v  0.0703 2.0624 0.0416
v  -0.0776 1.8420 -0.0600
v  0.0663 2.0847 0.0390
v  -0.0755 1.5028 0.1505
v  -0.0357 1.5029 0.1771
v  -0.0786 1.4452 -0.1540
v  -0.0746 1.5026 -0.1513
v  -0.0342 1.5025 -0.1781
v  -0.0327 1.4454 -0.1824
v  -0.1093 1.4453 0.1066
v  -0.1259 1.4452 0.0553
v  -0.1170 1.3876 0.0577
v  -0.1072 1.3873 0.1099
v  -0.0809 1.3890 -0.1585
v  -0.1067 1.3881 -0.1096
v  -0.1105 1.4447 -0.1077
v  -0.1172 1.3874 -0.0565
v  -0.1014 1.3801 -0.1036
v  -0.1103 1.3786 -0.0532
v  -0.1283 1.5024 -0.0546
v  -0.1389 1.5024 0.0000
v  -0.1330 1.5659 -0.0001
v  -0.1261 1.5661 0.0562
v  -0.1287 1.5025 0.0547
v  -0.1078 1.5024 -0.1066
v  -0.1239 1.5660 -0.0552
v  -0.1045 1.5661 -0.1087
v  -0.1260 1.6363 -0.0000
v  -0.0759 1.5659 -0.1519
v  -0.0327 1.7049 -0.1893
v  -0.1297 1.3829 0.0003
v  -0.1127 1.3780 0.0003
v  -0.1110 1.3787 0.0538
v  -0.0372 1.5661 -0.1800
v  -0.0354 1.7053 0.1898
v  -0.0346 1.7787 0.1918
v  -0.0407 1.8585 0.1745
v  -0.1091 1.5026 0.1068
v  -0.1028 1.3803 0.1042
v  -0.0735 1.3841 -0.1481
v  -0.1363 1.4451 0.0002
v  -0.1262 1.4449 -0.0552
v  0.0619 2.0807 0.0362
v  0.0354 2.0704 0.0665
v  0.0372 2.0733 0.0725
v  0.0767 2.0330 -0.0357
v  0.0831 2.0369 0.0001
v  -0.0224 2.0373 0.0713
v  -0.0458 2.0206 0.0551
v  -0.0511 2.0208 0.0590
v  -0.0246 2.0401 0.0776
v  -0.0711 1.9242 -0.0484
v  -0.0529 1.9396 -0.0617
v  -0.0485 1.9382 -0.0559
v  -0.0684 1.9231 -0.0438
v  -0.0056 2.0064 0.0581
v  -0.0215 2.0372 -0.0717
v  -0.0451 2.0205 -0.0556
v  -0.0048 2.0063 -0.0584
v  -0.0578 2.0077 -0.0311
v  -0.0337 1.9869 -0.0258
v  -0.0236 1.9953 -0.0458
v  -0.0243 1.9954 0.0455
v  -0.0341 1.9869 0.0254
v  -0.0582 2.0078 0.0305
v  0.0094 2.0551 -0.0782
v  0.0199 2.0193 -0.0621
v  0.0415 2.0299 -0.0530
v  0.0363 2.0703 -0.0667
v  -0.0707 1.9958 0.0139
v  -0.0635 1.9650 0.0221
v  -0.0697 1.9655 0.0263
v  -0.0235 2.0400 -0.0781
v  -0.0503 2.0206 -0.0595
v  0.0558 2.0237 0.0665
v  0.0763 2.0331 0.0358
v  -0.0671 1.9387 -0.0369
v  -0.0683 1.9656 -0.0269
v  -0.0571 1.9755 -0.0490
v  0.0669 2.0846 -0.0390
v  0.0382 2.0731 -0.0726
v  0.0279 2.0123 0.0908
v  0.0284 2.0084 0.0807
v  0.0365 1.9961 0.0959
v  0.0658 2.0121 0.0833
v  0.0399 1.9918 0.1350
v  0.0785 2.0067 0.1206
v  0.0191 2.0194 0.0620
v  0.0084 2.0553 0.0779
v  0.0100 2.0578 -0.0822
v  0.0752 2.0886 0.0000
v  -0.0694 1.9956 -0.0144
v  -0.0633 2.0068 -0.0349
v  -0.0382 1.9809 -0.0066
v  -0.0636 1.9975 -0.0081
v  -0.0694 1.9016 -0.0003
v  -0.0577 1.9372 0.0403
v  -0.0654 1.9340 -0.0002
v  -0.0690 1.9232 0.0433
v  -0.0493 1.9383 0.0555
v  -0.0226 1.9463 -0.0895
v  -0.0240 1.9620 -0.0723
v  -0.0342 1.9176 -0.1165
v  -0.0578 1.9756 0.0486
v  -0.0639 2.0069 0.0343
v  -0.1224 1.6363 -0.0564
v  -0.0623 1.9647 -0.0220
v  -0.0644 1.9369 -0.0336
v  -0.0407 1.6363 -0.1836
v  0.0292 2.0121 -0.0909
v  0.0616 2.0293 -0.0761
v  0.0567 2.0236 -0.0665
v  0.0294 2.0082 -0.0807
v  0.0026 1.9876 -0.0812
v  -0.0017 1.9894 -0.0909
v  -0.0637 1.8447 -0.1139
v  0.0495 2.0517 -0.0730
v  -0.0485 1.9241 0.0666
v  0.0624 2.0806 -0.0363
v  0.0697 2.0845 -0.0000
v  -0.0302 1.9621 -0.0800
v  -0.0654 1.9369 0.0328
v  -0.0680 1.9387 0.0362
v  0.0089 2.0580 0.0819
v  0.0626 2.0400 0.0000
v  0.0563 2.0373 0.0291
v  -0.0312 1.9622 0.0797
v  -0.0250 1.9622 0.0720
v  -0.0030 1.9896 0.0907
v  0.0176 2.0357 0.0871
v  0.0408 2.0300 0.0530
v  0.0567 2.0372 -0.0291
v  -0.0538 1.9398 0.0613
v  0.0015 1.9877 0.0810
v  -0.0131 2.0158 0.0830
v  -0.0418 1.9932 0.0701
v  -0.0357 1.9179 0.1162
v  -0.0238 1.9465 0.0893
v  0.0068 1.9718 0.1018
v  0.0059 1.9606 0.1356
v  -0.0660 1.9573 -0.0003
v  -0.0717 1.9243 0.0479
v  -0.0755 1.3845 0.1489
v  -0.0281 1.3893 0.1777
v  -0.0292 1.3958 -0.1832
v  -0.0257 1.3889 -0.1766
v  0.0188 2.0356 -0.0873
v  -0.0120 2.0157 -0.0833
v  -0.0410 1.9930 -0.0706
v  0.0482 1.8680 -0.9621
v  0.0785 1.8855 -0.9617
v  0.0505 1.8613 -0.8936
v  0.0725 1.9449 -0.9620
v  0.0656 1.9357 -0.9236
v  0.0522 1.9424 -0.9233
v  0.0497 1.9568 -0.9623
v  0.0544 1.9802 -0.8913
v  0.0893 1.9562 -0.8908
v  0.0871 1.9536 -0.9606
v  0.0528 1.9762 -0.9613
v  -0.0161 1.9353 -0.8944
v  0.0106 1.9672 -0.8929
v  0.0104 1.9653 -0.9621
v  0.0142 1.9577 -0.9744
v  0.0504 1.9649 -0.9746
v  0.0795 1.9484 -0.9735
v  -0.0082 1.9034 -0.9750
v  -0.0157 1.8993 -0.9639
v  -0.0159 1.9346 -0.9631
v  -0.0092 1.9318 -0.9730
v  0.0433 1.8856 -0.9630
v  0.0145 1.8890 -0.9631
v  0.0283 1.9028 -0.9229
v  0.0452 1.8782 -0.9743
v  0.0113 1.8823 -0.9754
v  0.0710 1.8919 -0.9741
v  0.0179 1.9530 -0.9620
v  0.0208 1.9309 -0.9228
v  0.0203 1.9145 -0.9228
v  -0.0020 1.9307 -0.9621
v  0.0783 1.9214 -0.9620
v  0.0328 1.9414 -0.9230
v  0.0694 1.9237 -0.9236
v  0.0640 1.9072 -0.9235
v  -0.0019 1.9067 -0.9624
v  0.0670 1.8960 -0.9623
v  0.0081 1.8729 -0.9635
v  0.0857 1.9206 -0.9735
v  0.0469 1.9005 -0.9232
v  0.0943 1.9192 -0.9601
v  0.0984 1.9177 -0.8912
v  0.0833 1.8819 -0.8933
v  0.0088 1.8663 -0.8946
v  -0.0164 1.8965 -0.8948
v  0.0107 1.9675 0.8924
v  -0.0160 1.9356 0.8939
v  0.0102 1.9658 0.9623
v  -0.0080 1.9039 0.9767
v  -0.0019 1.9072 0.9650
v  -0.0081 1.9323 0.9764
v  0.0188 1.9520 0.9631
v  0.0320 1.9418 0.9227
v  0.0493 1.9572 0.9620
v  -0.0020 1.9312 0.9646
v  0.0867 1.9540 0.9601
v  0.0524 1.9766 0.9609
v  0.0791 1.9489 0.9731
v  0.0501 1.9655 0.9743
v  0.0546 1.9805 0.8909
v  0.0938 1.9196 0.9597
v  0.0855 1.9211 0.9726
v  0.0986 1.9179 0.8910
v  0.0834 1.8822 0.8931
v  0.0895 1.9564 0.8905
v  -0.0163 1.8968 0.8943
v  -0.0161 1.8998 0.9641
v  -0.0159 1.9351 0.9637
v  0.0198 1.9149 0.9227
v  0.0721 1.9453 0.9615
v  0.0144 1.9582 0.9752
v  0.0779 1.8859 0.9615
v  0.0203 1.9313 0.9226
v  0.0448 1.8787 0.9742
v  0.0707 1.8923 0.9736
v  0.0429 1.8861 0.9629
v  0.0666 1.8964 0.9620
v  0.0477 1.8684 0.9619
v  0.0076 1.8733 0.9634
v  0.0088 1.8666 0.8943
v  0.0144 1.8895 0.9642
v  0.0276 1.9032 0.9227
v  0.0111 1.8828 0.9758
v  0.0780 1.9218 0.9614
v  0.0691 1.9240 0.9228
v  0.0637 1.9075 0.9228
v  0.0461 1.9009 0.9227
v  0.0653 1.9362 0.9228
v  0.0518 1.9428 0.9227
v  0.0506 1.8616 0.8933
v  0.0975 1.9638 0.5037
v  0.1130 1.9191 0.4541
v  0.0973 1.9619 0.4523
v  0.0144 1.8446 0.5612
v  0.0143 1.8436 0.5077
v  0.0605 1.8444 0.5084
v  -0.0100 1.9590 0.9527
v  0.0217 1.9710 0.9496
v  0.0181 1.9806 0.9518
v  -0.0237 1.9258 0.9529
v  -0.0126 1.9250 0.9505
v  -0.0020 1.9520 0.9504
v  -0.0247 1.9309 0.8307
v  -0.0104 1.9674 0.8867
v  -0.0067 1.9685 0.8298
v  -0.0167 1.8902 0.8316
v  -0.0216 1.8899 0.8874
v  -0.0275 1.9288 0.8871
v  0.0511 1.9756 0.9489
v  0.0533 1.9834 0.9503
v  0.0575 1.8605 0.8322
v  0.0131 1.8617 0.8321
v  0.0145 1.8589 0.7784
v  0.0899 1.9647 0.9501
v  0.0903 1.9290 0.9484
v  0.1025 1.9285 0.9495
v  0.0818 1.9591 0.9489
v  0.1112 1.9279 0.7765
v  0.0933 1.8874 0.8318
v  0.0942 1.8857 0.7774
v  0.1104 1.9289 0.8313
v  0.0948 1.9695 0.7757
v  0.0838 1.9010 0.9486
v  0.0943 1.9704 0.8306
v  0.0533 1.9885 0.7753
v  0.0055 1.8670 0.9532
v  -0.0110 1.8972 0.9513
v  -0.0213 1.8932 0.9530
v  0.0587 1.8584 0.7782
v  0.0100 1.8761 0.9510
v  0.0583 1.8581 0.9368
v  0.0930 1.8879 0.8874
v  0.0960 1.8881 0.9377
v  0.1084 1.9286 0.9365
v  0.0535 1.9920 0.9353
v  0.0941 1.9703 0.8867
v  0.0525 1.9909 0.8863
v  0.0088 1.8612 0.8878
v  0.0565 1.8600 0.8878
v  0.0203 1.9849 0.8294
v  0.0184 1.9861 0.8864
v  0.0161 1.9868 0.9359
v  -0.0316 1.9268 0.9364
v  -0.0158 1.9652 0.9363
v  0.0150 1.8556 0.7248
v  0.0597 1.8555 0.7244
v  0.0960 1.9652 0.6116
v  0.1130 1.9215 0.5584
v  0.0962 1.9643 0.5570
v  0.0552 1.9855 0.6114
v  0.0953 1.9680 0.7213
v  0.0539 1.9873 0.7210
v  -0.0067 1.9664 0.5573
v  -0.0223 1.9262 0.6130
v  -0.0047 1.9666 0.6123
v  0.0228 1.9813 0.6119
v  -0.0044 1.9675 0.6670
v  0.0545 1.9842 0.5563
v  0.0211 1.9824 0.5568
v  0.0542 1.9864 0.6665
v  0.1124 1.9227 0.6125
v  0.0219 1.9836 0.6666
v  0.1118 1.9244 0.6673
v  0.1117 1.9262 0.7221
v  0.0953 1.9663 0.6666
v  -0.0272 1.9254 0.5588
v  -0.0286 1.9248 0.5045
v  -0.0213 1.8764 0.5066
v  -0.0212 1.8744 0.4553
v  0.0551 1.9840 0.5025
v  0.1152 1.9199 0.5054
v  0.0974 1.8740 0.5070
v  0.0968 1.8716 0.4561
v  0.0613 1.8472 0.5610
v  0.0967 1.8766 0.5598
v  -0.0290 1.9241 0.4530
v  -0.0181 1.8798 0.6150
v  -0.0239 1.9274 0.6685
v  0.0150 1.8519 0.6709
v  -0.0182 1.8773 0.5601
v  0.0548 1.9821 0.4509
v  0.0139 1.8407 0.4568
v  0.0610 1.8410 0.4573
v  0.0214 1.9813 0.5027
v  0.0209 1.9800 0.4509
v  -0.0071 1.9649 0.4513
v  -0.0066 1.9657 0.5029
v  0.0038 1.8609 0.9369
v  0.0527 1.9894 0.8300
v  -0.0056 1.9688 0.7753
v  0.0928 1.8916 0.9503
v  0.0537 1.8743 0.9494
v  0.0574 1.8640 0.9511
v  0.0214 1.9842 0.7210
v  0.0213 1.9847 0.7748
v  -0.0268 1.8898 0.9366
v  -0.0166 1.8880 0.7777
v  0.1084 1.9291 0.8872
v  0.0948 1.9693 0.9354
v  -0.0058 1.9683 0.7213
v  -0.0249 1.9306 0.7765
v  0.0949 1.8834 0.7233
v  0.0953 1.8808 0.6689
v  0.0955 1.8788 0.6141
v  0.0135 1.8475 0.6161
v  -0.0162 1.8824 0.6700
v  -0.0174 1.8852 0.7241
v  -0.0257 1.9291 0.7227
v  0.0601 1.8504 0.6154
v  0.0601 1.8519 0.6703
v  0.0563 1.8606 -0.8319
v  0.0120 1.8618 -0.8320
v  0.0560 1.8600 -0.8875
v  -0.0107 1.8971 -0.9506
v  -0.0234 1.9257 -0.9520
v  -0.0124 1.9249 -0.9503
v  0.1027 1.9285 -0.9497
v  0.0944 1.8913 -0.9503
v  0.0856 1.9005 -0.9486
v  -0.0221 1.8899 -0.8875
v  -0.0313 1.9267 -0.9359
v  -0.0266 1.8897 -0.9360
v  -0.0156 1.9651 -0.9359
v  0.0163 1.9868 -0.9357
v  0.0183 1.9805 -0.9514
v  0.0535 1.9833 -0.9502
v  0.1086 1.9286 -0.9366
v  0.0977 1.8877 -0.9374
v  -0.0211 1.8930 -0.9521
v  -0.0178 1.8903 -0.8316
v  0.0083 1.8612 -0.8877
v  0.0537 1.9919 -0.9353
v  0.0935 1.9703 -0.8864
v  0.0949 1.9692 -0.9355
v  0.1078 1.9292 -0.8868
v  0.0945 1.8875 -0.8871
v  0.0191 1.9851 -0.8295
v  0.0514 1.9896 -0.8299
v  0.0519 1.9909 -0.8863
v  0.0540 1.8742 -0.9491
v  0.0126 1.8471 -0.5598
v  0.0588 1.8472 -0.5614
v  0.0587 1.8448 -0.5088
v  0.0930 1.9698 -0.7755
v  0.0513 1.9877 -0.7210
v  0.0927 1.9684 -0.7211
v  -0.0075 1.9691 -0.7754
v  0.0194 1.9850 -0.7749
v  0.0514 1.9888 -0.7752
v  0.0576 1.8639 -0.9508
v  0.0585 1.8581 -0.9365
v  -0.0098 1.9588 -0.9521
v  -0.0184 1.8883 -0.7778
v  -0.0259 1.9310 -0.8309
v  0.0040 1.8608 -0.9363
v  0.0058 1.8668 -0.9524
v  0.1093 1.9282 -0.7760
v  0.0946 1.8855 -0.7770
v  0.0944 1.8870 -0.8314
v  0.0569 1.8587 -0.7778
v  0.0513 1.9755 -0.9488
v  0.0820 1.9590 -0.9490
v  0.1092 1.9291 -0.8309
v  0.0931 1.9706 -0.8303
v  -0.0280 1.9288 -0.8873
v  -0.0109 1.9675 -0.8869
v  -0.0017 1.9519 -0.9499
v  0.0127 1.8592 -0.7782
v  -0.0198 1.8856 -0.7241
v  0.0901 1.9646 -0.9503
v  -0.0201 1.8785 -0.5583
v  -0.0178 1.8819 -0.6132
v  0.0921 1.9670 -0.6667
v  0.0514 1.9863 -0.6116
v  0.0920 1.9658 -0.6122
v  0.0514 1.9868 -0.6665
v  0.1093 1.9267 -0.7217
v  0.1087 1.9249 -0.6673
v  0.0516 1.9862 -0.5567
v  0.0532 1.9849 -0.5031
v  0.0956 1.9647 -0.5053
v  0.0125 1.8447 -0.5068
v  -0.0269 1.9308 -0.7766
v  -0.0080 1.9687 -0.8300
v  -0.0284 1.9280 -0.6685
v  -0.0282 1.9295 -0.7229
v  -0.0083 1.9686 -0.7215
v  0.0945 1.8780 -0.6145
v  0.0962 1.8768 -0.5612
v  0.0576 1.8479 -0.6154
v  0.0106 1.8491 -0.6155
v  0.1090 1.9234 -0.6132
v  -0.0079 1.9684 -0.6672
v  0.0188 1.9846 -0.7211
v  0.0569 1.8559 -0.7241
v  0.0944 1.8833 -0.7229
v  0.0944 1.8806 -0.6687
v  0.0113 1.8518 -0.6707
v  0.0123 1.8560 -0.7246
v  0.0181 1.9830 -0.5563
v  0.0183 1.9841 -0.6115
v  -0.0110 1.9699 -0.6115
v  -0.0263 1.9272 -0.6113
v  -0.0230 1.8774 -0.5047
v  0.0937 1.9654 -0.5588
v  -0.0281 1.9258 -0.5563
v  -0.0089 1.9665 -0.5557
v  0.0570 1.8519 -0.6701
v  -0.0215 1.8819 -0.6702
v  0.1108 1.9223 -0.5606
v  0.1133 1.9209 -0.5074
v  0.0979 1.8742 -0.5083
v  0.0966 1.9631 -0.4538
v  0.1133 1.9202 -0.4560
v  0.0539 1.9836 -0.4514
v  0.0195 1.9821 -0.5023
v  0.0982 1.8718 -0.4573
v  0.0600 1.8419 -0.4577
v  0.0178 1.9862 -0.8865
v  0.0220 1.9709 -0.9492
v  0.0103 1.8760 -0.9503
v  0.0906 1.9289 -0.9485
v  -0.0303 1.9256 -0.5026
v  -0.0083 1.9664 -0.5017
v  0.0190 1.9840 -0.6669
v  0.0130 1.8417 -0.4559
v  -0.0222 1.8754 -0.4535
v  0.0199 1.9813 -0.4505
v  -0.0300 1.9250 -0.4511
v  -0.0079 1.9658 -0.4501
v  0.1754 1.6409 0.0513
v  0.1771 1.6408 0.0008
v  0.1822 1.7063 0.0007
v  0.1632 1.7735 -0.1821
v  0.1488 1.8329 -0.2192
v  0.1657 1.8323 -0.1877
v  0.1777 1.7745 -0.1178
v  0.1779 1.8324 -0.1228
v  0.1801 1.8325 -0.0600
v  0.0169 1.7546 -0.2366
v  -0.0478 1.7063 -0.2009
v  -0.0361 1.7958 -0.2311
v  -0.0776 1.8937 -0.1629
v  -0.0438 1.9180 -0.1469
v  -0.0636 1.8857 -0.1663
v  0.1154 1.7568 -0.2233
v  -0.0980 1.8586 -0.1442
v  -0.1091 1.8567 -0.0723
v  -0.0737 1.9272 -0.0789
v  0.1749 1.8891 -0.0617
v  0.1714 1.8892 0.0005
v  0.1480 1.9575 -0.1201
v  0.1533 1.9570 -0.0600
v  0.0879 2.0216 -0.0936
v  0.1106 2.0029 -0.1079
v  0.0751 2.0071 -0.1761
v  -0.0522 1.8537 -0.2534
v  -0.0011 1.8010 -0.2490
v  0.0023 1.8187 -0.2754
v  -0.1291 1.7845 -0.0589
v  -0.1406 1.7883 -0.0684
v  -0.0946 1.8506 -0.0664
v  0.1293 1.8712 -0.2984
v  0.1389 1.9072 -0.2815
v  0.1337 1.8635 -0.2812
v  0.1346 1.9117 -0.2981
v  0.1151 1.9722 -0.2932
v  0.1169 1.9686 -0.2762
v  0.0220 1.9804 -0.3677
v  0.0556 1.9810 -0.4084
v  0.0217 1.9777 -0.4080
v  -0.0093 1.9670 -0.3677
v  0.0621 1.8055 -0.2810
v  0.0617 1.7854 -0.2536
v  0.0593 1.8116 -0.2960
v  0.0066 1.8252 -0.3271
v  0.0626 1.8194 -0.3294
v  0.1077 1.9648 -0.3270
v  0.0578 1.9837 -0.3680
v  0.0615 1.9910 -0.3246
v  0.1256 1.9115 -0.3311
v  0.1026 1.9621 -0.3703
v  -0.1994 1.5675 -0.0597
v  -0.1569 1.5011 -0.1105
v  -0.2031 1.5024 -0.0591
v  0.0088 1.7060 -0.2203
v  -0.0788 1.6033 0.1303
v  -0.1038 1.7398 0.0957
v  -0.0772 1.7379 0.1131
v  -0.1888 1.5678 -0.0509
v  -0.1913 1.5011 -0.0534
v  -0.1331 1.4723 -0.0916
v  -0.1289 1.7903 -0.1169
v  -0.0846 1.8510 -0.1460
v  -0.1193 1.7828 -0.1208
v  -0.1702 1.7102 -0.0649
v  -0.0492 1.9151 -0.0730
v  0.1046 1.6376 -0.2046
v  0.0566 1.6409 -0.2166
v  0.0625 1.7066 -0.2295
v  0.1537 1.7049 -0.1675
v  0.1147 1.7046 -0.2158
v  -0.0471 1.6438 -0.1931
v  -0.0019 1.6415 -0.2078
v  -0.0064 1.5692 -0.1962
v  0.0465 1.5672 -0.2001
v  -0.1599 1.4441 -0.1171
v  -0.2038 1.4448 -0.0605
v  -0.0390 1.9457 -0.1642
v  -0.0340 1.9386 -0.1714
v  0.1098 1.8219 -0.2820
v  0.0021 1.8229 -0.2914
v  -0.0430 1.8587 -0.2734
v  -0.0136 1.9717 -0.3249
v  -0.0440 1.9229 -0.3271
v  0.0112 1.9964 -0.1411
v  -0.0275 1.9597 -0.1607
v  -0.0072 2.0122 -0.0858
v  0.0500 2.0622 -0.0728
v  0.0500 2.0250 -0.1223
v  0.0222 2.0430 -0.0853
v  -0.0209 1.9558 -0.1645
v  -0.0602 1.9295 -0.1363
v  -0.0226 1.9640 -0.2003
v  0.0667 1.9990 -0.2441
v  0.0641 2.0016 -0.2748
v  -0.0578 1.9130 -0.2509
v  -0.0553 1.9180 -0.2728
v  0.1164 1.8397 -0.2979
v  0.1106 1.8503 -0.3310
v  0.1406 1.8483 -0.2502
v  0.1044 1.7918 -0.2430
v  -0.0600 1.8510 -0.2318
v  -0.0671 1.8508 -0.2062
v  -0.0533 1.9029 -0.2040
v  -0.0560 1.9070 -0.2296
v  -0.0216 1.9749 -0.2492
v  -0.0219 1.9784 -0.2724
v  0.1426 1.8979 -0.2508
v  0.1274 1.9582 -0.2158
v  0.1520 1.8890 -0.2211
v  0.1202 1.9620 -0.2458
v  0.1624 1.8890 -0.1882
v  0.1355 1.9584 -0.1763
v  -0.0219 1.9796 -0.2901
v  0.0221 1.9980 -0.2737
v  -0.0435 1.8625 -0.2906
v  -0.0251 1.8667 -0.3690
v  0.0131 1.8315 -0.3695
v  -0.0367 1.8631 -0.3273
v  0.0637 1.7505 -0.2366
v  -0.0189 1.8708 -0.4121
v  0.0642 1.8287 -0.3709
v  0.1722 1.8890 -0.1248
v  0.1150 1.9155 -0.4123
v  0.0954 1.9589 -0.4100
v  0.0231 2.0011 -0.2912
v  0.0212 1.9932 -0.2219
v  0.0220 1.9943 -0.2481
v  0.0699 2.0026 -0.2130
v  -0.1151 1.5012 -0.1637
v  -0.1501 1.5669 -0.1110
v  -0.1066 1.5662 -0.1582
v  0.1540 1.5682 -0.0977
v  0.1427 1.6391 -0.1531
v  0.1646 1.6403 -0.1022
v  0.1739 1.7057 -0.1087
v  0.1009 1.8663 -0.4138
v  0.0627 1.8361 -0.4146
v  0.1818 1.7062 -0.0526
v  0.1663 1.5682 0.0506
v  0.1636 1.6405 0.1036
v  0.1817 1.7746 -0.0571
v  0.1765 1.8325 0.0005
v  0.1761 1.6407 -0.0498
v  0.1672 1.5681 -0.0491
v  -0.0581 1.7820 -0.2110
v  -0.0863 1.7815 -0.1673
v  -0.1358 1.7046 -0.1184
v  -0.0965 1.7060 -0.1598
v  -0.1045 1.6386 -0.1549
v  0.1175 1.8739 -0.3312
v  0.1036 1.8597 -0.3715
v  0.1221 1.9139 -0.3718
v  0.0240 1.9887 -0.3240
v  -0.0764 1.8528 -0.1681
v  0.0158 1.8365 -0.4138
v  0.0648 2.0041 -0.2919
v  0.0974 1.5671 -0.1872
v  -0.1523 1.7052 -0.0961
v  -0.1809 1.6402 -0.0756
v  -0.1558 1.7050 -0.0926
v  -0.0068 1.9632 -0.4084
v  -0.0336 1.9211 -0.3687
v  -0.0278 1.9218 -0.4101
v  -0.1599 1.7059 -0.0535
v  -0.1284 1.6028 -0.0940
v  -0.1025 1.7396 -0.0960
v  -0.0650 1.8482 -0.0988
v  -0.0757 1.7377 -0.1132
v  -0.0770 1.6030 -0.1302
v  0.0144 1.9931 -0.1434
v  -0.0210 1.9701 -0.2260
v  0.0214 1.9916 -0.1936
v  -0.0551 1.9224 -0.2906
v  0.1245 1.9587 0.2163
v  0.1390 1.8984 0.2514
v  0.1486 1.8895 0.2218
v  0.0182 1.9938 0.2218
v  0.0634 1.9995 0.2441
v  0.0670 2.0030 0.2130
v  0.0193 2.0020 0.2911
v  0.0604 2.0021 0.2748
v  0.0184 1.9986 0.2735
v  0.0201 1.9897 0.3240
v  0.0180 1.9828 0.3677
v  0.0539 1.9842 0.3679
v  0.1125 1.9165 0.4117
v  0.0985 1.9625 0.3700
v  0.0923 1.9595 0.4094
v  -0.0255 1.9802 0.2900
v  -0.0120 1.9671 0.3681
v  0.0184 1.9788 0.4081
v  -0.0387 1.7966 0.2303
v  -0.0555 1.8543 0.2535
v  -0.0656 1.8509 0.2326
v  -0.0243 1.9709 0.2255
v  -0.0612 1.9135 0.2508
v  -0.0250 1.9754 0.2488
v  -0.0028 1.8213 0.2923
v  -0.0467 1.8592 0.2734
v  -0.0014 1.8193 0.2756
v  0.0127 1.8375 0.4142
v  0.0593 1.8377 0.4145
v  -0.0104 1.9648 0.4088
v  -0.0309 1.9227 0.4108
v  0.0522 1.9803 0.4080
v  0.0955 1.8682 0.4136
v  0.1184 1.9146 0.3714
v  -0.2085 1.2529 -0.0864
v  -0.1973 1.2018 -0.0878
v  -0.1964 1.2532 -0.0800
v  -0.0044 1.8014 0.2493
v  0.1308 1.9124 0.2985
v  0.1034 1.9654 0.3270
v  0.1215 1.9122 0.3311
v  -0.1679 1.3721 -0.1267
v  -0.2070 1.3027 -0.0794
v  -0.2062 1.3722 -0.0688
v  -0.2076 1.2032 -0.0964
v  -0.1960 1.3026 -0.0732
v  -0.1952 1.3716 -0.0634
v  -0.0680 1.2021 -0.2350
v  -0.0067 1.2531 -0.2463
v  -0.0032 1.2025 -0.2527
v  -0.0680 1.1459 -0.2460
v  -0.1343 1.1456 -0.2038
v  -0.0701 1.4449 -0.2080
v  -0.0726 1.3723 -0.2163
v  -0.1265 1.3722 -0.1807
v  -0.0143 1.4444 -0.2149
v  0.1361 1.8492 0.2504
v  0.1058 1.8228 0.2822
v  0.1020 1.7909 0.2425
v  -0.0460 1.9185 0.1467
v  -0.0589 1.9041 0.2032
v  -0.0385 1.9394 0.1711
v  0.0584 1.8066 0.2810
v  0.0582 1.7846 0.2545
v  -0.1929 1.4450 -0.0557
v  -0.0474 1.8630 0.2909
v  -0.0590 1.9231 0.2906
v  -0.0589 1.9186 0.2726
v  0.1805 1.7746 0.0006
v  0.1406 1.1021 -0.2231
v  0.1686 1.1474 -0.1712
v  0.1786 1.1040 -0.1731
v  -0.0255 1.9787 0.2721
v  0.0575 1.9919 0.3246
v  -0.0987 1.7809 0.1748
v  -0.0604 1.7826 0.2105
v  -0.0728 1.8508 0.2073
v  0.0610 2.0052 0.2920
v  0.1950 1.1477 -0.0010
v  0.2146 1.1463 -0.0008
v  0.1995 1.2029 -0.0007
v  0.1801 1.2034 -0.0012
v  0.1879 1.1471 -0.1126
v  0.1975 1.1050 -0.1130
v  -0.1711 1.7104 0.0642
v  -0.1299 1.7847 0.0583
v  -0.1606 1.7060 0.0529
v  0.1301 1.1471 -0.2185
v  0.1489 1.2534 -0.1646
v  0.1187 1.2028 -0.2146
v  0.1116 1.2535 -0.2108
v  0.1573 1.2029 -0.1683
v  0.0761 1.0968 -0.2593
v  0.1337 1.1021 -0.2176
v  0.1132 1.9692 0.2764
v  0.1112 1.9729 0.2936
v  0.2082 1.1116 -0.0013
v  0.2117 1.1051 -0.0522
v  0.2205 1.1082 -0.0016
v  0.1759 1.2026 -0.1115
v  0.1613 1.3029 -0.1089
v  0.1675 1.2532 -0.1100
v  0.1803 1.3022 -0.0017
v  0.1893 1.2528 -0.0016
v  0.1819 1.2528 -0.0462
v  -0.0824 1.8550 0.1685
v  0.1989 1.1052 -0.0536
v  0.2031 1.1459 -0.0510
v  0.1841 1.1052 -0.1144
v  0.1663 1.1041 -0.1715
v  0.1898 1.2016 -0.0480
v  0.0139 1.7550 0.2376
v  0.0055 1.7062 0.2278
v  0.0596 1.7060 0.2339
v  -0.0892 1.8526 0.1464
v  -0.1210 1.7831 0.1204
v  0.1461 1.8331 0.2204
v  0.1621 1.8327 0.1885
v  0.1597 1.8894 0.1891
v  -0.1402 1.0964 -0.2149
v  -0.0689 1.0895 -0.2605
v  -0.0666 1.0891 -0.2500
v  -0.1268 1.3023 -0.1874
v  -0.0718 1.3025 -0.2225
v  -0.1711 1.3023 -0.1365
v  -0.1282 1.2528 -0.1910
v  -0.1301 1.2019 -0.1950
v  -0.1775 1.2023 -0.1439
v  -0.0697 1.2530 -0.2281
v  -0.1808 1.1082 -0.1526
v  -0.1803 1.1465 -0.1490
v  0.0008 1.0915 0.2737
v  0.0725 1.0974 0.2614
v  0.0653 1.1472 0.2536
v  -0.0025 1.1469 0.2621
v  0.0687 1.1467 -0.2516
v  0.1044 1.3027 -0.2068
v  0.0565 1.2533 -0.2400
v  0.0511 1.3025 -0.2329
v  -0.1747 1.2529 -0.1404
v  0.0021 1.0906 -0.2623
v  0.0045 1.0909 -0.2719
v  -0.0101 1.3026 -0.2398
v  -0.1200 1.4443 -0.1702
v  0.0616 1.2027 -0.2458
v  0.0010 1.1463 -0.2604
v  -0.0798 1.8940 0.1629
v  -0.0669 1.8865 0.1661
v  0.0743 1.0967 -0.2508
v  -0.1894 1.1207 -0.1159
v  -0.1959 1.1275 -0.1246
v  -0.2016 1.1480 -0.1114
v  -0.1969 1.1459 -0.1009
v  0.1197 1.2539 -0.1495
v  0.0321 1.2537 -0.1972
v  0.0612 1.2031 -0.2013
v  0.0051 1.2029 -0.2125
v  0.0048 1.1469 -0.2234
v  0.0637 1.1470 -0.2116
v  -0.1060 1.2026 -0.1708
v  -0.0752 1.2534 -0.1783
v  -0.1523 1.2542 -0.1043
v  -0.0529 1.2027 -0.2034
v  -0.1553 1.1476 -0.1356
v  -0.1120 1.1466 -0.1795
v  0.1145 1.1473 -0.1829
v  -0.0561 1.1467 -0.2138
v  -0.1551 1.2018 -0.1076
v  -0.1345 1.0963 -0.2036
v  -0.1690 1.1038 -0.1470
v  0.1706 1.8893 0.1258
v  0.1760 1.8327 0.1240
v  -0.0482 1.9232 0.3275
v  0.0555 1.8125 0.2962
v  0.0590 1.8204 0.3295
v  0.0040 1.8278 0.3273
v  0.1251 1.8720 0.2985
v  0.1129 1.8747 0.3308
v  0.1043 1.8521 0.3308
v  0.1124 1.7573 0.2254
v  0.1761 1.7748 0.1191
v  0.1521 1.7052 0.1695
v  0.1727 1.7059 0.1100
v  0.1586 1.7745 0.1822
v  0.1396 1.6391 0.1555
v  0.0727 2.0074 0.1762
v  0.0518 2.0168 0.1225
v  0.0189 1.9918 0.1934
v  0.0133 1.9922 0.1430
v  0.0093 1.9967 0.1408
v  -0.0083 2.0124 0.0854
v  -0.0278 1.9601 0.1595
v  0.0484 2.0252 0.1222
v  0.0210 2.0432 0.0850
v  0.1740 1.8892 0.0626
v  0.1524 1.9572 0.0607
v  0.1464 1.9578 0.1207
v  0.1793 1.8326 0.0611
v  0.1331 1.9588 0.1768
v  0.0867 2.0219 0.0938
v  -0.0401 1.9417 0.1621
v  -0.0237 1.9567 0.1640
v  -0.0620 1.9298 0.1358
v  -0.0413 1.9755 0.0821
v  -0.0241 1.9635 0.1998
v  0.1169 1.9625 0.2462
v  0.1292 1.8643 0.2814
v  0.1016 1.8329 0.2977
v  0.0607 1.7503 0.2403
v  0.1352 1.9079 0.2820
v  -0.0198 1.9576 0.0727
v  0.0183 2.0058 0.0740
v  0.0187 1.9949 0.2479
v  -0.0750 1.9273 0.0785
v  -0.1002 1.8589 0.1439
v  -0.0224 1.8716 0.4129
v  -0.0502 1.9153 0.0726
v  0.1131 2.0194 0.0001
v  0.1225 2.0035 0.0552
v  0.1249 2.0037 0.0002
v  0.1067 2.0213 0.0527
v  0.1121 2.0308 0.0001
v  0.1509 1.9568 0.0003
v  0.1232 2.0034 -0.0548
v  0.1074 2.0212 -0.0525
v  0.1809 1.7747 0.0584
v  0.1091 2.0032 0.1082
v  0.0826 2.0710 -0.0000
v  0.1062 2.0333 -0.0513
v  0.0534 2.0167 -0.1227
v  0.0977 1.8612 0.3713
v  -0.0608 1.9078 0.2292
v  0.0608 1.8297 0.3709
v  0.0094 1.8320 0.3701
v  -0.0285 1.8675 0.3698
v  -0.0393 1.8644 0.3275
v  -0.0368 1.9219 0.3692
v  -0.0180 1.9731 0.3252
v  -0.0955 1.8507 0.0659
v  -0.1306 1.7906 0.1165
v  0.0840 2.0318 0.0933
v  0.1055 2.0334 0.0515
v  0.0734 2.0702 0.0406
v  0.0490 2.0624 0.0727
v  0.0598 2.0396 0.0488
v  -0.1101 1.8568 0.0717
v  -0.1415 1.7884 0.0678
v  -0.1702 1.1041 0.1444
v  -0.1973 1.1260 0.1252
v  -0.1922 1.1244 0.1151
v  0.0740 2.0701 -0.0406
v  0.0853 2.0317 -0.0933
v  0.0720 2.0401 0.0000
v  0.0605 2.0395 -0.0488
v  -0.0402 1.9753 -0.0826
v  -0.0188 1.9574 -0.0730
v  0.0193 2.0056 -0.0743
v  0.1811 1.7063 0.0540
v  -0.1829 1.1085 0.1533
v  -0.1431 1.0969 0.2158
v  -0.1375 1.1464 0.2052
v  0.2089 1.1085 0.0027
v  0.2214 1.1100 0.0027
v  0.2103 1.1075 0.0579
v  0.1395 1.1993 0.1421
v  0.1657 1.1477 0.1029
v  0.1452 1.1477 0.1493
v  0.1798 1.1482 0.0563
v  0.1972 1.1077 0.0565
v  0.1954 1.1477 0.0025
v  0.2166 1.1491 0.0026
v  0.1967 1.1051 0.1160
v  0.2036 1.1478 0.0546
v  0.1876 1.1477 0.1155
v  0.1071 1.7049 0.2111
v  -0.0565 1.7053 0.2105
v  0.1656 1.2540 -0.0014
v  0.1617 1.3030 -0.0015
v  0.0982 1.6410 0.2010
v  0.0952 1.5676 0.1889
v  -0.1450 1.7061 0.1231
v  -0.1108 1.7061 0.1729
v  -0.0655 1.6408 0.2079
v  0.1541 1.5682 0.0999
v  -0.1574 1.7055 0.0944
v  -0.1652 1.7077 0.0928
v  -0.0070 1.6409 0.2206
v  0.0438 1.5677 0.2052
v  0.0538 1.6399 0.2233
v  0.1258 1.5681 0.1466
v  -0.1993 1.5676 0.0575
v  -0.2041 1.5026 0.0588
v  -0.1630 1.5026 0.1172
v  -0.2042 1.4449 0.0601
v  -0.1920 1.5012 0.0530
v  -0.1936 1.4452 0.0553
v  -0.1961 1.3717 0.0632
v  -0.1887 1.6411 0.0597
v  -0.1819 1.6404 0.0750
v  -0.0729 1.5029 0.2044
v  -0.1241 1.5028 0.1706
v  -0.1246 1.4452 0.1726
v  -0.1189 1.6406 0.1734
v  -0.1567 1.6405 0.1227
v  -0.0716 1.5681 0.2057
v  -0.1221 1.5679 0.1707
v  -0.0144 1.5682 0.2135
v  -0.1808 1.6393 0.0506
v  -0.1343 1.4725 0.0917
v  -0.0803 1.4747 0.1468
v  -0.1896 1.5679 0.0504
v  -0.1297 1.6030 0.0939
v  -0.0664 1.8485 0.0984
v  0.1620 1.1475 -0.1003
v  0.1810 1.1481 -0.0536
v  0.1095 1.2033 -0.1740
v  0.1472 1.1474 -0.1468
v  0.1406 1.2034 -0.1397
v  0.1727 1.2036 -0.0530
v  0.1547 1.2035 -0.0955
v  -0.1391 1.3695 -0.0992
v  -0.0783 1.4743 -0.1464
v  -0.1471 1.3024 -0.1010
v  0.1539 1.3031 -0.0696
v  0.1460 1.3727 -0.0657
v  0.1567 1.2540 -0.0709
v  0.0316 1.3028 -0.1935
v  0.1175 1.3031 -0.1468
v  0.1115 1.3727 -0.1385
v  -0.0741 1.3016 -0.1715
v  0.0305 1.3725 -0.1826
v  -0.0761 1.3728 -0.1592
v  0.0396 1.4438 -0.2013
v  -0.0153 1.5022 -0.2029
v  -0.0128 1.3722 -0.2304
v  0.0938 1.3714 -0.1941
v  0.0450 1.3713 -0.2198
v  0.0842 1.4441 -0.1779
v  0.0391 1.5028 -0.1963
v  0.0882 1.5030 -0.1756
v  0.1279 1.3715 -0.1512
v  0.1166 1.4449 -0.1387
v  0.1566 1.5028 0.0512
v  0.1548 1.4451 0.0496
v  0.1452 1.5028 0.0982
v  -0.1878 1.6410 -0.0603
v  -0.1801 1.6392 -0.0512
v  0.0597 1.1988 0.2471
v  -0.1435 1.6400 -0.1151
v  -0.0614 1.5638 -0.1847
v  0.1301 1.5671 -0.1472
v  0.1182 1.5030 0.1403
v  0.1431 1.4448 0.1008
v  0.1175 1.4448 0.1428
v  0.0869 1.5031 0.1785
v  -0.0669 1.5007 -0.1961
v  0.1408 1.3026 -0.1611
v  0.1513 1.3722 -0.1044
v  0.1448 1.4456 -0.0992
v  0.1517 1.3724 -0.0007
v  0.1682 1.3710 -0.0008
v  0.1748 1.3025 -0.0447
v  0.1626 1.3724 -0.0471
v  0.1514 1.3720 0.0011
v  0.1474 1.5030 -0.0970
v  0.1587 1.5028 -0.0497
v  0.1202 1.5031 -0.1390
v  0.1734 1.3012 0.0472
v  0.1504 1.3710 0.1061
v  0.1604 1.3011 0.1104
v  0.1686 1.3709 0.0012
v  0.1817 1.3016 0.0032
v  -0.0179 1.5030 0.2072
v  0.1591 1.4447 0.0003
v  0.1592 1.5029 0.0008
v  0.1569 1.4457 -0.0482
v  0.1630 1.3726 0.0488
v  -0.1709 1.3726 0.1277
v  -0.1293 1.3727 0.1815
v  0.1265 1.3706 0.1527
v  0.0828 1.4448 0.1799
v  0.1809 1.1990 0.0026
v  0.1639 1.2536 0.0034
v  0.1889 1.2529 0.0040
v  0.2023 1.1990 0.0027
v  0.1916 1.1983 0.0512
v  0.1390 1.3010 0.1616
v  0.1474 1.2521 0.1650
v  0.1669 1.2522 0.1118
v  -0.0747 1.3030 0.2234
v  -0.0134 1.3031 0.2411
v  -0.0160 1.3729 0.2324
v  -0.0756 1.3728 0.2170
v  0.1798 1.2523 0.0491
v  -0.1647 1.4451 0.1195
v  -0.0718 1.4447 0.2052
v  0.1669 1.5682 0.0008
v  0.1764 1.1987 0.1142
v  0.0480 1.3030 0.2346
v  0.1016 1.3033 0.2088
v  0.0918 1.3723 0.1969
v  0.1183 1.1985 0.2147
v  0.1557 1.1988 0.1708
v  -0.0713 1.1464 0.2472
v  -0.0058 1.1987 0.2543
v  0.0427 1.3725 0.2226
v  0.1593 1.3022 0.0027
v  0.1757 1.1044 0.1757
v  0.1640 1.1044 0.1744
v  0.1846 1.1052 0.1129
v  0.0008 1.0912 0.2657
v  0.0686 1.0973 0.2551
v  0.0537 1.2536 0.2410
v  -0.0100 1.2537 0.2476
v  0.1659 1.1476 0.1738
v  0.1403 1.1043 0.2238
v  0.0389 1.4450 0.2077
v  0.1103 1.2523 0.2099
v  0.1296 1.1482 0.2187
v  0.0357 1.5032 0.1992
v  -0.0169 1.4444 0.2145
v  -0.1781 1.2534 0.1419
v  -0.2097 1.2531 0.0866
v  -0.2088 1.1990 0.0976
v  -0.1752 1.3029 0.1384
v  -0.0727 1.2534 0.2291
v  -0.1375 1.0967 0.2046
v  0.1335 1.1044 0.2183
v  -0.1823 1.1468 0.1496
v  -0.1801 1.1982 0.1450
v  -0.1312 1.3029 0.1900
v  -0.1328 1.2534 0.1938
v  -0.1345 1.1982 0.1980
v  -0.2080 1.3029 0.0795
v  -0.1974 1.2534 0.0803
v  -0.0724 1.0901 0.2618
v  -0.0706 1.0897 0.2513
v  -0.0712 1.1982 0.2369
v  -0.1986 1.1975 0.0889
v  -0.1608 1.5677 0.1191
v  -0.1982 1.1461 0.1015
v  0.0023 1.1990 0.2148
v  0.0598 1.1993 0.2027
v  0.0608 1.1475 0.2136
v  0.1092 1.1993 0.1750
v  0.1539 1.1993 0.0982
v  0.1678 1.1993 0.0557
v  -0.2015 1.1491 0.1142
v  -0.2067 1.3723 0.0687
v  -0.1970 1.3028 0.0733
v  -0.1537 1.2544 0.1048
v  -0.1145 1.1470 0.1805
v  -0.1571 1.1479 0.1364
v  0.1533 1.2540 0.0729
v  -0.1568 1.1976 0.1085
v  -0.1088 1.1986 0.1724
v  -0.0776 1.2538 0.1793
v  -0.1404 1.3697 0.0995
v  -0.1485 1.3026 0.1014
v  0.0294 1.2541 0.1988
v  0.1180 1.2537 0.1509
v  -0.0764 1.3020 0.1723
v  -0.0783 1.3732 0.1598
v  0.0280 1.3729 0.1839
v  -0.0559 1.1988 0.2055
v  0.1505 1.3031 0.0715
v  0.0290 1.3032 0.1950
v  0.1156 1.3031 0.1485
v  0.1096 1.3728 0.1401
v  0.1426 1.3728 0.0674
v  0.1143 1.1488 0.1834
v  0.0018 1.1474 0.2251
v  -0.0590 1.1472 0.2152
v  -0.1092 2.3221 -0.0782
v  -0.1075 2.2880 -0.0721
v  -0.1253 2.3131 -0.0572
v  -0.1555 2.3058 -0.0190
v  -0.1525 2.2871 -0.0271
v  -0.1352 2.2954 -0.0184
v  -0.1373 2.2795 -0.0193
v  -0.1400 2.2768 -0.0112
v  -0.1374 2.2917 -0.0316
v  -0.1375 2.2675 -0.0386
v  -0.1377 2.2944 -0.0041
v  -0.1096 2.2818 -0.0796
v  -0.1127 2.2823 -0.0783
v  -0.1210 2.3072 -0.0769
v  -0.1117 2.2548 -0.0716
v  -0.1076 2.2755 -0.0758
v  -0.0933 2.2473 -0.0798
v  -0.1351 2.3256 -0.0178
v  -0.1283 2.3242 0.0051
v  -0.1486 2.3029 -0.0291
v  -0.1785 2.3169 -0.0242
v  -0.1508 2.2865 -0.0317
v  -0.1755 2.3327 -0.0087
v  -0.1564 2.3205 -0.0067
v  -0.1237 2.2712 -0.0634
v  -0.1214 2.3040 -0.0649
v  -0.1350 2.2982 -0.0422
v  -0.1362 2.2699 -0.0651
v  -0.1428 2.2886 -0.0704
v  -0.1263 2.3252 -0.0394
v  -0.1324 2.3140 -0.0207
v  -0.0715 2.2668 -0.0865
v  -0.1416 2.2606 -0.0235
v  -0.0986 2.2462 -0.0819
v  -0.1043 2.2653 -0.0798
v  -0.0885 2.2504 -0.0945
v  -0.0935 2.2766 -0.0950
v  -0.0455 2.3462 0.0805
v  -0.0141 2.3639 0.0750
v  -0.0292 2.3736 0.0759
v  0.0219 2.3642 0.0581
v  0.0192 2.3746 0.0518
v  -0.0306 2.3426 0.0710
v  -0.0008 2.3535 0.0664
v  0.0218 2.3578 0.0585
v  -0.1526 2.2771 -0.0224
v  -0.1386 2.2791 -0.0153
v  -0.1413 2.2602 -0.0163
v  -0.1142 2.2670 -0.0737
v  -0.1228 2.2505 -0.0666
v  -0.1376 2.2539 -0.0415
v  -0.1471 2.2706 -0.0384
v  -0.1326 2.2505 -0.0560
v  -0.1578 2.2576 -0.0325
v  -0.1355 2.2794 -0.0254
v  -0.1351 2.2955 -0.0203
v  -0.1642 2.2797 -0.0309
v  -0.1618 2.2672 -0.0318
v  -0.1473 2.2597 -0.0240
v  -0.1500 2.2610 -0.0415
v  -0.1359 2.2634 -0.0403
v  -0.1318 2.3077 -0.0119
v  -0.1515 2.3281 0.0092
v  -0.1296 2.3203 -0.0012
v  -0.1442 2.3361 0.0329
v  -0.1458 2.3601 0.0388
v  -0.1668 2.3494 0.0106
v  -0.1116 2.3537 0.0710
v  -0.1153 2.3363 0.0608
v  -0.0871 2.3744 0.0748
v  -0.0820 2.3396 0.0776
v  -0.0630 2.3602 0.0814
v  -0.0464 2.3919 0.0619
v  -0.0963 2.3914 0.0264
v  -0.0714 2.4076 0.0207
v  -0.0934 2.3931 -0.0307
v  -0.0753 2.3736 0.0671
v  0.0544 2.3735 0.0257
v  0.0590 2.3647 0.0281
v  0.0741 2.3637 -0.0108
v  -0.0804 2.2852 -0.0855
v  -0.0983 2.3141 -0.0741
v  -0.1163 2.3345 -0.0354
v  -0.1240 2.3856 0.0341
v  -0.0784 2.3068 -0.1055
v  -0.1008 2.3093 -0.0939
v  -0.0979 2.3388 -0.0913
v  -0.0718 2.2288 -0.0972
v  -0.0702 2.2552 -0.1030
v  0.0155 2.3869 0.0360
v  -0.1413 2.3764 -0.0056
v  -0.0337 2.4114 0.0188
v  -0.1513 2.3358 -0.0581
v  -0.1465 2.3595 -0.0367
v  -0.0883 2.3238 0.0543
v  -0.0752 2.3273 0.0629
v  -0.0740 2.2799 -0.1060
v  -0.1560 2.2820 -0.0361
v  -0.0482 2.3846 -0.0722
v  -0.0464 2.4062 -0.0318
v  -0.0011 2.3969 -0.0727
v  0.0123 2.3974 0.0063
v  0.0160 2.4054 -0.0361
v  0.0018 2.3752 -0.1033
v  0.0118 2.3285 -0.1240
v  -0.0293 2.3215 -0.1223
v  -0.0991 2.3671 -0.0687
v  -0.0486 2.3589 -0.0994
v  -0.1163 2.3776 -0.0212
v  -0.1126 2.3405 -0.0793
v  -0.1231 2.3381 -0.0661
v  -0.1728 2.2932 -0.0390
v  -0.1623 2.2678 -0.0435
v  -0.1307 2.3323 -0.0117
v  -0.1247 2.3407 -0.0063
v  -0.1661 2.2996 -0.0333
v  -0.1321 2.3250 -0.0100
v  -0.1162 2.3441 -0.0487
v  -0.1343 2.3302 -0.0381
v  -0.1463 2.3090 -0.0668
v  -0.0511 2.2924 -0.0960
v  -0.0896 2.2965 -0.0857
v  -0.0624 2.3105 -0.0922
v  -0.0722 2.2694 -0.0936
v  -0.0922 2.2741 -0.0759
v  -0.1127 2.3185 0.0366
v  -0.1243 2.3166 0.0216
v  -0.1182 2.3606 -0.0472
v  -0.1733 2.2960 -0.0406
v  -0.1623 2.2708 -0.0578
v  -0.1687 2.2978 -0.0312
v  -0.0596 2.3303 0.0769
v  0.0529 2.3885 -0.0199
v  0.0444 2.3660 -0.0895
v  0.0658 2.3503 -0.0894
v  0.0615 2.3322 -0.1143
v  0.0474 2.3880 -0.0614
v  0.0722 2.3559 -0.0540
v  -0.1285 2.3183 0.0098
v  -0.0856 2.3353 -0.0810
v  -0.0890 2.2226 -0.0897
v  -0.1390 2.1663 -0.0208
v  -0.1383 2.1589 -0.0294
v  -0.1435 2.1602 -0.0183
v  -0.1260 2.1360 -0.0245
v  -0.1309 2.1382 -0.0260
v  -0.1321 2.1387 -0.0238
v  -0.1302 2.1387 -0.0187
v  -0.1469 2.1381 -0.0042
v  -0.1473 2.1379 -0.0001
v  -0.1463 2.1396 -0.0005
v  -0.1375 2.1397 -0.0190
v  -0.1357 2.1402 -0.0116
v  -0.1405 2.1391 -0.0213
v  -0.1350 2.1390 -0.0270
v  -0.1396 2.1363 -0.0235
v  -0.1390 2.1402 -0.0052
v  -0.1456 2.1398 -0.0040
v  -0.1403 2.1400 -0.0000
v  -0.1384 2.1329 -0.0244
v  -0.1433 2.1313 -0.0174
v  -0.1365 2.1274 -0.0250
v  -0.1396 2.1253 -0.0183
v  -0.1446 2.1350 -0.0166
v  -0.1350 2.1381 -0.0291
v  -0.1345 2.1360 -0.0307
v  -0.1152 2.1244 -0.0301
v  -0.0830 2.1406 -0.0284
v  -0.1270 2.1389 -0.0239
v  -0.1334 2.1387 -0.0309
v  -0.1348 2.1401 -0.0307
v  -0.1346 2.1405 -0.0328
v  -0.1328 2.1375 -0.0329
v  -0.1366 2.1111 -0.0238
v  -0.1361 2.1048 -0.0271
v  -0.1430 2.1045 -0.0189
v  -0.1410 2.1119 -0.0161
v  -0.1318 2.1149 -0.0294
v  -0.1288 2.1085 -0.0342
v  -0.1137 2.0982 -0.0468
v  -0.1056 2.1039 -0.0541
v  -0.0992 2.0959 -0.0512
v  -0.0326 2.1683 -0.0850
v  -0.0286 2.1569 -0.0842
v  -0.0452 2.1568 -0.0833
v  -0.1483 2.1044 0.0086
v  -0.1474 2.0953 0.0092
v  -0.1450 2.1049 0.0183
v  -0.1141 2.0863 -0.0358
v  -0.1228 2.0930 -0.0382
v  -0.1337 2.1398 -0.0239
v  -0.1371 2.1401 -0.0270
v  -0.1341 2.1398 -0.0287
v  -0.1309 2.1394 -0.0260
v  -0.1294 2.1230 -0.0356
v  -0.1344 2.1212 -0.0262
v  -0.1322 2.1272 -0.0324
v  -0.1346 2.1411 -0.0344
v  -0.1319 2.1361 -0.0340
v  -0.1115 2.1622 -0.0597
v  -0.1028 2.1655 -0.0653
v  -0.1077 2.1526 -0.0613
v  -0.1290 2.1328 -0.0395
v  -0.1246 2.1324 -0.0450
v  -0.1031 2.1181 -0.0604
v  -0.1102 2.1125 -0.0538
v  -0.1141 2.1223 -0.0523
v  -0.1071 2.1280 -0.0585
v  -0.0115 2.2034 0.0865
v  -0.0116 2.1956 0.0865
v  -0.0037 2.2030 0.0845
v  0.0058 2.2064 0.0860
v  -0.0043 2.1937 0.0861
v  -0.1229 2.1178 -0.0425
v  -0.0982 2.1572 -0.0667
v  -0.1341 2.1417 -0.0367
v  -0.1383 2.1486 -0.0336
v  -0.1359 2.1511 -0.0364
v  -0.1324 2.1416 -0.0408
v  -0.1336 2.1314 -0.0312
v  -0.1308 2.1345 -0.0361
v  -0.0633 2.1138 -0.0729
v  -0.0730 2.1094 -0.0686
v  -0.0711 2.1235 -0.0749
v  -0.0803 2.1186 -0.0704
v  -0.0821 2.1044 -0.0631
v  -0.0817 2.1435 -0.0727
v  -0.0770 2.1334 -0.0740
v  -0.0903 2.1383 -0.0680
v  -0.1060 2.0910 -0.0439
v  -0.0947 2.1480 -0.0668
v  -0.1031 2.1431 -0.0622
v  -0.0859 2.1282 -0.0696
v  -0.0991 2.1332 -0.0635
v  -0.1265 2.1008 -0.0374
v  -0.1184 2.1068 -0.0459
v  -0.1229 2.0941 0.0380
v  -0.1155 2.0876 0.0346
v  -0.1076 2.0923 0.0426
v  -0.1110 2.1386 -0.0571
v  -0.1371 2.1173 -0.0199
v  -0.1355 2.1402 0.0102
v  -0.1291 2.1400 0.0173
v  -0.1157 2.1219 0.0095
v  -0.1458 2.1395 0.0025
v  -0.0807 2.1124 -0.0215
v  -0.1395 2.1399 0.0041
v  -0.1453 2.1397 0.0070
v  -0.1412 2.1250 0.0112
v  -0.1392 2.1257 0.0180
v  -0.1431 2.1326 0.0165
v  -0.1458 2.1309 0.0106
v  -0.1424 2.1247 0.0004
v  -0.1422 2.1247 0.0052
v  -0.1469 2.1299 0.0050
v  -0.1472 2.1296 0.0006
v  -0.1440 2.1398 0.0124
v  -0.1458 2.1386 -0.0089
v  -0.1486 2.1339 -0.0047
v  -0.1156 2.1218 -0.0104
v  -0.1474 2.1344 -0.0101
v  0.0181 2.2267 0.1123
v  0.0202 2.2150 0.1095
v  0.0245 2.2133 0.1128
v  0.0160 2.1830 0.0833
v  0.0153 2.1803 0.0971
v  0.0011 2.1689 0.0842
v  0.0165 2.2024 0.1046
v  0.0211 2.1974 0.1104
v  0.0076 2.2225 0.1001
v  0.0028 2.2267 0.0931
v  -0.0013 2.2139 0.0853
v  0.1088 2.1312 0.0313
v  0.0860 2.1043 0.0265
v  0.0921 2.1043 -0.0075
v  0.1175 2.1699 0.0344
v  0.0916 2.1297 0.0645
v  -0.1444 2.1399 -0.0083
v  -0.1398 2.1182 -0.0130
v  -0.1424 2.1249 -0.0051
v  -0.1444 2.1129 -0.0078
v  -0.1411 2.1184 -0.0060
v  -0.0814 2.1108 -0.0143
v  -0.0810 2.1095 -0.0000
v  -0.1438 2.1390 -0.0147
v  -0.1421 2.1399 -0.0134
v  -0.1464 2.1304 -0.0106
v  -0.1419 2.1250 -0.0111
v  -0.1460 2.1124 0.0003
v  -0.1460 2.1119 0.0076
v  -0.1416 2.1183 0.0065
v  -0.1417 2.1188 0.0007
v  -0.1472 2.1299 -0.0047
v  -0.1490 2.1337 0.0002
v  0.0190 2.2166 0.1045
v  0.0177 2.2263 0.1067
v  0.0135 2.2102 0.0987
v  0.0079 2.2311 0.0998
v  0.0148 2.2347 0.1124
v  0.0152 2.2323 0.1076
v  0.1119 2.1313 -0.0071
v  0.0932 2.3113 0.0802
v  0.1084 2.2557 0.0812
v  0.1195 2.3088 0.0404
v  0.0627 2.2129 -0.1139
v  0.0288 2.2126 -0.1143
v  0.0255 2.2251 -0.1259
v  0.0598 2.3146 0.1044
v  0.0740 2.2615 0.1041
v  0.0030 2.1664 -0.0858
v  0.0025 2.1657 -0.0925
v  0.0181 2.1733 -0.0878
v  0.1302 2.2086 0.0374
v  0.1312 2.2532 0.0404
v  0.1072 2.2082 0.0763
v  0.1400 2.2088 -0.0053
v  0.1405 2.2521 -0.0064
v  -0.0183 2.1885 -0.0914
v  -0.0051 2.1898 -0.0926
v  -0.0091 2.1811 -0.0982
v  0.0254 2.1971 0.1036
v  0.0116 2.1811 0.1033
v  -0.0668 2.1609 -0.0801
v  -0.0577 2.1646 -0.0818
v  -0.0549 2.1562 -0.0817
v  -0.0633 2.1527 -0.0798
v  -0.0812 2.0930 0.0467
v  -0.0728 2.0978 0.0538
v  -0.0822 2.1047 0.0600
v  -0.0614 2.1292 -0.0780
v  -0.0914 2.1001 -0.0572
v  -0.0978 2.1090 -0.0602
v  -0.0892 2.1138 -0.0656
v  -0.0820 2.0931 -0.0494
v  -0.0912 2.0892 -0.0424
v  -0.0948 2.1232 -0.0654
v  -0.1254 2.1559 -0.0459
v  -0.1316 2.1534 -0.0402
v  -0.1279 2.1653 -0.0419
v  -0.1188 2.1604 -0.0535
v  -0.1155 2.1490 -0.0556
v  -0.1220 2.1459 -0.0492
v  -0.1283 2.1436 -0.0446
v  -0.1229 2.1687 -0.0502
v  0.0272 2.2123 -0.1205
v  0.0202 2.2128 -0.1189
v  0.0167 2.2232 -0.1223
v  0.0194 2.2140 -0.1142
v  0.0154 2.1984 -0.1150
v  0.0144 2.2024 -0.1060
v  0.0101 2.1901 -0.0956
v  0.0073 2.2034 -0.0982
v  0.0070 2.1855 -0.1061
v  0.0073 2.2194 -0.1104
v  -0.0072 2.2089 -0.1009
v  -0.0090 2.1973 -0.0915
v  -0.0319 2.1954 -0.0927
v  -0.0415 2.2063 -0.0955
v  -0.0335 2.1778 -0.0880
v  -0.0485 2.1764 -0.0847
v  -0.0480 2.1673 -0.0838
v  -0.0221 2.1783 -0.0890
v  -0.0222 2.1678 -0.0850
v  -0.0173 2.1751 -0.0949
v  -0.0328 2.1876 -0.0908
v  0.0265 2.2454 -0.1337
v  -0.0081 2.2410 -0.1303
v  -0.0073 2.2808 -0.1332
v  0.1002 2.1325 -0.0462
v  0.0828 2.1054 -0.0430
v  0.0732 2.1370 -0.0841
v  0.0109 2.1946 0.0880
v  -0.0200 2.1687 0.0790
v  -0.0299 2.1574 0.0788
v  -0.0110 2.1649 0.0741
v  -0.0035 2.1709 0.0924
v  -0.0100 2.1847 0.0920
v  -0.0177 2.1772 0.0887
v  0.0010 2.1711 0.0784
v  -0.0098 2.1669 0.0807
v  0.0076 2.1898 0.0995
v  0.0237 2.2846 -0.1356
v  0.0258 2.1933 -0.1072
v  0.0228 2.1935 -0.1164
v  0.0164 2.1738 -0.0987
v  0.0125 2.1760 -0.1061
v  0.0274 2.1937 -0.0989
v  -0.1226 2.0808 0.0084
v  -0.1344 2.0823 0.0099
v  -0.1245 2.0803 0.0001
v  -0.1177 2.0815 0.0160
v  -0.1293 2.0835 0.0195
v  -0.0030 2.2483 0.1156
v  0.0201 2.2411 0.1178
v  -0.0686 2.1203 -0.0143
v  -0.0711 2.1210 -0.0213
v  -0.0151 2.1695 0.0863
v  0.0567 2.1788 0.0938
v  0.0657 2.2107 0.1036
v  -0.0898 2.1623 -0.0718
v  -0.0861 2.1526 -0.0720
v  -0.0804 2.1654 -0.0763
v  -0.0769 2.1569 -0.0767
v  -0.0809 2.1126 0.0208
v  -0.0713 2.1212 0.0206
v  -0.0688 2.1204 0.0136
v  -0.0815 2.1109 0.0135
v  -0.0493 2.1939 -0.0878
v  -0.0486 2.1848 -0.0860
v  -0.1139 2.0993 0.0455
v  -0.0988 2.0967 0.0491
v  -0.1058 2.1045 0.0527
v  -0.0832 2.1410 0.0273
v  -0.0765 2.1415 0.0104
v  -0.0744 2.1416 -0.0000
v  -0.0674 2.1192 0.0000
v  -0.0764 2.1415 -0.0113
v  -0.1439 2.0969 0.0198
v  -0.1381 2.1060 0.0269
v  -0.1308 2.0896 -0.0300
v  -0.1311 2.0904 0.0300
v  -0.1365 2.0984 0.0292
v  -0.1384 2.0887 0.0204
v  -0.0908 2.1002 0.0547
v  0.0338 2.2341 0.1081
v  0.0425 2.2752 0.1165
v  -0.1345 2.0974 -0.0295
v  -0.1030 2.0851 -0.0333
v  -0.0972 2.0869 -0.0373
v  -0.1047 2.1979 0.0671
v  -0.1054 2.2082 0.0645
v  -0.1136 2.2041 0.0560
v  -0.1132 2.1945 0.0585
v  -0.1278 2.1878 0.0307
v  -0.1287 2.1778 0.0345
v  -0.1232 2.1895 0.0384
v  -0.1224 2.2014 0.0328
v  -0.1116 2.1846 0.0595
v  -0.1189 2.2032 0.0436
v  -0.1187 2.1818 0.0509
v  -0.1238 2.1791 0.0426
v  -0.0420 2.2179 0.0866
v  -0.0578 2.2156 0.0833
v  -0.0496 2.2058 0.0835
v  -0.0510 2.2447 0.0890
v  -0.0708 2.2461 0.0784
v  -0.0668 2.2287 0.0783
v  -0.0238 2.2209 0.0955
v  -0.0302 2.2452 0.1066
v  -0.1215 2.2141 0.0254
v  -0.1197 2.2113 0.0352
v  -0.1167 2.2104 0.0440
v  -0.1196 2.1921 0.0483
v  -0.1276 2.2085 0.0189
v  -0.1271 2.1981 0.0254
v  -0.1357 2.2030 0.0150
v  -0.1314 2.1941 0.0216
v  -0.1585 2.1914 0.0095
v  -0.1606 2.1928 0.0070
v  -0.1630 2.1875 0.0081
v  -0.1631 2.1946 0.0031
v  -0.1678 2.1875 0.0023
v  -0.1349 2.2288 0.0078
v  -0.1416 2.2130 0.0104
v  -0.1277 2.2198 0.0120
v  -0.1481 2.2163 0.0042
v  -0.1646 2.1955 -0.0017
v  -0.1572 2.2049 -0.0014
v  -0.1508 2.1992 0.0100
v  -0.1555 2.2033 0.0038
v  -0.1495 2.2175 -0.0010
v  -0.1418 2.1961 0.0159
v  -0.1338 2.1826 0.0210
v  -0.1375 2.1866 0.0207
v  -0.1394 2.1805 0.0222
v  -0.1347 2.1772 0.0199
v  -0.1434 2.1766 0.0201
v  -0.1388 2.1736 0.0167
v  -0.1342 2.1905 0.0196
v  -0.1307 2.1840 0.0245
v  -0.1337 2.1755 0.0199
v  -0.1325 2.1831 0.0216
v  -0.1493 2.1808 0.0194
v  -0.1480 2.1862 0.0201
v  -0.1527 2.1804 0.0105
v  -0.1504 2.1796 0.0123
v  -0.1546 2.1807 0.0129
v  -0.1472 2.1789 0.0133
v  -0.1459 2.1770 0.0160
v  -0.1501 2.1787 0.0159
v  -0.1546 2.1878 0.0147
v  -0.1453 2.1916 0.0178
v  -0.1522 2.1933 0.0128
v  -0.0832 2.2214 0.0751
v  -0.0668 2.2135 0.0817
v  -0.1554 2.1833 0.0144
v  -0.1149 2.2171 0.0438
v  -0.1113 2.2128 0.0535
v  -0.1104 2.2193 0.0515
v  -0.1214 2.3216 -0.0400
v  -0.1109 2.3383 -0.0393
v  -0.0973 2.3125 -0.0648
v  -0.0831 2.2912 -0.0767
v  -0.0668 2.3094 -0.0766
v  -0.1248 2.3228 -0.0268
v  -0.0843 2.3273 -0.0613
v  -0.1471 2.1778 -0.0195
v  -0.1476 2.1759 -0.0235
v  -0.1438 2.1747 -0.0214
v  -0.1446 2.1785 -0.0158
v  -0.1505 2.1780 -0.0188
v  -0.1502 2.1804 -0.0135
v  -0.1680 2.1816 0.0020
v  -0.1687 2.1812 -0.0022
v  -0.1655 2.1766 -0.0015
v  -0.1642 2.1777 0.0022
v  -0.1598 2.1744 -0.0017
v  -0.1591 2.1753 0.0010
v  -0.1608 2.1802 0.0075
v  -0.1655 2.1774 -0.0067
v  -0.1606 2.1744 -0.0055
v  -0.1686 2.1882 -0.0019
v  -0.1527 2.1999 -0.0152
v  -0.1533 2.1935 -0.0185
v  -0.1587 2.1922 -0.0148
v  -0.1612 2.1935 -0.0122
v  -0.1681 2.1879 -0.0077
v  -0.1682 2.1816 -0.0077
v  -0.1319 2.1724 0.0252
v  -0.1389 2.1670 0.0156
v  -0.1378 2.1712 0.0152
v  -0.1315 2.1627 0.0320
v  -0.1273 2.1665 0.0387
v  -0.1221 2.1690 0.0457
v  -0.1157 2.1721 0.0528
v  -0.1289 2.1539 0.0380
v  -0.1257 2.1464 0.0422
v  -0.1207 2.1449 0.0459
v  -0.1236 2.1564 0.0424
v  -0.1116 2.1627 0.0545
v  -0.1075 2.1755 0.0594
v  -0.1182 2.1591 0.0482
v  -0.1371 2.1592 0.0260
v  -0.1408 2.1542 0.0230
v  -0.1367 2.1499 0.0306
v  -0.1346 2.1526 0.0338
v  -0.1378 2.1467 0.0291
v  -0.1350 2.1410 0.0283
v  -0.1377 2.1414 0.0259
v  -0.1344 2.1405 0.0269
v  -0.0867 2.1827 0.0705
v  -0.0738 2.1870 0.0745
v  -0.0907 2.1917 0.0721
v  -0.0782 2.1971 0.0770
v  -0.0604 2.1913 0.0779
v  -0.1463 2.1437 0.0132
v  -0.1449 2.1410 0.0120
v  -0.1419 2.1408 0.0180
v  -0.1421 2.1421 0.0196
v  -0.1435 2.1448 0.0210
v  -0.1487 2.1476 0.0144
v  -0.1435 2.1404 0.0109
v  -0.1407 2.1404 0.0167
v  -0.1297 2.1404 0.0173
v  -0.1264 2.1406 0.0225
v  -0.1311 2.1401 0.0246
v  -0.1505 2.1564 -0.0069
v  -0.1504 2.1561 -0.0017
v  -0.1476 2.1638 -0.0028
v  -0.1392 2.1404 -0.0052
v  -0.1405 2.1402 -0.0001
v  -0.1459 2.1407 -0.0041
v  -0.1520 2.1506 -0.0113
v  -0.1498 2.1462 -0.0107
v  -0.1520 2.1457 -0.0058
v  -0.1536 2.1510 -0.0064
v  -0.1544 2.1500 -0.0011
v  -0.1360 2.1403 -0.0118
v  -0.1179 2.1599 -0.0125
v  -0.1444 2.1409 -0.0083
v  -0.1413 2.1407 -0.0136
v  -0.1175 2.1615 -0.0000
v  -0.1496 2.1456 0.0072
v  -0.1520 2.1507 0.0081
v  -0.1179 2.1599 0.0112
v  -0.1394 2.1404 0.0041
v  -0.1527 2.1452 -0.0007
v  -0.1483 2.1418 -0.0045
v  -0.1482 2.1415 -0.0003
v  -0.1459 2.1405 0.0021
v  -0.1452 2.1404 0.0061
v  -0.1477 2.1419 0.0026
v  -0.1460 2.1404 -0.0004
v  -0.1474 2.1530 0.0148
v  -0.1467 2.1416 0.0068
v  -0.1538 2.1515 0.0033
v  -0.1518 2.1462 0.0028
v  0.0909 2.1748 -0.0885
v  0.0543 2.1831 -0.1078
v  0.1092 2.2069 -0.0918
v  0.0998 2.1716 0.0688
v  0.0440 2.1483 0.0895
v  -0.1187 2.1535 -0.0233
v  -0.1309 2.1402 -0.0188
v  -0.1157 2.1213 -0.0002
v  -0.1465 2.1422 -0.0090
v  -0.0981 2.2622 -0.0737
v  -0.0973 2.2833 -0.0728
v  -0.0802 2.2688 -0.0780
v  -0.1376 2.1405 0.0245
v  -0.1352 2.1405 0.0232
v  -0.1429 2.1492 0.0215
v  -0.1356 2.1404 0.0101
v  -0.1378 2.1436 0.0273
v  -0.1438 2.1594 0.0153
v  -0.1357 2.1397 0.0255
v  -0.1327 2.1396 0.0230
v  -0.1397 2.1399 0.0185
v  -0.1408 2.1394 0.0194
v  -0.1322 2.3110 -0.0134
v  -0.1282 2.3214 -0.0132
v  -0.1301 2.3117 -0.0266
v  -0.1342 2.1418 0.0306
v  -0.0980 2.1092 0.0586
v  -0.1190 2.1556 0.0220
v  -0.1156 2.1244 0.0284
v  -0.1261 2.1390 0.0225
v  0.1032 2.3408 -0.0555
v  0.0896 2.3392 -0.0907
v  0.1060 2.3471 -0.0097
v  0.0697 2.3647 0.0389
v  0.0969 2.3510 0.0368
v  -0.0099 2.2271 0.1000
v  -0.0122 2.2153 0.0896
v  -0.1486 2.1338 0.0042
v  -0.1473 2.1381 0.0029
v  -0.1489 2.1843 0.0075
v  -0.1426 2.1751 0.0130
v  -0.1418 2.1728 0.0104
v  -0.1572 2.1789 0.0062
v  -0.1517 2.1793 0.0017
v  -0.1470 2.1776 0.0045
v  -0.1472 2.1721 0.0017
v  -0.1442 2.1706 0.0076
v  -0.1443 2.1780 0.0100
v  -0.1478 2.1709 -0.0028
v  -0.1517 2.1757 0.0006
v  -0.1457 2.1635 0.0082
v  -0.1479 2.1643 0.0024
v  -0.1507 2.1570 0.0033
v  -0.1496 2.1560 0.0085
v  -0.1521 2.1745 -0.0023
v  -0.1498 2.1558 -0.0116
v  -0.1466 2.1539 -0.0177
v  -0.1485 2.1482 -0.0172
v  -0.1477 2.1636 -0.0073
v  -0.1464 2.1628 -0.0114
v  -0.1334 2.3098 -0.0010
v  -0.1338 2.3014 -0.0258
v  -0.0278 2.3348 0.0991
v  0.0004 2.3551 0.0794
v  0.0021 2.3435 0.0984
v  0.0337 2.3536 0.0851
v  -0.1268 2.3100 -0.0393
v  -0.1198 2.3071 -0.0498
v  -0.1211 2.3073 0.0354
v  -0.1089 2.3105 0.0476
v  -0.1209 2.2244 -0.0335
v  -0.1195 2.2254 -0.0288
v  -0.1181 2.2263 -0.0300
v  -0.1155 2.2280 -0.0257
v  -0.0998 2.2289 -0.0266
v  -0.1153 2.2267 -0.0259
v  -0.1175 2.2302 -0.0283
v  -0.0998 2.2271 -0.0366
v  -0.1174 2.2260 -0.0249
v  -0.1197 2.2254 -0.0402
v  -0.1183 2.2259 -0.0467
v  -0.1189 2.2241 -0.0470
v  -0.1197 2.2257 -0.0340
v  -0.0634 2.2661 -0.1071
v  0.0080 2.3217 0.1182
v  -0.0294 2.3120 0.1146
v  0.0047 2.2833 0.1244
v  0.0277 2.3623 0.0698
v  -0.0739 2.2421 -0.0836
v  -0.1196 2.3351 -0.0171
v  -0.1155 2.2264 -0.0508
v  -0.1207 2.2240 -0.0402
v  0.0765 2.3491 0.0683
v  0.0415 2.1223 0.0792
v  0.0725 2.1073 0.0585
v  -0.1159 2.2249 -0.0520
v  -0.0998 2.2348 -0.0332
v  -0.1632 2.1832 0.0080
v  -0.1531 2.1745 -0.0054
v  -0.1472 2.1719 -0.0071
v  -0.1510 2.1787 -0.0226
v  -0.1444 2.1706 -0.0124
v  -0.1432 2.1502 -0.0241
v  -0.1410 2.1552 -0.0262
v  -0.1448 2.1456 -0.0234
v  -0.1386 2.1403 -0.0190
v  -0.1414 2.1411 -0.0208
v  -0.1433 2.1430 -0.0222
v  -0.1386 2.1433 -0.0298
v  -0.1380 2.1413 -0.0287
v  -0.1625 2.1794 -0.0130
v  -0.1584 2.1767 -0.0114
v  -0.1551 2.1887 -0.0200
v  -0.1631 2.1880 -0.0136
v  -0.1452 2.1772 -0.0264
v  -0.1508 2.1814 -0.0249
v  -0.1425 2.1734 -0.0170
v  -0.1442 2.1420 -0.0148
v  -0.1468 2.1450 -0.0163
v  -0.1188 2.2274 -0.0217
v  -0.1175 2.2276 -0.0245
v  -0.1185 2.2253 -0.0227
v  -0.1228 2.2359 -0.0404
v  -0.1212 2.2341 -0.0330
v  -0.1221 2.2364 -0.0326
v  -0.1212 2.2341 -0.0465
v  -0.1208 2.2347 -0.0400
v  -0.1198 2.2335 -0.0335
v  -0.0999 2.2270 -0.0402
v  -0.1252 2.2970 -0.0481
v  -0.1306 2.2995 -0.0394
v  -0.1257 2.2352 -0.0205
v  -0.1264 2.2300 -0.0163
v  -0.1353 2.2358 -0.0125
v  -0.1216 2.2314 -0.0207
v  -0.1186 2.2297 -0.0221
v  -0.1206 2.2318 -0.0260
v  -0.1189 2.2299 -0.0274
v  -0.1218 2.2353 -0.0258
v  -0.1218 2.2382 -0.0332
v  -0.1125 2.2726 -0.0657
v  -0.1071 2.2524 -0.0727
v  -0.1194 2.2607 -0.0655
v  -0.1226 2.2389 -0.0406
v  -0.1251 2.2417 -0.0340
v  -0.1256 2.2405 -0.0411
v  -0.1239 2.2384 -0.0493
v  -0.0997 2.2357 -0.0417
v  -0.1196 2.2329 -0.0458
v  -0.0996 2.2325 -0.0483
v  -0.1254 2.2390 -0.0260
v  -0.1211 2.2359 -0.0473
v  -0.1233 2.2380 -0.0405
v  -0.1174 2.2318 -0.0526
v  -0.1181 2.2304 -0.0514
v  -0.0932 2.2390 -0.0785
v  -0.1000 2.2378 -0.0766
v  -0.1004 2.2320 -0.0753
v  -0.1150 2.2334 -0.0664
v  -0.1122 2.2295 -0.0619
v  -0.1190 2.2337 -0.0566
v  -0.1236 2.2533 -0.0658
v  -0.1284 2.2819 -0.0459
v  -0.1213 2.2783 -0.0561
v  -0.1311 2.2689 -0.0455
v  -0.1236 2.2390 -0.0603
v  -0.0866 2.2415 -0.0795
v  -0.0864 2.2214 -0.0797
v  -0.1038 2.2278 -0.0709
v  -0.0980 2.2211 -0.0739
v  -0.1160 2.2390 -0.0720
v  -0.1127 2.2460 -0.0737
v  -0.1063 2.2253 -0.0656
v  -0.1047 2.2186 -0.0659
v  -0.1162 2.2332 -0.0535
v  -0.1113 2.2287 -0.0590
v  -0.1131 2.2262 -0.0554
v  -0.1148 2.2275 -0.0548
v  -0.1131 2.2275 -0.0569
v  -0.1102 2.2248 -0.0581
v  -0.1202 2.2372 -0.0477
v  -0.1381 2.2608 -0.0355
v  -0.1338 2.2602 -0.0451
v  -0.1344 2.2520 -0.0441
v  -0.1373 2.2524 -0.0351
v  -0.1258 2.2458 -0.0645
v  -0.1289 2.2441 -0.0520
v  -0.1312 2.2500 -0.0546
v  -0.1327 2.2836 -0.0379
v  -0.1359 2.2712 -0.0364
v  -0.1259 2.2659 -0.0547
v  -0.1299 2.2573 -0.0551
v  -0.1196 2.2230 -0.0283
v  -0.1148 2.2218 -0.0530
v  -0.1126 2.2188 -0.0540
v  -0.1081 2.2218 -0.0604
v  -0.1120 2.2138 -0.0573
v  -0.1176 2.2170 -0.0396
v  -0.1203 2.2205 -0.0401
v  -0.1183 2.2207 -0.0468
v  -0.1046 2.2911 -0.0670
v  -0.1131 2.2946 -0.0594
v  -0.0693 2.2160 -0.0845
v  -0.0835 2.2071 -0.0829
v  -0.0636 2.1909 -0.0840
v  -0.0665 2.2006 -0.0854
v  -0.1046 2.1958 -0.0730
v  -0.0942 2.2004 -0.0794
v  -0.0911 2.1909 -0.0779
v  -0.1008 2.1851 -0.0718
v  -0.1110 2.1834 -0.0649
v  -0.1064 2.2073 -0.0710
v  -0.1146 2.2036 -0.0617
v  -0.0607 2.2231 -0.0943
v  -0.0969 2.1769 -0.0704
v  -0.1064 2.1746 -0.0642
v  -0.1139 2.1929 -0.0644
v  -0.1202 2.1909 -0.0534
v  -0.0873 2.1821 -0.0760
v  -0.0857 2.1731 -0.0750
v  -0.0945 2.1682 -0.0702
v  -0.0761 2.1866 -0.0807
v  -0.0733 2.1778 -0.0799
v  -0.0614 2.1817 -0.0833
v  -0.1245 2.2228 -0.0180
v  -0.1301 2.2183 -0.0162
v  -0.1284 2.2252 -0.0150
v  -0.1186 2.2182 -0.0336
v  -0.1204 2.2115 -0.0332
v  -0.1196 2.2205 -0.0273
v  -0.0527 2.2381 -0.1106
v  -0.1229 2.2133 -0.0264
v  -0.1251 2.1891 -0.0424
v  -0.1296 2.1870 -0.0348
v  -0.1238 2.2000 -0.0361
v  -0.1202 2.2013 -0.0501
v  -0.1167 2.2112 -0.0484
v  -0.1197 2.2102 -0.0404
v  -0.1155 2.2174 -0.0466
v  -0.0935 2.2264 -0.0773
v  -0.0976 2.2123 -0.0772
v  -0.1082 2.2251 -0.0614
v  -0.1293 2.1758 -0.0382
v  -0.1247 2.1787 -0.0467
v  -0.0544 2.3211 0.0899
v  -0.1173 2.1809 -0.0552
v  -0.1148 2.1717 -0.0574
v  -0.1288 2.2085 -0.0234
v  -0.1288 2.1977 -0.0298
v  -0.1327 2.1942 -0.0258
v  -0.1561 2.1840 -0.0203
v  -0.1557 2.1800 -0.0193
v  -0.1636 2.1832 -0.0138
v  -0.1538 2.1784 -0.0164
v  -0.1475 2.1754 -0.0100
v  -0.1526 2.1773 -0.0079
v  -0.0914 2.2975 0.0685
v  -0.0816 2.2883 0.0767
v  -0.0671 2.3086 0.0794
v  -0.0764 2.3163 0.0708
v  -0.1203 2.2214 -0.0335
v  -0.1211 2.2242 -0.0206
v  -0.1390 2.1874 -0.0252
v  -0.1364 2.1831 -0.0260
v  -0.1414 2.1811 -0.0277
v  -0.1359 2.1910 -0.0243
v  -0.1317 2.1845 -0.0285
v  -0.1361 2.2032 -0.0203
v  -0.1416 2.1967 -0.0212
v  -0.1341 2.1836 -0.0262
v  -0.1334 2.1754 -0.0253
v  -0.1448 2.1920 -0.0226
v  -0.1482 2.1868 -0.0246
v  -0.1359 2.1776 -0.0260
v  -0.1314 2.1717 -0.0278
v  -0.1392 2.1739 -0.0241
v  -0.1370 2.1715 -0.0215
v  -0.1321 2.1618 -0.0347
v  -0.0596 2.1733 -0.0825
v  -0.0700 2.1695 -0.0802
v  -0.1390 2.1460 -0.0311
v  -0.1175 2.1342 -0.0509
v  -0.0799 2.1959 -0.0819
v  -0.1635 2.1949 -0.0079
v  -0.1563 2.2039 -0.0083
v  -0.1410 2.2136 -0.0148
v  -0.1480 2.2166 -0.0078
v  -0.0367 2.2762 -0.1259
v  -0.1333 2.1392 -0.0290
v  -0.1386 2.1343 0.0230
v  -0.1182 2.2244 0.0298
v  -0.0999 2.2269 0.0312
v  -0.1165 2.2249 0.0248
v  -0.1119 2.2214 0.0501
v  -0.1114 2.2243 0.0495
v  -0.1177 2.2233 0.0435
v  -0.0996 2.2264 0.0394
v  -0.1100 2.2254 0.0481
v  -0.0989 2.2285 0.0471
v  -0.1163 2.2248 0.0434
v  -0.1054 2.2214 0.0561
v  -0.1175 2.2165 0.0359
v  -0.1172 2.2201 0.0438
v  -0.1193 2.2195 0.0362
v  -0.0190 2.1897 0.0874
v  0.0040 2.2328 0.1061
v  -0.1068 2.2237 0.0539
v  -0.1086 2.2248 0.0514
v  -0.1192 2.2202 0.0226
v  -0.1232 2.2226 0.0131
v  -0.1077 2.2259 0.0497
v  -0.1186 2.2222 0.0224
v  -0.1182 2.2237 0.0235
v  -0.1167 2.2248 0.0197
v  -0.1200 2.2229 0.0365
v  -0.1196 2.2230 0.0290
v  -0.1183 2.2244 0.0368
v  -0.0998 2.2267 0.0353
v  -0.1209 2.2228 0.0162
v  -0.1188 2.2240 0.0179
v  -0.1197 2.2202 0.0285
v  -0.1190 2.2256 0.0168
v  -0.1189 2.2178 0.0279
v  -0.0631 2.2015 0.0805
v  -0.0808 2.2078 0.0781
v  -0.1025 2.1880 0.0669
v  -0.0978 2.1791 0.0658
v  -0.0936 2.2022 0.0732
v  -0.0203 2.1998 0.0877
v  -0.0353 2.1975 0.0829
v  -0.0471 2.1948 0.0812
v  -0.1096 2.2258 0.0539
v  -0.0958 2.2126 0.0704
v  -0.1147 2.2253 0.0207
v  -0.1000 2.2287 0.0207
v  -0.1035 2.2163 0.0611
v  -0.0889 2.2647 0.0737
v  -0.1040 2.2770 0.0647
v  -0.1000 2.2518 0.0682
v  -0.1118 2.2622 0.0620
v  -0.1178 2.2518 0.0616
v  -0.1262 2.2564 0.0529
v  -0.1214 2.2674 0.0529
v  -0.1321 2.2596 0.0432
v  -0.1149 2.2814 0.0551
v  -0.1242 2.2831 0.0458
v  -0.0916 2.2378 0.0708
v  -0.0992 2.2370 0.0699
v  -0.1081 2.2443 0.0675
v  -0.1109 2.2370 0.0661
v  -0.1005 2.2313 0.0685
v  -0.1092 2.2278 0.0591
v  -0.1047 2.2237 0.0606
v  -0.1029 2.2266 0.0649
v  -0.0917 2.2261 0.0717
v  -0.0973 2.2204 0.0673
v  0.1227 2.3041 -0.0541
v  0.1066 2.2986 -0.0942
v  -0.0825 2.2412 0.0725
v  -0.1282 2.2706 0.0444
v  -0.1055 2.2239 0.0569
v  -0.1292 2.3072 0.0228
v  -0.1359 2.2992 0.0104
v  -0.1331 2.2984 0.0233
v  -0.0737 2.2748 0.0795
v  -0.0617 2.2786 0.0958
v  -0.1374 2.2846 0.0234
v  -0.1318 2.2840 0.0362
v  -0.1397 2.2730 0.0232
v  -0.1343 2.2720 0.0357
v  -0.1430 2.2622 0.0233
v  -0.1420 2.2518 0.0236
v  -0.1373 2.2613 0.0345
v  -0.1035 2.3003 0.0578
v  -0.1176 2.2977 0.0468
v  0.0719 2.2900 -0.1232
v  0.0479 2.3374 0.0937
v  0.1312 2.3069 -0.0075
v  -0.1327 2.3083 0.0104
v  -0.1223 2.0850 0.0274
v  -0.1424 2.0874 0.0096
v  -0.1432 2.0868 0.0002
v  -0.1423 2.0958 -0.0207
v  -0.1466 2.0950 -0.0104
v  -0.1473 2.1049 -0.0096
v  -0.1474 2.0947 -0.0001
v  -0.1483 2.1044 0.0001
v  -0.1267 2.2973 0.0367
v  -0.1421 2.2735 0.0109
v  -0.1443 2.2499 0.0121
v  -0.1364 2.2413 0.0156
v  -0.1356 2.2446 0.0231
v  -0.1285 2.2476 0.0520
v  -0.1260 2.2409 0.0491
v  -0.1221 2.2433 0.0602
v  -0.1305 2.2439 0.0396
v  -0.1339 2.2456 0.0314
v  -0.1384 2.2514 0.0333
v  -0.1337 2.2504 0.0424
v  -0.1148 2.2267 0.0204
v  -0.1180 2.2277 0.0183
v  -0.1216 2.2299 0.0172
v  -0.1088 2.2267 0.0559
v  -0.1001 2.2347 0.0272
v  -0.1185 2.2327 0.0284
v  -0.1165 2.2296 0.0228
v  -0.1000 2.2354 0.0363
v  -0.1179 2.2310 0.0429
v  -0.1196 2.2333 0.0362
v  -0.1169 2.2260 0.0197
v  -0.1134 2.2275 0.0479
v  -0.0995 2.2319 0.0437
v  -0.1088 2.2265 0.0498
v  -0.1150 2.2294 0.0496
v  -0.1106 2.2258 0.0516
v  -0.1198 2.2365 0.0562
v  -0.1108 2.2312 0.0630
v  -0.1257 2.2393 0.0375
v  -0.1218 2.2363 0.0460
v  -0.1224 2.2347 0.0216
v  -0.1271 2.2378 0.0217
v  -0.1256 2.2343 0.0154
v  -0.1272 2.2398 0.0291
v  -0.1220 2.2267 0.0145
v  -0.1266 2.2302 0.0108
v  -0.1196 2.2337 0.0437
v  -0.1220 2.2363 0.0366
v  -0.1210 2.2341 0.0366
v  -0.1148 2.2278 0.0486
v  -0.1213 2.2354 0.0276
v  -0.1229 2.2377 0.0283
v  -0.1150 2.2307 0.0508
v  -0.1166 2.2322 0.0528
v  -0.1191 2.2350 0.0439
v  -0.1200 2.2335 0.0280
v  -0.1218 2.2373 0.0367
v  -0.1196 2.2312 0.0213
v  -0.1196 2.2321 0.0434
v  -0.1393 2.2728 -0.0247
v  -0.1363 2.2857 -0.0249
v  -0.1423 2.2741 -0.0004
v  -0.1409 2.2739 -0.0122
v  -0.1458 2.2616 -0.0003
v  -0.1454 2.2613 -0.0130
v  -0.1450 2.2499 -0.0005
v  -0.1417 2.2398 -0.0012
v  -0.1438 2.2485 -0.0136
v  -0.1394 2.2320 0.0038
v  -0.1400 2.2392 0.0048
v  -0.1412 2.2330 -0.0014
v  -0.1350 2.2351 0.0082
v  -0.1452 2.2619 0.0114
v  -0.1179 2.2295 0.0224
v  -0.1284 2.2251 0.0102
v  -0.1320 2.2461 -0.0432
v  -0.1339 2.2459 -0.0344
v  -0.1356 2.2446 -0.0269
v  -0.1368 2.2411 -0.0184
v  -0.1409 2.2514 -0.0263
v  -0.1393 2.2387 -0.0086
v  -0.1392 2.2319 -0.0066
v  -0.1425 2.2614 -0.0259
v  -0.1353 2.2283 -0.0108
v  -0.1220 2.2282 -0.0191
v  -0.1367 2.3002 -0.0010
v  -0.1352 2.3008 -0.0130
v  -0.1384 2.2868 -0.0124
v  -0.1405 2.2867 -0.0006
v  -0.1398 2.2857 0.0105
v  0.1202 2.1717 -0.0510
v  0.1251 2.1696 -0.0064
v  0.0289 2.2132 0.1064
v  -0.0942 2.1473 0.0634
v  -0.0982 2.1572 0.0618
v  -0.1031 2.1437 0.0589
v  -0.0440 2.1660 0.0799
v  -0.0449 2.1757 0.0802
v  -0.0560 2.1730 0.0783
v  -0.0763 2.1570 0.0727
v  -0.0657 2.1605 0.0762
v  -0.0794 2.1656 0.0722
v  -0.0730 2.1482 0.0738
v  -0.0683 2.1696 0.0758
v  -0.0703 2.1784 0.0753
v  -0.0830 2.1737 0.0712
v  -0.0341 2.1867 0.0825
v  -0.0457 2.1849 0.0806
v  -0.0896 2.1139 0.0637
v  -0.1034 2.1188 0.0585
v  -0.1070 2.1531 0.0569
v  -0.0857 2.1523 0.0680
v  -0.0891 2.1608 0.0670
v  -0.0321 2.1770 0.0822
v  -0.0219 2.1789 0.0843
v  -0.1025 2.1663 0.0602
v  -0.0580 2.1820 0.0777
v  -0.0933 2.1703 0.0664
v  -0.0592 2.1458 0.0772
v  -0.0524 2.1364 0.0770
v  -0.0526 2.1503 0.0783
v  0.0269 2.2139 0.0983
v  0.0269 2.2315 0.1094
v  0.1320 2.2084 -0.0497
v  0.1336 2.2503 -0.0520
v  0.0227 2.2351 0.1174
v  -0.0064 2.1686 -0.0993
v  -0.0906 2.1382 0.0656
v  -0.0992 2.1333 0.0615
v  -0.0864 2.1289 0.0679
v  -0.0950 2.1239 0.0635
v  -0.1112 2.1136 0.0524
v  -0.1023 2.0853 0.0323
v  -0.1003 2.0886 0.0391
v  -0.0914 2.0901 0.0416
v  -0.1102 2.0828 0.0243
v  -0.1380 2.0874 -0.0206
v  -0.1418 2.0865 -0.0100
v  -0.1230 2.0840 -0.0283
v  -0.1303 2.0819 -0.0192
v  -0.1387 2.1118 0.0233
v  -0.1284 2.1018 0.0367
v  -0.1325 2.1154 0.0300
v  -0.1466 2.1385 0.0073
v  -0.1473 2.1347 0.0096
v  -0.1449 2.1389 0.0130
v  -0.1358 2.0820 0.0002
v  -0.1344 2.0817 -0.0100
v  -0.1229 2.0801 -0.0088
v  -0.1407 2.1180 0.0132
v  -0.1383 2.1170 0.0203
v  -0.1306 2.1098 0.0337
v  -0.1220 2.1183 0.0429
v  -0.1190 2.1078 0.0450
v  -0.1366 2.1283 0.0249
v  -0.1281 2.1233 0.0364
v  -0.1313 2.1283 0.0329
v  -0.1346 2.1219 0.0270
v  -0.1435 2.1118 0.0155
v  -0.1176 2.0806 -0.0167
v  0.1147 2.2486 -0.0955
v  -0.1000 2.2269 -0.0439
v  -0.0306 2.2818 0.1159
v  -0.1169 2.2301 -0.0505
v  -0.1131 2.2271 -0.0534
v  -0.0995 2.2293 -0.0512
v  -0.1145 2.2280 -0.0530
v  0.0631 2.0979 0.0256
v  0.0672 2.0976 -0.0028
v  0.0649 2.0965 -0.0298
v  0.0423 2.1517 -0.0933
v  0.0602 2.1112 -0.0721
v  -0.0451 1.9968 0.0133
v  -0.0442 1.9728 0.0141
v  -0.0354 1.9728 0.0291
v  -0.0377 1.9971 0.0256
v  -0.0054 1.9948 0.0539
v  -0.0191 1.9968 0.0389
v  -0.0091 1.9725 0.0539
v  -0.0290 2.0168 0.0435
v  -0.0429 2.0168 0.0285
v  -0.0465 1.9966 -0.0017
v  -0.0446 1.9728 -0.0017
v  -0.0490 2.0181 -0.0203
v  -0.0562 2.0166 -0.0018
v  -0.0580 2.0352 -0.0198
v  -0.0641 2.0329 -0.0018
v  -0.0705 2.0553 -0.0018
v  -0.0657 2.0578 -0.0198
v  -0.0466 2.0378 -0.0335
v  0.0381 1.9953 -0.0899
v  0.0374 2.0045 -0.0791
v  0.0546 1.9942 -0.0874
v  0.0732 1.9915 -0.0725
v  0.0725 1.9853 -0.0887
v  -0.0452 1.9977 -0.0192
v  -0.0397 2.0185 -0.0343
v  0.0139 2.0210 -0.0683
v  0.0175 1.9982 -0.0753
v  -0.0017 1.9944 -0.0594
v  -0.0041 2.0182 -0.0591
v  0.0555 2.0029 -0.0745
v  -0.0606 2.0339 0.0163
v  0.0231 2.1992 0.0904
v  0.0753 2.2455 -0.1235
v  0.0071 2.1528 0.0811
v  0.0104 2.1304 0.0760
v  -0.1135 2.0805 0.0002
v  -0.1001 2.0832 0.0007
v  -0.1052 2.0824 -0.0099
v  -0.1051 2.0824 0.0095
v  -0.0866 2.0862 0.0297
v  -0.0902 2.0841 0.0167
v  -0.0885 2.0866 -0.0331
v  -0.0085 2.1633 -0.0893
v  -0.0149 2.1671 -0.0940
v  -0.0778 2.0813 0.0169
v  -0.0716 2.0871 0.0352
v  -0.0807 2.1182 0.0681
v  -0.0540 2.1564 0.0786
v  -0.0441 2.1566 0.0797
v  -0.0545 2.1636 0.0786
v  -0.0717 2.1231 0.0721
v  -0.0775 2.1342 0.0720
v  -0.0732 2.1090 0.0647
v  -0.0643 2.1140 0.0692
v  -0.0471 2.1102 0.0684
v  -0.0355 2.1176 0.0726
v  -0.0435 2.1258 0.0760
v  -0.0542 2.1182 0.0729
v  -0.0556 2.1069 0.0642
v  -0.0653 2.1019 0.0588
v  -0.0427 2.0640 -0.0474
v  -0.0298 2.0682 -0.0564
v  -0.0239 2.0420 -0.0563
v  -0.0531 2.1181 -0.0758
v  -0.0451 2.1098 -0.0704
v  -0.0542 2.1064 -0.0678
v  -0.0336 2.1406 0.0785
v  -0.0453 2.1468 0.0784
v  -0.0675 2.0565 0.0183
v  -0.0526 2.0165 0.0150
v  -0.0239 2.1336 0.0762
v  0.0386 2.1084 -0.0664
v  0.0330 2.0753 -0.0626
v  0.0131 2.1083 -0.0684
v  -0.0070 2.1289 0.0769
v  -0.0183 2.1047 0.0722
v  0.0094 2.1041 0.0752
v  -0.0338 2.0659 0.0586
v  -0.0386 2.0934 0.0609
v  -0.0509 2.0884 0.0483
v  -0.0153 2.0700 0.0702
v  0.0091 2.0737 0.0723
v  -0.1349 2.1388 0.0270
v  -0.1339 2.1402 0.0274
v  -0.1336 2.1398 0.0290
v  -0.1326 2.1328 0.0308
v  -0.1340 2.1367 0.0292
v  -0.1077 2.1283 0.0562
v  -0.1325 2.1391 0.0314
v  -0.1334 2.1441 0.0354
v  -0.1339 2.1432 0.0329
v  -0.1319 2.1382 0.0339
v  -0.1301 2.1370 0.0364
v  -0.1277 2.1347 0.0395
v  -0.1300 2.1441 0.0386
v  -0.1312 2.1393 0.0246
v  -0.1230 2.1337 0.0437
v  -0.1140 2.1491 0.0513
v  -0.0637 2.1018 -0.0620
v  -0.0103 2.1610 -0.0828
v  -0.1397 2.1372 0.0214
v  -0.1445 2.1364 0.0152
v  -0.0624 2.1525 0.0767
v  -0.0684 2.1397 0.0752
v  -0.0823 2.1429 0.0698
v  -0.0619 2.1291 0.0751
v  -0.0320 2.1678 0.0812
v  -0.0189 2.1266 0.0741
v  -0.0302 2.1131 0.0678
v  0.0808 2.0063 0.0208
v  0.0822 2.0068 -0.0041
v  0.0705 2.0304 -0.0038
v  0.0944 1.9838 0.0205
v  0.0801 2.0059 -0.0283
v  0.0673 2.0290 -0.0277
v  0.0935 1.9836 -0.0286
v  0.0674 2.0299 0.0222
v  0.0610 2.0547 -0.0023
v  0.0480 2.0518 -0.0493
v  0.0578 2.0537 -0.0265
v  0.0353 2.0244 -0.0676
v  0.0571 2.0233 -0.0547
v  0.0756 2.0014 -0.0509
v  0.0572 2.0758 0.0236
v  0.0573 2.0542 0.0225
v  0.0611 2.0760 -0.0022
v  0.0123 2.0733 -0.0648
v  0.0318 2.0508 -0.0626
v  0.0920 1.9784 -0.0617
v  0.0464 2.0746 -0.0497
v  0.0945 1.9836 -0.0041
v  0.0554 2.0995 -0.0556
v  0.0759 2.0024 0.0463
v  0.0451 2.0755 0.0488
v  0.0476 2.0534 0.0496
v  -0.0236 2.1328 -0.0793
v  -0.0345 2.1173 -0.0744
v  -0.0432 2.1260 -0.0788
v  -0.0112 2.1500 -0.0797
v  -0.0065 2.1298 -0.0728
v  -0.0134 2.1069 -0.0671
v  -0.0092 2.0713 -0.0632
v  0.0120 2.0481 -0.0669
v  0.0153 2.1328 -0.0732
v  -0.0222 1.9959 -0.0446
v  -0.0238 2.0175 -0.0479
v  0.0143 1.9835 -0.0808
v  -0.0084 1.9724 -0.0631
v  0.0921 1.9721 -0.0916
v  -0.0361 1.9975 -0.0312
v  -0.0358 2.0392 -0.0485
v  -0.0068 2.0450 -0.0622
v  0.0121 2.1539 -0.0811
v  0.0524 2.1004 0.0499
v  0.0357 2.1051 0.0671
v  0.0310 2.0756 0.0678
v  0.0328 2.1316 -0.0775
v  0.0309 2.0521 0.0688
v  0.0550 2.0257 0.0561
v  0.0131 1.9989 0.0714
v  0.0329 2.0061 0.0788
v  0.0076 2.0221 0.0702
v  -0.0106 2.0191 0.0578
v  0.0089 2.0485 0.0725
v  0.0301 2.0271 0.0720
v  0.0123 1.9839 0.0740
v  0.0532 2.0049 0.0747
v  0.0732 1.9926 0.0687
v  0.0725 1.9862 0.0839
v  0.0923 1.9720 0.0846
v  0.0929 1.9785 0.0545
v  0.0530 1.9959 0.0854
v  0.0582 2.0752 -0.0274
v  0.0354 1.9962 0.0871
v  -0.0554 2.0611 -0.0340
v  -0.0612 2.0836 -0.0352
v  -0.0698 2.0731 0.0187
v  -0.0589 2.0590 0.0335
v  -0.0625 2.0800 0.0350
v  -0.0464 2.1036 0.0622
v  -0.0623 2.0951 0.0514
v  -0.1104 2.1390 0.0540
v  -0.1135 2.1237 0.0510
v  -0.0681 2.0745 -0.0206
v  -0.0716 2.0714 -0.0018
v  -0.0459 2.0623 0.0468
v  -0.0402 2.0380 0.0440
v  -0.1171 2.1349 0.0481
v  -0.0327 2.0983 -0.0583
v  -0.0340 2.1401 -0.0825
v  -0.0436 2.1051 -0.0605
v  -0.0452 2.0918 -0.0484
v  -0.0110 2.1515 0.0742
v  -0.0457 2.1465 -0.0822
v  -0.0184 2.1248 -0.0721
v  -0.0593 2.1451 -0.0801
v  -0.0681 2.1390 -0.0777
v  -0.0728 2.1481 -0.0770
v  -0.0526 2.1363 -0.0802
v  -0.0714 2.0974 -0.0557
v  -0.0530 2.1497 -0.0815
v  -0.0600 2.0964 -0.0515
v  -0.0897 2.0848 -0.0169
v  -0.0847 2.0853 0.0012
v  -0.0782 2.0812 -0.0019
v  -0.0755 2.0833 -0.0200
v  -0.1099 2.0822 -0.0249
v  -0.0678 2.0921 -0.0341
v  -0.0492 2.0363 0.0296
v  -0.0271 2.1134 -0.0650
v  -0.0124 2.0446 0.0656
v  -0.0299 2.0405 0.0546
v  -0.0343 1.9727 -0.0394
v  -0.0418 1.9727 -0.0188
v  0.1435 0.2158 -0.1725
v  0.1448 0.1898 -0.1722
v  0.1270 0.2153 -0.1892
v  0.0450 0.1977 -0.1982
v  0.0502 0.2235 -0.1989
v  0.0707 0.1927 -0.1986
v  0.1000 0.1897 -0.1973
v  0.0747 0.2214 -0.1996
v  0.0623 0.1563 -0.1993
v  0.0649 0.0355 -0.2011
v  0.0592 0.0623 -0.2155
v  0.0970 0.0364 -0.2041
v  0.0265 0.1458 -0.1976
v  0.0470 0.1065 -0.2045
v  0.0970 0.1151 -0.2046
v  0.0383 0.2127 -0.1777
v  0.0250 0.2044 -0.1810
v  0.0211 0.2269 -0.1731
v  0.1803 0.0054 -0.1479
v  0.1802 0.0342 -0.1479
v  0.1751 0.0054 -0.1310
v  0.1030 0.0695 -0.2119
v  0.0148 0.2296 -0.1485
v  0.0225 0.2465 -0.1742
v  0.0355 0.2404 -0.1826
v  0.0063 0.1593 -0.1780
v  0.0108 0.2052 -0.1487
v  0.0440 0.1987 -0.1010
v  0.0243 0.2065 -0.1176
v  0.0036 0.1611 -0.1200
v  -0.0046 0.1637 -0.1481
v  0.0377 0.2129 -0.1163
v  0.0334 0.2286 -0.1068
v  0.0215 0.2279 -0.1260
v  0.0378 0.2139 -0.1206
v  0.0358 0.2414 -0.1164
v  0.0240 0.1478 -0.1021
v  0.0170 0.2474 -0.1483
v  0.0207 0.2463 -0.1256
v  0.1260 0.1888 -0.1074
v  0.1285 0.1565 -0.1067
v  0.1445 0.1897 -0.1239
v  0.1514 0.1585 -0.1230
v  0.1330 0.1185 -0.1030
v  0.1518 0.1905 -0.1478
v  0.0652 0.0239 -0.2038
v  0.0666 0.0051 -0.2013
v  0.0697 0.0241 -0.1559
v  0.0652 0.0337 -0.2036
v  0.0973 0.0338 -0.2071
v  0.0976 0.0340 -0.0928
v  0.0654 0.0355 -0.1018
v  0.0654 0.0257 -0.1018
v  0.0977 0.0052 -0.0910
v  0.1375 0.0053 -0.0985
v  0.0227 0.0362 -0.1071
v  -0.0199 0.0303 -0.1015
v  0.0228 0.0273 -0.1100
v  0.0668 0.0065 -0.1014
v  0.0974 0.0050 -0.2073
v  0.1637 0.1208 -0.1184
v  0.1740 0.0785 -0.1155
v  0.1755 0.1219 -0.1482
v  0.1402 0.0782 -0.0962
v  0.0963 0.1548 -0.0988
v  0.1598 0.1594 -0.1476
v  0.0462 0.1116 -0.0956
v  0.0608 0.1564 -0.0993
v  0.0944 0.1153 -0.0973
v  0.0697 0.0051 -0.1559
v  0.1634 0.0054 -0.1147
v  0.1641 0.0053 -0.1837
v  0.1372 0.0052 -0.1993
v  0.1399 0.0742 -0.2032
v  0.1370 0.1197 -0.1926
v  0.1744 0.0771 -0.1784
v  0.1853 0.0763 -0.1476
v  0.1636 0.1212 -0.1764
v  0.0650 0.0373 -0.1044
v  0.0213 0.0374 -0.1131
v  0.0032 0.0848 -0.0972
v  0.0140 0.0596 -0.0967
v  0.0574 0.0719 -0.0905
v  -0.0266 0.1156 -0.1746
v  -0.0343 0.0683 -0.0977
v  -0.0123 0.1017 -0.1042
v  -0.0430 0.0844 -0.1056
v  -0.0419 0.0708 -0.2017
v  -0.0321 0.0549 -0.2169
v  -0.0703 0.0590 -0.2041
v  0.0159 0.0498 -0.2192
v  0.0239 0.0248 -0.2035
v  -0.0192 0.0185 -0.2174
v  -0.1030 0.0500 -0.0915
v  -0.0720 0.0520 -0.0954
v  -0.0758 0.0690 -0.1067
v  -0.1046 0.0660 -0.1062
v  0.1372 0.0340 -0.1993
v  0.1364 0.0370 -0.1975
v  0.1676 0.0371 -0.1766
v  0.1640 0.0341 -0.1844
v  0.0973 0.0366 -0.0959
v  -0.2132 0.0456 -0.1722
v  -0.2094 0.0463 -0.1709
v  -0.1883 0.0343 -0.1929
v  -0.0518 0.0937 -0.1740
v  -0.0765 0.0791 -0.1736
v  -0.0799 0.0941 -0.1465
v  0.1750 0.0341 -0.1708
v  -0.0207 0.0319 -0.1049
v  -0.0280 0.0499 -0.0999
v  -0.1617 0.0150 -0.2073
v  -0.1290 0.0080 -0.2193
v  -0.1266 0.0068 -0.1502
v  -0.1596 0.0138 -0.1486
v  -0.0686 0.0362 -0.0911
v  -0.1023 0.0346 -0.0869
v  -0.1053 0.0190 -0.0885
v  -0.0625 0.0217 -0.0944
v  0.0995 0.0767 -0.0891
v  -0.2091 0.0360 -0.1494
v  -0.2149 0.0402 -0.1258
v  -0.2213 0.0425 -0.1494
v  -0.2158 0.0389 -0.1721
v  -0.1909 0.0261 -0.1933
v  -0.1920 0.0268 -0.1490
v  0.0244 0.0228 -0.2083
v  -0.1845 0.0343 -0.1914
v  -0.1591 0.0232 -0.2066
v  -0.1573 0.0240 -0.2039
v  0.1750 0.0053 -0.1703
v  -0.1049 0.0453 -0.2210
v  -0.1283 0.0481 -0.2113
v  -0.1049 0.0591 -0.2022
v  -0.1276 0.0521 -0.0919
v  -0.1281 0.0359 -0.0867
v  -0.1275 0.0595 -0.1940
v  -0.1046 0.0717 -0.1720
v  -0.1275 0.0694 -0.1690
v  -0.1433 0.0666 -0.1756
v  -0.1425 0.0628 -0.1864
v  -0.1487 0.0724 -0.1601
v  -0.0538 0.1076 -0.1463
v  -0.0317 0.1230 -0.1474
v  0.1374 0.0341 -0.0986
v  0.1366 0.0371 -0.1004
v  0.1775 0.0372 -0.1479
v  0.1633 0.0342 -0.1141
v  0.1673 0.0372 -0.1233
v  0.1750 0.0342 -0.1306
v  0.0247 0.0164 -0.1540
v  -0.1288 0.0313 -0.2158
v  -0.1051 0.0295 -0.2243
v  -0.1264 0.0177 -0.2129
v  -0.1550 0.0385 -0.2073
v  -0.1841 0.0490 -0.1934
v  -0.1052 0.0158 -0.2210
v  -0.2140 0.0505 -0.1494
v  -0.2069 0.0599 -0.1734
v  -0.1942 0.0750 -0.1472
v  -0.1730 0.0766 -0.1448
v  -0.1685 0.0735 -0.1644
v  -0.2122 0.0651 -0.1478
v  -0.1897 0.0689 -0.1721
v  -0.1713 0.0597 -0.1894
v  -0.1544 0.0667 -0.1803
v  -0.1515 0.0753 -0.1432
v  -0.1274 0.0747 -0.1221
v  -0.1275 0.0797 -0.1442
v  -0.1490 0.0743 -0.1285
v  -0.2036 0.0617 -0.1230
v  -0.1878 0.0719 -0.1222
v  -0.1670 0.0741 -0.1256
v  -0.2186 0.0507 -0.1493
v  -0.1586 0.0238 -0.0926
v  -0.1872 0.0360 -0.1042
v  -0.1898 0.0277 -0.1039
v  -0.1612 0.0155 -0.0918
v  -0.1047 0.0806 -0.1235
v  -0.0792 0.0883 -0.1257
v  -0.1047 0.0831 -0.1453
v  -0.0527 0.1036 -0.1249
v  -0.1832 0.0360 -0.1062
v  -0.2080 0.0477 -0.1261
v  -0.2123 0.0469 -0.1257
v  -0.1267 0.0193 -0.0895
v  -0.1272 0.0181 -0.0860
v  -0.1058 0.0178 -0.0835
v  -0.0633 0.0131 -0.2300
v  -0.0190 0.0170 -0.2193
v  -0.0191 0.0070 -0.2196
v  -0.0632 0.0040 -0.2306
v  -0.0199 0.0200 -0.1007
v  -0.1064 0.0136 -0.2249
v  -0.1070 0.0056 -0.2253
v  -0.1276 0.0158 -0.2179
v  -0.0622 0.0205 -0.0903
v  -0.0621 0.0108 -0.0871
v  0.0244 0.0138 -0.2059
v  -0.1452 0.0551 -0.0945
v  -0.1431 0.0669 -0.1049
v  -0.1530 0.0700 -0.1121
v  -0.1672 0.0627 -0.1034
v  -0.1568 0.0247 -0.0955
v  -0.1494 0.0526 -0.2029
v  -0.1435 0.0711 -0.1159
v  -0.1271 0.0659 -0.1047
v  -0.0629 0.0148 -0.2267
v  -0.1049 0.0055 -0.1522
v  -0.1059 0.0095 -0.0820
v  -0.1298 0.0098 -0.0852
v  -0.0195 0.0091 -0.1574
v  -0.0621 0.0067 -0.1570
v  -0.0241 0.0369 -0.2258
v  -0.0650 0.0438 -0.2249
v  -0.0637 0.0286 -0.2304
v  0.0050 0.0755 -0.2131
v  -0.0274 0.1186 -0.1223
v  -0.1528 0.0399 -0.0912
v  0.0972 0.1552 -0.2015
v  0.1289 0.1566 -0.1913
v  0.0700 0.1930 -0.0995
v  0.0998 0.1901 -0.0993
v  0.1441 0.2140 -0.1228
v  0.1501 0.2150 -0.1478
v  0.1263 0.1888 -0.1889
v  0.1276 0.2151 -0.1054
v  0.0501 0.2254 -0.0985
v  0.0748 0.2227 -0.0957
v  0.1033 0.2189 -0.0967
v  -0.1776 0.0497 -0.1013
v  0.0336 0.2275 -0.1910
v  0.1029 0.2187 -0.1976
v  -0.0122 0.0959 -0.1954
v  0.1521 0.1589 -0.1735
v  0.0383 0.2115 -0.1830
v  -0.1045 0.0663 0.1069
v  -0.1047 0.0809 0.1242
v  -0.0757 0.0692 0.1073
v  -0.0792 0.0886 0.1263
v  -0.1274 0.0750 0.1229
v  -0.1434 0.0713 0.1168
v  -0.1490 0.0746 0.1294
v  -0.1430 0.0671 0.1058
v  -0.1529 0.0702 0.1130
v  -0.1878 0.0722 0.1232
v  -0.1775 0.0499 0.1024
v  -0.2036 0.0620 0.1241
v  -0.1671 0.0629 0.1044
v  -0.1270 0.0661 0.1056
v  -0.2080 0.0480 0.1273
v  -0.1831 0.0362 0.1073
v  -0.2141 0.0508 0.1505
v  -0.2123 0.0654 0.1489
v  -0.1669 0.0744 0.1266
v  -0.1567 0.0249 0.0965
v  -0.1526 0.0401 0.0922
v  0.0588 0.0628 0.2157
v  0.0155 0.0503 0.2196
v  0.0235 0.0252 0.2040
v  0.0046 0.0760 0.2135
v  -0.0125 0.0964 0.1958
v  -0.0423 0.0712 0.2022
v  -0.1274 0.0523 0.0927
v  -0.1279 0.0361 0.0876
v  -0.1451 0.0553 0.0954
v  -0.1022 0.0348 0.0878
v  -0.0684 0.0364 0.0919
v  -0.1051 0.0191 0.0893
v  -0.0623 0.0220 0.0951
v  0.1403 0.0784 0.0962
v  0.1367 0.0373 0.1004
v  0.0996 0.0769 0.0892
v  0.0975 0.0368 0.0960
v  -0.1028 0.0502 0.0923
v  -0.0206 0.0321 0.1054
v  -0.0279 0.0501 0.1005
v  0.0576 0.0721 0.0907
v  0.0652 0.0376 0.1046
v  -0.0718 0.0522 0.0961
v  -0.0342 0.0685 0.0982
v  -0.1053 0.0458 0.2218
v  -0.1287 0.0485 0.2122
v  -0.1292 0.0318 0.2167
v  -0.0642 0.0291 0.2311
v  -0.0655 0.0443 0.2256
v  -0.1056 0.0302 0.2252
v  -0.1498 0.0530 0.2038
v  -0.1278 0.0599 0.1948
v  -0.0245 0.0374 0.2264
v  -0.0325 0.0554 0.2175
v  -0.1057 0.0163 0.2218
v  -0.0196 0.0190 0.2179
v  -0.0633 0.0153 0.2274
v  -0.0707 0.0594 0.2048
v  0.0645 0.0360 0.2014
v  0.0466 0.1070 0.2047
v  0.0141 0.0598 0.0971
v  -0.1052 0.0595 0.2030
v  -0.1428 0.0632 0.1872
v  -0.1069 0.0142 0.2258
v  -0.0638 0.0136 0.2307
v  -0.0620 0.0207 0.0910
v  -0.1056 0.0180 0.0844
v  -0.1268 0.0182 0.2138
v  -0.1280 0.0163 0.2187
v  -0.1265 0.0195 0.0905
v  -0.1270 0.0183 0.0869
v  -0.1585 0.0241 0.0936
v  0.1673 0.0374 0.1233
v  0.1633 0.0344 0.1140
v  0.1375 0.0343 0.0986
v  0.1639 0.0057 0.1837
v  0.1638 0.0345 0.1844
v  0.1369 0.0056 0.1994
v  0.1368 0.0344 0.1994
v  0.0655 0.0259 0.1021
v  0.0669 0.0067 0.1018
v  0.0695 0.0244 0.1562
v  0.1331 0.1187 0.1029
v  0.0228 0.0364 0.1075
v  -0.0198 0.0305 0.1022
v  0.0213 0.0377 0.1135
v  -0.1435 0.0671 0.1765
v  -0.1547 0.0671 0.1812
v  -0.1716 0.0601 0.1904
v  -0.1554 0.0390 0.2082
v  -0.2123 0.0472 0.1268
v  -0.2187 0.0510 0.1505
v  -0.1871 0.0362 0.1053
v  -0.2134 0.0460 0.1733
v  -0.2096 0.0467 0.1721
v  -0.2214 0.0428 0.1505
v  -0.2149 0.0404 0.1270
v  -0.0195 0.0075 0.2202
v  0.0241 0.0142 0.2064
v  -0.0194 0.0175 0.2199
v  0.0240 0.0232 0.2088
v  0.1634 0.0056 0.1147
v  0.1376 0.0055 0.0986
v  0.0970 0.0055 0.2075
v  0.0969 0.0343 0.2073
v  -0.0619 0.0109 0.0878
v  -0.0197 0.0202 0.1014
v  -0.1075 0.0062 0.2262
v  -0.1294 0.0084 0.2202
v  0.0229 0.0275 0.1104
v  -0.0637 0.0045 0.2314
v  -0.1621 0.0154 0.2084
v  -0.1595 0.0236 0.2076
v  -0.1912 0.0265 0.1944
v  -0.1886 0.0347 0.1940
v  -0.1276 0.0800 0.1450
v  -0.1047 0.0834 0.1460
v  -0.0539 0.1079 0.1468
v  -0.0526 0.1038 0.1255
v  -0.0800 0.0945 0.1471
v  -0.1277 0.0698 0.1698
v  -0.1611 0.0157 0.0929
v  -0.1897 0.0279 0.1050
v  -0.2160 0.0392 0.1733
v  -0.1489 0.0728 0.1610
v  -0.1516 0.0757 0.1441
v  -0.1687 0.0739 0.1654
v  -0.1731 0.0769 0.1458
v  -0.1899 0.0693 0.1731
v  -0.1943 0.0754 0.1482
v  -0.1844 0.0495 0.1945
v  -0.2071 0.0603 0.1745
v  -0.1848 0.0348 0.1925
v  -0.1576 0.0245 0.2049
v  0.1750 0.0345 0.1305
v  0.1674 0.0375 0.1765
v  0.1748 0.0345 0.1708
v  0.1774 0.0375 0.1478
v  0.0696 0.0054 0.1562
v  0.0663 0.0055 0.2016
v  0.1751 0.0057 0.1310
v  0.1801 0.0345 0.1478
v  0.1360 0.0374 0.1976
v  0.0967 0.0369 0.2043
v  0.0655 0.0357 0.1021
v  0.1748 0.0057 0.1703
v  0.1026 0.0700 0.2120
v  0.1740 0.0788 0.1154
v  0.1396 0.0747 0.2032
v  0.1852 0.0767 0.1473
v  0.0945 0.1155 0.0973
v  0.1742 0.0774 0.1782
v  0.1634 0.1216 0.1762
v  0.1368 0.1202 0.1925
v  0.1754 0.1222 0.1479
v  -0.1296 0.0100 0.0862
v  -0.1267 0.0071 0.1512
v  -0.1598 0.0141 0.1499
v  -0.0429 0.0847 0.1061
v  0.0246 0.0167 0.1545
v  -0.1048 0.0721 0.1727
v  -0.0520 0.0941 0.1745
v  -0.0268 0.1160 0.1750
v  0.0649 0.0244 0.2041
v  0.1802 0.0057 0.1479
v  0.0978 0.0054 0.0912
v  -0.2092 0.0364 0.1506
v  -0.1921 0.0271 0.1501
v  0.0241 0.1480 0.1022
v  0.0464 0.1118 0.0958
v  -0.0122 0.1019 0.1046
v  0.0034 0.0850 0.0975
v  -0.0318 0.1233 0.1477
v  -0.0047 0.1640 0.1483
v  -0.0274 0.1188 0.1227
v  0.0037 0.1614 0.1201
v  0.0061 0.1597 0.1782
v  0.0261 0.1462 0.1977
v  0.0703 0.1931 0.1985
v  0.0744 0.2219 0.1994
v  0.0498 0.2240 0.1988
v  0.0447 0.1982 0.1982
v  0.0620 0.1567 0.1993
v  0.0997 0.1901 0.1971
v  0.1026 0.2191 0.1973
v  0.0966 0.1155 0.2046
v  0.0969 0.1556 0.2014
v  0.1445 0.1900 0.1236
v  0.1261 0.1890 0.1072
v  0.1441 0.2143 0.1225
v  0.1277 0.2154 0.1050
v  0.1433 0.2162 0.1722
v  0.1446 0.1901 0.1719
v  0.1500 0.2153 0.1474
v  0.1517 0.1908 0.1474
v  0.1260 0.1892 0.1886
v  0.1287 0.1570 0.1911
v  0.0649 0.0342 0.2039
v  -0.0767 0.0795 0.1742
v  0.0978 0.0342 0.0930
v  -0.0196 0.0095 0.1581
v  -0.0622 0.0071 0.1578
v  -0.1050 0.0058 0.1531
v  -0.1057 0.0097 0.0829
v  0.1638 0.1210 0.1182
v  0.0107 0.2055 0.1488
v  0.0248 0.2048 0.1810
v  0.0209 0.2273 0.1731
v  0.0215 0.2282 0.1260
v  0.0244 0.2068 0.1177
v  0.0169 0.2477 0.1482
v  0.0148 0.2299 0.1485
v  0.0223 0.2469 0.1741
v  0.0333 0.2279 0.1909
v  0.1267 0.2157 0.1888
v  0.1286 0.1568 0.1065
v  0.1515 0.1588 0.1227
v  0.0381 0.2119 0.1829
v  0.1519 0.1593 0.1732
v  0.1597 0.1597 0.1473
v  0.0999 0.1903 0.0991
v  0.1035 0.2192 0.0965
v  0.0964 0.1550 0.0987
v  0.0701 0.1932 0.0994
v  0.0609 0.1566 0.0993
v  0.0441 0.1989 0.1010
v  0.0750 0.2229 0.0955
v  0.0336 0.2288 0.1068
v  0.0502 0.2256 0.0984
v  0.0352 0.2408 0.1825
v  0.0207 0.2466 0.1255
v  0.0379 0.2142 0.1206
v  0.0359 0.2417 0.1163
v  0.0377 0.2132 0.1163
v  0.0381 0.2130 0.1777
v  -0.1327 2.1563 0.0255
v  -0.1303 2.1648 0.0221
v  -0.1361 2.1647 0.0166
v  -0.1436 2.1555 0.0111
v  -0.1392 2.1561 0.0189
v  -0.1401 2.1645 0.0099
v  -0.0890 2.1565 0.0392
v  -0.0926 2.1654 0.0345
v  -0.1179 2.1565 0.0331
v  -0.1177 2.1653 0.0290
v  -0.1432 2.1554 -0.0084
v  -0.1399 2.1646 -0.0072
v  -0.1391 2.1557 -0.0164
v  -0.1364 2.1648 -0.0141
v  -0.1326 2.1560 -0.0231
v  -0.1304 2.1646 -0.0198
v  -0.1455 2.1556 0.0008
v  -0.1418 2.1646 0.0007
v  -0.1436 2.1470 0.0013
v  -0.1420 2.1471 0.0103
v  -0.1418 2.1473 -0.0080
v  -0.1325 2.1488 0.0249
v  -0.1380 2.1485 0.0179
v  -0.1174 2.1564 -0.0304
v  -0.1171 2.1498 -0.0299
v  -0.1322 2.1485 -0.0222
v  -0.0885 2.1565 -0.0361
v  -0.0881 2.1500 -0.0353
v  -0.1377 2.1480 -0.0151
v  -0.1304 2.1410 -0.0209
v  -0.1361 2.1404 -0.0146
v  -0.1170 2.1415 0.0315
v  -0.1309 2.1413 0.0238
v  -0.1294 2.1412 0.0219
v  -0.1351 2.1403 -0.0124
v  -0.1292 2.1410 -0.0190
v  -0.1290 2.1524 -0.0170
v  -0.1363 2.1408 0.0173
v  -0.1166 2.1415 -0.0288
v  -0.1148 2.1413 -0.0204
v  -0.1295 2.1527 0.0195
v  -0.1149 2.1414 0.0225
v  -0.1175 2.1499 0.0325
v  -0.0899 2.1597 0.0198
v  -0.0887 2.1542 0.0266
v  -0.1256 2.1595 0.0155
v  -0.0891 2.1592 -0.0169
v  -0.1256 2.1595 -0.0129
v  -0.0882 2.1541 -0.0231
v  -0.1333 2.1672 0.0008
v  -0.1421 2.1505 0.0011
v  -0.1400 2.1402 0.0097
v  -0.1416 2.1398 0.0009
v  -0.0886 2.1500 0.0384
v  -0.0909 2.1632 0.0011
v  -0.0887 2.1420 0.0372
v  -0.0882 2.1419 -0.0341
v  -0.0863 2.1421 0.0284
v  -0.1403 2.1398 0.0009
v  -0.0858 2.1420 -0.0250
v  -0.1354 2.1407 0.0151
v  -0.1400 2.1398 -0.0075
v  -0.1173 2.1652 -0.0263
v  -0.0922 2.1654 -0.0315
v  -0.1103 2.1221 0.0283
v  -0.0883 2.1257 0.0339
v  -0.0903 2.1334 0.0366
v  -0.1136 2.1298 0.0306
v  -0.1381 2.1411 0.0090
v  -0.1374 2.1408 0.0012
v  -0.1399 2.1408 0.0010
v  -0.1376 2.1408 -0.0064
v  -0.1313 2.1411 -0.0125
v  -0.1399 2.1316 0.0009
v  -0.1375 2.1310 0.0103
v  -0.1390 2.1243 0.0009
v  -0.1368 2.1312 -0.0081
v  -0.1365 2.1250 -0.0087
v  -0.1323 2.1313 -0.0179
v  -0.1329 2.1258 -0.0185
v  -0.1333 2.1321 0.0204
v  -0.1366 2.1251 0.0113
v  -0.1319 2.1266 0.0204
v  -0.1132 2.1301 -0.0274
v  -0.1144 2.1359 -0.0283
v  -0.0901 2.1377 -0.0320
v  -0.0896 2.1334 -0.0335
v  -0.0882 2.1283 0.0000
v  -0.1225 2.1227 0.0010
v  -0.1185 2.1265 0.0138
v  -0.0885 2.1331 0.0196
v  -0.1233 2.1340 -0.0241
v  -0.1221 2.1280 -0.0243
v  -0.1200 2.1201 -0.0211
v  -0.1266 2.1188 -0.0152
v  -0.1100 2.1223 -0.0252
v  -0.1314 2.1177 -0.0079
v  -0.1338 2.1170 0.0010
v  -0.1150 2.1356 0.0312
v  -0.1240 2.1341 0.0269
v  -0.1225 2.1281 0.0270
v  -0.0877 2.1256 -0.0308
v  -0.0908 2.1376 0.0351
v  -0.1220 2.1326 -0.0152
v  -0.1339 2.1312 0.0009
v  -0.1335 2.1412 -0.0145
v  -0.1338 2.1416 0.0173
v  -0.1315 2.1415 0.0154
v  -0.1315 2.1177 0.0105
v  -0.1268 2.1190 0.0179
v  -0.1204 2.1203 0.0239
v  -0.1263 2.1427 0.0242
v  -0.1244 2.1415 0.0201
v  -0.1125 2.1419 -0.0196
v  -0.1151 2.1437 -0.0253
v  -0.1238 2.1410 -0.0174
v  -0.1222 2.1328 0.0181
v  -0.1258 2.1428 -0.0211
v  -0.0892 2.1376 -0.0223
v  -0.0910 2.1456 -0.0299
v  -0.0888 2.1456 -0.0226
v  -0.0892 2.1457 0.0257
v  -0.1128 2.1415 0.0232
v  -0.0921 2.1468 0.0336
v  -0.1152 2.1429 0.0278
v  -0.1183 2.1264 -0.0110
v  -0.0881 2.1329 -0.0161
v  -0.0897 2.1376 0.0261
v  0.0129 1.9457 0.9965
v  0.0097 1.9423 0.9749
v  -0.0022 1.9360 0.9913
v  0.0029 1.9274 0.9678
v  -0.0055 1.9241 0.9837
v  0.0243 1.9009 0.9690
v  0.0222 1.9037 0.9495
v  0.0367 1.8992 0.9689
v  0.0110 1.8762 1.0057
v  0.0235 1.8818 1.0025
v  0.0233 1.8821 1.0206
v  0.0134 1.8771 1.0249
v  -0.0188 1.9036 0.9921
v  -0.0041 1.9079 0.9796
v  0.0070 1.8884 0.9842
v  0.0040 1.9111 0.9656
v  0.0141 1.9039 0.9681
v  0.0164 1.9396 0.9501
v  0.0182 1.9403 0.9275
v  0.0098 1.9274 0.9492
v  0.0268 1.9485 0.9720
v  0.0284 1.9497 0.9927
v  0.0435 1.9503 0.9906
v  0.0286 1.9481 0.9505
v  0.0095 1.9132 0.9494
v  0.0235 1.8922 0.9858
v  0.0326 1.8873 1.0035
v  0.0332 1.8941 0.9865
v  0.0292 1.9504 1.0135
v  0.0418 1.9497 0.9711
v  0.0718 1.8990 0.9885
v  0.0604 1.8968 0.9878
v  0.0708 1.9046 0.9716
v  0.0761 1.9080 0.9810
v  0.0793 1.9046 0.9903
v  0.0135 1.9283 0.9275
v  0.0139 1.9164 0.9275
v  0.0447 1.9516 1.0096
v  -0.0103 1.8724 1.0312
v  -0.0187 1.8730 1.0209
v  -0.0028 1.8720 1.0157
v  -0.0085 1.8750 1.0429
v  -0.0130 1.8882 1.0546
v  -0.0145 1.8749 1.0460
v  -0.0223 1.8751 1.0552
v  -0.0179 1.8852 1.0623
v  -0.0270 1.8749 1.0647
v  -0.0378 1.8748 1.0589
v  -0.0420 1.8749 1.0700
v  -0.0252 1.8696 1.0362
v  -0.0332 1.8716 1.0479
v  0.0495 1.8958 0.9874
v  0.0540 1.9007 0.9700
v  0.0308 1.8885 1.0225
v  -0.0143 1.9332 1.0057
v  -0.0050 1.9430 1.0143
v  0.0023 1.9416 1.0002
v  -0.0189 1.9209 0.9974
v  -0.0109 1.8826 0.9989
v  -0.0331 1.9275 1.0507
v  -0.0174 1.9388 1.0318
v  -0.0251 1.9295 1.0237
v  -0.0300 1.8861 1.0151
v  0.0212 1.8857 1.0325
v  0.0081 1.9487 1.0208
v  0.0012 1.8739 1.0334
v  0.0139 1.8843 1.0392
v  -0.0110 1.8927 1.0595
v  -0.0168 1.9006 1.0623
v  0.0040 1.9407 1.2207
v  -0.0041 1.9427 1.2216
v  0.0039 1.9401 1.2302
v  -0.0121 1.9395 1.2215
v  -0.0108 1.9388 1.2314
v  0.0058 1.9335 1.2305
v  0.0037 1.9285 1.2268
v  0.0077 1.9341 1.2197
v  -0.0049 1.9443 1.2114
v  -0.0152 1.9313 1.2209
v  -0.0118 1.9313 1.2325
v  -0.0032 1.9418 1.2340
v  -0.0136 1.9403 1.2111
v  -0.0021 1.9324 1.2366
v  -0.0017 1.9268 1.2285
v  -0.0159 1.9314 1.2099
v  -0.0098 1.9253 1.2088
v  -0.0092 1.9253 1.2193
v  -0.0078 1.9265 1.2277
v  0.0041 1.9418 1.2107
v  -0.0017 1.9250 1.2188
v  -0.0020 1.9251 1.2086
v  0.0043 1.9282 1.2087
v  0.0047 1.9279 1.2187
v  0.0074 1.9345 1.2095
v  -0.0059 1.9481 1.1879
v  0.0037 1.9443 1.1873
v  -0.0058 1.9487 1.1788
v  -0.0163 1.9444 1.1788
v  -0.0058 1.9471 1.1970
v  -0.0152 1.9422 1.1964
v  -0.0147 1.9414 1.2035
v  -0.0162 1.9319 1.2019
v  -0.0157 1.9436 1.1879
v  -0.0174 1.9334 1.1869
v  -0.0166 1.9325 1.1949
v  -0.0097 1.9268 1.2008
v  -0.0103 1.9267 1.1937
v  -0.0028 1.9265 1.1936
v  -0.0168 1.9455 1.1504
v  -0.0179 1.9461 1.1616
v  -0.0047 1.9502 1.1516
v  0.0060 1.9458 1.1623
v  0.0059 1.9449 1.1515
v  -0.0127 1.9254 1.1476
v  -0.0125 1.9271 1.1575
v  -0.0201 1.9337 1.1486
v  -0.0028 1.9247 1.1477
v  -0.0034 1.9269 1.1574
v  -0.0056 1.9497 1.1714
v  0.0056 1.9451 1.1703
v  -0.0053 1.9509 1.1629
v  -0.0022 1.9243 1.1367
v  0.0049 1.9283 1.1380
v  0.0083 1.9358 1.1505
v  0.0048 1.9286 1.1489
v  0.0083 1.9350 1.1396
v  -0.0203 1.9342 1.1591
v  -0.0135 1.9446 1.0402
v  0.0544 1.9483 0.9707
v  0.0420 1.9489 0.9504
v  0.0032 1.9294 1.2010
v  0.0039 1.9430 1.2032
v  -0.0055 1.9461 1.2040
v  0.0083 1.9359 1.1680
v  -0.0161 1.9457 1.1385
v  -0.0198 1.9336 1.1371
v  -0.0040 1.9506 1.1397
v  -0.0036 1.9513 1.1300
v  0.0059 1.9443 1.1401
v  0.0038 1.9439 1.1963
v  -0.0111 1.9264 1.1857
v  -0.0028 1.9256 1.1854
v  0.0066 1.9359 1.1950
v  0.0035 1.9294 1.1941
v  0.0069 1.9362 1.1865
v  0.0066 1.9353 1.2019
v  0.0703 1.9061 1.2417
v  0.0736 1.9056 1.2305
v  0.0697 1.9129 1.2388
v  0.0636 1.9180 1.2298
v  0.0554 1.9183 1.2300
v  0.0564 1.9159 1.2382
v  0.0473 1.9544 1.0505
v  0.0639 1.9518 1.0464
v  0.0588 1.9493 1.0073
v  -0.0125 1.9248 1.1363
v  0.0425 1.8929 1.0112
v  0.0470 1.8988 1.0457
v  0.0881 1.9244 1.0033
v  0.0976 1.9263 1.0357
v  0.0990 1.9131 1.0352
v  0.0898 1.9121 1.0027
v  -0.0180 1.9470 1.1001
v  -0.0165 1.9479 1.1118
v  -0.0056 1.9578 1.0994
v  -0.0206 1.9341 1.1200
v  -0.0160 1.9472 1.1206
v  0.0416 1.9306 1.1454
v  0.0417 1.9303 1.1586
v  0.0360 1.9247 1.1455
v  0.0200 1.9047 1.0687
v  0.0144 1.8954 1.0520
v  0.0221 1.8932 1.0429
v  -0.0129 1.9123 1.0830
v  -0.0135 1.9207 1.1030
v  -0.0224 1.9240 1.0815
v  0.0297 1.9559 1.0546
v  -0.0221 1.9324 1.1015
v  -0.0217 1.9338 1.1118
v  -0.0093 1.9505 1.0683
v  0.0007 1.9082 1.0795
v  0.0004 1.9153 1.1038
v  -0.0038 1.9573 1.1129
v  0.0216 1.9127 1.1018
v  -0.0225 1.9393 1.0762
v  0.0154 1.9146 1.1145
v  0.0129 1.9571 1.0982
v  0.0512 1.9077 1.0925
v  0.0292 1.9190 1.1342
v  0.0202 1.9231 1.1338
v  0.0289 1.9134 1.1261
v  0.0450 1.9100 1.1103
v  0.0283 1.9136 1.1133
v  0.0136 1.9437 1.1218
v  0.0182 1.9445 1.1324
v  0.0327 1.9554 1.1249
v  0.0770 1.9279 1.1530
v  0.0760 1.9173 1.1505
v  0.0782 1.9300 1.1389
v  0.0698 1.9107 1.1497
v  0.0764 1.9135 1.1641
v  0.0774 1.9243 1.1656
v  0.0699 1.9149 1.1365
v  0.0775 1.9191 1.1367
v  0.0688 1.9535 1.0880
v  0.0510 1.9557 1.0935
v  0.0686 1.9357 1.1557
v  0.0682 1.9330 1.1669
v  0.0521 1.9125 1.1745
v  0.0508 1.9205 1.1750
v  0.0515 1.9209 1.1664
v  -0.0008 1.9191 1.1225
v  -0.0131 1.9238 1.1204
v  -0.0002 1.9166 1.1146
v  0.0120 1.9323 1.1297
v  0.0064 1.9433 1.1302
v  0.0082 1.9335 1.1308
v  0.0060 1.9270 1.1297
v  0.0529 1.9126 1.1650
v  0.0586 1.9075 1.1748
v  0.0769 1.9072 1.1144
v  0.0599 1.9072 1.1195
v  0.0579 1.9063 1.1053
v  0.0718 1.9124 1.1251
v  0.0608 1.9104 1.1279
v  0.0744 1.9041 1.0979
v  0.0136 1.9204 1.1262
v  0.0672 1.9039 1.1923
v  0.0743 1.9103 1.1933
v  0.0671 1.9039 1.2016
v  0.0508 1.9113 1.1822
v  0.0504 1.9194 1.1829
v  0.0575 1.9048 1.1921
v  0.0675 1.9050 1.1830
v  0.0683 1.9062 1.1753
v  0.0601 1.9083 1.1639
v  0.0580 1.9049 1.2015
v  0.0575 1.9059 1.1824
v  -0.0458 1.8984 1.1098
v  -0.0379 1.8892 1.1105
v  -0.0405 1.9002 1.1006
v  -0.0553 1.8692 1.0969
v  -0.0450 1.8673 1.1010
v  -0.0527 1.8666 1.1142
v  -0.0377 1.8763 1.1068
v  -0.0337 1.8902 1.1002
v  -0.0598 1.8685 1.1229
v  -0.0613 1.8684 1.1096
v  -0.0674 1.8697 1.1209
v  -0.0577 1.8758 1.1272
v  -0.0513 1.9010 1.0970
v  -0.0695 1.8825 1.1208
v  -0.0648 1.8857 1.1115
v  -0.0690 1.8756 1.1172
v  -0.0469 1.8752 1.1194
v  -0.0551 1.8821 1.0797
v  -0.0508 1.8845 1.0697
v  -0.0470 1.8722 1.0789
v  -0.0549 1.8947 1.0841
v  -0.0514 1.8972 1.0737
v  -0.0509 1.8705 1.0870
v  -0.0397 1.8687 1.0907
v  -0.0493 1.8995 1.0611
v  -0.0468 1.9028 1.0891
v  -0.0358 1.9009 1.0925
v  -0.0304 1.8907 1.0918
v  -0.0315 1.9019 1.0831
v  -0.0329 1.8778 1.0963
v  -0.0482 1.9006 1.0483
v  -0.0448 1.8832 1.0448
v  -0.0473 1.8854 1.0573
v  -0.0554 1.8975 1.1056
v  -0.0582 1.8923 1.0920
v  -0.0579 1.8802 1.0881
v  -0.0602 1.8786 1.0978
v  0.0028 1.8965 1.0597
v  -0.0426 1.9036 1.0790
v  -0.0407 1.8812 1.0304
v  -0.0281 1.9116 1.0630
v  -0.0282 1.9082 1.0664
v  -0.0197 1.8975 1.0673
v  -0.0288 1.9043 1.0739
v  -0.0212 1.8941 1.0750
v  -0.0248 1.8919 1.0839
v  -0.0256 1.9118 1.0625
v  -0.0395 1.9168 1.0464
v  -0.0402 1.9067 1.0681
v  -0.0467 1.9019 1.0340
v  -0.0326 1.9143 1.0145
v  -0.0407 1.9110 1.0576
v  -0.0212 1.8825 1.0709
v  -0.0252 1.8804 1.0803
v  -0.0304 1.8795 1.0883
v  -0.0363 1.8716 1.0829
v  -0.0473 1.8864 1.1214
v  -0.0536 1.8940 1.1203
v  -0.0616 1.8879 1.1275
v  -0.0556 1.8838 1.1276
v  -0.0603 1.8923 1.1155
v  -0.0653 1.8887 1.1224
v  0.0026 1.8846 1.0487
v  -0.0115 1.9008 1.0674
v  -0.0283 1.9319 1.0569
v  -0.0232 1.9154 1.0657
v  -0.0670 1.8786 1.1278
v  -0.0646 1.8767 1.1091
v  -0.0602 1.8890 1.1011
v  0.0093 1.9549 1.0601
v  0.0368 1.9233 1.1587
v  0.0753 1.9213 1.1851
v  0.0771 1.9230 1.1761
v  0.0663 1.9280 1.1850
v  0.0557 1.9291 1.1754
v  0.0554 1.9271 1.1840
v  0.0743 1.9194 1.1947
v  0.0658 1.9257 1.1954
v  0.0678 1.9309 1.1761
v  0.0512 1.9102 1.1925
v  0.0510 1.9179 1.1934
v  0.0655 1.9234 1.2052
v  0.0743 1.9178 1.2043
v  0.0558 1.9304 1.1670
v  0.0759 1.9124 1.1757
v  0.0694 1.9072 1.1636
v  0.0745 1.9115 1.1840
v  -0.0317 1.8737 1.0746
v  0.0452 1.9294 1.1370
v  0.0389 1.9207 1.1355
v  0.0484 1.9285 1.1353
v  0.0569 1.9376 1.1334
v  0.0511 1.9445 1.1258
v  0.0428 1.9421 1.1446
v  0.0449 1.9137 1.1281
v  0.0520 1.9162 1.1325
v  0.0693 1.9386 1.1422
v  0.0700 1.9425 1.1308
v  0.0505 1.9267 1.1360
v  0.0622 1.9155 1.1383
v  0.0557 1.9183 1.1410
v  0.0610 1.9109 1.1507
v  0.0523 1.9258 1.1435
v  0.0575 1.9356 1.1438
v  0.0186 1.9439 1.1434
v  0.0315 1.9493 1.1433
v  0.0529 1.9245 1.1552
v  0.0575 1.9335 1.1565
v  0.0311 1.9483 1.1576
v  0.0419 1.9411 1.1582
v  0.0516 1.9537 1.1107
v  0.0141 1.9537 1.1117
v  -0.0027 1.9531 1.1221
v  0.0321 1.9519 1.1330
v  0.0329 1.9598 1.1133
v  0.0324 1.9605 1.0969
v  0.0507 1.9082 1.2107
v  0.0515 1.9097 1.2022
v  0.0574 1.9029 1.2104
v  0.0671 1.9021 1.2103
v  0.0670 1.9009 1.2188
v  0.0745 1.9069 1.2193
v  0.0747 1.9092 1.2026
v  0.0748 1.9079 1.2108
v  0.0585 1.9023 1.2401
v  0.0577 1.9009 1.2297
v  0.0656 1.9009 1.2386
v  0.0665 1.9000 1.2297
v  0.0525 1.9056 1.2384
v  0.0608 1.9090 1.2460
v  0.0650 1.9220 1.2118
v  0.0738 1.9166 1.2115
v  0.0559 1.9229 1.2048
v  0.0553 1.9203 1.2199
v  0.0644 1.9203 1.2199
v  0.0554 1.9218 1.2118
v  0.0731 1.9155 1.2198
v  -0.0121 1.9258 1.1271
v  -0.0017 1.9249 1.1277
v  -0.0202 1.9338 1.1274
v  0.0705 1.9536 1.1061
v  0.0856 1.9448 1.0979
v  0.0958 1.9390 1.0739
v  0.0843 1.9472 1.0808
v  0.0984 1.9383 1.0893
v  0.0428 1.9023 0.9402
v  0.0258 1.9058 0.9275
v  0.0462 1.9020 0.9276
v  0.0864 1.9075 1.1391
v  0.0863 1.9091 1.1307
v  0.0928 1.9042 1.1372
v  0.0789 1.9205 1.1255
v  0.0972 1.9033 1.0842
v  0.0955 1.9029 1.0719
v  0.1038 1.9128 1.0815
v  0.1026 1.9133 1.0690
v  0.1017 1.9272 1.0694
v  0.0791 1.9031 1.0798
v  0.0725 1.9435 1.0054
v  0.0699 1.9431 0.9887
v  0.0863 1.9002 1.0028
v  0.0649 1.8930 1.0119
v  0.0512 1.8938 1.0128
v  0.0410 1.8951 0.9867
v  0.0750 1.8962 1.0413
v  0.0827 1.9139 0.9910
v  0.0828 1.9247 0.9906
v  0.0794 1.9348 0.9890
v  0.0788 1.9244 0.9812
v  0.0777 1.9334 0.9710
v  0.0669 1.9046 0.9276
v  0.0407 1.9014 0.9480
v  0.0782 1.9156 0.9802
v  0.0841 1.9090 1.1175
v  0.0871 1.9112 1.1221
v  0.0840 1.9204 1.1216
v  0.0909 1.9042 1.1094
v  0.0991 1.9038 1.1037
v  0.0987 1.9048 1.1142
v  0.0851 1.9359 1.1133
v  0.0854 1.9028 1.0907
v  0.0890 1.9030 1.1010
v  0.0981 1.9035 1.0940
v  0.1042 1.9119 1.0916
v  0.1052 1.9107 1.1015
v  0.0925 1.9071 1.1176
v  0.1052 1.9251 1.0939
v  0.1000 1.9358 1.1015
v  0.1060 1.9226 1.1036
v  0.1038 1.9268 1.0832
v  0.1007 1.9322 1.1100
v  0.0901 1.9317 1.1182
v  0.0826 1.9203 1.1213
v  0.0902 1.9289 1.1241
v  0.1002 1.9289 1.1192
v  0.1045 1.9108 1.1129
v  0.0904 1.9258 1.1336
v  0.0997 1.9264 1.1314
v  0.1051 1.9181 1.1278
v  0.0850 1.9179 1.1332
v  0.0848 1.9198 1.1253
v  0.1002 1.9236 1.1429
v  0.1063 1.9167 1.1400
v  0.0901 1.9229 1.1436
v  0.1059 1.9201 1.1147
v  0.0898 1.8988 1.1933
v  0.0898 1.8985 1.1852
v  0.0944 1.8977 1.1924
v  0.0978 1.9000 1.1961
v  0.1013 1.9004 1.1882
v  0.1015 1.9071 1.1898
v  0.0958 1.8972 1.1859
v  0.1048 1.9091 1.1257
v  0.0992 1.9043 1.1258
v  0.0706 1.9476 1.1201
v  0.0791 1.9327 1.1265
v  0.0863 1.9019 1.1922
v  0.0903 1.8994 1.1767
v  0.0974 1.8980 1.1775
v  0.0923 1.9046 1.1278
v  0.0754 1.8938 1.0100
v  0.0931 1.9010 1.0368
v  -0.0029 1.9247 1.1752
v  -0.0189 1.9336 1.1774
v  -0.0121 1.9260 1.1758
v  0.0042 1.9290 1.1858
v  0.0076 1.9359 1.1767
v  0.0042 1.9291 1.1662
v  0.0050 1.9283 1.1757
v  0.0046 1.9446 1.1780
v  -0.0172 1.9451 1.1706
v  0.0846 1.9156 1.1419
v  0.0982 1.9173 1.1687
v  0.0985 1.9195 1.1623
v  0.0903 1.9176 1.1678
v  0.0850 1.9131 1.1662
v  0.0900 1.9190 1.1616
v  0.0844 1.9137 1.1603
v  0.0898 1.9187 1.1558
v  0.0832 1.9353 1.0040
v  0.0896 1.9203 1.1509
v  0.0593 1.9023 0.9493
v  0.0736 1.9078 0.9492
v  0.0757 1.9182 0.9673
v  0.0568 1.9484 0.9894
v  0.0678 1.9450 0.9700
v  0.0695 1.9388 0.9276
v  0.0659 1.9428 0.9494
v  0.0771 1.9332 0.9490
v  0.0540 1.9467 0.9500
v  0.0479 1.9440 0.9275
v  0.0907 1.9377 1.0382
v  0.0781 1.9201 0.9484
v  0.0804 1.9196 0.9277
v  0.0790 1.9466 1.0421
v  0.0289 1.9453 0.9275
v  0.0542 1.9158 1.1529
v  0.0447 1.9435 1.1348
v  0.1058 1.9085 1.1375
v  -0.0142 1.9218 1.1129
v  0.0147 1.9320 1.1343
v  0.0156 1.9276 1.2362
v  0.0129 1.9198 1.2341
v  0.0159 1.9249 1.2459
v  0.0155 1.9173 1.2448
v  0.0183 1.9130 1.2406
v  0.0240 1.9117 1.2422
v  0.0158 1.9304 1.2255
v  0.0174 1.9138 1.2323
v  0.0127 1.9221 1.2232
v  0.0300 1.9126 1.2412
v  0.0330 1.9165 1.2458
v  0.0325 1.9237 1.2464
v  0.0243 1.9262 1.2496
v  0.0238 1.9162 1.2500
v  0.0253 1.9297 1.2374
v  0.0374 1.9321 1.2095
v  0.0278 1.9372 1.2102
v  0.0371 1.9304 1.2177
v  0.0381 1.9218 1.2155
v  0.0384 1.9237 1.2075
v  0.0142 1.9291 1.1864
v  0.0170 1.9396 1.1877
v  0.0147 1.9302 1.1780
v  0.0136 1.9274 1.1968
v  0.0169 1.9372 1.1987
v  0.0325 1.9142 1.2222
v  0.0245 1.9127 1.2214
v  0.0327 1.9161 1.2136
v  0.0379 1.9202 1.2240
v  0.0315 1.9130 1.2329
v  0.0243 1.9115 1.2322
v  0.0171 1.9154 1.2217
v  0.0272 1.9355 1.2185
v  0.0286 1.9402 1.1997
v  0.0169 1.9345 1.2091
v  0.0135 1.9240 1.2148
v  0.0164 1.9325 1.2172
v  0.0138 1.9256 1.2068
v  0.0308 1.9474 1.1711
v  0.0188 1.9436 1.1577
v  0.0263 1.9326 1.2265
v  0.0162 1.9322 1.1445
v  0.0351 1.9207 1.1862
v  0.0343 1.9193 1.1962
v  0.0273 1.9193 1.1859
v  0.0408 1.9370 1.1882
v  0.0295 1.9432 1.1885
v  0.0386 1.9345 1.1990
v  0.0351 1.9223 1.1782
v  0.0407 1.9280 1.1785
v  0.0405 1.9270 1.1869
v  0.0178 1.9174 1.2132
v  0.0302 1.9451 1.1791
v  0.0177 1.9431 1.1703
v  0.0396 1.9255 1.1974
v  0.0189 1.9203 1.1959
v  0.0195 1.9217 1.1859
v  0.0265 1.9180 1.1958
v  0.0155 1.9318 1.1693
v  0.0207 1.9241 1.1688
v  0.0330 1.9184 1.2059
v  0.0168 1.9415 1.1786
v  0.0208 1.9235 1.1780
v  0.0161 1.9322 1.1582
v  0.0280 1.9214 1.1781
v  0.0421 1.9384 1.1791
v  0.0411 1.9295 1.1696
v  0.0422 1.9400 1.1707
v  0.0285 1.9219 1.1686
v  0.0360 1.9231 1.1688
v  0.0291 1.9213 1.1586
v  0.0207 1.9237 1.1586
v  -0.0202 1.9337 1.1678
v  -0.0125 1.9266 1.1656
v  -0.0035 1.9263 1.1653
v  0.0042 1.9297 1.1584
v  0.0085 1.9365 1.1603
v  -0.0162 1.9464 1.1286
v  0.0292 1.9229 1.1453
v  0.0217 1.9246 1.1451
v  0.0189 1.9194 1.2056
v  0.0250 1.9151 1.2129
v  -0.0027 1.9269 1.2007
v  0.0345 1.9262 1.2369
v  0.0366 1.9185 1.2350
v  0.0258 1.9176 1.2054
v  0.0364 1.9287 1.2261
v  0.0574 1.9017 1.2188
v  0.0511 1.9057 1.2298
v  0.0506 1.9071 1.2192
v  0.0510 1.9168 1.2035
v  0.0557 1.9248 1.1947
v  0.0496 1.9147 1.2197
v  0.0500 1.9158 1.2113
v  0.0632 1.9165 1.2407
v  0.0709 1.9134 1.2299
v  0.0501 1.9131 1.2304
v  0.0523 1.9117 1.2409
v  0.0913 1.9013 1.1703
v  0.0860 1.9059 1.1705
v  0.0914 1.9013 1.1649
v  0.0852 1.9042 1.1772
v  0.0984 1.8999 1.1710
v  0.0988 1.9009 1.1657
v  0.0857 1.9062 1.1651
v  0.0855 1.9028 1.1856
v  0.0847 1.9111 1.1788
v  0.1002 1.9013 1.1519
v  0.0919 1.9014 1.1511
v  0.0926 1.9022 1.1434
v  0.0841 1.9134 1.1482
v  0.0861 1.9059 1.1451
v  0.1050 1.9144 1.1621
v  0.1057 1.9066 1.1613
v  0.1058 1.9150 1.1552
v  0.1005 1.9021 1.1433
v  0.0913 1.9015 1.1593
v  0.0995 1.9012 1.1602
v  0.1064 1.9069 1.1536
v  0.0897 1.9124 1.1891
v  0.0892 1.9106 1.1966
v  0.0966 1.9124 1.1906
v  0.1002 1.9054 1.1974
v  0.0856 1.9060 1.1961
v  0.0846 1.9088 1.1876
v  0.0950 1.9093 1.1997
v  0.1033 1.9021 1.1795
v  0.0914 1.9023 1.1999
v  0.1044 1.9124 1.1684
v  0.1050 1.9050 1.1672
v  0.0902 1.9152 1.1805
v  0.1043 1.9036 1.1727
v  0.1038 1.9108 1.1742
v  0.0980 1.9158 1.1744
v  0.0851 1.9125 1.1718
v  0.0905 1.9165 1.1735
v  0.0974 1.9141 1.1814
v  0.1033 1.9093 1.1812
v  0.0999 1.9219 1.1510
v  0.1067 1.9158 1.1486
v  0.1067 1.9077 1.1455
v  0.0991 1.9205 1.1562
v  0.0842 1.9124 1.1538
v  0.0854 1.9051 1.1517
v  0.0853 1.9062 1.1593
v  0.0997 1.9042 1.1365
v  0.0396 1.9255 -1.1974
v  0.0384 1.9237 -1.2075
v  0.0386 1.9345 -1.1990
v  0.0374 1.9321 -1.2095
v  0.0286 1.9402 -1.1997
v  0.0542 1.9158 -1.1529
v  0.0529 1.9245 -1.1552
v  0.0515 1.9209 -1.1664
v  0.0601 1.9083 -1.1639
v  0.0610 1.9109 -1.1507
v  0.0070 1.8884 -0.9842
v  0.0235 1.8922 -0.9858
v  0.0141 1.9039 -0.9681
v  0.0129 1.9198 -1.2341
v  0.0127 1.9221 -1.2232
v  0.0158 1.9304 -1.2255
v  0.0023 1.9416 -1.0002
v  -0.0143 1.9332 -1.0057
v  -0.0022 1.9360 -0.9913
v  0.0233 1.8821 -1.0206
v  0.0326 1.8873 -1.0035
v  0.0235 1.8818 -1.0025
v  0.0240 1.9117 -1.2422
v  0.0238 1.9162 -1.2500
v  0.0330 1.9165 -1.2458
v  0.0366 1.9185 -1.2350
v  0.0300 1.9126 -1.2412
v  0.0159 1.9249 -1.2459
v  0.0155 1.9173 -1.2448
v  0.0174 1.9138 -1.2323
v  0.0171 1.9154 -1.2217
v  0.0183 1.9130 -1.2406
v  0.0725 1.9435 -1.0054
v  0.0907 1.9377 -1.0382
v  0.0790 1.9466 -1.0421
v  0.0832 1.9353 -1.0040
v  0.0976 1.9263 -1.0357
v  0.0881 1.9244 -1.0033
v  0.0110 1.8762 -1.0057
v  -0.0109 1.8826 -0.9989
v  -0.0028 1.8720 -1.0157
v  0.0012 1.8739 -1.0334
v  0.0139 1.8843 -1.0392
v  0.0134 1.8771 -1.0249
v  0.0026 1.8846 -1.0487
v  -0.0212 1.8825 -1.0709
v  -0.0270 1.8749 -1.0647
v  -0.0317 1.8737 -1.0746
v  -0.0420 1.8749 -1.0700
v  -0.0326 1.9143 -1.0145
v  -0.0188 1.9036 -0.9921
v  -0.0189 1.9209 -0.9974
v  -0.0300 1.8861 -1.0151
v  -0.0055 1.9241 -0.9837
v  -0.0251 1.9295 -1.0237
v  0.0212 1.8857 -1.0325
v  -0.0187 1.8730 -1.0209
v  0.0501 1.9131 -1.2304
v  0.0511 1.9057 -1.2298
v  0.0506 1.9071 -1.2192
v  0.0525 1.9056 -1.2384
v  0.0577 1.9009 -1.2297
v  0.0496 1.9147 -1.2197
v  0.0523 1.9117 -1.2409
v  0.0608 1.9090 -1.2460
v  0.0585 1.9023 -1.2401
v  0.0564 1.9159 -1.2382
v  0.1015 1.9071 -1.1898
v  0.0978 1.9000 -1.1961
v  0.1002 1.9054 -1.1974
v  0.1000 1.9358 -1.1015
v  0.0851 1.9359 -1.1133
v  0.0856 1.9448 -1.0979
v  0.0791 1.9031 -1.0798
v  0.0854 1.9028 -1.0907
v  0.0972 1.9033 -1.0842
v  0.1005 1.9021 -1.1433
v  0.0997 1.9042 -1.1365
v  0.0928 1.9042 -1.1372
v  0.1002 1.9013 -1.1519
v  0.1067 1.9077 -1.1455
v  0.1048 1.9091 -1.1257
v  0.0992 1.9043 -1.1258
v  0.0923 1.9046 -1.1278
v  0.1064 1.9069 -1.1536
v  0.1050 1.9144 -1.1621
v  0.0985 1.9195 -1.1623
v  0.0991 1.9205 -1.1562
v  0.0926 1.9022 -1.1434
v  0.1058 1.9085 -1.1375
v  0.1051 1.9181 -1.1278
v  0.0898 1.8985 -1.1852
v  0.0958 1.8972 -1.1859
v  0.0974 1.8980 -1.1775
v  0.1033 1.9021 -1.1795
v  0.1013 1.9004 -1.1882
v  0.0898 1.8988 -1.1933
v  0.0914 1.9023 -1.1999
v  0.0950 1.9093 -1.1997
v  0.0892 1.9106 -1.1966
v  0.0944 1.8977 -1.1924
v  0.0913 1.9015 -1.1593
v  0.0919 1.9014 -1.1511
v  0.0854 1.9051 -1.1517
v  0.0842 1.9124 -1.1538
v  0.0853 1.9062 -1.1593
v  0.0841 1.9134 -1.1482
v  0.0896 1.9203 -1.1509
v  0.0898 1.9187 -1.1558
v  0.0844 1.9137 -1.1603
v  0.0857 1.9062 -1.1651
v  0.0980 1.9158 -1.1744
v  0.1044 1.9124 -1.1684
v  0.1038 1.9108 -1.1742
v  0.0850 1.9131 -1.1662
v  0.0958 1.9390 -1.0739
v  0.1017 1.9272 -1.0694
v  0.1038 1.9268 -1.0832
v  0.1059 1.9201 -1.1147
v  0.1007 1.9322 -1.1100
v  0.1060 1.9226 -1.1036
v  0.0900 1.9190 -1.1616
v  0.0999 1.9219 -1.1510
v  0.1067 1.9158 -1.1486
v  0.1058 1.9150 -1.1552
v  0.1002 1.9236 -1.1429
v  0.1063 1.9167 -1.1400
v  0.0843 1.9472 -1.0808
v  0.0639 1.9518 -1.0464
v  0.0688 1.9535 -1.0880
v  0.0588 1.9493 -1.0073
v  0.0840 1.9204 -1.1216
v  0.0901 1.9317 -1.1182
v  0.0902 1.9289 -1.1241
v  0.0841 1.9090 -1.1175
v  0.0826 1.9203 -1.1213
v  0.0848 1.9198 -1.1253
v  0.0925 1.9071 -1.1176
v  0.0909 1.9042 -1.1094
v  0.0769 1.9072 -1.1144
v  0.0871 1.9112 -1.1221
v  0.0718 1.9124 -1.1251
v  0.0775 1.9191 -1.1367
v  0.0699 1.9149 -1.1365
v  0.1002 1.9289 -1.1192
v  0.0789 1.9205 -1.1255
v  0.0890 1.9030 -1.1010
v  0.0744 1.9041 -1.0979
v  0.1038 1.9128 -1.0815
v  0.0791 1.9327 -1.1265
v  0.0782 1.9300 -1.1389
v  0.1050 1.9050 -1.1672
v  0.1057 1.9066 -1.1613
v  0.0995 1.9012 -1.1602
v  0.0914 1.9013 -1.1649
v  0.0901 1.9229 -1.1436
v  0.1043 1.9036 -1.1727
v  0.0974 1.9141 -1.1814
v  0.1033 1.9093 -1.1812
v  0.0847 1.9111 -1.1788
v  0.0851 1.9125 -1.1718
v  0.0905 1.9165 -1.1735
v  0.0982 1.9173 -1.1687
v  0.0852 1.9042 -1.1772
v  0.0860 1.9059 -1.1705
v  0.0902 1.9152 -1.1805
v  0.0903 1.9176 -1.1678
v  0.0864 1.9075 -1.1391
v  0.0988 1.9009 -1.1657
v  0.0863 1.9019 -1.1922
v  0.0856 1.9060 -1.1961
v  0.0855 1.9028 -1.1856
v  0.0903 1.8994 -1.1767
v  0.0984 1.8999 -1.1710
v  0.0913 1.9013 -1.1703
v  0.0861 1.9059 -1.1451
v  0.0966 1.9124 -1.1906
v  0.0863 1.9091 -1.1307
v  0.0897 1.9124 -1.1891
v  0.0846 1.9088 -1.1876
v  0.0508 1.9205 -1.1750
v  0.0557 1.9291 -1.1754
v  0.0554 1.9271 -1.1840
v  0.0636 1.9180 -1.2298
v  0.0632 1.9165 -1.2407
v  0.0672 1.9039 -1.1923
v  0.0575 1.9048 -1.1921
v  0.0580 1.9049 -1.2015
v  0.0671 1.9039 -1.2016
v  0.0747 1.9092 -1.2026
v  0.0743 1.9103 -1.1933
v  0.0745 1.9069 -1.2193
v  0.0748 1.9079 -1.2108
v  0.0671 1.9021 -1.2103
v  0.0554 1.9218 -1.2118
v  0.0650 1.9220 -1.2118
v  0.0644 1.9203 -1.2199
v  0.0553 1.9203 -1.2199
v  0.0500 1.9158 -1.2113
v  0.0675 1.9050 -1.1830
v  0.0683 1.9062 -1.1753
v  0.0586 1.9075 -1.1748
v  0.0508 1.9113 -1.1822
v  0.0575 1.9059 -1.1824
v  0.0694 1.9072 -1.1636
v  0.0512 1.9102 -1.1925
v  0.0557 1.9248 -1.1947
v  0.0663 1.9280 -1.1850
v  0.0738 1.9166 -1.2115
v  0.0743 1.9178 -1.2043
v  0.0558 1.9304 -1.1670
v  0.0510 1.9179 -1.1934
v  0.0327 1.9161 -1.2136
v  0.0250 1.9151 -1.2129
v  0.0245 1.9127 -1.2214
v  0.0258 1.9176 -1.2054
v  0.0280 1.9214 -1.1781
v  0.0273 1.9193 -1.1859
v  0.0351 1.9207 -1.1862
v  0.0295 1.9432 -1.1885
v  0.0170 1.9396 -1.1877
v  0.0168 1.9415 -1.1786
v  0.0243 1.9115 -1.2322
v  0.0253 1.9297 -1.2374
v  0.0325 1.9237 -1.2464
v  0.0243 1.9262 -1.2496
v  0.0315 1.9130 -1.2329
v  0.0379 1.9202 -1.2240
v  0.0189 1.9194 -1.2056
v  0.0178 1.9174 -1.2132
v  0.0135 1.9240 -1.2148
v  0.0164 1.9325 -1.2172
v  0.0263 1.9326 -1.2265
v  0.0169 1.9345 -1.2091
v  0.0138 1.9256 -1.2068
v  0.0272 1.9355 -1.2185
v  0.0846 1.9156 -1.1419
v  0.0682 1.9330 -1.1669
v  0.0678 1.9309 -1.1761
v  0.0850 1.9179 -1.1332
v  0.0904 1.9258 -1.1336
v  0.0554 1.9183 -1.2300
v  0.0743 1.9194 -1.1947
v  0.0655 1.9234 -1.2052
v  0.0658 1.9257 -1.1954
v  0.0731 1.9155 -1.2198
v  0.0709 1.9134 -1.2299
v  0.0529 1.9126 -1.1650
v  0.0510 1.9168 -1.2035
v  0.0504 1.9194 -1.1829
v  0.0574 1.9029 -1.2104
v  0.0507 1.9082 -1.2107
v  0.0574 1.9017 -1.2188
v  0.0428 1.9421 -1.1446
v  0.0419 1.9411 -1.1582
v  0.0311 1.9483 -1.1576
v  0.0774 1.9243 -1.1656
v  0.0771 1.9230 -1.1761
v  0.0764 1.9135 -1.1641
v  0.0759 1.9124 -1.1757
v  0.0745 1.9115 -1.1840
v  0.0559 1.9229 -1.2048
v  0.0515 1.9097 -1.2022
v  0.0670 1.9009 -1.2188
v  0.0736 1.9056 -1.2305
v  0.0665 1.9000 -1.2297
v  0.0697 1.9129 -1.2388
v  0.0417 1.9303 -1.1586
v  0.0422 1.9400 -1.1707
v  0.0217 1.9246 -1.1451
v  0.0161 1.9322 -1.1582
v  0.0207 1.9237 -1.1586
v  0.0188 1.9436 -1.1577
v  0.0177 1.9431 -1.1703
v  0.0162 1.9322 -1.1445
v  0.0186 1.9439 -1.1434
v  0.0407 1.9280 -1.1785
v  0.0411 1.9295 -1.1696
v  0.0360 1.9231 -1.1688
v  0.0308 1.9474 -1.1711
v  0.0189 1.9203 -1.1959
v  0.0265 1.9180 -1.1958
v  0.0195 1.9217 -1.1859
v  0.0136 1.9274 -1.1968
v  0.0147 1.9302 -1.1780
v  0.0208 1.9235 -1.1780
v  0.0330 1.9184 -1.2059
v  0.0343 1.9193 -1.1962
v  0.0169 1.9372 -1.1987
v  0.0142 1.9291 -1.1864
v  0.0364 1.9287 -1.2261
v  0.0345 1.9262 -1.2369
v  0.0371 1.9304 -1.2177
v  0.0381 1.9218 -1.2155
v  0.0325 1.9142 -1.2222
v  0.0278 1.9372 -1.2102
v  0.0297 1.9559 -1.0546
v  0.0473 1.9544 -1.0505
v  0.0510 1.9557 -1.0935
v  0.0292 1.9229 -1.1453
v  0.0389 1.9207 -1.1355
v  0.0292 1.9190 -1.1342
v  0.0202 1.9231 -1.1338
v  0.0324 1.9605 -1.0969
v  0.0289 1.9134 -1.1261
v  0.0360 1.9247 -1.1455
v  0.0315 1.9493 -1.1433
v  0.0147 1.9320 -1.1343
v  0.0182 1.9445 -1.1324
v  0.0416 1.9306 -1.1454
v  0.0207 1.9241 -1.1688
v  0.0368 1.9233 -1.1587
v  0.0291 1.9213 -1.1586
v  0.0285 1.9219 -1.1686
v  -0.0127 1.9254 -1.1476
v  -0.0198 1.9336 -1.1371
v  -0.0201 1.9337 -1.1486
v  -0.0027 1.9269 -1.2007
v  -0.0098 1.9253 -1.2088
v  -0.0020 1.9251 -1.2086
v  0.0435 1.9503 -0.9906
v  0.0447 1.9516 -1.0096
v  0.0568 1.9484 -0.9894
v  0.0083 1.9350 -1.1396
v  0.0049 1.9283 -1.1380
v  0.0048 1.9286 -1.1489
v  -0.0028 1.9247 -1.1477
v  -0.0053 1.9509 -1.1629
v  0.0060 1.9458 -1.1623
v  0.0056 1.9451 -1.1703
v  -0.0172 1.9451 -1.1706
v  -0.0056 1.9497 -1.1714
v  -0.0097 1.9268 -1.2008
v  -0.0162 1.9319 -1.2019
v  -0.0159 1.9314 -1.2099
v  0.0032 1.9294 -1.2010
v  0.0035 1.9294 -1.1941
v  0.0037 1.9443 -1.1873
v  0.0066 1.9359 -1.1950
v  0.0038 1.9439 -1.1963
v  -0.0028 1.9265 -1.1936
v  0.0042 1.9290 -1.1858
v  -0.0174 1.9334 -1.1869
v  -0.0103 1.9267 -1.1937
v  -0.0111 1.9264 -1.1857
v  -0.0028 1.9256 -1.1854
v  -0.0125 1.9248 -1.1363
v  -0.0035 1.9263 -1.1653
v  -0.0125 1.9271 -1.1575
v  -0.0125 1.9266 -1.1656
v  0.0064 1.9433 -1.1302
v  0.0082 1.9335 -1.1308
v  0.0059 1.9443 -1.1401
v  -0.0036 1.9513 -1.1300
v  0.0042 1.9291 -1.1662
v  0.0083 1.9359 -1.1680
v  0.0085 1.9365 -1.1603
v  0.0069 1.9362 -1.1865
v  0.0046 1.9446 -1.1780
v  0.0076 1.9359 -1.1767
v  -0.0047 1.9502 -1.1516
v  -0.0179 1.9461 -1.1616
v  -0.0203 1.9342 -1.1591
v  -0.0168 1.9455 -1.1504
v  0.0059 1.9449 -1.1515
v  0.0042 1.9297 -1.1584
v  0.0050 1.9283 -1.1757
v  -0.0029 1.9247 -1.1752
v  -0.0022 1.9243 -1.1367
v  -0.0162 1.9464 -1.1286
v  -0.0161 1.9457 -1.1385
v  0.0066 1.9353 -1.2019
v  -0.0040 1.9506 -1.1397
v  0.0043 1.9282 -1.2087
v  0.0039 1.9430 -1.2032
v  0.0074 1.9345 -1.2095
v  0.0041 1.9418 -1.2107
v  -0.0147 1.9414 -1.2035
v  -0.0152 1.9422 -1.1964
v  -0.0058 1.9471 -1.1970
v  -0.0166 1.9325 -1.1949
v  -0.0157 1.9436 -1.1879
v  -0.0163 1.9444 -1.1788
v  -0.0189 1.9336 -1.1774
v  -0.0202 1.9337 -1.1678
v  -0.0121 1.9260 -1.1758
v  -0.0058 1.9487 -1.1788
v  -0.0059 1.9481 -1.1879
v  0.0060 1.9270 -1.1297
v  -0.0008 1.9191 -1.1225
v  -0.0017 1.9249 -1.1277
v  -0.0121 1.9258 -1.1271
v  -0.0202 1.9338 -1.1274
v  -0.0131 1.9238 -1.1204
v  0.0136 1.9204 -1.1262
v  0.0120 1.9323 -1.1297
v  0.0408 1.9370 -1.1882
v  0.0405 1.9270 -1.1869
v  0.0421 1.9384 -1.1791
v  0.0156 1.9276 -1.2362
v  0.0302 1.9451 -1.1791
v  0.0351 1.9223 -1.1782
v  -0.0206 1.9341 -1.1200
v  -0.0142 1.9218 -1.1129
v  -0.0135 1.9207 -1.1030
v  -0.0221 1.9324 -1.1015
v  -0.0217 1.9338 -1.1118
v  -0.0002 1.9166 -1.1146
v  -0.0160 1.9472 -1.1206
v  -0.0055 1.9461 -1.2040
v  -0.0136 1.9403 -1.2111
v  0.0083 1.9358 -1.1505
v  -0.0034 1.9269 -1.1574
v  0.0155 1.9318 -1.1693
v  0.0154 1.9146 -1.1145
v  0.0081 1.9487 -1.0208
v  0.0093 1.9549 -1.0601
v  0.0004 1.9153 -1.1038
v  0.0141 1.9537 -1.1117
v  0.0129 1.9571 -1.0982
v  0.0327 1.9554 -1.1249
v  0.0329 1.9598 -1.1133
v  -0.0038 1.9573 -1.1129
v  -0.0027 1.9531 -1.1221
v  0.0575 1.9335 -1.1565
v  0.0686 1.9357 -1.1557
v  0.0693 1.9386 -1.1422
v  0.0770 1.9279 -1.1530
v  0.0575 1.9356 -1.1438
v  0.0449 1.9137 -1.1281
v  0.0569 1.9376 -1.1334
v  0.0511 1.9445 -1.1258
v  0.0706 1.9476 -1.1201
v  0.0700 1.9425 -1.1308
v  0.0516 1.9537 -1.1107
v  0.0484 1.9285 -1.1353
v  0.0452 1.9294 -1.1370
v  0.0997 1.9264 -1.1314
v  0.0622 1.9155 -1.1383
v  0.0698 1.9107 -1.1497
v  0.0557 1.9183 -1.1410
v  0.0523 1.9258 -1.1435
v  0.0520 1.9162 -1.1325
v  0.0505 1.9267 -1.1360
v  0.0450 1.9100 -1.1103
v  0.0283 1.9136 -1.1133
v  0.0705 1.9536 -1.1061
v  0.0447 1.9435 -1.1348
v  0.0321 1.9519 -1.1330
v  0.0512 1.9077 -1.0925
v  0.0579 1.9063 -1.1053
v  0.0981 1.9035 -1.0940
v  0.0608 1.9104 -1.1279
v  0.0599 1.9072 -1.1195
v  0.1052 1.9107 -1.1015
v  0.1045 1.9108 -1.1129
v  0.0991 1.9038 -1.1037
v  0.0987 1.9048 -1.1142
v  0.0286 1.9481 -0.9505
v  0.0164 1.9396 -0.9501
v  0.0182 1.9403 -0.9275
v  0.0098 1.9274 -0.9492
v  0.0135 1.9283 -0.9275
v  0.0410 1.8951 -0.9867
v  0.0332 1.8941 -0.9865
v  0.0544 1.9483 -0.9707
v  0.0418 1.9497 -0.9711
v  0.0420 1.9489 -0.9504
v  0.0095 1.9132 -0.9494
v  0.0139 1.9164 -0.9275
v  0.0736 1.9078 -0.9492
v  0.0781 1.9201 -0.9484
v  0.0804 1.9196 -0.9277
v  0.0771 1.9332 -0.9490
v  0.0695 1.9388 -0.9276
v  0.0289 1.9453 -0.9275
v  0.0479 1.9440 -0.9275
v  0.0367 1.8992 -0.9689
v  0.0407 1.9014 -0.9480
v  0.0222 1.9037 -0.9495
v  0.0540 1.9467 -0.9500
v  0.0782 1.9156 -0.9802
v  0.0828 1.9247 -0.9906
v  0.0788 1.9244 -0.9812
v  0.0699 1.9431 -0.9887
v  0.0029 1.9274 -0.9678
v  -0.0041 1.9079 -0.9796
v  0.0040 1.9111 -0.9656
v  0.0757 1.9182 -0.9673
v  0.0708 1.9046 -0.9716
v  0.0777 1.9334 -0.9710
v  0.0540 1.9007 -0.9700
v  0.0495 1.8958 -0.9874
v  0.0761 1.9080 -0.9810
v  0.0827 1.9139 -0.9910
v  0.0793 1.9046 -0.9903
v  0.0593 1.9023 -0.9493
v  0.0669 1.9046 -0.9276
v  0.0216 1.9127 -1.1018
v  0.0258 1.9058 -0.9275
v  0.0428 1.9023 -0.9402
v  0.0794 1.9348 -0.9890
v  0.0678 1.9450 -0.9700
v  0.0470 1.8988 -1.0457
v  0.0750 1.8962 -1.0413
v  0.0754 1.8938 -1.0100
v  0.0931 1.9010 -1.0368
v  0.0659 1.9428 -0.9494
v  0.0718 1.8990 -0.9885
v  0.0863 1.9002 -1.0028
v  0.0512 1.8938 -1.0128
v  0.0649 1.8930 -1.0119
v  0.0990 1.9131 -1.0352
v  0.0898 1.9121 -1.0027
v  0.1026 1.9133 -1.0690
v  0.0955 1.9029 -1.0719
v  0.0984 1.9383 -1.0893
v  0.1042 1.9119 -1.0916
v  0.1052 1.9251 -1.0939
v  0.0462 1.9020 -0.9276
v  0.0604 1.8968 -0.9878
v  0.0425 1.8929 -1.0112
v  -0.0225 1.9393 -1.0762
v  -0.0180 1.9470 -1.1001
v  -0.0093 1.9505 -1.0683
v  0.0656 1.9009 -1.2386
v  0.0703 1.9061 -1.2417
v  0.0136 1.9437 -1.1218
v  -0.0056 1.9578 -1.0994
v  -0.0252 1.8804 -1.0803
v  -0.0363 1.8716 -1.0829
v  -0.0304 1.8795 -1.0883
v  -0.0248 1.8919 -1.0839
v  -0.0212 1.8941 -1.0750
v  -0.0470 1.8722 -1.0789
v  -0.0508 1.8845 -1.0697
v  -0.0509 1.8705 -1.0870
v  -0.0551 1.8821 -1.0797
v  -0.0579 1.8802 -1.0881
v  -0.0304 1.8907 -1.0918
v  -0.0482 1.9006 -1.0483
v  -0.0395 1.9168 -1.0464
v  -0.0407 1.9110 -1.0576
v  -0.0467 1.9019 -1.0340
v  -0.0448 1.8832 -1.0448
v  -0.0168 1.9006 -1.0623
v  -0.0179 1.8852 -1.0623
v  -0.0197 1.8975 -1.0673
v  -0.0130 1.8882 -1.0546
v  -0.0407 1.8812 -1.0304
v  -0.0556 1.8838 -1.1276
v  -0.0469 1.8752 -1.1194
v  -0.0577 1.8758 -1.1272
v  -0.0135 1.9446 -1.0402
v  -0.0331 1.9275 -1.0507
v  -0.0174 1.9388 -1.0318
v  -0.0283 1.9319 -1.0569
v  -0.0653 1.8887 -1.1224
v  -0.0695 1.8825 -1.1208
v  -0.0648 1.8857 -1.1115
v  -0.0616 1.8879 -1.1275
v  -0.0603 1.8923 -1.1155
v  -0.0536 1.8940 -1.1203
v  -0.0602 1.8890 -1.1011
v  -0.0554 1.8975 -1.1056
v  -0.0458 1.8984 -1.1098
v  -0.0473 1.8864 -1.1214
v  0.0753 1.9213 -1.1851
v  -0.0553 1.8692 -1.0969
v  -0.0582 1.8923 -1.0920
v  -0.0602 1.8786 -1.0978
v  -0.0549 1.8947 -1.0841
v  -0.0514 1.8972 -1.0737
v  -0.0426 1.9036 -1.0790
v  -0.0329 1.8778 -1.0963
v  -0.0337 1.8902 -1.1002
v  -0.0377 1.8763 -1.1068
v  -0.0358 1.9009 -1.0925
v  -0.0397 1.8687 -1.0907
v  -0.0450 1.8673 -1.1010
v  0.0221 1.8932 -1.0429
v  0.0144 1.8954 -1.0520
v  -0.0281 1.9116 -1.0630
v  -0.0252 1.8696 -1.0362
v  -0.0145 1.8749 -1.0460
v  -0.0103 1.8724 -1.0312
v  -0.0085 1.8750 -1.0429
v  -0.0332 1.8716 -1.0479
v  -0.0223 1.8751 -1.0552
v  0.0129 1.9457 -0.9965
v  0.0292 1.9504 -1.0135
v  -0.0670 1.8786 -1.1278
v  -0.0690 1.8756 -1.1172
v  -0.0598 1.8685 -1.1229
v  -0.0674 1.8697 -1.1209
v  -0.0527 1.8666 -1.1142
v  -0.0646 1.8767 -1.1091
v  -0.0613 1.8684 -1.1096
v  -0.0129 1.9123 -1.0830
v  -0.0232 1.9154 -1.0657
v  -0.0224 1.9240 -1.0815
v  -0.0115 1.9008 -1.0674
v  0.0028 1.8965 -1.0597
v  -0.0110 1.8927 -1.0595
v  -0.0256 1.9118 -1.0625
v  -0.0473 1.8854 -1.0573
v  0.0007 1.9082 -1.0795
v  -0.0405 1.9002 -1.1006
v  -0.0468 1.9028 -1.0891
v  -0.0315 1.9019 -1.0831
v  -0.0288 1.9043 -1.0739
v  -0.0282 1.9082 -1.0664
v  -0.0379 1.8892 -1.1105
v  -0.0513 1.9010 -1.0970
v  -0.0402 1.9067 -1.0681
v  -0.0378 1.8748 -1.0589
v  -0.0493 1.8995 -1.0611
v  0.0200 1.9047 -1.0687
v  0.0308 1.8885 -1.0225
v  0.0521 1.9125 -1.1745
v  0.0760 1.9173 -1.1505
v  -0.0165 1.9479 -1.1118
v  -0.0078 1.9265 -1.2277
v  -0.0152 1.9313 -1.2209
v  -0.0118 1.9313 -1.2325
v  0.0037 1.9285 -1.2268
v  0.0047 1.9279 -1.2187
v  -0.0017 1.9250 -1.2188
v  -0.0049 1.9443 -1.2114
v  0.0040 1.9407 -1.2207
v  0.0077 1.9341 -1.2197
v  0.0058 1.9335 -1.2305
v  0.0039 1.9401 -1.2302
v  -0.0050 1.9430 -1.0143
v  -0.0092 1.9253 -1.2193
v  -0.0017 1.9268 -1.2285
v  -0.0021 1.9324 -1.2366
v  -0.0108 1.9388 -1.2314
v  -0.0032 1.9418 -1.2340
v  -0.0121 1.9395 -1.2215
v  -0.0041 1.9427 -1.2216
v  0.0284 1.9497 -0.9927
v  0.0097 1.9423 -0.9749
v  0.0268 1.9485 -0.9720
v  0.0243 1.9009 -0.9690
v  -0.1132 2.2424 0.0339
v  -0.1127 2.2413 0.0397
v  -0.1099 2.2431 0.0402
v  -0.1202 2.2273 -0.0388
v  -0.1203 2.2283 -0.0376
v  -0.1207 2.2293 -0.0391
v  -0.1207 2.2289 -0.0396
v  -0.1057 2.2303 -0.0390
v  -0.1021 2.2460 -0.0393
v  -0.1027 2.2447 -0.0324
v  -0.1201 2.2270 -0.0402
v  -0.1200 2.2272 -0.0416
v  -0.1206 2.2287 -0.0403
v  -0.1205 2.2288 -0.0410
v  -0.1184 2.2264 0.0364
v  -0.1183 2.2274 0.0375
v  -0.1190 2.2284 0.0361
v  -0.1006 2.2451 0.0328
v  -0.1042 2.2457 0.0331
v  -0.1001 2.2438 0.0396
v  -0.1012 2.2433 0.0260
v  -0.1047 2.2438 0.0260
v  -0.1036 2.2443 0.0402
v  -0.0996 2.2396 0.0453
v  -0.1016 2.2387 0.0207
v  -0.1052 2.2391 0.0205
v  -0.1010 2.2150 0.0270
v  -0.1005 2.2137 0.0339
v  -0.1046 2.2145 0.0271
v  -0.1051 2.2188 0.0212
v  -0.0999 2.2155 0.0406
v  -0.1040 2.2131 0.0342
v  -0.1017 2.2254 0.0182
v  -0.1015 2.2192 0.0214
v  -0.1054 2.2252 0.0179
v  -0.0993 2.2264 0.0488
v  -0.1028 2.2263 0.0497
v  -0.1030 2.2197 0.0468
v  -0.1057 2.2466 -0.0396
v  -0.1063 2.2452 -0.0325
v  -0.1068 2.2409 -0.0266
v  -0.1032 2.2405 -0.0268
v  -0.1010 2.2397 -0.0514
v  -0.1045 2.2400 -0.0521
v  -0.1050 2.2447 -0.0466
v  -0.1015 2.2442 -0.0460
v  -0.1084 2.2388 0.0211
v  -0.1114 2.2383 0.0221
v  -0.1080 2.2434 0.0265
v  -0.0995 2.2201 0.0460
v  -0.1035 2.2150 0.0412
v  -0.1110 2.2426 0.0272
v  -0.1018 2.2323 0.0179
v  -0.1054 2.2324 0.0176
v  -0.1160 2.2396 0.0343
v  -0.1164 2.2384 0.0299
v  -0.1136 2.2409 0.0283
v  -0.1105 2.2443 0.0336
v  -0.1191 2.2310 0.0348
v  -0.1191 2.2308 0.0341
v  -0.1190 2.2294 0.0348
v  -0.1140 2.2371 0.0239
v  -0.1190 2.2279 0.0356
v  -0.1185 2.2260 0.0349
v  -0.1041 2.2294 0.0336
v  -0.1191 2.2279 0.0342
v  -0.1187 2.2263 0.0335
v  -0.1191 2.2277 0.0349
v  -0.1188 2.2272 0.0323
v  -0.0993 2.2334 0.0485
v  -0.1029 2.2336 0.0494
v  -0.1031 2.2400 0.0460
v  -0.1166 2.2276 -0.0500
v  -0.1168 2.2236 -0.0479
v  -0.1186 2.2258 -0.0455
v  -0.1184 2.2285 -0.0469
v  -0.1171 2.2209 -0.0442
v  -0.1188 2.2239 -0.0430
v  -0.1186 2.2344 -0.0458
v  -0.1168 2.2364 -0.0483
v  -0.1166 2.2322 -0.0501
v  -0.1184 2.2316 -0.0470
v  -0.1179 2.2212 -0.0353
v  -0.1182 2.2242 -0.0318
v  -0.1195 2.2261 -0.0346
v  -0.1193 2.2241 -0.0369
v  -0.1196 2.2290 -0.0333
v  -0.1204 2.2297 -0.0370
v  -0.1175 2.2200 -0.0397
v  -0.1190 2.2233 -0.0399
v  -0.1184 2.2284 -0.0299
v  -0.1184 2.2329 -0.0301
v  -0.1196 2.2321 -0.0334
v  -0.1182 2.2370 -0.0322
v  -0.1195 2.2348 -0.0349
v  -0.1206 2.2303 -0.0404
v  -0.1107 2.2265 -0.0541
v  -0.1107 2.2331 -0.0543
v  -0.1075 2.2333 -0.0549
v  -0.1175 2.2403 -0.0405
v  -0.1171 2.2391 -0.0449
v  -0.1188 2.2364 -0.0434
v  -0.1190 2.2372 -0.0404
v  -0.1179 2.2397 -0.0359
v  -0.1193 2.2367 -0.0374
v  -0.1199 2.2281 -0.0428
v  -0.1198 2.2294 -0.0435
v  -0.1204 2.2311 -0.0371
v  -0.1207 2.2307 -0.0388
v  -0.1207 2.2300 -0.0388
v  -0.1203 2.2324 -0.0378
v  -0.1207 2.2313 -0.0392
v  -0.1202 2.2333 -0.0390
v  -0.1201 2.2336 -0.0404
v  -0.1199 2.2323 -0.0430
v  -0.1198 2.2309 -0.0436
v  -0.1200 2.2332 -0.0419
v  -0.1169 2.2280 0.0416
v  -0.1152 2.2274 0.0447
v  -0.1169 2.2311 0.0415
v  -0.1170 2.2252 0.0404
v  -0.1153 2.2232 0.0429
v  -0.1172 2.2338 0.0400
v  -0.1154 2.2360 0.0425
v  -0.1152 2.2320 0.0446
v  -0.1115 2.2255 0.0197
v  -0.1114 2.2323 0.0194
v  -0.1086 2.2324 0.0183
v  -0.1085 2.2253 0.0185
v  -0.1178 2.2355 0.0315
v  -0.1175 2.2363 0.0345
v  -0.1173 2.2357 0.0376
v  -0.1157 2.2387 0.0388
v  -0.1179 2.2335 0.0292
v  -0.1166 2.2355 0.0264
v  -0.1159 2.2191 0.0350
v  -0.1130 2.2163 0.0349
v  -0.1126 2.2178 0.0403
v  -0.1098 2.2161 0.0412
v  -0.1103 2.2144 0.0347
v  -0.1072 2.2135 0.0345
v  -0.1156 2.2203 0.0394
v  -0.1122 2.2216 0.0449
v  -0.1094 2.2204 0.0462
v  -0.1063 2.2199 0.0467
v  -0.1067 2.2153 0.0413
v  -0.1184 2.2315 0.0373
v  -0.1185 2.2324 0.0361
v  -0.1184 2.2302 0.0380
v  -0.1186 2.2327 0.0347
v  -0.1183 2.2287 0.0381
v  -0.1188 2.2300 0.0315
v  -0.1188 2.2313 0.0321
v  -0.1180 2.2306 0.0279
v  -0.1187 2.2323 0.0333
v  -0.1188 2.2285 0.0316
v  -0.1180 2.2276 0.0280
v  -0.1168 2.2267 0.0247
v  -0.1179 2.2248 0.0295
v  -0.1168 2.2313 0.0245
v  -0.1166 2.2227 0.0268
v  -0.1177 2.2230 0.0320
v  -0.1172 2.2232 0.0380
v  -0.1163 2.2199 0.0305
v  -0.1174 2.2224 0.0350
v  -0.1035 2.2344 -0.0236
v  -0.1071 2.2345 -0.0233
v  -0.1071 2.2273 -0.0230
v  -0.1035 2.2274 -0.0233
v  -0.1068 2.2206 -0.0259
v  -0.1032 2.2210 -0.0261
v  -0.1008 2.2333 -0.0542
v  -0.1043 2.2334 -0.0551
v  -0.1021 2.2147 -0.0382
v  -0.1057 2.2140 -0.0385
v  -0.1050 2.2154 -0.0456
v  -0.1015 2.2160 -0.0451
v  -0.1027 2.2165 -0.0314
v  -0.1063 2.2159 -0.0314
v  -0.1010 2.2201 -0.0507
v  -0.1045 2.2197 -0.0514
v  -0.1043 2.2261 -0.0548
v  -0.1008 2.2263 -0.0539
v  -0.1205 2.2317 -0.0411
v  -0.1206 2.2319 -0.0404
v  -0.1205 2.2313 -0.0417
v  -0.1207 2.2318 -0.0397
v  -0.1205 2.2292 -0.0416
v  -0.1205 2.2299 -0.0420
v  -0.1205 2.2306 -0.0420
v  -0.1135 2.2269 -0.0524
v  -0.1138 2.2218 -0.0497
v  -0.1138 2.2381 -0.0503
v  -0.1135 2.2328 -0.0527
v  -0.1109 2.2206 -0.0510
v  -0.1075 2.2262 -0.0547
v  -0.1078 2.2200 -0.0514
v  -0.1114 2.2166 -0.0456
v  -0.1142 2.2183 -0.0451
v  -0.1083 2.2158 -0.0457
v  -0.1102 2.2273 -0.0237
v  -0.1132 2.2275 -0.0248
v  -0.1130 2.2214 -0.0275
v  -0.1100 2.2208 -0.0265
v  -0.1158 2.2278 -0.0269
v  -0.1156 2.2225 -0.0293
v  -0.1109 2.2392 -0.0516
v  -0.1147 2.2172 -0.0393
v  -0.1119 2.2153 -0.0390
v  -0.1125 2.2170 -0.0326
v  -0.1152 2.2187 -0.0337
v  -0.1095 2.2162 -0.0319
v  -0.1089 2.2144 -0.0387
v  -0.1142 2.2419 -0.0459
v  -0.1152 2.2423 -0.0345
v  -0.1147 2.2433 -0.0403
v  -0.1083 2.2444 -0.0467
v  -0.1114 2.2436 -0.0465
v  -0.1119 2.2453 -0.0401
v  -0.1089 2.2462 -0.0399
v  -0.1095 2.2449 -0.0329
v  -0.1156 2.2388 -0.0299
v  -0.1125 2.2440 -0.0335
v  -0.1078 2.2398 -0.0521
v  -0.1158 2.2336 -0.0271
v  -0.1132 2.2341 -0.0251
v  -0.1100 2.2406 -0.0272
v  -0.1102 2.2344 -0.0239
v  -0.1130 2.2400 -0.0282
v  -0.1092 2.2266 0.0489
v  -0.1061 2.2264 0.0495
v  -0.1121 2.2269 0.0473
v  -0.1140 2.2319 0.0215
v  -0.1083 2.2190 0.0218
v  -0.1192 2.2297 0.0332
v  -0.1192 2.2289 0.0332
v  -0.1141 2.2260 0.0218
v  -0.1121 2.2327 0.0470
v  -0.1092 2.2332 0.0487
v  -0.1064 2.2397 0.0460
v  -0.1061 2.2335 0.0493
v  -0.1190 2.2290 0.0364
v  -0.1190 2.2298 0.0364
v  -0.1078 2.2148 0.0275
v  -0.1108 2.2156 0.0281
v  -0.1139 2.2208 0.0245
v  -0.1135 2.2174 0.0291
v  -0.1192 2.2283 0.0336
v  -0.1192 2.2303 0.0335
v  -0.1113 2.2196 0.0228
v  -0.1190 2.2304 0.0361
v  -0.1190 2.2308 0.0355
v  -0.1095 2.2391 0.0456
v  -0.1069 2.2439 0.0403
v  -0.1123 2.2379 0.0443
v  -0.1074 2.2452 0.0333
v  -0.1130 2.2422 0.0339
v  -0.1126 2.2411 0.0395
v  -0.1098 2.2428 0.0401
v  -0.1200 2.2274 -0.0388
v  -0.1201 2.2283 -0.0377
v  -0.1204 2.2293 -0.0391
v  -0.1204 2.2289 -0.0396
v  -0.1022 2.2457 -0.0393
v  -0.1028 2.2444 -0.0326
v  -0.1198 2.2270 -0.0402
v  -0.1197 2.2273 -0.0416
v  -0.1203 2.2287 -0.0403
v  -0.1203 2.2288 -0.0410
v  -0.1182 2.2265 0.0363
v  -0.1181 2.2274 0.0374
v  -0.1187 2.2284 0.0361
v  -0.1007 2.2448 0.0328
v  -0.1042 2.2453 0.0331
v  -0.1002 2.2435 0.0395
v  -0.1012 2.2430 0.0262
v  -0.1047 2.2435 0.0262
v  -0.1036 2.2440 0.0401
v  -0.0997 2.2394 0.0450
v  -0.1016 2.2385 0.0210
v  -0.1052 2.2389 0.0208
v  -0.1011 2.2153 0.0272
v  -0.1005 2.2140 0.0339
v  -0.1046 2.2147 0.0272
v  -0.1050 2.2190 0.0215
v  -0.1000 2.2158 0.0405
v  -0.1040 2.2134 0.0342
v  -0.1018 2.2254 0.0185
v  -0.1015 2.2194 0.0216
v  -0.1053 2.2253 0.0182
v  -0.0994 2.2265 0.0485
v  -0.1028 2.2264 0.0494
v  -0.1031 2.2199 0.0465
v  -0.1057 2.2463 -0.0396
v  -0.1063 2.2450 -0.0326
v  -0.1068 2.2407 -0.0269
v  -0.1032 2.2403 -0.0271
v  -0.1011 2.2395 -0.0511
v  -0.1046 2.2398 -0.0519
v  -0.1051 2.2445 -0.0465
v  -0.1016 2.2439 -0.0459
v  -0.1083 2.2386 0.0214
v  -0.1112 2.2381 0.0223
v  -0.1079 2.2432 0.0266
v  -0.0996 2.2202 0.0457
v  -0.1035 2.2152 0.0411
v  -0.1108 2.2424 0.0273
v  -0.1018 2.2323 0.0182
v  -0.1054 2.2324 0.0179
v  -0.1158 2.2394 0.0343
v  -0.1161 2.2383 0.0299
v  -0.1134 2.2407 0.0284
v  -0.1103 2.2440 0.0336
v  -0.1188 2.2309 0.0347
v  -0.1188 2.2308 0.0341
v  -0.1187 2.2294 0.0348
v  -0.1138 2.2370 0.0241
v  -0.1187 2.2279 0.0355
v  -0.1183 2.2261 0.0349
v  -0.1188 2.2279 0.0342
v  -0.1184 2.2264 0.0335
v  -0.1188 2.2278 0.0349
v  -0.1185 2.2272 0.0323
v  -0.0994 2.2333 0.0482
v  -0.1029 2.2335 0.0491
v  -0.1032 2.2398 0.0458
v  -0.1164 2.2277 -0.0498
v  -0.1166 2.2237 -0.0477
v  -0.1183 2.2258 -0.0453
v  -0.1182 2.2285 -0.0468
v  -0.1169 2.2211 -0.0441
v  -0.1185 2.2240 -0.0429
v  -0.1183 2.2343 -0.0456
v  -0.1166 2.2363 -0.0481
v  -0.1164 2.2322 -0.0499
v  -0.1182 2.2316 -0.0469
v  -0.1177 2.2214 -0.0353
v  -0.1180 2.2243 -0.0319
v  -0.1192 2.2262 -0.0347
v  -0.1190 2.2242 -0.0370
v  -0.1194 2.2290 -0.0334
v  -0.1201 2.2297 -0.0371
v  -0.1173 2.2202 -0.0397
v  -0.1188 2.2235 -0.0399
v  -0.1182 2.2284 -0.0301
v  -0.1182 2.2329 -0.0303
v  -0.1194 2.2320 -0.0336
v  -0.1180 2.2368 -0.0324
v  -0.1192 2.2347 -0.0350
v  -0.1203 2.2303 -0.0404
v  -0.1106 2.2265 -0.0538
v  -0.1106 2.2331 -0.0540
v  -0.1075 2.2332 -0.0546
v  -0.1173 2.2401 -0.0404
v  -0.1169 2.2389 -0.0448
v  -0.1185 2.2363 -0.0433
v  -0.1188 2.2371 -0.0404
v  -0.1177 2.2395 -0.0360
v  -0.1190 2.2365 -0.0374
v  -0.1196 2.2282 -0.0428
v  -0.1195 2.2294 -0.0434
v  -0.1201 2.2311 -0.0371
v  -0.1204 2.2307 -0.0388
v  -0.1204 2.2300 -0.0388
v  -0.1201 2.2324 -0.0378
v  -0.1204 2.2313 -0.0391
v  -0.1200 2.2333 -0.0390
v  -0.1198 2.2335 -0.0404
v  -0.1196 2.2322 -0.0429
v  -0.1195 2.2309 -0.0435
v  -0.1197 2.2332 -0.0418
v  -0.1167 2.2281 0.0414
v  -0.1149 2.2275 0.0445
v  -0.1167 2.2311 0.0413
v  -0.1168 2.2253 0.0402
v  -0.1151 2.2234 0.0427
v  -0.1169 2.2337 0.0398
v  -0.1151 2.2359 0.0423
v  -0.1150 2.2319 0.0444
v  -0.1114 2.2256 0.0199
v  -0.1112 2.2323 0.0197
v  -0.1085 2.2323 0.0186
v  -0.1085 2.2254 0.0188
v  -0.1175 2.2354 0.0316
v  -0.1173 2.2362 0.0345
v  -0.1170 2.2356 0.0375
v  -0.1154 2.2386 0.0387
v  -0.1177 2.2334 0.0293
v  -0.1164 2.2353 0.0265
v  -0.1157 2.2193 0.0350
v  -0.1129 2.2166 0.0348
v  -0.1124 2.2180 0.0402
v  -0.1097 2.2164 0.0410
v  -0.1102 2.2147 0.0347
v  -0.1072 2.2138 0.0345
v  -0.1153 2.2204 0.0393
v  -0.1121 2.2217 0.0447
v  -0.1093 2.2206 0.0460
v  -0.1062 2.2201 0.0464
v  -0.1066 2.2156 0.0412
v  -0.1181 2.2314 0.0372
v  -0.1182 2.2323 0.0361
v  -0.1181 2.2302 0.0379
v  -0.1183 2.2326 0.0347
v  -0.1180 2.2287 0.0380
v  -0.1185 2.2300 0.0316
v  -0.1185 2.2313 0.0322
v  -0.1178 2.2306 0.0280
v  -0.1184 2.2322 0.0333
v  -0.1185 2.2285 0.0316
v  -0.1177 2.2276 0.0281
v  -0.1165 2.2268 0.0249
v  -0.1176 2.2249 0.0296
v  -0.1165 2.2312 0.0247
v  -0.1163 2.2228 0.0270
v  -0.1174 2.2231 0.0320
v  -0.1169 2.2233 0.0379
v  -0.1160 2.2201 0.0306
v  -0.1172 2.2225 0.0350
v  -0.1035 2.2343 -0.0239
v  -0.1070 2.2344 -0.0236
v  -0.1070 2.2273 -0.0233
v  -0.1035 2.2274 -0.0236
v  -0.1068 2.2208 -0.0262
v  -0.1032 2.2212 -0.0264
v  -0.1009 2.2332 -0.0539
v  -0.1043 2.2333 -0.0548
v  -0.1022 2.2150 -0.0382
v  -0.1057 2.2144 -0.0385
v  -0.1051 2.2157 -0.0455
v  -0.1016 2.2163 -0.0449
v  -0.1028 2.2167 -0.0316
v  -0.1063 2.2162 -0.0316
v  -0.1011 2.2203 -0.0504
v  -0.1046 2.2199 -0.0512
v  -0.1043 2.2262 -0.0545
v  -0.1009 2.2264 -0.0536
v  -0.1203 2.2317 -0.0411
v  -0.1203 2.2319 -0.0404
v  -0.1202 2.2312 -0.0416
v  -0.1204 2.2317 -0.0397
v  -0.1202 2.2293 -0.0416
v  -0.1202 2.2299 -0.0419
v  -0.1202 2.2306 -0.0419
v  -0.1134 2.2270 -0.0522
v  -0.1136 2.2220 -0.0495
v  -0.1136 2.2379 -0.0501
v  -0.1134 2.2327 -0.0524
v  -0.1108 2.2207 -0.0507
v  -0.1075 2.2263 -0.0544
v  -0.1077 2.2202 -0.0512
v  -0.1113 2.2169 -0.0455
v  -0.1140 2.2186 -0.0449
v  -0.1082 2.2160 -0.0456
v  -0.1102 2.2274 -0.0240
v  -0.1131 2.2275 -0.0251
v  -0.1128 2.2216 -0.0277
v  -0.1099 2.2210 -0.0268
v  -0.1156 2.2279 -0.0272
v  -0.1154 2.2227 -0.0295
v  -0.1108 2.2390 -0.0514
v  -0.1145 2.2175 -0.0393
v  -0.1118 2.2156 -0.0390
v  -0.1124 2.2173 -0.0327
v  -0.1150 2.2190 -0.0338
v  -0.1094 2.2165 -0.0320
v  -0.1088 2.2147 -0.0388
v  -0.1140 2.2416 -0.0458
v  -0.1150 2.2420 -0.0346
v  -0.1145 2.2431 -0.0402
v  -0.1082 2.2441 -0.0466
v  -0.1113 2.2433 -0.0464
v  -0.1118 2.2450 -0.0401
v  -0.1088 2.2459 -0.0399
v  -0.1094 2.2446 -0.0330
v  -0.1154 2.2386 -0.0300
v  -0.1124 2.2437 -0.0337
v  -0.1077 2.2396 -0.0518
v  -0.1156 2.2336 -0.0274
v  -0.1131 2.2341 -0.0253
v  -0.1099 2.2404 -0.0275
v  -0.1102 2.2343 -0.0242
v  -0.1128 2.2399 -0.0284
v  -0.1091 2.2266 0.0486
v  -0.1060 2.2264 0.0492
v  -0.1119 2.2270 0.0470
v  -0.1138 2.2319 0.0217
v  -0.1082 2.2192 0.0221
v  -0.1189 2.2297 0.0332
v  -0.1189 2.2289 0.0333
v  -0.1139 2.2261 0.0220
v  -0.1120 2.2326 0.0468
v  -0.1091 2.2331 0.0484
v  -0.1063 2.2395 0.0457
v  -0.1061 2.2334 0.0490
v  -0.1187 2.2290 0.0364
v  -0.1187 2.2297 0.0363
v  -0.1077 2.2151 0.0276
v  -0.1107 2.2159 0.0283
v  -0.1137 2.2210 0.0246
v  -0.1133 2.2176 0.0292
v  -0.1189 2.2283 0.0336
v  -0.1189 2.2303 0.0335
v  -0.1111 2.2198 0.0230
v  -0.1187 2.2304 0.0360
v  -0.1187 2.2308 0.0354
v  -0.1094 2.2389 0.0453
v  -0.1068 2.2436 0.0402
v  -0.1122 2.2377 0.0441
v  -0.1073 2.2449 0.0334
# 5570 vertices

vn 0.9741 0.1722 0.1468
vn 0.8338 0.0651 -0.5482
vn 0.8352 0.1363 -0.5328
vn -0.6960 -0.1383 -0.7046
vn -0.6757 -0.1565 -0.7203
vn -0.9784 -0.1897 -0.0822
vn -0.9831 -0.1775 -0.0457
vn 0.4354 0.0246 0.8999
vn 0.6786 0.0500 0.7328
vn 0.6680 0.1415 0.7305
vn 0.4660 0.0966 0.8795
vn -0.8146 -0.1616 0.5571
vn -0.8055 -0.1314 0.5778
vn 0.3202 0.0351 -0.9467
vn 0.3002 -0.0251 -0.9535
vn -0.2798 -0.1087 -0.9539
vn -0.2692 -0.0887 -0.9590
vn -0.3948 -0.0494 0.9174
vn -0.3759 0.0156 0.9265
vn -0.7842 -0.0985 0.6127
vn -0.9877 -0.1556 0.0144
vn -0.9906 -0.1361 -0.0149
vn -0.7762 -0.1510 0.6121
vn -0.7795 -0.1910 0.5966
vn 0.7283 -0.1714 0.6635
vn 0.5125 -0.1606 0.8436
vn 0.5582 -0.1412 0.8176
vn 0.7297 -0.1307 0.6711
vn -0.9877 -0.1541 -0.0257
vn -0.7601 -0.1449 0.6334
vn -0.6661 -0.1536 -0.7299
vn -0.6902 -0.1142 -0.7146
vn 0.8692 0.0105 -0.4943
vn 0.9858 -0.0116 0.1673
vn 0.9754 0.1022 0.1955
vn 0.8507 0.1498 -0.5038
vn -0.2567 -0.0577 -0.9648
vn -0.7276 -0.1173 -0.6759
vn -0.0170 -0.1410 0.9899
vn -0.3352 -0.2013 0.9204
vn -0.3141 -0.1246 0.9412
vn -0.0195 -0.0808 0.9965
vn -0.9862 -0.1651 0.0154
vn 0.4216 -0.0686 -0.9042
vn 0.3944 -0.0271 -0.9186
vn -0.1647 -0.1292 -0.9778
vn -0.1758 -0.0663 -0.9822
vn 0.9864 -0.0840 0.1416
vn 0.9920 -0.0713 0.1037
vn 0.7195 -0.1417 0.6799
vn -0.2977 -0.6455 0.7034
vn -0.6258 -0.6479 0.4343
vn 0.0294 -0.9995 -0.0095
vn 0.0251 -0.9996 -0.0154
vn 0.4387 -0.0433 0.8976
vn 0.4491 0.0610 0.8914
vn 0.6146 0.0729 0.7854
vn 0.6170 -0.0382 0.7860
vn -0.3919 -0.1543 0.9070
vn -0.0147 -0.1805 0.9835
vn -0.0828 -0.1357 0.9873
vn -0.4175 -0.1596 0.8946
vn 0.3604 0.0708 -0.9301
vn 0.3886 0.0175 -0.9213
vn -0.9788 -0.1748 -0.1069
vn -0.8173 -0.1643 0.5523
vn 0.8383 0.1933 -0.5097
vn 0.3369 0.0941 -0.9368
vn 0.8417 -0.0355 -0.5387
vn 0.8064 -0.0470 -0.5895
vn 0.9933 -0.1157 0.0037
vn 0.9930 -0.0908 0.0750
vn -0.2831 -0.0777 -0.9559
vn -0.6701 -0.1260 -0.7315
vn 0.6675 -0.0160 0.7444
vn 0.9854 0.0533 0.1617
vn 0.9858 0.0904 0.1414
vn -0.3606 -0.2171 0.9071
vn 0.0205 -0.1957 0.9805
vn -0.8046 -0.1721 0.5684
vn -0.9863 -0.1590 -0.0445
vn 0.3204 0.0242 -0.9470
vn 0.3215 0.1241 -0.9387
vn -0.2358 0.0953 -0.9671
vn -0.2339 -0.0039 -0.9722
vn 0.8506 0.0345 -0.5247
vn 0.8788 0.1403 -0.4561
vn 0.9647 0.2001 0.1714
vn 0.6692 0.1722 0.7228
vn 0.6818 0.1996 0.7037
vn 0.9604 0.2325 0.1537
vn -0.7243 -0.1310 -0.6769
vn -0.9883 -0.0794 -0.1299
vn -0.9817 -0.0738 -0.1754
vn -0.7607 0.0135 -0.6490
vn -0.7487 -0.0286 -0.6622
vn -0.2811 -0.1635 0.9457
vn 0.0264 -0.0816 0.9963
vn 0.0753 -0.0640 0.9951
vn -0.9873 -0.1124 -0.1121
vn -0.8240 -0.2223 0.5211
vn -0.2434 -0.1227 0.9621
vn -0.8241 -0.2402 0.5131
vn -0.1965 -0.0494 -0.9793
vn -0.2008 -0.0294 -0.9792
vn 0.3971 -0.0120 -0.9177
vn 0.4029 -0.0216 -0.9150
vn -0.8822 -0.3560 0.3083
vn -0.3574 -0.1579 0.9205
vn -0.0435 -0.0936 0.9947
vn -0.1830 -0.0695 -0.9807
vn -0.8205 -0.1956 0.5372
vn -0.9887 -0.1327 -0.0703
vn -0.7304 -0.0708 -0.6793
vn -0.7131 -0.1062 -0.6930
vn 0.2949 -0.6245 -0.7232
vn 0.7450 -0.5749 -0.3384
vn 0.0340 -0.9994 -0.0112
vn 0.0705 -0.9975 0.0098
vn 0.4404 -0.0438 0.8967
vn 0.7412 -0.6118 0.2762
vn 0.0375 -0.9989 -0.0277
vn 0.8305 0.0412 -0.5554
vn 0.9473 0.0853 0.3088
vn 0.9667 0.0012 0.2560
vn -0.9885 -0.0587 -0.1395
vn -0.9978 -0.0638 -0.0159
vn -0.9978 -0.0666 0.0014
vn -0.9983 -0.0581 -0.0066
vn -0.1192 -0.6624 -0.7396
vn 0.0201 -0.9996 -0.0184
vn -0.4411 -0.1374 0.8869
vn -0.1583 -0.0854 0.9837
vn -0.1168 -0.0597 0.9914
vn -0.4130 -0.1159 0.9033
vn -0.7503 -0.6452 -0.1442
vn 0.0331 -0.9994 0.0130
vn -0.4931 -0.6274 -0.6026
vn -0.0192 -0.9997 0.0157
vn -0.2583 -0.0291 -0.9656
vn -0.6773 -0.0485 -0.7341
vn 0.0159 -0.9999 0.0035
vn 0.4521 -0.6265 0.6350
vn 0.2516 -0.5999 0.7594
vn -0.0147 -0.9999 -0.0023
vn 0.2996 -0.0270 -0.9537
vn -0.1226 -0.6644 0.7373
vn 0.0220 -0.9998 -0.0014
vn 0.9299 0.1259 0.3456
vn 0.5780 0.0966 0.8103
vn -0.4665 -0.1217 0.8761
vn -0.2039 -0.1049 0.9734
vn -0.2023 0.1256 -0.9712
vn 0.3028 0.1147 -0.9461
vn 0.4515 -0.0632 0.8900
vn 0.6416 -0.0545 0.7651
vn -0.9904 -0.0827 -0.1109
vn -0.3895 0.0650 0.9187
vn -0.8172 0.0747 0.5715
vn -0.8188 -0.1023 0.5649
vn 0.3479 0.0427 0.9366
vn 0.3133 -0.0113 -0.9496
vn -0.2032 0.0335 0.9786
vn 0.9783 -0.0102 0.2070
vn 0.8729 0.1564 -0.4622
vn 0.8379 0.0167 -0.5456
vn -0.8313 0.0653 0.5520
vn -0.9712 0.0949 -0.2184
vn -0.9770 0.0872 -0.1947
vn -0.8185 -0.0042 0.5745
vn -0.4520 -0.0314 0.8915
vn -0.6181 0.1002 -0.7797
vn -0.6256 0.1369 -0.7680
vn -0.6557 -0.0156 -0.7548
vn -0.2307 0.0433 0.9721
vn -0.4340 0.0530 0.8993
vn -0.2310 -0.0404 0.9721
vn -0.9849 -0.0100 -0.1726
vn -0.2389 0.0058 -0.9710
vn -0.6981 -0.0956 -0.7096
vn 0.3777 0.1236 -0.9176
vn -0.2445 0.0231 -0.9694
vn -0.7576 -0.1044 0.6443
vn -0.3572 -0.0033 0.9340
vn -0.9867 -0.1603 -0.0276
vn -0.0294 0.0417 0.9987
vn 0.5137 0.1196 0.8496
vn 0.7004 0.0518 0.7119
vn 0.5563 -0.0125 0.8309
vn -0.1695 -0.0887 -0.9815
vn -0.1857 -0.0699 -0.9801
vn -0.7026 -0.1007 -0.7044
vn -0.7026 -0.1126 -0.7026
vn -0.8096 -0.1763 0.5598
vn -0.9864 -0.1531 -0.0603
vn 0.7095 -0.0627 0.7019
vn 0.8488 0.1793 -0.4974
vn -0.0611 0.0046 0.9981
vn 0.8584 -0.0350 -0.5118
vn 0.8522 -0.0302 -0.5223
vn 0.5746 -0.0941 0.8130
vn 0.4280 -0.1248 0.8951
vn 0.6732 -0.1181 0.7299
vn 0.6864 -0.1119 0.7186
vn 0.4143 -0.0272 -0.9097
vn 0.4114 -0.0304 -0.9109
vn 0.3140 0.0273 0.9490
vn -0.2402 -0.0025 0.9707
vn -0.2422 0.0968 0.9654
vn 0.3146 0.1269 0.9407
vn -0.8124 -0.0079 -0.5830
vn -0.4454 -0.0347 -0.8947
vn -0.4279 0.0493 -0.9025
vn -0.8257 0.0610 -0.5608
vn 0.8449 0.0383 0.5335
vn 0.8733 0.1438 0.4655
vn 0.4894 0.1465 0.8597
vn -0.0398 0.0686 0.9968
vn 0.9916 -0.0531 0.1182
vn -0.9925 -0.0914 -0.0815
vn -0.9939 -0.0978 -0.0513
vn 0.1017 -0.1181 -0.9878
vn 0.0806 -0.0667 -0.9945
vn -0.2378 -0.1244 -0.9633
vn -0.1856 -0.1799 -0.9660
vn 0.5808 -0.1007 -0.8078
vn 0.5644 -0.1460 -0.8125
vn 0.7358 -0.1356 -0.6635
vn -0.9902 -0.1270 0.0586
vn -0.8158 -0.1920 -0.5455
vn -0.8045 -0.1736 -0.5680
vn -0.9877 -0.1485 0.0482
vn -0.3289 -0.2007 -0.9228
vn -0.3089 -0.1242 -0.9429
vn -0.7562 -0.1394 -0.6393
vn -0.7709 -0.1477 -0.6195
vn -0.2634 -0.0558 0.9631
vn -0.7342 -0.1164 0.6689
vn -0.7023 -0.1397 0.6981
vn -0.2753 -0.0878 0.9573
vn -0.2463 0.0092 0.9691
vn -0.7058 -0.0896 0.7027
vn -0.7515 -0.1038 -0.6515
vn -0.3509 -0.0048 -0.9364
vn 0.3506 -0.0380 0.9357
vn 0.3590 -0.0466 0.9322
vn -0.2217 -0.0063 -0.9751
vn -0.8194 -0.2398 -0.5207
vn -0.1753 -0.0866 0.9807
vn -0.2496 0.0273 0.9680
vn 0.3553 0.0710 0.9320
vn -0.7372 0.0888 0.6698
vn -0.9269 -0.0023 0.3754
vn -0.9456 0.0068 0.3254
vn -0.7608 0.0798 0.6440
vn 0.0965 -0.1148 0.9887
vn -0.1915 -0.1782 0.9652
vn 0.3724 -0.0781 0.9248
vn -0.8055 -0.1706 -0.5675
vn -0.4039 -0.1300 -0.9055
vn -0.4359 -0.1419 -0.8887
vn -0.7209 -0.1002 0.6858
vn -0.1729 -0.1271 0.9767
vn -0.7320 -0.1291 0.6690
vn -0.6728 -0.1530 0.7238
vn 0.9877 -0.0169 -0.1554
vn 0.9781 0.0972 -0.1840
vn 0.7070 0.0469 -0.7057
vn 0.7158 -0.0682 -0.6950
vn 0.8529 -0.0361 0.5208
vn 0.8471 -0.0314 0.5306
vn 0.4055 -0.0296 0.9136
vn 0.4145 -0.0682 0.9075
vn 0.8640 0.0080 0.5035
vn 0.8461 0.1464 0.5125
vn 0.7344 -0.1753 -0.6557
vn 0.7259 -0.1459 -0.6721
vn 0.9930 -0.0744 -0.0916
vn 0.9878 -0.0867 -0.1293
vn -0.7779 -0.0999 -0.6204
vn -0.9859 -0.1651 -0.0263
vn -0.9879 -0.1539 0.0175
vn 0.5197 0.1176 -0.8462
vn 0.5615 -0.0170 -0.8273
vn 0.6758 0.1695 -0.7173
vn 0.9750 0.1760 -0.1354
vn 0.8290 0.1402 0.5413
vn 0.8284 0.0778 0.5547
vn 0.9868 0.0928 -0.1329
vn -0.9791 -0.1911 0.0697
vn -0.9830 -0.1806 0.0347
vn -0.7991 -0.1349 -0.5858
vn 0.3134 0.0383 0.9489
vn 0.2941 -0.0093 0.9557
vn -0.6836 -0.1501 0.7143
vn 0.3705 0.1241 0.9205
vn 0.3299 0.0964 0.9391
vn 0.9927 -0.0574 -0.1061
vn 0.9668 0.1988 -0.1605
vn 0.9617 0.2339 -0.1426
vn 0.6879 0.1999 -0.6978
vn 0.3878 -0.0263 0.9214
vn 0.3814 0.0189 0.9242
vn 0.7398 -0.5617 0.3703
vn 0.3764 -0.7341 0.5652
vn 0.5085 -0.6687 0.5424
vn 0.8167 -0.4525 0.3582
vn 0.8375 -0.0273 0.5458
vn 0.7670 0.5353 -0.3537
vn 0.8463 0.5265 -0.0815
vn 0.9602 0.2626 -0.0955
vn 0.8584 0.2548 -0.4452
vn 0.5189 -0.1648 -0.8388
vn 0.7690 -0.4330 0.4702
vn 0.9147 -0.3489 0.2039
vn -0.7596 0.0565 0.6479
vn -0.2677 0.1380 0.9536
vn -0.2338 0.1308 0.9635
vn 0.7437 -0.5636 -0.3595
vn 0.8201 -0.4553 -0.3466
vn 0.5116 -0.6716 -0.5359
vn 0.3798 -0.7362 -0.5601
vn 0.9965 0.0478 0.0680
vn 0.9561 -0.2165 0.1974
vn 0.9885 -0.1411 0.0551
vn 0.9920 0.1077 -0.0665
vn -0.9401 0.3082 0.1454
vn -0.8784 0.2927 0.3779
vn -0.7661 0.5826 0.2714
vn -0.7513 0.6576 0.0556
vn 0.8781 0.4780 -0.0210
vn 0.6919 0.7196 -0.0581
vn 0.7604 0.6473 -0.0533
vn -0.6802 0.3709 0.6322
vn -0.6008 0.6261 0.4971
vn -0.9379 0.3083 -0.1587
vn -0.9611 0.2762 -0.0067
vn -0.6708 0.7416 -0.0055
vn -0.7504 0.6575 -0.0676
vn -0.0100 -0.1828 -0.9831
vn 0.0251 -0.1982 -0.9798
vn -0.3549 -0.2179 -0.9092
vn -0.3860 -0.1548 -0.9094
vn -0.6200 -0.7846 -0.0028
vn -0.1039 -0.9946 0.0026
vn -0.0965 -0.3995 -0.9116
vn -0.9736 -0.2282 -0.0017
vn -0.7992 -0.1704 -0.5764
vn -0.7740 -0.1897 -0.6041
vn -0.9879 -0.1528 -0.0271
vn -0.9872 -0.1559 0.0321
vn 0.9203 -0.0430 -0.3889
vn 0.8703 0.1742 -0.4608
vn 0.2787 0.1661 -0.9459
vn 0.2563 0.1658 -0.9523
vn 0.5932 0.1895 -0.7825
vn 0.5838 0.1812 -0.7914
vn 0.1765 0.4662 -0.8669
vn 0.5461 0.4921 -0.6779
vn 0.9351 -0.1586 -0.3170
vn 0.9672 -0.2037 -0.1516
vn 0.7514 -0.0602 -0.6571
vn 0.7062 0.0001 -0.7080
vn -0.9712 -0.0293 0.2367
vn -0.7748 0.0513 0.6301
vn -0.9582 0.0195 0.2854
vn 0.3668 0.0666 -0.9279
vn 0.3222 0.1474 -0.9351
vn 0.6601 0.0484 -0.7496
vn 0.9858 -0.1470 0.0807
vn 0.7098 -0.2120 -0.6717
vn 0.7726 -0.4382 -0.4595
vn 0.7816 -0.0559 -0.6212
vn 0.9875 -0.1425 -0.0671
vn 0.9165 -0.3517 -0.1909
vn -0.9976 -0.0696 -0.0064
vn -0.7133 -0.6695 -0.2073
vn -0.9441 -0.3236 0.0623
vn -0.9439 -0.3301 -0.0063
vn -0.9909 -0.1346 0.0032
vn -0.9891 -0.1461 0.0166
vn -0.6970 -0.1077 0.7089
vn -0.9429 -0.3245 -0.0750
vn -0.7140 -0.6712 0.1991
vn 0.3789 0.0015 -0.9254
vn -0.8800 -0.3520 -0.3189
vn -0.2222 0.0942 -0.9704
vn -0.8193 -0.2203 -0.5293
vn -0.9899 -0.0777 0.1188
vn -0.7690 0.0485 -0.6374
vn -0.2750 -0.1643 -0.9473
vn 0.3731 0.0028 0.9278
vn 0.7758 -0.0578 0.6284
vn 0.7452 -0.0623 0.6639
vn -0.7550 -0.0245 0.6552
vn -0.7666 0.0161 0.6419
vn -0.2031 -0.0460 0.9781
vn 0.3921 -0.0110 0.9199
vn -0.2074 -0.0262 0.9779
vn -0.8732 0.2928 -0.3896
vn -0.9222 -0.0024 -0.3867
vn -0.9890 -0.0583 -0.1356
vn -0.9838 -0.0721 0.1641
vn -0.9907 -0.0584 0.1228
vn -0.9902 -0.0585 0.1265
vn -0.9891 -0.1077 0.1003
vn 0.2323 -0.4361 0.8694
vn 0.3018 -0.1557 0.9406
vn -0.7373 -0.0654 0.6724
vn -0.9930 -0.1179 -0.0066
vn 0.7034 -0.2079 0.6797
vn 0.3080 -0.1599 -0.9378
vn 0.2371 -0.4371 -0.8676
vn -0.2850 0.4712 0.8347
vn -0.2790 0.7575 0.5902
vn 0.9584 -0.2181 -0.1841
vn 0.9889 -0.1427 -0.0415
vn -0.0120 -0.1432 -0.9896
vn 0.6008 0.7559 -0.2601
vn -0.1000 -0.3959 0.9128
vn 0.8365 -0.0382 0.5467
vn 0.9934 -0.0967 -0.0622
vn 0.9927 -0.1201 0.0104
vn 0.8007 -0.0489 0.5970
vn -0.1927 -0.0671 0.9790
vn -0.7106 -0.1082 0.6952
vn -0.7103 -0.0970 0.6972
vn -0.1827 -0.0633 0.9811
vn 0.0940 -0.4633 0.8812
vn 0.0949 -0.9955 0.0085
vn -0.3514 -0.1579 -0.9228
vn -0.0383 -0.0956 -0.9947
vn -0.0778 -0.1377 -0.9874
vn -0.4118 -0.1595 -0.8972
vn 0.6927 -0.1187 -0.7114
vn 0.6811 -0.1231 -0.7218
vn 0.3650 -0.0506 -0.9296
vn 0.3797 -0.0824 -0.9214
vn 0.3975 -0.0217 0.9174
vn -0.9780 -0.1800 0.1051
vn -0.6746 -0.1263 0.7273
vn 0.8435 0.1788 0.5065
vn 0.4351 -0.1290 -0.8911
vn 0.4082 -0.0270 0.9125
vn -0.1909 -0.0660 0.9794
vn -0.0240 0.0394 -0.9989
vn -0.0343 0.0661 -0.9972
vn -0.3694 0.0131 -0.9292
vn -0.0141 -0.0835 -0.9964
vn 0.4955 0.1458 -0.8563
vn 0.8327 0.1949 0.5183
vn 0.3562 -0.0412 -0.9335
vn 0.0317 -0.0840 -0.9960
vn -0.2271 0.1285 -0.9654
vn -0.2631 0.1866 -0.9465
vn -0.2612 0.1354 -0.9557
vn 0.9399 -0.2792 0.1966
vn 0.9156 -0.0437 0.3997
vn 0.9307 -0.1608 0.3286
vn 0.9424 -0.2797 -0.1833
vn 0.0974 -0.4686 -0.8780
vn -0.9414 0.0059 -0.3372
vn -0.7322 0.0846 -0.6758
vn -0.9965 -0.0831 -0.0065
vn -0.9977 -0.0665 -0.0147
vn -0.3880 -0.0527 -0.9201
vn 0.6741 0.1431 -0.7246
vn -0.8106 -0.1705 -0.5602
vn -0.2868 -0.0965 0.9531
vn 0.6845 0.0423 -0.7278
vn 0.4721 0.0969 -0.8762
vn -0.0556 0.0021 -0.9985
vn -0.2900 -0.6488 -0.7035
vn 0.0292 -0.9994 0.0190
vn 0.0334 -0.9994 0.0124
vn -0.6182 -0.6519 -0.4391
vn -0.2878 -0.0752 0.9547
vn -0.2251 0.0403 -0.9735
vn 0.9696 0.0036 -0.2447
vn 0.9505 0.0881 -0.2979
vn 0.4450 -0.0441 -0.8945
vn 0.6238 -0.0382 -0.7807
vn 0.6210 0.0735 -0.7804
vn 0.4553 0.0609 -0.8883
vn -0.0155 -0.9998 -0.0139
vn 0.0239 -0.9995 0.0207
vn -0.1215 -0.6612 0.7404
vn -0.4961 -0.6277 0.5999
vn -0.8123 -0.0994 -0.5747
vn -0.9915 -0.0872 0.0962
vn 0.0367 -0.9993 -0.0103
vn -0.7496 -0.6476 0.1370
vn -0.6839 -0.0578 0.7273
vn -0.9740 0.0924 0.2068
vn -0.9795 0.0838 0.1834
vn -0.6327 0.1366 0.7623
vn -0.6250 0.1002 0.7742
vn -0.6624 -0.0160 0.7490
vn -0.9868 -0.0127 0.1613
vn -0.8115 0.0699 -0.5802
vn -0.2252 -0.0432 -0.9734
vn -0.2088 0.1272 0.9696
vn 0.0739 -0.9972 -0.0069
vn 0.2922 -0.6220 0.7264
vn 0.4468 -0.0462 -0.8935
vn 0.4419 0.0140 -0.8969
vn 0.6764 -0.0162 -0.7363
vn -0.2640 -0.0390 0.9637
vn 0.0373 -0.9992 0.0137
vn 0.0406 -0.9987 0.0305
vn 0.7468 -0.6092 -0.2666
vn 0.7432 -0.5717 0.3476
vn 0.2918 -0.0221 0.9562
vn 0.8220 0.0463 0.5676
vn 0.9879 0.0566 -0.1441
vn -0.1165 -0.6656 -0.7372
vn 0.0252 -0.9997 0.0044
vn 0.4582 -0.6266 -0.6304
vn 0.0175 -0.9998 -0.0055
vn -0.0018 -1.0000 0.0001
vn 0.2616 -0.6032 -0.7535
vn 0.5843 0.0974 -0.8057
vn 0.9333 0.1291 -0.3352
vn 0.6476 -0.0456 -0.7606
vn 0.4577 -0.0539 -0.8874
vn -0.3834 0.0613 -0.9216
vn -0.1525 -0.0896 -0.9842
vn -0.1989 -0.0962 -0.9753
vn -0.4596 -0.1147 -0.8807
vn -0.1977 0.0304 -0.9798
vn 0.8674 0.1605 0.4710
vn 0.2960 0.1177 0.9479
vn 0.3083 -0.0189 0.9511
vn 0.8335 0.0145 0.5524
vn 0.9801 -0.0053 -0.1984
vn 0.3538 0.0421 -0.9344
vn -0.1101 -0.0750 -0.9911
vn 0.8652 0.1741 0.4703
vn 0.9911 0.1069 0.0794
vn 0.9588 0.2627 0.1077
vn 0.8531 0.2558 0.4547
vn 0.5862 0.1911 0.7873
vn 0.5773 0.1821 0.7959
vn -0.9945 -0.0971 0.0382
vn -0.9980 -0.0639 0.0025
vn 0.5399 0.4932 0.6821
vn 0.7626 0.5361 0.3620
vn 0.9642 -0.2078 0.1645
vn 0.2728 0.1679 0.9473
vn -0.7627 0.5816 -0.2829
vn 0.8451 0.5266 0.0921
vn 0.6908 0.7200 0.0664
vn 0.5977 0.7561 0.2667
vn 0.2498 0.1679 0.9536
vn -0.2731 0.1912 0.9428
vn 0.1703 0.4680 0.8672
vn 0.2722 -0.7233 -0.6347
vn 0.3607 0.0680 0.9302
vn -0.2290 0.0968 0.9686
vn -0.2281 -0.0036 0.9736
vn -0.9545 0.0165 -0.2977
vn -0.9936 -0.0903 0.0681
vn -0.7541 0.0780 -0.6521
vn -0.7532 0.0539 -0.6556
vn 0.8434 -0.0256 -0.5367
vn 0.6535 0.0486 0.7554
vn 0.6998 -0.0010 0.7144
vn 0.3162 0.1488 0.9370
vn -0.9742 -0.2254 -0.0117
vn 0.2677 -0.7194 0.6409
vn 0.9655 0.2597 0.0190
vn 0.9975 0.0283 0.0647
vn 0.9810 0.1909 0.0350
vn 0.9780 0.2069 0.0270
vn 0.9657 0.2597 -0.0068
vn 0.8780 0.4776 0.0318
vn 0.9982 0.0282 -0.0520
vn 0.9974 0.0469 -0.0550
vn -0.9680 -0.0331 -0.2488
vn 0.9783 0.2068 -0.0145
vn 0.9814 0.1908 -0.0224
vn -0.6754 0.3723 -0.6366
vn -0.5960 0.6239 -0.5054
vn -0.2748 0.7553 -0.5949
vn -0.2750 0.4719 -0.8377
vn 0.0692 0.7679 -0.6368
vn 0.3957 0.7489 -0.5315
vn 0.0650 0.7690 0.6359
vn 0.3914 0.7491 0.5344
vn 0.7598 0.6471 0.0625
vn -0.9288 -0.1097 -0.3541
vn -0.8752 0.4204 -0.2393
vn -0.6166 0.0308 -0.7867
vn -0.5655 0.6641 -0.4891
vn -0.3996 -0.6785 0.6165
vn -0.3436 -0.6951 0.6314
vn -0.6166 0.1412 0.7745
vn -0.6486 -0.7481 -0.1402
vn -0.7930 -0.1955 0.5770
vn -0.4253 -0.6669 -0.6119
vn -0.7343 0.0591 0.6762
vn -0.8316 0.2604 0.4905
vn -0.8026 0.5152 0.3006
vn -0.7511 0.1626 0.6398
vn -0.7480 0.6078 0.2667
vn -0.8099 -0.3181 -0.4928
vn -0.3352 -0.7878 -0.5168
vn -0.6971 0.0870 -0.7117
vn -0.8011 0.0059 -0.5985
vn -0.7957 0.5651 -0.2180
vn -0.8894 0.2724 -0.3672
vn -0.8567 0.1378 -0.4971
vn -0.7656 0.6176 -0.1803
vn -0.4431 -0.7166 -0.5386
vn -0.5350 -0.7989 0.2749
vn -0.8423 -0.1570 0.5156
vn -0.2790 -0.6749 0.6832
vn -0.5076 0.0179 0.8614
vn -0.8532 0.3938 0.3419
vn -0.5328 0.6778 0.5067
vn -0.9916 -0.0272 0.1262
vn -0.8906 0.0998 0.4436
vn -0.7847 0.0959 0.6124
vn -0.5116 0.2266 0.8288
vn -0.7468 0.1416 0.6498
vn -0.8627 0.0053 -0.5057
vn -0.8595 0.0434 0.5094
vn -0.7845 0.4558 -0.4205
vn -0.8149 0.3714 0.4450
vn -0.9989 -0.0203 -0.0430
vn -0.8519 -0.0924 -0.5154
vn -0.9998 0.0096 0.0168
vn -0.7729 -0.1749 -0.6100
vn -0.8601 0.0322 -0.5091
vn -0.9872 0.1201 0.1049
vn -0.7512 0.6301 -0.1969
vn -0.9996 0.0187 0.0213
vn -0.7564 0.6017 0.2566
vn -0.3479 -0.3032 -0.8871
vn -0.4768 -0.0758 -0.8758
vn -0.8203 -0.4719 -0.3233
vn -0.7783 -0.4435 0.4445
vn -0.4488 0.8835 0.1343
vn -0.5594 0.8289 0.0083
vn 0.0055 0.9998 -0.0175
vn -0.3368 0.8281 -0.4481
vn -0.3571 0.9289 -0.0980
vn -0.5651 0.7563 -0.3297
vn -0.8998 0.0216 0.4359
vn -0.9317 0.0651 0.3572
vn -0.8827 -0.2843 -0.3743
vn -0.3297 -0.9152 -0.2317
vn -0.4632 -0.8860 -0.0196
vn 0.1291 -0.9915 -0.0176
vn -0.3368 -0.9093 0.2443
vn -0.0918 -0.9877 -0.1267
vn -0.4405 -0.8870 0.1383
vn -0.8659 -0.0104 -0.5001
vn -0.8154 0.2732 -0.5104
vn -0.8587 -0.2293 0.4583
vn -0.3527 0.1018 -0.9302
vn -0.5430 0.4227 0.7255
vn -0.8026 -0.0488 0.5946
vn -0.4497 -0.2252 0.8643
vn -0.7293 -0.6531 -0.2037
vn -0.4880 -0.4441 -0.7514
vn -0.9994 -0.0346 -0.0095
vn -0.5582 -0.7614 0.3297
vn -0.1403 -0.8885 0.4370
vn 0.0352 -0.9188 0.3930
vn -0.6675 0.7228 0.1788
vn -0.5477 0.8176 0.1779
vn -0.7216 0.6831 -0.1128
vn -0.4466 0.8804 0.1592
vn 0.9994 -0.0320 0.0141
vn 0.9976 -0.0048 0.0688
vn 0.9991 0.0082 -0.0417
vn 0.9992 0.0401 -0.0002
vn 0.9803 0.0167 0.1969
vn 0.9999 0.0010 0.0111
vn 0.9436 0.0490 0.3274
vn 0.9908 -0.0160 0.1344
vn 0.9982 0.0064 -0.0595
vn 0.9991 0.0001 -0.0436
vn 0.9997 -0.0016 0.0256
vn -0.7692 -0.6058 0.2031
vn -0.5333 -0.8058 -0.2573
vn -0.3823 -0.8865 -0.2607
vn -0.0609 -0.9506 -0.3044
vn -0.6021 0.7611 -0.2410
vn -0.1896 0.8881 -0.4186
vn -0.4780 0.4248 -0.7688
vn -0.3221 -0.8994 0.2956
vn -0.6460 -0.2911 0.7057
vn -0.5347 0.8272 -0.1730
vn 0.0257 0.9970 -0.0726
vn 0.9991 0.0015 0.0421
vn 0.9972 0.0143 0.0734
vn 0.9997 0.0146 -0.0202
vn 0.9997 0.0081 -0.0251
vn 0.9937 -0.0322 -0.1075
vn 0.9994 0.0099 0.0346
vn 0.9861 -0.0227 -0.1647
vn 0.1116 -0.9925 0.0494
vn -0.5383 -0.0123 0.8427
vn -0.5383 0.0204 0.8425
vn -0.6997 0.0457 0.7130
vn -0.5977 -0.4642 0.6537
vn -0.4648 0.0826 0.8816
vn -0.5908 -0.0457 0.8055
vn -0.6537 -0.0525 0.7549
vn -0.7571 -0.0221 0.6529
vn -0.7230 -0.0274 0.6903
vn -0.8888 0.0184 0.4578
vn -0.9230 0.0150 0.3846
vn -0.9782 0.0594 0.1988
vn -0.9700 0.1454 0.1949
vn -0.9858 0.1676 0.0130
vn -0.3418 0.9187 -0.1978
vn -0.4974 0.8512 -0.1675
vn -0.3965 0.8076 -0.4365
vn -0.2404 0.8461 -0.4758
vn -0.6834 0.6866 -0.2481
vn -0.6256 0.6800 -0.3823
vn 0.6895 -0.2287 0.6872
vn 0.9068 -0.1558 0.3918
vn 0.4925 0.3440 0.7995
vn -0.7312 0.0624 -0.6793
vn -0.7831 0.1263 -0.6089
vn -0.8737 0.2099 -0.4388
vn -0.8898 0.2317 -0.3931
vn -0.9603 0.2407 0.1410
vn -0.9651 0.2617 -0.0032
vn -0.9144 0.1089 -0.3898
vn -0.9642 0.1632 -0.2088
vn -0.9557 0.2504 -0.1548
vn -0.9612 0.2758 -0.0067
vn -0.8757 0.2074 0.4360
vn -0.9097 0.3209 0.2637
vn -0.9244 0.2119 0.3171
vn -0.7876 0.1297 0.6024
vn -0.9410 0.2963 0.1635
vn -0.9308 0.2756 0.2401
vn -0.7605 0.0527 0.6472
vn -0.9235 0.1077 0.3683
vn 0.5102 0.8318 -0.2186
vn 0.5200 0.8539 0.0204
vn -0.6004 0.7996 -0.0083
vn -0.5952 0.7921 -0.1354
vn 0.9114 -0.1563 -0.3808
vn 0.7997 0.3617 -0.4793
vn 0.9194 0.3933 0.0057
vn 0.9898 -0.1424 0.0064
vn -0.9048 0.0215 -0.4253
vn -0.7492 0.0468 -0.6606
vn -0.7487 -0.0151 -0.6628
vn -0.8507 0.3519 -0.3905
vn -0.9276 0.2757 -0.2522
vn -0.9539 0.1297 -0.2708
vn -0.9212 0.2149 -0.3244
vn 0.7946 0.3615 0.4877
vn -0.9389 0.2956 -0.1762
vn 0.3123 0.8912 0.3290
vn -0.6900 0.0317 0.7231
vn -0.5513 0.0111 0.8342
vn -0.6915 0.0469 -0.7208
vn -0.6941 0.0317 -0.7192
vn -0.5469 0.0084 -0.8371
vn -0.5270 0.0116 -0.8498
vn -0.9108 -0.0207 0.4123
vn -0.9632 -0.0798 0.2566
vn -0.9062 -0.3649 0.2135
vn -0.8586 -0.3640 0.3611
vn -0.5743 -0.4970 -0.6505
vn -0.8507 -0.3765 -0.3667
vn -0.9078 -0.0114 -0.4193
vn -0.8961 -0.3917 -0.2088
vn -0.7014 -0.6608 -0.2671
vn -0.7055 -0.6878 -0.1710
vn -0.9616 0.0182 -0.2739
vn -0.9997 0.0240 -0.0039
vn -0.9962 0.0849 -0.0171
vn -0.9664 0.0690 0.2475
vn -0.9654 0.0031 0.2608
vn -0.8829 0.0379 -0.4680
vn -0.9681 0.0491 -0.2455
vn -0.8912 0.0062 -0.4535
vn -0.9988 0.0451 0.0190
vn -0.7228 -0.0170 -0.6908
vn -0.6276 0.0115 -0.7784
vn -0.8001 -0.5999 -0.0056
vn -0.2789 -0.9603 -0.0009
vn -0.7372 -0.6529 0.1738
vn -0.5926 -0.0338 -0.8048
vn -0.6421 0.0197 0.7664
vn -0.7406 0.0689 0.6684
vn -0.8919 0.2313 0.3887
vn -0.8808 0.0241 0.4728
vn -0.7151 -0.6527 0.2502
vn -0.2445 -0.9177 -0.3132
vn -0.9968 -0.0796 -0.0038
vn -0.9670 -0.0785 -0.2424
vn -0.6119 0.7770 -0.1479
vn -0.5482 0.8019 -0.2377
vn 0.0053 0.8359 0.5488
vn 0.6209 -0.7770 -0.1036
vn 0.5658 -0.8246 0.0047
vn -0.3164 0.8218 -0.4737
vn -0.2805 0.8705 -0.4045
vn -0.7542 0.5981 0.2711
vn -0.5917 0.6749 0.4409
vn -0.7221 -0.5367 -0.4366
vn -0.3143 -0.4721 -0.8236
vn 0.4659 -0.8127 -0.3501
vn 0.5144 -0.8343 -0.1981
vn 0.0806 0.4361 -0.8963
vn 0.1071 0.4489 -0.8872
vn 0.3567 0.5739 -0.7371
vn 0.0753 0.4377 0.8960
vn 0.3522 0.5748 0.7386
vn 0.1019 0.4505 0.8870
vn 0.5040 0.6914 0.5176
vn 0.4977 0.7322 0.4650
vn 0.3781 0.6134 0.6934
vn 0.3828 0.6130 -0.6911
vn 0.4971 0.7307 -0.4680
vn 0.5042 0.6892 -0.5204
vn -0.2971 0.3138 0.9018
vn -0.2532 0.3271 0.9104
vn -0.6841 0.1587 0.7119
vn -0.6715 0.1893 0.7164
vn -0.8989 0.2547 -0.3565
vn -0.5831 -0.3317 -0.7416
vn -0.4781 -0.3227 -0.8169
vn -0.9703 -0.1111 -0.2149
vn -0.3194 0.8240 0.4680
vn -0.5882 0.6738 -0.4472
vn -0.7507 0.5996 -0.2775
vn -0.2830 0.8717 0.3999
vn 0.5739 -0.7934 0.2030
vn 0.6201 -0.7762 0.1139
vn -0.9939 0.0099 0.1103
vn -0.9777 -0.0995 0.1847
vn -0.8513 0.0692 -0.5201
vn 0.3167 0.8902 -0.3276
vn 0.0101 0.8340 -0.5517
vn 0.3665 -0.3203 0.8735
vn 0.5814 -0.7510 0.3131
vn -0.2674 0.6847 0.6780
vn -0.3995 0.8094 0.4303
vn -0.2439 0.8473 0.4718
vn -0.1205 0.7811 0.6126
vn -0.4991 0.8518 0.1591
vn -0.3438 0.9192 0.1919
vn -0.2477 0.3246 -0.9129
vn -0.2907 0.3114 -0.9047
vn -0.4537 0.7682 0.4517
vn -0.3383 0.7765 -0.5315
vn 0.3885 0.9215 0.0017
vn -0.9199 0.2318 0.3162
vn -0.8349 0.5450 -0.0765
vn 0.5046 0.8243 0.2566
vn -0.5844 0.7996 0.1382
vn -0.9778 0.2095 -0.0077
vn -0.9581 0.1216 0.2592
vn -0.9990 0.0420 -0.0120
vn 0.5149 -0.8329 0.2030
vn 0.6958 -0.6356 -0.3344
vn 0.4644 -0.8108 0.3562
vn 0.6914 -0.6413 0.3328
vn -0.7344 0.5534 -0.3928
vn -0.8143 0.3354 -0.4737
vn -0.7034 0.4895 -0.5153
vn -0.8394 0.4587 -0.2916
vn -0.8488 0.0729 0.5237
vn -0.8266 0.5575 0.0771
vn -0.9783 0.0431 -0.2027
vn -0.5603 -0.3163 0.7655
vn -0.0856 -0.4819 0.8720
vn -0.6458 -0.0412 -0.7624
vn -0.5500 0.8032 0.2288
vn 0.3728 -0.3236 -0.8697
vn 0.6958 -0.2303 -0.6803
vn 0.5754 -0.7947 -0.1936
vn 0.5840 -0.7526 -0.3043
vn -0.2630 0.6828 -0.6817
vn -0.1161 0.7786 -0.6166
vn -0.5381 0.5769 -0.6145
vn 0.5596 -0.7365 -0.3801
vn 0.1206 -0.3706 -0.9209
vn -0.9077 0.3212 -0.2701
vn 0.4987 0.3435 -0.7959
vn -0.8542 0.3537 0.3811
vn -0.6132 0.7778 0.1379
vn -0.5994 0.8004 -0.0050
vn 0.5060 -0.7570 -0.4134
vn -0.1084 -0.4917 -0.8640
vn -0.0854 -0.4832 -0.8713
vn -0.9954 -0.0001 -0.0955
vn -0.3414 0.7786 0.5265
vn -0.9875 0.1577 -0.0067
vn -0.9057 0.1454 -0.3981
vn -0.9000 0.1792 -0.3974
vn -0.9876 0.1566 -0.0066
vn -0.6647 0.1870 -0.7234
vn -0.3611 0.8762 -0.3192
vn -0.1163 -0.4869 0.8657
vn 0.5025 -0.7548 0.4216
vn 0.1127 -0.3672 0.9233
vn 0.0336 0.2043 0.9783
vn -0.6777 0.1564 -0.7185
vn -0.9046 0.1806 0.3862
vn -0.9104 0.1466 0.3868
vn 0.5140 0.7474 0.4208
vn 0.4951 0.7890 0.3637
vn -0.3199 -0.4691 0.8231
vn 0.4913 0.7870 -0.3733
vn 0.5103 0.7440 -0.4314
vn 0.5569 -0.7345 0.3878
vn -0.3459 0.1014 0.9328
vn -0.6662 0.0536 0.7438
vn -0.8159 0.3404 0.4673
vn -0.8422 0.4595 0.2819
vn -0.7084 0.4919 0.5062
vn -0.7386 0.5550 0.3827
vn -0.6289 0.6821 0.3731
vn -0.6858 0.6876 0.2384
vn -0.4507 0.7659 -0.4585
vn -0.5424 0.5807 0.6071
vn -0.6427 -0.3186 0.6967
vn -0.9996 -0.0044 -0.0280
vn -0.9902 -0.0211 0.1383
vn -0.6775 -0.3428 -0.6507
vn -0.7211 -0.5376 0.4370
vn -0.9841 -0.0105 -0.1776
vn -0.4439 0.8506 -0.2818
vn -0.6935 -0.3138 0.6486
vn 0.6263 -0.4614 -0.6284
vn 0.6104 -0.4759 0.6331
vn -0.3837 0.8696 0.3108
vn -0.5253 0.8189 0.2312
vn -0.1212 -0.8805 0.4583
vn -0.2821 -0.8850 0.3705
vn -0.3334 -0.6718 0.6615
vn -0.4180 -0.3955 -0.8178
vn -0.2936 -0.7326 -0.6141
vn 0.0395 0.2024 -0.9785
vn -0.3388 0.1001 -0.9355
vn -0.6603 0.0513 -0.7492
vn 0.4597 -0.8071 -0.3705
vn 0.6937 -0.6280 -0.3526
vn 0.5219 -0.8486 -0.0865
vn -0.6906 -0.5727 -0.4417
vn -0.7508 -0.6055 -0.2639
vn -0.2193 -0.9208 -0.3224
vn -0.1616 -0.8779 -0.4508
vn 0.1656 0.9846 -0.0559
vn 0.8253 0.5623 -0.0523
vn 0.7907 0.5303 -0.3060
vn 0.1502 0.9277 -0.3416
vn -0.9358 0.3523 -0.0115
vn -0.5338 0.8451 -0.0299
vn -0.4952 0.8168 -0.2962
vn -0.0544 0.0795 -0.9954
vn 0.0019 0.1039 -0.9946
vn 0.1712 0.0948 -0.9807
vn -0.1324 0.0111 -0.9911
vn -0.8865 -0.3414 -0.3123
vn -0.8964 0.3342 -0.2911
vn -0.1581 0.0699 -0.9850
vn 0.1047 0.8858 -0.4520
vn 0.4117 0.7717 -0.4846
vn 0.4434 0.7899 -0.4236
vn 0.0066 -0.1326 -0.9912
vn -0.0561 -0.0860 -0.9947
vn 0.0728 -0.0323 -0.9968
vn 0.0282 -0.0382 -0.9989
vn 0.4342 -0.7963 -0.4211
vn 0.7777 -0.4026 -0.4829
vn 0.8270 0.2705 -0.4929
vn 0.8026 -0.3101 -0.5095
vn -0.9144 0.0933 -0.3938
vn 0.3128 -0.8638 -0.3949
vn -0.9741 -0.0051 -0.2259
vn -0.7115 0.6493 -0.2687
vn 0.7959 0.3297 -0.5078
vn -0.3812 0.8222 -0.4226
vn -0.6420 0.6767 -0.3604
vn -0.1021 -0.9338 -0.3429
vn -0.4284 -0.8309 -0.3552
vn 0.1698 0.0005 -0.9855
vn -0.3602 0.8876 -0.2873
vn 0.9494 -0.1008 -0.2975
vn 0.9950 -0.0792 -0.0615
vn 0.7613 -0.6436 -0.0790
vn -0.4605 -0.8841 -0.0798
vn -0.9366 -0.3489 -0.0316
vn 0.1069 0.9280 -0.3568
vn -0.1151 -0.9891 -0.0918
vn -0.5331 0.8457 0.0246
vn -0.9357 0.3529 0.0065
vn -0.4966 0.8183 0.2895
vn -0.1429 -0.0367 0.9891
vn 0.8149 0.3048 0.4929
vn -0.1241 0.0847 0.9887
vn 0.4334 -0.7804 0.4507
vn 0.3445 -0.8653 0.3640
vn -0.1291 -0.8835 0.4503
vn 0.8317 -0.3108 0.4600
vn 0.7908 0.5297 0.3067
vn 0.1518 0.9288 0.3381
vn 0.1733 0.0914 0.9806
vn 0.0304 0.1178 0.9926
vn 0.1671 0.9844 0.0553
vn 0.9479 -0.1010 0.3022
vn 0.1885 -0.0021 0.9821
vn 0.9943 -0.0788 0.0711
vn 0.7608 -0.6430 0.0877
vn 0.8254 0.5615 0.0586
vn -0.9370 -0.3483 0.0259
vn -0.8914 -0.3403 0.2992
vn -0.9003 0.3377 0.2745
vn 0.8455 0.2644 0.4638
vn -0.6911 -0.5731 0.4403
vn -0.0621 0.1347 0.9889
vn 0.6922 -0.6274 0.3567
vn 0.7975 -0.4114 0.4414
vn 0.0412 -0.0373 0.9985
vn 0.0831 -0.0297 0.9961
vn -0.3750 0.8244 0.4240
vn -0.6372 0.6792 0.3641
vn -0.1019 -0.9339 0.3427
vn -0.4306 -0.8328 0.3478
vn -0.4599 -0.8846 0.0777
vn 0.4295 0.7598 0.4881
vn 0.1241 0.8877 0.4433
vn 0.4600 0.7876 0.4099
vn -0.0450 -0.1196 0.9918
vn -0.9100 0.0925 0.4042
vn -0.9750 -0.0064 0.2222
vn -0.7094 0.6533 0.2647
vn 0.4609 -0.8059 0.3716
vn -0.3506 0.8922 0.2845
vn -0.7496 -0.6081 0.2614
vn -0.2166 -0.9220 0.3209
vn -0.1155 -0.9890 0.0927
vn 0.1135 0.9291 0.3520
vn 0.0231 -0.1363 0.9904
vn 0.5208 -0.8486 0.0932
vn 0.7309 0.6824 -0.0135
vn 0.9997 0.0143 -0.0182
vn 0.7363 0.6738 -0.0624
vn 0.0476 -0.9978 0.0470
vn 0.0135 -0.9991 0.0402
vn 0.3458 -0.9372 0.0459
vn -0.3982 0.3084 0.8639
vn 0.1065 -0.1767 0.9785
vn -0.1612 0.5201 0.8387
vn -0.5012 0.0908 0.8606
vn 0.2100 -0.0217 0.9775
vn 0.1809 -0.1135 0.9769
vn -0.9917 0.1262 -0.0237
vn -0.7575 0.6514 -0.0435
vn -0.7398 0.6724 -0.0235
vn -0.8783 -0.4774 -0.0257
vn -0.8830 -0.4616 -0.0850
vn -0.9896 0.1257 -0.0696
vn -0.0097 -0.1724 0.9850
vn 0.1166 0.5057 0.8548
vn 0.3066 -0.9516 0.0236
vn -0.0270 -0.9995 0.0192
vn -0.0158 -0.9985 0.0524
vn 0.4418 0.3774 0.8138
vn -0.0950 -0.0118 0.9954
vn 0.5752 0.0240 0.8177
vn -0.0867 -0.0903 0.9921
vn 0.9999 -0.0038 0.0123
vn 0.7947 -0.6064 0.0255
vn 0.7989 -0.6005 0.0337
vn 0.9997 -0.0104 0.0205
vn 0.7266 0.6870 -0.0072
vn -0.1036 0.0773 0.9916
vn 0.7281 0.6854 -0.0036
vn 0.1541 0.9879 -0.0152
vn -0.4112 -0.4399 0.7984
vn 0.1438 0.0761 0.9867
vn -0.5307 -0.2523 0.8091
vn 0.3173 -0.9470 0.0497
vn 0.1726 0.1554 0.9727
vn 0.2983 -0.9395 0.1682
vn 0.8062 -0.5914 -0.0141
vn 0.8155 -0.5595 0.1482
vn 0.9817 0.0142 0.1901
vn 0.1689 0.9573 0.2347
vn 0.7489 0.6626 0.0021
vn 0.1548 0.9877 -0.0216
vn -0.6890 -0.7246 -0.0169
vn -0.6852 -0.7252 -0.0685
vn -0.0324 -0.9993 -0.0172
vn 0.3045 -0.9522 -0.0250
vn -0.3318 0.9431 -0.0210
vn -0.3465 0.9377 -0.0271
vn -0.3397 0.9221 0.1854
vn -0.9770 0.1305 0.1685
vn -0.7668 0.6122 0.1930
vn -0.0041 -0.9980 0.0626
vn 0.3307 -0.9420 0.0569
vn 0.7388 0.6739 -0.0058
vn 0.9997 0.0110 0.0225
vn 0.7315 0.6818 0.0003
vn 0.1654 0.9861 -0.0177
vn 0.7307 0.6825 -0.0147
vn 0.1686 0.9856 -0.0158
vn -0.7297 0.6836 0.0169
vn -0.9870 0.1599 0.0138
vn -0.7353 0.6777 0.0122
vn -0.2979 0.9546 -0.0061
vn -0.7379 0.6744 -0.0265
vn 0.1838 0.9829 -0.0084
vn -0.2827 0.9592 0.0019
vn 0.1765 0.9841 -0.0212
vn 0.9999 0.0016 0.0140
vn -0.3138 0.9490 -0.0305
vn 1.0000 0.0035 0.0080
vn 1.0000 -0.0001 0.0065
vn 0.7359 0.6770 -0.0111
vn -0.9878 0.1436 0.0595
vn -0.9860 0.1665 0.0106
vn -0.8833 -0.4676 0.0334
vn -0.8859 -0.4620 0.0418
vn -0.6882 -0.7247 0.0357
vn 0.1827 0.9830 -0.0198
vn 1.0000 0.0039 -0.0025
vn 0.8135 -0.5811 0.0242
vn 0.8264 -0.5626 0.0236
vn 0.3651 -0.9295 0.0533
vn 0.8177 -0.5744 0.0373
vn -0.9857 0.1660 0.0277
vn -0.9048 -0.4249 0.0261
vn -0.9887 0.1486 -0.0202
vn 0.0144 -0.9982 0.0590
vn -0.8853 -0.4628 0.0449
vn 0.1972 0.9792 -0.0486
vn 0.0059 -0.9977 0.0668
vn 0.3539 -0.9333 0.0607
vn -0.2848 0.9584 -0.0204
vn -0.2708 0.9625 -0.0175
vn -0.7016 0.7123 0.0189
vn -0.7115 0.7026 -0.0101
vn -0.0456 -0.9831 0.1771
vn 0.1449 0.9893 -0.0196
vn -0.7292 0.6842 -0.0089
vn 0.5066 -0.3150 0.8026
vn -0.0202 0.1598 0.9869
vn 0.1975 -0.5493 0.8119
vn -0.3105 0.9505 -0.0137
vn -0.3174 0.9482 -0.0114
vn -0.8861 -0.4450 0.1299
vn -0.6828 -0.7218 0.1129
vn -0.8754 -0.4827 0.0257
vn -0.6810 -0.7315 0.0321
vn 0.9998 -0.0150 0.0125
vn -0.0008 -0.5921 0.8058
vn 0.7464 0.6322 0.2079
vn 0.0508 0.2123 0.9759
vn -0.7310 0.6821 -0.0190
vn -0.9906 0.1367 0.0043
vn 0.8056 -0.5916 0.0336
vn 0.8107 -0.5846 0.0298
vn 0.8086 -0.5872 0.0360
vn -0.7097 -0.7029 0.0475
vn -0.8833 -0.4674 0.0363
vn -0.6805 -0.7318 0.0372
vn -0.8758 -0.4823 0.0187
vn -0.9902 0.1391 -0.0125
vn 0.3547 -0.9335 0.0525
vn 0.3367 -0.9405 0.0454
vn -0.6981 -0.7132 0.0629
vn 0.0630 -0.9958 0.0659
vn -0.7081 -0.7059 0.0197
vn -0.6921 -0.7193 0.0606
vn 0.2892 -0.9571 -0.0182
vn -0.0265 -0.9995 -0.0175
vn 0.2883 -0.9571 0.0308
vn 0.1218 0.0667 -0.9903
vn -0.5207 0.0862 -0.8493
vn 0.1495 -0.0242 -0.9885
vn 0.5715 0.0343 -0.8199
vn 0.5115 -0.3160 -0.7991
vn -0.1100 0.0711 -0.9914
vn -0.8838 -0.4618 0.0748
vn -0.9753 0.1294 -0.1792
vn -0.8849 -0.4449 -0.1382
vn -0.7659 0.6101 -0.2029
vn -0.3400 0.9207 -0.1916
vn -0.1660 0.5163 -0.8402
vn 0.1117 0.5044 -0.8562
vn 0.9828 0.0336 -0.1816
vn 0.8195 -0.5541 -0.1465
vn -0.5340 -0.2537 -0.8065
vn -0.8784 -0.4776 0.0162
vn -0.6855 -0.7255 0.0614
vn 0.1690 0.9571 -0.2355
vn 0.7486 0.6630 0.0063
vn 0.7475 0.6328 -0.2021
vn 1.0000 0.0094 -0.0003
vn 0.8100 -0.5860 0.0225
vn -0.3322 0.9431 0.0149
vn 0.1445 0.9893 0.0191
vn 0.1541 0.9878 0.0212
vn -0.6889 -0.7248 0.0103
vn -0.0237 0.1607 -0.9867
vn -0.0054 -0.9994 -0.0348
vn 0.3310 -0.9429 -0.0365
vn 0.3165 -0.9473 -0.0500
vn 0.7264 0.6871 0.0145
vn 0.1677 0.9857 0.0164
vn 0.7297 0.6834 0.0212
vn -0.7287 0.6848 -0.0009
vn -0.3175 0.9483 0.0056
vn 0.1537 0.9880 0.0149
vn 0.1864 -0.5513 -0.8132
vn 0.2867 -0.9436 -0.1657
vn -0.4015 0.3087 -0.8622
vn -0.8745 -0.4838 -0.0351
vn -0.9920 0.1257 0.0104
vn -0.0467 -0.9833 -0.1761
vn -0.4141 -0.4399 -0.7969
vn -0.6824 -0.7210 -0.1206
vn 0.9998 0.0219 -0.0003
vn 0.8016 -0.5975 -0.0205
vn 0.7989 -0.6012 -0.0160
vn 0.3013 -0.9526 -0.0416
vn -0.0176 -0.1743 -0.9845
vn -0.0943 -0.0921 -0.9913
vn 0.9998 0.0152 -0.0084
vn 0.7279 0.6856 0.0108
vn -0.9905 0.1255 0.0564
vn -0.7581 0.6513 0.0322
vn 0.1741 -0.1020 -0.9794
vn -0.0152 -0.9986 -0.0505
vn -0.8768 -0.4785 -0.0476
vn -0.6811 -0.7311 -0.0392
vn 0.4398 0.3780 -0.8147
vn -0.0110 -0.5962 -0.8027
vn -0.7067 -0.7065 -0.0381
vn -0.8793 -0.4728 -0.0570
vn -0.8927 -0.4505 -0.0109
vn 0.7347 0.6781 0.0192
vn 0.1956 0.9807 0.0056
vn 0.7361 0.6769 -0.0018
vn 0.1817 0.9833 0.0128
vn 0.9997 0.0238 0.0059
vn 0.9995 0.0301 0.0014
vn 0.1795 0.9837 0.0099
vn 0.1818 0.9831 0.0207
vn 0.7297 0.6837 -0.0011
vn 0.0004 -0.9986 -0.0521
vn -0.9907 0.1354 -0.0161
vn -0.7400 0.6725 0.0125
vn -0.9886 0.1497 0.0188
vn -0.9902 0.1391 -0.0109
vn -0.7300 0.6834 0.0026
vn 0.8215 -0.5691 -0.0354
vn 0.8222 -0.5672 -0.0476
vn 0.3227 -0.9452 -0.0496
vn -0.0191 -0.9986 -0.0485
vn 0.9992 0.0351 -0.0191
vn -0.7304 0.6830 -0.0018
vn -0.3093 0.9509 0.0079
vn 0.3127 -0.9482 -0.0569
vn 0.8057 -0.5917 -0.0247
vn 0.8154 -0.5780 -0.0316
vn 0.0025 -0.9981 -0.0620
vn -0.0034 -0.9978 -0.0662
vn -0.3097 0.9503 0.0307
vn -0.2654 0.9641 -0.0019
vn -0.7481 0.6635 -0.0060
vn -0.9943 0.1063 -0.0022
vn -0.6817 -0.7305 -0.0405
vn -0.8859 -0.4629 -0.0307
vn 0.7340 0.6789 -0.0171
vn -0.9898 0.1376 -0.0364
vn -0.7459 0.6656 0.0242
vn 0.3218 -0.9446 -0.0643
vn -0.8825 -0.4702 -0.0015
vn -0.6768 -0.7337 -0.0601
vn 0.9986 0.0351 -0.0400
vn 0.9993 0.0315 -0.0207
vn 0.8154 -0.5777 -0.0382
vn 0.7284 0.6841 0.0382
vn 0.9988 0.0444 -0.0197
vn 0.1936 0.9802 0.0422
vn -0.2955 0.9551 0.0198
vn 0.8237 -0.5620 -0.0759
vn 0.3243 -0.9403 -0.1031
vn -0.3471 0.9376 0.0205
vn -0.0322 -0.9993 0.0190
vn 0.0983 -0.1764 -0.9794
vn 0.0367 0.2052 -0.9780
vn 0.1586 0.1448 -0.9767
vn -0.1036 -0.0161 -0.9945
vn -0.9862 0.1652 -0.0083
vn -0.7130 0.7011 0.0119
vn -0.3019 0.9533 0.0043
vn -0.6941 -0.7192 -0.0300
vn -0.7561 -0.6541 -0.0190
vn -0.6897 -0.7233 -0.0345
vn -0.8918 -0.4524 0.0060
vn -0.2874 0.9565 0.0501
vn -0.0017 -0.9957 -0.0929
vn -0.9852 0.1680 0.0352
vn -0.7071 0.7059 0.0419
vn 0.9865 -0.1063 0.1243
vn 0.9941 -0.1045 0.0285
vn 0.9993 -0.0288 0.0241
vn 0.8748 -0.1728 -0.4526
vn 0.8503 -0.1937 -0.4893
vn 0.9436 -0.0063 -0.3310
vn 0.9867 -0.0554 -0.1525
vn 0.9925 0.0344 -0.1171
vn 0.9984 0.0554 0.0068
vn -0.1965 -0.2991 -0.9338
vn -0.5198 -0.1404 -0.8427
vn -0.5338 -0.2847 -0.7962
vn 0.0243 0.5255 -0.8504
vn -0.4500 0.1901 -0.8726
vn 0.0622 0.4868 -0.8713
vn 0.5230 -0.2435 -0.8168
vn -0.7576 0.0983 -0.6452
vn -0.7637 0.4119 0.4970
vn -0.6945 0.4777 0.5380
vn 0.9791 0.2035 0.0022
vn 0.9793 0.1956 0.0518
vn 0.8642 0.4837 -0.1383
vn 0.9054 0.4242 -0.0185
vn 0.4744 0.8561 -0.2049
vn 0.6333 0.7483 -0.1973
vn 0.5238 0.8254 -0.2106
vn -0.8493 -0.2892 -0.4418
vn -0.3611 -0.5407 -0.7598
vn -0.4352 -0.7235 -0.5359
vn -0.5479 0.2760 0.7897
vn -0.8632 0.3761 0.3368
vn -0.2655 0.2361 0.9347
vn 0.9204 -0.2293 -0.3168
vn 0.9692 0.0796 -0.2329
vn 0.9049 -0.2868 -0.3146
vn 0.9642 0.1269 -0.2330
vn 0.7571 0.6423 -0.1198
vn 0.8096 0.5863 0.0293
vn -0.2503 0.9614 -0.1141
vn 0.2087 0.9779 -0.0104
vn -0.2766 0.9610 0.0026
vn -0.6655 0.7346 -0.1323
vn 0.0251 -0.8085 -0.5880
vn 0.0565 -0.6171 -0.7849
vn 0.0693 -0.9505 -0.3030
vn -0.1420 -0.9786 -0.1492
vn 0.2116 -0.9534 -0.2148
vn 0.0444 -0.9205 -0.3882
vn -0.2107 -0.9430 -0.2576
vn 0.7441 0.6291 -0.2249
vn 0.1922 0.9725 -0.1313
vn 0.2198 0.9348 -0.2789
vn 0.9783 0.0774 -0.1924
vn 0.7227 0.6766 -0.1412
vn -0.7262 0.0434 -0.6862
vn -0.7658 0.0789 -0.6382
vn -0.7437 0.0299 -0.6679
vn -0.2400 -0.2120 -0.9473
vn 0.6032 -0.0683 -0.7947
vn 0.6042 -0.1583 -0.7810
vn 0.5359 -0.1365 -0.8332
vn 0.5801 -0.0375 0.8137
vn 0.5294 -0.0509 0.8469
vn 0.6194 -0.0695 0.7820
vn -0.7766 0.1428 -0.6136
vn -0.3018 -0.2708 -0.9141
vn -0.4479 -0.1065 -0.8877
vn -0.9454 0.2851 0.1581
vn -0.7962 0.1662 -0.5817
vn -0.1635 0.1889 0.9683
vn 0.5252 -0.2424 -0.8157
vn 0.0402 -0.2091 -0.9771
vn 0.0623 -0.1949 -0.9788
vn 0.8616 -0.1955 -0.4684
vn 0.5431 -0.1726 -0.8217
vn -0.4331 -0.0707 -0.8986
vn -0.2286 -0.1501 -0.9619
vn -0.1303 -0.0333 -0.9909
vn 0.0916 -0.1607 -0.9827
vn -0.7916 0.1324 -0.5966
vn -0.7747 0.0793 -0.6273
vn -0.7229 0.3670 -0.5854
vn -0.7037 0.2038 -0.6807
vn 0.4793 -0.6976 -0.5326
vn -0.2030 -0.9642 -0.1708
vn -0.6529 -0.7417 -0.1536
vn -0.6542 -0.7348 -0.1794
vn -0.8413 -0.5311 -0.1005
vn -0.6327 0.7379 -0.2350
vn -0.9483 0.1934 -0.2518
vn -0.2632 0.6897 -0.6746
vn -0.4695 0.6355 -0.6129
vn -0.6637 0.6521 0.3665
vn -0.3058 0.9515 -0.0343
vn 0.1793 0.5804 -0.7943
vn -0.6495 0.7562 0.0801
vn -0.2052 0.5262 -0.8252
vn -0.8245 0.5388 -0.1728
vn -0.7863 0.5933 0.1725
vn -0.7501 0.6552 0.0899
vn -0.8744 0.4804 0.0683
vn -0.6391 0.4459 -0.6267
vn 0.5529 0.8319 -0.0480
vn 0.7672 0.6403 0.0384
vn 0.5302 0.8475 0.0248
vn -0.9825 0.1858 0.0097
vn -0.9755 0.2132 -0.0545
vn -0.8038 -0.4069 -0.4340
vn 0.7273 -0.5991 -0.3348
vn 0.7673 -0.5695 -0.2950
vn 0.8929 -0.2870 -0.3469
vn 0.4976 -0.5096 -0.7020
vn 0.6254 -0.6421 -0.4434
vn -0.9506 -0.1311 -0.2815
vn -0.9440 0.0867 -0.3185
vn -0.9397 0.3411 0.0235
vn -0.9686 0.2257 0.1042
vn -0.6781 0.7245 0.1234
vn -0.6573 0.7442 0.1194
vn 0.9737 0.1381 -0.1814
vn 0.7981 0.5819 -0.1563
vn 0.9514 0.1284 -0.2800
vn 0.7975 0.6016 -0.0454
vn 0.9527 0.1929 -0.2349
vn 0.7999 0.5710 -0.1847
vn -0.6603 0.7410 -0.1219
vn -0.6764 0.7346 0.0541
vn -0.2675 0.9528 0.1434
vn 0.9860 0.1491 -0.0748
vn -0.8767 -0.4614 -0.1361
vn -0.9944 0.1045 0.0161
vn -0.6532 -0.7359 -0.1785
vn -0.8554 -0.4688 -0.2201
vn -0.6764 -0.7155 -0.1748
vn -0.8595 -0.4638 -0.2148
vn 0.1272 -0.2896 -0.9487
vn -0.8792 -0.4710 -0.0721
vn 0.2912 -0.9369 -0.1936
vn 0.9698 0.2192 -0.1073
vn -0.0748 -0.9854 -0.1532
vn 0.9297 -0.2251 -0.2914
vn -0.9087 0.3974 -0.1279
vn 0.9928 0.0542 -0.1066
vn 0.7217 0.6904 -0.0499
vn -0.2487 0.9634 -0.1001
vn 0.2360 0.9592 0.1554
vn -0.3266 0.9438 0.0513
vn -0.2557 0.9633 0.0819
vn -0.1009 0.9890 0.1085
vn -0.2372 0.9618 0.1368
vn -0.1340 0.9909 0.0101
vn -0.2100 0.9756 -0.0635
vn -0.6653 0.1391 -0.7335
vn -0.7340 0.0607 -0.6764
vn -0.6180 0.0961 -0.7803
vn 0.9315 -0.1366 -0.3372
vn 0.8525 -0.2077 -0.4797
vn 0.9443 -0.1454 -0.2952
vn 0.9664 -0.1196 -0.2274
vn 0.8209 -0.5538 -0.1393
vn 0.3250 -0.9324 -0.1579
vn 0.9956 -0.0515 -0.0778
vn 0.9824 -0.1345 0.1293
vn 0.9409 -0.1392 0.3086
vn 0.9996 0.0091 -0.0261
vn 0.9964 0.0696 0.0492
vn 0.9879 -0.1054 -0.1137
vn 0.9995 -0.0288 -0.0106
vn 0.9834 -0.1306 -0.1256
vn 0.9945 -0.1038 -0.0139
vn -0.7327 -0.1298 -0.6681
vn -0.8143 0.0222 -0.5801
vn -0.7696 0.0856 -0.6328
vn -0.8137 0.1526 -0.5609
vn -0.6750 0.0069 -0.7378
vn -0.6374 0.0335 -0.7698
vn 0.9296 -0.2532 -0.2678
vn 0.8019 -0.5631 -0.1996
vn 0.9897 0.0537 -0.1326
vn -0.2395 0.9366 -0.2559
vn -0.9116 0.2794 -0.3017
vn -0.7001 -0.7096 -0.0794
vn 0.2409 0.9641 -0.1117
vn 0.5323 -0.2308 -0.8145
vn -0.8752 0.4834 0.0175
vn -0.7084 0.0824 -0.7010
vn -0.8865 0.1739 -0.4288
vn -0.7890 0.1235 -0.6019
vn -0.7063 0.7076 -0.0228
vn -0.9668 0.1625 -0.1972
vn -0.9887 0.1457 -0.0357
vn -0.0227 -0.9911 -0.1309
vn -0.8882 0.3466 -0.3016
vn -0.3788 -0.2858 -0.8802
vn -0.6692 0.2604 0.6960
vn 0.6254 -0.1430 0.7671
vn 0.5867 -0.0597 0.8076
vn 0.5973 -0.1560 0.7867
vn 0.6620 -0.4011 0.6331
vn 0.6847 -0.3319 0.6488
vn 0.6622 -0.3152 0.6798
vn 0.6638 -0.2198 0.7149
vn 0.5293 -0.1342 0.8378
vn 0.5965 -0.0663 0.7998
vn -0.7802 0.1051 -0.6167
vn -0.5409 0.8395 -0.0513
vn 0.5851 0.7969 -0.1506
vn -0.6973 0.7013 0.1479
vn -0.3966 0.9165 -0.0515
vn -0.0136 0.5658 -0.8244
vn -0.9751 0.1827 -0.1254
vn 0.7971 0.5805 0.1661
vn 0.9736 0.1263 0.1903
vn 0.9455 0.1265 0.2999
vn -0.3297 0.9418 -0.0660
vn -0.1328 0.9911 -0.0127
vn -0.2121 0.9756 0.0565
vn -0.2523 0.9636 0.0888
vn 0.2390 0.9542 -0.1801
vn -0.2689 0.9496 -0.1612
vn -0.2313 0.9419 0.2435
vn -0.2516 0.9592 0.1289
vn 0.2089 0.9679 0.1395
vn 0.9976 0.0350 0.0596
vn 0.7219 0.6796 0.1303
vn 0.7069 0.7069 0.0242
vn -0.6617 0.7422 0.1062
vn -0.6830 0.7162 0.1434
vn -0.2574 0.9653 0.0445
vn -0.5346 -0.2630 0.8032
vn -0.8294 -0.2922 0.4762
vn -0.9293 -0.1511 0.3369
vn -0.6889 0.7017 -0.1819
vn -0.9814 0.1912 0.0139
vn -0.6770 0.7255 -0.1234
vn -0.6569 -0.7414 0.1368
vn -0.8525 -0.5182 0.0679
vn -0.6612 -0.7495 0.0318
vn -0.8098 -0.4080 0.4217
vn -0.0100 -0.9933 0.1149
vn 0.3404 -0.9324 0.1215
vn -0.7006 0.7109 0.0616
vn -0.9850 0.1486 0.0874
vn 0.2078 0.9777 0.0291
vn 0.8199 -0.5664 0.0833
vn 0.9919 0.0387 0.1210
vn -0.6940 -0.7122 0.1055
vn -0.4709 -0.1209 0.8739
vn -0.6278 -0.1685 0.7599
vn -0.4573 -0.1170 0.8816
vn -0.3755 -0.5383 0.7545
vn -0.4354 -0.7240 0.5350
vn 0.9627 0.1221 0.2416
vn 0.7427 0.6283 0.2316
vn 0.9781 0.0735 0.1946
vn -0.8092 0.1370 -0.5713
vn -0.8387 0.1018 -0.5351
vn -0.8176 0.1132 -0.5646
vn -0.6635 -0.1739 0.7277
vn -0.4432 -0.1051 0.8903
vn -0.4886 -0.1216 0.8640
vn -0.4379 -0.1039 0.8930
vn -0.4045 0.1418 -0.9035
vn -0.0861 0.1253 -0.9884
vn -0.0723 0.1329 -0.9885
vn -0.3751 0.2021 -0.9047
vn -0.6600 0.1887 -0.7272
vn -0.3623 0.1730 -0.9159
vn -0.3838 0.1115 -0.9166
vn -0.6778 0.1195 -0.7254
vn 0.0486 0.1962 -0.9794
vn 0.8861 -0.2761 0.3722
vn 0.6266 -0.6238 0.4672
vn 0.4993 -0.4682 0.7291
vn -0.4883 -0.1207 0.8643
vn -0.8792 0.4692 -0.0831
vn -0.9314 0.3628 -0.0297
vn -0.8571 0.5113 -0.0631
vn 0.0216 -0.7814 0.6237
vn 0.0509 -0.5724 0.8184
vn -0.4006 -0.0556 0.9146
vn -0.3957 -0.0535 0.9168
vn -0.8817 -0.4500 0.1418
vn -0.9761 0.1856 0.1128
vn -0.9939 0.1052 -0.0329
vn -0.6802 0.0588 0.7307
vn -0.4304 0.0096 0.9026
vn -0.4431 0.0044 0.8965
vn -0.6475 0.0535 0.7602
vn 0.9991 0.0404 0.0146
vn 0.6316 0.2161 -0.7446
vn 0.8585 0.2135 -0.4663
vn 0.8658 0.2167 -0.4511
vn -0.6776 0.7325 -0.0661
vn 0.2217 0.9322 0.2861
vn -0.8146 0.1289 0.5655
vn -0.6665 -0.0560 0.7434
vn -0.9322 0.1010 0.3475
vn 0.2414 0.9652 0.1009
vn -0.0126 -0.0084 0.9999
vn 0.7702 0.1567 0.6183
vn 0.7388 0.1766 0.6504
vn -0.0221 0.0052 0.9997
vn 0.9401 0.2172 -0.2626
vn 0.9411 0.2149 -0.2609
vn -0.9113 0.3062 -0.2753
vn -0.5411 0.2734 -0.7952
vn -0.6629 0.2585 -0.7026
vn 0.6218 0.2012 -0.7569
vn 0.8590 0.1688 -0.4833
vn 0.6246 0.1642 -0.7635
vn 0.6305 0.1524 -0.7611
vn 0.8580 0.1890 -0.4776
vn 0.0832 -0.9965 0.0061
vn 0.0295 -0.9986 0.0437
vn 0.0356 -0.9983 0.0451
vn 0.8098 0.5862 -0.0250
vn 0.7573 0.6407 0.1264
vn -0.2306 -0.9672 0.1069
vn -0.0372 -0.9965 0.0746
vn -0.2644 -0.9589 0.1035
vn 0.9480 0.1861 -0.2583
vn 0.9454 0.1573 -0.2853
vn 0.9526 0.1494 -0.2648
vn 0.7475 0.1231 0.6528
vn 0.7533 0.1398 0.6426
vn 0.9706 0.1557 -0.1835
vn -0.9045 0.3453 0.2502
vn -0.0150 -0.9985 0.0520
vn 0.0076 -0.0157 0.9998
vn 0.9513 0.2203 -0.2155
vn 0.9572 0.2077 -0.2018
vn -0.0046 -0.9996 0.0277
vn -0.0094 -0.9999 0.0144
vn -0.0027 -0.9995 0.0312
vn 0.9588 0.1991 -0.2027
vn -0.0093 -0.9999 0.0101
vn -0.1931 -0.2360 0.9524
vn -0.1806 -0.1288 0.9751
vn 0.1751 -0.1651 0.9706
vn 0.3165 0.1892 -0.9296
vn -0.9107 0.3037 0.2799
vn -0.8846 0.2806 0.3724
vn 0.8472 -0.1880 0.4969
vn 0.9441 -0.0227 0.3289
vn 0.9503 0.1883 0.2481
vn -0.1165 -0.9920 0.0482
vn -0.0387 -0.9989 -0.0263
vn -0.0495 -0.9985 -0.0220
vn -0.6482 0.0761 -0.7577
vn -0.4038 0.0863 -0.9108
vn -0.8025 0.1036 -0.5876
vn -0.6391 0.0792 -0.7650
vn -0.6431 0.1196 -0.7564
vn -0.7895 0.0896 -0.6071
vn -0.4093 0.0979 -0.9072
vn 0.5521 0.8320 0.0537
vn 0.5295 0.8481 -0.0178
vn 0.7665 0.6416 -0.0300
vn -0.8105 0.1058 -0.5761
vn -0.8111 0.0796 -0.5794
vn -0.6512 0.2340 -0.7219
vn -0.0130 0.1972 0.9803
vn 0.3111 0.1937 0.9304
vn 0.3039 0.1777 0.9360
vn -0.0387 0.1800 0.9829
vn 0.3071 0.1685 -0.9366
vn 0.6142 0.1973 -0.7641
vn 0.2821 0.1491 -0.9477
vn 0.2740 0.1860 -0.9436
vn -0.7938 0.0929 -0.6010
vn 0.0454 -0.9987 -0.0240
vn -0.0071 0.1952 -0.9807
vn -0.0750 0.1347 -0.9880
vn 0.0567 -0.9982 -0.0201
vn -0.9761 0.2130 0.0435
vn -0.6948 0.1610 -0.7010
vn 0.2950 0.1382 -0.9454
vn -0.0339 0.1716 -0.9846
vn 0.0251 0.5290 0.8483
vn 0.0649 0.4885 0.8702
vn -0.4663 0.2263 0.8552
vn -0.3393 0.2266 -0.9130
vn 0.0856 -0.9963 0.0032
vn -0.4128 -0.9076 0.0765
vn -0.7809 -0.5957 0.1882
vn -0.8164 -0.5477 0.1830
vn -0.9068 -0.1996 0.3713
vn -0.8804 -0.1994 0.4303
vn -0.7288 -0.1700 0.6633
vn -0.1655 -0.1997 0.9658
vn -0.3557 -0.2303 0.9058
vn 0.0033 -0.2460 0.9693
vn -0.0076 -0.4066 0.9136
vn -0.2197 -0.6109 0.7606
vn -0.3058 -0.4346 0.8471
vn 0.6355 -0.2195 0.7402
vn 0.4558 -0.2169 0.8632
vn 0.6003 -0.1302 0.7891
vn 0.3132 -0.2530 0.9154
vn 0.6706 -0.3274 0.6657
vn 0.5946 -0.3611 0.7184
vn -0.5746 -0.4305 0.6961
vn 0.0372 -0.5633 0.8254
vn 0.3242 -0.3881 0.8627
vn 0.2935 -0.5456 0.7850
vn 0.5690 -0.2836 0.7719
vn 0.6234 -0.1880 0.7589
vn 0.6469 -0.3061 0.6984
vn 0.5600 -0.5459 0.6232
vn 0.6728 -0.4262 0.6047
vn 0.9688 0.2156 0.1221
vn 0.9895 0.0312 0.1413
vn -0.9476 0.1828 0.2620
vn 0.0623 -0.9531 0.2960
vn 0.2093 -0.9521 0.2230
vn -0.1461 -0.9741 0.1729
vn -0.1571 -0.9756 0.1532
vn 0.9002 -0.2923 0.3227
vn 0.9138 -0.2975 0.2765
vn 0.7635 -0.5796 0.2848
vn 0.5222 -0.2766 0.8067
vn 0.9828 -0.0469 0.1786
vn 0.8347 -0.2061 0.5108
vn 0.9643 -0.1200 0.2360
vn 0.8752 -0.1568 0.4576
vn 0.8235 -0.2078 0.5279
vn -0.2226 0.9592 0.1744
vn -0.3430 0.9245 0.1663
vn -0.4133 0.9100 0.0318
vn -0.5583 0.8290 0.0325
vn -0.2423 0.6595 0.7116
vn -0.6648 0.6484 -0.3710
vn -0.5593 0.6204 0.5498
vn 0.1764 0.5786 0.7963
vn -0.6476 0.7569 -0.0879
vn 0.9791 0.2030 0.0107
vn 0.9051 0.4242 0.0297
vn 0.8624 0.4839 0.1488
vn 0.9984 0.0560 0.0076
vn 0.5215 0.8255 0.2159
vn 0.7980 0.5705 0.1943
vn 0.4744 0.8548 0.2102
vn -0.0023 0.9850 0.1725
vn -0.8417 0.4161 0.3440
vn -0.4102 0.5839 0.7005
vn 0.5838 0.7967 0.1565
vn -0.5928 0.5001 0.6312
vn -0.3537 -0.2435 0.9031
vn -0.3769 -0.2679 0.8867
vn -0.7985 0.1796 0.5746
vn -0.6927 0.6453 -0.3221
vn -0.7481 0.6505 -0.1311
vn -0.7303 0.6743 -0.1097
vn 0.7974 0.6010 0.0544
vn 0.8624 -0.3394 0.3756
vn 0.6139 -0.6626 0.4291
vn 0.1370 -0.2762 0.9513
vn 0.9266 -0.2342 0.2943
vn 0.9863 0.1418 0.0847
vn -0.2374 0.2673 -0.9339
vn -0.4227 0.2807 -0.8617
vn -0.0990 0.9890 -0.1098
vn -0.2561 0.9628 -0.0858
vn -0.8465 0.4647 0.2599
vn -0.6906 0.4772 -0.5434
vn -0.7762 0.1209 0.6188
vn -0.8803 -0.4619 0.1084
vn -0.8236 0.5431 0.1636
vn -0.1595 0.1872 -0.9693
vn -0.5818 0.4238 -0.6942
vn -0.1673 -0.9758 0.1408
vn 0.7869 0.6155 0.0441
vn 0.7717 0.6258 0.1133
vn 0.8399 0.5414 0.0377
vn 0.9506 0.1239 0.2846
vn 0.9958 0.0911 0.0061
vn 0.9399 0.3415 0.0057
vn 0.9141 0.4053 -0.0097
vn 0.7170 0.6662 0.2053
vn 0.7870 0.6160 -0.0351
vn 0.7721 0.6268 -0.1048
vn 0.7176 0.6676 -0.1983
vn 0.8402 0.5416 -0.0276
vn 0.9799 0.1954 -0.0391
vn 0.9992 0.0098 0.0387
vn 0.6330 0.7467 0.2046
vn -0.0575 0.9983 -0.0012
vn 0.8758 0.4060 -0.2610
vn -0.3227 0.9288 -0.1820
vn -0.2173 0.9594 -0.1799
vn 0.0062 0.9846 -0.1744
vn -0.9017 0.4246 0.0814
vn 0.9685 0.0719 0.2382
vn 0.7988 -0.5683 0.1975
vn -0.6594 0.7417 -0.1227
vn -0.9665 0.2495 -0.0605
vn 0.3169 -0.9276 0.1978
vn -0.0752 -0.9867 0.1441
vn -0.6403 -0.7360 0.2197
vn -0.6802 -0.7168 0.1534
vn -0.8596 -0.4691 0.2026
vn -0.8513 -0.4684 0.2367
vn -0.9663 0.1647 0.1979
vn -0.6390 0.7335 0.2317
vn -0.2592 0.2338 -0.9371
vn -0.7801 0.1343 0.6111
vn 0.6262 0.5066 0.5927
vn 0.8721 0.4075 0.2708
vn -0.1451 0.9892 0.0184
vn -0.3047 0.9520 0.0292
vn -0.7942 0.3113 -0.5218
vn -0.7496 0.4166 -0.5144
vn -0.8603 0.3655 -0.3553
vn -0.4024 -0.9100 -0.0999
vn -0.7050 -0.6559 -0.2697
vn -0.7849 -0.5624 -0.2599
vn 0.7570 0.2234 0.6141
vn -0.1460 0.9891 -0.0217
vn 0.0560 0.4871 0.8716
vn 0.9542 0.1205 -0.2740
vn 0.6360 0.5002 -0.5876
vn -0.9415 0.3369 -0.0066
vn 0.0485 -0.9272 0.3715
vn 0.5338 -0.6508 0.5400
vn -0.4333 -0.1039 0.8952
vn 0.4534 0.2351 -0.8598
vn 0.7682 0.2069 -0.6058
vn -0.7999 0.3127 0.5122
vn 0.9992 0.0404 -0.0016
vn 0.9969 0.0696 -0.0360
vn -0.6920 0.6411 0.3320
vn -0.2653 0.1908 0.9451
vn -0.5885 0.4259 0.6872
vn -0.2424 0.2699 0.9319
vn -0.4280 0.2831 0.8583
vn 0.4495 0.2285 0.8636
vn 0.9948 -0.0512 0.0885
vn 0.9138 0.4055 0.0211
vn -0.8216 0.1027 0.5607
vn -0.6578 0.2267 0.7182
vn -0.6652 0.1751 0.7258
vn 0.1046 -0.9943 -0.0198
vn 0.1229 -0.9922 -0.0203
vn -0.0029 -0.9996 -0.0297
vn -0.8455 -0.2258 -0.4839
vn -0.8920 -0.3259 -0.3132
vn -0.7930 -0.3668 -0.4865
vn -0.9138 -0.3073 -0.2658
vn -0.8926 -0.3822 -0.2393
vn 0.0006 -0.0019 -1.0000
vn 0.0030 0.0004 -1.0000
vn 0.7869 0.1584 -0.5964
vn 0.7797 0.1142 -0.6156
vn -0.0030 -0.9996 -0.0294
vn -0.0117 -0.9994 -0.0313
vn 0.9572 0.1835 0.2237
vn 0.9497 0.2063 0.2358
vn 0.9344 0.2101 0.2876
vn -0.2390 0.9609 -0.1398
vn 0.5367 -0.2237 0.8136
vn -0.4398 -0.0255 0.8977
vn 0.0087 0.0049 1.0000
vn 0.0120 -0.0052 0.9999
vn 0.5793 -0.1876 0.7933
vn 0.5805 -0.2094 0.7869
vn -0.8668 0.1925 0.4600
vn -0.7043 0.0901 0.7042
vn -0.3823 0.0052 0.9240
vn 0.9184 -0.1504 0.3660
vn -0.8905 0.2142 0.4013
vn -0.7197 0.0581 0.6918
vn -0.2452 -0.1969 0.9493
vn -0.1191 -0.0983 0.9880
vn 0.2058 -0.1790 0.9621
vn 0.1840 -0.1909 0.9642
vn 0.8136 -0.1915 0.5489
vn -0.8452 0.0475 0.5324
vn -0.8172 0.0430 0.5748
vn -0.8194 0.0330 0.5723
vn -0.4159 -0.0556 -0.9077
vn -0.4391 -0.0054 -0.8984
vn -0.4119 -0.0529 -0.9097
vn -0.4603 -0.1053 -0.8815
vn -0.9682 0.1780 -0.1755
vn -0.6366 0.0543 -0.7693
vn -0.8952 0.1086 0.4322
vn -0.3143 0.0047 0.9493
vn -0.6891 0.0266 0.7242
vn -0.6737 0.0801 0.7347
vn -0.6894 0.0557 0.7222
vn -0.8399 0.0991 0.5335
vn -0.3542 -0.0193 0.9350
vn -0.8764 0.1339 0.4627
vn -0.6932 0.0097 0.7206
vn -0.0077 -0.0869 0.9962
vn -0.7280 0.1647 -0.6655
vn 0.6272 -0.0713 -0.7756
vn 0.7089 -0.0922 -0.6993
vn 0.5384 -0.0519 -0.8411
vn 0.5448 -0.0809 -0.8346
vn 0.5880 -0.0391 -0.8079
vn 0.5937 -0.0617 -0.8023
vn 0.6326 -0.1453 -0.7607
vn 0.6705 -0.2222 -0.7078
vn 0.6686 -0.3179 -0.6723
vn 0.6909 -0.3346 -0.6409
vn 0.6679 -0.4038 -0.6252
vn -0.2598 0.1882 -0.9472
vn -0.8971 -0.3181 0.3067
vn -0.8822 -0.3970 0.2531
vn -0.9160 -0.2720 0.2949
vn -0.9234 -0.3051 0.2327
vn -0.4772 -0.6431 0.5989
vn -0.7070 -0.5746 0.4123
vn -0.5945 -0.2187 0.7738
vn -0.8090 -0.3748 0.4528
vn -0.8270 -0.5100 0.2366
vn -0.8586 -0.2141 0.4658
vn -0.9509 -0.1871 0.2464
vn -0.9156 -0.1741 0.3624
vn 0.5356 -0.0791 0.8408
vn 0.6146 -0.0981 0.7827
vn 0.7022 -0.0902 0.7063
vn 0.4802 -0.1321 0.8672
vn 0.4342 -0.1547 0.8875
vn 0.4990 -0.1105 0.8595
vn 0.5939 -0.1056 0.7976
vn -0.9774 -0.1711 0.1245
vn -0.9888 -0.1037 0.1073
vn -0.9567 -0.0947 0.2752
vn -0.9558 -0.1306 0.2636
vn -0.9472 -0.1329 0.2920
vn -0.1496 -0.1195 0.9815
vn -0.7222 -0.1060 0.6836
vn -0.7235 -0.1421 0.6756
vn 0.4605 -0.1359 0.8772
vn -0.1429 -0.1579 0.9771
vn 0.5542 -0.1167 0.8241
vn 0.3314 0.1801 -0.9261
vn -0.0078 0.1500 -0.9887
vn -0.0236 0.1722 -0.9848
vn 0.6143 0.2375 -0.7525
vn 0.3105 0.2209 -0.9245
vn 0.6150 0.1309 -0.7776
vn 0.2406 0.0155 -0.9705
vn 0.5782 -0.1009 -0.8096
vn 0.8261 0.2143 -0.5212
vn 0.7974 0.0708 -0.5993
vn 0.9854 -0.0889 0.1451
vn 0.9874 0.0428 0.1523
vn 0.9189 -0.0800 0.3864
vn -0.9668 0.2011 0.1576
vn -0.7358 0.1666 0.6564
vn -0.8508 -0.4310 0.3006
vn -0.8472 0.0802 -0.5252
vn -0.8663 0.0499 -0.4970
vn -0.8434 0.1042 -0.5270
vn 0.3012 0.1466 0.9422
vn -0.8505 -0.4314 0.3009
vn -0.7270 0.0536 -0.6845
vn -0.7238 0.0557 -0.6878
vn -0.3734 0.0803 -0.9242
vn 0.8202 -0.1823 -0.5423
vn -0.8431 0.0966 -0.5290
vn -0.1421 -0.9885 0.0514
vn -0.3690 -0.9281 0.0496
vn 0.8090 -0.0704 0.5836
vn 0.9238 0.0534 0.3791
vn 0.8024 0.0796 0.5915
vn 0.5858 -0.0886 0.8056
vn 0.5306 -0.1143 0.8399
vn 0.5841 -0.1157 0.8034
vn -0.3571 0.1960 -0.9133
vn 0.8468 0.2000 -0.4929
vn 0.9305 0.1477 -0.3351
vn 0.9133 0.0319 -0.4060
vn -0.9859 -0.1430 0.0871
vn 0.9492 -0.2213 0.2236
vn 0.9743 0.1540 -0.1643
vn 0.9797 0.1299 -0.1525
vn -0.0776 -0.9751 -0.2077
vn -0.0665 -0.8715 0.4859
vn 0.8783 0.1496 0.4541
vn 0.9227 -0.0781 -0.3775
vn 0.9890 -0.0776 -0.1258
vn 0.7899 -0.1193 -0.6015
vn 0.9709 0.1484 0.1879
vn 0.9290 0.1413 0.3422
vn 0.9427 0.1582 0.2937
vn 0.9011 0.1182 -0.4172
vn 0.7720 0.1172 -0.6247
vn 0.0221 0.0100 0.9997
vn 0.9941 0.0582 0.0913
vn 0.9958 -0.0764 0.0509
vn 0.9973 -0.0713 -0.0146
vn 0.9971 0.0480 -0.0598
vn 0.9906 0.0246 -0.1343
vn 0.9786 0.1270 0.1621
vn -0.8218 0.1282 0.5551
vn -0.6690 0.1301 0.7318
vn 0.8266 0.1944 0.5282
vn 0.6227 0.1288 0.7718
vn 0.0076 0.0153 -0.9999
vn 0.0208 0.0026 -0.9998
vn 0.7610 0.1482 -0.6316
vn 0.7511 0.2012 -0.6287
vn 0.9485 0.2270 0.2211
vn 0.8437 0.1935 0.5008
vn 0.8511 0.1754 0.4948
vn 0.9497 0.1575 0.2705
vn -0.3932 0.0877 0.9153
vn -0.0833 0.1283 0.9882
vn -0.0522 0.1719 0.9837
vn -0.3908 0.1392 0.9099
vn 0.9641 0.1720 0.2021
vn -0.8270 0.0601 0.5590
vn -0.8177 0.0830 0.5696
vn -0.3399 0.1007 0.9351
vn 0.7339 -0.6587 -0.1657
vn -0.9577 -0.2353 0.1654
vn 0.9917 -0.1282 0.0049
vn 0.9917 -0.1282 0.0127
vn -0.9185 -0.3379 0.2052
vn 0.9389 0.1995 0.2804
vn 0.2698 0.1724 0.9474
vn 0.6171 0.1789 0.7662
vn 0.6265 0.2211 0.7474
vn 0.6193 0.1803 0.7641
vn 0.8471 0.1954 0.4941
vn -0.3776 0.2062 0.9027
vn -0.0679 0.1355 0.9884
vn 0.3060 0.1880 0.9333
vn 0.0208 -0.0190 -0.9996
vn 0.0064 -0.0227 -0.9997
vn -0.0062 -0.9999 -0.0116
vn -0.0066 -0.9999 -0.0099
vn -0.0022 -0.9996 -0.0289
vn 0.0541 -0.9977 0.0411
vn 0.0538 -0.9976 0.0434
vn 0.0836 -0.9961 -0.0272
vn 0.2900 0.1393 0.9468
vn -0.0875 0.1228 0.9886
vn 0.8523 0.2135 0.4775
vn 0.6321 0.2290 0.7403
vn 0.8637 0.2118 0.4574
vn 0.3275 0.1960 0.9243
vn 0.6366 0.1484 0.7568
vn 0.6205 0.2145 0.7543
vn 0.2745 -0.0073 0.9616
vn -0.0303 0.1780 0.9836
vn -0.8115 0.0768 0.5793
vn -0.8665 0.0901 0.4910
vn -0.8609 0.0695 0.5040
vn -0.3913 -0.9121 -0.1222
vn -0.8180 0.1074 0.5651
vn -0.3984 0.1017 0.9116
vn -0.1452 -0.9882 -0.0495
vn -0.4304 -0.0024 -0.9027
vn 0.0171 -0.9989 -0.0430
vn 0.0245 -0.9985 -0.0499
vn -0.8234 0.0745 0.5625
vn -0.8065 0.0763 0.5863
vn -0.6432 0.0896 0.7605
vn -0.6376 0.0776 0.7664
vn -0.6471 0.1080 0.7547
vn -0.4844 -0.1210 -0.8664
vn -0.4504 -0.1184 -0.8849
vn -0.4639 -0.1219 -0.8775
vn -0.0389 -0.9988 0.0311
vn -0.0543 -0.9982 0.0259
vn -0.3965 0.1437 0.9067
vn 0.9385 0.2036 0.2789
vn -0.1183 -0.9920 -0.0452
vn -0.6365 -0.1706 -0.7521
vn -0.6851 -0.1776 -0.7065
vn -0.8259 0.0167 0.5636
vn -0.9337 -0.2084 -0.2910
vn 0.0834 -0.9960 -0.0326
vn 0.0015 -0.2438 -0.9698
vn -0.3595 -0.2314 -0.9040
vn -0.2999 -0.4486 -0.8419
vn -0.5934 -0.2195 -0.7744
vn -0.9194 -0.2239 -0.3234
vn -0.9436 -0.2192 -0.2481
vn -0.9193 -0.3068 -0.2463
vn -0.8435 -0.4632 -0.2720
vn -0.9248 -0.3193 -0.2070
vn -0.9342 -0.2644 -0.2396
vn -0.8763 0.0423 0.4799
vn -0.8640 0.1063 0.4921
vn -0.4643 -0.1065 -0.8793
vn -0.4865 -0.1220 -0.8651
vn -0.6014 0.0522 -0.7973
vn 0.5913 -0.1179 -0.7978
vn -0.8448 0.1051 0.5246
vn -0.9577 -0.2066 -0.2002
vn -0.3456 0.2288 0.9101
vn 0.6067 -0.1335 -0.7836
vn 0.4351 -0.1590 -0.8862
vn 0.4866 -0.1346 -0.8632
vn 0.6786 -0.3895 -0.6227
vn 0.6065 -0.3599 -0.7089
vn 0.5752 -0.5512 -0.6044
vn 0.6749 -0.3186 -0.6655
vn -0.9499 -0.1288 -0.2847
vn -0.9724 -0.1676 -0.1623
vn 0.6294 -0.1991 -0.7511
vn 0.6331 -0.2965 -0.7150
vn 0.5679 -0.3041 -0.7649
vn 0.6426 -0.2192 -0.7342
vn 0.4618 -0.2170 -0.8600
vn 0.5061 -0.1134 -0.8550
vn 0.5393 -0.1181 -0.8338
vn 0.6222 -0.1007 -0.7764
vn 0.6007 -0.1078 -0.7922
vn -0.1629 -0.1952 -0.9671
vn -0.7299 -0.1714 -0.6617
vn 0.4673 -0.1383 -0.8732
vn 0.5610 -0.1190 -0.8192
vn -0.1374 -0.1599 -0.9775
vn 0.3207 -0.2498 -0.9136
vn -0.9564 -0.0961 -0.2757
vn -0.9864 -0.1058 -0.1260
vn -0.1447 -0.1212 -0.9820
vn -0.7246 -0.1049 -0.6812
vn -0.7268 -0.1426 -0.6718
vn -0.9551 -0.1226 -0.2697
vn -0.9850 -0.1149 -0.1286
vn -0.5762 -0.4362 -0.6912
vn -0.7114 -0.5748 -0.4044
vn -0.4796 -0.6516 -0.5877
vn -0.2062 -0.6250 -0.7529
vn 0.0049 -0.4138 -0.9103
vn 0.2950 -0.5594 -0.7746
vn 0.3261 -0.3886 -0.8618
vn 0.0537 -0.5860 -0.8085
vn -0.8657 0.0785 0.4944
vn -0.9114 -0.3518 -0.2135
vn -0.9222 -0.3537 -0.1565
vn -0.5775 0.2447 -0.7789
vn -0.5824 -0.2178 -0.7832
vn -0.7818 0.1904 -0.5937
vn -0.2928 -0.3919 0.8722
vn -0.4543 -0.2212 0.8629
vn -0.2816 -0.1850 0.9415
vn -0.4728 -0.0421 0.8802
vn -0.9939 0.0952 -0.0558
vn -0.9960 0.0732 -0.0522
vn -0.9943 0.0325 -0.1014
vn -0.9901 0.1294 0.0551
vn -0.5727 -0.1758 -0.8007
vn -0.3667 -0.1637 -0.9158
vn -0.4966 0.0616 -0.8658
vn -0.5012 -0.0779 -0.8618
vn -0.4602 0.0109 -0.8877
vn -0.3411 -0.0420 -0.9391
vn -0.9740 0.1521 0.1678
vn -0.9345 0.2031 0.2922
vn -0.1728 -0.1684 0.9704
vn -0.3074 -0.4807 0.8213
vn -0.4015 -0.2798 0.8721
vn -0.5066 -0.5790 0.6388
vn -0.3394 -0.7019 0.6262
vn -0.6814 -0.0029 -0.7319
vn -0.6645 0.2977 -0.6855
vn -0.8959 0.2295 -0.3805
vn -0.6640 -0.3584 -0.6563
vn -0.6206 -0.2096 -0.7556
vn -0.7183 0.5518 -0.4238
vn -0.9584 0.2372 -0.1590
vn -0.2947 -0.0519 -0.9542
vn -0.4777 -0.0781 0.8751
vn -0.7006 -0.1108 -0.7049
vn -0.6406 -0.1456 -0.7539
vn -0.5727 -0.1478 -0.8063
vn -0.6048 -0.1280 -0.7860
vn 0.1937 -0.2366 0.9521
vn 0.3463 0.1115 0.9315
vn 0.1729 0.4763 0.8621
vn 0.4855 0.2832 0.8271
vn 0.3857 0.6689 0.6354
vn -0.0274 0.3012 0.9532
vn 0.0974 0.6646 0.7408
vn 0.0906 0.8439 0.5288
vn -0.5215 -0.1386 0.8419
vn -0.4660 0.1596 0.8703
vn -0.6401 -0.1579 0.7519
vn -0.4645 -0.1654 -0.8700
vn -0.5414 -0.2318 -0.8082
vn -0.8663 -0.4624 -0.1888
vn -0.8263 -0.4440 -0.3466
vn -0.7990 -0.3997 -0.4493
vn -0.6633 -0.1658 0.7297
vn -0.4283 -0.3273 0.8423
vn -0.6135 -0.2209 0.7582
vn -0.5947 -0.1688 0.7860
vn -0.5297 -0.1585 0.8332
vn -0.6904 -0.2603 0.6749
vn -0.4623 -0.5393 0.7039
vn 0.0508 -0.6813 0.7303
vn -0.1915 -0.5498 0.8131
vn -0.4732 -0.7553 0.4534
vn -0.9313 -0.2535 0.2617
vn -0.6493 -0.5261 0.5493
vn -0.7649 0.2995 0.5702
vn -0.9180 0.2130 0.3346
vn -0.5148 0.0496 0.8559
vn -0.4680 -0.5615 0.6825
vn -0.0917 0.6606 0.7451
vn -0.2328 -0.4220 0.8762
vn -0.0655 0.2380 0.9691
vn -0.0408 0.7819 0.6220
vn -0.3241 0.9265 0.1912
vn -0.3095 0.9314 0.1917
vn -0.4554 0.8475 -0.2727
vn 0.0034 0.8393 0.5436
vn 0.5937 0.6788 0.4323
vn 0.3534 0.8986 0.2599
vn 0.6373 0.7698 0.0363
vn -0.3354 0.0032 -0.9421
vn -0.4602 0.3449 -0.8181
vn -0.5205 0.7243 -0.4521
vn -0.4412 0.8524 0.2806
vn -0.4642 -0.0101 -0.8857
vn -0.5673 0.0018 -0.8235
vn -0.5628 0.2570 -0.7856
vn -0.3603 -0.1621 -0.9186
vn -0.3793 -0.1715 -0.9092
vn 0.3410 0.8393 0.4234
vn -0.5227 0.8399 -0.1461
vn 0.1228 0.9792 0.1612
vn -0.6026 0.3768 -0.7035
vn -0.8195 0.2275 -0.5260
vn -0.5409 0.7032 -0.4615
vn -0.5179 -0.1874 0.8346
vn -0.5682 -0.2007 0.7980
vn -0.4583 -0.0980 -0.8834
vn -0.7970 -0.4558 -0.3963
vn -0.4819 -0.4978 0.7211
vn -0.2638 0.7882 -0.5561
vn -0.1216 0.9640 -0.2366
vn 0.0369 0.8856 -0.4630
vn 0.2917 0.9361 0.1966
vn 0.2013 0.9786 -0.0417
vn 0.0366 0.6639 -0.7469
vn 0.0234 0.4096 -0.9119
vn -0.2264 0.3678 -0.9019
vn -0.3502 0.4344 -0.8299
vn -0.3661 0.1805 -0.9129
vn -0.3243 0.7087 -0.6265
vn -0.2812 0.5489 -0.7872
vn -0.4181 0.8576 -0.2995
vn -0.6718 0.3552 -0.6500
vn -0.5429 0.4447 -0.7124
vn -0.6151 -0.3968 0.6813
vn -0.9228 -0.3844 0.0245
vn -0.8415 0.4822 -0.2436
vn -0.6458 0.7032 -0.2973
vn -0.8108 -0.1886 -0.5541
vn -0.9800 0.1542 -0.1255
vn -0.6680 0.4593 -0.5856
vn -0.6640 0.3722 -0.6485
vn -0.6271 0.0966 -0.7729
vn -0.2502 0.0847 -0.9645
vn -0.4189 -0.0519 -0.9065
vn -0.2745 0.0879 -0.9576
vn -0.4264 -0.0109 -0.9045
vn -0.5921 -0.2611 -0.7624
vn -0.6969 -0.1684 0.6971
vn -0.8692 -0.1528 0.4702
vn -0.6520 0.5950 -0.4701
vn -0.4869 0.6991 -0.5236
vn -0.7850 0.5530 -0.2793
vn -0.5638 -0.5483 0.6176
vn -0.7950 -0.5369 0.2825
vn -0.8039 -0.4665 0.3690
vn -0.4331 0.1309 0.8918
vn 0.5909 0.8039 0.0676
vn 0.4655 0.6964 -0.5462
vn 0.5421 0.7318 -0.4130
vn 0.3231 0.5874 -0.7420
vn 0.5549 0.7547 -0.3500
vn 0.7518 0.6143 -0.2396
vn -0.9230 -0.3206 0.2127
vn -0.3285 0.3406 -0.8810
vn -0.5048 -0.1377 -0.8522
vn -0.7657 0.2876 -0.5753
vn -0.7849 0.3415 -0.5171
vn -0.8045 0.3321 -0.4925
vn 0.4756 0.3289 0.8159
vn -0.0841 0.6412 0.7628
vn 0.3165 0.9462 -0.0676
vn 0.4731 0.8767 0.0866
vn -0.8662 0.4867 -0.1134
vn -0.8822 0.4706 -0.0134
vn -0.8433 0.5367 0.0261
vn 0.0896 0.9931 -0.0757
vn 0.3235 0.9369 0.1329
vn -0.5726 0.7115 -0.4074
vn -0.2841 0.9401 -0.1884
vn -0.7759 0.0916 -0.6241
vn 0.2779 0.9540 0.1123
vn -0.0661 0.9976 0.0229
vn 0.2412 0.9650 0.1033
vn -0.8046 -0.1680 -0.5696
vn -0.8086 -0.3189 -0.4944
vn -0.8454 -0.2039 -0.4937
vn -0.8665 -0.2906 -0.4058
vn -0.8789 0.0654 -0.4724
vn -0.7452 0.4909 -0.4513
vn -0.8278 0.0615 -0.5576
vn 0.4033 0.4719 0.7840
vn -0.4420 -0.4435 0.7797
vn 0.0599 -0.4951 0.8667
vn -0.9640 -0.1587 -0.2135
vn -0.6214 -0.7768 -0.1023
vn -0.7540 -0.6273 -0.1951
vn -0.9193 -0.2305 -0.3190
vn -0.7994 0.2657 -0.5388
vn -0.7516 0.1356 -0.6455
vn -0.8426 0.1863 -0.5053
vn -0.8310 0.3543 -0.4289
vn -0.8532 0.0212 -0.5211
vn -0.7803 0.0272 -0.6249
vn -0.4552 -0.4377 -0.7754
vn -0.4316 -0.3950 -0.8109
vn -0.1950 -0.6902 -0.6969
vn -0.0644 -0.1878 -0.9801
vn 0.0503 -0.1291 -0.9904
vn -0.1006 -0.0895 -0.9909
vn -0.9819 0.1022 0.1594
vn -0.9361 -0.2970 0.1885
vn -0.8783 0.1439 0.4560
vn -0.1699 -0.8225 -0.5429
vn -0.4928 -0.4708 -0.7318
vn -0.1137 -0.9935 0.0028
vn -0.3206 -0.9282 -0.1890
vn -0.3539 -0.9340 0.0487
vn -0.6250 -0.6385 0.4491
vn -0.8236 -0.1506 -0.5468
vn -0.8608 -0.1612 -0.4828
vn -0.8517 -0.1545 -0.5008
vn -0.8233 -0.4801 -0.3026
vn -0.8944 -0.2315 -0.3827
vn -0.5847 -0.0571 -0.8092
vn -0.4949 -0.1055 -0.8625
vn -0.5012 -0.1067 -0.8587
vn -0.8236 -0.2553 -0.5065
vn -0.6853 -0.1891 -0.7033
vn -0.5084 -0.1734 -0.8435
vn -0.5810 -0.2055 -0.7875
vn -0.6456 -0.1195 -0.7543
vn -0.5611 -0.0781 -0.8241
vn 0.2322 -0.1199 0.9652
vn 0.1219 0.0405 0.9917
vn 0.0232 0.0319 0.9992
vn -0.4960 -0.1861 0.8481
vn -0.1443 0.4445 0.8841
vn -0.7393 -0.1191 -0.6628
vn -0.4486 -0.1321 -0.8839
vn -0.8696 -0.3370 -0.3609
vn -0.8524 -0.0534 -0.5201
vn -0.7615 0.1428 -0.6323
vn -0.7947 -0.1865 -0.5776
vn -0.8318 -0.1197 -0.5420
vn -0.8980 -0.2156 -0.3835
vn -0.1137 -0.4830 -0.8682
vn -0.1620 -0.5542 -0.8165
vn -0.2557 -0.2360 -0.9375
vn -0.3266 -0.2734 -0.9048
vn -0.1700 -0.6122 -0.7722
vn -0.4098 -0.1033 -0.9063
vn -0.3702 -0.0900 -0.9246
vn -0.4334 -0.0689 -0.8985
vn -0.1786 -0.7608 -0.6239
vn -0.4357 -0.1231 -0.8916
vn -0.4605 -0.1100 -0.8808
vn -0.4024 -0.0974 -0.9103
vn -0.4652 -0.0566 -0.8834
vn -0.6921 -0.1120 -0.7131
vn -0.6406 -0.1635 -0.7503
vn -0.4425 -0.4897 0.7512
vn -0.1839 -0.8131 0.5523
vn -0.1972 -0.7121 0.6739
vn -0.5719 -0.1236 -0.8110
vn -0.8884 0.0436 -0.4571
vn 0.2936 0.9275 -0.2313
vn 0.4220 0.8892 -0.1768
vn 0.5064 0.8531 -0.1256
vn 0.2352 0.9716 -0.0252
vn -0.0711 0.9970 0.0313
vn -0.0610 0.9981 0.0068
vn -0.2295 0.7827 0.5785
vn 0.2653 0.9585 -0.1042
vn -0.0374 0.9991 -0.0204
vn -0.9269 -0.2788 0.2511
vn -0.9136 -0.1521 0.3771
vn -0.8144 -0.2534 0.5221
vn -0.8355 -0.4145 0.3606
vn -0.9012 -0.4333 0.0081
vn -0.9184 -0.3814 0.1055
vn -0.8344 -0.5229 0.1742
vn -0.8271 -0.5610 0.0356
vn -0.0446 0.9990 -0.0011
vn -0.7762 0.5957 -0.2068
vn -0.9892 0.0192 -0.1453
vn 0.4975 0.8603 0.1113
vn -0.9580 0.0876 -0.2731
vn -0.1104 0.9880 -0.1079
vn 0.1699 0.9827 -0.0735
vn -0.7949 -0.2882 0.5340
vn -0.8160 -0.1031 0.5688
vn 0.2031 -0.2047 0.9575
vn 0.3656 -0.5091 0.7792
vn 0.6931 -0.6983 0.1786
vn 0.4000 -0.9165 0.0031
vn -0.8306 0.1159 0.5447
vn 0.0954 -0.2792 0.9555
vn -0.6753 -0.1658 0.7187
vn -0.3123 -0.5821 0.7508
vn -0.1201 -0.3711 0.9208
vn 0.8568 -0.4461 0.2586
vn 0.5190 -0.8346 0.1845
vn 0.5893 -0.8038 0.0812
vn 0.9078 -0.2741 0.3175
vn 0.6271 -0.4166 0.6582
vn -0.7656 0.6318 -0.1215
vn -0.6208 0.7548 -0.2117
vn -0.9458 0.1044 -0.3077
vn -0.8847 -0.4613 -0.0673
vn -0.8655 0.4418 -0.2361
vn -0.9681 0.2093 -0.1378
vn -0.1453 0.9756 0.1644
vn -0.1528 0.9840 0.0916
vn -0.6548 0.6996 -0.2860
vn -0.3915 0.8983 -0.1993
vn -0.0371 0.9987 -0.0335
vn -0.8635 -0.4210 -0.2778
vn -0.8831 -0.4195 -0.2102
vn -0.9016 0.4302 -0.0449
vn -0.8956 0.4241 0.1342
vn -0.9570 0.2751 0.0918
vn -0.9724 0.2315 -0.0279
vn -0.8485 -0.5172 -0.1118
vn -0.0554 0.9985 -0.0015
vn -0.9996 -0.0256 0.0069
vn -0.8382 -0.0187 0.5450
vn -0.8388 -0.2818 0.4659
vn -0.8015 -0.1855 0.5685
vn -0.3211 -0.6789 0.6603
vn -0.4682 -0.5337 0.7043
vn -0.6145 -0.6724 0.4126
vn 0.8849 -0.4606 0.0694
vn 0.6866 0.3278 0.6490
vn 0.7339 0.0480 0.6775
vn 0.8721 0.3453 0.3467
vn 0.1917 -0.3781 -0.9057
vn 0.5582 -0.5330 -0.6359
vn -0.0382 -0.4147 -0.9092
vn 0.4303 0.3320 0.8394
vn 0.4794 0.0229 0.8773
vn 0.2142 -0.7948 -0.5679
vn 0.2602 -0.9389 -0.2253
vn 0.1135 -0.6142 -0.7810
vn 0.9190 -0.1804 0.3504
vn 0.9333 0.0686 0.3524
vn 0.7035 -0.1905 0.6847
vn 0.9601 -0.1853 0.2097
vn 0.9781 0.0795 0.1924
vn -0.1609 0.0441 -0.9860
vn -0.2711 0.3472 -0.8977
vn -0.4080 0.2740 -0.8709
vn 0.9054 -0.3923 0.1624
vn -0.0057 -0.5329 0.8462
vn -0.2139 -0.0988 -0.9718
vn -0.1675 -0.0865 -0.9821
vn -0.1696 -0.0817 -0.9821
vn -0.2084 -0.1013 -0.9728
vn -0.0446 -0.8461 0.5311
vn -0.0739 -0.7509 0.6563
vn -0.1374 -0.6220 0.7708
vn -0.1582 -0.1886 -0.9692
vn -0.1841 -0.6438 -0.7427
vn -0.3734 -0.3742 -0.8489
vn -0.3334 -0.3245 -0.8852
vn 0.0487 -0.8843 -0.4643
vn 0.0393 -0.9014 -0.4312
vn -0.4193 -0.1173 -0.9002
vn -0.7286 0.0254 -0.6845
vn -0.7328 0.1709 -0.6587
vn -0.8574 0.0649 -0.5106
vn -0.6792 -0.0520 -0.7321
vn -0.6206 -0.1069 -0.7768
vn -0.6392 -0.0757 -0.7653
vn -0.6372 -0.0432 -0.7695
vn -0.7680 0.0016 -0.6404
vn 0.5728 -0.2664 -0.7752
vn -0.6842 -0.2220 -0.6947
vn -0.3450 -0.5439 -0.7649
vn -0.8334 -0.2591 -0.4882
vn -0.6973 0.0139 -0.7167
vn -0.8862 -0.0181 -0.4629
vn -0.6322 0.4117 -0.6564
vn -0.4253 -0.4269 -0.7981
vn -0.6047 0.2174 -0.7662
vn -0.2836 -0.6451 -0.7096
vn -0.0449 -0.6274 -0.7774
vn -0.0941 -0.2982 -0.9499
vn -0.1148 -0.3144 -0.9423
vn -0.2724 -0.4401 -0.8556
vn -0.1422 -0.2707 -0.9521
vn -0.1594 -0.1443 -0.9766
vn -0.1236 -0.0917 -0.9881
vn -0.4312 -0.1856 -0.8830
vn -0.2406 -0.3700 -0.8973
vn -0.6309 -0.0662 -0.7730
vn -0.1477 -0.2330 -0.9612
vn 0.0595 -0.2116 -0.9755
vn -0.1925 -0.3659 -0.9105
vn -0.1514 0.0626 -0.9865
vn 0.7701 -0.4892 -0.4095
vn 0.5730 -0.7456 -0.3403
vn 0.4194 -0.4621 -0.7813
vn 0.8548 -0.4722 -0.2154
vn -0.6222 0.4573 0.6354
vn -0.0605 -0.5420 0.8382
vn 0.1360 -0.1183 0.9836
vn -0.0086 -0.4504 0.8928
vn -0.0878 -0.6857 0.7226
vn -0.3431 0.2205 0.9130
vn -0.5734 -0.2129 0.7911
vn 0.1194 -0.7331 0.6696
vn 0.0466 -0.9711 0.2343
vn -0.6503 0.3949 0.6490
vn 0.0691 0.1134 -0.9911
vn 0.8865 -0.3972 -0.2374
vn 0.3800 -0.4486 -0.8089
vn 0.6237 -0.7198 -0.3047
vn 0.1710 -0.5904 -0.7888
vn 0.3621 -0.5145 -0.7773
vn -0.0536 -0.9931 0.1043
vn -0.3367 -0.9243 0.1799
vn -0.0684 -0.9969 0.0400
vn -0.0162 -0.9883 0.1519
vn -0.2694 -0.9077 0.3218
vn -0.2222 -0.3730 0.9008
vn 0.0870 -0.2722 0.9583
vn -0.9366 0.2653 0.2290
vn -0.7528 0.2164 0.6217
vn -0.4159 -0.7120 0.5658
vn 0.1233 -0.2508 0.9601
vn 0.2373 -0.2663 0.9342
vn -0.4259 -0.1288 -0.8955
vn -0.4256 -0.1396 -0.8941
vn -0.3617 -0.1026 -0.9266
vn -0.3464 -0.1149 -0.9310
vn -0.1949 0.7737 -0.6028
vn -0.7483 0.1814 -0.6381
vn -0.9396 0.2571 -0.2260
vn -0.1326 0.9774 -0.1644
vn -0.2392 -0.2867 -0.9277
vn -0.2075 -0.1781 -0.9619
vn -0.4148 -0.4360 0.7986
vn -0.1784 -0.6870 0.7044
vn -0.3919 -0.4359 0.8102
vn -0.4386 -0.4497 -0.7781
vn -0.7050 -0.6764 -0.2132
vn -0.7553 -0.6553 -0.0084
vn -0.9371 0.3282 -0.1187
vn -0.7077 -0.6754 0.2073
vn -0.9398 0.3275 0.0972
vn -0.8391 -0.2458 0.4853
vn -0.7580 0.1450 0.6359
vn -0.5533 -0.5193 -0.6513
vn -0.5067 -0.5899 0.6287
vn -0.7058 -0.1761 0.6862
vn -0.6178 -0.6443 0.4509
vn -0.1565 -0.6674 0.7280
vn 0.1630 -0.3496 0.9226
vn 0.2841 0.0087 0.9587
vn -0.7054 -0.1099 -0.7003
vn 0.0552 -0.9458 -0.3199
vn 0.0289 -0.9240 -0.3813
vn -0.5873 0.0031 0.8094
vn -0.6748 0.2762 0.6844
vn -0.8229 0.2312 0.5191
vn -0.7796 0.0468 0.6245
vn -0.8808 0.2200 0.4193
vn -0.9110 0.1270 0.3923
vn -0.9009 0.2204 0.3739
vn -0.9043 0.2372 0.3550
vn -0.6599 -0.1466 0.7369
vn -0.9202 0.2184 0.3247
vn -0.8075 -0.0187 0.5896
vn -0.8665 0.1047 0.4881
vn -0.3224 -0.2427 0.9150
vn -0.2008 0.0388 0.9789
vn -0.1361 -0.1837 0.9735
vn -0.5541 -0.2434 0.7961
vn -0.4300 -0.1041 0.8968
vn -0.3386 0.0320 0.9404
vn -0.1329 -0.4646 0.8755
vn -0.3898 -0.3528 0.8506
vn -0.8399 0.3849 0.3827
vn -0.9212 0.2749 0.2753
vn -0.8928 0.2713 0.3597
vn -0.9001 0.1332 0.4148
vn -0.6758 0.3398 0.6540
vn -0.8022 0.2751 0.5299
vn -0.4763 0.2812 0.8331
vn -0.7004 0.1770 0.6915
vn -0.5400 0.4502 0.7112
vn -0.5903 0.4515 0.6691
vn -0.6878 0.2109 0.6946
vn -0.7192 0.5003 0.4821
vn -0.8777 0.2164 0.4275
vn -0.4392 0.1307 0.8888
vn -0.4448 0.3096 0.8404
vn -0.4167 0.4127 0.8099
vn -0.7078 0.4216 0.5668
vn -0.8224 0.5644 0.0716
vn -0.8167 0.5682 0.1009
vn -0.4825 0.4056 0.7763
vn -0.6818 0.4641 0.5654
vn -0.8592 0.5101 0.0394
vn -0.3235 0.4295 0.8431
vn -0.1726 -0.1268 0.9768
vn -0.0356 0.2934 0.9553
vn 0.0109 -0.1355 0.9907
vn -0.1591 -0.3198 0.9340
vn -0.2948 -0.6806 0.6708
vn -0.3645 -0.7140 0.5979
vn -0.4389 0.1574 0.8846
vn -0.8997 0.0796 0.4293
vn -0.7434 0.0078 0.6688
vn -0.6559 -0.0382 0.7539
vn -0.5353 -0.3250 0.7796
vn -0.3668 0.2500 0.8961
vn 0.1855 -0.9575 -0.2208
vn -0.0755 -0.8993 -0.4307
vn -0.4169 -0.8143 0.4037
vn -0.4106 -0.8157 -0.4074
vn -0.4631 -0.8856 -0.0359
vn -0.4882 -0.8579 0.1603
vn -0.5672 0.2896 0.7710
vn -0.2526 0.5081 0.8234
vn -0.4575 0.4811 0.7478
vn -0.3262 0.1259 0.9369
vn -0.2146 0.0322 0.9762
vn -0.6335 -0.2362 0.7368
vn -0.8806 -0.1209 0.4582
vn -0.7990 0.3254 0.5057
vn -0.7629 0.1361 0.6320
vn -0.7590 0.4355 -0.4841
vn -0.6776 0.4995 -0.5397
vn -0.4391 0.3765 -0.8157
vn -0.8149 0.0837 -0.5735
vn -0.7122 0.2203 -0.6665
vn -0.6144 0.6070 -0.5041
vn -0.8556 0.4671 -0.2232
vn -0.3437 0.4906 -0.8008
vn -0.3251 -0.8820 0.3411
vn -0.5339 -0.8235 -0.1916
vn -0.4828 -0.8752 0.0315
vn -0.6788 -0.7266 -0.1068
vn -0.0937 -0.9932 0.0687
vn -0.0674 -0.9860 -0.1527
vn -0.8530 -0.3010 0.4263
vn -0.9551 -0.2941 0.0350
vn -0.6116 -0.7767 0.1503
vn -0.4536 -0.7250 0.5183
vn -0.1599 -0.9665 0.2007
vn -0.1106 -0.8778 0.4660
vn -0.3947 -0.7258 0.5634
vn -0.6313 -0.7160 -0.2979
vn -0.2370 -0.9515 -0.1960
vn -0.9627 0.2627 0.0642
vn -0.5003 0.4472 -0.7414
vn -0.4521 0.4415 -0.7750
vn -0.5756 0.4009 -0.7127
vn -0.6609 0.4306 -0.6147
vn -0.8965 0.2541 -0.3629
vn -0.8949 -0.2746 -0.3519
vn -0.8968 0.2036 0.3927
vn -0.7883 0.3319 0.5180
vn -0.7684 -0.0729 0.6358
vn -0.8152 0.2590 0.5180
vn -0.8454 0.0532 0.5315
vn -0.7717 -0.0468 0.6342
vn -0.6673 -0.1267 0.7339
vn -0.6717 0.1417 0.7271
vn -0.6279 0.0544 0.7764
vn -0.6227 -0.0057 0.7825
vn -0.6978 0.0214 0.7160
vn -0.5871 -0.1017 0.8031
vn -0.5184 -0.2195 0.8265
vn -0.6873 -0.0665 0.7233
vn -0.8008 0.3214 0.5054
vn -0.7968 0.2321 0.5579
vn -0.8445 0.0512 0.5332
vn -0.7566 0.1750 0.6300
vn -0.8076 -0.1400 0.5728
vn -0.6208 -0.7133 0.3254
vn -0.5916 -0.6224 0.5124
vn -0.2929 -0.9546 0.0543
vn -0.2908 -0.1784 0.9400
vn -0.2256 -0.1627 0.9605
vn -0.3022 -0.2290 0.9253
vn -0.2127 -0.2285 0.9500
vn -0.1795 -0.1766 0.9678
vn -0.7680 -0.5652 0.3012
vn -0.5955 -0.7766 0.2057
vn -0.5186 -0.8160 0.2556
vn -0.7118 -0.5794 0.3970
vn -0.7819 -0.2957 0.5488
vn -0.8588 -0.2231 0.4611
vn -0.3856 -0.9159 0.1119
vn -0.2116 -0.9738 0.0836
vn 0.4286 -0.8611 -0.2733
vn 0.2542 -0.4433 -0.8596
vn -0.2448 -0.7820 -0.5733
vn -0.9021 0.4187 -0.1042
vn -0.8988 0.4363 -0.0419
vn -0.9863 0.1637 -0.0219
vn 0.3218 -0.9432 0.0830
vn 0.2910 -0.9567 -0.0058
vn -0.0384 -0.9966 -0.0723
vn -0.9189 -0.0013 -0.3944
vn -0.7509 -0.5711 -0.3316
vn -0.8083 -0.5269 -0.2629
vn -0.9710 0.1397 -0.1942
vn -0.9987 0.0510 0.0085
vn 0.3315 -0.9181 0.2174
vn 0.1981 -0.9365 0.2892
vn -0.0672 -0.9970 -0.0391
vn -0.0836 -0.9965 0.0049
vn 0.1464 -0.9892 -0.0038
vn -0.7984 -0.5456 0.2547
vn -0.9276 -0.0067 0.3735
vn 0.2056 -0.9458 -0.2512
vn 0.3398 -0.9343 -0.1080
vn -0.8218 -0.5603 0.1038
vn -0.5391 -0.8243 -0.1727
vn -0.5758 -0.8140 0.0760
vn -0.0191 -0.9996 0.0212
vn 0.0010 -0.9999 -0.0128
vn -0.5743 -0.8105 0.1154
vn -0.6701 -0.7222 0.1714
vn -0.0205 -0.9995 -0.0243
vn -0.7966 0.2771 0.5372
vn 0.0062 -1.0000 0.0021
vn -0.6905 -0.7055 0.1597
vn -0.9705 0.1335 0.2006
vn -0.8004 -0.5183 0.3012
vn 0.5534 -0.3656 -0.7484
vn -0.0215 -0.2702 -0.9626
vn 0.6690 -0.2838 -0.6870
vn 0.6741 -0.2582 0.6920
vn 0.0494 -0.2306 0.9718
vn 0.2916 -0.6196 0.7287
vn 0.3639 -0.8663 0.3422
vn 0.4686 0.8816 -0.0569
vn -0.1531 0.9825 -0.1064
vn -0.5691 -0.7865 -0.2401
vn -0.4508 -0.8743 -0.1798
vn -0.4206 -0.8962 -0.1414
vn -0.3094 0.1253 -0.9426
vn -0.3893 0.1357 -0.9111
vn -0.6277 -0.0503 -0.7769
vn -0.4733 -0.8807 -0.0205
vn -0.3428 -0.9017 0.2635
vn -0.0284 -0.9993 0.0235
vn -0.7850 0.0749 0.6149
vn -0.0324 -0.9994 -0.0118
vn -0.0008 -1.0000 0.0008
vn -0.6345 -0.5208 -0.5711
vn 0.3652 -0.8966 -0.2507
vn -0.7414 -0.3566 0.5685
vn -0.7642 0.4191 0.4902
vn -0.5157 0.7931 0.3242
vn 0.0913 0.9943 -0.0551
vn -0.2718 0.9443 0.1857
vn -0.6359 0.6220 0.4569
vn -0.9408 0.3253 -0.0956
vn -0.8914 0.4406 -0.1068
vn -0.9078 0.3618 -0.2120
vn -0.7820 -0.4682 0.4115
vn -0.3512 -0.4001 0.8465
vn 0.4762 0.8772 0.0605
vn -0.5820 -0.8025 0.1316
vn 0.3243 -0.6749 -0.6629
vn 0.4283 0.4896 -0.7595
vn 0.5597 0.4747 -0.6792
vn 0.4285 0.8845 -0.1844
vn 0.6962 0.6838 -0.2186
vn 0.5944 0.6283 -0.5019
vn 0.3694 0.8363 -0.4051
vn 0.7006 0.7066 0.0997
vn 0.2492 0.9547 0.1629
vn 0.6722 0.6987 0.2447
vn 0.6782 0.7157 -0.1665
vn 0.4580 0.8713 -0.1763
vn 0.0417 -0.6330 0.7730
vn 0.2689 -0.4320 0.8608
vn -0.0713 0.9969 0.0336
vn -0.9866 -0.0457 0.1568
vn -0.8431 0.5367 0.0340
vn -0.0171 0.9992 0.0363
vn -0.2008 -0.9777 0.0613
vn -0.6959 -0.7111 0.1004
vn -0.7963 -0.2263 0.5609
vn 0.0948 -0.8937 0.4385
vn 0.0561 -0.5205 0.8520
vn -0.7388 -0.3296 0.5878
vn -0.8706 -0.2338 0.4329
vn -0.8426 0.0299 0.5377
vn -0.8438 -0.5298 0.0856
vn -0.9177 -0.3963 0.0276
vn -0.2210 -0.7028 0.6762
vn -0.8286 0.3462 0.4401
vn -0.9557 0.2302 0.1832
vn -0.8985 0.4274 0.0999
vn -0.8393 0.4046 0.3631
vn -0.3295 -0.9039 0.2726
vn -0.8559 0.3796 -0.3513
vn -0.8042 0.2748 -0.5271
vn -0.8708 -0.1579 -0.4655
vn -0.9558 0.2170 -0.1984
vn -0.8818 0.2788 -0.3804
vn -0.9412 0.3372 0.0211
vn -0.9548 0.2344 -0.1827
vn -0.3608 0.7184 0.5948
vn -0.2416 0.9404 0.2392
vn -0.0644 0.7496 0.6588
vn 0.1604 0.7692 0.6186
vn -0.8393 0.3383 -0.4257
vn -0.6545 0.3177 -0.6861
vn -0.7126 0.4628 0.5273
vn -0.6036 0.4659 0.6470
vn -0.9592 0.2687 0.0879
vn -0.8148 0.5293 0.2364
vn -0.3089 0.9511 -0.0044
vn -0.2116 -0.4222 -0.8814
vn -0.6055 0.1705 -0.7773
vn -0.2932 0.7593 -0.5810
vn -0.0750 -0.8099 -0.5818
vn -0.7204 0.6916 -0.0521
vn -0.7691 0.5670 -0.2951
vn -0.5324 0.8436 -0.0698
vn -0.5976 0.7760 -0.2017
vn -0.9195 0.0992 -0.3804
vn -0.4872 0.8733 0.0053
vn -0.7047 -0.1831 -0.6854
vn 0.0497 0.4279 0.9025
vn -0.3898 0.3008 0.8704
vn -0.0169 -0.0040 0.9998
vn -0.0788 0.9807 0.1788
vn 0.3823 0.3860 -0.8396
vn 0.0284 0.2572 -0.9659
vn -0.5959 -0.0626 -0.8006
vn -0.8384 0.5138 -0.1820
vn -0.4807 0.8579 -0.1816
vn -0.9656 0.2216 -0.1360
vn 0.4910 0.6865 0.5364
vn 0.0519 -0.4739 0.8791
vn 0.3878 -0.7619 0.5189
vn -0.8188 0.2393 -0.5218
vn -0.6273 -0.7173 -0.3033
vn -0.6692 -0.2720 0.6916
vn -0.1894 -0.9270 -0.3238
vn -0.8209 -0.3754 -0.4304
vn -0.5359 -0.7518 -0.3842
vn -0.8731 -0.0611 -0.4836
vn -0.8131 0.1640 -0.5585
vn -0.8528 0.1989 -0.4828
vn -0.8348 -0.2410 -0.4950
vn -0.2519 -0.9675 -0.0212
vn -0.4402 -0.8896 -0.1216
vn -0.0859 -0.9916 0.0965
vn -0.0365 -0.9986 0.0373
vn -0.6773 -0.6738 -0.2952
vn -0.7240 -0.4651 -0.5093
vn -0.5797 -0.6898 -0.4337
vn -0.5581 -0.5857 -0.5878
vn -0.0813 -0.9054 -0.4166
vn -0.5466 0.3201 -0.7738
vn -0.6890 0.2618 -0.6759
vn -0.2606 -0.4632 -0.8471
vn -0.5213 -0.1121 -0.8460
vn -0.8499 -0.3888 -0.3558
vn -0.5326 -0.8295 -0.1681
vn -0.7557 -0.6033 -0.2548
vn -0.7648 0.0600 -0.6415
vn -0.8067 -0.2742 -0.5236
vn -0.8144 0.3594 -0.4557
vn -0.8600 -0.5091 -0.0333
vn -0.7580 -0.6452 -0.0951
vn -0.9932 -0.0846 0.0800
vn -0.8828 -0.4464 -0.1460
vn -0.3001 -0.9537 0.0199
vn -0.2406 -0.9323 -0.2701
vn -0.7221 0.6918 0.0033
vn -0.7543 0.1845 -0.6301
vn -0.8867 0.2047 -0.4146
vn -0.5461 -0.6167 -0.5669
vn -0.5664 -0.2251 -0.7928
vn -0.6714 -0.4323 -0.6020
vn -0.6260 -0.5229 -0.5785
vn -0.7881 -0.4516 -0.4182
vn -0.8467 -0.5239 -0.0929
vn -0.5405 -0.7765 -0.3240
vn -0.8186 -0.5123 -0.2599
vn -0.9524 -0.3047 -0.0135
vn -0.5523 0.1963 -0.8102
vn -0.2752 0.2334 -0.9326
vn -0.5562 0.3234 -0.7656
vn -0.9517 -0.3071 0.0009
vn -0.5569 -0.8271 -0.0757
vn -0.5607 -0.8253 0.0676
vn -0.6138 -0.7861 0.0725
vn -0.6407 -0.7579 0.1227
vn -0.3333 -0.8991 0.2837
vn -0.6755 -0.6050 0.4216
vn -0.5495 -0.7456 -0.3771
vn -0.8677 0.1600 -0.4707
vn -0.9684 0.2297 -0.0973
vn -0.7609 0.0176 -0.6487
vn -0.7918 -0.5769 -0.2003
vn -0.2419 0.0359 -0.9696
vn -0.2551 -0.0560 -0.9653
vn -0.3891 -0.2374 -0.8901
vn -0.6273 -0.6658 -0.4041
vn -0.6534 -0.7394 -0.1624
vn -0.6003 -0.7995 0.0189
vn -0.6406 0.2376 -0.7302
vn -0.8311 0.1241 -0.5422
vn -0.7220 0.1682 -0.6712
vn -0.8238 0.2065 -0.5280
vn -0.7545 -0.5992 -0.2677
vn -0.2535 0.0786 -0.9641
vn -0.3162 0.0600 -0.9468
vn -0.6099 -0.4125 -0.6767
vn -0.6008 0.0166 -0.7992
vn -0.5595 -0.3213 -0.7640
vn -0.3342 0.1576 -0.9292
vn -0.7783 -0.4181 -0.4685
vn -0.8241 0.1087 -0.5559
vn -0.8039 -0.5324 -0.2650
vn -0.7471 -0.5911 -0.3041
vn -0.7998 -0.3248 -0.5049
vn -0.7346 -0.6406 -0.2236
vn -0.7233 -0.3081 -0.6179
vn -0.7628 -0.2457 -0.5981
vn -0.8454 -0.4870 -0.2194
vn -0.9164 0.0353 -0.3987
vn -0.8863 0.1473 -0.4391
vn -0.9356 -0.1940 -0.2951
vn -0.8965 -0.2999 -0.3261
vn -0.7978 -0.1879 -0.5729
vn -0.8101 -0.5658 -0.1538
vn -0.9227 -0.1423 -0.3583
vn -0.9050 0.1413 -0.4013
vn -0.8937 0.1967 -0.4031
vn -0.7614 0.3048 -0.5722
vn -0.8396 0.2546 -0.4798
vn -0.9739 0.0911 0.2078
vn -0.7683 -0.2587 -0.5855
vn -0.8529 -0.0331 -0.5209
vn -0.8472 -0.0321 -0.5303
vn -0.8470 0.2936 -0.4432
vn -0.9668 -0.1526 -0.2050
vn -0.9208 -0.3684 -0.1281
vn -0.8318 -0.4013 -0.3836
vn -0.5160 0.2264 -0.8261
vn -0.6147 0.2298 -0.7546
vn -0.3832 -0.0665 -0.9213
vn -0.2394 0.0166 -0.9708
vn -0.1977 -0.1689 -0.9656
vn -0.2382 -0.1288 -0.9626
vn -0.5584 -0.1177 -0.8212
vn -0.3812 -0.1058 -0.9184
vn -0.3177 -0.2761 -0.9071
vn -0.4310 -0.3004 -0.8509
vn -0.6470 -0.2444 -0.7223
vn -0.7086 0.1877 -0.6802
vn -0.8391 0.2355 -0.4903
vn -0.6186 -0.3492 -0.7038
vn -0.4314 -0.2317 -0.8719
vn -0.5254 -0.2151 -0.8232
vn -0.7783 -0.0549 -0.6254
vn -0.8784 0.0233 -0.4774
vn -0.3341 -0.2491 -0.9090
vn -0.3788 -0.1290 -0.9164
vn -0.4482 -0.1281 -0.8847
vn -0.2419 -0.1974 -0.9500
vn -0.2714 -0.1278 -0.9540
vn -0.1947 -0.1336 -0.9717
vn -0.6163 0.2958 -0.7299
vn -0.4396 0.4046 -0.8019
vn -0.5125 0.1343 -0.8481
vn -0.9868 -0.1234 -0.1053
vn -0.9072 0.3134 -0.2806
vn -0.9510 0.2203 -0.2170
vn -0.5553 -0.3160 -0.7693
vn -0.7576 0.3893 -0.5239
vn -0.9019 0.1953 -0.3852
vn -0.8974 0.1635 -0.4097
vn -0.8748 0.3148 -0.3682
vn -0.9113 0.2493 -0.3276
vn -0.8946 0.3092 -0.3227
vn -0.9259 0.3076 -0.2192
vn -0.9166 -0.1605 -0.3663
vn -0.3947 -0.1412 -0.9079
vn -0.5013 0.1624 -0.8499
vn -0.8274 -0.3910 -0.4031
vn -0.9298 0.0757 -0.3602
vn -0.8492 0.0723 -0.5230
vn -0.6465 0.3895 0.6560
vn -0.7801 -0.0785 -0.6207
vn -0.6640 -0.0693 -0.7446
vn -0.6031 0.4031 -0.6883
vn -0.7749 0.2861 -0.5637
vn -0.6787 0.1776 -0.7126
vn -0.6506 -0.0094 -0.7593
vn -0.5362 -0.6094 -0.5841
vn -0.7057 -0.1166 -0.6988
vn 0.0475 -0.9943 -0.0958
vn -0.6379 -0.5128 -0.5746
vn -0.0255 -0.7611 -0.6482
vn -0.5547 0.2938 0.7785
vn -0.4064 0.1073 0.9074
vn -0.6083 0.2207 0.7624
vn -0.5734 0.3927 0.7191
vn -0.9526 -0.2961 0.0693
vn -0.6467 0.4082 -0.6443
vn -0.0419 0.3213 -0.9461
vn 0.0505 0.1147 -0.9921
vn 0.0025 0.0343 -0.9994
vn -0.3538 0.1907 -0.9157
vn -0.8626 0.0005 -0.5059
vn -0.4643 0.3213 -0.8254
vn -0.3023 0.3789 -0.8747
vn -0.4157 0.0015 -0.9095
vn -0.5327 -0.1860 -0.8256
vn -0.2146 0.4313 -0.8763
vn -0.2910 0.3519 -0.8896
vn 0.0971 -0.2324 -0.9678
vn -0.8885 0.1621 -0.4292
vn -0.1386 -0.7272 -0.6723
vn -0.6120 -0.2707 -0.7431
vn -0.8246 0.2844 -0.4890
vn -0.1805 -0.1109 -0.9773
vn -0.2448 -0.0821 -0.9661
vn -0.8299 -0.2008 -0.5205
vn -0.6250 -0.1128 -0.7724
vn -0.2124 -0.1886 -0.9588
vn -0.7623 0.5296 -0.3720
vn -0.7363 0.5410 -0.4066
vn -0.4334 0.3982 -0.8084
vn -0.7140 0.4906 -0.4996
vn -0.3404 -0.9311 -0.1313
vn -0.3741 -0.0363 -0.9267
vn -0.9617 0.0432 0.2707
vn -0.3094 0.8707 0.3822
vn -0.3955 -0.7656 0.5074
vn -0.8120 -0.0608 0.5804
vn -0.4487 0.8930 -0.0351
vn -0.7563 0.6501 0.0737
vn -0.3709 0.9285 -0.0153
vn -0.7295 0.0179 0.6837
vn -0.5540 0.6183 0.5575
vn -0.8482 0.2928 0.4413
vn -0.7277 0.6857 0.0182
vn -0.2681 0.9504 0.1574
vn -0.7194 0.1062 -0.6864
vn -0.4662 0.8471 0.2552
vn -0.8735 0.0525 0.4839
vn -0.9638 -0.0927 0.2501
vn -0.8165 -0.3225 0.4789
vn -0.9228 -0.3578 0.1428
vn -0.2416 0.0418 0.9695
vn -0.0977 -0.7943 0.5997
vn -0.7793 -0.2751 0.5631
vn -0.9486 -0.0311 0.3150
vn -0.9054 0.3687 0.2107
vn -0.6304 0.3123 0.7107
vn -0.5829 0.5291 -0.6167
vn -0.9311 0.3647 -0.0007
vn -0.7765 0.6204 -0.1106
vn -0.6457 0.4747 0.5980
vn -0.9518 0.2843 0.1149
vn -0.9138 0.3940 -0.0985
vn -0.4488 0.8922 0.0516
vn -0.7549 0.6541 0.0487
vn -0.7044 0.4412 0.5560
vn -0.7381 0.4450 0.5071
vn -0.9919 -0.1150 -0.0547
vn -0.7004 0.0105 0.7136
vn -0.9887 0.0658 0.1349
vn -0.1590 -0.2063 0.9655
vn -0.3040 -0.0064 0.9527
vn -0.4525 -0.2096 0.8668
vn -0.3979 -0.2338 0.8871
vn -0.4083 -0.0264 0.9125
vn -0.0517 -0.1644 0.9850
vn -0.1982 -0.1511 0.9684
vn -0.1488 -0.1602 0.9758
vn -0.6346 -0.6850 0.3578
vn -0.5465 0.1594 0.8222
vn -0.3361 0.7443 0.5771
vn -0.6013 0.1553 0.7838
vn -0.7554 0.2139 0.6193
vn -0.4012 -0.0320 0.9154
vn -0.5473 0.1452 0.8243
vn -0.3218 0.0630 0.9447
vn -0.5059 0.1681 0.8460
vn -0.5283 0.2072 0.8234
vn -0.7281 0.2170 0.6503
vn -0.6717 0.2172 0.7083
vn -0.8106 0.1674 0.5611
vn -0.6300 0.2223 0.7441
vn -0.7166 0.2228 0.6610
vn -0.1993 0.0514 0.9786
vn -0.1810 -0.0672 0.9812
vn -0.3336 0.1022 0.9372
vn -0.4881 -0.2399 0.8392
vn -0.3780 -0.2101 0.9017
vn -0.6351 -0.7052 0.3150
vn -0.8033 -0.3799 0.4587
vn -0.5994 -0.4168 0.6833
vn -0.3800 0.0277 0.9246
vn -0.6735 -0.0395 0.7382
vn 0.9067 0.3190 -0.2758
vn 0.7634 0.2501 -0.5956
vn -0.3152 -0.0206 0.9488
vn -0.7600 0.1789 0.6248
vn -0.8484 -0.4597 0.2626
vn -0.8251 0.4224 0.3752
vn -0.9375 0.3052 0.1671
vn -0.8835 0.3436 0.3184
vn -0.5247 -0.0407 0.8503
vn -0.7059 -0.0540 0.7062
vn -0.9257 0.2319 0.2987
vn -0.8306 0.2239 0.5099
vn -0.9244 0.2232 0.3094
vn -0.8526 0.1793 0.4909
vn -0.9424 0.1005 0.3192
vn -0.8924 -0.3351 0.3021
vn -0.8776 0.1215 0.4637
vn -0.5808 0.3494 0.7353
vn -0.6673 0.3421 0.6616
vn 0.4216 0.1656 -0.8916
vn -0.2243 0.1666 -0.9602
vn 0.3056 0.5925 0.7453
vn 0.9203 0.3467 -0.1815
vn -0.9139 0.3545 0.1977
vn -0.2095 -0.8824 0.4213
vn -0.7020 -0.6790 0.2148
vn -0.7361 -0.6769 0.0053
vn -0.8305 -0.1870 -0.5247
vn -0.9315 -0.2648 -0.2492
vn -0.9508 0.1587 -0.2659
vn -0.9576 -0.2864 -0.0316
vn -0.9946 0.0934 -0.0453
vn -0.7627 0.3666 0.5328
vn -0.9665 0.2312 0.1118
vn -0.9318 -0.3082 0.1918
vn -0.6412 -0.6694 0.3752
vn -0.6480 -0.7022 0.2949
vn -0.8480 -0.1419 0.5107
vn -0.7758 -0.5861 0.2336
vn -0.7082 -0.1736 0.6844
vn -0.7534 -0.6331 0.1780
vn -0.6943 -0.6888 0.2089
vn -0.8817 -0.3065 0.3587
vn -0.8777 -0.2224 0.4244
vn -0.1037 -0.2623 0.9594
vn -0.7400 -0.3932 0.5457
vn -0.6666 -0.4978 0.5548
vn -0.6456 -0.7032 0.2978
vn -0.5902 -0.7477 0.3043
vn -0.2169 -0.9445 0.2465
vn -0.0264 -0.7798 0.6255
vn -0.6037 -0.7891 -0.1136
vn -0.2863 -0.9078 -0.3064
vn -0.2743 -0.9572 -0.0921
vn -0.6215 -0.2148 0.7534
vn -0.1515 -0.8948 -0.4201
vn -0.6531 -0.6601 -0.3710
vn -0.1474 -0.7555 -0.6384
vn -0.7702 -0.4144 0.4849
vn -0.4936 -0.8695 -0.0170
vn -0.7062 -0.6037 0.3699
vn -0.5936 -0.5571 0.5808
vn -0.5837 -0.8113 0.0340
vn -0.6222 -0.7827 0.0136
vn -0.6576 -0.6778 0.3288
vn -0.5206 -0.8015 0.2942
vn -0.6148 -0.6282 0.4769
vn -0.5334 -0.8338 0.1425
vn -0.7050 -0.1883 0.6838
vn -0.5559 -0.2639 0.7882
vn -0.8946 0.0770 0.4401
vn -0.9770 -0.1255 0.1723
vn -0.7897 -0.6135 0.0097
vn -0.6380 -0.7464 0.1892
vn -0.8144 -0.5732 0.0908
vn -0.6310 -0.7654 0.1265
vn -0.7431 -0.6233 0.2435
vn -0.6665 -0.7326 0.1384
vn -0.8766 -0.4200 0.2348
vn -0.7095 -0.6972 0.1024
vn -0.8513 -0.5101 0.1227
vn -0.7182 -0.6114 0.3323
vn -0.8605 -0.4744 0.1855
vn -0.9385 0.2581 -0.2293
vn -0.9597 0.1796 -0.2162
vn -0.9764 0.2127 -0.0375
vn -0.9589 0.2512 -0.1317
vn -0.9940 0.1092 -0.0027
vn -0.9858 0.1081 -0.1284
vn -0.9812 -0.1928 0.0007
vn -0.9646 -0.2635 -0.0065
vn -0.9230 -0.3221 -0.2106
vn -0.7841 0.1250 0.6079
vn -0.8468 -0.3834 0.3688
vn -0.9851 0.1710 -0.0201
vn -0.6158 -0.3962 0.6810
vn -0.9885 0.0965 0.1162
vn -0.5274 -0.7300 0.4347
vn -0.3228 0.1636 0.9322
vn -0.7940 -0.5865 -0.1598
vn -0.6988 -0.6850 -0.2061
vn -0.6275 -0.6994 -0.3422
vn -0.6489 -0.6486 -0.3978
vn -0.8812 -0.3350 -0.3336
vn -0.8546 -0.3706 -0.3638
vn -0.8246 0.1135 -0.5542
vn -0.9516 0.0610 -0.3014
vn -0.5449 0.1206 -0.8298
vn -0.5933 -0.0713 -0.8018
vn -0.9574 0.2884 -0.0117
vn -0.9633 0.2455 -0.1087
vn -0.9645 0.2059 -0.1655
vn -0.9766 0.2127 -0.0329
vn -0.9642 0.2286 0.1341
vn 0.8568 -0.3702 -0.3590
vn 0.9372 -0.3236 -0.1302
vn 0.9379 -0.3079 0.1599
vn 0.9827 -0.0782 0.1679
vn -0.4558 -0.0020 0.8901
vn -0.4698 -0.0687 0.8801
vn -0.5150 -0.0025 0.8572
vn -0.0864 -0.0517 0.9949
vn -0.1586 -0.0472 0.9862
vn -0.1790 0.0079 0.9838
vn -0.3691 -0.0469 0.9282
vn -0.2475 -0.0238 0.9686
vn -0.3658 -0.0578 0.9289
vn -0.3356 -0.0066 0.9420
vn -0.2514 -0.0116 0.9678
vn -0.2526 -0.0174 0.9674
vn -0.3519 -0.0614 0.9340
vn -0.2011 -0.0820 0.9761
vn -0.1823 -0.0711 0.9807
vn -0.3022 -0.3559 0.8843
vn -0.5074 -0.1407 0.8501
vn -0.5413 -0.0519 0.8392
vn -0.4462 -0.0343 0.8943
vn -0.4399 -0.1017 0.8923
vn -0.1001 -0.1375 0.9854
vn -0.4636 -0.2742 0.8425
vn -0.4950 -0.1317 0.8588
vn -0.1936 -0.0334 0.9805
vn -0.4318 -0.1334 0.8920
vn -0.1534 -0.0629 0.9862
vn -0.0858 -0.1334 0.9873
vn -0.1114 -0.0824 0.9904
vn 0.6835 -0.4146 0.6008
vn 0.6645 -0.2806 0.6926
vn 0.9388 -0.1812 -0.2929
vn 0.9686 -0.1805 -0.1711
vn 0.9584 0.0595 -0.2790
vn 0.3595 0.0194 0.9329
vn -0.2129 -0.5538 -0.8050
vn -0.4567 0.0276 0.8892
vn -0.4926 0.0060 0.8702
vn -0.3962 -0.0841 0.9143
vn -0.4359 -0.1063 0.8937
vn -0.5797 -0.1601 0.7990
vn 0.0128 -0.9379 0.3466
vn -0.0770 -0.8484 0.5237
vn 0.0165 -0.8726 0.4882
vn 0.0075 -0.9742 0.2254
vn -0.6597 -0.6064 -0.4438
vn -0.7144 -0.6714 -0.1971
vn -0.2319 -0.8584 -0.4577
vn -0.3049 -0.9052 -0.2961
vn -0.7826 0.3205 0.5336
vn -0.6413 -0.1303 0.7562
vn -0.8166 0.1088 0.5669
vn -0.7230 0.6899 0.0361
vn -0.8269 0.5432 0.1457
vn -0.6565 0.7498 0.0823
vn -0.9477 -0.0065 0.3192
vn -0.6251 0.7448 0.2335
vn -0.7945 0.5091 0.3311
vn -0.3687 -0.9291 0.0288
vn -0.3600 -0.9265 -0.1090
vn -0.0464 -0.9983 -0.0352
vn -0.9306 0.2572 0.2603
vn -0.8750 0.1823 0.4485
vn -0.7425 0.0838 0.6646
vn -0.6980 -0.0426 0.7148
vn -0.5983 -0.1567 0.7858
vn -0.8602 -0.0808 0.5035
vn -0.7829 -0.0625 0.6190
vn -0.8324 -0.0863 0.5475
vn -0.8371 -0.0602 0.5438
vn -0.8435 0.3947 0.3644
vn 0.0306 -0.9917 -0.1249
vn 0.7795 -0.0019 -0.6264
vn -0.6920 0.7192 0.0622
vn -0.3929 -0.0783 0.9162
vn -0.2149 -0.8694 0.4450
vn -0.7476 0.1687 0.6424
vn -0.6528 0.1586 0.7408
vn -0.2574 -0.8251 0.5030
vn 0.9137 0.3540 0.1995
vn 0.6564 -0.7166 0.2359
vn 0.6569 -0.7468 0.1033
vn 0.5932 -0.7912 -0.1491
vn 0.6702 -0.7127 -0.2071
vn -0.2019 -0.3995 -0.8942
vn 0.2012 -0.6616 -0.7223
vn -0.9238 -0.2126 0.3185
vn -0.9554 -0.0385 0.2927
vn -0.7463 0.0605 0.6629
vn -0.7388 -0.1699 0.6521
vn -0.7041 -0.0336 0.7093
vn -0.6499 -0.1370 0.7476
vn -0.7033 0.1348 0.6980
vn -0.5960 -0.3821 0.7063
vn -0.7458 -0.3011 0.5943
vn -0.9720 -0.2305 -0.0454
vn -0.9946 -0.0769 -0.0693
vn -0.8363 -0.3103 -0.4521
vn -0.8986 -0.4284 -0.0950
vn -0.8011 -0.3394 -0.4931
vn -0.9301 -0.3607 -0.0691
vn -0.9819 -0.1812 -0.0558
vn -0.8760 -0.2019 -0.4379
vn -0.7429 -0.2684 -0.6133
vn -0.1367 0.7109 -0.6898
vn -0.0170 0.6217 -0.7831
vn 0.3329 0.7897 -0.5153
vn 0.5523 0.7563 -0.3506
vn 0.4544 0.8261 -0.3333
vn -0.9388 -0.1356 -0.3167
vn -0.7327 -0.2555 -0.6307
vn -0.2846 0.1056 -0.9528
vn -0.5059 0.3411 -0.7923
vn -0.6026 0.1754 -0.7785
vn -0.4597 -0.1277 -0.8788
vn 0.4419 0.6750 -0.5909
vn -0.8354 -0.3454 0.4276
vn 0.7098 -0.7037 -0.0326
vn 0.9848 0.0669 -0.1602
vn 0.5603 -0.5374 0.6302
vn 0.3871 -0.1478 -0.9101
vn -0.2588 -0.0645 0.9638
vn -0.0234 -0.2075 0.9780
vn 0.1096 -0.9937 0.0216
vn 0.1573 -0.9875 -0.0099
vn 0.1626 -0.9863 -0.0272
vn 0.1257 -0.9912 0.0414
vn -0.0086 -0.9582 0.2858
vn -0.0253 -0.9983 0.0519
vn 0.1190 -0.9617 -0.2468
vn 0.0060 -0.9394 -0.3428
vn -0.4929 -0.6156 -0.6149
vn -0.5012 -0.8468 0.1782
vn -0.3017 -0.8203 0.4859
vn -0.2633 -0.3267 0.9077
vn -0.1529 -0.0420 0.9874
vn -0.0107 -0.0721 0.9973
vn -0.1595 -0.0039 0.9872
vn -0.2043 -0.2749 0.9395
vn -0.3358 -0.0768 0.9388
vn -0.1175 -0.5766 0.8085
vn -0.1100 -0.5100 0.8531
vn -0.0023 -0.6026 0.7980
vn 0.1027 -0.4812 0.8706
vn -0.0156 -0.2728 0.9619
vn -0.0787 -0.4124 0.9076
vn -0.0858 -0.6632 0.7435
vn -0.0426 -0.7072 0.7057
vn -0.6225 -0.1511 -0.7679
vn -0.4355 -0.0921 -0.8955
vn -0.4206 -0.1660 -0.8919
vn -0.0301 -0.4121 -0.9106
vn 0.1530 -0.7142 -0.6830
vn 0.0535 -0.7524 -0.6566
vn 0.0697 -0.0972 0.9928
vn -0.0330 -0.0926 0.9952
vn -0.9081 -0.2326 0.3483
vn -0.8452 -0.3618 0.3933
vn 0.0662 -0.1435 0.9874
vn 0.0490 -0.3786 -0.9243
vn 0.3740 -0.1133 -0.9205
vn 0.0271 -0.1601 -0.9867
vn -0.0871 -0.0777 0.9932
vn -0.2807 -0.1041 0.9541
vn 0.0994 -0.0730 0.9924
vn -0.5749 -0.1880 0.7963
vn -0.4825 -0.2437 0.8413
vn -0.4881 -0.4424 0.7524
vn -0.3090 -0.1237 0.9430
vn 0.0533 -0.0366 0.9979
vn -0.8013 0.2784 0.5296
vn -0.9752 -0.2206 0.0184
vn 0.0561 0.9942 0.0923
vn -0.9068 -0.2101 0.3656
vn -0.8542 -0.0645 0.5160
vn -0.8630 0.0489 0.5029
vn -0.5882 -0.0255 0.8083
vn -0.9530 -0.0919 0.2888
vn -0.8200 -0.1631 0.5487
vn -0.8805 -0.3322 0.3381
vn -0.8943 -0.2064 0.3970
vn -0.8278 -0.1696 0.5348
vn -0.7476 -0.1282 0.6516
vn -0.6771 -0.0297 0.7353
vn -0.1756 0.8439 -0.5070
vn -0.2761 0.7931 -0.5429
vn -0.6483 -0.0686 0.7583
vn -0.6148 -0.0316 0.7880
vn 0.0029 -0.7925 -0.6098
vn -0.0346 -0.5691 -0.8215
vn -0.7855 0.0974 0.6112
vn -0.8593 0.0717 0.5064
vn -0.2147 -0.0300 0.9762
vn -0.2325 -0.0700 0.9701
vn -0.4316 0.0157 0.9019
vn -0.1306 -0.1976 0.9715
vn 0.0396 -0.1529 0.9874
vn -0.1249 -0.2553 0.9588
vn -0.1348 -0.3765 0.9166
vn 0.8590 0.4884 0.1536
vn 0.8821 0.4689 0.0457
vn 0.9048 0.4136 0.1017
vn 0.8434 0.5266 0.1070
vn 0.8733 0.4784 -0.0921
vn 0.8510 0.4934 -0.1797
vn 0.8682 0.4259 -0.2545
vn 0.9044 0.4024 -0.1416
vn 0.8369 0.5314 -0.1313
vn 0.8747 0.4299 0.2240
vn 0.9717 0.1889 0.1416
vn 0.7750 0.1800 -0.6058
vn 0.9418 0.1800 -0.2839
vn 0.2553 0.3863 -0.8864
vn 0.6633 0.4722 -0.5805
vn 0.7372 0.5826 -0.3423
vn 0.9456 -0.1446 0.2914
vn 0.9449 0.1994 0.2596
vn 0.9793 -0.1398 0.1464
vn 0.0322 -0.0265 -0.9991
vn 0.4046 0.1172 -0.9070
vn 0.6933 0.6899 -0.2084
vn 0.7943 -0.1803 -0.5802
vn 0.8825 0.4702 0.0034
vn 0.8819 0.4699 -0.0390
vn 0.4829 -0.6510 -0.5856
vn 0.7613 0.5648 0.3186
vn 0.9759 0.1752 -0.1297
vn 0.8501 -0.0641 0.5227
vn 0.8422 0.2205 0.4921
vn 0.2191 -0.3349 -0.9164
vn 0.2212 -0.5849 -0.7804
vn 0.0028 -0.3208 -0.9471
vn 0.1003 -0.2685 -0.9580
vn 0.0826 -0.3012 -0.9500
vn -0.1704 -0.2138 -0.9619
vn -0.2099 -0.0677 -0.9754
vn -0.0311 0.0658 -0.9974
vn -0.0812 -0.3219 -0.9433
vn -0.6385 0.0438 -0.7684
vn -0.5553 -0.2481 -0.7938
vn -0.5947 0.3757 -0.7108
vn -0.6334 0.2714 -0.7246
vn 0.5758 0.7856 -0.2264
vn -0.7478 -0.0258 -0.6634
vn -0.6387 -0.2298 -0.7343
vn -0.2934 -0.0750 -0.9530
vn -0.1449 -0.3392 -0.9295
vn 0.5319 -0.6920 0.4881
vn 0.3160 -0.3785 0.8700
vn 0.5275 -0.0203 0.8493
vn -0.2544 -0.4731 -0.8435
vn 0.4546 0.1017 0.8849
vn 0.7180 0.4157 0.5584
vn -0.5732 0.0789 0.8156
vn -0.0943 0.4262 0.8997
vn -0.3599 -0.0895 0.9287
vn -0.5410 -0.3062 0.7833
vn -0.0641 -0.0343 0.9974
vn 0.2057 0.2212 0.9533
vn -0.6475 0.1519 0.7468
vn 0.9837 -0.1509 -0.0980
vn 0.4502 0.6112 0.6509
vn 0.5866 0.7282 0.3544
vn 0.4910 0.7939 0.3587
vn 0.6127 0.7539 0.2369
vn 0.7208 0.6618 0.2063
vn 0.3137 0.7560 0.5745
vn 0.9408 -0.1753 -0.2901
vn -0.1614 0.5989 0.7844
vn -0.7272 -0.2350 -0.6449
vn -0.6595 -0.3933 -0.6406
vn -0.8494 -0.4120 0.3297
vn -0.7655 -0.2616 0.5879
vn -0.6361 -0.4508 0.6262
vn -0.1563 -0.5745 0.8034
vn -0.1379 -0.7410 0.6572
vn -0.6016 -0.0072 0.7987
vn -0.6435 -0.0463 0.7640
vn -0.8215 -0.3659 -0.4374
vn -0.9330 -0.3531 -0.0696
vn -0.6673 -0.1995 0.7176
vn -0.6965 -0.3174 0.6435
vn -0.6204 -0.0212 0.7840
vn -0.3122 -0.3071 -0.8990
vn 0.0401 -0.1769 -0.9834
vn 0.0704 -0.7536 -0.6536
vn -0.3838 -0.4317 -0.8163
vn -0.0841 0.0205 0.9962
vn -0.1000 -0.1039 -0.9895
vn 0.1558 -0.4740 -0.8667
vn -0.1898 -0.0886 -0.9778
vn -0.2668 -0.0887 -0.9597
vn -0.3125 -0.1132 -0.9432
vn -0.1192 -0.1483 -0.9817
vn 0.0159 -0.8272 -0.5617
vn -0.1558 -0.0869 -0.9840
vn -0.0181 -0.8522 -0.5230
vn -0.0036 -0.9975 -0.0703
vn -0.2201 -0.9754 0.0143
vn -0.6470 -0.7621 -0.0246
vn -0.3935 -0.8426 -0.3678
vn 0.0661 -0.9778 -0.1990
vn -0.2850 -0.8270 -0.4845
vn -0.7520 -0.3391 0.5652
vn 0.0195 -0.5561 -0.8309
vn -0.4059 -0.2118 0.8890
vn -0.5663 -0.2787 0.7757
vn -0.7774 0.0952 -0.6218
vn -0.9644 -0.1172 -0.2371
vn 0.8631 0.0386 -0.5035
vn 0.8372 0.1124 -0.5353
vn 0.5111 -0.0148 -0.8594
vn -0.3111 0.0447 -0.9493
vn -0.2223 0.0151 -0.9749
vn 0.0003 0.0091 -1.0000
vn 0.1841 0.0397 -0.9821
vn 0.0138 -0.0293 -0.9995
vn -0.0509 0.0589 -0.9970
vn -0.0465 0.1713 -0.9841
vn 0.0598 -0.0886 -0.9943
vn 0.0646 0.2800 -0.9578
vn -0.3276 0.1807 -0.9274
vn -0.0734 0.1997 -0.9771
vn 0.1139 0.1471 -0.9825
vn -0.3356 0.4856 -0.8072
vn -0.7275 0.2777 -0.6274
vn -0.7680 0.0253 -0.6399
vn 0.9568 0.0031 0.2906
vn 0.9064 0.3253 0.2695
vn 0.8971 -0.0024 0.4417
vn 0.1506 -0.0254 -0.9883
vn -0.9624 0.1249 -0.2414
vn -0.8352 0.0430 -0.5482
vn -0.4829 -0.0971 -0.8703
vn -0.7136 0.3584 -0.6019
vn -0.9098 0.2106 -0.3575
vn -0.3286 0.0291 0.9440
vn -0.7231 0.3086 0.6180
vn -0.7173 0.3715 0.5895
vn -0.8478 0.4500 0.2804
vn -0.9081 0.2422 0.3415
vn -0.8277 0.4357 -0.3538
vn -0.3514 0.8257 -0.4412
vn -0.7192 0.1361 0.6814
vn -0.7583 0.0131 0.6518
vn -0.3313 0.5074 0.7954
vn -0.4849 -0.1050 0.8682
vn -0.3175 0.1690 0.9331
vn -0.9796 0.1138 0.1655
vn -0.9624 0.0981 0.2532
vn -0.8380 -0.0099 0.5456
vn -0.9706 0.1175 -0.2101
vn 0.4962 -0.0080 0.8682
vn 0.4246 0.1008 0.8998
vn 0.8272 0.0797 0.5562
vn 0.7618 0.2384 0.6024
vn 0.3098 0.1791 0.9338
vn 0.9487 0.1328 0.2869
vn -0.5177 -0.8517 0.0805
vn -0.6903 -0.7210 0.0603
vn -0.6819 -0.7296 0.0511
vn -0.0810 0.4989 -0.8629
vn 0.0340 0.3991 -0.9163
vn -0.0433 -0.0304 -0.9986
vn -0.0508 0.4140 0.9089
vn -0.1845 0.4446 0.8765
vn -0.2564 0.0083 0.9665
vn -0.0532 0.0516 0.9973
vn 0.3477 0.0092 0.9376
vn -0.0414 0.5430 0.8387
vn 0.0768 0.5779 0.8125
vn 0.0244 -0.2623 0.9647
vn -0.3206 -0.0031 0.9472
vn 0.0317 -0.0189 -0.9993
vn -0.1903 -0.1433 -0.9712
vn 0.7077 0.2741 0.6512
vn 0.7680 -0.0084 0.6404
vn 0.8908 0.2888 0.3507
vn 0.3528 0.0223 0.9354
vn 0.0982 0.0299 0.9947
vn 0.8989 0.2916 0.3271
vn -0.0642 0.1097 0.9919
vn -0.0396 0.0410 0.9984
vn 0.0625 0.1207 0.9907
vn -0.6908 -0.7230 0.0085
vn 0.0026 -1.0000 0.0010
vn 0.0026 -1.0000 0.0007
vn 0.0027 -1.0000 0.0006
vn 0.0026 -1.0000 0.0013
vn 0.0028 -1.0000 0.0019
vn 0.0025 -1.0000 0.0011
vn 0.4130 0.0293 -0.9103
vn 0.4167 0.1789 -0.8913
vn 0.8016 0.0293 -0.5971
vn 0.9399 -0.0080 0.3415
vn 0.9429 0.0030 -0.3332
vn 0.8855 0.2878 -0.3648
vn 0.7330 0.2509 -0.6323
vn -0.1969 0.2533 0.9471
vn 0.0029 0.3229 0.9464
vn -0.1209 0.1182 0.9856
vn 0.0039 -0.2938 0.9559
vn -0.0831 -0.1215 0.9891
vn -0.6089 0.5479 -0.5737
vn -0.0662 0.1342 0.9887
vn -0.2891 0.3355 0.8966
vn -0.2837 0.4588 0.8420
vn -0.2842 0.6338 -0.7194
vn -0.0877 0.5349 -0.8403
vn -0.1174 0.7891 -0.6029
vn 0.1420 -0.0908 -0.9857
vn 0.1045 0.3517 -0.9302
vn 0.1940 0.2944 -0.9358
vn 0.0421 0.4703 0.8815
vn 0.0372 0.3818 0.9235
vn -0.1435 0.6111 0.7784
vn -0.0387 0.7384 0.6733
vn 0.3291 0.2819 -0.9012
vn 0.3564 0.2179 -0.9086
vn 0.7438 0.3216 -0.5860
vn 0.5714 0.4186 -0.7059
vn -0.0343 0.3387 0.9403
vn -0.5203 0.6763 -0.5215
vn -0.5225 0.6581 -0.5421
vn -0.2168 0.6297 -0.7460
vn -0.4623 0.6779 -0.5716
vn -0.3109 0.8021 -0.5099
vn -0.4056 0.7849 -0.4684
vn 0.8159 0.4374 -0.3780
vn 0.0652 0.3859 0.9203
vn 0.0928 -0.1184 0.9886
vn -0.2694 -0.9630 -0.0087
vn -0.1455 -0.9894 -0.0051
vn -0.1280 -0.9917 0.0152
vn -0.2904 -0.9568 0.0105
vn 0.1542 0.0571 0.9864
vn 0.0701 0.0835 0.9940
vn 0.0231 0.6007 0.7992
vn 0.0726 0.5713 0.8175
vn 0.0608 0.0302 0.9977
vn -0.4708 -0.8816 0.0337
vn -0.4713 -0.8811 0.0398
vn -0.4647 -0.8848 0.0337
vn -0.4614 -0.8871 0.0146
vn -0.3918 -0.9201 -0.0006
vn -0.4226 -0.9060 0.0242
vn 0.0631 0.4377 -0.8969
vn -0.2420 0.5568 -0.7946
vn -0.1295 0.6216 -0.7726
vn -0.1654 0.5344 -0.8289
vn 0.0025 -1.0000 0.0012
vn -0.6517 -0.7580 -0.0278
vn -0.0137 -0.9999 0.0077
vn 0.9181 0.3356 -0.2110
vn 0.9740 0.0026 -0.2267
vn 0.8987 -0.0039 -0.4385
vn -0.7150 -0.6982 -0.0359
vn -0.1629 0.5239 -0.8361
vn -0.2173 0.5793 -0.7856
vn -0.1133 0.8493 -0.5156
vn -0.0089 0.4969 0.8678
vn -0.0928 0.0543 0.9942
vn -0.0914 0.8834 -0.4597
vn -0.1962 0.9045 -0.3787
vn -0.0803 0.9250 -0.3713
vn 0.0499 0.9415 -0.3333
vn 0.0090 0.8995 -0.4369
vn 0.0179 0.9625 -0.2707
vn -0.5093 0.7662 -0.3919
vn -0.6882 0.6575 -0.3066
vn 0.3232 0.2809 0.9037
vn 0.3442 0.2528 0.9042
vn 0.9102 0.3105 -0.2740
vn 0.6508 -0.0151 -0.7591
vn 0.3478 -0.0034 -0.9376
vn 0.5980 0.4390 0.6706
vn 0.7589 0.2925 0.5818
vn 0.8930 0.3088 0.3275
vn 0.8189 0.4226 0.3883
vn 0.1168 -0.9787 0.1691
vn 0.1685 -0.9753 0.1427
vn 0.6852 -0.0129 0.7283
vn 0.0017 -1.0000 0.0018
vn -0.3235 -0.0110 -0.9462
vn -0.2354 -0.0106 -0.9718
vn -0.2078 0.4791 -0.8528
vn -0.3598 0.1260 -0.9245
vn -0.4617 0.2717 -0.8444
vn -0.1910 0.4495 -0.8726
vn -0.6209 0.7294 -0.2871
vn -0.7045 0.4610 -0.5396
vn -0.2760 0.9282 -0.2495
vn 0.0019 0.9883 -0.1528
vn -0.0005 0.9551 -0.2963
vn -0.7668 0.5802 -0.2747
vn -0.2455 0.8496 -0.4669
vn -0.1808 0.7267 -0.6628
vn 0.0233 0.9046 -0.4257
vn -0.0404 0.9846 -0.1702
vn -0.1069 0.9250 0.3645
vn -0.1554 0.9737 0.1667
vn -0.0535 0.9815 0.1837
vn -0.3391 0.9147 0.2200
vn -0.8085 0.4983 0.3132
vn -0.6857 0.4524 0.5703
vn -0.0635 0.9935 0.0945
vn -0.3068 0.8348 0.4571
vn -0.0340 0.9901 0.1359
vn -0.0330 0.9645 0.2619
vn -0.1263 0.9317 -0.3405
vn -0.7660 0.2897 -0.5739
vn -0.9090 0.3067 -0.2821
vn -0.5634 0.7679 -0.3047
vn -0.0657 0.5941 0.8017
vn -0.1943 0.6303 0.7517
vn -0.4463 0.1751 0.8776
vn -0.2454 0.1682 0.9547
vn -0.1857 0.8884 0.4199
vn -0.3448 0.7976 0.4949
vn -0.2395 0.9601 0.1441
vn -0.4612 0.7360 0.4955
vn -0.5064 0.8419 0.1865
vn -0.4323 0.8683 0.2433
vn -0.2135 0.5673 0.7954
vn -0.5300 0.6367 0.5601
vn -0.5459 0.6735 0.4983
vn -0.2389 0.8793 -0.4120
vn -0.3292 0.1890 -0.9252
vn -0.4653 0.1835 -0.8659
vn -0.0501 0.5508 0.8331
vn -0.0710 0.6185 0.7826
vn -0.0053 0.6613 0.7501
vn 0.0348 0.5185 -0.8544
vn 0.1789 0.4512 -0.8743
vn 0.2618 0.0299 -0.9647
vn 0.0601 0.0731 -0.9955
vn 0.2220 0.0929 0.9706
vn -0.1429 0.5290 -0.8365
vn -0.1880 0.0619 -0.9802
vn -0.2866 0.2037 -0.9361
vn -0.1629 0.6447 -0.7469
vn 0.0715 0.6895 0.7208
vn 0.1718 0.3003 0.9383
vn 0.2021 -0.2334 -0.9511
vn -0.5778 0.7680 0.2763
vn -0.9081 0.3035 0.2885
vn -0.7761 0.2863 0.5619
vn -0.1187 0.5005 0.8576
vn -0.0708 0.8026 0.5924
vn -0.0614 0.8931 0.4456
vn -0.2232 0.6375 0.7374
vn -0.0937 0.5389 0.8371
vn -0.5770 0.7721 0.2663
vn -0.2013 0.6432 -0.7388
vn -0.0176 0.9433 0.3314
vn 0.0237 0.7995 0.6002
vn 0.0160 0.4432 -0.8963
vn -0.0148 -0.9996 0.0251
vn 0.0042 -0.9986 0.0535
vn -0.0955 -0.9945 0.0418
vn -0.2790 -0.9599 0.0264
vn 0.0930 -0.9950 0.0350
vn 0.1088 -0.9870 0.1183
vn 0.0575 -0.9966 0.0590
vn 0.0104 -0.9993 0.0365
vn 0.1861 -0.9727 0.1386
vn -0.0533 -0.9985 0.0133
vn 0.1202 -0.9911 0.0575
vn -0.0050 0.1726 0.9850
vn -0.4156 -0.9091 0.0287
vn 0.1478 0.0395 -0.9882
vn -0.0550 0.5581 -0.8280
vn -0.0139 0.0187 -0.9997
vn -0.1153 0.3825 -0.9167
vn -0.5773 0.5925 0.5619
vn -0.2668 0.0482 0.9625
vn 0.1267 0.0814 -0.9886
vn 0.4547 0.1251 -0.8818
vn -0.0438 -0.0435 0.9981
vn 0.1429 -0.0453 0.9887
vn 0.8564 -0.0149 0.5160
vn 0.9692 0.0688 0.2366
vn 0.4944 0.0434 -0.8681
vn 0.9620 0.0567 -0.2670
vn 0.9484 0.1521 -0.2780
vn 0.5167 -0.1057 0.8496
vn -0.2662 -0.0407 0.9630
vn -0.0585 -0.1061 0.9926
vn 0.1680 -0.1071 0.9800
vn -0.4590 0.1779 0.8704
vn -0.1577 0.1399 0.9775
vn -0.7176 0.1583 -0.6782
vn 0.1970 -0.0285 -0.9800
vn -0.3531 0.4613 -0.8140
vn -0.6853 0.6916 0.2283
vn 0.1890 -0.9810 0.0429
vn 0.7867 0.2356 -0.5706
vn 0.9103 0.2852 -0.3001
vn -0.3487 0.7876 0.5080
vn -0.0413 0.7367 -0.6749
vn -0.1873 0.8870 -0.4221
vn -0.1457 0.6087 -0.7799
vn -0.3459 0.7957 -0.4972
vn -0.1088 0.9238 -0.3672
vn -0.0180 0.9425 -0.3338
vn -0.0538 0.9809 -0.1869
vn -0.0724 0.8019 -0.5930
vn -0.0615 0.8922 -0.4475
vn -0.3071 0.8333 -0.4597
vn -0.4600 0.1755 -0.8704
vn -0.6853 0.4501 -0.5726
vn -0.2247 0.6354 -0.7388
vn 0.0214 0.7984 -0.6017
vn -0.5311 0.6334 -0.5628
vn -0.2140 0.5672 -0.7953
vn -0.5751 0.7722 -0.2700
vn -0.8086 0.4955 -0.3171
vn -0.0335 0.9638 -0.2644
vn -0.0955 0.5379 -0.8376
vn -0.2692 0.0460 -0.9620
vn 0.0630 -0.0862 0.9943
vn 0.1449 -0.0880 0.9855
vn 0.1067 0.3544 0.9290
vn -0.1126 0.3851 0.9160
vn -0.3512 0.4642 0.8131
vn -0.2823 0.6365 0.7178
vn -0.0119 0.4950 -0.8688
vn -0.0959 0.0521 -0.9940
vn -0.1212 0.4984 -0.8584
vn 0.0670 0.0813 -0.9944
vn 0.1513 0.0550 -0.9870
vn 0.0205 0.5992 -0.8004
vn 0.0705 0.5694 -0.8190
vn 0.3510 0.0201 -0.9362
vn 0.3422 0.2509 -0.9055
vn 0.0577 0.0279 -0.9979
vn -0.0375 0.3361 -0.9411
vn 0.0390 0.4683 -0.8827
vn 0.0640 0.3786 -0.9233
vn 0.0897 -0.1207 -0.9886
vn -0.0863 -0.1235 -0.9886
vn -0.1995 0.2523 -0.9469
vn 0.0344 0.3791 -0.9247
vn -0.0690 0.1316 -0.9889
vn -0.1608 0.5274 0.8343
vn -0.2150 0.5810 0.7850
vn -0.3208 -0.0088 0.9471
vn -0.0106 0.0210 0.9997
vn -0.0517 0.5606 0.8264
vn -0.2331 -0.0038 0.9725
vn -0.1996 0.6451 0.7375
vn -0.0902 0.8846 0.4575
vn 0.1506 0.0421 0.9877
vn -0.0852 0.5372 0.8391
vn -0.1889 0.4550 0.8702
vn 0.1966 0.2965 0.9346
vn 0.0191 0.4453 0.8952
vn -0.1154 0.7909 0.6010
vn -0.0435 0.1740 0.9838
vn -0.0704 0.2020 0.9769
vn 0.0008 -0.2961 -0.9551
vn -0.1111 0.8508 0.5136
vn 0.0096 0.9001 0.4357
vn -0.1411 0.5339 0.8337
vn 0.0377 0.5202 0.8532
vn 0.0699 0.6875 -0.7228
vn -0.0078 0.6598 -0.7514
vn -0.2076 0.4759 0.8546
vn -0.1619 0.6480 0.7442
vn -0.0525 0.5493 -0.8340
vn -0.0732 0.6171 -0.7835
vn -0.0681 0.5920 -0.8031
vn 0.7597 0.2919 -0.5811
vn 0.5980 0.4377 -0.6714
vn 0.3215 0.2790 -0.9049
vn 0.6507 -0.0133 0.7592
vn 0.5715 0.4200 0.7050
vn 0.3497 -0.0013 0.9369
vn 0.3309 0.2833 0.9001
vn -0.7169 -0.6963 0.0343
vn -0.6505 -0.7590 0.0264
vn -0.6821 -0.7294 -0.0529
vn 0.3076 0.1774 -0.9348
vn -0.0448 0.5404 -0.8402
vn 0.0756 0.5735 -0.8157
vn 0.0002 0.3202 -0.9473
vn 0.0510 0.9417 0.3325
vn 0.0235 0.9052 0.4243
vn -0.1790 0.7286 0.6611
vn -0.3577 0.1284 0.9250
vn -0.5459 0.6723 -0.5000
vn -0.5792 0.7653 -0.2807
vn -0.1949 0.6294 -0.7523
vn -0.5619 0.7706 0.3006
vn -0.5203 0.6781 0.5191
vn -0.6230 0.7292 0.2831
vn -0.5217 0.6607 0.5397
vn -0.9071 0.3022 -0.2929
vn -0.7753 0.2851 -0.5636
vn 0.2644 0.0326 0.9639
vn 0.2047 -0.2302 0.9514
vn 0.1814 0.4531 0.8728
vn 0.0662 0.4404 0.8954
vn 0.6855 -0.0145 -0.7279
vn 0.3457 0.0072 -0.9383
vn 0.0346 -0.0168 0.9993
vn 0.0365 0.4014 0.9152
vn 0.1697 0.2972 -0.9396
vn 0.2195 0.0944 -0.9710
vn -0.1854 0.0634 0.9806
vn -0.2839 0.2177 0.9338
vn 0.0207 -0.2647 -0.9641
vn 0.0631 0.0752 0.9952
vn -0.3254 0.1923 0.9258
vn -0.1266 0.6219 0.7728
vn -0.4638 0.1864 0.8661
vn -0.2159 0.6308 0.7453
vn -0.1558 0.9731 -0.1695
vn -0.2394 0.9597 -0.1471
vn -0.5065 0.8410 -0.1904
vn -0.4621 0.7337 -0.4981
vn -0.4325 0.8671 -0.2471
vn -0.0787 0.9263 0.3684
vn -0.2487 0.1625 -0.9548
vn -0.4485 0.1713 -0.8772
vn -0.9099 0.3080 0.2778
vn -0.7664 0.2914 0.5725
vn 0.0187 0.9632 0.2681
vn -0.1253 0.9327 0.3383
vn -0.0632 0.9933 -0.0969
vn 0.0002 0.9557 0.2943
vn -0.0403 0.9849 0.1684
vn -0.0347 0.9898 -0.1384
vn -0.2446 0.8513 0.4642
vn -0.2747 0.9294 0.2463
vn -0.3404 0.9133 -0.2236
vn 0.0024 0.9886 0.1508
vn -0.4607 0.2739 0.8443
vn -0.7050 0.4629 0.5373
vn -0.2410 0.5575 0.7944
vn -0.7665 0.5826 0.2704
vn -0.1633 0.5348 0.8290
vn 0.8199 0.4221 -0.3867
vn 0.7432 0.3218 0.5866
vn 0.8148 0.4383 0.3794
vn 0.9092 0.3110 0.2768
vn 0.0028 -1.0000 0.0002
vn 0.0017 -1.0000 0.0004
vn -0.6909 -0.7229 -0.0101
vn -0.6916 -0.7196 -0.0620
vn 0.8985 -0.0034 -0.4389
vn 0.9072 0.3256 -0.2664
vn 0.9175 0.3352 0.2143
vn 0.3584 0.2193 0.9074
vn 0.0678 0.2826 0.9568
vn -0.1870 0.4433 -0.8767
vn 0.8975 -0.0028 0.4409
vn 0.8942 0.3080 -0.3249
vn 0.1536 -0.0231 0.9879
vn 0.7688 -0.0098 -0.6395
vn 0.4144 0.0312 0.9096
vn 0.9411 -0.0089 -0.3379
vn 0.0593 0.1185 -0.9912
vn 0.8007 0.0305 0.5983
vn 0.7325 0.2516 0.6326
vn 0.4184 0.1804 0.8902
vn 0.8844 0.2879 0.3673
vn 0.8918 0.2888 -0.3482
vn 0.9416 0.0037 0.3367
vn -0.0951 -0.9947 -0.0400
vn -0.1282 -0.9917 -0.0136
vn -0.2786 -0.9601 -0.0255
vn -0.2904 -0.9569 -0.0096
vn -0.2856 0.4563 -0.8428
vn 0.1160 -0.9792 -0.1663
vn 0.1681 -0.9758 -0.1398
vn -0.2590 0.0059 -0.9659
vn -0.1948 0.9060 0.3758
vn -0.2696 -0.9629 0.0096
vn -0.1439 -0.9896 0.0074
vn -0.4612 0.6807 0.5692
vn -0.6085 0.5507 0.5713
vn -0.5152 -0.8533 -0.0809
vn 0.9730 0.0031 0.2307
vn 0.0026 -1.0000 0.0015
vn -0.0136 -0.9999 -0.0054
vn 0.0025 -1.0000 0.0008
vn -0.4710 -0.8815 -0.0339
vn -0.4227 -0.9060 -0.0241
vn -0.4616 -0.8870 -0.0147
vn -0.3919 -0.9200 0.0009
vn -0.4646 -0.8848 -0.0338
vn -0.4715 -0.8809 -0.0400
vn -0.3195 0.1663 -0.9329
vn -0.0673 0.1074 -0.9919
vn -0.2914 0.3327 -0.8969
vn -0.1240 0.1158 -0.9855
vn -0.6846 0.6908 -0.2327
vn -0.8471 0.4487 -0.2847
vn -0.5778 0.5897 -0.5643
vn -0.7169 0.3688 -0.5917
vn -0.6888 0.6588 0.3025
vn -0.8286 0.4372 0.3497
vn -0.7141 0.3609 0.5999
vn -0.3256 0.1834 0.9276
vn 0.0035 0.0113 0.9999
vn 0.0168 -0.0271 0.9995
vn -0.2198 0.0175 0.9754
vn -0.3093 0.0471 0.9498
vn -0.0477 0.0612 0.9970
vn 0.1869 0.0419 0.9815
vn 0.1998 -0.0262 0.9795
vn 0.1168 0.1493 0.9819
vn 0.1294 0.0836 0.9881
vn 0.8284 0.0787 -0.5546
vn 0.4952 -0.0100 -0.8687
vn 0.8577 -0.0162 -0.5139
vn 0.5159 -0.1080 -0.8498
vn 0.8619 0.0398 0.5055
vn 0.8361 0.1133 0.5368
vn 0.9609 0.0571 0.2709
vn 0.9474 0.1524 0.2814
vn 0.4953 0.0452 0.8675
vn 0.4560 0.1266 0.8809
vn 0.9498 0.1323 -0.2833
vn 0.9701 0.0682 -0.2328
vn -0.5092 0.7681 0.3883
vn -0.0785 0.5012 0.8618
vn -0.4047 0.7871 0.4654
vn -0.3097 0.8041 0.5074
vn -0.0532 0.4117 -0.9097
vn 0.1887 -0.9812 -0.0400
vn 0.1084 -0.9874 -0.1157
vn 0.0926 -0.9952 -0.0323
vn -0.2381 0.8808 0.4094
vn -0.1604 0.1368 -0.9775
vn -0.0403 -0.0282 0.9988
vn -0.1875 -0.1412 0.9721
vn -0.0559 0.0494 -0.9972
vn -0.3229 -0.0053 -0.9464
vn -0.4154 -0.9092 -0.0285
vn 0.1205 -0.9912 -0.0548
vn 0.0571 -0.9968 -0.0562
vn -0.0148 -0.9996 -0.0226
vn -0.0526 -0.9986 -0.0104
vn 0.0042 -0.9987 -0.0514
vn 0.0089 -0.9994 -0.0342
vn -0.0083 0.1703 -0.9854
vn 0.1858 -0.9731 -0.1359
vn 0.7080 0.2737 -0.6511
vn -0.9110 0.2118 0.3538
vn -0.7284 0.2798 0.6254
vn -0.7687 0.0268 0.6390
vn -0.7575 0.0118 -0.6527
vn -0.7219 0.3066 -0.6203
vn -0.9070 0.2411 -0.3454
vn -0.9714 0.1184 0.2058
vn -0.9633 0.1259 0.2371
vn -0.8364 0.0447 0.5462
vn 0.9580 0.0024 -0.2867
vn -0.7174 0.1604 0.6779
vn 0.5119 -0.0128 0.8589
vn 0.4231 0.0990 -0.9007
vn 0.7626 0.2378 -0.6016
vn -0.3505 0.7869 -0.5079
vn 0.7860 0.2361 0.5714
vn 0.9093 0.2854 0.3029
vn 0.1399 -0.0476 -0.9890
vn 0.1652 -0.1094 -0.9802
vn 0.0951 0.0277 -0.9951
vn -0.0471 -0.0457 -0.9978
vn -0.0429 0.0387 -0.9983
vn -0.3304 0.0268 -0.9435
vn -0.0616 -0.1082 -0.9922
vn 0.9000 0.2914 -0.3241
vn -0.7190 0.1345 -0.6819
vn -0.2684 -0.0429 -0.9624
vn -0.4818 -0.0951 0.8711
vn 0.0025 -1.0000 0.0014
vn -0.8368 -0.0111 -0.5474
vn -0.9613 0.0975 -0.2575
vn -0.3336 0.5054 -0.7958
vn -0.4859 -0.1067 -0.8675
vn -0.9789 0.1135 -0.1701
vn -0.3500 0.8270 0.4400
vn -0.3327 0.4873 0.8074
vn -0.5823 0.1712 0.7947
vn -0.5374 0.4344 0.7229
vn -0.7207 0.4129 0.5568
vn -0.9373 0.0815 0.3388
vn -0.8017 0.1189 0.5858
vn -0.8668 0.3878 0.3136
vn -0.2008 0.0937 0.9751
vn -0.1901 0.4024 0.8955
vn -0.3293 0.1522 0.9319
vn -0.3239 0.4124 0.8515
vn -0.9309 0.0800 -0.3564
vn -0.8775 0.3577 -0.3195
vn -0.8137 0.0827 -0.5754
vn -0.7471 0.3632 -0.5567
vn -0.5832 0.1475 -0.7988
vn -0.5388 0.4039 -0.7393
vn -0.9957 0.0888 -0.0266
vn -0.9265 0.3752 -0.0275
vn -0.9697 -0.2443 -0.0021
vn -0.9137 -0.2411 0.3271
vn -0.9099 -0.2130 -0.3558
vn -0.6071 -0.1709 0.7761
vn -0.8086 -0.2133 0.5483
vn -0.3123 0.1664 -0.9353
vn -0.3215 -0.1265 -0.9384
vn -0.6070 -0.2166 -0.7646
vn -0.1882 0.0959 -0.9774
vn -0.1802 -0.1380 -0.9739
vn -0.8011 -0.2240 -0.5550
vn -0.3849 -0.7474 -0.5416
vn -0.4974 -0.7546 -0.4280
vn -0.2307 -0.7174 0.6574
vn -0.3970 -0.7395 0.5436
vn 0.0161 -0.9993 0.0333
vn 0.8228 -0.1004 0.5594
vn 0.4495 -0.1608 0.8787
vn 0.4941 -0.3752 0.7843
vn -0.5113 -0.7637 0.3941
vn 0.0519 -0.9975 -0.0475
vn 0.0288 -0.9982 -0.0534
vn -0.2262 -0.7193 -0.6569
vn 0.0149 -0.9996 -0.0224
vn 0.5051 -0.3970 -0.7663
vn 0.1505 -0.0863 -0.9848
vn 0.4153 -0.1868 -0.8903
vn 0.0143 -0.9999 0.0095
vn -0.3315 -0.1225 0.9355
vn 0.0585 -0.8893 -0.4535
vn 0.1624 -0.3959 -0.9038
vn 0.2967 -0.7478 -0.5939
vn 0.0440 -0.8810 0.4711
vn 0.2931 -0.7282 0.6195
vn 0.1300 -0.4145 0.9007
vn 0.5171 -0.8558 0.0162
vn 0.8340 -0.1929 0.5169
vn -0.5673 -0.7906 0.2306
vn -0.6256 -0.7801 0.0014
vn -0.1958 -0.1363 0.9711
vn -0.0060 -0.9999 0.0143
vn -0.1131 -0.7584 0.6419
vn -0.1023 -0.7604 -0.6414
vn 0.1403 -0.1217 0.9826
vn 0.2018 -0.1025 -0.9741
vn 0.0266 -0.9996 -0.0081
vn 0.0494 -0.9986 0.0183
vn 0.1594 -0.1226 0.9796
vn 0.8506 -0.2014 -0.4857
vn 0.0280 -0.9996 0.0073
vn 0.8329 -0.1135 -0.5416
vn -0.5753 -0.7837 -0.2343
vn 0.0440 -0.9976 0.0538
vn 0.9187 0.1582 0.3620
vn -0.3080 0.4089 -0.8591
vn 0.9303 0.1697 -0.3250
vn -0.1818 0.4022 -0.8973
vn -0.2448 -0.3636 0.8988
vn -0.1763 -0.3535 0.9187
vn -0.2413 -0.0378 0.9697
vn -0.2465 -0.2574 0.9343
vn -0.7042 0.6733 0.2252
vn -0.0084 0.9998 -0.0198
vn -0.7622 0.6460 -0.0409
vn -0.6929 0.6707 -0.2645
vn 0.0088 0.9996 0.0272
vn -0.9970 -0.0653 -0.0411
vn -0.9461 -0.0459 0.3206
vn -0.9367 -0.3496 -0.0186
vn -0.9319 -0.0155 -0.3624
vn -0.8853 -0.3140 -0.3431
vn -0.7556 0.0955 -0.6480
vn -0.7121 -0.2871 -0.6407
vn -0.7740 -0.0266 0.6326
vn -0.8668 -0.3503 0.3549
vn -0.6608 -0.3761 0.6495
vn -0.2393 -0.2411 -0.9405
vn -0.3031 0.0641 -0.9508
vn -0.2148 0.2304 -0.9491
vn -0.2410 -0.0416 -0.9696
vn -0.1654 0.9860 0.0212
vn 0.2994 0.9541 0.0068
vn 0.2164 0.8403 -0.4971
vn -0.1132 0.8953 -0.4309
vn -0.4718 0.0489 -0.8803
vn -0.3888 -0.2496 -0.8868
vn -0.4227 -0.4361 -0.7945
vn -0.5321 -0.6025 -0.5949
vn -0.2154 -0.3665 -0.9052
vn -0.7334 -0.5528 -0.3957
vn -0.8121 -0.5835 -0.0104
vn -0.3191 0.1139 0.9409
vn -0.4848 0.0477 0.8733
vn -0.4328 -0.2948 0.8520
vn -0.1800 -0.3563 -0.9169
vn -0.2185 0.1870 0.9577
vn 0.3863 0.5245 0.7587
vn 0.6823 0.4420 0.5824
vn 0.7035 0.5379 0.4644
vn -0.5945 0.7113 -0.3750
vn 0.8661 0.3060 0.3953
vn -0.5931 0.7221 0.3561
vn 0.0053 0.9990 -0.0442
vn -0.7434 -0.5464 0.3858
vn -0.5891 -0.5310 0.6091
vn -0.4432 -0.4287 0.7873
vn -0.3474 0.8014 0.4869
vn 0.0642 0.9714 -0.2286
vn -0.0287 0.9567 0.2898
vn -0.2382 0.8648 -0.4420
vn 0.0815 0.9335 0.3492
vn 0.1573 0.2573 0.9534
vn 0.3555 0.3072 0.8827
vn 0.6840 0.4540 -0.5710
vn 0.3978 0.3018 -0.8664
vn 0.4111 0.5336 -0.7391
vn -0.3604 0.8416 -0.4023
vn 0.8669 0.3298 -0.3738
vn 0.7065 0.5550 -0.4391
vn 0.0568 0.4244 0.9037
vn -0.1950 0.8082 -0.5557
vn -0.1496 0.9876 0.0468
vn 0.1212 0.0377 0.9919
vn -0.1513 0.9703 -0.1887
vn -0.0241 0.9592 -0.2819
vn -0.2336 0.8256 0.5136
vn -0.2344 0.8771 0.4192
vn 0.1880 0.2912 -0.9380
vn 0.2031 0.8323 0.5158
vn -0.1093 0.8775 0.4670
vn 0.0605 0.4027 -0.9133
vn 0.1176 -0.0599 -0.9913
vn -0.3382 0.9325 -0.1269
vn -0.5896 0.7816 -0.2039
vn -0.6368 0.6945 -0.3348
vn -0.8872 0.2789 -0.3675
vn -0.7872 0.3182 -0.5282
vn -0.1971 -0.9732 -0.1187
vn -0.3689 -0.9131 -0.1735
vn -0.1336 -0.9827 -0.1281
vn 0.1957 -0.9381 -0.2858
vn 0.4182 -0.8675 -0.2695
vn 0.5321 -0.8322 0.1561
vn 0.4296 -0.8860 0.1747
vn -0.7109 -0.1442 -0.6883
vn -0.6839 -0.2464 -0.6867
vn -0.5115 -0.4519 -0.7309
vn -0.7771 -0.4524 -0.4376
vn -0.4780 -0.8000 -0.3626
vn -0.7121 0.6901 -0.1291
vn -0.7204 0.6862 -0.1009
vn -0.9425 0.2352 -0.2376
vn -0.2456 0.9671 -0.0667
vn -0.1677 0.9844 -0.0529
vn 0.0395 0.9979 -0.0510
vn -0.3083 0.9488 -0.0685
vn -0.8534 -0.4375 -0.2834
vn -0.1286 -0.9035 -0.4089
vn 0.2123 -0.8461 -0.4889
vn -0.0162 -0.8383 -0.5449
vn 0.4835 -0.8634 -0.1442
vn 0.1345 -0.9280 -0.3474
vn 0.0285 -0.9757 -0.2173
vn -0.1116 0.9901 -0.0853
vn 0.0116 0.9994 -0.0326
vn 0.3895 -0.8586 -0.3333
vn 0.1424 -0.9669 -0.2119
vn 0.6345 -0.7501 -0.1867
vn 0.8293 -0.4208 -0.3676
vn 0.7282 -0.4676 -0.5011
vn -0.9721 0.1732 -0.1580
vn -0.8878 -0.4116 -0.2060
vn 0.0332 0.9973 -0.0659
vn 0.1056 -0.9915 0.0760
vn -0.0379 -0.9798 -0.1963
vn 0.0319 -0.9782 -0.2054
vn 0.2373 -0.8492 0.4718
vn 0.3397 -0.6025 0.7223
vn 0.3614 -0.8072 0.4667
vn 0.4493 -0.8356 0.3162
vn 0.8724 -0.3345 0.3565
vn 0.3963 -0.9115 0.1103
vn 0.0354 -0.9945 0.0987
vn -0.0022 -0.9874 -0.1584
vn 0.2026 -0.9656 0.1631
vn 0.1496 -0.9493 0.2765
vn 0.0985 -0.9810 -0.1669
vn 0.1483 -0.9762 -0.1581
vn 0.4841 -0.8522 0.1988
vn -0.6495 0.6794 -0.3413
vn -0.4487 0.8593 -0.2454
vn -0.4384 0.8582 -0.2670
vn -0.7530 0.3767 -0.5396
vn -0.5605 -0.4911 -0.6668
vn -0.8408 0.4982 0.2119
vn -0.6490 0.7310 -0.2108
vn -0.7291 0.6413 -0.2391
vn -0.6976 -0.4079 -0.5891
vn 0.5614 -0.7283 0.3930
vn -0.2313 0.9593 -0.1621
vn 0.2951 -0.9155 0.2734
vn 0.4774 -0.7382 0.4767
vn -0.1265 -0.8712 -0.4744
vn -0.1352 -0.6571 0.7416
vn 0.8298 0.4187 0.3691
vn 0.6365 0.7642 0.1045
vn -0.0651 0.9903 0.1226
vn 0.6888 0.6183 0.3784
vn -0.7193 0.6774 0.1540
vn -0.6715 0.5460 0.5010
vn 0.6691 -0.6228 0.4056
vn 0.6117 -0.7214 0.3246
vn 0.8956 -0.4419 0.0521
vn -0.0678 0.9809 0.1824
vn -0.9475 0.2798 0.1550
vn -0.7465 0.1950 0.6361
vn -0.0047 0.7507 0.6606
vn -0.7671 0.6189 0.1691
vn 0.1660 -0.8034 0.5718
vn -0.3710 -0.8138 0.4473
vn 0.1869 -0.8858 0.4249
vn -0.7091 -0.7050 0.0124
vn -0.3806 -0.9224 -0.0657
vn -0.3893 -0.9157 0.1002
vn -0.2844 -0.8835 0.3722
vn 0.6565 0.7496 0.0848
vn 0.8861 0.4525 0.1002
vn 0.1924 -0.9794 0.0620
vn 0.2044 -0.9719 -0.1171
vn 0.6972 -0.7074 -0.1165
vn 0.0684 0.2490 0.9661
vn 0.8251 0.3002 0.4785
vn -0.9736 0.2117 0.0851
vn -0.6809 -0.7221 0.1223
vn 0.6973 -0.7157 0.0390
vn 0.8997 -0.4277 -0.0876
vn -0.0396 0.9944 0.0980
vn 0.7055 0.7060 0.0622
vn -0.0067 0.9949 0.1005
vn -0.7626 0.6341 0.1277
vn -0.0805 0.9891 0.1236
vn -0.8121 0.5702 0.1239
vn -0.8030 0.5768 0.1504
vn -0.9878 0.1419 0.0640
vn -0.7890 0.6007 0.1289
vn -0.9782 0.1690 0.1205
vn -0.9872 0.1361 0.0836
vn -0.3387 -0.9384 -0.0688
vn -0.3894 -0.9194 0.0549
vn 0.2043 -0.9764 0.0696
vn -0.7453 0.6640 -0.0596
vn -0.7565 0.6540 0.0064
vn 0.0442 0.9988 -0.0191
vn 0.7575 0.6524 0.0257
vn 0.7843 0.6194 -0.0354
vn -0.4343 -0.8953 0.0986
vn -0.3976 -0.9167 0.0395
vn -0.7274 -0.6852 0.0373
vn 0.1969 -0.9719 0.1290
vn 0.1655 -0.9844 0.0602
vn 0.0029 0.9914 0.1308
vn 0.7521 0.6489 0.1153
vn 0.0219 0.9988 0.0444
vn 0.1900 -0.9814 0.0263
vn 0.7181 -0.6888 0.0995
vn 0.8810 -0.4702 0.0531
vn 0.6886 -0.7196 0.0901
vn 0.8870 -0.4600 0.0410
vn -0.6778 -0.7351 -0.0153
vn -0.6525 -0.7560 -0.0529
vn -0.6624 -0.7491 0.0001
vn -0.5246 0.8391 -0.1437
vn 0.9203 0.3911 -0.0105
vn 0.1792 0.9825 -0.0508
vn 0.0578 0.9928 -0.1054
vn 0.6749 -0.7302 -0.1064
vn 0.6882 0.7207 0.0840
vn -0.0738 0.9805 0.1823
vn 0.9633 0.2599 0.0669
vn -0.9591 0.2809 -0.0351
vn -0.7373 0.6755 0.0138
vn -0.9745 0.2221 -0.0320
vn -0.9552 0.2959 0.0099
vn 0.0827 0.9958 0.0393
vn 0.1136 0.9848 0.1316
vn 0.8155 0.5787 -0.0101
vn 0.7003 0.7113 0.0609
vn -0.4423 -0.8928 0.0857
vn 0.1837 -0.9788 0.0905
vn 0.8952 -0.4457 0.0042
vn 0.7041 -0.7080 0.0547
vn 0.9273 -0.3672 0.0725
vn 0.9421 0.3349 -0.0178
vn 0.9421 0.3345 0.0242
vn 0.7479 0.3117 0.5861
vn 0.9386 0.3082 0.1552
vn 0.7200 0.5462 0.4281
vn 0.2692 0.9411 0.2047
vn -0.3516 0.9056 0.2374
vn -0.3475 0.8391 0.4185
vn 0.0906 0.9933 -0.0724
vn 0.2255 0.9714 -0.0739
vn 0.2542 0.9627 -0.0929
vn -0.7631 -0.6463 0.0071
vn -0.4341 -0.9005 -0.0254
vn 0.2969 -0.9546 0.0255
vn 0.0436 -0.9744 0.2205
vn 0.9032 0.2570 -0.3437
vn 0.9265 0.3244 -0.1905
vn 0.9674 -0.1707 -0.1872
vn 0.9199 -0.0846 -0.3829
vn -0.8275 0.5613 0.0119
vn -0.7982 0.5957 0.0893
vn -0.3177 0.9463 -0.0607
vn -0.9392 0.3328 0.0841
vn -0.7574 0.6424 0.1170
vn 0.7105 -0.6763 0.1945
vn 0.7980 -0.6015 -0.0371
vn 0.5119 -0.8400 0.1797
vn 0.0488 -0.9410 0.3348
vn 0.3254 -0.7939 0.5137
vn 0.3494 -0.8261 0.4422
vn -0.5219 -0.7676 0.3722
vn -0.6135 -0.7696 0.1771
vn -0.7690 -0.5737 0.2819
vn -0.0027 0.9939 -0.1099
vn -0.9747 0.2204 0.0364
vn -0.9441 0.3212 0.0748
vn -0.4626 0.8806 -0.1031
vn -0.0568 -0.9150 0.3994
vn -0.2234 -0.9539 0.2006
vn -0.1930 0.9498 0.2464
vn -0.1005 -0.9789 0.1780
vn -0.9060 0.4231 0.0111
vn -0.9995 0.0047 0.0305
vn -0.8173 -0.5564 0.1501
vn -0.1524 -0.9660 0.2088
vn -0.0656 0.9965 0.0521
vn -0.1283 -0.9853 0.1125
vn -0.1383 -0.8854 0.4438
vn -0.5913 -0.6888 0.4196
vn -0.1429 -0.9345 0.3260
vn -0.2101 -0.9692 0.1286
vn -0.1087 -0.9890 0.1003
vn -0.1036 0.7756 0.6227
vn -0.7206 0.6614 0.2082
vn -0.0023 0.9062 0.4228
vn 0.9304 0.3508 0.1064
vn 0.9957 -0.0921 0.0142
vn 0.9394 0.3066 0.1536
vn 0.3544 -0.8950 -0.2708
vn 0.6854 -0.7057 -0.1796
vn 0.6833 -0.7214 -0.1130
vn 0.9423 0.3267 0.0728
vn 0.2856 -0.9550 0.0801
vn 0.5550 -0.8300 0.0554
vn 0.2658 0.9637 -0.0266
vn 0.1591 0.9873 0.0040
vn 0.9948 -0.1010 -0.0147
vn 0.2860 0.9335 0.2164
vn 0.2815 0.9311 0.2318
vn 0.9907 -0.0840 0.1069
vn -0.8619 -0.4904 -0.1293
vn -0.9848 -0.1550 -0.0791
vn -0.9829 -0.1403 -0.1190
vn -0.2079 -0.8398 0.5015
vn -0.5678 -0.7526 0.3335
vn -0.2276 -0.9504 0.2122
vn -0.3307 0.4053 0.8523
vn 0.7510 0.5908 0.2949
vn -0.2484 -0.3614 0.8987
vn 0.7071 -0.3835 0.5941
vn 0.3576 -0.6595 0.6612
vn -0.8185 -0.5507 -0.1637
vn -0.3605 -0.9192 -0.1587
vn 0.0486 -0.8944 0.4447
vn -0.0589 -0.9675 0.2460
vn -0.1548 -0.9864 0.0552
vn 0.4263 -0.8214 0.3789
vn -0.0120 -0.9170 0.3987
vn -0.1092 -0.9902 0.0868
vn -0.2876 -0.7128 0.6397
vn 0.3102 -0.9496 -0.0464
vn 0.6495 -0.7576 -0.0646
vn 0.2760 -0.9551 -0.1076
vn -0.8887 -0.4442 -0.1138
vn -0.9962 -0.0792 -0.0370
vn -0.3919 -0.9192 -0.0385
vn 0.3128 -0.9426 -0.1170
vn 0.2894 -0.9542 -0.0759
vn -0.3344 -0.9271 -0.1691
vn -0.3663 -0.9246 -0.1051
vn -0.3795 -0.9090 -0.1723
vn 0.6006 0.5639 0.5668
vn 0.8085 0.2356 0.5393
vn 0.7245 0.5249 0.4468
vn -0.1229 -0.9804 -0.1537
vn 0.3098 -0.9482 0.0708
vn 0.2304 -0.9451 0.2319
vn 0.8104 -0.4261 0.4022
vn 0.8922 0.2150 0.3972
vn 0.0091 -0.8085 0.5884
vn -0.1690 -0.9844 -0.0490
vn -0.2093 -0.8343 0.5101
vn 0.2254 -0.3655 0.9031
vn -0.1461 0.9593 0.2416
vn 0.0371 0.9817 0.1867
vn -0.4259 0.9030 0.0560
vn -0.9639 0.2587 0.0632
vn -0.8747 0.3757 -0.3061
vn -0.9625 -0.1666 -0.2142
vn 0.6630 -0.4056 0.6293
vn -0.8900 -0.2320 -0.3924
vn -0.8829 -0.3067 -0.3556
vn -0.6786 -0.5628 -0.4719
vn -0.8549 0.4652 -0.2297
vn -0.8663 0.4849 -0.1198
vn -0.0902 -0.9737 -0.2092
vn 0.0102 -0.9626 -0.2708
vn 0.3866 -0.9217 -0.0322
vn -0.9351 0.3521 -0.0396
vn -0.2843 0.9587 -0.0085
vn 0.7963 0.4354 0.4199
vn 0.8746 0.1680 0.4548
vn 0.7439 0.5045 0.4382
vn 0.8755 -0.3911 0.2839
vn -0.9788 0.1961 -0.0593
vn -0.8746 -0.4659 -0.1339
vn -0.9014 -0.3925 -0.1829
vn -0.5706 0.8154 0.0973
vn -0.9125 0.3626 -0.1893
vn -0.9193 -0.2181 -0.3275
vn -0.9331 -0.1673 -0.3183
vn 0.1903 -0.7729 0.6053
vn -0.2745 0.9555 0.1085
vn 0.1161 0.9826 0.1450
vn 0.0760 0.9750 0.2086
vn -0.7561 -0.5156 -0.4030
vn -0.6392 -0.7571 -0.1351
vn 0.4290 0.3920 0.8138
vn 0.6357 0.5745 0.5157
vn 0.8444 0.2710 0.4621
vn 0.7197 0.5861 0.3721
vn 0.9111 0.2247 0.3455
vn -0.7116 -0.6869 -0.1477
vn 0.8502 0.1721 0.4976
vn -0.2444 0.6628 0.7078
vn -0.4771 0.3777 0.7935
vn -0.1811 -0.1310 0.9747
vn -0.8270 0.5535 0.0981
vn -0.3481 0.8933 0.2844
vn 0.0126 0.9375 0.3478
vn -0.9369 0.1537 -0.3140
vn -0.8500 0.2923 -0.4383
vn -0.5570 0.7683 0.3155
vn 0.8764 -0.4155 0.2433
vn 0.8161 -0.4756 0.3283
vn -0.6749 -0.6342 -0.3771
vn 0.8404 -0.4288 0.3315
vn 0.4057 -0.9115 -0.0675
vn -0.1453 0.8440 0.5163
vn 0.6340 0.2200 0.7414
vn 0.4723 0.5176 0.7135
vn 0.1598 0.2740 0.9483
vn 0.3575 0.1277 0.9251
vn -0.6059 0.7930 0.0635
vn -0.6485 0.7221 0.2409
vn -0.5336 0.7052 0.4668
vn 0.3316 -0.7011 0.6313
vn -0.3425 -0.7286 0.5932
vn -0.8699 0.4425 0.2179
vn -0.9120 -0.0045 0.4102
vn -0.6795 -0.4825 0.5527
vn -0.9411 -0.3244 -0.0956
vn -0.8218 -0.3840 -0.4209
vn -0.8170 -0.4361 -0.3772
vn -0.0567 -0.3312 0.9419
vn -0.8888 -0.1356 -0.4378
vn -0.9294 0.3210 -0.1823
vn -0.9104 0.1219 0.3953
vn -0.5074 -0.7173 -0.4774
vn -0.1896 0.9758 -0.1090
vn -0.4971 -0.8131 -0.3030
vn 0.5678 -0.8217 -0.0504
vn -0.7437 -0.5247 -0.4142
vn 0.8927 0.3992 0.2093
vn 0.9144 0.3675 0.1699
vn 0.2441 0.9325 0.2663
vn -0.5637 0.8145 0.1373
vn -0.5335 0.8282 0.1716
vn 0.8878 0.4445 0.1197
vn 0.2624 0.9392 0.2214
vn 0.2709 0.9260 0.2629
vn -0.8969 -0.4423 -0.0014
vn -0.9988 -0.0419 0.0269
vn 0.2609 0.9423 0.2096
vn 0.8699 0.4806 0.1107
vn -0.6364 0.7606 0.1285
vn -0.8401 0.5366 0.0791
vn -0.8331 0.5443 0.0985
vn 0.9890 -0.1093 0.0995
vn 0.3063 -0.9424 -0.1347
vn 0.6396 -0.7687 -0.0026
vn 1.0000 -0.0032 -0.0062
vn 0.9921 -0.0703 0.1041
vn -0.3570 0.8953 0.2666
vn 0.3521 -0.9360 -0.0053
vn 0.5271 -0.5159 0.6753
vn 0.3021 -0.7296 0.6135
vn 0.0132 -0.4316 0.9020
vn -0.3879 0.7316 0.5606
vn 0.2408 0.7594 0.6045
vn 0.1867 0.3022 0.9348
vn 0.9741 -0.0675 0.2158
vn 0.7615 0.0786 0.6433
vn 0.8660 0.4627 0.1895
vn -0.1275 -0.8333 0.5380
vn -0.4194 -0.6242 0.6592
vn 0.2764 0.9256 0.2587
vn 0.3562 0.8427 0.4037
vn -0.6167 0.4705 0.6312
vn -0.7313 -0.3606 0.5789
vn -0.2267 -0.9719 0.0630
vn -0.7351 -0.6767 0.0404
vn -0.3447 -0.8986 -0.2716
vn -0.8755 0.4523 0.1703
vn -0.5847 0.7914 0.1782
vn -0.7603 0.6467 0.0607
vn 0.0579 0.9875 0.1467
vn -0.9341 -0.3565 0.0186
vn -0.8980 0.4375 0.0460
vn -0.5775 0.8043 0.1396
vn 0.1027 0.9922 0.0700
vn 0.8846 0.4640 0.0460
vn 0.2005 0.9352 0.2920
vn -0.0460 0.9099 0.4124
vn 0.0239 0.9164 0.3995
vn 0.0163 0.9430 0.3323
vn 0.0102 0.9783 0.2068
vn 0.0364 0.9993 0.0079
vn -0.8735 -0.4715 -0.1209
vn -0.8807 -0.4639 -0.0953
vn -0.3637 -0.9150 -0.1744
vn 0.2795 -0.9465 -0.1611
vn 0.2915 -0.9513 -0.1002
vn 0.6234 -0.7791 -0.0667
vn 0.6290 -0.7747 0.0645
vn 0.5790 -0.8055 -0.1265
vn 0.5972 -0.7946 -0.1094
vn -0.3136 -0.7919 0.5239
vn -0.3523 -0.9356 0.0242
vn 0.2304 -0.8840 0.4068
vn 0.2759 -0.9608 0.0291
vn -0.7476 -0.5060 0.4302
vn 0.4313 -0.7217 0.5414
vn -0.2303 -0.5742 0.7856
vn 0.1133 0.5564 0.8232
vn 0.2458 0.9479 0.2028
vn 0.8493 0.5098 0.1371
vn -0.4526 0.8793 0.1483
vn -0.3836 0.9076 0.1704
vn 0.2499 0.9410 0.2281
vn -0.4250 0.8970 0.1215
vn 0.8128 0.5418 0.2140
vn -0.4529 -0.8870 0.0895
vn -0.0441 -0.9306 0.3635
vn -0.9506 0.3070 0.0451
vn -0.7896 -0.5956 0.1474
vn 0.3520 0.9136 0.2036
vn 0.5011 0.8382 0.2154
vn 0.7256 0.6799 -0.1065
vn 0.4533 0.8912 -0.0154
vn 0.7265 0.6871 -0.0091
vn -0.1298 -0.9868 -0.0965
vn -0.3990 -0.9069 -0.1353
vn -0.1806 -0.9832 -0.0271
vn -0.8177 -0.5518 -0.1639
vn -0.8539 -0.5107 -0.1003
vn -0.2800 -0.9417 -0.1866
vn 0.6990 -0.6285 0.3411
vn 0.4686 -0.8825 -0.0404
vn 0.4874 -0.8730 0.0180
vn 0.9526 -0.2898 -0.0926
vn 0.9623 -0.2558 -0.0928
vn 0.9502 0.2834 -0.1299
vn -0.0385 -0.9948 0.0948
vn 0.4913 0.8598 -0.1389
vn 0.5404 0.8393 -0.0592
vn 0.7162 -0.6190 -0.3223
vn 0.0106 -0.9993 -0.0367
vn 0.0222 -0.9993 0.0284
vn 0.1562 -0.9620 -0.2240
vn 0.0908 -0.9890 0.1170
vn 0.8838 -0.1269 -0.4503
vn 0.9214 0.1390 -0.3630
vn 0.8360 0.5120 -0.1976
vn 0.9666 0.0114 -0.2560
vn 0.9452 0.3172 -0.0775
vn 0.4256 -0.9028 -0.0621
vn 0.0602 -0.9947 -0.0831
vn 0.0625 -0.9962 -0.0611
vn 0.1220 -0.9910 0.0544
vn 0.9260 -0.1809 -0.3313
vn -0.2791 -0.6801 0.6779
vn -0.7993 -0.5694 0.1923
vn -0.6635 -0.3568 0.6576
vn -0.0756 -0.9690 0.2354
vn 0.4406 -0.8966 0.0449
vn 0.3000 -0.9508 0.0773
vn 0.4940 0.6936 0.5242
vn -0.0214 -0.9997 0.0072
vn -0.0246 -0.9955 0.0919
vn 0.4564 -0.8889 -0.0391
vn 0.9373 -0.3338 -0.1007
vn 0.9239 -0.3810 -0.0350
vn -0.3198 -0.9354 0.1510
vn 0.9767 0.2051 -0.0635
vn 0.6887 0.7008 0.1861
vn 0.9846 0.1737 0.0192
vn 0.9628 0.2473 -0.1088
vn 0.6475 0.7131 0.2688
vn -0.5613 0.5029 0.6573
vn -0.0842 0.8150 0.5733
vn 0.4493 0.2291 0.8635
vn -0.4175 0.8504 0.3201
vn 0.5812 0.7704 0.2623
vn 0.9077 -0.4194 -0.0083
vn -0.4696 0.8480 0.2459
vn 0.4763 0.8590 0.1878
vn 0.9666 0.2555 0.0219
vn -0.9872 -0.1558 -0.0329
vn -0.9697 -0.2417 0.0368
vn 0.3981 0.8971 0.1919
vn 0.9461 0.3230 -0.0212
vn -0.4812 0.8462 0.2289
vn 0.9832 0.1701 0.0667
vn -0.4354 -0.8467 0.3057
vn -0.4673 -0.8822 -0.0585
vn 0.0614 -0.9603 0.2720
vn 0.5016 -0.6860 0.5270
vn 0.8117 -0.5485 0.2006
vn 0.9233 0.2733 0.2697
vn 0.1551 -0.9879 0.0052
vn 0.8914 -0.4497 -0.0558
vn 0.2806 -0.9562 -0.0827
vn 0.3989 0.8163 0.4178
vn 0.8837 0.3352 0.3267
vn -0.8221 0.5261 0.2175
vn -0.8194 0.5561 0.1391
vn -0.8301 -0.5191 0.2037
vn -0.4428 -0.8701 -0.2165
vn 0.2186 -0.9660 -0.1381
vn -0.3714 -0.9199 -0.1256
vn 0.2333 -0.9665 -0.1070
vn 0.6492 -0.7581 -0.0625
vn 0.1448 -0.9888 -0.0370
vn -0.7309 -0.6752 0.0993
vn -0.4434 -0.8961 0.0211
vn 0.7345 -0.6714 0.0988
vn 0.9366 -0.3409 0.0804
vn 0.6452 -0.7588 -0.0898
vn 0.7230 -0.6907 0.0152
vn 0.7218 0.6837 0.1073
vn -0.7577 0.6390 0.1325
vn -0.8031 0.5820 0.1276
vn -0.9748 -0.1911 -0.1151
vn 0.3286 0.9014 0.2818
vn 0.2819 0.9290 0.2399
vn -0.3574 0.9099 0.2106
vn -0.6717 0.7288 0.1334
vn -0.4101 0.9057 0.1079
vn -0.7049 0.7090 0.0197
vn -0.5057 0.8552 0.1134
vn 0.7533 0.6127 -0.2390
vn -0.5240 0.8139 0.2510
vn 0.1871 -0.9809 -0.0524
vn 0.7255 -0.6882 0.0093
vn 0.9762 -0.2082 -0.0605
vn 0.2418 0.9695 -0.0393
vn 0.5188 0.8534 -0.0498
vn -0.1219 -0.9843 -0.1277
vn 0.5947 0.7899 -0.1493
vn 0.4697 0.8755 -0.1133
vn 0.9009 0.4333 -0.0242
vn 0.2266 0.9656 -0.1271
vn 0.1541 0.9712 -0.1816
vn 0.7145 0.6816 -0.1580
vn 0.9855 -0.1255 0.1140
vn 0.9900 -0.1213 -0.0714
vn 0.4446 0.8888 -0.1110
vn -0.2020 0.9686 -0.1452
vn -0.8486 -0.4994 -0.1747
vn 0.7194 0.5533 0.4199
vn 0.9166 -0.0563 0.3959
vn -0.9895 -0.1277 -0.0678
vn 0.8896 -0.4329 -0.1456
vn -0.6216 -0.7669 0.1595
vn -0.8081 -0.5131 0.2892
vn 0.9989 0.0471 0.0079
vn -0.6799 0.7077 0.1921
vn -0.9601 0.2531 0.1188
vn -0.6883 0.4655 0.5564
vn -0.5991 -0.7346 0.3185
vn -0.5083 -0.8326 0.2199
vn -0.0548 -0.9493 0.3096
vn -0.6682 0.7267 0.1591
vn -0.5975 -0.7993 -0.0640
vn -0.8091 -0.5868 -0.0334
vn -0.8364 -0.5312 -0.1351
vn 0.4025 -0.8845 0.2361
vn 0.4748 -0.8074 0.3503
vn 0.6717 0.4127 0.6153
vn 0.0179 0.5975 0.8017
vn -0.0458 -0.0138 0.9989
vn 0.0611 0.9594 0.2755
vn 0.8254 0.5342 0.1826
vn 0.1125 0.9641 0.2404
vn 0.8226 0.5477 0.1528
vn 0.9934 0.1048 0.0472
vn 0.9911 0.0920 0.0965
vn -0.9606 0.2779 -0.0005
vn -0.7186 0.6807 0.1422
vn -0.9783 0.2063 -0.0187
vn -0.9488 0.3135 0.0390
vn -0.6895 0.7070 0.1574
vn 0.4998 -0.8584 -0.1158
vn -0.0757 -0.9795 -0.1869
vn 0.4709 -0.8559 -0.2138
vn 0.7448 -0.6554 -0.1253
vn 0.7462 -0.6630 -0.0594
vn 0.4953 -0.8687 -0.0077
vn -0.0500 -0.9969 -0.0603
vn -0.6296 -0.7591 -0.1656
vn 0.0832 0.9603 0.2663
vn 0.1173 0.9563 0.2678
vn -0.6871 0.7103 0.1526
vn -0.9465 0.3227 0.0028
vn -0.6845 0.7153 0.1406
vn -0.9491 0.3110 0.0502
vn 0.1200 0.9791 0.1645
vn -0.7420 0.6704 -0.0010
vn 0.0546 0.9530 0.2979
vn -0.9742 0.2144 0.0703
vn -0.9143 0.2790 0.2936
vn 0.4990 -0.8568 -0.1302
vn 0.4918 -0.8687 -0.0589
vn -0.0538 -0.9792 -0.1955
vn 0.8595 0.4597 0.2235
vn 0.1108 0.9641 0.2415
vn 0.8338 0.5034 0.2268
vn 0.4568 -0.8847 -0.0924
vn 0.7314 -0.6804 -0.0451
vn 0.7511 -0.6570 -0.0642
vn -0.8435 -0.5111 -0.1655
vn -0.7954 -0.5868 -0.1516
vn -0.6040 -0.7576 -0.2474
vn 0.1174 0.9677 0.2230
vn -0.7291 0.6840 0.0229
vn 0.7604 -0.6489 -0.0258
vn -0.5775 -0.8094 -0.1064
vn -0.5764 -0.7895 -0.2109
vn -0.0661 -0.9930 -0.0979
vn -0.7619 -0.6369 -0.1181
vn -0.8269 -0.5493 -0.1202
vn -0.5867 -0.8086 -0.0429
vn 0.9895 0.0861 0.1163
vn 0.9962 -0.0108 0.0869
vn 0.7312 -0.6783 -0.0722
vn 0.4443 -0.8873 -0.1233
vn -0.7479 0.6569 0.0951
vn -0.9800 0.1915 -0.0550
vn -0.5374 -0.8303 -0.1477
vn -0.8551 -0.5167 -0.0420
vn -0.0649 -0.9858 -0.1551
vn 0.8932 0.4252 0.1466
vn 0.9932 -0.1070 0.0458
vn 0.9923 -0.1207 0.0291
vn 0.8875 0.4537 0.0808
vn -0.0579 -0.9983 -0.0054
vn 0.5077 -0.8615 -0.0032
vn -0.0153 -0.9991 -0.0405
vn -0.6199 -0.7837 -0.0385
vn -0.9749 0.2201 -0.0344
vn -0.7189 -0.6915 0.0701
vn -0.6962 -0.7179 0.0015
vn 0.8857 -0.4638 -0.0224
vn -0.3890 -0.9198 -0.0515
vn -0.9733 0.2135 0.0839
vn 0.1439 -0.9840 -0.1046
vn 0.6434 -0.7653 0.0194
vn 0.9664 0.2557 -0.0271
vn 0.9668 0.2556 0.0005
vn 0.8523 -0.5230 -0.0052
vn -0.7386 0.6719 0.0538
vn 0.9727 0.2318 -0.0151
vn -0.8464 -0.5190 0.1199
vn -0.7243 -0.6894 -0.0085
vn -0.8160 -0.5717 0.0849
vn -0.0075 -0.9909 0.1346
vn -0.5782 -0.8111 0.0878
vn 0.7895 -0.6135 -0.0181
vn 0.7355 0.1707 0.6557
vn -0.5532 -0.8098 -0.1952
vn -0.0705 -0.9532 -0.2941
vn -0.9651 0.2170 0.1464
vn 0.9493 0.3026 0.0847
vn 0.8737 -0.4730 -0.1132
vn 0.2057 -0.9747 -0.0877
vn 0.9366 0.3448 0.0632
vn 0.7338 0.6132 0.2924
vn 0.9609 0.1559 0.2288
vn 0.7430 -0.0043 0.6693
vn 0.9992 -0.0412 0.0002
vn -0.0716 -0.9799 -0.1862
vn -0.7876 -0.5933 -0.1667
vn -0.8976 0.4407 0.0078
vn -0.8021 -0.5882 -0.1034
vn 0.9853 0.1347 0.1047
vn 0.7780 0.5836 0.2325
vn -0.3664 -0.9250 -0.1010
vn -0.8545 -0.5169 0.0521
vn -0.8699 -0.4909 -0.0474
vn -0.9955 -0.0583 -0.0746
vn -0.5055 0.8447 0.1758
vn -0.7857 0.6161 0.0551
vn -0.9925 -0.1221 -0.0081
vn -0.9930 -0.0771 -0.0894
vn 0.1605 0.8194 0.5502
vn 0.7816 0.5968 0.1816
vn 0.9729 0.1937 0.1262
vn 0.9916 0.1225 0.0422
vn -0.6638 0.7199 0.2028
vn -0.6981 0.7084 0.1042
vn -0.4216 0.7407 0.5231
vn -0.7357 0.6762 0.0387
vn 0.6646 -0.7461 -0.0394
vn -0.8587 0.5125 0.0066
vn -0.4105 -0.8947 -0.1761
vn -0.8830 -0.4579 -0.1029
vn -0.3679 -0.9296 -0.0222
vn -0.8956 -0.4263 -0.1270
vn 0.2187 -0.9530 -0.2098
vn 0.2487 -0.9660 -0.0706
vn -0.8817 -0.4706 0.0353
vn -0.8923 -0.4511 -0.0164
vn -0.9964 -0.0774 -0.0347
vn 0.3567 -0.9339 -0.0262
vn -0.2663 -0.9618 -0.0637
vn -0.2620 -0.9408 -0.2151
vn -0.7997 0.5866 0.1278
vn -0.8004 -0.5755 -0.1678
vn -0.9762 -0.1924 -0.0996
vn 0.8587 0.4766 0.1885
vn 0.9342 -0.3541 0.0426
vn 0.8901 0.4254 0.1634
vn 0.3523 -0.9180 -0.1819
vn -0.3369 -0.9415 0.0034
vn 0.3211 -0.9469 -0.0157
vn 0.9182 -0.3934 0.0460
vn -0.3519 0.9043 0.2417
vn -0.4628 0.7167 0.5218
vn 0.3803 0.8886 0.2566
vn 0.8211 0.0211 0.5704
vn -0.8501 -0.4264 0.3091
vn -0.9871 -0.1593 0.0169
vn -0.6092 0.7506 0.2558
vn -0.6400 0.4992 0.5842
vn 0.1980 0.5277 0.8260
vn 0.8774 -0.4756 0.0633
vn -0.3857 -0.7748 0.5010
vn -0.0418 -0.0055 0.9991
vn -0.9418 0.3335 0.0432
vn 0.7227 -0.6899 0.0418
vn 0.8725 0.4410 0.2107
vn 0.9021 -0.4309 0.0225
vn -0.2734 0.9346 0.2275
vn 0.8934 -0.4492 0.0100
vn 0.8874 0.4161 0.1982
vn 0.3711 0.8949 0.2479
vn -0.9924 -0.1103 -0.0550
vn -0.9908 -0.1258 0.0500
vn -0.2944 0.9374 0.1862
vn 0.3799 0.8889 0.2560
vn -0.6190 0.7703 0.1532
vn 0.8902 0.3971 0.2235
vn 0.3142 0.9155 0.2512
vn 0.9228 0.3751 0.0878
vn 0.9175 -0.3921 -0.0667
vn 0.2638 0.9402 0.2156
vn -0.7681 0.6388 0.0445
vn -0.8153 -0.5768 -0.0508
vn -0.9876 -0.1566 0.0126
vn -0.8711 -0.4864 0.0676
vn -0.6301 0.7662 0.1261
vn 0.1716 -0.4914 0.8539
vn -0.9897 -0.1231 0.0731
vn 0.3071 -0.9353 -0.1760
vn -0.7914 -0.2878 0.5394
vn -0.9862 -0.1366 0.0939
vn 0.1436 -0.8257 -0.5455
vn -0.8115 -0.0403 0.5829
vn -0.0752 -0.8653 0.4956
vn 0.9895 0.0861 -0.1163
vn 0.9911 0.0920 -0.0965
vn 0.8338 0.5034 -0.2268
vn 0.8254 0.5342 -0.1826
vn 0.1173 0.9563 -0.2678
vn -0.8486 -0.4994 0.1747
vn -0.9895 -0.1277 0.0678
vn -0.9829 -0.1403 0.1190
vn -0.3344 -0.9271 0.1691
vn -0.3447 -0.8986 0.2716
vn 0.1436 -0.8257 0.5455
vn 0.2123 -0.8461 0.4889
vn -0.0162 -0.8383 0.5449
vn -0.9601 0.2531 -0.1188
vn -0.9418 0.3335 -0.0432
vn -0.6682 0.7267 -0.1591
vn -0.4384 0.8582 0.2670
vn -0.6495 0.6794 0.3413
vn -0.6368 0.6945 0.3348
vn 0.5321 -0.8322 -0.1561
vn 0.4835 -0.8634 0.1442
vn 0.4182 -0.8675 0.2695
vn -0.0548 -0.9493 -0.3096
vn -0.0752 -0.8653 -0.4956
vn 0.4748 -0.8074 -0.3503
vn 0.7227 -0.6899 -0.0418
vn 0.4025 -0.8845 -0.2361
vn -0.6883 0.4655 -0.5564
vn -0.8115 -0.0403 -0.5829
vn -0.8364 -0.5312 0.1351
vn -0.5975 -0.7993 0.0640
vn -0.6296 -0.7591 0.1656
vn -0.8091 -0.5868 0.0334
vn -0.5991 -0.7346 -0.3185
vn -0.5083 -0.8326 -0.2199
vn -0.0458 -0.0138 -0.9989
vn 0.4913 0.8598 0.1389
vn 0.7145 0.6816 0.1580
vn 0.4446 0.8888 0.1110
vn 0.7533 0.6127 0.2390
vn 0.9265 0.3244 0.1905
vn 0.9032 0.2570 0.3437
vn 0.1957 -0.9381 0.2858
vn -0.1265 -0.8712 0.4744
vn 0.0319 -0.9782 0.2054
vn 0.2951 -0.9155 -0.2734
vn 0.4774 -0.7382 -0.4767
vn 0.4296 -0.8860 -0.1747
vn 0.3316 -0.7011 -0.6313
vn 0.8764 -0.4155 -0.2433
vn 0.3963 -0.9115 -0.1103
vn 0.3521 -0.9360 0.0053
vn -0.0022 -0.9874 0.1584
vn -0.8500 0.2923 0.4383
vn -0.7109 -0.1442 0.6883
vn -0.7530 0.3767 0.5396
vn -0.6976 -0.4079 0.5891
vn -0.7872 0.3182 0.5282
vn -0.7291 0.6413 0.2391
vn 0.5614 -0.7283 -0.3930
vn -0.5074 -0.7174 0.4774
vn -0.5605 -0.4911 0.6668
vn -0.9862 -0.1366 -0.0939
vn -0.8545 -0.5169 -0.0521
vn -0.8699 -0.4909 0.0474
vn -0.7476 -0.5060 -0.4302
vn -0.3523 -0.9356 -0.0242
vn -0.9925 -0.1221 0.0081
vn -0.7914 -0.2878 -0.5394
vn -0.2303 -0.5742 -0.7856
vn -0.3136 -0.7919 -0.5239
vn -0.3475 0.8391 -0.4185
vn 0.1133 0.5564 -0.8232
vn -0.4216 0.7407 -0.5231
vn 0.9233 0.2733 -0.2697
vn 0.5016 -0.6860 -0.5270
vn 0.8211 0.0211 -0.5704
vn 0.6887 0.7008 -0.1861
vn 0.4940 0.6936 -0.5242
vn 0.5011 0.8382 -0.2154
vn -0.0385 -0.9948 -0.0948
vn -0.0214 -0.9997 -0.0072
vn 0.4686 -0.8825 0.0404
vn 0.3523 -0.9180 0.1819
vn 0.3071 -0.9353 0.1760
vn -0.2800 -0.9417 0.1866
vn 0.3567 -0.9339 0.0262
vn 0.9175 -0.3921 0.0667
vn 0.8914 -0.4497 0.0558
vn 0.2806 -0.9562 0.0827
vn -0.3714 -0.9199 0.1256
vn 0.9182 -0.3934 -0.0460
vn 0.8587 0.4766 -0.1885
vn 0.2819 0.9290 -0.2399
vn 0.2638 0.9402 -0.2156
vn -0.2620 -0.9408 0.2151
vn 0.8896 -0.4329 0.1456
vn 0.9666 0.2555 -0.0219
vn -0.4673 -0.8822 0.0585
vn 0.1551 -0.9879 -0.0052
vn 0.2186 -0.9660 0.1381
vn 0.8774 -0.4756 -0.0633
vn 0.8117 -0.5485 -0.2006
vn -0.4354 -0.8467 -0.3057
vn -0.3857 -0.7748 -0.5010
vn -0.0418 -0.0055 -0.9991
vn 0.1980 0.5277 -0.8260
vn -0.4628 0.7167 -0.5218
vn 0.0614 -0.9603 -0.2720
vn -0.3369 -0.9415 -0.0034
vn -0.2663 -0.9618 0.0637
vn -0.8153 -0.5768 0.0508
vn -0.9876 -0.1566 -0.0126
vn -0.8711 -0.4864 -0.0676
vn -0.7681 0.6388 -0.0445
vn -0.7997 0.5866 -0.1278
vn -0.5240 0.8139 -0.2510
vn -0.5057 0.8552 -0.1134
vn -0.7049 0.7090 -0.0197
vn -0.8817 -0.4706 -0.0353
vn -0.9897 -0.1231 -0.0731
vn 0.3711 0.8949 -0.2479
vn 0.8725 0.4410 -0.2107
vn 0.8874 0.4161 -0.1982
vn -0.9908 -0.1258 -0.0500
vn 0.7256 0.6799 0.1065
vn 0.9502 0.2834 0.1299
vn 0.9628 0.2473 0.1088
vn 0.9832 0.1701 -0.0667
vn 0.6475 0.7131 -0.2688
vn 0.9846 0.1737 -0.0192
vn -0.4101 0.9057 -0.1079
vn -0.6717 0.7288 -0.1334
vn 0.3142 0.9155 -0.2512
vn 0.9228 0.3751 -0.0878
vn 0.8901 0.4254 -0.1634
vn 0.3981 0.8971 -0.1919
vn 0.9461 0.3230 0.0212
vn 0.4533 0.8912 0.0154
vn 0.2255 0.9714 0.0739
vn 0.2658 0.9637 0.0266
vn 0.2542 0.9627 0.0929
vn -0.5613 0.5029 -0.6573
vn -0.0842 0.8150 -0.5733
vn -0.4175 0.8504 -0.3201
vn -0.2791 -0.6801 -0.6779
vn 0.1716 -0.4914 -0.8539
vn -0.6635 -0.3568 -0.6576
vn -0.8221 0.5261 -0.2175
vn -0.3198 -0.9354 -0.1510
vn -0.0756 -0.9690 -0.2354
vn 0.0486 -0.8944 -0.4447
vn -0.7993 -0.5694 -0.1923
vn 0.4263 -0.8214 -0.3789
vn 0.5550 -0.8300 -0.0554
vn 0.2856 -0.9550 -0.0801
vn 0.5812 0.7704 -0.2623
vn 0.6990 -0.6285 -0.3411
vn -0.0246 -0.9955 -0.0919
vn -0.1092 -0.9902 -0.0868
vn 0.9526 -0.2898 0.0926
vn 0.8837 0.3352 -0.3267
vn 0.4493 0.2291 -0.8635
vn 0.9394 0.3066 -0.1536
vn 0.9166 -0.0563 -0.3959
vn 0.9021 -0.4309 -0.0225
vn 0.9342 -0.3541 -0.0426
vn 0.3211 -0.9469 0.0157
vn -0.3679 -0.9296 0.0222
vn -0.4812 0.8462 -0.2289
vn 0.8934 -0.4492 -0.0100
vn 0.3799 0.8889 -0.2560
vn 0.8902 0.3971 -0.2235
vn -0.6190 0.7703 -0.1532
vn -0.6301 0.7662 -0.1261
vn -0.2944 0.9374 -0.1862
vn 0.3286 0.9014 -0.2818
vn -0.8956 -0.4263 0.1270
vn -0.8830 -0.4579 0.1029
vn -0.9924 -0.1103 0.0550
vn -0.2734 0.9346 -0.2275
vn -0.3574 0.9099 -0.2106
vn -0.8177 -0.5518 0.1639
vn 0.2487 -0.9660 0.0706
vn -0.8301 -0.5191 -0.2037
vn -0.8501 -0.4264 -0.3091
vn -0.8923 -0.4511 0.0164
vn -0.4428 -0.8701 0.2165
vn 0.2187 -0.9530 0.2098
vn -0.4105 -0.8947 0.1761
vn -0.8004 -0.5755 0.1678
vn -0.9762 -0.1924 0.0996
vn 0.3803 0.8886 -0.2566
vn -0.8539 -0.5107 0.1003
vn -0.3519 0.9043 -0.2417
vn -0.6092 0.7506 -0.2558
vn -0.9964 -0.0774 0.0347
vn -0.8587 0.5125 -0.0066
vn -0.5637 0.8145 -0.1373
vn -0.5335 0.8282 -0.1716
vn 0.2692 0.9411 -0.2047
vn 0.1605 0.8194 -0.5502
vn 0.3102 -0.9496 0.0464
vn -0.3919 -0.9192 0.0385
vn -0.3663 -0.9246 0.1051
vn 0.2760 -0.9551 0.1076
vn 0.5790 -0.8055 0.1265
vn 0.6495 -0.7576 0.0646
vn 0.6234 -0.7791 0.0667
vn 0.5972 -0.7946 0.1094
vn 0.2795 -0.9465 0.1611
vn -0.4250 0.8970 -0.1215
vn 0.2458 0.9479 -0.2028
vn 0.2499 0.9410 -0.2281
vn -0.3836 0.9076 -0.1704
vn -0.7357 0.6762 -0.0387
vn 0.3128 -0.9426 0.1170
vn 0.2894 -0.9542 0.0759
vn -0.3605 -0.9192 0.1587
vn -0.8887 -0.4442 0.1138
vn -0.3795 -0.9090 0.1723
vn 0.3063 -0.9424 0.1347
vn -0.8969 -0.4423 0.0014
vn -0.5055 0.8447 -0.1758
vn 0.2441 0.9325 -0.2663
vn 0.9989 0.0471 -0.0079
vn 0.8493 0.5098 -0.1371
vn 0.8699 0.4806 -0.1107
vn -0.8976 0.4407 -0.0078
vn -0.6364 0.7606 -0.1285
vn -0.8331 0.5443 -0.0985
vn 0.4709 -0.8559 0.2138
vn -0.0705 -0.9532 0.2941
vn -0.0757 -0.9795 0.1869
vn -0.0716 -0.9799 0.1862
vn -0.0649 -0.9858 0.1551
vn -0.0538 -0.9792 0.1955
vn 0.4990 -0.8568 0.1302
vn 0.1108 0.9641 -0.2415
vn -0.7186 0.6807 -0.1422
vn -0.7479 0.6569 -0.0951
vn -0.0500 -0.9969 0.0603
vn 0.0611 0.9594 -0.2755
vn 0.6717 0.4127 -0.6153
vn 0.0179 0.5975 -0.8017
vn 0.4953 -0.8687 0.0077
vn 0.7462 -0.6630 0.0594
vn -0.5532 -0.8098 0.1952
vn -0.6040 -0.7576 0.2474
vn -0.8435 -0.5111 0.1655
vn -0.6845 0.7153 -0.1406
vn 0.0546 0.9530 -0.2979
vn -0.6871 0.7103 -0.1526
vn -0.9465 0.3227 -0.0028
vn -0.9491 0.3110 -0.0502
vn 0.0832 0.9603 -0.2663
vn -0.9748 -0.1911 0.1151
vn -0.9871 -0.1593 -0.0169
vn -0.6400 0.4992 -0.5842
vn -0.8031 0.5820 -0.1276
vn 0.2815 0.9311 -0.2318
vn 0.2709 0.9260 -0.2629
vn -0.8194 0.5561 -0.1391
vn -0.4696 0.8480 -0.2459
vn -0.6981 0.7084 -0.1042
vn -0.3516 0.9056 -0.2374
vn 0.8878 0.4445 -0.1197
vn 1.0000 -0.0032 0.0062
vn 0.2609 0.9423 -0.2096
vn 0.2624 0.9392 -0.2214
vn 0.8128 0.5418 -0.2140
vn 0.9916 0.1225 -0.0422
vn 0.9729 0.1937 -0.1262
vn 0.7816 0.5968 -0.1816
vn -0.8185 -0.5507 0.1637
vn -0.7857 0.6161 -0.0551
vn -0.9962 -0.0792 0.0370
vn -0.9988 -0.0419 -0.0269
vn -0.3637 -0.9150 0.1744
vn -0.8735 -0.4715 0.1209
vn -0.3664 -0.9250 0.1010
vn -0.9930 -0.0771 0.0894
vn -0.8401 0.5366 -0.0791
vn 0.8660 0.4627 -0.1895
vn 0.8846 0.4640 -0.0460
vn 0.1027 0.9922 -0.0700
vn 0.9423 0.3267 -0.0728
vn 0.9144 0.3675 -0.1699
vn 0.9948 -0.1010 0.0147
vn 0.9890 -0.1093 -0.0995
vn 0.6646 -0.7461 0.0394
vn -0.4526 0.8793 -0.1483
vn 0.6396 -0.7687 0.0026
vn -0.6638 0.7199 -0.2028
vn -0.8807 -0.4639 0.0953
vn 0.2915 -0.9513 0.1002
vn 0.9386 0.3082 -0.1552
vn 0.2759 -0.9608 -0.0291
vn 0.7200 0.5462 -0.4281
vn -0.9955 -0.0583 0.0746
vn 0.6290 -0.7747 -0.0645
vn 0.9992 -0.0412 -0.0002
vn 0.8875 0.4537 -0.0808
vn -0.5782 -0.8111 -0.0878
vn -0.8551 -0.5167 0.0420
vn -0.6199 -0.7837 0.0385
vn -0.9749 0.2201 0.0344
vn -0.7420 0.6704 0.0010
vn -0.7291 0.6840 -0.0229
vn -0.9742 0.2144 -0.0703
vn -0.7603 0.6467 -0.0607
vn 0.7314 -0.6804 0.0451
vn 0.7895 -0.6135 0.0181
vn 0.5077 -0.8615 0.0032
vn 0.1200 0.9791 -0.1645
vn -0.5775 -0.8094 0.1064
vn -0.0661 -0.9930 0.0979
vn -0.5764 -0.7895 0.2109
vn -0.8021 -0.5882 0.1034
vn -0.9783 0.2063 0.0187
vn -0.5374 -0.8303 0.1477
vn 0.4443 -0.8873 0.1233
vn 0.4918 -0.8687 0.0589
vn -0.6895 0.7070 -0.1574
vn 0.7312 -0.6783 0.0722
vn 0.7604 -0.6489 0.0258
vn -0.7876 -0.5933 0.1667
vn 0.7780 0.5836 -0.2325
vn 0.7338 0.6132 -0.2924
vn 0.9609 0.1559 -0.2288
vn 0.8226 0.5477 -0.1528
vn 0.9934 0.1048 -0.0472
vn 0.9853 0.1347 -0.1047
vn 0.4998 -0.8584 0.1158
vn 0.7448 -0.6554 0.1253
vn 0.1125 0.9641 -0.2404
vn -0.7954 -0.5868 0.1516
vn -0.0027 0.9939 0.1099
vn 0.0906 0.9933 0.0724
vn 0.1591 0.9873 -0.0040
vn -0.0075 -0.9909 -0.1346
vn 0.3021 -0.7296 -0.6135
vn -0.1383 -0.8854 -0.4438
vn -0.5913 -0.6888 -0.4196
vn 0.0364 0.9993 -0.0079
vn -0.1429 -0.9345 -0.3260
vn 0.5119 -0.8400 -0.1797
vn -0.8980 0.4375 -0.0460
vn -0.7619 -0.6369 0.1181
vn 0.0579 0.9875 -0.1467
vn 0.9923 -0.1207 -0.0291
vn -0.9143 0.2790 -0.2936
vn -0.7206 0.6614 -0.2082
vn 0.9741 -0.0675 -0.2158
vn 0.7430 -0.0043 -0.6693
vn -0.8160 -0.5717 -0.0849
vn -0.5867 -0.8086 0.0429
vn 0.5678 -0.8217 0.0504
vn -0.0153 -0.9991 0.0405
vn 0.7980 -0.6015 0.0371
vn -0.0579 -0.9983 0.0054
vn -0.4343 -0.8953 -0.0986
vn -0.7631 -0.6463 -0.0071
vn -0.7274 -0.6852 -0.0373
vn 0.2057 -0.9747 0.0877
vn -0.3806 -0.9224 0.0657
vn 0.2044 -0.9719 0.1171
vn 0.0395 0.9979 0.0510
vn 0.0332 0.9973 0.0659
vn 0.2418 0.9695 0.0393
vn 0.8870 -0.4600 -0.0410
vn 0.7181 -0.6888 -0.0995
vn 0.6886 -0.7196 -0.0901
vn 0.1969 -0.9719 -0.1290
vn 0.0219 0.9988 -0.0444
vn 0.7575 0.6524 -0.0257
vn 0.7521 0.6489 -0.1153
vn -0.7577 0.6390 -0.1325
vn 0.0029 0.9914 -0.1308
vn -0.3387 -0.9384 0.0688
vn -0.6525 -0.7560 0.0529
vn -0.7091 -0.7050 -0.0124
vn 0.6749 -0.7302 0.1064
vn 0.7041 -0.7080 -0.0547
vn 0.7055 0.7060 -0.0622
vn 0.9421 0.3345 -0.0242
vn 0.7003 0.7113 -0.0609
vn 0.2043 -0.9764 -0.0696
vn 0.7345 -0.6714 -0.0988
vn -0.7189 -0.6915 -0.0701
vn -0.3894 -0.9194 -0.0549
vn -0.4423 -0.8928 -0.0857
vn 0.1837 -0.9788 -0.0905
vn -0.4341 -0.9005 0.0254
vn 0.1439 -0.9840 0.1046
vn -0.3976 -0.9167 -0.0395
vn -0.3890 -0.9198 0.0515
vn 0.7510 0.5908 -0.2949
vn 0.7355 0.1707 -0.6557
vn 0.9727 0.2318 0.0151
vn 0.8155 0.5787 0.0101
vn 0.1136 0.9848 -0.1316
vn 0.6452 -0.7588 0.0898
vn 0.8857 -0.4638 0.0224
vn 0.8523 -0.5230 0.0052
vn 0.9633 0.2599 -0.0669
vn 0.9668 0.2556 -0.0005
vn 0.9366 0.3448 -0.0632
vn 0.7218 0.6837 -0.1073
vn 0.9493 0.3026 -0.0847
vn 0.0442 0.9988 0.0191
vn -0.7565 0.6540 -0.0064
vn -0.9745 0.2221 0.0320
vn -0.7453 0.6640 0.0596
vn 0.7843 0.6194 0.0354
vn 0.6434 -0.7653 -0.0194
vn 0.9366 -0.3409 -0.0804
vn 0.7230 -0.6907 -0.0152
vn 0.1448 -0.9888 0.0370
vn 0.1900 -0.9814 -0.0263
vn 0.9273 -0.3672 -0.0725
vn 0.8952 -0.4457 -0.0042
vn -0.9552 0.2959 -0.0099
vn -0.7386 0.6719 -0.0538
vn -0.7373 0.6755 -0.0138
vn 0.8737 -0.4730 0.1132
vn 0.0827 0.9958 -0.0393
vn 0.6972 -0.7074 0.1165
vn 0.6882 0.7207 -0.0840
vn 0.9421 0.3349 0.0178
vn 0.9203 0.3911 0.0105
vn 0.8997 -0.4277 0.0876
vn 0.6565 0.7496 -0.0848
vn -0.8030 0.5768 -0.1504
vn -0.8121 0.5702 -0.1239
vn -0.0805 0.9891 -0.1236
vn -0.6624 -0.7491 -0.0001
vn -0.9872 0.1361 -0.0836
vn -0.7890 0.6007 -0.1289
vn -0.7626 0.6341 -0.1277
vn -0.9651 0.2170 -0.1464
vn -0.6962 -0.7179 -0.0015
vn -0.4434 -0.8961 -0.0211
vn -0.9782 0.1690 -0.1205
vn -0.9733 0.2135 -0.0839
vn -0.0067 0.9949 -0.1005
vn -0.0396 0.9944 -0.0980
vn 0.3576 -0.6595 -0.6612
vn -0.2079 -0.8398 -0.5015
vn -0.0441 -0.9306 -0.3635
vn -0.4529 -0.8870 -0.0895
vn -0.7243 -0.6894 0.0085
vn -0.5678 -0.7526 -0.3335
vn -0.2876 -0.7128 -0.6397
vn -0.2484 -0.3614 -0.8987
vn -0.3307 0.4053 -0.8523
vn 0.8595 0.4597 -0.2235
vn 0.9932 -0.1070 -0.0458
vn 0.9962 -0.0108 -0.0869
vn 0.8932 0.4252 -0.1466
vn -0.6799 0.7077 -0.1921
vn 0.1174 0.9677 -0.2230
vn 0.4568 -0.8847 0.0924
vn -0.8081 -0.5131 -0.2892
vn -0.7896 -0.5956 -0.1474
vn -0.6216 -0.7669 -0.1595
vn -0.6135 -0.7696 -0.1771
vn -0.8173 -0.5564 -0.1501
vn -0.8464 -0.5190 -0.1199
vn -0.2276 -0.9504 -0.2122
vn -0.7574 0.6424 -0.1170
vn -0.9506 0.3070 -0.0451
vn -0.0738 0.9805 -0.1823
vn -0.7671 0.6189 -0.1691
vn 0.9664 0.2557 0.0271
vn 0.1655 -0.9844 -0.0602
vn -0.6778 -0.7351 0.0153
vn 0.8810 -0.4702 -0.0531
vn -0.7309 -0.6752 -0.0993
vn 0.7511 -0.6570 0.0642
vn -0.9800 0.1915 0.0550
vn -0.8269 -0.5493 0.1202
vn -0.9488 0.3135 -0.0390
vn -0.9606 0.2779 0.0005
vn -0.1524 -0.9660 -0.2088
vn -0.2313 0.9593 0.1621
vn -0.1896 0.9758 0.1090
vn -0.2234 -0.9539 -0.2006
vn -0.0460 0.9099 -0.4124
vn -0.0656 0.9965 -0.0521
vn -0.0023 0.9062 -0.4228
vn 0.0102 0.9783 -0.2068
vn -0.1930 0.9498 -0.2464
vn 0.0239 0.9164 -0.3995
vn -0.5775 0.8043 -0.1396
vn 0.2860 0.9335 -0.2164
vn 0.2764 0.9256 -0.2587
vn 0.9304 0.3508 -0.1064
vn -0.5847 0.7914 -0.1782
vn -0.1275 -0.8333 -0.5380
vn -0.3879 0.7316 -0.5606
vn 0.2408 0.7594 -0.6045
vn 0.3989 0.8163 -0.4178
vn 0.3562 0.8427 -0.4037
vn 0.2005 0.9352 -0.2920
vn 0.0132 -0.4316 -0.9020
vn 0.5271 -0.5159 -0.6753
vn 0.7105 -0.6763 -0.1945
vn 0.4763 0.8590 -0.1878
vn -0.2267 -0.9719 -0.0630
vn 0.3544 -0.8950 0.2708
vn -0.7351 -0.6767 -0.0404
vn -0.9341 -0.3565 -0.0186
vn -0.4194 -0.6242 -0.6592
vn -0.7313 -0.3606 -0.5789
vn -0.2101 -0.9692 -0.1286
vn -0.1087 -0.9890 -0.1003
vn 0.3520 0.9136 -0.2036
vn 0.7194 0.5533 -0.4199
vn 0.0163 0.9430 -0.3323
vn -0.1283 -0.9853 -0.1125
vn -0.1548 -0.9864 -0.0552
vn 0.4564 -0.8889 0.0391
vn -0.0120 -0.9170 -0.3987
vn -0.0589 -0.9675 -0.2460
vn 0.9239 -0.3810 0.0350
vn 0.9077 -0.4194 0.0083
vn 0.4406 -0.8966 -0.0449
vn 0.3000 -0.9508 -0.0773
vn 0.9907 -0.0840 -0.1069
vn -0.6167 0.4705 -0.6312
vn 0.1867 0.3022 -0.9348
vn 0.7615 0.0786 -0.6433
vn -0.3083 0.9488 0.0685
vn -0.7121 0.6901 0.1291
vn -0.7204 0.6862 0.1009
vn -0.9425 0.2352 0.2376
vn -0.9721 0.1732 0.1580
vn 0.1562 -0.9620 0.2240
vn 0.1345 -0.9280 0.3474
vn 0.1792 0.9825 0.0508
vn 0.0116 0.9994 0.0326
vn 0.0578 0.9928 0.1054
vn -0.8534 -0.4375 0.2834
vn -0.8878 -0.4116 0.2060
vn 0.7255 -0.6882 -0.0093
vn 0.9855 -0.1255 -0.1140
vn 0.9900 -0.1213 0.0714
vn 0.9009 0.4333 0.0242
vn 0.5947 0.7899 0.1493
vn -0.2020 0.9686 0.1452
vn 0.1541 0.9712 0.1816
vn -0.1336 -0.9827 0.1281
vn -0.1219 -0.9843 0.1277
vn -0.3689 -0.9131 0.1735
vn 0.2266 0.9656 0.1271
vn 0.9260 -0.1809 0.3313
vn 0.9214 0.1390 0.3630
vn 0.9666 0.0114 0.2560
vn 0.5404 0.8393 0.0592
vn -0.8872 0.2789 0.3675
vn -0.6839 -0.2464 0.6867
vn -0.7771 -0.4524 0.4376
vn 0.9762 -0.2082 0.0605
vn 0.6345 -0.7501 0.1867
vn 0.9452 0.3172 0.0775
vn 0.1483 -0.9762 0.1581
vn 0.0285 -0.9757 0.2173
vn 0.0985 -0.9810 0.1669
vn 0.8293 -0.4208 0.3676
vn 0.8838 -0.1269 0.4503
vn 0.7282 -0.4676 0.5011
vn 0.1871 -0.9809 0.0524
vn 0.4256 -0.9028 0.0621
vn 0.0602 -0.9947 0.0831
vn -0.1005 -0.9789 -0.1780
vn -0.3990 -0.9069 0.1353
vn -0.1298 -0.9868 0.0965
vn 0.8360 0.5120 0.1976
vn 0.5188 0.8534 0.0498
vn 0.0436 -0.9744 -0.2205
vn 0.0908 -0.9890 -0.1170
vn 0.2333 -0.9665 0.1070
vn 0.6492 -0.7581 0.0625
vn 0.4697 0.8755 0.1133
vn 0.3895 -0.8586 0.3333
vn 0.7162 -0.6190 0.3223
vn 0.0222 -0.9993 -0.0284
vn 0.0106 -0.9993 0.0367
vn 0.9674 -0.1707 0.1872
vn 0.9199 -0.0846 0.3829
vn -0.9872 -0.1558 0.0329
vn 0.9623 -0.2558 0.0928
vn 0.4874 -0.8730 -0.0180
vn 0.7265 0.6871 0.0091
vn -0.9697 -0.2417 -0.0368
vn 0.9373 -0.3338 0.1007
vn 0.9767 0.2051 0.0635
vn 0.0625 -0.9962 0.0611
vn 0.1220 -0.9910 -0.0544
vn 0.1424 -0.9669 0.2119
vn 0.2969 -0.9546 -0.0255
vn -0.1806 -0.9832 0.0271
vn -0.9392 0.3328 -0.0841
vn -0.9060 0.4231 -0.0111
vn -0.8275 0.5613 -0.0119
vn -0.9747 0.2204 -0.0364
vn 0.7071 -0.3835 -0.5941
vn -0.4626 0.8806 0.1031
vn 0.2304 -0.8840 -0.4068
vn 0.4313 -0.7217 -0.5414
vn 0.7479 0.3117 -0.5861
vn -0.1036 0.7756 -0.6227
vn -0.3177 0.9463 0.0607
vn -0.8755 0.4523 -0.1703
vn 0.6833 -0.7214 0.1130
vn 0.8161 -0.4756 -0.3283
vn 0.4057 -0.9115 0.0675
vn 0.8404 -0.4288 -0.3315
vn 0.8502 0.1721 -0.4976
vn 0.9111 0.2247 -0.3455
vn -0.6786 -0.5628 0.4719
vn -0.6749 -0.6342 0.3771
vn -0.8829 -0.3067 0.3556
vn -0.7437 -0.5247 0.4142
vn -0.8900 -0.2320 0.3924
vn -0.9193 -0.2181 0.3275
vn 0.8746 0.1680 -0.4548
vn 0.0102 -0.9626 0.2708
vn -0.9788 0.1961 0.0593
vn -0.8270 0.5535 -0.0981
vn -0.5570 0.7683 -0.3155
vn -0.9369 0.1537 0.3140
vn -0.8746 -0.4659 0.1339
vn 0.8298 0.4187 -0.3691
vn 0.8724 -0.3345 -0.3565
vn 0.8444 0.2710 -0.4621
vn 0.3397 -0.6025 -0.7223
vn -0.7561 -0.5156 0.4030
vn 0.3575 0.1277 -0.9251
vn 0.6630 -0.4056 -0.6293
vn 0.2254 -0.3655 -0.9031
vn -0.5246 0.8391 0.1437
vn -0.8408 0.4982 -0.2119
vn -0.6490 0.7310 0.2108
vn -0.8699 0.4425 -0.2179
vn -0.6485 0.7221 -0.2409
vn -0.9639 0.2587 -0.0632
vn -0.8747 0.3757 0.3061
vn -0.5336 0.7052 -0.4668
vn -0.6059 0.7930 -0.0635
vn -0.3570 0.8953 -0.2666
vn -0.9294 0.3210 0.1823
vn -0.5706 0.8154 -0.0973
vn -0.1461 0.9593 -0.2416
vn 0.6340 0.2200 -0.7414
vn 0.8927 0.3992 -0.2093
vn 0.9921 -0.0703 -0.1041
vn -0.8170 -0.4361 0.3772
vn -0.9125 0.3626 0.1893
vn -0.9331 -0.1673 0.3183
vn -0.8549 0.4652 0.2297
vn -0.8663 0.4849 0.1198
vn -0.2745 0.9555 -0.1085
vn 0.8755 -0.3911 -0.2839
vn 0.8922 0.2150 -0.3972
vn 0.8104 -0.4261 -0.4022
vn 0.7963 0.4354 -0.4199
vn 0.3866 -0.9217 0.0322
vn 0.3098 -0.9482 -0.0708
vn 0.3494 -0.8261 -0.4422
vn 0.3254 -0.7939 -0.5137
vn -0.2444 0.6628 -0.7078
vn 0.2026 -0.9656 -0.1631
vn 0.3614 -0.8072 -0.4667
vn 0.1056 -0.9915 -0.0760
vn 0.2373 -0.8492 -0.4718
vn 0.1496 -0.9493 -0.2765
vn 0.4493 -0.8356 -0.3162
vn -0.0379 -0.9798 0.1963
vn -0.4971 -0.8131 0.3030
vn -0.3382 0.9325 0.1269
vn -0.1116 0.9901 0.0853
vn -0.6392 -0.7571 0.1351
vn -0.9104 0.1219 -0.3953
vn -0.9625 -0.1666 0.2142
vn -0.0567 -0.3312 -0.9419
vn 0.1598 0.2740 -0.9483
vn 0.0091 -0.8085 -0.5884
vn -0.2093 -0.8343 -0.5101
vn -0.9411 -0.3244 0.0956
vn 0.2304 -0.9451 -0.2319
vn -0.8888 -0.1356 0.4378
vn -0.8218 -0.3840 0.4209
vn -0.5219 -0.7676 -0.3722
vn -0.6795 -0.4825 -0.5527
vn -0.7690 -0.5737 -0.2819
vn -0.3425 -0.7286 -0.5932
vn 0.1903 -0.7729 -0.6053
vn -0.1352 -0.6571 -0.7416
vn -0.1811 -0.1310 -0.9747
vn -0.4771 0.3777 -0.7935
vn -0.9120 -0.0045 -0.4102
vn -0.9995 0.0047 -0.0305
vn -0.9014 -0.3925 0.1829
vn -0.0568 -0.9150 -0.3994
vn 0.0371 0.9817 -0.1867
vn -0.2843 0.9587 0.0085
vn 0.1161 0.9826 -0.1450
vn 0.7439 0.5045 -0.4382
vn 0.7197 0.5861 -0.3721
vn -0.1453 0.8440 -0.5163
vn 0.4723 0.5176 -0.7135
vn 0.6006 0.5639 -0.5668
vn 0.8085 0.2356 -0.5393
vn -0.4259 0.9030 -0.0560
vn 0.0126 0.9375 -0.3478
vn -0.3481 0.8933 -0.2844
vn -0.7116 -0.6869 0.1477
vn -0.9351 0.3521 0.0396
vn 0.0760 0.9750 -0.2086
vn 0.4290 0.3920 -0.8138
vn 0.6357 0.5745 -0.5157
vn 0.0488 -0.9410 -0.3348
vn 0.4841 -0.8522 -0.1988
vn -0.0902 -0.9737 0.2092
vn -0.1229 -0.9804 0.1537
vn 0.7245 0.5249 -0.4468
vn -0.1690 -0.9844 0.0490
vn -0.8619 -0.4904 0.1293
vn -0.9848 -0.1550 0.0791
vn 0.6854 -0.7057 0.1796
vn 0.9957 -0.0921 -0.0142
vn -0.7982 0.5957 -0.0893
vn -0.9441 0.3212 -0.0748
vn -0.2844 -0.8835 -0.3722
vn -0.6809 -0.7221 -0.1223
vn -0.3710 -0.8138 -0.4473
vn 0.6117 -0.7214 -0.3246
vn 0.6973 -0.7157 -0.0390
vn 0.1924 -0.9794 -0.0620
vn -0.0678 0.9809 -0.1824
vn -0.9591 0.2809 0.0351
vn 0.6365 0.7642 -0.1045
vn 0.8861 0.4525 -0.1002
vn 0.8251 0.3002 -0.4785
vn 0.8956 -0.4419 -0.0521
vn 0.6888 0.6183 -0.3784
vn -0.4487 0.8593 0.2454
vn -0.9878 0.1419 -0.0640
vn -0.9736 0.2117 -0.0851
vn -0.3893 -0.9157 -0.1002
vn 0.1869 -0.8858 -0.4249
vn 0.0684 0.2490 -0.9661
vn -0.7465 0.1950 -0.6361
vn -0.6715 0.5460 -0.5010
vn -0.0047 0.7507 -0.6606
vn 0.6691 -0.6228 -0.4056
vn -0.9475 0.2798 -0.1550
vn -0.7193 0.6774 -0.1540
vn -0.0651 0.9903 -0.1226
vn 0.1660 -0.8034 -0.5718
vn -0.5115 -0.4519 0.7309
vn -0.1677 0.9844 0.0529
vn -0.5896 0.7816 0.2039
vn -0.4780 -0.8000 0.3626
vn 0.0354 -0.9945 -0.0987
vn -0.2456 0.9671 0.0667
vn -0.1286 -0.9035 0.4089
vn -0.1971 -0.9732 0.1187
vn -0.6337 0.7732 0.0234
vn -0.6059 0.7096 0.3597
vn -0.3971 0.8282 0.3954
vn -0.9668 -0.2517 0.0431
vn -0.9758 -0.1698 0.1376
vn -0.9956 -0.0893 0.0270
vn -0.9908 -0.1333 -0.0228
vn 0.9745 -0.2203 0.0428
vn -0.9556 -0.2846 -0.0757
vn -0.9444 -0.2631 -0.1973
vn -0.9851 -0.1515 -0.0820
vn -0.9795 -0.1391 -0.1456
vn -0.9458 -0.2519 0.2050
vn -0.9382 -0.1714 0.3007
vn -0.9780 -0.0976 0.1842
vn 0.1635 0.9853 -0.0492
vn 0.0163 0.9992 -0.0372
vn 0.2006 0.9035 0.3786
vn 0.1287 0.8734 -0.4696
vn -0.0196 0.8856 -0.4640
vn 0.0534 0.9162 0.3972
vn 0.2317 0.6430 0.7299
vn 0.1021 0.5888 -0.8018
vn -0.0476 0.5970 -0.8008
vn 0.1389 -0.9027 -0.4072
vn 0.1750 -0.9844 0.0206
vn -0.0090 -0.9161 -0.4008
vn -0.0394 -0.6523 -0.7569
vn 0.2122 -0.8722 0.4406
vn 0.0280 -0.9990 0.0335
vn 0.0899 -0.2541 -0.9630
vn 0.1079 -0.6427 -0.7585
vn -0.0585 -0.2579 -0.9644
vn 0.2538 -0.1850 0.9494
vn 0.1060 -0.1884 0.9764
vn 0.0913 -0.5964 0.7975
vn 0.1353 0.9033 0.4072
vn 0.0223 0.9992 -0.0332
vn -0.0135 0.9162 0.4004
vn 0.1697 0.9853 -0.0201
vn -0.0430 0.6520 0.7570
vn 0.1068 0.6433 0.7581
vn 0.2349 0.5894 -0.7729
vn 0.0882 0.5976 -0.7969
vn 0.0587 0.8860 -0.4600
vn 0.2055 0.8737 -0.4409
vn -0.2708 0.5844 -0.7650
vn -0.4881 0.5386 -0.6868
vn -0.2436 0.8661 -0.4365
vn 0.2391 -0.5874 0.7732
vn 0.0643 -0.8854 0.4603
vn -0.4621 0.7993 -0.3842
vn 0.0886 0.1859 -0.9786
vn -0.0612 0.1884 -0.9802
vn -0.8056 0.5908 0.0439
vn -0.8263 0.5228 -0.2097
vn -0.6611 0.6843 -0.3078
vn -0.4298 0.9029 0.0024
vn -0.9880 0.1410 0.0628
vn -0.9922 0.1247 -0.0035
vn -0.9973 -0.0071 0.0734
vn -0.6829 0.4596 -0.5678
vn -0.9815 -0.1342 0.1363
vn -0.9550 -0.2844 0.0843
vn 0.9680 -0.2207 -0.1192
vn -0.9902 -0.1381 0.0185
vn -0.9643 -0.2620 -0.0383
vn -0.9854 -0.1494 0.0822
vn -0.9723 -0.1867 -0.1403
vn 0.2501 0.2548 0.9341
vn 0.1037 0.2583 0.9605
vn 0.0843 0.6522 0.7534
vn -0.7533 -0.1549 -0.6392
vn -0.7631 -0.3881 -0.5167
vn -0.9049 -0.2373 -0.3533
vn -0.8988 -0.0961 -0.4276
vn -0.7800 -0.5467 -0.3045
vn -0.9157 -0.3327 -0.2255
vn -0.9041 0.2167 -0.3682
vn -0.7626 0.3615 -0.5364
vn -0.7534 0.1094 -0.6484
vn -0.8990 0.0656 -0.4330
vn -0.8240 -0.5294 0.2017
vn -0.8427 -0.3568 0.4032
vn -0.9545 -0.2168 0.2047
vn -0.9432 -0.3216 0.0839
vn -0.9608 -0.0701 0.2681
vn -0.9809 -0.0539 0.1870
vn -0.8005 -0.5973 -0.0495
vn -0.9283 -0.3652 -0.0692
vn -0.8532 -0.1142 0.5089
vn -0.8530 0.1502 0.4998
vn -0.9607 0.0899 0.2625
vn -0.8426 0.3850 0.3767
vn -0.9545 0.2317 0.1880
vn -0.9961 -0.0032 -0.0883
vn -0.3515 -0.2339 -0.9065
vn -0.3511 0.1690 -0.9210
vn -0.1240 0.1845 -0.9750
vn -0.8089 0.5777 -0.1091
vn -0.7848 0.5174 -0.3412
vn -0.9095 0.3308 -0.2518
vn -0.9217 0.3763 -0.0939
vn -0.8259 0.5422 0.1550
vn -0.9411 0.3331 0.0578
vn -0.9354 -0.1879 -0.2995
vn -0.9303 -0.0755 -0.3590
vn -0.9806 0.0716 0.1826
vn -0.9980 0.0345 0.0535
vn -0.9981 -0.0292 0.0544
vn -0.9752 0.1807 0.1281
vn -0.9954 0.0924 0.0236
vn -0.9663 0.2560 0.0283
vn -0.9548 0.2811 -0.0966
vn -0.9346 0.1690 -0.3131
vn -0.9301 0.0534 -0.3635
vn -0.9436 0.2499 -0.2174
vn -0.9023 -0.0692 0.4254
vn -0.7558 -0.1137 0.6448
vn -0.9012 0.0856 0.4249
vn -0.9069 -0.2165 0.3614
vn -0.7630 -0.3561 0.5394
vn -0.9085 0.2342 0.3460
vn -0.7663 0.3863 0.5134
vn -0.7577 0.1503 0.6350
vn -0.4989 -0.2317 -0.8351
vn -0.4931 0.1781 -0.8515
vn -0.2846 0.1817 -0.9413
vn -0.2819 -0.2531 -0.9254
vn -0.9442 0.3161 -0.0926
vn -0.9314 0.3588 0.0612
vn -0.9175 0.3348 0.2148
vn -0.7848 0.5417 0.3010
vn -0.9538 0.2119 -0.2131
vn -0.8423 0.3514 -0.4087
vn -0.7986 -0.5958 0.0855
vn -0.6247 -0.7769 0.0789
vn -0.6012 -0.6926 0.3987
vn -0.3921 -0.8009 0.4526
vn -0.4199 -0.9052 0.0662
vn -0.1972 -0.9791 0.0504
vn -0.7762 -0.5307 0.3403
vn -0.5783 -0.4665 0.6693
vn -0.3635 -0.5417 0.7579
vn -0.1360 -0.5852 0.7994
vn -0.1628 -0.8681 0.4689
vn -0.9430 0.1767 0.2819
vn -0.9490 0.2596 0.1791
vn -0.9356 0.0603 0.3478
vn -0.9571 0.2844 0.0560
vn -0.9338 -0.0602 0.3528
vn -0.9775 0.0525 -0.2044
vn -0.9737 0.1683 -0.1538
vn -0.9587 0.0648 -0.2770
vn -0.9664 0.2499 -0.0611
vn -0.9769 -0.0762 -0.1998
vn -0.9577 -0.0946 -0.2716
vn -0.8494 -0.1551 -0.5044
vn -0.9511 -0.2375 -0.1975
vn -0.8486 0.1093 -0.5175
vn -0.8383 -0.3886 -0.3824
vn -0.9405 -0.3325 -0.0698
vn -0.9161 -0.3211 0.2400
vn -0.8205 -0.5451 -0.1720
vn -0.9279 -0.3627 0.0865
vn 0.0900 0.2549 0.9628
vn -0.0601 0.2574 0.9644
vn -0.0599 -0.1890 0.9801
vn 0.0896 -0.1856 0.9785
vn -0.0434 -0.5970 0.8011
vn 0.1053 -0.5881 0.8019
vn 0.2527 0.1870 -0.9493
vn 0.1043 0.1893 -0.9764
vn 0.1694 -0.9843 0.0493
vn 0.0232 -0.9990 0.0374
vn 0.0584 -0.9161 -0.3967
vn 0.2057 -0.9026 -0.3781
vn 0.1348 -0.8726 0.4694
vn -0.0139 -0.8860 0.4636
vn 0.2359 -0.6418 -0.7297
vn 0.0880 -0.6521 -0.7530
vn 0.1044 -0.2578 -0.9605
vn 0.2519 -0.2537 -0.9339
vn -0.9789 0.1312 -0.1565
vn -0.9846 0.1478 -0.0931
vn -0.9739 0.0886 -0.2092
vn -0.9906 0.1333 -0.0318
vn -0.9744 -0.0999 -0.2012
vn -0.9717 -0.0430 -0.2323
vn -0.9715 0.0273 -0.2353
vn -0.5667 -0.2009 -0.7991
vn -0.5787 -0.5066 -0.6391
vn -0.5815 0.4612 -0.6702
vn -0.5664 0.1439 -0.8115
vn -0.3652 -0.5911 -0.7192
vn -0.1236 -0.2526 -0.9596
vn -0.1393 -0.6388 -0.7567
vn -0.3916 -0.8300 -0.3972
vn -0.6013 -0.7117 -0.3632
vn -0.1681 -0.8973 -0.4081
vn -0.2837 -0.1853 0.9408
vn -0.5008 -0.1722 0.8482
vn -0.4855 -0.5420 0.6859
vn -0.2680 -0.5861 0.7646
vn -0.6961 -0.1487 0.7024
vn -0.6817 -0.4655 0.5644
vn -0.3659 0.5384 -0.7591
vn -0.6296 -0.7765 -0.0279
vn -0.4232 -0.9060 -0.0052
vn -0.4578 -0.8034 0.3807
vn -0.6582 -0.6894 0.3025
vn -0.2393 -0.8684 0.4343
vn -0.2035 -0.9789 0.0166
vn -0.6138 0.6760 -0.4079
vn -0.6583 0.7086 0.2539
vn -0.6412 0.7625 -0.0864
vn -0.1671 0.8667 -0.4701
vn -0.3912 0.8000 -0.4549
vn -0.4245 0.9028 -0.0687
vn -0.2025 0.9779 -0.0525
vn -0.2390 0.8967 0.3726
vn -0.6820 0.5040 0.5299
vn -0.4582 0.8279 0.3236
vn -0.1385 0.5839 -0.7999
vn -0.6951 0.1986 0.6909
vn -0.5001 0.2323 0.8342
vn -0.2680 0.6383 0.7216
vn -0.2848 0.2519 0.9249
vn -0.4856 0.5890 0.6460
vn -0.3513 -0.1718 0.9203
vn -0.1225 -0.1852 0.9750
vn -0.5680 -0.1480 0.8096
vn -0.6850 0.1498 -0.7130
vn -0.2639 -0.6389 -0.7226
vn -0.9971 0.0284 -0.0703
vn -0.9969 -0.0422 -0.0664
vn -0.6916 -0.1982 -0.6945
vn -0.5698 0.1984 0.7975
vn -0.3536 0.2322 0.9061
vn -0.1425 0.6389 0.7560
vn -0.1242 0.2526 0.9596
vn -0.9759 -0.0381 0.2146
vn -0.9768 0.0320 0.2120
vn -0.2335 -0.8975 -0.3741
vn -0.4525 -0.8298 -0.3266
vn -0.6771 -0.5067 -0.5337
vn -0.6529 -0.7119 -0.2587
vn -0.9942 -0.1015 -0.0352
vn -0.9953 0.0857 -0.0446
vn -0.4811 -0.5907 -0.6478
vn -0.9793 0.0884 0.1821
vn -0.9829 0.1250 0.1349
vn -0.3695 0.5899 0.7180
vn -0.1732 0.8967 0.4073
vn -0.5832 0.5049 0.6364
vn -0.2084 0.9779 -0.0185
vn -0.6058 0.7097 0.3597
vn -0.3972 0.8282 0.3953
vn -0.9669 -0.2517 0.0432
vn -0.9758 -0.1701 0.1375
vn -0.9956 -0.0895 0.0265
vn -0.9908 -0.1331 -0.0231
vn -0.9557 -0.2846 -0.0755
vn -0.9444 -0.2631 -0.1971
vn -0.9851 -0.1512 -0.0818
vn -0.9796 -0.1386 -0.1452
vn -0.9458 -0.2516 0.2052
vn -0.9382 -0.1716 0.3007
vn -0.9780 -0.0979 0.1840
vn 0.1634 0.9853 -0.0491
vn 0.2007 0.9035 0.3786
vn 0.1285 0.8734 -0.4697
vn -0.0196 0.8856 -0.4641
vn 0.0536 0.9162 0.3971
vn 0.2315 0.6430 0.7300
vn 0.1024 0.5888 -0.8018
vn -0.0475 0.5971 -0.8008
vn 0.1387 -0.9028 -0.4071
vn 0.1752 -0.9843 0.0205
vn -0.0396 -0.6523 -0.7569
vn 0.2122 -0.8722 0.4407
vn 0.0280 -0.9990 0.0334
vn 0.0897 -0.2542 -0.9630
vn 0.1077 -0.6427 -0.7585
vn 0.2539 -0.1850 0.9494
vn 0.1059 -0.1884 0.9764
vn 0.0915 -0.5964 0.7975
vn 0.1352 0.9033 0.4072
vn 0.0223 0.9992 -0.0331
vn -0.0134 0.9163 0.4004
vn 0.1694 0.9853 -0.0201
vn 0.1067 0.6434 0.7581
vn 0.2353 0.5894 -0.7728
vn 0.0884 0.5976 -0.7969
vn 0.0588 0.8860 -0.4599
vn 0.2055 0.8737 -0.4408
vn -0.2709 0.5843 -0.7650
vn 0.2395 -0.5874 0.7730
vn -0.4622 0.7993 -0.3841
vn 0.0887 0.1859 -0.9786
vn -0.0612 0.1885 -0.9802
vn -0.8056 0.5908 0.0438
vn -0.6611 0.6843 -0.3077
vn -0.4300 0.9028 0.0024
vn -0.9880 0.1410 0.0626
vn -0.9921 0.1251 -0.0032
vn -0.9973 -0.0072 0.0734
vn -0.6830 0.4596 -0.5677
vn -0.9815 -0.1341 0.1366
vn -0.9550 -0.2844 0.0844
vn 0.9680 -0.2208 -0.1191
vn -0.9903 -0.1377 0.0185
vn -0.9644 -0.2618 -0.0384
vn -0.9853 -0.1492 0.0831
vn -0.9723 -0.1867 -0.1406
vn 0.2500 0.2548 0.9341
vn 0.0842 0.6522 0.7534
vn -0.7534 -0.1549 -0.6390
vn -0.7632 -0.3881 -0.5166
vn -0.8989 -0.0961 -0.4276
vn -0.7800 -0.5467 -0.3046
vn -0.9156 -0.3327 -0.2256
vn -0.9041 0.2166 -0.3683
vn -0.7626 0.3615 -0.5365
vn -0.7535 0.1094 -0.6483
vn -0.8991 0.0655 -0.4329
vn -0.8428 -0.3568 0.4031
vn -0.9545 -0.2168 0.2048
vn -0.9432 -0.3215 0.0840
vn -0.9608 -0.0702 0.2682
vn -0.9809 -0.0539 0.1869
vn -0.9283 -0.3652 -0.0693
vn -0.8532 -0.1141 0.5089
vn -0.8529 0.1503 0.5000
vn -0.9607 0.0899 0.2626
vn -0.8426 0.3849 0.3767
vn -0.9961 -0.0031 -0.0884
vn -0.3514 -0.2339 -0.9065
vn -0.1242 0.1844 -0.9750
vn -0.8089 0.5778 -0.1090
vn -0.9095 0.3307 -0.2519
vn -0.9217 0.3763 -0.0938
vn -0.8259 0.5421 0.1549
vn -0.9411 0.3332 0.0578
vn -0.9354 -0.1876 -0.2998
vn -0.9302 -0.0754 -0.3591
vn -0.9805 0.0717 0.1827
vn -0.9980 0.0346 0.0531
vn -0.9981 -0.0294 0.0540
vn -0.9752 0.1807 0.1280
vn -0.9954 0.0925 0.0228
vn -0.9662 0.2561 0.0281
vn -0.9548 0.2811 -0.0964
vn -0.9345 0.1688 -0.3133
vn -0.9300 0.0534 -0.3637
vn -0.9436 0.2498 -0.2174
vn -0.9023 -0.0693 0.4255
vn -0.7559 -0.1137 0.6448
vn -0.9011 0.0856 0.4250
vn -0.9069 -0.2166 0.3614
vn -0.9085 0.2344 0.3460
vn -0.7578 0.1503 0.6350
vn -0.2819 -0.2531 -0.9255
vn -0.9442 0.3161 -0.0925
vn -0.9314 0.3588 0.0613
vn -0.7849 0.5416 0.3010
vn -0.9537 0.2121 -0.2130
vn -0.8424 0.3513 -0.4086
vn -0.7985 -0.5958 0.0855
vn -0.6245 -0.7770 0.0789
vn -0.6011 -0.6926 0.3988
vn -0.3922 -0.8008 0.4527
vn -0.4197 -0.9052 0.0663
vn -0.1974 -0.9790 0.0504
vn -0.7762 -0.5307 0.3405
vn -0.5782 -0.4665 0.6694
vn -0.3636 -0.5417 0.7579
vn -0.1362 -0.5852 0.7994
vn -0.1629 -0.8681 0.4689
vn -0.9490 0.2597 0.1788
vn -0.9356 0.0602 0.3478
vn -0.9571 0.2845 0.0556
vn -0.9338 -0.0605 0.3525
vn -0.9775 0.0523 -0.2043
vn -0.9737 0.1685 -0.1534
vn -0.9586 0.0647 -0.2772
vn -0.9663 0.2503 -0.0608
vn -0.9769 -0.0763 -0.1998
vn -0.9578 -0.0946 -0.2716
vn -0.8494 -0.1550 -0.5044
vn -0.9511 -0.2374 -0.1975
vn -0.8486 0.1094 -0.5175
vn -0.8383 -0.3887 -0.3823
vn -0.9405 -0.3325 -0.0699
vn -0.9161 -0.3210 0.2402
vn -0.8205 -0.5451 -0.1721
vn -0.9279 -0.3626 0.0864
vn 0.0900 0.2548 0.9628
vn -0.0602 0.2574 0.9644
vn 0.0897 -0.1856 0.9785
vn -0.0433 -0.5970 0.8011
vn 0.1056 -0.5882 0.8018
vn 0.2530 0.1871 -0.9492
vn 0.1044 0.1892 -0.9764
vn 0.1697 -0.9843 0.0493
vn 0.0233 -0.9990 0.0373
vn 0.0582 -0.9161 -0.3966
vn 0.2054 -0.9027 -0.3781
vn 0.1348 -0.8726 0.4695
vn -0.0138 -0.8859 0.4636
vn 0.2357 -0.6419 -0.7297
vn 0.0878 -0.6521 -0.7531
vn 0.1043 -0.2578 -0.9605
vn 0.2518 -0.2537 -0.9339
vn -0.9790 0.1307 -0.1563
vn -0.9847 0.1476 -0.0928
vn -0.9739 0.0881 -0.2094
vn -0.9906 0.1330 -0.0320
vn -0.9744 -0.0997 -0.2014
vn -0.9717 -0.0433 -0.2321
vn -0.9716 0.0277 -0.2350
vn -0.5666 -0.2010 -0.7991
vn -0.5788 -0.5066 -0.6390
vn -0.5814 0.4612 -0.6702
vn -0.5663 0.1440 -0.8115
vn -0.3651 -0.5911 -0.7192
vn -0.1235 -0.2526 -0.9597
vn -0.1391 -0.6388 -0.7567
vn -0.3914 -0.8301 -0.3972
vn -0.6014 -0.7116 -0.3633
vn -0.1680 -0.8973 -0.4081
vn -0.2838 -0.1853 0.9408
vn -0.5009 -0.1722 0.8482
vn -0.2681 -0.5860 0.7647
vn -0.6960 -0.1486 0.7025
vn -0.6817 -0.4654 0.5646
vn -0.3658 0.5383 -0.7592
vn -0.6296 -0.7764 -0.0279
vn -0.4230 -0.9061 -0.0053
vn -0.4579 -0.8034 0.3806
vn -0.2392 -0.8684 0.4343
vn -0.2036 -0.9789 0.0165
vn -0.6138 0.6760 -0.4078
vn -0.6584 0.7086 0.2538
vn -0.6412 0.7625 -0.0863
vn -0.3913 0.8000 -0.4550
vn -0.4247 0.9027 -0.0687
vn -0.2024 0.9779 -0.0525
vn -0.2389 0.8967 0.3726
vn -0.6820 0.5040 0.5300
vn -0.4582 0.8279 0.3235
vn -0.1388 0.5839 -0.7999
vn -0.5003 0.2323 0.8341
vn -0.2680 0.6383 0.7217
vn -0.2848 0.2518 0.9249
vn -0.3513 -0.1718 0.9204
vn -0.1226 -0.1852 0.9750
vn -0.5680 -0.1481 0.8096
vn -0.6851 0.1497 -0.7129
vn -0.2638 -0.6389 -0.7226
vn -0.9971 0.0279 -0.0702
vn -0.9969 -0.0418 -0.0664
vn -0.6916 -0.1982 -0.6946
vn -0.5697 0.1985 0.7975
vn -0.3537 0.2322 0.9061
vn -0.1426 0.6389 0.7560
vn -0.1243 0.2526 0.9596
vn -0.9761 -0.0380 0.2141
vn -0.9768 0.0315 0.2119
vn -0.6771 -0.5066 -0.5337
vn -0.9954 0.0855 -0.0442
vn -0.9794 0.0879 0.1815
vn -0.9830 0.1250 0.1345
vn -0.3695 0.5898 0.7180
vn -0.5831 0.5049 0.6364
vn -0.2085 0.9779 -0.0185
# 6315 vertex normals

vt 0.1289 0.2544 0.0000
vt 0.1743 0.2152 0.0000
vt 0.1735 0.2558 0.0000
vt 0.2987 0.2628 0.0000
vt 0.2984 0.2213 0.0000
vt 0.3364 0.2230 0.0000
vt 0.3383 0.2645 0.0000
vt 0.0428 0.2147 0.0000
vt 0.0859 0.2142 0.0000
vt 0.0853 0.2541 0.0000
vt 0.0428 0.2536 0.0000
vt 0.3739 0.2214 0.0000
vt 0.3753 0.2624 0.0000
vt 0.2176 0.2579 0.0000
vt 0.2182 0.2172 0.0000
vt 0.2616 0.2187 0.0000
vt 0.2616 0.2596 0.0000
vt 0.4118 0.2592 0.0000
vt 0.4129 0.2812 0.0000
vt 0.3762 0.2852 0.0000
vt 0.3408 0.3810 0.0000
vt 0.3396 0.3575 0.0000
vt 0.3779 0.3540 0.0000
vt 0.3799 0.3769 0.0000
vt 0.0856 0.3932 0.0000
vt 0.0428 0.3868 0.0000
vt 0.0428 0.3633 0.0000
vt 0.0862 0.3679 0.0000
vt 0.3395 0.3334 0.0000
vt 0.3766 0.3304 0.0000
vt 0.2989 0.3565 0.0000
vt 0.3002 0.3322 0.0000
vt 0.1713 0.3497 0.0000
vt 0.1278 0.3476 0.0000
vt 0.1270 0.3232 0.0000
vt 0.1713 0.3249 0.0000
vt 0.2616 0.2822 0.0000
vt 0.3011 0.2861 0.0000
vt 0.4510 0.3422 0.0000
vt 0.4150 0.3493 0.0000
vt 0.4156 0.3254 0.0000
vt 0.4503 0.3197 0.0000
vt 0.3404 0.2876 0.0000
vt 0.2151 0.4020 0.0000
vt 0.2145 0.3753 0.0000
vt 0.2616 0.3767 0.0000
vt 0.2616 0.4030 0.0000
vt 0.1279 0.3976 0.0000
vt 0.1259 0.4453 0.0000
vt 0.0827 0.4407 0.0000
vt 0.4080 0.0213 0.0000
vt 0.3731 0.0204 0.0000
vt 0.3742 0.0119 0.0000
vt 0.4086 0.0123 0.0000
vt 0.0428 0.1068 0.0000
vt 0.0428 0.0747 0.0000
vt 0.0848 0.0738 0.0000
vt 0.0854 0.1064 0.0000
vt 0.4157 0.3959 0.0000
vt 0.4523 0.3869 0.0000
vt 0.4535 0.4286 0.0000
vt 0.4187 0.4408 0.0000
vt 0.2175 0.3270 0.0000
vt 0.2154 0.3514 0.0000
vt 0.3357 0.1826 0.0000
vt 0.3727 0.1820 0.0000
vt 0.1724 0.2788 0.0000
vt 0.2173 0.2807 0.0000
vt 0.1678 0.4978 0.0000
vt 0.1669 0.5480 0.0000
vt 0.1218 0.5476 0.0000
vt 0.1225 0.4962 0.0000
vt 0.2616 0.1810 0.0000
vt 0.2986 0.1819 0.0000
vt 0.0861 0.1792 0.0000
vt 0.1300 0.1797 0.0000
vt 0.1298 0.2141 0.0000
vt 0.4146 0.3717 0.0000
vt 0.4516 0.3635 0.0000
vt 0.3786 0.4027 0.0000
vt 0.3407 0.4072 0.0000
vt 0.2172 0.1067 0.0000
vt 0.2165 0.0730 0.0000
vt 0.2616 0.0747 0.0000
vt 0.2616 0.1074 0.0000
vt 0.1732 0.1061 0.0000
vt 0.1718 0.0717 0.0000
vt 0.1279 0.3003 0.0000
vt 0.0852 0.2992 0.0000
vt 0.0867 0.2765 0.0000
vt 0.1283 0.2772 0.0000
vt 0.3015 0.3805 0.0000
vt 0.3668 0.5795 0.0000
vt 0.3741 0.6045 0.0000
vt 0.3191 0.6023 0.0000
vt 0.3150 0.5776 0.0000
vt 0.4492 0.5187 0.0000
vt 0.4761 0.4915 0.0000
vt 0.4839 0.5029 0.0000
vt 0.3593 0.5543 0.0000
vt 0.4067 0.5491 0.0000
vt 0.4597 0.5342 0.0000
vt 0.4183 0.5746 0.0000
vt 0.2616 0.5479 0.0000
vt 0.2616 0.5716 0.0000
vt 0.2141 0.5722 0.0000
vt 0.2140 0.5478 0.0000
vt 0.4351 0.6016 0.0000
vt 0.4329 0.4859 0.0000
vt 0.4675 0.4668 0.0000
vt 0.2616 0.5000 0.0000
vt 0.3911 0.4987 0.0000
vt 0.3503 0.5045 0.0000
vt 0.3107 0.5530 0.0000
vt 0.3060 0.5044 0.0000
vt 0.2162 0.0178 0.0000
vt 0.1691 0.0184 0.0000
vt 0.1675 0.0108 0.0000
vt 0.2155 0.0107 0.0000
vt 0.0428 0.1786 0.0000
vt 0.1242 0.0183 0.0000
vt 0.1256 0.0110 0.0000
vt 0.1744 0.1803 0.0000
vt 0.1277 0.0724 0.0000
vt 0.1288 0.1061 0.0000
vt 0.4338 0.7189 0.0000
vt 0.4650 0.7177 0.0000
vt 0.4704 0.7339 0.0000
vt 0.4943 0.7167 0.0000
vt 0.2616 0.0174 0.0000
vt 0.2616 0.0105 0.0000
vt 0.4087 0.1810 0.0000
vt 0.4462 0.1795 0.0000
vt 0.4473 0.2155 0.0000
vt 0.4101 0.2191 0.0000
vt 0.3360 0.0193 0.0000
vt 0.3365 0.0114 0.0000
vt 0.2971 0.0178 0.0000
vt 0.2978 0.0110 0.0000
vt 0.2616 0.1432 0.0000
vt 0.2988 0.1440 0.0000
vt 0.0829 0.0111 0.0000
vt 0.0832 0.0195 0.0000
vt 0.0428 0.0208 0.0000
vt 0.0428 0.0113 0.0000
vt 0.2183 0.1808 0.0000
vt 0.4416 0.0222 0.0000
vt 0.4414 0.0127 0.0000
vt 0.1261 0.0439 0.0000
vt 0.0838 0.0431 0.0000
vt 0.4077 0.1436 0.0000
vt 0.4452 0.1428 0.0000
vt 0.2616 0.0421 0.0000
vt 0.2176 0.0416 0.0000
vt 0.0428 0.1418 0.0000
vt 0.0858 0.1420 0.0000
vt 0.3358 0.1443 0.0000
vt 0.4098 0.0445 0.0000
vt 0.3726 0.0451 0.0000
vt 0.3718 0.1441 0.0000
vt 0.0428 0.0425 0.0000
vt 0.2179 0.1430 0.0000
vt 0.4423 0.0439 0.0000
vt 0.1296 0.1422 0.0000
vt 0.1719 0.0429 0.0000
vt 0.1741 0.1426 0.0000
vt 0.3716 0.0763 0.0000
vt 0.3350 0.0759 0.0000
vt 0.3349 0.0435 0.0000
vt 0.3716 0.1086 0.0000
vt 0.4075 0.1084 0.0000
vt 0.2979 0.0758 0.0000
vt 0.2983 0.0419 0.0000
vt 0.2985 0.1083 0.0000
vt 0.4432 0.0760 0.0000
vt 0.4073 0.0763 0.0000
vt 0.4441 0.1079 0.0000
vt 0.3353 0.1086 0.0000
vt 0.2616 0.3049 0.0000
vt 0.2990 0.3090 0.0000
vt 0.2161 0.3036 0.0000
vt 0.2616 0.3279 0.0000
vt 0.3774 0.3077 0.0000
vt 0.4138 0.3034 0.0000
vt 0.3394 0.3106 0.0000
vt 0.4497 0.2982 0.0000
vt 0.0428 0.2977 0.0000
vt 0.0866 0.3215 0.0000
vt 0.0428 0.3193 0.0000
vt 0.2616 0.3524 0.0000
vt 0.2616 0.4504 0.0000
vt 0.3001 0.4067 0.0000
vt 0.3023 0.4542 0.0000
vt 0.3827 0.4494 0.0000
vt 0.3438 0.4546 0.0000
vt 0.0854 0.3450 0.0000
vt 0.1719 0.3019 0.0000
vt 0.4484 0.2542 0.0000
vt 0.1710 0.4000 0.0000
vt 0.1698 0.4475 0.0000
vt 0.0428 0.3419 0.0000
vt 0.0388 0.4285 0.0000
vt 0.0723 0.5429 0.0000
vt 0.0750 0.4912 0.0000
vt 0.2144 0.4985 0.0000
vt 0.2149 0.4490 0.0000
vt 0.7830 0.1065 0.0000
vt 0.7399 0.1065 0.0000
vt 0.7399 0.0746 0.0000
vt 0.7838 0.0736 0.0000
vt 0.6199 0.1076 0.0000
vt 0.5811 0.1072 0.0000
vt 0.5808 0.0752 0.0000
vt 0.6196 0.0756 0.0000
vt 0.8264 0.1066 0.0000
vt 0.8279 0.0728 0.0000
vt 0.0428 0.2757 0.0000
vt 0.4490 0.2762 0.0000
vt 0.1298 0.3715 0.0000
vt 0.4334 0.6647 0.0000
vt 0.4644 0.6646 0.0000
vt 0.5042 0.5115 0.0000
vt 0.5119 0.5041 0.0000
vt 0.5367 0.5340 0.0000
vt 0.5225 0.5477 0.0000
vt 0.9541 0.3439 0.0000
vt 0.9541 0.3652 0.0000
vt 0.9116 0.3685 0.0000
vt 0.6484 0.5012 0.0000
vt 0.6064 0.4964 0.0000
vt 0.6138 0.4469 0.0000
vt 0.6542 0.4511 0.0000
vt 0.5779 0.3479 0.0000
vt 0.5768 0.3241 0.0000
vt 0.6180 0.3280 0.0000
vt 0.6170 0.3516 0.0000
vt 0.7399 0.2783 0.0000
vt 0.6975 0.2827 0.0000
vt 0.6997 0.2597 0.0000
vt 0.7399 0.2562 0.0000
vt 0.7399 0.3006 0.0000
vt 0.6997 0.3052 0.0000
vt 0.6168 0.3054 0.0000
vt 0.5782 0.3021 0.0000
vt 0.0236 0.5395 0.0000
vt 0.0266 0.5219 0.0000
vt 0.2616 0.5957 0.0000
vt 0.5794 0.5732 0.0000
vt 0.7399 0.3476 0.0000
vt 0.7399 0.3233 0.0000
vt 0.7827 0.3240 0.0000
vt 0.6734 0.7575 0.0000
vt 0.6141 0.7598 0.0000
vt 0.6165 0.7178 0.0000
vt 0.6739 0.7134 0.0000
vt 0.4901 0.5109 0.0000
vt 0.4731 0.5477 0.0000
vt 0.0334 0.4830 0.0000
vt 0.6191 0.2196 0.0000
vt 0.5804 0.2178 0.0000
vt 0.5812 0.1797 0.0000
vt 0.6938 0.5001 0.0000
vt 0.7399 0.3717 0.0000
vt 0.6976 0.3763 0.0000
vt 0.7001 0.3524 0.0000
vt 0.8708 0.3470 0.0000
vt 0.8716 0.3227 0.0000
vt 0.9112 0.3222 0.0000
vt 0.9124 0.3457 0.0000
vt 0.8286 0.3980 0.0000
vt 0.8299 0.4454 0.0000
vt 0.7855 0.4455 0.0000
vt 0.7852 0.3985 0.0000
vt 0.8282 0.3478 0.0000
vt 0.8282 0.3232 0.0000
vt 0.9123 0.3937 0.0000
vt 0.9152 0.4411 0.0000
vt 0.8729 0.4445 0.0000
vt 0.8709 0.3968 0.0000
vt 0.6177 0.2831 0.0000
vt 0.6559 0.2848 0.0000
vt 0.6571 0.3074 0.0000
vt 0.9541 0.2996 0.0000
vt 0.9541 0.3212 0.0000
vt 0.9125 0.3000 0.0000
vt 0.8697 0.2543 0.0000
vt 0.8259 0.2547 0.0000
vt 0.8252 0.2144 0.0000
vt 0.8689 0.2142 0.0000
vt 0.6593 0.2208 0.0000
vt 0.6578 0.2619 0.0000
vt 0.6183 0.2604 0.0000
vt 0.7826 0.2557 0.0000
vt 0.7819 0.2154 0.0000
vt 0.6998 0.2187 0.0000
vt 0.7841 0.3009 0.0000
vt 0.7829 0.2782 0.0000
vt 0.8689 0.3708 0.0000
vt 0.8707 0.2999 0.0000
vt 0.8704 0.2770 0.0000
vt 0.9111 0.2773 0.0000
vt 0.7857 0.3719 0.0000
vt 0.7849 0.3482 0.0000
vt 0.0439 0.6321 0.0000
vt 0.0332 0.6013 0.0000
vt 0.0527 0.6010 0.0000
vt 0.0615 0.6331 0.0000
vt 0.8267 0.3716 0.0000
vt 0.1514 0.8031 0.0000
vt 0.1140 0.8030 0.0000
vt 0.1033 0.7559 0.0000
vt 0.1449 0.7543 0.0000
vt 0.9541 0.3888 0.0000
vt 0.0729 0.5982 0.0000
vt 0.0788 0.6338 0.0000
vt 0.6757 0.6579 0.0000
vt 0.7399 0.6496 0.0000
vt 0.7399 0.7047 0.0000
vt 0.9563 0.6321 0.0000
vt 0.9386 0.6329 0.0000
vt 0.9475 0.6007 0.0000
vt 0.9669 0.6010 0.0000
vt 0.0740 0.7120 0.0000
vt 0.0662 0.6638 0.0000
vt 0.0846 0.6628 0.0000
vt 0.0941 0.7099 0.0000
vt 0.5539 0.8035 0.0000
vt 0.6145 0.8036 0.0000
vt 0.6147 0.8119 0.0000
vt 0.5558 0.8115 0.0000
vt 0.0793 0.8030 0.0000
vt 0.1137 0.8114 0.0000
vt 0.0829 0.8112 0.0000
vt 0.6748 0.8037 0.0000
vt 0.6754 0.8122 0.0000
vt 0.4363 0.8034 0.0000
vt 0.4930 0.8035 0.0000
vt 0.4942 0.8112 0.0000
vt 0.4358 0.8115 0.0000
vt 0.5393 0.3871 0.0000
vt 0.5395 0.3635 0.0000
vt 0.5786 0.3704 0.0000
vt 0.5780 0.3946 0.0000
vt 0.4960 0.6043 0.0000
vt 0.4967 0.5556 0.0000
vt 0.5105 0.5534 0.0000
vt 0.4360 0.6337 0.0000
vt 0.6170 0.4002 0.0000
vt 0.6153 0.3744 0.0000
vt 0.6564 0.3775 0.0000
vt 0.6569 0.4037 0.0000
vt 0.1297 0.6588 0.0000
vt 0.1383 0.7073 0.0000
vt 0.2219 0.7088 0.0000
vt 0.2251 0.7555 0.0000
vt 0.1852 0.7545 0.0000
vt 0.1804 0.7079 0.0000
vt 0.2264 0.8032 0.0000
vt 0.1891 0.8031 0.0000
vt 0.1277 0.6305 0.0000
vt 0.1231 0.6001 0.0000
vt 0.1676 0.5980 0.0000
vt 0.1703 0.6273 0.0000
vt 0.6195 0.6321 0.0000
vt 0.6762 0.6282 0.0000
vt 0.6188 0.6624 0.0000
vt 0.2151 0.6260 0.0000
vt 0.2151 0.6549 0.0000
vt 0.1734 0.6561 0.0000
vt 0.8779 0.5729 0.0000
vt 0.9263 0.5707 0.0000
vt 0.9273 0.5979 0.0000
vt 0.1669 0.5731 0.0000
vt 0.1222 0.5739 0.0000
vt 0.9214 0.6335 0.0000
vt 0.4951 0.6645 0.0000
vt 0.5279 0.6043 0.0000
vt 0.5281 0.6348 0.0000
vt 0.4955 0.6366 0.0000
vt 0.6574 0.3540 0.0000
vt 0.6573 0.3301 0.0000
vt 0.6987 0.3282 0.0000
vt 0.4656 0.6351 0.0000
vt 0.4664 0.6045 0.0000
vt 0.2147 0.5966 0.0000
vt 0.5613 0.6008 0.0000
vt 0.2616 0.6247 0.0000
vt 0.5914 0.5474 0.0000
vt 0.6319 0.5768 0.0000
vt 0.3232 0.6316 0.0000
vt 0.5474 0.5184 0.0000
vt 0.7862 0.5932 0.0000
vt 0.8335 0.5711 0.0000
vt 0.8329 0.5960 0.0000
vt 0.6849 0.5736 0.0000
vt 0.6805 0.5985 0.0000
vt 0.7399 0.5423 0.0000
vt 0.7867 0.5687 0.0000
vt 0.7399 0.5657 0.0000
vt 0.3792 0.8033 0.0000
vt 0.3807 0.7602 0.0000
vt 0.4399 0.7590 0.0000
vt 0.6240 0.6022 0.0000
vt 0.5515 0.7588 0.0000
vt 0.5594 0.7184 0.0000
vt 0.6397 0.5513 0.0000
vt 0.0172 0.5632 0.0000
vt 0.0197 0.5559 0.0000
vt 0.6893 0.5488 0.0000
vt 0.4936 0.7610 0.0000
vt 0.0737 0.5712 0.0000
vt 0.9802 0.5553 0.0000
vt 0.9827 0.5627 0.0000
vt 0.7399 0.8037 0.0000
vt 0.7398 0.8126 0.0000
vt 0.9339 0.6638 0.0000
vt 0.9155 0.6627 0.0000
vt 0.5397 0.3422 0.0000
vt 0.1525 0.8117 0.0000
vt 0.4843 0.5534 0.0000
vt 0.8322 0.4957 0.0000
vt 0.8768 0.4953 0.0000
vt 0.8780 0.5466 0.0000
vt 0.8333 0.5459 0.0000
vt 0.7399 0.4452 0.0000
vt 0.6973 0.4498 0.0000
vt 0.6991 0.4023 0.0000
vt 0.7399 0.3979 0.0000
vt 0.4935 0.5131 0.0000
vt 0.4974 0.5144 0.0000
vt 0.5636 0.4854 0.0000
vt 0.5283 0.4690 0.0000
vt 0.5390 0.4290 0.0000
vt 0.5760 0.4395 0.0000
vt 0.9238 0.4911 0.0000
vt 0.9274 0.5425 0.0000
vt 0.9727 0.5212 0.0000
vt 0.9651 0.4828 0.0000
vt 0.7866 0.5443 0.0000
vt 0.6595 0.1807 0.0000
vt 0.6994 0.1799 0.0000
vt 0.8276 0.3004 0.0000
vt 0.9590 0.4327 0.0000
vt 0.7862 0.4949 0.0000
vt 0.7399 0.4947 0.0000
vt 0.5401 0.2979 0.0000
vt 0.5402 0.2759 0.0000
vt 0.5787 0.2799 0.0000
vt 0.5399 0.3195 0.0000
vt 0.9541 0.2775 0.0000
vt 0.8271 0.2775 0.0000
vt 0.9761 0.5387 0.0000
vt 0.5188 0.4915 0.0000
vt 0.2616 0.7079 0.0000
vt 0.2616 0.7541 0.0000
vt 0.2616 0.6545 0.0000
vt 0.0479 0.6658 0.0000
vt 0.8705 0.6581 0.0000
vt 0.8726 0.6296 0.0000
vt 0.9521 0.6659 0.0000
vt 0.5009 0.5138 0.0000
vt 0.3793 0.7187 0.0000
vt 0.3245 0.7583 0.0000
vt 0.4940 0.7384 0.0000
vt 0.5200 0.7338 0.0000
vt 0.5794 0.2579 0.0000
vt 0.9124 0.2550 0.0000
vt 0.6197 0.1804 0.0000
vt 0.7399 0.2158 0.0000
vt 0.9119 0.2152 0.0000
vt 0.9541 0.2554 0.0000
vt 0.5404 0.2537 0.0000
vt 0.5794 0.0205 0.0000
vt 0.5785 0.0118 0.0000
vt 0.6163 0.0125 0.0000
vt 0.6177 0.0204 0.0000
vt 0.7399 0.1786 0.0000
vt 0.5419 0.0746 0.0000
vt 0.8700 0.1070 0.0000
vt 0.8711 0.0737 0.0000
vt 0.9541 0.1084 0.0000
vt 0.9125 0.1077 0.0000
vt 0.9131 0.0753 0.0000
vt 0.9541 0.0763 0.0000
vt 0.7002 0.0140 0.0000
vt 0.7399 0.0147 0.0000
vt 0.7399 0.0197 0.0000
vt 0.7005 0.0197 0.0000
vt 0.6201 0.1428 0.0000
vt 0.6591 0.1429 0.0000
vt 0.6577 0.0132 0.0000
vt 0.6583 0.0203 0.0000
vt 0.6991 0.1424 0.0000
vt 0.6593 0.0756 0.0000
vt 0.6593 0.0438 0.0000
vt 0.6991 0.0427 0.0000
vt 0.6996 0.0757 0.0000
vt 0.6992 0.1074 0.0000
vt 0.6593 0.1077 0.0000
vt 0.6183 0.0448 0.0000
vt 0.5417 0.1067 0.0000
vt 0.7399 0.0431 0.0000
vt 0.7850 0.0143 0.0000
vt 0.7841 0.0203 0.0000
vt 0.9541 0.1803 0.0000
vt 0.9541 0.2165 0.0000
vt 0.9118 0.1802 0.0000
vt 0.7399 0.1415 0.0000
vt 0.8320 0.0139 0.0000
vt 0.8731 0.0135 0.0000
vt 0.8745 0.0204 0.0000
vt 0.8305 0.0207 0.0000
vt 0.7819 0.1795 0.0000
vt 0.8251 0.1798 0.0000
vt 0.8687 0.1800 0.0000
vt 0.5424 0.0206 0.0000
vt 0.5425 0.0111 0.0000
vt 0.9146 0.0213 0.0000
vt 0.9148 0.0131 0.0000
vt 0.9541 0.0127 0.0000
vt 0.9541 0.0222 0.0000
vt 0.9141 0.0447 0.0000
vt 0.8727 0.0456 0.0000
vt 0.9120 0.1432 0.0000
vt 0.9541 0.1434 0.0000
vt 0.5779 0.0436 0.0000
vt 0.5411 0.1786 0.0000
vt 0.5414 0.1418 0.0000
vt 0.5814 0.1424 0.0000
vt 0.5422 0.0424 0.0000
vt 0.8277 0.0445 0.0000
vt 0.7826 0.0430 0.0000
vt 0.7823 0.1422 0.0000
vt 0.8255 0.1426 0.0000
vt 0.8692 0.1428 0.0000
vt 0.9541 0.0440 0.0000
vt 0.5408 0.2148 0.0000
vt 0.8616 0.7070 0.0000
vt 0.9055 0.7102 0.0000
vt 0.8956 0.7564 0.0000
vt 0.8543 0.7543 0.0000
vt 0.8145 0.7542 0.0000
vt 0.8198 0.7071 0.0000
vt 0.5286 0.6642 0.0000
vt 0.5262 0.7175 0.0000
vt 0.8101 0.8038 0.0000
vt 0.8469 0.8039 0.0000
vt 0.8772 0.5991 0.0000
vt 0.7786 0.7071 0.0000
vt 0.3800 0.8119 0.0000
vt 0.8835 0.8039 0.0000
vt 0.8865 0.8131 0.0000
vt 0.8480 0.8130 0.0000
vt 0.7751 0.7546 0.0000
vt 0.7399 0.7522 0.0000
vt 0.7735 0.8038 0.0000
vt 0.9895 0.5714 0.0000
vt 0.7857 0.6228 0.0000
vt 0.7399 0.6193 0.0000
vt 0.7399 0.5900 0.0000
vt 0.3783 0.6641 0.0000
vt 0.5616 0.6639 0.0000
vt 0.3245 0.7151 0.0000
vt 0.3234 0.6609 0.0000
vt 0.1728 0.3736 0.0000
vt 0.8271 0.6544 0.0000
vt 0.8302 0.6254 0.0000
vt 0.7855 0.6521 0.0000
vt 0.5597 0.6328 0.0000
vt 0.0105 0.5720 0.0000
vt 0.0663 0.7634 0.0000
vt 0.0548 0.7150 0.0000
vt 0.0757 0.7331 0.0000
vt 0.0609 0.7427 0.0000
vt 0.9324 0.7646 0.0000
vt 0.9180 0.8040 0.0000
vt 0.9447 0.7157 0.0000
vt 0.9256 0.7125 0.0000
vt 0.3782 0.6341 0.0000
vt 0.9382 0.7436 0.0000
vt 0.9235 0.7338 0.0000
vt 0.3224 0.8033 0.0000
vt 0.3225 0.8122 0.0000
vt 0.2615 0.8126 0.0000
vt 0.2616 0.8032 0.0000
vt 0.2263 0.8123 0.0000
vt 0.1910 0.8120 0.0000
vt 0.7747 0.8127 0.0000
vt 0.8098 0.8128 0.0000
vt 0.9171 0.8133 0.0000
vt 0.4603 0.3496 0.0000
vt 0.7733 0.5481 0.0000
vt 0.9177 0.5430 0.0000
vt 0.9077 0.7341 0.0000
vt 0.9458 0.7545 0.0000
vt 0.9443 0.5313 0.0000
vt 0.4480 0.5378 0.0000
vt 0.5848 0.5348 0.0000
vt 0.4504 0.6506 0.0000
vt 0.5948 0.6523 0.0000
vt 0.2638 0.5342 0.0000
vt 0.1224 0.5171 0.0000
vt 0.2675 0.3694 0.0000
vt 0.1249 0.3173 0.0000
vt 0.1347 0.7277 0.0000
vt 0.2630 0.6982 0.0000
vt 0.7536 0.8566 0.0000
vt 0.7675 0.6912 0.0000
vt 0.8755 0.8915 0.0000
vt 0.0677 0.2938 0.0000
vt 0.0715 0.5127 0.0000
vt 0.4513 0.4427 0.0000
vt 0.5818 0.4319 0.0000
vt 0.5954 0.7567 0.0000
vt 0.6169 0.7646 0.0000
vt 0.5875 0.8702 0.0000
vt 0.4482 0.7602 0.0000
vt 0.4306 0.8309 0.0000
vt 0.4239 0.7555 0.0000
vt 0.6265 0.5465 0.0000
vt 0.6218 0.6421 0.0000
vt 0.4172 0.4300 0.0000
vt 0.4519 0.3389 0.0000
vt 0.4282 0.3273 0.0000
vt 0.4655 0.2189 0.0000
vt 0.5724 0.3428 0.0000
vt 0.5816 0.2341 0.0000
vt 0.6009 0.3265 0.0000
vt 0.4093 0.5436 0.0000
vt 0.4191 0.6480 0.0000
vt 0.6144 0.4292 0.0000
vt 0.0567 0.7471 0.0000
vt 0.9038 0.9531 0.0000
vt 0.9091 0.3544 0.0000
vt 0.9483 0.3205 0.0000
vt 0.1554 0.1795 0.0000
vt 0.1123 0.1060 0.0000
vt 0.7593 0.3902 0.0000
vt 0.2897 0.2346 0.0000
vt 0.4510 0.2279 0.0000
vt 0.3087 0.1320 0.0000
vt 0.2828 0.8298 0.0000
vt 0.2932 0.9152 0.0000
vt 0.1517 0.8619 0.0000
vt 0.1391 0.9957 0.0000
vt 0.8835 0.2302 0.0000
vt 0.7365 0.3177 0.0000
vt 0.8754 0.8825 0.0000
vt 0.7414 0.8199 0.0000
vt 0.1025 0.6476 0.0000
vt 0.1699 0.1624 0.0000
vt 0.1149 0.4677 0.0000
vt 0.1198 0.2980 0.0000
vt 0.3200 0.2816 0.0000
vt 0.2938 0.7455 0.0000
vt 0.1352 0.7921 0.0000
vt 0.8715 0.1534 0.0000
vt 0.7349 0.2255 0.0000
vt 0.8796 0.1027 0.0000
vt 0.7286 0.1615 0.0000
vt 0.7496 0.9093 0.0000
vt 0.6113 0.8463 0.0000
vt 0.0918 0.9399 0.0000
vt 0.1475 0.0710 0.0000
vt 0.8924 0.1171 0.0000
vt 0.8840 0.9738 0.0000
vt 0.4558 0.8646 0.0000
vt 0.5832 0.3993 0.0000
vt 0.5998 0.7103 0.0000
vt 0.4658 0.3894 0.0000
vt 0.4452 0.6894 0.0000
vt 0.9323 0.5584 0.0000
vt 0.9235 0.7330 0.0000
vt 0.9308 0.3946 0.0000
vt 0.5670 0.2236 0.0000
vt 0.5360 0.0465 0.0000
vt 0.5322 0.1063 0.0000
vt 0.4688 0.1049 0.0000
vt 0.4692 0.0383 0.0000
vt 0.5233 0.2529 0.0000
vt 0.5205 0.3385 0.0000
vt 0.4659 0.3352 0.0000
vt 0.4672 0.2508 0.0000
vt 0.4065 0.2485 0.0000
vt 0.4026 0.3316 0.0000
vt 0.3383 0.3292 0.0000
vt 0.3408 0.4125 0.0000
vt 0.2716 0.4100 0.0000
vt 0.0779 0.8440 0.0000
vt 0.0713 0.7901 0.0000
vt 0.1232 0.8052 0.0000
vt 0.1247 0.8484 0.0000
vt 0.0902 0.7398 0.0000
vt 0.1282 0.7593 0.0000
vt 0.2365 0.8935 0.0000
vt 0.2843 0.8930 0.0000
vt 0.2392 0.9239 0.0000
vt 0.0234 0.5094 0.0000
vt 0.0680 0.5047 0.0000
vt 0.0846 0.5639 0.0000
vt 0.0556 0.6030 0.0000
vt 0.3407 0.4990 0.0000
vt 0.2711 0.4973 0.0000
vt 0.1388 0.4131 0.0000
vt 0.2028 0.4116 0.0000
vt 0.2013 0.4981 0.0000
vt 0.2705 0.5754 0.0000
vt 0.4564 0.5663 0.0000
vt 0.4085 0.5845 0.0000
vt 0.4047 0.5010 0.0000
vt 0.4736 0.5074 0.0000
vt 0.3424 0.5787 0.0000
vt 0.3385 0.6544 0.0000
vt 0.4699 0.4201 0.0000
vt 0.4043 0.4150 0.0000
vt 0.2760 0.7883 0.0000
vt 0.2687 0.7865 0.0000
vt 0.2691 0.7630 0.0000
vt 0.2790 0.7654 0.0000
vt 0.3854 0.8937 0.0000
vt 0.3847 0.9250 0.0000
vt 0.3346 0.9246 0.0000
vt 0.3348 0.8934 0.0000
vt 0.1415 0.3297 0.0000
vt 0.0728 0.4173 0.0000
vt 0.0781 0.3324 0.0000
vt 0.1861 0.6811 0.0000
vt 0.2014 0.6534 0.0000
vt 0.2206 0.6939 0.0000
vt 0.1373 0.4993 0.0000
vt 0.2845 0.9243 0.0000
vt 0.1985 0.5777 0.0000
vt 0.2873 0.9538 0.0000
vt 0.4695 0.1741 0.0000
vt 0.5264 0.1755 0.0000
vt 0.0778 0.1023 0.0000
vt 0.0764 0.1715 0.0000
vt 0.0188 0.1719 0.0000
vt 0.0140 0.1027 0.0000
vt 0.4035 0.1040 0.0000
vt 0.3401 0.1033 0.0000
vt 0.3442 0.0338 0.0000
vt 0.4075 0.0349 0.0000
vt 0.0774 0.0357 0.0000
vt 0.1413 0.0342 0.0000
vt 0.1439 0.1017 0.0000
vt 0.2058 0.0327 0.0000
vt 0.1457 0.0216 0.0000
vt 0.2083 0.0190 0.0000
vt 0.2082 0.1702 0.0000
vt 0.2733 0.1703 0.0000
vt 0.2726 0.2449 0.0000
vt 0.3397 0.2461 0.0000
vt 0.3385 0.1712 0.0000
vt 0.1425 0.1705 0.0000
vt 0.2066 0.2453 0.0000
vt 0.1390 0.2464 0.0000
vt 0.2724 0.3279 0.0000
vt 0.0777 0.2478 0.0000
vt 0.0166 0.4198 0.0000
vt 0.2745 0.0303 0.0000
vt 0.2748 0.0109 0.0000
vt 0.3408 0.0206 0.0000
vt 0.0210 0.2491 0.0000
vt 0.5261 0.4235 0.0000
vt 0.5179 0.5129 0.0000
vt 0.4849 0.6059 0.0000
vt 0.4041 0.1723 0.0000
vt 0.4032 0.0239 0.0000
vt 0.0793 0.0210 0.0000
vt 0.2740 0.1033 0.0000
vt 0.2079 0.1022 0.0000
vt 0.2873 0.9615 0.0000
vt 0.2411 0.9607 0.0000
vt 0.2398 0.9530 0.0000
vt 0.3833 0.8792 0.0000
vt 0.3350 0.8769 0.0000
vt 0.1510 0.9625 0.0000
vt 0.1090 0.9640 0.0000
vt 0.1080 0.9564 0.0000
vt 0.1528 0.9542 0.0000
vt 0.6413 0.8709 0.0000
vt 0.6103 0.8807 0.0000
vt 0.6095 0.8718 0.0000
vt 0.6412 0.8645 0.0000
vt 0.5962 0.8161 0.0000
vt 0.5902 0.7937 0.0000
vt 0.6307 0.7989 0.0000
vt 0.5675 0.6182 0.0000
vt 0.6054 0.6249 0.0000
vt 0.5681 0.6414 0.0000
vt 0.6338 0.6484 0.0000
vt 0.6178 0.6640 0.0000
vt 0.5966 0.6464 0.0000
vt 0.6161 0.7808 0.0000
vt 0.6315 0.7579 0.0000
vt 0.6512 0.7684 0.0000
vt 0.5247 0.6273 0.0000
vt 0.5358 0.6484 0.0000
vt 0.5111 0.6662 0.0000
vt 0.4924 0.6506 0.0000
vt 0.0394 0.9614 0.0000
vt 0.0294 0.9658 0.0000
vt 0.0262 0.9222 0.0000
vt 0.0348 0.9223 0.0000
vt 0.5175 0.9653 0.0000
vt 0.5160 0.9571 0.0000
vt 0.5607 0.9599 0.0000
vt 0.5595 0.9675 0.0000
vt 0.2370 0.8798 0.0000
vt 0.2866 0.8784 0.0000
vt 0.6406 0.8936 0.0000
vt 0.6338 0.9270 0.0000
vt 0.6019 0.9268 0.0000
vt 0.3814 0.9545 0.0000
vt 0.4289 0.9545 0.0000
vt 0.1906 0.8933 0.0000
vt 0.1921 0.8810 0.0000
vt 0.3908 0.8132 0.0000
vt 0.4161 0.8069 0.0000
vt 0.4146 0.8500 0.0000
vt 0.3877 0.8536 0.0000
vt 0.4680 0.7918 0.0000
vt 0.4614 0.8457 0.0000
vt 0.5572 0.7961 0.0000
vt 0.5526 0.8194 0.0000
vt 0.4708 0.9621 0.0000
vt 0.4695 0.9544 0.0000
vt 0.3344 0.9535 0.0000
vt 0.6289 0.9658 0.0000
vt 0.5989 0.9642 0.0000
vt 0.2613 0.7883 0.0000
vt 0.2593 0.7655 0.0000
vt 0.2699 0.6503 0.0000
vt 0.3189 0.6947 0.0000
vt 0.2697 0.6896 0.0000
vt 0.0289 0.8599 0.0000
vt 0.0484 0.8509 0.0000
vt 0.0605 0.8675 0.0000
vt 0.6218 0.8553 0.0000
vt 0.1526 0.7158 0.0000
vt 0.2003 0.6972 0.0000
vt 0.1742 0.7331 0.0000
vt 0.1247 0.6758 0.0000
vt 0.0673 0.9225 0.0000
vt 0.0697 0.9601 0.0000
vt 0.2059 0.3281 0.0000
vt 0.6428 0.9271 0.0000
vt 0.6461 0.8937 0.0000
vt 0.0234 0.3349 0.0000
vt 0.4275 0.9621 0.0000
vt 0.4791 0.8956 0.0000
vt 0.4332 0.8950 0.0000
vt 0.4329 0.8814 0.0000
vt 0.4778 0.8832 0.0000
vt 0.1485 0.8116 0.0000
vt 0.1516 0.8520 0.0000
vt 0.1566 0.7737 0.0000
vt 0.5198 0.8812 0.0000
vt 0.5229 0.8942 0.0000
vt 0.1324 0.5827 0.0000
vt 0.4300 0.9254 0.0000
vt 0.3536 0.6823 0.0000
vt 0.3813 0.9622 0.0000
vt 0.3343 0.9615 0.0000
vt 0.5655 0.8771 0.0000
vt 0.5688 0.8884 0.0000
vt 0.0235 0.8889 0.0000
vt 0.0288 0.8889 0.0000
vt 0.1992 0.9523 0.0000
vt 0.4959 0.7296 0.0000
vt 0.5073 0.7611 0.0000
vt 0.4874 0.7739 0.0000
vt 0.4727 0.7329 0.0000
vt 0.5150 0.8063 0.0000
vt 0.0696 0.9681 0.0000
vt 0.1010 0.8847 0.0000
vt 0.1045 0.8735 0.0000
vt 0.1468 0.8913 0.0000
vt 0.1944 0.9235 0.0000
vt 0.5285 0.7860 0.0000
vt 0.4752 0.6895 0.0000
vt 0.4979 0.6961 0.0000
vt 0.6534 0.6732 0.0000
vt 0.6325 0.6825 0.0000
vt 0.0596 0.8764 0.0000
vt 0.6406 0.7363 0.0000
vt 0.6634 0.7394 0.0000
vt 0.1501 0.8783 0.0000
vt 0.1508 0.9232 0.0000
vt 0.1053 0.9228 0.0000
vt 0.3392 0.6983 0.0000
vt 0.4150 0.6776 0.0000
vt 0.3652 0.7345 0.0000
vt 0.3868 0.7174 0.0000
vt 0.4112 0.7609 0.0000
vt 0.4492 0.7415 0.0000
vt 0.1978 0.9600 0.0000
vt 0.3827 0.7752 0.0000
vt 0.6381 0.9709 0.0000
vt 0.2695 0.7178 0.0000
vt 0.2958 0.7273 0.0000
vt 0.0229 0.8685 0.0000
vt 0.0287 0.8662 0.0000
vt 0.2435 0.7265 0.0000
vt 0.0373 0.9721 0.0000
vt 0.6469 0.8732 0.0000
vt 0.0109 0.8865 0.0000
vt 0.6582 0.8916 0.0000
vt 0.5990 0.9721 0.0000
vt 0.6316 0.9759 0.0000
vt 0.4688 0.0256 0.0000
vt 0.5365 0.0353 0.0000
vt 0.0109 0.0425 0.0000
vt 0.0110 0.0301 0.0000
vt 0.4747 0.9258 0.0000
vt 0.5184 0.9261 0.0000
vt 0.5639 0.9265 0.0000
vt 0.5766 0.3968 0.0000
vt 0.6156 0.4099 0.0000
vt 0.5503 0.4758 0.0000
vt 0.6971 0.3916 0.0000
vt 0.7041 0.3461 0.0000
vt 0.7348 0.3462 0.0000
vt 0.7356 0.3920 0.0000
vt 0.7345 0.5084 0.0000
vt 0.6853 0.5053 0.0000
vt 0.6917 0.4246 0.0000
vt 0.7371 0.4266 0.0000
vt 0.8303 0.5024 0.0000
vt 0.7847 0.5068 0.0000
vt 0.7820 0.4244 0.0000
vt 0.7799 0.4059 0.0000
vt 0.7369 0.4079 0.0000
vt 0.6941 0.4073 0.0000
vt 0.8532 0.3989 0.0000
vt 0.8581 0.4164 0.0000
vt 0.8229 0.4209 0.0000
vt 0.8201 0.4032 0.0000
vt 0.9087 0.3582 0.0000
vt 0.8780 0.3753 0.0000
vt 0.8578 0.3330 0.0000
vt 0.9221 0.3731 0.0000
vt 0.8858 0.3909 0.0000
vt 0.6237 0.3920 0.0000
vt 0.5913 0.3750 0.0000
vt 0.7775 0.3909 0.0000
vt 0.8075 0.3436 0.0000
vt 0.8341 0.3395 0.0000
vt 0.8163 0.3884 0.0000
vt 0.6664 0.3861 0.0000
vt 0.7739 0.3455 0.0000
vt 0.6789 0.3417 0.0000
vt 0.6530 0.3349 0.0000
vt 0.8479 0.3839 0.0000
vt 0.6053 0.3607 0.0000
vt 0.6325 0.3768 0.0000
vt 0.9376 0.3937 0.0000
vt 0.8943 0.4088 0.0000
vt 0.6616 0.4014 0.0000
vt 0.6332 0.3232 0.0000
vt 0.6563 0.4192 0.0000
vt 0.6417 0.4990 0.0000
vt 0.5964 0.4883 0.0000
vt 0.9164 0.4882 0.0000
vt 0.8730 0.4968 0.0000
vt 0.8806 0.3200 0.0000
vt 0.9642 0.4778 0.0000
vt 0.7335 0.1984 0.0000
vt 0.6877 0.1952 0.0000
vt 0.7340 0.1160 0.0000
vt 0.6622 0.0924 0.0000
vt 0.6670 0.0772 0.0000
vt 0.6954 0.0957 0.0000
vt 0.7376 0.0824 0.0000
vt 0.7400 0.0369 0.0000
vt 0.7796 0.0824 0.0000
vt 0.6988 0.0809 0.0000
vt 0.8243 0.1138 0.0000
vt 0.7790 0.1170 0.0000
vt 0.8214 0.0966 0.0000
vt 0.7786 0.0983 0.0000
vt 0.7837 0.1987 0.0000
vt 0.8596 0.1075 0.0000
vt 0.8538 0.0899 0.0000
vt 0.8762 0.1868 0.0000
vt 0.9212 0.1750 0.0000
vt 0.8328 0.1943 0.0000
vt 0.6449 0.1907 0.0000
vt 0.6577 0.1100 0.0000
vt 0.6930 0.1136 0.0000
vt 0.6797 0.0325 0.0000
vt 0.8181 0.0810 0.0000
vt 0.7356 0.0974 0.0000
vt 0.8999 0.0971 0.0000
vt 0.7064 0.0359 0.0000
vt 0.9303 0.0661 0.0000
vt 0.8914 0.0794 0.0000
vt 0.9090 0.0477 0.0000
vt 0.8822 0.0645 0.0000
vt 0.5777 0.0894 0.0000
vt 0.6213 0.1033 0.0000
vt 0.6013 0.1833 0.0000
vt 0.6368 0.0694 0.0000
vt 0.6056 0.0531 0.0000
vt 0.6559 0.0265 0.0000
vt 0.6294 0.0852 0.0000
vt 0.8486 0.0747 0.0000
vt 0.8349 0.0306 0.0000
vt 0.8606 0.0232 0.0000
vt 0.9429 0.0865 0.0000
vt 0.8801 0.0109 0.0000
vt 0.8098 0.0357 0.0000
vt 0.7792 0.0365 0.0000
vt 0.5533 0.1741 0.0000
vt 0.6327 0.0142 0.0000
vt 0.5926 0.0684 0.0000
vt 0.9670 0.1613 0.0000
vt 0.1471 0.7196 0.0000
vt 0.1195 0.6932 0.0000
vt 0.1469 0.6924 0.0000
vt 0.0515 0.7507 0.0000
vt 0.0502 0.7224 0.0000
vt 0.0706 0.7220 0.0000
vt 0.2071 0.9683 0.0000
vt 0.1863 0.9728 0.0000
vt 0.1868 0.9667 0.0000
vt 0.2285 0.9696 0.0000
vt 0.2279 0.9760 0.0000
vt 0.2066 0.9744 0.0000
vt 0.2297 0.9021 0.0000
vt 0.2064 0.9320 0.0000
vt 0.2062 0.9006 0.0000
vt 0.2534 0.9036 0.0000
vt 0.2513 0.9348 0.0000
vt 0.2294 0.9335 0.0000
vt 0.1671 0.9706 0.0000
vt 0.1668 0.9658 0.0000
vt 0.0735 0.8992 0.0000
vt 0.0529 0.8999 0.0000
vt 0.0529 0.8698 0.0000
vt 0.1421 0.9639 0.0000
vt 0.1208 0.9705 0.0000
vt 0.1192 0.9635 0.0000
vt 0.1426 0.9697 0.0000
vt 0.1203 0.8685 0.0000
vt 0.0960 0.8987 0.0000
vt 0.0957 0.8686 0.0000
vt 0.1196 0.8985 0.0000
vt 0.1450 0.8688 0.0000
vt 0.0916 0.9705 0.0000
vt 0.1447 0.8988 0.0000
vt 0.1710 0.8692 0.0000
vt 0.2685 0.9729 0.0000
vt 0.2467 0.9771 0.0000
vt 0.2469 0.9707 0.0000
vt 0.0737 0.8690 0.0000
vt 0.2667 0.9786 0.0000
vt 0.0740 0.9566 0.0000
vt 0.0955 0.9293 0.0000
vt 0.0936 0.9564 0.0000
vt 0.1187 0.9552 0.0000
vt 0.1677 0.9561 0.0000
vt 0.1434 0.9292 0.0000
vt 0.1692 0.9300 0.0000
vt 0.2772 0.9047 0.0000
vt 0.2750 0.9356 0.0000
vt 0.0522 0.9313 0.0000
vt 0.0738 0.9302 0.0000
vt 0.1886 0.8996 0.0000
vt 0.1877 0.9309 0.0000
vt 0.1872 0.9574 0.0000
vt 0.2290 0.9601 0.0000
vt 0.2071 0.9587 0.0000
vt 0.0527 0.8399 0.0000
vt 0.0735 0.8392 0.0000
vt 0.1465 0.7783 0.0000
vt 0.1209 0.7485 0.0000
vt 0.1471 0.7482 0.0000
vt 0.1727 0.7788 0.0000
vt 0.1455 0.8389 0.0000
vt 0.1715 0.8394 0.0000
vt 0.2112 0.7500 0.0000
vt 0.2349 0.7819 0.0000
vt 0.2095 0.7803 0.0000
vt 0.1916 0.7795 0.0000
vt 0.2083 0.8107 0.0000
vt 0.1738 0.7484 0.0000
vt 0.1930 0.7491 0.0000
vt 0.1723 0.8093 0.0000
vt 0.1207 0.7782 0.0000
vt 0.1908 0.8099 0.0000
vt 0.1206 0.8084 0.0000
vt 0.1203 0.8386 0.0000
vt 0.1460 0.8087 0.0000
vt 0.2370 0.7521 0.0000
vt 0.2391 0.7233 0.0000
vt 0.2666 0.7268 0.0000
vt 0.2706 0.7003 0.0000
vt 0.2932 0.7304 0.0000
vt 0.1745 0.7193 0.0000
vt 0.1204 0.7202 0.0000
vt 0.0936 0.7211 0.0000
vt 0.0911 0.6944 0.0000
vt 0.0725 0.7499 0.0000
vt 0.0951 0.7491 0.0000
vt 0.2416 0.6965 0.0000
vt 0.2615 0.7846 0.0000
vt 0.2336 0.8126 0.0000
vt 0.0522 0.8101 0.0000
vt 0.2646 0.7552 0.0000
vt 0.1749 0.6922 0.0000
vt 0.0480 0.6959 0.0000
vt 0.0678 0.6954 0.0000
vt 0.1940 0.7199 0.0000
vt 0.1952 0.6929 0.0000
vt 0.2142 0.6940 0.0000
vt 0.2125 0.7208 0.0000
vt 0.0526 0.9594 0.0000
vt 0.1701 0.8993 0.0000
vt 0.2067 0.8703 0.0000
vt 0.0927 0.9633 0.0000
vt 0.0750 0.9716 0.0000
vt 0.0748 0.9657 0.0000
vt 0.1900 0.8399 0.0000
vt 0.1891 0.8695 0.0000
vt 0.2482 0.9613 0.0000
vt 0.2712 0.9632 0.0000
vt 0.2553 0.8735 0.0000
vt 0.2794 0.8751 0.0000
vt 0.1195 0.9290 0.0000
vt 0.0550 0.9692 0.0000
vt 0.1423 0.9551 0.0000
vt 0.0584 0.9746 0.0000
vt 0.2077 0.8407 0.0000
vt 0.2307 0.8719 0.0000
vt 0.0958 0.8387 0.0000
vt 0.0956 0.8088 0.0000
vt 0.0954 0.7787 0.0000
vt 0.2870 0.7873 0.0000
vt 0.2595 0.8145 0.0000
vt 0.2818 0.8458 0.0000
vt 0.2572 0.8441 0.0000
vt 0.2322 0.8423 0.0000
vt 0.0730 0.7794 0.0000
vt 0.0731 0.8094 0.0000
vt 0.2842 0.8165 0.0000
vt 0.0517 0.7801 0.0000
vt 0.2904 0.7584 0.0000
vt 0.2976 0.7040 0.0000
vt 0.3916 0.6598 0.0000
vt 0.3713 0.6586 0.0000
vt 0.3928 0.6289 0.0000
vt 0.5670 0.5866 0.0000
vt 0.5486 0.5937 0.0000
vt 0.5482 0.5873 0.0000
vt 0.4392 0.5967 0.0000
vt 0.4128 0.5965 0.0000
vt 0.4119 0.5891 0.0000
vt 0.5705 0.6289 0.0000
vt 0.5489 0.6032 0.0000
vt 0.5681 0.6025 0.0000
vt 0.5269 0.6041 0.0000
vt 0.5069 0.6048 0.0000
vt 0.5068 0.5955 0.0000
vt 0.4868 0.5958 0.0000
vt 0.4384 0.6051 0.0000
vt 0.4137 0.6033 0.0000
vt 0.5671 0.5931 0.0000
vt 0.5719 0.6602 0.0000
vt 0.5943 0.6288 0.0000
vt 0.4874 0.6056 0.0000
vt 0.4625 0.6318 0.0000
vt 0.4621 0.6059 0.0000
vt 0.4386 0.6314 0.0000
vt 0.4149 0.6305 0.0000
vt 0.5069 0.6626 0.0000
vt 0.4885 0.6624 0.0000
vt 0.4883 0.6316 0.0000
vt 0.5957 0.6598 0.0000
vt 0.3952 0.5876 0.0000
vt 0.3657 0.8079 0.0000
vt 0.3862 0.8089 0.0000
vt 0.3836 0.8371 0.0000
vt 0.4626 0.6923 0.0000
vt 0.4883 0.7224 0.0000
vt 0.4623 0.7222 0.0000
vt 0.5243 0.6923 0.0000
vt 0.5067 0.6928 0.0000
vt 0.4885 0.6925 0.0000
vt 0.3949 0.5933 0.0000
vt 0.3938 0.6026 0.0000
vt 0.5272 0.5944 0.0000
vt 0.5731 0.6904 0.0000
vt 0.5482 0.6611 0.0000
vt 0.3725 0.5992 0.0000
vt 0.5887 0.5914 0.0000
vt 0.5911 0.6012 0.0000
vt 0.4378 0.6919 0.0000
vt 0.4135 0.6911 0.0000
vt 0.4147 0.6610 0.0000
vt 0.3910 0.6900 0.0000
vt 0.4873 0.5911 0.0000
vt 0.4628 0.5913 0.0000
vt 0.4380 0.6619 0.0000
vt 0.4630 0.6623 0.0000
vt 0.5486 0.6296 0.0000
vt 0.5256 0.6305 0.0000
vt 0.5269 0.5883 0.0000
vt 0.3704 0.6887 0.0000
vt 0.5743 0.7199 0.0000
vt 0.5973 0.6894 0.0000
vt 0.4621 0.5970 0.0000
vt 0.3752 0.5894 0.0000
vt 0.6042 0.8067 0.0000
vt 0.5789 0.8094 0.0000
vt 0.5771 0.7798 0.0000
vt 0.4621 0.7524 0.0000
vt 0.4881 0.7830 0.0000
vt 0.4619 0.7829 0.0000
vt 0.4881 0.7526 0.0000
vt 0.4371 0.7219 0.0000
vt 0.4365 0.7521 0.0000
vt 0.4885 0.8132 0.0000
vt 0.4881 0.8422 0.0000
vt 0.4607 0.8413 0.0000
vt 0.3635 0.8361 0.0000
vt 0.5485 0.6914 0.0000
vt 0.5246 0.6620 0.0000
vt 0.5498 0.7505 0.0000
vt 0.5492 0.7210 0.0000
vt 0.5245 0.7221 0.0000
vt 0.4103 0.7811 0.0000
vt 0.4095 0.8103 0.0000
vt 0.3872 0.7797 0.0000
vt 0.3661 0.7783 0.0000
vt 0.4359 0.7823 0.0000
vt 0.5243 0.7520 0.0000
vt 0.5068 0.7224 0.0000
vt 0.3898 0.7199 0.0000
vt 0.4127 0.7211 0.0000
vt 0.4116 0.7511 0.0000
vt 0.3678 0.7482 0.0000
vt 0.3693 0.7185 0.0000
vt 0.5078 0.8130 0.0000
vt 0.5068 0.7828 0.0000
vt 0.5251 0.7824 0.0000
vt 0.5507 0.7817 0.0000
vt 0.6068 0.8346 0.0000
vt 0.5802 0.8379 0.0000
vt 0.4615 0.8125 0.0000
vt 0.5517 0.8118 0.0000
vt 0.5260 0.8128 0.0000
vt 0.3885 0.7499 0.0000
vt 0.5758 0.7490 0.0000
vt 0.5990 0.7188 0.0000
vt 0.4351 0.8114 0.0000
vt 0.4339 0.8402 0.0000
vt 0.4071 0.8388 0.0000
vt 0.4596 0.8678 0.0000
vt 0.4323 0.8670 0.0000
vt 0.4878 0.8688 0.0000
vt 0.5078 0.8423 0.0000
vt 0.4039 0.8656 0.0000
vt 0.3802 0.8637 0.0000
vt 0.5069 0.6312 0.0000
vt 0.3714 0.6273 0.0000
vt 0.5065 0.5894 0.0000
vt 0.3788 0.5841 0.0000
vt 0.5871 0.5856 0.0000
vt 0.4410 0.5900 0.0000
vt 0.5528 0.8406 0.0000
vt 0.5262 0.8421 0.0000
vt 0.5067 0.7523 0.0000
vt 0.6007 0.7482 0.0000
vt 0.6018 0.7776 0.0000
vt 0.6107 0.8611 0.0000
vt 0.5836 0.8645 0.0000
vt 0.5082 0.8690 0.0000
vt 0.3607 0.8624 0.0000
vt 0.5547 0.8676 0.0000
vt 0.5273 0.8691 0.0000
vt 0.7324 0.3248 0.0000
vt 0.7603 0.3245 0.0000
vt 0.7627 0.3586 0.0000
vt 0.1571 0.4028 0.0000
vt 0.1773 0.4366 0.0000
vt 0.1586 0.4356 0.0000
vt 0.1212 0.4026 0.0000
vt 0.1228 0.4347 0.0000
vt 0.0884 0.4344 0.0000
vt 0.2477 0.3825 0.0000
vt 0.2857 0.3527 0.0000
vt 0.2793 0.4044 0.0000
vt 0.6570 0.5720 0.0000
vt 0.6633 0.5959 0.0000
vt 0.6493 0.5770 0.0000
vt 0.1910 0.3913 0.0000
vt 0.8287 0.4541 0.0000
vt 0.8637 0.4371 0.0000
vt 0.8728 0.4805 0.0000
vt 0.0889 0.4658 0.0000
vt 0.0548 0.4664 0.0000
vt 0.1213 0.5064 0.0000
vt 0.0885 0.5054 0.0000
vt 0.1098 0.5555 0.0000
vt 0.1162 0.5392 0.0000
vt 0.1569 0.5509 0.0000
vt 0.2791 0.4406 0.0000
vt 0.2587 0.4082 0.0000
vt 0.2533 0.4231 0.0000
vt 0.8678 0.3956 0.0000
vt 0.8522 0.3974 0.0000
vt 0.8782 0.4344 0.0000
vt 0.4000 0.9488 0.0000
vt 0.4201 0.9682 0.0000
vt 0.3975 0.9675 0.0000
vt 0.4224 0.9507 0.0000
vt 0.4552 0.9518 0.0000
vt 0.4540 0.9731 0.0000
vt 0.5095 0.9040 0.0000
vt 0.4890 0.8897 0.0000
vt 0.5099 0.8893 0.0000
vt 0.5303 0.9106 0.0000
vt 0.2296 0.4206 0.0000
vt 0.2251 0.4034 0.0000
vt 0.3532 0.9422 0.0000
vt 0.3385 0.9248 0.0000
vt 0.3604 0.9254 0.0000
vt 0.3472 0.9566 0.0000
vt 0.3257 0.9488 0.0000
vt 0.4567 0.9344 0.0000
vt 0.4887 0.9088 0.0000
vt 0.4886 0.9328 0.0000
vt 0.4247 0.9322 0.0000
vt 0.4581 0.9077 0.0000
vt 0.3950 0.2695 0.0000
vt 0.3563 0.2353 0.0000
vt 0.3958 0.2353 0.0000
vt 0.2495 0.3555 0.0000
vt 0.2643 0.5173 0.0000
vt 0.8280 0.4100 0.0000
vt 0.8198 0.4539 0.0000
vt 0.8198 0.4096 0.0000
vt 0.8386 0.3540 0.0000
vt 0.8279 0.4786 0.0000
vt 0.8907 0.4741 0.0000
vt 0.1863 0.3234 0.0000
vt 0.2157 0.3216 0.0000
vt 0.2183 0.3591 0.0000
vt 0.1526 0.3634 0.0000
vt 0.1874 0.3617 0.0000
vt 0.2831 0.3168 0.0000
vt 0.2512 0.3185 0.0000
vt 0.2486 0.2770 0.0000
vt 0.2135 0.2792 0.0000
vt 0.3562 0.2043 0.0000
vt 0.3956 0.2051 0.0000
vt 0.6749 0.6123 0.0000
vt 0.6701 0.6161 0.0000
vt 0.3727 0.9648 0.0000
vt 0.3286 0.9406 0.0000
vt 0.6331 0.9423 0.0000
vt 0.6380 0.9539 0.0000
vt 0.6060 0.9641 0.0000
vt 0.5319 0.9312 0.0000
vt 0.5645 0.9315 0.0000
vt 0.7094 0.6319 0.0000
vt 0.6834 0.6196 0.0000
vt 0.7331 0.6078 0.0000
vt 0.7699 0.6309 0.0000
vt 0.7356 0.6455 0.0000
vt 0.7520 0.6213 0.0000
vt 0.6816 0.6211 0.0000
vt 0.8478 0.4960 0.0000
vt 0.3343 0.4918 0.0000
vt 0.3194 0.4983 0.0000
vt 0.3274 0.4820 0.0000
vt 0.6765 0.5901 0.0000
vt 0.1941 0.5498 0.0000
vt 0.2086 0.5158 0.0000
vt 0.2110 0.5508 0.0000
vt 0.2848 0.4729 0.0000
vt 0.2737 0.4780 0.0000
vt 0.2680 0.4449 0.0000
vt 0.3771 0.9460 0.0000
vt 0.3819 0.9277 0.0000
vt 0.1928 0.4470 0.0000
vt 0.2020 0.4109 0.0000
vt 0.2139 0.4352 0.0000
vt 0.2899 0.4364 0.0000
vt 0.3031 0.4332 0.0000
vt 0.3084 0.4634 0.0000
vt 0.2954 0.4676 0.0000
vt 0.2947 0.5104 0.0000
vt 0.2828 0.5161 0.0000
vt 0.1924 0.4745 0.0000
vt 0.1747 0.5100 0.0000
vt 0.1762 0.4685 0.0000
vt 0.1916 0.5130 0.0000
vt 0.1580 0.4672 0.0000
vt 0.1564 0.5088 0.0000
vt 0.5337 0.9617 0.0000
vt 0.5352 0.9733 0.0000
vt 0.5098 0.9738 0.0000
vt 0.2092 0.4799 0.0000
vt 0.6010 0.9461 0.0000
vt 0.5729 0.9701 0.0000
vt 0.6280 0.9240 0.0000
vt 0.5916 0.9076 0.0000
vt 0.6215 0.9032 0.0000
vt 0.5965 0.9274 0.0000
vt 0.2208 0.3834 0.0000
vt 0.5876 0.8861 0.0000
vt 0.3676 0.9062 0.0000
vt 0.1233 0.4661 0.0000
vt 0.3491 0.9050 0.0000
vt 0.2088 0.4572 0.0000
vt 0.3245 0.4492 0.0000
vt 0.4300 0.8897 0.0000
vt 0.4599 0.8893 0.0000
vt 0.5104 0.9627 0.0000
vt 0.4878 0.9743 0.0000
vt 0.3179 0.5291 0.0000
vt 0.3045 0.5352 0.0000
vt 0.2997 0.5629 0.0000
vt 0.2913 0.5413 0.0000
vt 0.3159 0.5575 0.0000
vt 0.3322 0.5531 0.0000
vt 0.3202 0.2358 0.0000
vt 0.3542 0.2708 0.0000
vt 0.3210 0.2717 0.0000
vt 0.1118 0.2859 0.0000
vt 0.1476 0.3251 0.0000
vt 0.1158 0.3270 0.0000
vt 0.1181 0.3641 0.0000
vt 0.3979 0.8875 0.0000
vt 0.3749 0.8853 0.0000
vt 0.0869 0.3648 0.0000
vt 0.7333 0.2849 0.0000
vt 0.7025 0.3246 0.0000
vt 0.0879 0.4024 0.0000
vt 0.0551 0.4342 0.0000
vt 0.0857 0.3289 0.0000
vt 0.0576 0.3649 0.0000
vt 0.0821 0.2888 0.0000
vt 0.0579 0.3305 0.0000
vt 0.2944 0.3954 0.0000
vt 0.3235 0.3911 0.0000
vt 0.3535 0.3449 0.0000
vt 0.3523 0.3885 0.0000
vt 0.3226 0.3490 0.0000
vt 0.3218 0.3117 0.0000
vt 0.4037 0.9301 0.0000
vt 0.3874 0.9083 0.0000
vt 0.4279 0.9124 0.0000
vt 0.5101 0.9338 0.0000
vt 0.3242 0.4308 0.0000
vt 0.6151 0.8820 0.0000
vt 0.4882 0.9545 0.0000
vt 0.1787 0.2823 0.0000
vt 0.3408 0.4658 0.0000
vt 0.8198 0.3603 0.0000
vt 0.8198 0.3192 0.0000
vt 0.8221 0.3590 0.0000
vt 0.5295 0.8904 0.0000
vt 0.5611 0.9116 0.0000
vt 0.5576 0.8897 0.0000
vt 0.3565 0.8836 0.0000
vt 0.3369 0.4287 0.0000
vt 0.8198 0.4791 0.0000
vt 0.8561 0.3510 0.0000
vt 0.3686 0.3439 0.0000
vt 0.3538 0.5127 0.0000
vt 0.1772 0.5501 0.0000
vt 0.3067 0.5046 0.0000
vt 0.3327 0.5235 0.0000
vt 0.7079 0.6345 0.0000
vt 0.5683 0.9509 0.0000
vt 0.6539 0.5094 0.0000
vt 0.6341 0.4750 0.0000
vt 0.6501 0.4681 0.0000
vt 0.5099 0.5352 0.0000
vt 0.5146 0.5633 0.0000
vt 0.4979 0.5604 0.0000
vt 0.2000 0.6076 0.0000
vt 0.1778 0.5874 0.0000
vt 0.1999 0.5886 0.0000
vt 0.1991 0.6273 0.0000
vt 0.1979 0.6511 0.0000
vt 0.1773 0.6462 0.0000
vt 0.1179 0.6699 0.0000
vt 0.1468 0.6464 0.0000
vt 0.1478 0.6688 0.0000
vt 0.2232 0.6089 0.0000
vt 0.2165 0.6554 0.0000
vt 0.1972 0.6710 0.0000
vt 0.5415 0.4071 0.0000
vt 0.5419 0.4433 0.0000
vt 0.5305 0.4395 0.0000
vt 0.5186 0.5097 0.0000
vt 0.5373 0.4759 0.0000
vt 0.5310 0.5143 0.0000
vt 0.3224 0.6236 0.0000
vt 0.2957 0.6008 0.0000
vt 0.3276 0.6121 0.0000
vt 0.5528 0.4475 0.0000
vt 0.0444 0.6747 0.0000
vt 0.0630 0.6736 0.0000
vt 0.2165 0.6730 0.0000
vt 0.2450 0.6747 0.0000
vt 0.1766 0.6690 0.0000
vt 0.0858 0.6721 0.0000
vt 0.1163 0.6474 0.0000
vt 0.3026 0.6850 0.0000
vt 0.8198 0.1004 0.0000
vt 0.8376 0.0728 0.0000
vt 0.8378 0.1020 0.0000
vt 0.5628 0.4108 0.0000
vt 0.5684 0.4258 0.0000
vt 0.1118 0.6091 0.0000
vt 0.1458 0.6261 0.0000
vt 0.1141 0.6280 0.0000
vt 0.3560 0.1646 0.0000
vt 0.3911 0.1279 0.0000
vt 0.3941 0.1659 0.0000
vt 0.8198 0.0723 0.0000
vt 0.8198 0.1675 0.0000
vt 0.8370 0.1298 0.0000
vt 0.8366 0.1683 0.0000
vt 0.2728 0.0686 0.0000
vt 0.2358 0.0996 0.0000
vt 0.2330 0.0690 0.0000
vt 0.2712 0.0414 0.0000
vt 0.3160 0.0393 0.0000
vt 0.2799 0.2047 0.0000
vt 0.2788 0.1647 0.0000
vt 0.3187 0.1640 0.0000
vt 0.2432 0.2063 0.0000
vt 0.6321 0.4477 0.0000
vt 0.6098 0.4369 0.0000
vt 0.6214 0.4115 0.0000
vt 0.8198 0.1284 0.0000
vt 0.4809 0.4744 0.0000
vt 0.5129 0.4685 0.0000
vt 0.4959 0.4889 0.0000
vt 0.5930 0.4227 0.0000
vt 0.5969 0.4049 0.0000
vt 0.8198 0.2082 0.0000
vt 0.8364 0.2091 0.0000
vt 0.2902 0.6188 0.0000
vt 0.2576 0.6130 0.0000
vt 0.2628 0.5940 0.0000
vt 0.8198 0.2766 0.0000
vt 0.8198 0.2403 0.0000
vt 0.8339 0.2399 0.0000
vt 0.8353 0.2762 0.0000
vt 0.0562 0.4020 0.0000
vt 0.1495 0.0135 0.0000
vt 0.1186 0.0399 0.0000
vt 0.1158 0.0141 0.0000
vt 0.2253 0.5899 0.0000
vt 0.1776 0.6260 0.0000
vt 0.4956 0.3952 0.0000
vt 0.5257 0.3988 0.0000
vt 0.5172 0.4370 0.0000
vt 0.1778 0.6065 0.0000
vt 0.0185 0.0391 0.0000
vt 0.0236 0.0394 0.0000
vt 0.0240 0.0704 0.0000
vt 0.0180 0.0703 0.0000
vt 0.0844 0.0403 0.0000
vt 0.0821 0.0146 0.0000
vt 0.9328 0.2018 0.0000
vt 0.9056 0.1592 0.0000
vt 0.9155 0.2048 0.0000
vt 0.1528 0.0398 0.0000
vt 0.1243 0.1033 0.0000
vt 0.1565 0.0684 0.0000
vt 0.1601 0.1014 0.0000
vt 0.1214 0.0690 0.0000
vt 0.7519 0.6861 0.0000
vt 0.7686 0.6856 0.0000
vt 0.7682 0.6897 0.0000
vt 0.1439 0.5878 0.0000
vt 0.1448 0.6070 0.0000
vt 0.8174 0.7036 0.0000
vt 0.8083 0.6962 0.0000
vt 0.8178 0.6987 0.0000
vt 0.0867 0.0701 0.0000
vt 0.0920 0.1354 0.0000
vt 0.0894 0.1058 0.0000
vt 0.0252 0.1387 0.0000
vt 0.0242 0.1073 0.0000
vt 0.0508 0.1077 0.0000
vt 0.4956 0.4372 0.0000
vt 0.8067 0.7002 0.0000
vt 0.0180 0.0158 0.0000
vt 0.0500 0.0400 0.0000
vt 0.0494 0.0152 0.0000
vt 0.7822 0.6878 0.0000
vt 0.7940 0.6951 0.0000
vt 0.7808 0.6923 0.0000
vt 0.0503 0.0703 0.0000
vt 0.7960 0.6905 0.0000
vt 0.5736 0.3851 0.0000
vt 0.5713 0.3578 0.0000
vt 0.6028 0.3610 0.0000
vt 0.1892 0.0128 0.0000
vt 0.4828 0.4356 0.0000
vt 0.4653 0.3956 0.0000
vt 0.6471 0.4366 0.0000
vt 0.6660 0.4346 0.0000
vt 0.6683 0.4659 0.0000
vt 0.7055 0.7091 0.0000
vt 0.7202 0.6964 0.0000
vt 0.7221 0.7006 0.0000
vt 0.3179 0.1257 0.0000
vt 0.2772 0.1263 0.0000
vt 0.3541 0.1262 0.0000
vt 0.3173 0.0986 0.0000
vt 0.3166 0.0674 0.0000
vt 0.3551 0.0684 0.0000
vt 0.2752 0.0992 0.0000
vt 0.6369 0.5503 0.0000
vt 0.6200 0.5522 0.0000
vt 0.6204 0.5171 0.0000
vt 0.3551 0.0199 0.0000
vt 0.3552 0.0411 0.0000
vt 0.3154 0.0108 0.0000
vt 0.5803 0.0169 0.0000
vt 0.6188 0.0169 0.0000
vt 0.6169 0.0446 0.0000
vt 0.5789 0.0465 0.0000
vt 0.1919 0.0409 0.0000
vt 0.1634 0.1293 0.0000
vt 0.1975 0.1001 0.0000
vt 0.2000 0.1277 0.0000
vt 0.3544 0.0992 0.0000
vt 0.7363 0.6933 0.0000
vt 0.2283 0.0121 0.0000
vt 0.2380 0.1268 0.0000
vt 0.7356 0.6894 0.0000
vt 0.5488 0.4802 0.0000
vt 0.3195 0.2042 0.0000
vt 0.1946 0.0686 0.0000
vt 0.2307 0.0420 0.0000
vt 0.9736 0.5762 0.0000
vt 0.9801 0.5815 0.0000
vt 0.9642 0.5990 0.0000
vt 0.2681 0.0114 0.0000
vt 0.7522 0.6898 0.0000
vt 0.6960 0.7242 0.0000
vt 0.6993 0.7361 0.0000
vt 0.6932 0.7328 0.0000
vt 0.8198 0.0401 0.0000
vt 0.8366 0.0409 0.0000
vt 0.7031 0.4627 0.0000
vt 0.7018 0.4316 0.0000
vt 0.2533 0.6327 0.0000
vt 0.0428 0.6159 0.0000
vt 0.0494 0.6328 0.0000
vt 0.0277 0.6328 0.0000
vt 0.0178 0.6168 0.0000
vt 0.0897 0.6107 0.0000
vt 0.0926 0.6291 0.0000
vt 0.0712 0.6313 0.0000
vt 0.6310 0.3925 0.0000
vt 0.7014 0.3997 0.0000
vt 0.6677 0.3627 0.0000
vt 0.7024 0.3614 0.0000
vt 0.6657 0.4020 0.0000
vt 0.6699 0.3241 0.0000
vt 0.4777 0.5586 0.0000
vt 0.4525 0.5425 0.0000
vt 0.4946 0.5310 0.0000
vt 0.4723 0.5225 0.0000
vt 0.9183 0.6330 0.0000
vt 0.8950 0.6087 0.0000
vt 0.9444 0.6212 0.0000
vt 0.8920 0.6462 0.0000
vt 0.8759 0.6218 0.0000
vt 0.7379 0.4603 0.0000
vt 0.7400 0.4995 0.0000
vt 0.7071 0.5026 0.0000
vt 0.7363 0.4292 0.0000
vt 0.6739 0.5491 0.0000
vt 0.6722 0.5071 0.0000
vt 0.7210 0.5508 0.0000
vt 0.6989 0.5654 0.0000
vt 0.9539 0.6151 0.0000
vt 0.9459 0.6222 0.0000
vt 0.6537 0.5495 0.0000
vt 0.9520 0.5920 0.0000
vt 0.9540 0.1011 0.0000
vt 0.9540 0.0760 0.0000
vt 0.9469 0.0766 0.0000
vt 0.9146 0.5898 0.0000
vt 0.4896 0.4997 0.0000
vt 0.5051 0.5048 0.0000
vt 0.6372 0.5134 0.0000
vt 0.0874 0.5919 0.0000
vt 0.0665 0.6126 0.0000
vt 0.6007 0.3853 0.0000
vt 0.6166 0.4588 0.0000
vt 0.6176 0.4815 0.0000
vt 0.9011 0.5761 0.0000
vt 0.8772 0.6016 0.0000
vt 0.5312 0.5670 0.0000
vt 0.5237 0.5399 0.0000
vt 0.9571 0.6179 0.0000
vt 0.9021 0.0743 0.0000
vt 0.9462 0.1012 0.0000
vt 0.2751 0.6791 0.0000
vt 0.9272 0.0591 0.0000
vt 0.8841 0.0805 0.0000
vt 0.8945 0.0413 0.0000
vt 0.0155 0.6085 0.0000
vt 0.7729 0.5398 0.0000
vt 0.7431 0.5299 0.0000
vt 0.7729 0.5287 0.0000
vt 0.8437 0.6707 0.0000
vt 0.8137 0.6735 0.0000
vt 0.8137 0.6672 0.0000
vt 0.7729 0.4984 0.0000
vt 0.7445 0.5430 0.0000
vt 0.0563 0.5471 0.0000
vt 0.0863 0.5360 0.0000
vt 0.0855 0.5491 0.0000
vt 0.0561 0.5361 0.0000
vt 0.7729 0.4584 0.0000
vt 0.7347 0.3976 0.0000
vt 0.7137 0.5349 0.0000
vt 0.8139 0.6392 0.0000
vt 0.7855 0.6640 0.0000
vt 0.3756 0.5308 0.0000
vt 0.3521 0.5494 0.0000
vt 0.1329 0.5687 0.0000
vt 0.4956 0.4563 0.0000
vt 0.1099 0.5919 0.0000
vt 0.0758 0.6506 0.0000
vt 0.5434 0.5188 0.0000
vt 0.5263 0.4716 0.0000
vt 0.0562 0.6524 0.0000
vt 0.0375 0.6530 0.0000
vt 0.3163 0.6417 0.0000
vt 0.3095 0.6621 0.0000
vt 0.2797 0.6572 0.0000
vt 0.2851 0.6369 0.0000
vt 0.2493 0.6527 0.0000
vt 0.2208 0.6291 0.0000
vt 0.8962 0.1202 0.0000
vt 0.9465 0.1455 0.0000
vt 0.8670 0.6578 0.0000
vt 0.8420 0.6642 0.0000
vt 0.8366 0.6373 0.0000
vt 0.8579 0.6313 0.0000
vt 0.8432 0.6193 0.0000
vt 0.9108 0.1177 0.0000
vt 0.9213 0.1576 0.0000
vt 0.9431 0.7234 0.0000
vt 0.9507 0.7274 0.0000
vt 0.9452 0.7316 0.0000
vt 0.8689 0.6631 0.0000
vt 0.7912 0.6371 0.0000
vt 0.9201 0.6364 0.0000
vt 0.7837 0.6704 0.0000
vt 0.7605 0.6573 0.0000
vt 0.8139 0.6210 0.0000
vt 0.0372 0.6014 0.0000
vt 0.0627 0.5938 0.0000
vt 0.9540 0.1458 0.0000
vt 0.7331 0.6501 0.0000
vt 0.7585 0.6627 0.0000
vt 0.7847 0.6190 0.0000
vt 0.7664 0.3950 0.0000
vt 0.7696 0.4267 0.0000
vt 0.7139 0.5887 0.0000
vt 0.8975 0.5047 0.0000
vt 0.8808 0.5134 0.0000
vt 0.7275 0.5752 0.0000
vt 0.7510 0.6010 0.0000
vt 0.8945 0.6509 0.0000
vt 0.7335 0.3603 0.0000
vt 0.0555 0.5061 0.0000
vt 0.4561 0.0270 0.0000
vt 0.4956 0.0175 0.0000
vt 0.4956 0.0460 0.0000
vt 0.8201 0.7023 0.0000
vt 0.8195 0.6949 0.0000
vt 0.8304 0.6957 0.0000
vt 0.7905 0.0168 0.0000
vt 0.7907 0.0408 0.0000
vt 0.7834 0.0403 0.0000
vt 0.7838 0.0171 0.0000
vt 0.8430 0.6930 0.0000
vt 0.8312 0.7012 0.0000
vt 0.7557 0.0169 0.0000
vt 0.7568 0.0410 0.0000
vt 0.7227 0.0420 0.0000
vt 0.5374 0.5447 0.0000
vt 0.6335 0.3618 0.0000
vt 0.5339 0.3553 0.0000
vt 0.0167 0.1073 0.0000
vt 0.0178 0.1384 0.0000
vt 0.6342 0.3247 0.0000
vt 0.6392 0.2828 0.0000
vt 0.4626 0.3515 0.0000
vt 0.4956 0.3531 0.0000
vt 0.5339 0.3186 0.0000
vt 0.7039 0.2837 0.0000
vt 0.4467 0.3513 0.0000
vt 0.9473 0.1969 0.0000
vt 0.9540 0.1950 0.0000
vt 0.5689 0.3207 0.0000
vt 0.6057 0.2811 0.0000
vt 0.6048 0.3233 0.0000
vt 0.6712 0.2829 0.0000
vt 0.4198 0.2753 0.0000
vt 0.4196 0.2413 0.0000
vt 0.4592 0.2412 0.0000
vt 0.9540 0.3475 0.0000
vt 0.9398 0.3158 0.0000
vt 0.9376 0.3467 0.0000
vt 0.9375 0.3874 0.0000
vt 0.9450 0.2390 0.0000
vt 0.9540 0.2791 0.0000
vt 0.9540 0.2363 0.0000
vt 0.5348 0.2418 0.0000
vt 0.4956 0.2412 0.0000
vt 0.4956 0.2099 0.0000
vt 0.4956 0.3167 0.0000
vt 0.4611 0.3155 0.0000
vt 0.5342 0.2780 0.0000
vt 0.4315 0.3145 0.0000
vt 0.4956 0.2768 0.0000
vt 0.5695 0.2795 0.0000
vt 0.9292 0.2415 0.0000
vt 0.8777 0.0498 0.0000
vt 0.2061 0.2087 0.0000
vt 0.2472 0.2390 0.0000
vt 0.2403 0.1654 0.0000
vt 0.1670 0.1688 0.0000
vt 0.2028 0.1667 0.0000
vt 0.1711 0.2111 0.0000
vt 0.2103 0.2422 0.0000
vt 0.1737 0.2449 0.0000
vt 0.1308 0.1720 0.0000
vt 0.1353 0.2142 0.0000
vt 0.7388 0.2488 0.0000
vt 0.7434 0.2179 0.0000
vt 0.7076 0.2471 0.0000
vt 0.8286 0.3164 0.0000
vt 0.8443 0.3144 0.0000
vt 0.6997 0.7413 0.0000
vt 0.3851 0.0705 0.0000
vt 0.3774 0.0436 0.0000
vt 0.3694 0.0329 0.0000
vt 0.6148 0.0720 0.0000
vt 0.6924 0.7389 0.0000
vt 0.3535 0.3101 0.0000
vt 0.3836 0.3080 0.0000
vt 0.2849 0.2716 0.0000
vt 0.1455 0.2835 0.0000
vt 0.3896 0.1007 0.0000
vt 0.7086 0.7133 0.0000
vt 0.7001 0.7277 0.0000
vt 0.6747 0.2460 0.0000
vt 0.7110 0.2151 0.0000
vt 0.6771 0.2135 0.0000
vt 0.6418 0.2452 0.0000
vt 0.2823 0.2360 0.0000
vt 0.1271 0.1320 0.0000
vt 0.0954 0.1758 0.0000
vt 0.1002 0.2173 0.0000
vt 0.0263 0.1817 0.0000
vt 0.0518 0.1383 0.0000
vt 0.0559 0.1801 0.0000
vt 0.0179 0.1934 0.0000
vt 0.0197 0.1811 0.0000
vt 0.0245 0.0157 0.0000
vt 0.1057 0.2493 0.0000
vt 0.0733 0.2527 0.0000
vt 0.1399 0.2469 0.0000
vt 0.7558 0.1356 0.0000
vt 0.7141 0.1739 0.0000
vt 0.7165 0.1340 0.0000
vt 0.7806 0.1767 0.0000
vt 0.7816 0.1350 0.0000
vt 0.5705 0.2426 0.0000
vt 0.7718 0.2235 0.0000
vt 0.7679 0.2543 0.0000
vt 0.0441 0.2605 0.0000
vt 0.0351 0.2302 0.0000
vt 0.0660 0.2220 0.0000
vt 0.7521 0.1766 0.0000
vt 0.4586 0.1711 0.0000
vt 0.4956 0.1699 0.0000
vt 0.6799 0.1718 0.0000
vt 0.6430 0.2119 0.0000
vt 0.7895 0.0707 0.0000
vt 0.7880 0.1052 0.0000
vt 0.7826 0.1048 0.0000
vt 0.7835 0.0695 0.0000
vt 0.7574 0.0703 0.0000
vt 0.6823 0.1320 0.0000
vt 0.6844 0.1037 0.0000
vt 0.7186 0.1051 0.0000
vt 0.5357 0.1312 0.0000
vt 0.5741 0.1305 0.0000
vt 0.5730 0.1690 0.0000
vt 0.5354 0.1695 0.0000
vt 0.7566 0.1058 0.0000
vt 0.4195 0.2117 0.0000
vt 0.4591 0.2106 0.0000
vt 0.5358 0.2096 0.0000
vt 0.0233 0.1989 0.0000
vt 0.0545 0.2931 0.0000
vt 0.7609 0.2872 0.0000
vt 0.7209 0.0709 0.0000
vt 0.6112 0.1302 0.0000
vt 0.6469 0.1306 0.0000
vt 0.6447 0.1699 0.0000
vt 0.6522 0.0708 0.0000
vt 0.6866 0.0705 0.0000
vt 0.5393 0.0469 0.0000
vt 0.5773 0.0733 0.0000
vt 0.6099 0.1692 0.0000
vt 0.7860 0.1348 0.0000
vt 0.7840 0.1768 0.0000
vt 0.8567 0.6914 0.0000
vt 0.8579 0.6958 0.0000
vt 0.8438 0.6981 0.0000
vt 0.9027 0.6904 0.0000
vt 0.9024 0.6943 0.0000
vt 0.8863 0.6924 0.0000
vt 0.6129 0.1029 0.0000
vt 0.5755 0.1035 0.0000
vt 0.6888 0.0420 0.0000
vt 0.6579 0.0169 0.0000
vt 0.6911 0.0169 0.0000
vt 0.6086 0.2104 0.0000
vt 0.6494 0.1029 0.0000
vt 0.6553 0.0427 0.0000
vt 0.6066 0.2438 0.0000
vt 0.5719 0.2097 0.0000
vt 0.4581 0.1059 0.0000
vt 0.4230 0.1082 0.0000
vt 0.4268 0.0780 0.0000
vt 0.9466 0.7193 0.0000
vt 0.4592 0.1328 0.0000
vt 0.5370 0.1042 0.0000
vt 0.9325 0.7105 0.0000
vt 0.9540 0.3154 0.0000
vt 0.8700 0.6890 0.0000
vt 0.8705 0.6931 0.0000
vt 0.4562 0.0482 0.0000
vt 0.4568 0.0754 0.0000
vt 0.4956 0.1316 0.0000
vt 0.4956 0.1046 0.0000
vt 0.4956 0.0739 0.0000
vt 0.9540 0.4274 0.0000
vt 0.9360 0.4537 0.0000
vt 0.9540 0.4554 0.0000
vt 0.9187 0.6955 0.0000
vt 0.9174 0.6999 0.0000
vt 0.5384 0.0739 0.0000
vt 0.7243 0.0169 0.0000
vt 0.9350 0.7059 0.0000
vt 0.9362 0.4886 0.0000
vt 0.9540 0.4891 0.0000
vt 0.4601 0.2761 0.0000
vt 0.9372 0.5149 0.0000
vt 0.8864 0.6886 0.0000
vt 0.4341 0.0510 0.0000
vt 0.4222 0.1353 0.0000
vt 0.9540 0.3883 0.0000
vt 0.9368 0.4260 0.0000
vt 0.9393 0.2794 0.0000
vt 0.4204 0.1730 0.0000
vt 0.9540 0.5158 0.0000
vt 0.5411 0.0169 0.0000
vt 0.4419 0.0402 0.0000
vt 0.9525 0.7333 0.0000
vt 0.9456 0.7368 0.0000
vt 0.3487 0.7323 0.0000
vt 0.3302 0.6556 0.0000
vt 0.3798 0.6694 0.0000
vt 0.4020 0.7296 0.0000
vt 0.3313 0.7284 0.0000
vt 0.3876 0.6692 0.0000
vt 0.3344 0.6609 0.0000
vt 0.2247 0.8775 0.0000
vt 0.2177 0.9273 0.0000
vt 0.1980 0.9070 0.0000
vt 0.2666 0.8898 0.0000
vt 0.3705 0.8993 0.0000
vt 0.3735 0.8935 0.0000
vt 0.4253 0.8922 0.0000
vt 0.2701 0.6432 0.0000
vt 0.2870 0.7062 0.0000
vt 0.2344 0.6661 0.0000
vt 0.2815 0.9485 0.0000
vt 0.3149 0.9125 0.0000
vt 0.3423 0.9348 0.0000
vt 0.3264 0.9845 0.0000
vt 0.2954 0.9202 0.0000
vt 0.4679 0.7780 0.0000
vt 0.4573 0.7294 0.0000
vt 0.3626 0.8401 0.0000
vt 0.3984 0.8474 0.0000
vt 0.4264 0.7502 0.0000
vt 0.4567 0.6765 0.0000
vt 0.2231 0.7256 0.0000
vt 0.2792 0.6422 0.0000
vt 0.2699 0.8819 0.0000
vt 0.3288 0.8972 0.0000
vt 0.2860 0.9282 0.0000
vt 0.3521 0.9438 0.0000
vt 0.7017 0.6682 0.0000
vt 0.7518 0.6814 0.0000
vt 0.7326 0.6967 0.0000
vt 0.8134 0.6853 0.0000
vt 0.8129 0.7001 0.0000
vt 0.7263 0.6592 0.0000
vt 0.7715 0.6683 0.0000
vt 0.8150 0.6758 0.0000
vt 0.2969 0.7220 0.0000
vt 0.3398 0.8763 0.0000
vt 0.2958 0.8398 0.0000
vt 0.3240 0.8007 0.0000
vt 0.3817 0.7998 0.0000
vt 0.3084 0.8203 0.0000
vt 0.2299 0.7096 0.0000
vt 0.3167 0.8521 0.0000
vt 0.3626 0.8771 0.0000
vt 0.2819 0.7686 0.0000
vt 0.2349 0.7466 0.0000
vt 0.2316 0.8886 0.0000
vt 0.2947 0.8318 0.0000
vt 0.4365 0.6740 0.0000
vt 0.5072 0.7164 0.0000
vt 0.4879 0.6745 0.0000
vt 0.5523 0.6980 0.0000
vt 0.5646 0.7258 0.0000
vt 0.5302 0.7526 0.0000
vt 0.6098 0.6989 0.0000
vt 0.6047 0.6771 0.0000
vt 0.6518 0.7097 0.0000
vt 0.6456 0.6683 0.0000
vt 0.6829 0.6945 0.0000
vt 0.7147 0.7263 0.0000
vt 0.6407 0.7743 0.0000
vt 0.6833 0.7845 0.0000
vt 0.6233 0.8697 0.0000
vt 0.6698 0.7186 0.0000
vt 0.8868 0.6970 0.0000
vt 0.8972 0.6794 0.0000
vt 0.9918 0.6855 0.0000
vt 0.2712 0.7678 0.0000
vt 0.3243 0.7870 0.0000
vt 0.3927 0.7974 0.0000
vt 0.6069 0.7613 0.0000
vt 0.4145 0.9889 0.0000
vt 0.4224 0.9414 0.0000
vt 0.4846 0.9579 0.0000
vt 0.2203 0.9477 0.0000
vt 0.2755 0.9732 0.0000
vt 0.8142 0.7265 0.0000
vt 0.5625 0.7971 0.0000
vt 0.7436 0.7751 0.0000
vt 0.4735 0.8400 0.0000
vt 0.5223 0.8243 0.0000
vt 0.6157 0.6389 0.0000
vt 0.6355 0.6376 0.0000
vt 0.3467 0.9867 0.0000
vt 0.4103 0.7986 0.0000
vt 0.4088 0.7812 0.0000
vt 0.7341 0.9006 0.0000
vt 0.7282 0.8425 0.0000
vt 0.8199 0.8756 0.0000
vt 0.8188 0.7676 0.0000
vt 0.8386 0.8173 0.0000
vt 0.8322 0.9246 0.0000
vt 0.8628 0.9914 0.0000
vt 0.7635 0.9914 0.0000
vt 0.6451 0.9505 0.0000
vt 0.6451 0.9914 0.0000
vt 0.6410 0.9164 0.0000
vt 0.7355 0.9424 0.0000
vt 0.5815 0.8335 0.0000
vt 0.4839 0.9164 0.0000
vt 0.4826 0.8845 0.0000
vt 0.3271 0.7840 0.0000
vt 0.2445 0.7653 0.0000
vt 0.5308 0.7430 0.0000
vt 0.4998 0.7901 0.0000
vt 0.4387 0.7915 0.0000
vt 0.5433 0.6883 0.0000
vt 0.4096 0.7738 0.0000
vt 0.4326 0.8498 0.0000
vt 0.5747 0.6546 0.0000
vt 0.5379 0.6654 0.0000
vt 0.5432 0.9324 0.0000
vt 0.5370 0.8677 0.0000
vt 0.4954 0.7679 0.0000
vt 0.2767 0.9759 0.0000
vt 0.2168 0.9475 0.0000
vt 0.3246 0.7827 0.0000
vt 0.6742 0.6413 0.0000
vt 0.9129 0.7578 0.0000
vt 0.9305 0.8991 0.0000
vt 0.9918 0.9007 0.0000
vt 0.9918 0.9914 0.0000
vt 0.9196 0.8376 0.0000
vt 0.9918 0.8112 0.0000
vt 0.5150 0.6709 0.0000
vt 0.2298 0.9013 0.0000
vt 0.4546 0.3920 0.0000
vt 0.4441 0.3762 0.0000
vt 0.4631 0.3844 0.0000
vt 0.0535 0.8994 0.0000
vt 0.0531 0.9051 0.0000
vt 0.0488 0.9055 0.0000
vt 0.0447 0.9024 0.0000
vt 0.4858 0.3424 0.0000
vt 0.4927 0.3423 0.0000
vt 0.4920 0.3446 0.0000
vt 0.0417 0.9088 0.0000
vt 0.0352 0.9047 0.0000
vt 0.4583 0.3373 0.0000
vt 0.4490 0.3366 0.0000
vt 0.4555 0.3310 0.0000
vt 0.0280 0.9051 0.0000
vt 0.0246 0.9106 0.0000
vt 0.0228 0.9047 0.0000
vt 0.4537 0.3244 0.0000
vt 0.4658 0.3269 0.0000
vt 0.4524 0.3154 0.0000
vt 0.4638 0.3151 0.0000
vt 0.4673 0.3336 0.0000
vt 0.4451 0.3328 0.0000
vt 0.4427 0.3270 0.0000
vt 0.0509 0.8838 0.0000
vt 0.0728 0.8624 0.0000
vt 0.0585 0.9023 0.0000
vt 0.4414 0.3360 0.0000
vt 0.4408 0.3407 0.0000
vt 0.4363 0.3406 0.0000
vt 0.4371 0.3332 0.0000
vt 0.4562 0.2943 0.0000
vt 0.4547 0.2837 0.0000
vt 0.4686 0.2887 0.0000
vt 0.4685 0.2991 0.0000
vt 0.4452 0.2962 0.0000
vt 0.4407 0.2840 0.0000
vt 0.4266 0.2539 0.0000
vt 0.4123 0.2548 0.0000
vt 0.4151 0.2346 0.0000
vt 0.2935 0.3304 0.0000
vt 0.2901 0.3050 0.0000
vt 0.3098 0.3126 0.0000
vt 0.5043 0.2910 0.0000
vt 0.5042 0.2789 0.0000
vt 0.5169 0.2885 0.0000
vt 0.4438 0.2362 0.0000
vt 0.4424 0.2563 0.0000
vt 0.4517 0.3429 0.0000
vt 0.4460 0.3459 0.0000
vt 0.4447 0.3406 0.0000
vt 0.4506 0.3424 0.0000
vt 0.4336 0.3066 0.0000
vt 0.4489 0.3053 0.0000
vt 0.4373 0.3134 0.0000
vt 0.4326 0.3410 0.0000
vt 0.4334 0.3294 0.0000
vt 0.3954 0.3651 0.0000
vt 0.3850 0.3663 0.0000
vt 0.3896 0.3451 0.0000
vt 0.4249 0.3214 0.0000
vt 0.4134 0.3181 0.0000
vt 0.3983 0.2765 0.0000
vt 0.4109 0.2722 0.0000
vt 0.4098 0.2939 0.0000
vt 0.3978 0.2979 0.0000
vt 0.7263 0.3927 0.0000
vt 0.7264 0.3769 0.0000
vt 0.7363 0.3913 0.0000
vt 0.7480 0.3949 0.0000
vt 0.7365 0.3738 0.0000
vt 0.4248 0.2937 0.0000
vt 0.3777 0.3482 0.0000
vt 0.4291 0.3407 0.0000
vt 0.4365 0.3556 0.0000
vt 0.4321 0.3582 0.0000
vt 0.4240 0.3405 0.0000
vt 0.4397 0.3192 0.0000
vt 0.4301 0.3253 0.0000
vt 0.3523 0.2426 0.0000
vt 0.3695 0.2385 0.0000
vt 0.3568 0.2657 0.0000
vt 0.3720 0.2616 0.0000
vt 0.3860 0.2352 0.0000
vt 0.3595 0.3097 0.0000
vt 0.3586 0.2873 0.0000
vt 0.3714 0.3055 0.0000
vt 0.4288 0.2336 0.0000
vt 0.3735 0.3282 0.0000
vt 0.3858 0.3238 0.0000
vt 0.3717 0.2827 0.0000
vt 0.3850 0.3019 0.0000
vt 0.4403 0.2708 0.0000
vt 0.4253 0.2716 0.0000
vt 0.5460 0.2557 0.0000
vt 0.5431 0.2368 0.0000
vt 0.5582 0.2336 0.0000
vt 0.3971 0.3208 0.0000
vt 0.4604 0.3025 0.0000
vt 0.1465 0.9048 0.0000
vt 0.1367 0.9024 0.0000
vt 0.1465 0.8786 0.0000
vt 0.1589 0.9050 0.0000
vt 0.1610 0.9101 0.0000
vt 0.1575 0.9107 0.0000
vt 0.0538 0.8507 0.0000
vt 0.1539 0.9057 0.0000
vt 0.1534 0.9118 0.0000
vt 0.5138 0.3145 0.0000
vt 0.5249 0.3139 0.0000
vt 0.5212 0.3269 0.0000
vt 0.5115 0.3274 0.0000
vt 0.4943 0.3166 0.0000
vt 0.5039 0.3160 0.0000
vt 0.5029 0.3273 0.0000
vt 0.4947 0.3272 0.0000
vt 0.1478 0.9128 0.0000
vt 0.4774 0.3433 0.0000
vt 0.4863 0.3353 0.0000
vt 0.0350 0.8782 0.0000
vt 0.4776 0.3361 0.0000
vt 0.4571 0.3436 0.0000
vt 0.4516 0.3422 0.0000
vt 0.7840 0.4346 0.0000
vt 0.7829 0.4135 0.0000
vt 0.7883 0.4104 0.0000
vt 0.7798 0.3352 0.0000
vt 0.7730 0.3455 0.0000
vt 0.7507 0.3183 0.0000
vt 0.7753 0.3911 0.0000
vt 0.7820 0.3832 0.0000
vt 0.7602 0.4278 0.0000
vt 0.7473 0.4324 0.0000
vt 0.7398 0.4094 0.0000
vt 0.9344 0.2935 0.0000
vt 0.9382 0.2392 0.0000
vt 0.9918 0.2354 0.0000
vt 0.9418 0.3386 0.0000
vt 0.8905 0.2828 0.0000
vt 0.4852 0.3451 0.0000
vt 0.4773 0.3456 0.0000
vt 0.4719 0.3064 0.0000
vt 0.4849 0.3174 0.0000
vt 0.4817 0.3025 0.0000
vt 0.4832 0.3091 0.0000
vt 0.0505 0.8474 0.0000
vt 0.0433 0.8389 0.0000
vt 0.4679 0.3414 0.0000
vt 0.4675 0.3448 0.0000
vt 0.0346 0.9107 0.0000
vt 0.4774 0.3299 0.0000
vt 0.4752 0.3169 0.0000
vt 0.4936 0.3022 0.0000
vt 0.5053 0.3001 0.0000
vt 0.5055 0.3073 0.0000
vt 0.4945 0.3092 0.0000
vt 0.4866 0.3288 0.0000
vt 0.0290 0.9110 0.0000
vt 0.4937 0.3345 0.0000
vt 0.7759 0.4159 0.0000
vt 0.7733 0.4308 0.0000
vt 0.7693 0.3985 0.0000
vt 0.7572 0.4409 0.0000
vt 0.7769 0.4501 0.0000
vt 0.7709 0.4417 0.0000
vt 0.9918 0.2779 0.0000
vt 0.8903 0.5391 0.0000
vt 0.8930 0.4686 0.0000
vt 0.9397 0.5405 0.0000
vt 0.1625 0.4060 0.0000
vt 0.2009 0.4093 0.0000
vt 0.2166 0.4360 0.0000
vt 0.8386 0.5535 0.0000
vt 0.8490 0.4797 0.0000
vt 0.2378 0.3033 0.0000
vt 0.2405 0.3137 0.0000
vt 0.2115 0.3178 0.0000
vt 0.9434 0.3995 0.0000
vt 0.9415 0.4651 0.0000
vt 0.8932 0.4006 0.0000
vt 0.9918 0.3956 0.0000
vt 0.9918 0.4636 0.0000
vt 0.2721 0.3634 0.0000
vt 0.2566 0.3646 0.0000
vt 0.2574 0.3485 0.0000
vt 0.7891 0.3771 0.0000
vt 0.7685 0.3525 0.0000
vt 0.3393 0.3336 0.0000
vt 0.3259 0.3342 0.0000
vt 0.3238 0.3167 0.0000
vt 0.3364 0.3154 0.0000
vt 0.5824 0.2027 0.0000
vt 0.6020 0.2058 0.0000
vt 0.6012 0.2298 0.0000
vt 0.3409 0.2714 0.0000
vt 0.4017 0.2350 0.0000
vt 0.3994 0.2570 0.0000
vt 0.3861 0.2588 0.0000
vt 0.4044 0.2094 0.0000
vt 0.4217 0.2104 0.0000
vt 0.3853 0.2795 0.0000
vt 0.4163 0.3622 0.0000
vt 0.4248 0.3603 0.0000
vt 0.4225 0.3808 0.0000
vt 0.4055 0.3663 0.0000
vt 0.3999 0.3436 0.0000
vt 0.4091 0.3425 0.0000
vt 0.4158 0.3399 0.0000
vt 0.4128 0.3834 0.0000
vt 0.2084 0.4121 0.0000
vt 0.2187 0.4107 0.0000
vt 0.2268 0.4314 0.0000
vt 0.2255 0.4096 0.0000
vt 0.2181 0.3818 0.0000
vt 0.2301 0.3853 0.0000
vt 0.2375 0.3638 0.0000
vt 0.2397 0.3893 0.0000
vt 0.2315 0.3539 0.0000
vt 0.2431 0.4247 0.0000
vt 0.2591 0.4032 0.0000
vt 0.2629 0.3791 0.0000
vt 0.2897 0.3877 0.0000
vt 0.2990 0.4152 0.0000
vt 0.2928 0.3498 0.0000
vt 0.3131 0.3540 0.0000
vt 0.3115 0.3331 0.0000
vt 0.2788 0.3454 0.0000
vt 0.2793 0.3212 0.0000
vt 0.2693 0.3404 0.0000
vt 0.2901 0.3711 0.0000
vt 0.2117 0.4668 0.0000
vt 0.2510 0.4763 0.0000
vt 0.2457 0.5369 0.0000
vt 0.0636 0.2822 0.0000
vt 0.0713 0.2363 0.0000
vt 0.1220 0.2917 0.0000
vt 0.0104 0.2768 0.0000
vt 0.7547 0.3771 0.0000
vt 0.7172 0.3195 0.0000
vt 0.7023 0.3012 0.0000
vt 0.7312 0.3042 0.0000
vt 0.7448 0.3323 0.0000
vt 0.7336 0.3555 0.0000
vt 0.7228 0.3426 0.0000
vt 0.7535 0.3098 0.0000
vt 0.7336 0.3150 0.0000
vt 0.7619 0.3640 0.0000
vt 0.2126 0.5249 0.0000
vt 0.2002 0.3702 0.0000
vt 0.2091 0.3769 0.0000
vt 0.2175 0.3297 0.0000
vt 0.2235 0.3400 0.0000
vt 0.1924 0.3671 0.0000
vt 0.5072 0.2328 0.0000
vt 0.5071 0.2516 0.0000
vt 0.4941 0.2346 0.0000
vt 0.5181 0.2273 0.0000
vt 0.5200 0.2475 0.0000
vt 0.7539 0.4807 0.0000
vt 0.7861 0.4575 0.0000
vt 0.0642 0.8416 0.0000
vt 0.0634 0.8461 0.0000
vt 0.7269 0.3273 0.0000
vt 0.8394 0.3449 0.0000
vt 0.8416 0.4034 0.0000
vt 0.3670 0.3521 0.0000
vt 0.3623 0.3309 0.0000
vt 0.3556 0.3515 0.0000
vt 0.3513 0.3326 0.0000
vt 0.1282 0.8508 0.0000
vt 0.1186 0.8461 0.0000
vt 0.1180 0.8416 0.0000
vt 0.1317 0.8476 0.0000
vt 0.3131 0.3918 0.0000
vt 0.3136 0.3724 0.0000
vt 0.5612 0.2528 0.0000
vt 0.5728 0.2305 0.0000
vt 0.5754 0.2524 0.0000
vt 0.1089 0.8620 0.0000
vt 0.0989 0.8517 0.0000
vt 0.0911 0.8458 0.0000
vt 0.1172 0.8311 0.0000
vt 0.0831 0.8519 0.0000
vt 0.0650 0.8311 0.0000
vt 0.5169 0.2777 0.0000
vt 0.5309 0.2851 0.0000
vt 0.4556 0.2594 0.0000
vt 0.5322 0.2588 0.0000
vt 0.5313 0.2737 0.0000
vt 0.5185 0.2635 0.0000
vt 0.5861 0.2293 0.0000
vt 0.8069 0.4491 0.0000
vt 0.8096 0.5049 0.0000
vt 0.4539 0.2724 0.0000
vt 0.4422 0.2168 0.0000
vt 0.4324 0.2124 0.0000
vt 0.6038 0.4220 0.0000
vt 0.6014 0.4434 0.0000
vt 0.5855 0.4398 0.0000
vt 0.5880 0.4204 0.0000
vt 0.5503 0.4199 0.0000
vt 0.5538 0.4003 0.0000
vt 0.5605 0.4197 0.0000
vt 0.5537 0.4443 0.0000
vt 0.5898 0.4009 0.0000
vt 0.5693 0.4435 0.0000
vt 0.5765 0.3998 0.0000
vt 0.5649 0.3985 0.0000
vt 0.6906 0.4326 0.0000
vt 0.6719 0.4384 0.0000
vt 0.6840 0.4119 0.0000
vt 0.6874 0.4892 0.0000
vt 0.6595 0.5009 0.0000
vt 0.6616 0.4642 0.0000
vt 0.7145 0.4351 0.0000
vt 0.7146 0.4834 0.0000
vt 0.5379 0.4666 0.0000
vt 0.5558 0.4565 0.0000
vt 0.5711 0.4554 0.0000
vt 0.5729 0.4199 0.0000
vt 0.5327 0.4589 0.0000
vt 0.5456 0.4409 0.0000
vt 0.5279 0.4527 0.0000
vt 0.5405 0.4354 0.0000
vt 0.5066 0.4371 0.0000
vt 0.5030 0.4382 0.0000
vt 0.5018 0.4298 0.0000
vt 0.4969 0.4402 0.0000
vt 0.4941 0.4286 0.0000
vt 0.5116 0.5037 0.0000
vt 0.5130 0.4746 0.0000
vt 0.5201 0.4832 0.0000
vt 0.5013 0.4796 0.0000
vt 0.4902 0.4407 0.0000
vt 0.4914 0.4580 0.0000
vt 0.5120 0.4524 0.0000
vt 0.5010 0.4569 0.0000
vt 0.4928 0.4812 0.0000
vt 0.5263 0.4440 0.0000
vt 0.5355 0.4157 0.0000
vt 0.5328 0.4238 0.0000
vt 0.5278 0.4150 0.0000
vt 0.5338 0.4057 0.0000
vt 0.5228 0.4111 0.0000
vt 0.5260 0.4009 0.0000
vt 0.5373 0.4297 0.0000
vt 0.5419 0.4159 0.0000
vt 0.5347 0.4027 0.0000
vt 0.5375 0.4159 0.0000
vt 0.5213 0.4209 0.0000
vt 0.5222 0.4296 0.0000
vt 0.5097 0.4157 0.0000
vt 0.5128 0.4136 0.0000
vt 0.5119 0.4200 0.0000
vt 0.5133 0.4111 0.0000
vt 0.5198 0.4118 0.0000
vt 0.5185 0.4166 0.0000
vt 0.5137 0.4319 0.0000
vt 0.5237 0.4378 0.0000
vt 0.5138 0.4432 0.0000
vt 0.6368 0.4579 0.0000
vt 0.6600 0.4342 0.0000
vt 0.5125 0.4247 0.0000
vt 0.5723 0.4682 0.0000
vt 0.5854 0.4580 0.0000
vt 0.5831 0.4728 0.0000
vt 0.4293 0.6526 0.0000
vt 0.4246 0.6657 0.0000
vt 0.3852 0.6323 0.0000
vt 0.3307 0.6170 0.0000
vt 0.3513 0.6074 0.0000
vt 0.3534 0.6307 0.0000
vt 0.4514 0.6548 0.0000
vt 0.3817 0.6444 0.0000
vt 0.4655 0.4110 0.0000
vt 0.4577 0.4139 0.0000
vt 0.4574 0.4068 0.0000
vt 0.4679 0.4087 0.0000
vt 0.4659 0.4148 0.0000
vt 0.4703 0.4117 0.0000
vt 0.4941 0.4212 0.0000
vt 0.4881 0.4208 0.0000
vt 0.4890 0.4139 0.0000
vt 0.4952 0.4157 0.0000
vt 0.4895 0.4087 0.0000
vt 0.4974 0.4112 0.0000
vt 0.5022 0.4200 0.0000
vt 0.4827 0.4161 0.0000
vt 0.4815 0.4111 0.0000
vt 0.4895 0.4286 0.0000
vt 0.4727 0.4547 0.0000
vt 0.4681 0.4435 0.0000
vt 0.4754 0.4383 0.0000
vt 0.4795 0.4398 0.0000
vt 0.4844 0.4293 0.0000
vt 0.4833 0.4221 0.0000
vt 0.5417 0.3952 0.0000
vt 0.5249 0.3913 0.0000
vt 0.5254 0.3970 0.0000
vt 0.5511 0.3763 0.0000
vt 0.5602 0.3796 0.0000
vt 0.5711 0.3801 0.0000
vt 0.5823 0.3814 0.0000
vt 0.5613 0.3572 0.0000
vt 0.5699 0.3410 0.0000
vt 0.5779 0.3373 0.0000
vt 0.5692 0.3603 0.0000
vt 0.5892 0.3626 0.0000
vt 0.5944 0.3827 0.0000
vt 0.5786 0.3612 0.0000
vt 0.5412 0.3749 0.0000
vt 0.5360 0.3692 0.0000
vt 0.5488 0.3552 0.0000
vt 0.5530 0.3585 0.0000
vt 0.5455 0.3516 0.0000
vt 0.5434 0.3398 0.0000
vt 0.5392 0.3451 0.0000
vt 0.5404 0.3393 0.0000
vt 0.6253 0.3829 0.0000
vt 0.6445 0.3842 0.0000
vt 0.6222 0.4022 0.0000
vt 0.6408 0.4066 0.0000
vt 0.6650 0.3869 0.0000
vt 0.5169 0.3547 0.0000
vt 0.5163 0.3476 0.0000
vt 0.5267 0.3482 0.0000
vt 0.5294 0.3513 0.0000
vt 0.5312 0.3581 0.0000
vt 0.5175 0.3637 0.0000
vt 0.5168 0.3447 0.0000
vt 0.5263 0.3438 0.0000
vt 0.1173 0.9086 0.0000
vt 0.1238 0.9015 0.0000
vt 0.1260 0.9068 0.0000
vt 0.4838 0.3803 0.0000
vt 0.4913 0.3800 0.0000
vt 0.4893 0.3914 0.0000
vt 0.0835 0.9202 0.0000
vt 0.0916 0.9217 0.0000
vt 0.0856 0.9265 0.0000
vt 0.4778 0.3710 0.0000
vt 0.4768 0.3621 0.0000
vt 0.4846 0.3614 0.0000
vt 0.4854 0.3709 0.0000
vt 0.4927 0.3681 0.0000
vt 0.0743 0.9162 0.0000
vt 0.0828 0.8934 0.0000
vt 0.0798 0.9247 0.0000
vt 0.0727 0.9209 0.0000
vt 0.0917 0.8928 0.0000
vt 0.5057 0.3591 0.0000
vt 0.5062 0.3701 0.0000
vt 0.1003 0.8934 0.0000
vt 0.0996 0.9205 0.0000
vt 0.4921 0.3596 0.0000
vt 0.4856 0.3515 0.0000
vt 0.4928 0.3501 0.0000
vt 0.0969 0.9266 0.0000
vt 0.1025 0.9256 0.0000
vt 0.4992 0.3469 0.0000
vt 0.4996 0.3503 0.0000
vt 0.0913 0.9266 0.0000
vt 0.5196 0.3726 0.0000
vt 0.1093 0.9232 0.0000
vt 0.5068 0.3495 0.0000
vt 0.4991 0.3711 0.0000
vt 0.4986 0.3610 0.0000
vt 0.1147 0.3468 0.0000
vt 0.1642 0.3563 0.0000
vt 0.1080 0.3958 0.0000
vt 0.8928 0.3426 0.0000
vt 0.8223 0.2949 0.0000
vt 0.0732 0.8938 0.0000
vt 0.0655 0.9092 0.0000
vt 0.1554 0.8748 0.0000
vt 0.1390 0.8392 0.0000
vt 0.4779 0.3515 0.0000
vt 0.4779 0.3476 0.0000
vt 0.4856 0.3475 0.0000
vt 0.3548 0.5589 0.0000
vt 0.3636 0.5895 0.0000
vt 0.3355 0.5628 0.0000
vt 0.4924 0.3472 0.0000
vt 0.5361 0.3441 0.0000
vt 0.5333 0.3420 0.0000
vt 0.5328 0.3633 0.0000
vt 0.1235 0.9122 0.0000
vt 0.1166 0.9192 0.0000
vt 0.5349 0.3414 0.0000
vt 0.1083 0.9162 0.0000
vt 0.5426 0.3479 0.0000
vt 0.5220 0.3806 0.0000
vt 0.5377 0.3354 0.0000
vt 0.5334 0.3411 0.0000
vt 0.5264 0.3420 0.0000
vt 0.5263 0.3383 0.0000
vt 0.4748 0.6479 0.0000
vt 0.4693 0.6615 0.0000
vt 0.4558 0.6438 0.0000
vt 0.5477 0.3402 0.0000
vt 0.5884 0.2535 0.0000
vt 0.0266 0.8744 0.0000
vt 0.5062 0.3464 0.0000
vt 0.1090 0.8937 0.0000
vt 0.1312 0.8839 0.0000
vt 0.1288 0.9008 0.0000
vt 0.0674 0.6347 0.0000
vt 0.0583 0.5884 0.0000
vt 0.1038 0.5717 0.0000
vt 0.1169 0.6046 0.0000
vt 0.9918 0.6173 0.0000
vt 0.9052 0.6528 0.0000
vt 0.9318 0.6110 0.0000
vt 0.0104 0.6136 0.0000
vt 0.0104 0.6812 0.0000
vt 0.7310 0.4453 0.0000
vt 0.7247 0.4166 0.0000
vt 0.0213 0.9100 0.0000
vt 0.5008 0.3340 0.0000
vt 0.4991 0.3415 0.0000
vt 0.1404 0.9116 0.0000
vt 0.5079 0.4114 0.0000
vt 0.5191 0.4047 0.0000
vt 0.5160 0.4011 0.0000
vt 0.5051 0.4145 0.0000
vt 0.5039 0.4107 0.0000
vt 0.5064 0.4085 0.0000
vt 0.5016 0.4022 0.0000
vt 0.5109 0.3994 0.0000
vt 0.5108 0.4084 0.0000
vt 0.4883 0.4006 0.0000
vt 0.4992 0.4067 0.0000
vt 0.5101 0.3898 0.0000
vt 0.5003 0.3920 0.0000
vt 0.5002 0.3807 0.0000
vt 0.5084 0.3787 0.0000
vt 0.4888 0.4049 0.0000
vt 0.4767 0.3793 0.0000
vt 0.4655 0.3755 0.0000
vt 0.4675 0.3662 0.0000
vt 0.4817 0.3912 0.0000
vt 0.4752 0.3898 0.0000
vt 0.4941 0.6520 0.0000
vt 0.4588 0.6339 0.0000
vt 0.7331 0.6212 0.0000
vt 0.7748 0.6550 0.0000
vt 0.7733 0.6271 0.0000
vt 0.8255 0.6364 0.0000
vt 0.4330 0.6378 0.0000
vt 0.4114 0.6283 0.0000
vt 0.5631 0.6354 0.0000
vt 0.5825 0.6290 0.0000
vt 0.4341 0.4876 0.0000
vt 0.4407 0.4896 0.0000
vt 0.4325 0.4938 0.0000
vt 0.4346 0.4945 0.0000
vt 0.4316 0.4945 0.0000
vt 0.4348 0.4937 0.0000
vt 0.4326 0.4948 0.0000
vt 0.4281 0.4945 0.0000
vt 0.4433 0.4936 0.0000
vt 0.4238 0.4941 0.0000
vt 0.4198 0.4940 0.0000
vt 0.4149 0.4883 0.0000
vt 0.4288 0.4941 0.0000
vt 0.3087 0.5438 0.0000
vt 0.7736 0.5852 0.0000
vt 0.7271 0.5791 0.0000
vt 0.7655 0.5314 0.0000
vt 0.8235 0.6598 0.0000
vt 0.1527 0.5610 0.0000
vt 0.2182 0.5819 0.0000
vt 0.3293 0.5000 0.0000
vt 0.4519 0.6702 0.0000
vt 0.4164 0.4941 0.0000
vt 0.4241 0.4882 0.0000
vt 0.8911 0.6074 0.0000
vt 0.8220 0.2429 0.0000
vt 0.8856 0.2420 0.0000
vt 0.4087 0.4904 0.0000
vt 0.4289 0.4948 0.0000
vt 0.5011 0.4247 0.0000
vt 0.4797 0.4069 0.0000
vt 0.4772 0.4023 0.0000
vt 0.4608 0.4198 0.0000
vt 0.4686 0.4003 0.0000
vt 0.4534 0.3669 0.0000
vt 0.4493 0.3729 0.0000
vt 0.4557 0.3583 0.0000
vt 0.4574 0.3446 0.0000
vt 0.4574 0.3494 0.0000
vt 0.0601 0.9108 0.0000
vt 0.0658 0.9169 0.0000
vt 0.4566 0.3533 0.0000
vt 0.4417 0.3501 0.0000
vt 0.4441 0.3472 0.0000
vt 0.4757 0.4203 0.0000
vt 0.4733 0.4148 0.0000
vt 0.4659 0.4360 0.0000
vt 0.4774 0.4306 0.0000
vt 0.4556 0.4145 0.0000
vt 0.4593 0.4239 0.0000
vt 0.4619 0.4021 0.0000
vt 0.4677 0.3512 0.0000
vt 0.4671 0.3588 0.0000
vt 0.4497 0.4964 0.0000
vt 0.4432 0.4952 0.0000
vt 0.4490 0.4943 0.0000
vt 0.4247 0.5037 0.0000
vt 0.4350 0.5020 0.0000
vt 0.4372 0.5089 0.0000
vt 0.4167 0.5025 0.0000
vt 0.4238 0.4950 0.0000
vt 0.4287 0.4950 0.0000
vt 0.4239 0.4946 0.0000
vt 0.4181 0.6224 0.0000
vt 0.4349 0.6292 0.0000
vt 0.4578 0.5105 0.0000
vt 0.4627 0.5039 0.0000
vt 0.4723 0.5161 0.0000
vt 0.4549 0.5026 0.0000
vt 0.4491 0.4981 0.0000
vt 0.4460 0.5025 0.0000
vt 0.4404 0.4983 0.0000
vt 0.4486 0.5076 0.0000
vt 0.4381 0.5143 0.0000
vt 0.3843 0.5833 0.0000
vt 0.3634 0.5487 0.0000
vt 0.3876 0.5696 0.0000
vt 0.4256 0.5139 0.0000
vt 0.4387 0.5213 0.0000
vt 0.4277 0.5236 0.0000
vt 0.4142 0.5224 0.0000
vt 0.4233 0.4947 0.0000
vt 0.4196 0.4949 0.0000
vt 0.4191 0.4946 0.0000
vt 0.4506 0.5163 0.0000
vt 0.4152 0.5081 0.0000
vt 0.4255 0.5098 0.0000
vt 0.4069 0.5037 0.0000
vt 0.4101 0.4997 0.0000
vt 0.3520 0.5098 0.0000
vt 0.3644 0.5091 0.0000
vt 0.3717 0.4962 0.0000
vt 0.3875 0.5125 0.0000
vt 0.3901 0.5007 0.0000
vt 0.4006 0.5140 0.0000
vt 0.3932 0.5604 0.0000
vt 0.4248 0.6055 0.0000
vt 0.4053 0.5968 0.0000
vt 0.4280 0.5907 0.0000
vt 0.3999 0.5290 0.0000
vt 0.3430 0.5082 0.0000
vt 0.3543 0.4634 0.0000
vt 0.3784 0.4890 0.0000
vt 0.3712 0.4726 0.0000
vt 0.3822 0.5253 0.0000
vt 0.3743 0.5399 0.0000
vt 0.3839 0.4863 0.0000
vt 0.3831 0.4724 0.0000
vt 0.4025 0.5076 0.0000
vt 0.3943 0.4950 0.0000
vt 0.4041 0.4925 0.0000
vt 0.4059 0.4941 0.0000
vt 0.3995 0.4934 0.0000
vt 0.3954 0.4869 0.0000
vt 0.4135 0.5137 0.0000
vt 0.4466 0.5783 0.0000
vt 0.4300 0.5787 0.0000
vt 0.4309 0.5564 0.0000
vt 0.4452 0.5562 0.0000
vt 0.3972 0.5437 0.0000
vt 0.4148 0.5397 0.0000
vt 0.4136 0.5530 0.0000
vt 0.4406 0.6106 0.0000
vt 0.4446 0.5950 0.0000
vt 0.4090 0.5836 0.0000
vt 0.4122 0.5715 0.0000
vt 0.4429 0.4849 0.0000
vt 0.4046 0.4829 0.0000
vt 0.4022 0.4757 0.0000
vt 0.3911 0.4797 0.0000
vt 0.3984 0.4653 0.0000
vt 0.4245 0.4716 0.0000
vt 0.4239 0.4795 0.0000
vt 0.4134 0.4804 0.0000
vt 0.3810 0.6042 0.0000
vt 0.3966 0.6134 0.0000
vt 0.3343 0.4461 0.0000
vt 0.3540 0.4365 0.0000
vt 0.3344 0.3925 0.0000
vt 0.3359 0.4147 0.0000
vt 0.3821 0.4252 0.0000
vt 0.3681 0.4296 0.0000
vt 0.3679 0.4073 0.0000
vt 0.3804 0.4015 0.0000
vt 0.3950 0.4044 0.0000
vt 0.3827 0.4485 0.0000
vt 0.3983 0.4454 0.0000
vt 0.3175 0.4583 0.0000
vt 0.3770 0.3836 0.0000
vt 0.3903 0.3852 0.0000
vt 0.3969 0.4241 0.0000
vt 0.4113 0.4239 0.0000
vt 0.3640 0.3878 0.0000
vt 0.3628 0.3691 0.0000
vt 0.3741 0.3656 0.0000
vt 0.3505 0.3902 0.0000
vt 0.3473 0.3708 0.0000
vt 0.3318 0.3722 0.0000
vt 0.4590 0.4913 0.0000
vt 0.4639 0.4846 0.0000
vt 0.4660 0.4984 0.0000
vt 0.4359 0.4729 0.0000
vt 0.4353 0.4639 0.0000
vt 0.4445 0.4789 0.0000
vt 0.3004 0.4870 0.0000
vt 0.4453 0.4699 0.0000
vt 0.4246 0.4246 0.0000
vt 0.4334 0.4240 0.0000
vt 0.4303 0.4473 0.0000
vt 0.4144 0.4446 0.0000
vt 0.4131 0.4617 0.0000
vt 0.4259 0.4608 0.0000
vt 0.4134 0.4724 0.0000
vt 0.3630 0.4779 0.0000
vt 0.3702 0.4535 0.0000
vt 0.3897 0.4861 0.0000
vt 0.4295 0.4014 0.0000
vt 0.4192 0.4031 0.0000
vt 0.6835 0.6122 0.0000
vt 0.4075 0.4039 0.0000
vt 0.4017 0.3847 0.0000
vt 0.4500 0.4628 0.0000
vt 0.4382 0.4454 0.0000
vt 0.4426 0.4409 0.0000
vt 0.4662 0.4283 0.0000
vt 0.4664 0.4219 0.0000
vt 0.4766 0.4249 0.0000
vt 0.4691 0.4160 0.0000
vt 0.4723 0.4081 0.0000
vt 0.4750 0.4107 0.0000
vt 0.6152 0.5890 0.0000
vt 0.6385 0.5715 0.0000
vt 0.6530 0.5976 0.0000
vt 0.6311 0.6123 0.0000
vt 0.4348 0.4803 0.0000
vt 0.4543 0.4926 0.0000
vt 0.4486 0.4277 0.0000
vt 0.4464 0.4208 0.0000
vt 0.4501 0.4190 0.0000
vt 0.4455 0.4354 0.0000
vt 0.4404 0.4222 0.0000
vt 0.4540 0.4558 0.0000
vt 0.4543 0.4484 0.0000
vt 0.4437 0.4211 0.0000
vt 0.4438 0.4059 0.0000
vt 0.4578 0.4370 0.0000
vt 0.4575 0.4292 0.0000
vt 0.4452 0.4100 0.0000
vt 0.4406 0.3994 0.0000
vt 0.4507 0.4041 0.0000
vt 0.4511 0.3987 0.0000
vt 0.4331 0.3782 0.0000
vt 0.3289 0.3538 0.0000
vt 0.3429 0.3523 0.0000
vt 0.4399 0.3533 0.0000
vt 0.4060 0.3182 0.0000
vt 0.3543 0.4122 0.0000
vt 0.4835 0.4407 0.0000
vt 0.4820 0.4575 0.0000
vt 0.4692 0.4755 0.0000
vt 0.4830 0.4799 0.0000
vt 0.4680 0.3463 0.0000
vt 0.2777 0.5457 0.0000
vt 0.4452 0.3387 0.0000
vt 0.4507 0.3418 0.0000
vt 0.0564 0.9065 0.0000
vt 0.5324 0.3265 0.0000
vt 0.5527 0.4917 0.0000
vt 0.5536 0.4921 0.0000
vt 0.5494 0.4919 0.0000
vt 0.5802 0.4800 0.0000
vt 0.5751 0.4874 0.0000
vt 0.5671 0.4839 0.0000
vt 0.5612 0.4920 0.0000
vt 0.5653 0.4917 0.0000
vt 0.5632 0.4919 0.0000
vt 0.5627 0.4905 0.0000
vt 0.5916 0.4772 0.0000
vt 0.5590 0.4674 0.0000
vt 0.5709 0.4756 0.0000
vt 0.5594 0.4743 0.0000
vt 0.7187 0.3662 0.0000
vt 0.7569 0.4520 0.0000
vt 0.5865 0.4847 0.0000
vt 0.5787 0.4899 0.0000
vt 0.5377 0.4784 0.0000
vt 0.5246 0.4863 0.0000
vt 0.5685 0.4918 0.0000
vt 0.5386 0.4834 0.0000
vt 0.5423 0.4870 0.0000
vt 0.5392 0.4916 0.0000
vt 0.5587 0.4838 0.0000
vt 0.5496 0.4849 0.0000
vt 0.5571 0.4917 0.0000
vt 0.5576 0.4920 0.0000
vt 0.5292 0.4874 0.0000
vt 0.5335 0.4899 0.0000
vt 0.5470 0.4769 0.0000
vt 0.5320 0.4921 0.0000
vt 0.5453 0.4711 0.0000
vt 0.6637 0.4090 0.0000
vt 0.6392 0.4292 0.0000
vt 0.6050 0.4019 0.0000
vt 0.6092 0.3828 0.0000
vt 0.6205 0.4246 0.0000
vt 0.7173 0.3890 0.0000
vt 0.6981 0.3884 0.0000
vt 0.6840 0.3882 0.0000
vt 0.5856 0.4894 0.0000
vt 0.6168 0.4478 0.0000
vt 0.5466 0.4920 0.0000
vt 0.5502 0.4923 0.0000
vt 0.6000 0.4637 0.0000
vt 0.6370 0.5423 0.0000
vt 0.6102 0.5736 0.0000
vt 0.6275 0.5326 0.0000
vt 0.6050 0.5613 0.0000
vt 0.5988 0.5466 0.0000
vt 0.5818 0.5611 0.0000
vt 0.5868 0.5762 0.0000
vt 0.5657 0.5704 0.0000
vt 0.5905 0.5882 0.0000
vt 0.5743 0.5976 0.0000
vt 0.6355 0.4944 0.0000
vt 0.6206 0.4978 0.0000
vt 0.6131 0.5230 0.0000
vt 0.6050 0.5102 0.0000
vt 0.6103 0.4867 0.0000
vt 0.5963 0.4905 0.0000
vt 0.5989 0.4795 0.0000
vt 0.6057 0.4820 0.0000
vt 0.6244 0.4718 0.0000
vt 0.6126 0.4664 0.0000
vt 0.0559 0.5298 0.0000
vt 0.1043 0.5175 0.0000
vt 0.6439 0.4953 0.0000
vt 0.5709 0.5849 0.0000
vt 0.5922 0.4817 0.0000
vt 0.5404 0.6437 0.0000
vt 0.5180 0.6337 0.0000
vt 0.5388 0.6291 0.0000
vt 0.6506 0.5484 0.0000
vt 0.6736 0.5448 0.0000
vt 0.5372 0.6110 0.0000
vt 0.5577 0.6059 0.0000
vt 0.5357 0.5964 0.0000
vt 0.5559 0.5913 0.0000
vt 0.5329 0.5779 0.0000
vt 0.5316 0.5536 0.0000
vt 0.5511 0.5757 0.0000
vt 0.5952 0.6044 0.0000
vt 0.5770 0.6125 0.0000
vt 0.1586 0.5133 0.0000
vt 0.2665 0.6140 0.0000
vt 0.8383 0.6041 0.0000
vt 0.0104 0.5439 0.0000
vt 0.5180 0.6494 0.0000
vt 0.5318 0.2414 0.0000
vt 0.5054 0.2654 0.0000
vt 0.4937 0.2656 0.0000
vt 0.4689 0.2763 0.0000
vt 0.4818 0.2783 0.0000
vt 0.4813 0.2918 0.0000
vt 0.4929 0.2785 0.0000
vt 0.4930 0.2919 0.0000
vt 0.5609 0.6207 0.0000
vt 0.5168 0.5965 0.0000
vt 0.5153 0.5454 0.0000
vt 0.5220 0.5285 0.0000
vt 0.5330 0.5360 0.0000
vt 0.5774 0.5428 0.0000
vt 0.5749 0.5295 0.0000
vt 0.5908 0.5308 0.0000
vt 0.5591 0.5352 0.0000
vt 0.5455 0.5387 0.0000
vt 0.5466 0.5527 0.0000
vt 0.5613 0.5497 0.0000
vt 0.5466 0.4924 0.0000
vt 0.5343 0.4968 0.0000
vt 0.5295 0.4998 0.0000
vt 0.5913 0.4889 0.0000
vt 0.5529 0.4924 0.0000
vt 0.5524 0.4927 0.0000
vt 0.5493 0.4925 0.0000
vt 0.5579 0.4922 0.0000
vt 0.5617 0.4924 0.0000
vt 0.5570 0.4925 0.0000
vt 0.5390 0.4929 0.0000
vt 0.5652 0.4923 0.0000
vt 0.5620 0.4921 0.0000
vt 0.5685 0.4922 0.0000
vt 0.5809 0.4986 0.0000
vt 0.5773 0.4916 0.0000
vt 0.5878 0.5177 0.0000
vt 0.6001 0.5001 0.0000
vt 0.5582 0.5210 0.0000
vt 0.5736 0.5166 0.0000
vt 0.5357 0.5063 0.0000
vt 0.5330 0.5162 0.0000
vt 0.5258 0.5082 0.0000
vt 0.5440 0.5210 0.0000
vt 0.5263 0.4951 0.0000
vt 0.5211 0.5014 0.0000
vt 0.5705 0.5042 0.0000
vt 0.5591 0.5071 0.0000
vt 0.5589 0.4998 0.0000
vt 0.5735 0.4952 0.0000
vt 0.5453 0.5072 0.0000
vt 0.5450 0.5122 0.0000
vt 0.5841 0.5004 0.0000
vt 0.5861 0.5066 0.0000
vt 0.5723 0.5087 0.0000
vt 0.5474 0.5004 0.0000
vt 0.5598 0.5125 0.0000
vt 0.5368 0.5005 0.0000
vt 0.5683 0.4983 0.0000
vt 0.4628 0.5979 0.0000
vt 0.4622 0.6142 0.0000
vt 0.4989 0.5921 0.0000
vt 0.4834 0.5916 0.0000
vt 0.4975 0.5674 0.0000
vt 0.4798 0.5675 0.0000
vt 0.4954 0.5401 0.0000
vt 0.4940 0.5244 0.0000
vt 0.4766 0.5384 0.0000
vt 0.5031 0.5101 0.0000
vt 0.5052 0.5215 0.0000
vt 0.4932 0.5122 0.0000
vt 0.5141 0.5136 0.0000
vt 0.5156 0.5770 0.0000
vt 0.5411 0.4954 0.0000
vt 0.5183 0.4953 0.0000
vt 0.4294 0.5424 0.0000
vt 0.4430 0.5405 0.0000
vt 0.4543 0.5357 0.0000
vt 0.4663 0.5262 0.0000
vt 0.4588 0.5510 0.0000
vt 0.4824 0.5220 0.0000
vt 0.4845 0.5105 0.0000
vt 0.4614 0.5785 0.0000
vt 0.4755 0.5042 0.0000
vt 0.4564 0.4992 0.0000
vt 0.4970 0.6351 0.0000
vt 0.4782 0.6339 0.0000
vt 0.4823 0.6125 0.0000
vt 0.4986 0.6123 0.0000
vt 0.5171 0.6146 0.0000
vt 0.0629 0.3414 0.0000
vt 0.0104 0.3313 0.0000
vt 0.9918 0.3328 0.0000
vt 0.7964 0.4057 0.0000
vt 0.6103 0.3220 0.0000
vt 0.6076 0.3438 0.0000
vt 0.5990 0.3214 0.0000
vt 0.6831 0.3267 0.0000
vt 0.6831 0.3465 0.0000
vt 0.6680 0.3470 0.0000
vt 0.6366 0.3277 0.0000
vt 0.6524 0.3279 0.0000
vt 0.6337 0.3462 0.0000
vt 0.6392 0.3085 0.0000
vt 0.6504 0.3472 0.0000
vt 0.6489 0.3658 0.0000
vt 0.6295 0.3640 0.0000
vt 0.6967 0.3648 0.0000
vt 0.6832 0.3663 0.0000
vt 0.6018 0.2546 0.0000
vt 0.5896 0.2765 0.0000
vt 0.5960 0.3421 0.0000
vt 0.6224 0.3250 0.0000
vt 0.6193 0.3436 0.0000
vt 0.7004 0.3430 0.0000
vt 0.7139 0.3439 0.0000
vt 0.6014 0.3634 0.0000
vt 0.6666 0.3666 0.0000
vt 0.6145 0.3638 0.0000
vt 0.6583 0.2954 0.0000
vt 0.6653 0.2765 0.0000
vt 0.6690 0.3002 0.0000
vt 0.8037 0.3995 0.0000
vt 0.8002 0.4426 0.0000
vt 0.0572 0.3952 0.0000
vt 0.0104 0.3936 0.0000
vt 0.0562 0.4551 0.0000
vt 0.7907 0.4387 0.0000
vt 0.2535 0.3287 0.0000
vt 0.6128 0.3021 0.0000
vt 0.6010 0.2992 0.0000
vt 0.6153 0.2812 0.0000
vt 0.6028 0.2786 0.0000
vt 0.5763 0.2744 0.0000
vt 0.5457 0.2135 0.0000
vt 0.5565 0.2178 0.0000
vt 0.5662 0.2083 0.0000
vt 0.5308 0.2197 0.0000
vt 0.4698 0.2632 0.0000
vt 0.4825 0.2645 0.0000
vt 0.4566 0.2437 0.0000
vt 0.4701 0.2490 0.0000
vt 0.5289 0.2948 0.0000
vt 0.5455 0.2726 0.0000
vt 0.5421 0.2973 0.0000
vt 0.4991 0.3444 0.0000
vt 0.5061 0.3416 0.0000
vt 0.5063 0.3439 0.0000
vt 0.5092 0.3346 0.0000
vt 0.5169 0.3426 0.0000
vt 0.5161 0.3409 0.0000
vt 0.4940 0.2525 0.0000
vt 0.4815 0.2516 0.0000
vt 0.4810 0.2332 0.0000
vt 0.5161 0.3045 0.0000
vt 0.5271 0.3017 0.0000
vt 0.5453 0.2866 0.0000
vt 0.5648 0.2928 0.0000
vt 0.5624 0.2727 0.0000
vt 0.5355 0.3174 0.0000
vt 0.5548 0.3059 0.0000
vt 0.5495 0.3154 0.0000
vt 0.5389 0.3071 0.0000
vt 0.5166 0.2975 0.0000
vt 0.4696 0.2278 0.0000
vt 0.1061 0.4538 0.0000
vt 0.4199 0.4944 0.0000
vt 0.7217 0.5377 0.0000
vt 0.4165 0.4948 0.0000
vt 0.4137 0.4941 0.0000
vt 0.4168 0.4944 0.0000
vt 0.4138 0.4947 0.0000
vt 0.9918 0.5471 0.0000
vt 0.9292 0.1951 0.0000
vt 0.9918 0.1969 0.0000
vt 0.0104 0.2354 0.0000
vt 0.0644 0.1933 0.0000
vt 0.1693 0.3024 0.0000
vt 0.1276 0.2421 0.0000
vt 0.5270 0.0400 0.0000
vt 0.5227 0.0082 0.0000
vt 0.5788 0.0082 0.0000
vt 0.5686 0.0400 0.0000
vt 0.6715 0.0330 0.0000
vt 0.6242 0.0386 0.0000
vt 0.6579 0.0107 0.0000
vt 0.6228 0.0652 0.0000
vt 0.5742 0.0665 0.0000
vt 0.4870 0.0392 0.0000
vt 0.4880 0.0082 0.0000
vt 0.4447 0.0705 0.0000
vt 0.4877 0.0712 0.0000
vt 0.4472 0.1016 0.0000
vt 0.4885 0.1023 0.0000
vt 0.4915 0.1249 0.0000
vt 0.4477 0.1260 0.0000
vt 0.4018 0.1001 0.0000
vt 0.2137 0.0209 0.0000
vt 0.2051 0.0420 0.0000
vt 0.1839 0.0240 0.0000
vt 0.1343 0.0319 0.0000
vt 0.1791 0.0177 0.0000
vt 0.4462 0.0412 0.0000
vt 0.4027 0.0691 0.0000
vt 0.2486 0.0629 0.0000
vt 0.2589 0.0352 0.0000
vt 0.3055 0.0364 0.0000
vt 0.3001 0.0606 0.0000
vt 0.1617 0.0451 0.0000
vt 0.5320 0.0985 0.0000
vt 0.0104 0.1969 0.0000
vt 0.0104 0.4611 0.0000
vt 0.7940 0.3696 0.0000
vt 0.1581 0.4560 0.0000
vt 0.7576 0.2772 0.0000
vt 0.7667 0.2417 0.0000
vt 0.4912 0.2178 0.0000
vt 0.4941 0.1951 0.0000
vt 0.4770 0.2053 0.0000
vt 0.5101 0.2045 0.0000
vt 0.5507 0.1885 0.0000
vt 0.5251 0.1833 0.0000
vt 0.4336 0.1962 0.0000
vt 0.2576 0.3107 0.0000
vt 0.2661 0.3245 0.0000
vt 0.5279 0.1616 0.0000
vt 0.5724 0.1744 0.0000
vt 0.6160 0.2561 0.0000
vt 0.6682 0.3126 0.0000
vt 0.6821 0.3075 0.0000
vt 0.6688 0.3274 0.0000
vt 0.6312 0.2602 0.0000
vt 0.6292 0.2851 0.0000
vt 0.6175 0.2316 0.0000
vt 0.6350 0.2373 0.0000
vt 0.6598 0.2250 0.0000
vt 0.6836 0.2384 0.0000
vt 0.6751 0.2566 0.0000
vt 0.6545 0.2447 0.0000
vt 0.6410 0.2167 0.0000
vt 0.6192 0.2093 0.0000
vt 0.3660 0.1312 0.0000
vt 0.3286 0.1353 0.0000
vt 0.3321 0.0988 0.0000
vt 0.3339 0.2493 0.0000
vt 0.3277 0.2284 0.0000
vt 0.3461 0.2217 0.0000
vt 0.6940 0.2752 0.0000
vt 0.6788 0.2907 0.0000
vt 0.5343 0.1248 0.0000
vt 0.5302 0.0692 0.0000
vt 0.7059 0.2575 0.0000
vt 0.1649 0.2066 0.0000
vt 0.1772 0.1410 0.0000
vt 0.2225 0.1961 0.0000
vt 0.7312 0.2365 0.0000
vt 0.7074 0.1907 0.0000
vt 0.7635 0.1901 0.0000
vt 0.6537 0.1352 0.0000
vt 0.6573 0.1751 0.0000
vt 0.6186 0.1673 0.0000
vt 0.7023 0.1396 0.0000
vt 0.7551 0.1404 0.0000
vt 0.5400 0.3328 0.0000
vt 0.5405 0.3381 0.0000
vt 0.1328 0.9072 0.0000
vt 0.5438 0.3365 0.0000
vt 0.5466 0.3230 0.0000
vt 0.5443 0.3289 0.0000
vt 0.5888 0.2962 0.0000
vt 0.5486 0.3342 0.0000
vt 0.5552 0.3420 0.0000
vt 0.5515 0.3414 0.0000
vt 0.5524 0.3318 0.0000
vt 0.5568 0.3287 0.0000
vt 0.5618 0.3235 0.0000
vt 0.5612 0.3403 0.0000
vt 0.1289 0.9062 0.0000
vt 0.5346 0.3406 0.0000
vt 0.5699 0.3201 0.0000
vt 0.5862 0.3402 0.0000
vt 0.3664 0.2139 0.0000
vt 0.2686 0.3008 0.0000
vt 0.5291 0.3321 0.0000
vt 0.5192 0.3336 0.0000
vt 0.6553 0.3103 0.0000
vt 0.6435 0.2896 0.0000
vt 0.6248 0.3048 0.0000
vt 0.6484 0.2668 0.0000
vt 0.7008 0.3236 0.0000
vt 0.7116 0.2415 0.0000
vt 0.6888 0.2202 0.0000
vt 0.9387 0.0537 0.0000
vt 0.9901 0.0508 0.0000
vt 0.9904 0.0774 0.0000
vt 0.9437 0.0235 0.0000
vt 0.0104 0.0508 0.0000
vt 0.0609 0.0539 0.0000
vt 0.0646 0.0808 0.0000
vt 0.0104 0.0774 0.0000
vt 0.0557 0.0245 0.0000
vt 0.9336 0.0808 0.0000
vt 0.9907 0.1055 0.0000
vt 0.1270 0.1047 0.0000
vt 0.0656 0.1077 0.0000
vt 0.1947 0.0697 0.0000
vt 0.1306 0.0785 0.0000
vt 0.1088 0.0492 0.0000
vt 0.9307 0.1386 0.0000
vt 0.9333 0.1051 0.0000
vt 0.9912 0.1375 0.0000
vt 0.2287 0.1387 0.0000
vt 0.1845 0.0975 0.0000
vt 0.1158 0.0200 0.0000
vt 0.1258 0.1408 0.0000
vt 0.9900 0.0242 0.0000
vt 0.0104 0.0242 0.0000
vt 0.1231 0.2016 0.0000
vt 0.8845 0.0517 0.0000
vt 0.0104 0.1055 0.0000
vt 0.8658 0.1419 0.0000
vt 0.8606 0.1058 0.0000
vt 0.2854 0.2599 0.0000
vt 0.3063 0.2414 0.0000
vt 0.3151 0.2613 0.0000
vt 0.2712 0.2800 0.0000
vt 0.2606 0.2387 0.0000
vt 0.2773 0.1925 0.0000
vt 0.2802 0.1377 0.0000
vt 0.2387 0.0970 0.0000
vt 0.2220 0.2448 0.0000
vt 0.3563 0.0374 0.0000
vt 0.3552 0.0641 0.0000
vt 0.2638 0.0156 0.0000
vt 0.3185 0.0098 0.0000
vt 0.1733 0.0131 0.0000
vt 0.4031 0.0404 0.0000
vt 0.3656 0.0974 0.0000
vt 0.2914 0.0964 0.0000
vt 0.2260 0.2809 0.0000
vt 0.8740 0.2004 0.0000
vt 0.8229 0.2056 0.0000
vt 0.8095 0.1424 0.0000
vt 0.1803 0.2489 0.0000
vt 0.7974 0.1047 0.0000
vt 0.8549 0.0819 0.0000
vt 0.7276 0.0352 0.0000
vt 0.7774 0.0476 0.0000
vt 0.7295 0.0670 0.0000
vt 0.6772 0.0638 0.0000
vt 0.7404 0.1004 0.0000
vt 0.7856 0.0767 0.0000
vt 0.7155 0.0174 0.0000
vt 0.0104 0.1375 0.0000
vt 0.8220 0.0494 0.0000
vt 0.8479 0.0274 0.0000
vt 0.8095 0.0195 0.0000
vt 0.8188 0.0137 0.0000
vt 0.8795 0.0179 0.0000
vt 0.8012 0.0274 0.0000
vt 0.0675 0.1389 0.0000
vt 0.7690 0.0236 0.0000
vt 0.4059 0.1284 0.0000
vt 0.4060 0.1565 0.0000
vt 0.5325 0.1445 0.0000
vt 0.5758 0.1271 0.0000
vt 0.5777 0.1544 0.0000
vt 0.6523 0.2039 0.0000
vt 0.6115 0.1901 0.0000
vt 0.5889 0.3185 0.0000
vt 0.5795 0.2948 0.0000
vt 0.4497 0.1442 0.0000
vt 0.4926 0.1424 0.0000
vt 0.6166 0.1305 0.0000
vt 0.6144 0.0960 0.0000
vt 0.5793 0.3171 0.0000
vt 0.3224 0.1805 0.0000
vt 0.2980 0.2789 0.0000
vt 0.3333 0.2045 0.0000
vt 0.3594 0.1695 0.0000
vt 0.7287 0.2795 0.0000
vt 0.3133 0.2941 0.0000
vt 0.2804 0.2391 0.0000
vt 0.3333 0.2984 0.0000
vt 0.3457 0.2923 0.0000
vt 0.3482 0.3127 0.0000
vt 0.3259 0.2804 0.0000
vt 0.3841 0.2085 0.0000
vt 0.3233 0.3030 0.0000
vt 0.3737 0.1911 0.0000
vt 0.4608 0.1839 0.0000
vt 0.4941 0.1716 0.0000
vt 0.4918 0.1606 0.0000
vt 0.4506 0.1641 0.0000
vt 0.4570 0.2208 0.0000
vt 0.4113 0.1713 0.0000
vt 0.5765 0.0964 0.0000
vt 0.2986 0.2198 0.0000
vt 0.6885 0.0996 0.0000
vt 0.6474 0.0984 0.0000
vt 0.3921 0.0082 0.0000
vt 0.4506 0.0082 0.0000
vt 0.4752 0.1166 0.0000
vt 0.4193 0.1155 0.0000
vt 0.4741 0.1636 0.0000
vt 0.4488 0.3377 0.0000
vt 0.5041 0.3187 0.0000
vt 0.4318 0.2849 0.0000
vt 0.4215 0.2250 0.0000
vt 0.4945 0.2696 0.0000
vt 0.3570 0.3100 0.0000
vt 0.1006 0.3102 0.0000
vt 0.1616 0.3236 0.0000
vt 0.1032 0.2438 0.0000
vt 0.3406 0.3879 0.0000
vt 0.2546 0.3476 0.0000
vt 0.2677 0.2432 0.0000
vt 0.5060 0.3812 0.0000
vt 0.4774 0.3947 0.0000
vt 0.5333 0.4221 0.0000
vt 0.9574 0.9843 0.0000
vt 0.9000 0.9808 0.0000
vt 0.9593 0.9494 0.0000
vt 0.1733 0.2351 0.0000
vt 0.5455 0.4813 0.0000
vt 0.5784 0.4178 0.0000
vt 0.5529 0.3785 0.0000
vt 0.3814 0.4426 0.0000
vt 0.4929 0.4796 0.0000
vt 0.5649 0.6604 0.0000
vt 0.5358 0.6042 0.0000
vt 0.6280 0.5589 0.0000
vt 0.6000 0.5083 0.0000
vt 0.5249 0.5255 0.0000
vt 0.4129 0.5002 0.0000
vt 0.5209 0.6207 0.0000
vt 0.5033 0.6449 0.0000
vt 0.4803 0.5755 0.0000
vt 0.5059 0.6177 0.0000
vt 0.4554 0.6160 0.0000
vt 0.6671 0.6123 0.0000
vt 0.4295 0.5232 0.0000
vt 0.4751 0.5218 0.0000
vt 0.4343 0.5709 0.0000
vt 0.5912 0.4743 0.0000
vt 0.5927 0.8282 0.0000
vt 0.6576 0.8299 0.0000
vt 0.5905 0.8786 0.0000
vt 0.6532 0.8872 0.0000
vt 0.7337 0.8345 0.0000
vt 0.5860 0.9279 0.0000
vt 0.5474 0.0200 0.0000
vt 0.5400 0.0201 0.0000
vt 0.5457 0.0400 0.0000
vt 0.0947 0.3084 0.0000
vt 0.0951 0.2432 0.0000
vt 0.0754 0.3078 0.0000
vt 0.9060 0.7681 0.0000
vt 0.9037 0.7013 0.0000
vt 0.9235 0.7037 0.0000
vt 0.9646 0.7706 0.0000
vt 0.9616 0.8497 0.0000
vt 0.9170 0.6192 0.0000
vt 0.9230 0.5327 0.0000
vt 0.9354 0.6205 0.0000
vt 0.9629 0.7069 0.0000
vt 0.0368 0.2424 0.0000
vt 0.0370 0.3060 0.0000
vt 0.7293 0.9025 0.0000
vt 0.8105 0.9182 0.0000
vt 0.7174 0.9643 0.0000
vt 0.8140 0.8454 0.0000
vt 0.6602 0.7622 0.0000
vt 0.6440 0.9378 0.0000
vt 0.7452 0.6587 0.0000
vt 0.6547 0.6900 0.0000
vt 0.7389 0.7562 0.0000
vt 0.5391 0.0394 0.0000
vt 0.4977 0.0460 0.0000
vt 0.5021 0.0524 0.0000
vt 0.5119 0.0588 0.0000
vt 0.5025 0.0260 0.0000
vt 0.5129 0.0202 0.0000
vt 0.4959 0.0395 0.0000
vt 0.1812 0.1604 0.0000
vt 0.2748 0.1567 0.0000
vt 0.1879 0.0778 0.0000
vt 0.8099 0.9839 0.0000
vt 0.1901 0.0123 0.0000
vt 0.2852 0.0315 0.0000
vt 0.2771 0.0932 0.0000
vt 0.8982 0.6991 0.0000
vt 0.9066 0.6159 0.0000
vt 0.7998 0.5723 0.0000
vt 0.8512 0.5959 0.0000
vt 0.8259 0.6821 0.0000
vt 0.2936 0.5144 0.0000
vt 0.8363 0.4976 0.0000
vt 0.7611 0.5392 0.0000
vt 0.7994 0.4783 0.0000
vt 0.1904 0.5390 0.0000
vt 0.1503 0.5144 0.0000
vt 0.1606 0.5985 0.0000
vt 0.1355 0.4126 0.0000
vt 0.0777 0.3909 0.0000
vt 0.0664 0.4803 0.0000
vt 0.8847 0.3658 0.0000
vt 0.8720 0.4250 0.0000
vt 0.8303 0.4140 0.0000
vt 0.8429 0.3567 0.0000
vt 0.0967 0.1604 0.0000
vt 0.1043 0.1609 0.0000
vt 0.1061 0.0820 0.0000
vt 0.0957 0.0979 0.0000
vt 0.8978 0.7667 0.0000
vt 0.0977 0.8981 0.0000
vt 0.1037 0.8923 0.0000
vt 0.0651 0.8347 0.0000
vt 0.2514 0.5715 0.0000
vt 0.2191 0.6255 0.0000
vt 0.2771 0.6495 0.0000
vt 0.0958 0.0643 0.0000
vt 0.9162 0.5328 0.0000
vt 0.8758 0.5129 0.0000
vt 0.6358 0.0191 0.0000
vt 0.6230 0.0146 0.0000
vt 0.6215 0.0411 0.0000
vt 0.6344 0.0412 0.0000
vt 0.9058 0.4314 0.0000
vt 0.9163 0.3675 0.0000
vt 0.9498 0.3607 0.0000
vt 0.9384 0.4456 0.0000
vt 0.8173 0.7657 0.0000
vt 0.6553 0.0416 0.0000
vt 0.6578 0.0505 0.0000
vt 0.6606 0.0418 0.0000
vt 0.6583 0.0330 0.0000
vt 0.6477 0.0247 0.0000
vt 0.6478 0.0415 0.0000
vt 0.0680 0.3896 0.0000
vt 0.0695 0.8271 0.0000
vt 0.0413 0.7705 0.0000
vt 0.0476 0.7674 0.0000
vt 0.4981 0.0310 0.0000
vt 0.5390 0.0585 0.0000
vt 0.5271 0.0620 0.0000
vt 0.0985 0.0169 0.0000
vt 0.0393 0.0144 0.0000
vt 0.0377 0.0614 0.0000
vt 0.5465 0.0584 0.0000
vt 0.0981 0.6597 0.0000
vt 0.1001 0.7074 0.0000
vt 0.1411 0.6680 0.0000
vt 0.8838 0.3150 0.0000
vt 0.9173 0.3158 0.0000
vt 0.1406 0.7159 0.0000
vt 0.1980 0.6835 0.0000
vt 0.1914 0.7304 0.0000
vt 0.1711 0.7586 0.0000
vt 0.1492 0.7502 0.0000
vt 0.1992 0.7787 0.0000
vt 0.3091 0.5981 0.0000
vt 0.3415 0.5561 0.0000
vt 0.9037 0.8474 0.0000
vt 0.8963 0.8467 0.0000
vt 0.1062 0.0191 0.0000
vt 0.0373 0.0969 0.0000
vt 0.0374 0.1600 0.0000
vt 0.9045 0.9068 0.0000
vt 0.8936 0.9247 0.0000
vt 0.8924 0.9787 0.0000
vt 0.9026 0.9453 0.0000
vt 0.5630 0.0561 0.0000
vt 0.5631 0.0397 0.0000
vt 0.9607 0.9096 0.0000
vt 0.5283 0.0175 0.0000
vt 0.0665 0.7052 0.0000
vt 0.0674 0.6573 0.0000
vt 0.0393 0.7019 0.0000
vt 0.0772 0.7595 0.0000
vt 0.0988 0.8219 0.0000
vt 0.0384 0.6569 0.0000
vt 0.1336 0.9286 0.0000
vt 0.1275 0.8786 0.0000
vt 0.1938 0.8791 0.0000
vt 0.2143 0.8370 0.0000
vt 0.1809 0.8159 0.0000
vt 0.1659 0.9152 0.0000
vt 0.1505 0.8497 0.0000
vt 0.1253 0.8022 0.0000
vt 0.1570 0.7784 0.0000
vt 0.2297 0.7935 0.0000
vt 0.8090 0.2946 0.0000
vt 0.7675 0.2753 0.0000
vt 0.8069 0.2466 0.0000
vt 0.8101 0.1468 0.0000
vt 0.8369 0.1122 0.0000
vt 0.8662 0.1526 0.0000
vt 0.7823 0.2311 0.0000
vt 0.8448 0.1799 0.0000
vt 0.7939 0.1888 0.0000
vt 0.8228 0.2142 0.0000
vt 0.2414 0.7451 0.0000
vt 0.0845 0.9048 0.0000
vt 0.1120 0.9448 0.0000
vt 0.1274 0.9359 0.0000
vt 0.9484 0.2513 0.0000
vt 0.9251 0.1887 0.0000
vt 0.9416 0.1837 0.0000
vt 0.9652 0.2468 0.0000
vt 0.7984 0.3407 0.0000
vt 0.7744 0.3910 0.0000
vt 0.7504 0.3133 0.0000
vt 0.7406 0.4444 0.0000
vt 0.6973 0.4125 0.0000
vt 0.7279 0.3625 0.0000
vt 0.9201 0.1961 0.0000
vt 0.8908 0.1368 0.0000
vt 0.8962 0.1299 0.0000
vt 0.2533 0.7011 0.0000
vt 0.0244 0.7757 0.0000
vt 0.0485 0.8419 0.0000
vt 0.9512 0.3167 0.0000
vt 0.9584 0.3171 0.0000
vt 0.9589 0.3603 0.0000
vt 0.0437 0.5719 0.0000
vt 0.0619 0.4818 0.0000
vt 0.0413 0.4809 0.0000
vt 0.0246 0.5702 0.0000
vt 0.9434 0.5323 0.0000
vt 0.0286 0.6581 0.0000
vt 0.0123 0.6579 0.0000
vt 0.0124 0.7042 0.0000
vt 0.0286 0.7024 0.0000
vt 0.9461 0.4456 0.0000
vt 0.9664 0.4456 0.0000
vt 0.0491 0.3887 0.0000
vt 0.8717 0.0901 0.0000
vt 0.8869 0.0820 0.0000
vt 0.9092 0.1238 0.0000
vt 0.8799 0.2790 0.0000
vt 0.8488 0.2769 0.0000
vt 0.8389 0.2516 0.0000
vt 0.8671 0.2300 0.0000
vt 0.9422 0.2541 0.0000
vt 0.8654 0.0966 0.0000
vt 0.1076 0.7518 0.0000
vt 0.8271 0.2679 0.0000
vt 0.8462 0.3086 0.0000
vt 0.0515 0.5710 0.0000
vt 0.6131 0.0411 0.0000
vt 0.6131 0.0682 0.0000
vt 0.6223 0.0660 0.0000
vt 0.6347 0.0625 0.0000
vt 0.5806 0.0165 0.0000
vt 0.5803 0.0401 0.0000
vt 0.5967 0.0407 0.0000
vt 0.5977 0.0123 0.0000
vt 0.5796 0.0608 0.0000
vt 0.6145 0.0128 0.0000
vt 0.5962 0.0672 0.0000
vt 0.9755 0.3605 0.0000
vt 0.6468 0.0576 0.0000
vt 0.1076 0.4963 0.0000
vt 0.1146 0.5807 0.0000
vt 0.0814 0.5753 0.0000
vt 0.1900 0.4355 0.0000
vt 0.7092 0.4957 0.0000
vt 0.9118 0.2657 0.0000
vt 0.3501 0.2377 0.0000
vt 0.3507 0.1684 0.0000
vt 0.5813 0.7134 0.0000
vt 0.5894 0.7728 0.0000
vt 0.5404 0.8774 0.0000
vt 0.5342 0.9274 0.0000
vt 0.4176 0.1679 0.0000
vt 0.4777 0.0650 0.0000
vt 0.4237 0.0636 0.0000
vt 0.5390 0.8313 0.0000
vt 0.5102 0.6815 0.0000
vt 0.5185 0.7286 0.0000
vt 0.5303 0.7824 0.0000
vt 0.8941 0.2121 0.0000
vt 0.9752 0.3121 0.0000
vt 0.5142 0.3549 0.0000
vt 0.4829 0.2140 0.0000
vt 0.2379 0.4726 0.0000
vt 0.6647 0.4518 0.0000
vt 0.5636 0.0217 0.0000
vt 0.3551 0.1076 0.0000
vt 0.3631 0.0533 0.0000
vt 0.4977 0.3746 0.0000
vt 0.6816 0.6539 0.0000
vt 0.6815 0.7083 0.0000
vt 0.6208 0.7083 0.0000
vt 0.5606 0.6513 0.0000
vt 0.6193 0.6580 0.0000
vt 0.5618 0.7083 0.0000
vt 0.9600 0.6568 0.0000
vt 0.9600 0.7083 0.0000
vt 0.7918 0.6549 0.0000
vt 0.7897 0.7083 0.0000
vt 0.4266 0.6519 0.0000
vt 0.4257 0.7083 0.0000
vt 0.3677 0.6589 0.0000
vt 0.3673 0.7083 0.0000
vt 0.3058 0.6545 0.0000
vt 0.3065 0.7083 0.0000
vt 0.4923 0.6527 0.0000
vt 0.4922 0.7083 0.0000
vt 0.4914 0.5397 0.0000
vt 0.5569 0.5393 0.0000
vt 0.4286 0.5429 0.0000
vt 0.6756 0.5462 0.0000
vt 0.6148 0.5497 0.0000
vt 0.1951 0.6547 0.0000
vt 0.1973 0.5572 0.0000
vt 0.3116 0.5465 0.0000
vt 0.0271 0.6562 0.0000
vt 0.0271 0.5600 0.0000
vt 0.3723 0.5500 0.0000
vt 0.3145 0.4664 0.0000
vt 0.3763 0.4769 0.0000
vt 0.7846 0.4865 0.0000
vt 0.6723 0.4663 0.0000
vt 0.6640 0.3962 0.0000
vt 0.3032 0.8073 0.0000
vt 0.3129 0.8344 0.0000
vt 0.2858 0.8407 0.0000
vt 0.6107 0.4693 0.0000
vt 0.3854 0.3962 0.0000
vt 0.3230 0.3962 0.0000
vt 0.2025 0.4849 0.0000
vt 0.2176 0.3962 0.0000
vt 0.0901 0.8443 0.0000
vt 0.0528 0.8870 0.0000
vt 0.0622 0.8402 0.0000
vt 0.7699 0.3962 0.0000
vt 0.7897 0.5573 0.0000
vt 0.1263 0.9700 0.0000
vt 0.0831 0.9735 0.0000
vt 0.1319 0.8595 0.0000
vt 0.2550 0.9670 0.0000
vt 0.2440 0.8565 0.0000
vt 0.2970 0.9684 0.0000
vt 0.1875 0.8299 0.0000
vt 0.2408 0.7821 0.0000
vt 0.5524 0.4716 0.0000
vt 0.4930 0.4689 0.0000
vt 0.9600 0.5614 0.0000
vt 0.1903 0.9621 0.0000
vt 0.9600 0.4936 0.0000
vt 0.0271 0.4948 0.0000
vt 0.3226 0.8811 0.0000
vt 0.0492 0.9782 0.0000
vt 0.9600 0.3962 0.0000
vt 0.4933 0.3962 0.0000
vt 0.3327 0.9721 0.0000
vt 0.1314 0.7856 0.0000
vt 0.0271 0.3962 0.0000
vt 0.0703 0.8124 0.0000
vt 0.4325 0.4723 0.0000
vt 0.6007 0.3962 0.0000
vt 0.2870 0.7633 0.0000
vt 0.1971 0.7083 0.0000
vt 0.0862 0.7682 0.0000
vt 0.0271 0.7083 0.0000
vt 0.8480 0.0632 0.0000
vt 0.9598 0.0632 0.0000
vt 0.9598 0.1031 0.0000
vt 0.8520 0.0997 0.0000
vt 0.5747 0.3080 0.0000
vt 0.4937 0.3805 0.0000
vt 0.4938 0.3079 0.0000
vt 0.4092 0.3065 0.0000
vt 0.3184 0.3805 0.0000
vt 0.4932 0.1610 0.0000
vt 0.5905 0.1565 0.0000
vt 0.4938 0.0967 0.0000
vt 0.3916 0.1583 0.0000
vt 0.3881 0.0976 0.0000
vt 0.2935 0.1533 0.0000
vt 0.2958 0.0997 0.0000
vt 0.6905 0.1582 0.0000
vt 0.5985 0.0977 0.0000
vt 0.6934 0.1028 0.0000
vt 0.1362 0.1007 0.0000
vt 0.1339 0.1617 0.0000
vt 0.0271 0.1555 0.0000
vt 0.0271 0.1091 0.0000
vt 0.4891 0.7941 0.0000
vt 0.4883 0.9102 0.0000
vt 0.4366 0.8927 0.0000
vt 0.4100 0.7906 0.0000
vt 0.2268 0.1610 0.0000
vt 0.2254 0.1006 0.0000
vt 0.2281 0.0632 0.0000
vt 0.2920 0.0632 0.0000
vt 0.1408 0.0632 0.0000
vt 0.3868 0.0632 0.0000
vt 0.4942 0.0632 0.0000
vt 0.8529 0.1616 0.0000
vt 0.7587 0.1633 0.0000
vt 0.7618 0.1015 0.0000
vt 0.0271 0.0632 0.0000
vt 0.9598 0.1440 0.0000
vt 0.5693 0.9115 0.0000
vt 0.5744 0.9446 0.0000
vt 0.5134 0.9579 0.0000
vt 0.3097 0.3116 0.0000
vt 0.5324 0.9819 0.0000
vt 0.6739 0.3132 0.0000
vt 0.6661 0.3805 0.0000
vt 0.6006 0.0632 0.0000
vt 0.6956 0.0632 0.0000
vt 0.7598 0.0632 0.0000
vt 0.7495 0.3118 0.0000
vt 0.7344 0.3805 0.0000
vt 0.1537 0.3805 0.0000
vt 0.1420 0.3056 0.0000
vt 0.2475 0.3805 0.0000
vt 0.6069 0.8755 0.0000
vt 0.5958 0.9205 0.0000
vt 0.3998 0.9441 0.0000
vt 0.3780 0.9215 0.0000
vt 0.4075 0.9105 0.0000
vt 0.2348 0.3109 0.0000
vt 0.4417 0.9804 0.0000
vt 0.4628 0.9577 0.0000
vt 0.5993 0.7926 0.0000
vt 0.0271 0.2997 0.0000
vt 0.0271 0.3805 0.0000
vt 0.6267 0.7942 0.0000
vt 0.9598 0.3805 0.0000
vt 0.8333 0.3805 0.0000
vt 0.9598 0.2955 0.0000
vt 0.8454 0.3068 0.0000
vt 0.3705 0.8739 0.0000
vt 0.5401 0.8934 0.0000
vt 0.5666 0.7913 0.0000
vt 0.3768 0.7914 0.0000
vt 0.3499 0.7930 0.0000
vt 0.6716 0.6910 0.0000
vt 0.7258 0.6923 0.0000
vt 0.6925 0.7264 0.0000
vt 0.7561 0.7212 0.0000
vt 0.7204 0.7437 0.0000
vt 0.8205 0.7874 0.0000
vt 0.8482 0.7679 0.0000
vt 0.8407 0.8282 0.0000
vt 0.6761 0.2902 0.0000
vt 0.6696 0.3161 0.0000
vt 0.6317 0.3018 0.0000
vt 0.6354 0.2796 0.0000
vt 0.7163 0.7867 0.0000
vt 0.7504 0.7652 0.0000
vt 0.7825 0.7909 0.0000
vt 0.7834 0.7482 0.0000
vt 0.8051 0.7666 0.0000
vt 0.7853 0.6768 0.0000
vt 0.8356 0.6675 0.0000
vt 0.8011 0.7067 0.0000
vt 0.7239 0.6508 0.0000
vt 0.6731 0.6536 0.0000
vt 0.6701 0.6167 0.0000
vt 0.7744 0.6423 0.0000
vt 0.8196 0.7358 0.0000
vt 0.7468 0.3530 0.0000
vt 0.7089 0.3349 0.0000
vt 0.7652 0.3348 0.0000
vt 0.6592 0.3357 0.0000
vt 0.6961 0.3542 0.0000
vt 0.7276 0.3766 0.0000
vt 0.6224 0.6574 0.0000
vt 0.7178 0.6143 0.0000
vt 0.6577 0.4302 0.0000
vt 0.6679 0.4081 0.0000
vt 0.6999 0.4432 0.0000
vt 0.6734 0.4533 0.0000
vt 0.6483 0.4474 0.0000
vt 0.8483 0.6953 0.0000
vt 0.8652 0.7198 0.0000
vt 0.6235 0.6200 0.0000
vt 0.6635 0.2331 0.0000
vt 0.7036 0.2291 0.0000
vt 0.6768 0.2594 0.0000
vt 0.6370 0.2248 0.0000
vt 0.6081 0.2060 0.0000
vt 0.6452 0.2106 0.0000
vt 0.6497 0.1869 0.0000
vt 0.6192 0.1853 0.0000
vt 0.6493 0.1669 0.0000
vt 0.6762 0.1642 0.0000
vt 0.6748 0.1435 0.0000
vt 0.6903 0.2032 0.0000
vt 0.6806 0.1831 0.0000
vt 0.6776 0.3867 0.0000
vt 0.7130 0.4074 0.0000
vt 0.6179 0.3187 0.0000
vt 0.6614 0.7534 0.0000
vt 0.6362 0.7337 0.0000
vt 0.6677 0.7168 0.0000
vt 0.6874 0.7686 0.0000
vt 0.7463 0.8163 0.0000
vt 0.5706 0.7996 0.0000
vt 0.6023 0.7629 0.0000
vt 0.6265 0.7779 0.0000
vt 0.6895 0.8228 0.0000
vt 0.6073 0.2904 0.0000
vt 0.6146 0.7061 0.0000
vt 0.6371 0.2510 0.0000
vt 0.6019 0.2716 0.0000
vt 0.7186 0.2614 0.0000
vt 0.5830 0.2082 0.0000
vt 0.5804 0.1929 0.0000
vt 0.1056 0.7595 0.0000
vt 0.1074 0.7741 0.0000
vt 0.0855 0.7634 0.0000
vt 0.1070 0.7892 0.0000
vt 0.0856 0.7859 0.0000
vt 0.0837 0.2136 0.0000
vt 0.0963 0.2063 0.0000
vt 0.1128 0.2205 0.0000
vt 0.1317 0.7739 0.0000
vt 0.1023 0.8049 0.0000
vt 0.0726 0.7958 0.0000
vt 0.0830 0.7745 0.0000
vt 0.1317 0.7912 0.0000
vt 0.0617 0.1961 0.0000
vt 0.0819 0.1772 0.0000
vt 0.0922 0.1966 0.0000
vt 0.1425 0.1695 0.0000
vt 0.1430 0.1847 0.0000
vt 0.1171 0.1848 0.0000
vt 0.0961 0.1863 0.0000
vt 0.1299 0.7572 0.0000
vt 0.1013 0.7458 0.0000
vt 0.1172 0.1973 0.0000
vt 0.1423 0.1980 0.0000
vt 0.1415 0.2099 0.0000
vt 0.0627 0.7746 0.0000
vt 0.0740 0.7547 0.0000
vt 0.1297 0.8076 0.0000
vt 0.1132 0.1703 0.0000
vt 0.1165 0.2087 0.0000
vt 0.1405 0.2225 0.0000
vt 0.1884 0.7736 0.0000
vt 0.1875 0.7550 0.0000
vt 0.2110 0.7734 0.0000
vt 0.2110 0.7938 0.0000
vt 0.1667 0.7738 0.0000
vt 0.1675 0.7927 0.0000
vt 0.1504 0.7921 0.0000
vt 0.1493 0.8091 0.0000
vt 0.1886 0.7930 0.0000
vt 0.1875 0.8121 0.0000
vt 0.1665 0.8107 0.0000
vt 0.1638 0.1852 0.0000
vt 0.1829 0.1851 0.0000
vt 0.1823 0.1987 0.0000
vt 0.2812 0.7959 0.0000
vt 0.2530 0.7956 0.0000
vt 0.2783 0.7725 0.0000
vt 0.2495 0.7524 0.0000
vt 0.2753 0.7517 0.0000
vt 0.2979 0.1836 0.0000
vt 0.2719 0.1837 0.0000
vt 0.2957 0.1641 0.0000
vt 0.2966 0.2008 0.0000
vt 0.2711 0.2004 0.0000
vt 0.2295 0.7732 0.0000
vt 0.2297 0.7526 0.0000
vt 0.2503 0.7729 0.0000
vt 0.3244 0.2016 0.0000
vt 0.3191 0.2158 0.0000
vt 0.2899 0.2287 0.0000
vt 0.2931 0.2151 0.0000
vt 0.3144 0.2275 0.0000
vt 0.2694 0.1654 0.0000
vt 0.1632 0.1700 0.0000
vt 0.1812 0.1697 0.0000
vt 0.5783 0.7544 0.0000
vt 0.1272 0.7428 0.0000
vt 0.7117 0.5829 0.0000
vt 0.7671 0.6100 0.0000
vt 0.1620 0.2104 0.0000
vt 0.1486 0.7565 0.0000
vt 0.1500 0.7739 0.0000
vt 0.2303 0.7362 0.0000
vt 0.2832 0.8183 0.0000
vt 0.3134 0.7957 0.0000
vt 0.2548 0.8170 0.0000
vt 0.3142 0.8189 0.0000
vt 0.3093 0.7717 0.0000
vt 0.3367 0.7699 0.0000
vt 0.3030 0.7500 0.0000
vt 0.1657 0.7559 0.0000
vt 0.2043 0.1848 0.0000
vt 0.2038 0.1993 0.0000
vt 0.1785 0.2244 0.0000
vt 0.1809 0.2114 0.0000
vt 0.2013 0.2263 0.0000
vt 0.1469 0.7417 0.0000
vt 0.1647 0.7403 0.0000
vt 0.0240 0.5572 0.0000
vt 0.0515 0.5476 0.0000
vt 0.0381 0.5651 0.0000
vt 0.0601 0.5765 0.0000
vt 0.0584 0.5903 0.0000
vt 0.0387 0.5873 0.0000
vt 0.5249 0.6239 0.0000
vt 0.5257 0.5861 0.0000
vt 0.6214 0.5855 0.0000
vt 0.3258 0.1627 0.0000
vt 0.3271 0.1832 0.0000
vt 0.6342 0.3531 0.0000
vt 0.5444 0.3412 0.0000
vt 0.6122 0.4915 0.0000
vt 0.5280 0.4911 0.0000
vt 0.5289 0.4647 0.0000
vt 0.6123 0.4659 0.0000
vt 0.4281 0.7934 0.0000
vt 0.3939 0.7943 0.0000
vt 0.4239 0.7619 0.0000
vt 0.3667 0.8202 0.0000
vt 0.3667 0.7948 0.0000
vt 0.2947 0.2967 0.0000
vt 0.2681 0.2983 0.0000
vt 0.2968 0.2835 0.0000
vt 0.5073 0.2721 0.0000
vt 0.5638 0.2680 0.0000
vt 0.5782 0.2892 0.0000
vt 0.4868 0.1931 0.0000
vt 0.4308 0.1811 0.0000
vt 0.4802 0.1552 0.0000
vt 0.5228 0.6643 0.0000
vt 0.4329 0.8245 0.0000
vt 0.3958 0.8229 0.0000
vt 0.5033 0.7533 0.0000
vt 0.4916 0.2253 0.0000
vt 0.4256 0.2112 0.0000
vt 0.3889 0.7650 0.0000
vt 0.4190 0.2587 0.0000
vt 0.4909 0.7917 0.0000
vt 0.4771 0.8255 0.0000
vt 0.4364 0.1533 0.0000
vt 0.3888 0.2415 0.0000
vt 0.4215 0.7194 0.0000
vt 0.4205 0.3286 0.0000
vt 0.3271 0.2702 0.0000
vt 0.3285 0.2499 0.0000
vt 0.3510 0.2713 0.0000
vt 0.3799 0.3093 0.0000
vt 0.3846 0.2704 0.0000
vt 0.3433 0.7237 0.0000
vt 0.3209 0.7061 0.0000
vt 0.3478 0.6727 0.0000
vt 0.2492 0.5557 0.0000
vt 0.2489 0.5353 0.0000
vt 0.2828 0.5542 0.0000
vt 0.2611 0.3584 0.0000
vt 0.2618 0.3744 0.0000
vt 0.2328 0.3762 0.0000
vt 0.2181 0.5544 0.0000
vt 0.2930 0.3581 0.0000
vt 0.2902 0.3724 0.0000
vt 0.4223 0.5829 0.0000
vt 0.4188 0.6249 0.0000
vt 0.2177 0.5355 0.0000
vt 0.2467 0.5771 0.0000
vt 0.2179 0.5767 0.0000
vt 0.2791 0.5353 0.0000
vt 0.2086 0.3271 0.0000
vt 0.2097 0.3122 0.0000
vt 0.2296 0.3118 0.0000
vt 0.3716 0.2056 0.0000
vt 0.3766 0.1810 0.0000
vt 0.3953 0.2074 0.0000
vt 0.3140 0.7269 0.0000
vt 0.3265 0.7435 0.0000
vt 0.3277 0.2304 0.0000
vt 0.3306 0.2266 0.0000
vt 0.3390 0.2192 0.0000
vt 0.2295 0.3282 0.0000
vt 0.2076 0.3421 0.0000
vt 0.3418 0.3816 0.0000
vt 0.3448 0.3422 0.0000
vt 0.3824 0.3406 0.0000
vt 0.3182 0.3650 0.0000
vt 0.3219 0.3419 0.0000
vt 0.3877 0.3795 0.0000
vt 0.3529 0.2363 0.0000
vt 0.1647 0.3587 0.0000
vt 0.1637 0.3756 0.0000
vt 0.1407 0.3586 0.0000
vt 0.1898 0.3273 0.0000
vt 0.1896 0.3133 0.0000
vt 0.1651 0.3421 0.0000
vt 0.1888 0.3591 0.0000
vt 0.2076 0.3595 0.0000
vt 0.2310 0.3431 0.0000
vt 0.1412 0.3421 0.0000
vt 0.1891 0.3418 0.0000
vt 0.5504 0.1022 0.0000
vt 0.5793 0.1021 0.0000
vt 0.5563 0.1225 0.0000
vt 0.6638 0.0866 0.0000
vt 0.6379 0.0944 0.0000
vt 0.6258 0.0697 0.0000
vt 0.6091 0.0995 0.0000
vt 0.5849 0.1200 0.0000
vt 0.6141 0.0531 0.0000
vt 0.6467 0.0607 0.0000
vt 0.6217 0.0401 0.0000
vt 0.5945 0.0540 0.0000
vt 0.4840 0.9081 0.0000
vt 0.4935 0.8899 0.0000
vt 0.5170 0.9002 0.0000
vt 0.5039 0.9609 0.0000
vt 0.5161 0.9447 0.0000
vt 0.5192 0.9663 0.0000
vt 0.6008 0.0750 0.0000
vt 0.5789 0.9074 0.0000
vt 0.5931 0.8899 0.0000
vt 0.6046 0.9184 0.0000
vt 0.5514 0.8963 0.0000
vt 0.5651 0.8786 0.0000
vt 0.6721 0.1072 0.0000
vt 0.6748 0.1243 0.0000
vt 0.6441 0.1134 0.0000
vt 0.5834 0.8586 0.0000
vt 0.5255 0.8859 0.0000
vt 0.5635 0.1368 0.0000
vt 0.5910 0.1343 0.0000
vt 0.5697 0.1521 0.0000
vt 0.6153 0.1177 0.0000
vt 0.6040 0.8415 0.0000
vt 0.6347 0.8560 0.0000
vt 0.6124 0.8710 0.0000
vt 0.5074 0.9163 0.0000
vt 0.5417 0.9103 0.0000
vt 0.5674 0.9212 0.0000
vt 0.5532 0.9362 0.0000
vt 0.5584 0.2388 0.0000
vt 0.5382 0.8692 0.0000
vt 0.5024 0.8756 0.0000
vt 0.5124 0.8610 0.0000
vt 0.6597 0.8413 0.0000
vt 0.6585 0.8734 0.0000
vt 0.5586 0.1808 0.0000
vt 0.5664 0.1794 0.0000
vt 0.5887 0.1817 0.0000
vt 0.5715 0.1682 0.0000
vt 0.5970 0.1664 0.0000
vt 0.6361 0.8861 0.0000
vt 0.5962 0.1498 0.0000
vt 0.5419 0.8294 0.0000
vt 0.5434 0.8269 0.0000
vt 0.5551 0.1790 0.0000
vt 0.5886 0.8152 0.0000
vt 0.5533 0.8511 0.0000
vt 0.5236 0.8469 0.0000
vt 0.6268 0.8262 0.0000
vt 0.6557 0.7949 0.0000
vt 0.5715 0.8347 0.0000
vt 0.6239 0.1663 0.0000
vt 0.6227 0.1478 0.0000
vt 0.6181 0.9020 0.0000
vt 0.6194 0.1315 0.0000
vt 0.6467 0.1287 0.0000
vt 0.5349 0.8358 0.0000
vt 0.5755 0.0772 0.0000
vt 0.5515 0.0745 0.0000
vt 0.5635 0.0502 0.0000
vt 0.5766 0.0588 0.0000
vt 0.4969 0.9368 0.0000
vt 0.4917 0.9526 0.0000
vt 0.4768 0.9562 0.0000
vt 0.5973 0.2432 0.0000
vt 0.5493 0.2064 0.0000
vt 0.5510 0.7934 0.0000
vt 0.5370 0.8226 0.0000
vt 0.5438 0.1758 0.0000
vt 0.5222 0.9791 0.0000
vt 0.5504 0.9659 0.0000
vt 0.5744 0.9475 0.0000
vt 0.5892 0.0369 0.0000
vt 0.5347 0.9540 0.0000
vt 0.5303 0.9259 0.0000
vt 0.4931 0.9739 0.0000
vt 0.7158 0.8396 0.0000
vt 0.5171 0.7103 0.0000
vt 0.6862 0.8599 0.0000
vt 0.2667 0.2838 0.0000
vt 0.5914 0.9324 0.0000
vt 0.1716 0.5566 0.0000
vt 0.1941 0.5555 0.0000
vt 0.1722 0.5770 0.0000
vt 0.1935 0.5974 0.0000
vt 0.1717 0.5967 0.0000
vt 0.1465 0.5573 0.0000
vt 0.1464 0.5768 0.0000
vt 0.1949 0.5763 0.0000
vt 0.1652 0.3278 0.0000
vt 0.1646 0.3143 0.0000
vt 0.1216 0.5763 0.0000
vt 0.1220 0.5579 0.0000
vt 0.2151 0.5988 0.0000
vt 0.1682 0.6130 0.0000
vt 0.1441 0.6102 0.0000
vt 0.1932 0.5367 0.0000
vt 0.2317 0.3594 0.0000
vt 0.2108 0.3768 0.0000
vt 0.1455 0.5399 0.0000
vt 0.1706 0.5380 0.0000
vt 0.4767 0.9326 0.0000
vt 0.6478 0.1464 0.0000
vt 0.3026 0.3028 0.0000
vt 0.3173 0.2899 0.0000
vt 0.2986 0.3043 0.0000
vt 0.3027 0.6055 0.0000
vt 0.3285 0.6227 0.0000
vt 0.2887 0.6180 0.0000
vt 0.2788 0.6187 0.0000
vt 0.2876 0.6197 0.0000
vt 0.2886 0.6429 0.0000
vt 0.3333 0.3057 0.0000
vt 0.3137 0.3194 0.0000
vt 0.2820 0.5774 0.0000
vt 0.3131 0.5784 0.0000
vt 0.2854 0.6170 0.0000
vt 0.2977 0.3069 0.0000
vt 0.2922 0.3422 0.0000
vt 0.2880 0.3268 0.0000
vt 0.2596 0.3428 0.0000
vt 0.2693 0.6164 0.0000
vt 0.2757 0.5993 0.0000
vt 0.2948 0.7008 0.0000
vt 0.2975 0.6728 0.0000
vt 0.2835 0.3125 0.0000
vt 0.2421 0.6166 0.0000
vt 0.2434 0.5975 0.0000
vt 0.2617 0.6726 0.0000
vt 0.2569 0.6441 0.0000
vt 0.3751 0.6250 0.0000
vt 0.3830 0.7209 0.0000
vt 0.3606 0.7664 0.0000
vt 0.3252 0.6729 0.0000
vt 0.3789 0.6727 0.0000
vt 0.4185 0.6716 0.0000
vt 0.1187 0.3270 0.0000
vt 0.1407 0.3274 0.0000
vt 0.1184 0.3417 0.0000
vt 0.1180 0.3581 0.0000
vt 0.0962 0.3575 0.0000
vt 0.0950 0.3737 0.0000
vt 0.0638 0.3707 0.0000
vt 0.1388 0.3747 0.0000
vt 0.1182 0.3746 0.0000
vt 0.0438 0.3416 0.0000
vt 0.0695 0.3417 0.0000
vt 0.0469 0.3527 0.0000
vt 0.0684 0.3556 0.0000
vt 0.0482 0.3310 0.0000
vt 0.0332 0.3614 0.0000
vt 0.0165 0.3412 0.0000
vt 0.0154 0.5767 0.0000
vt 0.1046 0.5766 0.0000
vt 0.1040 0.5586 0.0000
vt 0.1210 0.5933 0.0000
vt 0.0831 0.5920 0.0000
vt 0.0846 0.5766 0.0000
vt 0.1034 0.5929 0.0000
vt 0.0838 0.5595 0.0000
vt 0.3539 0.1820 0.0000
vt 0.3493 0.2028 0.0000
vt 0.3420 0.8192 0.0000
vt 0.3732 0.1579 0.0000
vt 0.3790 0.5811 0.0000
vt 0.3881 0.5438 0.0000
vt 0.4384 0.5161 0.0000
vt 0.4297 0.5462 0.0000
vt 0.4016 0.5132 0.0000
vt 0.8994 0.8021 0.0000
vt 0.8934 0.7528 0.0000
vt 0.9267 0.7919 0.0000
vt 0.2630 0.4148 0.0000
vt 0.2868 0.4120 0.0000
vt 0.2677 0.4294 0.0000
vt 0.3051 0.3791 0.0000
vt 0.4081 0.4341 0.0000
vt 0.4412 0.4327 0.0000
vt 0.4124 0.4590 0.0000
vt 0.4441 0.4599 0.0000
vt 0.4441 0.4886 0.0000
vt 0.4312 0.3947 0.0000
vt 0.6177 0.5498 0.0000
vt 0.6600 0.5480 0.0000
vt 0.6160 0.4431 0.0000
vt 0.6153 0.3972 0.0000
vt 0.6239 0.3698 0.0000
vt 0.6867 0.3699 0.0000
vt 0.5334 0.4009 0.0000
vt 0.6451 0.4677 0.0000
vt 0.6464 0.4915 0.0000
vt 0.6536 0.5169 0.0000
vt 0.6723 0.4904 0.0000
vt 0.6992 0.5123 0.0000
vt 0.8100 0.4215 0.0000
vt 0.7614 0.3854 0.0000
vt 0.7792 0.3859 0.0000
vt 0.8079 0.3868 0.0000
vt 0.6745 0.4705 0.0000
vt 0.3271 0.3985 0.0000
vt 0.3110 0.4054 0.0000
vt 0.3040 0.3870 0.0000
vt 0.3471 0.4177 0.0000
vt 0.3595 0.4373 0.0000
vt 0.3331 0.4384 0.0000
vt 0.3429 0.5380 0.0000
vt 0.3981 0.4062 0.0000
vt 0.3695 0.4133 0.0000
vt 0.3830 0.4352 0.0000
vt 0.3881 0.4580 0.0000
vt 0.3647 0.4574 0.0000
vt 0.3236 0.4217 0.0000
vt 0.3856 0.4842 0.0000
vt 0.3733 0.5093 0.0000
vt 0.3630 0.4809 0.0000
vt 0.4107 0.4870 0.0000
vt 0.3523 0.5038 0.0000
vt 0.3065 0.5309 0.0000
vt 0.3301 0.5228 0.0000
vt 0.3064 0.5341 0.0000
vt 0.3139 0.5165 0.0000
vt 0.3284 0.4995 0.0000
vt 0.3373 0.4578 0.0000
vt 0.2888 0.5108 0.0000
vt 0.2967 0.4950 0.0000
vt 0.3019 0.4758 0.0000
vt 0.2822 0.3963 0.0000
vt 0.3001 0.3912 0.0000
vt 0.2661 0.4910 0.0000
vt 0.2695 0.4744 0.0000
vt 0.2623 0.5076 0.0000
vt 0.3362 0.4778 0.0000
vt 0.1122 0.4403 0.0000
vt 0.1338 0.4380 0.0000
vt 0.1118 0.4491 0.0000
vt 0.0929 0.4590 0.0000
vt 0.1289 0.4589 0.0000
vt 0.1291 0.4698 0.0000
vt 0.1324 0.4482 0.0000
vt 0.3033 0.4574 0.0000
vt 0.3014 0.4414 0.0000
vt 0.3425 0.5792 0.0000
vt 0.3122 0.5519 0.0000
vt 0.2982 0.5282 0.0000
vt 0.2814 0.5252 0.0000
vt 0.1156 0.4318 0.0000
vt 0.1575 0.4355 0.0000
vt 0.1570 0.4473 0.0000
vt 0.2947 0.4269 0.0000
vt 0.6105 0.4173 0.0000
vt 0.5308 0.4385 0.0000
vt 0.2282 0.1998 0.0000
vt 0.2279 0.1668 0.0000
vt 0.2284 0.1842 0.0000
vt 0.2028 0.2129 0.0000
vt 0.2262 0.2283 0.0000
vt 0.2495 0.2145 0.0000
vt 0.2273 0.2142 0.0000
vt 0.2108 0.7536 0.0000
vt 0.2312 0.7949 0.0000
vt 0.2601 0.5230 0.0000
vt 0.2592 0.3990 0.0000
vt 0.1906 0.4867 0.0000
vt 0.2098 0.4883 0.0000
vt 0.1894 0.5008 0.0000
vt 0.1877 0.5136 0.0000
vt 0.2077 0.5026 0.0000
vt 0.2048 0.5166 0.0000
vt 0.2249 0.5052 0.0000
vt 0.6142 0.5182 0.0000
vt 0.2406 0.5064 0.0000
vt 0.7575 0.4187 0.0000
vt 0.7554 0.4515 0.0000
vt 0.7086 0.4765 0.0000
vt 0.6657 0.5833 0.0000
vt 0.7065 0.5490 0.0000
vt 0.8824 0.8085 0.0000
vt 0.8122 0.5342 0.0000
vt 0.7581 0.5488 0.0000
vt 0.7552 0.5133 0.0000
vt 0.7619 0.5798 0.0000
vt 0.8197 0.5919 0.0000
vt 0.5272 0.5188 0.0000
vt 0.7569 0.4820 0.0000
vt 0.8095 0.4750 0.0000
vt 0.5262 0.5507 0.0000
vt 0.8277 0.6375 0.0000
vt 0.2573 0.3276 0.0000
vt 0.3104 0.6387 0.0000
vt 0.3007 0.5360 0.0000
vt 0.2564 0.3121 0.0000
vt 0.2713 0.4587 0.0000
vt 0.4013 0.1799 0.0000
vt 0.3205 0.2343 0.0000
vt 0.1216 0.5419 0.0000
vt 0.0621 0.6934 0.0000
vt 0.0572 0.7086 0.0000
vt 0.0407 0.6894 0.0000
vt 0.0368 0.2530 0.0000
vt 0.0494 0.2609 0.0000
vt 0.0453 0.2707 0.0000
vt 0.0889 0.6953 0.0000
vt 0.0709 0.2586 0.0000
vt 0.0667 0.2455 0.0000
vt 0.0969 0.2430 0.0000
vt 0.0494 0.2807 0.0000
vt 0.0365 0.2886 0.0000
vt 0.0404 0.6644 0.0000
vt 0.0376 0.6770 0.0000
vt 0.0158 0.6771 0.0000
vt 0.0634 0.6767 0.0000
vt 0.1307 0.6561 0.0000
vt 0.1317 0.6758 0.0000
vt 0.1100 0.6566 0.0000
vt 0.1091 0.6408 0.0000
vt 0.1292 0.6402 0.0000
vt 0.1826 0.7184 0.0000
vt 0.1855 0.6983 0.0000
vt 0.2060 0.7191 0.0000
vt 0.1555 0.7165 0.0000
vt 0.1578 0.6973 0.0000
vt 0.0991 0.2839 0.0000
vt 0.0992 0.2703 0.0000
vt 0.1218 0.2837 0.0000
vt 0.1214 0.2981 0.0000
vt 0.0975 0.2982 0.0000
vt 0.0711 0.2829 0.0000
vt 0.0715 0.2706 0.0000
vt 0.0986 0.2571 0.0000
vt 0.1109 0.6760 0.0000
vt 0.1584 0.6755 0.0000
vt 0.1313 0.6962 0.0000
vt 0.1094 0.7122 0.0000
vt 0.1103 0.6957 0.0000
vt 0.1300 0.7137 0.0000
vt 0.2292 0.6734 0.0000
vt 0.2606 0.6985 0.0000
vt 0.0901 0.6764 0.0000
vt 0.2873 0.7207 0.0000
vt 0.3059 0.7231 0.0000
vt 0.1963 0.2841 0.0000
vt 0.1697 0.2842 0.0000
vt 0.1955 0.2704 0.0000
vt 0.1840 0.6516 0.0000
vt 0.1861 0.6750 0.0000
vt 0.1571 0.6544 0.0000
vt 0.2177 0.2837 0.0000
vt 0.2192 0.2986 0.0000
vt 0.1977 0.2990 0.0000
vt 0.1202 0.2427 0.0000
vt 0.1412 0.2428 0.0000
vt 0.1212 0.2570 0.0000
vt 0.2094 0.6742 0.0000
vt 0.2292 0.6984 0.0000
vt 0.1701 0.2984 0.0000
vt 0.1685 0.2567 0.0000
vt 0.1952 0.2564 0.0000
vt 0.1690 0.2705 0.0000
vt 0.2178 0.2399 0.0000
vt 0.2396 0.2392 0.0000
vt 0.2410 0.2556 0.0000
vt 0.1533 0.6376 0.0000
vt 0.1784 0.6337 0.0000
vt 0.1433 0.2976 0.0000
vt 0.1434 0.2837 0.0000
vt 0.2086 0.6990 0.0000
vt 0.2292 0.7200 0.0000
vt 0.2170 0.2566 0.0000
vt 0.2698 0.2384 0.0000
vt 0.2171 0.2704 0.0000
vt 0.2062 0.6481 0.0000
vt 0.2003 0.6292 0.0000
vt 0.2242 0.6186 0.0000
vt 0.2266 0.6455 0.0000
vt 0.2416 0.2703 0.0000
vt 0.2413 0.2839 0.0000
vt 0.2671 0.2703 0.0000
vt 0.2676 0.2554 0.0000
vt 0.2582 0.7206 0.0000
vt 0.2037 0.1685 0.0000
vt 0.2489 0.1657 0.0000
vt 0.2467 0.2293 0.0000
vt 0.2518 0.1839 0.0000
vt 0.2319 0.8155 0.0000
vt 0.2512 0.1999 0.0000
vt 0.2690 0.2151 0.0000
vt 0.2750 0.7352 0.0000
vt 0.2509 0.7353 0.0000
vt 0.2660 0.2293 0.0000
vt 0.3422 0.7956 0.0000
vt 0.2984 0.7347 0.0000
vt 0.4007 0.1544 0.0000
vt 0.3514 0.1611 0.0000
vt 0.3011 0.2382 0.0000
vt 0.2993 0.2700 0.0000
vt 0.3003 0.2549 0.0000
vt 0.2402 0.2985 0.0000
vt 0.3139 0.7317 0.0000
vt 0.1424 0.2572 0.0000
vt 0.1218 0.2702 0.0000
vt 0.2104 0.8138 0.0000
vt 0.2096 0.7373 0.0000
vt 0.1607 0.2231 0.0000
vt 0.1630 0.1984 0.0000
vt 0.1862 0.7388 0.0000
vt 0.0622 0.6600 0.0000
vt 0.0574 0.6450 0.0000
vt 0.0275 0.6553 0.0000
vt 0.2519 0.6181 0.0000
vt 0.1430 0.2703 0.0000
vt 0.1957 0.2405 0.0000
vt 0.2129 0.6163 0.0000
vt 0.1677 0.2415 0.0000
vt 0.0869 0.6415 0.0000
vt 0.0889 0.6575 0.0000
vt 0.0969 0.3416 0.0000
vt 0.0694 0.3287 0.0000
vt 0.0969 0.3272 0.0000
vt 0.1400 0.3144 0.0000
vt 0.1458 0.5949 0.0000
vt 0.1208 0.6074 0.0000
vt 0.0967 0.3134 0.0000
vt 0.1196 0.3133 0.0000
vt 0.0363 0.5764 0.0000
vt 0.0583 0.5617 0.0000
vt 0.0800 0.5440 0.0000
vt 0.1018 0.5428 0.0000
vt 0.0523 0.6025 0.0000
vt 0.0796 0.6056 0.0000
vt 0.0262 0.5944 0.0000
vt 0.1011 0.6064 0.0000
vt 0.1895 0.3765 0.0000
vt 0.1898 0.6149 0.0000
vt 0.1779 0.4339 0.0000
vt 0.1764 0.4211 0.0000
vt 0.1946 0.4327 0.0000
vt 0.1562 0.4237 0.0000
vt 0.1775 0.4467 0.0000
vt 0.1942 0.4461 0.0000
vt 0.1932 0.4194 0.0000
vt 0.1329 0.4278 0.0000
vt 0.1521 0.4116 0.0000
vt 0.2309 0.4452 0.0000
vt 0.2308 0.4306 0.0000
vt 0.2497 0.4303 0.0000
vt 0.2410 0.5208 0.0000
vt 0.2459 0.4163 0.0000
vt 0.2410 0.4004 0.0000
vt 0.2102 0.4740 0.0000
vt 0.2102 0.4602 0.0000
vt 0.2295 0.4738 0.0000
vt 0.2514 0.4447 0.0000
vt 0.2106 0.4314 0.0000
vt 0.2105 0.4458 0.0000
vt 0.2303 0.4596 0.0000
vt 0.1292 0.4934 0.0000
vt 0.1109 0.4889 0.0000
vt 0.1293 0.4816 0.0000
vt 0.1079 0.4693 0.0000
vt 0.1048 0.4259 0.0000
vt 0.1271 0.4173 0.0000
vt 0.1255 0.5048 0.0000
vt 0.1015 0.4961 0.0000
vt 0.1077 0.4792 0.0000
vt 0.1555 0.4591 0.0000
vt 0.0929 0.4401 0.0000
vt 0.0893 0.4794 0.0000
vt 0.0869 0.7115 0.0000
vt 0.0668 0.2961 0.0000
vt 0.1919 0.4727 0.0000
vt 0.1930 0.4594 0.0000
vt 0.1533 0.4968 0.0000
vt 0.1762 0.4592 0.0000
vt 0.1749 0.4720 0.0000
vt 0.1739 0.4854 0.0000
vt 0.1728 0.4091 0.0000
vt 0.1897 0.4074 0.0000
vt 0.1729 0.4989 0.0000
vt 0.1540 0.4840 0.0000
vt 0.1508 0.5095 0.0000
vt 0.1545 0.4712 0.0000
vt 0.2438 0.4894 0.0000
vt 0.2471 0.4738 0.0000
vt 0.2501 0.4595 0.0000
vt 0.2279 0.4889 0.0000
vt 0.2228 0.5195 0.0000
vt 0.2291 0.4171 0.0000
vt 0.2249 0.4024 0.0000
vt 0.2098 0.4176 0.0000
vt 0.1712 0.5115 0.0000
vt 0.3054 0.3857 0.0000
vt 0.2073 0.4049 0.0000
vt 0.2709 0.4437 0.0000
vt 0.0364 0.3229 0.0000
vt 0.0667 0.3156 0.0000
vt 0.7301 0.3034 0.0000
vt 0.0275 0.6984 0.0000
vt 0.0165 0.2706 0.0000
vt 0.3502 0.8033 0.0000
vt 0.5000 0.8367 0.0000
vt 0.5001 0.8856 0.0000
vt 0.5787 0.4387 0.0000
vt 0.5984 0.4782 0.0000
vt 0.5296 0.4934 0.0000
vt 0.5240 0.4815 0.0000
vt 0.0500 0.1000 0.0000
vt 0.1000 0.0000 0.0000
vt 0.0000 0.0000 0.0000
vt 0.5438 0.4115 0.0000
vt 0.5000 0.4018 0.0000
vt 0.5132 0.4732 0.0000
vt 0.5001 0.4703 0.0000
vt 0.2792 0.9470 0.0000
vt 0.5000 0.9961 0.0000
vt 0.1021 0.8093 0.0000
vt 0.7208 0.9470 0.0000
vt 0.0039 0.6104 0.0000
vt 0.5000 0.0039 0.0000
vt 0.7208 0.0530 0.0000
vt 0.2792 0.0530 0.0000
vt 0.8979 0.1907 0.0000
vt 0.1021 0.1907 0.0000
vt 0.9961 0.6104 0.0000
vt 0.9961 0.3896 0.0000
vt 0.0550 0.5990 0.0000
vt 0.1144 0.5858 0.0000
vt 0.1431 0.7775 0.0000
vt 0.1908 0.7404 0.0000
vt 0.0039 0.3896 0.0000
vt 0.3712 0.7609 0.0000
vt 0.2678 0.6806 0.0000
vt 0.2301 0.7099 0.0000
vt 0.3284 0.8474 0.0000
vt 0.4869 0.5268 0.0000
vt 0.4762 0.5185 0.0000
vt 0.5000 0.5000 0.0000
vt 0.1634 0.5749 0.0000
vt 0.4563 0.4115 0.0000
vt 0.8979 0.8093 0.0000
vt 0.2678 0.3195 0.0000
vt 0.3712 0.2391 0.0000
vt 0.3952 0.2878 0.0000
vt 0.3112 0.3532 0.0000
vt 0.5000 0.2104 0.0000
vt 0.5000 0.2645 0.0000
vt 0.2645 0.5524 0.0000
vt 0.2104 0.5645 0.0000
vt 0.2104 0.4356 0.0000
vt 0.2645 0.4476 0.0000
vt 0.7323 0.3196 0.0000
vt 0.7895 0.4354 0.0000
vt 0.7359 0.4479 0.0000
vt 0.6888 0.3530 0.0000
vt 0.7349 0.5523 0.0000
vt 0.5981 0.5218 0.0000
vt 0.6289 0.2391 0.0000
vt 0.6049 0.2879 0.0000
vt 0.7897 0.5645 0.0000
vt 0.7321 0.6806 0.0000
vt 0.6893 0.6467 0.0000
vt 0.6290 0.7609 0.0000
vt 0.6047 0.7123 0.0000
vt 0.1908 0.2596 0.0000
vt 0.1144 0.4142 0.0000
vt 0.0550 0.4010 0.0000
vt 0.3112 0.6469 0.0000
vt 0.3952 0.7122 0.0000
vt 0.5000 0.7896 0.0000
vt 0.5001 0.7355 0.0000
vt 0.4213 0.4388 0.0000
vt 0.5790 0.5613 0.0000
vt 0.5237 0.5185 0.0000
vt 0.5299 0.5066 0.0000
vt 0.5436 0.5885 0.0000
vt 0.5134 0.5268 0.0000
vt 0.5001 0.5983 0.0000
vt 0.4563 0.5885 0.0000
vt 0.4018 0.5219 0.0000
vt 0.4018 0.4781 0.0000
vt 0.4213 0.5613 0.0000
vt 0.1431 0.2225 0.0000
vt 0.6498 0.1967 0.0000
vt 0.7701 0.2902 0.0000
vt 0.8092 0.2595 0.0000
vt 0.6717 0.1526 0.0000
vt 0.6981 0.0990 0.0000
vt 0.8364 0.4250 0.0000
vt 0.8858 0.4143 0.0000
vt 0.9450 0.4009 0.0000
vt 0.8569 0.2226 0.0000
vt 0.4703 0.5066 0.0000
vt 0.5000 0.5297 0.0000
vt 0.4868 0.4733 0.0000
vt 0.4762 0.4815 0.0000
vt 0.4703 0.4934 0.0000
vt 0.2301 0.2901 0.0000
vt 0.3502 0.1967 0.0000
vt 0.1634 0.4251 0.0000
vt 0.3284 0.1526 0.0000
vt 0.3020 0.0990 0.0000
vt 0.5000 0.1144 0.0000
vt 0.5000 0.1634 0.0000
vt 0.5000 0.0550 0.0000
vt 0.9452 0.5991 0.0000
vt 0.8854 0.5858 0.0000
vt 0.8370 0.5750 0.0000
vt 0.3020 0.9010 0.0000
vt 0.5000 0.9450 0.0000
vt 0.6500 0.8033 0.0000
vt 0.7697 0.7099 0.0000
vt 0.8095 0.7405 0.0000
vt 0.6981 0.9010 0.0000
vt 0.8568 0.7775 0.0000
vt 0.6716 0.8474 0.0000
# 4716 texture coords

o Object_Doctor_Pants_D_jpg
g Object_Doctor_Pants_D_jpg
usemtl mat_8_Doctor_Pants_D_jpg
s 1
f 1/1/1 2/2/2 3/3/3 
f 4/4/4 5/5/5 6/6/6 
f 4/4/4 6/6/6 7/7/7 
f 8/8/8 9/9/9 10/10/10 
f 8/8/8 10/10/10 11/11/11 
f 6/6/6 12/12/12 13/13/13 
f 6/6/6 13/13/13 7/7/7 
f 14/14/14 15/15/15 16/16/16 
f 14/14/14 16/16/16 17/17/17 
f 13/13/13 18/18/18 19/19/19 
f 13/13/13 19/19/19 20/20/20 
f 3/3/3 2/2/2 15/15/15 
f 3/3/3 15/15/15 14/14/14 
f 17/17/17 16/16/16 5/5/5 
f 5/5/5 4/4/4 17/17/17 
f 21/21/21 22/22/22 23/23/23 
f 21/21/21 23/23/23 24/24/24 
f 25/25/25 26/26/26 27/27/27 
f 25/25/25 27/27/27 28/28/28 
f 23/23/23 22/22/22 29/29/29 
f 23/23/23 29/29/29 30/30/30 
f 31/31/31 32/32/32 29/29/29 
f 31/31/31 29/29/29 22/22/22 
f 33/33/33 34/34/34 35/35/35 
f 33/33/33 35/35/35 36/36/36 
f 17/17/17 4/4/4 37/37/37 
f 37/37/37 4/4/4 38/38/38 
f 39/39/39 40/40/40 41/41/41 
f 39/39/39 41/41/41 42/42/42 
f 38/38/38 4/4/4 7/7/7 
f 38/38/38 7/7/7 43/43/43 
f 44/44/44 45/45/45 46/46/46 
f 44/44/44 46/46/46 47/47/47 
f 25/25/25 48/48/48 49/49/49 
f 25/25/25 49/49/49 50/50/50 
f 51/51/51 52/52/52 53/53/53 
f 51/51/51 53/53/53 54/54/54 
f 55/55/55 56/56/56 57/57/57 
f 55/55/55 57/57/57 58/58/58 
f 59/59/59 26/60/60 60/61/61 
f 59/59/59 60/61/61 61/62/62 
f 33/33/33 36/36/36 62/63/63 
f 33/33/33 62/63/63 63/64/64 
f 64/65/65 65/66/66 12/12/12 
f 64/65/65 12/12/12 6/6/6 
f 66/67/67 3/3/3 14/14/14 
f 66/67/67 14/14/14 67/68/68 
f 68/69/69 69/70/70 70/71/71 
f 68/69/69 70/71/71 71/72/72 
f 16/16/16 72/73/73 73/74/74 
f 74/75/75 75/76/76 76/77/77 
f 26/60/60 59/59/59 77/78/78 
f 26/60/60 77/78/78 27/79/79 
f 78/80/80 79/81/81 21/21/21 
f 78/80/80 21/21/21 24/24/24 
f 80/82/82 81/83/83 82/84/84 
f 80/82/82 82/84/84 83/85/85 
f 84/86/86 85/87/87 81/83/83 
f 84/86/86 81/83/83 80/82/82 
f 86/88/88 87/89/89 88/90/90 
f 86/88/88 88/90/90 89/91/91 
f 90/92/92 31/31/31 22/22/22 
f 90/92/92 22/22/22 21/21/21 
f 91/93/93 92/94/94 93/95/95 
f 91/93/93 93/95/95 94/96/96 
f 95/97/97 96/98/98 97/99/99 
f 98/100/100 91/93/93 94/96/96 
f 99/101/101 95/97/97 100/102/102 
f 99/101/101 100/102/102 101/103/103 
f 102/104/104 103/105/105 104/106/106 
f 102/104/104 104/106/106 105/107/107 
f 101/103/103 106/108/108 92/94/94 
f 101/103/103 92/94/94 91/93/93 
f 107/109/109 108/110/110 96/98/98 
f 99/101/101 101/103/103 91/93/93 
f 109/111/111 102/104/104 105/107/107 
f 110/112/112 98/100/100 111/113/113 
f 111/113/113 98/100/100 112/114/114 
f 111/113/113 112/114/114 113/115/115 
f 114/116/116 115/117/117 116/118/118 
f 114/116/116 116/118/118 117/119/119 
f 118/120/120 74/75/75 9/9/9 
f 118/120/120 9/9/9 8/8/8 
f 116/118/118 115/117/117 119/121/121 
f 116/118/118 119/121/121 120/122/122 
f 76/77/77 75/76/76 121/123/123 
f 76/77/77 121/123/123 2/2/2 
f 58/58/58 57/57/57 122/124/124 
f 58/58/58 122/124/124 123/125/125 
f 124/126/126 125/127/127 126/128/128 
f 127/129/129 126/128/128 125/127/127 
f 128/130/130 114/116/116 117/119/119 
f 128/130/130 117/119/119 129/131/131 
f 130/132/132 118/133/133 8/134/134 
f 130/132/132 8/134/134 131/135/135 
f 52/52/52 132/136/136 133/137/137 
f 52/52/52 133/137/137 53/53/53 
f 65/66/66 130/132/132 131/135/135 
f 74/75/75 76/77/77 9/9/9 
f 133/137/137 132/136/136 134/138/138 
f 133/137/137 134/138/138 135/139/139 
f 72/73/73 136/140/140 137/141/141 
f 72/73/73 137/141/141 73/74/74 
f 138/142/142 139/143/143 140/144/144 
f 138/142/142 140/144/144 141/145/145 
f 2/2/2 121/123/123 142/146/146 
f 2/2/2 142/146/146 15/15/15 
f 140/147/147 51/51/51 54/54/54 
f 140/147/147 54/54/54 141/148/148 
f 15/15/15 142/146/146 72/73/73 
f 15/15/15 72/73/73 16/16/16 
f 119/121/121 143/149/149 144/150/150 
f 119/121/121 144/150/150 139/143/143 
f 130/132/132 145/151/151 146/152/152 
f 130/132/132 146/152/152 118/133/133 
f 147/153/153 148/154/154 114/116/116 
f 147/153/153 114/116/116 128/130/130 
f 118/120/120 146/155/155 149/156/156 
f 118/120/120 149/156/156 74/75/75 
f 135/139/139 134/138/138 128/130/130 
f 135/139/139 128/130/130 129/131/131 
f 73/74/74 137/141/141 150/157/157 
f 73/74/74 150/157/157 64/65/65 
f 51/51/51 151/158/158 152/159/159 
f 51/51/51 152/159/159 52/52/52 
f 64/65/65 150/157/157 153/160/160 
f 64/65/65 153/160/160 65/66/66 
f 139/143/143 144/150/150 154/161/161 
f 139/143/143 154/161/161 140/144/144 
f 142/146/146 155/162/162 136/140/140 
f 142/146/146 136/140/140 72/73/73 
f 140/147/147 154/163/163 151/158/158 
f 140/147/147 151/158/158 51/51/51 
f 74/75/75 149/156/156 156/164/164 
f 74/75/75 156/164/164 75/76/76 
f 114/116/116 148/154/154 157/165/165 
f 114/116/116 157/165/165 115/117/117 
f 75/76/76 156/164/164 158/166/166 
f 75/76/76 158/166/166 121/123/123 
f 115/117/117 157/165/165 143/149/149 
f 115/117/117 143/149/149 119/121/121 
f 121/123/123 158/166/166 155/162/162 
f 121/123/123 155/162/162 142/146/146 
f 152/159/159 159/167/167 160/168/168 
f 152/159/159 160/168/168 161/169/169 
f 153/160/160 162/170/170 163/171/171 
f 153/160/160 163/171/171 145/151/151 
f 160/168/168 164/172/172 165/173/173 
f 160/168/168 165/173/173 161/169/169 
f 83/85/85 82/84/84 164/172/172 
f 83/85/85 164/172/172 166/174/174 
f 144/150/150 57/57/57 56/56/56 
f 144/150/150 56/56/56 154/161/161 
f 80/82/82 83/85/85 136/140/140 
f 80/82/82 136/140/140 155/162/162 
f 56/175/175 167/176/176 151/158/158 
f 56/175/175 151/158/158 154/163/163 
f 149/156/156 58/58/58 123/125/125 
f 149/156/156 123/125/125 156/164/164 
f 120/122/122 119/121/121 139/143/143 
f 120/122/122 139/143/143 138/142/142 
f 5/5/5 73/74/74 64/65/65 
f 16/16/16 73/74/74 5/5/5 
f 123/125/125 122/124/124 85/87/87 
f 123/125/125 85/87/87 84/86/86 
f 163/171/171 167/176/176 56/175/175 
f 163/171/171 56/175/175 55/177/177 
f 164/172/172 82/84/84 147/153/153 
f 164/172/172 147/153/153 165/173/173 
f 166/174/174 164/172/172 160/168/168 
f 166/174/174 160/168/168 168/178/178 
f 162/170/170 159/167/167 167/176/176 
f 162/170/170 167/176/176 163/171/171 
f 168/178/178 160/168/168 159/167/167 
f 168/178/178 159/167/167 162/170/170 
f 134/138/138 165/173/173 147/153/153 
f 134/138/138 147/153/153 128/130/130 
f 137/141/141 166/174/174 168/178/178 
f 137/141/141 168/178/178 150/157/157 
f 167/176/176 159/167/167 152/159/159 
f 167/176/176 152/159/159 151/158/158 
f 150/157/157 168/178/178 162/170/170 
f 150/157/157 162/170/170 153/160/160 
f 52/52/52 152/159/159 161/169/169 
f 52/52/52 161/169/169 132/136/136 
f 65/66/66 153/160/160 145/151/151 
f 65/66/66 145/151/151 130/132/132 
f 132/136/136 161/169/169 165/173/173 
f 132/136/136 165/173/173 134/138/138 
f 136/140/140 83/85/85 166/174/174 
f 136/140/140 166/174/174 137/141/141 
f 81/83/83 85/87/87 157/165/165 
f 81/83/83 157/165/165 148/154/154 
f 123/125/125 84/86/86 158/166/166 
f 123/125/125 158/166/166 156/164/164 
f 85/87/87 122/124/124 143/149/149 
f 85/87/87 143/149/149 157/165/165 
f 84/86/86 80/82/82 155/162/162 
f 84/86/86 155/162/162 158/166/166 
f 143/149/149 122/124/124 57/57/57 
f 143/149/149 57/57/57 144/150/150 
f 145/151/151 163/171/171 55/177/177 
f 145/151/151 55/177/177 146/152/152 
f 82/84/84 81/83/83 148/154/154 
f 82/84/84 148/154/154 147/153/153 
f 146/155/155 55/55/55 58/58/58 
f 146/155/155 58/58/58 149/156/156 
f 169/179/179 37/37/37 38/38/38 
f 169/179/179 38/38/38 170/180/180 
f 62/63/63 171/181/181 169/179/179 
f 62/63/63 169/179/179 172/182/182 
f 40/40/40 23/23/23 30/30/30 
f 40/40/40 30/30/30 41/41/41 
f 173/183/183 174/184/184 41/41/41 
f 173/183/183 41/41/41 30/30/30 
f 173/183/183 175/185/185 43/43/43 
f 173/183/183 43/43/43 20/20/20 
f 174/184/184 176/186/186 42/42/42 
f 174/184/184 42/42/42 41/41/41 
f 175/185/185 170/180/180 38/38/38 
f 175/185/185 38/38/38 43/43/43 
f 176/187/187 87/89/89 177/188/188 
f 176/187/187 177/188/188 42/189/189 
f 46/46/46 178/190/190 31/31/31 
f 46/46/46 31/31/31 90/92/92 
f 179/191/191 47/47/47 180/192/192 
f 179/191/191 180/192/192 181/193/193 
f 76/77/77 1/1/1 9/9/9 
f 9/9/9 1/1/1 10/10/10 
f 10/10/10 1/1/1 89/91/91 
f 10/10/10 89/91/91 88/90/90 
f 79/81/81 78/80/80 182/194/194 
f 79/81/81 182/194/194 183/195/195 
f 34/34/34 184/196/196 177/188/188 
f 34/34/34 177/188/188 35/35/35 
f 12/12/12 131/135/135 18/18/18 
f 12/12/12 18/18/18 13/13/13 
f 86/88/88 185/197/197 36/36/36 
f 86/88/88 36/36/36 35/35/35 
f 110/112/112 182/194/194 61/62/62 
f 110/112/112 61/62/62 107/109/109 
f 7/7/7 13/13/13 20/20/20 
f 7/7/7 20/20/20 43/43/43 
f 107/109/109 61/62/62 60/61/61 
f 107/109/109 60/61/61 108/110/110 
f 89/91/91 1/1/1 3/3/3 
f 89/91/91 3/3/3 66/67/67 
f 87/89/89 86/88/88 35/35/35 
f 87/89/89 35/35/35 177/188/188 
f 131/135/135 8/134/134 11/198/198 
f 131/135/135 11/198/198 18/18/18 
f 178/190/190 172/182/182 32/32/32 
f 178/190/190 32/32/32 31/31/31 
f 59/59/59 78/80/80 24/24/24 
f 59/59/59 24/24/24 77/78/78 
f 174/184/184 173/183/183 20/20/20 
f 174/184/184 20/20/20 19/19/19 
f 48/48/48 186/199/199 187/200/200 
f 48/48/48 187/200/200 49/49/49 
f 171/181/181 67/68/68 37/37/37 
f 171/181/181 37/37/37 169/179/179 
f 45/45/45 63/64/64 178/190/190 
f 45/45/45 178/190/190 46/46/46 
f 78/80/80 59/59/59 61/62/62 
f 78/80/80 61/62/62 182/194/194 
f 178/190/190 63/64/64 62/63/63 
f 178/190/190 62/63/63 172/182/182 
f 184/196/196 39/201/201 42/189/189 
f 184/196/196 42/189/189 177/188/188 
f 26/26/26 25/25/25 50/50/50 
f 26/26/26 50/50/50 60/202/202 
f 111/113/113 183/195/195 182/194/194 
f 111/113/113 182/194/194 110/112/112 
f 36/36/36 185/197/197 171/181/181 
f 36/36/36 171/181/181 62/63/63 
f 71/72/72 70/71/71 188/203/203 
f 71/72/72 188/203/203 189/204/204 
f 190/205/205 191/206/206 179/191/191 
f 190/205/205 179/191/191 109/111/111 
f 109/111/111 179/191/191 181/193/193 
f 65/66/66 131/135/135 12/12/12 
f 192/207/207 193/208/208 194/209/209 
f 192/207/207 194/209/209 195/210/210 
f 196/211/211 197/212/212 198/213/213 
f 196/211/211 198/213/213 199/214/214 
f 200/215/215 192/207/207 195/210/210 
f 200/215/215 195/210/210 201/216/216 
f 113/115/115 183/195/195 111/113/113 
f 5/5/5 64/65/65 6/6/6 
f 67/68/68 14/14/14 17/17/17 
f 67/68/68 17/17/17 37/37/37 
f 187/200/200 191/206/206 190/205/205 
f 187/200/200 190/205/205 68/69/69 
f 191/206/206 44/44/44 47/47/47 
f 191/206/206 47/47/47 179/191/191 
f 190/205/205 105/107/107 69/70/70 
f 190/205/205 69/70/70 68/69/69 
f 181/193/193 180/192/192 79/81/81 
f 181/193/193 79/81/81 183/195/195 
f 49/49/49 187/200/200 68/69/69 
f 49/49/49 68/69/69 71/72/72 
f 186/199/199 44/44/44 191/206/206 
f 186/199/199 191/206/206 187/200/200 
f 109/111/111 181/193/193 113/115/115 
f 109/111/111 105/107/107 190/205/205 
f 113/115/115 181/193/193 183/195/195 
f 110/112/112 99/101/101 98/100/100 
f 24/24/24 23/23/23 40/40/40 
f 24/24/24 40/40/40 77/78/78 
f 40/40/40 39/39/39 27/79/79 
f 40/40/40 27/79/79 77/78/78 
f 180/192/192 47/47/47 46/46/46 
f 180/192/192 46/46/46 90/92/92 
f 11/11/11 10/10/10 88/90/90 
f 11/11/11 88/90/90 202/217/217 
f 79/81/81 180/192/192 90/92/92 
f 79/81/81 90/92/92 21/21/21 
f 18/18/18 11/198/198 202/218/218 
f 18/18/18 202/218/218 19/19/19 
f 87/89/89 176/187/187 202/217/217 
f 87/89/89 202/217/217 88/90/90 
f 32/32/32 170/180/180 175/185/185 
f 32/32/32 175/185/185 29/29/29 
f 176/186/186 174/184/184 19/19/19 
f 176/186/186 19/19/19 202/218/218 
f 175/185/185 173/183/183 30/30/30 
f 175/185/185 30/30/30 29/29/29 
f 185/197/197 66/67/67 67/68/68 
f 185/197/197 67/68/68 171/181/181 
f 28/28/28 184/196/196 34/34/34 
f 28/28/28 34/34/34 203/219/219 
f 86/88/88 89/91/91 66/67/67 
f 86/88/88 66/67/67 185/197/197 
f 172/182/182 169/179/179 170/180/180 
f 172/182/182 170/180/180 32/32/32 
f 204/220/220 205/221/221 125/127/127 
f 204/220/220 125/127/127 124/126/126 
f 206/222/222 207/223/223 208/224/224 
f 206/222/222 208/224/224 209/225/225 
f 210/226/226 211/227/227 212/228/228 
f 39/201/201 184/196/196 28/28/28 
f 213/229/229 214/230/230 215/231/231 
f 213/229/229 215/231/231 216/232/232 
f 217/233/233 218/234/234 219/235/235 
f 217/233/233 219/235/235 220/236/236 
f 221/237/237 222/238/238 223/239/239 
f 221/237/237 223/239/239 224/240/240 
f 225/241/241 226/242/242 222/238/238 
f 225/241/241 222/238/238 221/237/237 
f 227/243/243 219/235/235 218/234/234 
f 227/243/243 218/234/234 228/244/244 
f 97/245/245 96/246/246 188/203/203 
f 107/109/109 96/98/98 95/97/97 
f 110/112/112 107/109/109 95/97/97 
f 110/112/112 95/97/97 99/101/101 
f 94/96/96 229/247/247 103/105/105 
f 99/101/101 91/93/93 98/100/100 
f 94/96/96 93/95/95 229/247/247 
f 98/100/100 94/96/96 112/114/114 
f 209/225/225 208/224/224 230/248/248 
f 231/249/249 232/250/250 233/251/251 
f 234/252/252 235/253/253 236/254/254 
f 234/252/252 236/254/254 237/255/255 
f 238/256/256 239/257/257 100/102/102 
f 238/256/256 100/102/102 97/99/99 
f 96/246/246 108/258/258 189/204/204 
f 96/246/246 189/204/204 188/203/203 
f 240/259/259 241/260/260 242/261/261 
f 243/262/262 213/229/229 216/232/232 
f 244/263/263 245/264/264 246/265/265 
f 244/263/263 246/265/265 231/249/249 
f 247/266/266 248/267/267 249/268/268 
f 247/266/266 249/268/268 250/269/269 
f 251/270/270 252/271/271 253/272/272 
f 251/270/270 253/272/272 254/273/273 
f 255/274/274 256/275/275 248/267/267 
f 255/274/274 248/267/267 247/266/266 
f 257/276/276 258/277/277 259/278/278 
f 257/276/276 259/278/278 260/279/279 
f 227/243/243 261/280/280 262/281/281 
f 227/243/243 262/281/281 263/282/282 
f 264/283/283 265/284/284 249/268/268 
f 264/283/283 249/268/268 266/285/285 
f 267/286/286 268/287/287 269/288/288 
f 267/286/286 269/288/288 270/289/289 
f 271/290/290 272/291/291 273/292/292 
f 271/290/290 273/292/292 240/259/259 
f 268/287/287 274/293/293 275/294/294 
f 268/287/287 275/294/294 269/288/288 
f 223/239/239 272/291/291 271/290/290 
f 223/239/239 271/290/290 276/295/295 
f 277/296/296 225/241/241 221/237/237 
f 277/296/296 221/237/237 278/297/297 
f 212/228/228 279/298/298 247/266/266 
f 212/228/228 247/266/266 250/269/269 
f 280/299/299 281/300/300 282/301/301 
f 280/299/299 282/301/301 266/285/285 
f 283/302/302 244/263/263 231/249/249 
f 283/302/302 231/249/249 284/303/303 
f 285/304/304 286/305/305 287/306/306 
f 285/304/304 287/306/306 288/307/307 
f 251/270/270 289/308/308 279/298/298 
f 251/270/270 279/298/298 260/279/279 
f 290/309/309 291/310/310 292/311/311 
f 290/309/309 292/311/311 293/312/312 
f 257/276/276 212/228/228 211/227/227 
f 257/276/276 211/227/227 294/313/313 
f 288/307/307 287/306/306 295/314/314 
f 288/307/307 295/314/314 296/315/315 
f 297/316/316 298/317/317 299/318/318 
f 297/316/316 299/318/318 237/255/255 
f 285/319/319 300/320/320 301/321/321 
f 285/319/319 301/321/321 286/322/322 
f 254/273/273 283/302/302 289/308/308 
f 254/273/273 289/308/308 251/270/270 
f 302/323/323 303/324/324 304/325/325 
f 302/323/323 304/325/325 305/326/326 
f 306/327/327 307/328/328 308/329/329 
f 306/327/327 308/329/329 309/330/330 
f 310/331/331 291/310/310 311/332/332 
f 310/331/331 311/332/332 312/333/333 
f 307/328/328 313/334/334 314/335/335 
f 307/328/328 314/335/335 308/329/329 
f 315/336/336 316/337/337 317/338/338 
f 315/336/336 317/338/338 318/339/339 
f 294/340/340 211/341/341 319/342/342 
f 294/340/340 319/342/342 320/343/343 
f 321/344/344 322/345/345 323/346/346 
f 324/347/347 205/221/221 204/220/220 
f 325/348/348 326/349/349 327/350/350 
f 325/348/348 327/350/350 328/351/351 
f 329/352/352 330/353/353 305/326/326 
f 329/352/352 305/326/326 304/325/325 
f 313/334/334 307/328/328 235/253/253 
f 313/334/334 235/253/253 234/252/252 
f 331/354/354 332/355/355 333/356/356 
f 331/354/354 333/356/356 334/357/357 
f 335/358/358 336/359/359 333/356/356 
f 335/358/358 333/356/356 332/355/355 
f 337/360/360 338/361/361 339/362/362 
f 337/360/360 339/362/362 340/363/363 
f 341/364/364 342/365/365 297/316/316 
f 341/364/364 297/316/316 343/366/366 
f 340/363/363 344/367/367 345/368/368 
f 340/363/363 345/368/368 346/369/369 
f 346/369/369 334/357/357 330/353/353 
f 346/369/369 330/353/353 329/352/352 
f 347/370/370 348/371/371 349/372/372 
f 350/373/373 338/361/361 351/374/374 
f 300/320/320 352/375/375 349/372/372 
f 300/320/320 349/372/372 301/321/321 
f 205/221/221 353/376/376 127/129/129 
f 205/221/221 127/129/129 125/127/127 
f 260/279/279 279/298/298 212/228/228 
f 260/279/279 212/228/228 257/276/276 
f 321/344/344 354/377/377 355/378/378 
f 321/344/344 355/378/378 356/379/379 
f 246/265/265 357/380/380 358/381/381 
f 246/265/265 358/381/381 359/382/382 
f 321/344/344 356/379/379 360/383/383 
f 321/344/344 360/383/383 361/384/384 
f 231/249/249 246/265/265 359/382/382 
f 231/249/249 359/382/382 232/250/250 
f 103/105/105 229/247/247 362/385/385 
f 103/105/105 362/385/385 104/106/106 
f 350/373/373 339/362/362 338/361/361 
f 209/225/225 230/248/248 363/386/386 
f 362/385/385 229/247/247 364/387/387 
f 362/385/385 364/387/387 344/367/367 
f 324/347/347 360/383/383 205/221/221 
f 365/388/388 366/389/389 230/248/248 
f 93/95/95 367/390/390 364/387/387 
f 93/95/95 364/387/387 229/247/247 
f 365/388/388 230/248/248 208/224/224 
f 365/388/388 208/224/224 368/391/391 
f 369/392/392 370/393/393 371/394/394 
f 69/70/70 104/106/106 350/373/373 
f 366/389/389 372/395/395 373/396/396 
f 374/397/397 375/398/398 376/399/399 
f 315/336/336 377/400/400 378/401/401 
f 315/336/336 378/401/401 379/402/402 
f 293/312/312 330/353/353 334/357/357 
f 293/312/312 334/357/357 333/356/356 
f 380/403/403 373/396/396 342/365/365 
f 380/403/403 342/365/365 341/364/364 
f 306/327/327 381/404/404 235/253/253 
f 306/327/327 235/253/253 307/328/328 
f 235/253/253 381/404/404 382/405/405 
f 334/357/357 345/368/368 331/354/354 
f 365/388/388 383/406/406 366/389/389 
f 383/406/406 372/395/395 366/389/389 
f 287/306/306 384/407/407 238/408/408 
f 287/306/306 238/408/408 295/314/314 
f 385/409/409 374/397/397 376/399/399 
f 385/409/409 376/399/399 372/395/395 
f 346/369/369 329/352/352 337/360/360 
f 346/369/369 337/360/360 340/363/363 
f 214/230/230 213/229/229 383/406/406 
f 214/230/230 383/406/406 365/388/388 
f 315/336/336 379/402/402 386/410/410 
f 315/336/336 386/410/410 316/337/337 
f 213/229/229 243/262/262 385/409/409 
f 213/229/229 385/409/409 383/406/406 
f 369/392/392 375/398/398 370/393/393 
f 97/245/245 188/203/203 387/411/411 
f 301/321/321 349/372/372 206/412/412 
f 301/321/321 206/412/412 388/413/413 
f 113/115/115 112/114/114 102/104/104 
f 113/115/115 102/104/104 109/111/111 
f 50/50/50 49/49/49 71/72/72 
f 50/50/50 71/72/72 189/204/204 
f 230/248/248 380/403/403 363/386/386 
f 321/344/344 323/346/346 354/377/377 
f 313/334/334 389/414/414 390/415/415 
f 313/334/334 390/415/415 314/335/335 
f 352/375/375 300/320/320 391/416/416 
f 352/375/375 391/416/416 392/417/417 
f 217/233/233 319/342/342 211/341/341 
f 217/233/233 211/341/341 210/418/418 
f 291/310/310 290/309/309 393/419/419 
f 291/310/310 393/419/419 311/332/332 
f 306/327/327 309/330/330 317/338/338 
f 306/327/327 317/338/338 316/337/337 
f 321/344/344 361/384/384 394/420/420 
f 321/344/344 394/420/420 322/345/345 
f 326/349/349 319/342/342 217/233/233 
f 326/349/349 217/233/233 220/236/236 
f 395/421/421 396/422/422 397/423/423 
f 395/421/421 397/423/423 398/424/424 
f 399/425/425 400/426/426 401/427/427 
f 399/425/425 401/427/427 402/428/428 
f 394/420/420 384/429/429 403/430/430 
f 394/420/420 403/430/430 322/345/345 
f 404/431/431 405/432/432 406/433/433 
f 404/431/431 406/433/433 407/434/434 
f 396/422/422 408/435/435 409/436/436 
f 396/422/422 409/436/436 397/423/423 
f 258/277/277 408/435/435 396/422/422 
f 258/277/277 396/422/422 259/278/278 
f 410/437/437 408/435/435 405/438/438 
f 255/274/274 233/251/251 256/275/275 
f 253/272/272 399/425/425 402/428/428 
f 253/272/272 402/428/428 254/273/273 
f 398/424/424 370/393/393 375/398/398 
f 398/424/424 375/398/398 411/439/439 
f 259/278/278 396/422/422 395/421/421 
f 259/278/278 395/421/421 252/271/271 
f 410/437/437 409/436/436 408/435/435 
f 276/295/295 412/440/440 413/441/441 
f 280/299/299 248/267/267 256/275/275 
f 280/299/299 256/275/275 414/442/442 
f 398/424/424 397/423/423 347/370/370 
f 398/424/424 347/370/370 370/393/393 
f 406/443/443 405/438/438 408/435/435 
f 406/443/443 408/435/435 258/277/277 
f 263/282/282 262/281/281 222/238/238 
f 263/282/282 222/238/238 226/242/242 
f 233/251/251 232/250/250 225/241/241 
f 233/251/251 225/241/241 277/296/296 
f 415/444/444 395/421/421 398/424/424 
f 415/444/444 398/424/424 411/439/439 
f 294/313/313 406/443/443 258/277/277 
f 294/313/313 258/277/277 257/276/276 
f 416/445/445 400/426/426 399/425/425 
f 416/445/445 411/439/439 374/397/397 
f 400/426/426 216/232/232 328/351/351 
f 400/426/426 328/351/351 401/427/427 
f 266/285/285 249/268/268 248/267/267 
f 266/285/285 248/267/267 280/299/299 
f 256/275/275 233/251/251 277/296/296 
f 256/275/275 277/296/296 414/442/442 
f 264/446/446 417/447/447 418/448/448 
f 264/446/446 418/448/448 228/244/244 
f 228/244/244 218/234/234 265/449/449 
f 228/244/244 265/449/449 264/446/446 
f 266/285/285 282/301/301 417/450/450 
f 266/285/285 417/450/450 264/283/283 
f 263/282/282 358/381/381 219/235/235 
f 263/282/282 219/235/235 227/243/243 
f 280/299/299 414/442/442 419/451/451 
f 280/299/299 419/451/451 281/300/300 
f 359/382/382 358/381/381 263/282/282 
f 359/382/382 263/282/282 226/242/242 
f 210/418/418 265/449/449 218/234/234 
f 210/418/418 218/234/234 217/233/233 
f 272/291/291 262/281/281 261/280/280 
f 272/291/291 261/280/280 273/292/292 
f 250/269/269 249/268/268 265/284/284 
f 250/269/269 265/284/284 210/226/226 
f 222/238/238 262/281/281 272/291/291 
f 222/238/238 272/291/291 223/239/239 
f 70/71/71 351/374/374 387/411/411 
f 70/71/71 387/411/411 188/203/203 
f 206/412/412 349/372/372 348/371/371 
f 206/412/412 348/371/371 207/452/452 
f 69/70/70 350/373/373 351/374/374 
f 69/70/70 351/374/374 70/71/71 
f 368/391/391 208/224/224 207/223/223 
f 368/391/391 207/223/223 410/453/453 
f 420/454/454 421/455/455 332/355/355 
f 420/454/454 332/355/355 331/354/354 
f 331/354/354 345/368/368 422/456/456 
f 331/354/354 422/456/456 420/454/454 
f 362/385/385 344/367/367 340/363/363 
f 362/385/385 340/363/363 339/362/362 
f 404/431/431 368/391/391 410/453/453 
f 404/431/431 410/453/453 405/432/432 
f 423/457/457 285/304/304 288/307/307 
f 423/457/457 288/307/307 303/324/324 
f 392/417/417 424/458/458 425/459/459 
f 392/417/417 425/459/459 352/375/375 
f 238/408/408 97/245/245 387/411/411 
f 238/408/408 387/411/411 295/314/314 
f 423/460/460 391/416/416 300/320/320 
f 423/460/460 300/320/320 285/319/319 
f 362/385/385 339/362/362 350/373/373 
f 126/128/128 386/410/410 379/402/402 
f 323/346/346 322/345/345 403/430/430 
f 323/346/346 403/430/430 388/461/461 
f 378/401/401 426/462/462 124/126/126 
f 427/463/463 426/462/462 378/401/401 
f 126/128/128 428/464/464 386/410/410 
f 429/465/465 386/410/410 428/464/464 
f 240/259/259 273/292/292 430/466/466 
f 240/259/259 430/466/466 241/260/260 
f 431/467/467 282/301/301 281/300/300 
f 431/467/467 281/300/300 267/286/286 
f 271/290/290 240/259/259 432/468/468 
f 271/290/290 432/468/468 412/440/440 
f 278/297/297 221/237/237 224/240/240 
f 278/297/297 224/240/240 274/293/293 
f 274/293/293 224/240/240 433/469/469 
f 274/293/293 433/469/469 275/294/294 
f 224/240/240 223/239/239 276/295/295 
f 224/240/240 276/295/295 433/469/469 
f 434/470/470 431/467/467 267/286/286 
f 434/470/470 267/286/286 270/289/289 
f 273/292/292 261/280/280 418/448/448 
f 273/292/292 418/448/448 430/466/466 
f 328/351/351 327/350/350 245/264/264 
f 328/351/351 245/264/264 401/427/427 
f 435/471/471 417/450/450 282/301/301 
f 435/471/471 282/301/301 431/467/467 
f 254/273/273 402/428/428 244/263/263 
f 254/273/273 244/263/263 283/302/302 
f 430/466/466 418/448/448 417/447/447 
f 430/466/466 417/447/447 435/472/472 
f 220/236/236 219/235/235 358/381/381 
f 240/259/259 242/261/261 432/468/468 
f 419/451/451 278/297/297 274/293/293 
f 419/451/451 274/293/293 268/287/287 
f 401/427/427 245/264/264 244/263/263 
f 401/427/427 244/263/263 402/428/428 
f 281/300/300 419/451/451 268/287/287 
f 281/300/300 268/287/287 267/286/286 
f 436/473/473 437/474/474 438/475/475 
f 436/473/473 438/475/475 439/476/476 
f 433/469/469 276/295/295 413/441/441 
f 433/469/469 413/441/441 440/477/477 
f 197/212/212 441/478/478 198/213/213 
f 442/479/479 201/216/216 443/480/480 
f 444/481/481 445/482/482 446/483/483 
f 444/481/481 446/483/483 441/484/484 
f 447/485/485 448/486/486 449/487/487 
f 447/485/485 449/487/487 450/488/488 
f 412/440/440 432/468/468 451/489/489 
f 412/440/440 451/489/489 452/490/490 
f 453/491/491 447/485/485 450/488/488 
f 453/491/491 450/488/488 454/492/492 
f 413/441/441 412/440/440 452/490/490 
f 413/441/441 452/490/490 455/493/493 
f 456/494/494 457/495/495 458/496/496 
f 456/494/494 458/496/496 459/497/497 
f 460/498/498 461/499/499 456/494/494 
f 460/498/498 456/494/494 459/497/497 
f 462/500/500 457/495/495 456/494/494 
f 462/500/500 456/494/494 199/214/214 
f 193/208/208 460/498/498 459/497/497 
f 193/208/208 459/497/497 194/209/209 
f 445/482/482 442/479/479 443/480/480 
f 445/482/482 443/480/480 446/483/483 
f 442/479/479 200/215/215 201/216/216 
f 197/212/212 444/501/501 441/478/478 
f 459/497/497 458/496/496 463/502/502 
f 459/497/497 463/502/502 194/209/209 
f 461/499/499 196/211/211 199/214/214 
f 461/499/499 199/214/214 456/494/494 
f 449/487/487 448/486/486 464/503/503 
f 449/487/487 464/503/503 465/504/504 
f 466/505/505 467/506/506 434/470/470 
f 466/505/505 434/470/470 468/507/507 
f 439/476/476 438/475/475 453/491/491 
f 439/476/476 453/491/491 454/492/492 
f 440/477/477 413/441/441 455/493/493 
f 440/477/477 455/493/493 469/508/508 
f 470/509/509 471/510/510 472/511/511 
f 470/509/509 472/511/511 473/512/512 
f 269/288/288 275/294/294 474/513/513 
f 269/288/288 474/513/513 475/514/514 
f 465/504/504 464/503/503 470/509/509 
f 465/504/504 470/509/509 473/512/512 
f 270/289/289 269/288/288 475/514/514 
f 270/289/289 475/514/514 476/515/515 
f 477/516/516 478/517/517 437/474/474 
f 477/516/516 437/474/474 436/473/473 
f 468/507/507 434/470/470 270/289/289 
f 468/507/507 270/289/289 476/515/515 
f 479/518/518 480/519/519 478/520/520 
f 479/518/518 478/520/520 477/521/521 
f 275/294/294 433/469/469 440/477/477 
f 275/294/294 440/477/477 474/513/513 
f 472/511/511 479/518/518 481/522/522 
f 472/511/511 481/522/522 482/523/523 
f 466/505/505 468/507/507 483/524/524 
f 466/505/505 483/524/524 484/525/525 
f 436/473/473 439/476/476 462/500/500 
f 436/473/473 462/500/500 485/526/526 
f 242/261/261 466/527/527 484/528/528 
f 242/261/261 484/528/528 486/529/529 
f 439/476/476 454/492/492 457/495/495 
f 439/476/476 457/495/495 462/500/500 
f 469/508/508 455/493/493 460/498/498 
f 469/508/508 460/498/498 193/208/208 
f 477/516/516 436/473/473 485/526/526 
f 477/516/516 485/526/526 487/530/530 
f 432/468/468 242/261/261 486/529/529 
f 432/468/468 486/529/529 451/489/489 
f 450/488/488 449/487/487 463/502/502 
f 450/488/488 463/502/502 458/496/496 
f 452/490/490 451/489/489 196/211/211 
f 452/490/490 196/211/211 461/499/499 
f 454/492/492 450/488/488 458/496/496 
f 454/492/492 458/496/496 457/495/495 
f 455/493/493 452/490/490 461/499/499 
f 455/493/493 461/499/499 460/498/498 
f 465/504/504 473/512/512 488/531/531 
f 465/504/504 488/531/531 489/532/532 
f 475/514/514 474/513/513 490/533/533 
f 475/514/514 490/533/533 491/534/534 
f 463/502/502 449/487/487 465/504/504 
f 463/502/502 465/504/504 489/532/532 
f 476/515/515 475/514/514 491/534/534 
f 476/515/515 491/534/534 492/535/535 
f 479/518/518 477/521/521 487/536/536 
f 479/518/518 487/536/536 481/522/522 
f 468/507/507 476/515/515 492/535/535 
f 468/507/507 492/535/535 483/524/524 
f 473/512/512 472/511/511 482/523/523 
f 473/512/512 482/523/523 488/531/531 
f 474/513/513 440/477/477 469/508/508 
f 474/513/513 469/508/508 490/533/533 
f 481/522/522 487/536/536 441/484/484 
f 481/522/522 441/484/484 446/483/483 
f 483/524/524 492/535/535 442/479/479 
f 483/524/524 442/479/479 445/482/482 
f 201/216/216 488/531/531 482/523/523 
f 201/216/216 482/523/523 443/480/480 
f 192/207/207 490/533/533 469/508/508 
f 192/207/207 469/508/508 193/208/208 
f 471/510/510 480/519/519 479/518/518 
f 471/510/510 479/518/518 472/511/511 
f 242/261/261 241/260/260 467/537/537 
f 242/261/261 467/537/537 466/527/527 
f 441/478/478 487/530/530 485/526/526 
f 441/478/478 485/526/526 198/213/213 
f 451/489/489 486/529/529 197/212/212 
f 451/489/489 197/212/212 196/211/211 
f 482/523/523 481/522/522 446/483/483 
f 482/523/523 446/483/483 443/480/480 
f 484/525/525 483/524/524 445/482/482 
f 484/525/525 445/482/482 444/481/481 
f 198/213/213 485/526/526 462/500/500 
f 198/213/213 462/500/500 199/214/214 
f 486/529/529 484/528/528 444/501/501 
f 486/529/529 444/501/501 197/212/212 
f 195/210/210 489/532/532 488/531/531 
f 195/210/210 488/531/531 201/216/216 
f 200/215/215 491/534/534 490/533/533 
f 200/215/215 490/533/533 192/207/207 
f 194/209/209 463/502/502 489/532/532 
f 194/209/209 489/532/532 195/210/210 
f 442/479/479 492/535/535 491/534/534 
f 442/479/479 491/534/534 200/215/215 
f 493/538/538 494/539/539 495/540/540 
f 493/538/538 495/540/540 496/541/541 
f 496/541/541 497/542/542 498/543/543 
f 496/541/541 498/543/543 493/538/538 
f 499/544/544 500/545/545 127/129/129 
f 499/544/544 127/129/129 353/376/376 
f 320/343/343 319/342/342 326/349/349 
f 320/343/343 326/349/349 325/348/348 
f 209/225/225 323/346/346 388/461/461 
f 209/225/225 388/461/461 206/222/222 
f 289/308/308 283/302/302 284/303/303 
f 289/308/308 284/303/303 255/274/274 
f 127/129/129 500/545/545 429/465/465 
f 127/129/129 429/465/465 428/464/464 
f 328/351/351 216/232/232 215/231/231 
f 328/351/351 215/231/231 325/348/348 
f 501/546/546 497/542/542 496/541/541 
f 501/546/546 496/541/541 502/547/547 
f 370/393/393 347/370/370 503/548/548 
f 298/317/317 504/549/549 299/318/318 
f 315/336/336 318/339/339 505/550/550 
f 315/336/336 505/550/550 377/400/400 
f 506/551/551 507/552/552 508/553/553 
f 506/551/551 508/553/553 502/547/547 
f 299/318/318 504/549/549 509/554/554 
f 299/318/318 509/554/554 510/555/555 
f 511/556/556 509/554/554 497/542/542 
f 511/556/556 497/542/542 501/546/546 
f 360/383/383 356/379/379 353/376/376 
f 360/383/383 353/376/376 205/221/221 
f 214/230/230 404/431/431 407/434/434 
f 214/230/230 407/434/434 215/231/231 
f 397/423/423 409/436/436 348/371/371 
f 397/423/423 348/371/371 347/370/370 
f 504/549/549 498/543/543 497/542/542 
f 243/262/262 216/232/232 400/426/426 
f 467/506/506 435/471/471 431/467/467 
f 467/506/506 431/467/467 434/470/470 
f 241/260/260 430/466/466 435/472/472 
f 241/260/260 435/472/472 467/537/537 
f 207/452/452 348/371/371 409/436/436 
f 207/452/452 409/436/436 410/437/437 
f 415/444/444 416/445/445 399/425/425 
f 415/444/444 399/425/425 253/272/272 
f 286/322/322 301/321/321 388/413/413 
f 286/322/322 388/413/413 403/557/557 
f 416/445/445 243/262/262 400/426/426 
f 279/298/298 255/274/274 247/266/266 
f 416/445/445 415/444/444 411/439/439 
f 276/295/295 271/290/290 412/440/440 
f 252/271/271 395/421/421 415/444/444 
f 252/271/271 415/444/444 253/272/272 
f 243/262/262 416/445/445 374/397/397 
f 243/262/262 374/397/397 385/409/409 
f 260/279/279 259/278/278 252/271/271 
f 260/279/279 252/271/271 251/270/270 
f 414/442/442 277/296/296 278/297/297 
f 414/442/442 278/297/297 419/451/451 
f 232/250/250 359/382/382 226/242/242 
f 232/250/250 226/242/242 225/241/241 
f 228/244/244 418/448/448 261/280/280 
f 228/244/244 261/280/280 227/243/243 
f 245/264/264 327/350/350 357/380/380 
f 245/264/264 357/380/380 246/265/265 
f 92/94/94 106/108/108 324/347/347 
f 95/97/97 97/99/99 100/102/102 
f 369/392/392 512/558/558 513/559/559 
f 369/392/392 513/559/559 514/560/560 
f 304/325/325 296/315/315 337/360/360 
f 304/325/325 337/360/360 329/352/352 
f 373/396/396 514/560/560 513/559/559 
f 373/396/396 513/559/559 342/365/365 
f 426/462/462 515/561/561 204/220/220 
f 426/462/462 204/220/220 124/126/126 
f 500/545/545 499/544/544 516/562/562 
f 500/545/545 516/562/562 382/405/405 
f 517/563/563 518/564/564 515/561/561 
f 517/563/563 515/561/561 426/462/462 
f 516/562/562 343/366/366 236/254/254 
f 516/562/562 236/254/254 382/405/405 
f 429/465/465 381/404/404 386/410/410 
f 378/401/401 124/126/126 379/402/402 
f 343/366/366 297/316/316 237/255/255 
f 343/366/366 237/255/255 236/254/254 
f 239/257/257 238/256/256 384/429/429 
f 239/257/257 384/429/429 394/420/420 
f 203/219/219 34/34/34 33/33/33 
f 203/219/219 33/33/33 519/565/565 
f 296/315/315 304/325/325 303/324/324 
f 296/315/315 303/324/324 288/307/307 
f 327/350/350 326/349/349 220/236/236 
f 327/350/350 220/236/236 357/380/380 
f 361/384/384 106/108/108 239/257/257 
f 361/384/384 239/257/257 394/420/420 
f 325/348/348 215/231/231 407/434/434 
f 325/348/348 407/434/434 320/343/343 
f 520/566/566 521/567/567 425/459/459 
f 520/566/566 425/459/459 424/458/458 
f 522/568/568 520/566/566 498/543/543 
f 347/370/370 349/372/372 503/548/548 
f 330/353/353 293/312/312 292/311/311 
f 330/353/353 292/311/311 305/326/326 
f 306/327/327 316/337/337 386/410/410 
f 306/327/327 386/410/410 381/404/404 
f 369/392/392 371/394/394 521/567/567 
f 369/392/392 521/567/567 512/558/558 
f 298/317/317 522/568/568 504/549/549 
f 522/568/568 498/543/543 504/549/549 
f 370/393/393 503/548/548 371/394/394 
f 504/549/549 497/542/542 509/554/554 
f 352/375/375 425/459/459 503/548/548 
f 352/375/375 503/548/548 349/372/372 
f 523/569/569 355/378/378 354/377/377 
f 523/569/569 354/377/377 363/386/386 
f 389/414/414 510/555/555 509/554/554 
f 389/414/414 509/554/554 511/556/556 
f 286/305/305 403/570/570 384/407/407 
f 286/305/305 384/407/407 287/306/306 
f 279/298/298 289/308/308 255/274/274 
f 210/226/226 212/228/228 250/269/269 
f 420/454/454 422/456/456 518/564/564 
f 420/454/454 518/564/564 517/563/563 
f 234/252/252 510/555/555 389/414/414 
f 234/252/252 389/414/414 313/334/334 
f 324/347/347 106/108/108 361/384/384 
f 324/347/347 361/384/384 360/383/383 
f 320/343/343 407/434/434 406/433/433 
f 320/343/343 406/433/433 294/340/340 
f 291/310/310 310/331/331 524/571/571 
f 291/310/310 524/571/571 292/311/311 
f 494/539/539 493/538/538 424/458/458 
f 494/539/539 424/458/458 392/417/417 
f 425/459/459 521/567/567 371/394/394 
f 425/459/459 371/394/394 503/548/548 
f 520/566/566 424/458/458 493/538/538 
f 520/566/566 493/538/538 498/543/543 
f 364/387/387 422/456/456 345/368/368 
f 364/387/387 345/368/368 344/367/367 
f 521/567/567 520/566/566 522/568/568 
f 521/567/567 522/568/568 512/558/558 
f 367/390/390 518/564/564 422/456/456 
f 367/390/390 422/456/456 364/387/387 
f 513/559/559 512/558/558 522/568/568 
f 513/559/559 522/568/568 298/317/317 
f 525/572/572 302/323/323 526/573/573 
f 525/572/572 526/573/573 527/574/574 
f 334/357/357 346/369/369 345/368/368 
f 517/563/563 427/463/463 421/455/455 
f 351/374/374 338/361/361 295/314/314 
f 351/374/374 295/314/314 387/411/411 
f 214/230/230 365/388/388 368/391/391 
f 214/230/230 368/391/391 404/431/431 
f 526/573/573 292/311/311 524/571/571 
f 526/573/573 524/571/571 527/574/574 
f 383/406/406 385/409/409 372/395/395 
f 235/253/253 382/405/405 236/254/254 
f 336/359/359 290/309/309 293/312/312 
f 336/359/359 293/312/312 333/356/356 
f 506/551/551 495/540/540 524/575/575 
f 506/551/551 524/575/575 310/576/576 
f 391/416/416 423/460/460 525/577/577 
f 391/416/416 525/577/577 528/578/578 
f 502/547/547 496/541/541 495/540/540 
f 502/547/547 495/540/540 506/551/551 
f 525/572/572 423/457/457 303/324/324 
f 525/572/572 303/324/324 302/323/323 
f 392/417/417 391/416/416 528/578/578 
f 392/417/417 528/578/578 494/539/539 
f 529/579/579 324/347/347 204/220/220 
f 529/579/579 204/220/220 515/561/561 
f 355/378/378 499/544/544 353/376/376 
f 355/378/378 353/376/376 356/379/379 
f 529/579/579 515/561/561 518/564/564 
f 529/579/579 518/564/564 367/390/390 
f 341/364/364 343/366/366 516/562/562 
f 341/364/364 516/562/562 523/569/569 
f 380/403/403 341/364/364 523/569/569 
f 380/403/403 523/569/569 363/386/386 
f 374/397/397 411/439/439 375/398/398 
f 231/249/249 233/251/251 284/303/303 
f 230/248/248 366/389/389 380/403/403 
f 92/94/94 324/347/347 529/579/579 
f 255/274/274 284/303/303 233/251/251 
f 220/236/236 358/381/381 357/380/380 
f 362/385/385 350/373/373 104/106/106 
f 517/563/563 421/455/455 420/454/454 
f 296/315/315 295/314/314 338/361/361 
f 296/315/315 338/361/361 337/360/360 
f 92/94/94 529/579/579 367/390/390 
f 92/94/94 367/390/390 93/95/95 
f 237/255/255 299/318/318 510/555/555 
f 237/255/255 510/555/555 234/252/252 
f 305/326/326 292/311/311 526/573/573 
f 305/326/326 526/573/573 302/323/323 
f 376/399/399 375/398/398 369/392/392 
f 376/399/399 369/392/392 514/560/560 
f 112/114/114 94/96/96 103/105/105 
f 112/114/114 103/105/105 102/104/104 
f 60/202/202 50/50/50 189/204/204 
f 60/202/202 189/204/204 108/258/258 
f 525/577/577 527/580/580 530/581/581 
f 525/577/577 530/581/581 528/578/578 
f 342/365/365 513/559/559 298/317/317 
f 342/365/365 298/317/317 297/316/316 
f 494/539/539 528/578/578 530/581/581 
f 494/539/539 530/581/581 495/540/540 
f 530/581/581 527/580/580 524/575/575 
f 530/581/581 524/575/575 495/540/540 
f 239/257/257 106/108/108 101/103/103 
f 239/257/257 101/103/103 100/102/102 
f 531/582/582 532/583/583 533/584/584 
f 531/582/582 533/584/584 534/585/585 
f 531/582/582 534/585/585 421/455/455 
f 531/582/582 421/455/455 427/463/463 
f 377/400/400 505/550/550 532/583/583 
f 377/400/400 532/583/583 531/582/582 
f 69/70/70 105/107/107 104/106/106 
f 39/201/201 28/28/28 27/27/27 
f 48/48/48 25/25/25 28/28/28 
f 48/48/48 28/28/28 203/219/219 
f 186/199/199 48/48/48 203/219/219 
f 186/199/199 203/219/219 519/565/565 
f 519/565/565 33/33/33 63/64/64 
f 519/565/565 63/64/64 45/45/45 
f 335/358/358 535/586/586 536/587/587 
f 335/358/358 536/587/587 336/359/359 
f 389/414/414 511/556/556 537/588/588 
f 389/414/414 537/588/588 390/415/415 
f 523/569/569 516/562/562 499/544/544 
f 523/569/569 499/544/544 355/378/378 
f 511/556/556 501/546/546 538/589/589 
f 511/556/556 538/589/589 537/588/588 
f 290/309/309 336/359/359 536/587/587 
f 290/309/309 536/587/587 393/419/419 
f 310/576/576 312/590/590 507/552/552 
f 310/576/576 507/552/552 506/551/551 
f 534/585/585 533/584/584 535/586/586 
f 534/585/585 535/586/586 335/358/358 
f 502/547/547 508/553/553 538/589/589 
f 502/547/547 538/589/589 501/546/546 
f 534/585/585 335/358/358 332/355/355 
f 534/585/585 332/355/355 421/455/455 
f 354/377/377 323/346/346 209/225/225 
f 354/377/377 209/225/225 363/386/386 
f 531/582/582 427/463/463 378/401/401 
f 531/582/582 378/401/401 377/400/400 
f 44/44/44 186/199/199 519/565/565 
f 44/44/44 519/565/565 45/45/45 
f 382/405/405 381/404/404 429/465/465 
f 382/405/405 429/465/465 500/545/545 
f 427/463/463 517/563/563 426/462/462 
f 127/129/129 428/464/464 126/128/128 
f 366/389/389 373/396/396 380/403/403 
f 124/126/126 126/128/128 379/402/402 
f 372/395/395 376/399/399 514/560/560 
f 372/395/395 514/560/560 373/396/396 
f 1/1/1 76/77/77 2/2/2 
usemtl mat_4_Doctor_Lacrimal_D_jpg
f 539/591/591 540/591/592 541/591/593 
f 540/591/592 542/591/594 541/591/593 
f 543/591/595 544/591/596 545/591/597 
f 546/591/598 544/591/596 543/591/595 
f 544/591/596 547/591/599 545/591/597 
f 548/591/600 544/591/596 546/591/598 
f 547/591/599 549/591/601 545/591/597 
f 545/591/597 549/591/601 550/591/602 
f 551/591/603 545/591/597 550/591/602 
f 539/591/591 541/591/593 548/591/600 
f 539/591/591 546/591/598 552/591/604 
f 539/591/591 552/591/604 553/591/605 
f 552/591/604 545/591/597 553/591/605 
f 540/591/592 553/591/605 542/591/594 
f 553/591/605 551/591/603 542/591/594 
f 545/591/597 551/591/603 553/591/605 
f 540/591/592 539/591/591 553/591/605 
f 546/591/598 539/591/591 548/591/600 
f 552/591/604 543/591/595 545/591/597 
f 546/591/598 543/591/595 552/591/604 
f 554/591/606 555/591/607 556/591/608 
f 557/591/609 554/591/606 556/591/608 
f 556/591/608 558/591/610 559/591/611 
f 557/591/609 556/591/608 559/591/611 
f 556/591/608 560/591/612 561/591/613 
f 562/591/614 560/591/612 556/591/608 
f 555/591/607 562/591/614 556/591/608 
f 563/591/615 562/591/614 555/591/607 
f 563/591/615 564/591/616 560/591/612 
f 562/591/614 563/591/615 560/591/612 
f 560/591/612 564/591/616 561/591/613 
f 565/591/617 563/591/615 555/591/607 
f 564/591/616 563/591/615 565/591/617 
f 566/591/618 564/591/616 565/591/617 
f 567/591/619 564/591/616 566/591/618 
f 558/591/610 556/591/608 561/591/613 
f 564/591/616 567/591/619 561/591/613 
f 568/591/620 567/591/619 566/591/618 
f 561/591/613 567/591/619 568/591/620 
f 558/591/610 561/591/613 568/591/620 
usemtl mat_12_Doctor_Bowtie_D_jpg
f 569/592/621 570/593/622 571/594/623 
f 571/594/623 570/593/622 572/595/624 
f 570/593/622 573/596/625 572/595/624 
f 574/597/626 575/598/627 576/599/628 
f 575/598/627 577/600/629 576/599/628 
f 578/601/630 579/602/631 580/603/632 
f 579/602/631 581/604/633 580/603/632 
f 579/602/631 578/601/630 582/605/634 
f 578/601/630 583/606/635 582/605/634 
f 584/607/636 585/608/637 586/609/638 
f 585/608/637 571/594/623 586/609/638 
f 587/610/639 581/604/633 588/611/640 
f 581/604/633 579/602/631 588/611/640 
f 574/597/626 589/612/641 575/598/627 
f 589/612/641 590/613/642 575/598/627 
f 591/614/643 592/615/644 593/616/645 
f 594/617/646 595/618/647 596/619/648 
f 575/598/627 597/620/649 577/600/629 
f 597/620/649 598/621/650 577/600/629 
f 589/612/641 599/622/651 600/623/652 
f 599/622/651 601/624/653 600/623/652 
f 600/623/652 601/624/653 602/625/654 
f 603/626/655 604/627/656 605/628/657 
f 589/612/641 574/597/626 599/622/651 
f 574/597/626 606/629/658 599/622/651 
f 591/614/643 577/600/629 592/615/644 
f 577/600/629 598/621/650 592/615/644 
f 607/630/659 574/597/626 576/599/628 
f 606/629/658 574/597/626 607/630/659 
f 590/613/642 608/631/660 575/598/627 
f 608/631/660 597/620/649 575/598/627 
f 579/602/631 582/605/634 588/611/640 
f 582/605/634 609/632/661 588/611/640 
f 571/594/623 572/595/624 586/609/638 
f 572/595/624 610/633/662 586/609/638 
f 570/593/622 611/634/663 573/596/625 
f 611/634/663 612/635/664 573/596/625 
f 581/604/633 587/610/639 613/636/665 
f 587/610/639 614/637/666 613/636/665 
f 594/617/646 576/599/628 591/614/643 
f 576/599/628 577/600/629 591/614/643 
f 603/626/655 605/628/657 590/613/642 
f 605/628/657 608/631/660 590/613/642 
f 611/634/663 569/592/621 615/638/667 
f 570/593/622 569/592/621 611/634/663 
f 616/639/668 580/603/632 613/636/665 
f 580/603/632 581/604/633 613/636/665 
f 599/622/651 606/629/658 580/603/632 
f 616/639/668 599/622/651 580/603/632 
f 607/630/659 583/606/635 606/629/658 
f 583/606/635 578/601/630 606/629/658 
f 601/624/653 616/639/668 602/640/669 
f 616/639/668 617/641/670 602/640/669 
f 618/642/671 619/643/672 620/644/673 
f 619/643/672 621/645/674 620/644/673 
f 622/646/675 623/647/676 610/648/677 
f 623/647/676 624/649/678 610/648/677 
f 609/650/679 614/651/680 588/652/681 
f 588/652/681 614/651/680 587/653/682 
f 580/603/632 606/629/658 578/601/630 
f 616/639/668 601/624/653 599/622/651 
f 617/654/683 614/651/680 619/655/684 
f 614/651/680 621/656/685 619/655/684 
f 611/634/663 615/638/667 625/657/686 
f 615/638/667 626/658/687 625/657/686 
f 625/657/686 626/658/687 622/659/688 
f 626/658/687 623/660/689 622/659/688 
f 576/599/628 594/617/646 607/630/659 
f 594/617/646 596/619/648 607/630/659 
f 584/607/636 624/661/690 592/615/644 
f 624/661/690 593/662/691 592/615/644 
f 608/631/660 615/638/667 597/620/649 
f 615/638/667 569/592/621 597/620/649 
f 596/619/648 618/642/671 607/630/659 
f 618/642/671 583/606/635 607/630/659 
f 598/621/650 597/620/649 585/608/637 
f 597/620/649 569/592/621 585/608/637 
f 598/621/650 585/608/637 592/615/644 
f 585/608/637 584/607/636 592/615/644 
f 609/632/661 582/605/634 621/663/692 
f 582/605/634 620/644/673 621/663/692 
f 617/641/670 616/639/668 614/664/693 
f 616/639/668 613/636/665 614/664/693 
f 611/634/663 625/657/686 612/635/664 
f 625/657/686 622/665/694 612/635/664 
f 584/607/636 586/609/638 624/661/690 
f 586/609/638 610/666/695 624/661/690 
f 623/660/689 626/658/687 604/627/656 
f 626/658/687 605/628/657 604/627/656 
f 618/642/671 596/619/648 619/643/672 
f 596/619/648 595/618/647 619/643/672 
f 593/616/645 595/667/696 591/614/643 
f 595/667/696 594/617/646 591/614/643 
f 626/658/687 615/638/667 605/628/657 
f 615/638/667 608/631/660 605/628/657 
f 604/668/697 593/669/698 623/647/676 
f 593/669/698 624/649/678 623/647/676 
f 602/670/699 617/654/683 595/671/700 
f 617/654/683 619/655/684 595/671/700 
f 610/648/677 573/672/701 622/646/675 
f 614/651/680 609/650/679 621/656/685 
f 573/672/701 610/648/677 572/673/702 
f 622/646/675 573/672/701 612/674/703 
f 618/642/671 620/644/673 583/606/635 
f 620/644/673 582/605/634 583/606/635 
f 600/623/652 602/625/654 603/626/655 
f 602/625/654 604/675/704 603/626/655 
f 602/670/699 595/671/700 604/668/697 
f 595/671/700 593/669/698 604/668/697 
f 600/623/652 603/626/655 589/612/641 
f 603/626/655 590/613/642 589/612/641 
f 585/608/637 569/592/621 571/594/623 
usemtl mat_0_Doctor_Shirt_D_jpg
f 627/676/705 628/677/706 629/678/707 
f 630/679/708 627/676/709 629/678/707 
f 631/680/710 632/681/711 633/682/712 
f 634/683/713 631/680/710 633/682/712 
f 635/684/714 636/685/715 637/686/716 
f 635/684/714 634/683/713 636/685/715 
f 637/686/716 638/687/717 639/688/718 
f 634/683/713 633/682/712 636/685/715 
f 640/689/719 641/690/720 642/691/721 
f 643/692/722 640/689/719 642/691/721 
f 641/690/720 644/693/723 645/694/724 
f 642/691/721 641/690/720 645/694/724 
f 646/695/725 647/696/726 648/697/727 
f 637/686/716 636/685/715 638/687/717 
f 649/698/728 650/699/729 651/700/730 
f 652/701/731 649/698/728 651/700/730 
f 638/687/717 653/702/732 654/703/733 
f 639/688/718 638/687/717 654/703/733 
f 655/704/734 656/705/735 657/706/736 
f 654/703/733 653/702/732 658/707/737 
f 659/708/738 660/709/739 661/710/740 
f 662/711/741 659/708/738 661/710/740 
f 663/712/742 660/709/739 664/713/743 
f 633/682/712 665/714/744 666/715/745 
f 667/716/746 668/717/747 669/718/748 
f 670/719/749 667/716/746 669/718/748 
f 671/720/750 672/721/751 673/722/752 
f 674/723/753 671/720/750 673/722/752 
f 655/704/734 675/724/754 656/705/735 
f 676/725/755 677/726/756 655/704/734 
f 678/727/757 679/728/758 680/729/759 
f 651/700/730 650/699/729 681/730/760 
f 647/696/726 682/731/761 648/697/727 
f 650/699/729 676/725/755 681/730/760 
f 657/706/736 654/703/733 658/707/737 
f 683/732/762 657/706/736 658/707/737 
f 656/705/735 639/688/718 654/703/733 
f 657/706/736 656/705/735 654/703/733 
f 684/733/763 682/731/761 673/722/752 
f 676/725/755 655/704/734 681/730/760 
f 685/734/764 686/735/765 631/680/710 
f 634/683/713 685/734/764 631/680/710 
f 687/736/766 688/737/767 689/738/768 
f 690/739/769 687/736/766 689/738/768 
f 691/740/770 692/741/771 693/742/772 
f 694/743/773 691/740/770 693/742/772 
f 687/736/766 695/744/774 696/745/775 
f 697/746/776 687/736/766 696/745/775 
f 698/747/777 696/745/775 699/748/778 
f 700/749/779 698/747/777 699/748/778 
f 701/750/780 702/751/781 703/752/782 
f 704/753/783 635/684/714 637/686/716 
f 705/754/784 704/753/783 703/752/782 
f 702/751/781 705/754/784 703/752/782 
f 706/755/785 701/750/780 707/756/786 
f 708/757/787 706/755/785 707/756/786 
f 707/756/786 703/752/782 709/758/788 
f 710/759/789 688/737/767 708/757/787 
f 711/760/790 676/725/755 650/699/729 
f 649/698/728 711/760/790 650/699/729 
f 712/761/791 713/762/792 714/763/793 
f 693/742/772 712/761/791 714/763/793 
f 688/737/767 710/759/789 715/764/794 
f 689/738/768 688/737/767 715/764/794 
f 665/714/744 662/711/741 661/710/740 
f 666/715/745 665/714/744 661/710/740 
f 716/765/795 717/766/796 662/711/741 
f 665/714/744 716/765/795 662/711/741 
f 666/715/745 661/710/740 653/702/732 
f 638/687/717 666/715/745 653/702/732 
f 653/702/732 663/712/742 658/707/737 
f 659/708/738 718/767/797 660/709/739 
f 661/710/740 660/709/739 663/712/742 
f 653/702/732 661/710/740 663/712/742 
f 632/681/711 716/765/795 665/714/744 
f 633/682/712 632/681/711 665/714/744 
f 636/685/715 666/715/745 638/687/717 
f 636/685/715 633/682/712 666/715/745 
f 717/766/796 718/767/797 659/708/738 
f 662/711/741 717/766/796 659/708/738 
f 629/678/707 685/734/764 719/768/798 
f 691/740/770 629/678/707 719/768/798 
f 712/761/791 698/747/777 700/749/779 
f 713/762/792 712/761/791 700/749/779 
f 719/768/798 705/754/784 692/741/771 
f 691/740/770 719/768/798 692/741/771 
f 687/736/766 697/746/776 706/755/785 
f 688/737/767 687/736/766 706/755/785 
f 693/742/772 714/763/793 720/769/799 
f 694/743/773 693/742/772 720/769/799 
f 696/745/775 695/744/774 721/770/800 
f 699/748/778 696/745/775 721/770/800 
f 692/741/771 722/771/801 712/761/791 
f 693/742/772 692/741/771 712/761/791 
f 697/746/776 696/745/775 698/747/777 
f 723/772/802 697/746/776 698/747/777 
f 684/733/763 724/773/803 725/774/804 
f 726/775/805 684/733/763 725/774/804 
f 727/776/806 671/720/750 674/723/753 
f 728/777/807 727/776/806 674/723/753 
f 729/778/808 730/779/809 731/780/810 
f 732/781/811 729/778/808 731/780/810 
f 733/782/812 734/783/813 735/784/814 
f 736/785/815 733/782/812 735/784/814 
f 729/786/816 737/787/817 730/788/818 
f 738/789/819 739/790/820 740/791/821 
f 741/792/822 742/793/823 743/794/824 
f 739/790/820 741/792/822 743/794/824 
f 744/795/825 745/796/826 746/797/827 
f 730/788/818 744/795/825 746/797/827 
f 747/798/828 748/799/829 749/800/830 
f 750/801/831 747/798/828 749/800/830 
f 751/802/832 670/803/833 752/804/834 
f 753/805/835 751/802/832 752/804/834 
f 738/806/836 754/807/837 755/808/838 
f 739/809/839 738/806/836 755/808/838 
f 756/810/840 757/811/841 647/696/726 
f 646/695/725 756/810/840 647/696/726 
f 758/812/842 759/813/843 760/814/844 
f 761/815/845 672/721/751 762/816/846 
f 763/817/847 764/818/848 756/810/840 
f 646/695/725 763/817/847 756/810/840 
f 764/819/849 765/820/850 766/821/851 
f 756/822/852 764/819/849 766/821/851 
f 765/820/850 767/823/853 768/824/854 
f 766/821/851 765/820/850 768/824/854 
f 769/825/855 737/787/817 729/786/816 
f 770/826/856 769/825/855 729/786/816 
f 757/811/841 728/777/807 674/723/753 
f 647/696/726 757/811/841 674/723/753 
f 747/827/857 771/828/858 754/807/837 
f 772/829/859 684/733/763 673/722/752 
f 760/814/844 759/813/843 773/830/860 
f 774/831/861 760/814/844 773/830/860 
f 669/718/748 668/717/747 775/832/862 
f 776/833/863 669/718/748 775/832/862 
f 777/834/864 664/713/743 778/835/865 
f 779/836/866 777/834/864 778/835/865 
f 780/837/867 778/838/868 781/839/869 
f 680/840/870 736/785/815 735/784/814 
f 782/841/871 678/727/757 735/842/872 
f 783/843/873 782/841/871 735/842/872 
f 784/844/874 679/728/758 678/727/757 
f 782/841/871 784/844/874 678/727/757 
f 785/845/875 786/846/876 751/802/832 
f 753/805/835 785/845/875 751/802/832 
f 761/815/845 772/829/859 673/722/752 
f 672/721/751 761/815/845 673/722/752 
f 787/847/877 709/758/788 639/688/718 
f 656/705/735 787/847/877 639/688/718 
f 777/834/864 779/836/866 680/729/759 
f 679/728/758 777/834/864 680/729/759 
f 788/848/878 759/813/843 789/849/879 
f 755/808/838 774/831/861 739/809/839 
f 715/764/794 710/759/789 677/726/756 
f 790/850/880 715/764/794 677/726/756 
f 738/806/836 747/827/857 754/807/837 
f 747/827/857 750/851/881 771/828/858 
f 790/850/880 677/726/756 676/725/755 
f 711/760/790 790/850/880 676/725/755 
f 791/852/882 792/853/883 793/854/884 
f 794/855/885 791/852/882 793/854/884 
f 643/692/722 642/691/721 794/856/886 
f 793/857/887 643/692/722 794/856/886 
f 642/691/721 645/694/724 795/858/888 
f 794/856/886 642/691/721 795/858/888 
f 795/859/889 796/860/890 791/852/882 
f 794/855/885 795/859/889 791/852/882 
f 645/694/724 782/841/871 783/843/873 
f 795/858/888 645/694/724 783/843/873 
f 644/693/723 784/844/874 782/841/871 
f 645/694/724 644/693/723 782/841/871 
f 784/844/874 652/701/731 797/861/891 
f 734/783/813 758/812/842 760/814/844 
f 671/720/750 792/853/883 798/862/892 
f 797/861/891 651/700/730 681/730/760 
f 664/713/743 799/863/893 778/835/865 
f 800/864/894 801/865/895 761/815/845 
f 683/732/762 658/707/737 777/834/864 
f 679/728/758 683/732/762 777/834/864 
f 735/842/872 678/727/757 680/729/759 
f 797/861/891 681/730/760 683/732/762 
f 672/721/751 798/862/892 762/816/846 
f 652/701/731 651/700/730 797/861/891 
f 647/696/726 674/723/753 673/722/752 
f 682/731/761 647/696/726 673/722/752 
f 783/866/896 802/867/897 796/860/890 
f 795/859/889 783/866/896 796/860/890 
f 682/731/761 684/733/763 726/775/805 
f 681/730/760 655/704/734 657/706/736 
f 797/861/891 683/732/762 679/728/758 
f 681/730/760 657/706/736 683/732/762 
f 753/805/835 752/804/834 803/868/898 
f 804/869/899 753/805/835 803/868/898 
f 750/851/881 762/816/846 771/828/858 
f 726/775/805 805/870/900 648/697/727 
f 806/871/901 807/872/902 724/873/903 
f 801/874/904 806/871/901 724/873/903 
f 724/873/903 807/872/902 725/875/905 
f 737/787/817 744/795/825 730/788/818 
f 786/846/876 731/780/810 730/779/809 
f 746/876/906 786/846/876 730/779/809 
f 759/813/843 758/812/842 789/849/879 
f 808/877/907 809/878/908 810/879/909 
f 811/880/910 763/817/847 646/695/725 
f 648/697/727 811/880/910 646/695/725 
f 807/872/902 812/881/911 725/875/905 
f 800/882/912 750/801/831 813/883/913 
f 663/712/742 664/713/743 777/834/864 
f 658/707/737 663/712/742 777/834/864 
f 776/884/914 775/885/915 742/793/823 
f 741/792/822 776/884/914 742/793/823 
f 804/869/899 814/886/916 785/845/875 
f 753/805/835 804/869/899 785/845/875 
f 745/796/826 667/887/917 670/888/918 
f 746/797/827 745/796/826 670/888/918 
f 812/881/911 769/825/855 770/826/856 
f 725/875/905 812/881/911 770/826/856 
f 800/882/912 813/883/913 806/871/901 
f 801/874/904 800/882/912 806/871/901 
f 809/878/908 815/889/919 810/879/909 
f 816/890/920 810/879/909 763/817/847 
f 750/801/831 749/800/830 813/883/913 
f 739/790/820 743/794/824 740/791/821 
f 817/891/921 731/780/810 786/846/876 
f 785/845/875 817/891/921 786/846/876 
f 785/845/875 814/886/916 808/877/907 
f 817/891/921 785/845/875 808/877/907 
f 731/780/810 817/891/921 816/890/920 
f 732/781/811 731/780/810 816/890/920 
f 817/891/921 808/877/907 810/879/909 
f 816/890/920 817/891/921 810/879/909 
f 799/863/893 781/892/922 778/835/865 
f 664/713/743 818/893/923 799/863/893 
f 809/894/924 819/895/925 820/896/926 
f 818/893/923 819/895/925 799/863/893 
f 781/892/922 799/863/893 819/895/925 
f 809/894/924 781/892/922 819/895/925 
f 819/895/925 818/893/923 821/897/927 
f 820/896/926 819/895/925 821/897/927 
f 725/774/804 770/898/928 805/870/900 
f 726/775/805 725/774/804 805/870/900 
f 801/865/895 772/829/859 761/815/845 
f 810/879/909 815/889/919 763/817/847 
f 805/870/900 811/880/910 648/697/727 
f 816/890/920 811/880/910 732/781/811 
f 811/880/910 805/870/900 732/781/811 
f 811/880/910 816/890/920 763/817/847 
f 815/899/929 820/896/926 765/820/850 
f 815/899/929 809/894/924 820/896/926 
f 738/789/819 740/791/821 748/799/829 
f 747/798/828 738/789/819 748/799/829 
f 660/709/739 818/893/923 664/713/743 
f 718/767/797 818/893/923 660/709/739 
f 820/896/926 821/897/927 767/823/853 
f 765/820/850 820/896/926 767/823/853 
f 801/865/895 724/773/803 684/733/763 
f 772/829/859 801/865/895 684/733/763 
f 773/830/860 759/813/843 788/848/878 
f 776/900/930 773/830/860 788/848/878 
f 669/718/748 822/901/931 752/902/932 
f 670/719/749 669/718/748 752/902/932 
f 761/815/845 762/816/846 750/851/881 
f 800/864/894 761/815/845 750/851/881 
f 705/754/784 702/751/781 722/771/801 
f 692/741/771 705/754/784 722/771/801 
f 706/755/785 697/746/776 723/772/802 
f 701/750/780 706/755/785 723/772/802 
f 685/734/764 634/683/713 635/684/714 
f 719/768/798 685/734/764 635/684/714 
f 701/750/780 723/772/802 722/771/801 
f 702/751/781 701/750/780 722/771/801 
f 704/753/783 637/686/716 709/758/788 
f 703/752/782 704/753/783 709/758/788 
f 675/724/754 787/847/877 656/705/735 
f 709/758/788 637/686/716 639/688/718 
f 719/768/798 635/684/714 704/753/783 
f 705/754/784 719/768/798 704/753/783 
f 707/756/786 701/750/780 703/752/782 
f 677/726/756 710/759/789 675/724/754 
f 708/757/787 707/756/786 787/847/877 
f 787/847/877 707/756/786 709/758/788 
f 710/759/789 708/757/787 675/724/754 
f 675/724/754 708/757/787 787/847/877 
f 629/678/707 628/677/706 686/735/765 
f 685/734/764 629/678/707 686/735/765 
f 677/726/756 675/724/754 655/704/734 
f 688/737/767 706/755/785 708/757/787 
f 804/869/899 803/868/898 780/903/933 
f 823/904/934 804/869/899 780/903/933 
f 788/905/935 680/729/759 779/836/866 
f 822/901/931 788/905/935 779/836/866 
f 746/876/906 670/906/936 751/802/832 
f 786/846/876 746/876/906 751/802/832 
f 758/812/842 733/782/812 736/907/937 
f 789/849/879 758/812/842 736/907/937 
f 752/804/834 778/908/938 803/868/898 
f 680/909/939 788/848/878 789/849/879 
f 803/868/898 778/908/938 780/903/933 
f 680/909/939 789/849/879 736/907/937 
f 814/886/916 781/839/869 809/878/908 
f 808/877/907 814/886/916 809/878/908 
f 741/910/940 774/831/861 773/830/860 
f 776/911/941 741/910/940 773/830/860 
f 627/676/942 630/679/708 824/912/943 
f 825/913/944 627/676/944 824/912/943 
f 698/747/777 712/761/791 722/771/801 
f 723/772/802 698/747/777 722/771/801 
f 694/743/773 720/769/799 824/912/943 
f 630/679/708 694/743/773 824/912/943 
f 826/914/945 827/915/946 721/770/800 
f 695/744/774 826/914/945 721/770/800 
f 752/902/932 822/901/931 779/836/866 
f 778/835/865 752/902/932 779/836/866 
f 669/718/748 776/833/863 788/905/935 
f 822/901/931 669/718/748 788/905/935 
f 629/678/707 691/740/770 694/743/773 
f 630/679/708 629/678/707 694/743/773 
f 826/914/945 695/744/774 687/736/766 
f 690/739/769 826/914/945 687/736/766 
f 814/886/916 804/869/899 823/904/934 
f 758/812/842 734/783/813 733/782/812 
f 734/783/813 802/867/897 783/866/896 
f 735/784/814 734/783/813 783/866/896 
f 764/819/849 815/899/929 765/820/850 
f 815/889/919 764/818/848 763/817/847 
f 828/916/947 829/917/948 754/807/837 
f 829/917/948 828/916/947 791/852/882 
f 830/918/949 760/814/844 774/831/861 
f 755/808/838 830/918/949 774/831/861 
f 802/867/897 734/783/813 760/814/844 
f 830/918/949 802/867/897 760/814/844 
f 755/808/838 754/807/837 829/917/948 
f 830/918/949 755/808/838 829/917/948 
f 830/918/949 829/917/948 796/860/890 
f 802/867/897 830/918/949 796/860/890 
f 770/898/928 729/778/808 732/781/811 
f 805/870/900 770/898/928 732/781/811 
f 774/831/861 741/910/940 739/809/839 
f 771/828/858 828/916/947 754/807/837 
f 823/904/934 780/837/867 781/839/869 
f 814/886/916 823/904/934 781/839/869 
f 672/721/751 671/720/750 798/862/892 
f 796/860/890 829/917/948 791/852/882 
f 771/828/858 762/816/846 798/862/892 
f 828/916/947 771/828/858 798/862/892 
f 828/916/947 798/862/892 792/853/883 
f 791/852/882 828/916/947 792/853/883 
f 648/697/727 682/731/761 726/775/805 
f 784/844/874 797/861/891 679/728/758 
f 793/854/884 792/853/883 671/720/750 
f 727/776/806 793/854/884 671/720/750 
f 831/919/950 832/920/951 833/921/952 
f 834/922/953 835/923/954 836/924/955 
f 837/925/956 834/922/953 836/924/955 
f 838/926/957 839/927/958 840/928/959 
f 841/929/960 838/926/957 840/928/959 
f 842/930/961 843/931/962 844/932/963 
f 845/933/964 844/932/963 846/934/965 
f 841/929/960 840/928/959 847/935/966 
f 846/934/965 841/929/960 847/935/966 
f 848/936/967 849/937/968 850/938/969 
f 851/939/970 848/936/967 850/938/969 
f 852/940/971 853/941/972 854/942/973 
f 855/943/974 856/944/975 853/941/972 
f 837/925/956 846/934/965 834/922/953 
f 852/940/971 855/943/974 853/941/972 
f 832/920/951 831/919/950 857/945/976 
f 857/945/976 831/919/950 855/946/977 
f 858/947/978 845/933/964 846/934/965 
f 859/948/979 860/949/980 861/950/981 
f 835/923/954 834/922/953 862/951/982 
f 836/924/955 863/952/983 837/925/956 
f 864/953/984 835/923/954 862/951/982 
f 850/938/969 842/930/961 844/932/963 
f 864/953/984 862/951/982 865/954/985 
f 834/922/953 847/935/966 862/951/982 
f 859/948/979 861/950/981 858/947/978 
f 863/952/983 859/948/979 858/947/978 
f 860/949/980 866/955/986 861/950/981 
f 861/950/981 851/939/970 845/933/964 
f 858/947/978 861/950/981 845/933/964 
f 837/925/956 858/947/978 846/934/965 
f 863/952/983 858/947/978 837/925/956 
f 861/950/981 866/955/986 851/939/970 
f 853/941/972 856/944/975 848/936/967 
f 866/955/986 853/941/972 848/936/967 
f 853/941/972 866/955/986 860/949/980 
f 854/942/973 853/941/972 860/949/980 
f 857/945/976 855/946/977 852/956/987 
f 867/957/988 857/945/976 852/956/987 
f 855/943/974 831/958/989 868/959/990 
f 856/944/975 855/943/974 868/959/990 
f 862/951/982 869/960/991 857/945/976 
f 865/954/985 867/957/988 870/961/992 
f 862/951/982 867/957/988 865/954/985 
f 869/960/991 871/962/993 832/920/951 
f 847/935/966 869/960/991 862/951/982 
f 857/945/976 869/960/991 832/920/951 
f 839/927/958 872/963/994 871/962/993 
f 840/928/959 839/927/958 871/962/993 
f 844/932/963 843/931/962 841/929/960 
f 850/938/969 849/937/968 842/930/961 
f 856/944/975 868/959/990 849/937/968 
f 848/936/967 856/944/975 849/937/968 
f 871/962/993 872/963/994 873/964/995 
f 832/920/951 871/962/993 873/964/995 
f 840/928/959 871/962/993 869/960/991 
f 847/935/966 840/928/959 869/960/991 
f 874/965/996 875/966/997 868/959/990 
f 868/959/990 875/966/997 849/937/968 
f 850/938/969 844/932/963 845/933/964 
f 851/939/970 850/938/969 845/933/964 
f 843/931/962 838/926/957 841/929/960 
f 844/932/963 841/929/960 846/934/965 
f 866/955/986 848/936/967 851/939/970 
f 849/937/968 875/966/997 842/930/961 
f 846/934/965 847/935/966 834/922/953 
f 870/967/998 852/940/971 854/942/973 
f 831/958/989 833/968/999 874/965/996 
f 868/959/990 831/958/989 874/965/996 
f 832/920/951 873/964/995 833/921/952 
f 867/957/988 862/951/982 857/945/976 
f 867/957/988 852/956/987 870/961/992 
f 876/969/1000 877/970/1001 878/971/1002 
f 879/972/1003 880/973/1004 881/974/1005 
f 882/975/1006 883/976/1007 884/977/1008 
f 880/973/1004 885/978/1009 881/974/1005 
f 886/979/1010 887/980/1011 888/981/1012 
f 887/980/1011 889/982/1013 888/981/1012 
f 890/983/1014 876/969/1000 887/980/1011 
f 876/969/1000 878/971/1002 887/980/1011 
f 891/984/1015 886/979/1010 892/985/1016 
f 886/979/1010 888/981/1012 892/985/1016 
f 893/986/1017 891/984/1015 894/987/1018 
f 895/988/1019 886/979/1010 891/984/1015 
f 896/989/1020 897/990/1021 877/970/1001 
f 893/986/1017 895/988/1019 891/984/1015 
f 895/988/1019 890/983/1014 886/979/1010 
f 890/983/1014 887/980/1011 886/979/1010 
f 897/990/1021 898/991/1022 877/970/1001 
f 880/973/1004 899/992/1023 885/978/1009 
f 888/981/1012 889/982/1013 900/993/1024 
f 889/982/1013 884/977/1008 900/993/1024 
f 878/971/1002 898/991/1022 901/994/1025 
f 898/991/1022 881/974/1005 901/994/1025 
f 881/974/1005 885/978/1009 901/994/1025 
f 885/978/1009 882/975/1006 901/994/1025 
f 891/984/1015 892/985/1016 902/995/1026 
f 899/992/1023 903/996/1027 885/978/1009 
f 904/997/1028 905/998/1029 906/999/1030 
f 905/998/1029 907/1000/1031 906/999/1030 
f 908/1001/1032 909/1002/1033 910/1003/1034 
f 911/1004/1035 906/1005/1036 912/1006/1037 
f 913/1007/1038 911/1004/1035 879/972/1003 
f 911/1004/1035 880/973/1004 879/972/1003 
f 887/980/1011 878/971/1002 889/982/1013 
f 914/1008/1039 915/1009/1040 916/1010/1041 
f 901/994/1025 882/975/1006 889/982/1013 
f 882/975/1006 884/977/1008 889/982/1013 
f 897/990/1021 879/972/1003 898/991/1022 
f 879/972/1003 881/974/1005 898/991/1022 
f 892/985/1016 888/981/1012 914/1008/1039 
f 888/981/1012 900/993/1024 914/1008/1039 
f 902/995/1026 905/998/1029 908/1011/1042 
f 905/998/1029 904/997/1028 908/1011/1042 
f 906/999/1030 907/1000/1031 917/1012/1043 
f 877/970/1001 898/991/1022 878/971/1002 
f 900/993/1024 918/1013/1044 914/1008/1039 
f 918/1013/1044 915/1009/1040 914/1008/1039 
f 918/1013/1044 900/993/1024 919/1014/1045 
f 900/993/1024 884/977/1008 919/1014/1045 
f 880/973/1004 911/1004/1035 899/992/1023 
f 911/1004/1035 912/1006/1037 899/992/1023 
f 920/1015/1046 908/1001/1032 910/1003/1034 
f 891/984/1015 902/995/1026 894/987/1018 
f 892/985/1016 905/998/1029 902/995/1026 
f 906/1005/1036 917/1016/1047 912/1006/1037 
f 913/1007/1038 904/1017/1048 911/1004/1035 
f 904/1017/1048 906/1005/1036 911/1004/1035 
f 908/1001/1032 904/1017/1048 909/1002/1033 
f 904/1017/1048 913/1007/1038 909/1002/1033 
f 894/987/1018 902/995/1026 920/1018/1049 
f 902/995/1026 908/1011/1042 920/1018/1049 
f 878/971/1002 901/994/1025 889/982/1013 
f 883/976/1007 919/1014/1045 884/977/1008 
f 892/985/1016 914/1008/1039 905/998/1029 
f 914/1008/1039 907/1000/1031 905/998/1029 
f 909/1002/1033 913/1007/1038 897/990/1021 
f 913/1007/1038 879/972/1003 897/990/1021 
f 910/1003/1034 909/1002/1033 896/989/1020 
f 909/1002/1033 897/990/1021 896/989/1020 
f 907/1000/1031 914/1008/1039 916/1010/1041 
f 907/1000/1031 916/1010/1041 917/1012/1043 
f 885/978/1009 903/996/1027 882/975/1006 
f 903/996/1027 883/976/1007 882/975/1006 
usemtl mat_10_Doctor_Jacket_D_jpg
f 921/1019/1050 922/1020/1051 923/1021/1052 
f 924/1022/1053 925/1023/1054 926/1024/1055 
f 927/1025/1056 928/1026/1057 929/1027/1058 
f 930/1028/1059 931/1029/1060 932/1030/1061 
f 933/1031/1062 934/1032/1063 935/1033/1064 
f 936/1034/1065 937/1035/1066 938/1036/1067 
f 929/1027/1058 939/1037/1068 940/1038/1069 
f 927/1025/1056 932/1030/1061 928/1026/1057 
f 936/1034/1065 938/1036/1067 933/1031/1062 
f 941/1039/1070 942/1040/1071 943/1041/1072 
f 944/1042/1073 945/1043/1074 946/1044/1075 
f 940/1038/1069 939/1037/1068 947/1045/1076 
f 948/1046/1077 949/1047/1078 950/1048/1079 
f 951/1049/1080 948/1046/1077 952/1050/1081 
f 946/1044/1075 945/1043/1074 953/1051/1082 
f 947/1045/1076 945/1043/1074 944/1042/1073 
f 951/1049/1080 952/1050/1081 954/1052/1083 
f 954/1052/1083 952/1050/1081 955/1053/1084 
f 956/1054/1085 957/1055/1086 958/1056/1087 
f 929/1027/1058 928/1026/1057 939/1037/1068 
f 941/1039/1070 943/1041/1072 959/1057/1088 
f 949/1047/1078 941/1039/1070 959/1057/1088 
f 940/1038/1069 947/1045/1076 944/1042/1073 
f 956/1054/1085 960/1058/1089 957/1055/1086 
f 949/1047/1078 959/1057/1088 950/1048/1079 
f 948/1046/1077 951/1049/1080 949/1047/1078 
f 961/1059/1090 962/1060/1091 963/1061/1092 
f 964/1062/1093 963/1061/1092 962/1060/1091 
f 965/1063/1094 966/1064/1095 967/1065/1096 
f 936/1034/1065 942/1066/1097 968/1067/1098 
f 961/1059/1090 968/1068/1099 969/1069/1100 
f 961/1059/1090 969/1069/1100 962/1060/1091 
f 936/1034/1065 968/1067/1098 937/1035/1066 
f 970/1070/1101 971/1071/1102 967/1065/1096 
f 934/1032/1063 972/1072/1103 971/1071/1102 
f 938/1036/1067 973/1073/1104 974/1074/1105 
f 973/1073/1104 927/1025/1056 974/1074/1105 
f 959/1057/1088 943/1041/1072 975/1075/1106 
f 971/1071/1102 965/1063/1094 967/1065/1096 
f 934/1032/1063 974/1074/1105 972/1072/1103 
f 959/1057/1088 975/1075/1106 976/1076/1107 
f 950/1048/1079 959/1057/1088 976/1076/1107 
f 977/1077/1108 978/1078/1109 979/1079/1110 
f 980/1080/1111 977/1077/1108 979/1079/1110 
f 948/1046/1077 981/1081/1112 952/1050/1081 
f 952/1050/1081 981/1081/1112 982/1082/1113 
f 983/1083/1114 984/1084/1115 985/1085/1116 
f 986/1086/1117 985/1085/1116 987/1087/1118 
f 984/1084/1115 987/1087/1118 985/1085/1116 
f 988/1088/1119 989/1089/1120 986/1086/1117 
f 981/1081/1112 990/1090/1121 982/1082/1113 
f 977/1077/1108 991/1091/1122 978/1078/1109 
f 992/1092/1123 982/1082/1113 990/1090/1121 
f 993/1093/1124 991/1091/1122 977/1077/1108 
f 994/1094/1125 995/1095/1126 981/1081/1112 
f 981/1081/1112 995/1095/1126 990/1090/1121 
f 993/1093/1124 977/1077/1108 995/1095/1126 
f 995/1095/1126 977/1077/1108 980/1080/1111 
f 996/1096/1127 997/1097/1128 998/1098/1129 
f 999/1099/1130 925/1100/1131 998/1098/1129 
f 988/1088/1119 921/1019/1050 1000/1101/1132 
f 979/1079/1110 978/1078/1109 1001/1102/1133 
f 1001/1102/1133 921/1019/1050 979/1079/1110 
f 979/1079/1110 921/1019/1050 988/1088/1119 
f 922/1020/1051 1002/1103/1134 1003/1104/1135 
f 921/1019/1050 1001/1102/1133 922/1020/1051 
f 924/1022/1053 926/1024/1055 1004/1105/1136 
f 1004/1105/1136 926/1024/1055 1002/1103/1134 
f 926/1024/1055 1003/1104/1135 1002/1103/1134 
f 922/1020/1051 1001/1102/1133 1002/1103/1134 
f 1004/1105/1136 1002/1103/1134 1005/1106/1137 
f 978/1078/1109 1005/1106/1137 1002/1103/1134 
f 999/1099/1130 997/1097/1128 1006/1107/1138 
f 1007/1108/1139 1008/1109/1140 984/1084/1115 
f 976/1076/1107 975/1075/1106 1009/1110/1141 
f 925/1100/1131 1010/1111/1142 998/1098/1129 
f 998/1098/1129 1010/1111/1142 996/1096/1127 
f 1000/1101/1132 923/1021/1052 1011/1112/1143 
f 925/1023/1054 1012/1113/1144 1013/1114/1145 
f 1011/1112/1143 1014/1115/1146 1000/1101/1132 
f 1015/1116/1147 1016/1117/1148 1017/1118/1149 
f 1000/1101/1132 921/1019/1050 923/1021/1052 
f 1015/1116/1147 1017/1118/1149 1014/1115/1146 
f 1006/1107/1138 997/1097/1128 1017/1118/1149 
f 925/1023/1054 1013/1114/1145 926/1024/1055 
f 926/1024/1055 1013/1114/1145 1003/1104/1135 
f 1011/1112/1143 1015/1116/1147 1014/1115/1146 
f 957/1055/1086 930/1028/1059 958/1056/1087 
f 961/1059/1090 1018/1119/1150 968/1068/1099 
f 970/1070/1101 967/1065/1096 1019/1120/1151 
f 935/1033/1064 934/1032/1063 971/1071/1102 
f 930/1028/1059 932/1030/1061 927/1025/1056 
f 957/1055/1086 931/1029/1060 930/1028/1059 
f 935/1033/1064 971/1071/1102 970/1070/1101 
f 933/1031/1062 938/1036/1067 934/1032/1063 
f 972/1072/1103 940/1038/1069 965/1063/1094 
f 974/1074/1105 927/1025/1056 929/1027/1058 
f 955/1053/1084 970/1070/1101 1019/1120/1151 
f 1020/1121/1152 935/1033/1064 970/1070/1101 
f 1021/1122/1153 1022/1123/1154 1023/1124/1155 
f 953/1051/1082 1021/1122/1153 946/1044/1075 
f 954/1052/1083 955/1053/1084 1019/1120/1151 
f 982/1082/1113 1024/1125/1156 1025/1126/1157 
f 956/1054/1085 1026/1127/1158 1018/1128/1159 
f 972/1072/1103 929/1027/1058 940/1038/1069 
f 967/1065/1096 954/1052/1083 1019/1120/1151 
f 1027/1129/1160 943/1130/1161 942/1066/1097 
f 1023/1124/1155 1018/1119/1150 961/1059/1090 
f 1023/1124/1155 961/1059/1090 963/1061/1092 
f 1027/1129/1160 942/1066/1097 936/1034/1065 
f 955/1053/1084 1025/1126/1157 970/1070/1101 
f 974/1074/1105 929/1027/1058 972/1072/1103 
f 956/1054/1085 958/1056/1087 1026/1127/1158 
f 1028/1131/1162 949/1047/1078 951/1049/1080 
f 966/1064/1095 1028/1131/1162 951/1049/1080 
f 1023/1124/1155 963/1061/1092 1021/1122/1153 
f 964/1062/1093 946/1044/1075 1021/1122/1153 
f 966/1064/1095 951/1049/1080 954/1052/1083 
f 967/1065/1096 966/1064/1095 954/1052/1083 
f 958/1056/1087 973/1073/1104 1026/1127/1158 
f 1023/1124/1155 956/1132/1163 1018/1119/1150 
f 973/1073/1104 930/1028/1059 927/1025/1056 
f 1027/1129/1160 936/1034/1065 933/1031/1062 
f 964/1062/1093 962/1060/1091 1028/1131/1162 
f 1029/1133/1164 964/1062/1093 1028/1131/1162 
f 1029/1133/1164 1028/1131/1162 966/1064/1095 
f 965/1063/1094 1029/1133/1164 966/1064/1095 
f 1023/1124/1155 960/1134/1165 956/1132/1163 
f 1021/1122/1153 953/1051/1082 1022/1123/1154 
f 982/1082/1113 1025/1126/1157 955/1053/1084 
f 1030/1135/1166 1020/1121/1152 1025/1126/1157 
f 952/1050/1081 982/1082/1113 955/1053/1084 
f 1027/1129/1160 933/1031/1062 1031/1136/1167 
f 1020/1121/1152 970/1070/1101 1025/1126/1157 
f 1031/1136/1167 933/1031/1062 935/1033/1064 
f 944/1042/1073 964/1062/1093 1029/1133/1164 
f 940/1038/1069 944/1042/1073 1029/1133/1164 
f 969/1069/1100 942/1040/1071 941/1039/1070 
f 962/1060/1091 969/1069/1100 941/1039/1070 
f 964/1062/1093 1021/1122/1153 963/1061/1092 
f 944/1042/1073 946/1044/1075 964/1062/1093 
f 962/1060/1091 941/1039/1070 949/1047/1078 
f 1028/1131/1162 962/1060/1091 949/1047/1078 
f 937/1035/1066 1018/1128/1159 1026/1127/1158 
f 971/1071/1102 972/1072/1103 965/1063/1094 
f 950/1048/1079 976/1076/1107 1032/1137/1168 
f 950/1048/1079 1032/1137/1168 994/1094/1125 
f 940/1038/1069 1029/1133/1164 965/1063/1094 
f 937/1035/1066 968/1067/1098 1018/1128/1159 
f 950/1048/1079 994/1094/1125 948/1046/1077 
f 969/1069/1100 968/1068/1099 942/1040/1071 
f 938/1036/1067 974/1074/1105 934/1032/1063 
f 937/1035/1066 1026/1127/1158 973/1073/1104 
f 1014/1115/1146 988/1088/1119 1000/1101/1132 
f 1017/1118/1149 983/1083/1114 989/1089/1120 
f 976/1076/1107 1033/1138/1169 1032/1137/1168 
f 991/1091/1122 1034/1139/1170 1005/1106/1137 
f 997/1097/1128 983/1083/1114 1017/1118/1149 
f 987/1087/1118 1030/1135/1166 1024/1125/1156 
f 937/1035/1066 973/1073/1104 938/1036/1067 
f 1023/1124/1155 1022/1123/1154 960/1134/1165 
f 958/1056/1087 930/1028/1059 973/1073/1104 
f 993/1093/1124 994/1094/1125 1032/1137/1168 
f 1035/1140/1171 1036/1141/1172 1007/1108/1139 
f 1007/1108/1139 1036/1141/1172 1008/1109/1140 
f 1036/1141/1172 975/1142/1173 1037/1143/1174 
f 1008/1109/1140 1038/1144/1175 1030/1135/1166 
f 1038/1144/1175 1020/1121/1152 1030/1135/1166 
f 1038/1144/1175 1037/1143/1174 1027/1129/1160 
f 1009/1110/1141 1039/1145/1176 1040/1146/1177 
f 1033/1138/1169 1040/1146/1177 1039/1145/1176 
f 1037/1143/1174 943/1130/1161 1027/1129/1160 
f 1038/1144/1175 1031/1136/1167 1020/1121/1152 
f 1033/1138/1169 1039/1145/1176 1034/1139/1170 
f 993/1093/1124 1033/1138/1169 1034/1139/1170 
f 1030/1135/1166 1025/1126/1157 1024/1125/1156 
f 1031/1136/1167 935/1033/1064 1020/1121/1152 
f 1039/1145/1176 924/1022/1053 1004/1105/1136 
f 1034/1139/1170 1039/1145/1176 1004/1105/1136 
f 1038/1144/1175 1027/1129/1160 1031/1136/1167 
f 1035/1140/1171 1009/1147/1178 1036/1141/1172 
f 1008/1109/1140 1037/1143/1174 1038/1144/1175 
f 1009/1110/1141 1035/1148/1179 1039/1145/1176 
f 988/1088/1119 986/1086/1117 980/1080/1111 
f 986/1086/1117 992/1092/1123 990/1090/1121 
f 989/1089/1120 985/1085/1116 986/1086/1117 
f 983/1083/1114 996/1096/1127 984/1084/1115 
f 991/1091/1122 1005/1106/1137 978/1078/1109 
f 1014/1115/1146 989/1089/1120 988/1088/1119 
f 1017/1118/1149 989/1089/1120 1014/1115/1146 
f 997/1097/1128 996/1096/1127 983/1083/1114 
f 976/1076/1107 1009/1110/1141 1040/1146/1177 
f 976/1076/1107 1040/1146/1177 1033/1138/1169 
f 1034/1139/1170 1004/1105/1136 1005/1106/1137 
f 925/1100/1131 924/1149/1180 1010/1111/1142 
f 1010/1111/1142 984/1084/1115 996/1096/1127 
f 1037/1143/1174 975/1142/1173 943/1130/1161 
f 1010/1111/1142 1035/1140/1171 1007/1108/1139 
f 1010/1111/1142 1007/1108/1139 984/1084/1115 
f 986/1086/1117 987/1087/1118 992/1092/1123 
f 984/1084/1115 1008/1109/1140 987/1087/1118 
f 995/1095/1126 980/1080/1111 990/1090/1121 
f 989/1089/1120 983/1083/1114 985/1085/1116 
f 993/1093/1124 1032/1137/1168 1033/1138/1169 
f 1039/1145/1176 1035/1148/1179 924/1022/1053 
f 1008/1109/1140 1030/1135/1166 987/1087/1118 
f 1008/1109/1140 1036/1141/1172 1037/1143/1174 
f 986/1086/1117 990/1090/1121 980/1080/1111 
f 994/1094/1125 993/1093/1124 995/1095/1126 
f 993/1093/1124 1034/1139/1170 991/1091/1122 
f 1010/1111/1142 924/1149/1180 1035/1140/1171 
f 980/1080/1111 979/1079/1110 988/1088/1119 
f 992/1092/1123 1024/1125/1156 982/1082/1113 
f 987/1087/1118 1024/1125/1156 992/1092/1123 
f 948/1046/1077 994/1094/1125 981/1081/1112 
f 978/1078/1109 1002/1103/1134 1001/1102/1133 
f 999/1099/1130 1012/1150/1181 925/1100/1131 
f 1036/1141/1172 1009/1147/1178 975/1142/1173 
f 1006/1107/1138 1017/1118/1149 1016/1117/1148 
f 998/1098/1129 997/1097/1128 999/1099/1130 
f 1041/1151/1182 1042/1152/1183 1043/1153/1184 
f 1044/1154/1185 1045/1155/1186 1046/1156/1187 
f 1047/1157/1188 1048/1158/1189 1049/1159/1190 
f 1050/1160/1191 1051/1161/1192 1052/1162/1193 
f 1053/1163/1194 1054/1164/1195 1055/1165/1196 
f 1054/1164/1195 1056/1166/1197 1055/1165/1196 
f 1057/1167/1198 1058/1168/1199 1048/1158/1189 
f 1059/1169/1200 1051/1161/1192 1045/1155/1186 
f 1060/1170/1201 1050/1160/1191 1061/1171/1202 
f 1062/1172/1203 1063/1173/1204 1064/1174/1205 
f 1064/1174/1205 1063/1173/1204 1065/1175/1206 
f 1066/1176/1207 1057/1167/1198 1065/1175/1206 
f 1067/1177/1208 1068/1178/1209 1069/1179/1210 
f 1061/1171/1202 1042/1180/1211 1060/1170/1201 
f 1066/1176/1207 1058/1168/1199 1057/1167/1198 
f 1048/1158/1189 1070/1181/1212 1049/1159/1190 
f 1071/1182/1213 1072/1183/1214 1073/1184/1215 
f 1074/1185/1216 1075/1186/1217 1076/1187/1218 
f 1077/1188/1219 1078/1189/1220 1067/1177/1208 
f 1079/1190/1221 1067/1177/1208 1078/1189/1220 
f 1048/1158/1189 1080/1191/1222 1070/1181/1212 
f 1081/1192/1223 1066/1176/1207 1043/1153/1184 
f 1051/1161/1192 1082/1193/1224 1045/1155/1186 
f 1083/1194/1225 1084/1195/1226 1060/1170/1201 
f 1080/1191/1222 1081/1192/1223 1085/1196/1227 
f 1086/1197/1228 1085/1198/1229 1052/1162/1193 
f 1087/1199/1230 1088/1200/1231 1089/1201/1232 
f 1089/1201/1232 1090/1202/1233 1041/1151/1182 
f 1055/1165/1196 1056/1166/1197 1091/1203/1234 
f 1056/1166/1197 1092/1204/1235 1091/1203/1234 
f 1093/1205/1236 1094/1206/1237 1074/1185/1216 
f 1087/1199/1230 1089/1201/1232 1093/1205/1236 
f 1086/1197/1228 1059/1169/1200 1044/1154/1185 
f 1086/1197/1228 1052/1162/1193 1059/1169/1200 
f 1060/1170/1201 1084/1195/1226 1095/1207/1238 
f 1084/1195/1226 1096/1208/1239 1095/1207/1238 
f 1044/1154/1185 1059/1169/1200 1045/1155/1186 
f 1046/1156/1187 1082/1193/1224 1097/1209/1240 
f 1062/1172/1203 1069/1179/1210 1063/1173/1204 
f 1064/1174/1205 1065/1175/1206 1057/1167/1198 
f 1069/1179/1210 1068/1178/1209 1094/1206/1237 
f 1063/1173/1204 1093/1205/1236 1065/1175/1206 
f 1089/1201/1232 1088/1200/1231 1090/1202/1233 
f 1098/1210/1241 1042/1152/1183 1041/1151/1182 
f 1099/1211/1242 1083/1194/1225 1098/1212/1243 
f 1094/1206/1237 1079/1190/1221 1074/1185/1216 
f 1054/1164/1195 1062/1172/1203 1056/1166/1197 
f 1069/1179/1210 1094/1206/1237 1063/1173/1204 
f 1100/1213/1244 1064/1174/1205 1057/1167/1198 
f 1057/1167/1198 1048/1158/1189 1047/1157/1188 
f 1079/1190/1221 1068/1178/1209 1067/1177/1208 
f 1083/1194/1225 1042/1180/1211 1098/1212/1243 
f 1050/1160/1191 1085/1198/1229 1061/1171/1202 
f 1080/1191/1222 1058/1168/1199 1081/1192/1223 
f 1051/1161/1192 1053/1163/1194 1082/1193/1224 
f 1053/1163/1194 1055/1165/1196 1082/1193/1224 
f 1080/1191/1222 1048/1158/1189 1058/1168/1199 
f 1080/1191/1222 1085/1196/1227 1086/1214/1245 
f 1071/1215/1246 1101/1216/1247 1102/1217/1248 
f 1103/1218/1249 1104/1219/1250 1105/1220/1251 
f 1076/1187/1218 1075/1186/1217 1106/1221/1252 
f 1107/1222/1253 1103/1218/1249 1108/1223/1254 
f 1109/1224/1255 1110/1225/1256 1111/1226/1257 
f 1071/1182/1213 1073/1184/1215 1112/1227/1258 
f 1113/1228/1259 1077/1188/1219 1114/1229/1260 
f 1077/1188/1219 1067/1177/1208 1114/1229/1260 
f 1115/1230/1261 1116/1231/1262 1099/1211/1242 
f 1115/1230/1261 1117/1232/1263 1116/1231/1262 
f 1118/1233/1264 1119/1234/1265 1072/1183/1214 
f 1120/1235/1266 1071/1182/1213 1121/1236/1267 
f 1103/1218/1249 1106/1221/1252 1104/1219/1250 
f 1108/1223/1254 1105/1220/1251 1122/1237/1268 
f 1120/1235/1266 1072/1183/1214 1071/1182/1213 
f 1076/1187/1218 1106/1221/1252 1103/1218/1249 
f 1115/1230/1261 1123/1238/1269 1117/1232/1263 
f 1123/1238/1269 1124/1239/1270 1117/1232/1263 
f 1125/1240/1271 1126/1241/1272 1127/1242/1273 
f 1125/1240/1271 1128/1243/1274 1129/1244/1275 
f 1130/1245/1276 1131/1246/1277 1132/1247/1278 
f 1109/1224/1255 1131/1246/1277 1130/1245/1276 
f 1102/1217/1248 1133/1248/1279 1115/1230/1261 
f 1133/1248/1279 1123/1238/1269 1115/1230/1261 
f 1112/1249/1280 1134/1250/1281 1101/1216/1247 
f 1104/1219/1250 1135/1251/1282 1105/1220/1251 
f 1107/1222/1253 1076/1187/1218 1103/1218/1249 
f 1108/1223/1254 1126/1241/1272 1107/1222/1253 
f 1101/1216/1247 1136/1252/1283 1133/1248/1279 
f 1137/1253/1284 1133/1248/1279 1136/1252/1283 
f 1116/1231/1262 1117/1232/1263 1077/1188/1219 
f 1117/1232/1263 1078/1189/1220 1077/1188/1219 
f 1117/1232/1263 1124/1239/1270 1078/1189/1220 
f 1075/1186/1217 1078/1189/1220 1124/1239/1270 
f 1125/1240/1271 1138/1254/1285 1128/1243/1274 
f 1102/1217/1248 1115/1230/1261 1139/1255/1286 
f 1108/1223/1254 1127/1242/1273 1126/1241/1272 
f 1125/1240/1271 1127/1242/1273 1138/1254/1285 
f 1060/1170/1201 1042/1180/1211 1083/1194/1225 
f 1109/1224/1255 1111/1226/1257 1135/1251/1282 
f 1122/1237/1268 1118/1233/1264 1127/1242/1273 
f 1138/1254/1285 1118/1233/1264 1120/1235/1266 
f 1116/1231/1262 1113/1228/1259 1083/1194/1225 
f 1116/1231/1262 1077/1188/1219 1113/1228/1259 
f 1075/1186/1217 1079/1190/1221 1078/1189/1220 
f 1099/1211/1242 1098/1212/1243 1129/1256/1287 
f 1122/1237/1268 1140/1257/1288 1119/1234/1265 
f 1118/1233/1264 1072/1183/1214 1120/1235/1266 
f 1141/1258/1289 1142/1259/1290 1119/1234/1265 
f 1072/1183/1214 1142/1259/1290 1073/1184/1215 
f 1111/1226/1257 1143/1260/1291 1144/1261/1292 
f 1110/1225/1256 1143/1260/1291 1111/1226/1257 
f 1145/1262/1293 1110/1225/1256 1146/1263/1294 
f 1135/1251/1282 1141/1258/1289 1140/1257/1288 
f 1144/1261/1292 1147/1264/1295 1142/1259/1290 
f 1147/1264/1295 1148/1265/1296 1073/1184/1215 
f 1072/1183/1214 1119/1234/1265 1142/1259/1290 
f 1111/1226/1257 1144/1261/1292 1141/1258/1289 
f 1084/1195/1226 1114/1229/1260 1096/1208/1239 
f 1114/1229/1260 1149/1266/1297 1096/1208/1239 
f 1081/1192/1223 1043/1153/1184 1061/1267/1298 
f 1081/1192/1223 1058/1168/1199 1066/1176/1207 
f 1114/1229/1260 1067/1177/1208 1149/1266/1297 
f 1067/1177/1208 1069/1179/1210 1149/1266/1297 
f 1081/1192/1223 1061/1267/1298 1085/1196/1227 
f 1082/1193/1224 1150/1268/1299 1097/1209/1240 
f 1041/1151/1182 1090/1202/1233 1098/1210/1241 
f 1060/1170/1201 1095/1207/1238 1050/1160/1191 
f 1046/1156/1187 1045/1155/1186 1082/1193/1224 
f 1059/1169/1200 1052/1162/1193 1051/1161/1192 
f 1070/1181/1212 1086/1214/1245 1151/1269/1300 
f 1086/1197/1228 1044/1154/1185 1151/1270/1301 
f 1050/1160/1191 1052/1162/1193 1085/1198/1229 
f 1070/1181/1212 1080/1191/1222 1086/1214/1245 
f 1094/1206/1237 1068/1178/1209 1079/1190/1221 
f 1093/1205/1236 1074/1185/1216 1087/1199/1230 
f 1056/1166/1197 1100/1213/1244 1092/1204/1235 
f 1100/1213/1244 1152/1271/1302 1092/1204/1235 
f 1050/1160/1191 1095/1207/1238 1051/1161/1192 
f 1095/1207/1238 1053/1163/1194 1051/1161/1192 
f 1096/1208/1239 1149/1266/1297 1054/1164/1195 
f 1149/1266/1297 1062/1172/1203 1054/1164/1195 
f 1089/1201/1232 1066/1176/1207 1065/1175/1206 
f 1066/1176/1207 1041/1151/1182 1043/1153/1184 
f 1056/1166/1197 1062/1172/1203 1064/1174/1205 
f 1100/1213/1244 1057/1167/1198 1047/1157/1188 
f 1082/1193/1224 1055/1165/1196 1150/1268/1299 
f 1055/1165/1196 1091/1203/1234 1150/1268/1299 
f 1063/1173/1204 1094/1206/1237 1093/1205/1236 
f 1089/1201/1232 1065/1175/1206 1093/1205/1236 
f 1153/1272/1303 1154/1273/1304 1137/1253/1284 
f 1146/1263/1294 1137/1253/1284 1154/1273/1304 
f 1134/1250/1281 1136/1252/1283 1101/1216/1247 
f 1139/1255/1286 1099/1211/1242 1129/1256/1287 
f 1153/1272/1303 1137/1253/1284 1136/1252/1283 
f 1155/1274/1305 1106/1221/1252 1075/1186/1217 
f 1139/1255/1286 1129/1256/1287 1128/1275/1306 
f 1146/1263/1294 1130/1245/1276 1137/1253/1284 
f 1146/1263/1294 1109/1224/1255 1130/1245/1276 
f 1107/1222/1253 1126/1241/1272 1088/1200/1231 
f 1090/1202/1233 1126/1241/1272 1125/1240/1271 
f 1090/1202/1233 1125/1240/1271 1129/1244/1275 
f 1115/1230/1261 1099/1211/1242 1139/1255/1286 
f 1090/1202/1233 1088/1200/1231 1126/1241/1272 
f 1090/1202/1233 1129/1244/1275 1098/1210/1241 
f 1123/1238/1269 1155/1274/1305 1124/1239/1270 
f 1155/1274/1305 1075/1186/1217 1124/1239/1270 
f 1105/1220/1251 1135/1251/1282 1140/1257/1288 
f 1122/1237/1268 1119/1234/1265 1118/1233/1264 
f 1087/1199/1230 1074/1185/1216 1076/1187/1218 
f 1107/1222/1253 1088/1200/1231 1087/1199/1230 
f 1083/1194/1225 1113/1228/1259 1084/1195/1226 
f 1113/1228/1259 1114/1229/1260 1084/1195/1226 
f 1074/1185/1216 1079/1190/1221 1075/1186/1217 
f 1087/1199/1230 1076/1187/1218 1107/1222/1253 
f 1146/1263/1294 1110/1225/1256 1109/1224/1255 
f 1112/1249/1280 1101/1216/1247 1071/1215/1246 
f 1108/1223/1254 1103/1218/1249 1105/1220/1251 
f 1122/1237/1268 1127/1242/1273 1108/1223/1254 
f 1104/1219/1250 1109/1224/1255 1135/1251/1282 
f 1105/1220/1251 1140/1257/1288 1122/1237/1268 
f 1138/1254/1285 1120/1235/1266 1121/1236/1267 
f 1101/1216/1247 1133/1248/1279 1102/1217/1248 
f 1131/1246/1277 1104/1219/1250 1106/1221/1252 
f 1102/1217/1248 1128/1275/1306 1121/1276/1307 
f 1138/1254/1285 1127/1242/1273 1118/1233/1264 
f 1138/1254/1285 1121/1236/1267 1128/1243/1274 
f 1102/1217/1248 1139/1255/1286 1128/1275/1306 
f 1116/1231/1262 1083/1194/1225 1099/1211/1242 
f 1109/1224/1255 1104/1219/1250 1131/1246/1277 
f 1071/1215/1246 1102/1217/1248 1121/1276/1307 
f 1133/1248/1279 1132/1247/1278 1123/1238/1269 
f 1131/1246/1277 1123/1238/1269 1132/1247/1278 
f 1137/1253/1284 1132/1247/1278 1133/1248/1279 
f 1130/1245/1276 1132/1247/1278 1137/1253/1284 
f 1131/1246/1277 1155/1274/1305 1123/1238/1269 
f 1131/1246/1277 1106/1221/1252 1155/1274/1305 
f 1095/1207/1238 1096/1208/1239 1053/1163/1194 
f 1096/1208/1239 1054/1164/1195 1053/1163/1194 
f 1100/1213/1244 1047/1157/1188 1152/1271/1302 
f 1047/1157/1188 1049/1159/1190 1152/1271/1302 
f 1066/1176/1207 1089/1201/1232 1041/1151/1182 
f 1043/1153/1184 1042/1152/1183 1061/1267/1298 
f 1149/1266/1297 1069/1179/1210 1062/1172/1203 
f 1056/1166/1197 1064/1174/1205 1100/1213/1244 
f 1135/1251/1282 1111/1226/1257 1141/1258/1289 
f 1141/1258/1289 1119/1234/1265 1140/1257/1288 
f 1156/1277/1308 1157/1278/1309 1134/1250/1281 
f 1110/1225/1256 1145/1262/1293 1143/1260/1291 
f 1158/1279/1310 1146/1263/1294 1154/1273/1304 
f 1145/1262/1293 1146/1263/1294 1158/1279/1310 
f 1073/1184/1215 1142/1259/1290 1147/1264/1295 
f 1112/1227/1258 1148/1265/1296 1156/1280/1311 
f 1159/1281/1312 1160/1282/1313 1154/1273/1304 
f 1156/1277/1308 1134/1250/1281 1112/1249/1280 
f 1073/1184/1215 1148/1265/1296 1112/1227/1258 
f 1134/1250/1281 1153/1272/1303 1136/1252/1283 
f 1157/1278/1309 1153/1272/1303 1134/1250/1281 
f 1144/1261/1292 1142/1259/1290 1141/1258/1289 
f 1158/1279/1310 1154/1273/1304 1160/1282/1313 
f 1157/1278/1309 1159/1281/1312 1153/1272/1303 
f 1159/1281/1312 1154/1273/1304 1153/1272/1303 
f 1161/1283/1314 1162/1284/1315 1163/1285/1316 
f 1164/1286/1317 1165/1287/1318 1166/1288/1319 
f 1167/1289/1320 1168/1290/1321 1169/1291/1322 
f 1170/1292/1323 1171/1293/1324 1172/1294/1325 
f 1173/1295/1326 1174/1296/1327 1175/1297/1328 
f 1164/1286/1317 1176/1298/1329 1165/1287/1318 
f 1164/1286/1317 1166/1288/1319 1168/1290/1321 
f 1177/1299/1330 1178/1300/1331 1179/1301/1332 
f 1169/1291/1322 1180/1302/1333 1181/1303/1334 
f 1180/1302/1333 1182/1304/1335 1183/1305/1336 
f 1184/1306/1337 1185/1307/1338 1186/1308/1339 
f 1187/1309/1340 1188/1310/1341 1172/1294/1325 
f 1189/1311/1342 1188/1310/1341 1187/1309/1340 
f 1190/1312/1343 1178/1300/1331 1191/1313/1344 
f 1190/1312/1343 1192/1314/1345 1178/1300/1331 
f 1193/1315/1346 1194/1316/1347 1195/1317/1348 
f 1196/1318/1349 1197/1319/1350 1198/1320/1351 
f 1199/1321/1352 1200/1322/1353 1201/1323/1354 
f 1202/1324/1355 1199/1321/1352 1201/1323/1354 
f 1172/1294/1325 1188/1310/1341 1170/1292/1323 
f 1203/1325/1356 1204/1326/1357 1188/1310/1341 
f 1205/1327/1358 1206/1328/1359 1207/1329/1360 
f 1205/1327/1358 1203/1330/1361 1189/1331/1362 
f 1196/1318/1349 1198/1320/1351 1194/1316/1347 
f 1208/1332/1363 1209/1333/1364 1210/1334/1365 
f 1211/1335/1366 1212/1336/1367 1208/1332/1363 
f 1208/1332/1363 1212/1336/1367 1209/1333/1364 
f 1193/1315/1346 1211/1335/1366 1196/1318/1349 
f 1193/1315/1346 1196/1318/1349 1194/1316/1347 
f 1196/1318/1349 1208/1332/1363 1197/1319/1350 
f 1197/1319/1350 1208/1332/1363 1210/1334/1365 
f 1213/1337/1368 1214/1338/1369 1215/1339/1370 
f 1170/1292/1323 1216/1340/1371 1171/1293/1324 
f 1217/1341/1372 1218/1341/1373 1219/1341/1374 
f 1220/1341/1375 1221/1341/1376 1222/1341/1377 
f 1223/1342/1378 1191/1313/1344 1178/1300/1331 
f 1177/1299/1330 1223/1342/1378 1178/1300/1331 
f 1223/1342/1378 1224/1343/1379 1225/1344/1380 
f 1223/1342/1378 1226/1345/1381 1191/1313/1344 
f 1224/1343/1379 1177/1299/1330 1173/1346/1382 
f 1192/1314/1345 1227/1347/1383 1179/1301/1332 
f 1226/1345/1381 1190/1312/1343 1191/1313/1344 
f 1228/1348/1384 1229/1349/1385 1230/1350/1386 
f 1231/1351/1387 1228/1348/1384 1232/1352/1388 
f 1233/1353/1389 1234/1354/1390 1235/1355/1391 
f 1234/1354/1390 1236/1356/1392 1235/1355/1391 
f 1229/1349/1385 1234/1354/1390 1216/1340/1371 
f 1214/1338/1369 1237/1357/1393 1238/1358/1394 
f 1173/1346/1382 1177/1299/1330 1179/1301/1332 
f 1174/1296/1327 1239/1359/1395 1240/1360/1396 
f 1205/1327/1358 1241/1361/1397 1203/1330/1361 
f 1205/1327/1358 1189/1331/1362 1242/1362/1398 
f 1242/1363/1399 1189/1364/1400 1243/1365/1401 
f 1244/1366/1402 1199/1321/1352 1202/1324/1355 
f 1245/1367/1403 1244/1366/1402 1202/1324/1355 
f 1246/1368/1404 1247/1369/1405 1248/1370/1406 
f 1249/1371/1407 1250/1372/1408 1251/1373/1409 
f 1251/1373/1409 1246/1368/1404 1248/1370/1406 
f 1239/1359/1395 1247/1369/1405 1252/1374/1410 
f 1253/1375/1411 1173/1346/1382 1179/1301/1332 
f 1252/1376/1412 1254/1377/1413 1240/1378/1414 
f 1239/1359/1395 1252/1374/1410 1240/1360/1396 
f 1174/1296/1327 1253/1379/1415 1239/1359/1395 
f 1255/1380/1416 1198/1381/1417 1256/1382/1418 
f 1257/1383/1419 1258/1384/1420 1243/1385/1421 
f 1195/1317/1348 1241/1361/1397 1259/1386/1422 
f 1259/1386/1422 1205/1327/1358 1207/1329/1360 
f 1259/1386/1422 1207/1329/1360 1260/1387/1423 
f 1261/1388/1424 1262/1389/1425 1241/1390/1426 
f 1263/1391/1427 1264/1392/1428 1265/1393/1429 
f 1263/1391/1427 1265/1393/1429 1266/1394/1430 
f 1258/1384/1420 1257/1383/1419 1267/1395/1431 
f 1258/1384/1420 1267/1395/1431 1268/1396/1432 
f 1269/1397/1433 1270/1398/1434 1271/1399/1435 
f 1255/1380/1416 1272/1400/1436 1198/1381/1417 
f 1273/1401/1437 1270/1398/1434 1274/1402/1438 
f 1275/1403/1439 1268/1404/1440 1276/1405/1441 
f 1194/1406/1442 1272/1400/1436 1269/1397/1433 
f 1172/1294/1325 1264/1392/1428 1263/1391/1427 
f 1277/1407/1443 1243/1365/1401 1258/1408/1444 
f 1165/1287/1318 1176/1298/1329 1262/1389/1425 
f 1206/1409/1445 1278/1410/1446 1279/1411/1447 
f 1242/1363/1399 1280/1412/1448 1206/1409/1445 
f 1189/1311/1342 1187/1309/1340 1243/1385/1421 
f 1242/1363/1399 1277/1407/1443 1280/1412/1448 
f 1170/1292/1323 1204/1326/1357 1281/1413/1449 
f 1281/1413/1449 1204/1326/1357 1262/1389/1425 
f 1203/1325/1356 1262/1389/1425 1204/1326/1357 
f 1205/1327/1358 1242/1362/1398 1206/1328/1359 
f 1279/1411/1447 1278/1410/1446 1282/1414/1450 
f 1257/1383/1419 1243/1385/1421 1187/1309/1340 
f 1178/1300/1331 1192/1314/1345 1179/1301/1332 
f 1283/1415/1451 1260/1387/1423 1207/1329/1360 
f 1166/1288/1319 1273/1401/1437 1284/1416/1452 
f 1203/1325/1356 1188/1310/1341 1189/1311/1342 
f 1203/1325/1356 1241/1390/1426 1262/1389/1425 
f 1279/1417/1453 1207/1329/1360 1206/1328/1359 
f 1170/1292/1323 1188/1310/1341 1204/1326/1357 
f 1266/1394/1430 1187/1309/1340 1263/1391/1427 
f 1195/1418/1454 1194/1406/1442 1269/1397/1433 
f 1187/1309/1340 1172/1294/1325 1263/1391/1427 
f 1193/1315/1346 1259/1386/1422 1260/1387/1423 
f 1261/1388/1424 1271/1399/1435 1165/1287/1318 
f 1264/1392/1428 1175/1419/1455 1265/1393/1429 
f 1285/1420/1456 1147/1264/1295 1144/1261/1292 
f 1143/1260/1291 1286/1421/1457 1285/1420/1456 
f 1195/1418/1454 1269/1397/1433 1261/1388/1424 
f 1194/1406/1442 1198/1381/1417 1272/1400/1436 
f 1261/1388/1424 1269/1397/1433 1271/1399/1435 
f 1287/1422/1458 1276/1405/1441 1256/1423/1459 
f 1261/1388/1424 1241/1390/1426 1195/1418/1454 
f 1279/1417/1453 1283/1415/1451 1207/1329/1360 
f 1165/1287/1318 1262/1389/1425 1261/1388/1424 
f 1205/1327/1358 1259/1386/1422 1241/1361/1397 
f 1288/1424/1460 1289/1425/1461 1267/1395/1431 
f 1269/1397/1433 1272/1400/1436 1270/1398/1434 
f 1256/1426/1462 1276/1427/1463 1289/1425/1461 
f 1256/1426/1462 1289/1425/1461 1255/1428/1464 
f 1255/1428/1464 1289/1425/1461 1288/1424/1460 
f 1255/1428/1464 1288/1424/1460 1290/1429/1465 
f 1268/1396/1432 1267/1395/1431 1289/1425/1461 
f 1268/1396/1432 1289/1425/1461 1276/1427/1463 
f 1291/1430/1466 1292/1431/1467 1293/1432/1468 
f 1237/1357/1393 1214/1338/1369 1291/1430/1466 
f 1294/1433/1469 1295/1434/1470 1296/1435/1471 
f 1297/1436/1472 1296/1435/1471 1295/1434/1470 
f 1148/1265/1296 1298/1437/1473 1299/1438/1474 
f 1285/1420/1456 1298/1437/1473 1147/1264/1295 
f 1145/1262/1293 1286/1421/1457 1143/1260/1291 
f 1156/1280/1311 1148/1265/1296 1299/1438/1474 
f 1300/1439/1475 1296/1435/1471 1297/1436/1472 
f 1301/1440/1476 1161/1283/1314 1302/1441/1477 
f 1303/1442/1478 1297/1436/1472 1167/1289/1320 
f 1303/1442/1478 1169/1291/1322 1304/1443/1479 
f 1300/1439/1475 1305/1444/1480 1296/1435/1471 
f 1305/1444/1480 1300/1439/1475 1163/1445/1481 
f 1306/1446/1482 1296/1435/1471 1305/1444/1480 
f 1305/1444/1480 1163/1445/1481 1162/1447/1483 
f 1172/1294/1325 1307/1448/1484 1264/1392/1428 
f 1307/1448/1484 1308/1449/1485 1264/1392/1428 
f 1309/1450/1486 1225/1451/1487 1308/1449/1485 
f 1310/1452/1488 1233/1353/1389 1311/1453/1489 
f 1312/1454/1490 1313/1455/1491 1314/1456/1492 
f 1315/1457/1493 1210/1334/1365 1209/1333/1364 
f 1200/1322/1353 1158/1279/1310 1201/1323/1354 
f 1201/1323/1354 1158/1279/1310 1160/1282/1313 
f 1308/1449/1485 1316/1458/1494 1264/1392/1428 
f 1317/1459/1495 1282/1414/1450 1157/1278/1309 
f 1197/1319/1350 1210/1334/1365 1318/1460/1496 
f 1167/1289/1320 1231/1351/1387 1164/1286/1317 
f 1164/1286/1317 1168/1290/1321 1167/1289/1320 
f 1229/1349/1385 1216/1340/1371 1230/1350/1386 
f 1229/1349/1385 1228/1348/1384 1319/1461/1497 
f 1175/1419/1455 1174/1462/1498 1265/1393/1429 
f 1312/1454/1490 1260/1387/1423 1313/1455/1491 
f 1320/1463/1499 1321/1464/1500 1322/1465/1501 
f 1264/1392/1428 1316/1458/1494 1175/1419/1455 
f 1201/1323/1354 1160/1282/1313 1323/1466/1502 
f 1323/1466/1502 1160/1282/1313 1159/1281/1312 
f 1324/1467/1503 1282/1414/1450 1278/1410/1446 
f 1145/1262/1293 1200/1322/1353 1286/1421/1457 
f 1317/1459/1495 1157/1278/1309 1156/1277/1308 
f 1323/1466/1502 1159/1281/1312 1325/1468/1504 
f 1282/1414/1450 1325/1468/1504 1159/1281/1312 
f 1279/1411/1447 1282/1414/1450 1317/1459/1495 
f 1199/1321/1352 1209/1333/1364 1200/1322/1353 
f 1282/1414/1450 1159/1281/1312 1157/1278/1309 
f 1317/1469/1505 1283/1415/1451 1279/1417/1453 
f 1299/1438/1474 1298/1437/1473 1313/1455/1491 
f 1281/1413/1449 1232/1352/1388 1230/1350/1386 
f 1281/1413/1449 1262/1389/1425 1176/1298/1329 
f 1316/1458/1494 1308/1449/1485 1225/1451/1487 
f 1175/1419/1455 1316/1458/1494 1224/1470/1506 
f 1224/1343/1379 1173/1346/1382 1175/1471/1507 
f 1196/1318/1349 1211/1335/1366 1208/1332/1363 
f 1171/1293/1324 1307/1448/1484 1172/1294/1325 
f 1226/1345/1381 1326/1472/1508 1190/1312/1343 
f 1326/1341/1509 1327/1341/1510 1328/1341/1511 
f 1227/1341/1512 1192/1341/1513 1329/1341/1514 
f 1190/1341/1515 1326/1341/1509 1328/1341/1511 
f 1329/1341/1514 1192/1341/1513 1190/1341/1515 
f 1329/1341/1514 1190/1341/1515 1328/1341/1511 
f 1330/1341/1516 1329/1341/1514 1328/1341/1511 
f 1331/1341/1517 1330/1341/1516 1328/1341/1511 
f 1170/1292/1323 1281/1413/1449 1230/1350/1386 
f 1224/1470/1506 1316/1458/1494 1225/1451/1487 
f 1309/1450/1486 1320/1473/1518 1225/1451/1487 
f 1297/1436/1472 1295/1434/1470 1231/1351/1387 
f 1167/1289/1320 1297/1436/1472 1231/1351/1387 
f 1231/1351/1387 1176/1298/1329 1164/1286/1317 
f 1281/1413/1449 1176/1298/1329 1232/1352/1388 
f 1170/1292/1323 1230/1350/1386 1216/1340/1371 
f 1231/1351/1387 1232/1352/1388 1176/1298/1329 
f 1285/1420/1456 1212/1336/1367 1314/1456/1492 
f 1299/1438/1474 1313/1455/1491 1283/1415/1451 
f 1314/1456/1492 1313/1455/1491 1298/1437/1473 
f 1245/1367/1403 1202/1324/1355 1324/1467/1503 
f 1280/1412/1448 1245/1367/1403 1324/1467/1503 
f 1252/1376/1412 1332/1474/1519 1254/1377/1413 
f 1290/1475/1520 1270/1398/1434 1272/1400/1436 
f 1266/1394/1430 1254/1377/1413 1333/1476/1521 
f 1173/1295/1326 1253/1379/1415 1174/1296/1327 
f 1265/1393/1429 1240/1378/1414 1254/1377/1413 
f 1266/1394/1430 1265/1393/1429 1254/1377/1413 
f 1332/1474/1519 1334/1477/1522 1254/1377/1413 
f 1247/1369/1405 1246/1368/1404 1332/1478/1523 
f 1200/1322/1353 1145/1262/1293 1158/1279/1310 
f 1333/1476/1521 1257/1383/1419 1266/1394/1430 
f 1266/1394/1430 1257/1383/1419 1187/1309/1340 
f 1165/1287/1318 1273/1401/1437 1166/1288/1319 
f 1193/1315/1346 1260/1387/1423 1312/1454/1490 
f 1333/1476/1521 1267/1395/1431 1257/1383/1419 
f 1287/1422/1458 1318/1460/1496 1210/1334/1365 
f 1166/1288/1319 1284/1416/1452 1168/1290/1321 
f 1165/1287/1318 1271/1399/1435 1273/1401/1437 
f 1287/1422/1458 1256/1423/1459 1318/1460/1496 
f 1335/1479/1524 1258/1408/1444 1268/1404/1440 
f 1335/1479/1524 1268/1404/1440 1275/1403/1439 
f 1256/1423/1459 1198/1320/1351 1197/1319/1350 
f 1288/1424/1460 1267/1395/1431 1333/1476/1521 
f 1273/1401/1437 1271/1399/1435 1270/1398/1434 
f 1277/1407/1443 1245/1367/1403 1280/1412/1448 
f 1211/1335/1366 1314/1456/1492 1212/1336/1367 
f 1195/1317/1348 1259/1386/1422 1193/1315/1346 
f 1256/1423/1459 1197/1319/1350 1318/1460/1496 
f 1275/1403/1439 1276/1405/1441 1287/1422/1458 
f 1284/1416/1452 1273/1401/1437 1274/1402/1438 
f 1174/1462/1498 1240/1378/1414 1265/1393/1429 
f 1277/1407/1443 1335/1479/1524 1245/1367/1403 
f 1202/1324/1355 1201/1323/1354 1323/1466/1502 
f 1324/1467/1503 1202/1324/1355 1323/1466/1502 
f 1275/1403/1439 1315/1457/1493 1244/1366/1402 
f 1275/1403/1439 1244/1366/1402 1245/1367/1403 
f 1324/1467/1503 1323/1466/1502 1325/1468/1504 
f 1324/1467/1503 1325/1468/1504 1282/1414/1450 
f 1287/1422/1458 1210/1334/1365 1315/1457/1493 
f 1275/1403/1439 1287/1422/1458 1315/1457/1493 
f 1275/1403/1439 1245/1367/1403 1335/1479/1524 
f 1193/1315/1346 1312/1454/1490 1211/1335/1366 
f 1242/1363/1399 1243/1365/1401 1277/1407/1443 
f 1206/1409/1445 1280/1412/1448 1278/1410/1446 
f 1315/1457/1493 1209/1333/1364 1199/1321/1352 
f 1244/1366/1402 1315/1457/1493 1199/1321/1352 
f 1286/1421/1457 1209/1333/1364 1212/1336/1367 
f 1317/1469/1505 1299/1438/1474 1283/1415/1451 
f 1143/1260/1291 1285/1420/1456 1144/1261/1292 
f 1211/1335/1366 1312/1454/1490 1314/1456/1492 
f 1280/1412/1448 1324/1467/1503 1278/1410/1446 
f 1286/1421/1457 1200/1322/1353 1209/1333/1364 
f 1314/1456/1492 1298/1437/1473 1285/1420/1456 
f 1285/1420/1456 1286/1421/1457 1212/1336/1367 
f 1336/1480/1525 1337/1481/1526 1338/1482/1527 
f 1339/1483/1528 1340/1484/1529 1341/1485/1530 
f 1342/1486/1531 1343/1487/1532 1344/1488/1533 
f 1345/1489/1534 1346/1490/1535 1347/1491/1536 
f 1348/1492/1537 1349/1493/1538 1350/1494/1539 
f 1350/1494/1539 1349/1493/1538 1347/1491/1536 
f 1351/1495/1540 1345/1489/1534 1342/1486/1531 
f 1352/1496/1541 1353/1497/1542 1346/1490/1535 
f 1354/1498/1543 1355/1499/1544 1356/1500/1545 
f 1357/1501/1546 1358/1502/1547 1359/1503/1548 
f 1360/1504/1549 1361/1505/1550 1362/1506/1551 
f 1358/1502/1547 1355/1499/1544 1361/1507/1552 
f 1012/1113/1144 1363/1508/1553 1364/1509/1554 
f 1365/1510/1555 1366/1511/1556 1006/1107/1138 
f 1346/1490/1535 1353/1497/1542 1367/1512/1557 
f 1003/1104/1135 1368/1513/1558 1348/1492/1537 
f 1369/1514/1559 1348/1492/1537 1368/1513/1558 
f 1013/1114/1145 1368/1513/1558 1003/1104/1135 
f 1013/1114/1145 1364/1509/1554 1368/1513/1558 
f 1366/1511/1556 999/1099/1130 1006/1107/1138 
f 1012/1113/1144 1364/1509/1554 1013/1114/1145 
f 1363/1515/1560 1012/1150/1181 999/1099/1130 
f 1003/1104/1135 1348/1492/1537 922/1020/1051 
f 923/1021/1052 922/1020/1051 1348/1492/1537 
f 1353/1497/1542 1016/1117/1148 1015/1116/1147 
f 1168/1290/1321 1180/1302/1333 1169/1291/1322 
f 1370/1516/1561 1371/1517/1562 1372/1518/1563 
f 1355/1499/1544 1373/1519/1564 1362/1520/1565 
f 1374/1521/1566 1375/1522/1567 1376/1523/1568 
f 1377/1524/1569 1378/1525/1570 1379/1526/1571 
f 1370/1516/1561 1380/1527/1572 1371/1517/1562 
f 1379/1528/1573 1381/1529/1574 1382/1530/1575 
f 1237/1357/1393 1377/1524/1569 1379/1526/1571 
f 1383/1531/1576 1384/1532/1577 1385/1533/1578 
f 1383/1531/1576 1386/1534/1579 1387/1535/1580 
f 1388/1536/1581 1389/1537/1582 1390/1538/1583 
f 1389/1537/1582 1388/1536/1581 1391/1539/1584 
f 1392/1540/1585 1393/1541/1586 1394/1542/1587 
f 1379/1528/1573 1378/1543/1588 1381/1529/1574 
f 1395/1544/1589 1396/1545/1590 1397/1546/1591 
f 1398/1547/1592 1399/1548/1593 1394/1542/1587 
f 1373/1519/1564 1398/1547/1592 1362/1520/1565 
f 1238/1549/1594 1379/1528/1573 1382/1530/1575 
f 1378/1543/1588 1372/1518/1563 1381/1529/1574 
f 1238/1549/1594 1382/1530/1575 1400/1550/1595 
f 1401/1551/1596 1402/1552/1597 1403/1553/1598 
f 1213/1554/1599 1215/1555/1600 1221/1556/1601 
f 1213/1554/1599 1221/1556/1601 1220/1557/1602 
f 1213/1337/1368 1292/1431/1467 1214/1338/1369 
f 1300/1439/1475 1404/1558/1603 1163/1445/1481 
f 1405/1559/1604 1406/1560/1605 1407/1561/1606 
f 1402/1552/1597 1351/1495/1540 1408/1562/1607 
f 1375/1522/1567 1409/1563/1608 1347/1491/1536 
f 1410/1564/1609 1411/1565/1610 1412/1566/1611 
f 1342/1486/1531 1413/1567/1612 1343/1487/1532 
f 1414/1568/1613 1415/1569/1614 1416/1570/1615 
f 1414/1568/1613 1416/1570/1615 1417/1571/1616 
f 1407/1561/1606 1406/1560/1605 1418/1572/1617 
f 1407/1561/1606 1418/1572/1617 1419/1573/1618 
f 1355/1499/1544 1362/1520/1565 1361/1507/1552 
f 1420/1574/1619 1421/1575/1620 1422/1576/1621 
f 1405/1559/1604 1423/1577/1622 1406/1560/1605 
f 1424/1578/1623 1425/1579/1624 1426/1580/1625 
f 1424/1578/1623 1427/1581/1626 1425/1579/1624 
f 1428/1582/1627 1405/1583/1628 1429/1584/1629 
f 1374/1521/1566 1430/1585/1630 1431/1586/1631 
f 1432/1587/1632 1433/1588/1633 1434/1589/1634 
f 1435/1590/1635 1406/1560/1605 1427/1581/1626 
f 1436/1591/1636 1437/1592/1637 1424/1578/1623 
f 1438/1593/1638 1439/1594/1639 1440/1595/1640 
f 1410/1564/1609 1412/1566/1611 1441/1596/1641 
f 1432/1587/1632 1442/1597/1642 1433/1588/1633 
f 1432/1598/1643 1415/1569/1614 1414/1568/1613 
f 1419/1573/1618 1418/1572/1617 1443/1599/1644 
f 1419/1573/1618 1443/1599/1644 1433/1600/1645 
f 1407/1601/1646 1444/1602/1647 1445/1603/1648 
f 1446/1604/1649 1443/1599/1644 1418/1572/1617 
f 1419/1605/1650 1442/1597/1642 1444/1602/1647 
f 1407/1601/1646 1419/1605/1650 1444/1602/1647 
f 1440/1595/1640 1446/1604/1649 1435/1590/1635 
f 1440/1595/1640 1435/1590/1635 1437/1592/1637 
f 1447/1606/1651 1448/1607/1652 1449/1608/1653 
f 1423/1577/1622 1405/1559/1604 1428/1609/1654 
f 1410/1564/1609 1450/1610/1655 1451/1611/1656 
f 1452/1612/1657 1453/1613/1658 1454/1614/1659 
f 1446/1604/1649 1440/1595/1640 1439/1594/1639 
f 1446/1604/1649 1439/1594/1639 1416/1570/1615 
f 1416/1570/1615 1415/1569/1614 1443/1599/1644 
f 1416/1570/1615 1443/1599/1644 1446/1604/1649 
f 1396/1545/1590 1412/1566/1611 1356/1500/1545 
f 1455/1615/1660 1456/1616/1661 1457/1617/1662 
f 1458/1618/1663 1389/1537/1582 1459/1619/1664 
f 1377/1524/1569 1460/1620/1665 1378/1525/1570 
f 1461/1621/1666 1462/1622/1667 1463/1623/1668 
f 1464/1624/1669 1462/1622/1667 1461/1621/1666 
f 1431/1586/1631 1409/1563/1608 1375/1522/1567 
f 1340/1625/1670 1343/1626/1671 1430/1627/1672 
f 1465/1628/1673 1466/1629/1674 1387/1535/1580 
f 1465/1628/1673 1387/1535/1580 1455/1630/1675 
f 1467/1631/1676 1468/1632/1677 1469/1633/1678 
f 1467/1631/1676 1469/1633/1678 1470/1634/1679 
f 1423/1577/1622 1428/1609/1654 1471/1635/1680 
f 1351/1495/1540 1342/1486/1531 1344/1488/1533 
f 1466/1629/1674 1463/1623/1668 1462/1622/1667 
f 1472/1636/1681 1473/1637/1682 1474/1638/1683 
f 1472/1636/1681 1426/1580/1625 1473/1637/1682 
f 1461/1621/1666 1463/1623/1668 1475/1639/1684 
f 1456/1616/1661 1476/1640/1685 1457/1617/1662 
f 1477/1641/1686 1471/1635/1680 1428/1609/1654 
f 1478/1642/1687 1384/1532/1577 1464/1624/1669 
f 1478/1642/1687 1464/1624/1669 1459/1619/1664 
f 1456/1616/1661 1477/1643/1688 1476/1640/1685 
f 1358/1502/1547 1361/1507/1552 1403/1644/1689 
f 1475/1639/1684 1458/1618/1663 1461/1621/1666 
f 1377/1524/1569 1237/1357/1393 1479/1645/1690 
f 1480/1646/1691 1481/1647/1692 1385/1533/1578 
f 1460/1620/1665 1377/1524/1569 1390/1538/1583 
f 1482/1648/1693 1483/1649/1694 1395/1650/1695 
f 1456/1651/1696 1386/1534/1579 1481/1647/1692 
f 1385/1533/1578 1481/1647/1692 1386/1534/1579 
f 1477/1643/1688 1428/1582/1627 1484/1652/1697 
f 1465/1653/1698 1485/1654/1699 1486/1655/1700 
f 1477/1641/1686 1481/1647/1692 1471/1635/1680 
f 1477/1643/1688 1484/1652/1697 1476/1640/1685 
f 1480/1646/1691 1471/1635/1680 1481/1647/1692 
f 1380/1527/1572 1487/1656/1701 1488/1657/1702 
f 1428/1582/1627 1429/1584/1629 1484/1652/1697 
f 1427/1581/1626 1406/1560/1605 1423/1577/1622 
f 1489/1341/1703 1490/1341/1704 1491/1341/1705 
f 1491/1341/1705 1490/1341/1704 1492/1341/1706 
f 1493/1341/1707 1484/1341/1708 1494/1341/1709 
f 1495/1341/1710 1496/1341/1711 1497/1341/1712 
f 1490/1341/1704 1498/1341/1713 1492/1341/1706 
f 1499/1341/1714 1500/1341/1715 1495/1341/1710 
f 1491/1341/1705 1494/1341/1709 1501/1341/1716 
f 1492/1341/1706 1494/1341/1709 1491/1341/1705 
f 1492/1341/1706 1493/1341/1707 1494/1341/1709 
f 1498/1341/1713 1493/1341/1707 1492/1341/1706 
f 1493/1341/1707 1476/1341/1717 1484/1341/1708 
f 1502/1341/1718 1457/1341/1719 1476/1341/1717 
f 1488/1341/1720 1499/1341/1714 1503/1341/1721 
f 1488/1341/1720 1485/1341/1722 1499/1341/1714 
f 1504/1341/1723 1457/1341/1719 1502/1341/1718 
f 1502/1341/1718 1476/1341/1717 1493/1341/1707 
f 1498/1341/1713 1502/1341/1718 1493/1341/1707 
f 1500/1341/1715 1502/1341/1718 1498/1341/1713 
f 1504/1341/1723 1502/1341/1718 1500/1341/1715 
f 1485/1341/1722 1505/1341/1724 1499/1341/1714 
f 1505/1341/1724 1500/1341/1715 1499/1341/1714 
f 1505/1341/1724 1504/1341/1723 1500/1341/1715 
f 1383/1531/1576 1464/1624/1669 1384/1532/1577 
f 1385/1533/1578 1473/1637/1682 1480/1646/1691 
f 1385/1533/1578 1384/1532/1577 1473/1637/1682 
f 1453/1613/1658 1506/1658/1725 1454/1614/1659 
f 1453/1613/1658 1507/1659/1726 1506/1658/1725 
f 1401/1551/1596 1508/1660/1727 1402/1552/1597 
f 1509/1661/1728 1510/1662/1729 1511/1663/1730 
f 1342/1486/1531 1409/1563/1608 1413/1567/1612 
f 1351/1495/1540 1402/1552/1597 1508/1660/1727 
f 1509/1661/1728 1511/1663/1730 1360/1664/1731 
f 1512/1665/1732 1513/1666/1733 1514/1667/1734 
f 1452/1612/1657 1394/1542/1587 1515/1668/1735 
f 1338/1482/1527 1337/1481/1526 1392/1540/1585 
f 1516/1669/1736 1517/1670/1737 1518/1671/1738 
f 1373/1519/1564 1399/1548/1593 1398/1547/1592 
f 1519/1672/1739 1453/1613/1658 1452/1612/1657 
f 1518/1671/1738 1517/1670/1737 1520/1673/1740 
f 1519/1672/1739 1452/1612/1657 1515/1668/1735 
f 1516/1669/1736 1519/1672/1739 1517/1670/1737 
f 1521/1674/1741 1522/1675/1742 1523/1676/1743 
f 1522/1675/1742 1524/1677/1744 1523/1676/1743 
f 1525/1678/1745 1526/1679/1746 1527/1680/1747 
f 1525/1678/1745 1528/1681/1748 1529/1682/1749 
f 1507/1659/1726 1530/1683/1750 1506/1658/1725 
f 1530/1683/1750 1531/1684/1751 1532/1685/1752 
f 1516/1669/1736 1533/1686/1753 1507/1659/1726 
f 1507/1659/1726 1533/1686/1753 1530/1683/1750 
f 1521/1687/1754 1336/1480/1525 1534/1688/1755 
f 1535/1689/1756 1522/1690/1757 1521/1687/1754 
f 1536/1691/1758 1537/1692/1759 1527/1680/1747 
f 1521/1687/1754 1341/1693/1760 1336/1480/1525 
f 1482/1648/1693 1395/1650/1695 1538/1694/1761 
f 1450/1695/1762 1483/1696/1763 1482/1697/1764 
f 1536/1691/1758 1527/1680/1747 1539/1698/1765 
f 1538/1694/1761 1536/1691/1758 1539/1698/1765 
f 1537/1699/1766 1397/1546/1591 1540/1700/1767 
f 1452/1612/1657 1392/1540/1585 1394/1542/1587 
f 1454/1614/1659 1336/1480/1525 1338/1482/1527 
f 1343/1487/1532 1413/1567/1612 1431/1586/1631 
f 1540/1700/1767 1397/1546/1591 1396/1545/1590 
f 1341/1693/1760 1340/1625/1670 1541/1701/1768 
f 1398/1547/1592 1394/1542/1587 1393/1541/1586 
f 1542/1702/1769 1512/1665/1732 1543/1703/1770 
f 1412/1566/1611 1411/1565/1610 1354/1498/1543 
f 1447/1606/1651 1544/1704/1771 1399/1548/1593 
f 1542/1705/1772 1337/1481/1526 1545/1706/1773 
f 1544/1704/1771 1394/1542/1587 1399/1548/1593 
f 1341/1693/1760 1541/1701/1768 1336/1480/1525 
f 1336/1480/1525 1541/1701/1768 1337/1481/1526 
f 1346/1490/1535 1367/1512/1557 1347/1491/1536 
f 1352/1496/1541 1365/1510/1555 1353/1497/1542 
f 1395/1650/1695 1536/1691/1758 1538/1694/1761 
f 1546/1707/1774 1526/1679/1746 1547/1708/1775 
f 1540/1700/1767 1339/1483/1528 1523/1676/1743 
f 1374/1521/1566 1431/1586/1631 1375/1522/1567 
f 1343/1709/1776 1340/1484/1529 1548/1710/1777 
f 1395/1650/1695 1397/1711/1778 1536/1691/1758 
f 1540/1700/1767 1357/1501/1546 1339/1483/1528 
f 1431/1586/1631 1413/1567/1612 1409/1563/1608 
f 1482/1697/1764 1549/1712/1779 1550/1713/1780 
f 1524/1677/1744 1537/1699/1766 1540/1700/1767 
f 1359/1503/1548 1358/1502/1547 1403/1644/1689 
f 1363/1515/1560 999/1099/1130 1551/1714/1781 
f 1549/1712/1779 1482/1697/1764 1538/1715/1782 
f 1552/1716/1783 1549/1712/1779 1539/1717/1784 
f 1512/1665/1732 1376/1523/1568 1513/1666/1733 
f 1509/1661/1728 1360/1664/1731 1362/1718/1785 
f 1553/1719/1786 1554/1720/1787 1555/1721/1788 
f 1556/1722/1789 1553/1723/1790 1557/1724/1791 
f 1558/1725/1792 1554/1720/1787 1531/1684/1751 
f 1553/1719/1786 1556/1726/1793 1554/1720/1787 
f 1553/1727/1794 1559/1728/1795 1560/1729/1796 
f 1553/1727/1794 1555/1730/1797 1559/1728/1795 
f 1533/1686/1753 1181/1731/1798 1530/1683/1750 
f 1516/1669/1736 1561/1732/1799 1533/1686/1753 
f 1562/1733/1800 1534/1688/1755 1532/1685/1752 
f 1561/1732/1799 1516/1669/1736 1518/1671/1738 
f 1554/1720/1787 1562/1733/1800 1532/1685/1752 
f 1531/1684/1751 1530/1683/1750 1181/1731/1798 
f 1531/1684/1751 1554/1720/1787 1532/1685/1752 
f 1563/1734/1801 1557/1724/1791 1564/1735/1802 
f 1530/1683/1750 1532/1685/1752 1506/1658/1725 
f 1506/1658/1725 1532/1685/1752 1534/1688/1755 
f 1565/1736/1803 1186/1737/1804 1334/1477/1522 
f 1565/1738/1805 1184/1306/1337 1186/1308/1339 
f 1559/1728/1795 1184/1306/1337 1560/1729/1796 
f 1559/1728/1795 1182/1304/1335 1185/1307/1338 
f 1334/1477/1522 1186/1737/1804 1290/1429/1465 
f 1186/1308/1339 1274/1402/1438 1270/1398/1434 
f 1290/1475/1520 1272/1400/1436 1255/1380/1416 
f 1559/1728/1795 1185/1307/1338 1184/1306/1337 
f 1412/1566/1611 1396/1545/1590 1483/1739/1806 
f 1412/1566/1611 1483/1739/1806 1441/1596/1641 
f 1340/1625/1670 1430/1627/1672 1541/1701/1768 
f 1374/1521/1566 1545/1740/1807 1430/1585/1630 
f 1339/1483/1528 1548/1710/1777 1340/1484/1529 
f 1483/1739/1806 1450/1610/1655 1441/1596/1641 
f 1512/1665/1732 1545/1740/1807 1374/1521/1566 
f 1360/1504/1549 1401/1551/1596 1361/1505/1550 
f 1412/1566/1611 1354/1498/1543 1356/1500/1545 
f 1369/1514/1559 1566/1741/1808 1513/1666/1733 
f 1452/1612/1657 1454/1614/1659 1338/1482/1527 
f 1545/1706/1773 1337/1481/1526 1541/1701/1768 
f 1396/1545/1590 1395/1544/1589 1483/1739/1806 
f 1376/1523/1568 1375/1522/1567 1349/1493/1538 
f 1359/1503/1548 1403/1644/1689 1408/1742/1809 
f 1369/1514/1559 1368/1513/1558 1566/1741/1808 
f 1357/1501/1546 1567/1743/1810 1358/1502/1547 
f 1396/1545/1590 1356/1500/1545 1567/1743/1810 
f 1540/1700/1767 1567/1743/1810 1357/1501/1546 
f 1363/1508/1553 1568/1744/1811 1364/1509/1554 
f 1569/1745/1812 1510/1662/1729 1568/1744/1811 
f 1511/1746/1813 1569/1747/1814 1570/1748/1815 
f 1571/1749/1816 1572/1750/1817 1508/1660/1727 
f 1363/1508/1553 1569/1745/1812 1568/1744/1811 
f 1568/1744/1811 1510/1662/1729 1514/1667/1734 
f 1366/1511/1556 1551/1714/1781 999/1099/1130 
f 1402/1552/1597 1408/1562/1607 1403/1553/1598 
f 1364/1509/1554 1568/1744/1811 1566/1741/1808 
f 1351/1495/1540 1508/1660/1727 1573/1751/1818 
f 1401/1551/1596 1571/1749/1816 1508/1660/1727 
f 1572/1750/1817 1551/1714/1781 1366/1511/1556 
f 1569/1747/1814 1363/1515/1560 1551/1714/1781 
f 1567/1743/1810 1355/1499/1544 1358/1502/1547 
f 1351/1495/1540 1573/1751/1818 1345/1489/1534 
f 1569/1747/1814 1551/1714/1781 1570/1748/1815 
f 1572/1750/1817 1366/1511/1556 1365/1510/1555 
f 1568/1744/1811 1514/1667/1734 1566/1741/1808 
f 1567/1743/1810 1356/1500/1545 1355/1499/1544 
f 1572/1750/1817 1365/1510/1555 1352/1496/1541 
f 1572/1750/1817 1570/1748/1815 1551/1714/1781 
f 1574/1752/1819 1549/1712/1779 1552/1716/1783 
f 1562/1733/1800 1521/1687/1754 1534/1688/1755 
f 1575/1753/1820 1450/1695/1762 1550/1713/1780 
f 1523/1676/1743 1339/1483/1528 1341/1485/1530 
f 1554/1720/1787 1535/1689/1756 1562/1733/1800 
f 1576/1754/1821 1577/1755/1822 1578/1756/1823 
f 1578/1756/1823 1577/1755/1822 1563/1734/1801 
f 1579/1757/1824 1578/1756/1823 1580/1758/1825 
f 1421/1575/1620 1581/1759/1826 1574/1752/1819 
f 1421/1575/1620 1582/1760/1827 1581/1759/1826 
f 1583/1761/1828 1584/1762/1829 1585/1763/1830 
f 1550/1713/1780 1581/1759/1826 1582/1760/1827 
f 1575/1753/1820 1550/1713/1780 1582/1760/1827 
f 1167/1289/1320 1169/1291/1322 1303/1442/1478 
f 1303/1442/1478 1300/1439/1475 1297/1436/1472 
f 1535/1689/1756 1521/1687/1754 1562/1733/1800 
f 1526/1679/1746 1539/1698/1765 1527/1680/1747 
f 1579/1757/1824 1576/1754/1821 1578/1756/1823 
f 1535/1764/1831 1577/1755/1822 1576/1754/1821 
f 1529/1682/1749 1580/1758/1825 1547/1708/1775 
f 1563/1734/1801 1564/1735/1802 1586/1765/1832 
f 1527/1680/1747 1524/1766/1833 1525/1678/1745 
f 1526/1679/1746 1529/1682/1749 1547/1708/1775 
f 1574/1752/1819 1581/1759/1826 1549/1712/1779 
f 1549/1712/1779 1581/1759/1826 1550/1713/1780 
f 1577/1755/1822 1557/1724/1791 1563/1734/1801 
f 1560/1767/1834 1564/1735/1802 1557/1724/1791 
f 1529/1682/1749 1528/1681/1748 1579/1757/1824 
f 1586/1765/1832 1564/1735/1802 1587/1768/1835 
f 1586/1765/1832 1588/1769/1836 1563/1734/1801 
f 1578/1756/1823 1563/1734/1801 1588/1769/1836 
f 1375/1522/1567 1347/1491/1536 1349/1493/1538 
f 1519/1672/1739 1516/1669/1736 1507/1659/1726 
f 1509/1661/1728 1362/1718/1785 1398/1770/1837 
f 1509/1661/1728 1398/1770/1837 1393/1771/1838 
f 1519/1672/1739 1507/1659/1726 1453/1613/1658 
f 1575/1753/1820 1451/1772/1839 1450/1695/1762 
f 1509/1661/1728 1393/1771/1838 1543/1703/1770 
f 1392/1540/1585 1542/1705/1772 1393/1541/1586 
f 1360/1504/1549 1571/1749/1816 1401/1551/1596 
f 1342/1486/1531 1345/1489/1534 1409/1563/1608 
f 1512/1665/1732 1514/1667/1734 1543/1703/1770 
f 1543/1703/1770 1514/1667/1734 1510/1662/1729 
f 1566/1741/1808 1514/1667/1734 1513/1666/1733 
f 1360/1504/1549 1511/1746/1813 1571/1749/1816 
f 1543/1703/1770 1510/1662/1729 1509/1661/1728 
f 1512/1665/1732 1374/1521/1566 1376/1523/1568 
f 1540/1700/1767 1396/1545/1590 1567/1743/1810 
f 1376/1523/1568 1369/1514/1559 1513/1666/1733 
f 1345/1489/1534 1347/1491/1536 1409/1563/1608 
f 1348/1492/1537 1369/1514/1559 1349/1493/1538 
f 1350/1494/1539 1347/1491/1536 1367/1512/1557 
f 1367/1512/1557 1015/1116/1147 1011/1112/1143 
f 1353/1497/1542 1365/1510/1555 1016/1117/1148 
f 1011/1112/1143 923/1021/1052 1350/1494/1539 
f 923/1021/1052 1348/1492/1537 1350/1494/1539 
f 1367/1512/1557 1353/1497/1542 1015/1116/1147 
f 1011/1112/1143 1350/1494/1539 1367/1512/1557 
f 1365/1510/1555 1006/1107/1138 1016/1117/1148 
f 1246/1368/1404 1565/1773/1840 1332/1478/1523 
f 1565/1773/1840 1250/1372/1408 1587/1768/1835 
f 1565/1773/1840 1587/1768/1835 1184/1774/1841 
f 1586/1765/1832 1589/1775/1842 1588/1769/1836 
f 1560/1767/1834 1557/1724/1791 1553/1723/1790 
f 1561/1732/1799 1404/1776/1843 1304/1777/1844 
f 1565/1736/1803 1334/1477/1522 1332/1474/1519 
f 1183/1305/1336 1182/1304/1335 1559/1728/1795 
f 1239/1359/1395 1253/1379/1415 1590/1778/1845 
f 1227/1347/1383 1591/1779/1846 1590/1780/1847 
f 1251/1373/1409 1250/1372/1408 1246/1368/1404 
f 1591/1781/1848 1248/1370/1406 1590/1778/1845 
f 1247/1369/1405 1590/1778/1845 1248/1370/1406 
f 1247/1369/1405 1239/1359/1395 1590/1778/1845 
f 1227/1347/1383 1590/1780/1847 1179/1301/1332 
f 1590/1780/1847 1253/1375/1411 1179/1301/1332 
f 1586/1765/1832 1587/1768/1835 1249/1371/1407 
f 1246/1368/1404 1250/1372/1408 1565/1773/1840 
f 1251/1373/1409 1589/1775/1842 1249/1371/1407 
f 1249/1371/1407 1589/1775/1842 1586/1765/1832 
f 1248/1370/1406 1592/1782/1849 1251/1373/1409 
f 1591/1781/1848 1592/1782/1849 1248/1370/1406 
f 1249/1371/1407 1587/1768/1835 1250/1372/1408 
f 1251/1373/1409 1592/1782/1849 1589/1775/1842 
f 1528/1681/1748 1576/1754/1821 1579/1757/1824 
f 1522/1783/1850 1535/1764/1831 1576/1754/1821 
f 1578/1756/1823 1588/1769/1836 1580/1758/1825 
f 1529/1682/1749 1579/1757/1824 1580/1758/1825 
f 1554/1720/1787 1556/1726/1793 1535/1689/1756 
f 1535/1764/1831 1556/1722/1789 1577/1755/1822 
f 1522/1783/1850 1576/1754/1821 1528/1681/1748 
f 1184/1774/1841 1587/1768/1835 1564/1735/1802 
f 1274/1402/1438 1182/1304/1335 1284/1416/1452 
f 1168/1290/1321 1284/1416/1452 1180/1302/1333 
f 1183/1305/1336 1181/1303/1334 1180/1302/1333 
f 1284/1416/1452 1182/1304/1335 1180/1302/1333 
f 1277/1407/1443 1258/1408/1444 1335/1479/1524 
f 1283/1415/1451 1313/1455/1491 1260/1387/1423 
f 1156/1280/1311 1299/1438/1474 1317/1469/1505 
f 1148/1265/1296 1147/1264/1295 1298/1437/1473 
f 1161/1283/1314 1163/1285/1316 1593/1784/1851 
f 1593/1784/1851 1518/1671/1738 1302/1441/1477 
f 1169/1291/1322 1181/1303/1334 1304/1443/1479 
f 1533/1686/1753 1304/1777/1844 1181/1731/1798 
f 1254/1377/1413 1288/1424/1460 1333/1476/1521 
f 1254/1377/1413 1334/1477/1522 1288/1424/1460 
f 1334/1477/1522 1290/1429/1465 1288/1424/1460 
f 1247/1369/1405 1332/1478/1523 1252/1374/1410 
f 1185/1307/1338 1182/1304/1335 1274/1402/1438 
f 1558/1785/1852 1559/1728/1795 1555/1730/1797 
f 1558/1725/1792 1555/1721/1788 1554/1720/1787 
f 1558/1785/1852 1183/1305/1336 1559/1728/1795 
f 1186/1308/1339 1270/1398/1434 1290/1475/1520 
f 1186/1308/1339 1185/1307/1338 1274/1402/1438 
f 1184/1774/1841 1564/1735/1802 1560/1767/1834 
f 1183/1305/1336 1558/1785/1852 1181/1303/1334 
f 1594/1786/1853 1595/1787/1854 1596/1788/1855 
f 1597/1789/1856 1598/1790/1857 1599/1791/1858 
f 1600/1341/1859 1601/1341/1860 1602/1341/1861 
f 1601/1341/1860 1603/1341/1862 1604/1341/1863 
f 1597/1792/1864 1605/1793/1865 1606/1794/1866 
f 1597/1792/1864 1606/1794/1866 1598/1795/1867 
f 1607/1796/1868 1604/1797/1869 1599/1791/1858 
f 1599/1798/1870 1608/1799/1871 1609/1800/1872 
f 1351/1495/1540 1344/1488/1533 1408/1562/1607 
f 1343/1709/1776 1548/1710/1777 1344/1801/1873 
f 1376/1523/1568 1349/1493/1538 1369/1514/1559 
f 1544/1704/1771 1610/1802/1874 1515/1668/1735 
f 1339/1483/1528 1359/1503/1548 1548/1710/1777 
f 1339/1483/1528 1357/1501/1546 1359/1503/1548 
f 1542/1705/1772 1392/1540/1585 1337/1481/1526 
f 1542/1702/1769 1543/1703/1770 1393/1771/1838 
f 1611/1803/1875 1354/1498/1543 1411/1565/1610 
f 1405/1583/1628 1407/1601/1646 1445/1603/1648 
f 1612/1804/1876 1439/1594/1639 1438/1593/1638 
f 1612/1804/1876 1438/1593/1638 1613/1805/1877 
f 1410/1564/1609 1441/1596/1641 1450/1610/1655 
f 1419/1605/1650 1433/1588/1633 1442/1597/1642 
f 1405/1583/1628 1445/1603/1648 1429/1584/1629 
f 1435/1590/1635 1418/1572/1617 1406/1560/1605 
f 1520/1673/1740 1614/1806/1878 1615/1807/1879 
f 1616/1808/1880 1617/1809/1881 1410/1564/1609 
f 1617/1809/1881 1618/1810/1882 1611/1803/1875 
f 1301/1440/1476 1302/1441/1477 1619/1811/1883 
f 1616/1808/1880 1451/1611/1656 1620/1812/1884 
f 1621/1813/1885 1620/1814/1886 1451/1772/1839 
f 1622/1815/1887 1623/1816/1888 1624/1817/1889 
f 1624/1817/1889 1623/1816/1888 1615/1807/1879 
f 1561/1732/1799 1518/1671/1738 1593/1784/1851 
f 1420/1574/1619 1582/1760/1827 1421/1575/1620 
f 1575/1753/1820 1582/1760/1827 1420/1574/1619 
f 1621/1813/1885 1451/1772/1839 1575/1753/1820 
f 1520/1673/1740 1615/1807/1879 1625/1818/1890 
f 1619/1811/1883 1302/1441/1477 1520/1673/1740 
f 1619/1811/1883 1520/1673/1740 1625/1818/1890 
f 1518/1671/1738 1520/1673/1740 1302/1441/1477 
f 1525/1678/1745 1522/1783/1850 1528/1681/1748 
f 1626/1819/1891 1627/1820/1892 1628/1821/1893 
f 1629/1822/1894 1630/1823/1895 1631/1824/1896 
f 1629/1822/1894 1631/1824/1896 1632/1825/1897 
f 1525/1678/1745 1524/1766/1833 1522/1783/1850 
f 1633/1826/1898 1626/1827/1899 1634/1828/1900 
f 1527/1680/1747 1537/1692/1759 1524/1766/1833 
f 1635/1829/1901 1636/1830/1902 1637/1831/1903 
f 1450/1695/1762 1482/1697/1764 1550/1713/1780 
f 1556/1722/1789 1557/1724/1791 1577/1755/1822 
f 1638/1832/1904 1617/1809/1881 1616/1808/1880 
f 1638/1832/1904 1616/1808/1880 1639/1833/1905 
f 1638/1832/1904 1640/1834/1906 1618/1810/1882 
f 1622/1815/1887 1611/1803/1875 1618/1810/1882 
f 1620/1812/1884 1634/1835/1907 1639/1833/1905 
f 1633/1826/1898 1420/1574/1619 1422/1576/1621 
f 1531/1684/1751 1181/1731/1798 1558/1725/1792 
f 1593/1784/1851 1404/1776/1843 1561/1732/1799 
f 1616/1808/1880 1620/1812/1884 1639/1833/1905 
f 1620/1814/1886 1621/1813/1885 1634/1828/1900 
f 1593/1784/1851 1163/1285/1316 1404/1776/1843 
f 1621/1813/1885 1575/1753/1820 1420/1574/1619 
f 1506/1658/1725 1534/1688/1755 1454/1614/1659 
f 1454/1614/1659 1534/1688/1755 1336/1480/1525 
f 1638/1832/1904 1641/1836/1908 1640/1834/1906 
f 1622/1815/1887 1642/1837/1909 1623/1816/1888 
f 1633/1826/1898 1422/1576/1621 1643/1838/1910 
f 1641/1836/1908 1635/1829/1901 1640/1834/1906 
f 1618/1810/1882 1642/1837/1909 1622/1815/1887 
f 1617/1809/1881 1638/1832/1904 1618/1810/1882 
f 1641/1836/1908 1638/1832/1904 1639/1833/1905 
f 1618/1810/1882 1640/1834/1906 1642/1837/1909 
f 1593/1784/1851 1302/1441/1477 1161/1283/1314 
f 1309/1450/1486 1308/1449/1485 1310/1452/1488 
f 1303/1442/1478 1304/1443/1479 1404/1558/1603 
f 1561/1732/1799 1304/1777/1844 1533/1686/1753 
f 1300/1439/1475 1303/1442/1478 1404/1558/1603 
f 1644/1341/1911 1217/1341/1372 1645/1341/1912 
f 1630/1341/1913 1644/1341/1911 1631/1341/1914 
f 1646/1341/1915 1644/1341/1911 1630/1341/1913 
f 1646/1341/1915 1647/1341/1916 1644/1341/1911 
f 1644/1341/1911 1647/1341/1916 1217/1341/1372 
f 1217/1341/1372 1647/1341/1916 1218/1341/1373 
f 1647/1341/1916 1422/1341/1917 1218/1341/1373 
f 1422/1341/1917 1421/1341/1918 1218/1341/1373 
f 1219/1341/1374 1218/1341/1373 1648/1341/1919 
f 1421/1341/1918 1648/1341/1919 1218/1341/1373 
f 1421/1341/1918 1574/1341/1920 1648/1341/1919 
f 1552/1341/1921 1648/1341/1919 1574/1341/1920 
f 1539/1717/1784 1549/1712/1779 1538/1715/1782 
f 1401/1551/1596 1403/1553/1598 1361/1505/1550 
f 1343/1487/1532 1431/1586/1631 1430/1585/1630 
f 1523/1676/1743 1341/1485/1530 1521/1674/1741 
f 1536/1691/1758 1397/1711/1778 1537/1692/1759 
f 1552/1716/1783 1539/1717/1784 1546/1839/1922 
f 1546/1707/1774 1539/1698/1765 1526/1679/1746 
f 1524/1677/1744 1540/1700/1767 1523/1676/1743 
f 1526/1679/1746 1525/1678/1745 1529/1682/1749 
f 1545/1706/1773 1541/1701/1768 1430/1627/1672 
f 1511/1746/1813 1570/1748/1815 1571/1749/1816 
f 1512/1665/1732 1542/1702/1769 1545/1740/1807 
f 1649/1341/1923 1442/1341/1924 1650/1341/1925 
f 1414/1341/1926 1650/1341/1925 1442/1341/1924 
f 1501/1341/1716 1429/1341/1927 1445/1341/1928 
f 1651/1341/1929 1501/1341/1716 1652/1341/1930 
f 1501/1341/1716 1445/1341/1928 1652/1341/1930 
f 1652/1341/1930 1445/1341/1928 1444/1341/1931 
f 1649/1341/1923 1444/1341/1931 1442/1341/1924 
f 1652/1341/1930 1444/1341/1931 1649/1341/1923 
f 1653/1341/1932 1489/1341/1703 1651/1341/1929 
f 1649/1341/1923 1654/1341/1933 1655/1341/1934 
f 1653/1341/1932 1652/1341/1930 1649/1341/1923 
f 1653/1341/1932 1649/1341/1923 1655/1341/1934 
f 1655/1341/1934 1489/1341/1703 1653/1341/1932 
f 1221/1341/1376 1400/1341/1935 1222/1341/1377 
f 1656/1341/1936 1657/1341/1937 1222/1341/1377 
f 1497/1341/1712 1372/1341/1938 1371/1341/1939 
f 1381/1341/1940 1658/1341/1941 1656/1341/1936 
f 1497/1341/1712 1381/1341/1940 1372/1341/1938 
f 1612/1341/1942 1613/1341/1943 1659/1341/1944 
f 1613/1341/1943 1660/1341/1945 1659/1341/1944 
f 1612/1341/1942 1661/1341/1946 1654/1341/1933 
f 1612/1341/1942 1659/1341/1944 1661/1341/1946 
f 1496/1341/1711 1490/1341/1704 1662/1341/1947 
f 1662/1341/1947 1490/1341/1704 1489/1341/1703 
f 1662/1341/1947 1489/1341/1703 1663/1341/1948 
f 1663/1341/1948 1489/1341/1703 1661/1341/1946 
f 1663/1341/1948 1661/1341/1946 1659/1341/1944 
f 1664/1341/1949 1659/1341/1944 1660/1341/1945 
f 1664/1341/1949 1663/1341/1948 1659/1341/1944 
f 1496/1341/1711 1662/1341/1947 1665/1341/1950 
f 1666/1341/1951 1663/1341/1948 1664/1341/1949 
f 1666/1341/1951 1662/1341/1947 1663/1341/1948 
f 1665/1341/1950 1662/1341/1947 1666/1341/1951 
f 1497/1341/1712 1665/1341/1950 1658/1341/1941 
f 1658/1341/1941 1665/1341/1950 1667/1341/1952 
f 1665/1341/1950 1666/1341/1951 1667/1341/1952 
f 1668/1840/1953 1391/1539/1584 1669/1841/1954 
f 1670/1842/1955 1459/1619/1664 1389/1537/1582 
f 1389/1537/1582 1391/1539/1584 1670/1842/1955 
f 1668/1840/1953 1671/1843/1956 1672/1844/1957 
f 1668/1840/1953 1672/1844/1957 1670/1842/1955 
f 1671/1843/1956 1474/1638/1683 1672/1844/1957 
f 1388/1536/1581 1390/1538/1583 1479/1645/1690 
f 1673/1845/1958 1674/1846/1959 1675/1847/1960 
f 1668/1840/1953 1673/1845/1958 1671/1843/1956 
f 1676/1848/1961 1673/1845/1958 1677/1849/1962 
f 1676/1848/1961 1671/1843/1956 1673/1845/1958 
f 1678/1850/1963 1301/1440/1476 1619/1811/1883 
f 1679/1851/1964 1678/1850/1963 1680/1852/1965 
f 1678/1850/1963 1619/1811/1883 1680/1852/1965 
f 1680/1852/1965 1619/1811/1883 1625/1818/1890 
f 1378/1543/1588 1370/1516/1561 1372/1518/1563 
f 1238/1549/1594 1400/1550/1595 1221/1556/1601 
f 1237/1357/1393 1379/1526/1571 1238/1358/1394 
f 1237/1357/1393 1291/1430/1466 1479/1645/1690 
f 1681/1853/1966 1682/1854/1967 1326/1472/1508 
f 1614/1806/1878 1610/1802/1874 1449/1608/1653 
f 1238/1549/1594 1221/1556/1601 1215/1555/1600 
f 1681/1853/1966 1220/1557/1602 1682/1854/1967 
f 1486/1655/1700 1485/1654/1699 1488/1855/1968 
f 1380/1856/1969 1466/1629/1674 1487/1857/1970 
f 1380/1527/1572 1488/1657/1702 1371/1517/1562 
f 1487/1857/1970 1465/1628/1673 1486/1858/1971 
f 1622/1815/1887 1448/1607/1652 1611/1803/1875 
f 1321/1464/1500 1681/1853/1966 1226/1345/1381 
f 1377/1524/1569 1479/1645/1690 1390/1538/1583 
f 1470/1634/1679 1469/1633/1678 1683/1859/1972 
f 1598/1795/1867 1606/1794/1866 1608/1799/1871 
f 1598/1795/1867 1608/1799/1871 1599/1798/1870 
f 1486/1655/1700 1488/1855/1968 1487/1860/1973 
f 1487/1857/1970 1466/1629/1674 1465/1628/1673 
f 1681/1853/1966 1321/1464/1500 1213/1554/1599 
f 1320/1473/1518 1684/1861/1974 1321/1862/1975 
f 1321/1862/1975 1292/1431/1467 1213/1337/1368 
f 1311/1453/1489 1233/1353/1389 1685/1863/1976 
f 1233/1353/1389 1235/1355/1391 1685/1863/1976 
f 1234/1354/1390 1233/1353/1389 1171/1293/1324 
f 1293/1432/1468 1292/1431/1467 1684/1861/1974 
f 1293/1432/1468 1684/1861/1974 1311/1453/1489 
f 1685/1863/1976 1291/1430/1466 1293/1432/1468 
f 1675/1847/1960 1674/1846/1959 1236/1356/1392 
f 1686/1864/1977 1675/1847/1960 1319/1461/1497 
f 1294/1433/1469 1686/1864/1977 1295/1434/1470 
f 1223/1342/1378 1322/1465/1501 1226/1345/1381 
f 1171/1293/1324 1308/1449/1485 1307/1448/1484 
f 1229/1349/1385 1319/1461/1497 1236/1356/1392 
f 1295/1434/1470 1686/1864/1977 1319/1461/1497 
f 1681/1853/1966 1326/1472/1508 1226/1345/1381 
f 1322/1465/1501 1321/1464/1500 1226/1345/1381 
f 1322/1465/1501 1225/1344/1380 1320/1463/1499 
f 1223/1342/1378 1177/1299/1330 1224/1343/1379 
f 1674/1846/1959 1235/1355/1391 1236/1356/1392 
f 1171/1293/1324 1310/1452/1488 1308/1449/1485 
f 1234/1354/1390 1171/1293/1324 1216/1340/1371 
f 1310/1452/1488 1171/1293/1324 1233/1353/1389 
f 1548/1710/1777 1408/1742/1809 1344/1801/1873 
f 1383/1531/1576 1387/1535/1580 1462/1622/1667 
f 1548/1710/1777 1359/1503/1548 1408/1742/1809 
f 1380/1856/1969 1370/1865/1978 1475/1639/1684 
f 1460/1620/1665 1475/1639/1684 1370/1865/1978 
f 1460/1620/1665 1370/1865/1978 1378/1525/1570 
f 1466/1629/1674 1462/1622/1667 1387/1535/1580 
f 1475/1639/1684 1460/1620/1665 1458/1618/1663 
f 1611/1803/1875 1410/1564/1609 1617/1809/1881 
f 1380/1856/1969 1475/1639/1684 1463/1623/1668 
f 1616/1808/1880 1410/1564/1609 1451/1611/1656 
f 1611/1803/1875 1411/1565/1610 1410/1564/1609 
f 1455/1630/1675 1387/1535/1580 1386/1534/1579 
f 1455/1630/1675 1386/1534/1579 1456/1651/1696 
f 1517/1670/1737 1614/1806/1878 1520/1673/1740 
f 1465/1653/1698 1455/1615/1660 1504/1866/1979 
f 1517/1670/1737 1519/1672/1739 1515/1668/1735 
f 1458/1618/1663 1390/1538/1583 1389/1537/1582 
f 1460/1620/1665 1390/1538/1583 1458/1618/1663 
f 1488/1341/1720 1503/1341/1721 1371/1341/1939 
f 1517/1670/1737 1610/1802/1874 1614/1806/1878 
f 1465/1653/1698 1504/1866/1979 1505/1867/1980 
f 1380/1856/1969 1463/1623/1668 1466/1629/1674 
f 1465/1653/1698 1505/1867/1980 1485/1654/1699 
f 1624/1817/1889 1448/1607/1652 1622/1815/1887 
f 1385/1533/1578 1386/1534/1579 1383/1531/1576 
f 1464/1624/1669 1383/1531/1576 1462/1622/1667 
f 1456/1651/1696 1481/1647/1692 1477/1641/1686 
f 1459/1619/1664 1464/1624/1669 1461/1621/1666 
f 1459/1619/1664 1461/1621/1666 1458/1618/1663 
f 1455/1615/1660 1457/1617/1662 1504/1866/1979 
f 1670/1842/1955 1478/1642/1687 1459/1619/1664 
f 1680/1852/1965 1625/1818/1890 1687/1868/1981 
f 1688/1869/1982 1680/1852/1965 1687/1868/1981 
f 1688/1869/1982 1687/1868/1981 1689/1870/1983 
f 1625/1818/1890 1690/1871/1984 1687/1868/1981 
f 1624/1817/1889 1615/1807/1879 1614/1806/1878 
f 1321/1862/1975 1684/1861/1974 1292/1431/1467 
f 1490/1341/1704 1496/1341/1711 1498/1341/1713 
f 1499/1341/1714 1495/1341/1710 1503/1341/1721 
f 1500/1341/1715 1498/1341/1713 1495/1341/1710 
f 1498/1341/1713 1496/1341/1711 1495/1341/1710 
f 1497/1341/1712 1371/1341/1939 1503/1341/1721 
f 1495/1341/1710 1497/1341/1712 1503/1341/1721 
f 1497/1341/1712 1496/1341/1711 1665/1341/1950 
f 1497/1341/1712 1658/1341/1941 1381/1341/1940 
f 1381/1341/1940 1656/1341/1936 1382/1341/1985 
f 1400/1341/1935 1382/1341/1985 1656/1341/1936 
f 1658/1341/1941 1667/1341/1952 1656/1341/1936 
f 1656/1341/1936 1667/1341/1952 1657/1341/1937 
f 1400/1341/1935 1656/1341/1936 1222/1341/1377 
f 1331/1341/1517 1328/1341/1511 1327/1341/1510 
f 1326/1341/1509 1682/1341/1986 1327/1341/1510 
f 1220/1341/1375 1327/1341/1510 1682/1341/1986 
f 1222/1341/1377 1657/1341/1937 1331/1341/1517 
f 1220/1341/1375 1222/1341/1377 1327/1341/1510 
f 1222/1341/1377 1331/1341/1517 1327/1341/1510 
f 1681/1853/1966 1213/1554/1599 1220/1557/1602 
f 1214/1338/1369 1238/1358/1394 1215/1339/1370 
f 1311/1453/1489 1685/1863/1976 1293/1432/1468 
f 1320/1473/1518 1309/1450/1486 1684/1861/1974 
f 1322/1465/1501 1223/1342/1378 1225/1344/1380 
f 1228/1348/1384 1230/1350/1386 1232/1352/1388 
f 1234/1354/1390 1229/1349/1385 1236/1356/1392 
f 1391/1539/1584 1691/1872/1987 1669/1841/1954 
f 1391/1539/1584 1388/1536/1581 1691/1872/1987 
f 1672/1844/1957 1478/1642/1687 1670/1842/1955 
f 1672/1844/1957 1474/1638/1683 1478/1642/1687 
f 1437/1592/1637 1435/1590/1635 1427/1581/1626 
f 1437/1592/1637 1427/1581/1626 1424/1578/1623 
f 1436/1591/1636 1424/1578/1623 1692/1873/1988 
f 1436/1591/1636 1692/1873/1988 1676/1848/1961 
f 1474/1638/1683 1473/1637/1682 1384/1532/1577 
f 1474/1638/1683 1384/1532/1577 1478/1642/1687 
f 1692/1873/1988 1472/1636/1681 1671/1843/1956 
f 1480/1646/1691 1473/1637/1682 1426/1580/1625 
f 1425/1579/1624 1423/1577/1622 1471/1635/1680 
f 1425/1579/1624 1471/1635/1680 1480/1646/1691 
f 1692/1873/1988 1426/1580/1625 1472/1636/1681 
f 1480/1646/1691 1426/1580/1625 1425/1579/1624 
f 1436/1591/1636 1676/1848/1961 1693/1874/1989 
f 1693/1874/1989 1676/1848/1961 1677/1849/1962 
f 1693/1874/1989 1677/1849/1962 1694/1875/1990 
f 1439/1594/1639 1417/1571/1616 1416/1570/1615 
f 1613/1341/1943 1695/1341/1991 1660/1341/1945 
f 1696/1876/1992 1438/1593/1638 1697/1877/1993 
f 1698/1878/1994 1436/1591/1636 1693/1874/1989 
f 1698/1878/1994 1697/1877/1993 1436/1591/1636 
f 1697/1877/1993 1437/1592/1637 1436/1591/1636 
f 1438/1593/1638 1440/1595/1640 1697/1877/1993 
f 1306/1446/1482 1294/1433/1469 1296/1435/1471 
f 1699/1879/1995 1695/1880/1996 1696/1876/1992 
f 1434/1881/1997 1433/1600/1645 1443/1599/1644 
f 1434/1881/1997 1443/1599/1644 1415/1569/1614 
f 1446/1604/1649 1418/1572/1617 1435/1590/1635 
f 1697/1877/1993 1440/1595/1640 1437/1592/1637 
f 1691/1872/1987 1479/1645/1690 1291/1430/1466 
f 1669/1841/1954 1691/1872/1987 1685/1863/1976 
f 1669/1841/1954 1685/1863/1976 1235/1355/1391 
f 1674/1846/1959 1669/1841/1954 1235/1355/1391 
f 1311/1453/1489 1684/1861/1974 1309/1450/1486 
f 1311/1453/1489 1309/1450/1486 1310/1452/1488 
f 1295/1434/1470 1319/1461/1497 1228/1348/1384 
f 1231/1351/1387 1295/1434/1470 1228/1348/1384 
f 1700/1882/1998 1686/1864/1977 1294/1433/1469 
f 1701/1883/1999 1700/1882/1998 1294/1433/1469 
f 1701/1883/1999 1294/1433/1469 1306/1446/1482 
f 1306/1446/1482 1305/1444/1480 1162/1447/1483 
f 1677/1849/1962 1675/1847/1960 1702/1884/2000 
f 1700/1882/1998 1702/1884/2000 1686/1864/1977 
f 1675/1847/1960 1236/1356/1392 1319/1461/1497 
f 1686/1864/1977 1702/1884/2000 1675/1847/1960 
f 1677/1849/1962 1673/1845/1958 1675/1847/1960 
f 1673/1845/1958 1668/1840/1953 1674/1846/1959 
f 1694/1875/1990 1702/1884/2000 1700/1882/1998 
f 1694/1875/1990 1677/1849/1962 1702/1884/2000 
f 1685/1863/1976 1691/1872/1987 1291/1430/1466 
f 1291/1430/1466 1214/1338/1369 1292/1431/1467 
f 1668/1840/1953 1669/1841/1954 1674/1846/1959 
f 1668/1840/1953 1670/1842/1955 1391/1539/1584 
f 1692/1873/1988 1671/1843/1956 1676/1848/1961 
f 1671/1843/1956 1472/1636/1681 1474/1638/1683 
f 1703/1885/2001 1704/1886/2002 1705/1887/2003 
f 1706/1888/2004 1703/1885/2001 1707/1889/2005 
f 1494/1341/1709 1484/1341/1708 1429/1341/1927 
f 1494/1341/1709 1429/1341/1927 1501/1341/1716 
f 1427/1581/1626 1423/1577/1622 1425/1579/1624 
f 1692/1873/1988 1424/1578/1623 1426/1580/1625 
f 1708/1890/2006 1640/1834/1906 1635/1829/1901 
f 1689/1870/1983 1687/1868/1981 1690/1871/1984 
f 1679/1851/1964 1709/1891/2007 1710/1892/2008 
f 1679/1851/1964 1710/1892/2008 1678/1850/1963 
f 1710/1893/2009 1709/1894/2010 1711/1895/2011 
f 1710/1893/2009 1711/1895/2011 1701/1883/1999 
f 1710/1892/2008 1301/1440/1476 1678/1850/1963 
f 1679/1851/1964 1680/1852/1965 1688/1869/1982 
f 1712/1896/2012 1688/1869/1982 1704/1886/2002 
f 1712/1896/2012 1709/1891/2007 1679/1851/1964 
f 1703/1885/2001 1712/1896/2012 1704/1886/2002 
f 1706/1888/2004 1712/1896/2012 1703/1885/2001 
f 1338/1482/1527 1392/1540/1585 1452/1612/1657 
f 1354/1498/1543 1373/1519/1564 1355/1499/1544 
f 1364/1509/1554 1566/1741/1808 1368/1513/1558 
f 1447/1606/1651 1399/1548/1593 1373/1519/1564 
f 1354/1498/1543 1447/1606/1651 1373/1519/1564 
f 1573/1751/1818 1346/1490/1535 1345/1489/1534 
f 1508/1660/1727 1572/1750/1817 1352/1496/1541 
f 1569/1745/1812 1511/1663/1730 1510/1662/1729 
f 1573/1751/1818 1352/1496/1541 1346/1490/1535 
f 1508/1660/1727 1352/1496/1541 1573/1751/1818 
f 1571/1749/1816 1570/1748/1815 1572/1750/1817 
f 1447/1606/1651 1354/1498/1543 1611/1803/1875 
f 1544/1704/1771 1515/1668/1735 1394/1542/1587 
f 1517/1670/1737 1515/1668/1735 1610/1802/1874 
f 1447/1606/1651 1449/1608/1653 1544/1704/1771 
f 1447/1606/1651 1611/1803/1875 1448/1607/1652 
f 1624/1817/1889 1449/1608/1653 1448/1607/1652 
f 1614/1806/1878 1449/1608/1653 1624/1817/1889 
f 1544/1704/1771 1449/1608/1653 1610/1802/1874 
f 1713/1897/2013 1714/1898/2014 1637/1831/1903 
f 1712/1896/2012 1679/1851/1964 1688/1869/1982 
f 1715/1899/2015 1689/1870/1983 1716/1900/2016 
f 1704/1886/2002 1688/1869/1982 1689/1870/1983 
f 1717/1901/2017 1718/1902/2018 1719/1903/2019 
f 1717/1901/2017 1719/1903/2019 1720/1904/2020 
f 1721/1905/2021 1720/1904/2020 1719/1903/2019 
f 1718/1902/2018 1707/1889/2005 1719/1903/2019 
f 1705/1887/2003 1722/1906/2022 1723/1907/2023 
f 1705/1887/2003 1723/1907/2023 1724/1908/2024 
f 1725/1909/2025 1726/1910/2026 1727/1911/2027 
f 1725/1909/2025 1727/1911/2027 1728/1912/2028 
f 1705/1887/2003 1724/1908/2024 1729/1913/2029 
f 1705/1887/2003 1729/1913/2029 1703/1885/2001 
f 1628/1821/1893 1629/1914/2030 1730/1915/2031 
f 1731/1916/2032 1714/1898/2014 1728/1912/2028 
f 1699/1879/1995 1696/1876/1992 1706/1917/2033 
f 1706/1917/2033 1696/1876/1992 1709/1894/2010 
f 1612/1341/1942 1654/1341/1933 1417/1341/2034 
f 1432/1598/1643 1434/1881/1997 1415/1569/1614 
f 1698/1878/1994 1694/1875/1990 1711/1895/2011 
f 1698/1878/1994 1693/1874/1989 1694/1875/1990 
f 1698/1878/1994 1711/1895/2011 1709/1894/2010 
f 1711/1895/2011 1694/1875/1990 1700/1882/1998 
f 1710/1893/2009 1306/1446/1482 1732/1918/2035 
f 1710/1892/2008 1732/1919/2036 1301/1440/1476 
f 1306/1446/1482 1162/1447/1483 1732/1918/2035 
f 1301/1440/1476 1732/1919/2036 1162/1284/1315 
f 1711/1895/2011 1700/1882/1998 1701/1883/1999 
f 1710/1893/2009 1701/1883/1999 1306/1446/1482 
f 1301/1440/1476 1162/1284/1315 1161/1283/1314 
f 1698/1878/1994 1709/1894/2010 1696/1876/1992 
f 1651/1341/1929 1652/1341/1930 1653/1341/1932 
f 1491/1341/1705 1501/1341/1716 1651/1341/1929 
f 1489/1341/1703 1491/1341/1705 1651/1341/1929 
f 1655/1341/1934 1661/1341/1946 1489/1341/1703 
f 1654/1341/1933 1661/1341/1946 1655/1341/1934 
f 1414/1341/1926 1442/1341/1924 1432/1341/2037 
f 1729/1913/2029 1733/1920/2038 1721/1905/2021 
f 1729/1913/2029 1724/1908/2024 1733/1920/2038 
f 1712/1896/2012 1706/1888/2004 1709/1891/2007 
f 1696/1876/1992 1697/1877/1993 1698/1878/1994 
f 1613/1805/1877 1438/1593/1638 1696/1876/1992 
f 1613/1805/1877 1696/1876/1992 1695/1880/1996 
f 1439/1594/1639 1612/1804/1876 1417/1571/1616 
f 1649/1341/1923 1650/1341/1925 1654/1341/1933 
f 1417/1341/2034 1650/1341/1925 1414/1341/1926 
f 1417/1341/2034 1654/1341/1933 1650/1341/1925 
f 1625/1818/1890 1615/1807/1879 1690/1871/1984 
f 1734/1921/2039 1735/1922/2040 1736/1923/2041 
f 1723/1907/2023 1737/1924/2042 1738/1925/2043 
f 1739/1926/2044 1470/1634/1679 1740/1927/2045 
f 1715/1899/2015 1716/1900/2016 1736/1923/2041 
f 1734/1921/2039 1736/1923/2041 1741/1928/2046 
f 1715/1899/2015 1735/1922/2040 1722/1906/2022 
f 1715/1899/2015 1736/1923/2041 1735/1922/2040 
f 1742/1929/2047 1699/1930/2048 1706/1888/2004 
f 1733/1920/2038 1724/1908/2024 1723/1907/2023 
f 1743/1931/2049 1744/1932/2050 1745/1933/2051 
f 1467/1934/2052 1746/1935/2053 1747/1936/2054 
f 1742/1929/2047 1706/1888/2004 1707/1889/2005 
f 1721/1905/2021 1719/1903/2019 1729/1913/2029 
f 1703/1885/2001 1729/1913/2029 1719/1903/2019 
f 1703/1885/2001 1719/1903/2019 1707/1889/2005 
f 1748/1937/2055 1749/1938/2056 1740/1927/2045 
f 1748/1937/2055 1740/1927/2045 1683/1859/1972 
f 1750/1939/2057 1751/1940/2058 1743/1941/2059 
f 1752/1942/2060 1727/1911/2027 1741/1928/2046 
f 1753/1943/2061 1683/1859/1972 1737/1924/2042 
f 1754/1944/2062 1469/1633/1678 1468/1632/1677 
f 1755/1945/2063 1708/1890/2006 1756/1946/2064 
f 1597/1789/1856 1599/1791/1858 1604/1797/1869 
f 1470/1634/1679 1683/1859/1972 1740/1927/2045 
f 1753/1943/2061 1748/1937/2055 1683/1859/1972 
f 1757/1947/2065 1758/1948/2066 1759/1949/2067 
f 1583/1761/1828 1594/1950/2068 1584/1762/1829 
f 1754/1944/2062 1468/1632/1677 1751/1940/2058 
f 1609/1800/1872 1750/1939/2057 1743/1941/2059 
f 1760/1951/2069 1758/1948/2066 1757/1947/2065 
f 1738/1925/2043 1754/1944/2062 1750/1939/2057 
f 1761/1952/2070 1749/1938/2056 1726/1910/2026 
f 1752/1942/2060 1741/1928/2046 1736/1923/2041 
f 1755/1945/2063 1623/1816/1888 1642/1837/1909 
f 1738/1925/2043 1737/1924/2042 1754/1944/2062 
f 1594/1950/2068 1583/1761/1828 1762/1953/2071 
f 1629/1822/1894 1627/1954/2072 1630/1823/1895 
f 1718/1902/2018 1742/1929/2047 1707/1889/2005 
f 1751/1955/2073 1763/1956/2074 1744/1932/2050 
f 1626/1827/1899 1630/1823/1895 1627/1954/2072 
f 1749/1938/2056 1748/1937/2055 1734/1921/2039 
f 1634/1835/1907 1626/1819/1891 1639/1833/1905 
f 1749/1938/2056 1734/1921/2039 1726/1910/2026 
f 1735/1922/2040 1734/1921/2039 1748/1937/2055 
f 1735/1922/2040 1748/1937/2055 1753/1943/2061 
f 1731/1916/2032 1756/1946/2064 1708/1890/2006 
f 1726/1910/2026 1734/1921/2039 1741/1928/2046 
f 1759/1949/2067 1764/1957/2075 1765/1958/2076 
f 1594/1786/1853 1596/1788/1855 1764/1957/2075 
f 1757/1947/2065 1766/1959/2077 1760/1951/2069 
f 1761/1952/2070 1767/1960/2078 1768/1961/2079 
f 1755/1945/2063 1756/1946/2064 1752/1942/2060 
f 1769/1962/2080 1770/1963/2081 1758/1964/2082 
f 1767/1960/2078 1757/1947/2065 1765/1958/2076 
f 1764/1957/2075 1596/1788/1855 1768/1961/2079 
f 1766/1959/2077 1728/1912/2028 1714/1898/2014 
f 1760/1951/2069 1766/1959/2077 1714/1898/2014 
f 1755/1945/2063 1642/1837/1909 1708/1890/2006 
f 1690/1871/1984 1623/1816/1888 1755/1945/2063 
f 1771/1965/2083 1746/1935/2053 1467/1934/2052 
f 1767/1960/2078 1765/1958/2076 1768/1961/2079 
f 1628/1821/1893 1627/1820/1892 1629/1914/2030 
f 1771/1965/2083 1772/1966/2084 1746/1935/2053 
f 1773/1967/2085 1740/1927/2045 1749/1938/2056 
f 1728/1912/2028 1727/1911/2027 1756/1946/2064 
f 1599/1798/1870 1609/1800/1872 1607/1968/2086 
f 1605/1793/1865 1720/1904/2020 1606/1794/1866 
f 1751/1955/2073 1744/1932/2050 1743/1931/2049 
f 1605/1793/1865 1717/1901/2017 1720/1904/2020 
f 1608/1799/1871 1606/1794/1866 1720/1904/2020 
f 1608/1799/1871 1720/1904/2020 1721/1905/2021 
f 1594/1950/2068 1762/1953/2071 1595/1969/2087 
f 1758/1964/2082 1774/1970/2088 1759/1971/2089 
f 1752/1942/2060 1756/1946/2064 1727/1911/2027 
f 1595/1969/2087 1762/1953/2071 1772/1966/2084 
f 1689/1870/1983 1690/1871/1984 1716/1900/2016 
f 1641/1836/1908 1639/1833/1905 1775/1972/2090 
f 1728/1912/2028 1756/1946/2064 1731/1916/2032 
f 1759/1971/2089 1774/1970/2088 1776/1973/2091 
f 1737/1924/2042 1683/1859/1972 1469/1633/1678 
f 1737/1924/2042 1469/1633/1678 1754/1944/2062 
f 1739/1926/2044 1740/1927/2045 1773/1967/2085 
f 1468/1974/2092 1747/1936/2054 1763/1956/2074 
f 1726/1910/2026 1741/1928/2046 1727/1911/2027 
f 1705/1887/2003 1704/1886/2002 1715/1899/2015 
f 1721/1905/2021 1733/1920/2038 1609/1800/1872 
f 1721/1905/2021 1609/1800/1872 1608/1799/1871 
f 1722/1906/2022 1735/1922/2040 1753/1943/2061 
f 1722/1906/2022 1753/1943/2061 1723/1907/2023 
f 1705/1887/2003 1715/1899/2015 1722/1906/2022 
f 1704/1886/2002 1689/1870/1983 1715/1899/2015 
f 1733/1920/2038 1738/1925/2043 1750/1939/2057 
f 1733/1920/2038 1750/1939/2057 1609/1800/1872 
f 1733/1920/2038 1723/1907/2023 1738/1925/2043 
f 1723/1907/2023 1753/1943/2061 1737/1924/2042 
f 1777/1341/2093 1778/1341/2094 1779/1341/2095 
f 1743/1931/2049 1745/1933/2051 1607/1796/1868 
f 1780/1341/2096 1600/1341/1859 1602/1341/1861 
f 1600/1341/1859 1781/1341/2097 1601/1341/1860 
f 1601/1341/1860 1782/1341/2098 1603/1341/1862 
f 1605/1341/2099 1604/1341/1863 1603/1341/1862 
f 1601/1341/1860 1604/1341/1863 1745/1341/2100 
f 1602/1341/1861 1601/1341/1860 1745/1341/2100 
f 1601/1341/1860 1781/1341/2097 1782/1341/2098 
f 1605/1341/2099 1597/1341/2101 1604/1341/1863 
f 1717/1341/2102 1603/1341/1862 1782/1341/2098 
f 1717/1341/2102 1605/1341/2099 1603/1341/1862 
f 1609/1800/1872 1743/1941/2059 1607/1968/2086 
f 1750/1939/2057 1754/1944/2062 1751/1940/2058 
f 1468/1974/2092 1763/1956/2074 1751/1955/2073 
f 1607/1796/1868 1745/1933/2051 1604/1797/1869 
f 1730/1915/2031 1636/1830/1902 1628/1821/1893 
f 1641/1836/1908 1636/1830/1902 1635/1829/1901 
f 1635/1829/1901 1637/1831/1903 1731/1916/2032 
f 1730/1915/2031 1637/1831/1903 1636/1830/1902 
f 1731/1916/2032 1708/1890/2006 1635/1829/1901 
f 1636/1830/1902 1641/1836/1908 1775/1972/2090 
f 1716/1900/2016 1690/1871/1984 1755/1945/2063 
f 1636/1830/1902 1775/1972/2090 1628/1821/1893 
f 1690/1871/1984 1615/1807/1879 1623/1816/1888 
f 1752/1942/2060 1736/1923/2041 1716/1900/2016 
f 1759/1949/2067 1783/1975/2103 1764/1957/2075 
f 1594/1786/1853 1764/1957/2075 1783/1975/2103 
f 1626/1819/1891 1628/1821/1893 1775/1972/2090 
f 1708/1890/2006 1642/1837/1909 1640/1834/1906 
f 1760/1951/2069 1769/1976/2104 1758/1948/2066 
f 1784/1977/2105 1632/1825/1897 1785/1978/2106 
f 1713/1897/2013 1769/1976/2104 1760/1951/2069 
f 1739/1926/2044 1596/1788/1855 1595/1787/1854 
f 1725/1909/2025 1766/1959/2077 1767/1960/2078 
f 1725/1909/2025 1767/1960/2078 1761/1952/2070 
f 1633/1826/1898 1646/1979/2107 1626/1827/1899 
f 1626/1827/1899 1646/1979/2107 1630/1823/1895 
f 1633/1826/1898 1643/1838/1910 1646/1979/2107 
f 1634/1828/1900 1621/1813/1885 1633/1826/1898 
f 1626/1819/1891 1775/1972/2090 1639/1833/1905 
f 1621/1813/1885 1420/1574/1619 1633/1826/1898 
f 1646/1341/1915 1643/1341/2108 1647/1341/1916 
f 1647/1341/1916 1643/1341/2108 1422/1341/1917 
f 1629/1822/1894 1632/1825/1897 1784/1977/2105 
f 1730/1915/2031 1629/1914/2030 1784/1980/2109 
f 1730/1915/2031 1784/1980/2109 1713/1897/2013 
f 1713/1897/2013 1784/1980/2109 1769/1976/2104 
f 1757/1947/2065 1759/1949/2067 1765/1958/2076 
f 1773/1967/2085 1749/1938/2056 1761/1952/2070 
f 1759/1971/2089 1776/1973/2091 1783/1981/2110 
f 1758/1964/2082 1770/1963/2081 1774/1970/2088 
f 1595/1969/2087 1772/1966/2084 1771/1965/2083 
f 1771/1982/2111 1467/1631/1676 1470/1634/1679 
f 1467/1934/2052 1747/1936/2054 1468/1974/2092 
f 1716/1900/2016 1755/1945/2063 1752/1942/2060 
f 1731/1916/2032 1637/1831/1903 1714/1898/2014 
f 1771/1982/2111 1470/1634/1679 1739/1926/2044 
f 1761/1952/2070 1768/1961/2079 1773/1967/2085 
f 1739/1926/2044 1595/1787/1854 1771/1982/2111 
f 1773/1967/2085 1768/1961/2079 1596/1788/1855 
f 1773/1967/2085 1596/1788/1855 1739/1926/2044 
f 1764/1957/2075 1768/1961/2079 1765/1958/2076 
f 1757/1947/2065 1767/1960/2078 1766/1959/2077 
f 1761/1952/2070 1726/1910/2026 1725/1909/2025 
f 1766/1959/2077 1725/1909/2025 1728/1912/2028 
f 1769/1962/2080 1785/1978/2106 1770/1963/2081 
f 1713/1897/2013 1637/1831/1903 1730/1915/2031 
f 1784/1977/2105 1785/1978/2106 1769/1962/2080 
f 1760/1951/2069 1714/1898/2014 1713/1897/2013 
f 1786/1341/2112 1774/1341/2113 1770/1341/2114 
f 1583/1341/2115 1787/1341/2116 1762/1341/2117 
f 1583/1341/2115 1788/1341/2118 1787/1341/2116 
f 1782/1341/2098 1789/1341/2119 1718/1341/2120 
f 1786/1341/2112 1790/1341/2121 1774/1341/2113 
f 1585/1341/2122 1788/1341/2118 1583/1341/2115 
f 1776/1341/2123 1774/1341/2113 1790/1341/2121 
f 1585/1341/2122 1776/1341/2123 1788/1341/2118 
f 1776/1341/2123 1790/1341/2121 1788/1341/2118 
f 1788/1341/2118 1791/1341/2124 1787/1341/2116 
f 1788/1341/2118 1790/1341/2121 1791/1341/2124 
f 1786/1341/2112 1791/1341/2124 1790/1341/2121 
f 1786/1341/2112 1792/1341/2125 1791/1341/2124 
f 1785/1341/2126 1632/1341/2127 1793/1341/2128 
f 1786/1341/2112 1785/1341/2126 1794/1341/2129 
f 1785/1341/2126 1793/1341/2128 1794/1341/2129 
f 1786/1341/2112 1770/1341/2114 1785/1341/2126 
f 1778/1341/2094 1795/1341/2130 1796/1341/2131 
f 1782/1341/2098 1718/1341/2120 1717/1341/2102 
f 1797/1341/2132 1798/1341/2133 1799/1341/2134 
f 1631/1341/1914 1793/1341/2128 1632/1341/2127 
f 1631/1341/1914 1644/1341/1911 1793/1341/2128 
f 1793/1341/2128 1644/1341/1911 1645/1341/1912 
f 1793/1341/2128 1645/1341/1912 1798/1341/2133 
f 1794/1341/2129 1793/1341/2128 1798/1341/2133 
f 1794/1341/2129 1798/1341/2133 1797/1341/2132 
f 1786/1341/2112 1794/1341/2129 1797/1341/2132 
f 1786/1341/2112 1797/1341/2132 1792/1341/2125 
f 1800/1341/2135 1792/1341/2125 1795/1341/2130 
f 1800/1341/2135 1795/1341/2130 1777/1341/2093 
f 1718/1341/2120 1801/1341/2136 1742/1341/2137 
f 1792/1341/2125 1797/1341/2132 1802/1341/2138 
f 1792/1341/2125 1802/1341/2138 1795/1341/2130 
f 1777/1341/2093 1795/1341/2130 1778/1341/2094 
f 1802/1341/2138 1796/1341/2131 1795/1341/2130 
f 1797/1341/2132 1799/1341/2134 1802/1341/2138 
f 1802/1341/2138 1803/1341/2139 1796/1341/2131 
f 1799/1341/2134 1803/1341/2139 1802/1341/2138 
f 1799/1341/2134 1804/1341/2140 1803/1341/2139 
f 1718/1341/2120 1789/1341/2119 1801/1341/2136 
f 1742/1341/2137 1805/1341/2141 1699/1341/2142 
f 1742/1341/2137 1801/1341/2136 1805/1341/2141 
f 1804/1341/2140 1805/1341/2141 1801/1341/2136 
f 1804/1341/2140 1801/1341/2136 1803/1341/2139 
f 1803/1341/2139 1801/1341/2136 1789/1341/2119 
f 1803/1341/2139 1789/1341/2119 1796/1341/2131 
f 1781/1341/2097 1789/1341/2119 1782/1341/2098 
f 1796/1341/2131 1789/1341/2119 1781/1341/2097 
f 1796/1341/2131 1781/1341/2097 1600/1341/1859 
f 1778/1341/2094 1796/1341/2131 1780/1341/2096 
f 1780/1341/2096 1796/1341/2131 1600/1341/1859 
f 1780/1341/2096 1602/1341/1861 1806/1341/2143 
f 1778/1341/2094 1780/1341/2096 1806/1341/2143 
f 1778/1341/2094 1806/1341/2143 1779/1341/2095 
f 1602/1341/1861 1745/1341/2100 1744/1341/2144 
f 1806/1341/2143 1602/1341/1861 1744/1341/2144 
f 1806/1341/2143 1744/1341/2144 1763/1341/2145 
f 1779/1341/2095 1806/1341/2143 1763/1341/2145 
f 1779/1341/2095 1763/1341/2145 1747/1341/2146 
f 1807/1341/2147 1779/1341/2095 1747/1341/2146 
f 1777/1341/2093 1779/1341/2095 1807/1341/2147 
f 1800/1341/2135 1777/1341/2093 1807/1341/2147 
f 1772/1341/2148 1808/1341/2149 1807/1341/2147 
f 1807/1341/2147 1747/1341/2146 1746/1341/2150 
f 1772/1341/2148 1807/1341/2147 1746/1341/2150 
f 1791/1341/2124 1792/1341/2125 1800/1341/2135 
f 1800/1341/2135 1807/1341/2147 1808/1341/2149 
f 1787/1341/2116 1791/1341/2124 1800/1341/2135 
f 1787/1341/2116 1800/1341/2135 1808/1341/2149 
f 1762/1341/2117 1787/1341/2116 1808/1341/2149 
f 1762/1341/2117 1808/1341/2149 1772/1341/2148 
f 1584/1983/2151 1594/1786/1853 1783/1975/2103 
f 1783/1984/2152 1776/1985/2153 1585/1763/1830 
f 1783/1984/2152 1585/1763/1830 1584/1762/1829 
f 1691/1872/1987 1388/1536/1581 1479/1645/1690 
usemtl mat_11_Doctor_Head_D_jpg
f 1809/1986/2154 1810/1987/2155 1811/1988/2156 
f 1812/1989/2157 1813/1990/2158 1814/1991/2159 
f 1815/1992/2160 1814/1991/2159 1813/1990/2158 
f 1816/1993/2161 1817/1994/2162 1818/1995/2163 
f 1816/1993/2161 1819/1996/2164 1817/1994/2162 
f 1820/1997/2165 1821/1998/2166 1822/1999/2167 
f 1823/2000/2168 1824/2001/2169 1825/2002/2170 
f 1817/1994/2162 1819/1996/2164 1826/2003/2171 
f 1827/2004/2172 1826/2003/2171 1819/1996/2164 
f 1828/2005/2173 1829/2006/2174 1830/2007/2175 
f 1831/2008/2176 1812/1989/2157 1832/2009/2177 
f 1824/2001/2169 1833/1987/2178 1834/1986/2179 
f 1835/1988/2180 1834/1986/2179 1833/1987/2178 
f 1821/1998/2166 1836/2010/2181 1837/2011/2182 
f 1838/2012/2183 1835/1988/2180 1839/2013/2184 
f 1840/2014/2185 1825/2002/2170 1824/2001/2169 
f 1841/2015/2186 1815/1992/2160 1813/1990/2158 
f 1842/2016/2187 1843/2017/2188 1844/2018/2189 
f 1822/1999/2167 1821/1998/2166 1837/2011/2182 
f 1844/2018/2189 1843/2017/2188 1845/2019/2190 
f 1820/1997/2165 1845/2019/2190 1843/2017/2188 
f 1846/2020/2191 1847/2021/2192 1848/2022/2193 
f 1847/2021/2192 1849/2023/2194 1850/2024/2195 
f 1846/2020/2191 1851/2025/2196 1852/2026/2197 
f 1852/2026/2197 1853/2027/2198 1849/2023/2194 
f 1812/1989/2157 1854/2028/2199 1814/1991/2159 
f 1855/1992/2200 1814/1991/2159 1854/2028/2199 
f 1856/2015/2201 1855/1992/2200 1854/2028/2199 
f 1821/1998/2166 1857/2029/2202 1836/2010/2181 
f 1857/2029/2202 1858/2030/2203 1836/2010/2181 
f 1859/2031/2204 1860/2032/2205 1861/2033/2206 
f 1823/2000/2168 1833/1987/2178 1824/2001/2169 
f 1862/2034/2207 1841/2015/2186 1813/1990/2158 
f 1830/2007/2175 1863/2035/2208 1828/2005/2173 
f 1864/2036/2209 1828/2005/2173 1863/2035/2208 
f 1865/2037/2210 1866/2038/2211 1867/2034/2212 
f 1868/2039/2213 1869/2040/2214 1863/2035/2208 
f 1868/2039/2213 1863/2035/2208 1830/2007/2175 
f 1812/1989/2157 1814/1991/2159 1870/2041/2215 
f 1867/2034/2212 1856/2015/2201 1854/2028/2199 
f 1854/2028/2199 1865/2037/2210 1867/2034/2212 
f 1857/2029/2202 1821/1998/2166 1820/1997/2165 
f 1858/2030/2203 1843/2017/2188 1842/2016/2187 
f 1861/2033/2206 1836/2010/2181 1858/2030/2203 
f 1857/2029/2202 1820/1997/2165 1843/2017/2188 
f 1871/2042/2216 1832/2009/2177 1872/2043/2217 
f 1832/2009/2177 1812/1989/2157 1870/2041/2215 
f 1858/2030/2203 1857/2029/2202 1843/2017/2188 
f 1861/2033/2206 1860/2032/2205 1836/2010/2181 
f 1873/2044/2218 1874/2045/2219 1875/2046/2220 
f 1876/2047/2221 1873/2044/2218 1877/2048/2222 
f 1876/2047/2221 1878/2049/2223 1874/2045/2219 
f 1879/2050/2224 1880/2051/2225 1876/2047/2221 
f 1880/2051/2225 1848/2022/2193 1881/2052/2226 
f 1882/2053/2227 1883/2054/2228 1884/2055/2229 
f 1878/2049/2223 1885/2056/2230 1882/2053/2227 
f 1881/2052/2226 1882/2053/2227 1885/2056/2230 
f 1886/2057/2231 1887/2058/2232 1888/2059/2233 
f 1832/2009/2177 1870/2041/2215 1872/2043/2217 
f 1889/2060/2234 1824/2001/2169 1890/2061/2235 
f 1834/1986/2179 1890/2061/2235 1824/2001/2169 
f 1891/2062/2236 1834/1986/2179 1838/2012/2183 
f 1891/2062/2236 1890/2061/2235 1834/1986/2179 
f 1838/2012/2183 1834/1986/2179 1835/1988/2180 
f 1840/2014/2185 1824/2001/2169 1889/2060/2234 
f 1875/2046/2220 1831/2008/2176 1871/2042/2216 
f 1878/2049/2223 1892/2063/2237 1874/2045/2219 
f 1893/2064/2238 1894/2065/2239 1895/2066/2240 
f 1896/2067/2241 1844/2018/2189 1897/2068/2242 
f 1848/2022/2193 1898/2069/2243 1881/2052/2226 
f 1848/2022/2193 1850/2024/2195 1898/2069/2243 
f 1899/2070/2244 1875/2046/2220 1874/2045/2219 
f 1880/2051/2225 1878/2049/2223 1876/2047/2221 
f 1883/2054/2228 1881/2052/2226 1900/2071/2245 
f 1846/2020/2191 1852/2026/2197 1847/2021/2192 
f 1901/2072/2246 1829/2008/2247 1902/2073/2248 
f 1903/2074/2249 1904/2075/2250 1877/2048/2222 
f 1897/2068/2242 1844/2018/2189 1905/2076/2251 
f 1845/2019/2190 1905/2076/2251 1844/2018/2189 
f 1837/2011/2182 1860/2032/2205 1906/2077/2252 
f 1812/1989/2157 1829/2078/2253 1854/2028/2199 
f 1907/2079/2254 1908/2080/2255 1909/2081/2256 
f 1908/2080/2255 1907/2079/2254 1884/2055/2229 
f 1900/2071/2245 1898/2069/2243 1910/2082/2257 
f 1911/2083/2258 1908/2080/2255 1910/2082/2257 
f 1912/2084/2259 1913/2085/2260 1914/2086/2261 
f 1895/2087/2262 1914/2086/2261 1893/2088/2263 
f 1907/2079/2254 1909/2081/2256 1912/2084/2259 
f 1915/2089/2264 1907/2079/2254 1916/2090/2265 
f 1880/2051/2225 1881/2052/2226 1885/2056/2230 
f 1904/2075/2250 1879/2050/2224 1877/2048/2222 
f 1900/2071/2245 1908/2080/2255 1883/2054/2228 
f 1881/2052/2226 1898/2069/2243 1900/2071/2245 
f 1876/2047/2221 1877/2048/2222 1879/2050/2224 
f 1879/2050/2224 1846/2020/2191 1880/2051/2225 
f 1882/2053/2227 1884/2055/2229 1917/2091/2266 
f 1880/2051/2225 1846/2020/2191 1848/2022/2193 
f 1893/2064/2238 1905/2076/2251 1845/2019/2190 
f 1918/2092/2267 1822/1999/2167 1919/2093/2268 
f 1862/2034/2207 1813/1990/2158 1920/2094/2269 
f 1921/2095/2270 1862/2034/2207 1920/2094/2269 
f 1894/2065/2239 1845/2019/2190 1820/1997/2165 
f 1895/2066/2240 1894/2065/2239 1918/2092/2267 
f 1918/2092/2267 1894/2065/2239 1822/1999/2167 
f 1894/2065/2239 1820/1997/2165 1822/1999/2167 
f 1922/2096/2271 1838/2012/2183 1839/2013/2184 
f 1923/2097/2272 1838/2012/2183 1922/2096/2271 
f 1837/2011/2182 1906/2077/2252 1924/2098/2273 
f 1922/2096/2271 1839/2013/2184 1925/2099/2274 
f 1871/2042/2216 1831/2008/2176 1832/2009/2177 
f 1831/2008/2176 1829/2078/2253 1812/1989/2157 
f 1891/2062/2236 1838/2012/2183 1923/2097/2272 
f 1926/2100/2275 1811/1988/2156 1927/2013/2276 
f 1919/2093/2268 1822/1999/2167 1928/2101/2277 
f 1822/1999/2167 1837/2011/2182 1928/2101/2277 
f 1837/2011/2182 1924/2098/2273 1928/2101/2277 
f 1901/2072/2246 1924/2098/2273 1829/2008/2247 
f 1893/2064/2238 1845/2019/2190 1894/2065/2239 
f 1919/2093/2268 1928/2101/2277 1901/2072/2246 
f 1929/2014/2278 1930/2001/2279 1931/2060/2280 
f 1929/2014/2278 1932/2002/2281 1930/2001/2279 
f 1933/2000/2282 1930/2001/2279 1932/2002/2281 
f 1933/2000/2282 1810/1987/2155 1930/2001/2279 
f 1812/1989/2157 1829/2078/2253 1813/1990/2158 
f 1837/2011/2182 1836/2010/2181 1860/2032/2205 
f 1920/2094/2269 1813/1990/2158 1829/2078/2253 
f 1877/2048/2222 1873/2044/2218 1934/2102/2283 
f 1873/2044/2218 1935/2103/2284 1934/2102/2283 
f 1915/2104/2285 1918/2092/2267 1936/2105/2286 
f 1903/2074/2249 1877/2048/2222 1934/2102/2283 
f 1899/2070/2244 1902/2073/2248 1831/2106/2287 
f 1899/2070/2244 1874/2045/2219 1892/2063/2237 
f 1886/2057/2231 1850/2024/2195 1849/2023/2194 
f 1852/2026/2197 1849/2023/2194 1847/2021/2192 
f 1902/2073/2248 1829/2008/2247 1831/2106/2287 
f 1884/2055/2229 1936/2105/2286 1917/2091/2266 
f 1901/2072/2246 1902/2073/2248 1936/2105/2286 
f 1875/2046/2220 1899/2070/2244 1831/2106/2287 
f 1902/2073/2248 1899/2070/2244 1917/2091/2266 
f 1895/2066/2240 1918/2092/2267 1915/2104/2285 
f 1884/2055/2229 1915/2104/2285 1936/2105/2286 
f 1936/2105/2286 1918/2092/2267 1919/2093/2268 
f 1937/2107/2288 1830/2007/2175 1829/2006/2174 
f 1868/2039/2213 1830/2007/2175 1937/2107/2288 
f 1938/2108/2289 1868/2039/2213 1937/2107/2288 
f 1939/2109/2290 1865/2037/2210 1854/2028/2199 
f 1907/2079/2254 1915/2089/2264 1884/2055/2229 
f 1901/2072/2246 1928/2101/2277 1924/2098/2273 
f 1895/2087/2262 1916/2090/2265 1914/2086/2261 
f 1895/2087/2262 1915/2089/2264 1916/2090/2265 
f 1940/2110/2291 1879/2050/2224 1904/2075/2250 
f 1940/2110/2291 1851/2025/2196 1846/2020/2191 
f 1899/2070/2244 1882/2053/2227 1917/2091/2266 
f 1902/2073/2248 1917/2091/2266 1936/2105/2286 
f 1939/2109/2290 1854/2028/2199 1829/2078/2253 
f 1912/2084/2259 1914/2086/2261 1916/2090/2265 
f 1886/2057/2231 1849/2023/2194 1887/2058/2232 
f 1879/2050/2224 1940/2110/2291 1846/2020/2191 
f 1941/2111/2292 1886/2057/2231 1888/2059/2233 
f 1850/2024/2195 1886/2057/2231 1898/2069/2243 
f 1942/2112/2293 1943/2113/2294 1944/2114/2295 
f 1945/2115/2296 1941/2111/2292 1946/2116/2297 
f 1912/2084/2259 1909/2081/2256 1942/2112/2293 
f 1916/2090/2265 1907/2079/2254 1912/2084/2259 
f 1886/2057/2231 1941/2111/2292 1910/2082/2257 
f 1909/2081/2256 1911/2083/2258 1945/2115/2296 
f 1910/2082/2257 1941/2111/2292 1911/2083/2258 
f 1942/2112/2293 1909/2081/2256 1945/2115/2296 
f 1849/2023/2194 1853/2027/2198 1887/2058/2232 
f 1898/2069/2243 1886/2057/2231 1910/2082/2257 
f 1946/2116/2297 1942/2112/2293 1945/2115/2296 
f 1946/2116/2297 1943/2113/2294 1942/2112/2293 
f 1911/2083/2258 1941/2111/2292 1945/2115/2296 
f 1941/2111/2292 1888/2059/2233 1946/2116/2297 
f 1876/2047/2221 1874/2045/2219 1873/2044/2218 
f 1871/2042/2216 1873/2044/2218 1875/2046/2220 
f 1878/2049/2223 1880/2051/2225 1885/2056/2230 
f 1847/2021/2192 1850/2024/2195 1848/2022/2193 
f 1947/2117/2298 1935/2103/2284 1873/2044/2218 
f 1901/2072/2246 1936/2105/2286 1919/2093/2268 
f 1872/2043/2217 1947/2117/2298 1871/2042/2216 
f 1873/2044/2218 1871/2042/2216 1947/2117/2298 
f 1884/2055/2229 1883/2054/2228 1908/2080/2255 
f 1942/2112/2293 1944/2114/2295 1912/2084/2259 
f 1910/2082/2257 1908/2080/2255 1900/2071/2245 
f 1911/2083/2258 1909/2081/2256 1908/2080/2255 
f 1899/2070/2244 1892/2063/2237 1882/2053/2227 
f 1881/2052/2226 1883/2054/2228 1882/2053/2227 
f 1944/2114/2295 1913/2085/2260 1912/2084/2259 
f 1878/2049/2223 1882/2053/2227 1892/2063/2237 
f 1926/2100/2275 1809/1986/2154 1811/1988/2156 
f 1948/2061/2299 1809/1986/2154 1926/2100/2275 
f 1896/2067/2241 1949/2118/2300 1844/2018/2189 
f 1842/2016/2187 1844/2018/2189 1949/2118/2300 
f 1931/2060/2280 1930/2001/2279 1948/2061/2299 
f 1809/1986/2154 1948/2061/2299 1930/2001/2279 
f 1810/1987/2155 1809/1986/2154 1930/2001/2279 
f 1950/2119/2301 1951/2120/2302 1952/2121/2303 
f 1953/2122/2304 1954/2123/2305 1955/2124/2306 
f 1956/2125/2307 1953/2122/2304 1955/2124/2306 
f 1957/2126/2308 1958/2127/2309 1959/2128/2310 
f 1956/2125/2307 1960/2129/2311 1961/2130/2312 
f 1962/2131/2313 1963/2132/2314 1964/2133/2315 
f 1965/2134/2316 1966/2135/2317 1967/2136/2318 
f 1964/2133/2315 1968/2137/2319 1969/2138/2320 
f 1968/2137/2319 1970/2139/2321 1971/2140/2322 
f 1969/2138/2320 1968/2137/2319 1971/2140/2322 
f 1972/2141/2323 1964/2133/2315 1969/2138/2320 
f 1973/2142/2324 1974/2143/2325 1968/2137/2319 
f 1964/2133/2315 1973/2142/2324 1968/2137/2319 
f 1953/2122/2304 1975/2144/2326 1976/2145/2327 
f 1977/2146/2328 1953/2122/2304 1976/2145/2327 
f 1978/2147/2329 1979/2148/2330 1980/2149/2331 
f 1981/2150/2332 1978/2147/2329 1980/2149/2331 
f 1982/2151/2333 1983/2152/2334 1984/2153/2335 
f 1985/2154/2336 1982/2151/2333 1984/2153/2335 
f 1986/2155/2337 1987/2156/2338 1983/2152/2334 
f 1982/2151/2333 1986/2155/2337 1983/2152/2334 
f 1988/2157/2339 1989/2158/2340 1990/2159/2341 
f 1991/2160/2342 1992/2161/2343 1993/2162/2344 
f 1994/2163/2345 1995/2164/2346 1996/2165/2347 
f 1997/2166/2348 1998/2167/2349 1988/2157/2339 
f 1999/2168/2350 2000/2169/2351 2001/2170/2352 
f 2002/2171/2353 1999/2168/2350 2001/2170/2352 
f 2003/2172/2354 1986/2155/2337 2004/2173/2355 
f 2005/2174/2356 2003/2172/2354 2004/2173/2355 
f 1956/2125/2307 1975/2144/2326 1953/2122/2304 
f 1954/2123/2305 1953/2122/2304 1977/2146/2328 
f 2006/2175/2357 2007/2176/2358 1981/2150/2332 
f 1980/2149/2331 2006/2175/2357 1981/2150/2332 
f 2008/2177/2359 2009/2178/2360 2010/2179/2361 
f 2011/2180/2362 2012/2181/2363 2003/2172/2354 
f 2013/2182/2364 2014/2183/2365 2015/2184/2366 
f 2016/2185/2367 2013/2182/2364 2015/2184/2366 
f 2017/2186/2368 2018/2187/2369 2019/2188/2370 
f 2020/2189/2371 2019/2188/2370 2021/2190/2372 
f 2003/2172/2354 2012/2181/2363 2022/2191/2373 
f 2009/2178/2360 2023/2192/2374 2010/2179/2361 
f 2024/2193/2375 2025/2194/2376 2026/2195/2377 
f 2027/2196/2378 2024/2193/2375 2026/2195/2377 
f 2005/2174/2356 2004/2173/2355 1970/2139/2321 
f 2028/2197/2379 2005/2174/2356 1970/2139/2321 
f 2027/2196/2378 2011/2180/2362 2029/2198/2380 
f 2024/2193/2375 2027/2196/2378 2029/2198/2380 
f 1981/2150/2332 2007/2176/2358 1974/2143/2325 
f 2024/2193/2375 2006/2175/2357 2025/2194/2376 
f 2030/2199/2381 2031/2200/2382 2032/2201/2383 
f 2033/2202/2384 2031/2200/2382 2034/2203/2385 
f 2035/2204/2386 2036/2205/2387 2037/2206/2388 
f 2031/2200/2382 2033/2202/2384 2032/2201/2383 
f 2032/2201/2383 2033/2202/2384 2036/2205/2387 
f 2038/2207/2389 1997/2166/2348 1988/2157/2339 
f 2039/2208/2390 2037/2206/2388 2040/2209/2391 
f 2037/2206/2388 2041/2210/2392 2042/2211/2393 
f 2043/2212/2394 1987/2156/2338 2022/2191/2373 
f 2044/2213/2395 2043/2212/2394 2022/2191/2373 
f 2045/2214/2396 2046/2215/2397 2047/2216/2398 
f 2010/2179/2361 2040/2209/2391 2048/2217/2399 
f 1998/2167/2349 2043/2212/2394 2044/2213/2395 
f 1988/2157/2339 1998/2167/2349 2044/2213/2395 
f 1970/2139/2321 2004/2173/2355 2049/2218/2400 
f 2049/2218/2400 2004/2173/2355 1986/2155/2337 
f 2050/2219/2401 2051/2220/2402 2052/2221/2403 
f 1967/2222/2404 1959/2223/2405 2053/2224/2406 
f 1976/2145/2327 1975/2144/2326 2054/2225/2407 
f 2055/2226/2408 2053/2224/2406 2056/2227/2409 
f 2057/2228/2410 2058/2229/2411 2059/2230/2412 
f 2060/2231/2413 2057/2228/2410 2059/2230/2412 
f 2061/2232/2414 2062/2233/2415 2063/2234/2416 
f 2064/2235/2417 2061/2232/2414 2063/2234/2416 
f 2063/2234/2416 2062/2233/2415 2060/2231/2413 
f 2055/2226/2408 2056/2227/2409 2065/2236/2418 
f 1957/2126/2308 2066/2237/2419 2067/2238/2420 
f 1965/2134/2316 2068/2239/2421 1961/2130/2312 
f 2066/2237/2419 2069/2240/2422 2067/2238/2420 
f 1961/2130/2312 2068/2239/2421 1956/2125/2307 
f 1960/2241/2423 1955/2242/2424 1963/2132/2314 
f 1956/2125/2307 1955/2124/2306 1960/2129/2311 
f 2070/2243/2425 2071/2244/2426 2072/2245/2427 
f 2073/2246/2428 2074/2247/2429 2075/2248/2430 
f 2072/2245/2427 2071/2244/2426 2076/2249/2431 
f 2077/2250/2432 2072/2245/2427 2076/2249/2431 
f 2078/2251/2433 2079/2252/2434 2080/2253/2435 
f 2020/2189/2371 2078/2251/2433 2080/2253/2435 
f 2081/2254/2436 2082/2255/2437 2083/2256/2438 
f 2084/2257/2439 2085/2258/2440 2081/2254/2436 
f 2066/2237/2419 1957/2126/2308 1966/2259/2441 
f 2086/2260/2442 2066/2237/2419 1966/2259/2441 
f 2049/2218/2400 1982/2151/2333 1985/2154/2336 
f 2087/2261/2443 2049/2218/2400 1985/2154/2336 
f 2054/2225/2407 1975/2144/2326 2068/2239/2421 
f 2061/2232/2414 2064/2235/2417 2088/2262/2444 
f 2089/2263/2445 2090/2264/2446 2087/2261/2443 
f 2091/2265/2447 2068/2239/2421 2092/2266/2448 
f 2093/2267/2449 1972/2141/2323 2069/2240/2422 
f 2066/2237/2419 2093/2267/2449 2069/2240/2422 
f 1960/2241/2423 1962/2131/2313 2093/2267/2449 
f 2094/2268/2450 1960/2241/2423 2093/2267/2449 
f 1962/2131/2313 1960/2241/2423 1963/2132/2314 
f 1960/2129/2311 2094/2269/2451 1961/2130/2312 
f 1962/2131/2313 1964/2133/2315 1972/2141/2323 
f 2093/2267/2449 1962/2131/2313 1972/2141/2323 
f 1974/2143/2325 1973/2142/2324 1978/2147/2329 
f 1981/2150/2332 1974/2143/2325 1978/2147/2329 
f 2028/2197/2379 1970/2139/2321 1968/2137/2319 
f 1974/2143/2325 2028/2197/2379 1968/2137/2319 
f 1972/2141/2323 1969/2138/2320 2095/2270/2452 
f 2069/2240/2422 1972/2141/2323 2095/2270/2452 
f 2096/2271/2453 2095/2270/2452 1969/2138/2320 
f 1971/2140/2322 2096/2271/2453 1969/2138/2320 
f 2097/2272/2454 2098/2273/2455 2099/2274/2456 
f 2100/2275/2457 2097/2272/2454 2099/2274/2456 
f 2064/2235/2417 2101/2276/2458 2088/2262/2444 
f 2068/2239/2421 1975/2144/2326 1956/2125/2307 
f 1966/2259/2441 1957/2126/2308 1959/2128/2310 
f 2094/2269/2451 2086/2277/2459 1965/2134/2316 
f 2102/2278/2460 2067/2238/2420 2101/2276/2458 
f 2064/2235/2417 2102/2278/2460 2101/2276/2458 
f 2088/2262/2444 2096/2271/2453 2087/2261/2443 
f 2096/2271/2453 1971/2140/2322 2049/2218/2400 
f 2087/2261/2443 2096/2271/2453 2049/2218/2400 
f 2090/2264/2446 2088/2262/2444 2087/2261/2443 
f 2069/2240/2422 2095/2270/2452 2101/2276/2458 
f 1971/2140/2322 1970/2139/2321 2049/2218/2400 
f 2088/2262/2444 2101/2276/2458 2095/2270/2452 
f 2096/2271/2453 2088/2262/2444 2095/2270/2452 
f 2103/2279/2461 2071/2244/2426 2104/2280/2462 
f 2078/2251/2433 2105/2281/2463 2103/2279/2461 
f 2076/2249/2431 2071/2244/2426 2105/2281/2463 
f 2071/2244/2426 2070/2243/2425 2104/2280/2462 
f 2078/2251/2433 2104/2280/2462 2106/2282/2464 
f 2070/2243/2425 2107/2283/2465 2108/2284/2466 
f 2104/2280/2462 2078/2251/2433 2103/2279/2461 
f 2104/2280/2462 2108/2284/2466 2106/2282/2464 
f 2081/2254/2436 2085/2258/2440 2082/2255/2437 
f 2109/2285/2467 2081/2254/2436 2083/2256/2438 
f 2110/2286/2468 2111/2287/2469 2112/2288/2470 
f 2113/2289/2471 2114/2290/2472 2115/2291/2473 
f 2110/2286/2468 2116/2292/2474 2117/2293/2475 
f 2118/2294/2476 2119/2295/2477 2120/2296/2478 
f 2121/2297/2479 2122/2298/2480 2123/2299/2481 
f 2122/2298/2480 2124/2300/2482 2125/2301/2483 
f 2126/2302/2484 2127/2303/2485 2128/2304/2486 
f 2121/2297/2479 2124/2300/2482 2122/2298/2480 
f 2129/2305/2487 2077/2250/2432 2130/2306/2488 
f 2074/2247/2429 2129/2305/2487 2130/2306/2488 
f 2131/2307/2489 2132/2308/2490 2133/2309/2491 
f 2134/2310/2492 2131/2307/2489 2133/2309/2491 
f 2135/2311/2493 2136/2312/2494 2137/2313/2495 
f 2030/2199/2381 2032/2201/2383 2138/2314/2496 
f 2139/2315/2497 2140/2316/2498 2141/2317/2499 
f 2034/2203/2385 2139/2315/2497 2141/2317/2499 
f 1990/2159/2341 2139/2315/2497 2142/2318/2500 
f 2143/2319/2501 1990/2159/2341 2142/2318/2500 
f 2016/2185/2367 2042/2211/2393 2144/2320/2502 
f 2013/2182/2364 2016/2185/2367 2144/2320/2502 
f 2144/2320/2502 2141/2317/2499 2140/2316/2498 
f 2013/2182/2364 2144/2320/2502 2140/2316/2498 
f 2145/2321/2503 2146/2322/2504 2147/2323/2505 
f 2148/2324/2506 2149/2325/2507 2150/2326/2508 
f 2146/2322/2504 2151/2327/2509 2027/2196/2378 
f 2026/2195/2377 2146/2322/2504 2027/2196/2378 
f 2147/2323/2505 2152/2328/2510 2145/2321/2503 
f 2150/2326/2508 2151/2327/2509 2145/2321/2503 
f 2148/2324/2506 2008/2177/2359 2149/2325/2507 
f 2152/2328/2510 2148/2324/2506 2145/2321/2503 
f 2115/2291/2473 2153/2329/2511 2154/2330/2512 
f 2155/2331/2513 2115/2291/2473 2154/2330/2512 
f 2156/2332/2514 2154/2330/2512 2157/2333/2515 
f 2158/2334/2516 2156/2332/2514 2157/2333/2515 
f 2159/2335/2517 2160/2336/2518 2158/2334/2516 
f 2161/2337/2519 2159/2335/2517 2158/2334/2516 
f 2155/2331/2513 2154/2330/2512 2156/2332/2514 
f 2162/2338/2520 2158/2334/2516 2160/2336/2518 
f 2163/2339/2521 2164/2340/2522 2165/2341/2523 
f 2166/2342/2524 2163/2339/2521 2165/2341/2523 
f 2167/2343/2525 1991/2160/2342 2168/2344/2526 
f 2169/2345/2527 1991/2160/2342 1993/2162/2344 
f 2167/2343/2525 2170/2346/2528 1991/2160/2342 
f 2171/2347/2529 2170/2346/2528 2172/2348/2530 
f 2165/2341/2523 2126/2302/2484 2173/2349/2531 
f 2170/2346/2528 2171/2347/2529 1991/2160/2342 
f 2011/2180/2362 2003/2172/2354 2005/2174/2356 
f 2029/2198/2380 2011/2180/2362 2005/2174/2356 
f 2015/2184/2366 2014/2183/2365 2044/2213/2395 
f 2022/2191/2373 2015/2184/2366 2044/2213/2395 
f 2014/2183/2365 2013/2182/2364 2140/2316/2498 
f 1989/2158/2340 2014/2183/2365 2140/2316/2498 
f 2027/2196/2378 2012/2181/2363 2011/2180/2362 
f 2151/2327/2509 2012/2181/2363 2027/2196/2378 
f 2078/2251/2433 2106/2282/2464 2079/2252/2434 
f 2174/2350/2532 2175/2351/2533 2176/2352/2534 
f 2177/2353/2535 2178/2354/2536 2179/2355/2537 
f 2177/2353/2535 2109/2356/2538 2178/2354/2536 
f 2078/2251/2433 2020/2189/2371 2105/2281/2463 
f 2071/2244/2426 2103/2279/2461 2105/2281/2463 
f 2180/2357/2539 2020/2189/2371 2021/2190/2372 
f 2020/2189/2371 2180/2357/2539 2105/2281/2463 
f 2181/2358/2540 2182/2359/2541 2183/2360/2542 
f 2184/2361/2543 2185/2362/2544 2186/2363/2545 
f 2187/2364/2546 2075/2248/2430 2188/2365/2547 
f 2183/2360/2542 2187/2364/2546 2188/2365/2547 
f 2180/2357/2539 2021/2190/2372 2189/2366/2548 
f 2190/2367/2549 2174/2350/2532 2176/2352/2534 
f 2105/2281/2463 2180/2357/2539 2076/2249/2431 
f 2021/2190/2372 2185/2362/2544 2189/2366/2548 
f 2114/2290/2472 2191/2368/2550 2192/2369/2551 
f 2153/2329/2511 2114/2290/2472 2192/2369/2551 
f 2076/2249/2431 2189/2366/2548 2077/2250/2432 
f 2153/2329/2511 2115/2291/2473 2114/2290/2472 
f 2119/2295/2477 2193/2370/2552 2120/2296/2478 
f 2193/2370/2552 2119/2295/2477 2194/2371/2553 
f 2195/2372/2554 2120/2296/2478 2193/2370/2552 
f 2191/2368/2550 2195/2372/2554 2193/2370/2552 
f 2196/2373/2555 2197/2374/2556 2198/2375/2557 
f 2196/2373/2555 2199/2376/2558 2200/2377/2559 
f 2201/2378/2560 2107/2283/2465 2202/2379/2561 
f 2203/2380/2562 2204/2381/2563 2091/2265/2447 
f 2181/2358/2540 2183/2360/2542 2188/2365/2547 
f 2205/2382/2564 2181/2358/2540 2188/2365/2547 
f 2206/2383/2565 2207/2384/2566 2073/2246/2428 
f 2204/2381/2563 2054/2225/2407 2091/2265/2447 
f 2023/2192/2374 2208/2385/2567 2209/2386/2568 
f 2039/2208/2390 2023/2192/2374 2209/2386/2568 
f 2210/2387/2569 2211/2388/2570 2209/2386/2568 
f 2208/2385/2567 2210/2387/2569 2209/2386/2568 
f 2212/2389/2571 2213/2390/2572 2214/2391/2573 
f 2215/2392/2574 2212/2389/2571 2214/2391/2573 
f 2216/2393/2575 2165/2341/2523 2173/2349/2531 
f 2217/2394/2576 2216/2393/2575 2173/2349/2531 
f 2218/2395/2577 2047/2216/2398 2219/2396/2578 
f 2220/2397/2579 2218/2395/2577 2219/2396/2578 
f 2213/2390/2572 2221/2398/2580 2222/2399/2581 
f 2214/2391/2573 2213/2390/2572 2222/2399/2581 
f 2214/2391/2573 2222/2399/2581 2223/2400/2582 
f 2224/2401/2583 2214/2391/2573 2223/2400/2582 
f 2223/2400/2582 2225/2402/2584 2203/2380/2562 
f 2224/2403/2585 2223/2400/2582 2203/2380/2562 
f 1996/2165/2347 2226/2404/2586 2227/2405/2587 
f 2043/2212/2394 1998/2167/2349 2228/2406/2588 
f 2229/2407/2589 2230/2408/2590 2231/2409/2591 
f 2046/2215/2397 2045/2214/2396 2229/2407/2589 
f 1990/2159/2341 2143/2319/2501 2038/2207/2389 
f 2232/2410/2592 2135/2311/2493 2137/2313/2495 
f 2233/2411/2593 2207/2384/2566 2234/2412/2594 
f 2092/2266/2448 2224/2403/2585 2091/2265/2447 
f 1987/2156/2338 2043/2212/2394 2235/2413/2595 
f 1983/2152/2334 1987/2156/2338 2235/2413/2595 
f 1982/2151/2333 2049/2218/2400 1986/2155/2337 
f 1985/2154/2336 2089/2263/2445 2087/2261/2443 
f 2236/2414/2596 1997/2166/2348 2038/2207/2389 
f 2237/2415/2597 2236/2414/2596 2038/2207/2389 
f 2061/2232/2414 2088/2262/2444 2090/2264/2446 
f 2091/2265/2447 2054/2225/2407 2068/2239/2421 
f 2238/2416/2598 2239/2417/2599 2240/2418/2600 
f 2241/2419/2601 2238/2416/2598 2240/2418/2600 
f 2242/2420/2602 2243/2421/2603 2244/2422/2604 
f 2242/2420/2602 2244/2422/2604 2245/2423/2605 
f 2241/2419/2601 2246/2424/2606 2238/2416/2598 
f 2244/2422/2604 2247/2425/2607 2245/2423/2605 
f 2246/2424/2606 2241/2419/2601 2248/2426/2608 
f 2243/2421/2603 2249/2427/2609 2244/2422/2604 
f 2250/2428/2610 2251/2429/2611 2252/2430/2612 
f 2253/2431/2613 2254/2432/2614 2255/2433/2615 
f 2250/2428/2610 2256/2434/2616 2257/2435/2617 
f 2253/2431/2613 2250/2428/2610 2257/2435/2617 
f 2258/2436/2618 2245/2423/2605 2259/2437/2619 
f 2247/2425/2607 2240/2418/2600 2260/2438/2620 
f 2261/2439/2621 2247/2425/2607 2244/2422/2604 
f 2261/2439/2621 2241/2419/2601 2240/2418/2600 
f 2245/2423/2605 2258/2436/2618 2262/2440/2622 
f 2263/2441/2623 2245/2423/2605 2262/2440/2622 
f 2264/2442/2624 2265/2443/2625 2263/2441/2623 
f 2262/2440/2622 2264/2442/2624 2263/2441/2623 
f 2266/2444/2626 2267/2445/2627 2268/2446/2628 
f 2269/2447/2629 2270/2448/2630 2268/2446/2628 
f 2271/2449/2631 2272/2450/2632 2273/2451/2633 
f 2274/2452/2634 2272/2450/2632 2271/2449/2631 
f 2275/2453/2635 2269/2447/2629 2276/2454/2636 
f 2270/2448/2630 2269/2447/2629 2275/2453/2635 
f 2277/2455/2637 2278/2456/2638 2267/2445/2627 
f 2269/2447/2629 2278/2456/2638 2276/2454/2636 
f 2263/2441/2623 2242/2420/2602 2245/2423/2605 
f 2242/2420/2602 2263/2441/2623 2265/2443/2625 
f 2279/2457/2639 2276/2454/2636 2274/2452/2634 
f 2265/2443/2625 2264/2442/2624 2280/2458/2640 
f 2281/2459/2641 2282/2460/2642 2283/2461/2643 
f 2284/2462/2644 2281/2459/2641 2283/2461/2643 
f 2285/2463/2645 2286/2464/2646 2284/2462/2644 
f 2283/2461/2643 2285/2463/2645 2284/2462/2644 
f 2287/2465/2647 2265/2443/2625 2280/2458/2640 
f 2288/2466/2648 2265/2443/2625 2287/2465/2647 
f 2284/2462/2644 2289/2467/2649 2290/2468/2650 
f 2281/2459/2641 2284/2462/2644 2290/2468/2650 
f 2291/2469/2651 2285/2463/2645 2283/2461/2643 
f 2292/2470/2652 2291/2469/2651 2283/2461/2643 
f 2293/2471/2653 2294/2472/2654 2295/2473/2655 
f 2296/2474/2656 2297/2475/2657 2298/2476/2658 
f 2299/2477/2659 2292/2470/2652 2300/2478/2660 
f 2301/2479/2661 2299/2477/2659 2300/2478/2660 
f 2280/2458/2640 2300/2478/2660 2282/2460/2642 
f 2287/2465/2647 2280/2458/2640 2282/2460/2642 
f 2302/2480/2662 2303/2481/2663 2255/2433/2615 
f 2276/2454/2636 2278/2456/2638 2274/2452/2634 
f 2280/2458/2640 2264/2442/2624 2277/2455/2637 
f 2277/2455/2637 2272/2450/2632 2274/2452/2634 
f 2301/2479/2661 2266/2444/2626 2299/2477/2659 
f 2304/2482/2664 2299/2477/2659 2268/2446/2628 
f 2262/2440/2622 2273/2451/2633 2272/2450/2632 
f 2264/2442/2624 2262/2440/2622 2272/2450/2632 
f 2285/2463/2645 2297/2475/2657 2286/2464/2646 
f 2288/2466/2648 2242/2420/2602 2265/2443/2625 
f 2290/2468/2650 2288/2466/2648 2287/2465/2647 
f 2243/2421/2603 2242/2420/2602 2288/2466/2648 
f 2305/2483/2665 2260/2438/2620 2306/2484/2666 
f 2307/2485/2667 2305/2483/2665 2306/2484/2666 
f 2261/2439/2621 2249/2427/2609 2248/2426/2608 
f 2244/2422/2604 2249/2427/2609 2261/2439/2621 
f 2308/2486/2668 2309/2487/2669 2310/2488/2670 
f 1893/2489/2671 2311/2490/2672 2312/2491/2673 
f 2308/2486/2668 2313/2492/2674 2309/2487/2669 
f 2309/2487/2669 2314/2493/2675 2310/2488/2670 
f 2315/2494/2676 2316/2495/2677 2317/2496/2678 
f 2318/2497/2679 2315/2494/2676 2317/2496/2678 
f 2319/2498/2680 2315/2494/2676 2320/2499/2681 
f 2315/2494/2676 2318/2497/2679 2320/2499/2681 
f 2321/2500/2682 2322/2501/2683 2323/2502/2684 
f 2324/2503/2685 2321/2500/2682 2323/2502/2684 
f 2324/2503/2685 2323/2502/2684 2325/2504/2686 
f 2326/2505/2687 2324/2503/2685 2325/2504/2686 
f 2321/2500/2682 2324/2503/2685 2327/2506/2688 
f 2323/2502/2684 2328/2507/2689 2329/2508/2690 
f 2270/2448/2630 2330/2509/2691 2321/2500/2682 
f 2323/2502/2684 2322/2501/2683 2328/2507/2689 
f 2331/2510/2692 2332/2511/2693 2333/2512/2694 
f 2334/2513/2695 2331/2510/2692 2333/2512/2694 
f 2335/2514/2696 2336/2515/2697 2322/2501/2683 
f 2330/2509/2691 2322/2501/2683 2321/2500/2682 
f 2282/2460/2642 2300/2478/2660 2292/2470/2652 
f 2283/2461/2643 2282/2460/2642 2292/2470/2652 
f 2282/2460/2642 2281/2459/2641 2290/2468/2650 
f 2287/2465/2647 2282/2460/2642 2290/2468/2650 
f 2288/2466/2648 2290/2468/2650 2289/2467/2649 
f 2337/2516/2698 2288/2466/2648 2289/2467/2649 
f 2338/2517/2699 2337/2516/2698 2289/2467/2649 
f 2339/2518/2700 2338/2517/2699 2289/2467/2649 
f 2337/2516/2698 2340/2519/2701 2341/2520/2702 
f 2342/2521/2703 2343/2522/2704 2248/2426/2608 
f 2243/2421/2603 2337/2516/2698 2341/2520/2702 
f 2337/2516/2698 2243/2421/2603 2288/2466/2648 
f 2340/2519/2701 2344/2523/2705 2341/2520/2702 
f 2345/2524/2706 2346/2525/2707 2347/2526/2708 
f 2249/2427/2609 2342/2521/2703 2248/2426/2608 
f 2341/2520/2702 2249/2427/2609 2243/2421/2603 
f 2343/2522/2704 2348/2527/2709 2349/2528/2710 
f 2246/2424/2606 2248/2426/2608 2343/2522/2704 
f 2348/2527/2709 2343/2522/2704 2350/2529/2711 
f 2342/2521/2703 2249/2427/2609 2341/2520/2702 
f 2351/2530/2712 2352/2531/2713 2353/2532/2714 
f 2354/2533/2715 2351/2530/2712 2353/2532/2714 
f 2355/2534/2716 2353/2532/2714 2352/2531/2713 
f 2356/2535/2717 2357/2536/2718 2358/2537/2719 
f 2344/2523/2705 2345/2524/2706 2347/2526/2708 
f 2350/2529/2711 2347/2526/2708 2346/2525/2707 
f 2340/2519/2701 2337/2516/2698 2351/2530/2712 
f 2340/2519/2701 2351/2530/2712 2354/2533/2715 
f 2300/2478/2660 2280/2458/2640 2301/2479/2661 
f 2278/2456/2638 2269/2447/2629 2267/2445/2627 
f 2277/2455/2637 2264/2442/2624 2272/2450/2632 
f 2280/2458/2640 2277/2455/2637 2301/2479/2661 
f 2304/2482/2664 2291/2469/2651 2292/2470/2652 
f 2299/2477/2659 2304/2482/2664 2292/2470/2652 
f 2359/2538/2720 2360/2539/2721 2361/2540/2722 
f 2362/2541/2723 2360/2539/2721 2363/2542/2724 
f 2266/2444/2626 2301/2479/2661 2267/2445/2627 
f 2266/2444/2626 2268/2446/2628 2299/2477/2659 
f 2267/2445/2627 2269/2447/2629 2268/2446/2628 
f 2301/2479/2661 2277/2455/2637 2267/2445/2627 
f 2291/2469/2651 2298/2476/2658 2285/2463/2645 
f 2298/2476/2658 2291/2469/2651 2304/2482/2664 
f 2330/2509/2691 2270/2448/2630 2275/2453/2635 
f 2278/2456/2638 2277/2455/2637 2274/2452/2634 
f 2364/2543/2725 2365/2544/2726 2366/2545/2727 
f 2367/2546/2728 2364/2543/2725 2366/2545/2727 
f 2368/2547/2729 2369/2548/2730 2364/2543/2725 
f 2367/2546/2728 2368/2547/2729 2364/2543/2725 
f 2370/2549/2731 2371/2550/2732 2365/2544/2726 
f 2372/2551/2733 2373/2552/2734 2374/2553/2735 
f 2375/2554/2736 2376/2555/2737 2377/2556/2738 
f 2378/2557/2739 2379/2558/2740 2380/2559/2741 
f 2381/2560/2742 2382/2561/2743 2383/2562/2744 
f 2384/2563/2745 2381/2560/2742 2383/2562/2744 
f 2376/2555/2737 2375/2554/2736 2384/2563/2745 
f 2385/2564/2746 2376/2555/2737 2384/2563/2745 
f 2386/2565/2747 2387/2566/2748 2378/2557/2739 
f 2378/2557/2739 2388/2567/2749 2389/2568/2750 
f 2378/2557/2739 2387/2566/2748 2390/2569/2751 
f 2379/2558/2740 2378/2557/2739 2390/2569/2751 
f 2391/2570/2752 2364/2543/2725 2369/2548/2730 
f 2392/2571/2753 2391/2570/2752 2369/2548/2730 
f 2390/2569/2751 2393/2572/2754 2394/2573/2755 
f 2379/2558/2740 2390/2569/2751 2394/2573/2755 
f 2395/2574/2756 2383/2562/2744 2396/2575/2757 
f 2397/2576/2758 2395/2574/2756 2396/2575/2757 
f 2383/2562/2744 2395/2574/2756 2385/2564/2746 
f 2384/2563/2745 2383/2562/2744 2385/2564/2746 
f 2390/2569/2751 2387/2566/2748 2225/2402/2584 
f 2225/2402/2584 2387/2566/2748 1976/2145/2327 
f 2225/2402/2584 1976/2145/2327 2204/2381/2563 
f 2203/2380/2562 2225/2402/2584 2204/2381/2563 
f 2394/2573/2755 2398/2577/2759 2379/2558/2740 
f 2399/2578/2760 2398/2577/2759 2394/2573/2755 
f 2398/2579/2761 2400/2580/2762 2397/2576/2758 
f 2379/2558/2740 2401/2581/2763 2380/2559/2741 
f 2392/2571/2753 2369/2548/2730 2402/2582/2764 
f 2370/2583/2765 2399/2578/2760 2394/2573/2755 
f 2364/2543/2725 2391/2570/2752 2403/2584/2766 
f 2365/2544/2726 2364/2543/2725 2403/2584/2766 
f 2392/2571/2753 2404/2585/2767 2405/2586/2768 
f 2391/2570/2752 2392/2571/2753 2405/2586/2768 
f 2391/2570/2752 2405/2586/2768 2400/2580/2762 
f 2403/2584/2766 2391/2570/2752 2400/2580/2762 
f 2110/2286/2468 2117/2293/2475 2111/2287/2469 
f 2117/2293/2475 2123/2299/2481 2111/2287/2469 
f 2406/2587/2769 2407/2588/2770 2113/2289/2471 
f 2408/2589/2771 2406/2587/2769 2113/2289/2471 
f 2233/2411/2593 2234/2412/2594 2202/2379/2561 
f 2406/2587/2769 2179/2355/2537 2407/2588/2770 
f 2409/2590/2772 2206/2383/2565 2410/2591/2773 
f 2409/2590/2772 2123/2299/2481 2206/2383/2565 
f 2387/2566/2748 2411/2592/2774 1976/2145/2327 
f 2411/2592/2774 1977/2146/2328 1976/2145/2327 
f 2412/2593/2775 2411/2592/2774 2387/2566/2748 
f 1977/2146/2328 2411/2592/2774 2412/2593/2775 
f 2052/2221/2403 2413/2594/2776 2055/2226/2408 
f 2052/2221/2403 2055/2226/2408 2050/2219/2401 
f 2092/2595/2777 2413/2594/2776 2052/2221/2403 
f 2413/2594/2776 1967/2222/2404 2055/2226/2408 
f 2414/2596/2778 2388/2597/2779 2380/2598/2780 
f 2396/2575/2757 2414/2596/2778 2380/2598/2780 
f 2383/2562/2744 2382/2561/2743 2414/2596/2778 
f 2396/2575/2757 2383/2562/2744 2414/2596/2778 
f 2415/2599/2781 2416/2600/2782 2417/2601/2783 
f 2386/2565/2747 2378/2557/2739 2389/2568/2750 
f 2397/2576/2758 2396/2575/2757 2380/2598/2780 
f 2401/2602/2784 2397/2576/2758 2380/2598/2780 
f 2418/2603/2785 2357/2536/2718 2367/2546/2728 
f 2366/2545/2727 2418/2603/2785 2367/2546/2728 
f 2418/2603/2785 2366/2545/2727 2371/2550/2732 
f 2419/2604/2786 2418/2603/2785 2371/2550/2732 
f 2368/2547/2729 2420/2605/2787 2369/2548/2730 
f 2419/2606/2788 2372/2551/2733 2374/2553/2735 
f 2371/2550/2732 2366/2545/2727 2365/2544/2726 
f 2419/2606/2788 2371/2607/2789 2372/2551/2733 
f 2419/2604/2786 2374/2608/2790 2358/2537/2719 
f 2418/2603/2785 2419/2604/2786 2358/2537/2719 
f 2357/2536/2718 2418/2603/2785 2358/2537/2719 
f 2367/2546/2728 2357/2536/2718 2368/2547/2729 
f 2394/2573/2755 2393/2572/2754 2421/2609/2791 
f 2421/2609/2791 2370/2583/2765 2394/2573/2755 
f 2371/2607/2789 2370/2583/2765 2421/2609/2791 
f 2372/2551/2733 2371/2607/2789 2421/2609/2791 
f 2357/2536/2718 2422/2610/2792 2368/2547/2729 
f 2420/2605/2787 2355/2534/2716 2352/2531/2713 
f 2352/2531/2713 2423/2611/2793 2402/2582/2764 
f 2423/2611/2793 2352/2531/2713 2351/2530/2712 
f 2424/2612/2794 2425/2613/2795 2426/2614/2796 
f 2427/2615/2797 2424/2612/2794 2426/2614/2796 
f 2428/2616/2798 2429/2617/2799 2430/2618/2800 
f 2422/2610/2792 2431/2619/2801 2355/2534/2716 
f 2420/2605/2787 2368/2547/2729 2422/2610/2792 
f 2355/2534/2716 2420/2605/2787 2422/2610/2792 
f 2420/2605/2787 2402/2582/2764 2369/2548/2730 
f 2420/2605/2787 2352/2531/2713 2402/2582/2764 
f 2289/2467/2649 2284/2462/2644 2286/2464/2646 
f 2339/2518/2700 2289/2467/2649 2286/2464/2646 
f 2338/2517/2699 2423/2611/2793 2351/2530/2712 
f 2337/2516/2698 2338/2517/2699 2351/2530/2712 
f 2067/2238/2420 2102/2278/2460 1958/2127/2309 
f 1957/2126/2308 2067/2238/2420 1958/2127/2309 
f 2066/2237/2419 2086/2260/2442 2094/2268/2450 
f 2093/2267/2449 2066/2237/2419 2094/2268/2450 
f 2220/2397/2579 2219/2396/2578 2432/2620/2802 
f 1967/2136/2318 2413/2621/2803 1965/2134/2316 
f 2068/2239/2421 2413/2621/2803 2092/2266/2448 
f 2413/2621/2803 2068/2239/2421 1965/2134/2316 
f 2399/2622/2804 2403/2584/2766 2400/2580/2762 
f 2398/2579/2761 2399/2622/2804 2400/2580/2762 
f 2370/2549/2731 2365/2544/2726 2403/2584/2766 
f 2399/2622/2804 2370/2549/2731 2403/2584/2766 
f 2393/2572/2754 2433/2623/2805 2372/2551/2733 
f 2421/2609/2791 2393/2572/2754 2372/2551/2733 
f 2434/2624/2806 2435/2625/2807 2373/2552/2734 
f 2372/2551/2733 2433/2623/2805 2373/2552/2734 
f 1946/2626/2808 2436/2627/2809 2437/2628/2810 
f 1943/2629/2811 1946/2626/2808 2437/2628/2810 
f 2438/2630/2812 2439/2631/2813 2440/2632/2814 
f 2438/2633/2815 1946/2626/2808 1888/2634/2816 
f 2019/2188/2370 2080/2253/2435 2017/2186/2368 
f 2018/2187/2369 2021/2190/2372 2019/2188/2370 
f 2079/2252/2434 2441/2635/2817 2442/2636/2818 
f 2080/2253/2435 2079/2252/2434 2442/2636/2818 
f 1966/2135/2317 1959/2637/2819 1967/2136/2318 
f 2067/2238/2420 2069/2240/2422 2101/2276/2458 
f 1961/2130/2312 2094/2269/2451 1965/2134/2316 
f 1966/2135/2317 1965/2134/2316 2086/2277/2459 
f 2052/2221/2403 2434/2624/2806 2212/2389/2571 
f 2051/2220/2402 2434/2624/2806 2052/2221/2403 
f 2102/2278/2460 2443/2638/2820 2444/2639/2821 
f 2050/2219/2401 2065/2236/2418 2426/2640/2822 
f 2445/2641/2823 2294/2472/2654 2293/2471/2653 
f 2445/2641/2823 2296/2474/2656 2294/2472/2654 
f 2297/2475/2657 2446/2642/2824 2286/2464/2646 
f 2338/2517/2699 2339/2518/2700 2447/2643/2825 
f 2448/2644/2826 2449/2645/2827 2445/2641/2823 
f 2450/2646/2828 2451/2647/2829 2452/2648/2830 
f 2296/2474/2656 2445/2641/2823 2453/2649/2831 
f 2445/2641/2823 2450/2646/2828 2453/2649/2831 
f 2449/2645/2827 2450/2646/2828 2445/2641/2823 
f 2454/2650/2832 2451/2647/2829 2455/2651/2833 
f 2456/2652/2834 2457/2653/2835 2458/2654/2836 
f 2459/2655/2837 2456/2652/2834 2458/2654/2836 
f 2460/2656/2838 2454/2650/2832 2455/2651/2833 
f 2452/2648/2830 2456/2652/2834 2338/2517/2699 
f 2457/2653/2835 2451/2647/2829 2454/2650/2832 
f 2377/2556/2738 2457/2653/2835 2454/2650/2832 
f 2294/2472/2654 2296/2474/2656 2298/2476/2658 
f 2446/2642/2824 2297/2475/2657 2296/2474/2656 
f 2447/2643/2825 2339/2518/2700 2446/2642/2824 
f 2449/2645/2827 2455/2651/2833 2450/2646/2828 
f 2381/2560/2742 2461/2657/2839 2462/2658/2840 
f 2463/2659/2841 2381/2560/2742 2462/2658/2840 
f 2375/2554/2736 2464/2660/2842 2465/2661/2843 
f 2464/2660/2842 2375/2554/2736 2377/2556/2738 
f 2423/2611/2793 2456/2652/2834 2459/2655/2837 
f 2402/2582/2764 2423/2611/2793 2459/2655/2837 
f 2456/2652/2834 2423/2611/2793 2338/2517/2699 
f 2455/2651/2833 2451/2647/2829 2450/2646/2828 
f 2452/2648/2830 2338/2517/2699 2447/2643/2825 
f 2339/2518/2700 2286/2464/2646 2446/2642/2824 
f 2452/2648/2830 2451/2647/2829 2457/2653/2835 
f 2456/2652/2834 2452/2648/2830 2457/2653/2835 
f 2221/2398/2580 2433/2623/2805 2393/2572/2754 
f 1872/2043/2217 2466/2662/2844 1947/2117/2298 
f 2430/2618/2800 2467/2663/2845 2428/2616/2798 
f 2468/2664/2846 2469/2665/2847 1851/2025/2196 
f 2314/2493/2675 2312/2491/2673 2310/2488/2670 
f 2469/2665/2847 2470/2666/2848 2471/2667/2849 
f 2472/2668/2850 2308/2486/2668 2473/2669/2851 
f 2474/2670/2852 2475/2671/2853 1934/2102/2283 
f 2476/2672/2854 2477/2673/2855 2478/2674/2856 
f 2479/2675/2857 2480/2676/2858 2481/2677/2859 
f 2480/2676/2858 2479/2675/2857 2482/2678/2860 
f 2481/2677/2859 2480/2676/2858 2483/2679/2861 
f 2478/2674/2856 2477/2673/2855 2484/2680/2862 
f 2481/2677/2859 2478/2674/2856 2484/2680/2862 
f 2485/2681/2863 2486/2682/2864 2487/2683/2865 
f 2485/2681/2863 2488/2684/2866 2483/2679/2861 
f 2489/2685/2867 2417/2601/2783 1893/2489/2671 
f 2490/2686/2868 2491/2687/2869 2492/2688/2870 
f 2439/2631/2813 2493/2689/2871 2471/2667/2849 
f 1944/2690/2872 2190/2367/2549 1913/2691/2873 
f 2417/2601/2783 2489/2685/2867 2494/2692/2874 
f 2429/2617/2799 1872/2043/2217 2495/2693/2875 
f 2486/2682/2864 2496/2694/2876 2487/2683/2865 
f 2476/2672/2854 2488/2684/2866 2497/2695/2877 
f 2110/2286/2468 2498/2696/2878 2116/2292/2474 
f 2085/2258/2440 2499/2697/2879 2500/2698/2880 
f 2496/2694/2876 2501/2699/2881 2487/2683/2865 
f 2472/2668/2850 2430/2618/2800 2313/2492/2674 
f 2502/2700/2882 2483/2679/2861 2480/2676/2858 
f 2478/2674/2856 2481/2677/2859 2483/2679/2861 
f 2327/2506/2688 2295/2473/2655 2304/2482/2664 
f 2503/2701/2883 2327/2506/2688 2304/2482/2664 
f 2270/2448/2630 2321/2500/2682 2503/2701/2883 
f 2503/2701/2883 2321/2500/2682 2327/2506/2688 
f 2295/2473/2655 2298/2476/2658 2304/2482/2664 
f 2294/2472/2654 2298/2476/2658 2295/2473/2655 
f 2448/2644/2826 2327/2506/2688 2324/2503/2685 
f 2326/2505/2687 2448/2644/2826 2324/2503/2685 
f 2326/2505/2687 2325/2504/2686 2460/2656/2838 
f 2455/2651/2833 2326/2505/2687 2460/2656/2838 
f 2504/2702/2884 2460/2656/2838 2325/2504/2686 
f 2329/2508/2690 2504/2702/2884 2325/2504/2686 
f 2504/2702/2884 2505/2703/2885 2454/2650/2832 
f 2460/2656/2838 2504/2702/2884 2454/2650/2832 
f 2455/2651/2833 2449/2645/2827 2448/2644/2826 
f 2326/2505/2687 2455/2651/2833 2448/2644/2826 
f 2506/2704/2886 2316/2495/2677 2315/2494/2676 
f 2319/2498/2680 2506/2704/2886 2315/2494/2676 
f 2464/2660/2842 2505/2703/2885 2507/2705/2887 
f 2465/2661/2843 2464/2660/2842 2507/2705/2887 
f 2461/2657/2839 2465/2661/2843 1952/2121/2303 
f 2465/2661/2843 2507/2705/2887 1952/2121/2303 
f 2463/2659/2841 2462/2658/2840 2508/2706/2888 
f 2509/2707/2889 2508/2706/2888 2462/2658/2840 
f 2448/2644/2826 2445/2641/2823 2293/2471/2653 
f 2510/2708/2890 2463/2659/2841 2508/2706/2888 
f 2511/2709/2891 2512/2710/2892 2000/2169/2351 
f 1999/2711/2893 2412/2593/2775 2511/2712/2894 
f 2412/2593/2775 1999/2711/2893 1977/2146/2328 
f 2386/2565/2747 2389/2568/2750 2511/2712/2894 
f 2513/2713/2895 2510/2708/2890 2514/2714/2896 
f 2515/2715/2897 2513/2713/2895 2514/2714/2896 
f 2405/2586/2768 2395/2574/2756 2397/2576/2758 
f 2400/2580/2762 2405/2586/2768 2397/2576/2758 
f 2401/2602/2784 2398/2579/2761 2397/2576/2758 
f 2398/2577/2759 2401/2581/2763 2379/2558/2740 
f 2461/2657/2839 2375/2554/2736 2465/2661/2843 
f 2459/2655/2837 2392/2571/2753 2402/2582/2764 
f 2381/2560/2742 2384/2563/2745 2375/2554/2736 
f 2461/2657/2839 2381/2560/2742 2375/2554/2736 
f 2392/2571/2753 2459/2655/2837 2458/2654/2836 
f 2404/2585/2767 2392/2571/2753 2458/2654/2836 
f 2405/2586/2768 2404/2585/2767 2385/2564/2746 
f 2395/2574/2756 2405/2586/2768 2385/2564/2746 
f 2376/2555/2737 2385/2564/2746 2404/2585/2767 
f 2458/2654/2836 2376/2555/2737 2404/2585/2767 
f 2457/2653/2835 2377/2556/2738 2376/2555/2737 
f 2458/2654/2836 2457/2653/2835 2376/2555/2737 
f 2328/2507/2689 2516/2716/2898 2517/2717/2899 
f 2329/2508/2690 2328/2507/2689 2517/2717/2899 
f 2268/2446/2628 2270/2448/2630 2503/2701/2883 
f 2325/2504/2686 2323/2502/2684 2329/2508/2690 
f 2453/2649/2831 2450/2646/2828 2452/2648/2830 
f 2447/2643/2825 2453/2649/2831 2452/2648/2830 
f 2453/2649/2831 2446/2642/2824 2296/2474/2656 
f 2447/2643/2825 2446/2642/2824 2453/2649/2831 
f 2333/2512/2694 2332/2511/2693 2518/2718/2900 
f 2519/2719/2901 2333/2512/2694 2518/2718/2900 
f 2330/2509/2691 2335/2514/2696 2322/2501/2683 
f 2520/2720/2902 2316/2495/2677 2521/2721/2903 
f 2318/2497/2679 2317/2496/2678 2522/2722/2904 
f 2523/2723/2905 2414/2596/2778 2524/2724/2906 
f 2454/2650/2832 2505/2703/2885 2464/2660/2842 
f 2377/2556/2738 2454/2650/2832 2464/2660/2842 
f 2525/2725/2907 2526/2726/2908 2527/2727/2909 
f 2528/2728/2910 2529/2729/2911 2530/2730/2912 
f 2528/2728/2910 2531/2731/2913 2532/2732/2914 
f 2532/2732/2914 2533/2733/2915 2529/2729/2911 
f 2526/2726/2908 2479/2675/2857 2481/2677/2859 
f 2484/2680/2862 2526/2726/2908 2481/2677/2859 
f 2534/2734/2916 2485/2681/2863 2483/2679/2861 
f 2502/2700/2882 2480/2676/2858 2482/2678/2860 
f 2535/2735/2917 2536/2736/2918 2472/2668/2850 
f 2473/2669/2851 2535/2735/2917 2472/2668/2850 
f 2537/2737/2919 2538/2738/2920 2539/2739/2921 
f 2538/2738/2920 2537/2737/2919 2540/2740/2922 
f 2541/2741/2923 2542/2742/2924 2543/2743/2925 
f 2544/2744/2926 2540/2740/2922 2537/2737/2919 
f 2479/2675/2857 2526/2726/2908 2543/2743/2925 
f 2482/2678/2860 2479/2675/2857 2543/2743/2925 
f 2543/2743/2925 2542/2742/2924 2529/2729/2911 
f 2526/2726/2908 2484/2680/2862 2527/2727/2909 
f 2544/2744/2926 2545/2745/2927 2530/2730/2912 
f 2542/2742/2924 2544/2744/2926 2530/2730/2912 
f 2546/2746/2928 2415/2599/2781 2547/2747/2929 
f 2548/2748/2930 2546/2746/2928 2547/2747/2929 
f 2528/2728/2910 2532/2732/2914 2529/2729/2911 
f 2549/2749/2931 2545/2745/2927 2550/2750/2932 
f 2551/2751/2933 2549/2749/2931 2550/2750/2932 
f 2551/2751/2933 2552/2752/2934 2549/2749/2931 
f 2553/2753/2935 2554/2754/2936 2555/2755/2937 
f 2556/2756/2938 2544/2744/2926 2537/2737/2919 
f 2533/2733/2915 2482/2678/2860 2529/2729/2911 
f 2553/2753/2935 2502/2700/2882 2533/2733/2915 
f 2544/2744/2926 2556/2756/2938 2545/2745/2927 
f 2556/2756/2938 2550/2750/2932 2545/2745/2927 
f 2557/2757/2939 2531/2731/2913 2528/2728/2910 
f 2558/2758/2940 2557/2757/2939 2528/2728/2910 
f 2557/2757/2939 2559/2759/2941 2560/2760/2942 
f 2531/2731/2913 2557/2757/2939 2560/2760/2942 
f 2561/2761/2943 2547/2747/2929 2415/2599/2781 
f 2562/2762/2944 2561/2761/2943 2563/2763/2945 
f 2558/2758/2940 2528/2728/2910 2530/2730/2912 
f 2564/2764/2946 2565/2765/2947 2566/2766/2948 
f 2567/2767/2949 2548/2748/2930 2547/2747/2929 
f 2568/2768/2950 2569/2769/2951 2570/2770/2952 
f 2571/2771/2953 2564/2764/2946 2566/2766/2948 
f 2571/2771/2953 2566/2766/2948 2552/2752/2934 
f 2494/2692/2874 2572/2772/2954 2417/2601/2783 
f 2572/2772/2954 2573/2773/2955 2561/2761/2943 
f 2574/2774/2956 2563/2763/2945 2575/2775/2957 
f 2564/2764/2946 2576/2776/2958 2574/2774/2956 
f 2562/2762/2944 2577/2777/2959 2547/2747/2929 
f 2561/2761/2943 2562/2762/2944 2547/2747/2929 
f 2576/2776/2958 2577/2777/2959 2562/2762/2944 
f 2563/2763/2945 2576/2776/2958 2562/2762/2944 
f 2578/2778/2960 2574/2774/2956 2579/2779/2961 
f 2564/2764/2946 2574/2774/2956 2578/2778/2960 
f 2580/2780/2962 2566/2766/2948 2581/2781/2963 
f 2566/2766/2948 2565/2765/2947 2581/2781/2963 
f 2582/2782/2964 2583/2783/2965 2584/2784/2966 
f 2585/2785/2967 2582/2782/2964 2584/2784/2966 
f 2559/2759/2941 2557/2757/2939 2586/2786/2968 
f 2580/2780/2962 2559/2759/2941 2586/2786/2968 
f 2587/2787/2969 2588/2788/2970 2589/2789/2971 
f 2590/2790/2972 2587/2787/2969 2589/2789/2971 
f 2541/2741/2923 2543/2743/2925 2526/2726/2908 
f 2565/2765/2947 2564/2764/2946 2578/2778/2960 
f 2576/2776/2958 2564/2764/2946 2571/2771/2953 
f 2591/2791/2973 2576/2776/2958 2571/2771/2953 
f 2591/2791/2973 2571/2771/2953 2592/2792/2974 
f 2593/2793/2975 2591/2791/2973 2592/2792/2974 
f 2594/2794/2976 2568/2768/2950 2595/2795/2977 
f 2588/2788/2970 2587/2787/2969 2595/2795/2977 
f 2536/2736/2918 2535/2735/2917 2594/2794/2976 
f 2568/2768/2950 2570/2770/2952 2595/2795/2977 
f 2596/2796/2978 2597/2797/2979 2588/2788/2970 
f 2570/2770/2952 2596/2796/2978 2588/2788/2970 
f 2548/2748/2930 2567/2767/2949 2597/2797/2979 
f 2596/2796/2978 2548/2748/2930 2597/2797/2979 
f 2477/2673/2855 2598/2798/2980 2484/2680/2862 
f 2501/2699/2881 2582/2782/2964 2599/2799/2981 
f 2600/2800/2982 2601/2801/2983 2602/2802/2984 
f 2601/2801/2983 2579/2779/2961 2602/2802/2984 
f 2486/2682/2864 2485/2681/2863 2534/2734/2916 
f 2603/2803/2985 2604/2804/2986 2605/2805/2987 
f 2585/2785/2967 2601/2801/2983 2600/2800/2982 
f 2599/2799/2981 2585/2785/2967 2600/2800/2982 
f 2598/2798/2980 2527/2727/2909 2484/2680/2862 
f 2578/2778/2960 2579/2779/2961 2601/2801/2983 
f 2604/2804/2986 2497/2695/2877 2605/2805/2987 
f 2582/2782/2964 2585/2785/2967 2599/2799/2981 
f 2606/2806/2988 2546/2746/2928 2607/2807/2989 
f 2606/2806/2988 2416/2600/2782 2546/2746/2928 
f 2569/2769/2951 2546/2746/2928 2596/2796/2978 
f 2574/2774/2956 2576/2776/2958 2563/2763/2945 
f 2573/2773/2955 2494/2692/2874 2608/2808/2990 
f 2609/2809/2991 2573/2773/2955 2608/2808/2990 
f 2610/2810/2992 2611/2811/2993 2216/2393/2575 
f 2612/2812/2994 2613/2813/2995 2614/2814/2996 
f 2615/2815/2997 2612/2812/2994 2614/2814/2996 
f 2612/2812/2994 2615/2815/2997 2616/2816/2998 
f 2579/2779/2961 2617/2817/2999 2618/2818/3000 
f 2166/2342/2524 2608/2808/2990 2619/2819/3001 
f 2615/2815/2997 2620/2820/3002 2621/2821/3003 
f 2618/2818/3000 2622/2822/3004 2623/2823/3005 
f 2620/2820/3002 2624/2824/3006 2625/2825/3007 
f 2626/2826/3008 2620/2820/3002 2625/2825/3007 
f 2624/2824/3006 2627/2827/3009 2628/2828/3010 
f 2625/2825/3007 2624/2824/3006 2628/2828/3010 
f 2629/2829/3011 2628/2828/3010 2627/2827/3009 
f 2610/2810/2992 2629/2829/3011 2627/2827/3009 
f 2630/2830/3012 2631/2831/3013 2632/2832/3014 
f 2633/2833/3015 2634/2834/3016 2635/2835/3017 
f 2619/2819/3001 2636/2836/3018 2166/2342/2524 
f 2634/2834/3016 2637/2837/3019 2635/2835/3017 
f 1946/2626/2808 2438/2633/2815 2436/2627/2809 
f 2471/2667/2849 2498/2696/2878 2439/2631/2813 
f 2410/2591/2773 2499/2697/2879 2085/2258/2440 
f 2085/2258/2440 2500/2698/2880 2082/2255/2437 
f 2313/2492/2674 2429/2617/2799 2495/2693/2875 
f 2313/2492/2674 2495/2693/2875 2309/2487/2669 
f 2494/2692/2874 2489/2685/2867 2636/2836/3018 
f 2608/2808/2990 2494/2692/2874 2619/2819/3001 
f 2638/2838/3020 2639/2839/3021 2640/2840/3022 
f 2618/2818/3000 2641/2841/3023 2642/2842/3024 
f 2642/2842/3024 2643/2843/3025 2644/2844/3026 
f 2640/2840/3022 2643/2843/3025 2641/2841/3023 
f 2563/2763/2945 2645/2845/3027 2575/2775/2957 
f 2572/2772/2954 2561/2761/2943 2415/2599/2781 
f 2561/2761/2943 2645/2845/3027 2563/2763/2945 
f 2574/2774/2956 2575/2775/2957 2579/2779/2961 
f 2575/2775/2957 2645/2845/3027 2573/2773/2955 
f 2646/2846/3028 2575/2775/2957 2573/2773/2955 
f 2585/2785/2967 2647/2847/3029 2601/2801/2983 
f 2579/2779/2961 2575/2775/2957 2617/2817/2999 
f 2647/2847/3029 2578/2778/2960 2601/2801/2983 
f 2617/2817/2999 2575/2775/2957 2646/2846/3028 
f 2639/2839/3021 2638/2838/3020 2648/2848/3030 
f 2649/2849/3031 2638/2838/3020 2623/2823/3005 
f 2616/2816/2998 2615/2815/2997 2621/2821/3003 
f 2650/2850/3032 2468/2664/2846 1940/2110/2291 
f 2145/2321/2503 2151/2327/2509 2146/2322/2504 
f 2651/2851/3033 2652/2852/3034 2152/2328/2510 
f 2640/2840/3022 2634/2834/3016 2643/2843/3025 
f 2641/2841/3023 2643/2843/3025 2642/2842/3024 
f 2637/2837/3019 2640/2840/3022 2653/2853/3035 
f 2640/2840/3022 2641/2841/3023 2638/2838/3020 
f 2612/2812/2994 2646/2846/3028 2613/2813/2995 
f 2638/2838/3020 2649/2849/3031 2648/2848/3030 
f 2602/2802/2984 2579/2779/2961 2618/2818/3000 
f 2640/2840/3022 2654/2854/3036 2653/2853/3035 
f 2621/2821/3003 2009/2178/2360 2008/2177/2359 
f 2652/2852/3034 2621/2821/3003 2008/2177/2359 
f 2654/2854/3036 2639/2839/3021 2655/2855/3037 
f 2639/2839/3021 2654/2854/3036 2640/2840/3022 
f 2602/2802/2984 2618/2818/3000 2642/2842/3024 
f 2640/2840/3022 2637/2837/3019 2634/2834/3016 
f 2641/2841/3023 2623/2823/3005 2638/2838/3020 
f 2641/2841/3023 2618/2818/3000 2623/2823/3005 
f 2656/2856/3038 2657/2857/3039 2516/2716/2898 
f 2658/2858/3040 2656/2856/3038 2516/2716/2898 
f 2316/2495/2677 2506/2704/2886 2521/2721/2903 
f 2319/2498/2680 2659/2859/3041 2657/2857/3039 
f 2658/2858/3040 2336/2515/2697 2335/2514/2696 
f 2519/2719/2901 2658/2858/3040 2335/2514/2696 
f 2336/2515/2697 2658/2858/3040 2516/2716/2898 
f 2328/2507/2689 2336/2515/2697 2516/2716/2898 
f 2318/2497/2679 2660/2860/3042 2320/2499/2681 
f 2505/2703/2885 2660/2860/3042 2507/2705/2887 
f 2660/2860/3042 2505/2703/2885 2504/2702/2884 
f 2661/2861/3043 2660/2860/3042 2504/2702/2884 
f 2322/2501/2683 2336/2515/2697 2328/2507/2689 
f 2657/2857/3039 2659/2859/3041 2517/2717/2899 
f 2507/2705/2887 2660/2860/3042 2318/2497/2679 
f 2522/2722/2904 2507/2705/2887 2318/2497/2679 
f 2662/2862/3044 2663/2863/3045 2664/2864/3046 
f 2665/2865/3047 2662/2862/3044 2664/2864/3046 
f 2572/2772/2954 2415/2599/2781 2417/2601/2783 
f 2572/2772/2954 2494/2692/2874 2573/2773/2955 
f 2598/2798/2980 2477/2673/2855 2476/2672/2854 
f 2666/2866/3048 2598/2798/2980 2476/2672/2854 
f 2497/2695/2877 2485/2681/2863 2487/2683/2865 
f 2497/2695/2877 2487/2683/2865 2605/2805/2987 
f 2635/2835/3017 2667/2867/3049 2527/2727/2909 
f 2643/2843/3025 2603/2803/2985 2644/2844/3026 
f 2637/2837/3019 2653/2853/3035 2631/2831/3013 
f 2630/2830/3012 2637/2837/3019 2631/2831/3013 
f 2581/2781/2963 2647/2847/3029 2585/2785/2967 
f 2573/2773/2955 2645/2845/3027 2561/2761/2943 
f 2666/2866/3048 2633/2833/3015 2635/2835/3017 
f 2598/2798/2980 2666/2866/3048 2635/2835/3017 
f 2668/2868/3050 2669/2869/3051 2670/2870/3052 
f 2671/2871/3053 2655/2855/3037 2672/2872/3054 
f 2673/2873/3055 2655/2855/3037 2674/2874/3056 
f 2639/2839/3021 2672/2872/3054 2655/2855/3037 
f 2653/2853/3035 2654/2854/3036 2673/2873/3055 
f 2655/2855/3037 2671/2871/3053 2674/2874/3056 
f 2675/2875/3057 2672/2872/3054 2676/2876/3058 
f 2654/2854/3036 2655/2855/3037 2673/2873/3055 
f 2677/2877/3059 2678/2878/3060 2332/2511/2693 
f 2656/2856/3038 2658/2858/3040 2519/2719/2901 
f 2334/2513/2695 2333/2512/2694 2519/2719/2901 
f 2678/2878/3060 2518/2718/2900 2332/2511/2693 
f 2516/2716/2898 2657/2857/3039 2517/2717/2899 
f 2669/2869/3051 2679/2879/3061 2670/2870/3052 
f 2677/2877/3059 2332/2511/2693 2674/2874/3056 
f 2675/2875/3057 2676/2876/3058 2679/2879/3061 
f 2673/2873/3055 2674/2874/3056 2331/2510/2692 
f 2332/2511/2693 2331/2510/2692 2674/2874/3056 
f 2669/2869/3051 2675/2875/3057 2679/2879/3061 
f 2675/2875/3057 2671/2871/3053 2672/2872/3054 
f 2651/2851/3033 2649/2849/3031 2623/2823/3005 
f 2672/2872/3054 2639/2839/3021 2648/2848/3030 
f 2680/2880/3062 2672/2872/3054 2648/2848/3030 
f 2672/2872/3054 2680/2880/3062 2676/2876/3058 
f 2681/2881/3063 2520/2720/2902 2679/2879/3061 
f 2682/2882/3064 2681/2881/3063 2676/2876/3058 
f 2522/2722/2904 2682/2882/3064 1950/2119/2301 
f 2507/2705/2887 2522/2722/2904 1950/2119/2301 
f 2026/2195/2377 1951/2120/2302 2683/2883/3065 
f 2000/2169/2351 2515/2715/2897 2001/2170/2352 
f 1950/2119/2301 2680/2880/3062 1951/2120/2302 
f 2680/2880/3062 1950/2119/2301 2682/2882/3064 
f 2623/2823/3005 2622/2822/3004 2651/2851/3033 
f 2616/2816/2998 2621/2821/3003 2652/2852/3034 
f 2622/2822/3004 2612/2812/2994 2616/2816/2998 
f 2622/2822/3004 2616/2816/2998 2651/2851/3033 
f 2626/2826/3008 2208/2385/2567 2023/2192/2374 
f 2009/2178/2360 2626/2826/3008 2023/2192/2374 
f 2625/2825/3007 2210/2387/2569 2208/2385/2567 
f 2626/2826/3008 2625/2825/3007 2208/2385/2567 
f 2612/2812/2994 2622/2822/3004 2617/2817/2999 
f 2617/2817/2999 2646/2846/3028 2612/2812/2994 
f 2617/2817/2999 2622/2822/3004 2618/2818/3000 
f 2684/2884/3066 2685/2885/3067 2628/2828/3010 
f 2146/2322/2504 2026/2195/2377 2683/2883/3065 
f 2680/2880/3062 2683/2883/3065 1951/2120/2302 
f 2029/2198/2380 2005/2174/2356 2028/2197/2379 
f 2006/2175/2357 2686/2886/3068 2025/2194/2376 
f 2149/2325/2507 2048/2217/2399 2150/2326/2508 
f 2016/2185/2367 2015/2184/2366 2687/2887/3069 
f 2150/2326/2508 2687/2887/3069 2012/2181/2363 
f 2151/2327/2509 2150/2326/2508 2012/2181/2363 
f 2145/2321/2503 2148/2324/2506 2150/2326/2508 
f 2008/2177/2359 2010/2179/2361 2149/2325/2507 
f 2048/2217/2399 2016/2185/2367 2687/2887/3069 
f 2149/2325/2507 2010/2179/2361 2048/2217/2399 
f 2688/2888/3070 2611/2811/2993 2610/2810/2992 
f 2627/2827/3009 2688/2888/3070 2610/2810/2992 
f 2614/2814/2996 2688/2888/3070 2627/2827/3009 
f 2624/2824/3006 2614/2814/2996 2627/2827/3009 
f 2048/2217/2399 2687/2887/3069 2150/2326/2508 
f 2048/2217/2399 2040/2209/2391 2042/2211/2393 
f 2015/2184/2366 2022/2191/2373 2012/2181/2363 
f 2687/2887/3069 2015/2184/2366 2012/2181/2363 
f 2506/2704/2886 2319/2498/2680 2657/2857/3039 
f 2659/2859/3041 2320/2499/2681 2517/2717/2899 
f 2659/2859/3041 2319/2498/2680 2320/2499/2681 
f 2668/2868/3050 2671/2871/3053 2675/2875/3057 
f 2628/2828/3010 2685/2885/3067 2210/2387/2569 
f 2625/2825/3007 2628/2828/3010 2210/2387/2569 
f 2676/2876/3058 2681/2881/3063 2679/2879/3061 
f 2676/2876/3058 2680/2880/3062 2682/2882/3064 
f 2680/2880/3062 2648/2848/3030 2683/2883/3065 
f 2649/2849/3031 2651/2851/3033 2152/2328/2510 
f 2648/2848/3030 2649/2849/3031 2147/2323/2505 
f 2648/2848/3030 2147/2323/2505 2683/2883/3065 
f 2649/2849/3031 2152/2328/2510 2147/2323/2505 
f 2146/2322/2504 2683/2883/3065 2147/2323/2505 
f 2652/2852/3034 2008/2177/2359 2148/2324/2506 
f 2152/2328/2510 2652/2852/3034 2148/2324/2506 
f 2308/2486/2668 2472/2668/2850 2313/2492/2674 
f 2308/2486/2668 2310/2488/2670 2473/2669/2851 
f 2518/2718/2900 2656/2856/3038 2519/2719/2901 
f 2657/2857/3039 2656/2856/3038 2521/2721/2903 
f 2506/2704/2886 2657/2857/3039 2521/2721/2903 
f 2520/2720/2902 2670/2870/3052 2679/2879/3061 
f 2609/2809/2991 2613/2813/2995 2646/2846/3028 
f 2573/2773/2955 2609/2809/2991 2646/2846/3028 
f 2275/2453/2635 2276/2454/2636 2689/2889/3071 
f 2690/2890/3072 2331/2510/2692 2334/2513/2695 
f 2275/2453/2635 2689/2889/3071 2335/2514/2696 
f 2276/2454/2636 2690/2890/3072 2689/2889/3071 
f 2691/2891/3073 2331/2510/2692 2692/2892/3074 
f 2671/2871/3053 2668/2868/3050 2677/2877/3059 
f 2507/2705/2887 1950/2119/2301 1952/2121/2303 
f 2682/2882/3064 2522/2722/2904 2317/2496/2678 
f 2524/2724/2906 2463/2659/2841 2510/2708/2890 
f 2513/2713/2895 2524/2724/2906 2510/2708/2890 
f 2513/2713/2895 2515/2715/2897 2000/2169/2351 
f 2512/2710/2892 2513/2713/2895 2000/2169/2351 
f 2513/2713/2895 2512/2710/2892 2523/2723/2905 
f 2524/2724/2906 2513/2713/2895 2523/2723/2905 
f 2510/2708/2890 2508/2706/2888 2686/2886/3068 
f 2514/2714/2896 2510/2708/2890 2686/2886/3068 
f 2316/2495/2677 2520/2720/2902 2681/2881/3063 
f 2317/2496/2678 2316/2495/2677 2681/2881/3063 
f 2681/2881/3063 2682/2882/3064 2317/2496/2678 
f 2669/2869/3051 2668/2868/3050 2675/2875/3057 
f 2504/2702/2884 2329/2508/2690 2517/2717/2899 
f 2661/2861/3043 2504/2702/2884 2517/2717/2899 
f 2320/2499/2681 2661/2861/3043 2517/2717/2899 
f 2661/2861/3043 2320/2499/2681 2660/2860/3042 
f 2222/2399/2581 2393/2572/2754 2390/2569/2751 
f 2223/2400/2582 2222/2399/2581 2390/2569/2751 
f 2222/2399/2581 2221/2398/2580 2393/2572/2754 
f 2223/2400/2582 2390/2569/2751 2225/2402/2584 
f 2414/2596/2778 2382/2561/2743 2524/2724/2906 
f 2378/2557/2739 2380/2559/2741 2388/2567/2749 
f 2382/2561/2743 2381/2560/2742 2463/2659/2841 
f 2524/2724/2906 2382/2561/2743 2463/2659/2841 
f 2523/2723/2905 2512/2710/2892 2511/2709/2891 
f 2389/2893/3075 2523/2723/2905 2511/2709/2891 
f 2388/2597/2779 2414/2596/2778 2523/2723/2905 
f 2389/2893/3075 2388/2597/2779 2523/2723/2905 
f 2693/2894/3076 2175/2351/2533 2636/2836/3018 
f 2386/2565/2747 2412/2593/2775 2387/2566/2748 
f 2412/2593/2775 2386/2565/2747 2511/2712/2894 
f 1999/2168/2350 2511/2709/2891 2000/2169/2351 
f 2002/2171/2353 2001/2170/2352 2694/2895/3077 
f 1954/2896/3078 2002/2171/2353 2694/2895/3077 
f 1963/2132/2314 1973/2142/2324 1964/2133/2315 
f 2002/2897/3079 1954/2123/2305 1977/2146/2328 
f 2006/2175/2357 1980/2149/2331 2514/2714/2896 
f 2686/2886/3068 2006/2175/2357 2514/2714/2896 
f 2515/2715/2897 1979/2148/2330 2001/2170/2352 
f 1999/2711/2893 2002/2897/3079 1977/2146/2328 
f 1963/2132/2314 1955/2242/2424 1954/2896/3078 
f 2694/2895/3077 1963/2132/2314 1954/2896/3078 
f 1973/2142/2324 1963/2132/2314 2694/2895/3077 
f 1978/2147/2329 1973/2142/2324 2694/2895/3077 
f 2007/2176/2358 2028/2197/2379 1974/2143/2325 
f 2007/2176/2358 2029/2198/2380 2028/2197/2379 
f 2024/2193/2375 2029/2198/2380 2007/2176/2358 
f 2006/2175/2357 2024/2193/2375 2007/2176/2358 
f 2503/2701/2883 2304/2482/2664 2268/2446/2628 
f 2298/2476/2658 2297/2475/2657 2285/2463/2645 
f 2448/2644/2826 2293/2471/2653 2295/2473/2655 
f 2327/2506/2688 2448/2644/2826 2295/2473/2655 
f 2686/2886/3068 2508/2706/2888 2509/2707/2889 
f 2025/2194/2376 2686/2886/3068 2509/2707/2889 
f 1951/2120/2302 2026/2195/2377 2025/2194/2376 
f 2509/2707/2889 1951/2120/2302 2025/2194/2376 
f 2694/2895/3077 2001/2170/2352 1979/2148/2330 
f 1978/2147/2329 2694/2895/3077 1979/2148/2330 
f 2514/2714/2896 1980/2149/2331 1979/2148/2330 
f 2515/2715/2897 2514/2714/2896 1979/2148/2330 
f 1952/2121/2303 2509/2707/2889 2462/2658/2840 
f 2462/2658/2840 2461/2657/2839 1952/2121/2303 
f 1951/2120/2302 2509/2707/2889 1952/2121/2303 
f 2059/2230/2412 2058/2229/2411 2695/2898/3080 
f 2696/2899/3081 2697/2900/3082 2698/2901/3083 
f 2699/2902/3084 2700/2903/3085 2701/2904/3086 
f 2702/2905/3087 2703/2906/3088 2704/2907/3089 
f 2703/2906/3088 2702/2905/3087 2705/2908/3090 
f 2259/2437/2619 2247/2425/2607 2260/2438/2620 
f 2706/2909/3091 2307/2485/2667 2306/2484/2666 
f 2707/2910/3092 2305/2483/2665 2708/2911/3093 
f 2709/2912/3094 2707/2910/3092 2708/2911/3093 
f 2080/2253/2435 2019/2188/2370 2020/2189/2371 
f 2080/2253/2435 2442/2636/2818 2017/2186/2368 
f 2494/2692/2874 2636/2836/3018 2619/2819/3001 
f 2710/2913/3095 2021/2190/2372 2018/2187/2369 
f 2439/2631/2813 2438/2630/2812 1888/2059/2233 
f 2106/2282/2464 2711/2914/3096 2079/2252/2434 
f 2699/2902/3084 2712/2915/3097 2700/2903/3085 
f 2712/2915/3097 2713/2916/3098 2700/2903/3085 
f 2258/2436/2618 2714/2917/3099 2715/2918/3100 
f 2258/2436/2618 2715/2918/3100 2273/2451/2633 
f 2713/2916/3098 2716/2919/3101 2703/2906/3088 
f 2717/2920/3102 2718/2921/3103 2719/2922/3104 
f 2720/2923/3105 2721/2924/3106 2709/2912/3094 
f 2708/2911/3093 2699/2902/3084 2701/2904/3086 
f 2722/2925/3107 2696/2899/3081 2720/2923/3105 
f 2722/2925/3107 2705/2908/3090 2723/2926/3108 
f 2724/2927/3109 2714/2917/3099 2725/2928/3110 
f 2726/2929/3111 2717/2920/3102 2714/2917/3099 
f 2725/2928/3110 2727/2930/3112 2724/2927/3109 
f 2714/2917/3099 2717/2920/3102 2725/2928/3110 
f 2726/2929/3111 2728/2931/3113 2709/2912/3094 
f 2699/2902/3084 2708/2911/3093 2305/2483/2665 
f 2728/2931/3113 2726/2929/3111 2714/2917/3099 
f 2728/2931/3113 2707/2910/3092 2709/2912/3094 
f 2362/2541/2723 2729/2932/3114 2730/2933/3115 
f 2361/2540/2722 2731/2934/3116 2732/2935/3117 
f 2361/2540/2722 2362/2541/2723 2733/2936/3118 
f 2710/2913/3095 2734/2937/3119 2735/2938/3120 
f 2276/2454/2636 2279/2457/2639 2692/2892/3074 
f 2303/2481/2663 2251/2429/2611 2255/2433/2615 
f 1944/2690/2872 1943/2629/2811 2437/2628/2810 
f 2735/2938/3120 2252/2430/2612 2736/2939/3121 
f 2247/2425/2607 2261/2439/2621 2240/2418/2600 
f 2248/2426/2608 2241/2419/2601 2261/2439/2621 
f 2729/2932/3114 2303/2481/2663 2730/2933/3115 
f 2729/2932/3114 2363/2542/2724 2736/2939/3121 
f 2713/2916/3098 2712/2915/3097 2737/2940/3122 
f 2240/2418/2600 2239/2417/2599 2306/2484/2666 
f 2733/2936/3118 2738/2941/3123 2238/2416/2598 
f 2238/2416/2598 2738/2941/3123 2239/2417/2599 
f 2718/2921/3103 2721/2924/3106 2698/2901/3083 
f 2718/2921/3103 2717/2920/3102 2726/2929/3111 
f 2739/2942/3124 2698/2901/3083 2740/2943/3125 
f 2721/2924/3106 2696/2899/3081 2698/2901/3083 
f 2721/2924/3106 2718/2921/3103 2726/2929/3111 
f 2721/2924/3106 2726/2929/3111 2709/2912/3094 
f 2701/2904/3086 2700/2903/3085 2705/2908/3090 
f 2725/2928/3110 2717/2920/3102 2719/2922/3104 
f 2706/2909/3091 2712/2915/3097 2307/2485/2667 
f 2741/2944/3126 2706/2909/3091 2306/2484/2666 
f 2262/2440/2622 2258/2436/2618 2273/2451/2633 
f 2728/2931/3113 2258/2436/2618 2259/2437/2619 
f 2722/2925/3107 2720/2923/3105 2701/2904/3086 
f 2705/2908/3090 2722/2925/3107 2701/2904/3086 
f 2723/2926/3108 2697/2900/3082 2696/2899/3081 
f 2722/2925/3107 2723/2926/3108 2696/2899/3081 
f 2742/2945/3127 2743/2946/3128 2744/2947/3129 
f 2744/2947/3129 2745/2948/3130 2746/2949/3131 
f 2665/2865/3047 2664/2864/3046 1940/2110/2291 
f 2743/2946/3128 2745/2948/3130 2744/2947/3129 
f 2747/2950/3132 2748/2951/3133 2749/2952/3134 
f 2748/2951/3133 2750/2953/3135 2751/2954/3136 
f 2752/2955/3137 2744/2947/3129 2753/2956/3138 
f 2753/2956/3138 2754/2957/3139 2755/2958/3140 
f 2756/2959/3141 2753/2956/3138 2755/2958/3140 
f 2757/2960/3142 2758/2961/3143 2759/2962/3144 
f 2738/2941/3123 2302/2480/2662 2760/2963/3145 
f 2761/2964/3146 2738/2941/3123 2760/2963/3145 
f 2729/2932/3114 2252/2430/2612 2251/2429/2611 
f 2250/2428/2610 2253/2431/2613 2255/2433/2615 
f 2437/2628/2810 2762/2965/3147 2763/2966/3148 
f 2760/2963/3145 2302/2480/2662 2764/2967/3149 
f 2752/2955/3137 2760/2963/3145 2764/2967/3149 
f 2255/2433/2615 2254/2432/2614 2764/2967/3149 
f 2756/2959/3141 2760/2963/3145 2752/2955/3137 
f 2753/2956/3138 2756/2959/3141 2752/2955/3137 
f 2764/2967/3149 2254/2432/2614 2742/2945/3127 
f 2748/2951/3133 2765/2968/3150 2749/2952/3134 
f 2302/2480/2662 2255/2433/2615 2764/2967/3149 
f 2758/2961/3143 2766/2969/3151 2706/2909/3091 
f 2767/2970/3152 2474/2670/2852 1935/2103/2284 
f 2768/2971/3153 2769/2972/3154 2767/2970/3152 
f 2176/2352/2534 2175/2351/2533 2693/2894/3076 
f 2770/2973/3155 2253/2431/2613 2771/2974/3156 
f 2772/2975/3157 2773/2976/3158 2769/2972/3154 
f 2772/2975/3157 2774/2977/3159 2775/2978/3160 
f 2776/2979/3161 2777/2980/3162 2778/2981/3163 
f 2750/2953/3135 2779/2982/3164 2780/2983/3165 
f 1887/2058/2232 2493/2689/2871 2439/2631/2813 
f 2493/2689/2871 1887/2058/2232 1853/2027/2198 
f 2781/2984/3166 2190/2367/2549 1944/2690/2872 
f 1914/2985/3167 2693/2894/3076 1893/2489/2671 
f 2470/2666/2848 2490/2686/2868 2782/2986/3168 
f 2471/2667/2849 2470/2666/2848 2782/2986/3168 
f 2439/2631/2813 1888/2059/2233 1887/2058/2232 
f 2770/2973/3155 2771/2974/3156 2650/2850/3032 
f 2783/2987/3169 2762/2965/3147 2438/2633/2815 
f 2175/2351/2533 2166/2342/2524 2636/2836/3018 
f 2663/2863/3045 2770/2973/3155 2664/2864/3046 
f 2190/2367/2549 2176/2352/2534 1913/2691/2873 
f 2416/2600/2782 2311/2490/2672 2417/2601/2783 
f 2665/2865/3047 1903/2074/2249 2662/2862/3044 
f 2784/2988/3170 2767/2970/3152 1947/2117/2298 
f 2475/2671/2853 2474/2670/2852 2780/2983/3165 
f 2231/2409/2591 2200/2377/2559 2229/2407/2589 
f 2230/2408/2590 2226/2404/2586 2231/2409/2591 
f 2200/2377/2559 2231/2409/2591 2197/2374/2556 
f 2200/2377/2559 2785/2989/3171 2229/2407/2589 
f 2231/2409/2591 2226/2404/2586 2786/2990/3172 
f 2231/2409/2591 2786/2990/3172 2197/2374/2556 
f 2786/2990/3172 1995/2164/2346 2787/2991/3173 
f 2226/2404/2586 1995/2164/2346 2786/2990/3172 
f 1984/2153/2335 2788/2992/3174 2789/2993/3175 
f 2790/2994/3176 1984/2153/2335 2789/2993/3175 
f 2790/2994/3176 2789/2993/3175 2791/2995/3177 
f 2792/2996/3178 2790/2994/3176 2791/2995/3177 
f 2663/2863/3045 2662/2862/3044 2743/2946/3128 
f 2742/2945/3127 2663/2863/3045 2743/2946/3128 
f 2775/2978/3160 2765/2968/3150 2773/2976/3158 
f 2751/2954/3136 2780/2983/3165 2793/2997/3179 
f 2775/2978/3160 2774/2977/3159 2778/2981/3163 
f 2776/2979/3161 2774/2977/3159 2794/2998/3180 
f 2773/2976/3158 2772/2975/3157 2775/2978/3160 
f 2774/2977/3159 2776/2979/3161 2778/2981/3163 
f 2777/2980/3162 2795/2999/3181 2796/3000/3182 
f 2797/3001/3183 2777/2980/3162 2796/3000/3182 
f 2798/3002/3184 2799/3003/3185 2800/3004/3186 
f 2801/3005/3187 2799/3003/3185 2798/3002/3184 
f 2802/3006/3188 2803/3007/3189 2797/3001/3183 
f 2777/2980/3162 2803/3007/3189 2778/2981/3163 
f 2803/3007/3189 2802/3006/3188 2804/3008/3190 
f 2803/3007/3189 2777/2980/3162 2797/3001/3183 
f 2740/2943/3125 2805/3009/3191 2739/2942/3124 
f 2727/2930/3112 2806/3010/3192 2807/3011/3193 
f 2741/2944/3126 2239/2417/2599 2738/2941/3123 
f 2808/3012/3194 2737/2940/3122 2712/2915/3097 
f 2809/3013/3195 2810/3014/3196 2811/3015/3197 
f 2740/2943/3125 2809/3013/3195 2811/3015/3197 
f 2809/3013/3195 2812/3016/3198 2810/3014/3196 
f 2812/3016/3198 2813/3017/3199 2814/3018/3200 
f 2805/3009/3191 2815/3019/3201 2739/2942/3124 
f 2727/2930/3112 2815/3019/3201 2806/3010/3192 
f 2805/3009/3191 2740/2943/3125 2811/3015/3197 
f 2697/2900/3082 2812/3016/3198 2809/3013/3195 
f 2752/2955/3137 2764/2967/3149 2744/2947/3129 
f 2758/2961/3143 2757/2960/3142 2766/2969/3151 
f 2778/2981/3163 2749/2952/3134 2775/2978/3160 
f 2759/2962/3144 2758/2961/3143 2761/2964/3146 
f 2816/3020/3202 2817/3021/3203 2818/3022/3204 
f 2737/2940/3122 2819/3023/3205 2820/3024/3206 
f 2820/3024/3206 2713/2916/3098 2737/2940/3122 
f 2713/2916/3098 2820/3024/3206 2818/3022/3204 
f 2755/2958/3140 2754/2957/3139 2800/3004/3186 
f 2821/3025/3207 2822/3026/3208 2755/2958/3140 
f 2800/3004/3186 2821/3025/3207 2755/2958/3140 
f 2756/2959/3141 2755/2958/3140 2822/3026/3208 
f 2823/3027/3209 2824/3028/3210 2799/3003/3185 
f 2799/3003/3185 2821/3025/3207 2800/3004/3186 
f 2804/3008/3190 2801/3005/3187 2798/3002/3184 
f 2757/2960/3142 2808/3012/3194 2766/2969/3151 
f 2707/2910/3092 2259/2437/2619 2260/2438/2620 
f 2305/2483/2665 2707/2910/3092 2260/2438/2620 
f 2707/2910/3092 2728/2931/3113 2259/2437/2619 
f 2240/2418/2600 2306/2484/2666 2260/2438/2620 
f 2761/2964/3146 2760/2963/3145 2756/2959/3141 
f 2759/2962/3144 2761/2964/3146 2756/2959/3141 
f 2302/2480/2662 2738/2941/3123 2730/2933/3115 
f 2741/2944/3126 2758/2961/3143 2706/2909/3091 
f 2749/2952/3134 2778/2981/3163 2804/3008/3190 
f 2802/3006/3188 2801/3005/3187 2804/3008/3190 
f 2754/2957/3139 2744/2947/3129 2746/2949/3131 
f 2746/2949/3131 2747/2950/3132 2798/3002/3184 
f 2825/3029/3211 2826/3030/3212 2827/3031/3213 
f 2821/3025/3207 2799/3003/3185 2824/3028/3210 
f 2826/3030/3212 2828/3032/3214 2797/3001/3183 
f 2801/3005/3187 2823/3027/3209 2799/3003/3185 
f 2714/2917/3099 2258/2436/2618 2728/2931/3113 
f 2714/2917/3099 2724/2927/3109 2715/2918/3100 
f 2474/2670/2852 2793/2997/3179 2780/2983/3165 
f 2829/3033/3215 2830/3034/3216 2715/2918/3100 
f 2744/2947/3129 2754/2957/3139 2753/2956/3138 
f 2738/2941/3123 2733/2936/3118 2730/2933/3115 
f 2761/2964/3146 2758/2961/3143 2741/2944/3126 
f 2822/3026/3208 2757/2960/3142 2759/2962/3144 
f 2745/2948/3130 2743/2946/3128 2750/2953/3135 
f 2748/2951/3133 2745/2948/3130 2750/2953/3135 
f 2831/3035/3217 2832/3036/3218 2833/3037/3219 
f 2764/2967/3149 2742/2945/3127 2744/2947/3129 
f 2820/3024/3206 2834/3038/3220 2816/3020/3202 
f 2818/3022/3204 2820/3024/3206 2816/3020/3202 
f 2835/3039/3221 2832/3036/3218 2836/3040/3222 
f 2837/3041/3223 2838/3042/3224 2839/3043/3225 
f 2814/3018/3200 2833/3037/3219 2840/3044/3226 
f 2837/3041/3223 2839/3043/3225 2831/3035/3217 
f 2841/3045/3227 2832/3036/3218 2839/3043/3225 
f 2832/3036/3218 2841/3045/3227 2836/3040/3222 
f 2829/3033/3215 2727/2930/3112 2807/3011/3193 
f 2837/3041/3223 2819/3023/3205 2737/2940/3122 
f 2841/3045/3227 2823/3027/3209 2828/3032/3214 
f 2836/3040/3222 2841/3045/3227 2828/3032/3214 
f 2746/2949/3131 2745/2948/3130 2747/2950/3132 
f 2749/2952/3134 2765/2968/3150 2775/2978/3160 
f 2765/2968/3150 2748/2951/3133 2751/2954/3136 
f 2745/2948/3130 2748/2951/3133 2747/2950/3132 
f 2842/3046/3228 2825/3029/3211 2807/3011/3193 
f 2832/3036/3218 2831/3035/3217 2839/3043/3225 
f 2836/3040/3222 2825/3029/3211 2835/3039/3221 
f 2838/3042/3224 2824/3028/3210 2839/3043/3225 
f 2833/3037/3219 2832/3036/3218 2835/3039/3221 
f 2840/3044/3226 2833/3037/3219 2835/3039/3221 
f 2819/3023/3205 2837/3041/3223 2831/3035/3217 
f 2843/3047/3229 2833/3037/3219 2814/3018/3200 
f 2843/3047/3229 2831/3035/3217 2833/3037/3219 
f 2843/3047/3229 2813/3017/3199 2834/3038/3220 
f 2831/3035/3217 2843/3047/3229 2819/3023/3205 
f 2843/3047/3229 2834/3038/3220 2819/3023/3205 
f 2594/2794/2976 2595/2795/2977 2844/3048/3230 
f 2845/3049/3231 2594/2794/2976 2844/3048/3230 
f 2846/3050/3232 2847/3051/3233 2848/3052/3234 
f 2848/3052/3234 2849/3053/3235 2850/3054/3236 
f 2850/3054/3236 2851/3055/3237 2795/2999/3181 
f 2850/3054/3236 2852/3056/3238 2851/3055/3237 
f 2853/3057/3239 2854/3058/3240 2855/3059/3241 
f 2854/3058/3240 2853/3057/3239 2856/3060/3242 
f 2777/2980/3162 2776/2979/3161 2857/3061/3243 
f 2795/2999/3181 2777/2980/3162 2857/3061/3243 
f 2751/2954/3136 2750/2953/3135 2780/2983/3165 
f 2773/2976/3158 2793/2997/3179 2769/2972/3154 
f 2546/2746/2928 2548/2748/2930 2596/2796/2978 
f 2546/2746/2928 2569/2769/2951 2607/2807/2989 
f 2848/3052/3234 2795/2999/3181 2857/3061/3243 
f 2850/3054/3236 2849/3053/3235 2852/3056/3238 
f 2813/3017/3199 2812/3016/3198 2817/3021/3203 
f 2816/3020/3202 2813/3017/3199 2817/3021/3203 
f 2815/3019/3201 2805/3009/3191 2858/3062/3244 
f 2842/3046/3228 2806/3010/3192 2858/3062/3244 
f 2828/3032/3214 2802/3006/3188 2797/3001/3183 
f 2822/3026/3208 2821/3025/3207 2838/3042/3224 
f 2826/3030/3212 2797/3001/3183 2796/3000/3182 
f 2827/3031/3213 2826/3030/3212 2796/3000/3182 
f 2796/3000/3182 2795/2999/3181 2854/3058/3240 
f 2856/3060/3242 2796/3000/3182 2854/3058/3240 
f 2853/3057/3239 2271/2449/2631 2856/3060/3242 
f 2854/3058/3240 2851/3055/3237 2855/3059/3241 
f 2800/3004/3186 2746/2949/3131 2798/3002/3184 
f 2778/2981/3163 2803/3007/3189 2804/3008/3190 
f 2813/3017/3199 2816/3020/3202 2834/3038/3220 
f 2819/3023/3205 2834/3038/3220 2820/3024/3206 
f 2704/2907/3089 2716/2919/3101 2818/3022/3204 
f 2810/3014/3196 2814/3018/3200 2840/3044/3226 
f 2842/3046/3228 2858/3062/3244 2840/3044/3226 
f 2835/3039/3221 2842/3046/3228 2840/3044/3226 
f 2858/3062/3244 2806/3010/3192 2815/3019/3201 
f 2840/3044/3226 2858/3062/3244 2810/3014/3196 
f 2805/3009/3191 2811/3015/3197 2858/3062/3244 
f 2727/2930/3112 2829/3033/3215 2724/2927/3109 
f 2858/3062/3244 2811/3015/3197 2810/3014/3196 
f 2813/3017/3199 2843/3047/3229 2814/3018/3200 
f 2806/3010/3192 2842/3046/3228 2807/3011/3193 
f 2825/3029/3211 2842/3046/3228 2835/3039/3221 
f 2828/3032/3214 2823/3027/3209 2801/3005/3187 
f 2802/3006/3188 2828/3032/3214 2801/3005/3187 
f 2812/3016/3198 2697/2900/3082 2723/2926/3108 
f 2839/3043/3225 2824/3028/3210 2841/3045/3227 
f 1903/2074/2249 2779/2982/3164 2662/2862/3044 
f 2765/2968/3150 2751/2954/3136 2773/2976/3158 
f 2784/2988/3170 2768/2971/3153 2767/2970/3152 
f 2827/3031/3213 2830/3034/3216 2807/3011/3193 
f 2779/2982/3164 1903/2074/2249 2475/2671/2853 
f 2742/2945/3127 2770/2973/3155 2663/2863/3045 
f 2474/2670/2852 2767/2970/3152 2793/2997/3179 
f 2830/3034/3216 2829/3033/3215 2807/3011/3193 
f 2830/3034/3216 2827/3031/3213 2856/3060/3242 
f 2254/2432/2614 2770/2973/3155 2742/2945/3127 
f 2702/2905/3087 2817/3021/3203 2812/3016/3198 
f 2812/3016/3198 2723/2926/3108 2702/2905/3087 
f 2807/3011/3193 2825/3029/3211 2827/3031/3213 
f 2838/3042/3224 2821/3025/3207 2824/3028/3210 
f 2697/2900/3082 2809/3013/3195 2740/2943/3125 
f 2824/3028/3210 2823/3027/3209 2841/3045/3227 
f 2711/2914/3096 2201/2378/2560 2257/2435/2617 
f 2711/2914/3096 2257/2435/2617 2441/2635/2817 
f 1872/2043/2217 2429/2617/2799 2428/2616/2798 
f 2490/2686/2868 2492/2688/2870 2234/2412/2594 
f 2650/2850/3032 2664/2864/3046 2770/2973/3155 
f 2859/3063/3245 2830/3034/3216 2271/2449/2631 
f 1947/2117/2298 2767/2970/3152 1935/2103/2284 
f 2830/3034/3216 2856/3060/3242 2271/2449/2631 
f 2773/2976/3158 2751/2954/3136 2793/2997/3179 
f 2767/2970/3152 2769/2972/3154 2793/2997/3179 
f 2779/2982/3164 2750/2953/3135 2743/2946/3128 
f 2662/2862/3044 2779/2982/3164 2743/2946/3128 
f 2253/2431/2613 2770/2973/3155 2254/2432/2614 
f 2780/2983/3165 2779/2982/3164 2475/2671/2853 
f 2466/2662/2844 2784/2988/3170 1947/2117/2298 
f 2724/2927/3109 2829/3033/3215 2715/2918/3100 
f 2808/3012/3194 2837/3041/3223 2737/2940/3122 
f 2749/2952/3134 2804/3008/3190 2747/2950/3132 
f 2766/2969/3151 2808/3012/3194 2712/2915/3097 
f 2761/2964/3146 2741/2944/3126 2738/2941/3123 
f 2838/3042/3224 2837/3041/3223 2808/3012/3194 
f 2754/2957/3139 2746/2949/3131 2800/3004/3186 
f 2853/3057/3239 2274/2452/2634 2271/2449/2631 
f 2757/2960/3142 2822/3026/3208 2838/3042/3224 
f 2826/3030/3212 2825/3029/3211 2836/3040/3222 
f 2828/3032/3214 2826/3030/3212 2836/3040/3222 
f 2804/3008/3190 2798/3002/3184 2747/2950/3132 
f 2827/3031/3213 2796/3000/3182 2856/3060/3242 
f 2259/2437/2619 2245/2423/2605 2247/2425/2607 
f 2766/2969/3151 2712/2915/3097 2706/2909/3091 
f 2759/2962/3144 2756/2959/3141 2822/3026/3208 
f 2757/2960/3142 2838/3042/3224 2808/3012/3194 
f 2473/2669/2851 2310/2488/2670 2607/2807/2989 
f 2535/2735/2917 2607/2807/2989 2569/2769/2951 
f 2860/3064/3246 2861/3065/3247 2589/2789/2971 
f 2860/3064/3246 2589/2789/2971 2593/2793/2975 
f 2862/3066/3248 2556/2756/2938 2863/3067/3249 
f 2550/2750/2932 2556/2756/2938 2862/3066/3248 
f 2592/2792/2974 2860/3064/3246 2593/2793/2975 
f 2590/2790/2972 2861/3065/3247 2862/3066/3248 
f 2550/2750/2932 2861/3065/3247 2551/2751/2933 
f 2556/2756/2938 2537/2737/2919 2863/3067/3249 
f 2552/2752/2934 2551/2751/2933 2592/2792/2974 
f 2862/3066/3248 2863/3067/3249 2864/3068/3250 
f 2539/2739/2921 2865/3069/3251 2863/3067/3249 
f 2865/3069/3251 2852/3056/3238 2863/3067/3249 
f 2692/2892/3074 2279/2457/2639 2866/3070/3252 
f 2279/2457/2639 2855/3059/3241 2866/3070/3252 
f 2852/3056/3238 2849/3053/3235 2864/3068/3250 
f 2847/3051/3233 2849/3053/3235 2848/3052/3234 
f 2590/2790/2972 2864/3068/3250 2587/2787/2969 
f 2849/3053/3235 2867/3071/3253 2864/3068/3250 
f 2587/2787/2969 2867/3071/3253 2595/2795/2977 
f 2864/3068/3250 2867/3071/3253 2587/2787/2969 
f 2847/3051/3233 2844/3048/3230 2849/3053/3235 
f 2867/3071/3253 2844/3048/3230 2595/2795/2977 
f 2416/2600/2782 2415/2599/2781 2546/2746/2928 
f 2577/2777/2959 2567/2767/2949 2547/2747/2929 
f 2861/3065/3247 2550/2750/2932 2862/3066/3248 
f 2551/2751/2933 2860/3064/3246 2592/2792/2974 
f 2844/3048/3230 2847/3051/3233 2845/3049/3231 
f 2844/3048/3230 2867/3071/3253 2849/3053/3235 
f 2851/3055/3237 2852/3056/3238 2865/3069/3251 
f 2863/3067/3249 2852/3056/3238 2864/3068/3250 
f 2635/2835/3017 2637/2837/3019 2630/2830/3012 
f 2667/2867/3049 2635/2835/3017 2630/2830/3012 
f 2538/2738/2920 2632/2832/3014 2868/3072/3254 
f 2539/2739/2921 2538/2738/2920 2868/3072/3254 
f 2869/3073/3255 2540/2740/2922 2541/2741/2923 
f 2525/2725/2907 2869/3073/3255 2541/2741/2923 
f 2525/2725/2907 2527/2727/2909 2667/2867/3049 
f 2869/3073/3255 2525/2725/2907 2667/2867/3049 
f 2869/3073/3255 2538/2738/2920 2540/2740/2922 
f 2866/3070/3252 2868/3072/3254 2692/2892/3074 
f 2851/3055/3237 2865/3069/3251 2855/3059/3241 
f 2869/3073/3255 2667/2867/3049 2630/2830/3012 
f 2274/2452/2634 2853/3057/3239 2279/2457/2639 
f 2859/3063/3245 2715/2918/3100 2830/3034/3216 
f 2859/3063/3245 2271/2449/2631 2273/2451/2633 
f 2853/3057/3239 2855/3059/3241 2279/2457/2639 
f 2600/2800/2982 2602/2802/2984 2642/2842/3024 
f 2644/2844/3026 2600/2800/2982 2642/2842/3024 
f 2538/2738/2920 2869/3073/3255 2630/2830/3012 
f 2868/3072/3254 2632/2832/3014 2631/2831/3013 
f 2865/3069/3251 2866/3070/3252 2855/3059/3241 
f 2865/3069/3251 2539/2739/2921 2866/3070/3252 
f 2630/2830/3012 2632/2832/3014 2538/2738/2920 
f 2539/2739/2921 2868/3072/3254 2866/3070/3252 
f 2870/3074/3256 2768/2971/3153 2784/2988/3170 
f 2466/2662/2844 2870/3074/3256 2784/2988/3170 
f 2870/3074/3256 2871/3075/3257 2872/3076/3258 
f 2873/3077/3259 2870/3074/3256 2872/3076/3258 
f 2857/3061/3243 2794/2998/3180 2848/3052/3234 
f 2873/3077/3259 2872/3076/3258 2847/3051/3233 
f 2857/3061/3243 2776/2979/3161 2794/2998/3180 
f 2794/2998/3180 2846/3050/3232 2848/3052/3234 
f 2307/2485/2667 2699/2902/3084 2305/2483/2665 
f 2712/2915/3097 2699/2902/3084 2307/2485/2667 
f 2720/2923/3105 2709/2912/3094 2708/2911/3093 
f 2701/2904/3086 2720/2923/3105 2708/2911/3093 
f 2696/2899/3081 2721/2924/3106 2720/2923/3105 
f 2698/2901/3083 2739/2942/3124 2718/2921/3103 
f 2705/2908/3090 2702/2905/3087 2723/2926/3108 
f 2239/2417/2599 2741/2944/3126 2306/2484/2666 
f 2689/2889/3071 2334/2513/2695 2519/2719/2901 
f 2335/2514/2696 2689/2889/3071 2519/2719/2901 
f 2690/2890/3072 2276/2454/2636 2692/2892/3074 
f 2330/2509/2691 2275/2453/2635 2335/2514/2696 
f 2650/2850/3032 1940/2110/2291 2664/2864/3046 
f 1853/2027/2198 1852/2026/2197 2469/2665/2847 
f 2303/2481/2663 2729/2932/3114 2251/2429/2611 
f 2273/2451/2633 2715/2918/3100 2859/3063/3245 
f 2700/2903/3085 2703/2906/3088 2705/2908/3090 
f 2700/2903/3085 2713/2916/3098 2703/2906/3088 
f 2817/3021/3203 2704/2907/3089 2818/3022/3204 
f 2703/2906/3088 2716/2919/3101 2704/2907/3089 
f 2698/2901/3083 2697/2900/3082 2740/2943/3125 
f 2812/3016/3198 2814/3018/3200 2810/3014/3196 
f 2817/3021/3203 2702/2905/3087 2704/2907/3089 
f 2815/3019/3201 2719/2922/3104 2739/2942/3124 
f 2734/2937/3119 2017/2186/2368 2442/2636/2818 
f 2256/2434/2616 2734/2937/3119 2442/2636/2818 
f 2018/2187/2369 2017/2186/2368 2734/2937/3119 
f 2710/2913/3095 2018/2187/2369 2734/2937/3119 
f 2716/2919/3101 2713/2916/3098 2818/3022/3204 
f 2739/2942/3124 2719/2922/3104 2718/2921/3103 
f 2815/3019/3201 2727/2930/3112 2725/2928/3110 
f 2719/2922/3104 2815/3019/3201 2725/2928/3110 
f 2874/3078/3260 2873/3077/3259 2846/3050/3232 
f 2794/2998/3180 2874/3078/3260 2846/3050/3232 
f 2873/3077/3259 2874/3078/3260 2768/2971/3153 
f 2870/3074/3256 2873/3077/3259 2768/2971/3153 
f 2794/2998/3180 2774/2977/3159 2772/2975/3157 
f 2874/3078/3260 2794/2998/3180 2772/2975/3157 
f 2874/3078/3260 2772/2975/3157 2769/2972/3154 
f 2768/2971/3153 2874/3078/3260 2769/2972/3154 
f 2871/3075/3257 2467/2663/2845 2845/3049/3231 
f 2872/3076/3258 2871/3075/3257 2845/3049/3231 
f 2846/3050/3232 2873/3077/3259 2847/3051/3233 
f 2847/3051/3233 2872/3076/3258 2845/3049/3231 
f 2871/3075/3257 2870/3074/3256 2466/2662/2844 
f 2850/3054/3236 2795/2999/3181 2848/3052/3234 
f 2473/2669/2851 2607/2807/2989 2535/2735/2917 
f 2795/2999/3181 2851/3055/3237 2854/3058/3240 
f 2674/2874/3056 2671/2871/3053 2677/2877/3059 
f 2678/2878/3060 2677/2877/3059 2668/2868/3050 
f 2691/2891/3073 2868/3072/3254 2631/2831/3013 
f 2691/2891/3073 2631/2831/3013 2653/2853/3035 
f 2670/2870/3052 2520/2720/2902 2521/2721/2903 
f 2678/2878/3060 2670/2870/3052 2521/2721/2903 
f 2670/2870/3052 2678/2878/3060 2668/2868/3050 
f 2691/2891/3073 2673/2873/3055 2331/2510/2692 
f 2518/2718/2900 2678/2878/3060 2521/2721/2903 
f 2656/2856/3038 2518/2718/2900 2521/2721/2903 
f 2689/2889/3071 2690/2890/3072 2334/2513/2695 
f 2331/2510/2692 2690/2890/3072 2692/2892/3074 
f 2673/2873/3055 2691/2891/3073 2653/2853/3035 
f 2643/2843/3025 2634/2834/3016 2603/2803/2985 
f 2634/2834/3016 2633/2833/3015 2603/2803/2985 
f 2868/3072/3254 2691/2891/3073 2692/2892/3074 
f 2194/2371/2553 2192/2369/2551 2191/2368/2550 
f 2193/2370/2552 2194/2371/2553 2191/2368/2550 
f 2875/3079/3261 2876/3080/3262 2109/2356/2538 
f 2084/2257/2439 2081/2254/2436 2876/3081/3263 
f 2077/2250/2432 2129/2305/2487 2877/3082/3264 
f 2072/2245/2427 2077/2250/2432 2877/3082/3264 
f 2175/2351/2533 2155/2331/2513 2162/2338/2520 
f 2174/2350/2532 2155/2331/2513 2175/2351/2533 
f 2878/3083/3265 2879/3084/3266 2880/3085/3267 
f 2881/3086/3268 2882/3087/3269 2883/3088/3270 
f 2884/3089/3271 2885/3090/3272 2886/3091/3273 
f 2885/3090/3272 2884/3089/3271 2887/3092/3274 
f 2888/3093/3275 2883/3088/3270 2889/3094/3276 
f 2888/3093/3275 2889/3094/3276 2890/3095/3277 
f 2891/3096/3278 2735/2938/3120 2736/2939/3121 
f 2892/3097/3279 2891/3096/3278 2736/2939/3121 
f 2432/2620/2802 2893/3098/3280 2894/3099/3281 
f 2879/3084/3266 2895/3100/3282 2880/3085/3267 
f 2896/3101/3283 2884/3089/3271 2897/3102/3284 
f 2891/3096/3278 2898/3103/3285 2899/3104/3286 
f 2252/2430/2612 2729/2932/3114 2736/2939/3121 
f 2348/2527/2709 2900/3105/3287 2349/2528/2710 
f 2901/3106/3288 2892/3097/3279 2363/2542/2724 
f 2883/3088/3270 2901/3106/3288 2889/3094/3276 
f 2897/3102/3284 2902/3107/3289 2879/3084/3266 
f 2895/3100/3282 2879/3084/3266 2900/3105/3287 
f 2903/3108/3290 2904/3109/3291 2905/3110/3292 
f 2891/3096/3278 2710/2913/3095 2735/2938/3120 
f 2901/3106/3288 2363/2542/2724 2889/3094/3276 
f 2890/3095/3277 2889/3094/3276 2360/2539/2721 
f 2883/3088/3270 2882/3087/3269 2901/3106/3288 
f 2882/3087/3269 2892/3097/3279 2901/3106/3288 
f 2233/2411/2593 2906/3111/3293 2207/2384/2566 
f 2907/3112/3294 2877/3082/3264 2906/3111/3293 
f 2187/2364/2546 2073/2246/2428 2075/2248/2430 
f 2184/2361/2543 2075/2248/2430 2074/2247/2429 
f 2113/2289/2471 2195/2372/2554 2114/2290/2472 
f 2195/2372/2554 2113/2289/2471 2407/2588/2770 
f 2233/2411/2593 2907/3112/3294 2906/3111/3293 
f 2195/2372/2554 2191/2368/2550 2114/2290/2472 
f 2875/3079/3261 2908/3113/3295 2876/3080/3262 
f 2177/2353/2535 2875/3079/3261 2109/2356/2538 
f 2498/2696/2878 2110/2286/2468 2440/2632/2814 
f 2908/3113/3295 2124/3114/3296 2876/3080/3262 
f 2763/2966/3148 2781/2984/3166 1944/2690/2872 
f 2437/2628/2810 2763/2966/3148 1944/2690/2872 
f 2762/2965/3147 2909/3115/3297 2763/2966/3148 
f 2115/2291/2473 2155/2331/2513 2174/2350/2532 
f 2490/2686/2868 2234/2412/2594 2116/2292/2474 
f 2489/2685/2867 2693/2894/3076 2636/2836/3018 
f 2907/3112/3294 2233/2411/2593 2202/2379/2561 
f 2107/2283/2465 2910/3116/3298 2202/2379/2561 
f 2128/2304/2486 2911/3117/3299 2172/2348/2530 
f 2172/2348/2530 2170/2346/2528 2126/2302/2484 
f 2128/2304/2486 2127/2303/2485 2161/2337/2519 
f 2160/2336/2518 2159/2335/2517 2127/2303/2485 
f 2729/2932/3114 2362/2541/2723 2363/2542/2724 
f 2362/2541/2723 2730/2933/3115 2733/2936/3118 
f 2349/2528/2710 2246/2424/2606 2343/2522/2704 
f 2349/2528/2710 2732/2935/3117 2731/2934/3116 
f 2359/2538/2720 2890/3095/3277 2360/2539/2721 
f 2892/3097/3279 2736/2939/3121 2363/2542/2724 
f 2359/2538/2720 2361/2540/2722 2732/2935/3117 
f 2735/2938/3120 2250/2428/2610 2252/2430/2612 
f 2613/2813/2995 2609/2809/2991 2688/2888/3070 
f 2614/2814/2996 2613/2813/2995 2688/2888/3070 
f 2609/2809/2991 2608/2808/2990 2611/2811/2993 
f 2688/2888/3070 2609/2809/2991 2611/2811/2993 
f 2620/2820/3002 2626/2826/3008 2009/2178/2360 
f 2621/2821/3003 2620/2820/3002 2009/2178/2360 
f 2615/2815/2997 2614/2814/2996 2624/2824/3006 
f 2620/2820/3002 2615/2815/2997 2624/2824/3006 
f 2651/2851/3033 2616/2816/2998 2652/2852/3034 
f 2629/2829/3011 2684/2884/3066 2628/2828/3010 
f 2912/3118/3300 2878/3083/3265 2913/3119/3301 
f 2914/3120/3302 2912/3118/3300 2913/3119/3301 
f 2166/2342/2524 2611/2811/2993 2608/2808/2990 
f 2611/2811/2993 2166/2342/2524 2216/2393/2575 
f 2217/2394/2576 2629/2829/3011 2610/2810/2992 
f 2216/2393/2575 2217/2394/2576 2610/2810/2992 
f 2915/3121/3303 2893/3098/3280 2914/3120/3302 
f 2432/2620/2802 2894/3099/3281 2916/3122/3304 
f 2893/3098/3280 2915/3121/3303 2894/3099/3281 
f 2878/3083/3265 2880/3085/3267 2913/3119/3301 
f 2046/2215/2397 2917/3123/3305 2047/2216/2398 
f 2918/3124/3306 2919/3125/3307 2219/2396/2578 
f 2432/2620/2802 2232/2410/2592 2893/3098/3280 
f 2046/2215/2397 2785/2989/3171 2920/3126/3308 
f 2788/2992/3174 2921/3127/3309 2922/3128/3310 
f 2789/2993/3175 2788/2992/3174 2922/3128/3310 
f 2228/2406/2588 2923/3129/3311 2924/3130/3312 
f 2921/3127/3309 2228/2406/2588 2924/3130/3312 
f 2785/2989/3171 2046/2215/2397 2229/2407/2589 
f 1996/2165/2347 2227/2405/2587 2925/3131/3313 
f 2230/2408/2590 2926/3132/3314 2227/2405/2587 
f 2927/3133/3315 2925/3131/3313 2227/2405/2587 
f 2053/3134/3316 1959/2128/2310 1958/2127/2309 
f 2444/2639/2821 2053/3134/3316 1958/2127/2309 
f 2444/2639/2821 2928/3135/3317 2056/3136/3318 
f 2053/3134/3316 2444/2639/2821 2056/3136/3318 
f 2443/2638/2820 2929/3137/3319 2928/3135/3317 
f 2444/2639/2821 2443/2638/2820 2928/3135/3317 
f 2065/3138/3320 2056/3136/3318 2928/3135/3317 
f 2930/3139/3321 2065/3138/3320 2928/3135/3317 
f 2787/2991/3173 2931/3140/3322 2786/2990/3172 
f 2235/2413/2595 2043/2212/2394 2228/2406/2588 
f 2932/3141/3323 2933/3142/3324 2198/2375/2557 
f 2197/2374/2556 2931/3140/3322 2198/2375/2557 
f 1995/2164/2346 2226/2404/2586 1996/2165/2347 
f 2792/2996/3178 2791/2995/3177 1995/2164/2346 
f 2787/2991/3173 2791/2995/3177 2789/2993/3175 
f 2922/3128/3310 2787/2991/3173 2789/2993/3175 
f 2931/3140/3322 2787/2991/3173 2922/3128/3310 
f 2932/3141/3323 2931/3140/3322 2922/3128/3310 
f 2934/3143/3325 2935/3144/3326 2058/2229/2411 
f 2057/2228/2410 2934/3143/3325 2058/2229/2411 
f 1994/2163/2345 2792/2996/3178 1995/2164/2346 
f 2100/2275/2457 2061/2232/2414 2090/2264/2446 
f 2062/2233/2415 2061/2232/2414 2100/2275/2457 
f 2099/2274/2456 2062/2233/2415 2100/2275/2457 
f 2936/3145/3327 2926/3132/3314 2937/3146/3328 
f 2926/3132/3314 2938/3147/3329 2937/3146/3328 
f 2099/2274/2456 2934/3143/3325 2057/2228/2410 
f 2939/3148/3330 2058/2229/2411 2935/3144/3326 
f 2230/2408/2590 2229/2407/2589 2926/3132/3314 
f 2045/2214/2396 2218/2395/2577 2938/3147/3329 
f 2940/3149/3331 2941/3150/3332 2942/3151/3333 
f 2942/3151/3333 2939/3148/3330 2935/3144/3326 
f 1985/2154/2336 1984/2153/2335 2790/2994/3176 
f 2089/2263/2445 1985/2154/2336 2790/2994/3176 
f 2790/2994/3176 2792/2996/3178 2097/2272/2454 
f 2089/2263/2445 2790/2994/3176 2097/2272/2454 
f 2788/2992/3174 2235/2413/2595 2228/2406/2588 
f 2921/3127/3309 2788/2992/3174 2228/2406/2588 
f 1983/2152/2334 2235/2413/2595 2788/2992/3174 
f 1984/2153/2335 1983/2152/2334 2788/2992/3174 
f 1995/2164/2346 2791/2995/3177 2787/2991/3173 
f 2931/3140/3322 2197/2374/2556 2786/2990/3172 
f 2935/3144/3326 2934/3143/3325 2943/3152/3334 
f 2925/3131/3313 2935/3144/3326 2943/3152/3334 
f 2098/2273/2455 2097/2272/2454 2792/2996/3178 
f 1994/2163/2345 2098/2273/2455 2792/2996/3178 
f 2943/3152/3334 2098/2273/2455 1994/2163/2345 
f 1996/2165/2347 2943/3152/3334 1994/2163/2345 
f 2218/2395/2577 2045/2214/2396 2047/2216/2398 
f 2931/3140/3322 2932/3141/3323 2198/2375/2557 
f 1998/2167/2349 1997/2166/2348 2923/3129/3311 
f 2228/2406/2588 1998/2167/2349 2923/3129/3311 
f 2933/3142/3324 2932/3141/3323 2924/3130/3312 
f 2944/3153/3335 2933/3142/3324 2924/3130/3312 
f 2143/2319/2501 2237/2415/2597 2038/2207/2389 
f 2924/3130/3312 2923/3129/3311 2944/3153/3335 
f 2090/2264/2446 2089/2263/2445 2097/2272/2454 
f 2100/2275/2457 2090/2264/2446 2097/2272/2454 
f 2098/2273/2455 2943/3152/3334 2934/3143/3325 
f 2099/2274/2456 2098/2273/2455 2934/3143/3325 
f 2224/2401/2583 2092/2595/2777 2215/2392/2574 
f 2214/2391/2573 2224/2401/2583 2215/2392/2574 
f 2908/3113/3295 2408/2589/2771 2945/3154/3336 
f 2224/2403/2585 2203/2380/2562 2091/2265/2447 
f 2073/2246/2428 2410/2591/2773 2206/2383/2565 
f 2466/2662/2844 1872/2043/2217 2428/2616/2798 
f 2429/2617/2799 2313/2492/2674 2430/2618/2800 
f 2428/2616/2798 2871/3075/3257 2466/2662/2844 
f 2559/2759/2941 2580/2780/2962 2584/2784/2966 
f 2559/2759/2941 2584/2784/2966 2583/2783/2965 
f 2552/2752/2934 2566/2766/2948 2586/2786/2968 
f 2552/2752/2934 2586/2786/2968 2549/2749/2931 
f 2589/2789/2971 2588/2788/2970 2597/2797/2979 
f 2593/2793/2975 2589/2789/2971 2597/2797/2979 
f 2863/3067/3249 2537/2737/2919 2539/2739/2921 
f 2861/3065/3247 2860/3064/3246 2551/2751/2933 
f 2864/3068/3250 2590/2790/2972 2862/3066/3248 
f 2861/3065/3247 2590/2790/2972 2589/2789/2971 
f 2558/2758/2940 2530/2730/2912 2545/2745/2927 
f 2549/2749/2931 2558/2758/2940 2545/2745/2927 
f 2594/2794/2976 2845/3049/3231 2536/2736/2918 
f 2607/2807/2989 2310/2488/2670 2606/2806/2988 
f 2536/2736/2918 2467/2663/2845 2472/2668/2850 
f 2845/3049/3231 2467/2663/2845 2536/2736/2918 
f 2577/2777/2959 2576/2776/2958 2591/2791/2973 
f 2567/2767/2949 2577/2777/2959 2591/2791/2973 
f 2567/2767/2949 2591/2791/2973 2593/2793/2975 
f 2597/2797/2979 2567/2767/2949 2593/2793/2975 
f 2467/2663/2845 2871/3075/3257 2428/2616/2798 
f 2568/2768/2950 2535/2735/2917 2569/2769/2951 
f 2570/2770/2952 2588/2788/2970 2595/2795/2977 
f 2569/2769/2951 2596/2796/2978 2570/2770/2952 
f 2592/2792/2974 2571/2771/2953 2552/2752/2934 
f 2566/2766/2948 2580/2780/2962 2586/2786/2968 
f 2549/2749/2931 2586/2786/2968 2557/2757/2939 
f 2558/2758/2940 2549/2749/2931 2557/2757/2939 
f 2946/3155/3337 2496/2694/2876 2486/2682/2864 
f 2598/2798/2980 2635/2835/3017 2527/2727/2909 
f 2599/2799/2981 2600/2800/2982 2644/2844/3026 
f 2605/2805/2987 2599/2799/2981 2644/2844/3026 
f 2483/2679/2861 2553/2753/2935 2534/2734/2916 
f 2531/2731/2913 2554/2754/2936 2532/2732/2914 
f 2488/2684/2866 2485/2681/2863 2497/2695/2877 
f 2483/2679/2861 2488/2684/2866 2478/2674/2856 
f 2666/2866/3048 2476/2672/2854 2497/2695/2877 
f 2604/2804/2986 2666/2866/3048 2497/2695/2877 
f 2633/2833/3015 2666/2866/3048 2604/2804/2986 
f 2603/2803/2985 2633/2833/3015 2604/2804/2986 
f 2605/2805/2987 2487/2683/2865 2501/2699/2881 
f 2599/2799/2981 2605/2805/2987 2501/2699/2881 
f 2644/2844/3026 2603/2803/2985 2605/2805/2987 
f 2946/3155/3337 2486/2682/2864 2534/2734/2916 
f 1940/2110/2291 1904/2075/2250 2665/2865/3047 
f 2665/2865/3047 1904/2075/2250 1903/2074/2249 
f 2202/2379/2561 2492/2688/2870 2201/2378/2560 
f 2492/2688/2870 2202/2379/2561 2234/2412/2594 
f 2116/2292/2474 2234/2412/2594 2117/2293/2475 
f 2498/2696/2878 2782/2986/3168 2116/2292/2474 
f 2947/3156/3338 2201/2378/2560 2492/2688/2870 
f 2201/2378/2560 2947/3156/3338 2257/2435/2617 
f 2526/2726/2908 2525/2725/2907 2541/2741/2923 
f 2542/2742/2924 2530/2730/2912 2529/2729/2911 
f 2542/2742/2924 2541/2741/2923 2540/2740/2922 
f 2544/2744/2926 2542/2742/2924 2540/2740/2922 
f 2554/2754/2936 2553/2753/2935 2532/2732/2914 
f 2533/2733/2915 2502/2700/2882 2482/2678/2860 
f 2482/2678/2860 2543/2743/2925 2529/2729/2911 
f 2532/2732/2914 2553/2753/2935 2533/2733/2915 
f 2948/3157/3339 2554/2754/2936 2560/2760/2942 
f 2949/3158/3340 2950/3159/3341 2951/3160/3342 
f 2583/2783/2965 2582/2782/2964 2949/3158/3340 
f 2951/3160/3342 2583/2783/2965 2949/3158/3340 
f 2950/3159/3341 2555/2755/2937 2951/3160/3342 
f 2951/3160/3342 2948/3157/3339 2560/2760/2942 
f 2582/2782/2964 2501/2699/2881 2949/3158/3340 
f 2555/2755/2937 2948/3157/3339 2951/3160/3342 
f 2581/2781/2963 2565/2765/2947 2647/2847/3029 
f 2584/2784/2966 2581/2781/2963 2585/2785/2967 
f 2946/3155/3337 2555/2755/2937 2950/3159/3341 
f 2555/2755/2937 2946/3155/3337 2553/2753/2935 
f 2580/2780/2962 2581/2781/2963 2584/2784/2966 
f 2565/2765/2947 2578/2778/2960 2647/2847/3029 
f 2560/2760/2942 2559/2759/2941 2583/2783/2965 
f 2554/2754/2936 2531/2731/2913 2560/2760/2942 
f 2583/2783/2965 2951/3160/3342 2560/2760/2942 
f 2950/3159/3341 2949/3158/3340 2946/3155/3337 
f 2554/2754/2936 2948/3157/3339 2555/2755/2937 
f 2483/2679/2861 2502/2700/2882 2553/2753/2935 
f 2501/2699/2881 2496/2694/2876 2949/3158/3340 
f 2488/2684/2866 2476/2672/2854 2478/2674/2856 
f 2534/2734/2916 2553/2753/2935 2946/3155/3337 
f 2949/3158/3340 2496/2694/2876 2946/3155/3337 
f 2876/3081/3263 2081/2254/2436 2109/2285/2467 
f 2783/3161/3343 2112/2288/2470 2122/2298/2480 
f 2082/2255/2437 2952/3162/3344 2953/3163/3345 
f 2083/2256/2438 2082/2255/2437 2953/3163/3345 
f 2762/2965/3147 2436/2627/2809 2438/2633/2815 
f 2436/2627/2809 2762/2965/3147 2437/2628/2810 
f 2178/2354/2536 2083/3164/3346 2954/3165/3347 
f 2955/3166/3348 2179/2355/2537 2956/3167/3349 
f 2957/3168/3350 2958/3169/3351 2959/3170/3352 
f 2960/3171/3353 2957/3168/3350 2959/3170/3352 
f 2961/3172/3354 2962/3173/3355 2963/3174/3356 
f 2962/3173/3355 2960/3171/3353 2959/3170/3352 
f 2960/3171/3353 2962/3173/3355 2964/3175/3357 
f 2965/3176/3358 2960/3171/3353 2964/3175/3357 
f 2966/3177/3359 2967/3178/3360 2958/3169/3351 
f 2957/3168/3350 2966/3177/3359 2958/3169/3351 
f 2968/3179/3361 2969/3180/3362 2970/3181/3363 
f 2971/3182/3364 2972/3183/3365 2973/3184/3366 
f 2968/3179/3361 2970/3181/3363 2974/3185/3367 
f 2969/3180/3362 2971/3182/3364 2970/3181/3363 
f 2975/3186/3368 2976/3187/3369 2977/3188/3370 
f 2978/3189/3371 2979/3190/3372 2977/3188/3370 
f 2980/3191/3373 2966/3177/3359 2968/3179/3361 
f 2968/3179/3361 2981/3192/3374 2980/3191/3373 
f 2982/3193/3375 2983/3194/3376 2984/3195/3377 
f 2985/3196/3378 2982/3193/3375 2984/3195/3377 
f 2986/3197/3379 2978/3189/3371 2977/3188/3370 
f 2983/3194/3376 2982/3193/3375 2976/3187/3369 
f 2981/3192/3374 2968/3179/3361 2974/3185/3367 
f 2966/3177/3359 2969/3180/3362 2968/3179/3361 
f 2971/3182/3364 2969/3180/3362 2987/3198/3380 
f 2969/3180/3362 2966/3177/3359 2957/3168/3350 
f 2121/2297/2479 2084/2257/2439 2876/3081/3263 
f 2124/2300/2482 2121/2297/2479 2876/3081/3263 
f 2082/2255/2437 2500/2698/2880 2952/3162/3344 
f 2083/3164/3346 2953/3199/3381 2954/3165/3347 
f 2123/2299/2481 2409/2590/2772 2121/2297/2479 
f 2409/2590/2772 2085/2258/2440 2084/2257/2439 
f 2124/3114/3296 2908/3113/3295 2125/3200/3382 
f 2909/3115/3297 2762/2965/3147 2783/2987/3169 
f 2782/2986/3168 2490/2686/2868 2116/2292/2474 
f 2129/2305/2487 2988/3201/3383 2906/3111/3293 
f 2408/2589/2771 2113/2289/2471 2989/3202/3384 
f 2945/3154/3336 2989/3202/3384 2781/2984/3166 
f 2877/3082/3264 2129/2305/2487 2906/3111/3293 
f 2906/3111/3293 2988/3201/3383 2207/2384/2566 
f 2187/2364/2546 2990/3203/3385 2073/2246/2428 
f 2990/3203/3385 2991/3204/3386 2410/2591/2773 
f 2933/3142/3324 2992/3205/3387 2198/2375/2557 
f 2993/3206/3388 2992/3205/3387 2994/3207/3389 
f 2196/2373/2555 2992/3205/3387 2199/2376/2558 
f 2992/3205/3387 2993/3206/3388 2995/3208/3390 
f 2919/3125/3307 2996/3209/3391 2135/2311/2493 
f 2997/3210/3392 2996/3209/3391 2917/3123/3305 
f 2944/3153/3335 2994/3207/3389 2992/3205/3387 
f 2933/3142/3324 2944/3153/3335 2992/3205/3387 
f 2311/2490/2672 2416/2600/2782 2606/2806/2988 
f 2310/2488/2670 2311/2490/2672 2606/2806/2988 
f 2711/2914/3096 2441/2635/2817 2079/2252/2434 
f 2441/2635/2817 2256/2434/2616 2442/2636/2818 
f 2200/2377/2559 2199/2376/2558 2785/2989/3171 
f 2992/3205/3387 2995/3208/3390 2199/2376/2558 
f 2998/3211/3393 2236/2414/2596 2237/2415/2597 
f 2143/2319/2501 2998/3211/3393 2237/2415/2597 
f 2155/2331/2513 2156/2332/2514 2162/2338/2520 
f 2161/2337/2519 2157/2333/2515 2192/2369/2551 
f 2157/2333/2515 2161/2337/2519 2158/2334/2516 
f 2156/2332/2514 2158/2334/2516 2162/2338/2520 
f 2164/2340/2522 2160/2336/2518 2127/2303/2485 
f 2160/2336/2518 2164/2340/2522 2163/2339/2521 
f 2194/2371/2553 2161/2337/2519 2192/2369/2551 
f 2127/2303/2485 2159/2335/2517 2161/2337/2519 
f 2999/3212/3394 3000/3213/3395 2911/3117/3299 
f 2119/2295/2477 2118/2294/2476 2999/3212/3394 
f 2119/2295/2477 2911/3117/3299 2194/2371/2553 
f 2911/3117/3299 3000/3213/3395 2172/2348/2530 
f 2997/3210/3392 3001/3214/3396 2996/3209/3391 
f 2996/3209/3391 3002/3215/3397 2135/2311/2493 
f 2196/2373/2555 2198/2375/2557 2992/3205/3387 
f 2995/3208/3390 2997/3210/3392 2920/3126/3308 
f 2915/3121/3303 2914/3120/3302 2913/3119/3301 
f 2893/3098/3280 3003/3216/3398 2914/3120/3302 
f 3004/3217/3399 3005/3218/3400 3006/3219/3401 
f 2914/3120/3302 3003/3216/3398 3007/3220/3402 
f 3008/3221/3403 2914/3120/3302 3007/3220/3402 
f 3009/3222/3404 3010/3223/3405 3007/3220/3402 
f 3011/3224/3406 3012/3225/3407 3013/3226/3408 
f 3014/3227/3409 3010/3223/3405 3015/3228/3410 
f 3016/3229/3411 3015/3228/3410 3010/3223/3405 
f 3009/3222/3404 3016/3229/3411 3010/3223/3405 
f 3017/3230/3412 3018/3231/3413 3019/3232/3414 
f 3020/3233/3415 3021/3234/3416 3022/3235/3417 
f 3013/3226/3408 2904/3109/3291 3014/3227/3409 
f 3023/3236/3418 3024/3237/3419 2904/3109/3291 
f 3003/3216/3398 3009/3222/3404 3007/3220/3402 
f 2137/2313/2495 3009/3222/3404 3003/3216/3398 
f 2107/2283/2465 2711/2914/3096 2108/2284/2466 
f 2189/2366/2548 2130/2306/2488 2077/2250/2432 
f 2104/2280/2462 2070/2243/2425 2108/2284/2466 
f 2711/2914/3096 2106/2282/2464 2108/2284/2466 
f 3025/3238/3420 2972/3183/3365 2987/3198/3380 
f 2969/3180/3362 3026/3239/3421 2987/3198/3380 
f 2970/3181/3363 2971/3182/3364 2973/3184/3366 
f 2972/3183/3365 2971/3182/3364 2987/3198/3380 
f 3011/3224/3406 3014/3227/3409 3015/3228/3410 
f 3027/3240/3422 3023/3236/3418 3013/3226/3408 
f 3028/3241/3423 3029/3242/3424 3030/3243/3425 
f 3031/3244/3426 2991/3204/3386 2990/3203/3385 
f 3031/3244/3426 3032/3245/3427 3033/3246/3428 
f 3034/3247/3429 3035/3248/3430 3036/3249/3431 
f 3037/3250/3432 3038/3251/3433 3032/3245/3427 
f 3037/3250/3432 3032/3245/3427 3035/3248/3430 
f 2926/3132/3314 2045/2214/2396 2938/3147/3329 
f 2926/3132/3314 2936/3145/3327 2227/2405/2587 
f 2935/3144/3326 2925/3131/3313 2927/3133/3315 
f 2942/3151/3333 2935/3144/3326 2927/3133/3315 
f 2932/3141/3323 2922/3128/3310 2921/3127/3309 
f 2924/3130/3312 2932/3141/3323 2921/3127/3309 
f 2936/3145/3327 2927/3133/3315 2227/2405/2587 
f 2229/2407/2589 2045/2214/2396 2926/3132/3314 
f 2424/2612/2794 3039/3252/3434 3040/3253/3435 
f 2051/2220/2402 2426/2640/2822 2425/3254/3436 
f 3039/3252/3434 3041/3255/3437 3040/3253/3435 
f 2939/3148/3330 3042/3256/3438 3043/3257/3439 
f 3044/3258/3440 2894/3099/3281 2915/3121/3303 
f 2913/3119/3301 3044/3258/3440 2915/3121/3303 
f 3043/3257/3439 3045/3259/3441 3041/3255/3437 
f 2941/3150/3332 3042/3256/3438 2939/3148/3330 
f 3046/3260/3442 3047/3261/3443 3048/3262/3444 
f 3049/3263/3445 3046/3260/3442 3048/3262/3444 
f 3049/3263/3445 3050/3264/3446 3051/3265/3447 
f 3046/3260/3442 3049/3263/3445 3051/3265/3447 
f 2917/3123/3305 2046/2215/2397 2920/3126/3308 
f 2917/3123/3305 2918/3124/3306 2047/2216/2398 
f 2431/2619/2801 3047/3261/3443 2355/2534/2716 
f 2353/2532/2714 2355/2534/2716 3047/3261/3443 
f 2493/2689/2871 2469/2665/2847 2471/2667/2849 
f 2468/2664/2846 2470/2666/2848 2469/2665/2847 
f 1893/2489/2671 2417/2601/2783 2311/2490/2672 
f 2312/2491/2673 2311/2490/2672 2310/2488/2670 
f 2422/2610/2792 2357/2536/2718 2356/2535/2717 
f 2431/2619/2801 2422/2610/2792 2356/2535/2717 
f 2943/3152/3334 1996/2165/2347 2925/3131/3313 
f 2226/2404/2586 2230/2408/2590 2227/2405/2587 
f 2212/2389/2571 2434/2624/2806 2221/2398/2580 
f 2204/2381/2563 1976/2145/2327 2054/2225/2407 
f 2221/2398/2580 2434/2624/2806 2373/2552/2734 
f 2435/2625/2807 3052/3266/3448 2373/2552/2734 
f 2425/2613/2795 2424/2612/2794 3040/3253/3435 
f 3052/3267/3449 2425/2613/2795 3040/3253/3435 
f 3040/3253/3435 2358/2537/2719 2374/2608/2790 
f 3052/3267/3449 3040/3253/3435 2374/2608/2790 
f 3041/3255/3437 3045/3259/3441 2431/2619/2801 
f 2356/2535/2717 3041/3255/3437 2431/2619/2801 
f 3040/3253/3435 3041/3255/3437 2356/2535/2717 
f 2358/2537/2719 3040/3253/3435 2356/2535/2717 
f 2373/2552/2734 2433/2623/2805 2221/2398/2580 
f 3052/3266/3448 2374/2553/2735 2373/2552/2734 
f 3045/3259/3441 3048/3262/3444 3047/3261/3443 
f 2431/2619/2801 3045/3259/3441 3047/3261/3443 
f 2902/3107/3289 2897/3102/3284 2890/3095/3277 
f 2902/3107/3289 2900/3105/3287 2879/3084/3266 
f 2886/3091/3273 2888/3093/3275 2890/3095/3277 
f 2897/3102/3284 2886/3091/3273 2890/3095/3277 
f 2246/2424/2606 2349/2528/2710 2731/2934/3116 
f 2900/3105/3287 2902/3107/3289 2732/2935/3117 
f 2348/2527/2709 2895/3100/3282 2900/3105/3287 
f 2902/3107/3289 2890/3095/3277 2359/2538/2720 
f 3042/3256/3438 2941/3150/3332 3049/3263/3445 
f 3048/3262/3444 3042/3256/3438 3049/3263/3445 
f 2354/2533/2715 2353/2532/2714 3046/3260/3442 
f 3046/3260/3442 2353/2532/2714 3047/3261/3443 
f 2732/2935/3117 2902/3107/3289 2359/2538/2720 
f 2363/2542/2724 2360/2539/2721 2889/3094/3276 
f 3050/3264/3446 3053/3268/3450 3051/3265/3447 
f 2895/3100/3282 2348/2527/2709 3054/3269/3451 
f 1893/2489/2671 2693/2894/3076 2489/2685/2867 
f 2468/2664/2846 1851/2025/2196 1940/2110/2291 
f 2493/2689/2871 1853/2027/2198 2469/2665/2847 
f 1852/2026/2197 1851/2025/2196 2469/2665/2847 
f 2440/2632/2814 2112/2288/2470 2438/2630/2812 
f 2110/2286/2468 2112/2288/2470 2440/2632/2814 
f 2650/2850/3032 2771/2974/3156 2491/2687/2869 
f 2112/2288/2470 2783/3161/3343 2438/2630/2812 
f 2947/3156/3338 2491/2687/2869 2771/2974/3156 
f 2771/2974/3156 2257/2435/2617 2947/3156/3338 
f 2896/3101/3283 2897/3102/3284 2879/3084/3266 
f 2050/2219/2401 2055/2226/2408 2065/2236/2418 
f 2215/2392/2574 2092/2595/2777 2052/2221/2403 
f 2215/2392/2574 2052/2221/2403 2212/2389/2571 
f 1958/2127/2309 2102/2278/2460 2444/2639/2821 
f 2435/2625/2807 2434/2624/2806 2051/2220/2402 
f 2003/2172/2354 2022/2191/2373 1987/2156/2338 
f 1986/2155/2337 2003/2172/2354 1987/2156/2338 
f 2016/2185/2367 2048/2217/2399 2042/2211/2393 
f 2039/2208/2390 2040/2209/2391 2010/2179/2361 
f 3055/3270/3452 2031/2200/2382 2030/2199/2381 
f 2033/2202/2384 2041/2210/2392 2036/2205/2387 
f 2014/2183/2365 1989/2158/2340 2044/2213/2395 
f 2037/2206/2388 2042/2211/2393 2040/2209/2391 
f 2144/2320/2502 2041/2210/2392 2141/2317/2499 
f 2036/2205/2387 2041/2210/2392 2037/2206/2388 
f 1989/2158/2340 1988/2157/2339 2044/2213/2395 
f 2041/2210/2392 2033/2202/2384 2141/2317/2499 
f 2171/2347/2529 3000/3213/3395 3056/3271/3453 
f 2170/2346/2528 2167/2343/2525 2173/2349/2531 
f 2023/2192/2374 2039/2208/2390 2010/2179/2361 
f 2041/2210/2392 2144/2320/2502 2042/2211/2393 
f 3057/3272/3454 3039/3252/3434 2424/2612/2794 
f 2427/2615/2797 3057/3272/3454 2424/2612/2794 
f 2055/2226/2408 1967/2222/2404 2053/2224/2406 
f 3057/3272/3454 2427/2615/2797 3058/3273/3455 
f 3043/3257/3439 3039/3252/3434 2695/2898/3080 
f 2695/2898/3080 2939/3148/3330 3043/3257/3439 
f 3057/3272/3454 3058/3273/3455 2059/2230/2412 
f 2695/2898/3080 3057/3272/3454 2059/2230/2412 
f 2929/3137/3319 2443/2638/2820 2063/2234/2416 
f 2060/2231/2413 2929/3137/3319 2063/2234/2416 
f 2060/2231/2413 2059/2230/2412 3058/3273/3455 
f 2929/3137/3319 2060/2231/2413 3058/3273/3455 
f 2064/2235/2417 2063/2234/2416 2443/2638/2820 
f 2102/2278/2460 2064/2235/2417 2443/2638/2820 
f 3039/3252/3434 3057/3272/3454 2695/2898/3080 
f 3039/3252/3434 3043/3257/3439 3041/3255/3437 
f 2930/3139/3321 2928/3135/3317 2929/3137/3319 
f 3058/3273/3455 2930/3139/3321 2929/3137/3319 
f 2062/2233/2415 2057/2228/2410 2060/2231/2413 
f 2062/2233/2415 2099/2274/2456 2057/2228/2410 
f 2427/2615/2797 2426/2614/2796 2065/3138/3320 
f 2930/3139/3321 2427/2615/2797 2065/3138/3320 
f 2427/2615/2797 2930/3139/3321 3058/3273/3455 
f 2051/2220/2402 2050/2219/2401 2426/2640/2822 
f 3052/3266/3448 2435/2625/2807 2425/3254/3436 
f 2435/2625/2807 2051/2220/2402 2425/3254/3436 
f 3048/3262/3444 3045/3259/3441 3043/3257/3439 
f 3042/3256/3438 3048/3262/3444 3043/3257/3439 
f 2937/3146/3328 2940/3149/3331 2936/3145/3327 
f 2942/3151/3333 2941/3150/3332 2939/3148/3330 
f 2058/2229/2411 2939/3148/3330 2695/2898/3080 
f 3034/3247/3429 3037/3250/3432 3035/3248/3430 
f 2903/3108/3290 2905/3110/3292 3059/3274/3456 
f 3008/3221/3403 3060/3275/3457 2887/3092/3274 
f 2903/3108/3290 3059/3274/3456 3060/3275/3457 
f 2905/3110/3292 3004/3217/3399 3059/3274/3456 
f 3061/3276/3458 3008/3221/3403 2887/3092/3274 
f 3060/3275/3457 3062/3277/3459 2904/3109/3291 
f 3007/3220/3402 3062/3277/3459 3008/3221/3403 
f 2904/3109/3291 3062/3277/3459 3014/3227/3409 
f 2893/3098/3280 2137/2313/2495 3003/3216/3398 
f 2914/3120/3302 3008/3221/3403 3061/3276/3458 
f 2938/3147/3329 2218/2395/2577 2220/2397/2579 
f 2916/3122/3304 2938/3147/3329 2220/2397/2579 
f 2075/2248/2430 2184/2361/2543 2188/2365/2547 
f 2199/2376/2558 2920/3126/3308 2785/2989/3171 
f 2899/3104/3286 2898/3103/3285 2181/2358/2540 
f 2184/2361/2543 2205/2382/2564 2188/2365/2547 
f 3061/3276/3458 2887/3092/3274 2896/3101/3283 
f 2878/3083/3265 2912/3118/3300 3061/3276/3458 
f 2903/3108/3290 3060/3275/3457 2904/3109/3291 
f 2887/3092/3274 2884/3089/3271 2896/3101/3283 
f 2878/3083/3265 2896/3101/3283 2879/3084/3266 
f 2884/3089/3271 2886/3091/3273 2897/3102/3284 
f 2896/3101/3283 2878/3083/3265 3061/3276/3458 
f 2710/2913/3095 2891/3096/3278 2899/3104/3286 
f 2128/2304/2486 2172/2348/2530 2126/2302/2484 
f 2161/2337/2519 2194/2371/2553 2911/3117/3299 
f 3063/3278/3460 2182/2359/2541 2181/2358/2540 
f 2905/3110/3292 3024/3237/3419 3005/3218/3400 
f 2882/3087/3269 2898/3103/3285 2891/3096/3278 
f 2892/3097/3279 2882/3087/3269 2891/3096/3278 
f 3063/3278/3460 2898/3103/3285 2882/3087/3269 
f 2881/3086/3268 3063/3278/3460 2882/3087/3269 
f 3006/3219/3401 2881/3086/3268 2883/3088/3270 
f 3005/3218/3400 2881/3086/3268 3006/3219/3401 
f 2912/3118/3300 2914/3120/3302 3061/3276/3458 
f 2904/3109/3291 3024/3237/3419 2905/3110/3292 
f 2182/2359/2541 3063/3278/3460 2881/3086/3268 
f 3005/3218/3400 2182/2359/2541 2881/3086/3268 
f 2182/2359/2541 3005/3218/3400 3024/3237/3419 
f 2898/3103/3285 3063/3278/3460 2181/2358/2540 
f 3006/3219/3401 2885/3090/3272 3004/3217/3399 
f 2888/3093/3275 2885/3090/3272 3006/3219/3401 
f 3004/3217/3399 2905/3110/3292 3005/3218/3400 
f 2885/3090/3272 3059/3274/3456 3004/3217/3399 
f 3059/3274/3456 2885/3090/3272 2887/3092/3274 
f 3059/3274/3456 2887/3092/3274 3060/3275/3457 
f 2883/3088/3270 2888/3093/3275 3006/3219/3401 
f 2885/3090/3272 2888/3093/3275 2886/3091/3273 
f 2909/3115/3297 2908/3113/3295 2945/3154/3336 
f 2781/2984/3166 2989/3202/3384 2190/2367/2549 
f 2164/2340/2522 2127/2303/2485 2126/2302/2484 
f 2160/2336/2518 2163/2339/2521 2162/2338/2520 
f 3013/3226/3408 3023/3236/3418 2904/3109/3291 
f 3062/3277/3459 3060/3275/3457 3008/3221/3403 
f 3007/3220/3402 3010/3223/3405 3062/3277/3459 
f 3023/3236/3418 2182/2359/2541 3024/3237/3419 
f 2047/2216/2398 2918/3124/3306 2219/2396/2578 
f 2940/3149/3331 2927/3133/3315 2936/3145/3327 
f 2220/2397/2579 2432/2620/2802 2916/3122/3304 
f 2927/3133/3315 2940/3149/3331 2942/3151/3333 
f 2185/2362/2544 2710/2913/3095 2186/2363/2545 
f 2899/3104/3286 2181/2358/2540 2205/2382/2564 
f 2940/3149/3331 2937/3146/3328 3053/3268/3450 
f 3064/3279/3461 3065/3280/3462 3032/3245/3427 
f 3066/3281/3463 3067/3282/3464 3068/3283/3465 
f 3067/3282/3464 3066/3281/3463 3069/3284/3466 
f 3067/3285/3467 3070/3286/3468 3071/3287/3469 
f 3068/3288/3470 3067/3285/3467 3071/3287/3469 
f 3070/3286/3468 3067/3285/3467 3072/3289/3471 
f 3073/3290/3472 3066/3281/3463 3068/3283/3465 
f 3073/3290/3472 3068/3283/3465 3074/3291/3473 
f 3075/3292/3474 3076/3293/3475 3071/3287/3469 
f 2986/3197/3379 2976/3187/3369 3077/3294/3476 
f 3078/3295/3477 2986/3197/3379 3077/3294/3476 
f 2982/3193/3375 3077/3294/3476 2976/3187/3369 
f 2978/3189/3371 2986/3197/3379 3079/3296/3478 
f 3080/3297/3479 3081/3298/3480 3082/3299/3481 
f 3083/3300/3482 3029/3242/3424 3084/3301/3483 
f 3072/3289/3471 3085/3302/3484 3079/3296/3478 
f 3076/3293/3475 3075/3292/3474 3086/3303/3485 
f 3078/3295/3477 3075/3292/3474 3071/3287/3469 
f 3077/3294/3476 3084/3301/3483 3075/3292/3474 
f 3087/3304/3486 3067/3282/3464 3069/3284/3466 
f 3067/3285/3467 3087/3305/3487 3072/3289/3471 
f 3078/3295/3477 3077/3294/3476 3075/3292/3474 
f 3079/3296/3478 3078/3295/3477 3071/3287/3469 
f 3086/3303/3485 3075/3292/3474 3029/3242/3424 
f 3075/3292/3474 3084/3301/3483 3029/3242/3424 
f 3028/3241/3423 3088/3306/3488 3029/3242/3424 
f 3089/3307/3489 3066/3281/3463 3073/3290/3472 
f 2991/3204/3386 3031/3244/3426 3033/3246/3428 
f 3038/3251/3433 3033/3246/3428 3032/3245/3427 
f 3076/3293/3475 3074/3308/3490 3068/3288/3470 
f 3071/3287/3469 3076/3293/3475 3068/3288/3470 
f 3081/3298/3480 3080/3297/3479 3090/3309/3491 
f 3091/3310/3492 3081/3298/3480 3090/3309/3491 
f 2169/2345/2527 2132/2308/2490 2684/2884/3066 
f 2168/2344/2526 2169/2345/2527 2684/2884/3066 
f 2168/2344/2526 2684/2884/3066 2629/2829/3011 
f 2217/2394/2576 2168/2344/2526 2629/2829/3011 
f 3092/3311/3493 3093/3312/3494 3094/3313/3495 
f 2187/2364/2546 2183/2360/2542 2990/3203/3385 
f 2216/2393/2575 2166/2342/2524 2165/2341/2523 
f 3095/3314/3496 3096/3315/3497 3092/3311/3493 
f 3097/3316/3498 3096/3315/3497 3030/3243/3425 
f 3083/3300/3482 3098/3317/3499 3097/3316/3498 
f 3030/3243/3425 3083/3300/3482 3097/3316/3498 
f 3029/3242/3424 3083/3300/3482 3030/3243/3425 
f 2982/3193/3375 3099/3318/3500 3077/3294/3476 
f 2978/3189/3371 3079/3296/3478 3085/3302/3484 
f 3083/3300/3482 3099/3318/3500 3098/3317/3499 
f 3096/3315/3497 3100/3319/3501 3030/3243/3425 
f 3101/3320/3502 3102/3321/3503 2985/3196/3378 
f 2984/3195/3377 3101/3320/3502 2985/3196/3378 
f 3103/3322/3504 3104/3323/3505 2984/3195/3377 
f 2983/3194/3376 3103/3322/3504 2984/3195/3377 
f 2979/3190/3372 2978/3189/3371 3105/3324/3506 
f 2981/3192/3374 3106/3325/3507 2980/3191/3373 
f 3100/3319/3501 3028/3241/3423 3030/3243/3425 
f 2986/3197/3379 3078/3295/3477 3079/3296/3478 
f 3107/3326/3508 3019/3232/3414 3102/3321/3503 
f 2985/3196/3378 3102/3321/3503 3019/3232/3414 
f 2982/3193/3375 2985/3196/3378 3108/3327/3509 
f 3099/3318/3500 2982/3193/3375 3108/3327/3509 
f 3070/3286/3468 3079/3296/3478 3071/3287/3469 
f 3070/3286/3468 3072/3289/3471 3079/3296/3478 
f 3108/3327/3509 2985/3196/3378 3019/3232/3414 
f 2118/2294/2476 3109/3328/3510 3095/3314/3496 
f 3110/3329/3511 3090/3309/3491 2952/3162/3344 
f 3111/3330/3512 3112/3331/3513 3090/3309/3491 
f 3028/3241/3423 3113/3332/3514 2956/3167/3349 
f 2991/3204/3386 3111/3330/3512 2499/2697/2879 
f 3111/3330/3512 3033/3246/3428 3112/3331/3513 
f 3114/3333/3515 3112/3331/3513 3038/3251/3433 
f 3110/3329/3511 3111/3330/3512 3090/3309/3491 
f 3033/3246/3428 3038/3251/3433 3112/3331/3513 
f 2178/2354/2536 2954/3165/3347 3088/3306/3488 
f 2956/3167/3349 2178/2354/2536 3088/3306/3488 
f 3073/3290/3472 3081/3298/3480 3091/3310/3492 
f 3115/3334/3516 3073/3290/3472 3091/3310/3492 
f 2130/2306/2488 2184/2361/2543 2074/2247/2429 
f 2184/2361/2543 2130/2306/2488 2189/2366/2548 
f 3082/3299/3481 2953/3163/3345 2952/3162/3344 
f 3090/3309/3491 3080/3297/3479 2952/3162/3344 
f 3116/3335/3517 3117/3336/3518 3118/3337/3519 
f 2962/3173/3355 2961/3172/3354 3119/3338/3520 
f 3114/3333/3515 3120/3339/3521 3121/3340/3522 
f 3117/3336/3518 3121/3340/3522 3118/3337/3519 
f 3116/3335/3517 2961/3172/3354 3122/3341/3523 
f 2962/3173/3355 2959/3170/3352 2963/3174/3356 
f 2964/3175/3357 2962/3173/3355 3119/3338/3520 
f 2961/3172/3354 2963/3174/3356 3122/3341/3523 
f 2953/3199/3381 3082/3342/3524 2954/3165/3347 
f 3081/3298/3480 3073/3290/3472 3074/3291/3473 
f 3112/3331/3513 3114/3333/3515 3091/3310/3492 
f 3090/3309/3491 3112/3331/3513 3091/3310/3492 
f 3017/3230/3412 3107/3326/3508 2974/3185/3367 
f 2500/2698/2880 3110/3329/3511 2952/3162/3344 
f 2410/2591/2773 2991/3204/3386 2499/2697/2879 
f 3033/3246/3428 3111/3330/3512 2991/3204/3386 
f 3123/3343/3525 3124/3344/3526 3089/3307/3489 
f 3115/3334/3516 3123/3343/3525 3089/3307/3489 
f 3120/3339/3521 3114/3333/3515 3038/3251/3433 
f 3120/3339/3521 3118/3337/3519 3121/3340/3522 
f 3125/3345/3527 3126/3346/3528 3124/3344/3526 
f 3089/3307/3489 3124/3344/3526 3127/3347/3529 
f 3123/3343/3525 3128/3348/3530 3124/3344/3526 
f 3126/3346/3528 3127/3347/3529 3124/3344/3526 
f 3101/3320/3502 3106/3325/3507 3102/3321/3503 
f 2981/3192/3374 2974/3185/3367 3107/3326/3508 
f 2955/3166/3348 3113/3332/3514 3109/3328/3510 
f 2120/2296/2478 2955/3166/3348 3109/3328/3510 
f 3129/3349/3531 3076/3293/3475 3086/3303/3485 
f 3086/3303/3485 3088/3306/3488 2954/3165/3347 
f 3099/3318/3500 3083/3300/3482 3084/3301/3483 
f 3099/3318/3500 3084/3301/3483 3077/3294/3476 
f 3118/3337/3519 3119/3338/3520 2961/3172/3354 
f 3116/3335/3517 3118/3337/3519 2961/3172/3354 
f 3114/3333/3515 3121/3340/3522 3115/3334/3516 
f 3091/3310/3492 3114/3333/3515 3115/3334/3516 
f 3117/3336/3518 3130/3350/3532 3123/3343/3525 
f 3128/3348/3530 3125/3345/3527 3124/3344/3526 
f 3117/3336/3518 3116/3335/3517 3130/3350/3532 
f 3130/3350/3532 3128/3348/3530 3123/3343/3525 
f 3129/3349/3531 3086/3303/3485 2954/3165/3347 
f 3074/3308/3490 3076/3293/3475 3129/3349/3531 
f 3082/3342/3524 3074/3308/3490 3129/3349/3531 
f 3082/3342/3524 3129/3349/3531 2954/3165/3347 
f 3089/3307/3489 3127/3347/3529 3069/3284/3466 
f 3066/3281/3463 3089/3307/3489 3069/3284/3466 
f 3088/3306/3488 3086/3303/3485 3029/3242/3424 
f 3115/3334/3516 3089/3307/3489 3073/3290/3472 
f 3131/3351/3533 3017/3230/3412 2974/3185/3367 
f 3131/3351/3533 3132/3352/3534 3017/3230/3412 
f 3133/3353/3535 3025/3238/3420 3134/3354/3536 
f 3135/3355/3537 3133/3353/3535 3134/3354/3536 
f 3014/3227/3409 3011/3224/3406 3013/3226/3408 
f 3136/3356/3538 3065/3280/3462 3011/3224/3406 
f 2199/2376/2558 2995/3208/3390 2920/3126/3308 
f 3136/3356/3538 3137/3357/3539 3036/3249/3431 
f 3050/3264/3446 2940/3149/3331 3053/3268/3450 
f 3138/3358/3540 3044/3258/3440 2913/3119/3301 
f 2916/3122/3304 3139/3359/3541 2937/3146/3328 
f 2938/3147/3329 2916/3122/3304 2937/3146/3328 
f 3012/3225/3407 3027/3240/3422 3013/3226/3408 
f 3012/3225/3407 3065/3280/3462 3064/3279/3461 
f 2880/3085/3267 3138/3358/3540 2913/3119/3301 
f 3031/3244/3426 3064/3279/3461 3032/3245/3427 
f 3131/3351/3533 2974/3185/3367 2970/3181/3363 
f 2973/3184/3366 3131/3351/3533 2970/3181/3363 
f 3140/3360/3542 3132/3352/3534 3131/3351/3533 
f 2973/3184/3366 3140/3360/3542 3131/3351/3533 
f 2973/3184/3366 2972/3183/3365 3141/3361/3543 
f 3140/3360/3542 2973/3184/3366 3141/3361/3543 
f 2179/2355/2537 2955/3166/3348 2407/2588/2770 
f 3113/3332/3514 2955/3166/3348 2956/3167/3349 
f 2354/2533/2715 3051/3265/3447 2344/2523/2705 
f 3051/3265/3447 2354/2533/2715 3046/3260/3442 
f 2344/2523/2705 2340/2519/2701 2354/2533/2715 
f 3051/3265/3447 2345/2524/2706 2344/2523/2705 
f 3035/3248/3430 3032/3245/3427 3065/3280/3462 
f 3136/3356/3538 3035/3248/3430 3065/3280/3462 
f 3142/3362/3544 3134/3354/3536 3143/3363/3545 
f 3035/3248/3430 3136/3356/3538 3036/3249/3431 
f 3053/3268/3450 2937/3146/3328 3139/3359/3541 
f 3053/3268/3450 3139/3359/3541 3144/3364/3546 
f 3144/3364/3546 3138/3358/3540 2346/2525/2707 
f 3054/3269/3451 2350/2529/2711 2346/2525/2707 
f 2350/2529/2711 2342/2521/2703 2347/2526/2708 
f 2344/2523/2705 2347/2526/2708 2341/2520/2702 
f 2880/3085/3267 2895/3100/3282 3054/3269/3451 
f 2342/2521/2703 2341/2520/2702 2347/2526/2708 
f 3053/3268/3450 3144/3364/3546 2346/2525/2707 
f 2346/2525/2707 2345/2524/2706 3053/3268/3450 
f 3138/3358/3540 2880/3085/3267 3054/3269/3451 
f 3138/3358/3540 3054/3269/3451 2346/2525/2707 
f 2894/3099/3281 3044/3258/3440 3139/3359/3541 
f 2916/3122/3304 2894/3099/3281 3139/3359/3541 
f 3044/3258/3440 3138/3358/3540 3144/3364/3546 
f 3139/3359/3541 3044/3258/3440 3144/3364/3546 
f 2730/2933/3115 2303/2481/2663 2302/2480/2662 
f 2250/2428/2610 2255/2433/2615 2251/2429/2611 
f 2238/2416/2598 2246/2424/2606 2731/2934/3116 
f 2734/2937/3119 2250/2428/2610 2735/2938/3120 
f 2361/2540/2722 2733/2936/3118 2238/2416/2598 
f 2731/2934/3116 2361/2540/2722 2238/2416/2598 
f 2349/2528/2710 2900/3105/3287 2732/2935/3117 
f 2360/2539/2721 2362/2541/2723 2361/2540/2722 
f 2919/3125/3307 2135/2311/2493 2232/2410/2592 
f 2219/2396/2578 2919/3125/3307 2232/2410/2592 
f 2941/3150/3332 2940/3149/3331 3050/3264/3446 
f 3049/3263/3445 2941/3150/3332 3050/3264/3446 
f 2734/2937/3119 2256/2434/2616 2250/2428/2610 
f 2343/2522/2704 2342/2521/2703 2350/2529/2711 
f 3053/3268/3450 2345/2524/2706 3051/3265/3447 
f 2348/2527/2709 2350/2529/2711 3054/3269/3451 
f 2976/3187/3369 2975/3186/3368 2983/3194/3376 
f 2976/3187/3369 2986/3197/3379 2977/3188/3370 
f 2978/3189/3371 3085/3302/3484 3105/3324/3506 
f 3109/3328/3510 3100/3319/3501 3096/3315/3497 
f 3018/3231/3413 3145/3365/3547 3098/3317/3499 
f 3099/3318/3500 3108/3327/3509 3098/3317/3499 
f 3146/3366/3548 3092/3311/3493 3094/3313/3495 
f 3095/3314/3496 3109/3328/3510 3096/3315/3497 
f 3108/3327/3509 3019/3232/3414 3018/3231/3413 
f 3098/3317/3499 3108/3327/3509 3018/3231/3413 
f 3147/3367/3549 3145/3365/3547 3148/3368/3550 
f 3146/3366/3548 1992/2161/2343 3095/3314/3496 
f 3137/3357/3539 2136/2312/2494 2135/2311/2493 
f 2182/2359/2541 3149/3369/3551 2183/2360/2542 
f 3027/3240/3422 3012/3225/3407 3064/3279/3461 
f 2183/2360/2542 3149/3369/3551 2990/3203/3385 
f 2173/2349/2531 2167/2343/2525 2217/2394/2576 
f 1991/2160/2342 2169/2345/2527 2168/2344/2526 
f 2126/2302/2484 2170/2346/2528 2173/2349/2531 
f 1992/2161/2343 3146/3366/3548 3150/3370/3552 
f 3016/3229/3411 3137/3357/3539 3015/3228/3410 
f 3149/3369/3551 3031/3244/3426 2990/3203/3385 
f 3016/3229/3411 2136/2312/2494 3137/3357/3539 
f 3137/3357/3539 3136/3356/3538 3015/3228/3410 
f 1913/2691/2873 2176/2352/2534 1914/2985/3167 
f 2908/3113/3295 2909/3115/3297 2125/3200/3382 
f 2109/2356/2538 2083/3164/3346 2178/2354/2536 
f 2179/2355/2537 2178/2354/2536 2956/3167/3349 
f 2167/2343/2525 2168/2344/2526 2217/2394/2576 
f 2919/3125/3307 2918/3124/3306 2917/3123/3305 
f 1992/2161/2343 3056/3271/3453 3095/3314/3496 
f 3096/3315/3497 3151/3371/3553 3092/3311/3493 
f 2219/2396/2578 2232/2410/2592 2432/2620/2802 
f 2232/2410/2592 2137/2313/2495 2893/3098/3280 
f 3152/3372/3554 3153/3373/3555 3154/3374/3556 
f 2134/2310/2492 3152/3372/3554 3154/3374/3556 
f 2171/2347/2529 3056/3271/3453 1992/2161/2343 
f 1991/2160/2342 2171/2347/2529 1992/2161/2343 
f 2119/2295/2477 2999/3212/3394 2911/3117/3299 
f 1993/2162/2344 1992/2161/2343 3150/3370/3552 
f 2036/2205/2387 3153/3373/3555 2032/2201/2383 
f 3153/3373/3555 3152/3372/3554 3155/3375/3557 
f 2034/2203/2385 2031/2200/2382 3156/3376/3558 
f 3153/3373/3555 2138/2314/2496 2032/2201/2383 
f 2153/2329/2511 2192/2369/2551 2157/2333/2515 
f 2154/2330/2512 2153/2329/2511 2157/2333/2515 
f 3155/3375/3557 3150/3370/3552 3146/3366/3548 
f 3000/3213/3395 2999/3212/3394 3056/3271/3453 
f 2988/3201/3383 2129/2305/2487 2074/2247/2429 
f 2073/2246/2428 2988/3201/3383 2074/2247/2429 
f 2474/2670/2852 1934/2102/2283 1935/2103/2284 
f 2126/2302/2484 2165/2341/2523 2164/2340/2522 
f 2123/2299/2481 2207/2384/2566 2206/2383/2565 
f 2500/2698/2880 2499/2697/2879 3111/3330/3512 
f 2409/2590/2772 2084/2257/2439 2121/2297/2479 
f 2112/2288/2470 2111/2287/2469 2122/2298/2480 
f 2179/2355/2537 2875/3079/3261 2177/2353/2535 
f 2406/2587/2769 2408/2589/2771 2875/3079/3261 
f 2120/2296/2478 2195/2372/2554 2407/2588/2770 
f 2955/3166/3348 2120/2296/2478 2407/2588/2770 
f 2213/2390/2572 2212/2389/2571 2221/2398/2580 
f 2535/2735/2917 2568/2768/2950 2594/2794/2976 
f 3149/3369/3551 3023/3236/3418 3027/3240/3422 
f 3092/3311/3493 3146/3366/3548 3095/3314/3496 
f 2498/2696/2878 2471/2667/2849 2782/2986/3168 
f 2440/2632/2814 2439/2631/2813 2498/2696/2878 
f 2470/2666/2848 2468/2664/2846 2490/2686/2868 
f 2468/2664/2846 2650/2850/3032 2491/2687/2869 
f 2021/2190/2372 2710/2913/3095 2185/2362/2544 
f 2771/2974/3156 2253/2431/2613 2257/2435/2617 
f 2490/2686/2868 2468/2664/2846 2491/2687/2869 
f 1914/2985/3167 2176/2352/2534 2693/2894/3076 
f 2207/2384/2566 2123/2299/2481 2117/2293/2475 
f 2123/2299/2481 2122/2298/2480 2111/2287/2469 
f 3110/3329/3511 2500/2698/2880 3111/3330/3512 
f 2085/2258/2440 2409/2590/2772 2410/2591/2773 
f 2174/2350/2532 2113/2289/2471 2115/2291/2473 
f 2910/3116/3298 2070/2243/2425 2072/2245/2427 
f 2492/2688/2870 2491/2687/2869 2947/3156/3338 
f 2163/2339/2521 2175/2351/2533 2162/2338/2520 
f 2234/2412/2594 2207/2384/2566 2117/2293/2475 
f 2945/3154/3336 2408/2589/2771 2989/3202/3384 
f 2125/2301/2483 2783/3161/3343 2122/2298/2480 
f 2125/3200/3382 2909/3115/3297 2783/2987/3169 
f 2207/2384/2566 2988/3201/3383 2073/2246/2428 
f 2201/2378/2560 2711/2914/3096 2107/2283/2465 
f 2989/3202/3384 2174/2350/2532 2190/2367/2549 
f 2989/3202/3384 2113/2289/2471 2174/2350/2532 
f 2070/2243/2425 2910/3116/3298 2107/2283/2465 
f 2763/2966/3148 2945/3154/3336 2781/2984/3166 
f 2072/2245/2427 2877/3082/3264 2907/3112/3294 
f 2910/3116/3298 2072/2245/2427 2907/3112/3294 
f 2166/2342/2524 2175/2351/2533 2163/2339/2521 
f 2990/3203/3385 2410/2591/2773 2073/2246/2428 
f 2256/2434/2616 2441/2635/2817 2257/2435/2617 
f 2907/3112/3294 2202/2379/2561 2910/3116/3298 
f 2132/2308/2490 2131/2307/2489 2685/2885/3067 
f 2684/2884/3066 2132/2308/2490 2685/2885/3067 
f 2685/2885/3067 2131/2307/2489 2211/2388/2570 
f 2210/2387/2569 2685/2885/3067 2211/2388/2570 
f 2211/2388/2570 3154/3374/3556 2035/2204/2386 
f 2209/2386/2568 2211/2388/2570 2035/2204/2386 
f 2131/2307/2489 2134/2310/2492 3154/3374/3556 
f 2211/2388/2570 2131/2307/2489 3154/3374/3556 
f 1993/2162/2344 3150/3370/3552 3157/3377/3559 
f 2133/2309/2491 1993/2162/2344 3157/3377/3559 
f 2169/2345/2527 1993/2162/2344 2133/2309/2491 
f 2132/2308/2490 2169/2345/2527 2133/2309/2491 
f 3155/3375/3557 3152/3372/3554 3157/3377/3559 
f 3150/3370/3552 3155/3375/3557 3157/3377/3559 
f 2134/2310/2492 2133/2309/2491 3157/3377/3559 
f 3152/3372/3554 2134/2310/2492 3157/3377/3559 
f 2035/2204/2386 3154/3374/3556 3153/3373/3555 
f 2036/2205/2387 2035/2204/2386 3153/3373/3555 
f 2035/2204/2386 2037/2206/2388 2039/2208/2390 
f 2209/2386/2568 2035/2204/2386 2039/2208/2390 
f 1934/2102/2283 2475/2671/2853 1903/2074/2249 
f 2467/2663/2845 2430/2618/2800 2472/2668/2850 
f 2118/2294/2476 3056/3271/3453 2999/3212/3394 
f 3055/3270/3452 3158/3378/3560 3156/3376/3558 
f 2128/2304/2486 2161/2337/2519 2911/3117/3299 
f 2038/2207/2389 1988/2157/2339 1990/2159/2341 
f 3000/3213/3395 2171/2347/2529 2172/2348/2530 
f 3156/3376/3558 3158/3378/3560 2142/2318/2500 
f 2034/2203/2385 3156/3376/3558 2142/2318/2500 
f 2139/2315/2497 2034/2203/2385 2142/2318/2500 
f 2139/2315/2497 1990/2159/2341 1989/2158/2340 
f 2140/2316/2498 2139/2315/2497 1989/2158/2340 
f 3159/3379/3561 3160/3380/3562 2993/3206/3388 
f 2994/3207/3389 3159/3379/3561 2993/3206/3388 
f 3161/3381/3563 3160/3380/3562 3159/3379/3561 
f 3162/3382/3564 3161/3381/3563 3159/3379/3561 
f 3001/3214/3396 2997/3210/3392 3160/3380/3562 
f 3161/3381/3563 3001/3214/3396 3160/3380/3562 
f 2997/3210/3392 2995/3208/3390 2993/3206/3388 
f 3160/3380/3562 2997/3210/3392 2993/3206/3388 
f 2236/2414/2596 2998/3211/3393 3159/3379/3561 
f 3159/3379/3561 2998/3211/3393 3162/3382/3564 
f 3163/3383/3565 3159/3379/3561 2994/3207/3389 
f 2944/3153/3335 3163/3383/3565 2994/3207/3389 
f 3141/3361/3543 3161/3381/3563 3162/3382/3564 
f 3140/3360/3542 3141/3361/3543 3162/3382/3564 
f 2998/3211/3393 3164/3384/3566 3162/3382/3564 
f 3002/3215/3397 3137/3357/3539 2135/2311/2493 
f 2185/2362/2544 2184/2361/2543 2189/2366/2548 
f 2180/2357/2539 2189/2366/2548 2076/2249/2431 
f 2205/2382/2564 2184/2361/2543 2186/2363/2545 
f 2710/2913/3095 2899/3104/3286 2186/2363/2545 
f 3015/3228/3410 3136/3356/3538 3011/3224/3406 
f 3065/3280/3462 3012/3225/3407 3011/3224/3406 
f 2197/2374/2556 2196/2373/2555 2200/2377/2559 
f 3027/3240/3422 3064/3279/3461 3031/3244/3426 
f 2406/2587/2769 2875/3079/3261 2179/2355/2537 
f 2909/3115/3297 2945/3154/3336 2763/2966/3148 
f 2408/2589/2771 2908/3113/3295 2875/3079/3261 
f 3088/3306/3488 3028/3241/3423 2956/3167/3349 
f 3107/3326/3508 3017/3230/3412 3019/3232/3414 
f 3134/3354/3536 3165/3385/3567 3143/3363/3545 
f 2996/3209/3391 2919/3125/3307 2917/3123/3305 
f 3142/3362/3544 3036/3249/3431 3135/3355/3537 
f 2141/2317/2499 2033/2202/2384 2034/2203/2385 
f 2031/2200/2382 3055/3270/3452 3156/3376/3558 
f 3022/3235/3417 3055/3270/3452 2030/2199/2381 
f 2138/2314/2496 3155/3375/3557 3094/3313/3495 
f 3093/3312/3494 3166/3386/3568 3021/3234/3416 
f 3151/3371/3553 3166/3386/3568 3093/3312/3494 
f 2030/2199/2381 3020/3233/3415 3022/3235/3417 
f 3166/3386/3568 3147/3367/3549 3021/3234/3416 
f 3148/3368/3550 3145/3365/3547 3018/3231/3413 
f 3017/3230/3412 3148/3368/3550 3018/3231/3413 
f 2142/2318/2500 3164/3384/3566 2998/3211/3393 
f 3164/3384/3566 3158/3378/3560 3132/3352/3534 
f 3166/3386/3568 3097/3316/3498 3145/3365/3547 
f 3097/3316/3498 3166/3386/3568 3151/3371/3553 
f 3158/3378/3560 3164/3384/3566 2142/2318/2500 
f 3158/3378/3560 3147/3367/3549 3148/3368/3550 
f 3092/3311/3493 3151/3371/3553 3093/3312/3494 
f 3055/3270/3452 3022/3235/3417 3158/3378/3560 
f 3094/3313/3495 3155/3375/3557 3146/3366/3548 
f 3056/3271/3453 2118/2294/2476 3095/3314/3496 
f 3147/3367/3549 3166/3386/3568 3145/3365/3547 
f 3022/3235/3417 3147/3367/3549 3158/3378/3560 
f 3096/3315/3497 3097/3316/3498 3151/3371/3553 
f 3145/3365/3547 3097/3316/3498 3098/3317/3499 
f 2138/2314/2496 3153/3373/3555 3155/3375/3557 
f 2143/2319/2501 2142/2318/2500 2998/3211/3393 
f 3020/3233/3415 2138/2314/2496 3094/3313/3495 
f 3020/3233/3415 2030/2199/2381 2138/2314/2496 
f 3002/3215/3397 3135/3355/3537 3137/3357/3539 
f 3133/3353/3535 3135/3355/3537 3002/3215/3397 
f 3132/3352/3534 3148/3368/3550 3017/3230/3412 
f 3158/3378/3560 3148/3368/3550 3132/3352/3534 
f 2136/2312/2494 3016/3229/3411 3009/3222/3404 
f 2137/2313/2495 2136/2312/2494 3009/3222/3404 
f 2920/3126/3308 2997/3210/3392 2917/3123/3305 
f 3134/3354/3536 3142/3362/3544 3135/3355/3537 
f 2923/3129/3311 3163/3383/3565 2944/3153/3335 
f 3163/3383/3565 2236/2414/2596 3159/3379/3561 
f 1997/2166/2348 2236/2414/2596 3163/3383/3565 
f 2923/3129/3311 1997/2166/2348 3163/3383/3565 
f 3141/3361/3543 2972/3183/3365 3025/3238/3420 
f 3133/3353/3535 3141/3361/3543 3025/3238/3420 
f 3001/3214/3396 3161/3381/3563 3141/3361/3543 
f 3133/3353/3535 3001/3214/3396 3141/3361/3543 
f 3132/3352/3534 3140/3360/3542 3162/3382/3564 
f 3164/3384/3566 3132/3352/3534 3162/3382/3564 
f 3022/3235/3417 3021/3234/3416 3147/3367/3549 
f 3021/3234/3416 3020/3233/3415 3094/3313/3495 
f 3165/3385/3567 3134/3354/3536 3025/3238/3420 
f 2987/3198/3380 3165/3385/3567 3025/3238/3420 
f 3165/3385/3567 2987/3198/3380 3026/3239/3421 
f 2965/3176/3358 3165/3385/3567 3026/3239/3421 
f 3143/3363/3545 3165/3385/3567 2965/3176/3358 
f 3119/3338/3520 3167/3387/3569 3168/3388/3570 
f 3081/3298/3480 3074/3291/3473 3082/3299/3481 
f 2964/3175/3357 3143/3363/3545 2965/3176/3358 
f 3026/3239/3421 2969/3180/3362 2957/3168/3350 
f 2964/3175/3357 3119/3338/3520 3168/3388/3570 
f 2960/3171/3353 2965/3176/3358 3026/3239/3421 
f 2957/3168/3350 2960/3171/3353 3026/3239/3421 
f 3143/3363/3545 3168/3388/3570 3142/3362/3544 
f 3168/3388/3570 3167/3387/3569 3034/3247/3429 
f 3120/3339/3521 3038/3251/3433 3037/3250/3432 
f 3168/3388/3570 3034/3247/3429 3142/3362/3544 
f 3106/3325/3507 3101/3320/3502 3169/3389/3571 
f 2980/3191/3373 3106/3325/3507 3169/3389/3571 
f 3104/3323/3505 3169/3389/3571 3101/3320/3502 
f 2984/3195/3377 3104/3323/3505 3101/3320/3502 
f 2980/3191/3373 3170/3390/3572 2966/3177/3359 
f 3106/3325/3507 2981/3192/3374 3102/3321/3503 
f 3170/3390/3572 2980/3191/3373 3169/3389/3571 
f 3170/3390/3572 2967/3178/3360 2966/3177/3359 
f 3113/3332/3514 3028/3241/3423 3100/3319/3501 
f 2120/2296/2478 3109/3328/3510 2118/2294/2476 
f 3102/3321/3503 2981/3192/3374 3107/3326/3508 
f 2975/3186/3368 3103/3322/3504 2983/3194/3376 
f 2186/2363/2545 2899/3104/3286 2205/2382/2564 
f 2182/2359/2541 3023/3236/3418 3149/3369/3551 
f 3010/3223/3405 3014/3227/3409 3062/3277/3459 
f 3100/3319/3501 3109/3328/3510 3113/3332/3514 
f 3121/3340/3522 3117/3336/3518 3123/3343/3525 
f 3115/3334/3516 3121/3340/3522 3123/3343/3525 
f 3080/3297/3479 3082/3299/3481 2952/3162/3344 
f 3116/3335/3517 3122/3341/3523 3130/3350/3532 
f 3119/3338/3520 3118/3337/3519 3167/3387/3569 
f 3167/3387/3569 3037/3250/3432 3034/3247/3429 
f 3167/3387/3569 3120/3339/3521 3037/3250/3432 
f 3118/3337/3519 3120/3339/3521 3167/3387/3569 
f 3093/3312/3494 3021/3234/3416 3094/3313/3495 
f 3149/3369/3551 3027/3240/3422 3031/3244/3426 
f 3001/3214/3396 3133/3353/3535 3002/3215/3397 
f 3135/3355/3537 3036/3249/3431 3137/3357/3539 
f 3001/3214/3396 3002/3215/3397 2996/3209/3391 
f 3143/3363/3545 2964/3175/3357 3168/3388/3570 
f 3142/3362/3544 3034/3247/3429 3036/3249/3431 
usemtl mat_3_Doctor_Shoes_D_jpg
f 3171/3391/3573 3172/3392/3574 3173/3393/3575 
f 3174/3394/3576 3175/3395/3577 3176/3396/3578 
f 3177/3397/3579 3176/3396/3578 3178/3398/3580 
f 3176/3396/3578 3179/3399/3581 3174/3394/3576 
f 3175/3395/3577 3178/3398/3580 3176/3396/3578 
f 3180/3400/3582 3181/3401/3583 3182/3402/3584 
f 3179/3399/3581 3183/3403/3585 3174/3394/3576 
f 3184/3404/3586 3179/3399/3581 3185/3405/3587 
f 3186/3406/3588 3187/3407/3589 3188/3408/3590 
f 3189/3409/3591 3190/3410/3592 3191/3411/3593 
f 3185/3405/3587 3192/3412/3594 3181/3401/3583 
f 3188/3408/3590 3193/3413/3595 3194/3414/3596 
f 3188/3408/3590 3194/3414/3596 3195/3415/3597 
f 3187/3407/3589 3196/3416/3598 3197/3417/3599 
f 3198/3418/3600 3199/3419/3601 3200/3420/3602 
f 3201/3421/3603 3200/3420/3602 3197/3422/3604 
f 3196/3416/3598 3201/3423/3605 3197/3417/3599 
f 3202/3424/3606 3199/3419/3601 3203/3425/3607 
f 3204/3426/3608 3205/3427/3609 3206/3428/3610 
f 3207/3429/3611 3198/3418/3600 3200/3420/3602 
f 3205/3427/3609 3199/3419/3601 3202/3424/3606 
f 3208/3430/3612 3193/3431/3613 3209/3432/3614 
f 3193/3413/3595 3208/3433/3615 3194/3414/3596 
f 3209/3432/3614 3204/3426/3608 3206/3428/3610 
f 3193/3431/3613 3204/3426/3608 3209/3432/3614 
f 3210/3434/3616 3211/3435/3617 3212/3436/3618 
f 3213/3437/3619 3211/3435/3617 3214/3438/3620 
f 3212/3436/3618 3213/3437/3619 3215/3439/3621 
f 3211/3435/3617 3213/3437/3619 3212/3436/3618 
f 3197/3417/3599 3193/3413/3595 3188/3408/3590 
f 3187/3407/3589 3197/3417/3599 3188/3408/3590 
f 3186/3406/3588 3188/3408/3590 3195/3415/3597 
f 3216/3440/3622 3217/3441/3623 3218/3442/3624 
f 3219/3443/3625 3220/3444/3626 3216/3445/3627 
f 3221/3446/3628 3222/3447/3629 3223/3448/3630 
f 3221/3446/3628 3224/3449/3631 3225/3450/3632 
f 3226/3451/3633 3227/3452/3634 3228/3453/3635 
f 3224/3449/3631 3221/3446/3628 3223/3448/3630 
f 3229/3454/3636 3224/3449/3631 3223/3448/3630 
f 3216/3445/3627 3220/3444/3626 3230/3455/3637 
f 3217/3456/3638 3216/3445/3627 3230/3455/3637 
f 3231/3457/3639 3232/3458/3640 3233/3459/3641 
f 3234/3460/3642 3232/3458/3640 3231/3457/3639 
f 3211/3435/3617 3235/3461/3643 3214/3438/3620 
f 3231/3457/3639 3233/3459/3641 3236/3462/3644 
f 3213/3437/3619 3231/3457/3639 3236/3462/3644 
f 3213/3437/3619 3236/3462/3644 3215/3439/3621 
f 3207/3429/3611 3237/3463/3645 3238/3464/3646 
f 3235/3461/3643 3239/3465/3647 3214/3438/3620 
f 3240/3466/3648 3191/3467/3649 3241/3468/3650 
f 3241/3468/3650 3225/3469/3651 3240/3466/3648 
f 3242/3470/3652 3240/3466/3648 3243/3471/3653 
f 3240/3466/3648 3189/3472/3654 3191/3467/3649 
f 3244/3473/3655 3245/3474/3656 3246/3475/3657 
f 3232/3458/3640 3247/3476/3658 3233/3459/3641 
f 3247/3477/3659 3246/3475/3657 3233/3478/3660 
f 3245/3474/3656 3248/3479/3661 3246/3475/3657 
f 3226/3451/3633 3222/3447/3629 3249/3480/3662 
f 3250/3481/3663 3226/3451/3633 3249/3480/3662 
f 3222/3447/3629 3226/3451/3633 3228/3453/3635 
f 3223/3448/3630 3222/3447/3629 3228/3453/3635 
f 3251/3482/3664 3252/3483/3665 3253/3484/3666 
f 3237/3463/3645 3251/3482/3664 3253/3484/3666 
f 3196/3416/3598 3183/3403/3585 3254/3485/3667 
f 3196/3416/3598 3187/3407/3589 3174/3394/3576 
f 3255/3486/3668 3251/3482/3664 3256/3487/3669 
f 3257/3488/3670 3255/3486/3668 3256/3487/3669 
f 3258/3489/3671 3259/3490/3672 3260/3491/3673 
f 3261/3492/3674 3262/3493/3675 3263/3494/3676 
f 3264/3495/3677 3265/3496/3678 3266/3497/3679 
f 3267/3498/3680 3264/3495/3677 3266/3497/3679 
f 3255/3486/3668 3257/3488/3670 3266/3497/3679 
f 3265/3496/3678 3255/3486/3668 3266/3497/3679 
f 3268/3499/3681 3220/3444/3626 3269/3500/3682 
f 3269/3500/3682 3270/3501/3683 3271/3502/3684 
f 3217/3441/3623 3240/3466/3648 3218/3442/3624 
f 3272/3503/3685 3249/3480/3662 3222/3447/3629 
f 3273/3504/3686 3274/3505/3687 3275/3506/3688 
f 3276/3507/3689 3277/3508/3690 3278/3509/3691 
f 3268/3499/3681 3269/3500/3682 3271/3502/3684 
f 3271/3502/3684 3270/3501/3683 3279/3510/3692 
f 3280/3511/3693 3250/3481/3663 3252/3483/3665 
f 3281/3512/3694 3280/3511/3693 3252/3483/3665 
f 3282/3513/3695 3283/3514/3696 3284/3515/3697 
f 3285/3516/3698 3282/3513/3695 3284/3515/3697 
f 3281/3512/3694 3252/3483/3665 3251/3482/3664 
f 3255/3486/3668 3281/3512/3694 3251/3482/3664 
f 3286/3517/3699 3287/3518/3700 3288/3519/3701 
f 3289/3520/3702 3286/3517/3699 3288/3519/3701 
f 3281/3512/3694 3255/3486/3668 3265/3496/3678 
f 3286/3517/3699 3281/3512/3694 3265/3496/3678 
f 3287/3518/3700 3286/3517/3699 3265/3496/3678 
f 3264/3495/3677 3287/3518/3700 3265/3496/3678 
f 3272/3503/3685 3290/3521/3703 3253/3484/3666 
f 3249/3480/3662 3272/3503/3685 3253/3484/3666 
f 3281/3512/3694 3286/3517/3699 3289/3520/3702 
f 3280/3511/3693 3281/3512/3694 3289/3520/3702 
f 3291/3522/3704 3292/3523/3705 3293/3524/3706 
f 3294/3525/3707 3295/3526/3708 3296/3527/3709 
f 3262/3493/3675 3180/3400/3582 3219/3443/3625 
f 3297/3528/3710 3262/3493/3675 3219/3443/3625 
f 3275/3506/3688 3298/3529/3711 3299/3530/3712 
f 3274/3505/3687 3298/3529/3711 3275/3506/3688 
f 3291/3522/3704 3294/3525/3707 3296/3527/3709 
f 3298/3529/3711 3300/3531/3713 3299/3530/3712 
f 3301/3532/3714 3189/3472/3654 3240/3466/3648 
f 3242/3470/3652 3301/3532/3714 3240/3466/3648 
f 3229/3533/3715 3240/3466/3648 3224/3534/3716 
f 3224/3534/3716 3240/3466/3648 3225/3469/3651 
f 3190/3535/3717 3189/3536/3718 3301/3537/3719 
f 3279/3510/3692 3190/3535/3717 3301/3537/3719 
f 3218/3442/3624 3240/3466/3648 3229/3533/3715 
f 3223/3538/3720 3218/3442/3624 3229/3533/3715 
f 3302/3539/3721 3303/3540/3722 3304/3541/3723 
f 3264/3495/3677 3305/3542/3724 3306/3543/3725 
f 3214/3438/3620 3234/3460/3642 3231/3457/3639 
f 3303/3540/3722 3307/3544/3726 3304/3541/3723 
f 3308/3545/3727 3304/3541/3723 3307/3544/3726 
f 3309/3546/3728 3308/3545/3727 3307/3544/3726 
f 3310/3547/3729 3309/3546/3728 3311/3548/3730 
f 3312/3549/3731 3309/3546/3728 3310/3547/3729 
f 3254/3485/3667 3276/3507/3689 3313/3550/3732 
f 3314/3551/3733 3254/3485/3667 3313/3550/3732 
f 3277/3508/3690 3260/3491/3673 3304/3541/3723 
f 3308/3545/3727 3277/3508/3690 3304/3541/3723 
f 3221/3446/3628 3315/3552/3734 3316/3553/3735 
f 3272/3503/3685 3221/3446/3628 3316/3553/3735 
f 3182/3402/3584 3220/3444/3626 3219/3443/3625 
f 3180/3400/3582 3182/3402/3584 3219/3443/3625 
f 3247/3477/3659 3317/3554/3736 3246/3475/3657 
f 3246/3475/3657 3248/3479/3661 3233/3478/3660 
f 3246/3475/3657 3270/3501/3683 3244/3473/3655 
f 3317/3554/3736 3270/3501/3683 3246/3475/3657 
f 3271/3502/3684 3242/3555/3737 3243/3556/3738 
f 3268/3499/3681 3271/3502/3684 3243/3556/3738 
f 3318/3557/3739 3319/3558/3740 3316/3553/3735 
f 3315/3552/3734 3318/3557/3739 3316/3553/3735 
f 3232/3458/3640 3319/3558/3740 3247/3476/3658 
f 3319/3558/3740 3232/3458/3640 3234/3460/3642 
f 3290/3521/3703 3234/3460/3642 3214/3438/3620 
f 3319/3558/3740 3317/3559/3741 3247/3476/3658 
f 3182/3402/3584 3192/3412/3594 3269/3500/3682 
f 3270/3501/3683 3269/3500/3682 3244/3473/3655 
f 3316/3553/3735 3319/3558/3740 3234/3460/3642 
f 3192/3412/3594 3244/3473/3655 3269/3500/3682 
f 3221/3446/3628 3272/3503/3685 3222/3447/3629 
f 3220/3444/3626 3182/3402/3584 3269/3500/3682 
f 3317/3559/3741 3319/3558/3740 3320/3560/3742 
f 3190/3410/3592 3317/3559/3741 3320/3560/3742 
f 3218/3442/3624 3223/3538/3720 3228/3561/3743 
f 3321/3562/3744 3218/3442/3624 3228/3561/3743 
f 3301/3537/3719 3242/3555/3737 3279/3510/3692 
f 3320/3560/3742 3318/3557/3739 3241/3563/3745 
f 3191/3411/3593 3320/3560/3742 3241/3563/3745 
f 3279/3510/3692 3270/3501/3683 3317/3554/3736 
f 3190/3410/3592 3320/3560/3742 3191/3411/3593 
f 3242/3555/3737 3271/3502/3684 3279/3510/3692 
f 3240/3466/3648 3217/3441/3623 3230/3564/3746 
f 3240/3466/3648 3230/3564/3746 3243/3471/3653 
f 3190/3535/3717 3279/3510/3692 3317/3554/3736 
f 3318/3557/3739 3320/3560/3742 3319/3558/3740 
f 3322/3565/3747 3323/3566/3748 3324/3567/3749 
f 3300/3531/3713 3325/3568/3750 3322/3565/3747 
f 3326/3569/3751 3325/3568/3750 3298/3529/3711 
f 3323/3566/3748 3327/3570/3752 3324/3567/3749 
f 3274/3505/3687 3328/3571/3753 3329/3572/3754 
f 3330/3573/3755 3331/3574/3756 3332/3575/3757 
f 3324/3567/3749 3300/3531/3713 3322/3565/3747 
f 3328/3571/3753 3333/3576/3758 3329/3572/3754 
f 3329/3572/3754 3334/3577/3759 3326/3569/3751 
f 3329/3572/3754 3333/3576/3758 3330/3573/3755 
f 3326/3569/3751 3335/3578/3760 3325/3568/3750 
f 3334/3577/3759 3335/3578/3760 3326/3569/3751 
f 3329/3572/3754 3326/3569/3751 3274/3505/3687 
f 3325/3568/3750 3300/3531/3713 3298/3529/3711 
f 3334/3577/3759 3329/3572/3754 3330/3573/3755 
f 3326/3569/3751 3298/3529/3711 3274/3505/3687 
f 3332/3575/3757 3312/3549/3731 3336/3579/3761 
f 3332/3575/3757 3336/3579/3761 3335/3578/3760 
f 3331/3574/3756 3337/3580/3762 3332/3575/3757 
f 3312/3549/3731 3310/3547/3729 3336/3579/3761 
f 3338/3581/3763 3339/3582/3764 3340/3583/3765 
f 3330/3584/3766 3333/3585/3767 3341/3586/3768 
f 3334/3577/3759 3332/3575/3757 3335/3578/3760 
f 3339/3582/3764 3337/3587/3769 3340/3583/3765 
f 3330/3584/3766 3342/3588/3770 3331/3589/3771 
f 3337/3587/3769 3331/3589/3771 3343/3590/3772 
f 3334/3577/3759 3330/3573/3755 3332/3575/3757 
f 3342/3588/3770 3343/3590/3772 3331/3589/3771 
f 3337/3580/3762 3339/3591/3773 3312/3549/3731 
f 3337/3580/3762 3312/3549/3731 3332/3575/3757 
f 3340/3583/3765 3337/3587/3769 3343/3590/3772 
f 3339/3591/3773 3309/3546/3728 3312/3549/3731 
f 3273/3504/3686 3294/3592/3774 3293/3593/3775 
f 3344/3594/3776 3273/3504/3686 3293/3593/3775 
f 3345/3595/3777 3346/3596/3778 3347/3597/3779 
f 3348/3598/3780 3345/3595/3777 3347/3597/3779 
f 3349/3599/3781 3350/3600/3782 3351/3601/3783 
f 3352/3602/3784 3313/3603/3785 3278/3604/3786 
f 3181/3401/3583 3180/3400/3582 3262/3493/3675 
f 3350/3600/3782 3278/3604/3786 3351/3601/3783 
f 3346/3596/3778 3353/3605/3787 3354/3606/3788 
f 3355/3607/3789 3346/3596/3778 3354/3606/3788 
f 3342/3588/3770 3330/3584/3766 3341/3586/3768 
f 3278/3509/3691 3277/3508/3690 3351/3608/3790 
f 3299/3530/3712 3282/3609/3791 3295/3610/3792 
f 3275/3506/3688 3299/3530/3712 3295/3610/3792 
f 3356/3611/3793 3357/3612/3794 3358/3613/3795 
f 3288/3519/3701 3356/3611/3793 3358/3613/3795 
f 3359/3614/3796 3360/3615/3797 3361/3616/3798 
f 3362/3617/3799 3359/3614/3796 3361/3616/3798 
f 3227/3452/3634 3363/3618/3800 3228/3453/3635 
f 3277/3508/3690 3308/3545/3727 3351/3608/3790 
f 3364/3619/3801 3365/3620/3802 3283/3621/3803 
f 3366/3622/3804 3364/3619/3801 3283/3621/3803 
f 3367/3623/3805 3368/3624/3806 3363/3618/3800 
f 3227/3452/3634 3367/3623/3805 3363/3618/3800 
f 3220/3444/3626 3268/3499/3681 3243/3556/3738 
f 3230/3455/3637 3220/3444/3626 3243/3556/3738 
f 3318/3557/3739 3315/3552/3734 3225/3450/3632 
f 3241/3563/3745 3318/3557/3739 3225/3450/3632 
f 3360/3615/3797 3297/3528/3710 3369/3625/3807 
f 3361/3616/3798 3360/3615/3797 3369/3625/3807 
f 3355/3607/3789 3344/3626/3808 3293/3627/3809 
f 3292/3628/3810 3355/3607/3789 3293/3627/3809 
f 3273/3504/3686 3344/3594/3776 3328/3571/3753 
f 3274/3505/3687 3273/3504/3686 3328/3571/3753 
f 3370/3629/3811 3371/3630/3812 3372/3631/3813 
f 3373/3632/3814 3370/3629/3811 3372/3631/3813 
f 3345/3595/3777 3374/3633/3815 3353/3605/3787 
f 3346/3596/3778 3345/3595/3777 3353/3605/3787 
f 3328/3634/3816 3344/3626/3808 3355/3607/3789 
f 3354/3606/3788 3328/3634/3816 3355/3607/3789 
f 3375/3635/3817 3303/3540/3722 3325/3568/3750 
f 3336/3579/3761 3311/3548/3730 3375/3635/3817 
f 3287/3518/3700 3264/3495/3677 3306/3543/3725 
f 3303/3540/3722 3322/3565/3747 3325/3568/3750 
f 3376/3636/3818 3371/3630/3812 3377/3637/3819 
f 3338/3581/3763 3376/3636/3818 3377/3637/3819 
f 3335/3578/3760 3336/3579/3761 3375/3635/3817 
f 3336/3579/3761 3310/3547/3729 3311/3548/3730 
f 3227/3452/3634 3226/3451/3633 3250/3481/3663 
f 3280/3511/3693 3227/3452/3634 3250/3481/3663 
f 3297/3528/3710 3360/3615/3797 3263/3494/3676 
f 3262/3493/3675 3297/3528/3710 3263/3494/3676 
f 3338/3581/3763 3349/3599/3781 3339/3582/3764 
f 3309/3546/3728 3307/3544/3726 3311/3548/3730 
f 3350/3600/3782 3352/3602/3784 3278/3604/3786 
f 3349/3599/3781 3351/3601/3783 3339/3582/3764 
f 3374/3633/3815 3345/3595/3777 3357/3612/3794 
f 3356/3611/3793 3374/3633/3815 3357/3612/3794 
f 3327/3570/3752 3364/3619/3801 3366/3622/3804 
f 3324/3567/3749 3327/3570/3752 3366/3622/3804 
f 3288/3519/3701 3358/3613/3795 3367/3623/3805 
f 3289/3520/3702 3288/3519/3701 3367/3623/3805 
f 3359/3614/3796 3364/3619/3801 3327/3570/3752 
f 3378/3638/3820 3359/3614/3796 3327/3570/3752 
f 3295/3526/3708 3282/3513/3695 3285/3516/3698 
f 3296/3527/3709 3295/3526/3708 3285/3516/3698 
f 3284/3515/3697 3379/3639/3821 3380/3640/3822 
f 3381/3641/3823 3284/3515/3697 3380/3640/3822 
f 3239/3465/3647 3290/3521/3703 3214/3438/3620 
f 3315/3552/3734 3221/3446/3628 3225/3450/3632 
f 3284/3515/3697 3381/3641/3823 3348/3642/3824 
f 3285/3516/3698 3284/3515/3697 3348/3642/3824 
f 3361/3643/3825 3382/3644/3826 3383/3645/3827 
f 3362/3646/3828 3361/3643/3825 3383/3645/3827 
f 3382/3644/3826 3321/3562/3744 3228/3561/3743 
f 3363/3647/3829 3382/3644/3826 3228/3561/3743 
f 3283/3514/3696 3365/3648/3830 3379/3639/3821 
f 3284/3515/3697 3283/3514/3696 3379/3639/3821 
f 3383/3645/3827 3382/3644/3826 3363/3647/3829 
f 3368/3649/3831 3383/3645/3827 3363/3647/3829 
f 3367/3623/3805 3358/3613/3795 3368/3624/3806 
f 3365/3648/3830 3362/3646/3828 3383/3645/3827 
f 3365/3620/3802 3364/3619/3801 3362/3617/3799 
f 3358/3613/3795 3380/3650/3832 3368/3624/3806 
f 3380/3640/3822 3379/3639/3821 3368/3649/3831 
f 3313/3550/3732 3276/3507/3689 3278/3509/3691 
f 3379/3639/3821 3365/3648/3830 3383/3645/3827 
f 3379/3639/3821 3383/3645/3827 3368/3649/3831 
f 3294/3525/3707 3291/3522/3704 3293/3524/3706 
f 3292/3523/3705 3291/3522/3704 3296/3527/3709 
f 3285/3516/3698 3348/3642/3824 3347/3651/3833 
f 3296/3527/3709 3285/3516/3698 3347/3651/3833 
f 3263/3494/3676 3360/3615/3797 3378/3638/3820 
f 3364/3619/3801 3359/3614/3796 3362/3617/3799 
f 3347/3651/3833 3292/3523/3705 3296/3527/3709 
f 3360/3615/3797 3359/3614/3796 3378/3638/3820 
f 3304/3541/3723 3260/3491/3673 3302/3539/3721 
f 3384/3652/3834 3263/3494/3676 3378/3638/3820 
f 3303/3540/3722 3375/3635/3817 3307/3544/3726 
f 3260/3491/3673 3385/3653/3835 3302/3539/3721 
f 3323/3566/3748 3386/3654/3836 3327/3570/3752 
f 3259/3490/3672 3385/3653/3835 3260/3491/3673 
f 3386/3654/3836 3384/3652/3834 3378/3638/3820 
f 3386/3654/3836 3378/3638/3820 3327/3570/3752 
f 3386/3654/3836 3385/3653/3835 3384/3652/3834 
f 3323/3566/3748 3302/3539/3721 3385/3653/3835 
f 3387/3655/3837 3261/3492/3674 3259/3490/3672 
f 3385/3653/3835 3259/3490/3672 3384/3652/3834 
f 3303/3540/3722 3302/3539/3721 3322/3565/3747 
f 3375/3635/3817 3311/3548/3730 3307/3544/3726 
f 3386/3654/3836 3323/3566/3748 3385/3653/3835 
f 3302/3539/3721 3323/3566/3748 3322/3565/3747 
f 3261/3492/3674 3387/3655/3837 3181/3401/3583 
f 3261/3492/3674 3384/3652/3834 3259/3490/3672 
f 3261/3492/3674 3181/3401/3583 3262/3493/3675 
f 3387/3655/3837 3184/3404/3586 3181/3401/3583 
f 3257/3488/3670 3256/3487/3669 3388/3656/3838 
f 3352/3602/3784 3257/3488/3670 3388/3656/3838 
f 3350/3600/3782 3266/3497/3679 3257/3488/3670 
f 3352/3602/3784 3350/3600/3782 3257/3488/3670 
f 3374/3633/3815 3356/3611/3793 3306/3543/3725 
f 3389/3657/3839 3374/3633/3815 3306/3543/3725 
f 3288/3519/3701 3287/3518/3700 3306/3543/3725 
f 3356/3611/3793 3288/3519/3701 3306/3543/3725 
f 3384/3652/3834 3261/3492/3674 3263/3494/3676 
f 3335/3578/3760 3375/3635/3817 3325/3568/3750 
f 3366/3622/3804 3283/3621/3803 3282/3609/3791 
f 3299/3530/3712 3366/3622/3804 3282/3609/3791 
f 3179/3399/3581 3184/3404/3586 3183/3403/3585 
f 3390/3658/3840 3391/3659/3841 3245/3474/3656 
f 3253/3484/3666 3290/3521/3703 3239/3465/3647 
f 3237/3463/3645 3253/3484/3666 3239/3465/3647 
f 3392/3660/3842 3238/3464/3646 3235/3461/3643 
f 3393/3661/3843 3392/3660/3842 3235/3461/3643 
f 3238/3464/3646 3237/3463/3645 3239/3465/3647 
f 3235/3461/3643 3238/3464/3646 3239/3465/3647 
f 3394/3662/3844 3212/3436/3618 3215/3439/3621 
f 3395/3663/3845 3394/3662/3844 3215/3439/3621 
f 3177/3397/3579 3396/3664/3846 3391/3659/3841 
f 3390/3658/3840 3177/3397/3579 3391/3659/3841 
f 3172/3392/3574 3171/3391/3573 3395/3665/3847 
f 3215/3666/3848 3172/3392/3574 3395/3665/3847 
f 3210/3434/3616 3212/3436/3618 3394/3662/3844 
f 3397/3667/3849 3210/3434/3616 3394/3662/3844 
f 3398/3668/3850 3198/3418/3600 3392/3660/3842 
f 3399/3669/3851 3398/3668/3850 3392/3660/3842 
f 3198/3418/3600 3398/3668/3850 3203/3425/3607 
f 3199/3419/3601 3198/3418/3600 3203/3425/3607 
f 3204/3426/3608 3199/3419/3601 3205/3427/3609 
f 3200/3420/3602 3199/3419/3601 3197/3422/3604 
f 3204/3426/3608 3193/3431/3613 3197/3422/3604 
f 3199/3419/3601 3204/3426/3608 3197/3422/3604 
f 3399/3669/3851 3392/3660/3842 3393/3661/3843 
f 3400/3670/3852 3399/3669/3851 3393/3661/3843 
f 3238/3464/3646 3392/3660/3842 3198/3418/3600 
f 3207/3429/3611 3238/3464/3646 3198/3418/3600 
f 3393/3661/3843 3235/3461/3643 3211/3435/3617 
f 3210/3434/3616 3393/3661/3843 3211/3435/3617 
f 3393/3661/3843 3210/3434/3616 3397/3667/3849 
f 3400/3670/3852 3393/3661/3843 3397/3667/3849 
f 3305/3542/3724 3264/3495/3677 3267/3498/3680 
f 3377/3637/3819 3305/3542/3724 3267/3498/3680 
f 3389/3657/3839 3370/3629/3811 3373/3632/3814 
f 3401/3671/3853 3389/3657/3839 3373/3632/3814 
f 3343/3590/3772 3342/3588/3770 3373/3632/3814 
f 3372/3631/3813 3343/3590/3772 3373/3632/3814 
f 3370/3629/3811 3305/3542/3724 3377/3637/3819 
f 3371/3630/3812 3370/3629/3811 3377/3637/3819 
f 3290/3521/3703 3272/3503/3685 3316/3553/3735 
f 3234/3460/3642 3290/3521/3703 3316/3553/3735 
f 3250/3481/3663 3249/3480/3662 3253/3484/3666 
f 3252/3483/3665 3250/3481/3663 3253/3484/3666 
f 3370/3629/3811 3389/3657/3839 3306/3543/3725 
f 3305/3542/3724 3370/3629/3811 3306/3543/3725 
f 3357/3612/3794 3381/3672/3854 3380/3650/3832 
f 3358/3613/3795 3357/3612/3794 3380/3650/3832 
f 3401/3671/3853 3353/3605/3787 3374/3633/3815 
f 3389/3657/3839 3401/3671/3853 3374/3633/3815 
f 3340/3583/3765 3343/3590/3772 3372/3631/3813 
f 3376/3636/3818 3340/3583/3765 3372/3631/3813 
f 3333/3585/3767 3328/3634/3816 3354/3606/3788 
f 3341/3586/3768 3333/3585/3767 3354/3606/3788 
f 3353/3605/3787 3401/3671/3853 3341/3586/3768 
f 3354/3606/3788 3353/3605/3787 3341/3586/3768 
f 3338/3581/3763 3377/3637/3819 3267/3498/3680 
f 3349/3599/3781 3338/3581/3763 3267/3498/3680 
f 3342/3588/3770 3341/3586/3768 3401/3671/3853 
f 3373/3632/3814 3342/3588/3770 3401/3671/3853 
f 3376/3636/3818 3372/3631/3813 3371/3630/3812 
f 3340/3583/3765 3376/3636/3818 3338/3581/3763 
f 3349/3599/3781 3267/3498/3680 3266/3497/3679 
f 3350/3600/3782 3349/3599/3781 3266/3497/3679 
f 3192/3412/3594 3185/3405/3587 3244/3473/3655 
f 3181/3401/3583 3192/3412/3594 3182/3402/3584 
f 3185/3405/3587 3390/3658/3840 3245/3474/3656 
f 3179/3399/3581 3390/3658/3840 3185/3405/3587 
f 3183/3403/3585 3196/3416/3598 3174/3394/3576 
f 3402/3673/3855 3175/3395/3577 3174/3394/3576 
f 3403/3674/3856 3177/3397/3579 3178/3398/3580 
f 3390/3658/3840 3179/3399/3581 3176/3396/3578 
f 3404/3675/3857 3183/3403/3585 3184/3404/3586 
f 3201/3421/3603 3314/3676/3858 3388/3656/3838 
f 3201/3423/3605 3196/3416/3598 3254/3485/3667 
f 3314/3551/3733 3201/3423/3605 3254/3485/3667 
f 3184/3404/3586 3185/3405/3587 3181/3401/3583 
f 3185/3405/3587 3245/3474/3656 3244/3473/3655 
f 3387/3655/3837 3259/3490/3672 3258/3489/3671 
f 3387/3655/3837 3404/3675/3857 3184/3404/3586 
f 3177/3397/3579 3390/3658/3840 3176/3396/3578 
f 3183/3403/3585 3404/3675/3857 3254/3485/3667 
f 3207/3429/3611 3200/3420/3602 3388/3656/3838 
f 3256/3487/3669 3207/3429/3611 3388/3656/3838 
f 3404/3675/3857 3387/3655/3837 3258/3489/3671 
f 3200/3420/3602 3201/3421/3603 3388/3656/3838 
f 3237/3463/3645 3207/3429/3611 3256/3487/3669 
f 3251/3482/3664 3237/3463/3645 3256/3487/3669 
f 3258/3489/3671 3260/3491/3673 3277/3508/3690 
f 3276/3507/3689 3258/3489/3671 3277/3508/3690 
f 3309/3546/3728 3339/3591/3773 3351/3608/3790 
f 3308/3545/3727 3309/3546/3728 3351/3608/3790 
f 3276/3507/3689 3254/3485/3667 3404/3675/3857 
f 3258/3489/3671 3276/3507/3689 3404/3675/3857 
f 3314/3676/3858 3313/3603/3785 3352/3602/3784 
f 3388/3656/3838 3314/3676/3858 3352/3602/3784 
f 3216/3440/3622 3218/3442/3624 3321/3562/3744 
f 3369/3677/3859 3216/3440/3622 3321/3562/3744 
f 3346/3596/3778 3355/3607/3789 3292/3628/3810 
f 3347/3597/3779 3346/3596/3778 3292/3628/3810 
f 3369/3677/3859 3321/3562/3744 3382/3644/3826 
f 3361/3643/3825 3369/3677/3859 3382/3644/3826 
f 3227/3452/3634 3280/3511/3693 3289/3520/3702 
f 3367/3623/3805 3227/3452/3634 3289/3520/3702 
f 3297/3528/3710 3219/3443/3625 3216/3445/3627 
f 3369/3625/3807 3297/3528/3710 3216/3445/3627 
f 3345/3595/3777 3348/3598/3780 3381/3672/3854 
f 3357/3612/3794 3345/3595/3777 3381/3672/3854 
f 3275/3506/3688 3295/3610/3792 3294/3592/3774 
f 3273/3504/3686 3275/3506/3688 3294/3592/3774 
f 3324/3567/3749 3366/3622/3804 3299/3530/3712 
f 3300/3531/3713 3324/3567/3749 3299/3530/3712 
f 3405/3678/3860 3172/3392/3574 3215/3666/3848 
f 3236/3679/3861 3405/3678/3860 3215/3666/3848 
f 3391/3659/3841 3396/3664/3846 3172/3392/3574 
f 3405/3678/3860 3391/3659/3841 3172/3392/3574 
f 3405/3678/3860 3248/3479/3661 3245/3474/3656 
f 3391/3659/3841 3405/3678/3860 3245/3474/3656 
f 3248/3479/3661 3405/3678/3860 3236/3679/3861 
f 3233/3478/3660 3248/3479/3661 3236/3679/3861 
f 3187/3407/3589 3402/3673/3855 3174/3394/3576 
f 3187/3407/3589 3406/3680/3862 3402/3673/3855 
f 3231/3457/3639 3213/3437/3619 3214/3438/3620 
f 3406/3680/3862 3187/3407/3589 3186/3406/3588 
f 3177/3397/3579 3403/3674/3856 3173/3393/3575 
f 3396/3664/3846 3177/3397/3579 3173/3393/3575 
f 3172/3392/3574 3396/3664/3846 3173/3393/3575 
f 3407/3498/3863 3408/3599/3864 3409/3497/3865 
f 3408/3599/3864 3410/3600/3866 3409/3497/3865 
f 3411/3581/3867 3412/3636/3868 3413/3583/3869 
f 3414/3630/3870 3415/3631/3871 3412/3636/3868 
f 3416/3588/3872 3417/3671/3873 3418/3586/3874 
f 3419/3632/3875 3417/3671/3873 3416/3588/3872 
f 3408/3599/3864 3407/3498/3863 3411/3581/3867 
f 3407/3498/3863 3420/3637/3876 3411/3581/3867 
f 3421/3606/3877 3418/3586/3874 3422/3605/3878 
f 3418/3586/3874 3417/3671/3873 3422/3605/3878 
f 3423/3634/3879 3424/3585/3880 3421/3606/3877 
f 3424/3585/3880 3418/3586/3874 3421/3606/3877 
f 3425/3590/3881 3413/3583/3869 3415/3631/3871 
f 3413/3583/3869 3412/3636/3868 3415/3631/3871 
f 3422/3605/3878 3417/3671/3873 3426/3633/3882 
f 3417/3671/3873 3427/3657/3883 3426/3633/3882 
f 3428/3401/3884 3429/3492/3885 3430/3493/3886 
f 3431/3655/3887 3432/3675/3888 3433/3489/3889 
f 3434/3542/3890 3435/3543/3891 3436/3629/3892 
f 3435/3543/3891 3427/3657/3883 3436/3629/3892 
f 3437/3518/3893 3438/3517/3894 3439/3519/3895 
f 3438/3517/3894 3440/3520/3896 3439/3519/3895 
f 3441/3460/3897 3442/3553/3898 3443/3521/3899 
f 3442/3553/3898 3444/3503/3900 3443/3521/3899 
f 3434/3542/3890 3436/3629/3892 3420/3637/3876 
f 3436/3629/3892 3414/3630/3870 3420/3637/3876 
f 3416/3588/3872 3425/3590/3881 3419/3632/3875 
f 3425/3590/3881 3415/3631/3871 3419/3632/3875 
f 3417/3671/3873 3419/3632/3875 3427/3657/3883 
f 3419/3632/3875 3436/3629/3892 3427/3657/3883 
f 3420/3637/3876 3407/3498/3863 3434/3542/3890 
f 3407/3498/3863 3445/3495/3901 3434/3542/3890 
f 3446/3511/3902 3440/3520/3896 3447/3512/3903 
f 3440/3520/3896 3438/3517/3894 3447/3512/3903 
f 3443/3521/3899 3444/3503/3900 3448/3484/3904 
f 3444/3503/3900 3449/3480/3905 3448/3484/3904 
f 3445/3495/3901 3450/3496/3906 3437/3518/3893 
f 3450/3496/3906 3438/3517/3894 3437/3518/3893 
f 3438/3517/3894 3450/3496/3906 3447/3512/3903 
f 3450/3496/3906 3451/3486/3907 3447/3512/3903 
f 3452/3539/3908 3453/3540/3909 3454/3565/3910 
f 3455/3654/3911 3456/3653/3912 3457/3566/3913 
f 3458/3635/3914 3453/3540/3909 3459/3544/3915 
f 3457/3566/3913 3452/3539/3908 3454/3565/3910 
f 3460/3652/3916 3461/3490/3917 3456/3653/3912 
f 3460/3652/3916 3429/3492/3885 3461/3490/3917 
f 3456/3653/3912 3452/3539/3908 3457/3566/3913 
f 3455/3654/3911 3460/3652/3916 3456/3653/3912 
f 3455/3654/3911 3457/3566/3913 3462/3570/3918 
f 3463/3494/3919 3460/3652/3916 3464/3638/3920 
f 3461/3490/3917 3433/3489/3889 3465/3491/3921 
f 3464/3638/3920 3455/3654/3911 3462/3570/3918 
f 3431/3655/3887 3429/3492/3885 3428/3401/3884 
f 3466/3400/3922 3428/3401/3884 3430/3493/3886 
f 3429/3492/3885 3431/3655/3887 3461/3490/3917 
f 3467/3404/3923 3431/3655/3887 3428/3401/3884 
f 3447/3512/3903 3468/3483/3924 3446/3511/3902 
f 3456/3653/3912 3461/3490/3917 3465/3491/3921 
f 3450/3496/3906 3445/3495/3901 3409/3497/3865 
f 3445/3495/3901 3407/3498/3863 3409/3497/3865 
f 3465/3491/3921 3469/3541/3925 3452/3539/3908 
f 3470/3548/3926 3458/3635/3914 3459/3544/3915 
f 3460/3652/3916 3455/3654/3911 3464/3638/3920 
f 3456/3653/3912 3465/3491/3921 3452/3539/3908 
f 3471/3619/3927 3472/3614/3928 3462/3570/3918 
f 3472/3614/3928 3464/3638/3920 3462/3570/3918 
f 3440/3520/3896 3473/3623/3929 3439/3519/3895 
f 3473/3623/3929 3474/3613/3930 3439/3519/3895 
f 3475/3567/3931 3476/3622/3932 3462/3570/3918 
f 3476/3622/3932 3471/3619/3927 3462/3570/3918 
f 3477/3611/3933 3478/3612/3934 3426/3633/3882 
f 3478/3612/3934 3479/3595/3935 3426/3633/3882 
f 3480/3558/3936 3481/3557/3937 3442/3553/3898 
f 3481/3557/3937 3482/3552/3938 3442/3553/3898 
f 3483/3555/3939 3484/3502/3940 3485/3556/3941 
f 3484/3502/3940 3486/3499/3942 3485/3556/3941 
f 3487/3538/3943 3488/3533/3944 3489/3442/3945 
f 3441/3460/3897 3443/3521/3899 3490/3438/3946 
f 3491/3451/3947 3492/3452/3948 3493/3481/3949 
f 3492/3452/3948 3446/3511/3902 3493/3481/3949 
f 3470/3548/3926 3494/3547/3950 3495/3579/3951 
f 3496/3578/3952 3458/3635/3914 3495/3579/3951 
f 3414/3630/3870 3412/3636/3868 3420/3637/3876 
f 3412/3636/3868 3411/3581/3867 3420/3637/3876 
f 3453/3540/3909 3458/3635/3914 3497/3568/3953 
f 3437/3518/3893 3435/3543/3891 3445/3495/3901 
f 3458/3635/3914 3470/3548/3926 3495/3579/3951 
f 3454/3565/3910 3453/3540/3909 3497/3568/3953 
f 3421/3606/3877 3498/3607/3954 3423/3634/3879 
f 3498/3607/3954 3499/3626/3955 3423/3634/3879 
f 3426/3633/3882 3479/3595/3935 3422/3605/3878 
f 3479/3595/3935 3500/3596/3956 3422/3605/3878 
f 3414/3630/3870 3436/3629/3892 3415/3631/3871 
f 3436/3629/3892 3419/3632/3875 3415/3631/3871 
f 3499/3594/3957 3501/3504/3958 3423/3571/3959 
f 3501/3504/3958 3502/3505/3960 3423/3571/3959 
f 3499/3626/3955 3498/3607/3954 3503/3627/3961 
f 3498/3607/3954 3504/3628/3962 3503/3627/3961 
f 3505/3616/3963 3506/3625/3964 3507/3615/3965 
f 3506/3625/3964 3508/3528/3966 3507/3615/3965 
f 3509/3563/3967 3510/3450/3968 3481/3557/3937 
f 3510/3450/3968 3482/3552/3938 3481/3557/3937 
f 3511/3455/3969 3485/3556/3941 3512/3444/3970 
f 3485/3556/3941 3486/3499/3942 3512/3444/3970 
f 3513/3624/3971 3473/3623/3929 3514/3618/3972 
f 3473/3623/3929 3492/3452/3948 3514/3618/3972 
f 3515/3620/3973 3471/3619/3927 3516/3621/3974 
f 3471/3619/3927 3476/3622/3932 3516/3621/3974 
f 3514/3618/3972 3492/3452/3948 3517/3453/3975 
f 3492/3452/3948 3491/3451/3947 3517/3453/3975 
f 3518/3617/3976 3505/3616/3963 3472/3614/3928 
f 3505/3616/3963 3507/3615/3965 3472/3614/3928 
f 3516/3621/3974 3476/3622/3932 3519/3609/3977 
f 3476/3622/3932 3520/3530/3978 3519/3609/3977 
f 3519/3609/3977 3520/3530/3978 3521/3610/3979 
f 3520/3530/3978 3522/3506/3980 3521/3610/3979 
f 3507/3615/3965 3508/3528/3966 3463/3494/3919 
f 3508/3528/3966 3430/3493/3886 3463/3494/3919 
f 3422/3605/3878 3500/3596/3956 3421/3606/3877 
f 3500/3596/3956 3498/3607/3954 3421/3606/3877 
f 3523/3582/3981 3524/3601/3982 3408/3599/3864 
f 3525/3603/3983 3526/3602/3984 3527/3604/3985 
f 3470/3548/3926 3459/3544/3915 3528/3546/3986 
f 3411/3581/3867 3523/3582/3981 3408/3599/3864 
f 3529/3598/3987 3530/3597/3988 3479/3595/3935 
f 3530/3597/3988 3500/3596/3956 3479/3595/3935 
f 3499/3594/3957 3503/3593/3989 3501/3504/3958 
f 3503/3593/3989 3531/3592/3990 3501/3504/3958 
f 3532/3549/3991 3528/3546/3986 3523/3591/3992 
f 3413/3583/3869 3425/3590/3881 3533/3587/3993 
f 3534/3575/3994 3532/3549/3991 3533/3580/3995 
f 3533/3580/3995 3532/3549/3991 3523/3591/3992 
f 3535/3589/3996 3425/3590/3881 3416/3588/3872 
f 3536/3577/3997 3534/3575/3994 3537/3573/3998 
f 3425/3590/3881 3535/3589/3996 3533/3587/3993 
f 3537/3584/3999 3535/3589/3996 3416/3588/3872 
f 3523/3582/3981 3411/3581/3867 3413/3583/3869 
f 3495/3579/3951 3534/3575/3994 3496/3578/3952 
f 3537/3584/3999 3416/3588/3872 3418/3586/3874 
f 3533/3587/3993 3523/3582/3981 3413/3583/3869 
f 3495/3579/3951 3494/3547/3950 3532/3549/3991 
f 3535/3574/4000 3534/3575/3994 3533/3580/3995 
f 3534/3575/3994 3536/3577/3997 3496/3578/3952 
f 3534/3575/3994 3495/3579/3951 3532/3549/3991 
f 3538/3569/4001 3539/3572/4002 3502/3505/3960 
f 3536/3577/3997 3537/3573/3998 3539/3572/4002 
f 3497/3568/3953 3538/3569/4001 3540/3529/4003 
f 3540/3529/4003 3538/3569/4001 3502/3505/3960 
f 3536/3577/3997 3539/3572/4002 3538/3569/4001 
f 3538/3569/4001 3497/3568/3953 3496/3578/3952 
f 3537/3573/3998 3424/3576/4004 3539/3572/4002 
f 3496/3578/3952 3536/3577/3997 3538/3569/4001 
f 3539/3572/4002 3424/3576/4004 3423/3571/3959 
f 3475/3567/3931 3454/3565/3910 3541/3531/4005 
f 3534/3575/3994 3535/3574/4000 3537/3573/3998 
f 3502/3505/3960 3539/3572/4002 3423/3571/3959 
f 3457/3566/3913 3454/3565/3910 3475/3567/3931 
f 3541/3531/4005 3497/3568/3953 3540/3529/4003 
f 3454/3565/3910 3497/3568/3953 3541/3531/4005 
f 3462/3570/3918 3457/3566/3913 3475/3567/3931 
f 3480/3558/3936 3542/3560/4006 3481/3557/3937 
f 3543/3501/4007 3544/3510/4008 3545/3554/4009 
f 3485/3471/4010 3511/3564/4011 3546/3466/4012 
f 3511/3564/4011 3547/3441/4013 3546/3466/4012 
f 3544/3510/4008 3484/3502/3940 3483/3555/3939 
f 3548/3411/4014 3542/3560/4006 3549/3410/4015 
f 3544/3510/4008 3549/3535/4016 3545/3554/4009 
f 3481/3557/3937 3542/3560/4006 3509/3563/3967 
f 3550/3500/4017 3551/3402/4018 3512/3444/3970 
f 3449/3480/3905 3444/3503/3900 3552/3447/4019 
f 3542/3560/4006 3548/3411/4014 3509/3563/3967 
f 3553/3537/4020 3544/3510/4008 3483/3555/3939 
f 3544/3510/4008 3543/3501/4007 3484/3502/3940 
f 3543/3501/4007 3550/3500/4017 3484/3502/3940 
f 3480/3558/3936 3545/3559/4021 3542/3560/4006 
f 3545/3559/4021 3549/3410/4015 3542/3560/4006 
f 3554/3412/4022 3551/3402/4018 3550/3500/4017 
f 3555/3458/4023 3480/3558/3936 3441/3460/3897 
f 3556/3473/4024 3550/3500/4017 3543/3501/4007 
f 3556/3473/4024 3554/3412/4022 3550/3500/4017 
f 3557/3476/4025 3545/3559/4021 3480/3558/3936 
f 3443/3521/3899 3558/3465/4026 3490/3438/3946 
f 3480/3558/3936 3442/3553/3898 3441/3460/3897 
f 3555/3458/4023 3557/3476/4025 3480/3558/3936 
f 3559/3475/4027 3560/3479/4028 3561/3474/4029 
f 3560/3479/4028 3559/3475/4027 3562/3478/4030 
f 3562/3459/4031 3557/3476/4025 3555/3458/4023 
f 3556/3473/4024 3559/3475/4027 3561/3474/4029 
f 3559/3475/4027 3543/3501/4007 3545/3554/4009 
f 3559/3475/4027 3556/3473/4024 3543/3501/4007 
f 3559/3475/4027 3557/3477/4032 3562/3478/4030 
f 3557/3477/4032 3559/3475/4027 3545/3554/4009 
f 3563/3641/4033 3564/3515/4034 3529/3642/4035 
f 3564/3515/4034 3565/3516/4036 3529/3642/4035 
f 3409/3497/3865 3410/3600/3866 3566/3488/4037 
f 3431/3655/3887 3467/3404/3923 3432/3675/3888 
f 3487/3538/3943 3489/3442/3945 3517/3561/4038 
f 3489/3442/3945 3567/3562/4039 3517/3561/4038 
f 3487/3448/4040 3517/3453/3975 3552/3447/4019 
f 3517/3453/3975 3491/3451/3947 3552/3447/4019 
f 3494/3547/3950 3528/3546/3986 3532/3549/3991 
f 3494/3547/3950 3470/3548/3926 3528/3546/3986 
f 3469/3541/3925 3568/3545/4041 3459/3544/3915 
f 3568/3545/4041 3528/3546/3986 3459/3544/3915 
f 3565/3516/4036 3564/3515/4034 3519/3513/4042 
f 3564/3515/4034 3516/3514/4043 3519/3513/4042 
f 3433/3489/3889 3432/3675/3888 3569/3507/4044 
f 3432/3675/3888 3570/3485/4045 3569/3507/4044 
f 3489/3442/3945 3571/3440/4046 3567/3562/4039 
f 3488/3533/3944 3546/3466/4012 3489/3442/3945 
f 3572/3536/4047 3549/3535/4016 3553/3537/4020 
f 3549/3535/4016 3544/3510/4008 3553/3537/4020 
f 3510/3469/4048 3546/3466/4012 3573/3534/4049 
f 3573/3534/4049 3546/3466/4012 3488/3533/3944 
f 3546/3466/4012 3553/3532/3654 3483/3470/4050 
f 3546/3466/4012 3572/3472/3714 3553/3532/3654 
f 3540/3529/4003 3522/3506/3980 3520/3530/3978 
f 3574/3522/4051 3575/3527/4052 3531/3525/4053 
f 3502/3505/3960 3501/3504/3958 3522/3506/3980 
f 3541/3531/4005 3540/3529/4003 3520/3530/3978 
f 3473/3623/3929 3440/3520/3896 3492/3452/3948 
f 3440/3520/3896 3446/3511/3902 3492/3452/3948 
f 3575/3527/4052 3521/3526/4054 3531/3525/4053 
f 3503/3524/4055 3504/3523/4056 3574/3522/4051 
f 3576/3429/4057 3577/3463/4058 3578/3487/4059 
f 3577/3463/4058 3579/3482/4060 3578/3487/4059 
f 3580/3676/4061 3581/3421/4062 3582/3656/4063 
f 3581/3421/4062 3583/3420/4064 3582/3656/4063 
f 3580/3551/4065 3570/3485/4045 3581/3423/4066 
f 3570/3485/4045 3584/3416/4067 3581/3423/4066 
f 3582/3656/4063 3526/3602/3984 3580/3676/4061 
f 3467/3404/3923 3585/3403/4068 3432/3675/3888 
f 3586/3396/4069 3587/3398/4070 3588/3395/4071 
f 3586/3396/4069 3589/3394/4072 3590/3399/4073 
f 3591/3397/4074 3592/3674/4075 3587/3398/4070 
f 3589/3394/4072 3586/3396/4069 3588/3395/4071 
f 3593/3405/4076 3594/3658/4077 3590/3399/4073 
f 3593/3405/4076 3561/3474/4029 3594/3658/4077 
f 3551/3402/4018 3554/3412/4022 3428/3401/3884 
f 3561/3474/4029 3593/3405/4076 3556/3473/4024 
f 3595/3436/4078 3596/3434/4079 3597/3662/4080 
f 3596/3434/4079 3598/3667/4081 3597/3662/4080 
f 3599/3391/4082 3600/3392/4083 3601/3665/4084 
f 3600/3392/4083 3602/3666/4085 3601/3665/4084 
f 3603/3664/4086 3591/3397/4074 3604/3659/4087 
f 3591/3397/4074 3594/3658/4077 3604/3659/4087 
f 3595/3436/4078 3597/3662/4080 3602/3439/4088 
f 3597/3662/4080 3601/3663/4089 3602/3439/4088 
f 3526/3602/3984 3582/3656/4063 3566/3488/4037 
f 3410/3600/3866 3526/3602/3984 3566/3488/4037 
f 3580/3551/4065 3525/3550/4090 3570/3485/4045 
f 3582/3656/4063 3578/3487/4059 3566/3488/4037 
f 3468/3483/3924 3579/3482/4060 3448/3484/3904 
f 3579/3482/4060 3577/3463/4058 3448/3484/3904 
f 3566/3488/4037 3578/3487/4059 3451/3486/3907 
f 3578/3487/4059 3579/3482/4060 3451/3486/3907 
f 3466/3400/3922 3430/3493/3886 3605/3443/4091 
f 3430/3493/3886 3508/3528/3966 3605/3443/4091 
f 3527/3509/4092 3606/3508/4093 3569/3507/4044 
f 3540/3529/4003 3502/3505/3960 3522/3506/3980 
f 3444/3503/3900 3607/3446/4094 3552/3447/4019 
f 3489/3442/3945 3546/3466/4012 3547/3441/4013 
f 3550/3500/4017 3486/3499/3942 3484/3502/3940 
f 3486/3499/3942 3550/3500/4017 3512/3444/3970 
f 3520/3530/3978 3476/3622/3932 3541/3531/4005 
f 3476/3622/3932 3475/3567/3931 3541/3531/4005 
f 3567/3562/4039 3506/3677/4095 3608/3644/4096 
f 3506/3677/4095 3505/3643/4097 3608/3644/4096 
f 3530/3597/3988 3504/3628/3962 3500/3596/3956 
f 3504/3628/3962 3498/3607/3954 3500/3596/3956 
f 3524/3608/4098 3568/3545/4041 3606/3508/4093 
f 3571/3440/4046 3506/3677/4095 3567/3562/4039 
f 3478/3612/3934 3477/3611/3933 3474/3613/3930 
f 3477/3611/3933 3439/3519/3895 3474/3613/3930 
f 3521/3610/3979 3522/3506/3980 3531/3592/3990 
f 3522/3506/3980 3501/3504/3958 3531/3592/3990 
f 3529/3598/3987 3479/3595/3935 3563/3672/4099 
f 3479/3595/3935 3478/3612/3934 3563/3672/4099 
f 3506/3625/3964 3571/3445/4100 3508/3528/3966 
f 3571/3445/4100 3605/3443/4091 3508/3528/3966 
f 3547/3456/4101 3511/3455/3969 3571/3445/4100 
f 3511/3455/3969 3512/3444/3970 3571/3445/4100 
f 3607/3446/4094 3573/3449/4102 3487/3448/4040 
f 3573/3449/4102 3488/3454/4103 3487/3448/4040 
f 3573/3449/4102 3607/3446/4094 3510/3450/3968 
f 3607/3446/4094 3482/3552/3938 3510/3450/3968 
f 3487/3448/4040 3552/3447/4019 3607/3446/4094 
f 3571/3445/4100 3512/3444/3970 3605/3443/4091 
f 3464/3638/3920 3472/3614/3928 3507/3615/3965 
f 3574/3522/4051 3504/3523/4056 3575/3527/4052 
f 3518/3617/3976 3472/3614/3928 3471/3619/3927 
f 3463/3494/3919 3464/3638/3920 3507/3615/3965 
f 3529/3642/4035 3565/3516/4036 3530/3651/4104 
f 3565/3516/4036 3575/3527/4052 3530/3651/4104 
f 3504/3523/4056 3530/3651/4104 3575/3527/4052 
f 3503/3524/4055 3574/3522/4051 3531/3525/4053 
f 3513/3649/4105 3609/3645/4106 3610/3639/4107 
f 3610/3639/4107 3609/3645/4106 3515/3648/4108 
f 3525/3550/4090 3527/3509/4092 3569/3507/4044 
f 3611/3640/4109 3513/3649/4105 3610/3639/4107 
f 3474/3613/3930 3473/3623/3929 3513/3624/3971 
f 3515/3620/3973 3518/3617/3976 3471/3619/3927 
f 3609/3645/4106 3518/3646/4110 3515/3648/4108 
f 3611/3650/4111 3474/3613/3930 3513/3624/3971 
f 3513/3649/4105 3514/3647/4112 3609/3645/4106 
f 3514/3647/4112 3608/3644/4096 3609/3645/4106 
f 3564/3515/4034 3610/3639/4107 3516/3514/4043 
f 3610/3639/4107 3515/3648/4108 3516/3514/4043 
f 3514/3647/4112 3517/3561/4038 3608/3644/4096 
f 3517/3561/4038 3567/3562/4039 3608/3644/4096 
f 3608/3644/4096 3505/3643/4097 3609/3645/4106 
f 3505/3643/4097 3518/3646/4110 3609/3645/4106 
f 3410/3600/3866 3408/3599/3864 3524/3601/3982 
f 3429/3492/3885 3460/3652/3916 3463/3494/3919 
f 3526/3602/3984 3410/3600/3866 3527/3604/3985 
f 3527/3604/3985 3410/3600/3866 3524/3601/3982 
f 3563/3641/4033 3611/3640/4109 3564/3515/4034 
f 3611/3640/4109 3610/3639/4107 3564/3515/4034 
f 3575/3527/4052 3565/3516/4036 3521/3526/4054 
f 3565/3516/4036 3519/3513/4042 3521/3526/4054 
f 3465/3491/3921 3606/3508/4093 3469/3541/3925 
f 3606/3508/4093 3568/3545/4041 3469/3541/3925 
f 3461/3490/3917 3431/3655/3887 3433/3489/3889 
f 3525/3550/4090 3569/3507/4044 3570/3485/4045 
f 3523/3591/3992 3528/3546/3986 3524/3608/4098 
f 3528/3546/3986 3568/3545/4041 3524/3608/4098 
f 3569/3507/4044 3606/3508/4093 3433/3489/3889 
f 3606/3508/4093 3465/3491/3921 3433/3489/3889 
f 3527/3509/4092 3524/3608/4098 3606/3508/4093 
f 3424/3585/3880 3537/3584/3999 3418/3586/3874 
f 3435/3543/3891 3434/3542/3890 3445/3495/3901 
f 3459/3544/3915 3453/3540/3909 3469/3541/3925 
f 3453/3540/3909 3452/3539/3908 3469/3541/3925 
f 3490/3438/3946 3612/3457/4113 3441/3460/3897 
f 3566/3488/4037 3451/3486/3907 3409/3497/3865 
f 3451/3486/3907 3450/3496/3906 3409/3497/3865 
f 3613/3417/4114 3614/3407/4115 3615/3408/4116 
f 3467/3404/3923 3593/3405/4076 3590/3399/4073 
f 3589/3394/4072 3585/3403/4068 3590/3399/4073 
f 3466/3400/3922 3551/3402/4018 3428/3401/3884 
f 3616/3426/4117 3617/3419/4118 3613/3422/4119 
f 3618/3433/4120 3619/3413/4121 3620/3414/4122 
f 3593/3405/4076 3467/3404/3923 3428/3401/3884 
f 3572/3409/4123 3548/3411/4014 3549/3410/4015 
f 3619/3413/4121 3613/3417/4114 3615/3408/4116 
f 3585/3403/4068 3584/3416/4067 3570/3485/4045 
f 3593/3405/4076 3554/3412/4022 3556/3473/4024 
f 3554/3412/4022 3593/3405/4076 3428/3401/3884 
f 3466/3400/3922 3605/3443/4091 3551/3402/4018 
f 3605/3443/4091 3512/3444/3970 3551/3402/4018 
f 3444/3503/3900 3442/3553/3898 3607/3446/4094 
f 3442/3553/3898 3482/3552/3938 3607/3446/4094 
f 3583/3420/4064 3576/3429/4057 3582/3656/4063 
f 3576/3429/4057 3578/3487/4059 3582/3656/4063 
f 3451/3486/3907 3579/3482/4060 3447/3512/3903 
f 3579/3482/4060 3468/3483/3924 3447/3512/3903 
f 3468/3483/3924 3448/3484/3904 3493/3481/3949 
f 3448/3484/3904 3449/3480/3905 3493/3481/3949 
f 3443/3521/3899 3448/3484/3904 3558/3465/4026 
f 3468/3483/3924 3493/3481/3949 3446/3511/3902 
f 3526/3602/3984 3525/3603/3983 3580/3676/4061 
f 3432/3675/3888 3585/3403/4068 3570/3485/4045 
f 3621/3673/4124 3614/3407/4115 3589/3394/4072 
f 3585/3403/4068 3589/3394/4072 3584/3416/4067 
f 3586/3396/4069 3590/3399/4073 3594/3658/4077 
f 3586/3396/4069 3591/3397/4074 3587/3398/4070 
f 3589/3394/4072 3614/3407/4115 3584/3416/4067 
f 3591/3397/4074 3586/3396/4069 3594/3658/4077 
f 3599/3391/4082 3622/3393/4125 3600/3392/4083 
f 3622/3393/4125 3603/3664/4086 3600/3392/4083 
f 3592/3674/4075 3591/3397/4074 3622/3393/4125 
f 3591/3397/4074 3603/3664/4086 3622/3393/4125 
f 3490/3438/3946 3623/3435/4126 3624/3437/4127 
f 3596/3434/4079 3595/3436/4078 3623/3435/4126 
f 3621/3673/4124 3625/3680/4128 3614/3407/4115 
f 3588/3395/4071 3621/3673/4124 3589/3394/4072 
f 3626/3678/4129 3560/3479/4028 3627/3679/4130 
f 3560/3479/4028 3562/3478/4030 3627/3679/4130 
f 3560/3479/4028 3626/3678/4129 3561/3474/4029 
f 3626/3678/4129 3604/3659/4087 3561/3474/4029 
f 3603/3664/4086 3604/3659/4087 3600/3392/4083 
f 3604/3659/4087 3626/3678/4129 3600/3392/4083 
f 3600/3392/4083 3626/3678/4129 3602/3666/4085 
f 3626/3678/4129 3627/3679/4130 3602/3666/4085 
f 3563/3672/4099 3478/3612/3934 3611/3650/4111 
f 3478/3612/3934 3474/3613/3930 3611/3650/4111 
f 3497/3568/3953 3458/3635/3914 3496/3578/3952 
f 3430/3493/3886 3429/3492/3885 3463/3494/3919 
f 3477/3611/3933 3435/3543/3891 3439/3519/3895 
f 3435/3543/3891 3437/3518/3893 3439/3519/3895 
f 3477/3611/3933 3426/3633/3882 3435/3543/3891 
f 3426/3633/3882 3427/3657/3883 3435/3543/3891 
f 3596/3434/4079 3628/3661/4131 3598/3667/4081 
f 3628/3661/4131 3629/3670/4132 3598/3667/4081 
f 3630/3461/4133 3628/3661/4131 3623/3435/4126 
f 3628/3661/4131 3596/3434/4079 3623/3435/4126 
f 3631/3660/4134 3632/3464/4135 3633/3418/4136 
f 3632/3464/4135 3576/3429/4057 3633/3418/4136 
f 3631/3660/4134 3634/3669/4137 3628/3661/4131 
f 3634/3669/4137 3629/3670/4132 3628/3661/4131 
f 3493/3481/3949 3449/3480/3905 3491/3451/3947 
f 3449/3480/3905 3552/3447/4019 3491/3451/3947 
f 3595/3436/4078 3624/3437/4127 3623/3435/4126 
f 3627/3462/4138 3624/3437/4127 3602/3439/4088 
f 3617/3419/4118 3635/3425/4139 3633/3418/4136 
f 3635/3425/4139 3636/3668/4140 3633/3418/4136 
f 3633/3418/4136 3636/3668/4140 3631/3660/4134 
f 3636/3668/4140 3634/3669/4137 3631/3660/4134 
f 3577/3463/4058 3632/3464/4135 3558/3465/4026 
f 3632/3464/4135 3630/3461/4133 3558/3465/4026 
f 3628/3661/4131 3630/3461/4133 3631/3660/4134 
f 3630/3461/4133 3632/3464/4135 3631/3660/4134 
f 3620/3414/4122 3615/3408/4116 3637/3415/4141 
f 3448/3484/3904 3577/3463/4058 3558/3465/4026 
f 3561/3474/4029 3604/3659/4087 3594/3658/4077 
f 3585/3403/4068 3467/3404/3923 3590/3399/4073 
f 3548/3467/3714 3572/3472/3714 3546/3466/4012 
f 3546/3466/4012 3483/3470/4050 3485/3471/4010 
f 3546/3466/4012 3510/3469/4048 3509/3468/4142 
f 3509/3468/4142 3548/3467/3714 3546/3466/4012 
f 3613/3417/4114 3581/3423/4066 3584/3416/4067 
f 3617/3419/4118 3583/3420/4064 3613/3422/4119 
f 3583/3420/4064 3617/3419/4118 3633/3418/4136 
f 3614/3407/4115 3613/3417/4114 3584/3416/4067 
f 3638/3432/4143 3616/3426/4117 3619/3431/4144 
f 3639/3427/4145 3616/3426/4117 3640/3428/4146 
f 3619/3413/4121 3615/3408/4116 3620/3414/4122 
f 3618/3430/4147 3638/3432/4143 3619/3431/4144 
f 3641/3424/4148 3617/3419/4118 3639/3427/4145 
f 3576/3429/4057 3583/3420/4064 3633/3418/4136 
f 3616/3426/4117 3638/3432/4143 3640/3428/4146 
f 3635/3425/4139 3617/3419/4118 3641/3424/4148 
f 3490/3438/3946 3558/3465/4026 3630/3461/4133 
f 3632/3464/4135 3577/3463/4058 3576/3429/4057 
f 3624/3437/4127 3595/3436/4078 3602/3439/4088 
f 3562/3459/4031 3612/3457/4113 3627/3462/4138 
f 3612/3457/4113 3624/3437/4127 3627/3462/4138 
f 3623/3435/4126 3490/3438/3946 3630/3461/4133 
f 3612/3457/4113 3555/3458/4023 3441/3460/3897 
f 3612/3457/4113 3562/3459/4031 3555/3458/4023 
f 3571/3440/4046 3489/3442/3945 3547/3441/4013 
f 3619/3431/4144 3616/3426/4117 3613/3422/4119 
f 3583/3420/4064 3581/3421/4062 3613/3422/4119 
f 3639/3427/4145 3617/3419/4118 3616/3426/4117 
f 3615/3408/4116 3642/3406/4149 3637/3415/4141 
f 3612/3457/4113 3490/3438/3946 3624/3437/4127 
f 3615/3408/4116 3614/3407/4115 3642/3406/4149 
f 3642/3406/4149 3614/3407/4115 3625/3680/4128 
usemtl mat_5_Doctor_Teeth_D_jpg
f 3643/3681/4150 3644/3682/4151 3645/3683/4152 
f 3646/3684/4153 3647/3685/4154 3648/3686/4155 
f 3647/3685/4154 3645/3683/4152 3648/3686/4155 
f 3649/3687/4156 3650/3688/4157 3651/3689/4158 
f 3650/3688/4157 3652/3690/4159 3651/3689/4158 
f 3652/3690/4159 3643/3681/4150 3651/3689/4158 
f 3644/3682/4151 3643/3681/4150 3652/3690/4159 
f 3653/3691/4160 3654/3692/4161 3655/3693/4162 
f 3654/3692/4161 3656/3694/4163 3655/3693/4162 
f 3657/3695/4164 3655/3693/4162 3658/3696/4165 
f 3655/3693/4162 3656/3694/4163 3658/3696/4165 
f 3646/3684/4153 3648/3686/4155 3659/3697/4166 
f 3648/3686/4155 3660/3698/4167 3659/3697/4166 
f 3659/3697/4166 3660/3698/4167 3653/3691/4160 
f 3660/3698/4167 3654/3692/4161 3653/3691/4160 
f 3659/3697/4166 3661/3699/4168 3646/3684/4153 
f 3661/3699/4168 3662/3700/4169 3646/3684/4153 
f 3653/3691/4160 3663/3701/4170 3659/3697/4166 
f 3663/3701/4170 3661/3699/4168 3659/3697/4166 
f 3643/3681/4150 3647/3685/4154 3664/3702/4171 
f 3647/3685/4154 3665/3703/4172 3664/3702/4171 
f 3647/3685/4154 3646/3684/4153 3665/3703/4172 
f 3646/3684/4153 3662/3700/4169 3665/3703/4172 
f 3666/3704/4173 3667/3705/4174 3657/3695/4164 
f 3667/3705/4174 3668/3706/4175 3657/3695/4164 
f 3666/3704/4173 3669/3707/4176 3667/3705/4174 
f 3669/3707/4176 3670/3708/4177 3667/3705/4174 
f 3655/3693/4162 3671/3709/4178 3653/3691/4160 
f 3671/3709/4178 3663/3701/4170 3653/3691/4160 
f 3657/3695/4164 3668/3706/4175 3655/3693/4162 
f 3668/3706/4175 3671/3709/4178 3655/3693/4162 
f 3668/3706/4175 3672/3710/4179 3671/3709/4178 
f 3672/3710/4179 3673/3711/4180 3671/3709/4178 
f 3674/3712/4181 3675/3713/4182 3676/3714/4183 
f 3677/3715/4184 3678/3716/4185 3679/3717/4186 
f 3665/3703/4172 3680/3718/4187 3664/3702/4171 
f 3680/3718/4187 3675/3713/4182 3664/3702/4171 
f 3677/3719/4188 3673/3711/4180 3678/3720/4189 
f 3673/3711/4180 3672/3710/4179 3678/3720/4189 
f 3681/3721/4190 3682/3722/4191 3672/3710/4179 
f 3682/3722/4191 3678/3720/4189 3672/3710/4179 
f 3668/3706/4175 3667/3705/4174 3672/3710/4179 
f 3667/3705/4174 3681/3721/4190 3672/3710/4179 
f 3683/3723/4192 3684/3724/4193 3676/3725/4194 
f 3684/3726/4195 3674/3712/4181 3676/3714/4183 
f 3674/3712/4181 3685/3727/4196 3675/3713/4182 
f 3685/3727/4196 3664/3702/4171 3675/3713/4182 
f 3686/3728/4197 3687/3729/4198 3688/3730/4199 
f 3687/3729/4198 3683/3723/4192 3688/3730/4199 
f 3689/3731/4200 3690/3732/4201 3691/3733/4202 
f 3690/3732/4201 3679/3717/4186 3691/3733/4202 
f 3692/3734/4203 3693/3735/4204 3690/3732/4201 
f 3693/3735/4204 3679/3717/4186 3690/3732/4201 
f 3662/3700/4169 3661/3699/4168 3694/3736/4205 
f 3661/3699/4168 3695/3737/4206 3694/3736/4205 
f 3651/3689/4158 3685/3727/4196 3649/3687/4156 
f 3685/3727/4196 3696/3738/4207 3649/3687/4156 
f 3651/3689/4158 3643/3681/4150 3685/3727/4196 
f 3643/3681/4150 3664/3702/4171 3685/3727/4196 
f 3686/3728/4197 3688/3730/4199 3697/3739/4208 
f 3688/3730/4199 3692/3734/4203 3697/3739/4208 
f 3689/3731/4200 3697/3739/4208 3690/3732/4201 
f 3697/3739/4208 3692/3734/4203 3690/3732/4201 
f 3685/3727/4196 3674/3712/4181 3698/3740/4209 
f 3683/3723/4192 3687/3729/4198 3684/3724/4193 
f 3682/3722/4191 3681/3721/4190 3699/3741/4210 
f 3696/3738/4207 3685/3727/4196 3698/3740/4209 
f 3698/3740/4209 3674/3712/4181 3684/3726/4195 
f 3679/3717/4186 3678/3716/4185 3682/3742/4211 
f 3687/3729/4198 3700/3743/4212 3684/3724/4193 
f 3700/3744/4213 3698/3740/4209 3684/3726/4195 
f 3695/3737/4206 3701/3745/4214 3694/3736/4205 
f 3702/3746/4215 3691/3733/4202 3682/3742/4211 
f 3692/3734/4203 3688/3730/4199 3693/3747/4216 
f 3688/3730/4199 3683/3723/4192 3693/3747/4216 
f 3667/3705/4174 3670/3708/4177 3699/3741/4210 
f 3702/3748/4217 3682/3722/4191 3699/3741/4210 
f 3691/3733/4202 3679/3717/4186 3682/3742/4211 
f 3681/3721/4190 3667/3705/4174 3699/3741/4210 
f 3662/3700/4169 3694/3736/4205 3680/3718/4187 
f 3683/3723/4192 3703/3749/4218 3693/3747/4216 
f 3677/3719/4188 3701/3745/4214 3704/3750/4219 
f 3665/3703/4172 3662/3700/4169 3680/3718/4187 
f 3680/3718/4187 3703/3751/4220 3676/3714/4183 
f 3701/3752/4221 3677/3715/4184 3693/3735/4204 
f 3683/3723/4192 3676/3725/4194 3703/3749/4218 
f 3675/3713/4182 3680/3718/4187 3676/3714/4183 
f 3673/3711/4180 3704/3750/4219 3663/3701/4170 
f 3673/3711/4180 3677/3719/4188 3704/3750/4219 
f 3677/3715/4184 3679/3717/4186 3693/3735/4204 
f 3671/3709/4178 3673/3711/4180 3663/3701/4170 
f 3666/3704/4173 3657/3695/4164 3705/3753/4222 
f 3657/3695/4164 3658/3696/4165 3705/3753/4222 
f 3694/3736/4205 3701/3745/4214 3703/3751/4220 
f 3704/3750/4219 3701/3745/4214 3695/3737/4206 
f 3703/3749/4218 3701/3754/4223 3693/3747/4216 
f 3680/3718/4187 3694/3736/4205 3703/3751/4220 
f 3669/3707/4176 3666/3704/4173 3706/3755/4224 
f 3666/3704/4173 3705/3753/4222 3706/3755/4224 
f 3661/3699/4168 3663/3701/4170 3695/3737/4206 
f 3663/3701/4170 3704/3750/4219 3695/3737/4206 
f 3647/3685/4154 3643/3681/4150 3645/3683/4152 
f 3707/3756/4225 3708/3757/4226 3709/3758/4227 
f 3710/3759/4228 3707/3756/4225 3709/3758/4227 
f 3711/3760/4229 3712/3761/4230 3713/3762/4231 
f 3714/3763/4232 3712/3761/4230 3715/3764/4233 
f 3711/3760/4229 3713/3762/4231 3716/3765/4234 
f 3717/3766/4235 3711/3760/4229 3716/3765/4234 
f 3718/3767/4236 3716/3765/4234 3719/3768/4237 
f 3720/3769/4238 3718/3767/4236 3719/3768/4237 
f 3720/3769/4238 3719/3768/4237 3721/3770/4239 
f 3722/3771/4240 3720/3769/4238 3721/3770/4239 
f 3723/3772/4241 3717/3766/4235 3724/3773/4242 
f 3725/3774/4243 3723/3772/4241 3724/3773/4242 
f 3718/3767/4236 3724/3773/4242 3717/3766/4235 
f 3716/3765/4234 3718/3767/4236 3717/3766/4235 
f 3726/3775/4244 3727/3776/4245 3728/3777/4246 
f 3729/3778/4247 3726/3775/4244 3728/3777/4246 
f 3730/3779/4248 3731/3780/4249 3732/3781/4250 
f 3733/3782/4251 3730/3779/4248 3732/3781/4250 
f 3721/3770/4239 3734/3783/4252 3735/3784/4253 
f 3722/3771/4240 3721/3770/4239 3735/3784/4253 
f 3734/3783/4252 3727/3776/4245 3726/3775/4244 
f 3735/3784/4253 3734/3783/4252 3726/3775/4244 
f 3735/3784/4253 3736/3785/4254 3737/3786/4255 
f 3722/3771/4240 3735/3784/4253 3737/3786/4255 
f 3738/3787/4256 3736/3785/4254 3735/3784/4253 
f 3726/3775/4244 3738/3787/4256 3735/3784/4253 
f 3720/3769/4238 3739/3788/4257 3740/3789/4258 
f 3718/3767/4236 3720/3769/4238 3740/3789/4258 
f 3737/3786/4255 3739/3788/4257 3720/3769/4238 
f 3722/3771/4240 3737/3786/4255 3720/3769/4238 
f 3741/3790/4259 3742/3791/4260 3743/3792/4261 
f 3710/3759/4228 3741/3790/4259 3743/3792/4261 
f 3742/3791/4260 3723/3772/4241 3725/3774/4243 
f 3743/3792/4261 3742/3791/4260 3725/3774/4243 
f 3729/3778/4247 3744/3793/4262 3738/3787/4256 
f 3726/3775/4244 3729/3778/4247 3738/3787/4256 
f 3745/3794/4263 3741/3790/4259 3710/3759/4228 
f 3709/3758/4227 3745/3794/4263 3710/3759/4228 
f 3746/3795/4264 3715/3796/4265 3747/3797/4266 
f 3719/3768/4237 3714/3763/4232 3748/3798/4267 
f 3748/3798/4267 3714/3763/4232 3715/3764/4233 
f 3715/3796/4265 3712/3799/4268 3747/3797/4266 
f 3749/3800/4269 3750/3801/4270 3711/3760/4229 
f 3749/3800/4269 3711/3760/4229 3717/3766/4235 
f 3721/3770/4239 3719/3768/4237 3748/3798/4267 
f 3750/3801/4270 3712/3761/4230 3711/3760/4229 
f 3724/3773/4242 3751/3802/4271 3752/3803/4272 
f 3725/3774/4243 3724/3773/4242 3752/3803/4272 
f 3740/3789/4258 3751/3802/4271 3724/3773/4242 
f 3718/3767/4236 3740/3789/4258 3724/3773/4242 
f 3753/3804/4273 3707/3756/4225 3710/3759/4228 
f 3743/3792/4261 3753/3804/4273 3710/3759/4228 
f 3752/3803/4272 3753/3804/4273 3743/3792/4261 
f 3725/3774/4243 3752/3803/4272 3743/3792/4261 
f 3754/3805/4274 3749/3800/4269 3723/3772/4241 
f 3742/3791/4260 3754/3805/4274 3723/3772/4241 
f 3749/3800/4269 3754/3805/4274 3755/3806/4275 
f 3750/3801/4270 3749/3800/4269 3755/3806/4275 
f 3756/3807/4276 3757/3808/4277 3758/3809/4278 
f 3746/3795/4264 3756/3810/4279 3758/3811/4280 
f 3750/3812/4281 3755/3813/4282 3759/3814/4283 
f 3757/3808/4277 3760/3815/4284 3758/3809/4278 
f 3712/3816/4285 3750/3812/4281 3747/3817/4286 
f 3748/3798/4267 3715/3764/4233 3758/3809/4278 
f 3723/3772/4241 3749/3800/4269 3717/3766/4235 
f 3750/3812/4281 3759/3814/4283 3747/3817/4286 
f 3721/3770/4239 3748/3798/4267 3760/3815/4284 
f 3734/3783/4252 3721/3770/4239 3760/3815/4284 
f 3760/3815/4284 3748/3798/4267 3758/3809/4278 
f 3746/3795/4264 3758/3811/4280 3715/3796/4265 
f 3746/3795/4264 3761/3818/4287 3756/3810/4279 
f 3727/3776/4245 3757/3808/4277 3762/3819/4288 
f 3763/3820/4289 3762/3819/4288 3756/3807/4276 
f 3761/3818/4287 3763/3821/4290 3756/3810/4279 
f 3764/3822/4291 3765/3823/4292 3766/3824/4293 
f 3741/3790/4259 3745/3794/4263 3766/3824/4293 
f 3728/3777/4246 3727/3776/4245 3762/3819/4288 
f 3765/3823/4292 3767/3825/4294 3766/3824/4293 
f 3755/3806/4275 3754/3805/4274 3767/3825/4294 
f 3765/3823/4292 3755/3806/4275 3767/3825/4294 
f 3734/3783/4252 3760/3815/4284 3757/3808/4277 
f 3727/3776/4245 3734/3783/4252 3757/3808/4277 
f 3759/3814/4283 3755/3813/4282 3765/3826/4295 
f 3762/3819/4288 3757/3808/4277 3756/3807/4276 
f 3767/3825/4294 3754/3805/4274 3742/3791/4260 
f 3741/3790/4259 3767/3825/4294 3742/3791/4260 
f 3761/3818/4287 3746/3795/4264 3768/3827/4296 
f 3769/3828/4297 3761/3818/4287 3768/3827/4296 
f 3716/3765/4234 3713/3762/4231 3714/3763/4232 
f 3719/3768/4237 3716/3765/4234 3714/3763/4232 
f 3768/3827/4296 3731/3780/4249 3730/3779/4248 
f 3769/3828/4297 3768/3827/4296 3730/3779/4248 
f 3732/3781/4250 3759/3814/4283 3770/3829/4298 
f 3733/3782/4251 3732/3781/4250 3770/3829/4298 
f 3759/3814/4283 3765/3826/4295 3770/3829/4298 
f 3713/3762/4231 3712/3761/4230 3714/3763/4232 
f 3767/3825/4294 3741/3790/4259 3766/3824/4293 
f 3765/3826/4295 3764/3830/4299 3770/3829/4298 
f 3731/3780/4249 3747/3817/4286 3759/3814/4283 
f 3732/3781/4250 3731/3780/4249 3759/3814/4283 
f 3746/3795/4264 3747/3797/4266 3731/3780/4249 
f 3768/3827/4296 3746/3795/4264 3731/3780/4249 
usemtl mat_7_Doctor_Hands_D_jpg
f 3771/3831/4300 3772/3832/4301 3773/3833/4302 
f 3772/3832/4301 3774/3834/4303 3775/3835/4304 
f 3776/3836/4305 3777/3837/4306 3778/3838/4307 
f 3773/3833/4302 3772/3832/4301 3775/3835/4304 
f 3779/3839/4308 3780/3840/4309 3781/3841/4310 
f 3782/3842/4311 3779/3839/4308 3781/3841/4310 
f 3783/3843/4312 3784/3844/4313 3785/3845/4314 
f 3784/3844/4313 3786/3846/4315 3787/3847/4316 
f 3788/3848/4317 3789/3849/4318 3790/3850/4319 
f 3791/3851/4320 3792/3852/4321 3793/3853/4322 
f 3790/3850/4319 3774/3834/4303 3788/3848/4317 
f 3791/3851/4320 3794/3854/4323 3788/3848/4317 
f 3795/3855/4324 3786/3846/4315 3790/3850/4319 
f 3774/3834/4303 3772/3832/4301 3788/3848/4317 
f 3776/3836/4305 3787/3847/4316 3777/3837/4306 
f 3784/3844/4313 3775/3835/4304 3774/3834/4303 
f 3776/3856/4325 3796/3857/4326 3787/3858/4327 
f 3797/3859/4328 3780/3840/4309 3796/3857/4326 
f 3798/3860/4329 3796/3857/4326 3776/3856/4325 
f 3778/3861/4330 3798/3860/4329 3776/3856/4325 
f 3792/3852/4321 3771/3831/4300 3799/3862/4331 
f 3800/3863/4332 3791/3851/4320 3793/3853/4322 
f 3772/3832/4301 3791/3851/4320 3788/3848/4317 
f 3794/3854/4323 3791/3851/4320 3800/3863/4332 
f 3801/3864/4333 3802/3865/4334 3803/3866/4335 
f 3804/3867/4336 3805/3868/4337 3801/3864/4333 
f 3806/3869/4338 3807/3870/4339 3790/3850/4319 
f 3786/3846/4315 3774/3834/4303 3790/3850/4319 
f 3792/3852/4321 3799/3862/4331 3808/3871/4340 
f 3793/3853/4322 3792/3852/4321 3808/3871/4340 
f 3803/3866/4335 3804/3867/4336 3801/3864/4333 
f 3791/3851/4320 3772/3832/4301 3792/3852/4321 
f 3809/3872/4341 3810/3873/4342 3811/3874/4343 
f 3812/3875/4344 3813/3876/4345 3814/3877/4346 
f 3815/3878/4347 3816/3879/4348 3817/3880/4349 
f 3813/3876/4345 3816/3879/4348 3815/3878/4347 
f 3817/3880/4349 3818/3881/4350 3815/3878/4347 
f 3819/3882/4351 3818/3881/4350 3817/3880/4349 
f 3820/3883/4352 3814/3877/4346 3821/3884/4353 
f 3818/3881/4350 3821/3884/4353 3815/3878/4347 
f 3786/3846/4315 3795/3855/4324 3787/3847/4316 
f 3784/3844/4313 3783/3843/4312 3775/3835/4304 
f 3785/3845/4314 3784/3844/4313 3787/3847/4316 
f 3795/3855/4324 3777/3837/4306 3787/3847/4316 
f 3822/3885/4354 3823/3886/4355 3802/3865/4334 
f 3772/3832/4301 3771/3831/4300 3792/3852/4321 
f 3797/3859/4328 3824/3887/4356 3781/3841/4310 
f 3825/3888/4357 3826/3889/4358 3827/3890/4359 
f 3783/3843/4312 3828/3891/4360 3775/3835/4304 
f 3829/3892/4361 3783/3843/4312 3785/3845/4314 
f 3830/3893/4362 3831/3894/4363 3832/3895/4364 
f 3783/3843/4312 3829/3892/4361 3833/3896/4365 
f 3781/3841/4310 3824/3887/4356 3834/3897/4366 
f 3827/3890/4359 3826/3889/4358 3835/3898/4367 
f 3798/3860/4329 3797/3859/4328 3796/3857/4326 
f 3771/3831/4300 3827/3890/4359 3835/3898/4367 
f 3782/3842/4311 3836/3899/4368 3811/3874/4343 
f 3779/3839/4308 3782/3842/4311 3811/3874/4343 
f 3834/3897/4366 3837/3900/4369 3782/3842/4311 
f 3810/3873/4342 3829/3901/4370 3811/3874/4343 
f 3836/3899/4368 3812/3875/4344 3809/3872/4341 
f 3811/3874/4343 3836/3899/4368 3809/3872/4341 
f 3838/3902/4371 3839/3903/4372 3813/3876/4345 
f 3812/3875/4344 3838/3902/4371 3813/3876/4345 
f 3840/3904/4373 3841/3905/4374 3842/3906/4375 
f 3841/3905/4374 3843/3907/4376 3844/3908/4377 
f 3845/3909/4378 3846/3910/4379 3847/3911/4380 
f 3848/3912/4381 3841/3905/4374 3840/3904/4373 
f 3841/3905/4374 3848/3912/4381 3843/3907/4376 
f 3849/3913/4382 3850/3914/4383 3844/3908/4377 
f 3851/3915/4384 3841/3905/4374 3844/3908/4377 
f 3848/3912/4381 3852/3916/4385 3843/3907/4376 
f 3853/3917/4386 3850/3918/4387 3854/3919/4388 
f 3855/3920/4389 3856/3921/4390 3857/3922/4391 
f 3853/3917/4386 3854/3919/4388 3845/3909/4378 
f 3850/3918/4387 3858/3923/4392 3854/3919/4388 
f 3859/3924/4393 3848/3912/4381 3840/3904/4373 
f 3841/3905/4374 3851/3915/4384 3842/3906/4375 
f 3840/3904/4373 3847/3925/4394 3859/3924/4393 
f 3860/3926/4395 3861/3927/4396 3862/3928/4397 
f 3843/3907/4376 3852/3916/4385 3849/3913/4382 
f 3853/3929/4398 3845/3930/4399 3842/3906/4375 
f 3843/3907/4376 3849/3913/4382 3844/3908/4377 
f 3852/3916/4385 3855/3931/4400 3849/3913/4382 
f 3851/3915/4384 3844/3908/4377 3853/3929/4398 
f 3854/3919/4388 3846/3910/4379 3845/3909/4378 
f 3851/3915/4384 3853/3929/4398 3842/3906/4375 
f 3844/3908/4377 3850/3914/4383 3853/3929/4398 
f 3854/3919/4388 3860/3926/4395 3846/3910/4379 
f 3857/3922/4391 3856/3921/4390 3861/3927/4396 
f 3849/3932/4401 3855/3920/4389 3857/3922/4391 
f 3849/3932/4401 3857/3922/4391 3858/3923/4392 
f 3854/3919/4388 3858/3923/4392 3860/3926/4395 
f 3863/3933/4402 3862/3928/4397 3864/3934/4403 
f 3860/3926/4395 3857/3922/4391 3861/3927/4396 
f 3858/3923/4392 3857/3922/4391 3860/3926/4395 
f 3865/3935/4404 3866/3936/4405 3867/3937/4406 
f 3865/3935/4404 3867/3937/4406 3868/3938/4407 
f 3869/3939/4408 3865/3935/4404 3870/3940/4409 
f 3871/3941/4410 3872/3942/4411 3855/3931/4400 
f 3873/3943/4412 3874/3944/4413 3875/3945/4414 
f 3876/3946/4415 3877/3947/4416 3878/3948/4417 
f 3852/3916/4385 3871/3941/4410 3855/3931/4400 
f 3870/3940/4409 3875/3945/4414 3872/3942/4411 
f 3879/3949/4418 3880/3950/4419 3881/3951/4420 
f 3882/3952/4421 3883/3953/4422 3881/3951/4420 
f 3884/3954/4423 3885/3955/4424 3886/3956/4425 
f 3884/3954/4423 3887/3957/4426 3888/3958/4427 
f 3889/3959/4428 3890/3960/4429 3891/3961/4430 
f 3887/3957/4426 3892/3962/4431 3893/3963/4432 
f 3894/3964/4433 3895/3965/4434 3896/3966/4435 
f 3885/3955/4424 3897/3967/4436 3886/3956/4425 
f 3871/3941/4410 3870/3940/4409 3872/3942/4411 
f 3876/3946/4415 3872/3968/4437 3875/3969/4438 
f 3877/3947/4416 3876/3946/4415 3875/3969/4438 
f 3872/3968/4437 3876/3946/4415 3856/3921/4390 
f 3832/3895/4364 3831/3894/4363 3826/3889/4358 
f 3825/3888/4357 3832/3895/4364 3826/3889/4358 
f 3898/3970/4439 3835/3898/4367 3826/3889/4358 
f 3831/3894/4363 3898/3970/4439 3826/3889/4358 
f 3847/3925/4394 3864/3971/4440 3859/3924/4393 
f 3800/3863/4332 3899/3972/4441 3900/3973/4442 
f 3827/3890/4359 3771/3831/4300 3773/3833/4302 
f 3842/3906/4375 3845/3930/4399 3840/3904/4373 
f 3846/3910/4379 3863/3933/4402 3847/3911/4380 
f 3847/3911/4380 3863/3933/4402 3864/3934/4403 
f 3845/3930/4399 3847/3925/4394 3840/3904/4373 
f 3862/3928/4397 3861/3927/4396 3901/3974/4443 
f 3902/3975/4444 3903/3976/4445 3848/3912/4381 
f 3903/3976/4445 3869/3939/4408 3871/3941/4410 
f 3852/3916/4385 3848/3912/4381 3903/3976/4445 
f 3891/3961/4430 3882/3952/4421 3881/3951/4420 
f 3882/3952/4421 3890/3960/4429 3904/3977/4446 
f 3886/3978/4447 3879/3949/4418 3905/3979/4448 
f 3879/3949/4418 3886/3978/4447 3897/3980/4449 
f 3906/3981/4450 3886/3978/4447 3905/3979/4448 
f 3907/3982/4451 3908/3983/4452 3905/3979/4448 
f 3909/3984/4453 3907/3982/4451 3883/3953/4422 
f 3907/3982/4451 3905/3979/4448 3879/3949/4418 
f 3902/3975/4444 3910/3985/4454 3903/3976/4445 
f 3865/3935/4404 3869/3939/4408 3910/3985/4454 
f 3859/3924/4393 3902/3975/4444 3848/3912/4381 
f 3910/3985/4454 3869/3939/4408 3903/3976/4445 
f 3911/3986/4455 3912/3987/4456 3877/3947/4416 
f 3865/3935/4404 3873/3943/4412 3870/3940/4409 
f 3913/3988/4457 3914/3989/4458 3915/3990/4459 
f 3916/3991/4460 3913/3992/4461 3910/3985/4454 
f 3863/3933/4402 3860/3926/4395 3862/3928/4397 
f 3860/3926/4395 3863/3933/4402 3846/3910/4379 
f 3917/3993/4462 3918/3994/4463 3919/3995/4464 
f 3920/3996/4465 3921/3997/4466 3922/3998/4467 
f 3808/3871/4340 3923/3999/4468 3924/4000/4469 
f 3925/4001/4470 3808/3871/4340 3924/4000/4469 
f 3850/3918/4387 3849/3932/4401 3858/3923/4392 
f 3906/4002/4471 3926/4003/4472 3884/3954/4423 
f 3824/3887/4356 3797/3859/4328 3927/4004/4473 
f 3928/4005/4474 3824/3887/4356 3927/4004/4473 
f 3929/4006/4475 3930/4007/4476 3931/4008/4477 
f 3932/4009/4478 3929/4006/4475 3931/4008/4477 
f 3933/4010/4479 3934/4011/4480 3935/4012/4481 
f 3936/4013/4482 3937/4014/4483 3934/4011/4480 
f 3938/4015/4484 3939/4016/4485 3940/4017/4486 
f 3941/4018/4487 3942/4019/4488 3943/4020/4489 
f 3944/4021/4490 3945/4022/4491 3946/4023/4492 
f 3799/3862/4331 3947/4024/4493 3923/3999/4468 
f 3948/4025/4494 3949/4026/4495 3933/4010/4479 
f 3933/4010/4479 3935/4012/4481 3950/4027/4496 
f 3951/4028/4497 3952/4029/4498 3944/4021/4490 
f 3947/4024/4493 3799/3862/4331 3835/3898/4367 
f 3934/4011/4480 3953/4030/4499 3935/4012/4481 
f 3952/4029/4498 3945/4022/4491 3944/4021/4490 
f 3908/3983/4452 3907/3982/4451 3909/3984/4453 
f 3954/4031/4500 3952/4029/4498 3951/4028/4497 
f 3955/4032/4501 3933/4010/4479 3950/4027/4496 
f 3941/4018/4487 3954/4031/4500 3951/4028/4497 
f 3946/4033/4502 3948/4025/4494 3955/4032/4501 
f 3945/4022/4491 3948/4034/4503 3946/4023/4492 
f 3949/4026/4495 3936/4013/4482 3934/4011/4480 
f 3949/4026/4495 3934/4011/4480 3933/4010/4479 
f 3952/4029/4498 3954/4031/4500 3956/4035/4504 
f 3824/3887/4356 3928/4005/4474 3943/4020/4489 
f 3935/4012/4481 3957/4036/4505 3950/4027/4496 
f 3928/4005/4474 3941/4018/4487 3943/4020/4489 
f 3934/4011/4480 3937/4014/4483 3953/4030/4499 
f 3954/4031/4500 3941/4018/4487 3958/4037/4506 
f 3959/4038/4507 3960/4039/4508 3961/4040/4509 
f 3954/4031/4500 3958/4037/4506 3962/4041/4510 
f 3963/4042/4511 3961/4040/4509 3956/4035/4504 
f 3963/4042/4511 3954/4031/4500 3962/4041/4510 
f 3964/4043/4512 3965/4044/4513 3966/4045/4514 
f 3941/4018/4487 3928/4005/4474 3958/4037/4506 
f 3967/4046/4515 3968/4047/4516 3969/4048/4517 
f 3970/4049/4518 3968/4050/4519 3971/4051/4520 
f 3967/4046/4515 3972/4052/4521 3968/4047/4516 
f 3973/4053/4522 3974/4054/4523 3968/4050/4519 
f 3975/4055/4524 3924/4000/4469 3923/3999/4468 
f 3976/4056/4525 3975/4055/4524 3923/3999/4468 
f 3972/4052/4521 3971/4057/4526 3968/4047/4516 
f 3977/4058/4527 3978/4059/4528 3967/4046/4515 
f 3968/4047/4516 3974/4060/4529 3969/4048/4517 
f 3970/4049/4518 3973/4053/4522 3968/4050/4519 
f 3979/4061/4530 3980/4062/4531 3981/4063/4532 
f 3982/4064/4533 3983/4065/4534 3984/4066/4535 
f 3965/4044/4513 3964/4043/4512 3985/4067/4536 
f 3964/4043/4512 3986/4068/4537 3985/4067/4536 
f 3985/4069/4538 3987/4070/4539 3988/4071/4540 
f 3979/4061/4530 3989/4072/4541 3990/4073/4542 
f 3991/4074/4543 3992/4075/4544 3993/4076/4545 
f 3994/4077/4546 3973/4053/4522 3995/4078/4547 
f 3996/4079/4548 3991/4074/4543 3993/4076/4545 
f 3984/4066/4535 3952/4029/4498 3956/4035/4504 
f 3956/4035/4504 3997/4080/4549 3984/4066/4535 
f 3998/4081/4550 3999/4082/4551 4000/4083/4552 
f 3960/4039/4508 3997/4080/4549 3961/4040/4509 
f 3989/4072/4541 3979/4061/4530 3981/4063/4532 
f 3979/4061/4530 4001/4084/4553 4002/4085/4554 
f 3998/4081/4550 4003/4086/4555 4004/4087/4556 
f 4005/4088/4557 3990/4073/4542 4006/4089/4558 
f 4000/4083/4552 4007/4090/4559 3998/4081/4550 
f 4003/4086/4555 4008/4091/4560 4004/4087/4556 
f 3980/4062/4531 3979/4061/4530 4002/4085/4554 
f 4001/4084/4553 3979/4061/4530 3990/4073/4542 
f 4009/4092/4561 4010/4093/4562 4011/4094/4563 
f 4012/4095/4564 4013/4096/4565 4014/4097/4566 
f 4010/4093/4562 4015/4098/4567 4016/4099/4568 
f 4010/4093/4562 4016/4099/4568 4011/4094/4563 
f 4014/4097/4566 4017/4100/4569 4018/4101/4570 
f 4019/4102/4571 4017/4100/4569 4020/4103/4572 
f 4018/4101/4570 4012/4095/4564 4014/4097/4566 
f 4017/4100/4569 4019/4102/4571 4018/4101/4570 
f 4013/4096/4565 4015/4098/4567 4014/4097/4566 
f 4009/4104/4573 4011/4105/4574 4021/4106/4575 
f 4022/4107/4576 4023/4108/4577 4024/4109/4578 
f 4015/4098/4567 4025/4110/4579 4014/4097/4566 
f 4026/4111/4580 4027/4112/4581 4028/4113/4582 
f 4026/4111/4580 4029/4114/4583 4030/4115/4584 
f 4031/4116/4585 4028/4117/4586 4032/4118/4587 
f 4031/4116/4585 4032/4118/4587 4013/4096/4565 
f 4030/4115/4584 4033/4119/4588 4027/4112/4581 
f 4034/4120/4589 4021/4106/4575 4011/4105/4574 
f 4035/4121/4590 4011/4094/4563 4016/4099/4568 
f 4035/4121/4590 4036/4122/4591 4037/4123/4592 
f 4012/4095/4564 4031/4116/4585 4013/4096/4565 
f 4013/4096/4565 4032/4118/4587 4038/4124/4593 
f 4039/4125/4594 4040/4126/4595 4041/4127/4596 
f 4033/4119/4588 4039/4125/4594 4041/4127/4596 
f 4034/4120/4589 4029/4114/4583 4021/4106/4575 
f 4042/4128/4597 4021/4106/4575 4043/4129/4598 
f 4044/4130/4599 4045/4131/4600 4043/4129/4598 
f 4029/4114/4583 4043/4129/4598 4021/4106/4575 
f 3824/3887/4356 3943/4020/4489 3834/3897/4366 
f 3808/3871/4340 3799/3862/4331 3923/3999/4468 
f 4046/4132/4601 3942/4019/4488 3941/4018/4487 
f 3951/4028/4497 4046/4132/4601 3941/4018/4487 
f 4047/4133/4602 4034/4120/4589 4035/4134/4603 
f 4037/4135/4604 4047/4133/4602 4035/4134/4603 
f 4033/4119/4588 4041/4127/4596 4027/4112/4581 
f 4040/4126/4595 4048/4136/4605 3821/4137/4606 
f 3839/3903/4372 4049/4138/4607 4050/4139/4608 
f 4051/4140/4609 3839/3903/4372 4050/4139/4608 
f 4051/4140/4609 4050/4139/4608 4052/4141/4610 
f 4053/4142/4611 4051/4140/4609 4052/4141/4610 
f 4040/4126/4595 3821/4137/4606 3818/4143/4612 
f 4041/4127/4596 4040/4126/4595 3818/4143/4612 
f 4036/4122/4591 4054/4144/4613 4037/4123/4592 
f 4049/4145/4614 4055/4146/4615 3830/3893/4362 
f 3839/3903/4372 3838/3902/4371 4055/4147/4616 
f 4049/4138/4607 3839/3903/4372 4055/4147/4616 
f 3814/3877/4346 3813/3876/4345 3815/3878/4347 
f 4056/4148/4617 3830/3893/4362 3832/3895/4364 
f 4057/4149/4618 4033/4119/4588 4030/4115/4584 
f 4047/4133/4602 4057/4149/4618 4030/4115/4584 
f 4052/4150/4619 4057/4149/4618 4047/4133/4602 
f 4037/4135/4604 4052/4150/4619 4047/4133/4602 
f 3833/3896/4365 4048/4136/4605 4058/4151/4620 
f 4059/4152/4621 3833/3896/4365 4058/4151/4620 
f 4060/4153/4622 4039/4125/4594 4033/4119/4588 
f 4057/4149/4618 4060/4153/4622 4033/4119/4588 
f 4061/4154/4623 4053/4142/4611 4062/4155/4624 
f 4041/4127/4596 3818/4143/4612 3819/4156/4625 
f 4063/4157/4626 4064/4158/4627 4062/4155/4624 
f 4060/4153/4622 4057/4149/4618 4050/4159/4628 
f 4028/4117/4586 4064/4158/4627 4032/4118/4587 
f 4053/4142/4611 4061/4154/4623 4051/4140/4609 
f 4034/4120/4589 4047/4133/4602 4029/4114/4583 
f 4057/4149/4618 4052/4150/4619 4050/4159/4628 
f 4065/4160/4629 4025/4110/4579 4010/4093/4562 
f 4066/4161/4630 4067/4162/4631 4068/4163/4632 
f 4042/4128/4597 4009/4104/4573 4021/4106/4575 
f 4025/4110/4579 4015/4098/4567 4010/4093/4562 
f 4010/4093/4562 4009/4092/4561 4065/4160/4629 
f 4069/4164/4633 4070/4165/4634 4067/4166/4635 
f 4065/4160/4629 4066/4161/4630 4068/4163/4632 
f 4009/4092/4561 4066/4161/4630 4065/4160/4629 
f 3812/3875/4344 3836/3899/4368 4071/4167/4636 
f 3838/3902/4371 3812/3875/4344 4071/4167/4636 
f 4049/4145/4614 4056/4148/4617 4060/4153/4622 
f 4050/4159/4628 4049/4145/4614 4060/4153/4622 
f 4053/4142/4611 4052/4141/4610 4037/4123/4592 
f 4054/4144/4613 4053/4142/4611 4037/4123/4592 
f 4035/4134/4603 4034/4120/4589 4011/4105/4574 
f 4058/4151/4620 4056/4148/4617 4059/4152/4621 
f 3951/4028/4497 3944/4021/4490 4072/4168/4637 
f 4046/4132/4601 3951/4028/4497 4072/4168/4637 
f 4027/4112/4581 4041/4127/4596 3819/4156/4625 
f 3816/3879/4348 4061/4154/4623 3817/3880/4349 
f 3955/4032/4501 4073/4169/4638 4074/4170/4639 
f 3946/4033/4502 3955/4032/4501 4074/4170/4639 
f 4071/4167/4636 3837/3900/4369 3942/4019/4488 
f 4046/4132/4601 4071/4167/4636 3942/4019/4488 
f 4073/4169/4638 3830/3893/4362 4055/4146/4615 
f 4074/4170/4639 4073/4169/4638 4055/4146/4615 
f 4055/4147/4616 3838/3902/4371 4072/4168/4637 
f 4074/4171/4640 4055/4147/4616 4072/4168/4637 
f 3838/3902/4371 4071/4167/4636 4046/4132/4601 
f 4072/4168/4637 3838/3902/4371 4046/4132/4601 
f 4074/4171/4640 4072/4168/4637 3944/4021/4490 
f 3946/4023/4492 4074/4171/4640 3944/4021/4490 
f 4019/4172/4641 4024/4109/4578 4018/4173/4642 
f 4045/4131/4600 4012/4174/4643 4018/4173/4642 
f 4020/4103/4572 4068/4163/4632 4075/4175/4644 
f 4024/4109/4578 4076/4176/4645 4018/4173/4642 
f 4023/4108/4577 4077/4177/4646 4076/4176/4645 
f 4023/4108/4577 4076/4176/4645 4024/4109/4578 
f 4076/4176/4645 4045/4131/4600 4018/4173/4642 
f 4077/4177/4646 4045/4131/4600 4076/4176/4645 
f 4014/4097/4566 4025/4110/4579 4017/4100/4569 
f 4024/4109/4578 4019/4172/4641 4075/4178/4647 
f 4075/4175/4644 4019/4102/4571 4020/4103/4572 
f 4025/4110/4579 4020/4103/4572 4017/4100/4569 
f 4067/4166/4635 4070/4165/4634 4075/4178/4647 
f 4068/4163/4632 4067/4162/4631 4075/4175/4644 
f 4022/4107/4576 4024/4109/4578 4075/4178/4647 
f 4070/4165/4634 4022/4107/4576 4075/4178/4647 
f 4048/4136/4605 3833/3896/4365 3810/4179/4648 
f 4078/4180/4649 3835/3898/4367 3898/3970/4439 
f 4048/4136/4605 3820/4181/4650 3821/4137/4606 
f 3950/4027/4496 4078/4180/4649 3898/3970/4439 
f 3939/4016/4485 4079/4182/4651 3940/4017/4486 
f 3799/3862/4331 3771/3831/4300 3835/3898/4367 
f 3820/4181/4650 4048/4136/4605 3810/4179/4648 
f 3955/4032/4501 3950/4027/4496 4073/4169/4638 
f 3810/3873/4342 3809/3872/4341 3820/3883/4352 
f 3814/3877/4346 3815/3878/4347 3821/3884/4353 
f 3809/3872/4341 3812/3875/4344 3814/3877/4346 
f 3809/3872/4341 3814/3877/4346 3820/3883/4352 
f 4056/4148/4617 4049/4145/4614 3830/3893/4362 
f 3950/4027/4496 3898/3970/4439 4073/4169/4638 
f 3837/3900/4369 3834/3897/4366 3943/4020/4489 
f 3942/4019/4488 3837/3900/4369 3943/4020/4489 
f 4038/4124/4593 4032/4118/4587 4063/4157/4626 
f 4036/4122/4591 4016/4099/4568 4038/4124/4593 
f 4015/4098/4567 4013/4096/4565 4038/4124/4593 
f 4032/4118/4587 4064/4158/4627 4063/4157/4626 
f 4036/4122/4591 4035/4121/4590 4016/4099/4568 
f 4015/4098/4567 4038/4124/4593 4016/4099/4568 
f 4063/4157/4626 4036/4122/4591 4038/4124/4593 
f 4026/4111/4580 4028/4113/4582 4031/4183/4652 
f 4027/4112/4581 4026/4111/4580 4030/4115/4584 
f 4029/4114/4583 4026/4111/4580 4044/4130/4599 
f 4045/4131/4600 4044/4130/4599 4012/4174/4643 
f 4047/4133/4602 4030/4115/4584 4029/4114/4583 
f 4043/4129/4598 4029/4114/4583 4044/4130/4599 
f 4045/4131/4600 4077/4177/4646 4043/4129/4598 
f 4077/4177/4646 4042/4128/4597 4043/4129/4598 
f 4044/4130/4599 4031/4183/4652 4012/4174/4643 
f 4080/4184/4653 4081/4185/4654 4082/4186/4655 
f 4083/4187/4656 4084/4188/4657 4082/4186/4655 
f 4085/4189/4658 4080/4184/4653 4086/4190/4659 
f 4081/4185/4654 4087/4191/4660 4082/4186/4655 
f 4088/4192/4661 4089/4193/4662 4001/4084/4553 
f 4090/4194/4663 4091/4195/4664 4085/4189/4658 
f 4083/4187/4656 4087/4191/4660 4092/4196/4665 
f 4084/4188/4657 4002/4197/4666 4089/4198/4667 
f 4081/4185/4654 3972/4052/4521 4087/4191/4660 
f 4093/4199/4668 4081/4185/4654 4080/4184/4653 
f 4094/4200/4669 3971/4051/4520 4093/4201/4670 
f 3971/4057/4526 3972/4052/4521 4081/4185/4654 
f 3999/4202/4671 4095/4203/4672 4085/4189/4658 
f 4080/4184/4653 4082/4186/4655 4086/4190/4659 
f 4095/4203/4672 4093/4199/4668 4080/4184/4653 
f 4095/4203/4672 4080/4184/4653 4085/4189/4658 
f 4069/4164/4633 4066/4204/4673 4042/4128/4597 
f 4025/4110/4579 4065/4160/4629 4068/4163/4632 
f 4023/4108/4577 4069/4164/4633 4077/4177/4646 
f 4066/4204/4673 4009/4104/4573 4042/4128/4597 
f 4069/4164/4633 4023/4108/4577 4070/4165/4634 
f 4069/4164/4633 4042/4128/4597 4077/4177/4646 
f 4066/4204/4673 4069/4164/4633 4067/4166/4635 
f 4023/4108/4577 4022/4107/4576 4070/4165/4634 
f 3830/3893/4362 4073/4169/4638 3898/3970/4439 
f 3831/3894/4363 3830/3893/4362 3898/3970/4439 
f 4020/4103/4572 4025/4110/4579 4068/4163/4632 
f 4056/4148/4617 3832/3895/4364 4059/4152/4621 
f 4061/4154/4623 3816/3879/4348 4051/4140/4609 
f 4048/4136/4605 4040/4126/4595 4058/4151/4620 
f 3816/3879/4348 3813/3876/4345 3839/3903/4372 
f 4051/4140/4609 3816/3879/4348 3839/3903/4372 
f 4040/4126/4595 4039/4125/4594 4058/4151/4620 
f 3819/3882/4351 4096/4205/4674 4064/4158/4627 
f 4056/4148/4617 4058/4151/4620 4039/4125/4594 
f 4060/4153/4622 4056/4148/4617 4039/4125/4594 
f 4028/4117/4586 3819/3882/4351 4064/4158/4627 
f 4054/4144/4613 4036/4122/4591 4063/4157/4626 
f 4044/4130/4599 4026/4111/4580 4031/4183/4652 
f 4027/4112/4581 3819/4156/4625 4028/4113/4582 
f 4062/4155/4624 4096/4205/4674 4061/4154/4623 
f 4053/4142/4611 4054/4144/4613 4062/4155/4624 
f 4062/4155/4624 4054/4144/4613 4063/4157/4626 
f 4064/4158/4627 4096/4205/4674 4062/4155/4624 
f 4097/4206/4675 4098/4207/4676 4099/4208/4677 
f 4100/4209/4678 4101/4210/4679 4099/4211/4680 
f 3938/4212/4681 4097/4213/4682 4102/4214/4683 
f 3940/4017/4486 4098/4207/4676 4097/4206/4675 
f 4103/4215/4684 4104/4216/4685 4099/4208/4677 
f 4105/4217/4686 4106/4218/4687 4100/4209/4678 
f 4107/4219/4688 4100/4209/4678 4099/4211/4680 
f 4104/4216/4685 4107/4220/4689 4099/4208/4677 
f 3973/4053/4522 3970/4049/4518 4108/4221/4690 
f 4109/4222/4691 4108/4221/4690 4110/4223/4692 
f 4107/4219/4688 4111/4224/4693 4112/4225/4694 
f 3965/4044/4513 4113/4226/4695 4114/4227/4696 
f 4094/4200/4669 3970/4049/4518 3971/4051/4520 
f 3967/4046/4515 3969/4048/4517 4105/4217/4686 
f 4111/4228/4697 4107/4220/4689 4109/4222/4691 
f 4111/4224/4693 4115/4229/4698 4116/4230/4699 
f 4114/4227/4696 4117/4231/4700 4102/4214/4683 
f 4092/4196/4665 4116/4230/4699 4115/4229/4698 
f 4116/4230/4699 3977/4058/4527 4112/4225/4694 
f 3938/4212/4681 4102/4214/4683 4118/4232/4701 
f 4100/4209/4678 4106/4218/4687 4101/4210/4679 
f 3966/4045/4514 4101/4210/4679 4119/4233/4702 
f 4112/4225/4694 4111/4224/4693 4116/4230/4699 
f 4120/4234/4703 3964/4043/4512 3966/4045/4514 
f 3935/4012/4481 3953/4030/4499 3957/4036/4505 
f 4121/4235/4704 3964/4043/4512 4120/4234/4703 
f 4122/4236/4705 3965/4044/4513 4114/4227/4696 
f 3965/4044/4513 4122/4236/4705 3966/4045/4514 
f 3908/3983/4452 3986/4068/4537 4121/4235/4704 
f 3986/4068/4537 3964/4043/4512 4121/4235/4704 
f 4123/4237/4706 4124/4238/4707 4120/4234/4703 
f 3953/4030/4499 4120/4234/4703 3957/4036/4505 
f 4125/4239/4708 4126/4240/4709 4127/4241/4710 
f 4007/4090/4559 4000/4083/4552 4128/4242/4711 
f 4126/4240/4709 4088/4192/4661 4007/4090/4559 
f 4126/4240/4709 4007/4090/4559 4127/4241/4710 
f 4129/4243/4712 4128/4242/4711 4130/4244/4713 
f 4129/4243/4712 4130/4244/4713 3918/4245/4714 
f 4127/4241/4710 4007/4090/4559 4128/4242/4711 
f 4000/4083/4552 4131/4246/4715 4132/4247/4716 
f 4133/4248/4717 4134/4249/4718 4135/4250/4719 
f 4135/4250/4719 4136/4251/4720 3918/4245/4714 
f 4133/4248/4717 4137/4252/4721 4134/4249/4718 
f 4134/4249/4718 4136/4251/4720 4135/4250/4719 
f 3917/4253/4722 4138/4254/4723 4135/4250/4719 
f 4138/4255/4724 3917/3993/4462 3919/3995/4464 
f 3917/4253/4722 4135/4250/4719 3918/4245/4714 
f 4138/4254/4723 4133/4248/4717 4135/4250/4719 
f 4139/4256/4725 4140/4257/4726 4090/4194/4663 
f 4139/4256/4725 4090/4194/4663 4141/4258/4727 
f 4142/4259/4728 4143/4260/4729 4144/4261/4730 
f 4139/4256/4725 4143/4260/4729 4145/4262/4731 
f 3947/4024/4493 4078/4180/4649 4124/4238/4707 
f 4078/4180/4649 3957/4036/4505 4124/4238/4707 
f 3953/4030/4499 4121/4235/4704 4120/4234/4703 
f 3957/4036/4505 4078/4180/4649 3950/4027/4496 
f 3867/3937/4406 3889/3959/4428 3868/3938/4407 
f 3987/4070/4539 3896/3966/4435 3893/3963/4432 
f 3988/4071/4540 3987/4070/4539 3893/3963/4432 
f 3988/4071/4540 3893/3963/4432 3892/3962/4431 
f 3926/4003/4472 4146/4263/4732 4147/4264/4733 
f 3948/4025/4494 3933/4010/4479 3955/4032/4501 
f 3936/4013/4482 4148/4265/4734 3937/4014/4483 
f 3936/4266/4735 3983/4065/4534 4146/4263/4732 
f 4149/4267/4736 4150/4268/4737 3975/4055/4524 
f 3976/4056/4525 4119/4233/4702 4149/4267/4736 
f 4151/4269/4738 4152/4270/4739 4153/4271/4740 
f 4150/4268/4737 4152/4270/4739 3975/4055/4524 
f 4154/4272/4741 4155/4273/4742 4156/4274/4743 
f 3802/3865/4334 3823/3886/4355 3803/3866/4335 
f 4157/4275/4744 4158/4276/4745 4159/4277/4746 
f 3994/4077/4546 4160/4278/4747 3974/4054/4523 
f 4161/4279/4748 4162/4280/4749 4163/4281/4750 
f 4163/4281/4750 4164/4282/4751 4165/4283/4752 
f 4162/4280/4749 4161/4279/4748 4166/4284/4753 
f 4162/4280/4749 4164/4282/4751 4163/4281/4750 
f 3931/4008/4477 3930/4007/4476 4164/4282/4751 
f 4167/4285/4754 4168/4286/4755 3925/4001/4470 
f 3805/3868/4337 4169/4287/4756 3801/3864/4333 
f 4170/4288/4757 3802/3865/4334 3801/3864/4333 
f 3928/4005/4474 3927/4004/4473 4171/4289/4758 
f 3927/4004/4473 4172/4290/4759 3822/3885/4354 
f 4172/4290/4759 3927/4004/4473 3797/3859/4328 
f 3802/3865/4334 4170/4288/4757 4171/4289/4758 
f 4171/4289/4758 3927/4004/4473 3822/3885/4354 
f 4173/4291/4760 3928/4005/4474 4171/4289/4758 
f 3822/3885/4354 3802/3865/4334 4171/4289/4758 
f 4174/4292/4761 4175/4293/4762 3929/4006/4475 
f 4176/4294/4763 4175/4293/4762 4177/4295/4764 
f 4178/4296/4765 4176/4294/4763 4177/4295/4764 
f 4179/4297/4766 4180/4298/4767 4154/4299/4768 
f 4156/4300/4769 4179/4297/4766 4154/4299/4768 
f 3807/3870/4339 3777/3837/4306 3795/3855/4324 
f 3798/3860/4329 3778/3861/4330 4172/4290/4759 
f 4175/4293/4762 4174/4292/4761 4181/4301/4770 
f 3932/4009/4478 4174/4292/4761 3929/4006/4475 
f 4182/4302/4771 4183/4303/4772 4184/4304/4773 
f 4185/4305/4774 4186/4306/4775 4187/4307/4776 
f 4188/4308/4777 4150/4268/4737 4149/4267/4736 
f 3996/4079/4548 4166/4284/4753 4189/4309/4778 
f 4185/4305/4774 4190/4310/4779 4186/4306/4775 
f 4191/4311/4780 4192/4312/4781 4193/4313/4782 
f 4194/4314/4783 4185/4305/4774 4187/4307/4776 
f 4190/4310/4779 4191/4311/4780 4186/4306/4775 
f 4195/4315/4784 4196/4316/4785 4197/4317/4786 
f 4195/4315/4784 4198/4318/4787 4153/4271/4740 
f 4153/4271/4740 4150/4268/4737 4196/4316/4785 
f 4196/4316/4785 4199/4319/4788 4197/4317/4786 
f 4184/4320/4789 4200/4321/4790 4201/4322/4791 
f 4200/4321/4790 4202/4323/4792 4203/4324/4793 
f 4196/4316/4785 4195/4315/4784 4153/4271/4740 
f 4200/4321/4790 4188/4308/4777 4201/4322/4791 
f 4195/4315/4784 4192/4312/4781 4198/4318/4787 
f 4192/4312/4781 4191/4311/4780 4161/4279/4748 
f 4186/4306/4775 4191/4311/4780 4193/4313/4782 
f 4192/4312/4781 4163/4281/4750 4198/4318/4787 
f 4195/4315/4784 4197/4317/4786 4192/4312/4781 
f 4186/4306/4775 4193/4313/4782 4204/4325/4794 
f 4163/4281/4750 4192/4312/4781 4161/4279/4748 
f 4197/4317/4786 4193/4313/4782 4192/4312/4781 
f 4205/4326/4795 4206/4327/4796 4202/4323/4792 
f 4203/4324/4793 4206/4327/4796 4207/4328/4797 
f 4208/4329/4798 4209/4330/4799 4158/4276/4745 
f 4206/4327/4796 4203/4324/4793 4202/4323/4792 
f 4210/4331/4800 4211/4332/4801 4206/4327/4796 
f 4205/4326/4795 4212/4333/4802 4210/4331/4800 
f 4213/4334/4803 4203/4324/4793 4207/4328/4797 
f 4183/4303/4772 4209/4330/4799 4184/4304/4773 
f 4214/4335/4804 4215/4336/4805 4216/4337/4806 
f 4217/4338/4807 4218/4339/4808 4219/4340/4809 
f 4217/4338/4807 4216/4337/4806 4218/4339/4808 
f 4215/4336/4805 4220/4341/4810 4216/4337/4806 
f 4204/4325/4794 4213/4334/4803 4221/4342/4811 
f 4187/4307/4776 4204/4325/4794 4221/4342/4811 
f 4187/4307/4776 4222/4343/4812 4194/4314/4783 
f 4213/4334/4803 4207/4328/4797 4221/4342/4811 
f 4223/4344/4813 4188/4308/4777 4149/4267/4736 
f 4166/4284/4753 3996/4079/4548 3958/4037/4506 
f 3958/4037/4506 3993/4076/4545 3962/4041/4510 
f 4166/4284/4753 3958/4037/4506 3928/4005/4474 
f 4106/4218/4687 4224/4345/4814 4223/4344/4813 
f 3962/4041/4510 3993/4076/4545 3992/4075/4544 
f 4103/4215/4684 3962/4041/4510 3992/4075/4544 
f 4224/4345/4814 4188/4308/4777 4223/4344/4813 
f 4202/4323/4792 4209/4346/4815 4205/4326/4795 
f 4209/4330/4799 4183/4303/4772 4158/4276/4745 
f 4199/4319/4788 4200/4321/4790 4203/4324/4793 
f 4209/4346/4815 4208/4347/4816 4205/4326/4795 
f 4215/4336/4805 4214/4335/4804 4225/4348/4817 
f 4110/4223/4692 3970/4049/4518 4094/4200/4669 
f 4226/4349/4818 4227/4350/4819 4215/4336/4805 
f 4158/4276/4745 4183/4303/4772 4228/4351/4820 
f 4170/4288/4757 4229/4352/4821 4173/4291/4760 
f 4173/4291/4760 4230/4353/4822 4162/4280/4749 
f 4162/4280/4749 4230/4353/4822 4164/4282/4751 
f 3930/4007/4476 4165/4283/4752 4164/4282/4751 
f 4153/4271/4740 4198/4318/4787 4151/4269/4738 
f 4152/4270/4739 4150/4268/4737 4153/4271/4740 
f 4222/4343/4812 4187/4307/4776 4221/4342/4811 
f 4222/4343/4812 4228/4351/4820 4194/4314/4783 
f 3912/3987/4456 3911/3986/4455 4231/4354/4823 
f 4232/4355/4824 4233/4356/4825 3911/3986/4455 
f 3915/3990/4459 4234/4357/4826 4235/4358/4827 
f 4236/4359/4828 4237/4360/4829 4231/4354/4823 
f 3867/3937/4406 4238/4361/4830 3889/3959/4428 
f 3889/3959/4428 4239/4362/4831 3868/3938/4407 
f 4240/4363/4832 4212/4333/4802 4208/4347/4816 
f 4157/4275/4744 4240/4364/4833 4208/4329/4798 
f 4241/4365/4834 4242/4366/4835 4243/4367/4836 
f 4244/4368/4837 4243/4367/4836 4245/4369/4838 
f 4246/4370/4839 4245/4369/4838 4247/4371/4840 
f 4242/4366/4835 4245/4369/4838 4243/4367/4836 
f 4166/4284/4753 4173/4291/4760 4162/4280/4749 
f 4230/4353/4822 3931/4008/4477 4164/4282/4751 
f 4229/4352/4821 4170/4288/4757 3801/3864/4333 
f 4176/4294/4763 4248/4372/4841 4175/4293/4762 
f 4174/4292/4761 3932/4009/4478 3805/3868/4337 
f 4248/4372/4841 3929/4006/4475 4175/4293/4762 
f 4169/4287/4756 3932/4009/4478 4230/4353/4822 
f 3932/4009/4478 4169/4287/4756 3805/3868/4337 
f 4158/4276/4745 4157/4275/4744 4208/4329/4798 
f 4211/4332/4801 4207/4328/4797 4206/4327/4796 
f 4249/4373/4842 4212/4333/4802 4240/4363/4832 
f 3778/3861/4330 4180/4298/4767 3823/3886/4355 
f 4169/4287/4756 4230/4353/4822 4229/4352/4821 
f 3932/4009/4478 3931/4008/4477 4230/4353/4822 
f 4170/4288/4757 4173/4291/4760 4171/4289/4758 
f 4169/4287/4756 4229/4352/4821 3801/3864/4333 
f 3803/3866/4335 3823/3886/4355 4250/4374/4843 
f 4251/4375/4844 3803/3866/4335 4250/4374/4843 
f 3803/3866/4335 4252/4376/4845 4181/4301/4770 
f 3804/3867/4336 3803/3866/4335 4181/4301/4770 
f 4253/4377/4846 4168/4286/4755 4254/4378/4847 
f 3899/3972/4441 4253/4377/4846 4254/4378/4847 
f 4180/4379/4848 3777/3837/4306 4155/4273/4742 
f 4155/4273/4742 3777/3837/4306 3807/3870/4339 
f 4255/4380/4849 4256/4381/4850 4257/4382/4851 
f 4254/4378/4847 4256/4381/4850 4258/4383/4852 
f 4254/4378/4847 4178/4296/4765 4257/4382/4851 
f 4256/4381/4850 4254/4378/4847 4257/4382/4851 
f 4258/4383/4852 4256/4381/4850 4255/4380/4849 
f 4259/4384/4853 4258/4383/4852 4255/4380/4849 
f 3899/3972/4441 4254/4378/4847 4258/4383/4852 
f 3900/3973/4442 4258/4383/4852 4259/4384/4853 
f 4165/4283/4752 3930/4007/4476 4260/4385/4854 
f 4151/4269/4738 4165/4283/4752 4260/4385/4854 
f 4230/4353/4822 4173/4291/4760 4229/4352/4821 
f 4173/4291/4760 4166/4284/4753 3928/4005/4474 
f 4178/4296/4765 4254/4378/4847 4168/4286/4755 
f 4176/4294/4763 4178/4296/4765 4168/4286/4755 
f 4176/4294/4763 4168/4286/4755 4167/4285/4754 
f 4248/4372/4841 4176/4294/4763 4167/4285/4754 
f 4180/4298/4767 4250/4374/4843 3823/3886/4355 
f 4154/4272/4741 4180/4379/4848 4155/4273/4742 
f 4257/4382/4851 4261/4386/4855 4262/4387/4856 
f 4179/4297/4766 4251/4375/4844 4250/4374/4843 
f 4151/4269/4738 4260/4385/4854 4263/4388/4857 
f 4152/4270/4739 4151/4269/4738 4263/4388/4857 
f 3954/4031/4500 3963/4042/4511 3956/4035/4504 
f 3793/3853/4322 4253/4377/4846 3899/3972/4441 
f 4262/4387/4856 4251/4375/4844 4179/4297/4766 
f 4180/4298/4767 4179/4297/4766 4250/4374/4843 
f 4177/4295/4764 4181/4301/4770 4252/4376/4845 
f 4178/4296/4765 4177/4295/4764 4252/4376/4845 
f 4174/4292/4761 3805/3868/4337 3804/3867/4336 
f 4181/4301/4770 4174/4292/4761 3804/3867/4336 
f 3823/3886/4355 3822/3885/4354 4172/4290/4759 
f 3778/3861/4330 3823/3886/4355 4172/4290/4759 
f 4257/4382/4851 4178/4296/4765 4252/4376/4845 
f 4261/4386/4855 4257/4382/4851 4252/4376/4845 
f 4252/4376/4845 3803/3866/4335 4251/4375/4844 
f 4261/4386/4855 4252/4376/4845 4251/4375/4844 
f 3786/3846/4315 3784/3844/4313 3774/3834/4303 
f 4264/4389/4858 3789/3849/4318 3794/3854/4323 
f 4168/4286/4755 4253/4377/4846 3925/4001/4470 
f 4177/4295/4764 4175/4293/4762 4181/4301/4770 
f 3899/3972/4441 4258/4383/4852 3900/3973/4442 
f 3777/3837/4306 4180/4379/4848 3778/3838/4307 
f 4264/4389/4858 3794/3854/4323 3900/3973/4442 
f 4259/4384/4853 4264/4389/4858 3900/3973/4442 
f 4255/4380/4849 4257/4382/4851 4262/4387/4856 
f 4262/4387/4856 4261/4386/4855 4251/4375/4844 
f 3807/3870/4339 3795/3855/4324 3790/3850/4319 
f 3900/3973/4442 3794/3854/4323 3800/3863/4332 
f 3800/3863/4332 3793/3853/4322 3899/3972/4441 
f 3798/3860/4329 4172/4290/4759 3797/3859/4328 
f 3789/3849/4318 3806/3869/4338 3790/3850/4319 
f 3789/3849/4318 3788/3848/4317 3794/3854/4323 
f 4109/4222/4691 4104/4216/4685 4108/4221/4690 
f 4124/4238/4707 4123/4237/4706 4119/4233/4702 
f 4265/4390/4859 4109/4222/4691 4110/4223/4692 
f 4104/4216/4685 3995/4078/4547 4108/4221/4690 
f 4101/4210/4679 4266/4391/4860 4099/4211/4680 
f 4097/4213/4682 4266/4391/4860 4102/4214/4683 
f 4102/4214/4683 4266/4391/4860 4114/4227/4696 
f 4266/4391/4860 4097/4213/4682 4099/4211/4680 
f 4100/4209/4678 4107/4219/4688 4112/4225/4694 
f 3995/4078/4547 3992/4075/4544 3994/4077/4546 
f 3975/4055/4524 3976/4056/4525 4149/4267/4736 
f 3992/4075/4544 3991/4074/4543 3994/4077/4546 
f 4105/4217/4686 3969/4048/4517 4106/4218/4687 
f 3995/4078/4547 4104/4216/4685 4103/4215/4684 
f 3974/4060/4529 4160/4392/4861 3969/4048/4517 
f 3969/4048/4517 4224/4345/4814 4106/4218/4687 
f 4213/4334/4803 4204/4325/4794 4197/4317/4786 
f 4189/4309/4778 4161/4279/4748 4191/4311/4780 
f 4187/4307/4776 4186/4306/4775 4204/4325/4794 
f 4204/4325/4794 4193/4313/4782 4197/4317/4786 
f 3992/4075/4544 3995/4078/4547 4103/4215/4684 
f 3973/4053/4522 4108/4221/4690 3995/4078/4547 
f 4190/4310/4779 4189/4309/4778 4191/4311/4780 
f 3996/4079/4548 3993/4076/4545 3958/4037/4506 
f 4101/4210/4679 3966/4045/4514 4266/4391/4860 
f 4266/4391/4860 4122/4236/4705 4114/4227/4696 
f 3976/4056/4525 4124/4238/4707 4119/4233/4702 
f 3966/4045/4514 4122/4236/4705 4266/4391/4860 
f 4149/4267/4736 4119/4233/4702 4223/4344/4813 
f 3961/4040/4509 3963/4042/4511 4103/4215/4684 
f 4123/4237/4706 3966/4045/4514 4119/4233/4702 
f 3963/4042/4511 3962/4041/4510 4103/4215/4684 
f 3989/4072/4541 3981/4063/4532 4265/4390/4859 
f 3978/4059/4528 3972/4052/4521 3967/4046/4515 
f 4006/4089/4558 4110/4223/4692 4094/4200/4669 
f 4006/4089/4558 3989/4072/4541 4265/4390/4859 
f 4115/4393/4862 4111/4228/4697 4265/4390/4859 
f 4107/4220/4689 4104/4216/4685 4109/4222/4691 
f 4111/4228/4697 4109/4222/4691 4265/4390/4859 
f 3970/4049/4518 4110/4223/4692 4108/4221/4690 
f 4206/4327/4796 4205/4326/4795 4210/4331/4800 
f 4207/4328/4797 4211/4332/4801 4267/4394/4863 
f 3938/4015/4484 3940/4017/4486 4097/4206/4675 
f 4098/4207/4676 4103/4215/4684 4099/4208/4677 
f 4119/4233/4702 4101/4210/4679 4223/4344/4813 
f 4106/4218/4687 4223/4344/4813 4101/4210/4679 
f 4112/4225/4694 4105/4217/4686 4100/4209/4678 
f 3961/4040/4509 4103/4215/4684 4098/4207/4676 
f 4092/4196/4665 3978/4059/4528 4116/4230/4699 
f 3977/4058/4527 4105/4217/4686 4112/4225/4694 
f 3977/4058/4527 3967/4046/4515 4105/4217/4686 
f 3978/4059/4528 3977/4058/4527 4116/4230/4699 
f 3908/3983/4452 4121/4235/4704 3937/4014/4483 
f 3937/4014/4483 4121/4235/4704 3953/4030/4499 
f 4123/4237/4706 4120/4234/4703 3966/4045/4514 
f 4124/4238/4707 3957/4036/4505 4120/4234/4703 
f 3952/4029/4498 3984/4066/4535 3945/4022/4491 
f 3983/4065/4534 4268/4395/4864 3984/4066/4535 
f 4269/4396/4865 3985/4069/4538 3960/4039/4508 
f 3984/4066/4535 4268/4395/4864 3945/4022/4491 
f 3985/4069/4538 3997/4080/4549 3960/4039/4508 
f 4078/4180/4649 3947/4024/4493 3835/3898/4367 
f 4091/4195/4664 4131/4397/4866 4085/4189/4658 
f 3961/4040/4509 3997/4080/4549 3956/4035/4504 
f 4183/4303/4772 4194/4314/4783 4228/4351/4820 
f 4270/4398/4867 4271/4399/4868 4272/4400/4869 
f 4273/4401/4870 4274/4402/4871 4275/4403/4872 
f 4270/4398/4867 4276/4404/4873 4271/4399/4868 
f 4277/4405/4874 4271/4406/4875 4278/4407/4876 
f 4279/4408/4877 4280/4409/4878 4275/4403/4872 
f 4281/4410/4879 4282/4411/4880 4283/4412/4881 
f 4282/4411/4880 4272/4400/4869 4283/4412/4881 
f 4272/4400/4869 4282/4411/4880 4284/4413/4882 
f 4285/4414/4883 4286/4415/4884 4287/4416/4885 
f 4288/4417/4886 4289/4418/4887 4285/4414/4883 
f 4290/4419/4888 4291/4420/4889 4292/4421/4890 
f 4290/4419/4888 4293/4422/4891 4294/4423/4892 
f 4295/4424/4893 4296/4425/4894 4297/4426/4895 
f 4288/4427/4896 4298/4428/4897 4295/4424/4893 
f 4299/4429/4898 4300/4430/4899 4295/4424/4893 
f 4277/4405/4874 4301/4431/4900 4296/4425/4894 
f 4291/4420/4889 4290/4419/4888 4294/4423/4892 
f 4286/4415/4884 4302/4432/4901 4287/4416/4885 
f 4286/4415/4884 4303/4433/4902 4294/4423/4892 
f 4304/4434/4903 4294/4423/4892 4293/4422/4891 
f 4304/4434/4903 4286/4415/4884 4294/4423/4892 
f 4305/4435/4904 4306/4436/4905 4304/4434/4903 
f 4307/4437/4906 4304/4434/4903 4293/4422/4891 
f 4308/4438/4907 4117/4231/4700 4309/4439/4908 
f 4276/4404/4873 4270/4398/4867 4310/4440/4909 
f 4311/4441/4910 4113/4226/4695 4269/4442/4911 
f 4312/4443/4912 4313/4444/4913 4314/4445/4914 
f 4118/4232/4701 4117/4231/4700 4308/4438/4907 
f 4315/4446/4915 4316/4447/4916 4317/4448/4917 
f 4318/4449/4918 4319/4450/4919 4320/4451/4920 
f 4305/4452/4921 4307/4453/4922 4321/4454/4923 
f 4322/4455/4924 4308/4438/4907 4323/4456/4925 
f 4278/4407/4876 4305/4452/4921 4301/4431/4900 
f 4270/4398/4867 4284/4413/4882 4310/4440/4909 
f 4300/4430/4899 4277/4405/4874 4296/4425/4894 
f 4300/4430/4899 4275/4403/4872 4274/4402/4871 
f 4285/4414/4883 4289/4418/4887 4317/4448/4917 
f 4312/4443/4912 4320/4451/4920 4324/4457/4926 
f 4325/4458/4927 4326/4459/4928 4327/4460/4929 
f 4292/4461/4930 4328/4462/4931 4329/4463/4932 
f 4317/4448/4917 4324/4464/4933 4320/4465/4934 
f 4303/4433/4902 4286/4415/4884 4285/4414/4883 
f 4313/4444/4913 4289/4466/4935 4330/4467/4936 
f 4299/4429/4898 4295/4424/4893 4298/4428/4897 
f 4292/4421/4890 4331/4468/4937 4328/4469/4938 
f 4331/4468/4937 4323/4456/4925 4328/4469/4938 
f 4332/4470/4939 4292/4461/4930 4329/4463/4932 
f 4329/4463/4932 4328/4462/4931 4333/4471/4940 
f 4318/4449/4918 4312/4443/4912 4334/4472/4941 
f 4335/4473/4942 4319/4474/4943 4336/4475/4944 
f 4335/4473/4942 4337/4476/4945 4322/4455/4924 
f 4338/4477/4946 4339/4478/4947 4318/4449/4918 
f 4332/4470/4939 4329/4463/4932 4334/4472/4941 
f 4332/4470/4939 4334/4472/4941 4314/4445/4914 
f 4334/4472/4941 4338/4477/4946 4318/4449/4918 
f 4337/4476/4945 4335/4473/4942 4336/4475/4944 
f 4338/4477/4946 4340/4479/4948 4339/4478/4947 
f 4338/4477/4946 4329/4463/4932 4341/4480/4949 
f 4333/4481/4950 4309/4439/4908 4311/4441/4910 
f 4328/4469/4938 4323/4456/4925 4333/4481/4950 
f 4322/4455/4924 4331/4468/4937 4316/4447/4916 
f 4296/4425/4894 4301/4431/4900 4321/4454/4923 
f 4312/4443/4912 4318/4449/4918 4320/4451/4920 
f 4315/4446/4915 4335/4473/4942 4322/4455/4924 
f 3874/4482/4951 4232/4355/4824 3911/3986/4455 
f 4233/4356/4825 4232/4355/4824 4342/4483/4952 
f 4236/4359/4828 3904/4484/4953 4237/4360/4829 
f 3911/3986/4455 4233/4356/4825 4231/4354/4823 
f 4342/4483/4952 3897/3967/4436 4343/4485/4954 
f 3880/3950/4419 3897/3980/4449 4342/4486/4955 
f 3885/3955/4424 3884/3954/4423 3888/3958/4427 
f 3885/3955/4424 3888/3958/4427 4344/4487/4956 
f 3895/3965/4434 3894/3964/4433 4345/4488/4957 
f 4344/4487/4956 3888/3958/4427 4345/4488/4957 
f 3894/4489/4958 3883/3953/4422 4346/4490/4959 
f 3894/3964/4433 4346/4491/4960 4345/4488/4957 
f 3887/3957/4426 3895/3965/4434 3888/3958/4427 
f 3897/3967/4436 3885/3955/4424 4343/4485/4954 
f 4236/4359/4828 4344/4487/4956 4345/4488/4957 
f 3895/3965/4434 4345/4488/4957 3888/3958/4427 
f 4347/4492/4961 3908/3983/4452 3937/4014/4483 
f 3908/3983/4452 4347/4492/4961 3905/3979/4448 
f 3866/3936/4405 3865/3935/4404 3910/3985/4454 
f 4347/4492/4961 4148/4265/4734 3906/3981/4450 
f 3883/3953/4422 3894/4489/4958 3909/3984/4453 
f 3894/4489/4958 3896/4493/4962 3909/3984/4453 
f 3871/3941/4410 3852/3916/4385 3903/3976/4445 
f 4148/4265/4734 4347/4492/4961 3937/4014/4483 
f 4269/4442/4911 3965/4044/4513 3985/4067/4536 
f 3997/4080/4549 3982/4064/4533 3984/4066/4535 
f 3949/4494/4963 3948/4034/4503 4268/4395/4864 
f 3936/4266/4735 3949/4494/4963 4268/4395/4864 
f 3983/4065/4534 3936/4266/4735 4268/4395/4864 
f 3948/4034/4503 3945/4022/4491 4268/4395/4864 
f 3892/3962/4431 3926/4003/4472 4147/4264/4733 
f 4148/4495/4964 3936/4266/4735 4146/4263/4732 
f 4269/4396/4865 3960/4039/4508 4311/4496/4965 
f 4323/4456/4925 4308/4438/4907 4309/4439/4908 
f 4340/4479/4948 4341/4480/4949 4348/4497/4966 
f 3960/4039/4508 4349/4498/4967 4311/4496/4965 
f 4316/4447/4916 4315/4446/4915 4322/4455/4924 
f 4337/4476/4945 4308/4438/4907 4322/4455/4924 
f 4318/4449/4918 4339/4478/4947 4319/4450/4919 
f 4331/4468/4937 4322/4455/4924 4323/4456/4925 
f 4330/4467/4936 4289/4466/4935 4297/4426/4895 
f 4303/4433/4902 4316/4447/4916 4291/4420/4889 
f 4270/4398/4867 4272/4400/4869 4284/4413/4882 
f 4309/4439/4908 4117/4231/4700 4113/4226/4695 
f 4315/4446/4915 4317/4448/4917 4320/4465/4934 
f 4319/4474/4943 4335/4473/4942 4315/4446/4915 
f 4320/4465/4934 4319/4474/4943 4315/4446/4915 
f 4336/4499/4968 4339/4478/4947 4079/4182/4651 
f 3881/3951/4420 3907/3982/4451 3879/3949/4418 
f 3986/4068/4537 3987/4500/4969 3985/4067/4536 
f 3909/3984/4453 3896/4493/4962 3986/4068/4537 
f 3997/4080/4549 3985/4069/4538 3988/4071/4540 
f 3906/4002/4471 4148/4495/4964 3926/4003/4472 
f 3983/4065/4534 3982/4064/4533 4147/4264/4733 
f 4147/4264/4733 3988/4071/4540 3892/3962/4431 
f 3982/4064/4533 3997/4080/4549 3988/4071/4540 
f 4313/4444/4913 4312/4443/4912 4324/4457/4926 
f 4329/4463/4932 4338/4477/4946 4334/4472/4941 
f 4321/4454/4923 4350/4501/4970 4351/4502/4971 
f 4307/4453/4922 4350/4501/4970 4321/4454/4923 
f 4146/4263/4732 3983/4065/4534 4147/4264/4733 
f 4148/4495/4964 4146/4263/4732 3926/4003/4472 
f 4239/4362/4831 3880/3950/4419 4342/4486/4955 
f 4147/4264/4733 3982/4064/4533 3988/4071/4540 
f 4231/4354/4823 4233/4356/4825 4344/4487/4956 
f 3912/3987/4456 4231/4354/4823 4237/4360/4829 
f 3873/3943/4412 3868/3938/4407 3874/3944/4413 
f 4233/4356/4825 4343/4485/4954 4344/4487/4956 
f 3873/3943/4412 3865/3935/4404 3868/3938/4407 
f 4238/4361/4830 3890/3960/4429 3889/3959/4428 
f 4234/4357/4826 3912/3987/4456 4237/4360/4829 
f 3866/3936/4405 4238/4361/4830 3867/3937/4406 
f 4342/4486/4955 4232/4503/4972 4239/4362/4831 
f 3868/3938/4407 4232/4503/4972 3874/3944/4413 
f 4343/4485/4954 4233/4356/4825 4342/4483/4952 
f 4232/4503/4972 3868/3938/4407 4239/4362/4831 
f 3870/3940/4409 3873/3943/4412 3875/3945/4414 
f 3877/3947/4416 3875/3969/4438 3874/4482/4951 
f 3890/3960/4429 4238/4361/4830 4235/4504/4973 
f 3869/3939/4408 3870/3940/4409 3871/3941/4410 
f 3859/3924/4393 3864/3971/4440 3902/3975/4444 
f 3916/4505/4974 3864/3934/4403 3862/3928/4397 
f 3902/3975/4444 3916/3991/4460 3910/3985/4454 
f 3864/3971/4440 3916/3991/4460 3902/3975/4444 
f 3901/3974/4443 3916/4505/4974 3862/3928/4397 
f 3861/3927/4396 4352/4506/4975 3901/3974/4443 
f 3913/3992/4461 3915/4507/4976 3866/3936/4405 
f 3907/3982/4451 3881/3951/4420 3883/3953/4422 
f 3916/4505/4974 3901/3974/4443 3913/3988/4457 
f 3905/3979/4448 4347/4492/4961 3906/3981/4450 
f 3878/3948/4417 3914/3989/4458 4352/4506/4975 
f 3901/3974/4443 3914/3989/4458 3913/3988/4457 
f 3891/3961/4430 3880/3950/4419 4239/4362/4831 
f 3914/3989/4458 4234/4357/4826 3915/3990/4459 
f 4352/4506/4975 3876/3946/4415 3878/3948/4417 
f 3926/4003/4472 3892/3962/4431 3887/3957/4426 
f 4344/4487/4956 4236/4359/4828 4231/4354/4823 
f 3904/4484/4953 4235/4358/4827 4237/4360/4829 
f 4235/4504/4973 4238/4361/4830 3915/4507/4976 
f 4234/4357/4826 4237/4360/4829 4235/4358/4827 
f 4345/4488/4957 4346/4491/4960 4236/4359/4828 
f 3883/3953/4422 3882/3952/4421 4346/4490/4959 
f 3880/3950/4419 3879/3949/4418 3897/3980/4449 
f 3880/3950/4419 3891/3961/4430 3881/3951/4420 
f 3904/3977/4446 3890/3960/4429 4235/4504/4973 
f 4238/4361/4830 3866/3936/4405 3915/4507/4976 
f 4346/4490/4959 3882/3952/4421 3904/3977/4446 
f 4346/4491/4960 3904/4484/4953 4236/4359/4828 
f 3986/4068/4537 3908/3983/4452 3909/3984/4453 
f 3896/4493/4962 3987/4500/4969 3986/4068/4537 
f 4343/4485/4954 3885/3955/4424 4344/4487/4956 
f 3884/3954/4423 3926/4003/4472 3887/3957/4426 
f 3912/3987/4456 4234/4357/4826 3878/3948/4417 
f 3912/3987/4456 3878/3948/4417 3877/3947/4416 
f 3911/3986/4455 3877/3947/4416 3874/4482/4951 
f 4234/4357/4826 3914/3989/4458 3878/3948/4417 
f 3910/3985/4454 3913/3992/4461 3866/3936/4405 
f 3914/3989/4458 3901/3974/4443 4352/4506/4975 
f 3855/3920/4389 3872/3968/4437 3856/3921/4390 
f 3856/3921/4390 3876/3946/4415 4352/4506/4975 
f 3889/3959/4428 3891/3961/4430 4239/4362/4831 
f 3890/3960/4429 3882/3952/4421 3891/3961/4430 
f 3895/3965/4434 3887/3957/4426 3893/3963/4432 
f 3895/3965/4434 3893/3963/4432 3896/3966/4435 
f 3925/4001/4470 4253/4377/4846 3793/3853/4322 
f 3808/3871/4340 3925/4001/4470 3793/3853/4322 
f 3861/3927/4396 3856/3921/4390 4352/4506/4975 
f 3886/3956/4425 3906/4002/4471 3884/3954/4423 
f 4348/4497/4966 3940/4017/4486 4340/4479/4948 
f 4341/4480/4949 4349/4498/4967 4348/4497/4966 
f 4340/4479/4948 4338/4477/4946 4341/4480/4949 
f 3940/4017/4486 4079/4182/4651 4340/4479/4948 
f 3939/4016/4485 4336/4499/4968 4079/4182/4651 
f 4340/4479/4948 4079/4182/4651 4339/4478/4947 
f 4341/4480/4949 4329/4463/4932 4333/4471/4940 
f 4333/4471/4940 4311/4496/4965 4349/4498/4967 
f 4353/4508/4977 4281/4410/4879 4354/4509/4978 
f 4281/4410/4879 4353/4508/4977 4284/4413/4882 
f 4280/4510/4979 4281/4410/4879 4283/4412/4881 
f 4281/4410/4879 4280/4510/4979 4354/4509/4978 
f 3939/4511/4980 3938/4212/4681 4118/4232/4701 
f 4113/4226/4695 3965/4044/4513 4269/4442/4911 
f 4277/4405/4874 4300/4430/4899 4274/4402/4871 
f 4337/4476/4945 4336/4475/4944 3939/4511/4980 
f 4355/4512/4981 4330/4467/4936 4297/4426/4895 
f 4326/4459/4928 4314/4445/4914 4327/4460/4929 
f 4313/4444/4913 4327/4460/4929 4314/4445/4914 
f 4117/4231/4700 4114/4227/4696 4113/4226/4695 
f 4355/4512/4981 4327/4460/4929 4330/4467/4936 
f 4290/4513/4982 4292/4461/4930 4332/4470/4939 
f 4287/4416/4885 4288/4417/4886 4285/4414/4883 
f 4289/4466/4935 4288/4427/4896 4297/4426/4895 
f 3981/4514/4983 4092/4196/4665 4115/4229/4698 
f 4098/4207/4676 3940/4017/4486 4348/4497/4966 
f 3959/4038/4507 3961/4040/4509 4098/4207/4676 
f 4124/4238/4707 3976/4056/4525 3947/4024/4493 
f 4348/4497/4966 4349/4498/4967 3959/4038/4507 
f 4349/4498/4967 3960/4039/4508 3959/4038/4507 
f 3959/4038/4507 4098/4207/4676 4348/4497/4966 
f 3976/4056/4525 3923/3999/4468 3947/4024/4493 
f 4306/4436/4905 4302/4432/4901 4304/4434/4903 
f 4350/4501/4970 4307/4453/4922 4293/4515/4984 
f 4298/4516/4985 4356/4517/4986 4354/4509/4978 
f 4302/4432/4901 4286/4415/4884 4304/4434/4903 
f 4325/4458/4927 4350/4501/4970 4293/4515/4984 
f 4293/4515/4984 4290/4513/4982 4326/4459/4928 
f 4299/4429/4898 4279/4408/4877 4300/4430/4899 
f 4300/4430/4899 4296/4425/4894 4295/4424/4893 
f 4356/4517/4986 4298/4516/4985 4287/4416/4885 
f 4310/4440/4909 4284/4413/4882 4353/4508/4977 
f 4297/4426/4895 4288/4427/4896 4295/4424/4893 
f 4298/4516/4985 4288/4417/4886 4287/4416/4885 
f 4287/4416/4885 4302/4432/4901 4356/4517/4986 
f 4356/4517/4986 4353/4508/4977 4354/4509/4978 
f 4356/4517/4986 4310/4440/4909 4353/4508/4977 
f 4302/4432/4901 4310/4440/4909 4356/4517/4986 
f 4326/4459/4928 4290/4513/4982 4332/4470/4939 
f 4324/4457/4926 4289/4466/4935 4313/4444/4913 
f 4294/4423/4892 4303/4433/4902 4291/4420/4889 
f 4327/4460/4929 4313/4444/4913 4330/4467/4936 
f 4326/4459/4928 4332/4470/4939 4314/4445/4914 
f 4291/4420/4889 4331/4468/4937 4292/4421/4890 
f 4325/4458/4927 4293/4515/4984 4326/4459/4928 
f 4325/4458/4927 4327/4460/4929 4355/4512/4981 
f 4350/4501/4970 4325/4458/4927 4355/4512/4981 
f 4337/4476/4945 4118/4232/4701 4308/4438/4907 
f 4339/4478/4947 4336/4499/4968 4319/4450/4919 
f 4309/4439/4908 4113/4226/4695 4311/4441/4910 
f 4316/4447/4916 4303/4433/4902 4317/4448/4917 
f 4323/4456/4925 4309/4439/4908 4333/4481/4950 
f 4341/4480/4949 4333/4471/4940 4349/4498/4967 
f 4118/4232/4701 4337/4476/4945 3939/4511/4980 
f 4127/4241/4710 4128/4242/4711 4357/4518/4987 
f 4358/4519/4988 4359/4520/4989 4357/4518/4987 
f 4136/4251/4720 4129/4243/4712 3918/4245/4714 
f 4128/4242/4711 4129/4243/4712 4357/4518/4987 
f 4360/4521/4990 4089/4193/4662 4126/4240/4709 
f 4361/4522/4991 4089/4198/4667 4360/4523/4992 
f 4359/4520/4989 4362/4524/4993 4125/4239/4708 
f 4363/4525/4994 4360/4521/4990 4126/4240/4709 
f 4364/4526/4995 3919/3995/4464 3920/3996/4465 
f 3918/3994/4463 4365/4527/4996 3919/3995/4464 
f 4364/4526/4995 4138/4255/4724 3919/3995/4464 
f 3919/3995/4464 4365/4527/4996 3920/3996/4465 
f 4136/4251/4720 4134/4249/4718 4129/4243/4712 
f 4365/4527/4996 3918/3994/4463 4130/4528/4997 
f 4130/4528/4997 4132/4529/4998 4145/4262/4731 
f 4140/4257/4726 4132/4529/4998 4131/4397/4866 
f 4090/4194/4663 4086/4190/4659 4141/4258/4727 
f 4134/4249/4718 4357/4518/4987 4129/4243/4712 
f 4141/4258/4727 4361/4522/4991 4360/4523/4992 
f 4086/4190/4659 4361/4522/4991 4141/4258/4727 
f 4125/4239/4708 4363/4525/4994 4126/4240/4709 
f 4089/4193/4662 4088/4192/4661 4126/4240/4709 
f 4366/4530/4999 3921/3997/4466 4362/4531/5000 
f 4365/4527/4996 4145/4262/4731 4143/4260/4729 
f 3921/3997/4466 3920/3996/4465 4142/4259/4728 
f 4366/4530/4999 4367/4532/5001 3922/3998/4467 
f 3920/3996/4465 4365/4527/4996 4143/4260/4729 
f 3920/3996/4465 4143/4260/4729 4142/4259/4728 
f 3921/3997/4466 4366/4530/4999 3922/3998/4467 
f 4138/4255/4724 4364/4526/4995 3922/3998/4467 
f 4140/4257/4726 4091/4195/4664 4090/4194/4663 
f 4363/4533/5002 4362/4531/5000 4142/4259/4728 
f 3999/4082/4551 3998/4081/4550 4095/4534/5003 
f 4087/4191/4660 4083/4187/4656 4082/4186/4655 
f 4140/4257/4726 4139/4256/4725 4145/4262/4731 
f 3981/4514/4983 3980/4535/5004 4083/4187/4656 
f 4005/4088/4557 4094/4200/4669 4093/4201/4670 
f 4093/4201/4670 4095/4534/5003 4005/4088/4557 
f 4144/4261/4730 4139/4256/4725 4141/4258/4727 
f 3998/4081/4550 4004/4087/4556 4095/4534/5003 
f 4141/4258/4727 4360/4523/4992 4144/4261/4730 
f 4095/4534/5003 4004/4087/4556 4005/4088/4557 
f 4093/4199/4668 3971/4057/4526 4081/4185/4654 
f 3972/4052/4521 3978/4059/4528 4087/4191/4660 
f 4008/4091/4560 4003/4086/4555 4088/4192/4661 
f 4117/4231/4700 4118/4232/4701 4102/4214/4683 
f 4086/4190/4659 4082/4186/4655 4361/4522/4991 
f 4002/4197/4666 4084/4188/4657 3980/4535/5004 
f 4357/4518/4987 4359/4520/4989 4127/4241/4710 
f 4362/4524/4993 4363/4525/4994 4125/4239/4708 
f 4134/4249/4718 4358/4519/4988 4357/4518/4987 
f 4359/4520/4989 4125/4239/4708 4127/4241/4710 
f 4088/4192/4661 4003/4086/4555 4007/4090/4559 
f 4089/4193/4662 4002/4085/4554 4001/4084/4553 
f 4360/4523/4992 4363/4533/5002 4144/4261/4730 
f 3989/4072/4541 4006/4089/4558 3990/4073/4542 
f 4145/4262/4731 4365/4527/4996 4130/4528/4997 
f 4132/4529/4998 4140/4257/4726 4145/4262/4731 
f 4086/4190/4659 4090/4194/4663 4085/4189/4658 
f 4131/4397/4866 3999/4202/4671 4085/4189/4658 
f 3921/3997/4466 4142/4259/4728 4362/4531/5000 
f 4212/4333/4802 4205/4326/4795 4208/4347/4816 
f 4087/4191/4660 3978/4059/4528 4092/4196/4665 
f 4008/4091/4560 3990/4073/4542 4004/4087/4556 
f 4368/4536/5005 4369/4537/5006 4370/4538/5007 
f 4368/4536/5005 4226/4349/4818 4371/4539/5008 
f 4372/4540/5009 4368/4536/5005 4373/4541/5010 
f 4369/4537/5006 4374/4542/5011 4370/4538/5007 
f 4371/4539/5008 4226/4349/4818 4375/4543/5012 
f 4376/4544/5013 4371/4539/5008 4375/4543/5012 
f 4369/4537/5006 4368/4536/5005 4371/4539/5008 
f 4377/4545/5014 4378/4546/5015 4379/4547/5016 
f 4380/4548/5017 4249/4373/4842 4240/4363/4832 
f 4381/4549/5018 4380/4550/5019 4240/4364/4833 
f 4382/4551/5020 4383/4552/5021 4384/4553/5022 
f 4385/4554/5023 4377/4545/5014 4379/4547/5016 
f 4386/4555/5024 4387/4556/5025 4370/4538/5007 
f 4368/4536/5005 4370/4538/5007 4373/4541/5010 
f 4383/4552/5021 4387/4556/5025 4388/4557/5026 
f 4387/4556/5025 4373/4541/5010 4370/4538/5007 
f 4389/4558/5027 4390/4559/5028 4391/4560/5029 
f 4392/4561/5030 4219/4340/4809 4391/4560/5029 
f 4393/4562/5031 4394/4563/5032 4225/4348/4817 
f 4389/4558/5027 4394/4564/5033 4393/4565/5034 
f 4395/4566/5035 4392/4561/5030 4391/4560/5029 
f 4220/4341/4810 4227/4350/4819 4396/4567/5036 
f 4390/4559/5028 4389/4558/5027 4393/4565/5034 
f 4390/4559/5028 4395/4566/5035 4391/4560/5029 
f 4397/4568/5037 4393/4562/5031 4214/4335/4804 
f 4390/4559/5028 4393/4565/5034 4397/4569/5038 
f 4375/4543/5012 4215/4336/4805 4225/4348/4817 
f 4394/4563/5032 4375/4543/5012 4225/4348/4817 
f 4394/4563/5032 4376/4544/5013 4375/4543/5012 
f 4372/4540/5009 4227/4350/4819 4226/4349/4818 
f 4157/4275/4744 4381/4549/5018 4240/4364/4833 
f 4387/4556/5025 4377/4545/5014 4388/4557/5026 
f 4302/4432/4901 4306/4436/4905 4310/4440/4909 
f 4306/4436/4905 4305/4435/4904 4278/4570/5039 
f 4307/4437/4906 4305/4435/4904 4304/4434/4903 
f 4306/4436/4905 4276/4404/4873 4310/4440/4909 
f 4276/4404/4873 4306/4436/4905 4278/4570/5039 
f 4305/4452/4921 4321/4454/4923 4301/4431/4900 
f 4351/4502/4971 4296/4425/4894 4321/4454/4923 
f 4350/4501/4970 4355/4512/4981 4351/4502/4971 
f 4354/4571/5040 4299/4429/4898 4298/4428/4897 
f 4279/4408/4877 4299/4429/4898 4354/4571/5040 
f 4282/4411/4880 4281/4410/4879 4284/4413/4882 
f 4279/4408/4877 4275/4403/4872 4300/4430/4899 
f 4331/4468/4937 4291/4420/4889 4316/4447/4916 
f 4312/4443/4912 4314/4445/4914 4334/4472/4941 
f 4351/4502/4971 4355/4512/4981 4297/4426/4895 
f 4296/4425/4894 4351/4502/4971 4297/4426/4895 
f 4361/4522/4991 4084/4188/4657 4089/4198/4667 
f 4092/4196/4665 3981/4514/4983 4083/4187/4656 
f 4091/4195/4664 4140/4257/4726 4131/4397/4866 
f 4082/4186/4655 4084/4188/4657 4361/4522/4991 
f 4001/4084/4553 4008/4091/4560 4088/4192/4661 
f 4094/4200/4669 4005/4088/4557 4006/4089/4558 
f 4008/4091/4560 4001/4084/4553 3990/4073/4542 
f 3990/4073/4542 4005/4088/4557 4004/4087/4556 
f 4144/4261/4730 4363/4533/5002 4142/4259/4728 
f 4143/4260/4729 4139/4256/4725 4144/4261/4730 
f 4128/4242/4711 4000/4083/4552 4132/4247/4716 
f 4128/4242/4711 4132/4247/4716 4130/4244/4713 
f 3999/4082/4551 4131/4246/4715 4000/4083/4552 
f 4007/4090/4559 4003/4086/4555 3998/4081/4550 
f 4364/4526/4995 3920/3996/4465 3922/3998/4467 
f 4084/4188/4657 4083/4187/4656 3980/4535/5004 
f 4242/4366/4835 4241/4365/4834 4382/4551/5020 
f 4398/4572/5041 4399/4573/5042 4383/4552/5021 
f 4389/4558/5027 4400/4574/5043 4394/4564/5033 
f 4241/4365/4834 4398/4572/5041 4382/4551/5020 
f 4401/4575/5044 4399/4573/5042 4402/4576/5045 
f 4398/4572/5041 4241/4365/4834 4403/4577/5046 
f 4382/4551/5020 4398/4572/5041 4383/4552/5021 
f 4399/4573/5042 4398/4572/5041 4402/4576/5045 
f 4404/4578/5047 4244/4579/5048 4369/4537/5006 
f 4403/4577/5046 4405/4580/5049 4400/4574/5043 
f 4376/4544/5013 4404/4578/5047 4371/4539/5008 
f 4244/4579/5048 4374/4542/5011 4369/4537/5006 
f 4400/4574/5043 4389/4558/5027 4406/4581/5050 
f 4400/4574/5043 4376/4582/5051 4394/4564/5033 
f 4406/4581/5050 4403/4577/5046 4400/4574/5043 
f 4389/4558/5027 4391/4560/5029 4406/4581/5050 
f 4372/4540/5009 4401/4575/5044 4227/4350/4819 
f 4218/4339/4808 4396/4567/5036 4407/4583/5052 
f 4401/4575/5044 4372/4540/5009 4399/4573/5042 
f 4381/4549/5018 4157/4275/4744 4379/4547/5016 
f 4408/4584/5053 4409/4585/5054 4210/4331/4800 
f 4211/4332/4801 4409/4585/5054 4410/4586/5055 
f 4411/4587/5056 4384/4553/5022 4408/4584/5053 
f 4158/4276/4745 4228/4351/4820 4159/4277/4746 
f 4247/4371/4840 4249/4373/4842 4412/4588/5057 
f 4380/4550/5019 4381/4549/5018 4413/4589/5058 
f 4391/4560/5029 4219/4340/4809 4406/4581/5050 
f 4402/4576/5045 4403/4577/5046 4406/4581/5050 
f 4267/4394/4863 4211/4332/4801 4410/4586/5055 
f 4388/4557/5026 4410/4586/5055 4409/4585/5054 
f 4412/4590/5059 4380/4550/5019 4413/4589/5058 
f 4383/4552/5021 4388/4557/5026 4384/4553/5022 
f 4210/4331/4800 4212/4333/4802 4408/4584/5053 
f 4411/4587/5056 4408/4584/5053 4249/4373/4842 
f 4407/4583/5052 4396/4567/5036 4402/4576/5045 
f 4374/4542/5011 4414/4591/5060 4386/4555/5024 
f 4413/4589/5058 4381/4549/5018 4378/4546/5015 
f 4414/4591/5060 4413/4589/5058 4386/4555/5024 
f 4378/4546/5015 4377/4545/5014 4386/4555/5024 
f 4381/4549/5018 4379/4547/5016 4378/4546/5015 
f 4368/4536/5005 4372/4540/5009 4226/4349/4818 
f 4372/4540/5009 4373/4541/5010 4399/4573/5042 
f 4219/4340/4809 4218/4339/4808 4407/4583/5052 
f 4219/4340/4809 4407/4583/5052 4406/4581/5050 
f 4226/4349/4818 4215/4336/4805 4375/4543/5012 
f 4393/4562/5031 4225/4348/4817 4214/4335/4804 
f 4373/4541/5010 4387/4556/5025 4399/4573/5042 
f 4157/4275/4744 4159/4277/4746 4379/4547/5016 
f 4405/4580/5049 4243/4367/4836 4404/4592/5061 
f 4241/4365/4834 4243/4367/4836 4405/4580/5049 
f 4384/4553/5022 4411/4587/5056 4382/4551/5020 
f 4243/4367/4836 4244/4368/4837 4404/4592/5061 
f 4400/4574/5043 4405/4580/5049 4376/4582/5051 
f 4404/4578/5047 4369/4537/5006 4371/4539/5008 
f 4403/4577/5046 4241/4365/4834 4405/4580/5049 
f 4405/4580/5049 4404/4592/5061 4376/4582/5051 
f 4384/4553/5022 4388/4557/5026 4409/4585/5054 
f 4401/4575/5044 4396/4567/5036 4227/4350/4819 
f 4407/4583/5052 4402/4576/5045 4406/4581/5050 
f 4396/4567/5036 4401/4575/5044 4402/4576/5045 
f 4377/4545/5014 4387/4556/5025 4386/4555/5024 
f 4212/4333/4802 4249/4373/4842 4408/4584/5053 
f 4370/4538/5007 4374/4542/5011 4386/4555/5024 
f 4387/4556/5025 4383/4552/5021 4399/4573/5042 
f 4160/4392/4861 4201/4322/4791 4224/4345/4814 
f 4160/4392/4861 4224/4345/4814 3969/4048/4517 
f 4196/4316/4785 4188/4308/4777 4199/4319/4788 
f 4201/4322/4791 4188/4308/4777 4224/4345/4814 
f 3991/4074/4543 3996/4079/4548 4190/4310/4779 
f 3991/4074/4543 4190/4310/4779 4185/4305/4774 
f 4198/4318/4787 4163/4281/4750 4165/4283/4752 
f 3996/4079/4548 4189/4309/4778 4190/4310/4779 
f 4160/4278/4747 3994/4077/4546 4201/4593/5062 
f 4199/4319/4788 4203/4324/4793 4213/4334/4803 
f 3973/4053/4522 3994/4077/4546 3974/4054/4523 
f 3994/4077/4546 3991/4074/4543 4201/4593/5062 
f 4183/4303/4772 4182/4302/4771 4194/4314/4783 
f 4201/4593/5062 3991/4074/4543 4182/4302/4771 
f 4182/4302/4771 3991/4074/4543 4185/4305/4774 
f 4182/4302/4771 4185/4305/4774 4194/4314/4783 
f 4209/4346/4815 4202/4323/4792 4184/4320/4789 
f 4188/4308/4777 4200/4321/4790 4199/4319/4788 
f 4184/4304/4773 4201/4593/5062 4182/4302/4771 
f 4202/4323/4792 4200/4321/4790 4184/4320/4789 
f 4263/4388/4857 4167/4285/4754 3925/4001/4470 
f 3924/4000/4469 4263/4388/4857 3925/4001/4470 
f 3924/4000/4469 3975/4055/4524 4152/4270/4739 
f 4263/4388/4857 3924/4000/4469 4152/4270/4739 
f 4247/4371/4840 4411/4587/5056 4249/4373/4842 
f 4409/4585/5054 4211/4332/4801 4210/4331/4800 
f 4242/4366/4835 4411/4587/5056 4245/4369/4838 
f 4384/4553/5022 4409/4585/5054 4408/4584/5053 
f 4246/4370/4839 4244/4368/4837 4245/4369/4838 
f 4411/4587/5056 4247/4371/4840 4245/4369/4838 
f 4197/4317/4786 4199/4319/4788 4213/4334/4803 
f 4198/4318/4787 4165/4283/4752 4151/4269/4738 
f 4244/4579/5048 4246/4594/5063 4374/4542/5011 
f 4414/4591/5060 4246/4594/5063 4412/4590/5059 
f 4402/4576/5045 4398/4572/5041 4403/4577/5046 
f 4246/4594/5063 4414/4591/5060 4374/4542/5011 
f 4412/4588/5057 4246/4370/4839 4247/4371/4840 
f 4249/4373/4842 4380/4548/5017 4412/4588/5057 
f 4413/4589/5058 4414/4591/5060 4412/4590/5059 
f 4413/4589/5058 4378/4546/5015 4386/4555/5024 
f 4216/4337/4806 4217/4338/4807 4214/4335/4804 
f 4216/4337/4806 4220/4341/4810 4218/4339/4808 
f 4395/4566/5035 4390/4559/5028 4397/4569/5038 
f 4397/4569/5038 4217/4338/4807 4392/4561/5030 
f 4395/4566/5035 4397/4569/5038 4392/4561/5030 
f 4217/4338/4807 4397/4568/5037 4214/4335/4804 
f 4218/4339/4808 4220/4341/4810 4396/4567/5036 
f 4227/4350/4819 4220/4341/4810 4215/4336/4805 
f 4221/4342/4811 4207/4328/4797 4267/4394/4863 
f 4385/4554/5023 4415/4595/5064 4267/4394/4863 
f 4267/4394/4863 4415/4595/5064 4221/4342/4811 
f 4410/4586/5055 4385/4554/5023 4267/4394/4863 
f 4379/4547/5016 4159/4277/4746 4385/4554/5023 
f 4411/4587/5056 4242/4366/4835 4382/4551/5020 
f 4228/4351/4820 4222/4343/4812 4415/4595/5064 
f 4410/4586/5055 4388/4557/5026 4377/4545/5014 
f 4159/4277/4746 4228/4351/4820 4415/4595/5064 
f 4415/4595/5064 4222/4343/4812 4221/4342/4811 
f 4385/4554/5023 4410/4586/5055 4377/4545/5014 
f 4159/4277/4746 4415/4595/5064 4385/4554/5023 
f 4161/4279/4748 4189/4309/4778 4166/4284/4753 
f 4150/4268/4737 4188/4308/4777 4196/4316/4785 
f 4392/4561/5030 4217/4338/4807 4219/4340/4809 
f 4137/4252/4721 4133/4248/4717 4367/4596/5065 
f 4137/4252/4721 4367/4596/5065 4366/4597/5066 
f 4367/4532/5001 4138/4255/4724 3922/3998/4467 
f 4133/4248/4717 4138/4254/4723 4367/4596/5065 
f 4362/4524/4993 4359/4520/4989 4366/4597/5066 
f 4137/4252/4721 4358/4519/4988 4134/4249/4718 
f 4358/4519/4988 4137/4252/4721 4366/4597/5066 
f 4359/4520/4989 4358/4519/4988 4366/4597/5066 
f 3780/3840/4309 3779/3839/4308 3785/4598/5067 
f 3796/3857/4326 3780/3840/4309 3785/4598/5067 
f 3829/3892/4361 3810/4179/4648 3833/3896/4365 
f 3781/3841/4310 3834/3897/4366 3782/3842/4311 
f 4059/4152/4621 3832/3895/4364 3825/3888/4357 
f 3828/3891/4360 4059/4152/4621 3825/3888/4357 
f 3773/3833/4302 3775/3835/4304 3828/3891/4360 
f 3825/3888/4357 3773/3833/4302 3828/3891/4360 
f 3783/3843/4312 3833/3896/4365 4059/4152/4621 
f 3828/3891/4360 3783/3843/4312 4059/4152/4621 
f 4096/4205/4674 3819/3882/4351 3817/3880/4349 
f 4096/4205/4674 3817/3880/4349 4061/4154/4623 
f 3837/3900/4369 4071/4167/4636 3836/3899/4368 
f 3782/3842/4311 3837/3900/4369 3836/3899/4368 
f 3829/3901/4370 3785/4598/5067 3779/3839/4308 
f 3811/3874/4343 3829/3901/4370 3779/3839/4308 
f 3930/4007/4476 3929/4006/4475 4248/4372/4841 
f 4260/4385/4854 3930/4007/4476 4248/4372/4841 
f 4260/4385/4854 4248/4372/4841 4167/4285/4754 
f 4263/4388/4857 4260/4385/4854 4167/4285/4754 
f 4277/4405/4874 4274/4402/4871 4271/4406/4875 
f 4272/4400/4869 4273/4599/5068 4283/4412/4881 
f 4283/4600/5069 4273/4401/4870 4275/4403/4872 
f 4274/4402/4871 4273/4401/4870 4271/4406/4875 
f 4301/4431/4900 4277/4405/4874 4278/4407/4876 
f 4271/4399/4868 4273/4599/5068 4272/4400/4869 
f 4280/4409/4878 4279/4408/4877 4354/4571/5040 
f 4280/4409/4878 4283/4600/5069 4275/4403/4872 
f 3780/3840/4309 3797/3859/4328 3781/3841/4310 
f 3773/3833/4302 3825/3888/4357 3827/3890/4359 
f 4276/4404/4873 4278/4570/5039 4271/4399/4868 
f 3787/3858/4327 3796/3857/4326 3785/4598/5067 
f 4110/4223/4692 4006/4089/4558 4265/4390/4859 
f 3981/4063/4532 4115/4393/4862 4265/4390/4859 
f 4317/4448/4917 4303/4433/4902 4285/4414/4883 
f 4289/4418/4887 4324/4464/4933 4317/4448/4917 
f 4416/4464/5070 4417/4418/5071 4418/4448/5072 
f 4419/4414/5073 4420/4433/5074 4418/4448/5072 
f 4421/4390/5075 4422/4393/5076 4423/4063/5077 
f 4421/4390/5075 4424/4089/5078 4425/4223/5079 
f 4426/4598/5080 4427/3857/5081 4428/3858/5082 
f 4429/4399/5083 4430/4570/5084 4431/4404/5085 
f 4432/3890/5086 4433/3888/5087 4434/3833/5088 
f 4435/3841/5089 4436/3859/5090 4437/3840/5091 
f 4438/4403/5092 4439/4600/5093 4440/4409/5094 
f 4441/4571/5095 4442/4408/5096 4440/4409/5094 
f 4443/4400/5097 4444/4599/5098 4429/4399/5083 
f 4430/4407/5099 4445/4405/5100 4446/4431/5101 
f 4429/4406/5102 4444/4401/5103 4447/4402/5104 
f 4438/4403/5092 4444/4401/5103 4439/4600/5093 
f 4439/4412/5105 4444/4599/5098 4443/4400/5097 
f 4429/4406/5102 4447/4402/5104 4445/4405/5100 
f 4448/4285/5106 4449/4385/5107 4450/4388/5108 
f 4448/4285/5106 4451/4372/5109 4449/4385/5107 
f 4451/4372/5109 4452/4007/5110 4449/4385/5107 
f 4451/4372/5109 4453/4006/5111 4452/4007/5110 
f 4454/3839/5112 4455/3901/5113 4456/3874/5114 
f 4454/3839/5112 4426/4598/5080 4455/3901/5113 
f 4457/3899/5115 4458/3900/5116 4459/3842/5117 
f 4457/3899/5115 4460/4167/5118 4458/3900/5116 
f 4461/4154/5119 4462/3880/5120 4463/4205/5121 
f 4462/3880/5120 4464/3882/5122 4463/4205/5121 
f 4465/4152/5123 4466/3843/5124 4467/3891/5125 
f 4465/4152/5123 4468/3896/5126 4466/3843/5124 
f 4467/3891/5125 4434/3833/5088 4433/3888/5087 
f 4467/3891/5125 4469/3835/5127 4434/3833/5088 
f 4433/3888/5087 4465/4152/5123 4467/3891/5125 
f 4433/3888/5087 4470/3895/5128 4465/4152/5123 
f 4459/3842/5117 4471/3897/5129 4435/3841/5089 
f 4468/3896/5126 4472/4179/5130 4455/3892/5131 
f 4426/4598/5080 4437/3840/5091 4427/3857/5081 
f 4426/4598/5080 4454/3839/5112 4437/3840/5091 
f 4473/4597/5132 4474/4519/5133 4475/4520/5134 
f 4473/4597/5132 4476/4252/5135 4474/4519/5133 
f 4477/4249/5136 4474/4519/5133 4476/4252/5135 
f 4473/4597/5132 4475/4520/5134 4478/4524/5137 
f 4479/4596/5138 4480/4254/5139 4481/4248/5140 
f 4482/3998/5141 4480/4255/5142 4479/4532/5143 
f 4473/4597/5132 4479/4596/5138 4476/4252/5135 
f 4479/4596/5138 4481/4248/5140 4476/4252/5135 
f 4483/4340/5144 4484/4338/5145 4485/4561/5146 
f 4486/4316/5147 4487/4308/5148 4488/4268/5149 
f 4489/4284/5150 4490/4309/5151 4491/4279/5152 
f 4492/4554/5153 4493/4595/5154 4494/4277/5155 
f 4495/4545/5156 4496/4586/5157 4492/4554/5153 
f 4497/4342/5158 4498/4343/5159 4493/4595/5154 
f 4493/4595/5154 4499/4351/5160 4494/4277/5155 
f 4495/4545/5156 4500/4557/5161 4496/4586/5157 
f 4493/4595/5154 4498/4343/5159 4499/4351/5160 
f 4501/4551/5162 4502/4366/5163 4503/4587/5164 
f 4492/4554/5153 4494/4277/5155 4504/4547/5165 
f 4505/4394/5166 4492/4554/5153 4496/4586/5157 
f 4497/4342/5158 4493/4595/5154 4505/4394/5166 
f 4505/4394/5166 4493/4595/5154 4492/4554/5153 
f 4505/4394/5166 4506/4328/5167 4497/4342/5158 
f 4507/4336/5168 4508/4341/5169 4509/4350/5170 
f 4510/4567/5171 4508/4341/5169 4511/4339/5172 
f 4512/4335/5173 4513/4568/5174 4484/4338/5145 
f 4485/4561/5146 4513/4569/5175 4514/4566/5176 
f 4485/4561/5146 4484/4338/5145 4513/4569/5175 
f 4513/4569/5175 4515/4559/5177 4514/4566/5176 
f 4511/4339/5172 4508/4341/5169 4516/4337/5178 
f 4512/4335/5173 4484/4338/5145 4516/4337/5178 
f 4517/4555/5179 4518/4546/5180 4519/4589/5181 
f 4520/4590/5182 4521/4591/5183 4519/4589/5181 
f 4520/4588/5184 4522/4548/5185 4523/4373/5186 
f 4524/4371/5187 4525/4370/5188 4520/4588/5184 
f 4526/4542/5189 4521/4591/5183 4525/4594/5190 
f 4527/4577/5191 4528/4572/5192 4529/4576/5193 
f 4520/4590/5182 4525/4594/5190 4521/4591/5183 
f 4526/4542/5189 4525/4594/5190 4530/4579/5194 
f 4531/4269/5195 4532/4283/5196 4533/4318/5197 
f 4534/4334/5198 4535/4319/5199 4536/4317/5200 
f 4537/4369/5201 4524/4371/5187 4503/4587/5164 
f 4537/4369/5201 4530/4368/5202 4525/4370/5188 
f 4538/4584/5203 4539/4585/5204 4540/4553/5205 
f 4537/4369/5201 4503/4587/5164 4502/4366/5163 
f 4541/4331/5206 4542/4332/5207 4539/4585/5204 
f 4523/4373/5186 4503/4587/5164 4524/4371/5187 
f 4543/4270/5208 4544/4000/5209 4450/4388/5108 
f 4543/4270/5208 4545/4055/5210 4544/4000/5209 
f 4546/4001/5211 4450/4388/5108 4544/4000/5209 
f 4546/4001/5211 4448/4285/5106 4450/4388/5108 
f 4547/4320/5212 4548/4321/5213 4549/4323/5214 
f 4550/4302/5215 4551/4593/5216 4547/4304/5217 
f 4535/4319/5199 4548/4321/5213 4487/4308/5148 
f 4547/4320/5212 4549/4323/5214 4552/4346/5218 
f 4553/4314/5219 4554/4305/5220 4550/4302/5215 
f 4554/4305/5220 4555/4074/5221 4550/4302/5215 
f 4550/4302/5215 4555/4074/5221 4551/4593/5216 
f 4553/4314/5219 4550/4302/5215 4556/4303/5222 
f 4551/4593/5216 4555/4074/5221 4557/4077/5223 
f 4558/4054/5224 4557/4077/5223 4559/4053/5225 
f 4534/4334/5198 4560/4324/5226 4535/4319/5199 
f 4551/4593/5216 4557/4077/5223 4561/4278/5227 
f 4562/4310/5228 4490/4309/5151 4563/4079/5229 
f 4532/4283/5196 4564/4281/5230 4533/4318/5197 
f 4554/4305/5220 4562/4310/5228 4555/4074/5221 
f 4562/4310/5228 4563/4079/5229 4555/4074/5221 
f 4565/4345/5231 4487/4308/5148 4551/4322/5232 
f 4535/4319/5199 4487/4308/5148 4486/4316/5147 
f 4566/4048/5233 4565/4345/5231 4561/4392/5234 
f 4565/4345/5231 4551/4322/5232 4561/4392/5234 
f 4567/4573/5235 4568/4552/5236 4569/4556/5237 
f 4517/4555/5179 4526/4542/5189 4570/4538/5238 
f 4538/4584/5203 4523/4373/5186 4571/4333/5239 
f 4517/4555/5179 4569/4556/5237 4495/4545/5156 
f 4529/4576/5193 4572/4575/5240 4510/4567/5171 
f 4573/4581/5241 4529/4576/5193 4574/4583/5242 
f 4509/4350/5170 4510/4567/5171 4572/4575/5240 
f 4539/4585/5204 4500/4557/5161 4540/4553/5205 
f 4575/4582/5243 4576/4592/5244 4577/4580/5245 
f 4577/4580/5245 4578/4365/5246 4527/4577/5191 
f 4579/4539/5247 4580/4537/5248 4576/4578/5249 
f 4575/4582/5243 4577/4580/5245 4581/4574/5250 
f 4576/4592/5244 4530/4368/5202 4582/4367/5251 
f 4501/4551/5162 4503/4587/5164 4540/4553/5205 
f 4577/4580/5245 4582/4367/5251 4578/4365/5246 
f 4576/4592/5244 4582/4367/5251 4577/4580/5245 
f 4504/4547/5165 4494/4277/5155 4583/4275/5252 
f 4567/4573/5235 4569/4556/5237 4584/4541/5253 
f 4512/4335/5173 4585/4348/5254 4586/4562/5255 
f 4587/4543/5256 4507/4336/5168 4588/4349/5257 
f 4573/4581/5241 4574/4583/5242 4483/4340/5144 
f 4574/4583/5242 4511/4339/5172 4483/4340/5144 
f 4567/4573/5235 4584/4541/5253 4589/4540/5258 
f 4588/4349/5257 4589/4540/5258 4590/4536/5259 
f 4518/4546/5180 4504/4547/5165 4591/4549/5260 
f 4517/4555/5179 4495/4545/5156 4518/4546/5180 
f 4517/4555/5179 4519/4589/5181 4521/4591/5183 
f 4518/4546/5180 4591/4549/5260 4519/4589/5181 
f 4517/4555/5179 4521/4591/5183 4526/4542/5189 
f 4529/4576/5193 4510/4567/5171 4574/4583/5242 
f 4523/4373/5186 4538/4584/5203 4503/4587/5164 
f 4538/4584/5203 4571/4333/5239 4541/4331/5206 
f 4540/4553/5205 4500/4557/5161 4568/4552/5236 
f 4519/4589/5181 4522/4550/5261 4520/4590/5182 
f 4539/4585/5204 4496/4586/5157 4500/4557/5161 
f 4496/4586/5157 4542/4332/5207 4505/4394/5166 
f 4573/4581/5241 4527/4577/5191 4529/4576/5193 
f 4573/4581/5241 4483/4340/5144 4592/4560/5262 
f 4519/4589/5181 4591/4549/5260 4522/4550/5261 
f 4520/4588/5184 4523/4373/5186 4524/4371/5187 
f 4494/4277/5155 4499/4351/5160 4593/4276/5263 
f 4538/4584/5203 4540/4553/5205 4503/4587/5164 
f 4496/4586/5157 4539/4585/5204 4542/4332/5207 
f 4541/4331/5206 4539/4585/5204 4538/4584/5203 
f 4504/4547/5165 4583/4275/5252 4591/4549/5260 
f 4567/4573/5235 4589/4540/5258 4572/4575/5240 
f 4574/4583/5242 4510/4567/5171 4511/4339/5172 
f 4509/4350/5170 4572/4575/5240 4589/4540/5258 
f 4573/4581/5241 4592/4560/5262 4594/4558/5264 
f 4581/4574/5250 4527/4577/5191 4573/4581/5241 
f 4595/4564/5265 4575/4582/5243 4581/4574/5250 
f 4573/4581/5241 4594/4558/5264 4581/4574/5250 
f 4580/4537/5248 4526/4542/5189 4530/4579/5194 
f 4579/4539/5247 4576/4578/5249 4575/4544/5266 
f 4581/4574/5250 4577/4580/5245 4527/4577/5191 
f 4580/4537/5248 4530/4579/5194 4576/4578/5249 
f 4529/4576/5193 4528/4572/5192 4567/4573/5235 
f 4568/4552/5236 4528/4572/5192 4501/4551/5162 
f 4527/4577/5191 4578/4365/5246 4528/4572/5192 
f 4529/4576/5193 4567/4573/5235 4572/4575/5240 
f 4501/4551/5162 4528/4572/5192 4578/4365/5246 
f 4595/4564/5265 4581/4574/5250 4594/4558/5264 
f 4568/4552/5236 4567/4573/5235 4528/4572/5192 
f 4501/4551/5162 4578/4365/5246 4502/4366/5163 
f 4596/4535/5267 4597/4187/5268 4598/4188/5269 
f 4482/3998/5141 4599/3996/5270 4600/4526/5271 
f 4601/4081/5272 4602/4086/5273 4603/4090/5274 
f 4604/4083/5275 4605/4246/5276 4606/4082/5277 
f 4607/4244/5278 4608/4247/5279 4609/4242/5280 
f 4608/4247/5279 4604/4083/5275 4609/4242/5280 
f 4610/4261/5281 4611/4256/5282 4612/4260/5283 
f 4613/4259/5284 4614/4533/5285 4610/4261/5281 
f 4615/4087/5286 4616/4088/5287 4617/4073/5288 
f 4617/4073/5288 4618/4084/5289 4619/4091/5290 
f 4424/4089/5078 4616/4088/5287 4620/4200/5291 
f 4621/4192/5292 4619/4091/5290 4618/4084/5289 
f 4622/4522/5293 4598/4188/5269 4623/4186/5294 
f 4605/4397/5295 4624/4257/5296 4625/4195/5297 
f 4597/4187/5268 4423/4514/5298 4626/4196/5299 
f 4627/4198/5300 4598/4188/5269 4622/4522/5293 
f 4628/4426/5301 4629/4502/5302 4630/4425/5303 
f 4628/4426/5301 4631/4512/5304 4629/4502/5302 
f 4632/4472/5305 4633/4445/5306 4634/4443/5307 
f 4635/4447/5308 4636/4420/5309 4637/4468/5310 
f 4638/4430/5311 4438/4403/5092 4442/4408/5096 
f 4639/4413/5312 4640/4410/5313 4641/4411/5314 
f 4441/4571/5095 4642/4429/5315 4442/4408/5096 
f 4643/4428/5316 4642/4429/5315 4441/4571/5095 
f 4629/4502/5302 4631/4512/5304 4644/4501/5317 
f 4645/4454/5318 4630/4425/5303 4629/4502/5302 
f 4446/4431/5101 4645/4454/5318 4646/4452/5319 
f 4430/4570/5084 4647/4436/5320 4431/4404/5085 
f 4648/4440/5321 4431/4404/5085 4647/4436/5320 
f 4649/4434/5322 4646/4435/5323 4650/4437/5324 
f 4430/4570/5084 4646/4435/5323 4647/4436/5320 
f 4648/4440/5321 4647/4436/5320 4651/4432/5325 
f 4500/4557/5161 4495/4545/5156 4569/4556/5237 
f 4652/4364/5326 4591/4549/5260 4583/4275/5252 
f 4588/4349/5257 4509/4350/5170 4589/4540/5258 
f 4587/4543/5256 4575/4544/5266 4595/4563/5327 
f 4585/4348/5254 4587/4543/5256 4595/4563/5327 
f 4585/4348/5254 4507/4336/5168 4587/4543/5256 
f 4513/4569/5175 4586/4565/5328 4515/4559/5177 
f 4512/4335/5173 4586/4562/5255 4513/4568/5174 
f 4592/4560/5262 4514/4566/5176 4515/4559/5177 
f 4586/4565/5328 4594/4558/5264 4515/4559/5177 
f 4510/4567/5171 4509/4350/5170 4508/4341/5169 
f 4592/4560/5262 4485/4561/5146 4514/4566/5176 
f 4586/4565/5328 4595/4564/5265 4594/4558/5264 
f 4585/4348/5254 4595/4563/5327 4586/4562/5255 
f 4592/4560/5262 4483/4340/5144 4485/4561/5146 
f 4592/4560/5262 4515/4559/5177 4594/4558/5264 
f 4570/4538/5238 4584/4541/5253 4569/4556/5237 
f 4500/4557/5161 4569/4556/5237 4568/4552/5236 
f 4584/4541/5253 4570/4538/5238 4590/4536/5259 
f 4570/4538/5238 4569/4556/5237 4517/4555/5179 
f 4504/4547/5165 4495/4545/5156 4492/4554/5153 
f 4540/4553/5205 4568/4552/5236 4501/4551/5162 
f 4652/4364/5326 4522/4550/5261 4591/4549/5260 
f 4652/4363/5329 4523/4373/5186 4522/4548/5185 
f 4504/4547/5165 4518/4546/5180 4495/4545/5156 
f 4579/4539/5247 4590/4536/5259 4580/4537/5248 
f 4587/4543/5256 4579/4539/5247 4575/4544/5266 
f 4587/4543/5256 4588/4349/5257 4579/4539/5247 
f 4570/4538/5238 4526/4542/5189 4580/4537/5248 
f 4584/4541/5253 4590/4536/5259 4589/4540/5258 
f 4579/4539/5247 4588/4349/5257 4590/4536/5259 
f 4570/4538/5238 4580/4537/5248 4590/4536/5259 
f 4615/4087/5286 4617/4073/5288 4619/4091/5290 
f 4626/4196/5299 4653/4059/5330 4654/4191/5331 
f 4655/4347/5332 4656/4326/5333 4571/4333/5239 
f 4478/4531/5334 4613/4259/5284 4657/3997/5335 
f 4658/4189/5336 4606/4202/5337 4605/4397/5295 
f 4658/4189/5336 4659/4194/5338 4660/4190/5339 
f 4661/4262/5340 4624/4257/5296 4608/4529/5341 
f 4607/4528/5342 4662/4527/5343 4661/4262/5340 
f 4617/4073/5288 4424/4089/5078 4663/4072/5344 
f 4610/4261/5281 4614/4533/5285 4664/4523/5345 
f 4618/4084/5289 4665/4085/5346 4627/4193/5347 
f 4603/4090/5274 4602/4086/5273 4621/4192/5292 
f 4666/4241/5348 4667/4239/5349 4475/4520/5134 
f 4668/4518/5350 4474/4519/5133 4477/4249/5136 
f 4667/4239/5349 4614/4525/5351 4478/4524/5137 
f 4666/4241/5348 4475/4520/5134 4668/4518/5350 
f 4596/4535/5267 4598/4188/5269 4665/4197/5352 
f 4622/4522/5293 4623/4186/5294 4660/4190/5339 
f 4669/4214/5353 4670/4232/5354 4671/4231/5355 
f 4621/4192/5292 4602/4086/5273 4619/4091/5290 
f 4654/4191/5331 4653/4059/5330 4672/4052/5356 
f 4673/4185/5357 4674/4057/5358 4675/4199/5359 
f 4616/4088/5287 4615/4087/5286 4676/4534/5360 
f 4610/4261/5281 4664/4523/5345 4677/4258/5361 
f 4676/4534/5360 4615/4087/5286 4601/4081/5272 
f 4677/4258/5361 4611/4256/5282 4610/4261/5281 
f 4616/4088/5287 4676/4534/5360 4675/4201/5362 
f 4675/4201/5362 4620/4200/5291 4616/4088/5287 
f 4597/4187/5268 4596/4535/5267 4423/4514/5298 
f 4661/4262/5340 4611/4256/5282 4624/4257/5296 
f 4623/4186/5294 4597/4187/5268 4654/4191/5331 
f 4676/4534/5360 4601/4081/5272 4606/4082/5277 
f 4613/4259/5284 4478/4531/5334 4614/4533/5285 
f 4659/4194/5338 4625/4195/5297 4624/4257/5296 
f 4482/3998/5141 4600/4526/5271 4480/4255/5142 
f 4482/3998/5141 4473/4530/5363 4657/3997/5335 
f 4613/4259/5284 4612/4260/5283 4599/3996/5270 
f 4612/4260/5283 4662/4527/5343 4599/3996/5270 
f 4482/3998/5141 4479/4532/5143 4473/4530/5363 
f 4613/4259/5284 4599/3996/5270 4657/3997/5335 
f 4612/4260/5283 4661/4262/5340 4662/4527/5343 
f 4478/4531/5334 4657/3997/5335 4473/4530/5363 
f 4678/4240/5364 4621/4192/5292 4627/4193/5347 
f 4678/4240/5364 4614/4525/5351 4667/4239/5349 
f 4677/4258/5361 4622/4522/5293 4660/4190/5339 
f 4664/4523/5345 4622/4522/5293 4677/4258/5361 
f 4679/4243/5365 4668/4518/5350 4477/4249/5136 
f 4677/4258/5361 4660/4190/5339 4659/4194/5338 
f 4605/4397/5295 4608/4529/5341 4624/4257/5296 
f 4661/4262/5340 4608/4529/5341 4607/4528/5342 
f 4607/4528/5342 4680/3994/5366 4662/4527/5343 
f 4679/4243/5365 4477/4249/5136 4681/4251/5367 
f 4599/3996/5270 4662/4527/5343 4682/3995/5368 
f 4682/3995/5368 4480/4255/5142 4600/4526/5271 
f 4682/3995/5368 4662/4527/5343 4680/3994/5366 
f 4599/3996/5270 4682/3995/5368 4600/4526/5271 
f 4678/4240/5364 4664/4521/5369 4614/4525/5351 
f 4667/4239/5349 4478/4524/5137 4475/4520/5134 
f 4664/4523/5345 4627/4198/5300 4622/4522/5293 
f 4678/4240/5364 4627/4193/5347 4664/4521/5369 
f 4668/4518/5350 4679/4243/5365 4609/4242/5280 
f 4680/4245/5370 4679/4243/5365 4681/4251/5367 
f 4668/4518/5350 4475/4520/5134 4474/4519/5133 
f 4668/4518/5350 4609/4242/5280 4666/4241/5348 
f 4683/4511/5371 4684/4476/5372 4670/4232/5354 
f 4685/4498/5373 4686/4471/5374 4687/4480/5375 
f 4686/4481/5376 4688/4439/5377 4689/4456/5378 
f 4418/4448/5072 4420/4433/5074 4635/4447/5308 
f 4690/4441/5379 4691/4226/5380 4688/4439/5377 
f 4692/4450/5381 4693/4499/5382 4694/4478/5383 
f 4695/4438/5384 4670/4232/5354 4684/4476/5372 
f 4631/4512/5304 4696/4458/5385 4644/4501/5317 
f 4631/4512/5304 4697/4460/5386 4696/4458/5385 
f 4698/4459/5387 4699/4515/5388 4696/4458/5385 
f 4700/4421/5389 4637/4468/5310 4636/4420/5309 
f 4633/4445/5306 4701/4470/5390 4698/4459/5387 
f 4702/4467/5391 4703/4444/5392 4697/4460/5386 
f 4636/4420/5309 4420/4433/5074 4704/4423/5393 
f 4703/4444/5392 4417/4466/5394 4416/4457/5395 
f 4701/4470/5390 4705/4513/5396 4698/4459/5387 
f 4706/4517/5397 4648/4440/5321 4651/4432/5325 
f 4707/4508/5398 4648/4440/5321 4706/4517/5397 
f 4441/4509/5399 4707/4508/5398 4706/4517/5397 
f 4706/4517/5397 4651/4432/5325 4708/4416/5400 
f 4708/4416/5400 4709/4417/5401 4643/4516/5402 
f 4710/4424/5403 4709/4427/5404 4628/4426/5301 
f 4707/4508/5398 4639/4413/5312 4648/4440/5321 
f 4708/4416/5400 4643/4516/5402 4706/4517/5397 
f 4710/4424/5403 4630/4425/5303 4638/4430/5311 
f 4638/4430/5311 4442/4408/5096 4642/4429/5315 
f 4698/4459/5387 4705/4513/5396 4699/4515/5388 
f 4699/4515/5388 4644/4501/5317 4696/4458/5385 
f 4649/4434/5322 4711/4415/5405 4651/4432/5325 
f 4441/4509/5399 4706/4517/5397 4643/4516/5402 
f 4699/4515/5388 4650/4453/5406 4644/4501/5317 
f 4649/4434/5322 4651/4432/5325 4647/4436/5320 
f 4712/4024/5407 4713/3999/5408 4714/4056/5409 
f 4715/4497/5410 4716/4207/5411 4717/4038/5412 
f 4717/4038/5412 4718/4039/5413 4685/4498/5373 
f 4717/4038/5412 4685/4498/5373 4715/4497/5410 
f 4712/4024/5407 4714/4056/5409 4719/4238/5414 
f 4716/4207/5411 4720/4040/5415 4717/4038/5412 
f 4715/4497/5410 4721/4017/5416 4716/4207/5411 
f 4422/4229/5417 4626/4196/5299 4423/4514/5298 
f 4709/4427/5404 4417/4466/5394 4628/4426/5301 
f 4419/4414/5073 4709/4417/5401 4708/4416/5400 
f 4701/4470/5390 4700/4461/5418 4705/4513/5396 
f 4702/4467/5391 4697/4460/5386 4631/4512/5304 
f 4691/4226/5380 4722/4227/5419 4671/4231/5355 
f 4633/4445/5306 4697/4460/5386 4703/4444/5392 
f 4697/4460/5386 4633/4445/5306 4698/4459/5387 
f 4628/4426/5301 4702/4467/5391 4631/4512/5304 
f 4683/4511/5371 4693/4475/5420 4684/4476/5372 
f 4447/4402/5104 4638/4430/5311 4445/4405/5100 
f 4723/4442/5421 4724/4044/5422 4691/4226/5380 
f 4670/4232/5354 4725/4212/5423 4683/4511/5371 
f 4441/4509/5399 4440/4510/5424 4640/4410/5313 
f 4439/4412/5105 4640/4410/5313 4440/4510/5424 
f 4639/4413/5312 4707/4508/5398 4640/4410/5313 
f 4441/4509/5399 4640/4410/5313 4707/4508/5398 
f 4685/4498/5373 4690/4496/5425 4686/4471/5374 
f 4686/4471/5374 4726/4463/5426 4687/4480/5375 
f 4694/4478/5383 4727/4182/5427 4728/4479/5428 
f 4727/4182/5427 4693/4499/5382 4683/4016/5429 
f 4728/4479/5428 4727/4182/5427 4721/4017/5416 
f 4687/4480/5375 4729/4477/5430 4728/4479/5428 
f 4715/4497/5410 4685/4498/5373 4687/4480/5375 
f 4728/4479/5428 4721/4017/5416 4715/4497/5410 
f 4730/3954/5431 4731/4002/5432 4732/3956/5433 
f 4733/4506/5434 4734/3921/5435 4735/3927/5436 
f 4736/3853/5437 4546/4001/5211 4737/3871/5438 
f 4736/3853/5437 4738/4377/5439 4546/4001/5211 
f 4739/3966/5440 4740/3963/5441 4741/3965/5442 
f 4740/3963/5441 4742/3957/5443 4741/3965/5442 
f 4743/3961/5444 4744/3952/5445 4745/3960/5446 
f 4746/4362/5447 4743/3961/5444 4747/3959/5448 
f 4733/4506/5434 4748/3946/5449 4734/3921/5435 
f 4734/3921/5435 4749/3968/5450 4750/3920/5451 
f 4733/4506/5434 4751/3974/5452 4752/3989/5453 
f 4753/3936/5454 4754/3992/5455 4755/3985/5456 
f 4756/3948/5457 4752/3989/5453 4757/4357/5458 
f 4758/4482/5459 4759/3947/5460 4760/3986/5461 
f 4759/3947/5460 4756/3948/5457 4761/3987/5462 
f 4756/3948/5457 4757/4357/5458 4761/3987/5462 
f 4742/3957/5443 4762/4003/5463 4730/3954/5431 
f 4763/4487/5464 4764/3955/5465 4765/4485/5466 
f 4766/4068/5467 4767/4500/5468 4739/4493/5469 
f 4768/3984/5470 4769/3983/5471 4766/4068/5467 
f 4770/4359/5472 4771/4484/5473 4772/4491/5474 
f 4771/3977/5475 4744/3952/5445 4772/4490/5476 
f 4773/4507/5477 4753/3936/5454 4774/4361/5478 
f 4775/4504/5479 4745/3960/5446 4771/3977/5475 
f 4776/3951/5480 4743/3961/5444 4777/3950/5481 
f 4778/3980/5482 4779/3949/5483 4777/3950/5481 
f 4772/4490/5476 4744/3952/5445 4780/3953/5484 
f 4770/4359/5472 4772/4491/5474 4781/4488/5485 
f 4775/4358/5486 4782/4360/5487 4757/4357/5458 
f 4773/4507/5477 4774/4361/5478 4775/4504/5479 
f 4782/4360/5487 4775/4358/5486 4771/4484/5473 
f 4783/4354/5488 4770/4359/5472 4763/4487/5464 
f 4742/3957/5443 4784/3962/5489 4762/4003/5463 
f 4756/3948/5457 4748/3946/5449 4733/4506/5434 
f 4773/3990/5490 4757/4357/5458 4752/3989/5453 
f 4746/4362/5447 4777/3950/5481 4743/3961/5444 
f 4754/3988/5491 4752/3989/5453 4751/3974/5452 
f 4733/4506/5434 4752/3989/5453 4756/3948/5457 
f 4731/3981/5492 4785/4492/5493 4786/3979/5494 
f 4754/3988/5491 4751/3974/5452 4787/4505/5495 
f 4780/3953/5484 4776/3951/5480 4788/3982/5496 
f 4753/3936/5454 4773/4507/5477 4754/3992/5455 
f 4751/3974/5452 4733/4506/5434 4735/3927/5436 
f 4789/3928/5497 4787/4505/5495 4751/3974/5452 
f 4790/3975/5498 4787/3991/5499 4791/3971/5500 
f 4755/3985/5456 4787/3991/5499 4790/3975/5498 
f 4789/3928/5497 4791/3934/5501 4787/4505/5495 
f 4790/3975/5498 4791/3971/5500 4792/3924/5502 
f 4793/3941/5503 4794/3940/5504 4795/3939/5505 
f 4775/4504/5479 4774/4361/5478 4745/3960/5446 
f 4758/4482/5459 4796/3969/5506 4759/3947/5460 
f 4796/3945/5507 4797/3943/5508 4794/3940/5504 
f 4746/4362/5447 4798/3938/5509 4799/4503/5510 
f 4800/4483/5511 4801/4356/5512 4765/4485/5466 
f 4758/3944/5513 4799/4503/5510 4798/3938/5509 
f 4746/4362/5447 4799/4503/5510 4800/4486/5514 
f 4802/3937/5515 4774/4361/5478 4753/3936/5454 
f 4782/4360/5487 4761/3987/5462 4757/4357/5458 
f 4747/3959/5448 4745/3960/5446 4774/4361/5478 
f 4798/3938/5509 4803/3935/5516 4797/3943/5508 
f 4763/4487/5464 4765/4485/5466 4801/4356/5512 
f 4758/3944/5513 4798/3938/5509 4797/3943/5508 
f 4782/4360/5487 4783/4354/5488 4761/3987/5462 
f 4763/4487/5464 4801/4356/5512 4783/4354/5488 
f 4804/4071/5517 4805/4064/5518 4806/4264/5519 
f 4800/4486/5514 4777/3950/5481 4746/4362/5447 
f 4762/4003/5463 4807/4263/5520 4808/4495/5521 
f 4806/4264/5519 4809/4065/5522 4807/4263/5520 
f 4645/4454/5318 4644/4501/5317 4650/4453/5406 
f 4629/4502/5302 4644/4501/5317 4645/4454/5318 
f 4632/4472/5305 4729/4477/5430 4726/4463/5426 
f 4416/4457/5395 4634/4443/5307 4703/4444/5392 
f 4804/4071/5517 4810/4080/5523 4805/4064/5518 
f 4784/3962/5489 4804/4071/5517 4806/4264/5519 
f 4806/4264/5519 4805/4064/5518 4809/4065/5522 
f 4762/4003/5463 4808/4495/5521 4731/4002/5432 
f 4804/4071/5517 4811/4069/5524 4810/4080/5523 
f 4766/4068/5467 4739/4493/5469 4768/3984/5470 
f 4811/4067/5525 4767/4500/5468 4766/4068/5467 
f 4779/3949/5483 4788/3982/5496 4776/3951/5480 
f 4727/4182/5427 4694/4478/5383 4693/4499/5382 
f 4812/4446/5526 4692/4474/5527 4813/4465/5528 
f 4812/4446/5526 4814/4473/5529 4692/4474/5527 
f 4813/4465/5528 4418/4448/5072 4812/4446/5526 
f 4691/4226/5380 4671/4231/5355 4688/4439/5377 
f 4639/4413/5312 4443/4400/5097 4815/4398/5530 
f 4636/4420/5309 4635/4447/5308 4420/4433/5074 
f 4628/4426/5301 4417/4466/5394 4702/4467/5391 
f 4689/4456/5378 4816/4455/5531 4637/4468/5310 
f 4692/4450/5381 4694/4478/5383 4817/4449/5532 
f 4816/4455/5531 4695/4438/5384 4684/4476/5372 
f 4816/4455/5531 4812/4446/5526 4635/4447/5308 
f 4690/4496/5425 4685/4498/5373 4718/4039/5413 
f 4715/4497/5410 4687/4480/5375 4728/4479/5428 
f 4688/4439/5377 4695/4438/5384 4689/4456/5378 
f 4690/4496/5425 4718/4039/5413 4723/4396/5533 
f 4807/4263/5520 4818/4266/5534 4808/4495/5521 
f 4806/4264/5519 4762/4003/5463 4784/3962/5489 
f 4819/4395/5535 4820/4022/5536 4821/4034/5537 
f 4819/4395/5535 4818/4266/5534 4809/4065/5522 
f 4819/4395/5535 4822/4494/5538 4818/4266/5534 
f 4819/4395/5535 4821/4034/5537 4822/4494/5538 
f 4823/4066/5539 4805/4064/5518 4810/4080/5523 
f 4811/4067/5525 4724/4044/5422 4723/4442/5421 
f 4824/4014/5540 4785/4492/5493 4808/4265/5541 
f 4825/3976/5542 4826/3916/5543 4793/3941/5503 
f 4768/3984/5470 4739/4493/5469 4827/4489/5544 
f 4768/3984/5470 4827/4489/5544 4780/3953/5484 
f 4731/3981/5492 4808/4265/5541 4785/4492/5493 
f 4755/3985/5456 4803/3935/5516 4753/3936/5454 
f 4786/3979/5494 4785/4492/5493 4769/3983/5471 
f 4824/4014/5540 4769/3983/5471 4785/4492/5493 
f 4828/3958/5545 4781/4488/5485 4741/3965/5442 
f 4781/4488/5485 4763/4487/5464 4770/4359/5472 
f 4765/4485/5466 4764/3955/5465 4778/3967/5546 
f 4828/3958/5545 4741/3965/5442 4742/3957/5443 
f 4781/4488/5485 4772/4491/5474 4827/3964/5547 
f 4772/4490/5476 4780/3953/5484 4827/4489/5544 
f 4781/4488/5485 4828/3958/5545 4763/4487/5464 
f 4781/4488/5485 4827/3964/5547 4741/3965/5442 
f 4763/4487/5464 4828/3958/5545 4764/3955/5465 
f 4828/3958/5545 4730/3954/5431 4764/3955/5465 
f 4800/4486/5514 4778/3980/5482 4777/3950/5481 
f 4765/4485/5466 4778/3967/5546 4800/4483/5511 
f 4783/4354/5488 4801/4356/5512 4760/3986/5461 
f 4782/4360/5487 4771/4484/5473 4770/4359/5472 
f 4800/4483/5511 4799/4355/5548 4801/4356/5512 
f 4760/3986/5461 4799/4355/5548 4758/4482/5459 
f 4816/4455/5531 4814/4473/5529 4812/4446/5526 
f 4813/4451/5549 4817/4449/5532 4634/4443/5307 
f 4645/4454/5318 4446/4431/5101 4630/4425/5303 
f 4635/4447/5308 4637/4468/5310 4816/4455/5531 
f 4686/4481/5376 4689/4456/5378 4829/4469/5550 
f 4690/4441/5379 4688/4439/5377 4686/4481/5376 
f 4687/4480/5375 4726/4463/5426 4729/4477/5430 
f 4694/4478/5383 4728/4479/5428 4729/4477/5430 
f 4693/4475/5420 4814/4473/5529 4684/4476/5372 
f 4817/4449/5532 4729/4477/5430 4632/4472/5305 
f 4633/4445/5306 4632/4472/5305 4701/4470/5390 
f 4632/4472/5305 4726/4463/5426 4701/4470/5390 
f 4817/4449/5532 4694/4478/5383 4729/4477/5430 
f 4816/4455/5531 4684/4476/5372 4814/4473/5529 
f 4693/4475/5420 4692/4474/5527 4814/4473/5529 
f 4632/4472/5305 4634/4443/5307 4817/4449/5532 
f 4686/4471/5374 4829/4462/5551 4726/4463/5426 
f 4726/4463/5426 4700/4461/5418 4701/4470/5390 
f 4829/4469/5550 4689/4456/5378 4637/4468/5310 
f 4829/4469/5550 4637/4468/5310 4700/4421/5389 
f 4643/4428/5316 4710/4424/5403 4642/4429/5315 
f 4702/4467/5391 4417/4466/5394 4703/4444/5392 
f 4419/4414/5073 4711/4415/5405 4420/4433/5074 
f 4813/4465/5528 4416/4464/5070 4418/4448/5072 
f 4726/4463/5426 4829/4462/5551 4700/4461/5418 
f 4697/4460/5386 4698/4459/5387 4696/4458/5385 
f 4416/4457/5395 4813/4451/5549 4634/4443/5307 
f 4418/4448/5072 4417/4418/5071 4419/4414/5073 
f 4447/4402/5104 4438/4403/5092 4638/4430/5311 
f 4630/4425/5303 4445/4405/5100 4638/4430/5311 
f 4648/4440/5321 4639/4413/5312 4815/4398/5530 
f 4446/4431/5101 4646/4452/5319 4430/4407/5099 
f 4689/4456/5378 4695/4438/5384 4816/4455/5531 
f 4645/4454/5318 4650/4453/5406 4646/4452/5319 
f 4813/4451/5549 4692/4450/5381 4817/4449/5532 
f 4418/4448/5072 4635/4447/5308 4812/4446/5526 
f 4695/4438/5384 4671/4231/5355 4670/4232/5354 
f 4633/4445/5306 4703/4444/5392 4634/4443/5307 
f 4723/4442/5421 4691/4226/5380 4690/4441/5379 
f 4648/4440/5321 4815/4398/5530 4431/4404/5085 
f 4688/4439/5377 4671/4231/5355 4695/4438/5384 
f 4699/4422/5552 4649/4434/5322 4650/4437/5324 
f 4649/4434/5322 4647/4436/5320 4646/4435/5323 
f 4704/4423/5393 4711/4415/5405 4649/4434/5322 
f 4699/4422/5552 4704/4423/5393 4649/4434/5322 
f 4704/4423/5393 4420/4433/5074 4711/4415/5405 
f 4708/4416/5400 4651/4432/5325 4711/4415/5405 
f 4704/4423/5393 4705/4419/5553 4636/4420/5309 
f 4630/4425/5303 4446/4431/5101 4445/4405/5100 
f 4710/4424/5403 4638/4430/5311 4642/4429/5315 
f 4710/4424/5403 4643/4428/5316 4709/4427/5404 
f 4628/4426/5301 4630/4425/5303 4710/4424/5403 
f 4704/4423/5393 4699/4422/5552 4705/4419/5553 
f 4700/4421/5389 4636/4420/5309 4705/4419/5553 
f 4419/4414/5073 4417/4418/5071 4709/4417/5401 
f 4708/4416/5400 4711/4415/5405 4419/4414/5073 
f 4639/4413/5312 4641/4411/5314 4443/4400/5097 
f 4439/4412/5105 4443/4400/5097 4641/4411/5314 
f 4439/4412/5105 4641/4411/5314 4640/4410/5313 
f 4438/4403/5092 4440/4409/5094 4442/4408/5096 
f 4430/4407/5099 4429/4406/5102 4445/4405/5100 
f 4429/4399/5083 4431/4404/5085 4815/4398/5530 
f 4438/4403/5092 4447/4402/5104 4444/4401/5103 
f 4443/4400/5097 4429/4399/5083 4815/4398/5530 
f 4499/4351/5160 4553/4314/5219 4556/4303/5222 
f 4830/4035/5554 4810/4080/5523 4720/4040/5415 
f 4658/4189/5336 4605/4397/5295 4625/4195/5297 
f 4831/3898/5555 4712/4024/5407 4832/4180/5556 
f 4718/4039/5413 4810/4080/5523 4811/4069/5524 
f 4820/4022/5536 4819/4395/5535 4823/4066/5539 
f 4718/4039/5413 4811/4069/5524 4723/4396/5533 
f 4823/4066/5539 4819/4395/5535 4809/4065/5522 
f 4820/4022/5536 4823/4066/5539 4833/4029/5557 
f 4834/4234/5558 4835/4036/5559 4719/4238/5414 
f 4836/4045/5560 4834/4234/5558 4837/4237/5561 
f 4838/4030/5562 4839/4235/5563 4824/4014/5540 
f 4824/4014/5540 4839/4235/5563 4769/3983/5471 
f 4840/4230/5564 4841/4058/5565 4653/4059/5330 
f 4842/4217/5566 4843/4046/5567 4841/4058/5565 
f 4844/4225/5568 4842/4217/5566 4841/4058/5565 
f 4840/4230/5564 4653/4059/5330 4626/4196/5299 
f 4716/4207/5411 4845/4215/5569 4720/4040/5415 
f 4846/4209/5570 4842/4217/5566 4844/4225/5568 
f 4847/4210/5571 4848/4344/5572 4849/4218/5573 
f 4848/4344/5572 4847/4210/5571 4850/4233/5574 
f 4851/4208/5575 4845/4215/5569 4716/4207/5411 
f 4852/4206/5576 4721/4017/5416 4725/4015/5577 
f 4505/4394/5166 4542/4332/5207 4506/4328/5167 
f 4541/4331/5206 4656/4326/5333 4853/4327/5578 
f 4854/4221/5579 4425/4223/5079 4855/4049/5580 
f 4421/4390/5075 4856/4222/5581 4857/4228/5582 
f 4856/4222/5581 4858/4216/5583 4859/4220/5584 
f 4421/4390/5075 4857/4228/5582 4422/4393/5076 
f 4421/4390/5075 4663/4072/5344 4424/4089/5078 
f 4620/4200/5291 4425/4223/5079 4424/4089/5078 
f 4843/4046/5567 4672/4052/5356 4653/4059/5330 
f 4421/4390/5075 4423/4063/5077 4663/4072/5344 
f 4845/4215/5569 4860/4041/5585 4861/4042/5586 
f 4850/4233/5574 4836/4045/5560 4837/4237/5561 
f 4845/4215/5569 4861/4042/5586 4720/4040/5415 
f 4848/4344/5572 4850/4233/5574 4862/4267/5587 
f 4863/4391/5588 4864/4236/5589 4836/4045/5560 
f 4850/4233/5574 4719/4238/5414 4714/4056/5409 
f 4722/4227/5419 4864/4236/5589 4863/4391/5588 
f 4863/4391/5588 4836/4045/5560 4847/4210/5571 
f 4865/4037/5590 4866/4076/5591 4563/4079/5229 
f 4867/4311/5592 4490/4309/5151 4562/4310/5228 
f 4868/4078/5593 4854/4221/5579 4559/4053/5225 
f 4845/4215/5569 4868/4078/5593 4869/4075/5594 
f 4536/4317/5200 4870/4313/5595 4871/4325/5596 
f 4871/4325/5596 4872/4306/5597 4873/4307/5598 
f 4867/4311/5592 4491/4279/5152 4490/4309/5151 
f 4536/4317/5200 4871/4325/5596 4534/4334/5198 
f 4849/4218/5573 4565/4345/5231 4566/4048/5233 
f 4566/4048/5233 4561/4392/5234 4558/4060/5599 
f 4845/4215/5569 4858/4216/5583 4868/4078/5593 
f 4849/4218/5573 4566/4048/5233 4842/4217/5566 
f 4557/4077/5223 4555/4074/5221 4869/4075/5594 
f 4862/4267/5587 4714/4056/5409 4545/4055/5210 
f 4557/4077/5223 4869/4075/5594 4868/4078/5593 
f 4844/4225/5568 4859/4219/5600 4846/4209/5570 
f 4851/4211/5601 4852/4213/5602 4863/4391/5588 
f 4722/4227/5419 4863/4391/5588 4669/4214/5353 
f 4669/4214/5353 4863/4391/5588 4852/4213/5602 
f 4851/4211/5601 4863/4391/5588 4847/4210/5571 
f 4854/4221/5579 4868/4078/5593 4858/4216/5583 
f 4425/4223/5079 4856/4222/5581 4421/4390/5075 
f 4850/4233/5574 4837/4237/5561 4719/4238/5414 
f 4854/4221/5579 4858/4216/5583 4856/4222/5581 
f 4874/3854/5603 4875/3848/5604 4876/3849/5605 
f 4877/3850/5606 4878/3869/5607 4876/3849/5605 
f 4436/3859/5090 4879/4290/5608 4880/3860/5609 
f 4881/3972/5610 4736/3853/5437 4882/3863/5611 
f 4882/3863/5611 4874/3854/5603 4883/3973/5612 
f 4877/3850/5606 4884/3855/5613 4885/3870/5614 
f 4886/4375/5615 4887/4386/5616 4888/4387/5617 
f 4888/4387/5617 4889/4382/5618 4890/4380/5619 
f 4883/3973/5612 4891/4389/5620 4892/4384/5621 
f 4883/3973/5612 4874/3854/5603 4891/4389/5620 
f 4893/3838/5622 4894/4379/5623 4895/3837/5624 
f 4883/3973/5612 4896/4383/5625 4881/3972/5610 
f 4897/4301/5626 4898/4293/5627 4899/4295/5628 
f 4546/4001/5211 4738/4377/5439 4900/4286/5629 
f 4874/3854/5603 4876/3849/5605 4891/4389/5620 
f 4901/3834/5630 4902/3844/5631 4903/3846/5632 
f 4886/4375/5615 4904/4376/5633 4887/4386/5616 
f 4886/4375/5615 4905/3866/5634 4904/4376/5633 
f 4904/4376/5633 4889/4382/5618 4887/4386/5616 
f 4904/4376/5633 4906/4296/5635 4889/4382/5618 
f 4879/4290/5608 4907/3886/5636 4893/3861/5637 
f 4879/4290/5608 4908/3885/5638 4907/3886/5636 
f 4909/3867/5639 4910/4292/5640 4897/4301/5626 
f 4909/3867/5639 4911/3868/5641 4910/4292/5640 
f 4904/4376/5633 4899/4295/5628 4906/4296/5635 
f 4904/4376/5633 4897/4301/5626 4899/4295/5628 
f 4912/4374/5642 4913/4297/5643 4894/4298/5644 
f 4913/4297/5643 4886/4375/5615 4888/4387/5617 
f 4881/3972/5610 4738/4377/5439 4736/3853/5437 
f 4830/4035/5554 4861/4042/5586 4914/4031/5645 
f 4450/4388/5108 4531/4269/5195 4543/4270/5208 
f 4450/4388/5108 4449/4385/5107 4531/4269/5195 
f 4912/4374/5642 4886/4375/5615 4913/4297/5643 
f 4888/4387/5617 4887/4386/5616 4889/4382/5618 
f 4915/4273/5646 4894/4379/5623 4916/4272/5647 
f 4907/3886/5636 4912/4374/5642 4894/4298/5644 
f 4448/4285/5106 4917/4294/5648 4451/4372/5109 
f 4448/4285/5106 4900/4286/5629 4917/4294/5648 
f 4900/4286/5629 4906/4296/5635 4917/4294/5648 
f 4900/4286/5629 4918/4378/5649 4906/4296/5635 
f 4919/4005/5650 4489/4284/5150 4920/4291/5651 
f 4921/4352/5652 4920/4291/5651 4922/4353/5653 
f 4449/4385/5107 4532/4283/5196 4531/4269/5195 
f 4449/4385/5107 4452/4007/5110 4532/4283/5196 
f 4892/4384/5621 4896/4383/5625 4883/3973/5612 
f 4896/4383/5625 4918/4378/5649 4881/3972/5610 
f 4890/4380/5619 4896/4383/5625 4892/4384/5621 
f 4890/4380/5619 4923/4381/5654 4896/4383/5625 
f 4889/4382/5618 4918/4378/5649 4923/4381/5654 
f 4889/4382/5618 4906/4296/5635 4918/4378/5649 
f 4896/4383/5625 4923/4381/5654 4918/4378/5649 
f 4889/4382/5618 4923/4381/5654 4890/4380/5619 
f 4885/3870/5614 4895/3837/5624 4915/4273/5646 
f 4915/4273/5646 4895/3837/5624 4894/4379/5623 
f 4918/4378/5649 4738/4377/5439 4881/3972/5610 
f 4918/4378/5649 4900/4286/5629 4738/4377/5439 
f 4897/4301/5626 4905/3866/5634 4909/3867/5639 
f 4897/4301/5626 4904/4376/5633 4905/3866/5634 
f 4912/4374/5642 4905/3866/5634 4886/4375/5615 
f 4912/4374/5642 4907/3886/5636 4905/3866/5634 
f 4924/3864/5655 4921/4352/5652 4925/4287/5656 
f 4926/4289/5657 4920/4291/5651 4927/4288/5658 
f 4922/4353/5653 4928/4008/5659 4929/4009/5660 
f 4921/4352/5652 4922/4353/5653 4925/4287/5656 
f 4907/3886/5636 4894/4298/5644 4893/3861/5637 
f 4652/4363/5329 4571/4333/5239 4523/4373/5186 
f 4853/4327/5578 4506/4328/5167 4542/4332/5207 
f 4655/4329/5661 4583/4275/5252 4593/4276/5263 
f 4911/3868/5641 4925/4287/5656 4929/4009/5660 
f 4922/4353/5653 4929/4009/5660 4925/4287/5656 
f 4898/4293/5627 4453/4006/5111 4451/4372/5109 
f 4911/3868/5641 4929/4009/5660 4910/4292/5640 
f 4898/4293/5627 4451/4372/5109 4917/4294/5648 
f 4924/3864/5655 4927/4288/5658 4921/4352/5652 
f 4930/4282/5662 4928/4008/5659 4922/4353/5653 
f 4931/4280/5663 4920/4291/5651 4489/4284/5150 
f 4582/4367/5251 4537/4369/5201 4502/4366/5163 
f 4524/4371/5187 4537/4369/5201 4525/4370/5188 
f 4537/4369/5201 4582/4367/5251 4530/4368/5202 
f 4582/4367/5251 4502/4366/5163 4578/4365/5246 
f 4655/4329/5661 4652/4364/5326 4583/4275/5252 
f 4655/4347/5332 4571/4333/5239 4652/4363/5329 
f 4798/3938/5509 4746/4362/5447 4747/3959/5448 
f 4747/3959/5448 4774/4361/5478 4802/3937/5515 
f 4783/4354/5488 4782/4360/5487 4770/4359/5472 
f 4775/4358/5486 4757/4357/5458 4773/3990/5490 
f 4760/3986/5461 4801/4356/5512 4799/4355/5548 
f 4783/4354/5488 4760/3986/5461 4761/3987/5462 
f 4553/4314/5219 4499/4351/5160 4498/4343/5159 
f 4497/4342/5158 4873/4307/5598 4498/4343/5159 
f 4932/4271/5664 4488/4268/5149 4543/4270/5208 
f 4531/4269/5195 4533/4318/5197 4932/4271/5664 
f 4930/4282/5662 4532/4283/5196 4452/4007/5110 
f 4930/4282/5662 4922/4353/5653 4931/4280/5663 
f 4931/4280/5663 4922/4353/5653 4920/4291/5651 
f 4920/4291/5651 4921/4352/5652 4927/4288/5658 
f 4499/4351/5160 4556/4303/5222 4593/4276/5263 
f 4507/4336/5168 4509/4350/5170 4588/4349/5257 
f 4620/4200/5291 4855/4049/5580 4425/4223/5079 
f 4585/4348/5254 4512/4335/5173 4507/4336/5168 
f 4656/4326/5333 4655/4347/5332 4552/4346/5218 
f 4560/4324/5226 4548/4321/5213 4535/4319/5199 
f 4593/4276/5263 4556/4303/5222 4552/4330/5665 
f 4656/4326/5333 4552/4346/5218 4549/4323/5214 
f 4848/4344/5572 4487/4308/5148 4565/4345/5231 
f 4869/4075/5594 4860/4041/5585 4845/4215/5569 
f 4869/4075/5594 4866/4076/5591 4860/4041/5585 
f 4848/4344/5572 4565/4345/5231 4849/4218/5573 
f 4919/4005/5650 4865/4037/5590 4489/4284/5150 
f 4860/4041/5585 4866/4076/5591 4865/4037/5590 
f 4865/4037/5590 4563/4079/5229 4489/4284/5150 
f 4862/4267/5587 4487/4308/5148 4848/4344/5572 
f 4497/4342/5158 4506/4328/5167 4534/4334/5198 
f 4553/4314/5219 4498/4343/5159 4873/4307/5598 
f 4497/4342/5158 4871/4325/5596 4873/4307/5598 
f 4497/4342/5158 4534/4334/5198 4871/4325/5596 
f 4516/4337/5178 4508/4341/5169 4507/4336/5168 
f 4511/4339/5172 4516/4337/5178 4484/4338/5145 
f 4483/4340/5144 4511/4339/5172 4484/4338/5145 
f 4516/4337/5178 4507/4336/5168 4512/4335/5173 
f 4547/4304/5217 4552/4330/5665 4556/4303/5222 
f 4506/4328/5167 4560/4324/5226 4534/4334/5198 
f 4541/4331/5206 4571/4333/5239 4656/4326/5333 
f 4853/4327/5578 4542/4332/5207 4541/4331/5206 
f 4549/4323/5214 4560/4324/5226 4853/4327/5578 
f 4593/4276/5263 4552/4330/5665 4655/4329/5661 
f 4506/4328/5167 4853/4327/5578 4560/4324/5226 
f 4549/4323/5214 4853/4327/5578 4656/4326/5333 
f 4933/4312/5666 4870/4313/5595 4536/4317/5200 
f 4491/4279/5152 4933/4312/5666 4564/4281/5230 
f 4871/4325/5596 4870/4313/5595 4872/4306/5597 
f 4933/4312/5666 4536/4317/5200 4934/4315/5667 
f 4533/4318/5197 4564/4281/5230 4933/4312/5666 
f 4870/4313/5595 4867/4311/5592 4872/4306/5597 
f 4491/4279/5152 4867/4311/5592 4933/4312/5666 
f 4533/4318/5197 4933/4312/5666 4934/4315/5667 
f 4551/4322/5232 4487/4308/5148 4548/4321/5213 
f 4932/4271/5664 4934/4315/5667 4486/4316/5147 
f 4560/4324/5226 4549/4323/5214 4548/4321/5213 
f 4551/4322/5232 4548/4321/5213 4547/4320/5212 
f 4536/4317/5200 4535/4319/5199 4486/4316/5147 
f 4486/4316/5147 4488/4268/5149 4932/4271/5664 
f 4932/4271/5664 4533/4318/5197 4934/4315/5667 
f 4536/4317/5200 4486/4316/5147 4934/4315/5667 
f 4872/4306/5597 4867/4311/5592 4562/4310/5228 
f 4873/4307/5598 4554/4305/5220 4553/4314/5219 
f 4870/4313/5595 4933/4312/5666 4867/4311/5592 
f 4872/4306/5597 4562/4310/5228 4554/4305/5220 
f 4490/4309/5151 4489/4284/5150 4563/4079/5229 
f 4862/4267/5587 4488/4268/5149 4487/4308/5148 
f 4873/4307/5598 4872/4306/5597 4554/4305/5220 
f 4547/4304/5217 4556/4303/5222 4550/4302/5215 
f 4453/4006/5111 4910/4292/5640 4929/4009/5660 
f 4897/4301/5626 4910/4292/5640 4898/4293/5627 
f 4879/4290/5608 4893/3861/5637 4880/3860/5609 
f 4884/3855/5613 4895/3837/5624 4885/3870/5614 
f 4916/4299/5668 4913/4297/5643 4935/4300/5669 
f 4916/4299/5668 4894/4298/5644 4913/4297/5643 
f 4899/4295/5628 4917/4294/5648 4906/4296/5635 
f 4899/4295/5628 4898/4293/5627 4917/4294/5648 
f 4453/4006/5111 4898/4293/5627 4910/4292/5640 
f 4926/4289/5657 4936/3865/5670 4908/3885/5638 
f 4926/4289/5657 4919/4005/5650 4920/4291/5651 
f 4908/3885/5638 4937/4004/5671 4926/4289/5657 
f 4926/4289/5657 4927/4288/5658 4936/3865/5670 
f 4436/3859/5090 4937/4004/5671 4879/4290/5608 
f 4908/3885/5638 4879/4290/5608 4937/4004/5671 
f 4926/4289/5657 4937/4004/5671 4919/4005/5650 
f 4924/3864/5655 4936/3865/5670 4927/4288/5658 
f 4924/3864/5655 4925/4287/5656 4911/3868/5641 
f 4546/4001/5211 4900/4286/5629 4448/4285/5106 
f 4930/4282/5662 4452/4007/5110 4928/4008/5659 
f 4564/4281/5230 4930/4282/5662 4931/4280/5663 
f 4489/4284/5150 4491/4279/5152 4931/4280/5663 
f 4532/4283/5196 4930/4282/5662 4564/4281/5230 
f 4564/4281/5230 4931/4280/5663 4491/4279/5152 
f 4558/4054/5224 4561/4278/5227 4557/4077/5223 
f 4494/4277/5155 4593/4276/5263 4583/4275/5252 
f 4905/3866/5634 4907/3886/5636 4936/3865/5670 
f 4935/4274/5672 4915/4273/5646 4916/4272/5647 
f 4545/4055/5210 4543/4270/5208 4488/4268/5149 
f 4932/4271/5664 4543/4270/5208 4531/4269/5195 
f 4862/4267/5587 4850/4233/5574 4714/4056/5409 
f 4545/4055/5210 4488/4268/5149 4862/4267/5587 
f 4807/4263/5520 4809/4065/5522 4818/4266/5534 
f 4824/4014/5540 4808/4265/5541 4818/4013/5673 
f 4938/4032/5674 4939/4010/5675 4821/4025/5676 
f 4806/4264/5519 4807/4263/5520 4762/4003/5463 
f 4784/3962/5489 4740/3963/5441 4804/4071/5517 
f 4740/3963/5441 4767/4070/5677 4804/4071/5517 
f 4740/3963/5441 4739/3966/5440 4767/4070/5677 
f 4798/3938/5509 4747/3959/5448 4802/3937/5515 
f 4940/4027/5678 4832/4180/5556 4835/4036/5559 
f 4834/4234/5558 4839/4235/5563 4838/4030/5562 
f 4719/4238/5414 4835/4036/5559 4832/4180/5556 
f 4719/4238/5414 4832/4180/5556 4712/4024/5407 
f 4661/4262/5340 4612/4260/5283 4611/4256/5282 
f 4610/4261/5281 4612/4260/5283 4613/4259/5284 
f 4677/4258/5361 4659/4194/5338 4611/4256/5282 
f 4659/4194/5338 4624/4257/5296 4611/4256/5282 
f 4941/4250/5679 4481/4248/5140 4480/4254/5139 
f 4680/4245/5370 4941/4250/5679 4942/4253/5680 
f 4682/3995/5368 4942/3993/5681 4480/4255/5142 
f 4941/4250/5679 4480/4254/5139 4942/4253/5680 
f 4941/4250/5679 4681/4251/5367 4477/4249/5136 
f 4477/4249/5136 4476/4252/5135 4481/4248/5140 
f 4680/4245/5370 4681/4251/5367 4941/4250/5679 
f 4941/4250/5679 4477/4249/5136 4481/4248/5140 
f 4608/4247/5279 4605/4246/5276 4604/4083/5275 
f 4609/4242/5280 4603/4090/5274 4666/4241/5348 
f 4680/4245/5370 4607/4244/5278 4679/4243/5365 
f 4607/4244/5278 4609/4242/5280 4679/4243/5365 
f 4666/4241/5348 4603/4090/5274 4678/4240/5364 
f 4603/4090/5274 4621/4192/5292 4678/4240/5364 
f 4609/4242/5280 4604/4083/5275 4603/4090/5274 
f 4666/4241/5348 4678/4240/5364 4667/4239/5349 
f 4835/4036/5559 4834/4234/5558 4838/4030/5562 
f 4834/4234/5558 4719/4238/5414 4837/4237/5561 
f 4839/4235/5563 4943/4043/5682 4766/4068/5467 
f 4839/4235/5563 4766/4068/5467 4769/3983/5471 
f 4836/4045/5560 4864/4236/5589 4724/4044/5422 
f 4722/4227/5419 4724/4044/5422 4864/4236/5589 
f 4834/4234/5558 4943/4043/5682 4839/4235/5563 
f 4835/4036/5559 4838/4030/5562 4944/4012/5683 
f 4836/4045/5560 4943/4043/5682 4834/4234/5558 
f 4840/4230/5564 4857/4224/5684 4844/4225/5568 
f 4850/4233/5574 4847/4210/5571 4836/4045/5560 
f 4847/4210/5571 4849/4218/5573 4846/4209/5570 
f 4670/4232/5354 4669/4214/5353 4725/4212/5423 
f 4844/4225/5568 4841/4058/5565 4840/4230/5564 
f 4422/4229/5417 4840/4230/5564 4626/4196/5299 
f 4669/4214/5353 4671/4231/5355 4722/4227/5419 
f 4840/4230/5564 4422/4229/5417 4857/4224/5684 
f 4856/4222/5581 4859/4220/5584 4857/4228/5582 
f 4842/4217/5566 4566/4048/5233 4843/4046/5567 
f 4674/4051/5685 4855/4049/5580 4620/4200/5291 
f 4722/4227/5419 4691/4226/5380 4724/4044/5422 
f 4844/4225/5568 4857/4224/5684 4859/4219/5600 
f 4425/4223/5079 4854/4221/5579 4856/4222/5581 
f 4854/4221/5579 4855/4049/5580 4559/4053/5225 
f 4851/4208/5575 4859/4220/5584 4858/4216/5583 
f 4851/4211/5601 4846/4209/5570 4859/4219/5600 
f 4846/4209/5570 4849/4218/5573 4842/4217/5566 
f 4851/4208/5575 4858/4216/5583 4845/4215/5569 
f 4852/4206/5576 4716/4207/5411 4721/4017/5416 
f 4669/4214/5353 4852/4213/5602 4725/4212/5423 
f 4851/4211/5601 4847/4210/5571 4846/4209/5570 
f 4851/4208/5575 4716/4207/5411 4852/4206/5576 
f 4945/4155/5686 4463/4205/5121 4946/4158/5687 
f 4947/4157/5688 4948/4144/5689 4945/4155/5686 
f 4945/4155/5686 4948/4144/5689 4949/4142/5690 
f 4461/4154/5119 4463/4205/5121 4945/4155/5686 
f 4950/4113/5691 4464/4156/5692 4951/4112/5693 
f 4952/4183/5694 4953/4111/5695 4954/4130/5696 
f 4947/4157/5688 4955/4122/5697 4948/4144/5689 
f 4946/4158/5687 4464/3882/5122 4950/4117/5698 
f 4956/4125/5699 4957/4148/5700 4958/4153/5701 
f 4956/4125/5699 4959/4151/5702 4957/4148/5700 
f 4946/4158/5687 4463/4205/5121 4464/3882/5122 
f 4959/4151/5702 4956/4125/5699 4960/4126/5703 
f 4961/3903/5704 4962/3879/5705 4963/4140/5706 
f 4961/3903/5704 4964/3876/5707 4962/3879/5705 
f 4959/4151/5702 4960/4126/5703 4965/4136/5708 
f 4963/4140/5706 4962/3879/5705 4461/4154/5119 
f 4465/4152/5123 4470/3895/5128 4957/4148/5700 
f 4966/4163/5709 4967/4110/5710 4968/4103/5711 
f 4969/3970/5712 4970/3893/5713 4971/3894/5714 
f 4969/3970/5712 4972/4169/5715 4970/3893/5713 
f 4973/4165/5716 4974/4107/5717 4975/4108/5718 
f 4976/4166/5719 4977/4164/5720 4978/4204/5721 
f 4979/4177/5722 4980/4128/5723 4977/4164/5720 
f 4973/4165/5716 4975/4108/5718 4977/4164/5720 
f 4980/4128/5723 4981/4104/5724 4978/4204/5721 
f 4979/4177/5722 4977/4164/5720 4975/4108/5718 
f 4966/4163/5709 4982/4160/5725 4967/4110/5710 
f 4980/4128/5723 4978/4204/5721 4977/4164/5720 
f 4658/4189/5336 4983/4184/5726 4676/4203/5727 
f 4983/4184/5726 4675/4199/5359 4676/4203/5727 
f 4660/4190/5339 4623/4186/5294 4983/4184/5726 
f 4658/4189/5336 4676/4203/5727 4606/4202/5337 
f 4673/4185/5357 4672/4052/5356 4674/4057/5358 
f 4675/4201/5362 4674/4051/5685 4620/4200/5291 
f 4983/4184/5726 4673/4185/5357 4675/4199/5359 
f 4654/4191/5331 4672/4052/5356 4673/4185/5357 
f 4627/4198/5300 4665/4197/5352 4598/4188/5269 
f 4626/4196/5299 4654/4191/5331 4597/4187/5268 
f 4658/4189/5336 4625/4195/5297 4659/4194/5338 
f 4618/4084/5289 4627/4193/5347 4621/4192/5292 
f 4623/4186/5294 4654/4191/5331 4673/4185/5357 
f 4660/4190/5339 4983/4184/5726 4658/4189/5336 
f 4623/4186/5294 4598/4188/5269 4597/4187/5268 
f 4623/4186/5294 4673/4185/5357 4983/4184/5726 
f 4984/4174/5728 4952/4183/5694 4954/4130/5696 
f 4985/4129/5729 4980/4128/5723 4979/4177/5722 
f 4985/4129/5729 4979/4177/5722 4986/4131/5730 
f 4954/4130/5696 4987/4114/5731 4985/4129/5729 
f 4987/4114/5731 4988/4115/5732 4989/4133/5733 
f 4984/4174/5728 4954/4130/5696 4986/4131/5730 
f 4954/4130/5696 4953/4111/5695 4987/4114/5731 
f 4988/4115/5732 4953/4111/5695 4951/4112/5693 
f 4952/4183/5694 4950/4113/5691 4953/4111/5695 
f 4990/4124/5734 4955/4122/5697 4947/4157/5688 
f 4991/4099/5735 4990/4124/5734 4992/4098/5736 
f 4991/4099/5735 4993/4121/5737 4955/4122/5697 
f 4947/4157/5688 4946/4158/5687 4994/4118/5738 
f 4990/4124/5734 4995/4096/5739 4992/4098/5736 
f 4990/4124/5734 4991/4099/5735 4955/4122/5697 
f 4947/4157/5688 4994/4118/5738 4990/4124/5734 
f 4996/4020/5740 4458/3900/5116 4997/4019/5741 
f 4996/4020/5740 4471/3897/5129 4458/3900/5116 
f 4972/4169/5715 4969/3970/5712 4940/4027/5678 
f 4970/3893/5713 4998/4145/5742 4957/4148/5700 
f 4999/3883/5743 5000/3877/5744 5001/3872/5745 
f 5000/3877/5744 5002/3875/5746 5001/3872/5745 
f 5003/3884/5747 5004/3878/5748 5000/3877/5744 
f 4999/3883/5743 5001/3872/5745 4472/3873/5749 
f 4972/4169/5715 4940/4027/5678 4938/4032/5674 
f 4472/4179/5130 4965/4136/5708 4999/4181/5750 
f 5005/3831/5751 5006/3862/5752 4831/3898/5555 
f 4721/4017/5416 4727/4182/5427 4683/4016/5429 
f 4969/3970/5712 4832/4180/5556 4940/4027/5678 
f 5003/4137/5753 4999/4181/5750 4965/4136/5708 
f 4969/3970/5712 4831/3898/5555 4832/4180/5556 
f 4472/4179/5130 4468/3896/5126 4965/4136/5708 
f 5007/4178/5754 4974/4107/5717 4973/4165/5716 
f 5007/4178/5754 5008/4109/5755 4974/4107/5717 
f 5007/4175/5756 4976/4162/5757 4966/4163/5709 
f 5007/4178/5754 4973/4165/5716 4976/4166/5719 
f 5009/4100/5758 4968/4103/5711 4967/4110/5710 
f 4968/4103/5711 5010/4102/5759 5007/4175/5756 
f 5007/4178/5754 5010/4172/5760 5008/4109/5755 
f 5009/4100/5758 4967/4110/5710 5011/4097/5761 
f 5012/4176/5762 4986/4131/5730 4979/4177/5722 
f 5013/4173/5763 4986/4131/5730 5012/4176/5762 
f 5008/4109/5755 5012/4176/5762 4975/4108/5718 
f 5012/4176/5762 4979/4177/5722 4975/4108/5718 
f 5013/4173/5763 5012/4176/5762 5008/4109/5755 
f 5007/4175/5756 4966/4163/5709 4968/4103/5711 
f 5013/4173/5763 4984/4174/5728 4986/4131/5730 
f 5013/4173/5763 5008/4109/5755 5010/4172/5760 
f 5014/4021/5764 5015/4171/5765 5016/4023/5766 
f 5014/4021/5764 5017/4168/5767 5015/4171/5765 
f 5018/4132/5768 5019/3902/5769 5017/4168/5767 
f 5018/4132/5768 4460/4167/5118 5019/3902/5769 
f 5017/4168/5767 5020/4147/5770 5015/4171/5765 
f 5017/4168/5767 5019/3902/5769 5020/4147/5770 
f 5020/4146/5771 4972/4169/5715 5015/4170/5772 
f 5020/4146/5771 4970/3893/5713 4972/4169/5715 
f 4997/4019/5741 4460/4167/5118 5018/4132/5768 
f 4997/4019/5741 4458/3900/5116 4460/4167/5118 
f 5015/4170/5772 4938/4032/5674 5016/4033/5773 
f 5015/4170/5772 4972/4169/5715 4938/4032/5674 
f 4462/3880/5120 4461/4154/5119 4962/3879/5705 
f 4464/4156/5692 5021/4127/5774 4951/4112/5693 
f 5017/4168/5767 5022/4028/5775 5018/4132/5768 
f 5017/4168/5767 5014/4021/5764 5022/4028/5775 
f 4465/4152/5123 4957/4148/5700 4959/4151/5702 
f 5023/4105/5776 5024/4120/5777 4993/4134/5778 
f 5025/4123/5779 4949/4142/5690 4948/4144/5689 
f 5025/4123/5779 5026/4141/5780 4949/4142/5690 
f 4958/4153/5701 4998/4145/5742 5027/4159/5781 
f 4958/4153/5701 4957/4148/5700 4998/4145/5742 
f 4460/4167/5118 5002/3875/5746 5019/3902/5769 
f 4460/4167/5118 4457/3899/5115 5002/3875/5746 
f 4982/4160/5725 4978/4161/5782 4981/4092/5783 
f 4966/4163/5709 4978/4161/5782 4982/4160/5725 
f 4976/4166/5719 4973/4165/5716 4977/4164/5720 
f 4982/4160/5725 4981/4092/5783 5028/4093/5784 
f 5028/4093/5784 4992/4098/5736 4967/4110/5710 
f 5029/4106/5785 4981/4104/5724 4980/4128/5723 
f 4966/4163/5709 4976/4162/5757 4978/4161/5782 
f 5028/4093/5784 4967/4110/5710 4982/4160/5725 
f 5027/4159/5781 5026/4150/5786 5030/4149/5787 
f 4987/4114/5731 4989/4133/5733 5024/4120/5777 
f 4963/4140/5706 4461/4154/5119 4949/4142/5690 
f 4994/4118/5738 4946/4158/5687 4950/4117/5698 
f 5027/4159/5781 5030/4149/5787 4958/4153/5701 
f 4945/4155/5686 4946/4158/5687 4947/4157/5688 
f 4464/4156/5692 5031/4143/5788 5021/4127/5774 
f 4945/4155/5686 4949/4142/5690 4461/4154/5119 
f 5032/4119/5789 4958/4153/5701 5030/4149/5787 
f 5032/4119/5789 4956/4125/5699 4958/4153/5701 
f 4959/4151/5702 4468/3896/5126 4465/4152/5123 
f 4959/4151/5702 4965/4136/5708 4468/3896/5126 
f 4989/4133/5733 5026/4150/5786 5025/4135/5790 
f 4989/4133/5733 5030/4149/5787 5026/4150/5786 
f 4988/4115/5732 5030/4149/5787 4989/4133/5733 
f 4988/4115/5732 5032/4119/5789 5030/4149/5787 
f 4470/3895/5128 4970/3893/5713 4957/4148/5700 
f 5004/3878/5748 4964/3876/5707 5000/3877/5744 
f 5020/4147/5770 4961/3903/5704 4998/4138/5791 
f 5020/4147/5770 5019/3902/5769 4961/3903/5704 
f 4970/3893/5713 5020/4146/5771 4998/4145/5742 
f 5025/4123/5779 4948/4144/5689 4955/4122/5697 
f 5031/4143/5788 4960/4126/5703 5021/4127/5774 
f 5031/4143/5788 5003/4137/5753 4960/4126/5703 
f 5026/4141/5780 4963/4140/5706 4949/4142/5690 
f 5026/4141/5780 5027/4139/5792 4963/4140/5706 
f 5027/4139/5792 4961/3903/5704 4963/4140/5706 
f 5027/4139/5792 4998/4138/5791 4961/3903/5704 
f 5003/4137/5753 4965/4136/5708 4960/4126/5703 
f 4951/4112/5693 5021/4127/5774 5032/4119/5789 
f 4993/4134/5778 4989/4133/5733 5025/4135/5790 
f 4993/4134/5778 5024/4120/5777 4989/4133/5733 
f 5033/4018/5793 5018/4132/5768 5022/4028/5775 
f 5033/4018/5793 4997/4019/5741 5018/4132/5768 
f 4713/3999/5408 5006/3862/5752 4737/3871/5438 
f 4471/3897/5129 4996/4020/5740 5034/3887/5794 
f 5029/4106/5785 4985/4129/5729 4987/4114/5731 
f 4985/4129/5729 4986/4131/5730 4954/4130/5696 
f 4985/4129/5729 5029/4106/5785 4980/4128/5723 
f 5029/4106/5785 4987/4114/5731 5024/4120/5777 
f 5021/4127/5774 4956/4125/5699 5032/4119/5789 
f 5021/4127/5774 4960/4126/5703 4956/4125/5699 
f 4990/4124/5734 4994/4118/5738 4995/4096/5739 
f 4995/4096/5739 4952/4116/5795 4984/4095/5796 
f 5025/4123/5779 4955/4122/5697 4993/4121/5737 
f 4991/4099/5735 5023/4094/5797 4993/4121/5737 
f 5023/4105/5776 5029/4106/5785 5024/4120/5777 
f 4951/4112/5693 5032/4119/5789 4988/4115/5732 
f 4995/4096/5739 4994/4118/5738 4952/4116/5795 
f 4994/4118/5738 4950/4117/5698 4952/4116/5795 
f 4988/4115/5732 4987/4114/5731 4953/4111/5695 
f 4950/4113/5691 4951/4112/5693 4953/4111/5695 
f 5011/4097/5761 4967/4110/5710 4992/4098/5736 
f 5008/4109/5755 4975/4108/5718 4974/4107/5717 
f 5029/4106/5785 5023/4105/5776 4981/4104/5724 
f 5011/4097/5761 4992/4098/5736 4995/4096/5739 
f 5013/4101/5798 5010/4102/5759 5009/4100/5758 
f 5011/4097/5761 4984/4095/5796 5013/4101/5798 
f 4968/4103/5711 5009/4100/5758 5010/4102/5759 
f 5013/4101/5798 5009/4100/5758 5011/4097/5761 
f 5023/4094/5797 4991/4099/5735 5028/4093/5784 
f 4991/4099/5735 4992/4098/5736 5028/4093/5784 
f 5011/4097/5761 4995/4096/5739 4984/4095/5796 
f 5023/4094/5797 5028/4093/5784 4981/4092/5783 
f 4617/4073/5288 5035/4061/5799 4618/4084/5289 
f 4665/4085/5346 5035/4061/5799 4596/4062/5800 
f 4615/4087/5286 4619/4091/5290 4602/4086/5273 
f 4601/4081/5272 4603/4090/5274 4604/4083/5275 
f 4424/4089/5078 4617/4073/5288 4616/4088/5287 
f 4615/4087/5286 4602/4086/5273 4601/4081/5272 
f 4665/4085/5346 4618/4084/5289 5035/4061/5799 
f 4423/4063/5077 5035/4061/5799 4663/4072/5344 
f 4720/4040/5415 4810/4080/5523 4718/4039/5413 
f 4604/4083/5275 4606/4082/5277 4601/4081/5272 
f 4823/4066/5539 4810/4080/5523 4830/4035/5554 
f 4830/4035/5554 4833/4029/5557 4823/4066/5539 
f 4866/4076/5591 4555/4074/5221 4563/4079/5229 
f 4868/4078/5593 4559/4053/5225 4557/4077/5223 
f 4866/4076/5591 4869/4075/5594 4555/4074/5221 
f 4617/4073/5288 4663/4072/5344 5035/4061/5799 
f 4804/4071/5517 4767/4070/5677 4811/4069/5524 
f 4811/4067/5525 4766/4068/5467 4943/4043/5682 
f 4811/4067/5525 4943/4043/5682 4724/4044/5422 
f 4823/4066/5539 4809/4065/5522 4805/4064/5518 
f 4423/4063/5077 4596/4062/5800 5035/4061/5799 
f 5036/4050/5801 4559/4053/5225 4855/4049/5580 
f 4566/4048/5233 4558/4060/5599 5036/4047/5802 
f 4843/4046/5567 4653/4059/5330 4841/4058/5565 
f 5036/4047/5802 4674/4057/5358 4672/4052/5356 
f 4713/3999/5408 4545/4055/5210 4714/4056/5409 
f 4713/3999/5408 4544/4000/5209 4545/4055/5210 
f 5036/4050/5801 4558/4054/5224 4559/4053/5225 
f 5036/4047/5802 4672/4052/5356 4843/4046/5567 
f 4674/4051/5685 5036/4050/5801 4855/4049/5580 
f 4566/4048/5233 5036/4047/5802 4843/4046/5567 
f 4865/4037/5590 4919/4005/5650 5033/4018/5793 
f 4836/4045/5560 4724/4044/5422 4943/4043/5682 
f 4860/4041/5585 4914/4031/5645 4861/4042/5586 
f 4830/4035/5554 4720/4040/5415 4861/4042/5586 
f 4860/4041/5585 4865/4037/5590 4914/4031/5645 
f 4720/4040/5415 4718/4039/5413 4717/4038/5412 
f 4865/4037/5590 5033/4018/5793 4914/4031/5645 
f 4838/4030/5562 4824/4014/5540 5037/4011/5803 
f 4996/4020/5740 5033/4018/5793 4919/4005/5650 
f 4940/4027/5678 4835/4036/5559 4944/4012/5683 
f 4996/4020/5740 4919/4005/5650 5034/3887/5794 
f 4830/4035/5554 4914/4031/5645 4833/4029/5557 
f 4939/4010/5675 5037/4011/5803 4822/4026/5804 
f 5037/4011/5803 4818/4013/5673 4822/4026/5804 
f 5016/4023/5766 4821/4034/5537 4820/4022/5536 
f 4938/4032/5674 4821/4025/5676 5016/4033/5773 
f 5022/4028/5775 4914/4031/5645 5033/4018/5793 
f 4940/4027/5678 4939/4010/5675 4938/4032/5674 
f 5022/4028/5775 4833/4029/5557 4914/4031/5645 
f 4768/3984/5470 4788/3982/5496 4769/3983/5471 
f 5014/4021/5764 4820/4022/5536 4833/4029/5557 
f 4944/4012/5683 4838/4030/5562 5037/4011/5803 
f 4831/3898/5555 5006/3862/5752 4712/4024/5407 
f 5014/4021/5764 4833/4029/5557 5022/4028/5775 
f 4940/4027/5678 4944/4012/5683 4939/4010/5675 
f 4939/4010/5675 4822/4026/5804 4821/4025/5676 
f 4713/3999/5408 4712/4024/5407 5006/3862/5752 
f 5016/4023/5766 4820/4022/5536 5014/4021/5764 
f 4996/4020/5740 4997/4019/5741 5033/4018/5793 
f 4721/4017/5416 4683/4016/5429 4725/4015/5577 
f 5037/4011/5803 4824/4014/5540 4818/4013/5673 
f 4944/4012/5683 5037/4011/5803 4939/4010/5675 
f 4928/4008/5659 4453/4006/5111 4929/4009/5660 
f 4928/4008/5659 4452/4007/5110 4453/4006/5111 
f 4937/4004/5671 5034/3887/5794 4919/4005/5650 
f 4937/4004/5671 4436/3859/5090 5034/3887/5794 
f 4730/3954/5431 4762/4003/5463 4731/4002/5432 
f 5038/3923/5805 5039/3932/5806 5040/3918/5807 
f 4544/4000/5209 4737/3871/5438 4546/4001/5211 
f 4544/4000/5209 4713/3999/5408 4737/3871/5438 
f 4482/3998/5141 4657/3997/5335 4599/3996/5270 
f 4682/3995/5368 4680/3994/5366 4942/3993/5681 
f 5041/3910/5808 5042/3933/5809 5043/3926/5810 
f 4789/3928/5497 5043/3926/5810 5042/3933/5809 
f 4755/3985/5456 4754/3992/5455 4787/3991/5499 
f 4773/3990/5490 4752/3989/5453 4754/3988/5491 
f 4794/3940/5504 4797/3943/5508 4803/3935/5516 
f 4759/3947/5460 4761/3987/5462 4760/3986/5461 
f 4825/3976/5542 4795/3939/5505 4755/3985/5456 
f 5044/3912/5811 4790/3975/5498 4792/3924/5502 
f 4755/3985/5456 4795/3939/5505 4803/3935/5516 
f 4825/3976/5542 4755/3985/5456 4790/3975/5498 
f 4779/3949/5483 4786/3979/5494 4788/3982/5496 
f 4780/3953/5484 4788/3982/5496 4768/3984/5470 
f 4786/3979/5494 4769/3983/5471 4788/3982/5496 
f 4786/3979/5494 4732/3978/5812 4731/3981/5492 
f 4778/3980/5482 4732/3978/5812 4779/3949/5483 
f 4786/3979/5494 4779/3949/5483 4732/3978/5812 
f 4771/3977/5475 4745/3960/5446 4744/3952/5445 
f 4776/3951/5480 4744/3952/5445 4743/3961/5444 
f 4825/3976/5542 5044/3912/5811 4826/3916/5543 
f 4793/3941/5503 4795/3939/5505 4825/3976/5542 
f 5044/3912/5811 4825/3976/5542 4790/3975/5498 
f 4751/3974/5452 4735/3927/5436 4789/3928/5497 
f 5045/3904/5813 5046/3925/5814 5047/3930/5815 
f 4791/3934/5501 5042/3933/5809 5046/3911/5816 
f 5046/3911/5816 5042/3933/5809 5041/3910/5808 
f 5045/3904/5813 5047/3930/5815 5048/3906/5817 
f 4434/3833/5088 5005/3831/5751 4432/3890/5086 
f 4883/3973/5612 4881/3972/5610 4882/3863/5611 
f 4792/3924/5502 4791/3971/5500 5046/3925/5814 
f 5049/3889/5818 4969/3970/5712 4971/3894/5714 
f 5049/3889/5818 4831/3898/5555 4969/3970/5712 
f 5049/3889/5818 4470/3895/5128 4433/3888/5087 
f 5049/3889/5818 4971/3894/5714 4470/3895/5128 
f 4734/3921/5435 4748/3946/5449 4749/3968/5450 
f 4796/3969/5506 4748/3946/5449 4759/3947/5460 
f 4796/3969/5506 4749/3968/5450 4748/3946/5449 
f 4749/3942/5819 4794/3940/5504 4793/3941/5503 
f 4732/3956/5433 4778/3967/5546 4764/3955/5465 
f 4739/3966/5440 4741/3965/5442 4827/3964/5547 
f 4740/3963/5441 4784/3962/5489 4742/3957/5443 
f 4743/3961/5444 4745/3960/5446 4747/3959/5448 
f 4828/3958/5545 4742/3957/5443 4730/3954/5431 
f 4732/3956/5433 4764/3955/5465 4730/3954/5431 
f 4776/3951/5480 4780/3953/5484 4744/3952/5445 
f 4776/3951/5480 4777/3950/5481 4779/3949/5483 
f 4749/3942/5819 4796/3945/5507 4794/3940/5504 
f 4750/3931/5820 4793/3941/5503 4826/3916/5543 
f 4756/3948/5457 4759/3947/5460 4748/3946/5449 
f 4796/3945/5507 4758/3944/5513 4797/3943/5508 
f 4750/3931/5820 4749/3942/5819 4793/3941/5503 
f 4794/3940/5504 4803/3935/5516 4795/3939/5505 
f 4798/3938/5509 4802/3937/5515 4803/3935/5516 
f 4802/3937/5515 4753/3936/5454 4803/3935/5516 
f 5043/3926/5810 5050/3922/5821 5038/3923/5805 
f 4735/3927/5436 5050/3922/5821 5043/3926/5810 
f 4791/3934/5501 4789/3928/5497 5042/3933/5809 
f 5043/3926/5810 5038/3923/5805 5051/3919/5822 
f 5038/3923/5805 5050/3922/5821 5039/3932/5806 
f 5050/3922/5821 4750/3920/5451 5039/3932/5806 
f 4735/3927/5436 4734/3921/5435 5050/3922/5821 
f 5041/3910/5808 5043/3926/5810 5051/3919/5822 
f 5052/3929/5823 5040/3914/5824 5053/3908/5825 
f 5048/3906/5817 5052/3929/5823 5054/3915/5826 
f 5047/3909/5827 5041/3910/5808 5051/3919/5822 
f 5052/3929/5823 5053/3908/5825 5054/3915/5826 
f 5039/3913/5828 4750/3931/5820 4826/3916/5543 
f 5053/3908/5825 5039/3913/5828 5055/3907/5829 
f 5048/3906/5817 5047/3930/5815 5052/3929/5823 
f 5039/3913/5828 4826/3916/5543 5055/3907/5829 
f 4789/3928/5497 4735/3927/5436 5043/3926/5810 
f 4792/3924/5502 5046/3925/5814 5045/3904/5813 
f 5048/3906/5817 5054/3915/5826 5056/3905/5830 
f 5045/3904/5813 5044/3912/5811 4792/3924/5502 
f 5051/3919/5822 5038/3923/5805 5040/3918/5807 
f 5047/3909/5827 5051/3919/5822 5052/3917/5831 
f 5050/3922/5821 4734/3921/5435 4750/3920/5451 
f 5051/3919/5822 5040/3918/5807 5052/3917/5831 
f 5055/3907/5829 4826/3916/5543 5044/3912/5811 
f 5053/3908/5825 5056/3905/5830 5054/3915/5826 
f 5053/3908/5825 5040/3914/5824 5039/3913/5828 
f 5055/3907/5829 5044/3912/5811 5056/3905/5830 
f 5045/3904/5813 5056/3905/5830 5044/3912/5811 
f 5046/3911/5816 5041/3910/5808 5047/3909/5827 
f 5053/3908/5825 5055/3907/5829 5056/3905/5830 
f 5048/3906/5817 5056/3905/5830 5045/3904/5813 
f 4964/3876/5707 5019/3902/5769 5002/3875/5746 
f 4964/3876/5707 4961/3903/5704 5019/3902/5769 
f 5001/3872/5745 4457/3899/5115 4456/3874/5114 
f 5001/3872/5745 5002/3875/5746 4457/3899/5115 
f 4456/3874/5114 4455/3901/5113 4472/3873/5749 
f 4459/3842/5117 4458/3900/5116 4471/3897/5129 
f 4456/3874/5114 4459/3842/5117 4454/3839/5112 
f 4456/3874/5114 4457/3899/5115 4459/3842/5117 
f 4831/3898/5555 4432/3890/5086 5005/3831/5751 
f 4427/3857/5081 4436/3859/5090 4880/3860/5609 
f 4831/3898/5555 5049/3889/5818 4432/3890/5086 
f 4471/3897/5129 5034/3887/5794 4435/3841/5089 
f 4468/3896/5126 4455/3892/5131 4466/3843/5124 
f 4470/3895/5128 4971/3894/5714 4970/3893/5713 
f 4426/3845/5832 4466/3843/5124 4455/3892/5131 
f 4469/3835/5127 4467/3891/5125 4466/3843/5124 
f 4432/3890/5086 5049/3889/5818 4433/3888/5087 
f 4435/3841/5089 5034/3887/5794 4436/3859/5090 
f 5057/3852/5833 5005/3831/5751 5058/3832/5834 
f 4936/3865/5670 4907/3886/5636 4908/3885/5638 
f 4428/3847/5835 4895/3837/5624 4884/3855/5613 
f 4428/3847/5835 4902/3844/5631 4426/3845/5832 
f 4469/3835/5127 4466/3843/5124 4902/3844/5631 
f 4428/3847/5835 4884/3855/5613 4903/3846/5632 
f 5004/3878/5748 5003/3884/5747 5031/3881/5836 
f 5003/3884/5747 5000/3877/5744 4999/3883/5743 
f 4462/3880/5120 5031/3881/5836 4464/3882/5122 
f 5004/3878/5748 5031/3881/5836 4462/3880/5120 
f 5004/3878/5748 4962/3879/5705 4964/3876/5707 
f 4462/3880/5120 4962/3879/5705 5004/3878/5748 
f 5000/3877/5744 4964/3876/5707 5002/3875/5746 
f 4456/3874/5114 4472/3873/5749 5001/3872/5745 
f 5057/3852/5833 5058/3832/5834 5059/3851/5837 
f 4924/3864/5655 4909/3867/5639 4905/3866/5634 
f 4737/3871/5438 5057/3852/5833 4736/3853/5437 
f 4737/3871/5438 5006/3862/5752 5057/3852/5833 
f 4877/3850/5606 4901/3834/5630 4903/3846/5632 
f 4877/3850/5606 4885/3870/5614 4878/3869/5607 
f 4924/3864/5655 4911/3868/5641 4909/3867/5639 
f 4905/3866/5634 4936/3865/5670 4924/3864/5655 
f 4882/3863/5611 5059/3851/5837 4874/3854/5603 
f 4875/3848/5604 5059/3851/5837 5058/3832/5834 
f 4736/3853/5437 5059/3851/5837 4882/3863/5611 
f 5005/3831/5751 5057/3852/5833 5006/3862/5752 
f 5060/3856/5838 4880/3860/5609 4893/3861/5637 
f 5060/3856/5838 4427/3857/5081 4880/3860/5609 
f 4427/3857/5081 4437/3840/5091 4436/3859/5090 
f 4428/3858/5082 4427/3857/5081 5060/3856/5838 
f 4901/3834/5630 4469/3835/5127 4902/3844/5631 
f 4895/3837/5624 4428/3847/5835 5060/3836/5839 
f 4875/3848/5604 5058/3832/5834 4901/3834/5630 
f 4877/3850/5606 4903/3846/5632 4884/3855/5613 
f 4875/3848/5604 4874/3854/5603 5059/3851/5837 
f 4875/3848/5604 4901/3834/5630 4877/3850/5606 
f 4736/3853/5437 5057/3852/5833 5059/3851/5837 
f 4877/3850/5606 4876/3849/5605 4875/3848/5604 
f 4428/3847/5835 4903/3846/5632 4902/3844/5631 
f 4426/3845/5832 4902/3844/5631 4466/3843/5124 
f 4435/3841/5089 4454/3839/5112 4459/3842/5117 
f 4435/3841/5089 4437/3840/5091 4454/3839/5112 
f 4469/3835/5127 5058/3832/5834 4434/3833/5088 
f 4893/3838/5622 4895/3837/5624 5060/3836/5839 
f 4469/3835/5127 4901/3834/5630 5058/3832/5834 
f 4434/3833/5088 5058/3832/5834 5005/3831/5751 
usemtl mat_9_Doctor_Eye_Reflection_D_jpg
f 5061/4601/5840 5062/4602/5841 5063/4603/5842 
f 5064/4604/5843 5065/4605/5844 5066/4606/5845 
f 5067/4607/5846 5064/4604/5843 5066/4606/5845 
f 5068/4608/5847 5069/4609/5847 5070/4610/5847 
f 5071/4611/5848 5064/4604/5843 5067/4607/5846 
f 5072/4612/5849 5071/4611/5848 5073/4613/5850 
f 5074/4614/5851 5072/4612/5849 5073/4613/5850 
f 5073/4613/5850 5071/4611/5848 5067/4607/5846 
f 5075/4604/5852 5076/4605/5853 5077/4606/5854 
f 5078/4615/5855 5079/4615/5856 5080/4616/5857 
f 5081/4617/5858 5082/4617/5859 5079/4615/5856 
f 5080/4616/5857 5083/4616/5860 5084/4618/5861 
f 5080/4616/5857 5079/4615/5856 5083/4616/5860 
f 5078/4615/5855 5081/4617/5858 5079/4615/5856 
f 5085/4619/5862 5086/4619/5863 5082/4617/5859 
f 5087/4620/5864 5088/4621/5865 5089/4620/5866 
f 5087/4620/5864 5089/4620/5866 5090/4622/5867 
f 5088/4621/5865 5091/4623/5868 5092/4621/5869 
f 5088/4621/5865 5092/4621/5869 5089/4620/5866 
f 5093/4624/5870 5094/4622/5871 5095/4624/5872 
f 5096/4625/5873 5097/4625/5874 5098/4626/5875 
f 5094/4622/5871 5087/4620/5864 5090/4622/5867 
f 5094/4622/5871 5090/4622/5867 5095/4624/5872 
f 5070/4616/5876 5099/4615/5877 5100/4616/5878 
f 5069/4615/5879 5099/4615/5877 5070/4616/5876 
f 5100/4616/5878 5101/4618/5880 5102/4618/5881 
f 5070/4616/5876 5100/4616/5878 5102/4618/5881 
f 5103/4619/5882 5104/4619/5883 5105/4617/5884 
f 5106/4617/5885 5103/4619/5882 5105/4617/5884 
f 5106/4617/5885 5105/4617/5884 5099/4615/5877 
f 5069/4615/5879 5106/4617/5885 5099/4615/5877 
f 5107/4627/5886 5108/4628/5887 5109/4629/5888 
f 5110/4626/5889 5098/4626/5875 5111/4623/5890 
f 5086/4619/5863 5107/4627/5886 5082/4617/5859 
f 5108/4628/5887 5112/4630/5891 5109/4629/5888 
f 5113/4631/5892 5093/4624/5870 5114/4631/5893 
f 5091/4623/5868 5111/4623/5890 5092/4621/5869 
f 5091/4623/5868 5110/4626/5889 5111/4623/5890 
f 5093/4624/5870 5095/4624/5872 5114/4631/5893 
f 5115/4632/5894 5061/4601/5840 5116/4633/5895 
f 5116/4633/5895 5061/4601/5840 5117/4634/5896 
f 5117/4634/5896 5061/4601/5840 5118/4635/5897 
f 5112/4630/5891 5117/4634/5896 5118/4635/5897 
f 5119/4636/5898 5120/4637/5899 5121/4638/5900 
f 5107/4627/5886 5109/4629/5888 5082/4617/5859 
f 5122/4639/5901 5117/4634/5896 5112/4630/5891 
f 5108/4628/5887 5122/4639/5901 5112/4630/5891 
f 5123/4607/5902 5075/4604/5852 5077/4606/5854 
f 5124/4611/5903 5075/4604/5852 5123/4607/5902 
f 5081/4617/5858 5085/4619/5862 5082/4617/5859 
f 5125/4608/5904 5078/4609/5904 5080/4610/5904 
f 5126/4614/5905 5127/4612/5906 5128/4613/5907 
f 5129/4640/5908 5127/4612/5906 5126/4614/5905 
f 5128/4613/5907 5124/4611/5903 5123/4607/5902 
f 5127/4612/5906 5124/4611/5903 5128/4613/5907 
f 5096/4625/5873 5130/4641/5909 5097/4625/5874 
f 5113/4631/5892 5114/4631/5893 5086/4619/5863 
f 5110/4626/5889 5096/4625/5873 5098/4626/5875 
f 5130/4641/5909 5131/4641/5910 5097/4625/5874 
f 5130/4641/5909 5084/4618/5861 5131/4641/5910 
f 5083/4616/5860 5132/4618/5911 5084/4618/5861 
f 5085/4619/5862 5113/4631/5892 5086/4619/5863 
f 5084/4618/5861 5132/4618/5911 5131/4641/5910 
f 5133/4642/5912 5134/4643/5913 5135/4644/5914 
f 5136/4645/5915 5133/4642/5912 5135/4644/5914 
f 5134/4643/5913 5137/4646/5916 5138/4647/5917 
f 5135/4644/5914 5134/4643/5913 5138/4647/5917 
f 5139/4648/5918 5140/4649/5919 5141/4650/5920 
f 5142/4651/5921 5139/4648/5918 5141/4650/5920 
f 5141/4650/5920 5133/4642/5912 5136/4645/5915 
f 5142/4651/5921 5141/4650/5920 5136/4645/5915 
f 5143/4652/5922 5144/4653/5923 5145/4654/5924 
f 5146/4655/5925 5143/4652/5922 5145/4654/5924 
f 5145/4654/5924 5147/4656/5926 5148/4657/5927 
f 5065/4605/5844 5145/4654/5924 5148/4657/5927 
f 5137/4646/5916 5149/4658/5928 5150/4659/5929 
f 5138/4647/5917 5137/4646/5916 5150/4659/5929 
f 5150/4659/5929 5149/4658/5928 5143/4652/5922 
f 5146/4655/5925 5150/4659/5929 5143/4652/5922 
f 5151/4660/5930 5152/4661/5931 5153/4662/5932 
f 5147/4656/5926 5151/4660/5930 5153/4662/5932 
f 5153/4662/5932 5152/4661/5931 5154/4663/5933 
f 5155/4664/5934 5153/4662/5932 5154/4663/5933 
f 5067/4607/5846 5066/4606/5845 5156/4638/5935 
f 5157/4665/5936 5158/4666/5937 5159/4667/5938 
f 5145/4654/5924 5144/4653/5923 5151/4660/5930 
f 5147/4656/5926 5145/4654/5924 5151/4660/5930 
f 5160/4632/5939 5161/4633/5940 5162/4668/5941 
f 5163/4669/5942 5160/4632/5939 5162/4668/5941 
f 5161/4633/5940 5140/4649/5919 5139/4648/5918 
f 5162/4668/5941 5161/4633/5940 5139/4648/5918 
f 5155/4664/5934 5154/4663/5933 5164/4670/5943 
f 5165/4671/5944 5155/4664/5934 5164/4670/5943 
f 5165/4671/5944 5164/4670/5943 5160/4632/5939 
f 5163/4669/5942 5165/4671/5944 5160/4632/5939 
f 5138/4647/5917 5150/4659/5929 5071/4611/5848 
f 5072/4612/5849 5138/4647/5917 5071/4611/5848 
f 5150/4659/5929 5146/4655/5925 5064/4604/5843 
f 5071/4611/5848 5150/4659/5929 5064/4604/5843 
f 5136/4645/5915 5135/4644/5914 5166/4640/5945 
f 5167/4672/5946 5136/4645/5915 5166/4640/5945 
f 5135/4644/5914 5138/4647/5917 5072/4612/5849 
f 5166/4640/5945 5135/4644/5914 5072/4612/5849 
f 5168/4673/5947 5169/4674/5948 5170/4675/5949 
f 5148/4657/5927 5168/4673/5947 5170/4675/5949 
f 5171/4676/5950 5172/4677/5951 5169/4674/5948 
f 5168/4673/5947 5171/4676/5950 5169/4674/5948 
f 5146/4655/5925 5145/4654/5924 5065/4605/5844 
f 5064/4604/5843 5146/4655/5925 5065/4605/5844 
f 5065/4605/5844 5148/4657/5927 5170/4675/5949 
f 5066/4606/5845 5065/4605/5844 5170/4675/5949 
f 5171/4676/5950 5155/4664/5934 5165/4671/5944 
f 5173/4678/5952 5171/4676/5950 5165/4671/5944 
f 5173/4678/5952 5165/4671/5944 5163/4669/5942 
f 5174/4679/5953 5173/4678/5952 5163/4669/5942 
f 5148/4657/5927 5147/4656/5926 5153/4662/5932 
f 5168/4673/5947 5148/4657/5927 5153/4662/5932 
f 5168/4673/5947 5153/4662/5932 5155/4664/5934 
f 5171/4676/5950 5168/4673/5947 5155/4664/5934 
f 5175/4680/5954 5139/4648/5918 5142/4651/5921 
f 5176/4681/5955 5175/4680/5954 5142/4651/5921 
f 5142/4651/5921 5136/4645/5915 5167/4672/5946 
f 5176/4681/5955 5142/4651/5921 5167/4672/5946 
f 5174/4679/5953 5163/4669/5942 5162/4668/5941 
f 5177/4682/5956 5174/4679/5953 5162/4668/5941 
f 5177/4682/5956 5162/4668/5941 5139/4648/5918 
f 5175/4680/5954 5177/4682/5956 5139/4648/5918 
f 5178/4656/5957 5179/4660/5958 5180/4662/5959 
f 5181/4654/5960 5182/4653/5961 5179/4660/5958 
f 5183/4664/5962 5180/4662/5959 5184/4663/5963 
f 5179/4660/5958 5185/4661/5964 5180/4662/5959 
f 5186/4665/5965 5187/4666/5966 5188/4667/5967 
f 5189/4683/5968 5186/4665/5965 5188/4667/5967 
f 5178/4656/5957 5181/4654/5960 5179/4660/5958 
f 5123/4607/5902 5077/4606/5854 5121/4638/5900 
f 5190/4668/5969 5191/4669/5970 5116/4633/5895 
f 5192/4671/5971 5193/4670/5972 5115/4632/5894 
f 5194/4648/5973 5190/4668/5969 5195/4649/5974 
f 5191/4669/5970 5115/4632/5894 5116/4633/5895 
f 5183/4664/5962 5184/4663/5963 5192/4671/5971 
f 5180/4662/5959 5185/4661/5964 5184/4663/5963 
f 5191/4669/5970 5192/4671/5971 5115/4632/5894 
f 5184/4663/5963 5193/4670/5972 5192/4671/5971 
f 5095/4624/5872 5189/4683/5968 5114/4631/5893 
f 5196/4658/5975 5197/4684/5976 5198/4685/5977 
f 5128/4613/5907 5123/4607/5902 5121/4638/5900 
f 5189/4683/5968 5188/4667/5967 5114/4631/5893 
f 5199/4686/5978 5198/4685/5977 5200/4687/5979 
f 5199/4686/5978 5200/4687/5979 5201/4688/5980 
f 5202/4652/5981 5196/4658/5975 5198/4685/5977 
f 5198/4685/5977 5197/4684/5976 5200/4687/5979 
f 5203/4689/5982 5198/4685/5977 5199/4686/5978 
f 5204/4690/5983 5203/4689/5982 5199/4686/5978 
f 5202/4652/5981 5198/4685/5977 5203/4689/5982 
f 5182/4653/5961 5202/4652/5981 5203/4689/5982 
f 5205/4691/5984 5206/4692/5985 5111/4623/5890 
f 5098/4626/5875 5205/4691/5984 5111/4623/5890 
f 5204/4690/5983 5199/4686/5978 5206/4692/5985 
f 5205/4691/5984 5204/4690/5983 5206/4692/5985 
f 5207/4676/5986 5183/4664/5962 5208/4678/5987 
f 5209/4673/5988 5180/4662/5959 5183/4664/5962 
f 5210/4679/5989 5208/4678/5987 5191/4669/5970 
f 5183/4664/5962 5192/4671/5971 5208/4678/5987 
f 5209/4673/5988 5211/4657/5990 5180/4662/5959 
f 5181/4654/5960 5178/4656/5957 5211/4657/5990 
f 5207/4676/5986 5209/4673/5988 5183/4664/5962 
f 5211/4657/5990 5178/4656/5957 5180/4662/5959 
f 5212/4681/5991 5213/4680/5992 5214/4651/5993 
f 5215/4682/5994 5190/4668/5969 5194/4648/5973 
f 5212/4681/5991 5214/4651/5993 5216/4672/5995 
f 5213/4680/5992 5194/4648/5973 5214/4651/5993 
f 5215/4682/5994 5210/4679/5989 5190/4668/5969 
f 5208/4678/5987 5192/4671/5971 5191/4669/5970 
f 5213/4680/5992 5215/4682/5994 5194/4648/5973 
f 5210/4679/5989 5191/4669/5970 5190/4668/5969 
f 5217/4645/5996 5218/4642/5997 5219/4644/5998 
f 5220/4650/5999 5218/4642/5997 5217/4645/5996 
f 5219/4644/5998 5221/4643/6000 5222/4647/6001 
f 5218/4642/5997 5221/4643/6000 5219/4644/5998 
f 5214/4651/5993 5194/4648/5973 5220/4650/5999 
f 5190/4668/5969 5116/4633/5895 5195/4649/5974 
f 5214/4651/5993 5220/4650/5999 5217/4645/5996 
f 5194/4648/5973 5195/4649/5974 5220/4650/5999 
f 5223/4655/6002 5202/4652/5981 5181/4654/5960 
f 5196/4658/5975 5202/4652/5981 5223/4655/6002 
f 5076/4605/5853 5181/4654/5960 5211/4657/5990 
f 5202/4652/5981 5182/4653/5961 5181/4654/5960 
f 5222/4647/6001 5224/4646/6003 5225/4659/6004 
f 5221/4643/6000 5224/4646/6003 5222/4647/6001 
f 5225/4659/6004 5196/4658/5975 5223/4655/6002 
f 5224/4646/6003 5196/4658/5975 5225/4659/6004 
f 5226/4641/6005 5227/4641/6006 5228/4625/6007 
f 5229/4625/6008 5226/4641/6005 5228/4625/6007 
f 5229/4625/6008 5228/4625/6007 5230/4626/6009 
f 5231/4626/6010 5229/4625/6008 5230/4626/6009 
f 5102/4618/5881 5101/4618/5880 5227/4641/6006 
f 5226/4641/6005 5102/4618/5881 5227/4641/6006 
f 5232/4631/6011 5233/4631/6012 5104/4619/5883 
f 5103/4619/5882 5232/4631/6011 5104/4619/5883 
f 5234/4621/6013 5235/4621/6014 5236/4620/6015 
f 5237/4620/6016 5234/4621/6013 5236/4620/6015 
f 5238/4623/6017 5239/4623/6018 5235/4621/6014 
f 5234/4621/6013 5238/4623/6017 5235/4621/6014 
f 5240/4622/6019 5241/4622/6020 5242/4624/6021 
f 5243/4624/6022 5240/4622/6019 5242/4624/6021 
f 5237/4620/6016 5236/4620/6015 5241/4622/6020 
f 5240/4622/6019 5237/4620/6016 5241/4622/6020 
f 5177/4682/5956 5244/4637/6023 5245/4636/6024 
f 5174/4679/5953 5177/4682/5956 5245/4636/6024 
f 5175/4680/5954 5246/4693/6025 5244/4637/6023 
f 5177/4682/5956 5175/4680/5954 5244/4637/6023 
f 5173/4678/5952 5247/4694/6026 5172/4677/5951 
f 5171/4676/5950 5173/4678/5952 5172/4677/5951 
f 5174/4679/5953 5245/4636/6024 5247/4694/6026 
f 5173/4678/5952 5174/4679/5953 5247/4694/6026 
f 5167/4672/5946 5166/4640/5945 5248/4695/6027 
f 5249/4696/6028 5167/4672/5946 5248/4695/6027 
f 5166/4640/5945 5072/4612/5849 5074/4614/5851 
f 5248/4695/6027 5166/4640/5945 5074/4614/5851 
f 5176/4681/5955 5250/4697/6029 5246/4693/6025 
f 5175/4680/5954 5176/4681/5955 5246/4693/6025 
f 5176/4681/5955 5167/4672/5946 5249/4696/6028 
f 5250/4697/6029 5176/4681/5955 5249/4696/6028 
f 5134/4643/5913 5133/4642/5912 5251/4698/6030 
f 5252/4699/6031 5134/4643/5913 5251/4698/6030 
f 5141/4650/5920 5140/4649/5919 5253/4639/6032 
f 5254/4700/6033 5141/4650/5920 5253/4639/6032 
f 5255/4701/6034 5157/4665/5936 5256/4683/6035 
f 5257/4702/6036 5255/4701/6034 5256/4683/6035 
f 5252/4699/6031 5251/4698/6030 5157/4665/5936 
f 5255/4701/6034 5252/4699/6031 5157/4665/5936 
f 5258/4703/6037 5259/4704/6038 5255/4701/6034 
f 5258/4703/6037 5255/4701/6034 5257/4702/6036 
f 5259/4704/6038 5137/4646/5916 5252/4699/6031 
f 5259/4704/6038 5252/4699/6031 5255/4701/6034 
f 5236/4620/6015 5260/4705/6039 5241/4622/6020 
f 5249/4696/6028 5248/4695/6027 5156/4638/5935 
f 5260/4705/6039 5258/4703/6037 5257/4702/6036 
f 5260/4705/6039 5257/4702/6036 5241/4622/6020 
f 5228/4625/6007 5261/4706/6040 5230/4626/6009 
f 5262/4707/6041 5263/4690/6042 5264/4691/6043 
f 5157/4665/5936 5251/4698/6030 5158/4666/5937 
f 5261/4706/6040 5264/4691/6043 5230/4626/6009 
f 5262/4707/6041 5265/4708/6044 5263/4690/6042 
f 5151/4660/5930 5144/4653/5923 5266/4689/6045 
f 5261/4706/6040 5262/4707/6041 5264/4691/6043 
f 5265/4708/6044 5266/4689/6045 5263/4690/6042 
f 5250/4697/6029 5249/4696/6028 5156/4638/5935 
f 5254/4700/6033 5253/4639/6032 5267/4628/6046 
f 5257/4702/6036 5256/4683/6035 5242/4624/6021 
f 5241/4622/6020 5257/4702/6036 5242/4624/6021 
f 5251/4698/6030 5133/4642/5912 5254/4700/6033 
f 5251/4698/6030 5254/4700/6033 5158/4666/5937 
f 5158/4666/5937 5254/4700/6033 5267/4628/6046 
f 5133/4642/5912 5141/4650/5920 5254/4700/6033 
f 5256/4683/6035 5159/4667/5938 5233/4631/6012 
f 5242/4624/6021 5256/4683/6035 5233/4631/6012 
f 5230/4626/6009 5264/4691/6043 5239/4623/6018 
f 5073/4613/5850 5067/4607/5846 5156/4638/5935 
f 5268/4684/6047 5269/4687/6048 5270/4686/6049 
f 5271/4685/6050 5268/4684/6047 5270/4686/6049 
f 5149/4658/5928 5268/4684/6047 5271/4685/6050 
f 5143/4652/5922 5149/4658/5928 5271/4685/6050 
f 5266/4689/6045 5144/4653/5923 5271/4685/6050 
f 5266/4689/6045 5271/4685/6050 5270/4686/6049 
f 5256/4683/6035 5157/4665/5936 5159/4667/5938 
f 5144/4653/5923 5143/4652/5922 5271/4685/6050 
f 5264/4691/6043 5263/4690/6042 5272/4692/6051 
f 5264/4691/6043 5272/4692/6051 5239/4623/6018 
f 5263/4690/6042 5266/4689/6045 5270/4686/6049 
f 5263/4690/6042 5270/4686/6049 5272/4692/6051 
f 5269/4687/6048 5258/4703/6037 5260/4705/6039 
f 5273/4688/6052 5269/4687/6048 5260/4705/6039 
f 5268/4684/6047 5259/4704/6038 5258/4703/6037 
f 5269/4687/6048 5268/4684/6047 5258/4703/6037 
f 5248/4695/6027 5074/4614/5851 5156/4638/5935 
f 5137/4646/5916 5134/4643/5913 5252/4699/6031 
f 5273/4688/6052 5260/4705/6039 5236/4620/6015 
f 5235/4621/6014 5273/4688/6052 5236/4620/6015 
f 5272/4692/6051 5273/4688/6052 5235/4621/6014 
f 5239/4623/6018 5272/4692/6051 5235/4621/6014 
f 5269/4687/6048 5273/4688/6052 5272/4692/6051 
f 5270/4686/6049 5269/4687/6048 5272/4692/6051 
f 5149/4658/5928 5137/4646/5916 5259/4704/6038 
f 5268/4684/6047 5149/4658/5928 5259/4704/6038 
f 5074/4614/5851 5073/4613/5850 5156/4638/5935 
f 5246/4693/6025 5250/4697/6029 5156/4638/5935 
f 5161/4633/5940 5274/4634/6053 5253/4639/6032 
f 5140/4649/5919 5161/4633/5940 5253/4639/6032 
f 5164/4670/5943 5275/4602/6054 5276/4601/6055 
f 5160/4632/5939 5164/4670/5943 5276/4601/6055 
f 5105/4617/5884 5277/4629/6056 5099/4615/5877 
f 5278/4630/6057 5279/4635/6058 5280/4709/6059 
f 5247/4694/6026 5245/4636/6024 5156/4638/5935 
f 5277/4629/6056 5280/4709/6059 5099/4615/5877 
f 5280/4709/6059 5281/4710/6060 5100/4616/5878 
f 5099/4615/5877 5280/4709/6059 5100/4616/5878 
f 5275/4602/6054 5164/4670/5943 5282/4711/6061 
f 5172/4677/5951 5247/4694/6026 5156/4638/5935 
f 5276/4601/6055 5275/4602/6054 5283/4603/6062 
f 5279/4635/6058 5276/4601/6055 5283/4603/6062 
f 5279/4635/6058 5283/4603/6062 5281/4710/6060 
f 5280/4709/6059 5279/4635/6058 5281/4710/6060 
f 5267/4628/6046 5278/4630/6057 5277/4629/6056 
f 5284/4627/6063 5267/4628/6046 5277/4629/6056 
f 5284/4627/6063 5277/4629/6056 5105/4617/5884 
f 5104/4619/5883 5284/4627/6063 5105/4617/5884 
f 5243/4624/6022 5242/4624/6021 5233/4631/6012 
f 5232/4631/6011 5243/4624/6022 5233/4631/6012 
f 5231/4626/6010 5230/4626/6009 5239/4623/6018 
f 5238/4623/6017 5231/4626/6010 5239/4623/6018 
f 5278/4630/6057 5274/4634/6053 5279/4635/6058 
f 5160/4632/5939 5276/4601/6055 5274/4634/6053 
f 5277/4629/6056 5278/4630/6057 5280/4709/6059 
f 5274/4634/6053 5276/4601/6055 5279/4635/6058 
f 5267/4628/6046 5253/4639/6032 5278/4630/6057 
f 5245/4636/6024 5244/4637/6023 5156/4638/5935 
f 5161/4633/5940 5160/4632/5939 5274/4634/6053 
f 5253/4639/6032 5274/4634/6053 5278/4630/6057 
f 5152/4661/5931 5151/4660/5930 5265/4708/6044 
f 5285/4712/6064 5152/4661/5931 5265/4708/6044 
f 5285/4712/6064 5265/4708/6044 5262/4707/6041 
f 5286/4713/6065 5285/4712/6064 5262/4707/6041 
f 5170/4675/5949 5169/4674/5948 5156/4638/5935 
f 5287/4714/6066 5288/4715/6067 5227/4641/6006 
f 5159/4667/5938 5284/4627/6063 5104/4619/5883 
f 5233/4631/6012 5159/4667/5938 5104/4619/5883 
f 5159/4667/5938 5158/4666/5937 5284/4627/6063 
f 5066/4606/5845 5170/4675/5949 5156/4638/5935 
f 5265/4708/6044 5151/4660/5930 5266/4689/6045 
f 5158/4666/5937 5267/4628/6046 5284/4627/6063 
f 5286/4713/6065 5262/4707/6041 5261/4706/6040 
f 5288/4715/6067 5286/4713/6065 5261/4706/6040 
f 5288/4715/6067 5261/4706/6040 5228/4625/6007 
f 5227/4641/6006 5288/4715/6067 5228/4625/6007 
f 5100/4616/5878 5281/4710/6060 5101/4618/5880 
f 5283/4603/6062 5289/4716/6068 5287/4714/6066 
f 5169/4674/5948 5172/4677/5951 5156/4638/5935 
f 5281/4710/6060 5287/4714/6066 5101/4618/5880 
f 5283/4603/6062 5275/4602/6054 5289/4716/6068 
f 5164/4670/5943 5154/4663/5933 5282/4711/6061 
f 5281/4710/6060 5283/4603/6062 5287/4714/6066 
f 5275/4602/6054 5282/4711/6061 5289/4716/6068 
f 5287/4714/6066 5289/4716/6068 5288/4715/6067 
f 5282/4711/6061 5285/4712/6064 5286/4713/6065 
f 5101/4618/5880 5287/4714/6066 5227/4641/6006 
f 5289/4716/6068 5286/4713/6065 5288/4715/6067 
f 5282/4711/6061 5154/4663/5933 5285/4712/6064 
f 5244/4637/6023 5246/4693/6025 5156/4638/5935 
f 5289/4716/6068 5282/4711/6061 5286/4713/6065 
f 5154/4663/5933 5152/4661/5931 5285/4712/6064 
f 5290/4707/6069 5204/4690/5983 5205/4691/5984 
f 5291/4706/6070 5290/4707/6069 5205/4691/5984 
f 5291/4706/6070 5205/4691/5984 5098/4626/5875 
f 5097/4625/5874 5291/4706/6070 5098/4626/5875 
f 5179/4660/5958 5182/4653/5961 5203/4689/5982 
f 5292/4708/6071 5179/4660/5958 5203/4689/5982 
f 5292/4708/6071 5203/4689/5982 5204/4690/5983 
f 5290/4707/6069 5292/4708/6071 5204/4690/5983 
f 5293/4700/6072 5122/4639/5901 5108/4628/5887 
f 5187/4666/5966 5293/4700/6072 5108/4628/5887 
f 5090/4622/5867 5294/4702/6073 5095/4624/5872 
f 5295/4697/6074 5296/4696/6075 5121/4638/5900 
f 5293/4700/6072 5187/4666/5966 5186/4665/5965 
f 5297/4698/6076 5293/4700/6072 5186/4665/5965 
f 5220/4650/5999 5293/4700/6072 5297/4698/6076 
f 5218/4642/5997 5220/4650/5999 5297/4698/6076 
f 5298/4712/6077 5185/4661/5964 5292/4708/6071 
f 5188/4667/5967 5107/4627/5886 5086/4619/5863 
f 5299/4713/6078 5298/4712/6077 5290/4707/6069 
f 5185/4661/5964 5179/4660/5958 5292/4708/6071 
f 5300/4714/6079 5301/4715/6080 5131/4641/5910 
f 5132/4618/5911 5300/4714/6079 5131/4641/5910 
f 5114/4631/5893 5188/4667/5967 5086/4619/5863 
f 5302/4675/6081 5303/4674/6082 5121/4638/5900 
f 5077/4606/5854 5302/4675/6081 5121/4638/5900 
f 5301/4715/6080 5291/4706/6070 5097/4625/5874 
f 5187/4666/5966 5108/4628/5887 5107/4627/5886 
f 5188/4667/5967 5187/4666/5966 5107/4627/5886 
f 5301/4715/6080 5299/4713/6078 5291/4706/6070 
f 5298/4712/6077 5292/4708/6071 5290/4707/6069 
f 5131/4641/5910 5301/4715/6080 5097/4625/5874 
f 5299/4713/6078 5290/4707/6069 5291/4706/6070 
f 5201/4688/5980 5200/4687/5979 5304/4705/6083 
f 5201/4688/5980 5304/4705/6083 5089/4620/5866 
f 5200/4687/5979 5197/4684/5976 5305/4703/6084 
f 5200/4687/5979 5305/4703/6084 5304/4705/6083 
f 5224/4646/6003 5221/4643/6000 5306/4699/6085 
f 5307/4704/6086 5224/4646/6003 5306/4699/6085 
f 5092/4621/5869 5201/4688/5980 5089/4620/5866 
f 5308/4695/6087 5126/4614/5905 5121/4638/5900 
f 5111/4623/5890 5206/4692/5985 5092/4621/5869 
f 5126/4614/5905 5128/4613/5907 5121/4638/5900 
f 5206/4692/5985 5199/4686/5978 5201/4688/5980 
f 5206/4692/5985 5201/4688/5980 5092/4621/5869 
f 5197/4684/5976 5196/4658/5975 5307/4704/6086 
f 5197/4684/5976 5307/4704/6086 5305/4703/6084 
f 5309/4693/6088 5295/4697/6074 5121/4638/5900 
f 5196/4658/5975 5224/4646/6003 5307/4704/6086 
f 5306/4699/6085 5221/4643/6000 5297/4698/6076 
f 5306/4699/6085 5297/4698/6076 5186/4665/5965 
f 5293/4700/6072 5220/4650/5999 5122/4639/5901 
f 5221/4643/6000 5218/4642/5997 5297/4698/6076 
f 5294/4702/6073 5310/4701/6089 5189/4683/5968 
f 5294/4702/6073 5189/4683/5968 5095/4624/5872 
f 5310/4701/6089 5306/4699/6085 5186/4665/5965 
f 5310/4701/6089 5186/4665/5965 5189/4683/5968 
f 5305/4703/6084 5310/4701/6089 5294/4702/6073 
f 5304/4705/6083 5305/4703/6084 5294/4702/6073 
f 5307/4704/6086 5306/4699/6085 5310/4701/6089 
f 5305/4703/6084 5307/4704/6086 5310/4701/6089 
f 5296/4696/6075 5308/4695/6087 5121/4638/5900 
f 5220/4650/5999 5195/4649/5974 5122/4639/5901 
f 5304/4705/6083 5294/4702/6073 5090/4622/5867 
f 5089/4620/5866 5304/4705/6083 5090/4622/5867 
f 5210/4679/5989 5215/4682/5994 5119/4636/5898 
f 5208/4678/5987 5210/4679/5989 5119/4636/5898 
f 5215/4682/5994 5213/4680/5992 5120/4637/5899 
f 5215/4682/5994 5120/4637/5899 5119/4636/5898 
f 5311/4677/6090 5207/4676/5986 5312/4694/6091 
f 5209/4673/5988 5207/4676/5986 5311/4677/6090 
f 5312/4694/6091 5208/4678/5987 5119/4636/5898 
f 5207/4676/5986 5208/4678/5987 5312/4694/6091 
f 5296/4696/6075 5216/4672/5995 5308/4695/6087 
f 5212/4681/5991 5216/4672/5995 5296/4696/6075 
f 5308/4695/6087 5129/4640/5908 5126/4614/5905 
f 5216/4672/5995 5129/4640/5908 5308/4695/6087 
f 5213/4680/5992 5212/4681/5991 5309/4693/6088 
f 5213/4680/5992 5309/4693/6088 5120/4637/5899 
f 5295/4697/6074 5212/4681/5991 5296/4696/6075 
f 5212/4681/5991 5295/4697/6074 5309/4693/6088 
f 5127/4612/5906 5222/4647/6001 5124/4611/5903 
f 5219/4644/5998 5222/4647/6001 5127/4612/5906 
f 5124/4611/5903 5225/4659/6004 5075/4604/5852 
f 5222/4647/6001 5225/4659/6004 5124/4611/5903 
f 5216/4672/5995 5217/4645/5996 5129/4640/5908 
f 5214/4651/5993 5217/4645/5996 5216/4672/5995 
f 5129/4640/5908 5219/4644/5998 5127/4612/5906 
f 5217/4645/5996 5219/4644/5998 5129/4640/5908 
f 5211/4657/5990 5209/4673/5988 5302/4675/6081 
f 5076/4605/5853 5211/4657/5990 5302/4675/6081 
f 5303/4674/6082 5209/4673/5988 5311/4677/6090 
f 5209/4673/5988 5303/4674/6082 5302/4675/6081 
f 5075/4604/5852 5223/4655/6002 5076/4605/5853 
f 5225/4659/6004 5223/4655/6002 5075/4604/5852 
f 5077/4606/5854 5076/4605/5853 5302/4675/6081 
f 5223/4655/6002 5181/4654/5960 5076/4605/5853 
f 5063/4603/5842 5313/4716/6092 5300/4714/6079 
f 5314/4710/6093 5063/4603/5842 5300/4714/6079 
f 5314/4710/6093 5300/4714/6079 5132/4618/5911 
f 5083/4616/5860 5314/4710/6093 5132/4618/5911 
f 5193/4670/5972 5184/4663/5963 5315/4711/6094 
f 5062/4602/5841 5193/4670/5972 5315/4711/6094 
f 5062/4602/5841 5315/4711/6094 5313/4716/6092 
f 5063/4603/5842 5062/4602/5841 5313/4716/6092 
f 5315/4711/6094 5298/4712/6077 5299/4713/6078 
f 5313/4716/6092 5315/4711/6094 5299/4713/6078 
f 5313/4716/6092 5299/4713/6078 5301/4715/6080 
f 5300/4714/6079 5313/4716/6092 5301/4715/6080 
f 5120/4637/5899 5309/4693/6088 5121/4638/5900 
f 5303/4674/6082 5311/4677/6090 5121/4638/5900 
f 5184/4663/5963 5185/4661/5964 5298/4712/6077 
f 5315/4711/6094 5184/4663/5963 5298/4712/6077 
f 5122/4639/5901 5195/4649/5974 5117/4634/5896 
f 5312/4694/6091 5119/4636/5898 5121/4638/5900 
f 5061/4601/5840 5115/4632/5894 5062/4602/5841 
f 5195/4649/5974 5116/4633/5895 5117/4634/5896 
f 5118/4635/5897 5316/4709/6095 5112/4630/5891 
f 5112/4630/5891 5316/4709/6095 5109/4629/5888 
f 5109/4629/5888 5316/4709/6095 5079/4615/5856 
f 5082/4617/5859 5109/4629/5888 5079/4615/5856 
f 5079/4615/5856 5316/4709/6095 5083/4616/5860 
f 5118/4635/5897 5063/4603/5842 5314/4710/6093 
f 5311/4677/6090 5312/4694/6091 5121/4638/5900 
f 5316/4709/6095 5314/4710/6093 5083/4616/5860 
f 5118/4635/5897 5061/4601/5840 5063/4603/5842 
f 5115/4632/5894 5193/4670/5972 5062/4602/5841 
f 5316/4709/6095 5118/4635/5897 5314/4710/6093 
usemtl mat_1_Doctor_Eye_D_jpg
f 5317/4601/5840 5318/4602/6096 5319/4603/6097 
f 5320/4604/6098 5321/4605/6099 5322/4606/6100 
f 5323/4607/6101 5320/4604/6098 5322/4606/6100 
f 5068/4608/5847 5324/4609/5847 5325/4610/5847 
f 5326/4611/6102 5320/4604/6098 5323/4607/6101 
f 5327/4612/6103 5326/4611/6102 5328/4613/6104 
f 5329/4614/6105 5327/4612/6103 5328/4613/6104 
f 5328/4613/6104 5326/4611/6102 5323/4607/6101 
f 5330/4604/6106 5331/4605/6107 5332/4606/6108 
f 5333/4615/6109 5334/4615/5856 5335/4616/6110 
f 5336/4617/6111 5337/4617/6112 5334/4615/5856 
f 5335/4616/6110 5338/4616/6113 5339/4618/6114 
f 5335/4616/6110 5334/4615/5856 5338/4616/6113 
f 5333/4615/6109 5336/4617/6111 5334/4615/5856 
f 5340/4619/6115 5341/4619/6116 5337/4617/6112 
f 5342/4620/6117 5343/4621/6118 5344/4620/5866 
f 5342/4620/6117 5344/4620/5866 5345/4622/6119 
f 5343/4621/6118 5346/4623/6120 5347/4621/6121 
f 5343/4621/6118 5347/4621/6121 5344/4620/5866 
f 5348/4624/6122 5349/4622/6123 5350/4624/5872 
f 5351/4625/6124 5352/4625/6125 5353/4626/6126 
f 5349/4622/6123 5342/4620/6117 5345/4622/6119 
f 5349/4622/6123 5345/4622/6119 5350/4624/5872 
f 5325/4616/6127 5354/4615/6128 5355/4616/6129 
f 5324/4615/6130 5354/4615/6128 5325/4616/6127 
f 5355/4616/6129 5356/4618/5880 5357/4618/6131 
f 5325/4616/6127 5355/4616/6129 5357/4618/6131 
f 5358/4619/6132 5359/4619/6133 5360/4617/6134 
f 5361/4617/6135 5358/4619/6132 5360/4617/6134 
f 5361/4617/6135 5360/4617/6134 5354/4615/6128 
f 5324/4615/6130 5361/4617/6135 5354/4615/6128 
f 5362/4627/6136 5363/4628/5887 5364/4629/5888 
f 5365/4626/6137 5353/4626/6126 5366/4623/5890 
f 5341/4619/6116 5362/4627/6136 5337/4617/6112 
f 5363/4628/5887 5367/4630/6138 5364/4629/5888 
f 5368/4631/6139 5348/4624/6122 5369/4631/6140 
f 5346/4623/6120 5366/4623/5890 5347/4621/6121 
f 5346/4623/6120 5365/4626/6137 5366/4623/5890 
f 5348/4624/6122 5350/4624/5872 5369/4631/6140 
f 5370/4632/6141 5317/4601/5840 5371/4633/5895 
f 5371/4633/5895 5317/4601/5840 5372/4634/6142 
f 5372/4634/6142 5317/4601/5840 5373/4635/6143 
f 5367/4630/6138 5372/4634/6142 5373/4635/6143 
f 5374/4636/6144 5375/4637/6145 5376/4638/6146 
f 5362/4627/6136 5364/4629/5888 5337/4617/6112 
f 5377/4639/6147 5372/4634/6142 5367/4630/6138 
f 5363/4628/5887 5377/4639/6147 5367/4630/6138 
f 5378/4607/6148 5330/4604/6106 5332/4606/6108 
f 5379/4611/6149 5330/4604/6106 5378/4607/6148 
f 5336/4617/6111 5340/4619/6115 5337/4617/6112 
f 5125/4608/6150 5333/4609/6150 5335/4610/6150 
f 5380/4614/6151 5381/4612/6152 5382/4613/6153 
f 5383/4640/6154 5381/4612/6152 5380/4614/6151 
f 5382/4613/6153 5379/4611/6149 5378/4607/6148 
f 5381/4612/6152 5379/4611/6149 5382/4613/6153 
f 5351/4625/6124 5384/4641/6155 5352/4625/6125 
f 5368/4631/6139 5369/4631/6140 5341/4619/6116 
f 5365/4626/6137 5351/4625/6124 5353/4626/6126 
f 5384/4641/6155 5385/4641/5910 5352/4625/6125 
f 5384/4641/6155 5339/4618/6114 5385/4641/5910 
f 5338/4616/6113 5386/4618/6156 5339/4618/6114 
f 5340/4619/6115 5368/4631/6139 5341/4619/6116 
f 5339/4618/6114 5386/4618/6156 5385/4641/5910 
f 5387/4642/6157 5388/4643/6158 5389/4644/5914 
f 5390/4645/6159 5387/4642/6157 5389/4644/5914 
f 5388/4643/6158 5391/4646/6160 5392/4647/6161 
f 5389/4644/5914 5388/4643/6158 5392/4647/6161 
f 5393/4648/6162 5394/4649/6163 5395/4650/6164 
f 5396/4651/6165 5393/4648/6162 5395/4650/6164 
f 5395/4650/6164 5387/4642/6157 5390/4645/6159 
f 5396/4651/6165 5395/4650/6164 5390/4645/6159 
f 5397/4652/5922 5398/4653/6166 5399/4654/6167 
f 5400/4655/6168 5397/4652/5922 5399/4654/6167 
f 5399/4654/6167 5401/4656/6169 5402/4657/6170 
f 5321/4605/6099 5399/4654/6167 5402/4657/6170 
f 5391/4646/6160 5403/4658/5928 5404/4659/6171 
f 5392/4647/6161 5391/4646/6160 5404/4659/6171 
f 5404/4659/6171 5403/4658/5928 5397/4652/5922 
f 5400/4655/6168 5404/4659/6171 5397/4652/5922 
f 5405/4660/6172 5406/4661/6173 5407/4662/6174 
f 5401/4656/6169 5405/4660/6172 5407/4662/6174 
f 5407/4662/6174 5406/4661/6173 5408/4663/6175 
f 5409/4664/5934 5407/4662/6174 5408/4663/6175 
f 5323/4607/6101 5322/4606/6100 5410/4638/6176 
f 5411/4665/6177 5412/4666/5937 5413/4667/6178 
f 5399/4654/6167 5398/4653/6166 5405/4660/6172 
f 5401/4656/6169 5399/4654/6167 5405/4660/6172 
f 5414/4632/6179 5415/4633/5940 5416/4668/6180 
f 5417/4669/6181 5414/4632/6179 5416/4668/6180 
f 5415/4633/5940 5394/4649/6163 5393/4648/6162 
f 5416/4668/6180 5415/4633/5940 5393/4648/6162 
f 5409/4664/5934 5408/4663/6175 5418/4670/6182 
f 5419/4671/6183 5409/4664/5934 5418/4670/6182 
f 5419/4671/6183 5418/4670/6182 5414/4632/6179 
f 5417/4669/6181 5419/4671/6183 5414/4632/6179 
f 5392/4647/6161 5404/4659/6171 5326/4611/6102 
f 5327/4612/6103 5392/4647/6161 5326/4611/6102 
f 5404/4659/6171 5400/4655/6168 5320/4604/6098 
f 5326/4611/6102 5404/4659/6171 5320/4604/6098 
f 5390/4645/6159 5389/4644/5914 5420/4640/6184 
f 5421/4672/6185 5390/4645/6159 5420/4640/6184 
f 5389/4644/5914 5392/4647/6161 5327/4612/6103 
f 5420/4640/6184 5389/4644/5914 5327/4612/6103 
f 5422/4673/6186 5423/4674/6187 5424/4675/6188 
f 5402/4657/6170 5422/4673/6186 5424/4675/6188 
f 5425/4676/6189 5426/4677/6190 5423/4674/6187 
f 5422/4673/6186 5425/4676/6189 5423/4674/6187 
f 5400/4655/6168 5399/4654/6167 5321/4605/6099 
f 5320/4604/6098 5400/4655/6168 5321/4605/6099 
f 5321/4605/6099 5402/4657/6170 5424/4675/6188 
f 5322/4606/6100 5321/4605/6099 5424/4675/6188 
f 5425/4676/6189 5409/4664/5934 5419/4671/6183 
f 5427/4678/6191 5425/4676/6189 5419/4671/6183 
f 5427/4678/6191 5419/4671/6183 5417/4669/6181 
f 5428/4679/6192 5427/4678/6191 5417/4669/6181 
f 5402/4657/6170 5401/4656/6169 5407/4662/6174 
f 5422/4673/6186 5402/4657/6170 5407/4662/6174 
f 5422/4673/6186 5407/4662/6174 5409/4664/5934 
f 5425/4676/6189 5422/4673/6186 5409/4664/5934 
f 5429/4680/6193 5393/4648/6162 5396/4651/6165 
f 5430/4681/6194 5429/4680/6193 5396/4651/6165 
f 5396/4651/6165 5390/4645/6159 5421/4672/6185 
f 5430/4681/6194 5396/4651/6165 5421/4672/6185 
f 5428/4679/6192 5417/4669/6181 5416/4668/6180 
f 5431/4682/6195 5428/4679/6192 5416/4668/6180 
f 5431/4682/6195 5416/4668/6180 5393/4648/6162 
f 5429/4680/6193 5431/4682/6195 5393/4648/6162 
f 5432/4656/6196 5433/4660/6197 5434/4662/6198 
f 5435/4654/6199 5436/4653/5961 5433/4660/6197 
f 5437/4664/6200 5434/4662/6198 5438/4663/5963 
f 5433/4660/6197 5439/4661/6201 5434/4662/6198 
f 5440/4665/5965 5441/4666/5966 5442/4667/5967 
f 5443/4683/6202 5440/4665/5965 5442/4667/5967 
f 5432/4656/6196 5435/4654/6199 5433/4660/6197 
f 5378/4607/6148 5332/4606/6108 5376/4638/6146 
f 5444/4668/6203 5445/4669/6204 5371/4633/5895 
f 5446/4671/5971 5447/4670/6205 5370/4632/6141 
f 5448/4648/6206 5444/4668/6203 5449/4649/6207 
f 5445/4669/6204 5370/4632/6141 5371/4633/5895 
f 5437/4664/6200 5438/4663/5963 5446/4671/5971 
f 5434/4662/6198 5439/4661/6201 5438/4663/5963 
f 5445/4669/6204 5446/4671/5971 5370/4632/6141 
f 5438/4663/5963 5447/4670/6205 5446/4671/5971 
f 5350/4624/5872 5443/4683/6202 5369/4631/6140 
f 5450/4658/6208 5451/4684/6209 5452/4685/6210 
f 5382/4613/6153 5378/4607/6148 5376/4638/6146 
f 5443/4683/6202 5442/4667/5967 5369/4631/6140 
f 5453/4686/6211 5452/4685/6210 5454/4687/6212 
f 5453/4686/6211 5454/4687/6212 5455/4688/6213 
f 5456/4652/6214 5450/4658/6208 5452/4685/6210 
f 5452/4685/6210 5451/4684/6209 5454/4687/6212 
f 5457/4689/6215 5452/4685/6210 5453/4686/6211 
f 5458/4690/6216 5457/4689/6215 5453/4686/6211 
f 5456/4652/6214 5452/4685/6210 5457/4689/6215 
f 5436/4653/5961 5456/4652/6214 5457/4689/6215 
f 5459/4691/6217 5460/4692/6218 5366/4623/5890 
f 5353/4626/6126 5459/4691/6217 5366/4623/5890 
f 5458/4690/6216 5453/4686/6211 5460/4692/6218 
f 5459/4691/6217 5458/4690/6216 5460/4692/6218 
f 5461/4676/5986 5437/4664/6200 5462/4678/6219 
f 5463/4673/6220 5434/4662/6198 5437/4664/6200 
f 5464/4679/6221 5462/4678/6219 5445/4669/6204 
f 5437/4664/6200 5446/4671/5971 5462/4678/6219 
f 5463/4673/6220 5465/4657/6222 5434/4662/6198 
f 5435/4654/6199 5432/4656/6196 5465/4657/6222 
f 5461/4676/5986 5463/4673/6220 5437/4664/6200 
f 5465/4657/6222 5432/4656/6196 5434/4662/6198 
f 5466/4681/6223 5467/4680/6224 5468/4651/6225 
f 5469/4682/6226 5444/4668/6203 5448/4648/6206 
f 5466/4681/6223 5468/4651/6225 5470/4672/6227 
f 5467/4680/6224 5448/4648/6206 5468/4651/6225 
f 5469/4682/6226 5464/4679/6221 5444/4668/6203 
f 5462/4678/6219 5446/4671/5971 5445/4669/6204 
f 5467/4680/6224 5469/4682/6226 5448/4648/6206 
f 5464/4679/6221 5445/4669/6204 5444/4668/6203 
f 5471/4645/6228 5472/4642/6229 5473/4644/6230 
f 5474/4650/6231 5472/4642/6229 5471/4645/6228 
f 5473/4644/6230 5475/4643/6232 5476/4647/6233 
f 5472/4642/6229 5475/4643/6232 5473/4644/6230 
f 5468/4651/6225 5448/4648/6206 5474/4650/6231 
f 5444/4668/6203 5371/4633/5895 5449/4649/6207 
f 5468/4651/6225 5474/4650/6231 5471/4645/6228 
f 5448/4648/6206 5449/4649/6207 5474/4650/6231 
f 5477/4655/6234 5456/4652/6214 5435/4654/6199 
f 5450/4658/6208 5456/4652/6214 5477/4655/6234 
f 5331/4605/6107 5435/4654/6199 5465/4657/6222 
f 5456/4652/6214 5436/4653/5961 5435/4654/6199 
f 5476/4647/6233 5478/4646/6235 5479/4659/6236 
f 5475/4643/6232 5478/4646/6235 5476/4647/6233 
f 5479/4659/6236 5450/4658/6208 5477/4655/6234 
f 5478/4646/6235 5450/4658/6208 5479/4659/6236 
f 5480/4641/6237 5481/4641/6238 5482/4625/6007 
f 5483/4625/6239 5480/4641/6237 5482/4625/6007 
f 5483/4625/6239 5482/4625/6007 5484/4626/6240 
f 5485/4626/6241 5483/4625/6239 5484/4626/6240 
f 5357/4618/6131 5356/4618/5880 5481/4641/6238 
f 5480/4641/6237 5357/4618/6131 5481/4641/6238 
f 5486/4631/6242 5487/4631/6243 5359/4619/6133 
f 5358/4619/6132 5486/4631/6242 5359/4619/6133 
f 5488/4621/6244 5489/4621/6245 5490/4620/6246 
f 5491/4620/6247 5488/4621/6244 5490/4620/6246 
f 5492/4623/6248 5493/4623/6249 5489/4621/6245 
f 5488/4621/6244 5492/4623/6248 5489/4621/6245 
f 5494/4622/6250 5495/4622/6251 5496/4624/6252 
f 5497/4624/6253 5494/4622/6250 5496/4624/6252 
f 5491/4620/6247 5490/4620/6246 5495/4622/6251 
f 5494/4622/6250 5491/4620/6247 5495/4622/6251 
f 5431/4682/6195 5498/4637/6254 5499/4636/6255 
f 5428/4679/6192 5431/4682/6195 5499/4636/6255 
f 5429/4680/6193 5500/4693/6256 5498/4637/6254 
f 5431/4682/6195 5429/4680/6193 5498/4637/6254 
f 5427/4678/6191 5501/4694/6257 5426/4677/6190 
f 5425/4676/6189 5427/4678/6191 5426/4677/6190 
f 5428/4679/6192 5499/4636/6255 5501/4694/6257 
f 5427/4678/6191 5428/4679/6192 5501/4694/6257 
f 5421/4672/6185 5420/4640/6184 5502/4695/6258 
f 5503/4696/6259 5421/4672/6185 5502/4695/6258 
f 5420/4640/6184 5327/4612/6103 5329/4614/6105 
f 5502/4695/6258 5420/4640/6184 5329/4614/6105 
f 5430/4681/6194 5504/4697/6260 5500/4693/6256 
f 5429/4680/6193 5430/4681/6194 5500/4693/6256 
f 5430/4681/6194 5421/4672/6185 5503/4696/6259 
f 5504/4697/6260 5430/4681/6194 5503/4696/6259 
f 5388/4643/6158 5387/4642/6157 5505/4698/6261 
f 5506/4699/6262 5388/4643/6158 5505/4698/6261 
f 5395/4650/6164 5394/4649/6163 5507/4639/6263 
f 5508/4700/6264 5395/4650/6164 5507/4639/6263 
f 5509/4701/6265 5411/4665/6177 5510/4683/6266 
f 5511/4702/6267 5509/4701/6265 5510/4683/6266 
f 5506/4699/6262 5505/4698/6261 5411/4665/6177 
f 5509/4701/6265 5506/4699/6262 5411/4665/6177 
f 5512/4703/6268 5513/4704/6269 5509/4701/6265 
f 5512/4703/6268 5509/4701/6265 5511/4702/6267 
f 5513/4704/6269 5391/4646/6160 5506/4699/6262 
f 5513/4704/6269 5506/4699/6262 5509/4701/6265 
f 5490/4620/6246 5514/4705/6270 5495/4622/6251 
f 5503/4696/6259 5502/4695/6258 5410/4638/6176 
f 5514/4705/6270 5512/4703/6268 5511/4702/6267 
f 5514/4705/6270 5511/4702/6267 5495/4622/6251 
f 5482/4625/6007 5515/4706/6271 5484/4626/6240 
f 5516/4707/6272 5517/4690/6042 5518/4691/6273 
f 5411/4665/6177 5505/4698/6261 5412/4666/5937 
f 5515/4706/6271 5518/4691/6273 5484/4626/6240 
f 5516/4707/6272 5519/4708/6274 5517/4690/6042 
f 5405/4660/6172 5398/4653/6166 5520/4689/6275 
f 5515/4706/6271 5516/4707/6272 5518/4691/6273 
f 5519/4708/6274 5520/4689/6275 5517/4690/6042 
f 5504/4697/6260 5503/4696/6259 5410/4638/6176 
f 5508/4700/6264 5507/4639/6263 5521/4628/6276 
f 5511/4702/6267 5510/4683/6266 5496/4624/6252 
f 5495/4622/6251 5511/4702/6267 5496/4624/6252 
f 5505/4698/6261 5387/4642/6157 5508/4700/6264 
f 5505/4698/6261 5508/4700/6264 5412/4666/5937 
f 5412/4666/5937 5508/4700/6264 5521/4628/6276 
f 5387/4642/6157 5395/4650/6164 5508/4700/6264 
f 5510/4683/6266 5413/4667/6178 5487/4631/6243 
f 5496/4624/6252 5510/4683/6266 5487/4631/6243 
f 5484/4626/6240 5518/4691/6273 5493/4623/6249 
f 5328/4613/6104 5323/4607/6101 5410/4638/6176 
f 5522/4684/6277 5523/4687/6278 5524/4686/6279 
f 5525/4685/6050 5522/4684/6277 5524/4686/6279 
f 5403/4658/5928 5522/4684/6277 5525/4685/6050 
f 5397/4652/5922 5403/4658/5928 5525/4685/6050 
f 5520/4689/6275 5398/4653/6166 5525/4685/6050 
f 5520/4689/6275 5525/4685/6050 5524/4686/6279 
f 5510/4683/6266 5411/4665/6177 5413/4667/6178 
f 5398/4653/6166 5397/4652/5922 5525/4685/6050 
f 5518/4691/6273 5517/4690/6042 5526/4692/6280 
f 5518/4691/6273 5526/4692/6280 5493/4623/6249 
f 5517/4690/6042 5520/4689/6275 5524/4686/6279 
f 5517/4690/6042 5524/4686/6279 5526/4692/6280 
f 5523/4687/6278 5512/4703/6268 5514/4705/6270 
f 5527/4688/6281 5523/4687/6278 5514/4705/6270 
f 5522/4684/6277 5513/4704/6269 5512/4703/6268 
f 5523/4687/6278 5522/4684/6277 5512/4703/6268 
f 5502/4695/6258 5329/4614/6105 5410/4638/6176 
f 5391/4646/6160 5388/4643/6158 5506/4699/6262 
f 5527/4688/6281 5514/4705/6270 5490/4620/6246 
f 5489/4621/6245 5527/4688/6281 5490/4620/6246 
f 5526/4692/6280 5527/4688/6281 5489/4621/6245 
f 5493/4623/6249 5526/4692/6280 5489/4621/6245 
f 5523/4687/6278 5527/4688/6281 5526/4692/6280 
f 5524/4686/6279 5523/4687/6278 5526/4692/6280 
f 5403/4658/5928 5391/4646/6160 5513/4704/6269 
f 5522/4684/6277 5403/4658/5928 5513/4704/6269 
f 5329/4614/6105 5328/4613/6104 5410/4638/6176 
f 5500/4693/6256 5504/4697/6260 5410/4638/6176 
f 5415/4633/5940 5528/4634/6282 5507/4639/6263 
f 5394/4649/6163 5415/4633/5940 5507/4639/6263 
f 5418/4670/6182 5529/4602/6283 5530/4601/6284 
f 5414/4632/6179 5418/4670/6182 5530/4601/6284 
f 5360/4617/6134 5531/4629/6056 5354/4615/6128 
f 5532/4630/6285 5533/4635/6286 5534/4709/6287 
f 5501/4694/6257 5499/4636/6255 5410/4638/6176 
f 5531/4629/6056 5534/4709/6287 5354/4615/6128 
f 5534/4709/6287 5535/4710/6288 5355/4616/6129 
f 5354/4615/6128 5534/4709/6287 5355/4616/6129 
f 5529/4602/6283 5418/4670/6182 5536/4711/6289 
f 5426/4677/6190 5501/4694/6257 5410/4638/6176 
f 5530/4601/6284 5529/4602/6283 5537/4603/6290 
f 5533/4635/6286 5530/4601/6284 5537/4603/6290 
f 5533/4635/6286 5537/4603/6290 5535/4710/6288 
f 5534/4709/6287 5533/4635/6286 5535/4710/6288 
f 5521/4628/6276 5532/4630/6285 5531/4629/6056 
f 5538/4627/6291 5521/4628/6276 5531/4629/6056 
f 5538/4627/6291 5531/4629/6056 5360/4617/6134 
f 5359/4619/6133 5538/4627/6291 5360/4617/6134 
f 5497/4624/6253 5496/4624/6252 5487/4631/6243 
f 5486/4631/6242 5497/4624/6253 5487/4631/6243 
f 5485/4626/6241 5484/4626/6240 5493/4623/6249 
f 5492/4623/6248 5485/4626/6241 5493/4623/6249 
f 5532/4630/6285 5528/4634/6282 5533/4635/6286 
f 5414/4632/6179 5530/4601/6284 5528/4634/6282 
f 5531/4629/6056 5532/4630/6285 5534/4709/6287 
f 5528/4634/6282 5530/4601/6284 5533/4635/6286 
f 5521/4628/6276 5507/4639/6263 5532/4630/6285 
f 5499/4636/6255 5498/4637/6254 5410/4638/6176 
f 5415/4633/5940 5414/4632/6179 5528/4634/6282 
f 5507/4639/6263 5528/4634/6282 5532/4630/6285 
f 5406/4661/6173 5405/4660/6172 5519/4708/6274 
f 5539/4712/6064 5406/4661/6173 5519/4708/6274 
f 5539/4712/6064 5519/4708/6274 5516/4707/6272 
f 5540/4713/6292 5539/4712/6064 5516/4707/6272 
f 5424/4675/6188 5423/4674/6187 5410/4638/6176 
f 5541/4714/6293 5542/4715/6294 5481/4641/6238 
f 5413/4667/6178 5538/4627/6291 5359/4619/6133 
f 5487/4631/6243 5413/4667/6178 5359/4619/6133 
f 5413/4667/6178 5412/4666/5937 5538/4627/6291 
f 5322/4606/6100 5424/4675/6188 5410/4638/6176 
f 5519/4708/6274 5405/4660/6172 5520/4689/6275 
f 5412/4666/5937 5521/4628/6276 5538/4627/6291 
f 5540/4713/6292 5516/4707/6272 5515/4706/6271 
f 5542/4715/6294 5540/4713/6292 5515/4706/6271 
f 5542/4715/6294 5515/4706/6271 5482/4625/6007 
f 5481/4641/6238 5542/4715/6294 5482/4625/6007 
f 5355/4616/6129 5535/4710/6288 5356/4618/5880 
f 5537/4603/6290 5543/4716/6068 5541/4714/6293 
f 5423/4674/6187 5426/4677/6190 5410/4638/6176 
f 5535/4710/6288 5541/4714/6293 5356/4618/5880 
f 5537/4603/6290 5529/4602/6283 5543/4716/6068 
f 5418/4670/6182 5408/4663/6175 5536/4711/6289 
f 5535/4710/6288 5537/4603/6290 5541/4714/6293 
f 5529/4602/6283 5536/4711/6289 5543/4716/6068 
f 5541/4714/6293 5543/4716/6068 5542/4715/6294 
f 5536/4711/6289 5539/4712/6064 5540/4713/6292 
f 5356/4618/5880 5541/4714/6293 5481/4641/6238 
f 5543/4716/6068 5540/4713/6292 5542/4715/6294 
f 5536/4711/6289 5408/4663/6175 5539/4712/6064 
f 5498/4637/6254 5500/4693/6256 5410/4638/6176 
f 5543/4716/6068 5536/4711/6289 5540/4713/6292 
f 5408/4663/6175 5406/4661/6173 5539/4712/6064 
f 5544/4707/6295 5458/4690/6216 5459/4691/6217 
f 5545/4706/6296 5544/4707/6295 5459/4691/6217 
f 5545/4706/6296 5459/4691/6217 5353/4626/6126 
f 5352/4625/6125 5545/4706/6296 5353/4626/6126 
f 5433/4660/6197 5436/4653/5961 5457/4689/6215 
f 5546/4708/6297 5433/4660/6197 5457/4689/6215 
f 5546/4708/6297 5457/4689/6215 5458/4690/6216 
f 5544/4707/6295 5546/4708/6297 5458/4690/6216 
f 5547/4700/6298 5377/4639/6147 5363/4628/5887 
f 5441/4666/5966 5547/4700/6298 5363/4628/5887 
f 5345/4622/6119 5548/4702/6299 5350/4624/5872 
f 5549/4697/6300 5550/4696/6301 5376/4638/6146 
f 5547/4700/6298 5441/4666/5966 5440/4665/5965 
f 5551/4698/6302 5547/4700/6298 5440/4665/5965 
f 5474/4650/6231 5547/4700/6298 5551/4698/6302 
f 5472/4642/6229 5474/4650/6231 5551/4698/6302 
f 5552/4712/6303 5439/4661/6201 5546/4708/6297 
f 5442/4667/5967 5362/4627/6136 5341/4619/6116 
f 5553/4713/6304 5552/4712/6303 5544/4707/6295 
f 5439/4661/6201 5433/4660/6197 5546/4708/6297 
f 5554/4714/6305 5555/4715/6306 5385/4641/5910 
f 5386/4618/6156 5554/4714/6305 5385/4641/5910 
f 5369/4631/6140 5442/4667/5967 5341/4619/6116 
f 5556/4675/6307 5557/4674/6308 5376/4638/6146 
f 5332/4606/6108 5556/4675/6307 5376/4638/6146 
f 5555/4715/6306 5545/4706/6296 5352/4625/6125 
f 5441/4666/5966 5363/4628/5887 5362/4627/6136 
f 5442/4667/5967 5441/4666/5966 5362/4627/6136 
f 5555/4715/6306 5553/4713/6304 5545/4706/6296 
f 5552/4712/6303 5546/4708/6297 5544/4707/6295 
f 5385/4641/5910 5555/4715/6306 5352/4625/6125 
f 5553/4713/6304 5544/4707/6295 5545/4706/6296 
f 5455/4688/6213 5454/4687/6212 5558/4705/6083 
f 5455/4688/6213 5558/4705/6083 5344/4620/5866 
f 5454/4687/6212 5451/4684/6209 5559/4703/6084 
f 5454/4687/6212 5559/4703/6084 5558/4705/6083 
f 5478/4646/6235 5475/4643/6232 5560/4699/6309 
f 5561/4704/6086 5478/4646/6235 5560/4699/6309 
f 5347/4621/6121 5455/4688/6213 5344/4620/5866 
f 5562/4695/6087 5380/4614/6151 5376/4638/6146 
f 5366/4623/5890 5460/4692/6218 5347/4621/6121 
f 5380/4614/6151 5382/4613/6153 5376/4638/6146 
f 5460/4692/6218 5453/4686/6211 5455/4688/6213 
f 5460/4692/6218 5455/4688/6213 5347/4621/6121 
f 5451/4684/6209 5450/4658/6208 5561/4704/6086 
f 5451/4684/6209 5561/4704/6086 5559/4703/6084 
f 5563/4693/6310 5549/4697/6300 5376/4638/6146 
f 5450/4658/6208 5478/4646/6235 5561/4704/6086 
f 5560/4699/6309 5475/4643/6232 5551/4698/6302 
f 5560/4699/6309 5551/4698/6302 5440/4665/5965 
f 5547/4700/6298 5474/4650/6231 5377/4639/6147 
f 5475/4643/6232 5472/4642/6229 5551/4698/6302 
f 5548/4702/6299 5564/4701/6089 5443/4683/6202 
f 5548/4702/6299 5443/4683/6202 5350/4624/5872 
f 5564/4701/6089 5560/4699/6309 5440/4665/5965 
f 5564/4701/6089 5440/4665/5965 5443/4683/6202 
f 5559/4703/6084 5564/4701/6089 5548/4702/6299 
f 5558/4705/6083 5559/4703/6084 5548/4702/6299 
f 5561/4704/6086 5560/4699/6309 5564/4701/6089 
f 5559/4703/6084 5561/4704/6086 5564/4701/6089 
f 5550/4696/6301 5562/4695/6087 5376/4638/6146 
f 5474/4650/6231 5449/4649/6207 5377/4639/6147 
f 5558/4705/6083 5548/4702/6299 5345/4622/6119 
f 5344/4620/5866 5558/4705/6083 5345/4622/6119 
f 5464/4679/6221 5469/4682/6226 5374/4636/6144 
f 5462/4678/6219 5464/4679/6221 5374/4636/6144 
f 5469/4682/6226 5467/4680/6224 5375/4637/6145 
f 5469/4682/6226 5375/4637/6145 5374/4636/6144 
f 5565/4677/6311 5461/4676/5986 5566/4694/6312 
f 5463/4673/6220 5461/4676/5986 5565/4677/6311 
f 5566/4694/6312 5462/4678/6219 5374/4636/6144 
f 5461/4676/5986 5462/4678/6219 5566/4694/6312 
f 5550/4696/6301 5470/4672/6227 5562/4695/6087 
f 5466/4681/6223 5470/4672/6227 5550/4696/6301 
f 5562/4695/6087 5383/4640/6154 5380/4614/6151 
f 5470/4672/6227 5383/4640/6154 5562/4695/6087 
f 5467/4680/6224 5466/4681/6223 5563/4693/6310 
f 5467/4680/6224 5563/4693/6310 5375/4637/6145 
f 5549/4697/6300 5466/4681/6223 5550/4696/6301 
f 5466/4681/6223 5549/4697/6300 5563/4693/6310 
f 5381/4612/6152 5476/4647/6233 5379/4611/6149 
f 5473/4644/6230 5476/4647/6233 5381/4612/6152 
f 5379/4611/6149 5479/4659/6236 5330/4604/6106 
f 5476/4647/6233 5479/4659/6236 5379/4611/6149 
f 5470/4672/6227 5471/4645/6228 5383/4640/6154 
f 5468/4651/6225 5471/4645/6228 5470/4672/6227 
f 5383/4640/6154 5473/4644/6230 5381/4612/6152 
f 5471/4645/6228 5473/4644/6230 5383/4640/6154 
f 5465/4657/6222 5463/4673/6220 5556/4675/6307 
f 5331/4605/6107 5465/4657/6222 5556/4675/6307 
f 5557/4674/6308 5463/4673/6220 5565/4677/6311 
f 5463/4673/6220 5557/4674/6308 5556/4675/6307 
f 5330/4604/6106 5477/4655/6234 5331/4605/6107 
f 5479/4659/6236 5477/4655/6234 5330/4604/6106 
f 5332/4606/6108 5331/4605/6107 5556/4675/6307 
f 5477/4655/6234 5435/4654/6199 5331/4605/6107 
f 5319/4603/6097 5567/4716/6313 5554/4714/6305 
f 5568/4710/6093 5319/4603/6097 5554/4714/6305 
f 5568/4710/6093 5554/4714/6305 5386/4618/6156 
f 5338/4616/6113 5568/4710/6093 5386/4618/6156 
f 5447/4670/6205 5438/4663/5963 5569/4711/6314 
f 5318/4602/6096 5447/4670/6205 5569/4711/6314 
f 5318/4602/6096 5569/4711/6314 5567/4716/6313 
f 5319/4603/6097 5318/4602/6096 5567/4716/6313 
f 5569/4711/6314 5552/4712/6303 5553/4713/6304 
f 5567/4716/6313 5569/4711/6314 5553/4713/6304 
f 5567/4716/6313 5553/4713/6304 5555/4715/6306 
f 5554/4714/6305 5567/4716/6313 5555/4715/6306 
f 5375/4637/6145 5563/4693/6310 5376/4638/6146 
f 5557/4674/6308 5565/4677/6311 5376/4638/6146 
f 5438/4663/5963 5439/4661/6201 5552/4712/6303 
f 5569/4711/6314 5438/4663/5963 5552/4712/6303 
f 5377/4639/6147 5449/4649/6207 5372/4634/6142 
f 5566/4694/6312 5374/4636/6144 5376/4638/6146 
f 5317/4601/5840 5370/4632/6141 5318/4602/6096 
f 5449/4649/6207 5371/4633/5895 5372/4634/6142 
f 5373/4635/6143 5570/4709/6315 5367/4630/6138 
f 5367/4630/6138 5570/4709/6315 5364/4629/5888 
f 5364/4629/5888 5570/4709/6315 5334/4615/5856 
f 5337/4617/6112 5364/4629/5888 5334/4615/5856 
f 5334/4615/5856 5570/4709/6315 5338/4616/6113 
f 5373/4635/6143 5319/4603/6097 5568/4710/6093 
f 5565/4677/6311 5566/4694/6312 5376/4638/6146 
f 5570/4709/6315 5568/4710/6093 5338/4616/6113 
f 5373/4635/6143 5317/4601/5840 5319/4603/6097 
f 5370/4632/6141 5447/4670/6205 5318/4602/6096 
f 5570/4709/6315 5373/4635/6143 5568/4710/6093 
# 0 polygons - 10662 triangles

