# 3ds Max Wavefront OBJ Exporter v0.99 - (c)2007 guruware
# File Created: 16.04.2025 20:17:58

mtllib ProfesorHead.mtl

#
# object ProfesorHead
#

v  -1.7994 6.2678 10.3673
v  -1.9526 6.5991 10.2665
v  -1.6609 6.7363 10.5252
v  -1.5135 6.2940 10.6013
v  -2.0440 6.2595 10.2116
v  -2.1534 6.4944 10.0713
v  -1.1180 6.3129 10.9174
v  -1.2359 6.8930 10.8840
v  -0.6461 7.0166 11.2233
v  -0.5583 6.3161 11.2070
v  0.0445 7.0583 11.3574
v  0.0658 6.2580 11.3304
v  -2.2730 6.3766 9.9523
v  -2.2003 6.2375 10.1437
v  -2.1268 6.8401 9.9028
v  -1.8417 7.1156 10.1598
v  -2.3232 6.6517 9.7252
v  -1.3895 7.4152 10.5049
v  -0.7384 7.6456 10.8437
v  0.0511 7.7251 10.9660
v  -2.4498 6.4603 9.6020
v  -2.2806 7.0277 9.0594
v  -1.9612 7.4345 9.2196
v  -2.4937 6.6860 8.9384
v  -0.7755 8.0780 9.6015
v  -1.4699 7.7682 9.4106
v  0.0658 8.1817 9.6786
v  -2.6187 6.3883 8.8549
v  -1.7553 6.6363 6.3019
v  -1.0941 5.9040 4.6574
v  -0.9342 6.1513 4.5892
v  -1.5001 7.0801 6.2757
v  -1.9212 6.2724 6.3068
v  -1.2026 5.7039 4.7002
v  -0.3366 6.6686 4.3402
v  -0.5672 7.8841 6.1712
v  -1.1119 7.5319 6.2213
v  -0.6888 6.4308 4.4569
v  0.0955 6.7625 4.2944
v  0.0871 8.0185 6.1532
v  -2.0093 5.9835 6.2973
v  -1.2653 5.5462 4.7192
v  -0.5649 5.3968 3.4941
v  -0.6643 5.2732 3.5360
v  -0.7366 5.1766 3.5468
v  -0.4076 5.5455 3.4236
v  -0.1791 5.6754 3.3552
v  0.1000 5.7255 3.3288
v  -0.7854 5.1066 3.5342
v  -2.2097 7.0321 7.9095
v  -1.8788 7.4924 7.9856
v  -2.4259 6.6079 7.8355
v  -1.3863 7.9539 8.0546
v  -0.7151 8.3594 8.1146
v  0.0770 8.4963 8.1407
v  -2.5434 6.2578 7.7746
v  -0.3979 4.9794 3.1336
v  -0.3319 5.0436 3.1219
v  -0.4463 4.9313 3.1284
v  -0.2280 5.1221 3.0949
v  -0.0790 5.1906 3.0663
v  0.1013 5.2167 3.0553
v  -0.4763 4.8991 3.1115
v  -0.0492 4.9507 3.0566
v  0.1012 4.9590 3.0543
v  -0.1775 4.9295 3.0627
v  -0.2729 4.9053 3.0670
v  -0.3389 4.8856 3.0662
v  -0.3871 4.8714 3.0617
v  1.6146 6.2642 10.6267
v  1.7706 6.6874 10.5283
v  2.0692 6.5509 10.2547
v  1.9029 6.2543 10.3847
v  2.1497 6.2704 10.2013
v  2.2810 6.4525 10.0530
v  0.7377 7.0002 11.2327
v  1.3338 6.8590 10.8946
v  1.2205 6.2931 10.9407
v  0.6946 6.3135 11.2316
v  2.4125 6.3534 9.9388
v  2.3258 6.2658 10.1122
v  1.9664 7.0780 10.1655
v  2.2611 6.8053 9.9031
v  2.4678 6.6053 9.7213
v  0.8431 7.6348 10.8508
v  1.5030 7.4013 10.5179
v  2.6014 6.4211 9.6015
v  2.1037 7.3968 9.2319
v  2.4282 6.9976 9.0695
v  2.6455 6.6579 8.9459
v  1.6070 7.7890 9.4272
v  0.9084 8.0721 9.6116
v  2.7737 6.3652 8.8613
v  1.9301 6.6433 6.3185
v  1.6742 7.0918 6.2934
v  1.1240 6.1538 4.5968
v  1.2836 5.9066 4.6659
v  1.3918 5.7066 4.7093
v  2.0967 6.2775 6.3223
v  1.2857 7.4824 6.2320
v  0.7413 7.8846 6.1773
v  0.5274 6.6696 4.3437
v  0.8791 6.4229 4.4630
v  1.4544 5.5489 4.7286
v  2.1854 5.9875 6.3115
v  0.8633 5.2752 3.5412
v  0.7642 5.3986 3.4987
v  0.9353 5.1785 3.5526
v  0.3790 5.6762 3.3571
v  0.6071 5.5470 3.4271
v  0.9839 5.1085 3.5403
v  2.0359 7.5368 8.0049
v  2.3693 7.0338 7.9272
v  2.5879 6.6115 7.8531
v  0.8693 8.2906 8.1236
v  1.5414 7.8724 8.0698
v  2.7071 6.2623 7.7920
v  0.6000 4.9806 3.1370
v  0.5342 5.0448 3.1248
v  0.6482 4.9325 3.1322
v  0.4305 5.1230 3.0971
v  0.2816 5.1911 3.0675
v  0.6781 4.9003 3.1155
v  0.2517 4.9510 3.0576
v  0.3799 4.9301 3.0646
v  0.4753 4.9061 3.0696
v  0.5411 4.8865 3.0692
v  0.5893 4.8724 3.0651
v  -0.7517 9.2820 11.4176
v  -0.6474 9.2802 11.5674
v  -0.6893 9.4486 11.4744
v  -0.7665 9.4208 11.3796
v  -0.9127 9.3242 11.2864
v  -0.9315 9.1024 11.3664
v  -0.7029 9.0558 11.4897
v  -0.8827 9.4755 11.2983
v  -0.7959 9.2543 12.0014
v  -0.9920 9.3656 11.8811
v  -0.9288 9.4881 11.7813
v  -0.7661 9.4008 11.8612
v  -1.2318 9.4178 11.6774
v  -1.3018 9.3258 11.4373
v  -1.2149 9.5200 11.3746
v  -1.1113 9.5425 11.5988
v  -1.0145 9.5139 11.2552
v  -1.0077 9.5880 11.3612
v  -1.1109 9.3877 11.2282
v  -0.7179 9.5350 11.7443
v  -0.6388 9.4502 11.7493
v  -0.6749 9.3286 11.8406
v  -0.8521 9.5669 11.6995
v  -0.9323 9.5936 11.5430
v  -0.6324 9.0741 11.6791
v  -0.6299 9.2959 11.7282
v  -0.6211 9.4594 11.6230
v  -0.8312 9.5417 11.4072
v  -0.7505 9.5700 11.5669
v  -1.1457 9.1960 11.3548
v  -0.6871 9.1791 11.9781
v  -0.6303 9.1203 11.8477
v  -2.1019 9.3056 -8.1428
v  -2.0506 8.3485 -7.4094
v  -1.7220 9.0379 -6.6658
v  -1.8312 9.8242 -7.3002
v  -1.3595 7.4650 -6.6147
v  -1.2917 8.3383 -6.0613
v  2.8511 7.8522 -6.2913
v  1.9772 7.2047 -5.8929
v  1.9125 6.6481 -6.1051
v  2.9418 7.5040 -6.4688
v  3.4209 8.4491 -7.1496
v  3.2268 8.7073 -6.7715
v  3.1070 9.9825 -6.9055
v  2.9672 9.0670 -6.4690
v  3.3788 9.6473 -7.3518
v  3.1142 10.7369 -7.5545
v  3.3243 10.5404 -7.9306
v  -1.2482 11.0343 -9.3454
v  -2.0162 10.2867 -8.8727
v  -1.5891 10.6301 -7.9168
v  -0.9814 11.2674 -8.3792
v  -0.3250 11.4387 -9.5522
v  -0.2277 10.8678 -10.1799
v  -0.9044 10.3692 -9.9415
v  2.1952 11.5991 -9.0671
v  2.3471 11.2586 -9.6765
v  1.5128 11.3105 -10.0956
v  1.4106 11.6973 -9.4387
v  0.6137 11.1464 -10.2545
v  0.5639 11.6248 -9.5889
v  -0.2319 11.7036 -8.6763
v  0.5316 11.8773 -8.7446
v  2.8275 11.1703 -8.5348
v  1.9040 11.6747 -8.3593
v  2.6118 11.3718 -8.0385
v  3.7134 10.3978 -8.2738
v  3.0791 10.9449 -9.0612
v  -1.1274 7.1309 -7.2081
v  0.2198 6.6113 -6.4843
v  0.1247 6.8657 -5.9346
v  -1.6205 8.7482 -8.8995
v  -1.7090 7.9312 -8.1393
v  2.8021 8.2399 -6.1482
v  2.6793 7.7787 -5.5679
v  3.8165 9.4180 -7.6469
v  -1.3689 9.6229 -9.4993
v  1.2359 11.8328 -8.6249
v  -0.0861 7.4758 -5.5247
v  -1.3636 14.9640 11.1506
v  -1.4700 15.6709 11.1617
v  -2.7825 15.8773 10.7776
v  -2.8049 15.3761 10.8592
v  -3.9561 15.4400 10.1932
v  -3.9686 15.8433 10.0607
v  -4.8880 15.4156 9.2449
v  -4.8613 15.0560 9.4343
v  -5.6757 12.8905 7.8328
v  -5.6409 13.6319 8.0753
v  -5.8514 14.0380 7.5475
v  -5.9884 12.8659 7.2704
v  -2.8369 14.6881 10.6533
v  -3.8847 14.7615 10.2622
v  -0.4943 13.3725 10.6747
v  -0.4361 12.6434 10.8196
v  0.0244 12.7279 11.0064
v  0.0280 13.4324 10.8451
v  -0.7265 14.0766 10.8495
v  0.0291 14.1417 11.0063
v  0.0360 15.1912 11.2690
v  -0.8687 12.3604 10.4512
v  -0.8477 13.1928 10.4007
v  -5.2335 10.8632 8.8400
v  -4.6924 10.3132 9.3458
v  -4.2824 10.9833 9.4724
v  -4.7901 11.3772 9.0349
v  -5.6527 12.1594 7.9725
v  -5.2833 12.3762 8.3615
v  -5.3610 12.8842 8.2924
v  -5.3278 13.3888 8.5208
v  -5.4634 14.3696 8.7006
v  -5.1556 13.9238 9.0267
v  -1.1563 13.8280 10.5677
v  -4.7103 14.4632 9.6639
v  -5.6704 15.1244 7.9866
v  -5.5419 14.7316 8.4030
v  -5.4926 15.1363 8.3746
v  -1.5325 16.8177 11.0345
v  -1.6136 17.6797 10.8640
v  -2.9857 17.5719 10.4750
v  -2.8589 16.8271 10.6370
v  -4.2855 17.1333 9.6703
v  -5.2321 16.3575 8.6536
v  -5.0715 15.9817 8.9110
v  -4.1240 16.5758 9.8718
v  -4.9471 15.7061 9.1033
v  -5.9392 10.8954 7.8811
v  -5.5354 11.4856 8.3504
v  -6.0384 11.8146 7.4673
v  -5.9049 15.9344 7.5588
v  -6.1135 15.8984 7.1008
v  -6.0959 14.4181 6.8114
v  -5.8200 15.4078 7.6579
v  -3.2608 19.0089 9.7206
v  -4.5794 18.3056 8.9391
v  -4.4320 17.7306 9.3472
v  -3.1211 18.3328 10.1616
v  -1.8148 14.3488 10.7485
v  -0.6615 16.1497 11.2191
v  -1.5031 16.1986 11.1119
v  -0.6814 15.6544 11.2453
v  -0.7268 18.6029 10.6758
v  -0.7940 19.4359 10.2447
v  -1.8802 19.3240 10.1131
v  -1.7363 18.5546 10.5557
v  -5.6205 10.1114 8.4027
v  -4.4544 11.7179 9.1527
v  -4.7645 12.1171 8.8478
v  -5.1005 11.8659 8.6252
v  -6.2736 12.7942 6.5767
v  -6.3527 11.2955 6.7748
v  -5.7394 9.1873 7.7950
v  -5.2693 8.4949 8.3629
v  -5.0985 9.4541 8.9367
v  -0.6923 17.6813 10.9763
v  -6.1333 10.0818 7.2470
v  -4.7652 13.6192 9.2279
v  -4.3915 14.0126 9.6756
v  -4.9645 13.2253 8.8742
v  -4.9486 12.5160 8.6767
v  -5.0271 12.8705 8.6704
v  -2.8325 14.2367 10.3313
v  -2.0155 13.9830 10.3773
v  -2.7243 10.8692 10.0497
v  -2.7176 11.3459 9.9217
v  -3.3925 11.2853 9.7711
v  -3.5477 10.7550 9.8192
v  -3.7028 14.2683 10.0927
v  -1.4337 13.5807 10.2719
v  -1.1126 13.0546 10.1381
v  -1.1614 12.4818 10.0986
v  -2.0097 11.2288 10.2086
v  -2.0725 11.5807 9.9895
v  -3.9925 11.4257 9.5020
v  -1.3945 11.7241 10.3005
v  -1.5202 11.9776 10.0189
v  -3.4365 13.6554 10.0546
v  -3.4353 13.5160 10.1878
v  -2.8639 13.4561 10.2481
v  -2.8360 13.6191 10.1263
v  -4.4501 13.4877 9.2868
v  -4.1286 13.7825 9.6614
v  -4.6820 13.1386 9.0966
v  -1.8033 12.7878 9.8548
v  -1.8165 12.5997 9.8270
v  -1.7527 12.5806 9.8361
v  -1.7349 12.8127 9.8574
v  -4.0595 12.3237 9.6170
v  -4.0117 12.4643 9.6930
v  -4.2199 12.6613 9.5256
v  -4.2896 12.5512 9.4542
v  -4.7532 12.8583 8.9545
v  -4.6869 12.5955 8.9384
v  -2.1677 13.7263 10.1178
v  -2.8317 13.9432 10.1470
v  -4.3909 13.0301 9.4045
v  -4.4120 12.8764 9.3258
v  -4.3321 12.8883 9.3937
v  -4.3074 12.9825 9.4634
v  -2.7352 11.6788 9.8538
v  -3.3007 11.6153 9.7459
v  -1.9847 13.0795 9.8847
v  -2.0666 12.9787 9.9545
v  -3.5598 13.9815 10.0151
v  -1.6761 13.3608 10.0569
v  -3.6690 12.2906 9.8440
v  -3.6932 12.1363 9.7738
v  -3.2398 12.0641 9.8796
v  -3.2365 12.2222 9.9424
v  -2.0336 12.4829 9.8411
v  -1.9658 12.4070 9.8510
v  -2.1901 11.8793 9.8903
v  -1.7276 12.1824 9.8942
v  -3.8141 11.7214 9.5469
v  -4.2348 11.9640 9.2856
v  -4.5220 12.2830 9.0624
v  -4.2571 13.2534 9.5840
v  -4.2061 13.1461 9.6819
v  -3.9295 13.3695 9.9539
v  -3.9543 13.5053 9.8270
v  -4.3878 12.7505 9.3379
v  -4.3055 12.8048 9.4102
v  -2.4196 13.1593 10.0717
v  -2.3455 13.3494 9.9953
v  -2.3302 12.4140 9.9022
v  -2.3092 12.2653 9.8800
v  -2.7612 12.2987 9.9533
v  -2.7527 12.1302 9.9132
v  -4.0031 13.6868 9.6472
v  -4.3571 13.3703 9.4235
v  -4.5450 13.0865 9.2402
v  -1.3819 12.9582 9.9762
v  -1.4156 12.5572 9.9443
v  -4.5419 12.6385 9.1287
v  -4.5898 12.8536 9.1332
v  -2.8189 13.8244 10.0247
v  -2.2355 13.6054 9.9389
v  -2.7402 11.8500 9.8403
v  -3.2613 11.7869 9.7589
v  -3.4749 13.8719 9.9273
v  -1.8135 13.2508 9.9194
v  -2.2452 12.0340 9.8647
v  -1.8323 12.2788 9.8684
v  -3.7470 11.8763 9.6109
v  -4.1533 12.0983 9.4174
v  -4.4132 12.3761 9.2429
v  -1.5341 12.8948 9.9001
v  -1.5603 12.5704 9.8843
v  -4.1042 12.2079 9.5237
v  -4.3470 12.4562 9.3687
v  -0.0511 9.5078 12.6965
v  -0.0392 9.9917 12.7036
v  -0.6280 9.9667 12.5244
v  -0.6291 9.5274 12.4982
v  -1.1278 9.8615 12.0816
v  -1.0821 9.5206 12.1125
v  -0.8906 11.7249 10.9141
v  -0.9174 11.1449 11.2578
v  -0.4655 11.3806 11.6112
v  -0.4510 11.9918 11.2318
v  -0.5125 10.8413 11.9643
v  -0.5806 10.3988 12.2970
v  -0.0194 10.4451 12.4935
v  -0.0004 10.9153 12.1657
v  -2.7427 3.9253 9.0929
v  -3.1357 4.7185 9.1322
v  -3.3822 4.4574 8.5959
v  -2.9363 3.5453 8.5923
v  -2.4207 2.8319 8.8095
v  -1.8022 2.3155 9.2235
v  -1.6998 2.8253 9.6774
v  -2.2654 3.2873 9.2784
v  -0.9507 2.5459 10.1245
v  -1.0024 1.9562 9.6819
v  -1.9950 10.7413 10.4226
v  -2.7588 10.2549 10.2332
v  -3.7961 9.8114 9.8898
v  -3.4365 5.5346 9.3115
v  -3.7276 5.4317 8.8402
v  -3.4954 7.9310 10.0701
v  -3.8115 7.2145 9.6666
v  -3.4560 7.0160 9.9454
v  -3.1558 7.6449 10.2787
v  -3.9258 8.2922 9.8102
v  -4.4680 8.8255 9.4451
v  -4.7612 7.9110 8.8709
v  -4.2459 7.4645 9.3163
v  0.0173 12.0845 11.4135
v  0.0068 11.4783 11.8018
v  -1.0616 10.2466 11.8504
v  -1.4051 11.2782 10.6195
v  -1.4229 10.7473 10.8624
v  -0.0033 2.4698 10.2903
v  0.0099 3.1247 10.4128
v  -0.8766 3.1705 10.2531
v  -3.1672 5.6673 9.6875
v  -3.2389 6.2772 9.9117
v  -3.5427 6.3363 9.6106
v  -0.5464 5.4589 11.1296
v  -0.6692 5.0797 11.2785
v  0.0605 4.9969 11.3601
v  0.0901 5.3542 11.2137
v  -0.7709 4.5379 11.2278
v  -1.2733 5.2838 11.0339
v  -1.4259 4.7986 10.9412
v  -2.9336 4.9901 9.5419
v  -2.5957 4.3417 9.5216
v  -2.0403 6.7040 11.0587
v  -1.9147 6.4789 10.8759
v  -1.6247 6.5859 11.1902
v  -1.7191 6.9071 11.4059
v  -1.2320 7.1063 11.7622
v  -0.6345 7.2239 12.0724
v  -0.6169 7.6904 12.0120
v  -1.2321 7.5832 11.7404
v  -1.8204 5.1893 10.6687
v  -1.9581 4.7296 10.3693
v  -1.5091 4.3257 10.5807
v  -2.2460 5.8934 10.3376
v  -2.0561 5.5755 10.4624
v  -1.9193 5.8527 10.5545
v  -2.1121 6.0687 10.4276
v  -0.0133 8.0098 11.7828
v  -0.5545 8.0712 11.7887
v  -0.0235 7.5982 12.0735
v  -1.5652 8.7966 11.0871
v  -1.6714 9.1240 11.3521
v  -1.8359 9.4272 11.1511
v  -1.8740 9.1505 10.7959
v  -1.7555 7.3493 11.3992
v  -2.1334 7.0500 11.0506
v  -2.3950 9.1391 10.4793
v  -2.9820 8.5646 10.3405
v  -2.6921 8.2037 10.5020
v  -2.1860 8.7247 10.6084
v  -1.5080 10.0213 11.4025
v  -1.5854 9.7015 11.6411
v  -3.3496 9.0474 10.1808
v  -2.1371 3.7908 9.6408
v  -3.1459 6.8282 10.1844
v  -0.8276 4.0809 10.8803
v  -2.3878 6.1191 10.3073
v  -2.4332 6.2658 10.3642
v  -2.6543 6.2760 10.2807
v  -2.6066 6.0117 10.1669
v  -2.4606 5.6604 10.1557
v  -2.2456 5.2068 10.2331
v  -2.0591 4.2674 9.9971
v  -1.5358 3.8978 10.1609
v  -2.4082 6.7681 10.7304
v  -2.5854 6.5208 10.4738
v  -2.3838 6.4020 10.5204
v  -2.2366 6.5306 10.7509
v  -1.6699 5.5654 10.7723
v  -1.1193 5.6031 10.9006
v  -1.5306 5.7879 10.6505
v  -1.5435 6.3544 10.8618
v  -1.8274 6.3033 10.6109
v  -2.0502 6.2620 10.4302
v  -2.1161 6.3865 10.6306
v  -3.8733 6.4146 9.2496
v  -4.2803 6.5235 8.7740
v  -4.7630 6.8566 8.2328
v  -4.5577 5.6273 7.6077
v  -4.0985 5.4241 8.2494
v  -2.8896 5.8419 9.9724
v  -2.7184 5.3310 9.8910
v  -0.6092 6.7816 11.8523
v  -1.1841 6.7051 11.5397
v  -1.1256 6.4173 11.1731
v  -0.5467 6.4410 11.4430
v  -1.8153 5.9701 10.4606
v  -2.0429 6.1197 10.3650
v  -2.2605 7.4650 10.9181
v  -2.6301 7.0562 10.6281
v  -2.4382 7.8589 10.7204
v  -1.8138 8.3493 10.9322
v  -0.0077 1.8671 9.8610
v  -0.8322 3.7104 10.3882
v  -2.9406 6.2585 10.1395
v  -2.4514 4.7570 9.8999
v  -1.1454 7.9946 11.5186
v  -1.7600 7.8256 11.2068
v  -2.8755 7.3532 10.4732
v  -1.5796 3.3887 9.9014
v  -2.8576 6.6570 10.3656
v  -0.0221 8.6619 11.7766
v  -0.5323 8.7908 11.6207
v  -0.4933 8.5802 11.6353
v  -0.0134 8.5328 11.7134
v  -2.6129 9.6484 10.3885
v  -1.9413 10.2066 10.5702
v  -1.8434 9.6957 10.7211
v  -0.5143 8.3875 11.6792
v  -0.9525 8.6190 11.3166
v  -1.0745 8.3661 11.3652
v  -0.0535 9.1563 12.4725
v  -0.6470 9.2292 12.2758
v  0.0246 6.7337 11.9931
v  -0.0074 7.1799 12.2399
v  0.0453 4.4608 11.3213
v  0.0366 4.0093 10.9847
v  0.0841 6.3677 11.5519
v  0.0239 3.7057 10.5052
v  -0.0118 8.3527 11.7024
v  -4.1424 4.4108 7.1746
v  -3.7145 4.3157 7.9272
v  -1.9448 2.0032 7.5624
v  -0.9800 1.6735 7.9058
v  -0.9876 1.7112 8.9526
v  -1.8489 2.0749 8.5512
v  -2.8214 2.6073 7.2946
v  -2.5799 2.5998 8.1708
v  -3.2002 3.3281 7.9261
v  -3.5770 3.4347 7.1338
v  0.0267 1.5430 8.0746
v  0.0015 1.5895 9.1423
v  -0.9714 10.6411 11.5494
v  -1.4778 9.3982 11.7391
v  -1.7903 9.7441 11.0610
v  -1.4292 10.2946 11.0907
v  -0.4540 8.8738 11.8077
v  -0.0361 8.7519 11.8885
v  -0.5188 9.0346 12.1535
v  -0.0534 8.9612 12.2494
v  -1.2695 8.9476 11.3639
v  -1.3845 9.1224 11.4916
v  -0.8776 8.8582 11.2908
v  -1.0317 9.3429 12.0168
v  -1.3104 9.3532 11.7119
v  -0.0486 8.8399 12.0505
v  -0.4702 8.9355 11.9818
v  -2.2448 6.3278 10.5030
v  -2.2279 6.1977 10.3536
v  -2.2403 6.2254 10.3645
v  -2.8030 16.3038 10.7101
v  -4.0239 16.1768 9.9766
v  -0.6719 16.7862 11.1463
v  0.0460 16.1074 11.2600
v  0.0557 16.7739 11.1849
v  0.0791 17.6719 11.0161
v  0.1100 18.6068 10.7181
v  0.1278 19.4605 10.2840
v  -5.3888 16.8051 8.3360
v  -5.5637 17.2116 7.9377
v  0.0678 5.1597 10.9700
v  -0.5459 5.2575 10.8698
v  -1.4939 5.6471 10.3832
v  -1.1023 5.4202 10.6333
v  -1.7839 5.8819 10.2241
v  -2.0435 6.0865 10.1662
v  -2.2032 6.2173 10.1496
v  -4.3002 13.3026 9.5043
v  -3.9733 13.5796 9.7337
v  -4.4617 13.0633 9.3273
v  -4.4931 12.8615 9.2348
v  -4.4603 12.6871 9.2452
v  -2.2860 13.4948 9.9435
v  -2.8252 13.7192 10.0493
v  -2.7462 11.9868 9.8626
v  -3.2447 11.9268 9.8072
v  -3.4519 13.7549 9.9637
v  -1.8967 13.1812 9.8718
v  -2.2810 12.1523 9.8597
v  -1.9012 12.3425 9.8577
v  -3.7154 12.0050 9.6915
v  -1.6485 12.8456 9.8638
v  -1.6694 12.5694 9.8491
v  -3.4373 13.3479 10.1916
v  -3.4049 13.2388 9.9979
v  -2.9152 13.1731 10.0369
v  -2.8985 13.2790 10.2282
v  -1.8681 12.7573 9.8423
v  -1.9287 12.7379 9.8138
v  -1.9274 12.6549 9.8039
v  -1.8729 12.6261 9.8210
v  -3.8956 12.7017 9.6905
v  -4.0731 12.7956 9.5317
v  -4.1448 12.7492 9.5590
v  -3.9626 12.6087 9.7231
v  -4.2533 12.8913 9.4327
v  -4.2030 12.8949 9.3933
v  -4.1645 12.9380 9.4536
v  -4.2207 12.9442 9.4955
v  -2.2027 12.8553 9.8563
v  -2.1408 12.9006 9.9495
v  -3.5883 12.5948 9.8352
v  -3.6341 12.4644 9.8711
v  -3.2280 12.3976 9.9575
v  -3.2015 12.5449 9.9158
v  -2.1158 12.5788 9.8278
v  -2.1922 12.6550 9.8025
v  -3.8118 13.1252 9.8029
v  -3.8718 13.1985 9.9635
v  -4.1275 13.0374 9.6943
v  -4.0600 13.0072 9.5806
v  -4.2217 12.8374 9.4621
v  -4.1563 12.8552 9.4284
v  -2.4619 12.9582 9.9143
v  -2.4772 13.0281 10.0644
v  -2.3639 12.5774 9.8975
v  -2.3737 12.6776 9.8251
v  -2.7665 12.6036 9.9175
v  -2.7729 12.4823 9.9542
v  -2.7406 12.6383 9.7404
v  -2.3914 12.6384 9.6644
v  -3.1425 12.5715 9.7400
v  -3.5040 12.5892 9.6837
v  -3.8264 12.6827 9.5496
v  -4.0162 12.7712 9.3954
v  -4.1339 12.8437 9.2812
v  -2.4323 13.0785 9.7474
v  -2.1451 12.9711 9.6069
v  -2.2285 12.8726 9.7675
v  -4.1901 12.8998 9.2454
v  -4.1435 12.9603 9.3058
v  -2.2287 12.6785 9.7271
v  -2.1573 12.6713 9.5509
v  -3.3563 13.2725 9.7556
v  -2.8577 13.2352 9.8204
v  -3.9815 13.0661 9.4323
v  -3.7445 13.1850 9.5918
v  -1.9601 12.7408 9.7938
v  -1.9642 12.6674 9.7842
v  -2.2041 12.7322 9.7080
v  -2.1066 12.7511 9.5361
v  -2.0221 12.6852 9.7751
v  -2.0151 12.7360 9.7843
v  -2.2025 12.8049 9.7210
v  -2.1042 12.8652 9.5572
v  -1.9599 12.8789 9.4557
v  -1.9572 12.7666 9.4248
v  1.4314 14.9420 11.2192
v  2.8873 15.3362 10.9352
v  2.8791 15.8237 10.8389
v  1.5618 15.6538 11.2338
v  4.0828 15.3818 10.2990
v  4.9802 14.9775 9.5366
v  5.0084 15.3190 9.3418
v  4.0938 15.7647 10.1333
v  5.8593 12.7843 8.0765
v  6.1582 12.7480 7.5476
v  5.9447 13.9797 7.8528
v  5.7526 13.5470 8.2904
v  3.9617 14.7294 10.3522
v  2.8916 14.6812 10.7257
v  0.4936 12.6291 10.8526
v  0.5569 13.3502 10.7133
v  0.7873 14.0524 10.9005
v  0.9179 12.3191 10.4962
v  0.8987 13.1549 10.4335
v  4.9174 11.3121 9.1992
v  4.3845 10.9058 9.5950
v  4.7959 10.2322 9.4910
v  5.3661 10.7789 9.0246
v  5.8513 12.0549 8.2065
v  5.5352 12.8022 8.5245
v  5.4627 12.2933 8.5843
v  5.4661 13.3228 8.7145
v  5.4984 14.2772 8.8258
v  5.2490 13.8810 9.1711
v  1.2083 13.8036 10.6098
v  4.7984 14.4200 9.7761
v  5.7169 15.0177 8.2487
v  5.5492 15.0379 8.5758
v  5.5886 14.6423 8.5798
v  2.9807 16.7412 10.6494
v  3.1400 17.4285 10.4731
v  1.8259 17.6180 10.9054
v  1.6695 16.7816 11.0722
v  4.3750 16.9584 9.6673
v  4.2287 16.4520 9.8876
v  5.1575 15.8494 9.0009
v  5.2913 16.1941 8.7472
v  5.0530 15.5944 9.1947
v  5.7064 11.3887 8.5634
v  6.1422 10.7673 8.1186
v  6.2507 11.6777 7.7153
v  5.8481 15.3056 7.9557
v  6.2173 14.3324 7.2036
v  6.0755 15.6788 7.4868
v  5.8587 15.7928 7.8953
v  3.5023 18.7652 9.7845
v  3.3205 18.1344 10.1881
v  4.5238 17.4803 9.3738
v  4.6834 17.9490 9.0084
v  1.8649 14.3444 10.8022
v  0.7561 16.1422 11.2544
v  0.7665 15.6474 11.2935
v  1.6068 16.1740 11.1594
v  1.0626 19.4037 10.2662
v  0.9637 18.5800 10.7155
v  2.0025 18.4758 10.6202
v  2.1819 19.2236 10.1713
v  5.7731 10.0001 8.6103
v  4.9167 12.0577 9.0404
v  4.5860 11.6649 9.3148
v  5.2674 11.7947 8.8331
v  6.4832 12.6669 6.8887
v  6.6063 11.1363 7.0495
v  5.9296 9.0456 8.0180
v  5.2323 9.3571 9.1191
v  5.4199 8.3797 8.5517
v  0.8679 17.6608 11.0138
v  6.3728 9.9255 7.4972
v  4.4566 13.9935 9.8312
v  4.8919 13.6109 9.3928
v  5.1164 13.1980 9.0438
v  5.1818 12.8090 8.8630
v  5.1034 12.4444 8.8664
v  2.8723 14.2395 10.4061
v  2.0562 13.9772 10.4382
v  2.7901 11.2512 9.9977
v  2.7891 10.7770 10.1177
v  3.6345 10.6704 9.9175
v  3.4885 11.1946 9.8813
v  3.7431 14.2354 10.2018
v  1.4806 13.5494 10.3107
v  1.1707 12.9949 10.1850
v  1.2029 12.4137 10.1377
v  2.1308 11.5003 10.0418
v  2.0567 11.1433 10.2552
v  4.1068 11.3485 9.6280
v  1.5634 11.9033 10.0669
v  1.4388 11.6501 10.3482
v  3.5033 13.6381 10.0722
v  2.9103 13.5971 10.1018
v  2.9184 13.4009 10.2163
v  3.5148 13.4506 10.2012
v  4.2131 13.7863 9.8164
v  4.5993 13.4781 9.4588
v  4.8142 13.1418 9.2037
v  1.7627 12.5321 9.9393
v  1.8269 12.5510 9.9335
v  1.8113 12.7332 9.9374
v  1.7529 12.7533 9.9388
v  4.3093 12.5099 9.5951
v  4.2100 12.5996 9.6813
v  4.0626 12.4119 9.8261
v  4.1384 12.2778 9.7568
v  4.8964 12.8261 9.0852
v  4.8307 12.5467 9.0844
v  2.8759 13.9484 10.2229
v  2.2090 13.6996 10.2016
v  4.4479 12.8309 9.4624
v  4.4164 12.9620 9.5576
v  4.2839 12.8878 9.6005
v  4.3213 12.8278 9.5333
v  3.4028 11.5179 9.8705
v  2.8111 11.5771 9.9490
v  2.0499 12.9669 9.9838
v  1.9944 13.0650 9.9618
v  3.6020 13.9560 10.0951
v  1.7178 13.3215 10.0922
v  3.3363 11.9457 10.0253
v  3.7933 12.0548 9.9206
v  3.7500 12.2082 9.9893
v  3.3244 12.0932 10.0896
v  2.0180 12.3561 9.9808
v  2.0888 12.4366 9.9845
v  2.2472 11.7922 9.9734
v  1.7654 12.1181 9.9782
v  4.3693 11.9135 9.4501
v  3.9380 11.6424 9.6871
v  4.6656 12.2410 9.2335
v  4.0113 13.4462 9.8875
v  3.9780 13.2467 9.9713
v  4.2017 13.0068 9.7386
v  4.2950 13.1939 9.6833
v  4.3007 12.7330 9.5778
v  4.4080 12.6931 9.4778
v  2.3741 13.3798 10.0230
v  2.4200 13.2048 10.1054
v  2.3669 12.1776 10.0407
v  2.4021 12.3278 10.0785
v  2.8329 12.0061 10.0635
v  2.8411 12.1643 10.1249
v  4.0736 13.6831 9.7646
v  4.4386 13.4183 9.4777
v  4.6588 13.1019 9.3248
v  1.4335 12.8876 10.0245
v  1.4617 12.4879 10.0145
v  4.7277 12.8379 9.2373
v  4.6627 12.6135 9.2344
v  2.3156 13.5454 10.0144
v  2.8901 13.7774 10.0700
v  3.3638 11.6859 9.9001
v  2.8183 11.7473 9.9532
v  3.5242 13.8193 9.9896
v  1.8608 13.2032 9.9589
v  2.3008 11.9422 9.9740
v  1.8697 12.2200 9.9753
v  4.2693 12.0537 9.5704
v  3.8668 11.8000 9.7645
v  4.5222 12.3520 9.3750
v  1.5832 12.8211 9.9644
v  1.5985 12.5104 9.9754
v  4.4159 12.4279 9.4905
v  4.2025 12.1619 9.6698
v  0.5562 9.9379 12.5432
v  0.5196 9.5056 12.5112
v  1.0100 9.4450 12.1835
v  1.0997 9.8094 12.1532
v  0.4966 11.9861 11.2731
v  0.4982 11.3831 11.6708
v  0.9485 11.1177 11.3239
v  0.9392 11.6931 10.9695
v  0.5612 10.3818 12.3435
v  0.5367 10.8428 12.0326
v  2.8306 3.8914 9.1510
v  3.0179 3.4925 8.6538
v  3.4904 4.3968 8.6897
v  3.2444 4.6699 9.2073
v  2.4571 2.8011 8.8445
v  2.3112 3.2690 9.3150
v  1.7006 2.8275 9.6854
v  1.7926 2.3219 9.2294
v  0.9332 2.5557 10.1040
v  0.9722 1.9961 9.6647
v  2.0373 10.6631 10.4857
v  2.8164 10.1729 10.3093
v  3.8817 9.7332 9.9890
v  3.5397 5.4998 9.4057
v  3.8342 5.3668 8.9446
v  3.2387 7.6270 10.3851
v  3.5466 6.9711 10.0458
v  3.9147 7.1541 9.7869
v  3.5936 7.9267 10.2001
v  4.3613 7.4051 9.4556
v  4.8918 7.8314 9.0323
v  4.5899 8.7763 9.6007
v  4.0353 8.2639 9.9512
v  1.0807 10.2161 11.9313
v  1.4429 11.2133 10.6730
v  1.4594 10.6924 10.9343
v  0.8931 3.1816 10.2656
v  3.2652 5.6602 9.7687
v  3.6396 6.2706 9.6949
v  3.3303 6.2476 9.9823
v  0.7862 5.0974 11.2963
v  0.7212 5.4683 11.1348
v  1.5147 4.8335 10.9643
v  1.3803 5.2924 11.0445
v  0.8525 4.5747 11.2471
v  3.0332 4.9936 9.6188
v  2.6790 4.3288 9.5706
v  2.0149 6.4560 10.8833
v  2.1004 6.6697 11.0642
v  1.7787 6.8729 11.4105
v  1.6983 6.5545 11.1794
v  1.2480 7.5191 11.7600
v  0.6100 7.6680 12.0346
v  0.6588 7.1819 12.0670
v  1.2740 7.0509 11.7681
v  1.9108 5.2159 10.6800
v  1.5849 4.3561 10.6147
v  2.0436 4.7597 10.3985
v  2.2684 6.0557 10.4207
v  2.0443 5.8364 10.5479
v  2.1689 5.5820 10.4708
v  2.3804 5.8889 10.3454
v  0.5482 8.0471 11.8238
v  1.6604 9.0677 11.5032
v  1.5879 8.7221 11.2066
v  1.9089 9.0870 10.8998
v  1.8534 9.3802 11.2682
v  2.1916 7.0153 11.0694
v  1.7845 7.2869 11.4113
v  2.4467 9.0752 10.5870
v  2.2310 8.6631 10.7011
v  2.7553 8.1588 10.5945
v  3.0592 8.5274 10.4622
v  1.5687 9.6615 11.7472
v  1.5258 9.9716 11.4935
v  3.4308 8.9871 10.3009
v  2.1987 3.7639 9.6687
v  3.2257 6.7965 10.2566
v  0.8905 4.0936 10.8886
v  2.5605 6.2510 10.3686
v  2.5267 6.1120 10.3148
v  2.7171 5.9859 10.2050
v  2.7563 6.2484 10.3154
v  2.3427 5.2238 10.2579
v  2.5703 5.6474 10.1872
v  1.5947 3.9028 10.1976
v  2.1275 4.2798 10.0273
v  2.4886 6.7444 10.7629
v  2.3325 6.5094 10.7644
v  2.4989 6.3800 10.5288
v  2.6800 6.4893 10.5068
v  1.7730 5.5751 10.7663
v  1.6393 5.7848 10.6397
v  1.2437 5.5991 10.8985
v  1.6489 6.3213 10.8498
v  1.9541 6.2872 10.6133
v  2.2521 6.3738 10.6412
v  2.2007 6.2652 10.4300
v  3.9726 6.3136 9.3444
v  4.6697 5.5289 7.7329
v  4.8811 6.7570 8.3817
v  4.3834 6.4536 8.9048
v  4.2048 5.3426 8.3666
v  2.8146 5.3316 9.9417
v  2.9878 5.8219 10.0264
v  0.7167 6.4238 11.4459
v  1.2454 6.3772 11.1633
v  1.2581 6.6770 11.5344
v  0.6812 6.7571 11.8480
v  1.9401 5.9643 10.4590
v  2.1877 6.1234 10.3590
v  2.7021 7.0330 10.6841
v  2.3127 7.4113 10.9601
v  1.8501 8.2775 11.0063
v  2.4910 7.8042 10.7864
v  0.8862 3.7038 10.4313
v  3.0313 6.2375 10.1905
v  2.5320 4.7843 9.9434
v  1.7960 7.7611 11.2482
v  1.1621 7.9449 11.5527
v  2.9452 7.3348 10.5497
v  1.6150 3.3717 9.9200
v  2.9380 6.6279 10.4138
v  0.4725 8.5350 11.6664
v  0.5052 8.7305 11.6664
v  2.6721 9.5797 10.4990
v  1.9824 10.1375 10.6575
v  1.8697 9.6286 10.8105
v  0.5008 8.3565 11.7066
v  1.0833 8.3182 11.4112
v  0.9457 8.5667 11.3757
v  0.5339 9.1613 12.3014
v  3.8298 4.2414 8.0372
v  4.2916 4.3210 7.3040
v  1.0484 1.6929 7.9918
v  2.0465 2.0580 7.7770
v  1.8792 2.0592 8.5826
v  0.9946 1.7001 8.9420
v  3.7290 3.3570 7.2424
v  3.2989 3.2615 8.0082
v  2.6417 2.5713 8.2424
v  2.9583 2.5977 7.4715
v  1.0050 10.6148 11.6279
v  1.3932 9.3303 11.8457
v  1.8043 9.6803 11.1570
v  1.4595 10.2409 11.1732
v  0.3762 8.8205 11.8081
v  0.3850 8.9814 12.1414
v  1.3533 9.1262 11.5551
v  1.2403 8.8810 11.4466
v  1.2882 9.2540 11.5271
v  1.1328 9.0572 11.4394
v  0.8790 8.7869 11.3933
v  0.9321 9.2642 12.0704
v  1.2286 9.3290 11.7784
v  0.5595 9.1065 11.9549
v  0.6842 9.1974 12.0049
v  0.3491 8.8908 11.9650
v  0.9148 8.9682 11.4523
v  2.3987 6.3194 10.5032
v  2.3940 6.2035 10.3418
v  2.4098 6.2317 10.3523
v  0.5875 8.9655 11.6972
v  0.5373 9.0272 11.8334
v  2.9092 16.2385 10.7496
v  4.1426 16.0792 10.0212
v  0.7899 16.7723 11.1752
v  5.4211 16.5723 8.4879
v  5.6011 16.8556 8.1390
v  0.6843 5.2418 10.9032
v  1.6037 5.6571 10.4064
v  1.2106 5.4239 10.6660
v  1.9001 5.9020 10.2389
v  2.1526 6.1073 10.1479
v  2.3282 6.2545 10.1166
v  4.0249 13.6010 9.7725
v  4.3676 13.3364 9.5759
v  4.5395 13.0594 9.4465
v  4.5892 12.8459 9.3555
v  4.5290 12.6611 9.3553
v  2.3520 13.4790 9.9709
v  2.9044 13.7109 10.0297
v  2.8246 11.8729 10.0017
v  3.3460 11.8136 9.9587
v  3.5063 13.7571 9.9747
v  1.9392 13.1397 9.9363
v  2.3339 12.0542 10.0006
v  1.9463 12.2881 9.9756
v  3.8275 11.9233 9.8444
v  1.6936 12.5187 9.9496
v  1.6867 12.7762 9.9426
v  3.4459 13.1173 10.0948
v  3.4977 13.2173 10.2585
v  2.9308 13.2105 10.3080
v  2.9405 13.1024 10.1685
v  1.8905 12.5717 9.9277
v  1.9464 12.5856 9.9126
v  1.9297 12.6847 9.9213
v  1.8737 12.7083 9.9322
v  3.9318 12.6286 9.8487
v  3.9869 12.5413 9.8703
v  4.1337 12.6779 9.7282
v  4.0712 12.7279 9.7025
v  4.1831 12.8438 9.5831
v  4.2233 12.8405 9.5695
v  4.1888 12.8741 9.6170
v  4.1492 12.8740 9.6207
v  2.1756 12.7990 9.9582
v  2.1106 12.8590 9.9942
v  3.3051 12.2586 10.1301
v  3.6910 12.3818 10.0252
v  3.6550 12.4993 10.0208
v  3.2748 12.4194 10.1253
v  2.1543 12.5210 9.9787
v  2.2129 12.5854 9.9457
v  4.1395 12.9255 9.7613
v  3.9308 13.0617 10.0325
v  3.8580 13.0057 9.9005
v  4.0832 12.9126 9.7243
v  4.1426 12.7975 9.6188
v  4.2062 12.7770 9.6278
v  2.4587 13.0380 10.1864
v  2.4468 12.9131 10.0664
v  2.4532 12.5797 10.0460
v  2.4389 12.4732 10.0938
v  2.8675 12.4805 10.1289
v  2.8510 12.3402 10.1593
v  0.6971 8.9360 11.5456
v  0.9079 9.3068 11.9204
v  1.1726 9.3656 11.7631
v  2.8820 12.5053 10.0416
v  2.4989 12.6025 9.9514
v  3.2788 12.4624 10.0424
v  3.6355 12.5420 9.9324
v  3.9041 12.6476 9.7399
v  4.1069 12.7998 9.5349
v  4.0398 12.7316 9.6186
v  2.4916 12.9234 10.0071
v  2.2134 12.7834 9.8979
v  2.2272 12.7931 9.8291
v  4.1315 12.8860 9.5601
v  4.1727 12.8532 9.5328
v  2.2544 12.6022 9.8734
v  2.2704 12.5818 9.7867
v  2.9326 13.1171 10.1094
v  3.4111 13.1396 10.0117
v  4.0381 12.9511 9.6268
v  3.8114 13.0354 9.8111
v  1.9759 12.5903 9.8956
v  1.9567 12.6719 9.9054
v  2.2308 12.6317 9.7899
v  2.2390 12.6602 9.8713
v  2.0283 12.6197 9.9191
v  2.0179 12.6612 9.9234
v  2.2268 12.7196 9.8732
v  2.2245 12.7128 9.7944
v  2.0728 12.6458 9.7212
v  2.0893 12.5581 9.7094
v  -2.1527 -0.6526 -4.8630
v  -3.6087 0.3599 -3.5775
v  -3.1129 0.9832 -3.3116
v  -0.6695 0.8582 -4.7423
v  -4.7196 0.8606 -1.8823
v  -0.8236 1.4359 5.2381
v  0.1721 1.1844 5.4303
v  0.1498 1.7494 5.5058
v  -0.8536 2.0401 5.3172
v  -5.4298 7.5283 1.5961
v  -4.8898 8.9136 -0.3060
v  -4.1934 7.0467 -1.2293
v  -5.0594 5.8411 0.9833
v  -2.1227 2.5109 5.8465
v  -2.0060 2.7215 5.3473
v  -0.8830 2.4537 5.5864
v  -0.9856 2.2363 6.0687
v  -1.8724 2.5389 4.9968
v  -3.1735 3.3324 4.3939
v  -2.8547 2.9155 4.0472
v  -1.7555 2.0022 4.8027
v  -6.5740 12.8432 5.4851
v  -6.3635 14.5595 6.0238
v  -6.3943 10.4707 5.5897
v  -6.0184 8.9893 6.4818
v  -5.6509 8.0732 7.1220
v  -5.2217 7.3870 7.7129
v  -1.7287 1.0410 4.6854
v  -2.7476 1.9926 3.8762
v  -3.2318 3.0622 5.4703
v  -3.2175 3.2862 4.8913
v  -4.4220 4.3811 2.8380
v  -4.1985 3.3135 2.6591
v  0.1418 2.3128 5.6550
v  0.1094 2.1725 6.1608
v  -5.4436 5.8094 4.8955
v  -5.0591 5.1952 5.6590
v  -5.4562 6.7041 6.3526
v  -5.7906 7.4667 5.6621
v  -4.5913 4.3548 4.5580
v  -4.2841 3.9831 5.4798
v  -3.1096 2.8053 6.3010
v  -3.9732 3.6886 6.2622
v  -5.0814 5.2007 3.3506
v  -5.7879 6.8661 3.9722
v  -5.9515 8.2675 2.8173
v  -1.0099 1.9076 6.9516
v  -2.0970 2.2152 6.6292
v  0.0648 1.8153 7.1320
v  -4.6260 4.7514 6.4035
v  -5.0405 6.0934 6.9855
v  -6.4710 11.0887 3.7661
v  -6.7916 12.6164 3.7974
v  -6.1642 9.5415 3.4086
v  -6.0256 8.4981 4.7374
v  -0.7243 0.5469 5.2220
v  -4.8931 4.5320 0.8850
v  -4.1573 5.2971 -1.1032
v  -3.0640 6.5823 -2.9492
v  -3.0836 5.4223 -2.8981
v  -1.5627 6.1819 -4.4150
v  -1.2769 5.2438 -4.2465
v  0.2124 0.5101 5.3415
v  0.6679 5.9394 -5.0522
v  0.9253 5.0028 -4.8397
v  -6.6297 13.9191 4.8898
v  -6.5770 15.0383 5.3234
v  -6.8768 13.9267 3.7136
v  1.1739 1.7790 5.3306
v  1.1550 1.1947 5.1788
v  5.8496 8.0684 1.1637
v  5.4114 6.2420 0.1241
v  4.6378 7.0447 -1.9619
v  5.7544 8.7600 -0.5772
v  1.1560 2.3156 5.4630
v  2.2696 2.4867 5.1922
v  2.3566 2.4346 5.8317
v  1.1945 2.2310 6.0894
v  2.0698 1.4252 4.6097
v  3.0431 2.0309 3.9674
v  3.3320 2.7465 4.2947
v  2.1758 2.0836 4.8193
v  6.8375 12.6844 5.9435
v  6.5492 14.3731 6.4319
v  6.6929 10.2487 6.0015
v  6.2615 8.8154 6.7294
v  5.3675 7.2669 7.8905
v  5.8397 7.9281 7.3289
v  1.9439 0.4005 4.6675
v  3.0645 0.7625 4.0298
v  3.5298 2.9574 5.6215
v  3.5080 2.9852 4.8389
v  4.2096 1.8028 3.2529
v  4.1687 3.0450 3.4507
v  7.3325 12.5241 3.9177
v  7.0385 10.9920 3.9315
v  7.1567 11.2804 3.1921
v  7.7070 12.6083 3.0726
v  5.9072 6.5902 2.2814
v  6.3713 8.8449 2.4545
v  6.3218 7.9493 3.0437
v  5.4955 5.1510 1.6061
v  5.6642 5.3512 3.2106
v  6.1897 6.9480 3.7375
v  6.6027 9.4290 3.6312
v  6.7500 9.9213 2.9941
v  5.6857 5.4761 5.1744
v  6.0262 7.2476 5.9115
v  5.6511 6.5530 6.5484
v  5.3106 5.0390 5.8760
v  4.5829 3.8370 5.6479
v  4.7952 3.9824 4.8830
v  3.3361 2.7078 6.3524
v  4.2092 3.6013 6.4183
v  5.9550 6.0448 4.4643
v  4.8975 4.0997 4.0516
v  5.0383 4.1031 2.7068
v  1.1546 1.8788 6.9739
v  2.2812 2.1412 6.6590
v  5.1832 5.9738 7.1420
v  4.8302 4.6391 6.5809
v  7.0996 12.4030 4.8897
v  6.8277 10.6551 4.8269
v  6.4578 8.7959 4.3923
v  6.2920 8.0685 5.2140
v  1.0638 0.4727 5.1508
v  5.1056 2.8553 2.1730
v  3.2637 6.1236 -4.5685
v  3.2326 5.0061 -4.0415
v  5.0777 4.7298 -0.4984
v  4.4085 5.1469 -2.1249
v  5.3748 3.8437 0.8300
v  7.1219 13.7279 4.8089
v  7.8067 13.7859 3.7936
v  6.9118 13.7221 5.5029
v  6.7943 14.7500 5.8291
v  8.2071 13.8122 2.5959
v  -3.6859 8.4123 -2.8293
v  -5.2515 10.2541 -1.7619
v  -2.9045 7.3251 -3.3008
v  -1.8430 -0.5863 4.6939
v  -3.0941 0.4904 3.9619
v  -4.3604 2.0618 2.6376
v  -4.8858 3.3688 0.8542
v  -3.2165 4.3112 -2.9983
v  -4.2195 4.1106 -1.0549
v  4.4317 3.9244 -2.1584
v  3.2184 4.0064 -3.6610
v  4.9392 3.8071 -0.9293
v  5.4313 1.8070 1.7463
v  4.5766 0.5045 3.1844
v  7.0820 15.0005 5.0344
v  8.4338 14.9718 3.9783
v  9.1964 15.0973 1.5694
v  -7.3115 15.4281 4.3094
v  1.1472 4.0924 -4.5720
v  -1.0812 4.2633 -4.1054
v  -2.2621 7.6090 -4.5901
v  -1.8504 6.8352 -4.5462
v  5.7561 9.7084 -1.5472
v  4.5079 8.3097 -2.9904
v  4.7807 9.1140 -3.8623
v  6.4059 10.9492 -2.3939
v  3.0801 6.8814 -5.0603
v  0.3926 6.6272 -5.1486
v  5.2952 2.8002 -0.1495
v  7.7698 12.6429 2.4659
v  7.2525 11.4948 2.6863
v  6.4228 9.1502 1.1593
v  6.7126 9.1970 2.0666
v  6.4550 9.8751 0.0136
v  6.9562 10.1255 2.4688
v  7.6226 12.7546 2.0981
v  7.2496 11.6850 2.3370
v  7.0913 10.5612 2.3204
v  7.0825 10.6669 2.1913
v  7.2225 11.2390 2.1883
v  7.2210 10.0143 1.8741
v  7.1533 10.2778 1.7762
v  6.7025 10.7441 2.0093
v  6.9547 10.7237 2.0775
v  6.9453 10.3629 1.7505
v  6.6991 10.4174 1.6231
v  6.8807 11.2992 1.9034
v  7.0760 11.3608 2.0397
v  6.7643 11.6319 0.9797
v  6.9863 11.8761 1.3882
v  6.9428 11.6979 1.6266
v  6.7582 11.4029 1.1876
v  6.7403 11.1911 0.8873
v  6.8714 11.3758 0.6675
v  7.9562 11.3505 -0.1992
v  8.0377 11.4209 0.0392
v  7.6754 10.8067 0.4049
v  7.8152 10.6407 0.2924
v  6.9817 11.1884 0.4047
v  7.2160 10.9468 0.3081
v  7.4862 11.4595 0.2442
v  7.1039 11.5544 0.2513
v  7.9118 12.1734 -0.4011
v  8.0186 12.1056 -0.6123
v  8.2227 12.7873 -0.5880
v  7.9913 12.7321 -0.5031
v  7.9905 11.2882 -0.3165
v  8.1508 12.0706 -0.7062
v  8.2316 12.0259 -0.9231
v  8.4045 12.8651 -0.8062
v  8.3938 12.8336 -0.7396
v  8.2298 12.0466 -0.8132
v  8.0491 11.2171 -0.4392
v  8.0163 11.1325 -0.6099
v  8.3467 12.8117 -0.6681
v  7.8364 10.4029 0.1520
v  7.8112 10.2112 -0.0844
v  7.4162 9.7727 0.8870
v  7.4585 9.4397 0.7304
v  7.4803 10.2001 0.8749
v  7.4154 10.0068 0.8216
v  7.7946 10.5387 0.2146
v  7.4525 10.0301 1.3999
v  7.3542 9.8395 1.3081
v  7.2000 9.6282 1.7108
v  7.0593 9.1460 1.5021
v  6.8756 9.3824 0.8369
v  7.2364 9.5530 0.4655
v  7.0471 10.2979 0.1024
v  6.7142 10.6881 -0.7610
v  7.3297 11.1721 -0.5269
v  8.1056 12.0372 -1.0618
v  7.7755 11.1301 -0.6780
v  7.8541 12.0141 -1.0953
v  7.4847 10.2554 -0.1118
v  7.6522 12.8185 1.8151
v  7.1229 12.0843 2.0745
v  7.8876 13.6857 1.4564
v  7.9858 13.5131 1.2783
v  7.6948 12.8497 1.6005
v  8.0192 13.4140 1.1299
v  7.6704 12.8770 1.4258
v  8.0016 13.3465 1.0208
v  7.5284 12.8959 1.1651
v  7.7971 13.2274 0.8324
v  7.9507 13.2943 0.9641
v  7.6234 12.8827 1.3257
v  7.6119 12.7910 0.8800
v  7.4018 12.3807 1.0339
v  7.5602 12.1787 0.7144
v  7.8288 12.5828 0.5272
v  6.8864 12.0137 1.2301
v  6.8507 11.7130 0.8188
v  6.9590 11.8311 0.6240
v  6.9058 12.1362 1.0588
v  7.2047 12.4403 1.3040
v  7.2674 12.3550 1.4627
v  8.0714 13.3401 0.3907
v  7.8689 13.1157 0.3275
v  7.9965 12.9729 -0.1414
v  8.2364 13.2252 -0.1484
v  8.2359 13.4565 0.4664
v  7.2939 12.2091 1.7787
v  7.3098 12.2854 1.5908
v  8.3381 13.6939 0.5079
v  8.3001 13.5632 0.4953
v  8.4778 13.4142 -0.1998
v  8.5373 13.5338 -0.2613
v  8.5828 13.6486 -0.3126
v  8.3431 13.8478 0.5158
v  8.9446 13.7807 -0.4300
v  8.5213 14.0145 0.5529
v  8.3865 12.9374 -0.8900
v  8.3987 12.9953 -1.0819
v  8.3910 13.3163 -0.1580
v  6.8832 11.7345 1.9170
v  8.0176 13.7180 1.7694
v  8.3726 12.8230 -1.4289
v  9.0672 14.0285 -0.6947
v  8.9107 14.3215 0.7534
v  7.1545 12.0729 0.5266
v  7.0665 12.2439 0.8536
v  7.8446 11.4875 0.2748
v  7.9864 12.2529 0.1122
v  7.7147 13.0881 0.6809
v  7.2988 11.8394 0.3408
v  7.6442 11.8908 0.4462
v  7.4898 10.8762 0.4081
v  6.6127 11.3717 1.6085
v  6.6758 11.4028 1.7565
v  6.5094 11.1577 1.3419
v  6.5178 10.9499 1.1005
v  6.3105 10.8249 1.4492
v  6.3118 10.9110 1.5122
v  6.2730 10.8437 1.5654
v  6.2867 10.8155 1.5040
v  6.3893 11.1114 1.6083
v  6.3794 11.0820 1.6894
v  7.4512 10.4486 1.1060
v  7.4222 10.2355 1.4566
v  7.2398 10.6267 1.0561
v  6.9123 10.6725 0.9014
v  6.7911 10.9958 0.7353
v  6.4744 10.6908 1.2011
v  6.4026 10.4376 1.5906
v  6.4462 10.7550 1.9561
v  6.6312 11.1714 1.8324
v  6.2331 10.7909 1.7803
v  6.2261 10.6541 1.6119
v  6.3809 11.0155 1.7867
v  6.9490 11.5182 0.5391
v  7.3140 11.6712 -1.3072
v  8.9441 14.3857 -0.9389
v  8.3252 12.5908 -1.9835
v  -3.0633 13.1603 10.0325
v  -2.9504 13.0973 10.0287
v  -2.7620 13.3188 10.0040
v  -2.9752 13.4376 10.0112
v  -2.8723 12.9956 10.0119
v  -2.6148 13.1267 9.9723
v  -2.8427 12.8726 9.9849
v  -2.5588 12.8947 9.9213
v  -2.8665 12.7497 9.9525
v  -2.6038 12.6627 9.8601
v  -2.9397 12.6481 9.9201
v  -2.7420 12.4710 9.7992
v  -3.0497 12.5854 9.8935
v  -2.9495 12.3526 9.7490
v  -3.1774 12.5723 9.8773
v  -3.1904 12.3280 9.7183
v  -3.3006 12.6113 9.8742
v  -3.4230 12.4016 9.7124
v  -3.6072 12.5605 9.7323
v  -3.3982 12.6955 9.8847
v  -3.4533 12.8104 9.9071
v  -3.7111 12.7773 9.7746
v  -3.4563 12.9361 9.9375
v  -3.7167 13.0145 9.8319
v  -3.4067 13.0509 9.9706
v  -3.6231 13.2310 9.8943
v  -3.3130 13.1348 10.0007
v  -3.4464 13.3896 9.9511
v  -3.1916 13.1736 10.0226
v  -3.2172 13.4626 9.9924
v  -2.5772 13.5439 9.9172
v  -2.8852 13.7156 9.9276
v  -2.3644 13.2664 9.8713
v  -2.2835 12.9311 9.7978
v  -2.3485 12.5959 9.7093
v  -2.5482 12.3188 9.6212
v  -2.8480 12.1477 9.5487
v  -3.1962 12.1122 9.5044
v  -3.5324 12.2185 9.4959
v  -3.7985 12.4481 9.5246
v  -3.9487 12.7614 9.5857
v  -3.9568 13.1042 9.6685
v  -3.8215 13.4172 9.7587
v  -3.5662 13.6462 9.8409
v  -3.2350 13.7518 9.9006
v  -2.4112 13.7547 9.7707
v  -2.8005 13.9718 9.7838
v  -2.1422 13.4039 9.7127
v  -2.0399 12.9799 9.6196
v  -2.1221 12.5560 9.5078
v  -2.3745 12.2057 9.3964
v  -2.7536 11.9895 9.3048
v  -3.1937 11.9446 9.2487
v  -3.6188 12.0790 9.2379
v  -3.9553 12.3693 9.2743
v  -4.1452 12.7654 9.3515
v  -4.1554 13.1988 9.4562
v  -3.9844 13.5944 9.5703
v  -3.6616 13.8841 9.6741
v  -3.2428 14.0176 9.7496
v  -2.2713 13.9419 9.5708
v  -2.7250 14.1949 9.5860
v  -1.9577 13.5331 9.5031
v  -1.8386 13.0390 9.3947
v  -1.9344 12.5451 9.2644
v  -2.2285 12.1369 9.1346
v  -2.6703 11.8848 9.0277
v  -3.1832 11.8326 8.9624
v  -3.6786 11.9892 8.9499
v  -4.0708 12.3275 8.9923
v  -4.2920 12.7891 9.0822
v  -4.3039 13.2941 9.2043
v  -4.1046 13.7552 9.3373
v  -3.7284 14.0927 9.4583
v  -3.2404 14.2482 9.5462
v  -2.1636 14.0974 9.3262
v  -2.6618 14.3752 9.3430
v  -1.8192 13.6484 9.2519
v  -1.6884 13.1058 9.1329
v  -1.7936 12.5635 8.9897
v  -2.1167 12.1151 8.8472
v  -2.6018 11.8384 8.7299
v  -3.1650 11.7810 8.6582
v  -3.7091 11.9529 8.6444
v  -4.1398 12.3244 8.6909
v  -4.3827 12.8314 8.7897
v  -4.3957 13.3859 8.9238
v  -4.1769 13.8923 9.0698
v  -3.7637 14.2630 9.2026
v  -3.2278 14.4338 9.2993
v  -2.0928 14.2144 9.0477
v  -2.6138 14.5049 9.0652
v  -1.7327 13.7449 8.9700
v  -1.5958 13.1774 8.8456
v  -1.7059 12.6103 8.6959
v  -2.0437 12.1415 8.5468
v  -2.5510 11.8520 8.4241
v  -3.1400 11.7921 8.3491
v  -3.7089 11.9719 8.3347
v  -4.1593 12.3604 8.3834
v  -4.4132 12.8905 8.4867
v  -4.4269 13.4704 8.6268
v  -4.1981 13.9998 8.7796
v  -3.7661 14.3875 8.9185
v  -3.2057 14.5661 9.0195
v  -2.0620 14.2877 8.7475
v  -2.5830 14.5782 8.7649
v  -1.7019 13.8181 8.6698
v  -1.5651 13.2507 8.5453
v  -1.6751 12.6836 8.3956
v  -2.0129 12.2148 8.2465
v  -2.5202 11.9254 8.1238
v  -3.1092 11.8654 8.0488
v  -3.6781 12.0452 8.0344
v  -4.1285 12.4337 8.0831
v  -4.3825 12.9638 8.1864
v  -4.3961 13.5436 8.3266
v  -4.1673 14.0731 8.4793
v  -3.7353 14.4608 8.6181
v  -3.1749 14.6394 8.7192
v  -2.0726 14.3141 8.4385
v  -2.5708 14.5919 8.4553
v  -1.7282 13.8651 8.3642
v  -1.5974 13.3225 8.2452
v  -1.7026 12.7802 8.1020
v  -2.0257 12.3319 7.9595
v  -2.5108 12.0550 7.8421
v  -3.0740 11.9977 7.7704
v  -3.6181 12.1696 7.7566
v  -4.0488 12.5411 7.8032
v  -4.2916 13.0481 7.9020
v  -4.3047 13.6026 8.0360
v  -4.0859 14.1090 8.1820
v  -3.6728 14.4797 8.3149
v  -3.1368 14.6505 8.4115
v  -3.1558 12.8641 9.9893
v  -1.2984 5.9425 -8.1741
v  0.4978 5.0760 -7.5301
v  0.3110 6.0477 -7.0352
v  -1.1573 6.6126 -7.7403
v  2.2748 5.3505 -6.6644
v  1.9405 6.1660 -6.6214
v  0.0969 4.8166 -8.7427
v  -1.0586 5.5502 -8.9857
v  4.4360 7.1986 -7.0820
v  4.1736 8.0223 -7.1444
v  3.1995 7.0172 -6.7870
v  3.6663 6.2693 -6.6795
v  5.2028 6.9297 -7.5492
v  5.2336 8.7701 -7.9679
v  4.7569 10.1556 -8.9984
v  3.5287 4.4732 -8.0163
v  3.0058 4.5587 -7.0950
v  1.9029 4.2402 -8.0248
v  3.1513 4.0968 -8.6551
v  4.5703 4.9683 -8.1299
v  4.2891 5.5574 -7.1863
v  4.3442 4.6131 -9.1328
v  -1.6366 9.4738 -10.2643
v  -2.1342 8.4894 -9.7039
v  -1.8507 7.7471 -10.1345
v  -2.3777 6.7737 -9.1845
v  -2.1626 7.4413 -8.6078
v  -2.2226 8.8549 -10.7978
v  -1.8156 8.2392 -11.2176
v  -1.6284 6.3463 -9.8343
v  -0.8316 5.9520 -10.3655
v  -0.7024 5.4476 -9.6435
v  0.1596 5.0525 -9.7328
v  0.2599 5.6161 -10.6054
v  -1.6369 9.3353 -11.1165
v  -1.3636 8.8585 -11.9135
v  0.3698 10.9038 -11.8988
v  1.4771 10.6932 -11.8754
v  1.1863 10.2583 -12.6222
v  0.3406 10.4758 -12.4234
v  -0.4963 10.4892 -11.7468
v  -0.1790 9.9865 -12.3466
v  0.5894 9.5710 -12.8771
v  0.4410 6.2002 -11.4091
v  1.1722 5.7089 -11.6237
v  1.2560 5.0906 -11.0958
v  1.0256 6.7952 -11.7958
v  1.8239 5.9910 -11.8103
v  2.3424 5.2331 -11.3074
v  3.4908 4.7442 -10.9327
v  4.0910 5.1963 -11.0450
v  4.6547 5.3096 -10.5289
v  3.9097 4.4959 -10.0897
v  3.8460 5.8755 -11.4513
v  4.7092 6.3734 -11.0924
v  3.1830 5.2508 -11.8313
v  -1.0750 10.1682 -10.7010
v  -0.4472 10.8027 -10.9825
v  -1.0821 9.8761 -11.4730
v  -0.7941 9.4262 -12.2294
v  -0.0801 8.8973 -12.8910
v  -0.6549 8.2250 -12.5064
v  0.4197 7.6267 -12.7220
v  1.0772 8.2981 -13.3089
v  -0.0770 7.2477 -11.8933
v  -1.1116 7.6477 -11.7331
v  -0.6339 6.6646 -11.2422
v  -1.4746 7.1703 -10.7963
v  1.6143 7.1947 -12.3656
v  2.3491 7.6628 -12.8652
v  3.3143 6.7769 -12.2483
v  2.5340 6.3389 -12.0532
v  4.1259 7.4061 -11.9451
v  3.0576 8.3970 -12.6199
v  3.8759 9.2639 -12.3654
v  4.7862 8.2564 -11.3413
v  1.8097 9.1069 -13.0588
v  2.4146 9.8473 -12.5689
v  3.9671 10.1070 -11.2216
v  2.7485 10.6848 -11.8157
v  3.7184 10.7951 -10.0225
v  5.0945 9.2910 -10.3502
v  2.6099 10.9662 -10.6626
v  1.5557 10.9998 -10.9689
v  0.5232 11.0025 -11.0799
v  5.7450 7.9773 -9.4610
v  5.4472 7.0950 -10.5121
v  5.6702 6.2400 -8.5875
v  5.2618 5.6773 -9.7004
v  2.5607 4.5307 -10.5670
v  2.7878 4.0778 -9.6374
v  1.3532 4.5429 -10.1410
v  1.4575 4.2843 -9.0904
v  3.3097 13.3775 10.0131
v  3.2772 13.1009 10.1000
v  3.3966 13.0545 10.0823
v  3.5351 13.2899 9.9798
v  3.4867 12.9630 10.0663
v  3.7050 13.1174 9.9497
v  3.5318 12.8424 10.0548
v  3.7902 12.8897 9.9279
v  3.7758 12.6462 9.9184
v  3.5242 12.7134 10.0497
v  3.4651 12.5983 10.0520
v  3.6644 12.4291 9.9226
v  3.3649 12.5171 10.0611
v  3.4753 12.2758 9.9398
v  3.2410 12.2130 9.9672
v  3.2408 12.4838 10.0756
v  3.1142 12.5041 10.0929
v  3.0022 12.2513 9.9999
v  3.0071 12.5746 10.1101
v  2.8001 12.3843 10.0323
v  2.9380 12.6830 10.1242
v  2.6697 12.5890 10.0588
v  2.9188 12.8107 10.1327
v  2.6335 12.8298 10.0748
v  2.9529 12.9355 10.1341
v  2.6978 13.0652 10.0776
v  3.0343 13.0357 10.1283
v  2.8515 13.2545 10.0666
v  3.0679 13.3650 10.0437
v  3.1490 13.0943 10.1162
v  3.6578 13.5159 9.8177
v  3.3321 13.6425 9.8658
v  3.9034 13.2666 9.7742
v  4.0265 12.9375 9.7428
v  4.0057 12.5856 9.7289
v  3.8447 12.2718 9.7350
v  3.5714 12.0504 9.7600
v  3.2329 11.9595 9.7995
v  2.8878 12.0150 9.8468
v  2.5957 12.2072 9.8937
v  2.4073 12.5029 9.9319
v  2.3550 12.8509 9.9551
v  2.4479 13.1911 9.9591
v  2.6699 13.4647 9.9432
v  2.9827 13.6244 9.9102
v  3.7535 13.7133 9.6048
v  3.3418 13.8733 9.6656
v  4.0641 13.3981 9.5498
v  4.2197 12.9820 9.5100
v  4.1934 12.5371 9.4926
v  3.9899 12.1404 9.5002
v  3.6443 11.8604 9.5318
v  3.2163 11.7456 9.5818
v  2.7800 11.8157 9.6416
v  2.4108 12.0586 9.7008
v  2.1725 12.4325 9.7492
v  2.1065 12.8726 9.7784
v  2.2239 13.3026 9.7835
v  2.5045 13.6486 9.7635
v  2.9000 13.8504 9.7218
v  3.8181 13.8735 9.3503
v  3.3383 14.0600 9.4212
v  4.1800 13.5060 9.2862
v  4.3613 13.0212 9.2399
v  4.3307 12.5029 9.2195
v  4.0936 12.0406 9.2284
v  3.6908 11.7143 9.2652
v  3.1920 11.5804 9.3235
v  2.6836 11.6621 9.3931
v  2.2533 11.9453 9.4622
v  1.9757 12.3809 9.5186
v  1.8986 12.8937 9.5527
v  2.0354 13.3950 9.5586
v  2.3626 13.7980 9.5352
v  2.8234 14.0333 9.4866
v  3.3218 14.1942 9.1432
v  3.8487 13.9894 9.0654
v  4.2461 13.5858 8.9950
v  4.4452 13.0535 8.9441
v  4.4117 12.4843 8.9217
v  4.1512 11.9765 8.9315
v  3.7089 11.6183 8.9719
v  3.1612 11.4712 9.0359
v  2.6028 11.5610 9.1124
v  2.1303 11.8719 9.1882
v  1.8253 12.3503 9.2502
v  1.7407 12.9135 9.2876
v  1.8910 13.4640 9.2941
v  2.2503 13.9066 9.2684
v  2.7564 14.1649 9.2150
v  3.8440 14.0561 8.7624
v  3.2930 14.2703 8.8438
v  4.2596 13.6341 8.6888
v  4.4677 13.0774 8.6356
v  4.4327 12.4822 8.6121
v  4.1603 11.9512 8.6224
v  3.6978 11.5765 8.6647
v  3.1250 11.4228 8.7316
v  2.5411 11.5166 8.8116
v  2.0470 11.8417 8.8908
v  1.7281 12.3421 8.9556
v  1.6396 12.9309 8.9948
v  1.7968 13.5066 9.0015
v  2.1725 13.9695 8.9747
v  2.7017 14.2396 8.9189
v  3.8042 14.0706 8.4547
v  3.2531 14.2848 8.5361
v  4.2198 13.6486 8.3811
v  4.4280 13.0919 8.3279
v  4.3929 12.4966 8.3044
v  4.1205 11.9657 8.3147
v  3.6579 11.5910 8.3570
v  3.0852 11.4372 8.4239
v  2.5013 11.5311 8.5038
v  2.0072 11.8563 8.5831
v  1.6883 12.3565 8.6479
v  1.5998 12.9454 8.6871
v  1.7570 13.5211 8.6938
v  2.1327 13.9840 8.6670
v  2.6619 14.2541 8.6112
v  3.7310 14.0322 8.1556
v  3.2040 14.2371 8.2335
v  4.1284 13.6287 8.0852
v  4.3275 13.0963 8.0344
v  4.2939 12.5271 8.0119
v  4.0335 12.0193 8.0217
v  3.5911 11.6610 8.0621
v  3.0434 11.5140 8.1262
v  2.4850 11.6037 8.2027
v  2.0125 11.9147 8.2784
v  1.7076 12.3931 8.3404
v  1.6229 12.9562 8.3779
v  1.7733 13.5068 8.3843
v  2.1325 13.9495 8.3587
v  2.6386 14.2078 8.3053
v  3.2316 12.7924 10.1289
v  -4.2559 20.2270 8.2312
v  -1.9968 21.3495 8.8926
v  -3.2097 21.8811 8.9318
v  -4.7775 21.3768 8.6690
v  -2.9979 22.5202 8.3252
v  -4.1858 22.3594 7.7128
v  -5.1141 22.6928 3.9945
v  -4.8089 22.5790 5.9190
v  -3.4033 22.9572 6.8054
v  -2.7887 23.3575 5.2898
v  -6.7725 20.5410 4.8600
v  -5.6371 21.6026 6.5250
v  -2.4931 24.1727 0.5438
v  -3.5548 23.7636 1.9653
v  -1.8928 24.2599 3.3532
v  -1.2178 24.3361 0.9420
v  7.9115 20.6986 1.5913
v  8.6611 19.2092 0.2826
v  7.9920 20.4196 -1.1520
v  7.4369 21.0803 0.1676
v  6.4004 22.5165 -0.0128
v  6.2138 22.3915 2.2862
v  6.5994 21.8224 -2.0890
v  -2.7702 8.5085 -5.2347
v  -8.0413 14.8556 0.2454
v  -8.3745 15.8193 -0.1657
v  -8.1334 14.9516 -1.7512
v  -7.9088 14.4691 -1.2268
v  9.0694 16.6417 -0.0634
v  9.0083 15.1580 -1.8812
v  6.6084 11.4467 -4.0026
v  5.1071 10.0197 -4.8691
v  3.7326 9.2205 -5.8079
v  4.0775 10.1930 -6.6807
v  5.4446 10.7121 -6.3802
v  6.8199 12.1269 -5.6574
v  8.0677 14.1624 -4.6271
v  8.0121 13.2309 -3.1229
v  6.1293 13.3263 -6.9781
v  4.8592 11.9559 -7.3183
v  7.1333 15.3724 -6.0228
v  7.7147 17.4010 -4.6428
v  8.8158 16.1737 -3.1950
v  4.7989 14.4037 -7.8283
v  5.6994 16.3714 -7.1691
v  6.2436 18.4885 -5.7998
v  6.6718 20.4997 -4.0838
v  8.0151 19.1324 -2.8144
v  4.0957 17.2641 -8.2524
v  4.4882 19.5487 -6.9197
v  4.6541 21.5487 -5.1012
v  4.5960 23.0345 -2.9304
v  2.0347 20.3064 -7.5160
v  2.2032 22.2503 -5.8261
v  2.2937 23.6365 -3.5704
v  4.2263 23.4847 -0.4324
v  2.1570 24.0810 -0.9163
v  1.9703 24.2798 1.7899
v  4.0155 23.7440 2.2263
v  0.3739 24.3748 -1.2280
v  0.2496 23.6046 -3.7523
v  0.3209 24.5103 1.3837
v  -0.1344 23.8884 4.2193
v  1.6741 23.7006 4.7434
v  -1.3688 24.3151 -1.3512
v  -1.8215 23.3587 -3.5984
v  -3.6276 22.8985 -3.2275
v  -3.0080 23.8237 -1.1048
v  -5.5566 21.9472 -2.1994
v  -4.6709 22.9337 0.0584
v  -7.3739 20.2571 -0.4717
v  -6.6694 21.6006 1.7098
v  -7.8107 19.2913 3.0884
v  -8.3229 18.2613 1.0213
v  -8.3633 16.4230 1.8235
v  -8.1644 17.1661 3.9137
v  -7.5886 18.6844 5.6615
v  -6.5432 20.2550 7.4261
v  -6.7580 17.3298 5.6080
v  -5.8333 18.8732 6.6887
v  3.3234 20.5444 8.6571
v  5.2245 19.3367 7.7279
v  6.0872 20.2635 7.7214
v  3.7601 22.0050 8.7066
v  0.8461 22.3184 8.2123
v  0.6595 21.1996 8.8921
v  3.8162 22.8522 7.2253
v  6.0838 21.0408 6.4782
v  1.1824 22.8026 6.8434
v  3.9160 23.3327 5.0917
v  -0.9191 23.1207 6.3631
v  -1.6550 22.8427 7.9597
v  6.2013 21.9398 4.8078
v  7.8926 18.9784 4.9993
v  7.9123 19.8759 3.4258
v  8.8806 18.0977 1.7450
v  8.8528 17.0409 3.2747
v  7.7700 18.2756 6.5290
v  6.3203 17.8750 6.5496
v  -8.2086 14.7904 2.1285
v  -7.4043 18.6307 -2.6457
v  -6.9944 16.5929 -4.3220
v  -7.7799 15.3548 -2.9531
v  -8.5623 17.1579 -1.1715
v  -6.3460 14.2861 -5.5903
v  -7.0310 13.1147 -4.4244
v  -5.2465 12.3462 -6.3245
v  -5.5924 11.3561 -5.0425
v  -5.6817 10.5778 -3.5069
v  -6.7970 12.4121 -3.1656
v  -4.3309 9.2258 -4.2436
v  -4.1055 10.2583 -5.4671
v  -6.8032 12.0516 -2.2966
v  -2.8107 9.4708 -6.0369
v  -3.9641 11.0065 -6.7420
v  -2.7956 10.2422 -7.0265
v  3.8509 11.1815 -7.4741
v  3.2307 11.9823 -8.2086
v  3.9168 12.9780 -8.0739
v  2.3229 12.5140 -8.5115
v  2.8072 13.6250 -8.5762
v  3.4355 15.1472 -8.6786
v  1.5779 14.0310 -8.8170
v  1.7501 15.6457 -8.8052
v  1.8932 17.8287 -8.5032
v  0.2210 15.8186 -9.1140
v  0.1008 18.0025 -8.6654
v  -0.0190 20.4280 -7.6243
v  0.0489 22.3659 -6.0163
v  -1.9597 17.5658 -8.2769
v  -2.2917 19.8593 -7.1148
v  -2.2789 21.8547 -5.6082
v  -4.0040 19.1073 -6.6103
v  -3.7134 16.7377 -7.7446
v  -3.9673 21.1610 -5.1061
v  -5.3551 15.6117 -6.9611
v  -5.8283 18.1000 -5.8754
v  -5.7734 20.1863 -4.2508
v  -4.5074 13.5288 -7.6444
v  -3.0796 14.6596 -8.2561
v  -2.3325 13.1175 -8.4236
v  -3.4255 12.0765 -7.8866
v  -1.6184 12.0677 -8.3965
v  -2.4346 11.1645 -7.9319
v  0.4581 12.8847 -8.9123
v  1.3960 12.8161 -8.7204
v  -0.5950 12.6587 -8.7850
v  -1.0249 13.8556 -8.8592
v  0.3468 14.1467 -9.0275
v  -1.4973 15.4763 -8.7501
v  8.8800 17.7910 -1.3063
v  8.4261 16.5057 5.0150
v  7.0341 16.3889 5.7702
v  -6.3009 16.1392 6.6122
v  -5.7259 17.6252 7.4964
v  -4.6976 18.8380 8.5126
v  -3.4101 19.5698 9.2322
v  -2.0592 19.9599 9.6160
v  0.1191 20.1664 9.7994
v  0.1047 20.7581 9.3571
v  -1.1618 20.7225 9.2862
v  -0.9279 20.1195 9.7488
v  -6.4843 16.5805 6.0838
v  -2.2319 20.5211 9.1282
v  -3.5763 20.0282 8.7509
v  -4.6942 19.3568 8.1510
v  -5.8367 18.1001 7.0268
v  5.8255 17.1478 7.6916
v  6.3354 15.8069 6.9706
v  4.8611 18.3656 8.5830
v  2.4078 19.8177 9.6693
v  3.6911 19.2814 9.3196
v  1.1917 20.6370 9.3236
v  1.1655 20.0817 9.7754
v  6.6188 16.1010 6.4229
v  2.6447 20.2930 9.2025
v  3.7915 19.7638 8.8799
v  5.0304 18.7848 8.1416
v  6.0395 17.4745 7.1530
v  -7.6771 14.0653 -2.5060
v  -7.6774 13.5606 -2.0184
v  5.5310 1.6430 -0.2878
v  5.7677 0.8295 1.4142
v  5.9792 0.0999 1.1255
v  5.6706 1.0052 -0.4295
v  5.6828 0.5623 -0.5264
v  4.9116 1.5475 -1.9944
v  4.9543 1.0188 -1.9749
v  3.6815 1.1681 -3.2108
v  1.9224 1.1818 -4.2271
v  1.5915 1.8428 -4.0173
v  3.5049 1.7674 -3.2221
v  1.4272 2.5222 -4.1079
v  3.3659 2.4195 -3.3102
v  4.8094 2.1751 -1.9814
v  3.2217 3.1681 -3.4253
v  4.6014 3.0005 -2.0122
v  1.2952 3.2735 -4.2801
v  -0.9746 3.3534 -4.0276
v  -0.8883 2.5488 -3.9992
v  -3.1029 2.4769 -3.0710
v  -3.1293 3.3414 -3.0229
v  -0.7546 1.7813 -3.9790
v  -2.9960 1.6957 -3.0860
v  -4.4567 2.1587 -1.3663
v  -4.6000 1.4237 -1.6301
v  -5.5709 0.2744 -0.1929
v  -5.4242 0.6987 0.0967
v  -5.0494 -0.2945 2.2009
v  -5.1929 1.3647 0.4329
v  -4.9739 2.2686 0.7200
v  -4.6330 0.6615 2.5580
v  -4.2827 3.0741 -1.1428
v  0.0605 4.6511 10.8570
v  -0.6221 4.7297 10.7440
v  -1.2080 5.0202 10.4893
v  -1.6345 5.3838 10.2365
v  -1.9324 5.7392 10.0836
v  -2.1519 6.0618 10.0112
v  -2.2720 6.2680 9.9522
v  0.0657 4.0576 10.3851
v  -0.7226 4.1615 10.2821
v  -1.8350 5.0149 9.8260
v  -1.3760 4.5138 10.0273
v  -2.1258 5.5296 9.7213
v  -2.3231 5.9482 9.6493
v  -2.4479 6.2825 9.6080
v  0.0744 3.6582 9.0959
v  -0.7747 3.8036 9.0551
v  -1.4835 4.2017 8.9514
v  -1.9871 4.7124 8.8664
v  -2.3080 5.2479 8.8408
v  -2.5115 5.7094 8.8288
v  -2.6242 6.0892 8.8304
v  0.0943 4.3549 4.6269
v  -0.3274 4.4323 4.6233
v  -0.5381 4.1326 5.9865
v  0.0891 4.0212 5.9716
v  -1.0698 4.4175 6.0261
v  -0.6774 4.6298 4.6224
v  -0.9265 4.8635 4.6216
v  -1.4613 4.7714 6.0799
v  -1.0904 5.0813 4.6768
v  -1.7273 5.1421 6.1774
v  -1.9042 5.4599 6.2414
v  -1.2001 5.2607 4.7086
v  -1.2640 5.4086 4.7226
v  -2.0033 5.7295 6.2779
v  -0.1819 4.4764 3.5323
v  0.0986 4.4259 3.5464
v  -0.4117 4.6065 3.5077
v  -0.5695 4.7571 3.4829
v  -0.6684 4.8827 3.4792
v  -0.7375 4.9781 3.4936
v  -0.7845 5.0469 3.5167
v  0.0828 3.6785 7.5023
v  -0.7180 3.8160 7.5052
v  -1.8931 4.6486 7.5569
v  -1.3969 4.1836 7.5241
v  -2.2219 5.1555 7.6401
v  -2.4327 5.5858 7.6966
v  -2.5452 5.9404 7.7351
v  0.1005 4.5365 3.1007
v  -0.0816 4.5646 3.0922
v  -0.3350 4.7239 3.0562
v  -0.2314 4.6392 3.0726
v  -0.4004 4.7926 3.0529
v  -0.4465 4.8415 3.0634
v  -0.4756 4.8738 3.0824
v  0.1010 4.7540 3.0352
v  -0.0500 4.7626 3.0320
v  -0.1786 4.7854 3.0253
v  -0.2739 4.8109 3.0208
v  -0.3871 4.8439 3.0270
v  -0.3396 4.8310 3.0219
v  0.7440 4.7100 10.7476
v  1.7618 5.4023 10.2408
v  1.3311 5.0239 10.4978
v  2.0692 5.7495 10.0805
v  2.2848 6.0521 9.9943
v  2.4129 6.2519 9.9388
v  0.8550 4.1815 10.2935
v  1.9764 5.0605 9.8435
v  1.5125 4.5631 10.0510
v  2.2730 5.5364 9.7230
v  2.4735 5.9335 9.6485
v  2.6010 6.2199 9.5956
v  0.9243 3.8056 9.0576
v  2.1427 4.7044 8.8637
v  1.6358 4.2055 8.9555
v  2.4658 5.2709 8.8597
v  2.6695 5.7361 8.8522
v  2.7812 6.0825 8.8406
v  0.7161 4.1325 5.9869
v  0.5158 4.4339 4.6252
v  0.8657 4.6328 4.6257
v  1.2475 4.4203 6.0319
v  1.6388 4.7740 6.0887
v  1.1148 4.8663 4.6271
v  1.9046 5.1450 6.1886
v  1.2790 5.0836 4.6843
v  2.0811 5.4633 6.2542
v  1.3889 5.2630 4.7173
v  2.1799 5.7334 6.2918
v  1.4529 5.4111 4.7319
v  0.3792 4.4773 3.5337
v  0.7670 4.7591 3.4867
v  0.6090 4.6085 3.5101
v  0.8662 4.8845 3.4843
v  0.9356 4.9798 3.4993
v  0.9828 5.0488 3.5228
v  0.8836 3.8174 7.5092
v  2.0596 4.6596 7.5742
v  1.5629 4.2473 7.5413
v  2.3885 5.1669 7.6587
v  2.5987 5.5927 7.7129
v  2.7102 5.9471 7.7527
v  0.2826 4.5650 3.0934
v  0.5363 4.7247 3.0591
v  0.4325 4.6398 3.0747
v  0.6018 4.7935 3.0563
v  0.6482 4.8425 3.0672
v  0.6773 4.8749 3.0864
v  0.2520 4.7629 3.0330
v  0.3806 4.7858 3.0272
v  0.4760 4.8116 3.0233
v  0.5892 4.8448 3.0304
v  0.5417 4.8318 3.0249
v  3.1477 14.1292 7.9492
v  3.6276 13.9427 7.8784
v  3.9895 13.5753 7.8142
v  4.1708 13.0905 7.7680
v  4.1402 12.5721 7.7475
v  3.9030 12.1098 7.7565
v  3.5002 11.7835 7.7933
v  3.0015 11.6496 7.8515
v  2.4930 11.7314 7.9212
v  2.0628 12.0145 7.9902
v  1.7851 12.4502 8.0466
v  1.7080 12.9630 8.0807
v  1.8449 13.4642 8.0866
v  2.1720 13.8673 8.0632
v  2.6329 14.1026 8.0146
v  3.0868 13.9660 7.6958
v  3.4985 13.8060 7.6350
v  3.8091 13.4907 7.5799
v  3.9647 13.0747 7.5402
v  3.9385 12.6298 7.5227
v  3.7349 12.2332 7.5303
v  3.3893 11.9531 7.5619
v  2.9613 11.8383 7.6119
v  2.5250 11.9083 7.6717
v  2.1558 12.1513 7.7309
v  1.9175 12.5252 7.7794
v  1.8514 12.9652 7.8086
v  1.9688 13.3954 7.8136
v  2.2495 13.7413 7.7936
v  2.6450 13.9431 7.7519
v  3.0238 13.7545 7.4842
v  3.3495 13.6279 7.4360
v  3.5951 13.3786 7.3925
v  3.7182 13.0495 7.3611
v  3.6974 12.6977 7.3472
v  3.5365 12.3840 7.3533
v  3.2631 12.1625 7.3783
v  2.9246 12.0716 7.4178
v  2.5794 12.1270 7.4651
v  2.2874 12.3192 7.5119
v  2.0990 12.6149 7.5502
v  2.0467 12.9629 7.5734
v  2.1396 13.3032 7.5774
v  2.3616 13.5768 7.5615
v  2.6744 13.7365 7.5285
v  3.1870 13.4164 7.2903
v  2.9616 13.5040 7.3236
v  3.3569 13.2439 7.2602
v  3.4421 13.0162 7.2385
v  3.4277 12.7727 7.2289
v  3.3163 12.5556 7.2331
v  3.1271 12.4024 7.2504
v  2.8929 12.3395 7.2778
v  2.6541 12.3778 7.3104
v  2.4520 12.5108 7.3428
v  2.3216 12.7154 7.3693
v  2.2854 12.9562 7.3854
v  2.3497 13.1917 7.3881
v  2.5033 13.3811 7.3771
v  2.7198 13.4915 7.3543
v  3.0242 13.1898 7.2051
v  2.9047 13.2363 7.2227
v  3.1142 13.0984 7.1891
v  3.1593 12.9777 7.1776
v  3.1517 12.8487 7.1725
v  3.0927 12.7337 7.1747
v  2.9924 12.6524 7.1839
v  2.8683 12.6192 7.1984
v  2.7418 12.6395 7.2157
v  2.6347 12.7100 7.2329
v  2.5656 12.8184 7.2470
v  2.5464 12.9460 7.2554
v  2.5805 13.0708 7.2569
v  2.6619 13.1711 7.2511
v  2.7766 13.2297 7.2390
v  2.8495 12.9312 7.1779
v  0.8757 -1.0693 -5.3138
v  2.5834 0.1694 -4.3935
v  5.2575 0.7672 -2.0411
v  4.1007 0.6662 -3.3290
v  -2.1241 14.2926 8.1344
v  -2.5778 14.5455 8.1497
v  -1.8105 13.8837 8.0667
v  -1.6913 13.3896 7.9584
v  -1.7871 12.8957 7.8280
v  -2.0813 12.4875 7.6982
v  -2.5231 12.2355 7.5914
v  -3.0360 12.1832 7.5261
v  -3.5314 12.3398 7.5135
v  -3.9236 12.6781 7.5558
v  -4.1447 13.1397 7.6458
v  -4.1567 13.6447 7.7679
v  -3.9573 14.1058 7.9009
v  -3.5811 14.4433 8.0218
v  -3.0932 14.5989 8.1098
v  -2.2142 14.2239 7.8484
v  -2.6035 14.4410 7.8615
v  -1.9451 13.8731 7.7904
v  -1.8428 13.4491 7.6974
v  -1.9250 13.0253 7.5855
v  -2.1775 12.6750 7.4741
v  -2.5565 12.4587 7.3825
v  -2.9967 12.4139 7.3264
v  -3.4218 12.5482 7.3156
v  -3.7583 12.8386 7.3520
v  -3.9481 13.2346 7.4292
v  -3.9584 13.6679 7.5339
v  -3.7873 14.0636 7.6481
v  -3.4645 14.3533 7.7518
v  -3.0457 14.4867 7.8273
v  -2.3390 14.1112 7.5931
v  -2.6469 14.2829 7.6035
v  -2.1262 13.8337 7.5472
v  -2.0452 13.4984 7.4737
v  -2.1103 13.1632 7.3852
v  -2.3100 12.8861 7.2970
v  -2.6098 12.7151 7.2246
v  -2.9579 12.6796 7.1802
v  -3.2941 12.7858 7.1717
v  -3.5603 13.0154 7.2004
v  -3.7104 13.3288 7.2616
v  -3.7185 13.6715 7.3443
v  -3.5832 13.9845 7.4346
v  -3.3279 14.2135 7.5167
v  -2.9967 14.3191 7.5764
v  -2.7061 14.0782 7.3868
v  -2.4930 13.9594 7.3796
v  -2.3458 13.7673 7.3478
v  -2.2898 13.5353 7.2969
v  -2.3348 13.3033 7.2357
v  -2.4730 13.1116 7.1747
v  -2.6804 12.9932 7.1246
v  -2.9213 12.9687 7.0939
v  -3.1540 13.0422 7.0880
v  -3.3382 13.2011 7.1079
v  -3.4421 13.4179 7.1502
v  -3.4477 13.6551 7.2075
v  -3.3540 13.8717 7.2699
v  -3.1773 14.0301 7.3267
v  -2.9482 14.1032 7.3680
v  -2.6626 13.7827 7.2211
v  -2.7755 13.8457 7.2248
v  -2.5846 13.6809 7.2042
v  -2.5549 13.5579 7.1772
v  -2.5787 13.4350 7.1448
v  -2.6520 13.3334 7.1125
v  -2.7619 13.2707 7.0859
v  -2.8895 13.2577 7.0696
v  -3.0129 13.2966 7.0665
v  -3.1105 13.3809 7.0771
v  -3.1655 13.4958 7.0995
v  -3.1685 13.6214 7.1299
v  -3.1189 13.7362 7.1629
v  -3.0252 13.8202 7.1930
v  -2.9038 13.8589 7.2149
v  -2.8606 13.5671 7.1095
v  -6.8318 12.7671 2.3665
v  -6.5670 11.5682 2.5047
v  -5.5404 9.3029 1.2558
v  -5.9490 9.3500 1.9864
v  -5.6398 9.9308 -0.1186
v  -6.3190 10.2504 2.2465
v  -6.6392 11.7874 1.8966
v  -6.7516 12.8365 1.7293
v  -6.5279 10.7767 1.8996
v  -6.6986 11.3836 1.6628
v  -6.5250 10.9171 1.6911
v  -6.5981 10.5537 1.4108
v  -6.5756 10.2821 1.5395
v  -6.4042 10.9684 1.5692
v  -6.1982 10.9523 1.5452
v  -6.2052 10.6273 1.2716
v  -6.4229 10.6394 1.3453
v  -6.5414 11.4536 1.4671
v  -6.3234 11.4335 1.4013
v  -6.1209 11.5495 0.5897
v  -6.2773 11.9106 0.9769
v  -6.2988 12.0399 0.6511
v  -6.1912 11.7054 0.3328
v  -6.2151 11.4944 0.1689
v  -6.0887 11.3180 0.4348
v  -7.1285 11.4832 -0.4665
v  -7.1422 11.3503 -0.6881
v  -6.9634 10.7249 -0.0613
v  -6.8944 10.9122 0.0634
v  -6.5071 11.0359 0.0060
v  -6.2681 11.2712 0.0295
v  -6.2908 11.6379 -0.2776
v  -6.6705 11.5684 -0.3702
v  -7.1505 12.2321 -0.7401
v  -7.1133 12.1366 -1.0522
v  -7.1739 12.9645 -1.1141
v  -7.0512 12.8466 -0.8522
v  -7.2481 12.0939 -1.1977
v  -7.1764 11.2911 -0.7591
v  -7.2767 12.0638 -1.3264
v  -7.3815 13.0144 -1.2626
v  -7.4130 13.0226 -1.3868
v  -7.2197 12.0106 -1.4584
v  -7.1285 11.0535 -1.0933
v  -7.2453 11.1782 -0.9048
v  -7.3573 13.0089 -1.2263
v  -6.9782 10.2263 -0.3692
v  -7.0252 10.4352 -0.1980
v  -6.7417 9.5874 0.5654
v  -6.8180 9.8938 0.7014
v  -6.8720 10.3728 0.6893
v  -6.9669 10.5809 -0.1457
v  -6.7872 10.1446 0.6498
v  -6.8032 10.2517 1.1677
v  -6.7435 10.0375 1.1226
v  -6.5705 9.8702 1.4710
v  -6.4485 9.3674 1.3335
v  -6.4853 9.6329 0.3427
v  -6.1618 9.4449 0.7096
v  -6.2201 10.1120 -0.2870
v  -6.5505 11.0295 -1.1213
v  -6.0659 10.8661 -1.1887
v  -6.9592 12.1381 -1.6362
v  -6.8866 11.0471 -1.1305
v  -7.1079 12.0333 -1.5613
v  -6.6543 10.1896 -0.4121
v  -6.4815 12.1133 1.5063
v  -6.7117 12.8778 1.3771
v  -7.0418 13.7232 1.2565
v  -7.1297 13.5420 0.9793
v  -7.2042 13.4802 0.8406
v  -6.8513 12.8387 1.1199
v  -7.1852 13.4070 0.7013
v  -6.8065 12.8424 0.8892
v  -6.6997 12.8684 0.7679
v  -7.0701 13.3465 0.5899
v  -6.9279 13.3213 0.5226
v  -6.5966 12.8986 0.6544
v  -6.7173 12.8206 0.4211
v  -6.9167 12.7486 0.1294
v  -6.5954 12.4253 0.0242
v  -6.4036 12.5635 0.2809
v  -6.1311 12.2301 0.3612
v  -6.1418 11.9080 0.0048
v  -6.1355 11.7804 0.1845
v  -6.1770 12.1176 0.5273
v  -6.3909 12.4600 0.7332
v  -6.3017 12.5410 0.5844
v  -6.9841 13.3380 0.0353
v  -7.1886 13.6956 0.0862
v  -7.1935 13.6114 -0.6347
v  -7.0962 13.1707 -0.4774
v  -7.3665 13.7851 0.1177
v  -6.5317 12.3010 1.1523
v  -6.5058 12.3864 0.8527
v  -7.4457 13.8659 0.1402
v  -7.4956 13.9738 0.1622
v  -7.6009 13.8233 -0.7621
v  -7.5398 13.7360 -0.6683
v  -7.4994 14.0657 0.1914
v  -7.6137 13.9070 -0.8152
v  -7.4612 14.1996 0.2482
v  -7.5978 14.0204 -0.8478
v  -7.3989 13.0979 -1.4971
v  -7.3723 13.2544 -1.5477
v  -7.4649 13.6788 -0.6396
v  -6.2954 11.8536 1.3443
v  -7.5385 13.8457 1.9032
v  -7.5720 14.2216 -0.9595
v  -7.3585 13.4362 -1.7067
v  -7.5027 14.4389 0.3406
v  -6.2764 12.2184 -0.1441
v  -6.2080 12.3832 0.1415
v  -6.9048 11.5725 -0.3691
v  -7.1269 12.4025 -0.2587
v  -6.8004 13.2335 0.3638
v  -6.4327 12.0216 -0.3146
v  -6.7203 12.1405 -0.2291
v  -6.7466 10.9859 0.0798
v  -6.0906 11.5967 1.3272
v  -5.9587 11.6206 1.1258
v  -5.8532 11.3389 0.8809
v  -5.8997 11.0524 0.7680
v  -5.7436 10.9619 1.1266
v  -5.7278 10.8623 1.2227
v  -5.7580 11.0137 1.3284
v  -5.7666 11.1034 1.1888
v  -5.8890 11.2546 1.3532
v  -5.8665 11.2974 1.2573
v  -6.8160 10.4700 1.1845
v  -6.8465 10.6568 0.8427
v  -6.6293 10.8331 0.7423
v  -6.3342 10.8932 0.6342
v  -6.1403 11.0760 0.3816
v  -5.9398 10.8257 0.9406
v  -6.0128 10.9773 1.5467
v  -5.9341 10.6228 1.3078
v  -6.1246 11.3556 1.4184
v  -5.7551 10.7556 1.3837
v  -5.8191 10.9692 1.4809
v  -5.9218 11.1972 1.4351
v  -6.2040 11.6095 0.0062
v  -6.7649 12.1742 -1.8259
v  0.7248 9.2626 11.4761
v  0.6642 9.1242 11.5773
v  0.7836 9.0950 11.4846
v  0.8039 9.1962 11.4292
v  0.9305 9.1182 11.4068
v  0.9122 9.2391 11.3669
v  0.8787 9.4052 11.7929
v  0.6909 9.3496 11.8489
v  1.0790 9.4381 11.6698
v  1.1974 9.3547 11.4783
v  1.0375 9.2806 11.3529
v  1.1028 9.1841 11.3786
v  1.0332 9.4094 11.4301
v  0.6166 9.3647 11.7021
v  0.7185 9.4239 11.7035
v  0.5867 9.2592 11.8051
v  0.8385 9.4475 11.6915
v  0.9392 9.4645 11.5854
v  0.6387 9.3353 11.5881
v  0.5836 9.1865 11.6938
v  0.8596 9.3711 11.4226
v  0.7834 9.4332 11.5684
v  0.0000 7.1377 11.0907
v  -0.0803 6.8726 11.1102
v  0.0000 6.8675 11.1005
v  -0.0555 6.3614 11.0928
v  0.0000 6.4651 11.1012
v  -1.9324 6.9828 8.2729
v  -1.8961 6.6302 8.3035
v  -1.8827 6.5964 8.5703
v  -1.8918 6.9537 8.5474
v  1.8282 7.9823 8.9461
v  1.8091 8.5176 8.9175
v  1.6804 8.5006 9.8047
v  1.6780 7.9427 9.8301
v  -1.8569 6.9388 8.8279
v  -1.8392 6.5798 8.8711
v  1.9300 7.3535 8.1075
v  1.9324 6.9828 8.2729
v  1.9544 6.9983 8.1241
v  -1.8994 6.6824 8.1342
v  -1.9544 6.9983 8.1241
v  -1.9650 6.9927 8.0455
v  -1.9434 6.5793 8.0767
v  -2.0090 6.9685 7.7137
v  -2.0271 6.9763 7.3468
v  -1.9578 6.5537 7.4379
v  -1.9860 6.5515 7.7812
v  -1.9745 6.5597 7.1483
v  -1.9587 6.6828 7.2348
v  -2.0281 6.9897 7.1792
v  -2.0381 6.9855 7.0460
v  1.7689 7.4778 9.4234
v  1.8454 7.3693 8.9490
v  -1.4356 7.9329 10.3624
v  -1.0382 7.9534 10.7500
v  -1.0200 8.5224 10.6907
v  -1.4561 8.4918 10.3023
v  -1.2276 7.3363 10.6130
v  -1.4127 7.4538 10.3862
v  -1.0276 7.4666 10.7500
v  -0.6322 7.4251 11.0374
v  -0.6762 6.9782 10.9831
v  -0.6260 6.9750 11.0201
v  -0.5480 6.9526 11.0507
v  -0.6576 6.4364 10.9319
v  -0.6059 6.4797 10.9805
v  -0.5585 6.3584 10.9885
v  -1.3293 6.5490 10.3927
v  -1.3567 7.0059 10.4070
v  -1.3916 7.0049 10.3647
v  -1.3505 6.6206 10.3122
v  -1.4208 7.0017 10.3069
v  -1.3926 6.5640 10.2707
v  -1.6819 6.9770 9.7934
v  -1.6560 6.9795 9.8439
v  -1.6766 7.4300 9.8115
v  -1.7058 6.9689 9.6934
v  -1.6733 6.5369 9.7073
v  -1.6297 6.6784 9.7778
v  -1.8727 7.4349 8.5571
v  -1.8856 7.9863 8.0898
v  -1.9300 7.3535 8.1075
v  -1.8282 7.9823 8.9461
v  -1.8091 8.5176 8.9175
v  -1.8631 8.5114 8.0630
v  -1.8454 7.3693 8.9490
v  -2.0395 7.3800 7.0561
v  -1.9961 7.4261 7.7176
v  -2.1041 7.9246 6.3612
v  1.8960 6.6302 8.3035
v  1.8994 6.6824 8.1342
v  -1.8440 6.9372 8.9476
v  -1.7818 6.6154 8.9648
v  2.1041 7.9246 6.3612
v  2.0271 8.5047 6.4366
v  1.8631 8.5114 8.0630
v  1.8855 7.9863 8.0898
v  1.8392 6.5798 8.8711
v  1.8827 6.5964 8.5703
v  1.8918 6.9537 8.5474
v  1.8569 6.9388 8.8279
v  2.0898 7.0416 6.4144
v  2.0381 6.9855 7.0460
v  1.9745 6.5597 7.1483
v  1.9884 6.5859 6.4399
v  -2.0271 8.5047 6.4366
v  -2.0993 7.3962 6.3435
v  0.0803 6.8726 11.1102
v  0.0555 6.3614 11.0928
v  1.8727 7.4349 8.5571
v  1.9650 6.9927 8.0455
v  1.9434 6.5793 8.0767
v  1.9578 6.5537 7.4379
v  2.0271 6.9763 7.3468
v  2.0090 6.9685 7.7137
v  1.9860 6.5515 7.7812
v  1.9587 6.6828 7.2348
v  2.0281 6.9897 7.1792
v  1.0200 8.5224 10.6907
v  1.0382 7.9534 10.7500
v  1.4356 7.9329 10.3624
v  1.4561 8.4918 10.3023
v  1.2276 7.3363 10.6130
v  1.4126 7.4538 10.3862
v  0.6322 7.4251 11.0374
v  0.6260 6.9750 11.0201
v  0.6762 6.9782 10.9831
v  0.5480 6.9526 11.0507
v  0.6059 6.4797 10.9805
v  0.6576 6.4364 10.9319
v  0.5585 6.3584 10.9885
v  1.3505 6.6206 10.3122
v  1.3916 7.0049 10.3647
v  1.3567 7.0059 10.4070
v  1.3245 6.5516 10.4068
v  1.4208 7.0017 10.3069
v  1.3926 6.5640 10.2707
v  1.6819 6.9770 9.7934
v  1.6766 7.4300 9.8115
v  1.6560 6.9795 9.8439
v  1.7058 6.9689 9.6934
v  1.6297 6.6784 9.7778
v  1.6733 6.5369 9.7073
v  1.7622 6.5162 9.4026
v  1.7756 6.9462 9.3997
v  -1.6780 7.9427 9.8301
v  -1.6804 8.5006 9.8047
v  2.0395 7.3800 7.0561
v  1.9961 7.4261 7.7176
v  2.0993 7.3962 6.3435
v  1.8440 6.9372 8.9476
v  1.7818 6.6154 8.9648
v  1.8244 6.9386 9.0906
v  1.7540 6.5601 9.1359
v  -0.6705 7.9443 11.0176
v  -0.6891 8.5402 10.9243
v  -0.8321 7.3214 10.8897
v  -0.8345 6.9882 10.8664
v  -0.9670 6.9971 10.7687
v  -0.8068 6.4104 10.8179
v  -0.9320 6.5202 10.7211
v  0.6891 8.5402 10.9243
v  0.6704 7.9443 11.0176
v  0.8321 7.3214 10.8897
v  0.9669 6.9971 10.7687
v  1.0276 7.4666 10.7500
v  0.8344 6.9882 10.8664
v  0.9320 6.5202 10.7211
v  0.8277 6.3973 10.8119
v  -2.0898 7.0416 6.4144
v  -1.9884 6.5859 6.4399
v  -1.0492 7.0026 10.7074
v  -1.0181 7.0002 10.7310
v  -1.0257 6.5399 10.6538
v  -0.9918 6.5930 10.6867
v  1.0181 7.0002 10.7310
v  1.0492 7.0026 10.7074
v  0.9918 6.5930 10.6867
v  1.0257 6.5399 10.6538
v  -1.5456 6.4332 10.0650
v  -1.5648 6.9953 10.0993
v  -1.6190 6.5993 9.8757
v  -1.5451 7.4773 10.1061
v  1.5456 6.4332 10.0650
v  1.6552 6.6018 9.8897
v  1.5408 6.9902 10.0709
v  1.5451 7.4773 10.1061
v  -1.7540 6.5601 9.1359
v  -1.7622 6.5162 9.4026
v  -1.7756 6.9462 9.3997
v  -1.8244 6.9386 9.0906
v  -1.7689 7.4778 9.4234
v  -0.2974 7.3318 11.1405
v  0.0000 7.9700 11.1231
v  -0.3233 6.8875 11.1381
v  -0.3223 6.3093 11.1022
v  0.0000 8.5784 11.0912
v  0.2974 7.3318 11.1405
v  0.3233 6.8875 11.1381
v  0.3182 6.2703 11.1047
v  -1.2056 7.0129 10.5921
v  -1.1973 6.3833 10.5584
v  1.2056 7.0129 10.5921
v  1.1975 6.3506 10.5664
v  0.0000 6.9058 10.7553
v  -0.0975 6.9198 10.7628
v  0.0000 7.1366 10.6639
v  0.0000 6.6684 10.8508
v  -0.1138 6.6478 10.8724
v  0.0000 6.4703 10.9032
v  -0.0684 6.3625 11.0368
v  -1.5843 6.9508 8.4769
v  -1.5972 6.8052 8.4861
v  -1.6249 6.9042 8.2227
v  -1.6259 6.9765 8.1937
v  1.3935 8.4927 9.6297
v  1.4997 8.4958 8.8704
v  1.5193 7.9645 8.8923
v  1.3921 7.9420 9.6538
v  -1.5499 7.0127 8.7529
v  -1.5552 6.7908 8.7799
v  -1.5574 6.5799 8.8186
v  -1.5943 6.5836 8.5070
v  1.6474 6.9925 8.0443
v  1.6259 6.9765 8.1937
v  1.6273 7.2908 8.0506
v  -1.6584 6.9908 7.9649
v  -1.6474 6.9925 8.0443
v  -1.6412 6.9513 8.0324
v  -1.6560 6.9169 7.9379
v  -1.6264 6.8959 8.0670
v  -1.6077 6.6166 7.9975
v  -1.6713 6.5709 7.4262
v  -1.6737 6.8556 7.3945
v  -1.6402 6.8521 7.6571
v  -1.5666 6.5500 7.6700
v  -1.6666 6.6306 7.1302
v  -1.7091 6.9089 7.0221
v  -1.6986 6.9159 7.1893
v  -1.6675 6.7217 7.2410
v  1.4690 7.4012 9.2715
v  1.3945 7.3107 9.5963
v  -1.6383 6.6006 8.2346
v  -0.8761 8.4753 10.3173
v  -0.8933 7.9317 10.3733
v  -1.1979 7.9248 10.0794
v  -1.2199 8.4705 10.0157
v  -1.1874 7.3669 10.0856
v  -1.0434 7.4551 10.2692
v  -0.5241 7.0847 10.6958
v  -0.5963 7.0952 10.6654
v  -0.5146 7.3246 10.6543
v  -0.4428 7.0485 10.7229
v  -0.6279 6.7719 10.7412
v  -0.5404 6.7608 10.7571
v  -0.4529 6.6872 10.7969
v  -0.5662 6.5251 10.8654
v  -0.6360 6.4575 10.8950
v  -0.5356 6.3371 10.9075
v  -1.2175 6.8458 10.1461
v  -1.1754 6.8291 10.2367
v  -1.2782 6.5425 10.3129
v  -1.2381 6.5880 10.1981
v  -1.2644 6.8205 10.0425
v  -1.3354 6.5256 10.1974
v  -1.1505 7.1403 10.1863
v  -1.1955 7.1383 10.1123
v  -1.2391 7.1103 10.0206
v  -1.3945 7.3107 9.5963
v  -1.3978 7.0124 9.6079
v  -1.4007 7.0134 9.6024
v  -1.4107 7.0019 9.5574
v  -1.4021 6.9062 9.5382
v  -1.3907 6.9307 9.6002
v  -1.5709 7.3739 8.4732
v  -1.5786 7.9509 8.0259
v  -1.5193 7.9645 8.8923
v  -1.5269 7.2882 8.8787
v  -1.6273 7.2908 8.0506
v  -1.4997 8.4958 8.8704
v  -1.5552 8.4838 8.0056
v  -1.6642 7.4227 7.5704
v  -1.7216 7.3407 7.0116
v  -1.7947 7.8946 6.3123
v  -1.6651 7.0857 7.6248
v  -1.6962 7.0810 7.3027
v  -1.7306 7.1094 6.8803
v  -1.7120 7.1091 7.0985
v  1.6383 6.6006 8.2346
v  1.6249 6.9042 8.2227
v  1.6412 6.9513 8.0324
v  1.6264 6.8959 8.0670
v  -1.5322 7.0221 8.8779
v  -1.5327 6.8589 8.8736
v  1.7211 8.4427 6.3908
v  1.7947 7.8946 6.3123
v  1.5785 7.9509 8.0259
v  1.5552 8.4838 8.0056
v  1.5943 6.5836 8.5070
v  1.5509 6.5190 8.8469
v  1.5552 6.7908 8.7799
v  1.5972 6.8052 8.4861
v  1.7311 7.1086 6.8798
v  1.7803 7.0917 6.3728
v  1.7392 6.8711 6.3704
v  1.7091 6.9089 7.0221
v  -1.7211 8.4427 6.3908
v  1.5843 6.9508 8.4769
v  0.0975 6.9198 10.7628
v  0.1138 6.6478 10.8724
v  0.0684 6.3625 11.0368
v  1.5709 7.3739 8.4732
v  1.5499 7.0127 8.7529
v  1.6584 6.9908 7.9649
v  1.6560 6.9169 7.9379
v  1.6077 6.6166 7.9975
v  1.5666 6.5500 7.6700
v  1.6407 6.8519 7.6559
v  1.6752 6.8551 7.3919
v  1.6713 6.5709 7.4262
v  1.6675 6.7217 7.2410
v  1.6986 6.9159 7.1893
v  1.6666 6.6306 7.1302
v  0.8761 8.4753 10.3173
v  1.2199 8.4705 10.0157
v  1.1979 7.9248 10.0794
v  0.8933 7.9317 10.3733
v  1.0434 7.4551 10.2692
v  1.1874 7.3669 10.0856
v  0.8909 7.3709 10.4191
v  0.5963 7.0952 10.6654
v  0.5241 7.0847 10.6958
v  0.5146 7.3246 10.6543
v  0.4428 7.0485 10.7229
v  0.6279 6.7719 10.7412
v  0.5403 6.7608 10.7571
v  0.4529 6.6872 10.7969
v  0.6360 6.4575 10.8950
v  0.5662 6.5251 10.8654
v  0.5356 6.3371 10.9075
v  1.2733 6.5450 10.3271
v  1.1754 6.8291 10.2367
v  1.2175 6.8458 10.1461
v  1.3022 6.6013 10.2713
v  1.2644 6.8206 10.0426
v  1.3527 6.5447 10.2187
v  1.1505 7.1403 10.1863
v  1.1955 7.1383 10.1123
v  1.2391 7.1103 10.0206
v  1.3978 7.0124 9.6079
v  1.4007 7.0134 9.6024
v  1.4107 7.0019 9.5574
v  1.4021 6.9062 9.5382
v  1.3906 6.9307 9.6002
v  1.5507 6.5058 9.5730
v  1.4614 6.8578 9.2923
v  1.4786 6.5627 9.2781
v  -1.3935 8.4927 9.6297
v  -1.3921 7.9420 9.6538
v  1.5269 7.2883 8.8787
v  1.7220 7.3405 7.0102
v  1.6642 7.4226 7.5697
v  1.6986 7.0798 7.2989
v  1.6661 7.0848 7.6236
v  1.7125 7.1088 7.0973
v  -1.5585 6.7498 8.9238
v  1.7899 7.3991 6.2939
v  1.6819 6.6248 6.4421
v  1.5322 7.0221 8.8779
v  1.5327 6.8589 8.8736
v  1.5116 6.8545 9.0111
v  1.5198 6.9586 9.0028
v  -0.5762 8.4838 10.5293
v  -0.5571 7.9176 10.6179
v  -0.7096 7.4383 10.5349
v  -0.8383 7.1396 10.4969
v  -0.8909 7.3709 10.4191
v  -0.7159 7.0875 10.5865
v  -0.7446 6.7771 10.6706
v  -0.8584 6.8281 10.5857
v  -0.7776 6.4216 10.7774
v  -0.9273 6.5230 10.6555
v  0.5571 7.9176 10.6179
v  0.5762 8.4838 10.5293
v  0.7096 7.4383 10.5349
v  0.8383 7.1396 10.4969
v  0.7159 7.0875 10.5865
v  0.8584 6.8281 10.5857
v  0.7446 6.7771 10.6706
v  0.9273 6.5230 10.6555
v  0.7985 6.4086 10.7715
v  -1.7392 6.8711 6.3704
v  -1.7803 7.0917 6.3728
v  1.5585 6.7498 8.9238
v  -0.9014 7.1608 10.4492
v  -0.9584 7.1477 10.3952
v  -0.9277 6.8709 10.5296
v  -0.9913 6.8389 10.4664
v  -0.9646 6.6579 10.6245
v  -0.9985 6.5436 10.6014
v  0.9583 7.1477 10.3952
v  0.9014 7.1608 10.4492
v  0.9277 6.8709 10.5296
v  0.9913 6.8389 10.4664
v  0.9985 6.5436 10.6014
v  0.9646 6.6579 10.6245
v  -1.7899 7.3991 6.2939
v  -1.3749 6.9068 9.6257
v  -1.3260 6.7841 9.8675
v  -1.4689 6.4450 9.9822
v  -1.5356 6.5450 9.8071
v  -1.3117 7.0975 9.8398
v  -1.2973 7.4297 9.8467
v  -1.6819 6.6248 6.4421
v  1.3260 6.7841 9.8675
v  1.3749 6.9068 9.6257
v  1.5977 6.5537 9.8548
v  1.4835 6.4114 10.0398
v  1.3117 7.0975 9.8398
v  1.2973 7.4297 9.8467
v  -1.4614 6.8578 9.2923
v  -1.4786 6.5627 9.2781
v  -1.4977 6.5413 9.0207
v  -1.5116 6.8545 9.0111
v  -1.4690 7.4012 9.2715
v  -1.4752 6.9732 9.2853
v  -1.5198 6.9586 9.0028
v  1.4977 6.5413 9.0207
v  1.4752 6.9732 9.2853
v  -1.5268 6.5504 9.6147
v  0.0000 7.9551 10.6967
v  -0.2639 7.3669 10.6977
v  -0.2750 6.9907 10.7592
v  -0.2888 6.6483 10.8458
v  -0.3094 6.3099 10.9880
v  0.0000 8.5362 10.6683
v  0.2639 7.3669 10.6977
v  0.2750 6.9907 10.7592
v  0.2888 6.6483 10.8458
v  0.3052 6.2708 10.9905
v  -1.0607 7.1091 10.2961
v  -1.0870 6.7989 10.3516
v  -1.1489 6.4194 10.4504
v  1.0607 7.1091 10.2961
v  1.0870 6.7989 10.3516
v  1.1493 6.3868 10.4584
v  -1.5599 6.6664 9.7333
v  1.5400 6.6577 9.6854
v  -1.7674 5.3116 8.7731
v  -1.7409 5.2767 8.8585
v  -1.7366 5.4195 8.9144
v  -1.7607 5.5306 8.8666
v  -1.7220 5.2640 8.9505
v  -1.7151 5.5222 9.0186
v  -1.9856 4.9715 7.8269
v  -1.9245 5.2548 8.0334
v  -1.9388 5.2720 7.9408
v  -1.9407 5.2985 7.8417
v  -1.9035 5.4710 8.1406
v  -1.9154 5.4811 8.0505
v  -1.9177 5.5121 7.9534
v  -1.9825 5.9923 6.2445
v  -1.9767 5.9606 6.3579
v  -2.0098 6.2049 6.5187
v  -1.9590 6.1518 6.3657
v  -1.8906 5.6546 8.1001
v  -1.8832 5.7137 8.1655
v  -1.8712 5.1896 8.3831
v  -1.9230 4.8311 8.2540
v  -1.8058 4.7043 8.6764
v  -1.7949 5.0946 8.6882
v  -1.8864 5.4255 8.4778
v  -1.7725 5.0669 8.7774
v  -1.7420 5.0437 8.8818
v  1.9767 5.9606 6.3579
v  2.0504 5.8278 6.6707
v  2.0197 5.6028 6.6119
v  1.9927 5.7957 5.7959
v  2.0577 5.5390 5.6678
v  2.0396 5.3532 6.5125
v  -1.4762 5.1808 9.6184
v  -1.5123 5.1699 9.5557
v  -1.4940 4.9449 9.5263
v  -1.4587 4.9284 9.5895
v  -1.4555 5.4040 9.6284
v  -1.4936 5.3272 9.5772
v  -1.5189 5.4226 9.5194
v  -1.5468 5.1826 9.4828
v  -0.0592 5.0487 10.6759
v  0.0000 5.0291 10.6733
v  0.0000 5.1120 10.6937
v  -0.0411 5.1974 10.7136
v  -0.0567 4.7611 10.6175
v  0.0000 4.7677 10.6202
v  0.0000 4.3145 10.4809
v  1.9177 5.5121 7.9534
v  1.9929 5.5889 7.6463
v  1.9352 5.8320 7.7326
v  1.8987 5.7781 8.0333
v  1.9355 5.6990 7.3001
v  1.9767 5.3634 7.5443
v  1.9562 5.4585 7.2086
v  -0.5714 4.3336 10.4105
v  -0.6060 4.6994 10.5096
v  -0.7821 4.7280 10.3819
v  -0.8045 4.3420 10.2526
v  -0.4678 4.6941 10.5501
v  -0.4768 4.9856 10.6326
v  -0.6280 5.0515 10.6106
v  -0.7950 5.0011 10.4604
v  -1.0270 4.7677 10.2038
v  -1.0302 5.1623 10.2939
v  -1.1708 5.1263 10.1078
v  -1.1607 4.8035 10.0421
v  -0.8918 5.2753 10.4327
v  -1.0386 5.3599 10.3109
v  -0.8953 5.0347 10.3828
v  -1.1706 5.3298 10.1470
v  -0.4718 5.2157 10.7065
v  -0.6344 5.2775 10.6441
v  -1.1629 3.9877 9.8337
v  -0.7771 3.9400 10.0323
v  -1.0011 4.3490 10.1195
v  -1.1890 4.3902 9.9200
v  -1.1382 3.5858 9.2742
v  -0.7644 3.5185 9.5233
v  -0.3724 3.4656 9.7110
v  -0.3605 3.8755 10.2200
v  1.9168 5.8382 7.2405
v  1.9119 5.9212 7.4131
v  1.9396 5.7281 7.1905
v  -1.4768 3.7015 8.8393
v  -1.5009 4.1230 9.4165
v  -1.8025 4.3934 8.5873
v  -1.7712 3.9557 8.0087
v  2.0324 4.8710 6.8450
v  2.0713 5.1419 5.5712
v  1.7674 5.3116 8.7731
v  1.7607 5.5306 8.8666
v  1.7366 5.4195 8.9144
v  1.7409 5.2767 8.8585
v  1.7151 5.5222 9.0186
v  1.7220 5.2640 8.9505
v  1.9856 4.9715 7.8269
v  1.9388 5.2720 7.9408
v  1.9245 5.2548 8.0334
v  1.9407 5.2985 7.8417
v  1.9154 5.4811 8.0505
v  1.9034 5.4710 8.1406
v  1.9825 5.9923 6.2445
v  1.9590 6.1518 6.3657
v  2.0098 6.2049 6.5187
v  1.8905 5.6546 8.1001
v  1.8832 5.7137 8.1655
v  1.9230 4.8311 8.2540
v  1.8712 5.1896 8.3831
v  1.7949 5.0946 8.6882
v  1.8058 4.7043 8.6764
v  1.8864 5.4255 8.4778
v  1.7725 5.0669 8.7774
v  1.7420 5.0437 8.8818
v  -2.0197 5.6028 6.6119
v  -2.0503 5.8278 6.6707
v  -1.9927 5.7957 5.7959
v  -2.0577 5.5390 5.6678
v  -2.0396 5.3532 6.5125
v  1.5123 5.1699 9.5557
v  1.4761 5.1808 9.6184
v  1.4587 4.9284 9.5895
v  1.4940 4.9449 9.5263
v  1.4555 5.4040 9.6284
v  1.4936 5.3272 9.5772
v  1.5468 5.1826 9.4828
v  1.5189 5.4226 9.5194
v  0.0411 5.1974 10.7136
v  0.0592 5.0487 10.6759
v  0.0567 4.7611 10.6175
v  2.0238 5.2303 6.9644
v  2.0114 5.1087 7.4097
v  1.9856 4.6463 7.7012
v  0.8045 4.3420 10.2526
v  0.7821 4.7280 10.3819
v  0.6060 4.6994 10.5096
v  0.5714 4.3336 10.4105
v  0.4768 4.9856 10.6326
v  0.4678 4.6941 10.5501
v  0.6280 5.0515 10.6106
v  0.7950 5.0011 10.4604
v  1.0270 4.7677 10.2038
v  1.1607 4.8035 10.0421
v  1.1708 5.1263 10.1078
v  1.0302 5.1623 10.2939
v  0.8953 5.0347 10.3828
v  1.0385 5.3599 10.3109
v  0.8917 5.2753 10.4327
v  1.1706 5.3298 10.1470
v  0.6549 5.2720 10.6440
v  0.4718 5.2157 10.7065
v  0.7771 3.9400 10.0323
v  1.1629 3.9877 9.8337
v  1.1890 4.3902 9.9200
v  1.0011 4.3490 10.1195
v  0.7644 3.5185 9.5233
v  1.1382 3.5858 9.2742
v  0.3724 3.4656 9.7110
v  0.3605 3.8755 10.2200
v  -1.9119 5.9212 7.4131
v  -1.9168 5.8382 7.2405
v  -1.9396 5.7281 7.1905
v  -1.9355 5.6990 7.3001
v  1.8025 4.3934 8.5873
v  1.5009 4.1230 9.4165
v  1.4768 3.7015 8.8393
v  1.7712 3.9557 8.0087
v  -2.0713 5.1419 5.5712
v  -2.0324 4.8710 6.8450
v  -0.8344 4.7366 10.3440
v  -0.8871 4.7451 10.3056
v  -0.8443 4.9862 10.4159
v  -0.8226 5.2503 10.5031
v  -0.8538 5.1990 10.4585
v  0.8344 4.7366 10.3440
v  0.8871 4.7451 10.3056
v  0.8443 4.9862 10.4159
v  0.8538 5.1990 10.4585
v  0.8226 5.2503 10.5031
v  -0.3874 4.3210 10.4705
v  -0.4121 4.6817 10.5618
v  -1.9929 5.5889 7.6463
v  -1.8987 5.7781 8.0333
v  -1.9352 5.8320 7.7326
v  -1.9562 5.4585 7.2086
v  -1.9767 5.3634 7.5443
v  0.3874 4.3210 10.4705
v  0.4121 4.6817 10.5618
v  -2.0114 5.1087 7.4097
v  -2.0238 5.2303 6.9644
v  -1.9856 4.6463 7.7012
v  0.0000 3.4407 9.7723
v  0.0000 3.8598 10.2395
v  -0.3705 5.0044 10.6517
v  -0.2164 5.1009 10.6826
v  -0.2703 5.2733 10.7168
v  -0.3929 5.2020 10.6941
v  -0.3426 4.6803 10.5689
v  -0.2002 4.7142 10.5919
v  -0.1850 4.3138 10.4986
v  0.3705 5.0044 10.6517
v  0.3929 5.2020 10.6941
v  0.2286 5.2607 10.7145
v  0.2164 5.1009 10.6826
v  0.2002 4.7142 10.5919
v  0.3426 4.6803 10.5689
v  0.1850 4.3138 10.4986
v  1.9592 5.4830 7.1062
v  1.9638 5.5233 6.9640
v  1.9453 5.7685 7.0451
v  -1.3481 4.4469 9.7361
v  -1.3413 4.8755 9.8002
v  -1.5017 4.5018 9.4981
v  -1.9592 5.4830 7.1062
v  -1.9453 5.7685 7.0451
v  -1.9639 5.5233 6.9640
v  1.3481 4.4469 9.7361
v  1.5017 4.5018 9.4981
v  1.3412 4.8755 9.8002
v  -1.6229 4.9602 9.2574
v  -1.6430 4.5870 9.2008
v  -1.5303 4.9490 9.4545
v  -1.6778 5.2153 9.2844
v  2.0335 6.0849 6.8628
v  1.9554 5.9990 7.1772
v  1.6430 4.5870 9.2008
v  1.6229 4.9602 9.2574
v  1.5303 4.9490 9.4545
v  1.6778 5.2153 9.2844
v  -1.9554 5.9990 7.1772
v  -2.0336 6.0849 6.8628
v  -1.2553 4.8378 9.9188
v  -1.2009 4.8141 9.9938
v  -1.2123 5.1155 10.0509
v  -1.2647 5.1542 9.9675
v  -1.2192 5.2654 10.0691
v  -1.2346 5.3766 10.0147
v  1.2010 4.8141 9.9938
v  1.2553 4.8378 9.9188
v  1.2647 5.1542 9.9675
v  1.2123 5.1155 10.0509
v  1.2345 5.3766 10.0147
v  1.2192 5.2654 10.0691
v  -2.0327 4.6400 5.4037
v  -1.9698 4.4334 6.2632
v  2.0327 4.6400 5.4037
v  1.9698 4.4334 6.2632
v  1.9097 4.2067 7.1011
v  -1.9097 4.2067 7.1011
v  -1.8758 5.6106 8.5515
v  1.8758 5.6106 8.5515
v  -1.6748 5.4978 9.3109
v  1.6748 5.4978 9.3109
v  -1.3496 5.2147 9.8385
v  -1.3090 5.5054 9.8541
v  1.3496 5.2147 9.8385
v  1.3327 5.4940 9.8427
v  -0.4325 4.9660 10.6391
v  -0.4327 5.0860 10.6591
v  0.4324 4.9660 10.6391
v  0.4327 5.0860 10.6591
v  -1.3745 5.5803 8.6448
v  -1.4797 5.4493 8.7735
v  -1.3486 5.5643 8.7511
v  -1.6653 6.1915 6.4031
v  -1.6957 6.1017 6.3513
v  -1.5499 5.6782 8.0460
v  -1.5605 5.6341 7.9787
v  -1.4358 5.4185 9.6069
v  -1.4335 5.2472 9.4888
v  -1.3116 5.3653 9.3123
v  -0.0320 5.2238 10.6185
v  0.0000 5.1330 10.6449
v  1.4807 5.7998 7.5922
v  1.4468 5.7557 7.9137
v  -0.8600 5.2834 10.3732
v  -1.0092 5.3627 10.2567
v  -1.1294 5.3549 10.0661
v  -0.6119 5.2673 10.5892
v  -0.4578 5.2356 10.6139
v  1.6531 5.7816 7.1992
v  1.5742 5.8910 7.2799
v  1.3744 5.5803 8.6448
v  1.4797 5.4493 8.7735
v  1.3486 5.5643 8.7511
v  1.6653 6.1915 6.4031
v  1.6957 6.1017 6.3513
v  1.5499 5.6783 8.0460
v  1.5605 5.6341 7.9787
v  1.4335 5.2472 9.4888
v  1.4358 5.4185 9.6069
v  1.3116 5.3653 9.3123
v  0.0320 5.2238 10.6185
v  1.0092 5.3627 10.2567
v  0.8600 5.2834 10.3732
v  1.1294 5.3549 10.0661
v  0.6323 5.2617 10.5892
v  0.4578 5.2356 10.6139
v  -1.5742 5.8910 7.2799
v  -1.6531 5.7816 7.1992
v  -0.8378 5.1775 10.4394
v  -0.7785 5.2760 10.4405
v  0.7785 5.2760 10.4405
v  0.8378 5.1775 10.4394
v  -1.4807 5.7998 7.5922
v  -1.4468 5.7557 7.9137
v  -0.3925 5.1917 10.6340
v  -0.2710 5.2677 10.6580
v  0.3925 5.1917 10.6340
v  0.2293 5.2550 10.6558
v  1.5697 6.0795 6.7258
v  1.5497 5.9791 7.0897
v  -1.5697 6.0795 6.7258
v  -1.5497 5.9791 7.0896
v  -1.1896 5.3736 9.9369
v  -1.1596 5.2122 9.9991
v  1.1896 5.3736 9.9369
v  1.1596 5.2122 9.9991
v  -1.4549 5.6119 8.3532
v  1.4549 5.6119 8.3532
v  -1.2886 5.4986 9.0511
v  1.2886 5.4986 9.0511
v  -1.2794 5.4848 9.8123
v  1.3029 5.4732 9.8009
v  -0.4142 5.1027 10.5345
v  0.4142 5.1027 10.5345
v  -1.4721 5.3392 8.5259
v  -1.4666 5.2877 8.6823
v  -1.4044 5.2808 8.7978
v  -1.6346 5.2593 7.8527
v  -1.6172 5.2262 7.9727
v  -1.6724 5.0703 7.7711
v  -1.6277 5.3014 7.7217
v  -1.5816 5.4217 8.0647
v  -1.6014 5.4488 7.9317
v  -1.5647 5.5212 7.7773
v  -1.7102 5.9143 6.3807
v  -1.7179 5.9585 6.2215
v  -1.5022 5.1195 8.4703
v  -1.4932 4.8855 8.5504
v  -1.6146 4.9525 8.0397
v  -1.5652 5.1700 8.1937
v  -1.5220 5.3830 8.2891
v  -1.4374 5.0520 8.7357
v  -1.4761 5.0857 8.6098
v  1.7039 5.5885 6.6112
v  1.6623 5.8356 6.6682
v  1.7102 5.9143 6.3807
v  1.7252 5.7571 5.8042
v  1.7930 5.4927 5.6468
v  1.7406 5.3000 6.6317
v  -1.3123 5.1055 9.4988
v  -1.2802 4.8586 9.4046
v  -1.3163 4.8895 9.3107
v  -1.3516 5.1027 9.3845
v  -1.3373 5.1528 9.2268
v  -0.0742 4.9548 10.4563
v  0.0000 4.9365 10.4589
v  -0.0617 4.7425 10.3401
v  0.0000 4.7411 10.3440
v  0.0000 4.5640 10.2488
v  1.5785 5.5808 7.5380
v  1.5647 5.5212 7.7773
v  1.6400 5.3565 7.4849
v  1.6290 5.6475 7.2973
v  1.6650 5.4461 7.2144
v  -0.5721 4.4941 10.0468
v  -0.7146 4.5817 10.0094
v  -0.6847 4.7621 10.1489
v  -0.5571 4.7142 10.1932
v  -0.5851 4.9792 10.3677
v  -0.4661 4.9700 10.4140
v  -0.4321 4.7323 10.2657
v  -0.7268 4.9874 10.2828
v  -1.0011 4.7990 9.8404
v  -1.0302 5.0269 9.9547
v  -0.9398 5.0240 10.0735
v  -0.8870 4.7640 9.9519
v  -0.8379 4.9910 10.1745
v  -0.6748 4.1920 9.8299
v  -0.9963 4.0899 9.5378
v  -1.0316 4.6010 9.6857
v  -0.8206 4.4993 9.8564
v  -0.6521 3.6331 9.1895
v  -0.9754 3.6893 8.9743
v  -0.3118 3.5831 9.3525
v  -0.3035 3.9926 9.9480
v  1.6495 5.6676 7.1297
v  -1.5169 4.0298 7.8836
v  -1.5483 4.4623 8.4563
v  -1.2765 4.1922 9.1902
v  -1.2522 3.7858 8.6183
v  1.8051 5.1674 5.5510
v  1.7453 4.9378 6.8008
v  1.4721 5.3392 8.5259
v  1.4666 5.2877 8.6823
v  1.4044 5.2808 8.7978
v  1.6172 5.2263 7.9727
v  1.6346 5.2593 7.8527
v  1.6724 5.0703 7.7711
v  1.6277 5.3014 7.7217
v  1.5816 5.4217 8.0647
v  1.6014 5.4488 7.9317
v  1.7179 5.9585 6.2215
v  1.6146 4.9525 8.0397
v  1.4932 4.8855 8.5504
v  1.5022 5.1195 8.4703
v  1.5652 5.1700 8.1937
v  1.5220 5.3830 8.2891
v  1.4374 5.0520 8.7357
v  1.4761 5.0857 8.6098
v  -1.6624 5.8356 6.6682
v  -1.7039 5.5885 6.6112
v  -1.7252 5.7571 5.8042
v  -1.7406 5.3000 6.6317
v  -1.7930 5.4927 5.6468
v  1.3163 4.8895 9.3107
v  1.2801 4.8586 9.4046
v  1.3123 5.1055 9.4988
v  1.3516 5.1027 9.3845
v  1.3373 5.1528 9.2268
v  0.0742 4.9548 10.4563
v  0.0617 4.7425 10.3401
v  1.6977 5.2999 7.0175
v  1.6839 5.1026 7.4743
v  1.7206 4.6902 7.6380
v  0.7146 4.5817 10.0094
v  0.5721 4.4941 10.0468
v  0.5571 4.7142 10.1932
v  0.6847 4.7621 10.1489
v  0.5851 4.9792 10.3677
v  0.4321 4.7323 10.2657
v  0.4661 4.9700 10.4140
v  0.7268 4.9874 10.2828
v  1.0302 5.0269 9.9547
v  1.0011 4.7990 9.8404
v  0.8870 4.7640 9.9519
v  0.9398 5.0240 10.0735
v  0.8379 4.9910 10.1745
v  0.9963 4.0899 9.5378
v  0.6748 4.1920 9.8299
v  0.8206 4.4993 9.8564
v  1.0316 4.6010 9.6857
v  0.9754 3.6893 8.9743
v  0.6521 3.6331 9.1895
v  0.3035 3.9926 9.9480
v  0.3118 3.5831 9.3525
v  -1.6290 5.6475 7.2973
v  -1.6495 5.6676 7.1297
v  1.5482 4.4623 8.4563
v  1.5169 4.0298 7.8836
v  1.2522 3.7858 8.6183
v  1.2765 4.1922 9.1902
v  -1.8051 5.1674 5.5510
v  -1.7453 4.9378 6.8008
v  -0.7949 4.7760 10.0622
v  -0.7416 4.7700 10.1157
v  -0.7723 4.9634 10.2443
v  0.7949 4.7760 10.0622
v  0.7416 4.7700 10.1157
v  0.7723 4.9634 10.2443
v  -0.3673 4.7290 10.2905
v  -0.3484 4.5192 10.1730
v  -1.5786 5.5808 7.5380
v  -1.6400 5.3565 7.4849
v  -1.6650 5.4461 7.2144
v  0.3673 4.7290 10.2905
v  0.3484 4.5192 10.1730
v  -1.6839 5.1026 7.4743
v  -1.6977 5.2999 7.0175
v  -1.7206 4.6902 7.6380
v  0.0000 4.1697 10.0627
v  0.0000 3.5528 9.4046
v  -0.3212 4.9529 10.4518
v  -0.2009 4.9646 10.4635
v  -0.1737 4.7295 10.3251
v  -0.3019 4.7314 10.3094
v  -0.1293 4.4956 10.2023
v  0.3212 4.9529 10.4518
v  0.2009 4.9646 10.4635
v  0.3019 4.7314 10.3094
v  0.1737 4.7295 10.3251
v  0.1293 4.4956 10.2023
v  1.6786 5.5300 6.9132
v  1.6738 5.4845 7.0697
v  1.6359 5.7537 6.9511
v  -1.2044 4.8470 9.5377
v  -1.2024 4.5693 9.4193
v  -1.3006 4.6756 9.2572
v  -1.6359 5.7537 6.9511
v  -1.6738 5.4845 7.0697
v  -1.6786 5.5300 6.9132
v  1.2024 4.5693 9.4193
v  1.2044 4.8470 9.5377
v  1.3006 4.6756 9.2572
v  -1.3313 4.9212 9.1947
v  -1.3610 4.6798 8.9954
v  -1.3709 4.9689 8.9853
v  -1.3519 5.2226 9.0156
v  1.3609 4.6798 8.9954
v  1.3313 4.9212 9.1947
v  1.3709 4.9689 8.9853
v  1.3519 5.2226 9.0156
v  -1.0916 5.0305 9.8614
v  -1.0584 4.8155 9.7699
v  -1.1103 4.8347 9.6910
v  -1.1462 5.0760 9.7701
v  1.1103 4.8347 9.6910
v  1.0584 4.8155 9.7699
v  1.0916 5.0305 9.8614
v  1.1462 5.0760 9.7701
v  -1.7695 4.7007 5.3883
v  -1.7083 4.5020 6.2464
v  1.7695 4.7007 5.3883
v  1.7083 4.5020 6.2464
v  1.6491 4.2839 7.0491
v  -1.6491 4.2839 7.0491
v  -1.2248 5.1280 9.6359
v  1.2248 5.1280 9.6359
v  -0.3914 4.9367 10.4197
v  0.3914 4.9367 10.4197
# 3358 vertices

vn 0.5858 -0.4427 -0.6789
vn 0.7106 -0.1755 -0.6814
vn 0.6806 -0.1481 -0.7176
vn 0.6151 -0.3357 -0.7134
vn 0.4833 -0.6447 -0.5923
vn 0.7287 -0.2854 -0.6226
vn 0.5156 -0.3234 -0.7934
vn 0.5723 -0.1831 -0.7993
vn 0.3367 -0.2425 -0.9099
vn 0.2801 -0.3177 -0.9059
vn 0.0098 -0.2701 -0.9628
vn 0.0054 -0.3435 -0.9391
vn 0.8065 -0.2671 -0.5274
vn 0.5029 -0.7283 -0.4655
vn 0.7864 -0.4885 -0.3782
vn 0.7028 -0.5769 -0.4163
vn 0.8305 -0.4468 -0.3326
vn 0.5637 -0.6865 -0.4594
vn 0.3143 -0.7920 -0.5234
vn -0.0015 -0.8356 -0.5493
vn 0.9195 -0.2687 -0.2868
vn 0.7993 -0.5948 -0.0859
vn 0.6918 -0.7112 -0.1251
vn 0.8696 -0.4913 -0.0489
vn 0.3024 -0.9235 -0.2361
vn 0.5416 -0.8207 -0.1819
vn -0.0125 -0.9667 -0.2556
vn 0.9676 -0.2518 -0.0200
vn 0.8010 -0.4427 0.4030
vn 0.8083 -0.3389 0.4815
vn 0.7541 -0.4184 0.5062
vn 0.7383 -0.5493 0.3915
vn 0.8422 -0.3496 0.4105
vn 0.8392 -0.2748 0.4693
vn 0.3718 -0.7133 0.5941
vn 0.3554 -0.8512 0.3863
vn 0.6075 -0.6957 0.3834
vn 0.6254 -0.5601 0.5434
vn -0.0019 -0.7863 0.6178
vn -0.0147 -0.9232 0.3840
vn 0.9057 -0.1435 0.3989
vn 0.8954 -0.0916 0.4358
vn 0.7492 -0.3360 0.5708
vn 0.8055 -0.2687 0.5282
vn 0.8338 -0.2261 0.5037
vn 0.6207 -0.4459 0.6448
vn 0.3701 -0.5685 0.7347
vn -0.0021 -0.6280 0.7782
vn 0.8947 -0.0565 0.4432
vn 0.8017 -0.5569 0.2172
vn 0.7154 -0.6765 0.1749
vn 0.8629 -0.4425 0.2443
vn 0.5766 -0.8090 0.1143
vn 0.3297 -0.9421 0.0612
vn -0.0221 -0.9990 0.0392
vn 0.9453 -0.2091 0.2505
vn 0.6714 -0.1299 0.7296
vn 0.5881 -0.1498 0.7948
vn 0.7208 -0.1223 0.6823
vn 0.4490 -0.1881 0.8735
vn 0.2447 -0.2308 0.9417
vn -0.0029 -0.2462 0.9692
vn 0.7902 0.0535 0.6105
vn 0.0245 0.3337 0.9424
vn -0.0036 0.3369 0.9415
vn 0.0604 0.3170 0.9465
vn 0.1102 0.2894 0.9508
vn 0.1822 0.2358 0.9546
vn 0.3573 0.2325 0.9046
vn -0.6085 -0.3312 -0.7212
vn -0.6738 -0.1496 -0.7237
vn -0.7080 -0.1588 -0.6881
vn -0.5775 -0.4701 -0.6674
vn -0.4767 -0.6666 -0.5730
vn -0.7173 -0.2534 -0.6491
vn -0.3239 -0.2548 -0.9111
vn -0.5679 -0.1953 -0.7996
vn -0.5212 -0.3114 -0.7946
vn -0.2731 -0.3312 -0.9032
vn -0.7794 -0.2549 -0.5724
vn -0.4475 -0.7469 -0.4918
vn -0.7001 -0.5632 -0.4390
vn -0.7756 -0.4872 -0.4013
vn -0.8179 -0.4517 -0.3564
vn -0.3109 -0.7870 -0.5328
vn -0.5570 -0.6775 -0.4804
vn -0.9112 -0.2793 -0.3029
vn -0.6790 -0.7200 -0.1436
vn -0.7979 -0.5937 -0.1045
vn -0.8635 -0.5005 -0.0627
vn -0.5258 -0.8316 -0.1787
vn -0.3086 -0.9235 -0.2279
vn -0.9649 -0.2610 -0.0298
vn -0.8046 -0.4412 0.3974
vn -0.7200 -0.5724 0.3924
vn -0.7486 -0.4333 0.5018
vn -0.8112 -0.3405 0.4754
vn -0.8421 -0.2764 0.4631
vn -0.8440 -0.3527 0.4041
vn -0.6031 -0.7065 0.3704
vn -0.3886 -0.8443 0.3690
vn -0.3895 -0.7107 0.5858
vn -0.6312 -0.5633 0.5332
vn -0.8983 -0.0947 0.4291
vn -0.9079 -0.1481 0.3922
vn -0.8089 -0.2703 0.5222
vn -0.7505 -0.3418 0.5656
vn -0.8369 -0.2290 0.4972
vn -0.3767 -0.5707 0.7297
vn -0.6241 -0.4502 0.6387
vn -0.8980 -0.0550 0.4366
vn -0.6887 -0.7045 0.1713
vn -0.8070 -0.5526 0.2081
vn -0.8632 -0.4461 0.2365
vn -0.3585 -0.9314 0.0637
vn -0.5530 -0.8252 0.1152
vn -0.9461 -0.2138 0.2432
vn -0.6766 -0.1284 0.7250
vn -0.5934 -0.1498 0.7908
vn -0.7256 -0.1223 0.6771
vn -0.4545 -0.1896 0.8704
vn -0.2506 -0.2294 0.9405
vn -0.7948 0.0520 0.6047
vn -0.0317 0.3323 0.9426
vn -0.0677 0.3184 0.9455
vn -0.1174 0.2894 0.9500
vn -0.1892 0.2357 0.9532
vn -0.3643 0.2296 0.9025
vn -0.6687 0.1679 0.7243
vn -0.9364 0.0549 0.3465
vn -0.8283 -0.2731 0.4892
vn -0.6897 -0.0870 0.7188
vn -0.2850 0.2731 0.9188
vn -0.2731 0.0092 0.9619
vn -0.7207 -0.1236 0.6821
vn -0.4735 -0.2807 0.8349
vn -0.4524 -0.8742 -0.1766
vn 0.0838 -0.8823 -0.4631
vn 0.2154 -0.7508 -0.6244
vn -0.1746 -0.6350 -0.7525
vn 0.6069 -0.7420 -0.2849
vn 0.8459 -0.3067 0.4363
vn 0.7436 -0.5981 0.2989
vn 0.4850 -0.8166 -0.3129
vn -0.0071 -0.4972 0.8676
vn 0.1234 -0.9482 0.2929
vn 0.3442 0.0732 0.9360
vn -0.3375 -0.8133 -0.4739
vn -0.8094 -0.4181 -0.4123
vn -0.7836 -0.3464 -0.5158
vn 0.0525 -0.9076 -0.4165
vn 0.0779 -0.9927 -0.0923
vn -0.9040 -0.2915 0.3127
vn -0.9983 -0.0381 -0.0431
vn -0.9287 -0.3418 0.1439
vn -0.4368 -0.7998 0.4118
vn -0.4474 -0.8836 0.1382
vn 0.3059 0.0504 0.9507
vn -0.7588 -0.6513 0.0035
vn -0.8803 -0.4729 0.0366
vn -0.9944 -0.0031 -0.1054
vn -0.9602 -0.2517 0.1213
vn -0.8507 -0.4793 -0.2158
vn -0.9022 -0.2853 -0.3236
vn -0.7186 -0.5601 0.4122
vn -0.6420 -0.7275 -0.2419
vn 0.8070 -0.2945 0.5119
vn 0.1870 -0.5617 0.8060
vn 0.1651 -0.6315 0.7576
vn 0.5669 -0.1785 0.8042
vn 0.5095 0.2442 0.8251
vn 0.8308 0.0549 0.5539
vn 0.7627 -0.4456 -0.4688
vn 0.8521 -0.4333 -0.2936
vn 0.8075 0.2548 0.5319
vn 0.7175 -0.2777 -0.6388
vn 0.7607 0.5691 0.3122
vn -0.6796 0.6073 -0.4115
vn -0.9200 0.2731 -0.2812
vn -0.8360 0.0381 -0.5474
vn -0.5996 0.3372 -0.7258
vn -0.3899 0.8031 -0.4506
vn -0.4444 0.8116 -0.3791
vn -0.7406 0.5310 -0.4118
vn 0.3991 0.8983 -0.1838
vn 0.3126 0.9246 -0.2178
vn 0.0932 0.9247 -0.3691
vn 0.1291 0.9304 -0.3431
vn -0.1431 0.9156 -0.3759
vn -0.1228 0.8898 -0.4395
vn -0.3445 0.4013 -0.8487
vn -0.0276 0.4455 -0.8949
vn 0.6124 0.7905 0.0028
vn 0.3874 0.3356 -0.8586
vn 0.5568 0.0229 -0.8304
vn 0.5198 0.7263 0.4499
vn 0.4450 0.8938 0.0565
vn -0.6912 -0.6119 0.3845
vn -0.3157 -0.7418 0.5916
vn -0.2313 -0.6713 0.7042
vn -0.9897 0.1328 -0.0538
vn -0.9716 -0.1587 0.1756
vn 0.8720 -0.4593 -0.1691
vn 0.5713 -0.5598 -0.6002
vn 0.4972 0.4715 0.7284
vn -0.9244 0.2564 -0.2824
vn 0.2278 0.4713 -0.8520
vn -0.3785 -0.8137 -0.4411
vn -0.1656 -0.2288 0.9593
vn -0.1865 0.0366 0.9818
vn -0.3662 0.1129 0.9237
vn -0.3408 -0.0656 0.9378
vn -0.5651 0.0977 0.8192
vn -0.5983 0.1740 0.7821
vn -0.7720 0.1801 0.6096
vn -0.7462 0.1251 0.6538
vn -0.8659 0.0046 0.5001
vn -0.9010 -0.0809 0.4261
vn -0.9346 0.0092 0.3556
vn -0.9193 0.0565 0.3894
vn -0.3172 -0.3385 0.8859
vn -0.4857 -0.1633 0.8588
vn -0.4041 -0.1251 0.9061
vn -0.5667 0.2929 0.7701
vn -0.0317 0.3678 0.9294
vn -0.0382 -0.0855 0.9956
vn -0.1636 -0.3494 0.9226
vn -0.0313 -0.2885 0.9570
vn -0.0279 -0.1907 0.9813
vn -0.7054 0.2961 0.6440
vn -0.5862 -0.1648 0.7933
vn -0.7078 0.0885 0.7008
vn -0.5881 0.0397 0.8078
vn -0.4675 0.1740 0.8667
vn -0.5797 0.2152 0.7859
vn -0.8149 0.1266 0.5656
vn -0.7269 0.0870 0.6813
vn -0.7890 -0.0931 0.6073
vn -0.8005 -0.2213 0.5570
vn -0.8750 -0.0015 0.4842
vn -0.7611 -0.1846 0.6218
vn -0.2952 -0.4807 0.8257
vn -0.6533 -0.1053 0.7498
vn -0.9142 0.0275 0.4042
vn -0.9124 0.0809 0.4013
vn -0.8757 0.0992 0.4725
vn -0.2147 0.1450 0.9659
vn -0.2173 0.2411 0.9459
vn -0.4239 0.2152 0.8798
vn -0.4009 0.1221 0.9079
vn -0.6585 0.1587 0.7357
vn -0.8096 0.0763 0.5820
vn -0.7946 0.0671 0.6034
vn -0.6240 0.0870 0.7766
vn -0.7699 0.1007 0.6302
vn -0.8951 0.0031 0.4459
vn -0.7740 0.1465 0.6160
vn -0.9078 0.0824 0.4113
vn -0.8865 0.0229 0.4622
vn -0.9242 0.0000 0.3820
vn -0.9462 -0.0015 0.3237
vn -0.9032 -0.0198 0.4287
vn -0.4811 0.4410 0.7577
vn -0.7124 0.3097 0.6297
vn -0.6897 0.2472 0.6806
vn -0.4546 0.3433 0.8219
vn -0.2385 -0.4532 0.8589
vn -0.0795 0.0824 0.9934
vn -0.2154 0.0992 0.9715
vn -0.0766 -0.0031 0.9971
vn -0.0924 0.3861 0.9178
vn -0.1048 0.5156 0.8504
vn -0.2555 0.5034 0.8254
vn -0.2320 0.3814 0.8948
vn -0.8377 -0.0916 0.5384
vn -0.5532 0.1831 0.8127
vn -0.6315 0.1144 0.7669
vn -0.6537 0.1983 0.7303
vn -0.9660 0.0275 0.2572
vn -0.9787 -0.0397 0.2016
vn -0.9067 -0.2304 0.3533
vn -0.8423 -0.2549 0.4749
vn -0.7345 -0.1221 0.6675
vn -0.0871 0.2503 0.9642
vn -0.9614 -0.1541 0.2280
vn -0.5749 -0.3602 0.7347
vn -0.4644 -0.3906 0.7949
vn -0.6737 -0.2915 0.6791
vn -0.6855 -0.0153 0.7279
vn -0.7153 -0.1755 0.6764
vn -0.2546 -0.5328 0.8070
vn -0.2521 -0.5875 0.7690
vn -0.3362 0.2624 0.9045
vn -0.2542 0.2502 0.9342
vn -0.3077 0.1816 0.9340
vn -0.3691 0.1816 0.9115
vn -0.3411 -0.4319 0.8349
vn -0.3428 -0.5265 0.7780
vn -0.5833 -0.2076 0.7853
vn -0.6479 0.1846 0.7390
vn -0.4302 0.3892 0.8146
vn -0.3160 0.3632 0.8765
vn -0.4344 0.1816 0.8822
vn -0.6146 0.4335 0.6591
vn -0.4904 0.3663 0.7908
vn -0.2542 0.6330 0.7312
vn -0.2570 0.3723 0.8918
vn 0.1762 0.2838 0.9426
vn 0.2009 0.5083 0.8374
vn -0.5063 -0.3419 0.7917
vn -0.3859 -0.4424 0.8096
vn -0.6186 -0.2182 0.7548
vn 0.1828 -0.0519 0.9818
vn -0.0545 0.0519 0.9972
vn -0.0744 0.0458 0.9962
vn 0.0660 -0.0076 0.9978
vn -0.5898 -0.2777 0.7583
vn -0.5412 -0.1206 0.8322
vn -0.6598 0.0275 0.7510
vn -0.7175 -0.1159 0.6869
vn -0.6975 -0.2029 0.6873
vn -0.7092 -0.1129 0.6960
vn -0.2545 -0.6026 0.7564
vn -0.2010 -0.5797 0.7897
vn -0.7738 -0.0931 0.6265
vn -0.7120 -0.1618 0.6833
vn -0.6016 -0.2167 0.7688
vn -0.7149 -0.2824 0.6396
vn -0.1757 0.1556 0.9721
vn -0.2794 0.0931 0.9557
vn 0.2923 0.1068 0.9503
vn 0.3346 0.0290 0.9419
vn -0.2614 -0.4912 0.8309
vn -0.3355 -0.5034 0.7962
vn -0.3553 -0.2121 0.9104
vn -0.3899 -0.3828 0.8375
vn -0.1419 -0.3845 0.9121
vn -0.1210 -0.2106 0.9701
vn 0.1043 0.0870 0.9907
vn 0.0445 0.0305 0.9985
vn -0.1675 0.2136 0.9625
vn -0.2783 0.2166 0.9357
vn -0.4497 0.0320 0.8926
vn -0.6044 -0.0153 0.7965
vn -0.6884 -0.0458 0.7239
vn -0.7818 0.2212 0.5829
vn -0.7392 -0.0290 0.6728
vn -0.5830 0.2425 0.7754
vn -0.5969 0.4943 0.6319
vn -0.7493 -0.0244 0.6618
vn -0.6691 0.0885 0.7379
vn 0.3793 0.0900 0.9209
vn 0.3985 0.2563 0.8806
vn 0.1474 -0.0168 0.9889
vn 0.1216 -0.1434 0.9822
vn 0.0638 -0.1282 0.9897
vn 0.0536 -0.2869 0.9565
vn -0.5020 -0.1663 0.8487
vn -0.6868 0.0412 0.7256
vn -0.7430 -0.0122 0.6692
vn -0.4277 -0.2548 0.8673
vn -0.4440 0.0870 0.8918
vn -0.7759 -0.1633 0.6094
vn -0.7378 -0.1724 0.6527
vn -0.1348 -0.4897 0.8614
vn -0.2066 -0.5204 0.8285
vn -0.1034 -0.0290 0.9942
vn -0.2395 -0.1495 0.9593
vn -0.2761 -0.3663 0.8886
vn -0.3284 -0.4331 0.8394
vn -0.0648 0.0687 0.9955
vn -0.1459 0.1312 0.9806
vn -0.4496 -0.2594 0.8547
vn -0.6435 -0.2899 0.7084
vn -0.7613 -0.2197 0.6101
vn -0.3661 -0.2259 0.9028
vn -0.3114 0.0626 0.9482
vn -0.6184 -0.3449 0.7061
vn -0.7524 -0.2105 0.6242
vn -0.0221 -0.2731 0.9617
vn -0.0175 0.2106 0.9774
vn -0.4962 0.2335 0.8362
vn -0.4557 -0.2442 0.8560
vn -0.7021 0.2640 0.6614
vn -0.6488 -0.1999 0.7342
vn -0.6991 0.4029 0.5908
vn -0.7088 0.3814 0.5934
vn -0.5596 0.4622 0.6879
vn -0.5730 0.4518 0.6838
vn -0.5435 0.5159 0.6621
vn -0.5113 0.5052 0.6952
vn -0.0257 0.5128 0.8581
vn -0.0429 0.5722 0.8190
vn -0.7242 -0.3634 0.5861
vn -0.7285 -0.3865 0.5655
vn -0.7728 -0.3959 0.4960
vn -0.7707 -0.4122 0.4859
vn -0.7360 -0.4917 0.4653
vn -0.6268 -0.6167 0.4762
vn -0.6259 -0.3358 0.7039
vn -0.7057 -0.3330 0.6254
vn -0.3713 -0.3863 0.8443
vn -0.3656 -0.7424 0.5614
vn -0.4702 0.2884 0.8341
vn -0.3628 0.1968 0.9108
vn -0.4815 0.0717 0.8735
vn -0.7282 -0.3730 0.5749
vn -0.7641 -0.3894 0.5143
vn -0.5656 -0.0794 0.8208
vn -0.6889 -0.2246 0.6891
vn -0.6706 -0.1863 0.7181
vn -0.5699 -0.0214 0.8214
vn -0.6072 -0.0916 0.7892
vn -0.6552 -0.1068 0.7478
vn -0.7821 -0.2610 0.5659
vn -0.7293 -0.2551 0.6348
vn -0.0348 0.5402 0.8408
vn -0.0485 0.5492 0.8343
vn -0.6992 0.5007 0.5104
vn -0.6421 0.3784 0.6667
vn -0.6902 0.2976 0.6596
vn 0.0090 -0.4214 0.9068
vn -0.0022 -0.1908 0.9816
vn -0.3270 -0.1922 0.9253
vn -0.6604 -0.3563 0.6610
vn -0.6633 -0.2980 0.6865
vn -0.7193 -0.3008 0.6262
vn -0.0642 0.8431 0.5338
vn -0.2574 0.1651 0.9521
vn -0.0049 0.1222 0.9925
vn 0.0045 0.8089 0.5879
vn -0.2988 -0.3272 0.8965
vn -0.4771 0.2385 0.8459
vn -0.5582 -0.2323 0.7965
vn -0.6767 -0.3638 0.6400
vn -0.6774 -0.3605 0.6412
vn -0.5800 -0.3953 0.7123
vn -0.3449 -0.7563 0.5560
vn -0.3430 -0.6980 0.6286
vn -0.5427 -0.2855 0.7899
vn -0.4648 -0.2031 0.8618
vn -0.3198 -0.1404 0.9370
vn -0.2624 0.3664 0.8927
vn -0.5049 0.2731 0.8188
vn -0.6959 -0.0810 0.7136
vn -0.6665 -0.3330 0.6670
vn -0.5343 -0.5383 0.6517
vn -0.6034 0.0443 0.7962
vn -0.7052 0.0413 0.7078
vn -0.6163 0.4144 0.6697
vn -0.5493 0.4113 0.7274
vn -0.0149 0.4638 0.8858
vn -0.2274 0.4777 0.8486
vn -0.0080 0.3741 0.9274
vn -0.5901 -0.0900 0.8023
vn -0.7602 -0.4075 0.5061
vn -0.9493 -0.0336 0.3125
vn -0.7103 -0.0015 0.7039
vn -0.6134 0.1526 0.7749
vn -0.6639 -0.0244 0.7474
vn -0.3775 0.0885 0.9218
vn -0.4077 0.0427 0.9121
vn -0.4531 0.1343 0.8813
vn -0.4687 0.1556 0.8695
vn -0.7846 0.4975 0.3699
vn -0.8124 0.2197 0.5402
vn -0.4504 0.0458 0.8916
vn -0.6410 -0.3252 0.6953
vn -0.6455 -0.1757 0.7433
vn -0.2795 -0.6914 0.6663
vn -0.4247 -0.2034 0.8822
vn -0.3607 -0.5732 0.7357
vn -0.4147 -0.4479 0.7921
vn -0.4316 -0.2890 0.8545
vn -0.5763 -0.1208 0.8083
vn -0.6765 -0.1544 0.7200
vn -0.6207 -0.3899 0.6803
vn -0.5145 -0.4611 0.7229
vn -0.6288 -0.2168 0.7467
vn -0.5277 -0.3864 0.7565
vn -0.4677 -0.5778 0.6689
vn -0.5482 -0.5039 0.6674
vn -0.6030 0.3258 0.7282
vn -0.1707 0.8902 0.4223
vn -0.1689 0.9477 0.2707
vn -0.2266 -0.8724 0.4331
vn -0.1963 -0.9133 0.3569
vn -0.1493 -0.9474 0.2831
vn -0.3119 -0.7934 0.5228
vn -0.7477 -0.3269 0.5780
vn -0.7803 -0.3498 0.5185
vn -0.8250 -0.3423 0.4497
vn -0.8306 -0.3942 0.3932
vn -0.7939 -0.3987 0.4592
vn -0.5355 -0.3288 0.7779
vn -0.6103 -0.2662 0.7461
vn -0.2667 -0.6197 0.7382
vn -0.3195 -0.6439 0.6952
vn -0.2295 -0.8270 0.5132
vn -0.2070 -0.8019 0.5605
vn -0.0808 0.9905 0.1110
vn 0.0018 0.9999 -0.0112
vn -0.6054 0.1450 0.7826
vn -0.6084 -0.0763 0.7899
vn -0.5245 0.1923 0.8294
vn -0.5152 0.2410 0.8225
vn 0.0115 -0.7903 0.6126
vn -0.2966 -0.5267 0.7966
vn -0.5401 -0.3544 0.7633
vn -0.6572 -0.3027 0.6903
vn -0.4743 0.4349 0.7654
vn -0.5504 0.3326 0.7658
vn -0.5918 -0.0015 0.8061
vn -0.5545 -0.2442 0.7955
vn -0.5830 -0.2490 0.7734
vn -0.0645 -0.5064 0.8599
vn -0.6053 -0.2151 0.7663
vn -0.3993 0.1221 0.9086
vn -0.0333 -0.0442 0.9985
vn -0.3632 0.1221 0.9237
vn -0.5126 0.1831 0.8389
vn -0.6550 0.1724 0.7357
vn -0.2888 0.3220 0.9016
vn -0.4519 0.0626 0.8899
vn -0.4620 0.3006 0.8344
vn -0.0301 -0.6104 0.7915
vn -0.4300 -0.5966 0.6776
vn -0.0107 -0.6317 0.7752
vn -0.0097 -0.1511 0.9885
vn -0.0034 -0.3683 0.9297
vn -0.0044 -0.7352 0.6779
vn 0.0013 -0.8079 0.5893
vn -0.0111 -0.5689 0.8223
vn -0.0223 0.2304 0.9728
vn -0.8238 -0.4596 0.3318
vn -0.8014 -0.4289 0.4169
vn -0.4023 -0.9129 -0.0695
vn -0.1891 -0.9735 -0.1289
vn -0.2867 -0.9414 0.1776
vn -0.5201 -0.8343 0.1827
vn -0.6303 -0.7737 0.0643
vn -0.6974 -0.6686 0.2580
vn -0.7862 -0.5086 0.3510
vn -0.7780 -0.5866 0.2249
vn -0.0032 -0.9912 -0.1323
vn 0.0055 -0.9787 0.2054
vn -0.7219 0.4532 0.5230
vn -0.7021 -0.2426 0.6694
vn -0.9017 0.3830 0.2007
vn -0.7696 0.3754 0.5165
vn -0.5217 -0.7447 0.4162
vn -0.0700 -0.8530 0.5171
vn -0.3898 -0.7585 0.5223
vn -0.0423 -0.7905 0.6111
vn -0.1531 -0.4289 0.8903
vn -0.0393 -0.6423 0.7654
vn -0.4251 -0.1556 0.8917
vn -0.4814 -0.7354 0.4769
vn -0.0621 -0.8652 0.4976
vn -0.0493 -0.8884 0.4563
vn -0.4509 -0.8242 0.3426
vn -0.2701 -0.7941 0.5445
vn -0.2219 0.7820 0.5824
vn -0.1372 -0.8769 0.4606
vn -0.3932 0.1007 0.9139
vn -0.6076 0.0916 0.7889
vn -0.0873 0.1542 0.9842
vn -0.0264 0.0717 0.9971
vn -0.0204 0.1542 0.9878
vn -0.0191 0.2473 0.9688
vn -0.0130 0.3875 0.9218
vn -0.0034 0.5186 0.8550
vn -0.8248 0.1343 0.5493
vn -0.8492 0.1770 0.4975
vn 0.0203 0.4554 -0.8900
vn 0.3114 0.4610 -0.8309
vn 0.5685 0.4693 -0.6757
vn 0.4861 0.4504 -0.7489
vn 0.5200 0.5678 -0.6381
vn 0.3049 0.8538 -0.4219
vn 0.3304 0.9300 -0.1611
vn -0.7426 0.2197 0.6326
vn -0.5991 0.3982 0.6946
vn -0.7566 -0.0427 0.6525
vn -0.7353 -0.1572 0.6593
vn -0.7861 -0.1068 0.6088
vn 0.2119 0.0915 0.9730
vn 0.1023 0.3509 0.9308
vn -0.0106 -0.2441 0.9697
vn -0.1817 -0.3662 0.9126
vn -0.3063 0.4608 0.8330
vn 0.0199 -0.0961 0.9952
vn 0.0391 -0.0885 0.9953
vn -0.0530 0.0748 0.9958
vn -0.4157 -0.4044 0.8146
vn -0.1873 -0.1083 0.9763
vn -0.1920 0.0687 0.9790
vn -0.2085 -0.4801 0.8521
vn 0.0114 -0.9820 0.1887
vn -0.2419 -0.9656 0.0957
vn -0.0521 -0.5157 0.8552
vn -0.0286 -0.4227 0.9058
vn -0.2921 -0.7157 0.6344
vn -0.1370 0.3097 0.9409
vn -0.0736 0.0885 0.9934
vn 0.0594 0.8587 0.5090
vn 0.1944 0.9102 0.3658
vn -0.4839 0.3494 0.8024
vn -0.4204 0.1938 0.8864
vn -0.2724 -0.2930 0.9165
vn 0.9592 -0.0336 0.2806
vn 0.4861 -0.8664 0.1145
vn -0.3275 -0.7353 0.5933
vn -0.2719 -0.8897 0.3667
vn 0.0235 -0.5588 0.8290
vn -0.0105 0.7944 0.6073
vn -0.2795 0.0946 0.9555
vn -0.1071 0.0717 0.9917
vn -0.0736 0.7613 0.6443
vn 0.1342 0.2533 0.9580
vn 0.1211 0.6957 0.7080
vn 0.2330 -0.9586 0.1638
vn -0.2863 -0.5661 0.7730
vn -0.3317 -0.6708 0.6633
vn 0.3719 -0.9201 0.1232
vn -0.4068 0.4516 0.7941
vn 0.4200 0.8747 0.2418
vn -0.4293 -0.8971 -0.1047
vn -0.0504 -0.6321 0.7733
vn 0.1357 0.2426 0.9606
vn -0.0206 0.9152 0.4024
vn -0.0736 0.8250 0.5603
vn 0.0373 0.1373 0.9898
vn -0.1243 0.9907 0.0548
vn -0.1314 0.9887 -0.0715
vn -0.0611 0.9909 0.1200
vn 0.1551 0.9844 0.0836
vn 0.3334 0.9411 0.0570
vn 0.4597 0.8871 0.0421
vn 0.5864 0.8085 0.0491
vn -0.4809 -0.7067 -0.5190
vn -0.6934 -0.3846 -0.6093
vn -0.6250 -0.6437 -0.4416
vn 0.9864 0.1511 0.0641
vn 0.6452 -0.7639 -0.0110
vn -0.2588 0.9657 -0.0224
vn -0.6101 0.6988 -0.3734
vn 0.1048 -0.9789 -0.1754
vn -0.2705 -0.8931 -0.3594
vn 0.5173 -0.8529 -0.0700
vn 0.3781 -0.9195 -0.1074
vn -0.4564 -0.8284 0.3248
vn -0.1235 0.7860 0.6057
vn -0.9690 0.2288 0.0932
vn -0.7367 0.2030 -0.6451
vn -0.2824 0.0565 0.9576
vn -0.3524 -0.3234 0.8782
vn -0.9880 -0.1526 -0.0236
vn -0.7458 0.0992 -0.6587
vn -0.5873 0.1785 -0.7894
vn -0.5895 0.1817 -0.7871
vn 0.1413 -0.2380 0.9609
vn 0.3288 -0.0748 0.9414
vn 0.3589 0.1495 0.9213
vn 0.1728 0.0504 0.9837
vn 0.5523 0.1007 0.8275
vn 0.7509 0.1175 0.6498
vn 0.7731 0.1968 0.6029
vn 0.5896 0.2303 0.7742
vn 0.8504 0.0458 0.5241
vn 0.8961 0.0824 0.4362
vn 0.9056 0.0412 0.4222
vn 0.8796 -0.0122 0.4756
vn 0.4574 -0.1876 0.8693
vn 0.2969 -0.3617 0.8837
vn 0.5503 0.2990 0.7796
vn 0.3723 -0.1297 0.9190
vn 0.1275 -0.3510 0.9276
vn 0.7160 0.2975 0.6316
vn 0.5872 -0.1663 0.7922
vn 0.5382 0.1846 0.8224
vn 0.4293 0.1572 0.8894
vn 0.5435 0.0473 0.8381
vn 0.6637 0.0763 0.7441
vn 0.7983 0.1267 0.5887
vn 0.7635 -0.0458 0.6442
vn 0.6961 0.0855 0.7129
vn 0.7950 -0.1267 0.5933
vn 0.8641 0.0244 0.5028
vn 0.7671 -0.1236 0.6296
vn 0.3012 -0.4893 0.8185
vn 0.6469 -0.0992 0.7561
vn 0.8903 0.0626 0.4510
vn 0.8591 0.1114 0.4995
vn 0.8886 0.0854 0.4506
vn 0.4192 0.1358 0.8977
vn 0.4540 0.1892 0.8707
vn 0.2385 0.2168 0.9466
vn 0.2234 0.1464 0.9637
vn 0.6603 0.1587 0.7341
vn 0.6274 0.1312 0.7675
vn 0.7849 0.1206 0.6078
vn 0.7948 0.1129 0.5962
vn 0.7638 0.1480 0.6283
vn 0.7421 0.1282 0.6579
vn 0.8660 -0.0015 0.5001
vn 0.8884 0.0931 0.4496
vn 0.8851 0.0427 0.4635
vn 0.9150 0.0351 0.4020
vn 0.8932 0.0366 0.4481
vn 0.8686 0.0641 0.4913
vn 0.5298 0.3998 0.7480
vn 0.4942 0.2991 0.8163
vn 0.6947 0.2198 0.6849
vn 0.7251 0.2777 0.6301
vn 0.2367 -0.4731 0.8486
vn 0.0445 0.0961 0.9944
vn 0.0314 -0.0031 0.9995
vn 0.2127 0.1282 0.9687
vn 0.1057 0.5247 0.8447
vn 0.0796 0.3890 0.9178
vn 0.2590 0.3616 0.8956
vn 0.2828 0.4958 0.8211
vn 0.7991 -0.0961 0.5935
vn 0.5865 0.1114 0.8023
vn 0.5179 0.1373 0.8443
vn 0.6203 0.1724 0.7652
vn 0.9442 0.0488 0.3259
vn 0.9655 -0.0290 0.2588
vn 0.8806 -0.2503 0.4024
vn 0.6990 -0.1145 0.7059
vn 0.8160 -0.2718 0.5102
vn 0.0674 0.2412 0.9681
vn 0.9439 -0.1649 0.2860
vn 0.4417 -0.3570 0.8231
vn 0.5643 -0.3251 0.7589
vn 0.6345 -0.2549 0.7297
vn 0.6478 -0.1419 0.7485
vn 0.6252 0.0137 0.7804
vn 0.2316 -0.5355 0.8121
vn 0.2420 -0.5815 0.7767
vn 0.2097 0.2197 0.9528
vn 0.3062 0.2624 0.9151
vn 0.3342 0.1740 0.9263
vn 0.2712 0.1434 0.9518
vn 0.3005 -0.4303 0.8512
vn 0.3359 -0.5126 0.7902
vn 0.5770 -0.1984 0.7923
vn 0.6412 0.1831 0.7452
vn 0.2861 0.3342 0.8980
vn 0.4199 0.3952 0.8170
vn 0.4080 0.1358 0.9028
vn 0.4761 0.3509 0.8063
vn 0.6267 0.4348 0.6467
vn 0.2395 0.5265 0.8157
vn -0.1411 0.5050 0.8515
vn -0.1478 0.4212 0.8948
vn 0.2535 0.3876 0.8863
vn 0.2873 -0.4943 0.8205
vn 0.3878 -0.4333 0.8135
vn 0.5012 -0.2945 0.8137
vn -0.0005 0.0855 0.9963
vn -0.0415 0.1099 0.9931
vn -0.0949 -0.0198 0.9953
vn -0.0662 0.0366 0.9971
vn 0.7029 0.0061 0.7113
vn 0.6601 0.0900 0.7458
vn 0.5673 -0.0473 0.8222
vn 0.6131 -0.1541 0.7749
vn 0.5857 -0.1755 0.7913
vn 0.6319 -0.0427 0.7739
vn 0.1859 -0.5606 0.8069
vn 0.2298 -0.5737 0.7862
vn 0.6363 -0.1999 0.7451
vn 0.6599 -0.1388 0.7384
vn 0.5379 -0.3784 0.7533
vn 0.5345 -0.1785 0.8261
vn 0.2397 0.0229 0.9706
vn 0.1189 0.0824 0.9895
vn -0.3439 0.1114 0.9324
vn -0.2883 0.1724 0.9419
vn 0.2023 -0.5174 0.8315
vn 0.3135 -0.4816 0.8184
vn 0.1576 -0.3997 0.9030
vn 0.4201 -0.3159 0.8507
vn 0.3952 -0.1877 0.8992
vn 0.1560 -0.2839 0.9461
vn -0.1662 -0.0244 0.9858
vn -0.2204 0.0610 0.9735
vn 0.1093 0.1282 0.9857
vn 0.1996 0.1389 0.9700
vn 0.5671 -0.0229 0.8233
vn 0.4291 -0.0214 0.9030
vn 0.6312 0.0092 0.7755
vn 0.5716 0.3494 0.7424
vn 0.5832 0.1785 0.7925
vn 0.6723 -0.1083 0.7323
vn 0.6865 0.1007 0.7202
vn 0.6381 0.1465 0.7559
vn 0.6845 0.0122 0.7289
vn -0.3265 0.3525 0.8770
vn -0.3646 0.3082 0.8787
vn -0.1844 -0.2289 0.9558
vn -0.2130 -0.1236 0.9692
vn -0.0679 -0.3646 0.9287
vn -0.0712 -0.2579 0.9635
vn 0.2843 -0.4776 0.8313
vn 0.4627 -0.2823 0.8404
vn 0.5988 -0.1144 0.7927
vn 0.4136 -0.2273 0.8816
vn 0.3725 0.0641 0.9258
vn 0.6459 -0.1373 0.7510
vn 0.6696 -0.0702 0.7394
vn 0.2375 -0.5884 0.7729
vn 0.1704 -0.6240 0.7626
vn 0.2032 -0.2426 0.9486
vn 0.0354 -0.1694 0.9849
vn 0.1684 -0.5770 0.7992
vn 0.3005 -0.4227 0.8550
vn -0.0203 -0.0870 0.9960
vn 0.0360 0.0214 0.9991
vn 0.6229 -0.1938 0.7579
vn 0.4447 -0.2700 0.8540
vn 0.6916 -0.0595 0.7198
vn 0.3195 -0.1602 0.9339
vn 0.2092 0.0565 0.9762
vn 0.7151 -0.0458 0.6975
vn 0.6336 -0.2213 0.7413
vn 0.4474 0.1800 0.8760
vn 0.3893 -0.2609 0.8834
vn 0.5648 -0.2701 0.7797
vn 0.6546 0.1862 0.7327
vn 0.5518 0.4624 0.6941
vn 0.5245 0.4760 0.7059
vn 0.7165 0.3830 0.5831
vn 0.7110 0.4013 0.5774
vn 0.4745 0.4592 0.7510
vn 0.5057 0.5095 0.6962
vn 0.6859 -0.3896 0.6146
vn 0.7337 -0.4399 0.5178
vn 0.7495 -0.4083 0.5211
vn 0.6973 -0.3974 0.5965
vn 0.6904 -0.5179 0.5051
vn 0.6631 -0.3770 0.6467
vn 0.5884 -0.3828 0.7122
vn 0.5885 -0.6253 0.5125
vn 0.3659 -0.4121 0.8344
vn 0.3612 -0.7367 0.5717
vn 0.4683 0.3158 0.8252
vn 0.3484 0.2228 0.9105
vn 0.4490 0.0916 0.8888
vn 0.7022 -0.3729 0.6066
vn 0.7483 -0.3898 0.5368
vn 0.5202 -0.0488 0.8527
vn 0.6288 -0.2153 0.7471
vn 0.6595 -0.2490 0.7093
vn 0.5325 -0.0855 0.8421
vn 0.7045 -0.2763 0.6537
vn 0.7582 -0.2763 0.5906
vn 0.6242 -0.0900 0.7761
vn 0.5810 -0.0839 0.8096
vn 0.6919 0.4564 0.5595
vn 0.6547 0.3846 0.6507
vn 0.6959 0.3083 0.6486
vn 0.3176 -0.2336 0.9190
vn 0.6237 -0.3546 0.6966
vn 0.6877 -0.3134 0.6549
vn 0.6239 -0.3072 0.7186
vn 0.2637 0.1559 0.9519
vn 0.1070 0.8160 0.5681
vn 0.5583 -0.2401 0.7941
vn 0.5013 0.2234 0.8359
vn 0.2938 -0.3363 0.8947
vn 0.6342 -0.3642 0.6820
vn 0.6370 -0.3684 0.6771
vn 0.3226 -0.7600 0.5643
vn 0.5494 -0.3969 0.7353
vn 0.5366 -0.2840 0.7946
vn 0.3420 -0.6943 0.6332
vn 0.4948 0.2534 0.8312
vn 0.2484 0.3527 0.9022
vn 0.3004 -0.1435 0.9430
vn 0.4549 -0.2076 0.8660
vn 0.6911 -0.0841 0.7179
vn 0.5259 -0.5331 0.6627
vn 0.6609 -0.3350 0.6715
vn 0.5110 0.3670 0.7773
vn 0.5905 0.3851 0.7092
vn 0.6807 0.0107 0.7325
vn 0.5691 0.0122 0.8222
vn 0.2126 0.4764 0.8532
vn 0.6982 -0.3921 0.5990
vn 0.5643 -0.1419 0.8133
vn 0.7063 -0.0076 0.7079
vn 0.9294 -0.0351 0.3675
vn 0.6313 -0.0321 0.7749
vn 0.5951 0.1420 0.7910
vn 0.3501 0.0885 0.9325
vn 0.4474 0.1328 0.8844
vn 0.4093 0.1068 0.9061
vn 0.3733 0.0397 0.9269
vn 0.7820 0.1755 0.5981
vn 0.7910 0.4729 0.3882
vn 0.4282 0.0732 0.9007
vn 0.6112 -0.3484 0.7107
vn 0.6010 -0.2031 0.7730
vn 0.2687 -0.6823 0.6799
vn 0.2830 -0.5949 0.7523
vn 0.3678 -0.1727 0.9137
vn 0.4000 -0.2844 0.8713
vn 0.3831 -0.4461 0.8088
vn 0.6562 -0.1789 0.7331
vn 0.5453 -0.1514 0.8245
vn 0.5037 -0.4750 0.7216
vn 0.6052 -0.3957 0.6908
vn 0.5906 -0.2244 0.7752
vn 0.5187 -0.4961 0.6963
vn 0.4316 -0.5986 0.6748
vn 0.4996 -0.3985 0.7692
vn 0.6061 0.3242 0.7264
vn 0.2068 0.9225 0.3260
vn 0.2277 0.8573 0.4617
vn 0.2297 -0.8718 0.4327
vn 0.1917 -0.9219 0.3367
vn 0.2917 -0.8097 0.5092
vn 0.1342 -0.9637 0.2308
vn 0.7245 -0.3467 0.5957
vn 0.8069 -0.3970 0.4373
vn 0.8009 -0.3667 0.4734
vn 0.7602 -0.3666 0.5363
vn 0.7795 -0.3990 0.4829
vn 0.5680 -0.2829 0.7729
vn 0.5016 -0.3289 0.8001
vn 0.2079 -0.7897 0.5771
vn 0.2450 -0.8184 0.5199
vn 0.3268 -0.6317 0.7030
vn 0.2547 -0.6015 0.7572
vn 0.1266 0.9640 0.2340
vn 0.0487 0.9903 0.1299
vn 0.5735 -0.0855 0.8148
vn 0.5739 0.1221 0.8098
vn 0.5010 0.2045 0.8410
vn 0.4924 0.1664 0.8543
vn 0.2788 -0.5400 0.7941
vn 0.5096 -0.3515 0.7853
vn 0.6245 -0.3104 0.7167
vn 0.5303 0.3023 0.7921
vn 0.4634 0.4179 0.7814
vn 0.5466 -0.0244 0.8370
vn 0.5323 -0.2960 0.7931
vn 0.5534 -0.2613 0.7909
vn 0.3339 0.0885 0.9385
vn 0.4753 -0.2151 0.8531
vn 0.3496 0.1496 0.9249
vn 0.5052 0.2060 0.8381
vn 0.6372 0.1770 0.7501
vn 0.2524 0.3341 0.9081
vn 0.4324 0.2655 0.8617
vn 0.4003 -0.0031 0.9164
vn 0.3634 -0.6241 0.6917
vn 0.7802 -0.4320 0.4524
vn 0.7998 -0.4521 0.3949
vn 0.1788 -0.9798 -0.0899
vn 0.3889 -0.9212 0.0144
vn 0.4991 -0.8319 0.2426
vn 0.2839 -0.9355 0.2102
vn 0.7544 -0.5864 0.2950
vn 0.7529 -0.5230 0.3996
vn 0.6630 -0.6759 0.3220
vn 0.6149 -0.7737 0.1526
vn 0.7251 0.4411 0.5289
vn 0.6102 -0.3174 0.7259
vn 0.9012 0.3754 0.2165
vn 0.7729 0.3678 0.5171
vn 0.3936 -0.7068 0.5878
vn 0.3212 -0.7979 0.5101
vn -0.0925 -0.6425 0.7607
vn 0.1190 -0.4319 0.8940
vn -0.7573 -0.4241 0.4965
vn -0.2508 -0.0244 0.9677
vn 0.3703 -0.1999 0.9071
vn 0.4115 -0.7839 0.4650
vn -0.0407 -0.9294 0.3668
vn 0.7374 -0.6702 0.0846
vn 0.4493 -0.8778 -0.1661
vn 0.3662 -0.8220 0.4361
vn 0.2375 -0.0427 0.9705
vn 0.2443 -0.8319 0.4983
vn 0.1939 0.8155 0.5453
vn 0.0895 -0.9230 0.3742
vn 0.7573 -0.2624 0.5980
vn 0.8259 -0.4639 0.3203
vn 0.3967 0.1419 0.9069
vn 0.6059 0.1541 0.7805
vn 0.0639 0.1541 0.9860
vn 0.8054 0.1465 0.5743
vn 0.8294 0.1678 0.5329
vn -0.2999 0.4734 -0.8282
vn -0.5884 0.4480 -0.6731
vn -0.5035 0.4388 -0.7443
vn -0.5269 0.5905 -0.6113
vn -0.3271 0.8443 -0.4245
vn -0.2667 0.9463 -0.1827
vn 0.5448 0.2532 0.7995
vn 0.6764 0.1587 0.7192
vn 0.7055 0.0107 0.7086
vn 0.6604 -0.1602 0.7337
vn 0.6837 -0.0549 0.7277
vn -0.1004 0.0046 0.9949
vn -0.0180 0.1526 0.9881
vn -0.0401 -0.3662 0.9297
vn 0.1678 -0.4135 0.8949
vn 0.2770 0.2793 0.9194
vn -0.0121 -0.0504 0.9987
vn -0.1245 -0.2319 0.9647
vn -0.0700 -0.0229 0.9973
vn 0.4339 -0.3661 0.8232
vn 0.1154 0.0916 0.9891
vn 0.1260 -0.0198 0.9918
vn -0.0365 -0.9363 0.3492
vn 0.2160 -0.1984 0.9560
vn -0.0612 -0.1206 0.9908
vn 0.1242 -0.8824 0.4538
vn -0.0300 0.2029 0.9787
vn 0.0307 0.5476 0.8362
vn 0.1558 -0.4182 0.8949
vn -0.0409 -0.1434 0.9888
vn 0.1063 0.7143 0.6918
vn 0.4754 0.1450 0.8677
vn 0.5194 0.3143 0.7946
vn -0.0733 0.8232 0.5631
vn -0.5218 0.3082 0.7954
vn 0.3900 -0.0458 0.9197
vn 0.3707 -0.7115 0.5970
vn -0.3717 -0.9180 0.1382
vn 0.0593 -0.6849 0.7262
vn -0.2546 -0.1983 0.9465
vn 0.1524 -0.0778 0.9853
vn 0.3441 0.0061 0.9389
vn 0.1653 0.5084 0.8451
vn 0.1204 0.4089 0.9046
vn -0.2409 0.2990 0.9233
vn -0.1817 0.7447 0.6422
vn 0.5148 -0.5144 0.6859
vn 0.4112 -0.3707 0.8328
vn -0.1730 -0.9508 0.2569
vn -0.2547 -0.9503 0.1792
vn -0.2318 0.8094 0.5396
vn 0.4709 0.3968 0.7879
vn -0.2189 -0.1968 0.9557
vn 0.1539 -0.8225 0.5475
vn -0.0560 0.7231 0.6885
vn -0.1891 0.1434 0.9714
vn 0.0528 0.5433 0.8379
vn -0.0456 -0.0153 0.9988
vn 0.5958 -0.1373 0.7913
vn 0.0457 -0.9033 -0.4266
vn -0.4015 -0.8634 -0.3056
vn 0.1443 0.9302 0.3375
vn 0.1040 0.9751 0.1960
vn 0.0204 0.9073 0.4199
vn -0.1285 0.9143 0.3842
vn -0.2811 0.9183 0.2786
vn -0.5531 0.7940 0.2523
vn -0.4514 0.8616 0.2322
vn 0.4059 -0.9135 -0.0274
vn 0.4438 -0.7952 0.4132
vn 0.6967 -0.7154 -0.0522
vn -0.5885 -0.8082 -0.0214
vn -0.9051 0.3280 0.2705
vn 0.1143 0.9641 0.2397
vn 0.2222 0.9602 -0.1693
vn 0.1891 -0.9675 -0.1681
vn -0.1695 -0.9667 -0.1917
vn -0.4744 -0.8756 -0.0906
vn -0.3677 -0.9216 -0.1245
vn 0.0234 0.8072 0.5898
vn 0.2764 -0.5389 0.7958
vn 0.6169 0.2549 -0.7447
vn 0.5889 -0.0259 0.8078
vn 0.1267 -0.1846 0.9746
vn 0.0952 -0.0153 0.9953
vn 0.5778 0.0427 0.8150
vn 0.6479 0.2334 -0.7250
vn 0.3956 0.1602 -0.9044
vn 0.3995 0.1587 -0.9029
vn -0.1410 0.5492 -0.8237
vn -0.3474 0.6533 -0.6727
vn -0.4442 0.5079 -0.7380
vn -0.0929 0.4589 -0.8836
vn -0.6590 0.5997 -0.4539
vn -0.3927 -0.2473 0.8858
vn 0.0161 -0.2242 0.9744
vn -0.0050 -0.5365 0.8439
vn -0.3601 -0.6254 0.6922
vn -0.9308 -0.2213 -0.2909
vn -0.8932 -0.2823 -0.3500
vn -0.8933 -0.1694 -0.4163
vn -0.9528 -0.1785 -0.2454
vn -0.2937 -0.9300 -0.2210
vn -0.3751 -0.9270 -0.0018
vn -0.2211 -0.9575 0.1853
vn -0.1123 -0.9639 -0.2413
vn -0.5493 -0.7524 0.3635
vn -0.6590 -0.7521 -0.0017
vn -0.7555 -0.4796 0.4463
vn -0.6319 -0.3480 0.6926
vn -0.9873 -0.0443 0.1525
vn -0.9625 -0.0107 0.2711
vn -0.9874 -0.1465 0.0599
vn -0.9694 -0.2121 0.1234
vn -0.9278 -0.2718 0.2557
vn -0.8768 -0.3146 0.3637
vn -0.4992 -0.0168 0.8663
vn -0.6368 -0.0153 0.7709
vn -0.5239 -0.8361 -0.1626
vn -0.5463 -0.8256 -0.1413
vn -0.9066 -0.3996 0.1356
vn -0.8534 -0.0732 0.5161
vn -0.0323 -0.9427 0.3320
vn -0.0261 -0.9758 -0.2173
vn -0.9283 -0.3696 0.0402
vn -0.8869 -0.4380 0.1467
vn -0.9255 -0.3069 0.2220
vn -0.9672 -0.2290 0.1102
vn -0.7554 -0.6460 -0.1103
vn -0.7432 -0.6691 0.0019
vn -0.5730 -0.8153 -0.0838
vn -0.7612 -0.6399 0.1048
vn -0.8956 -0.4332 -0.1008
vn -0.9573 -0.2731 -0.0947
vn -0.9601 -0.2228 -0.1691
vn -0.1167 -0.9533 -0.2784
vn -0.3239 -0.9224 -0.2104
vn -0.0100 -0.9566 -0.2914
vn -0.8519 -0.4643 0.2421
vn -0.8778 -0.3622 0.3134
vn -0.9858 -0.1663 0.0211
vn -0.9833 -0.1526 0.0988
vn -0.9833 -0.1785 -0.0350
vn -0.9838 -0.1785 0.0157
vn -0.3209 -0.0839 0.9434
vn -0.9945 -0.0641 -0.0831
vn -0.9010 -0.0107 -0.4336
vn -0.7895 -0.1557 -0.5937
vn -0.7561 -0.0366 -0.6535
vn -0.4993 -0.2396 -0.8326
vn -0.4386 -0.1800 -0.8805
vn 0.0154 -0.1053 0.9943
vn -0.0168 -0.3083 -0.9511
vn 0.0378 -0.2898 -0.9563
vn -0.9648 -0.0916 0.2467
vn -0.9236 -0.1282 0.3614
vn -0.9001 -0.3143 0.3017
vn 0.3468 -0.5457 0.7628
vn 0.4117 -0.2014 0.8888
vn 0.9375 -0.2457 -0.2465
vn 0.9515 -0.1388 -0.2745
vn 0.9022 -0.1816 -0.3911
vn 0.8975 -0.3036 -0.3199
vn 0.1825 -0.9298 0.3196
vn 0.3673 -0.9075 0.2039
vn 0.2773 -0.9561 -0.0944
vn 0.0717 -0.9848 -0.1584
vn 0.5487 -0.1801 0.8164
vn 0.6061 -0.2670 0.7492
vn 0.6320 -0.7210 0.2841
vn 0.5222 -0.6492 0.5531
vn 0.9689 -0.0153 0.2469
vn 0.9261 0.0229 0.3766
vn 0.9795 -0.1511 0.1330
vn 0.9538 -0.2381 0.1834
vn 0.8496 -0.3421 0.4015
vn 0.9038 -0.3008 0.3045
vn 0.4163 0.0488 0.9079
vn 0.4728 0.0855 0.8770
vn 0.5288 -0.8487 -0.0078
vn 0.5591 -0.8273 0.0540
vn 0.6541 0.0381 0.7555
vn 0.7775 -0.3829 0.4989
vn 0.9318 -0.2091 0.2968
vn 0.9640 -0.2334 0.1277
vn 0.9469 -0.2869 0.1449
vn 0.9303 -0.3098 0.1964
vn 0.9631 -0.2090 -0.1697
vn 0.9494 -0.2868 -0.1279
vn 0.9729 -0.1892 -0.1328
vn 0.9811 -0.1724 -0.0877
vn 0.9233 -0.3832 -0.0271
vn 0.9703 -0.2412 -0.0207
vn 0.9749 -0.2227 0.0055
vn 0.9562 -0.2854 0.0646
vn 0.9135 -0.3905 0.1144
vn 0.9507 -0.2534 0.1790
vn 0.9026 -0.3176 0.2906
vn 0.8723 -0.4292 0.2342
vn 0.7475 -0.6542 0.1154
vn 0.7660 -0.6415 0.0414
vn 0.5638 -0.8259 -0.0023
vn 0.7461 -0.6360 0.1970
vn 0.9417 -0.3328 0.0500
vn 0.8178 -0.5723 0.0601
vn 0.9308 -0.3187 0.1788
vn 0.0935 -0.9632 -0.2519
vn 0.3052 -0.9399 -0.1530
vn 0.8494 -0.3683 0.3780
vn 0.8288 -0.4537 0.3275
vn 0.9651 -0.1144 0.2357
vn 0.9784 -0.1724 0.1143
vn 0.9812 -0.1893 0.0366
vn 0.9749 -0.2046 0.0883
vn 0.3815 -0.0671 0.9219
vn 0.9263 -0.0214 0.3761
vn 0.6989 -0.2380 -0.6744
vn 0.6639 -0.2030 -0.7198
vn 0.9530 -0.0320 -0.3012
vn 0.8909 -0.0809 -0.4470
vn 0.9995 -0.0244 -0.0206
vn 0.8654 -0.1510 0.4777
vn 0.8422 -0.3327 0.4244
vn 0.9517 0.0122 0.3069
vn 0.9277 -0.0443 0.3707
vn 0.8652 -0.4609 0.1972
vn -0.8078 -0.5141 -0.2883
vn -0.8146 -0.5538 -0.1726
vn -0.7891 -0.3051 -0.5331
vn -0.3794 -0.0183 0.9250
vn -0.5795 0.0793 0.8111
vn -0.7889 0.1053 0.6054
vn -0.9968 0.0732 0.0328
vn -0.7154 0.0031 -0.6987
vn -0.9147 0.0504 -0.4009
vn 0.8545 -0.0244 -0.5189
vn 0.6044 -0.1755 -0.7771
vn 0.9442 0.0610 -0.3236
vn 0.9260 0.1556 0.3439
vn 0.6364 0.1434 0.7579
vn 0.6999 -0.3097 0.6436
vn 0.8644 -0.2823 0.4161
vn 0.9886 -0.1129 0.1000
vn -0.8575 -0.2838 0.4292
vn 0.0889 -0.2625 -0.9608
vn -0.3588 -0.1480 -0.9216
vn -0.5602 -0.6379 -0.5285
vn -0.5241 -0.3602 -0.7718
vn 0.8387 -0.4592 -0.2928
vn 0.8565 -0.3418 -0.3869
vn 0.7803 -0.5401 -0.3153
vn 0.7715 -0.5989 -0.2148
vn 0.6064 -0.3464 -0.7158
vn -0.0750 -0.3785 -0.9225
vn 0.9792 0.1480 -0.1385
vn 0.9152 -0.3829 -0.1253
vn 0.9446 -0.3265 0.0328
vn 0.7801 -0.5812 -0.2315
vn 0.8203 -0.5555 0.1360
vn 0.7794 -0.5132 -0.3594
vn 0.9103 -0.3129 0.2710
vn 0.8169 -0.4424 -0.3700
vn 0.8954 -0.2975 -0.3313
vn 0.9853 -0.1312 0.1090
vn 0.9550 0.0916 -0.2821
vn 0.9178 -0.1236 -0.3773
vn 0.9166 -0.1129 0.3836
vn 0.7896 0.5739 0.2174
vn 0.3581 0.2503 -0.8995
vn 0.5353 0.2045 -0.8195
vn 0.3294 0.9441 -0.0100
vn 0.1613 0.9851 0.0598
vn 0.4676 -0.1526 -0.8707
vn 0.6675 -0.0519 -0.7428
vn 0.9755 -0.2197 -0.0063
vn 0.8725 -0.3921 -0.2915
vn 0.8254 -0.5644 0.0125
vn 0.8790 -0.4609 0.1221
vn 0.8965 -0.2442 0.3696
vn 0.9170 -0.1083 0.3840
vn 0.9732 -0.0092 0.2299
vn 0.9631 -0.0046 0.2691
vn 0.8154 0.1526 0.5584
vn 0.9464 -0.1404 0.2909
vn 0.6172 0.2182 0.7560
vn 0.1751 0.5875 0.7901
vn 0.0526 0.0305 0.9981
vn 0.3901 -0.1388 0.9102
vn 0.9878 -0.0198 0.1547
vn 0.8467 0.0015 0.5321
vn 0.5656 -0.4288 0.7044
vn 0.9202 -0.2427 0.3072
vn 0.9020 0.0534 0.4283
vn 0.7846 -0.0320 0.6192
vn 0.7926 -0.3174 -0.5206
vn 0.9546 -0.1923 -0.2277
vn 0.9126 -0.3037 0.2736
vn 0.9576 -0.1648 0.2365
vn 0.9761 -0.1251 0.1779
vn 0.6739 -0.4653 -0.5739
vn 0.6798 -0.3997 0.6149
vn 0.9506 -0.1251 0.2841
vn 0.7105 -0.5677 -0.4158
vn 0.9357 -0.1922 0.2957
vn 0.6973 -0.7094 -0.1026
vn 0.9576 -0.1557 0.2424
vn 0.9334 -0.1389 0.3308
vn 0.9223 -0.0702 0.3801
vn 0.9630 -0.1434 0.2280
vn 0.9476 -0.2716 0.1681
vn 0.8344 -0.3479 0.4275
vn 0.5726 -0.8053 0.1538
vn 0.1478 -0.8419 -0.5190
vn -0.1828 -0.6926 -0.6977
vn 0.1977 -0.6685 -0.7170
vn 0.7607 -0.5631 -0.3229
vn 0.3315 -0.6513 -0.6826
vn 0.3714 -0.3570 -0.8571
vn -0.0778 -0.4715 -0.8784
vn 0.5423 -0.6135 -0.5741
vn -0.1929 -0.5495 -0.8129
vn 0.9291 -0.3586 0.0906
vn 0.8096 -0.4854 -0.3300
vn 0.7562 -0.6544 0.0046
vn 0.9091 -0.2746 0.3133
vn 0.8880 -0.4500 0.0948
vn 0.9160 -0.3189 0.2435
vn 0.7853 -0.5860 -0.1997
vn 0.8206 -0.5647 0.0875
vn 0.8149 -0.5796 0.0030
vn 0.6840 -0.7293 0.0160
vn 0.6151 -0.7827 -0.0949
vn 0.6460 -0.6560 -0.3904
vn 0.8592 -0.2090 0.4669
vn 0.6342 -0.5599 0.5333
vn 0.5650 -0.5097 0.6489
vn 0.8964 -0.0778 0.4363
vn 0.9048 -0.3311 -0.2677
vn 0.9558 -0.1861 0.2276
vn 0.8157 -0.3296 0.4753
vn 0.8258 -0.5507 0.1217
vn 0.7597 -0.6468 -0.0668
vn 0.7123 -0.4869 -0.5056
vn 0.5811 -0.7754 0.2472
vn 0.9041 -0.2472 0.3487
vn 0.9211 -0.2732 0.2772
vn 0.5495 -0.7053 0.4479
vn 0.6290 -0.7460 0.2185
vn 0.8345 -0.5476 0.0608
vn 0.8003 -0.5126 -0.3109
vn 0.9222 -0.2090 0.3254
vn 0.8514 -0.4411 0.2838
vn 0.8797 -0.3830 0.2819
vn 0.9639 -0.2106 0.1629
vn 0.6762 -0.6471 0.3523
vn 0.7661 -0.5249 0.3709
vn 0.7256 -0.6391 0.2551
vn 0.6344 -0.7429 0.2139
vn 0.8696 -0.4837 -0.0995
vn 0.8151 -0.5782 -0.0360
vn 0.6445 -0.6468 0.4078
vn 0.8295 -0.3997 -0.3902
vn 0.7993 -0.6010 0.0066
vn 0.8249 -0.5540 -0.1123
vn 0.9543 -0.2975 -0.0269
vn 0.8719 -0.4821 0.0864
vn 0.3186 -0.6852 0.6550
vn 0.4392 -0.7842 0.4383
vn 0.6742 0.0259 0.7381
vn 0.9607 -0.0595 0.2710
vn 0.8960 -0.2578 0.3616
vn 0.0880 -0.4960 0.8638
vn 0.4377 -0.3556 0.8258
vn 0.1851 0.6349 0.7501
vn 0.7382 -0.6604 0.1373
vn 0.7621 -0.4882 -0.4253
vn 0.7812 -0.5492 0.2967
vn 0.8061 -0.0244 0.5912
vn 0.8738 -0.1465 0.4637
vn 0.8497 -0.4378 0.2938
vn 0.9370 -0.3433 0.0647
vn 0.8550 0.2243 0.4676
vn 0.8040 -0.5811 0.1260
vn 0.7772 -0.5371 -0.3279
vn 0.7622 0.4913 0.4215
vn 0.8916 0.2822 0.3542
vn 0.1893 0.8877 0.4196
vn 0.2491 0.8269 0.5042
vn 0.7354 0.3037 0.6058
vn 0.4727 0.6777 0.5632
vn 0.4251 0.9033 0.0583
vn 0.3872 0.2639 -0.8834
vn 0.4164 -0.3342 -0.8455
vn 0.7888 0.1007 -0.6064
vn 0.8717 0.4899 0.0069
vn 0.6271 -0.4531 -0.6336
vn 0.8898 -0.1236 0.4393
vn 0.7185 -0.6774 -0.1581
vn 0.9835 -0.1236 -0.1323
vn 0.8281 -0.5174 -0.2157
vn -0.0151 0.0320 0.9994
vn 0.0866 -0.0244 0.9959
vn 0.2058 0.1175 0.9715
vn 0.0412 0.2090 0.9770
vn 0.1568 -0.1160 0.9808
vn 0.3196 -0.0320 0.9470
vn 0.1836 -0.2273 0.9564
vn 0.3629 -0.2106 0.9077
vn 0.1621 -0.3373 0.9273
vn 0.3280 -0.3905 0.8602
vn 0.0961 -0.4288 0.8983
vn 0.2213 -0.5385 0.8131
vn -0.0029 -0.4853 0.8744
vn 0.0610 -0.6299 0.7743
vn -0.1177 -0.4974 0.8595
vn -0.1250 -0.6485 0.7509
vn -0.2288 -0.4623 0.8567
vn -0.3048 -0.5919 0.7462
vn -0.4473 -0.4685 0.7619
vn -0.3168 -0.3861 0.8664
vn -0.3664 -0.2823 0.8866
vn -0.5273 -0.3021 0.7942
vn -0.3690 -0.1694 0.9139
vn -0.5318 -0.1175 0.8387
vn -0.3243 -0.0656 0.9437
vn -0.4594 0.0488 0.8869
vn -0.2400 0.0092 0.9707
vn -0.3229 0.1709 0.9309
vn -0.1308 0.0443 0.9904
vn -0.1459 0.2274 0.9628
vn 0.3241 0.2624 0.9089
vn 0.0992 0.3875 0.9165
vn 0.4797 0.0595 0.8754
vn 0.5388 -0.1861 0.8216
vn 0.4914 -0.4304 0.7572
vn 0.3454 -0.6332 0.6926
vn 0.1263 -0.7583 0.6396
vn -0.1280 -0.7842 0.6072
vn -0.3737 -0.7065 0.6010
vn -0.5683 -0.5386 0.6221
vn -0.6779 -0.3097 0.6667
vn -0.6839 -0.0595 0.7272
vn -0.5850 0.1694 0.7932
vn -0.3984 0.3372 0.8530
vn -0.1564 0.4136 0.8969
vn 0.4325 0.3998 0.8082
vn 0.1546 0.5553 0.8172
vn 0.6244 0.1495 0.7667
vn 0.6973 -0.1526 0.7003
vn 0.6388 -0.4548 0.6206
vn 0.4586 -0.7050 0.5410
vn 0.1882 -0.8592 0.4757
vn -0.1259 -0.8913 0.4356
vn -0.4293 -0.7953 0.4281
vn -0.6690 -0.5888 0.4537
vn -0.8048 -0.3052 0.5091
vn -0.8119 0.0031 0.5837
vn -0.6900 0.2854 0.6652
vn -0.4595 0.4927 0.7390
vn -0.1609 0.5875 0.7931
vn 0.5222 0.5216 0.6747
vn 0.2036 0.6989 0.6856
vn 0.7429 0.2335 0.6274
vn 0.8267 -0.1129 0.5513
vn 0.7593 -0.4608 0.4596
vn 0.5525 -0.7477 0.3683
vn 0.2420 -0.9249 0.2932
vn -0.1186 -0.9616 0.2474
vn -0.4669 -0.8516 0.2385
vn -0.7427 -0.6135 0.2683
vn -0.8979 -0.2898 0.3314
vn -0.9064 0.0656 0.4172
vn -0.7665 0.3892 0.5109
vn -0.5018 0.6271 0.5957
vn -0.1587 0.7367 0.6574
vn 0.5906 0.6208 0.5156
vn 0.2440 0.8136 0.5277
vn 0.8305 0.3082 0.4640
vn 0.9218 -0.0702 0.3812
vn 0.8483 -0.4485 0.2814
vn 0.6237 -0.7601 0.1822
vn 0.2855 -0.9531 0.1004
vn -0.1066 -0.9930 0.0504
vn -0.4857 -0.8732 0.0408
vn -0.7853 -0.6148 0.0732
vn -0.9548 -0.2610 0.1420
vn -0.9638 0.1251 0.2354
vn -0.8114 0.4776 0.3370
vn -0.5237 0.7356 0.4297
vn -0.1504 0.8546 0.4970
vn 0.6357 0.6944 0.3372
vn 0.2744 0.8959 0.3494
vn 0.8851 0.3692 0.2832
vn 0.9801 -0.0244 0.1969
vn 0.9037 -0.4180 0.0932
vn 0.6694 -0.7429 -0.0102
vn 0.3180 -0.9433 -0.0952
vn -0.0906 -0.9849 -0.1474
vn -0.4848 -0.8604 -0.1572
vn -0.7974 -0.5906 -0.1235
vn -0.9735 -0.2228 -0.0519
vn -0.9829 0.1785 0.0453
vn -0.8240 0.5461 0.1511
vn -0.5245 0.8146 0.2474
vn -0.1360 0.9384 0.3176
vn 0.6551 0.7414 0.1456
vn 0.2939 0.9427 0.1577
vn 0.9051 0.4152 0.0918
vn 0.9997 0.0229 0.0054
vn 0.9235 -0.3708 -0.0983
vn 0.6893 -0.6959 -0.2017
vn 0.3373 -0.8967 -0.2866
vn -0.0709 -0.9382 -0.3387
vn -0.4654 -0.8135 -0.3488
vn -0.7774 -0.5446 -0.3148
vn -0.9537 -0.1770 -0.2433
vn -0.9632 0.2258 -0.1461
vn -0.8048 0.5922 -0.0403
vn -0.5053 0.8611 0.0561
vn -0.1164 0.9852 0.1260
vn 0.6494 0.7587 -0.0520
vn 0.3022 0.9524 -0.0404
vn 0.8892 0.4457 -0.1038
vn 0.9800 0.0687 -0.1866
vn 0.9067 -0.3097 -0.2864
vn 0.6820 -0.6213 -0.3858
vn 0.3437 -0.8146 -0.4672
vn -0.0485 -0.8544 -0.5173
vn -0.4276 -0.7343 -0.5272
vn -0.7273 -0.4760 -0.4944
vn -0.8965 -0.1236 -0.4255
vn -0.9055 0.2639 -0.3322
vn -0.7530 0.6163 -0.2304
vn -0.4654 0.8743 -0.1380
vn -0.0921 0.9932 -0.0708
vn -0.0991 -0.2365 0.9666
vn -0.6503 -0.6028 0.4623
vn -0.4099 -0.6913 0.5951
vn -0.3885 -0.5144 0.7645
vn -0.6481 -0.3861 0.6565
vn -0.1041 -0.4471 0.8884
vn -0.0657 -0.3784 0.9233
vn -0.4615 -0.8803 0.1102
vn -0.5955 -0.8025 0.0365
vn 0.4468 0.0946 0.8896
vn 0.3961 0.2655 0.8790
vn 0.2750 0.0031 0.9614
vn 0.2720 -0.0977 0.9573
vn 0.8195 -0.0473 0.5711
vn 0.8250 0.3570 0.4382
vn 0.7403 0.6547 0.1527
vn 0.3730 -0.8604 0.3472
vn 0.1155 -0.7048 0.6999
vn -0.2152 -0.8999 0.3792
vn 0.1711 -0.9794 0.1075
vn 0.6878 -0.6425 0.3377
vn 0.5582 -0.4090 0.7219
vn 0.6061 -0.7953 -0.0074
vn -0.7979 0.5937 0.1043
vn -0.9686 0.2335 0.0857
vn -0.9237 -0.2152 -0.3169
vn -0.9387 -0.3448 -0.0039
vn -0.9319 0.0153 0.3625
vn -0.9700 0.1648 -0.1788
vn -0.8591 -0.2487 -0.4474
vn -0.7410 -0.5646 -0.3635
vn -0.5192 -0.6727 -0.5272
vn -0.5006 -0.7979 -0.3357
vn -0.4539 -0.8285 -0.3279
vn -0.4626 -0.7066 -0.5354
vn -0.8153 0.4822 -0.3206
vn -0.7386 0.0763 -0.6698
vn -0.1297 0.9023 -0.4112
vn 0.1175 0.8749 -0.4699
vn 0.0701 0.5860 -0.8072
vn -0.2050 0.6269 -0.7517
vn -0.5904 0.6896 -0.4193
vn -0.4713 0.4485 -0.7594
vn -0.1504 0.3493 -0.9249
vn -0.3765 -0.5448 -0.7493
vn -0.3330 -0.4883 -0.8067
vn -0.3300 -0.7322 -0.5958
vn -0.2501 -0.5522 -0.7953
vn -0.2310 -0.4624 -0.8561
vn -0.1650 -0.7138 -0.6807
vn 0.2065 -0.8178 -0.5372
vn 0.5670 -0.5327 -0.6283
vn 0.7094 -0.5508 -0.4398
vn 0.4307 -0.8650 -0.2574
vn 0.5024 -0.3540 -0.7888
vn 0.7007 -0.2762 -0.6579
vn 0.1050 -0.5628 -0.8199
vn -0.7503 0.6574 -0.0689
vn -0.5140 0.8488 -0.1239
vn -0.7453 0.5371 -0.3950
vn -0.6147 0.3219 -0.7201
vn -0.3920 0.0809 -0.9164
vn -0.5488 -0.3021 -0.7795
vn -0.2683 -0.5938 -0.7586
vn -0.0443 -0.1862 -0.9815
vn -0.3367 -0.6349 -0.6953
vn -0.6289 -0.4730 -0.6171
vn -0.4526 -0.5908 -0.6680
vn -0.7307 -0.4395 -0.5223
vn -0.1286 -0.6194 -0.7745
vn 0.2069 -0.3052 -0.9295
vn 0.3476 -0.3097 -0.8850
vn -0.0617 -0.4577 -0.8869
vn 0.5887 -0.1694 -0.7904
vn 0.4268 -0.0153 -0.9042
vn 0.6047 0.2868 -0.7430
vn 0.7915 0.1205 -0.5991
vn 0.1859 0.1968 -0.9627
vn 0.2961 0.4790 -0.8264
vn 0.6414 0.6348 -0.4309
vn 0.3307 0.7978 -0.5041
vn 0.5240 0.8405 -0.1376
vn 0.8596 0.4378 -0.2635
vn 0.2767 0.9297 -0.2430
vn 0.0675 0.9617 -0.2656
vn -0.1101 0.9737 -0.1995
vn 0.9873 0.1541 -0.0394
vn 0.8977 -0.0916 -0.4311
vn 0.9479 -0.2518 0.1949
vn 0.8670 -0.4579 -0.1967
vn -0.0860 -0.8864 -0.4549
vn 0.0247 -0.9848 -0.1721
vn -0.3265 -0.8665 -0.3776
vn -0.3000 -0.9536 -0.0235
vn 0.1878 0.4059 0.8944
vn 0.1685 0.2319 0.9580
vn 0.2762 0.1892 0.9423
vn 0.3618 0.3387 0.8685
vn 0.3571 0.1068 0.9279
vn 0.4932 0.2045 0.8456
vn 0.3977 -0.0015 0.9175
vn 0.5589 0.0290 0.8287
vn 0.5479 -0.1587 0.8214
vn 0.3908 -0.1175 0.9129
vn 0.3377 -0.2212 0.9149
vn 0.4619 -0.3266 0.8246
vn 0.2474 -0.2944 0.9231
vn 0.3156 -0.4455 0.8378
vn 0.1346 -0.4942 0.8588
vn 0.1357 -0.3236 0.9364
vn 0.0217 -0.3052 0.9520
vn -0.0498 -0.4639 0.8845
vn -0.0747 -0.2426 0.9672
vn -0.2059 -0.3616 0.9093
vn -0.1369 -0.1450 0.9799
vn -0.3067 -0.2030 0.9299
vn -0.1542 -0.0305 0.9876
vn -0.3347 -0.0168 0.9422
vn -0.1235 0.0824 0.9889
vn -0.2850 0.1648 0.9443
vn -0.0501 0.1724 0.9838
vn -0.1662 0.3112 0.9357
vn 0.0010 0.3966 0.9180
vn 0.0530 0.2258 0.9727
vn 0.4390 0.4822 0.7581
vn 0.2010 0.5751 0.7930
vn 0.6184 0.3006 0.7261
vn 0.7084 0.0595 0.7032
vn 0.6933 -0.1969 0.6932
vn 0.5755 -0.4272 0.6974
vn 0.3758 -0.5888 0.7156
vn 0.1285 -0.6547 0.7449
vn -0.1236 -0.6147 0.7790
vn -0.3370 -0.4744 0.8133
vn -0.4748 -0.2579 0.8415
vn -0.5131 -0.0031 0.8583
vn -0.4452 0.2456 0.8611
vn -0.2829 0.4455 0.8494
vn -0.0543 0.5616 0.8256
vn 0.5003 0.6104 0.6141
vn 0.2064 0.7248 0.6573
vn 0.7217 0.3860 0.5746
vn 0.8329 0.0885 0.5464
vn 0.8140 -0.2289 0.5338
vn 0.6690 -0.5113 0.5394
vn 0.4224 -0.7112 0.5619
vn 0.1170 -0.7934 0.5974
vn -0.1944 -0.7432 0.6402
vn -0.4576 -0.5704 0.6821
vn -0.6276 -0.3036 0.7169
vn -0.6749 0.0107 0.7379
vn -0.5911 0.3174 0.7415
vn -0.3908 0.5645 0.7270
vn -0.1087 0.7082 0.6976
vn 0.5412 0.7129 0.4459
vn 0.2036 0.8442 0.4959
vn 0.7954 0.4548 0.4006
vn 0.9227 0.1144 0.3681
vn 0.9012 -0.2502 0.3538
vn 0.7345 -0.5752 0.3601
vn 0.4515 -0.8044 0.3861
vn 0.1008 -0.8987 0.4268
vn -0.2568 -0.8411 0.4760
vn -0.5590 -0.6423 0.5243
vn -0.7543 -0.3357 0.5641
vn -0.8084 0.0244 0.5881
vn -0.7122 0.3769 0.5922
vn -0.4821 0.6605 0.5756
vn -0.1583 0.8256 0.5416
vn 0.1925 0.9293 0.3152
vn 0.5593 0.7869 0.2609
vn 0.8366 0.5052 0.2120
vn 0.9751 0.1343 0.1765
vn 0.9518 -0.2610 0.1609
vn 0.7704 -0.6151 0.1678
vn 0.4620 -0.8650 0.1958
vn 0.0806 -0.9673 0.2405
vn -0.3082 -0.9048 0.2939
vn -0.6374 -0.6882 0.3466
vn -0.8496 -0.3555 0.3897
vn -0.9087 0.0366 0.4158
vn -0.8038 0.4211 0.4202
vn -0.5536 0.7292 0.4023
vn -0.2012 0.9090 0.3651
vn 0.5560 0.8285 0.0670
vn 0.1740 0.9770 0.1236
vn 0.8443 0.5357 0.0160
vn 0.9885 0.1495 -0.0208
vn 0.9642 -0.2625 -0.0372
vn 0.7756 -0.6305 -0.0301
vn 0.4544 -0.8908 -0.0008
vn 0.0574 -0.9973 0.0457
vn -0.3474 -0.9322 0.1012
vn -0.6901 -0.7066 0.1561
vn -0.9110 -0.3601 0.2010
vn -0.9724 0.0488 0.2281
vn -0.8636 0.4472 0.2328
vn -0.6027 0.7687 0.2142
vn -0.2361 0.9557 0.1757
vn 0.5306 0.8377 -0.1292
vn 0.1485 0.9862 -0.0728
vn 0.8189 0.5448 -0.1803
vn 0.9632 0.1587 -0.2171
vn 0.9388 -0.2533 -0.2334
vn 0.7502 -0.6213 -0.2264
vn 0.4290 -0.8816 -0.1969
vn 0.0320 -0.9881 -0.1505
vn -0.3727 -0.9230 -0.0952
vn -0.7155 -0.6974 -0.0402
vn -0.9364 -0.3509 0.0049
vn -0.9978 0.0580 0.0319
vn -0.8891 0.4563 0.0365
vn -0.6281 0.7779 0.0179
vn -0.2616 0.9650 -0.0207
vn 0.4845 0.8138 -0.3210
vn 0.1172 0.9567 -0.2666
vn 0.7612 0.5327 -0.3699
vn 0.8998 0.1618 -0.4053
vn 0.8762 -0.2350 -0.4208
vn 0.6951 -0.5876 -0.4142
vn 0.3867 -0.8376 -0.3859
vn 0.0053 -0.9399 -0.3414
vn -0.3836 -0.8774 -0.2881
vn -0.7128 -0.6608 -0.2353
vn -0.9249 -0.3280 -0.1921
vn -0.9840 0.0641 -0.1660
vn -0.8791 0.4485 -0.1615
vn -0.6289 0.7566 -0.1793
vn -0.2764 0.9363 -0.2165
vn 0.1282 -0.0473 0.9906
vn -0.3236 -0.3220 0.8897
vn -0.0210 0.3937 0.9190
vn -0.1167 0.1846 0.9759
vn -0.5213 0.1694 0.8364
vn -0.1279 0.8043 0.5803
vn -0.4885 0.7890 0.3725
vn -0.6044 0.7884 0.1145
vn -0.5504 0.8195 0.1598
vn -0.2385 0.9469 0.2155
vn -0.2211 0.9470 0.2332
vn -0.8285 0.5384 0.1541
vn -0.7280 0.6533 0.2079
vn -0.3259 0.9447 -0.0366
vn -0.4542 0.8896 0.0475
vn -0.1831 0.9626 0.1996
vn -0.1058 0.9940 0.0277
vn 0.8354 0.5386 0.1099
vn 0.9428 0.3327 -0.0224
vn 0.8491 0.4900 -0.1972
vn 0.7881 0.6151 -0.0247
vn 0.5901 0.8058 -0.0500
vn 0.6225 0.7752 0.1071
vn 0.6544 0.7018 -0.2817
vn -0.5488 -0.6867 -0.4768
vn -0.9183 -0.3953 -0.0217
vn -0.9926 -0.1205 -0.0164
vn -0.9686 -0.1999 -0.1477
vn -0.8944 -0.4411 0.0742
vn 0.9969 0.0748 -0.0236
vn 0.9818 -0.1068 -0.1570
vn 0.7803 -0.5934 -0.1975
vn 0.7095 -0.6562 -0.2569
vn 0.6276 -0.6430 -0.4389
vn 0.4747 -0.6394 -0.6048
vn 0.6501 -0.5815 -0.4890
vn 0.8010 -0.4150 -0.4315
vn 0.8878 -0.1877 -0.4202
vn 0.8743 -0.4227 -0.2387
vn 0.6571 -0.1373 -0.7412
vn 0.5181 -0.3036 -0.7996
vn 0.7539 0.0671 -0.6535
vn 0.8114 0.2503 -0.5282
vn 0.9406 0.0702 -0.3323
vn 0.5293 -0.0458 -0.8472
vn 0.6368 0.1678 -0.7525
vn 0.6839 0.3510 -0.6396
vn 0.6932 0.5159 -0.5033
vn 0.8502 0.3724 -0.3722
vn 0.4179 0.2472 -0.8742
vn 0.4777 0.4578 -0.7498
vn 0.4877 0.6454 -0.5878
vn 0.4410 0.8367 -0.3246
vn 0.2240 0.5204 -0.8240
vn 0.2407 0.7340 -0.6351
vn 0.2245 0.9036 -0.3648
vn 0.3831 0.9199 -0.0836
vn 0.2170 0.9688 -0.1197
vn 0.1726 0.9821 0.0754
vn 0.3620 0.9286 0.0814
vn 0.0332 0.9848 -0.1706
vn -0.0338 0.9119 -0.4091
vn 0.0528 0.9960 0.0714
vn 0.0148 0.9601 0.2792
vn 0.0761 0.9615 0.2639
vn -0.1572 0.9643 -0.2131
vn -0.2434 0.8665 -0.4357
vn -0.4761 0.7862 -0.3940
vn -0.4147 0.8921 -0.1792
vn -0.6793 0.6730 -0.2928
vn -0.5890 0.8023 -0.0971
vn -0.8317 0.5295 -0.1671
vn -0.7508 0.6604 0.0119
vn -0.9087 0.4028 0.1098
vn -0.9584 0.2854 -0.0106
vn -0.9893 -0.0473 0.1377
vn -0.9473 -0.0183 0.3197
vn -0.8865 0.0870 0.4544
vn -0.7793 0.1465 0.6093
vn -0.7242 -0.2578 0.6396
vn -0.5475 -0.3006 0.7810
vn 0.2198 0.1236 0.9677
vn 0.4267 -0.1389 0.8937
vn 0.6589 0.2671 0.7032
vn 0.3083 0.5597 0.7692
vn 0.0336 0.7247 0.6882
vn 0.0303 0.4470 0.8940
vn 0.3265 0.8663 0.3780
vn 0.7224 0.6072 0.3308
vn 0.0314 0.9358 0.3511
vn 0.3434 0.9081 0.2396
vn 0.0222 0.9499 0.3116
vn 0.0313 0.8457 0.5328
vn 0.6783 0.6957 0.2367
vn 0.8857 0.3799 0.2669
vn 0.8630 0.4577 0.2140
vn 0.9690 0.2258 0.1005
vn 0.9750 0.1160 0.1897
vn 0.7810 0.0702 0.6206
vn 0.4684 -0.2869 0.8356
vn -0.9088 -0.3585 0.2134
vn -0.8609 0.3495 -0.3696
vn -0.8591 0.1434 -0.4914
vn -0.9137 0.0092 -0.4062
vn -0.9588 0.1755 -0.2235
vn -0.8240 -0.0641 -0.5630
vn -0.8744 -0.2472 -0.4176
vn -0.7203 -0.3266 -0.6120
vn -0.7449 -0.4927 -0.4498
vn -0.7740 -0.6118 -0.1633
vn -0.8619 -0.4762 -0.1744
vn -0.6968 -0.6640 -0.2712
vn -0.6396 -0.5775 -0.5074
vn -0.8251 -0.5616 -0.0617
vn -0.5611 -0.6089 -0.5607
vn -0.6096 -0.5203 -0.5981
vn -0.5168 -0.5907 -0.6197
vn 0.4001 -0.4319 -0.8083
vn 0.3462 -0.2823 -0.8947
vn 0.4182 -0.1846 -0.8894
vn 0.2258 -0.1755 -0.9582
vn 0.2551 -0.1175 -0.9597
vn 0.3227 0.0137 -0.9464
vn 0.1513 -0.0626 -0.9865
vn 0.1446 0.0870 -0.9857
vn 0.1787 0.3006 -0.9369
vn -0.0355 0.1068 -0.9936
vn -0.0836 0.3082 -0.9476
vn -0.1120 0.5205 -0.8465
vn -0.0960 0.7536 -0.6503
vn -0.3205 0.2853 -0.9033
vn -0.3524 0.4777 -0.8048
vn -0.3299 0.6926 -0.6415
vn -0.4956 0.4243 -0.7579
vn -0.4513 0.2274 -0.8629
vn -0.5083 0.6132 -0.6046
vn -0.6851 0.0855 -0.7235
vn -0.7201 0.2960 -0.6275
vn -0.7202 0.4914 -0.4897
vn -0.5983 -0.1206 -0.7921
vn -0.3820 0.0442 -0.9231
vn -0.3015 -0.1068 -0.9475
vn -0.4802 -0.2991 -0.8246
vn -0.2547 -0.2182 -0.9421
vn -0.3796 -0.4014 -0.8335
vn 0.0345 -0.1129 -0.9930
vn 0.1804 -0.1251 -0.9756
vn -0.1730 -0.1511 -0.9733
vn -0.2144 -0.0626 -0.9747
vn 0.0066 -0.0473 -0.9989
vn -0.2697 0.0885 -0.9589
vn 0.9595 0.2182 -0.1783
vn 0.8598 -0.1221 0.4959
vn 0.5599 -0.3509 0.7506
vn -0.9409 0.0168 0.3384
vn -0.8676 0.2029 0.4539
vn -0.7368 0.3510 0.5779
vn -0.4980 0.4958 0.7115
vn -0.2875 0.5613 0.7760
vn 0.0027 0.5890 0.8081
vn 0.0085 0.6194 0.7850
vn -0.0704 0.5949 0.8007
vn -0.1194 0.5797 0.8061
vn -0.8998 -0.0183 0.4359
vn -0.3542 0.4823 0.8012
vn -0.4736 0.4501 0.7570
vn -0.7622 0.3341 0.5544
vn -0.8544 0.1984 0.4803
vn 0.8458 0.1755 0.5038
vn 0.8993 0.0320 0.4361
vn 0.7496 0.3112 0.5842
vn 0.3073 0.5647 0.7659
vn 0.5674 0.4471 0.6915
vn 0.1893 0.6808 0.7076
vn 0.1372 0.5980 0.7897
vn 0.8896 0.0168 0.4565
vn 0.2913 0.6519 0.7001
vn 0.6020 0.4503 0.6594
vn 0.7496 0.3128 0.5833
vn 0.8389 0.1602 0.5202
vn -0.9325 -0.3113 -0.1833
vn -0.8997 -0.4334 -0.0524
vn 0.9601 0.2427 -0.1392
vn 0.9140 0.2396 0.3273
vn 0.9181 0.2900 0.2701
vn 0.9574 0.2014 -0.2069
vn 0.8464 0.5218 -0.1065
vn 0.8117 0.1404 -0.5669
vn 0.7432 0.4116 -0.5274
vn 0.5140 0.3796 -0.7692
vn 0.2220 0.4014 -0.8886
vn 0.1709 0.2564 -0.9513
vn 0.5406 0.1358 -0.8303
vn 0.1486 -0.0992 -0.9839
vn 0.5452 0.0076 -0.8383
vn 0.8416 0.1693 -0.5129
vn 0.5632 -0.0961 -0.8207
vn 0.8504 0.0916 -0.5181
vn 0.1256 -0.1968 -0.9724
vn -0.2882 -0.1160 -0.9505
vn -0.2396 -0.0748 -0.9680
vn -0.6098 0.0549 -0.7906
vn -0.6645 0.0168 -0.7471
vn -0.2115 0.2853 -0.9348
vn -0.5326 0.2563 -0.8066
vn -0.8731 0.2304 -0.4296
vn -0.8143 0.3143 -0.4880
vn -0.6899 0.7065 0.1578
vn -0.9350 0.3525 0.0389
vn -0.7595 0.1999 0.6190
vn -0.9571 0.2807 0.0723
vn -0.9826 0.1739 0.0657
vn -0.7757 0.1206 0.6195
vn -0.9078 0.1267 -0.3999
vn 0.0090 0.4885 -0.8725
vn 0.3357 0.4351 -0.8354
vn 0.5645 0.3421 -0.7512
vn 0.6731 0.2751 -0.6865
vn 0.6998 0.3301 -0.6335
vn 0.7160 0.4978 -0.4894
vn 0.8523 0.2794 -0.4423
vn 0.0004 0.8837 -0.4680
vn 0.3326 0.8285 -0.4505
vn 0.7141 0.5837 -0.3865
vn 0.5796 0.7041 -0.4103
vn 0.7839 0.5042 -0.3624
vn 0.8336 0.4459 -0.3260
vn 0.9277 0.2258 -0.2974
vn -0.0010 0.9916 -0.1290
vn 0.3122 0.9420 -0.1234
vn 0.5572 0.8229 -0.1114
vn 0.7162 0.6903 -0.1024
vn 0.8106 0.5774 -0.0973
vn 0.8795 0.4686 -0.0832
vn 0.9764 0.2105 -0.0479
vn -0.0020 0.9828 0.1848
vn 0.3185 0.9270 0.1979
vn 0.3036 0.9229 0.2368
vn -0.0017 0.9733 0.2294
vn 0.5336 0.8067 0.2540
vn 0.5516 0.8035 0.2240
vn 0.6903 0.6780 0.2526
vn 0.6778 0.6833 0.2714
vn 0.7657 0.5875 0.2616
vn 0.7663 0.5805 0.2753
vn 0.8344 0.4687 0.2898
vn 0.8223 0.4964 0.2781
vn 0.8982 0.2719 0.3453
vn 0.9129 0.2229 0.3419
vn 0.3246 0.9383 0.1191
vn -0.0020 0.9947 0.1025
vn 0.5644 0.8113 0.1523
vn 0.7029 0.6862 0.1876
vn 0.7725 0.5990 0.2108
vn 0.8151 0.5334 0.2261
vn 0.8921 0.3345 0.3037
vn -0.0013 0.9943 0.1070
vn 0.3016 0.9466 0.1139
vn 0.6982 0.7018 0.1411
vn 0.5402 0.8319 0.1269
vn 0.7958 0.5881 0.1444
vn 0.8707 0.4652 0.1596
vn 0.9577 0.1999 0.2068
vn -0.0025 0.9126 0.4088
vn 0.2452 0.8797 0.4075
vn 0.5882 0.7093 0.3885
vn 0.4497 0.7971 0.4031
vn 0.6740 0.6408 0.3674
vn 0.7255 0.5949 0.3460
vn 0.7913 0.4263 0.4383
vn -0.0035 0.4934 0.8698
vn 0.0259 0.4989 0.8663
vn 0.0629 0.5100 0.8579
vn 0.1134 0.5319 0.8392
vn 0.3624 0.5446 0.7563
vn 0.1841 0.5716 0.7996
vn -0.3288 0.4547 -0.8277
vn -0.6717 0.2690 -0.6903
vn -0.5710 0.3485 -0.7433
vn -0.6937 0.2934 -0.6577
vn -0.7135 0.4310 -0.5524
vn -0.8227 0.2656 -0.5026
vn -0.3324 0.8258 -0.4555
vn -0.7102 0.5771 -0.4032
vn -0.5797 0.6963 -0.4232
vn -0.7779 0.5008 -0.3796
vn -0.8275 0.4460 -0.3409
vn -0.9233 0.2304 -0.3072
vn -0.3219 0.9388 -0.1223
vn -0.7035 0.7030 -0.1046
vn -0.5592 0.8219 -0.1086
vn -0.8084 0.5787 -0.1076
vn -0.8792 0.4675 -0.0919
vn -0.9771 0.2060 -0.0536
vn -0.3186 0.9192 0.2314
vn -0.3227 0.9261 0.1957
vn -0.5553 0.8019 0.2202
vn -0.5377 0.8085 0.2391
vn -0.6720 0.6933 0.2603
vn -0.6922 0.6782 0.2470
vn -0.7685 0.5803 0.2695
vn -0.7691 0.5855 0.2562
vn -0.8374 0.4672 0.2837
vn -0.8246 0.4961 0.2719
vn -0.9161 0.2199 0.3353
vn -0.9008 0.2717 0.3386
vn -0.3288 0.9372 0.1165
vn -0.7029 0.6878 0.1812
vn -0.5667 0.8106 0.1475
vn -0.7742 0.5990 0.2044
vn -0.8170 0.5332 0.2196
vn -0.8950 0.3330 0.2969
vn -0.3206 0.9405 0.1129
vn -0.6851 0.7161 0.1336
vn -0.5413 0.8320 0.1216
vn -0.7972 0.5880 0.1371
vn -0.8745 0.4600 0.1537
vn -0.9604 0.1938 0.2004
vn -0.2499 0.8796 0.4049
vn -0.5938 0.7069 0.3843
vn -0.4535 0.7973 0.3983
vn -0.6773 0.6407 0.3617
vn -0.7286 0.5947 0.3399
vn -0.7953 0.4249 0.4324
vn -0.0327 0.5000 0.8654
vn -0.0697 0.5100 0.8574
vn -0.1200 0.5340 0.8369
vn -0.3688 0.5434 0.7542
vn -0.1906 0.5725 0.7975
vn 0.0810 0.8890 -0.4507
vn 0.4182 0.7580 -0.5005
vn 0.6729 0.4991 -0.5459
vn 0.8002 0.1587 -0.5783
vn 0.7787 -0.2060 -0.5927
vn 0.6119 -0.5309 -0.5863
vn 0.3289 -0.7600 -0.5606
vn -0.0218 -0.8542 -0.5194
vn -0.3792 -0.7966 -0.4707
vn -0.6814 -0.5980 -0.4220
vn -0.8768 -0.2914 -0.3825
vn -0.9310 0.0687 -0.3585
vn -0.8349 0.4212 -0.3543
vn -0.6047 0.7049 -0.3707
vn -0.2809 0.8700 -0.4051
vn 0.0414 0.7846 -0.6186
vn 0.3353 0.6702 -0.6621
vn 0.5567 0.4456 -0.7011
vn 0.6677 0.1495 -0.7293
vn 0.6491 -0.1679 -0.7420
vn 0.5037 -0.4516 -0.7364
vn 0.2571 -0.6514 -0.7138
vn -0.0481 -0.7336 -0.6779
vn -0.3594 -0.6835 -0.6354
vn -0.6229 -0.5097 -0.5934
vn -0.7930 -0.2426 -0.5589
vn -0.8401 0.0702 -0.5379
vn -0.7560 0.3783 -0.5342
vn -0.5561 0.6242 -0.5487
vn -0.2737 0.7687 -0.5781
vn -0.0002 0.6483 -0.7614
vn 0.2378 0.5554 -0.7968
vn 0.4171 0.3738 -0.8284
vn 0.5072 0.1328 -0.8516
vn 0.4920 -0.1236 -0.8618
vn 0.3743 -0.3539 -0.8571
vn 0.1746 -0.5156 -0.8388
vn -0.0727 -0.5815 -0.8103
vn -0.3248 -0.5416 -0.7754
vn -0.5382 -0.4012 -0.7412
vn -0.6761 -0.1846 -0.7133
vn -0.7142 0.0702 -0.6964
vn -0.6462 0.3188 -0.6934
vn -0.4840 0.5186 -0.7049
vn -0.2556 0.6348 -0.7292
vn 0.1333 0.4212 -0.8971
vn -0.0408 0.4884 -0.8717
vn 0.2645 0.2883 -0.9203
vn 0.3304 0.1114 -0.9373
vn 0.3193 -0.0763 -0.9446
vn 0.2332 -0.2441 -0.9413
vn 0.0871 -0.3617 -0.9282
vn -0.0938 -0.4105 -0.9070
vn -0.2783 -0.3814 -0.8815
vn -0.4346 -0.2778 -0.8567
vn -0.5353 -0.1205 -0.8360
vn -0.5632 0.0656 -0.8237
vn -0.5136 0.2472 -0.8216
vn -0.3949 0.3937 -0.8301
vn -0.2276 0.4791 -0.8477
vn 0.0298 0.2792 -0.9598
vn -0.0777 0.3205 -0.9441
vn 0.1109 0.1968 -0.9741
vn 0.1515 0.0885 -0.9845
vn 0.1447 -0.0275 -0.9891
vn 0.0916 -0.1312 -0.9871
vn 0.0012 -0.2045 -0.9789
vn -0.1105 -0.2350 -0.9657
vn -0.2243 -0.2167 -0.9501
vn -0.3209 -0.1526 -0.9347
vn -0.3832 -0.0549 -0.9220
vn -0.4004 0.0595 -0.9144
vn -0.3698 0.1724 -0.9130
vn -0.2963 0.2624 -0.9183
vn -0.1930 0.3144 -0.9295
vn -0.1282 0.0473 -0.9906
vn 0.0284 0.4851 -0.8740
vn 0.2193 0.5188 -0.8263
vn 0.5867 0.6971 -0.4122
vn 0.4537 0.5902 -0.6676
vn 0.6173 0.7464 -0.2488
vn 0.2981 0.9244 -0.2379
vn 0.8374 0.4593 -0.2963
vn 0.9213 0.1114 -0.3725
vn 0.8540 -0.2350 -0.4641
vn 0.6473 -0.5220 -0.5555
vn 0.3368 -0.6992 -0.6307
vn -0.0240 -0.7359 -0.6767
vn -0.3723 -0.6258 -0.6854
vn -0.6477 -0.3890 -0.6551
vn -0.8034 -0.0641 -0.5920
vn -0.8117 0.2914 -0.5062
vn -0.6717 0.6150 -0.4129
vn -0.4070 0.8526 -0.3277
vn -0.0641 0.9618 -0.2661
vn 0.5602 0.7037 -0.4370
vn 0.2822 0.8589 -0.4274
vn 0.7521 0.4533 -0.4784
vn 0.8250 0.1511 -0.5446
vn 0.7663 -0.1511 -0.6244
vn 0.5862 -0.4013 -0.7038
vn 0.3157 -0.5554 -0.7693
vn 0.0018 -0.5874 -0.8093
vn -0.3016 -0.4914 -0.8171
vn -0.5417 -0.2839 -0.7912
vn -0.6770 -0.0015 -0.7359
vn -0.6845 0.3068 -0.6614
vn -0.5625 0.5892 -0.5800
vn -0.3319 0.7963 -0.5057
vn -0.0332 0.8914 -0.4520
vn 0.4800 0.6320 -0.6085
vn 0.2546 0.7581 -0.6004
vn 0.6351 0.4302 -0.6416
vn 0.6944 0.1846 -0.6955
vn 0.6468 -0.0610 -0.7602
vn 0.5010 -0.2625 -0.8247
vn 0.2818 -0.3876 -0.8777
vn 0.0275 -0.4135 -0.9101
vn -0.2181 -0.3357 -0.9164
vn -0.4127 -0.1679 -0.8953
vn -0.5224 0.0610 -0.8505
vn -0.5283 0.3113 -0.7900
vn -0.4293 0.5400 -0.7239
vn -0.2430 0.7068 -0.6644
vn -0.0009 0.7843 -0.6204
vn 0.2179 0.6289 -0.7463
vn 0.3825 0.5372 -0.7517
vn 0.4962 0.3891 -0.7762
vn 0.5395 0.2091 -0.8156
vn 0.5047 0.0305 -0.8627
vn 0.3979 -0.1175 -0.9099
vn 0.2376 -0.2090 -0.9486
vn 0.0516 -0.2274 -0.9724
vn -0.1281 -0.1709 -0.9769
vn -0.2705 -0.0488 -0.9615
vn -0.3508 0.1190 -0.9289
vn -0.3551 0.3022 -0.8846
vn -0.2827 0.4699 -0.8362
vn -0.1463 0.5921 -0.7925
vn 0.0308 0.6486 -0.7605
vn 0.2767 0.4287 -0.8600
vn 0.1751 0.4852 -0.8567
vn 0.3470 0.3372 -0.8752
vn 0.3738 0.2258 -0.8996
vn 0.3523 0.1160 -0.9287
vn 0.2864 0.0244 -0.9578
vn 0.1873 -0.0320 -0.9818
vn 0.0723 -0.0443 -0.9964
vn -0.0386 -0.0092 -0.9992
vn -0.1265 0.0671 -0.9897
vn -0.1761 0.1709 -0.9694
vn -0.1788 0.2838 -0.9421
vn -0.1342 0.3861 -0.9126
vn -0.0498 0.4624 -0.8853
vn 0.0596 0.4974 -0.8655
vn 0.0991 0.2365 -0.9666
vn -0.9598 -0.2761 0.0504
vn -0.9806 -0.1953 0.0185
vn -0.8422 -0.4196 -0.3387
vn -0.9353 -0.3128 -0.1654
vn -0.7032 -0.5984 -0.3840
vn -0.9756 -0.2137 0.0498
vn -0.9893 -0.1358 -0.0534
vn -0.8922 -0.3907 -0.2265
vn -0.9716 -0.1389 0.1915
vn -0.9807 -0.0794 -0.1786
vn -0.9940 -0.0580 -0.0930
vn -0.8612 0.4456 0.2444
vn -0.9321 -0.0885 0.3513
vn -0.4761 0.0488 -0.8780
vn -0.0854 0.2030 -0.9755
vn -0.0573 0.9970 0.0524
vn -0.2991 0.9542 -0.0084
vn -0.7189 -0.0107 -0.6950
vn -0.2732 -0.1724 -0.9464
vn -0.8873 -0.3952 0.2378
vn -0.8484 -0.5281 -0.0371
vn -0.9306 -0.2563 -0.2613
vn -0.9935 -0.0900 -0.0693
vn -0.9667 0.0565 0.2495
vn -0.9072 -0.1038 0.4078
vn -0.9466 0.0351 0.3206
vn -0.9715 0.0305 0.2351
vn -0.9822 -0.0473 0.1819
vn -0.8697 0.3220 0.3741
vn -0.2361 0.7679 0.5954
vn -0.6193 0.5052 0.6011
vn -0.5092 0.2029 0.8364
vn -0.1252 0.2334 0.9643
vn -0.9935 0.0046 0.1134
vn -0.9338 0.0519 0.3541
vn -0.7893 -0.2609 0.5558
vn -0.9977 -0.0198 0.0646
vn -0.8586 0.0565 0.5095
vn -0.9186 0.1083 0.3801
vn -0.9915 -0.1190 -0.0524
vn -0.9396 -0.2884 0.1844
vn -0.9557 -0.1923 -0.2228
vn -0.7520 -0.2853 -0.5942
vn -0.6253 -0.4975 -0.6013
vn -0.9884 -0.1510 -0.0139
vn -0.6301 -0.3739 0.6805
vn -0.6563 -0.6317 -0.4126
vn -0.9825 -0.1480 0.1127
vn -0.6958 -0.7112 -0.1002
vn -0.9541 -0.2258 0.1966
vn -0.9920 -0.0870 0.0915
vn -0.9572 0.0305 0.2877
vn -0.9789 -0.0458 0.1992
vn -0.9441 -0.1312 0.3024
vn -0.9480 -0.1892 0.2560
vn -0.8428 -0.3281 0.4266
vn -0.5451 -0.8148 0.1973
vn -0.0691 -0.8625 -0.5014
vn -0.0142 -0.9320 -0.3621
vn -0.0369 -0.7884 -0.6140
vn -0.1769 -0.6209 -0.7637
vn -0.6722 -0.6551 -0.3450
vn -0.4524 -0.4014 -0.7964
vn -0.0897 -0.5630 -0.8216
vn -0.3150 -0.3433 -0.8848
vn -0.0499 -0.7340 -0.6774
vn -0.9237 -0.2365 -0.3015
vn -0.9475 -0.3144 0.0591
vn -0.8172 -0.5554 -0.1539
vn -0.9202 -0.1831 0.3459
vn -0.9149 -0.2868 0.2839
vn -0.8989 -0.4013 0.1757
vn -0.8147 -0.5659 -0.1266
vn -0.7874 -0.5402 -0.2968
vn -0.5881 -0.5050 -0.6318
vn -0.5602 -0.6944 -0.4516
vn -0.6908 -0.6745 -0.2605
vn -0.7515 -0.6305 -0.1942
vn -0.7367 -0.4927 0.4632
vn -0.8275 -0.2152 0.5186
vn -0.3170 -0.6579 0.6831
vn -0.5413 -0.7353 0.4077
vn -0.9676 -0.2503 -0.0321
vn -0.9378 -0.0534 0.3431
vn -0.9827 0.1663 -0.0811
vn -0.9039 0.0259 -0.4269
vn -0.7125 -0.2457 -0.6572
vn -0.8115 -0.5613 -0.1624
vn -0.9408 -0.2228 0.2553
vn -0.6856 -0.7279 0.0076
vn -0.7067 -0.6042 0.3681
vn -0.9794 -0.1068 0.1716
vn -0.5337 -0.8441 -0.0524
vn -0.8927 -0.4501 -0.0202
vn -0.8293 -0.4259 -0.3617
vn -0.8389 -0.5388 0.0775
vn -0.9542 -0.1984 0.2239
vn -0.9708 -0.2304 0.0670
vn -0.8402 -0.4897 0.2328
vn -0.9615 0.0366 0.2722
vn -0.9920 0.0397 -0.1196
vn -0.9280 -0.3724 0.0147
vn -0.9973 0.0015 -0.0737
vn -0.7670 -0.0977 -0.6342
vn -0.8558 -0.1434 -0.4971
vn -0.4699 -0.7778 0.4174
vn -0.7334 -0.3967 -0.5520
vn -0.8454 -0.5172 0.1331
vn -0.7750 -0.5999 0.1987
vn -0.8538 -0.4655 0.2331
vn -0.7452 -0.6609 -0.0886
vn -0.5824 -0.4853 0.6522
vn -0.7263 -0.5859 0.3595
vn -0.5019 0.1358 0.8542
vn -0.9004 -0.1251 0.4166
vn -0.8912 -0.3281 0.3131
vn -0.2833 -0.2822 0.9166
vn -0.1681 -0.3846 0.9076
vn -0.2702 0.7969 0.5403
vn -0.5541 -0.5235 -0.6472
vn -0.7947 -0.6056 0.0402
vn -0.8795 -0.3815 0.2844
vn -0.7845 0.3387 0.5195
vn -0.9214 0.1556 0.3561
vn -0.8505 0.4592 0.2566
vn -0.9205 -0.2471 -0.3026
vn -0.9704 -0.2319 0.0669
vn -0.6909 -0.4303 -0.5809
vn -0.8870 -0.3983 -0.2337
vn -0.9180 0.1679 0.3594
vn -0.8274 0.4958 0.2638
vn -0.2454 0.9161 0.3170
vn -0.2093 0.9023 0.3769
vn -0.6405 0.6027 0.4760
vn -0.3607 0.8060 0.4693
vn -0.0738 0.1572 -0.9848
vn -0.2604 0.9646 -0.0410
vn -0.1550 -0.3082 -0.9386
vn -0.6741 0.6501 -0.3506
vn -0.4879 0.0687 -0.8702
vn -0.4368 -0.3891 -0.8111
vn -0.9578 0.2091 0.1972
vn -0.7905 -0.5919 -0.1575
vn 0.6765 -0.1556 0.7198
vn 0.7933 0.0626 0.6056
vn 0.5347 0.1846 0.8246
vn 0.5098 0.1541 0.8464
vn 0.1559 0.3128 0.9369
vn 0.2435 -0.0198 0.9697
vn -0.0346 -0.8514 -0.5234
vn 0.3315 -0.7520 -0.5697
vn -0.3606 -0.9129 -0.1912
vn -0.6570 -0.6254 0.4210
vn -0.1724 -0.2136 0.9616
vn -0.3793 0.0931 0.9206
vn -0.1998 -0.7996 0.5663
vn 0.8047 -0.5937 -0.0069
vn 0.3845 -0.9107 -0.1508
vn 0.8714 -0.4409 -0.2149
vn 0.0781 -0.9688 -0.2351
vn -0.0552 -0.9899 0.1309
vn 0.7933 -0.3585 0.4922
vn 0.9433 -0.0656 0.3253
vn 0.3308 -0.6121 0.7182
vn 0.3886 -0.8238 0.4128
vn 0.0000 -0.0137 0.9999
vn 0.0983 -0.0229 0.9949
vn -0.0000 -0.0046 1.0000
vn 0.1806 -0.2121 0.9604
vn 0.0000 -0.1679 0.9858
vn -0.9939 -0.0031 0.1105
vn -0.7385 -0.6528 -0.1689
vn -0.7696 -0.6362 0.0537
vn -0.9937 0.0046 0.1119
vn 0.9928 0.0336 0.1150
vn 0.9933 0.0320 0.1107
vn 0.9670 0.0198 0.2542
vn 0.9635 0.0168 0.2673
vn -0.9913 -0.0061 0.1312
vn -0.7011 -0.6730 0.2358
vn 0.9879 0.0595 0.1433
vn 0.9939 -0.0031 0.1105
vn 0.9836 -0.0427 0.1753
vn -0.5235 -0.7585 0.3882
vn -0.9836 -0.0427 0.1752
vn -0.9855 0.0061 0.1698
vn -0.5933 -0.6775 0.4348
vn -0.9969 -0.0183 0.0762
vn -0.9988 -0.0442 0.0212
vn -0.6953 -0.6972 -0.1745
vn -0.7449 -0.6604 0.0949
vn -0.6221 -0.7763 0.1020
vn -0.7716 -0.6361 0.0048
vn -0.9923 -0.1144 0.0473
vn -0.9920 -0.1083 0.0645
vn 0.9838 0.0229 0.1780
vn 0.9924 0.0259 0.1205
vn -0.8124 0.0320 0.5822
vn -0.6453 0.0595 0.7616
vn -0.6387 0.0885 0.7644
vn -0.8171 0.0443 0.5748
vn -0.6984 -0.0183 0.7154
vn -0.8155 0.0000 0.5788
vn -0.5763 -0.0305 0.8166
vn -0.3774 0.0275 0.9257
vn -0.5947 -0.0732 0.8006
vn -0.4974 -0.0732 0.8644
vn -0.3668 -0.0427 0.9293
vn -0.5615 -0.1923 0.8048
vn -0.5913 -0.1755 0.7872
vn -0.5091 -0.2411 0.8263
vn -0.8489 -0.1892 0.4935
vn -0.8034 -0.0702 0.5912
vn -0.8590 -0.0992 0.5023
vn -0.8346 -0.2960 0.4646
vn -0.8354 -0.0549 0.5468
vn -0.7105 -0.2350 0.6633
vn -0.9443 -0.0702 0.3216
vn -0.9386 -0.0290 0.3438
vn -0.9530 -0.0015 0.3031
vn -0.9652 -0.0229 0.2604
vn -0.7994 -0.4897 0.3481
vn -0.8838 -0.2930 0.3648
vn -0.9955 0.0366 0.0869
vn -0.9930 0.0671 0.0977
vn -0.9879 0.0595 0.1433
vn -0.9928 0.0336 0.1150
vn -0.9933 0.0320 0.1107
vn -0.9927 0.0717 0.0966
vn -0.9924 0.0259 0.1205
vn -0.9942 0.0488 0.0956
vn -0.9923 0.0610 0.1080
vn -0.9915 0.0732 0.1073
vn 0.7384 -0.6528 -0.1690
vn 0.5234 -0.7584 0.3884
vn -0.9805 -0.0854 0.1769
vn -0.7275 -0.6762 0.1163
vn 0.9915 0.0732 0.1073
vn 0.9902 0.0839 0.1112
vn 0.9927 0.0717 0.0966
vn 0.9930 0.0671 0.0977
vn 0.7224 -0.6591 0.2089
vn 0.7787 -0.6270 0.0233
vn 0.9937 0.0046 0.1119
vn 0.9913 -0.0061 0.1312
vn 0.9942 -0.0885 0.0611
vn 0.9920 -0.1083 0.0645
vn 0.6221 -0.7763 0.1020
vn 0.7132 -0.7006 0.0205
vn -0.9902 0.0839 0.1112
vn -0.9965 -0.0092 0.0827
vn -0.1021 -0.0214 0.9945
vn -0.1945 -0.1908 0.9622
vn 0.9955 0.0366 0.0869
vn 0.9855 0.0061 0.1698
vn 0.5933 -0.6775 0.4348
vn 0.6953 -0.6972 -0.1745
vn 0.9988 -0.0442 0.0212
vn 0.9969 -0.0183 0.0762
vn 0.7449 -0.6604 0.0949
vn 0.7716 -0.6361 0.0048
vn 0.9923 -0.1144 0.0473
vn 0.6387 0.0885 0.7644
vn 0.6453 0.0595 0.7616
vn 0.8124 0.0320 0.5822
vn 0.8171 0.0442 0.5748
vn 0.6984 -0.0183 0.7154
vn 0.8223 -0.0046 0.5691
vn 0.3774 0.0275 0.9257
vn 0.4974 -0.0732 0.8644
vn 0.5868 -0.0717 0.8066
vn 0.3696 -0.0427 0.9282
vn 0.5913 -0.1755 0.7872
vn 0.5449 -0.1877 0.8172
vn 0.5209 -0.2212 0.8244
vn 0.8557 -0.2289 0.4641
vn 0.8621 -0.0992 0.4970
vn 0.8060 -0.0656 0.5883
vn 0.8529 -0.1602 0.4969
vn 0.8679 -0.0549 0.4937
vn 0.7983 -0.1358 0.5868
vn 0.9629 -0.0595 0.2633
vn 0.9474 -0.0122 0.3197
vn 0.9104 -0.0122 0.4135
vn 0.9652 -0.0229 0.2604
vn 0.9122 -0.3113 0.2664
vn 0.8262 -0.4152 0.3808
vn 0.8552 -0.5022 0.1282
vn 0.9828 -0.0275 0.1826
vn -0.9635 0.0168 0.2673
vn -0.9670 0.0198 0.2542
vn 0.9942 0.0488 0.0956
vn 0.9923 0.0610 0.1080
vn 0.9965 -0.0092 0.0827
vn 0.9805 -0.0854 0.1769
vn 0.7523 -0.6272 0.2017
vn 0.9908 -0.0473 0.1269
vn 0.7715 -0.6301 -0.0880
vn -0.3560 0.0748 0.9315
vn -0.3547 0.1038 0.9292
vn -0.5908 -0.0290 0.8063
vn -0.6027 -0.0763 0.7943
vn -0.6117 -0.0809 0.7869
vn -0.6145 -0.2106 0.7603
vn -0.6824 -0.2136 0.6991
vn 0.3547 0.1038 0.9292
vn 0.3560 0.0748 0.9315
vn 0.5908 -0.0290 0.8063
vn 0.6201 -0.0778 0.7807
vn 0.5763 -0.0305 0.8166
vn 0.6020 -0.0717 0.7953
vn 0.7063 -0.1922 0.6813
vn 0.6106 -0.2029 0.7655
vn -0.9942 -0.0885 0.0611
vn -0.7132 -0.7006 0.0205
vn -0.5424 -0.0778 0.8365
vn -0.5978 -0.0977 0.7956
vn -0.3987 -0.2182 0.8907
vn -0.6094 -0.2381 0.7563
vn 0.5978 -0.0977 0.7956
vn 0.5334 -0.0748 0.8425
vn 0.6094 -0.2381 0.7563
vn 0.3703 -0.2030 0.9065
vn -0.8254 -0.3190 0.4658
vn -0.8892 -0.0351 0.4562
vn -0.9597 -0.1862 0.2107
vn -0.9053 -0.0122 0.4246
vn 0.8485 -0.2060 0.4874
vn 0.9279 -0.0809 0.3639
vn 0.8804 -0.0259 0.4736
vn 0.9052 -0.0259 0.4241
vn -0.7715 -0.6301 -0.0880
vn -0.8246 -0.5464 0.1464
vn -0.9828 -0.0275 0.1826
vn -0.9908 -0.0473 0.1269
vn -0.9838 0.0229 0.1780
vn -0.1266 0.0275 0.9916
vn -0.0000 0.0855 0.9963
vn -0.1653 -0.0381 0.9855
vn -0.1793 -0.2121 0.9607
vn -0.0000 0.1007 0.9949
vn 0.1266 0.0275 0.9916
vn 0.1677 -0.0366 0.9852
vn 0.1797 -0.2212 0.9585
vn -0.6791 -0.0717 0.7306
vn -0.6414 -0.2915 0.7097
vn 0.6753 -0.0656 0.7346
vn 0.6314 -0.3006 0.7148
vn 0.0000 -0.3694 -0.9293
vn -0.1087 -0.2824 -0.9531
vn 0.0000 -0.1236 -0.9923
vn 0.0000 -0.3999 -0.9166
vn 0.0192 -0.3892 -0.9209
vn -0.0000 -0.5126 -0.8586
vn 0.3176 -0.6712 -0.6698
vn 0.9908 -0.0458 -0.1277
vn 0.9902 -0.0381 -0.1341
vn 0.9937 -0.0336 -0.1068
vn 0.9901 -0.0427 -0.1340
vn -0.9693 -0.0198 -0.2450
vn -0.9938 -0.0336 -0.1057
vn -0.9933 -0.0290 -0.1123
vn -0.9657 -0.0122 -0.2593
vn 0.9916 -0.0366 -0.1237
vn 0.9928 -0.0427 -0.1121
vn 0.5298 -0.8438 0.0862
vn 0.5899 -0.7970 -0.1299
vn -0.9901 -0.0259 -0.1380
vn -0.9901 -0.0427 -0.1340
vn -0.9927 -0.0626 -0.1034
vn 0.9985 -0.0107 -0.0528
vn 0.9901 -0.0259 -0.1380
vn 0.9876 0.0793 -0.1352
vn 0.9885 0.1511 0.0014
vn 0.9463 -0.3189 0.0523
vn 0.6397 -0.6670 0.3820
vn 0.4999 -0.8058 -0.3175
vn 0.9880 0.0793 -0.1323
vn 0.9884 0.1328 -0.0738
vn 0.6965 -0.7174 -0.0159
vn 0.6872 -0.7231 0.0706
vn 0.9884 0.1419 -0.0548
vn 0.9949 0.0717 -0.0713
vn 0.8660 -0.4912 -0.0934
vn -0.9854 -0.0153 -0.1697
vn -0.9601 -0.0061 -0.2797
vn 0.5035 -0.7616 -0.4080
vn 0.6315 -0.0900 -0.7701
vn 0.6373 -0.0717 -0.7672
vn 0.8180 -0.0320 -0.5743
vn 0.8200 -0.0442 -0.5707
vn 0.8488 -0.0305 -0.5279
vn 0.7271 -0.0534 -0.6844
vn 0.2586 -0.1984 -0.9454
vn 0.4497 -0.2045 -0.8694
vn 0.3037 -0.0870 -0.9488
vn 0.1951 -0.1923 -0.9617
vn 0.4475 -0.3082 -0.8395
vn 0.1650 -0.2777 -0.9464
vn 0.1608 -0.2961 -0.9415
vn -0.1017 -0.4165 -0.9034
vn 0.5482 -0.5006 -0.6700
vn -0.0131 -0.5979 -0.8015
vn 0.8815 -0.2029 -0.4263
vn 0.7933 -0.2441 -0.5577
vn 0.3712 -0.5831 -0.7226
vn 0.8382 -0.4258 -0.3408
vn 0.8850 -0.2746 -0.3761
vn 0.7469 -0.6548 -0.1155
vn 0.8000 -0.1282 -0.5861
vn 0.8913 -0.1114 -0.4396
vn 0.9207 -0.0763 -0.3826
vn 0.9601 -0.0061 -0.2797
vn 0.9486 -0.0183 -0.3160
vn 0.9650 0.0320 -0.2604
vn 0.9728 0.0031 -0.2317
vn 0.9845 -0.1724 0.0334
vn 0.9275 -0.3738 -0.0079
vn 0.9947 -0.0366 -0.0964
vn 0.9934 -0.0595 -0.0983
vn 0.9933 -0.0290 -0.1123
vn 0.9924 -0.0244 -0.1203
vn 0.9928 -0.0610 -0.1031
vn 0.9938 -0.0336 -0.1057
vn 0.9929 -0.0702 -0.0960
vn 0.9932 -0.0397 -0.1097
vn 0.9933 -0.0275 -0.1120
vn 0.9917 -0.0641 -0.1111
vn 0.9970 -0.0031 -0.0767
vn 0.9951 0.0092 -0.0980
vn 0.9947 0.0565 -0.0858
vn 0.9963 0.0320 -0.0799
vn -0.5036 -0.7615 -0.4080
vn -0.9937 -0.0336 -0.1068
vn -0.9876 0.0793 -0.1352
vn -0.9463 -0.3189 0.0523
vn 0.9907 -0.0122 -0.1358
vn 0.9843 -0.0397 -0.1719
vn -0.9904 -0.0824 -0.1113
vn -0.9917 -0.0641 -0.1111
vn -0.9933 -0.0610 -0.0983
vn -0.9929 -0.0702 -0.0960
vn -0.6042 -0.7785 -0.1700
vn -0.4663 -0.8804 0.0862
vn -0.9932 -0.0320 -0.1123
vn -0.9902 -0.0351 -0.1354
vn -0.9948 0.0565 -0.0853
vn -0.9946 0.0565 -0.0865
vn -0.9868 0.1526 -0.0542
vn -0.9884 0.1419 -0.0547
vn 0.9904 -0.0824 -0.1113
vn -0.9908 -0.0458 -0.1277
vn 0.1087 -0.2824 -0.9531
vn -0.0385 -0.3814 -0.9236
vn -0.3638 -0.6258 -0.6900
vn -0.9947 -0.0366 -0.0964
vn -0.9916 -0.0366 -0.1237
vn -0.9985 -0.0107 -0.0545
vn -0.9883 0.1526 -0.0000
vn -0.6404 -0.6667 0.3813
vn -0.6971 -0.7168 -0.0164
vn -0.9880 0.1343 -0.0759
vn -0.9879 0.0824 -0.1317
vn -0.5003 -0.8053 -0.3181
vn -0.8661 -0.4915 -0.0911
vn -0.9949 0.0748 -0.0671
vn -0.6872 -0.7231 0.0706
vn -0.6315 -0.0900 -0.7701
vn -0.8200 -0.0442 -0.5707
vn -0.8180 -0.0320 -0.5743
vn -0.6373 -0.0717 -0.7672
vn -0.7271 -0.0534 -0.6844
vn -0.8488 -0.0305 -0.5279
vn -0.6213 -0.0946 -0.7778
vn -0.4497 -0.2045 -0.8694
vn -0.2586 -0.1984 -0.9454
vn -0.3037 -0.0870 -0.9488
vn -0.1951 -0.1923 -0.9617
vn -0.4485 -0.3113 -0.8378
vn -0.1650 -0.2777 -0.9464
vn -0.1530 -0.2915 -0.9443
vn -0.5470 -0.4958 -0.6745
vn 0.1017 -0.4165 -0.9034
vn 0.0404 -0.5644 -0.8245
vn -0.3363 -0.5417 -0.7704
vn -0.7075 -0.2778 -0.6498
vn -0.8674 -0.2686 -0.4189
vn -0.7130 -0.5782 -0.3966
vn -0.9014 -0.3083 -0.3042
vn -0.8003 -0.5875 -0.1199
vn -0.8000 -0.1282 -0.5861
vn -0.8912 -0.1114 -0.4396
vn -0.9207 -0.0763 -0.3826
vn -0.9486 -0.0183 -0.3160
vn -0.9650 0.0320 -0.2603
vn -0.9728 0.0031 -0.2317
vn -0.9808 -0.1938 0.0227
vn -0.9269 -0.3724 0.0473
vn -0.6012 -0.7966 0.0632
vn -0.9933 -0.0839 -0.0798
vn -0.7976 -0.5999 -0.0626
vn 0.9693 -0.0198 -0.2450
vn 0.9657 -0.0122 -0.2593
vn -0.9924 -0.0244 -0.1203
vn -0.9933 -0.0290 -0.1120
vn -0.9931 -0.0397 -0.1101
vn -0.9952 0.0061 -0.0978
vn -0.9969 -0.0046 -0.0785
vn -0.9965 0.0336 -0.0762
vn 0.7673 -0.5844 -0.2641
vn -0.9955 0.0122 -0.0939
vn -0.8050 -0.5919 -0.0399
vn -0.9907 -0.0122 -0.1358
vn -0.9860 -0.0336 -0.1633
vn -0.9839 0.0061 -0.1785
vn -0.9895 -0.0046 -0.1444
vn 0.3592 -0.1022 -0.9276
vn 0.3423 -0.0793 -0.9362
vn 0.5525 -0.0626 -0.8312
vn 0.5360 -0.1953 -0.8213
vn 0.6213 -0.0946 -0.7778
vn 0.5113 -0.2106 -0.8332
vn 0.5177 -0.2899 -0.8050
vn 0.4434 -0.2899 -0.8482
vn 0.4676 -0.4670 -0.7505
vn 0.3192 -0.4029 -0.8578
vn -0.3423 -0.0793 -0.9362
vn -0.3592 -0.1022 -0.9276
vn -0.5525 -0.0626 -0.8312
vn -0.5360 -0.1953 -0.8213
vn -0.5113 -0.2106 -0.8332
vn -0.4437 -0.2914 -0.8475
vn -0.5188 -0.2930 -0.8031
vn -0.3213 -0.3952 -0.8606
vn -0.4592 -0.4761 -0.7500
vn 0.9870 0.1511 -0.0545
vn 0.9947 0.0549 -0.0871
vn -0.8204 -0.5358 -0.1999
vn 0.6354 -0.2198 -0.7402
vn 0.7147 -0.1602 -0.6809
vn 0.6240 -0.2807 -0.7293
vn 0.7765 -0.2487 -0.5789
vn 0.5679 -0.3724 -0.7341
vn 0.8147 -0.4196 -0.4002
vn -0.7147 -0.1602 -0.6809
vn -0.6354 -0.2198 -0.7402
vn -0.6239 -0.2807 -0.7293
vn -0.7794 -0.2457 -0.5764
vn -0.8300 -0.3937 -0.3952
vn -0.5679 -0.3724 -0.7341
vn 0.9954 0.0122 -0.0945
vn 0.8112 -0.2930 -0.5061
vn 0.8534 -0.3525 -0.3840
vn 0.5902 -0.7280 -0.3489
vn 0.4698 -0.6714 -0.5732
vn 0.9367 -0.0458 -0.3471
vn 0.9175 0.0015 -0.3978
vn 0.8050 -0.5919 -0.0399
vn -0.7841 -0.4348 -0.4428
vn -0.8536 -0.3509 -0.3850
vn -0.3313 -0.7175 -0.6127
vn -0.6156 -0.7112 -0.3396
vn -0.9367 -0.0458 -0.3471
vn -0.9175 0.0015 -0.3978
vn 0.9930 -0.0763 -0.0906
vn 0.7823 -0.6197 -0.0628
vn 0.6455 -0.6762 -0.3552
vn 0.9839 0.0061 -0.1785
vn 0.9854 -0.0153 -0.1697
vn 0.9823 0.0015 -0.1874
vn 0.9895 -0.0046 -0.1444
vn -0.6455 -0.6762 -0.3552
vn -0.9823 0.0015 -0.1874
vn 0.6709 -0.7343 0.1037
vn -0.0000 -0.0793 -0.9969
vn 0.0720 -0.0641 -0.9953
vn 0.0149 -0.2304 -0.9730
vn 0.1747 -0.3448 -0.9223
vn 0.1832 -0.6422 -0.7444
vn -0.0000 -0.0977 -0.9952
vn -0.0720 -0.0641 -0.9953
vn -0.0149 -0.2304 -0.9730
vn -0.1772 -0.3327 -0.9262
vn -0.1767 -0.6378 -0.7497
vn 0.7472 -0.1495 -0.6476
vn 0.7211 -0.2655 -0.6399
vn 0.5312 -0.6166 -0.5810
vn -0.7472 -0.1495 -0.6476
vn -0.7146 -0.2655 -0.6472
vn -0.4990 -0.6346 -0.5902
vn 0.6790 -0.7341 -0.0055
vn -0.8126 -0.5494 0.1943
vn -0.9511 -0.0763 0.2994
vn -0.9663 -0.0092 0.2571
vn -0.7915 0.5831 0.1832
vn -0.2830 0.8159 0.5042
vn -0.9815 -0.0549 0.1835
vn -0.5209 0.8521 0.0518
vn -0.9916 0.0412 0.1228
vn -0.9872 0.0534 0.1503
vn -0.9917 0.0839 0.0973
vn -0.9911 0.0458 0.1247
vn -0.9965 0.0183 0.0813
vn -0.9925 0.0610 0.1057
vn -0.9866 0.0351 0.1594
vn -0.9987 0.0168 -0.0473
vn -0.9938 0.0671 -0.0889
vn -0.4877 0.8650 0.1179
vn -0.6020 0.6237 -0.4986
vn -0.6315 0.6381 0.4404
vn -0.3043 0.9436 0.1305
vn -0.9781 0.0153 0.2075
vn -0.9793 -0.0443 0.1976
vn -0.9632 -0.0778 0.2571
vn -0.9626 -0.0046 0.2708
vn -0.9824 -0.0320 0.1839
vn -0.9638 0.0214 0.2659
vn -0.9619 -0.0229 0.2724
vn 0.9938 0.0671 -0.0885
vn 0.9998 0.0031 0.0172
vn 0.9950 0.0870 0.0481
vn 0.9902 0.1388 0.0134
vn 0.9979 0.0580 0.0301
vn 0.9974 0.0595 0.0397
vn -0.8672 -0.0290 0.4971
vn -0.8842 -0.0580 0.4634
vn -0.8845 -0.0732 0.4608
vn -0.8645 -0.0641 0.4985
vn -0.8917 0.2395 0.3841
vn -0.4032 0.4317 0.8069
vn -0.0906 0.6990 0.7093
vn -0.8569 -0.0839 0.5085
vn -0.0543 -0.2167 0.9747
vn 0.0000 -0.2061 0.9785
vn 0.0000 -0.0244 0.9997
vn 0.2191 0.2915 0.9311
vn -0.0241 -0.2396 0.9706
vn -0.0000 -0.2395 0.9709
vn -0.0000 -0.3523 0.9359
vn 0.9866 0.0351 0.1594
vn 0.9965 0.0687 0.0473
vn 0.4367 0.8781 0.1955
vn 0.3026 0.8401 0.4502
vn 0.9918 0.1144 -0.0561
vn 0.9953 0.0824 0.0515
vn 0.9919 0.1267 -0.0004
vn -0.4313 -0.4042 0.8066
vn -0.4704 -0.2624 0.8425
vn -0.5841 -0.2486 0.7726
vn -0.5510 -0.3173 0.7718
vn -0.2811 -0.2715 0.9205
vn -0.2627 -0.2594 0.9293
vn -0.4853 -0.2243 0.8451
vn -0.6065 -0.2212 0.7637
vn -0.6957 -0.1755 0.6965
vn -0.7175 -0.1389 0.6826
vn -0.7791 -0.1328 0.6127
vn -0.7658 -0.1526 0.6247
vn -0.5194 0.1114 0.8472
vn -0.6647 0.2334 0.7097
vn -0.6420 -0.1771 0.7460
vn -0.8320 0.2594 0.4905
vn 0.0375 0.0748 0.9965
vn -0.4799 0.1190 0.8692
vn -0.6159 -0.5479 0.5662
vn -0.4315 -0.6377 0.6381
vn -0.6171 -0.2792 0.7357
vn -0.7243 -0.2152 0.6551
vn -0.6271 -0.6370 0.4484
vn -0.4076 -0.7207 0.5608
vn -0.2750 -0.7392 0.6148
vn -0.2508 -0.6587 0.7094
vn 0.5121 0.7476 0.4230
vn 0.3497 0.9350 0.0591
vn 0.9963 0.0458 0.0725
vn -0.8745 -0.4091 0.2607
vn -0.8436 -0.4030 0.3549
vn -0.9438 -0.2624 0.2010
vn -0.9490 -0.2838 0.1373
vn 0.9939 -0.1083 0.0229
vn 0.9975 -0.0671 0.0240
vn 0.9511 -0.0763 0.2994
vn 0.2830 0.8159 0.5042
vn 0.7915 0.5831 0.1832
vn 0.9663 -0.0092 0.2571
vn 0.5209 0.8521 0.0518
vn 0.9815 -0.0549 0.1835
vn 0.9916 0.0412 0.1228
vn 0.9918 0.0839 0.0969
vn 0.9872 0.0534 0.1503
vn 0.9911 0.0458 0.1247
vn 0.9925 0.0610 0.1057
vn 0.9965 0.0183 0.0813
vn 0.9987 0.0168 -0.0473
vn 0.6020 0.6237 -0.4986
vn 0.4877 0.8650 0.1182
vn 0.6317 0.6382 0.4401
vn 0.3044 0.9436 0.1305
vn 0.9793 -0.0443 0.1976
vn 0.9781 0.0153 0.2075
vn 0.9626 -0.0046 0.2708
vn 0.9632 -0.0778 0.2571
vn 0.9824 -0.0320 0.1839
vn 0.9638 0.0214 0.2659
vn 0.9619 -0.0229 0.2724
vn -0.9950 0.0870 0.0485
vn -0.9998 0.0031 0.0175
vn -0.9902 0.1388 0.0133
vn -0.9979 0.0580 0.0301
vn -0.9974 0.0595 0.0397
vn 0.8842 -0.0580 0.4634
vn 0.8705 -0.0397 0.4906
vn 0.8645 -0.0641 0.4985
vn 0.8845 -0.0732 0.4608
vn 0.9045 0.2181 0.3665
vn 0.4032 0.4317 0.8069
vn 0.8568 -0.0854 0.5085
vn 0.0906 0.6990 0.7093
vn -0.2207 0.2641 0.9389
vn 0.0550 -0.2167 0.9747
vn 0.0241 -0.2396 0.9706
vn 0.9973 0.0473 0.0561
vn 0.9976 0.0443 0.0534
vn 0.9772 -0.1953 0.0828
vn 0.5510 -0.3173 0.7718
vn 0.5841 -0.2486 0.7726
vn 0.4704 -0.2624 0.8425
vn 0.4313 -0.4042 0.8066
vn 0.2584 -0.2640 0.9293
vn 0.2811 -0.2715 0.9205
vn 0.4807 -0.2380 0.8440
vn 0.6111 -0.2289 0.7577
vn 0.6957 -0.1755 0.6965
vn 0.7658 -0.1526 0.6247
vn 0.7791 -0.1328 0.6127
vn 0.7175 -0.1389 0.6826
vn 0.6420 -0.1771 0.7460
vn 0.6647 0.2334 0.7097
vn 0.5194 0.1114 0.8472
vn 0.8320 0.2594 0.4905
vn 0.4917 0.0900 0.8661
vn -0.0458 0.0916 0.9947
vn 0.4315 -0.6377 0.6381
vn 0.6159 -0.5479 0.5662
vn 0.7243 -0.2152 0.6551
vn 0.6171 -0.2792 0.7357
vn 0.4076 -0.7207 0.5608
vn 0.6271 -0.6370 0.4483
vn 0.2750 -0.7392 0.6148
vn 0.2508 -0.6585 0.7096
vn -0.3497 0.9350 0.0591
vn -0.5121 0.7475 0.4230
vn -0.9963 0.0458 0.0725
vn -0.9918 0.1144 -0.0561
vn 0.9438 -0.2624 0.2010
vn 0.8436 -0.4030 0.3549
vn 0.8745 -0.4091 0.2607
vn 0.9490 -0.2838 0.1373
vn -0.9975 -0.0671 0.0240
vn -0.9938 -0.1083 0.0233
vn -0.6091 -0.2304 0.7589
vn -0.5986 -0.2060 0.7741
vn -0.6342 -0.2166 0.7422
vn -0.6641 0.0946 0.7416
vn -0.6697 -0.0168 0.7425
vn 0.6091 -0.2304 0.7589
vn 0.5986 -0.2060 0.7741
vn 0.6342 -0.2166 0.7422
vn 0.6695 -0.0168 0.7426
vn 0.6810 0.0702 0.7289
vn -0.2397 -0.4395 0.8657
vn -0.1559 -0.2609 0.9527
vn -0.9965 0.0687 0.0473
vn -0.3027 0.8401 0.4502
vn -0.4367 0.8780 0.1959
vn -0.9919 0.1267 -0.0000
vn -0.9953 0.0824 0.0515
vn 0.2397 -0.4395 0.8657
vn 0.1559 -0.2609 0.9527
vn -0.9976 0.0427 0.0538
vn -0.9973 0.0473 0.0561
vn -0.9772 -0.1953 0.0828
vn -0.0000 -0.7621 0.6474
vn -0.0000 -0.6819 0.7315
vn -0.0761 -0.2335 0.9694
vn -0.0605 -0.2227 0.9730
vn -0.0273 0.3081 0.9510
vn -0.3587 0.0565 0.9317
vn -0.1003 -0.2411 0.9653
vn -0.0525 -0.2441 0.9683
vn -0.0582 -0.4030 0.9133
vn 0.0755 -0.2335 0.9694
vn 0.3494 0.1434 0.9259
vn 0.0376 0.2853 0.9577
vn 0.0608 -0.2198 0.9737
vn 0.0525 -0.2441 0.9683
vn 0.1003 -0.2411 0.9653
vn 0.0582 -0.4030 0.9133
vn 0.9916 0.1129 0.0629
vn 0.9893 0.0488 0.1373
vn 0.9784 -0.0870 0.1876
vn -0.8112 -0.1312 0.5699
vn -0.8414 -0.0748 0.5352
vn -0.8820 -0.0580 0.4677
vn -0.9916 0.1129 0.0629
vn -0.9784 -0.0870 0.1876
vn -0.9893 0.0488 0.1377
vn 0.8112 -0.1312 0.5699
vn 0.8820 -0.0580 0.4677
vn 0.8414 -0.0748 0.5352
vn -0.9390 -0.0473 0.3406
vn -0.9440 -0.0778 0.3208
vn -0.8954 -0.0671 0.4402
vn -0.9442 -0.0732 0.3212
vn 0.5396 0.7889 0.2941
vn 0.3173 0.7787 0.5413
vn 0.9440 -0.0778 0.3208
vn 0.9389 -0.0488 0.3406
vn 0.8954 -0.0671 0.4402
vn 0.9442 -0.0732 0.3212
vn -0.3173 0.7789 0.5410
vn -0.5397 0.7888 0.2941
vn -0.8121 -0.1022 0.5744
vn -0.8125 -0.1282 0.5687
vn -0.8320 -0.1098 0.5439
vn -0.8558 -0.0443 0.5154
vn -0.8136 0.2610 0.5196
vn -0.6245 0.2715 0.7323
vn 0.8125 -0.1282 0.5687
vn 0.8122 -0.1022 0.5744
vn 0.8518 -0.0534 0.5211
vn 0.8320 -0.1098 0.5439
vn 0.6035 0.2761 0.7481
vn 0.8136 0.2610 0.5196
vn -0.9923 -0.1221 0.0200
vn -0.9906 -0.1358 0.0187
vn 0.9923 -0.1221 0.0200
vn 0.9906 -0.1358 0.0191
vn 0.9786 -0.2014 0.0427
vn -0.9786 -0.2014 0.0423
vn -0.4499 0.8510 0.2708
vn 0.4499 0.8510 0.2708
vn -0.4641 0.7901 0.4004
vn 0.4641 0.7901 0.4004
vn -0.8609 -0.0031 0.5088
vn -0.7737 0.3173 0.5484
vn 0.8608 -0.0214 0.5085
vn 0.7870 0.2945 0.5421
vn -0.1319 -0.2579 0.9571
vn 0.1623 0.0244 0.9864
vn 0.1319 -0.2579 0.9571
vn -0.1623 0.0244 0.9864
vn 0.4810 0.8549 0.1943
vn 0.5750 0.8099 -0.1159
vn 0.4939 0.8368 -0.2363
vn 0.5357 0.8443 0.0149
vn 0.6651 0.5267 -0.5294
vn 0.4886 0.8708 -0.0538
vn 0.8310 0.1664 0.5307
vn 0.5648 0.5445 -0.6200
vn 0.9285 0.3568 0.1029
vn 0.7794 0.5556 0.2896
vn 0.1684 0.6790 -0.7145
vn -0.0000 0.6958 -0.7183
vn -0.6343 0.7697 0.0724
vn -0.5400 0.8000 0.2615
vn 0.7531 0.5310 -0.3884
vn 0.6316 0.6314 -0.4499
vn 0.5740 0.5948 -0.5628
vn 0.3651 0.7387 -0.5666
vn 0.5289 0.6844 -0.5019
vn -0.8209 0.5155 0.2459
vn -0.4965 0.8631 -0.0926
vn -0.4811 0.8549 0.1943
vn -0.5750 0.8099 -0.1159
vn -0.4940 0.8368 -0.2363
vn -0.5357 0.8443 0.0145
vn -0.6650 0.5266 -0.5296
vn -0.4885 0.8709 -0.0541
vn -0.8314 0.1649 0.5306
vn -0.9285 0.3568 0.1029
vn -0.5809 0.5536 -0.5967
vn -0.7794 0.5556 0.2896
vn -0.1679 0.6758 -0.7177
vn -0.6316 0.6314 -0.4499
vn -0.7531 0.5310 -0.3884
vn -0.5740 0.5948 -0.5628
vn -0.3591 0.7521 -0.5526
vn -0.4927 0.7072 -0.5071
vn 0.4965 0.8631 -0.0926
vn 0.8209 0.5155 0.2459
vn 0.5387 0.5888 -0.6026
vn 0.3652 0.6609 -0.6556
vn -0.3900 0.6611 -0.6409
vn -0.5387 0.5888 -0.6026
vn 0.6343 0.7697 0.0720
vn 0.5400 0.8000 0.2615
vn -0.3186 0.6318 -0.7066
vn -0.0364 0.7412 -0.6703
vn 0.2855 0.6650 -0.6902
vn 0.0375 0.7324 -0.6798
vn -0.6516 0.7458 0.1388
vn -0.5691 0.7367 0.3653
vn 0.6516 0.7458 0.1384
vn 0.5690 0.7366 0.3656
vn 0.9019 0.3970 -0.1703
vn 0.7966 0.4775 -0.3707
vn -0.8758 0.4413 -0.1954
vn -0.7966 0.4775 -0.3707
vn 0.5372 0.8418 0.0522
vn -0.5372 0.8418 0.0522
vn 0.6287 0.7740 0.0750
vn -0.6287 0.7740 0.0750
vn 0.7397 0.5251 -0.4209
vn -0.7261 0.5462 -0.4177
vn 0.3981 0.6240 -0.6724
vn -0.3981 0.6240 -0.6724
vn 0.9716 -0.1724 -0.1621
vn 0.9700 -0.1053 -0.2190
vn 0.9291 -0.1068 -0.3540
vn 0.9823 -0.1785 -0.0576
vn 0.9718 -0.0671 -0.2262
vn 0.9847 -0.0992 -0.1435
vn 0.9748 -0.2152 -0.0591
vn 0.9595 -0.1206 -0.2545
vn 0.9701 -0.2427 0.0046
vn 0.9418 -0.3328 -0.0469
vn 0.9884 -0.0778 -0.1305
vn 0.9976 0.0015 -0.0698
vn 0.9748 -0.0580 -0.2152
vn 0.9621 -0.0290 -0.2713
vn 0.9715 -0.0565 -0.2304
vn 0.9693 -0.0595 -0.2384
vn 0.9536 -0.1404 -0.2663
vn 0.9586 -0.0061 -0.2846
vn 0.9711 -0.0183 -0.2380
vn -0.9884 -0.1267 -0.0832
vn -0.9776 -0.1511 -0.1465
vn -0.9884 -0.0778 -0.1308
vn -0.9860 -0.1495 -0.0736
vn -0.9950 -0.0778 -0.0626
vn -0.9948 -0.0748 -0.0691
vn 0.7630 0.3799 -0.5230
vn 0.8779 0.2290 -0.4205
vn 0.9779 0.1495 -0.1461
vn 0.9878 0.1556 -0.0107
vn 0.9982 -0.0580 0.0168
vn 0.1072 0.5171 -0.8492
vn -0.0000 0.5228 -0.8524
vn 0.0575 0.4853 -0.8725
vn 0.0000 0.4886 -0.8725
vn 0.0000 0.4579 -0.8890
vn -0.9419 -0.2716 -0.1976
vn -0.9418 -0.3328 -0.0469
vn -0.9779 -0.1724 -0.1186
vn -0.9477 -0.1968 -0.2513
vn -0.9826 -0.1343 -0.1286
vn 0.4425 0.4180 -0.7934
vn 0.5657 0.4305 -0.7033
vn 0.4572 0.5052 -0.7319
vn 0.4133 0.5048 -0.7579
vn 0.4276 0.5400 -0.7250
vn 0.3149 0.5617 -0.7651
vn 0.3589 0.5144 -0.7788
vn 0.3683 0.5418 -0.7555
vn 0.7199 0.3785 -0.5818
vn 0.7057 0.4210 -0.5698
vn 0.7164 0.4242 -0.5539
vn 0.6871 0.4015 -0.6056
vn 0.7418 0.4287 -0.5156
vn 0.4909 0.5739 -0.6555
vn 0.5993 0.5591 -0.5729
vn 0.7369 0.2700 -0.6198
vn 0.6439 0.3265 -0.6919
vn 0.4242 0.7148 -0.5560
vn 0.6021 0.6506 -0.4628
vn 0.2868 0.7500 -0.5961
vn 0.2505 0.6886 -0.6805
vn -0.9823 -0.1801 -0.0507
vn 0.9478 0.2883 -0.1365
vn 0.9562 0.1953 -0.2178
vn 0.8572 0.3694 -0.3587
vn 0.8785 0.4047 -0.2539
vn -0.9974 0.0580 -0.0427
vn -0.9973 0.0656 -0.0336
vn -0.9716 -0.1724 -0.1621
vn -0.9700 -0.1053 -0.2190
vn -0.9290 -0.1083 -0.3539
vn -0.9718 -0.0671 -0.2262
vn -0.9823 -0.1785 -0.0576
vn -0.9847 -0.0992 -0.1435
vn -0.9748 -0.2152 -0.0591
vn -0.9595 -0.1206 -0.2545
vn -0.9701 -0.2427 0.0046
vn -0.9976 0.0015 -0.0694
vn -0.9715 -0.0565 -0.2304
vn -0.9621 -0.0290 -0.2713
vn -0.9748 -0.0580 -0.2152
vn -0.9693 -0.0595 -0.2384
vn -0.9536 -0.1404 -0.2663
vn -0.9586 -0.0061 -0.2846
vn -0.9711 -0.0183 -0.2380
vn 0.9776 -0.1511 -0.1465
vn 0.9884 -0.1267 -0.0832
vn 0.9860 -0.1495 -0.0736
vn 0.9948 -0.0748 -0.0691
vn 0.9950 -0.0778 -0.0622
vn -0.9779 0.1495 -0.1461
vn -0.8779 0.2290 -0.4205
vn -0.7699 0.3844 -0.5095
vn -0.9878 0.1556 -0.0107
vn -0.9982 -0.0580 0.0168
vn -0.1080 0.5201 -0.8473
vn -0.0575 0.4853 -0.8725
vn -0.9908 -0.1083 -0.0816
vn -0.9904 -0.1190 -0.0706
vn -0.9844 0.1480 -0.0950
vn -0.5657 0.4305 -0.7033
vn -0.4425 0.4180 -0.7934
vn -0.4133 0.5048 -0.7579
vn -0.4572 0.5052 -0.7319
vn -0.4246 0.5494 -0.7196
vn -0.3589 0.5144 -0.7788
vn -0.3011 0.5693 -0.7650
vn -0.3775 0.5480 -0.7464
vn -0.7057 0.4210 -0.5698
vn -0.7199 0.3785 -0.5818
vn -0.6871 0.4015 -0.6056
vn -0.7164 0.4242 -0.5539
vn -0.7418 0.4287 -0.5157
vn -0.5993 0.5591 -0.5729
vn -0.4908 0.5739 -0.6555
vn -0.6439 0.3265 -0.6919
vn -0.7369 0.2700 -0.6198
vn -0.6021 0.6506 -0.4628
vn -0.4241 0.7147 -0.5562
vn -0.2505 0.6886 -0.6805
vn -0.2868 0.7500 -0.5961
vn 0.9478 -0.1968 -0.2510
vn 0.9823 -0.1801 -0.0507
vn -0.9562 0.1953 -0.2178
vn -0.9478 0.2883 -0.1365
vn -0.8785 0.4047 -0.2539
vn -0.8572 0.3694 -0.3587
vn 0.9974 0.0580 -0.0431
vn 0.9973 0.0656 -0.0340
vn 0.6744 0.4287 -0.6011
vn 0.5981 0.4820 -0.6403
vn 0.6486 0.4946 -0.5785
vn -0.6744 0.4287 -0.6011
vn -0.5981 0.4820 -0.6403
vn -0.6486 0.4946 -0.5785
vn 0.2757 0.5205 -0.8082
vn 0.2946 0.4335 -0.8516
vn 0.9419 -0.2716 -0.1976
vn 0.9779 -0.1724 -0.1186
vn 0.9826 -0.1343 -0.1286
vn -0.2756 0.5205 -0.8082
vn -0.2946 0.4335 -0.8516
vn 0.9904 -0.1190 -0.0702
vn 0.9908 -0.1083 -0.0812
vn 0.9844 0.1480 -0.0950
vn -0.0000 0.6101 -0.7923
vn -0.0001 0.7742 -0.6329
vn 0.0751 0.5602 -0.8250
vn -0.0146 0.5297 -0.8480
vn 0.0863 0.4979 -0.8629
vn 0.1436 0.5153 -0.8449
vn 0.1216 0.4332 -0.8931
vn -0.0792 0.5661 -0.8205
vn 0.0152 0.5376 -0.8431
vn -0.1436 0.5153 -0.8449
vn -0.0862 0.4979 -0.8629
vn -0.1216 0.4332 -0.8931
vn -0.9851 -0.1404 -0.0992
vn -0.9894 -0.1267 -0.0713
vn -0.9678 -0.2350 -0.0904
vn 0.8362 0.2473 -0.4895
vn 0.8217 0.1999 -0.5337
vn 0.9451 0.1098 -0.3078
vn 0.9678 -0.2350 -0.0900
vn 0.9894 -0.1267 -0.0713
vn 0.9851 -0.1404 -0.0992
vn -0.8217 0.1999 -0.5337
vn -0.8362 0.2473 -0.4895
vn -0.9451 0.1098 -0.3078
vn 0.9903 0.0427 -0.1324
vn 0.9544 0.0076 -0.2983
vn 0.9735 -0.0015 -0.2289
vn 0.9764 -0.1205 -0.1793
vn -0.9544 0.0076 -0.2983
vn -0.9903 0.0427 -0.1324
vn -0.9735 -0.0015 -0.2289
vn -0.9764 -0.1205 -0.1793
vn 0.8345 0.3588 -0.4183
vn 0.8159 0.3143 -0.4852
vn 0.8346 0.2609 -0.4851
vn 0.8883 0.2944 -0.3524
vn -0.8346 0.2609 -0.4851
vn -0.8159 0.3143 -0.4852
vn -0.8345 0.3588 -0.4183
vn -0.8779 0.3098 -0.3651
vn 0.9935 0.1083 -0.0353
vn 0.9928 0.1160 -0.0286
vn -0.9935 0.1083 -0.0351
vn -0.9928 0.1160 -0.0286
vn -0.9835 0.1770 -0.0381
vn 0.9835 0.1770 -0.0381
vn 0.7931 0.3466 -0.5009
vn -0.7930 0.3604 -0.4913
vn 0.2935 0.5538 -0.7792
vn -0.2935 0.5538 -0.7792
# 3358 vertex normals

vt 0.9195 0.2918 0.0000
vt 0.9215 0.2924 0.0000
vt 0.9197 0.2943 0.0000
vt 0.9176 0.2931 0.0000
vt 0.9212 0.2910 0.0000
vt 0.9230 0.2913 0.0000
vt 0.9149 0.2956 0.0000
vt 0.9170 0.2971 0.0000
vt 0.9143 0.3008 0.0000
vt 0.9118 0.2996 0.0000
vt 0.9126 0.3050 0.0000
vt 0.9094 0.3041 0.0000
vt 0.9239 0.2904 0.0000
vt 0.9220 0.2903 0.0000
vt 0.9241 0.2929 0.0000
vt 0.9224 0.2949 0.0000
vt 0.9254 0.2912 0.0000
vt 0.9201 0.2979 0.0000
vt 0.9175 0.3016 0.0000
vt 0.9162 0.3059 0.0000
vt 0.9265 0.2900 0.0000
vt 0.9301 0.2932 0.0000
vt 0.9289 0.2957 0.0000
vt 0.9310 0.2912 0.0000
vt 0.9255 0.3030 0.0000
vt 0.9273 0.2989 0.0000
vt 0.9240 0.3078 0.0000
vt 0.9316 0.2897 0.0000
vt 0.9467 0.2993 0.0000
vt 0.9572 0.3065 0.0000
vt 0.9565 0.3081 0.0000
vt 0.9453 0.3018 0.0000
vt 0.9478 0.2975 0.0000
vt 0.9577 0.3054 0.0000
vt 0.9548 0.3126 0.0000
vt 0.9426 0.3083 0.0000
vt 0.9439 0.3049 0.0000
vt 0.9557 0.3102 0.0000
vt 0.9542 0.3151 0.0000
vt 0.9416 0.3121 0.0000
vt 0.9487 0.2962 0.0000
vt 0.9581 0.3045 0.0000
vt 0.9631 0.3128 0.0000
vt 0.9637 0.3120 0.0000
vt 0.9642 0.3114 0.0000
vt 0.9624 0.3138 0.0000
vt 0.9617 0.3152 0.0000
vt 0.9612 0.3168 0.0000
vt 0.9646 0.3108 0.0000
vt 0.9365 0.2949 0.0000
vt 0.9351 0.2977 0.0000
vt 0.9377 0.2927 0.0000
vt 0.9336 0.3013 0.0000
vt 0.9323 0.3053 0.0000
vt 0.9311 0.3095 0.0000
vt 0.9387 0.2910 0.0000
vt 0.9655 0.3145 0.0000
vt 0.9651 0.3149 0.0000
vt 0.9659 0.3142 0.0000
vt 0.9646 0.3156 0.0000
vt 0.9641 0.3164 0.0000
vt 0.9637 0.3174 0.0000
vt 0.9661 0.3139 0.0000
vt 0.9657 0.3167 0.0000
vt 0.9654 0.3178 0.0000
vt 0.9658 0.3157 0.0000
vt 0.9660 0.3150 0.0000
vt 0.9661 0.3145 0.0000
vt 0.9661 0.3142 0.0000
vt 0.9115 0.3179 0.0000
vt 0.9140 0.3179 0.0000
vt 0.9149 0.3204 0.0000
vt 0.9127 0.3199 0.0000
vt 0.9141 0.3216 0.0000
vt 0.9157 0.3221 0.0000
vt 0.9122 0.3095 0.0000
vt 0.9128 0.3141 0.0000
vt 0.9102 0.3144 0.0000
vt 0.9094 0.3092 0.0000
vt 0.9160 0.3233 0.0000
vt 0.9144 0.3228 0.0000
vt 0.9167 0.3186 0.0000
vt 0.9173 0.3212 0.0000
vt 0.9177 0.3232 0.0000
vt 0.9154 0.3103 0.0000
vt 0.9160 0.3149 0.0000
vt 0.9181 0.3248 0.0000
vt 0.9228 0.3209 0.0000
vt 0.9227 0.3236 0.0000
vt 0.9226 0.3258 0.0000
vt 0.9229 0.3173 0.0000
vt 0.9231 0.3128 0.0000
vt 0.9225 0.3274 0.0000
vt 0.9403 0.3257 0.0000
vt 0.9402 0.3229 0.0000
vt 0.9531 0.3224 0.0000
vt 0.9530 0.3241 0.0000
vt 0.9529 0.3254 0.0000
vt 0.9405 0.3279 0.0000
vt 0.9404 0.3195 0.0000
vt 0.9408 0.3158 0.0000
vt 0.9536 0.3176 0.0000
vt 0.9533 0.3201 0.0000
vt 0.9529 0.3263 0.0000
vt 0.9407 0.3295 0.0000
vt 0.9612 0.3222 0.0000
vt 0.9611 0.3212 0.0000
vt 0.9614 0.3230 0.0000
vt 0.9609 0.3184 0.0000
vt 0.9609 0.3199 0.0000
vt 0.9615 0.3236 0.0000
vt 0.9293 0.3219 0.0000
vt 0.9292 0.3250 0.0000
vt 0.9293 0.3276 0.0000
vt 0.9302 0.3138 0.0000
vt 0.9296 0.3180 0.0000
vt 0.9294 0.3295 0.0000
vt 0.9640 0.3207 0.0000
vt 0.9638 0.3202 0.0000
vt 0.9642 0.3212 0.0000
vt 0.9637 0.3194 0.0000
vt 0.9636 0.3184 0.0000
vt 0.9643 0.3216 0.0000
vt 0.9651 0.3189 0.0000
vt 0.9649 0.3198 0.0000
vt 0.9646 0.3205 0.0000
vt 0.9645 0.3210 0.0000
vt 0.9644 0.3214 0.0000
vt 0.6974 0.3484 0.0000
vt 0.6974 0.3474 0.0000
vt 0.6981 0.3480 0.0000
vt 0.6980 0.3486 0.0000
vt 0.6979 0.3496 0.0000
vt 0.6967 0.3500 0.0000
vt 0.6960 0.3481 0.0000
vt 0.6984 0.3492 0.0000
vt 0.6996 0.3453 0.0000
vt 0.7009 0.3468 0.0000
vt 0.7001 0.3473 0.0000
vt 0.6993 0.3464 0.0000
vt 0.7013 0.3493 0.0000
vt 0.7002 0.3507 0.0000
vt 0.6996 0.3500 0.0000
vt 0.7003 0.3490 0.0000
vt 0.6988 0.3497 0.0000
vt 0.6991 0.3493 0.0000
vt 0.6988 0.3502 0.0000
vt 0.6990 0.3471 0.0000
vt 0.6986 0.3468 0.0000
vt 0.6986 0.3461 0.0000
vt 0.6995 0.3476 0.0000
vt 0.6995 0.3485 0.0000
vt 0.6965 0.3467 0.0000
vt 0.6979 0.3466 0.0000
vt 0.6984 0.3473 0.0000
vt 0.6987 0.3487 0.0000
vt 0.6988 0.3479 0.0000
vt 0.6984 0.3511 0.0000
vt 0.6986 0.3451 0.0000
vt 0.6974 0.3456 0.0000
vt 0.9571 0.2391 0.0000
vt 0.9509 0.2395 0.0000
vt 0.9505 0.2346 0.0000
vt 0.9564 0.2337 0.0000
vt 0.9440 0.2392 0.0000
vt 0.9444 0.2351 0.0000
vt 0.9180 0.2414 0.0000
vt 0.9229 0.2407 0.0000
vt 0.9248 0.2434 0.0000
vt 0.9185 0.2433 0.0000
vt 0.9120 0.2435 0.0000
vt 0.9123 0.2414 0.0000
vt 0.9057 0.2389 0.0000
vt 0.9114 0.2387 0.0000
vt 0.9057 0.2410 0.0000
vt 0.8995 0.2395 0.0000
vt 0.8995 0.2416 0.0000
vt 0.9691 0.2387 0.0000
vt 0.9633 0.2388 0.0000
vt 0.9625 0.2334 0.0000
vt 0.9686 0.2338 0.0000
vt 0.9743 0.2384 0.0000
vt 0.9743 0.2431 0.0000
vt 0.9696 0.2436 0.0000
vt 0.9883 0.2369 0.0000
vt 0.9887 0.2403 0.0000
vt 0.9840 0.2419 0.0000
vt 0.9837 0.2378 0.0000
vt 0.9791 0.2429 0.0000
vt 0.9791 0.2383 0.0000
vt 0.9742 0.2338 0.0000
vt 0.9791 0.2336 0.0000
vt 0.9932 0.2358 0.0000
vt 0.9880 0.2334 0.0000
vt 0.9929 0.2329 0.0000
vt 0.9995 0.2367 0.0000
vt 0.9936 0.2387 0.0000
vt 0.9988 0.2347 0.0000
vt 0.9436 0.2433 0.0000
vt 0.9347 0.2429 0.0000
vt 0.9348 0.2395 0.0000
vt 0.9578 0.2444 0.0000
vt 0.9514 0.2444 0.0000
vt 0.9172 0.2385 0.0000
vt 0.9202 0.2375 0.0000
vt 0.9056 0.2432 0.0000
vt 0.8995 0.2437 0.0000
vt 0.9641 0.2442 0.0000
vt 0.9835 0.2338 0.0000
vt 0.9983 0.2327 0.0000
vt 0.9350 0.2362 0.0000
vt 0.8011 0.9503 0.0000
vt 0.8043 0.9501 0.0000
vt 0.8073 0.9579 0.0000
vt 0.8049 0.9582 0.0000
vt 0.8077 0.9650 0.0000
vt 0.8095 0.9649 0.0000
vt 0.8103 0.9717 0.0000
vt 0.8085 0.9719 0.0000
vt 0.8052 0.9879 0.0000
vt 0.8068 0.9839 0.0000
vt 0.8106 0.9855 0.0000
vt 0.8083 0.9908 0.0000
vt 0.8006 0.9597 0.0000
vt 0.8032 0.9659 0.0000
vt 0.7912 0.9459 0.0000
vt 0.7868 0.9451 0.0000
vt 0.7873 0.9412 0.0000
vt 0.7917 0.9416 0.0000
vt 0.7951 0.9471 0.0000
vt 0.7955 0.9419 0.0000
vt 0.8016 0.9422 0.0000
vt 0.7852 0.9490 0.0000
vt 0.7898 0.9491 0.0000
vt 0.7698 0.9740 0.0000
vt 0.7680 0.9694 0.0000
vt 0.7721 0.9680 0.0000
vt 0.7731 0.9724 0.0000
vt 0.7747 0.9814 0.0000
vt 0.7769 0.9791 0.0000
vt 0.7792 0.9809 0.0000
vt 0.7781 0.9840 0.0000
vt 0.8026 0.9852 0.0000
vt 0.8036 0.9822 0.0000
vt 0.8079 0.9784 0.0000
vt 0.8040 0.9776 0.0000
vt 0.7936 0.9502 0.0000
vt 0.8043 0.9721 0.0000
vt 0.8138 0.9797 0.0000
vt 0.8102 0.9789 0.0000
vt 0.8122 0.9782 0.0000
vt 0.8107 0.9499 0.0000
vt 0.8160 0.9501 0.0000
vt 0.8169 0.9574 0.0000
vt 0.8122 0.9574 0.0000
vt 0.8172 0.9650 0.0000
vt 0.8167 0.9726 0.0000
vt 0.8139 0.9720 0.0000
vt 0.8135 0.9647 0.0000
vt 0.8121 0.9717 0.0000
vt 0.7679 0.9805 0.0000
vt 0.7721 0.9781 0.0000
vt 0.7717 0.9843 0.0000
vt 0.8187 0.9801 0.0000
vt 0.8206 0.9818 0.0000
vt 0.8150 0.9866 0.0000
vt 0.8158 0.9803 0.0000
vt 0.8259 0.9584 0.0000
vt 0.8251 0.9660 0.0000
vt 0.8210 0.9653 0.0000
vt 0.8215 0.9577 0.0000
vt 0.7973 0.9538 0.0000
vt 0.8072 0.9462 0.0000
vt 0.8073 0.9500 0.0000
vt 0.8043 0.9461 0.0000
vt 0.8213 0.9466 0.0000
vt 0.8267 0.9470 0.0000
vt 0.8264 0.9516 0.0000
vt 0.8213 0.9508 0.0000
vt 0.7650 0.9761 0.0000
vt 0.7754 0.9712 0.0000
vt 0.7768 0.9746 0.0000
vt 0.7749 0.9762 0.0000
vt 0.8116 0.9934 0.0000
vt 0.7765 0.9876 0.0000
vt 0.7743 0.9912 0.0000
vt 0.7675 0.9871 0.0000
vt 0.7595 0.9781 0.0000
vt 0.7574 0.9734 0.0000
vt 0.7628 0.9715 0.0000
vt 0.8159 0.9463 0.0000
vt 0.7627 0.9827 0.0000
vt 0.8010 0.9762 0.0000
vt 0.8012 0.9721 0.0000
vt 0.8008 0.9798 0.0000
vt 0.7785 0.9768 0.0000
vt 0.7801 0.9779 0.0000
vt 0.7979 0.9611 0.0000
vt 0.7951 0.9561 0.0000
vt 0.7739 0.9586 0.0000
vt 0.7767 0.9597 0.0000
vt 0.7751 0.9634 0.0000
vt 0.7720 0.9632 0.0000
vt 0.8003 0.9666 0.0000
vt 0.7921 0.9529 0.0000
vt 0.7887 0.9513 0.0000
vt 0.7857 0.9519 0.0000
vt 0.7772 0.9552 0.0000
vt 0.7792 0.9564 0.0000
vt 0.8002 0.9824 0.0000
vt 0.7749 0.9673 0.0000
vt 0.7813 0.9523 0.0000
vt 0.7826 0.9540 0.0000
vt 0.7961 0.9668 0.0000
vt 0.7954 0.9671 0.0000
vt 0.7935 0.9634 0.0000
vt 0.7943 0.9628 0.0000
vt 0.7993 0.9751 0.0000
vt 0.7992 0.9712 0.0000
vt 0.7990 0.9780 0.0000
vt 0.7872 0.9567 0.0000
vt 0.7860 0.9568 0.0000
vt 0.7859 0.9564 0.0000
vt 0.7873 0.9562 0.0000
vt 0.7797 0.9693 0.0000
vt 0.7804 0.9692 0.0000
vt 0.7810 0.9707 0.0000
vt 0.7804 0.9711 0.0000
vt 0.7807 0.9755 0.0000
vt 0.7795 0.9748 0.0000
vt 0.7934 0.9581 0.0000
vt 0.7961 0.9620 0.0000
vt 0.7969 0.9755 0.0000
vt 0.7965 0.9766 0.0000
vt 0.7961 0.9759 0.0000
vt 0.7964 0.9750 0.0000
vt 0.7787 0.9605 0.0000
vt 0.7772 0.9636 0.0000
vt 0.7894 0.9580 0.0000
vt 0.7891 0.9586 0.0000
vt 0.7982 0.9666 0.0000
vt 0.7907 0.9555 0.0000
vt 0.7803 0.9667 0.0000
vt 0.7794 0.9667 0.0000
vt 0.7798 0.9640 0.0000
vt 0.7807 0.9643 0.0000
vt 0.7848 0.9581 0.0000
vt 0.7845 0.9575 0.0000
vt 0.7810 0.9578 0.0000
vt 0.7837 0.9559 0.0000
vt 0.7768 0.9668 0.0000
vt 0.7772 0.9702 0.0000
vt 0.7782 0.9730 0.0000
vt 0.7973 0.9737 0.0000
vt 0.7966 0.9735 0.0000
vt 0.7966 0.9710 0.0000
vt 0.7974 0.9709 0.0000
vt 0.7818 0.9722 0.0000
vt 0.7817 0.9728 0.0000
vt 0.7810 0.9723 0.0000
vt 0.7814 0.9717 0.0000
vt 0.7912 0.9606 0.0000
vt 0.7918 0.9600 0.0000
vt 0.7835 0.9595 0.0000
vt 0.7829 0.9591 0.0000
vt 0.7818 0.9617 0.0000
vt 0.7810 0.9613 0.0000
vt 0.7983 0.9710 0.0000
vt 0.7985 0.9746 0.0000
vt 0.7981 0.9771 0.0000
vt 0.7882 0.9538 0.0000
vt 0.7861 0.9540 0.0000
vt 0.7801 0.9737 0.0000
vt 0.7811 0.9743 0.0000
vt 0.7952 0.9622 0.0000
vt 0.7927 0.9590 0.0000
vt 0.7985 0.9799 0.0000
vt 0.7795 0.9608 0.0000
vt 0.7781 0.9637 0.0000
vt 0.7974 0.9667 0.0000
vt 0.7901 0.9564 0.0000
vt 0.7817 0.9583 0.0000
vt 0.7840 0.9564 0.0000
vt 0.7777 0.9667 0.0000
vt 0.7781 0.9698 0.0000
vt 0.7790 0.9721 0.0000
vt 0.7879 0.9547 0.0000
vt 0.7860 0.9549 0.0000
vt 0.7789 0.9695 0.0000
vt 0.7797 0.9715 0.0000
vt 0.7975 0.9785 0.0000
vt 0.7680 0.9392 0.0000
vt 0.7703 0.9394 0.0000
vt 0.7699 0.9419 0.0000
vt 0.7676 0.9417 0.0000
vt 0.7689 0.9449 0.0000
vt 0.7671 0.9443 0.0000
vt 0.7810 0.9474 0.0000
vt 0.7773 0.9466 0.0000
vt 0.7784 0.9432 0.0000
vt 0.7824 0.9439 0.0000
vt 0.7750 0.9429 0.0000
vt 0.7722 0.9424 0.0000
vt 0.7726 0.9397 0.0000
vt 0.7754 0.9400 0.0000
vt 0.7370 0.9643 0.0000
vt 0.7409 0.9636 0.0000
vt 0.7408 0.9673 0.0000
vt 0.7362 0.9680 0.0000
vt 0.7322 0.9679 0.0000
vt 0.7283 0.9667 0.0000
vt 0.7292 0.9628 0.0000
vt 0.7331 0.9640 0.0000
vt 0.7249 0.9613 0.0000
vt 0.7240 0.9650 0.0000
vt 0.7740 0.9542 0.0000
vt 0.7699 0.9578 0.0000
vt 0.7661 0.9629 0.0000
vt 0.7446 0.9630 0.0000
vt 0.7450 0.9661 0.0000
vt 0.7558 0.9596 0.0000
vt 0.7524 0.9622 0.0000
vt 0.7510 0.9597 0.0000
vt 0.7540 0.9573 0.0000
vt 0.7579 0.9624 0.0000
vt 0.7603 0.9663 0.0000
vt 0.7559 0.9691 0.0000
vt 0.7540 0.9651 0.0000
vt 0.7827 0.9408 0.0000
vt 0.7789 0.9404 0.0000
vt 0.7714 0.9456 0.0000
vt 0.7782 0.9512 0.0000
vt 0.7747 0.9506 0.0000
vt 0.7203 0.9604 0.0000
vt 0.7210 0.9568 0.0000
vt 0.7260 0.9582 0.0000
vt 0.7443 0.9602 0.0000
vt 0.7468 0.9590 0.0000
vt 0.7479 0.9615 0.0000
vt 0.7277 0.9455 0.0000
vt 0.7275 0.9472 0.0000
vt 0.7226 0.9463 0.0000
vt 0.7227 0.9447 0.0000
vt 0.7272 0.9496 0.0000
vt 0.7322 0.9488 0.0000
vt 0.7320 0.9511 0.0000
vt 0.7412 0.9607 0.0000
vt 0.7378 0.9610 0.0000
vt 0.7479 0.9493 0.0000
vt 0.7460 0.9490 0.0000
vt 0.7476 0.9468 0.0000
vt 0.7496 0.9470 0.0000
vt 0.7516 0.9438 0.0000
vt 0.7534 0.9401 0.0000
vt 0.7557 0.9405 0.0000
vt 0.7542 0.9442 0.0000
vt 0.7357 0.9520 0.0000
vt 0.7358 0.9546 0.0000
vt 0.7322 0.9540 0.0000
vt 0.7411 0.9531 0.0000
vt 0.7387 0.9525 0.0000
vt 0.7386 0.9509 0.0000
vt 0.7409 0.9517 0.0000
vt 0.7584 0.9379 0.0000
vt 0.7578 0.9409 0.0000
vt 0.7562 0.9374 0.0000
vt 0.7612 0.9489 0.0000
vt 0.7640 0.9484 0.0000
vt 0.7657 0.9502 0.0000
vt 0.7639 0.9516 0.0000
vt 0.7524 0.9475 0.0000
vt 0.7501 0.9500 0.0000
vt 0.7632 0.9543 0.0000
vt 0.7594 0.9569 0.0000
vt 0.7574 0.9549 0.0000
vt 0.7609 0.9528 0.0000
vt 0.7698 0.9485 0.0000
vt 0.7677 0.9475 0.0000
vt 0.7622 0.9595 0.0000
vt 0.7341 0.9606 0.0000
vt 0.7494 0.9575 0.0000
vt 0.7272 0.9526 0.0000
vt 0.7429 0.9535 0.0000
vt 0.7440 0.9535 0.0000
vt 0.7449 0.9549 0.0000
vt 0.7435 0.9553 0.0000
vt 0.7415 0.9553 0.0000
vt 0.7388 0.9549 0.0000
vt 0.7351 0.9577 0.0000
vt 0.7315 0.9570 0.0000
vt 0.7479 0.9522 0.0000
vt 0.7462 0.9538 0.0000
vt 0.7450 0.9526 0.0000
vt 0.7461 0.9512 0.0000
vt 0.7356 0.9501 0.0000
vt 0.7325 0.9471 0.0000
vt 0.7362 0.9487 0.0000
vt 0.7457 0.9471 0.0000
vt 0.7447 0.9491 0.0000
vt 0.7435 0.9507 0.0000
vt 0.7447 0.9507 0.0000
vt 0.7488 0.9642 0.0000
vt 0.7501 0.9675 0.0000
vt 0.7523 0.9717 0.0000
vt 0.7477 0.9743 0.0000
vt 0.7459 0.9700 0.0000
vt 0.7439 0.9577 0.0000
vt 0.7416 0.9580 0.0000
vt 0.7511 0.9400 0.0000
vt 0.7493 0.9437 0.0000
vt 0.7470 0.9442 0.0000
vt 0.7485 0.9400 0.0000
vt 0.7388 0.9498 0.0000
vt 0.7407 0.9510 0.0000
vt 0.7528 0.9513 0.0000
vt 0.7501 0.9538 0.0000
vt 0.7553 0.9529 0.0000
vt 0.7588 0.9500 0.0000
vt 0.7196 0.9641 0.0000
vt 0.7270 0.9555 0.0000
vt 0.7458 0.9569 0.0000
vt 0.7386 0.9580 0.0000
vt 0.7568 0.9447 0.0000
vt 0.7555 0.9485 0.0000
vt 0.7521 0.9554 0.0000
vt 0.7303 0.9597 0.0000
vt 0.7478 0.9555 0.0000
vt 0.7617 0.9385 0.0000
vt 0.7616 0.9419 0.0000
vt 0.7606 0.9413 0.0000
vt 0.7609 0.9384 0.0000
vt 0.7663 0.9561 0.0000
vt 0.7707 0.9533 0.0000
vt 0.7675 0.9521 0.0000
vt 0.7595 0.9411 0.0000
vt 0.7604 0.9445 0.0000
vt 0.7590 0.9449 0.0000
vt 0.7661 0.9389 0.0000
vt 0.7657 0.9421 0.0000
vt 0.7514 0.9362 0.0000
vt 0.7537 0.9369 0.0000
vt 0.7224 0.9486 0.0000
vt 0.7220 0.9514 0.0000
vt 0.7491 0.9356 0.0000
vt 0.7216 0.9541 0.0000
vt 0.7602 0.9383 0.0000
vt 0.7427 0.9762 0.0000
vt 0.7413 0.9717 0.0000
vt 0.7285 0.9758 0.0000
vt 0.7233 0.9748 0.0000
vt 0.7234 0.9695 0.0000
vt 0.7279 0.9710 0.0000
vt 0.7333 0.9763 0.0000
vt 0.7320 0.9719 0.0000
vt 0.7362 0.9723 0.0000
vt 0.7382 0.9771 0.0000
vt 0.7177 0.9737 0.0000
vt 0.7187 0.9685 0.0000
vt 0.7740 0.9462 0.0000
vt 0.7662 0.9467 0.0000
vt 0.7677 0.9506 0.0000
vt 0.7718 0.9499 0.0000
vt 0.7627 0.9413 0.0000
vt 0.7625 0.9387 0.0000
vt 0.7646 0.9415 0.0000
vt 0.7647 0.9388 0.0000
vt 0.7625 0.9466 0.0000
vt 0.7643 0.9469 0.0000
vt 0.7635 0.9458 0.0000
vt 0.7643 0.9459 0.0000
vt 0.7616 0.9445 0.0000
vt 0.7660 0.9442 0.0000
vt 0.7656 0.9460 0.0000
vt 0.7652 0.9432 0.0000
vt 0.7646 0.9426 0.0000
vt 0.7635 0.9387 0.0000
vt 0.7637 0.9413 0.0000
vt 0.7629 0.9447 0.0000
vt 0.7438 0.9519 0.0000
vt 0.7424 0.9523 0.0000
vt 0.7428 0.9523 0.0000
vt 0.7638 0.9425 0.0000
vt 0.7632 0.9427 0.0000
vt 0.8096 0.9576 0.0000
vt 0.8114 0.9648 0.0000
vt 0.8103 0.9462 0.0000
vt 0.8074 0.9425 0.0000
vt 0.8104 0.9426 0.0000
vt 0.8159 0.9427 0.0000
vt 0.8215 0.9429 0.0000
vt 0.8270 0.9431 0.0000
vt 0.8199 0.9731 0.0000
vt 0.8232 0.9740 0.0000
vt 0.7228 0.9437 0.0000
vt 0.7283 0.9448 0.0000
vt 0.7374 0.9485 0.0000
vt 0.7335 0.9466 0.0000
vt 0.7447 0.9474 0.0000
vt 0.7438 0.9494 0.0000
vt 0.7428 0.9509 0.0000
vt 0.7461 0.9445 0.0000
vt 0.7475 0.9401 0.0000
vt 0.7398 0.9496 0.0000
vt 0.7415 0.9509 0.0000
vt 0.7482 0.9353 0.0000
vt 0.7424 0.9514 0.0000
vt 0.7423 0.9514 0.0000
vt 0.7979 0.9741 0.0000
vt 0.7979 0.9710 0.0000
vt 0.7974 0.9761 0.0000
vt 0.7814 0.9735 0.0000
vt 0.7806 0.9729 0.0000
vt 0.7922 0.9595 0.0000
vt 0.7948 0.9624 0.0000
vt 0.7803 0.9610 0.0000
vt 0.7789 0.9638 0.0000
vt 0.7969 0.9668 0.0000
vt 0.7897 0.9572 0.0000
vt 0.7823 0.9588 0.0000
vt 0.7843 0.9569 0.0000
vt 0.7786 0.9667 0.0000
vt 0.7875 0.9556 0.0000
vt 0.7859 0.9558 0.0000
vt 0.7969 0.9776 0.0000
vt 0.7946 0.9675 0.0000
vt 0.7939 0.9680 0.0000
vt 0.7921 0.9643 0.0000
vt 0.7927 0.9640 0.0000
vt 0.7870 0.9571 0.0000
vt 0.7868 0.9575 0.0000
vt 0.7861 0.9575 0.0000
vt 0.7860 0.9572 0.0000
vt 0.7818 0.9693 0.0000
vt 0.7819 0.9703 0.0000
vt 0.7815 0.9705 0.0000
vt 0.7811 0.9693 0.0000
vt 0.7958 0.9752 0.0000
vt 0.7955 0.9749 0.0000
vt 0.7955 0.9744 0.0000
vt 0.7958 0.9746 0.0000
vt 0.7883 0.9596 0.0000
vt 0.7887 0.9591 0.0000
vt 0.7820 0.9670 0.0000
vt 0.7811 0.9668 0.0000
vt 0.7815 0.9646 0.0000
vt 0.7824 0.9649 0.0000
vt 0.7852 0.9587 0.0000
vt 0.7856 0.9593 0.0000
vt 0.7949 0.9714 0.0000
vt 0.7955 0.9712 0.0000
vt 0.7958 0.9733 0.0000
vt 0.7954 0.9733 0.0000
vt 0.7821 0.9715 0.0000
vt 0.7820 0.9717 0.0000
vt 0.7817 0.9712 0.0000
vt 0.7820 0.9710 0.0000
vt 0.7900 0.9614 0.0000
vt 0.7905 0.9611 0.0000
vt 0.7841 0.9599 0.0000
vt 0.7845 0.9604 0.0000
vt 0.7833 0.9623 0.0000
vt 0.7826 0.9620 0.0000
vt 0.7627 0.9433 0.0000
vt 0.7654 0.9443 0.0000
vt 0.7651 0.9456 0.0000
vt 0.7848 0.9627 0.0000
vt 0.7857 0.9611 0.0000
vt 0.7841 0.9651 0.0000
vt 0.7838 0.9672 0.0000
vt 0.7835 0.9696 0.0000
vt 0.7833 0.9708 0.0000
vt 0.7833 0.9721 0.0000
vt 0.7884 0.9625 0.0000
vt 0.7874 0.9611 0.0000
vt 0.7879 0.9601 0.0000
vt 0.7947 0.9762 0.0000
vt 0.7943 0.9756 0.0000
vt 0.7860 0.9597 0.0000
vt 0.7860 0.9611 0.0000
vt 0.7830 0.9728 0.0000
vt 0.7916 0.9693 0.0000
vt 0.7901 0.9652 0.0000
vt 0.7936 0.9744 0.0000
vt 0.7928 0.9726 0.0000
vt 0.7868 0.9577 0.0000
vt 0.7862 0.9577 0.0000
vt 0.7865 0.9597 0.0000
vt 0.7864 0.9608 0.0000
vt 0.7864 0.9580 0.0000
vt 0.7867 0.9581 0.0000
vt 0.7871 0.9598 0.0000
vt 0.7868 0.9608 0.0000
vt 0.7869 0.9621 0.0000
vt 0.7864 0.9622 0.0000
vt 0.8023 0.9341 0.0000
vt 0.8069 0.9267 0.0000
vt 0.8091 0.9272 0.0000
vt 0.8054 0.9346 0.0000
vt 0.8103 0.9200 0.0000
vt 0.8117 0.9133 0.0000
vt 0.8134 0.9136 0.0000
vt 0.8121 0.9202 0.0000
vt 0.8096 0.8974 0.0000
vt 0.8127 0.8950 0.0000
vt 0.8144 0.9016 0.0000
vt 0.8108 0.9017 0.0000
vt 0.8062 0.9189 0.0000
vt 0.8031 0.9250 0.0000
vt 0.7875 0.9374 0.0000
vt 0.7918 0.9373 0.0000
vt 0.7959 0.9367 0.0000
vt 0.7866 0.9332 0.0000
vt 0.7910 0.9340 0.0000
vt 0.7803 0.9065 0.0000
vt 0.7785 0.9106 0.0000
vt 0.7747 0.9086 0.0000
vt 0.7771 0.9043 0.0000
vt 0.7827 0.8975 0.0000
vt 0.7862 0.8955 0.0000
vt 0.7872 0.8988 0.0000
vt 0.7847 0.9003 0.0000
vt 0.8068 0.9000 0.0000
vt 0.8077 0.9030 0.0000
vt 0.8113 0.9070 0.0000
vt 0.8078 0.9076 0.0000
vt 0.7949 0.9336 0.0000
vt 0.8077 0.9129 0.0000
vt 0.8166 0.9069 0.0000
vt 0.8154 0.9083 0.0000
vt 0.8136 0.9070 0.0000
vt 0.8140 0.9279 0.0000
vt 0.8182 0.9281 0.0000
vt 0.8169 0.9350 0.0000
vt 0.8117 0.9352 0.0000
vt 0.8193 0.9207 0.0000
vt 0.8159 0.9207 0.0000
vt 0.8169 0.9136 0.0000
vt 0.8195 0.9133 0.0000
vt 0.8151 0.9137 0.0000
vt 0.7798 0.9005 0.0000
vt 0.7757 0.8977 0.0000
vt 0.7797 0.8944 0.0000
vt 0.8190 0.9066 0.0000
vt 0.8186 0.9010 0.0000
vt 0.8225 0.9060 0.0000
vt 0.8212 0.9080 0.0000
vt 0.8269 0.9276 0.0000
vt 0.8226 0.9280 0.0000
vt 0.8227 0.9206 0.0000
vt 0.8260 0.9202 0.0000
vt 0.7991 0.9305 0.0000
vt 0.8077 0.9387 0.0000
vt 0.8048 0.9386 0.0000
vt 0.8084 0.9350 0.0000
vt 0.8271 0.9391 0.0000
vt 0.8217 0.9392 0.0000
vt 0.8221 0.9347 0.0000
vt 0.8271 0.9343 0.0000
vt 0.7724 0.9016 0.0000
vt 0.7843 0.9049 0.0000
vt 0.7825 0.9081 0.0000
vt 0.7825 0.9029 0.0000
vt 0.8162 0.8928 0.0000
vt 0.7830 0.8880 0.0000
vt 0.7850 0.8918 0.0000
vt 0.7757 0.8913 0.0000
vt 0.7669 0.8989 0.0000
vt 0.7697 0.9056 0.0000
vt 0.7644 0.9030 0.0000
vt 0.8163 0.9391 0.0000
vt 0.7706 0.8949 0.0000
vt 0.8045 0.9132 0.0000
vt 0.8050 0.9088 0.0000
vt 0.8050 0.9051 0.0000
vt 0.7878 0.9020 0.0000
vt 0.7861 0.9029 0.0000
vt 0.8006 0.9234 0.0000
vt 0.7972 0.9280 0.0000
vt 0.7811 0.9203 0.0000
vt 0.7783 0.9207 0.0000
vt 0.7776 0.9155 0.0000
vt 0.7806 0.9160 0.0000
vt 0.8031 0.9183 0.0000
vt 0.7939 0.9306 0.0000
vt 0.7903 0.9316 0.0000
vt 0.7875 0.9305 0.0000
vt 0.7827 0.9243 0.0000
vt 0.7805 0.9250 0.0000
vt 0.8044 0.9025 0.0000
vt 0.7811 0.9119 0.0000
vt 0.7852 0.9277 0.0000
vt 0.7836 0.9290 0.0000
vt 0.7989 0.9170 0.0000
vt 0.7967 0.9206 0.0000
vt 0.7958 0.9201 0.0000
vt 0.7979 0.9165 0.0000
vt 0.8029 0.9136 0.0000
vt 0.8033 0.9096 0.0000
vt 0.8033 0.9065 0.0000
vt 0.7887 0.9267 0.0000
vt 0.7888 0.9263 0.0000
vt 0.7897 0.9265 0.0000
vt 0.7897 0.9270 0.0000
vt 0.7873 0.9092 0.0000
vt 0.7878 0.9099 0.0000
vt 0.7872 0.9112 0.0000
vt 0.7865 0.9109 0.0000
vt 0.7883 0.9042 0.0000
vt 0.7870 0.9049 0.0000
vt 0.7990 0.9224 0.0000
vt 0.7959 0.9258 0.0000
vt 0.8005 0.9078 0.0000
vt 0.8009 0.9090 0.0000
vt 0.8000 0.9095 0.0000
vt 0.7999 0.9084 0.0000
vt 0.7825 0.9163 0.0000
vt 0.7831 0.9199 0.0000
vt 0.7917 0.9251 0.0000
vt 0.7920 0.9256 0.0000
vt 0.8013 0.9179 0.0000
vt 0.7928 0.9280 0.0000
vt 0.7851 0.9165 0.0000
vt 0.7855 0.9136 0.0000
vt 0.7863 0.9138 0.0000
vt 0.7860 0.9165 0.0000
vt 0.7878 0.9248 0.0000
vt 0.7881 0.9242 0.0000
vt 0.7845 0.9233 0.0000
vt 0.7865 0.9263 0.0000
vt 0.7841 0.9094 0.0000
vt 0.7829 0.9127 0.0000
vt 0.7856 0.9067 0.0000
vt 0.8005 0.9132 0.0000
vt 0.7993 0.9127 0.0000
vt 0.7999 0.9108 0.0000
vt 0.8011 0.9106 0.0000
vt 0.7891 0.9074 0.0000
vt 0.7891 0.9082 0.0000
vt 0.7884 0.9089 0.0000
vt 0.7882 0.9081 0.0000
vt 0.7943 0.9236 0.0000
vt 0.7937 0.9230 0.0000
vt 0.7865 0.9227 0.0000
vt 0.7871 0.9224 0.0000
vt 0.7855 0.9197 0.0000
vt 0.7863 0.9196 0.0000
vt 0.8021 0.9137 0.0000
vt 0.8024 0.9101 0.0000
vt 0.8024 0.9074 0.0000
vt 0.7901 0.9292 0.0000
vt 0.7883 0.9286 0.0000
vt 0.7886 0.9054 0.0000
vt 0.7875 0.9060 0.0000
vt 0.7953 0.9250 0.0000
vt 0.7983 0.9218 0.0000
vt 0.8028 0.9044 0.0000
vt 0.7834 0.9164 0.0000
vt 0.7839 0.9198 0.0000
vt 0.8004 0.9177 0.0000
vt 0.7924 0.9270 0.0000
vt 0.7852 0.9231 0.0000
vt 0.7870 0.9258 0.0000
vt 0.7850 0.9100 0.0000
vt 0.7839 0.9131 0.0000
vt 0.7864 0.9077 0.0000
vt 0.7899 0.9283 0.0000
vt 0.7884 0.9279 0.0000
vt 0.7869 0.9085 0.0000
vt 0.7857 0.9105 0.0000
vt 0.8019 0.9056 0.0000
vt 0.7705 0.9369 0.0000
vt 0.7683 0.9367 0.0000
vt 0.7681 0.9339 0.0000
vt 0.7702 0.9337 0.0000
vt 0.7830 0.9376 0.0000
vt 0.7791 0.9375 0.0000
vt 0.7787 0.9339 0.0000
vt 0.7824 0.9338 0.0000
vt 0.7729 0.9369 0.0000
vt 0.7756 0.9370 0.0000
vt 0.7025 0.9581 0.0000
vt 0.7014 0.9616 0.0000
vt 0.6974 0.9583 0.0000
vt 0.6993 0.9554 0.0000
vt 0.7056 0.9634 0.0000
vt 0.7065 0.9597 0.0000
vt 0.7109 0.9600 0.0000
vt 0.7100 0.9639 0.0000
vt 0.7156 0.9600 0.0000
vt 0.7149 0.9637 0.0000
vt 0.7774 0.9254 0.0000
vt 0.7746 0.9207 0.0000
vt 0.7719 0.9146 0.0000
vt 0.6965 0.9523 0.0000
vt 0.6943 0.9544 0.0000
vt 0.7600 0.9177 0.0000
vt 0.7572 0.9149 0.0000
vt 0.7583 0.9126 0.0000
vt 0.7618 0.9158 0.0000
vt 0.7596 0.9099 0.0000
vt 0.7618 0.9063 0.0000
vt 0.7665 0.9101 0.0000
vt 0.7638 0.9133 0.0000
vt 0.7729 0.9335 0.0000
vt 0.7806 0.9294 0.0000
vt 0.7772 0.9292 0.0000
vt 0.7158 0.9568 0.0000
vt 0.6986 0.9505 0.0000
vt 0.6950 0.9487 0.0000
vt 0.6976 0.9479 0.0000
vt 0.7177 0.9458 0.0000
vt 0.7177 0.9441 0.0000
vt 0.7128 0.9484 0.0000
vt 0.7131 0.9462 0.0000
vt 0.7175 0.9483 0.0000
vt 0.7007 0.9529 0.0000
vt 0.7035 0.9550 0.0000
vt 0.7520 0.9232 0.0000
vt 0.7536 0.9237 0.0000
vt 0.7541 0.9262 0.0000
vt 0.7523 0.9255 0.0000
vt 0.7571 0.9304 0.0000
vt 0.7569 0.9343 0.0000
vt 0.7547 0.9337 0.0000
vt 0.7545 0.9298 0.0000
vt 0.7093 0.9482 0.0000
vt 0.7117 0.9512 0.0000
vt 0.7083 0.9506 0.0000
vt 0.7052 0.9465 0.0000
vt 0.7072 0.9463 0.0000
vt 0.7067 0.9478 0.0000
vt 0.7047 0.9475 0.0000
vt 0.7589 0.9348 0.0000
vt 0.7670 0.9293 0.0000
vt 0.7645 0.9280 0.0000
vt 0.7676 0.9259 0.0000
vt 0.7690 0.9277 0.0000
vt 0.7556 0.9237 0.0000
vt 0.7567 0.9268 0.0000
vt 0.7678 0.9229 0.0000
vt 0.7654 0.9239 0.0000
vt 0.7627 0.9209 0.0000
vt 0.7648 0.9193 0.0000
vt 0.7702 0.9309 0.0000
vt 0.7721 0.9303 0.0000
vt 0.7677 0.9173 0.0000
vt 0.7071 0.9564 0.0000
vt 0.7560 0.9168 0.0000
vt 0.7535 0.9152 0.0000
vt 0.7538 0.9131 0.0000
vt 0.7167 0.9512 0.0000
vt 0.7031 0.9467 0.0000
vt 0.7034 0.9472 0.0000
vt 0.7023 0.9480 0.0000
vt 0.7018 0.9469 0.0000
vt 0.7057 0.9499 0.0000
vt 0.7035 0.9490 0.0000
vt 0.7112 0.9541 0.0000
vt 0.7075 0.9535 0.0000
vt 0.7545 0.9212 0.0000
vt 0.7530 0.9216 0.0000
vt 0.7526 0.9201 0.0000
vt 0.7536 0.9195 0.0000
vt 0.7098 0.9464 0.0000
vt 0.7095 0.9449 0.0000
vt 0.7131 0.9444 0.0000
vt 0.7508 0.9243 0.0000
vt 0.7510 0.9224 0.0000
vt 0.7518 0.9213 0.0000
vt 0.7511 0.9206 0.0000
vt 0.6923 0.9498 0.0000
vt 0.6871 0.9588 0.0000
vt 0.6842 0.9524 0.0000
vt 0.6889 0.9513 0.0000
vt 0.6911 0.9568 0.0000
vt 0.7020 0.9508 0.0000
vt 0.7004 0.9491 0.0000
vt 0.7503 0.9314 0.0000
vt 0.7507 0.9272 0.0000
vt 0.7525 0.9288 0.0000
vt 0.7526 0.9328 0.0000
vt 0.7071 0.9453 0.0000
vt 0.7054 0.9458 0.0000
vt 0.7564 0.9204 0.0000
vt 0.7582 0.9233 0.0000
vt 0.7628 0.9262 0.0000
vt 0.7606 0.9224 0.0000
vt 0.7159 0.9540 0.0000
vt 0.6999 0.9473 0.0000
vt 0.7044 0.9523 0.0000
vt 0.7597 0.9268 0.0000
vt 0.7595 0.9309 0.0000
vt 0.7583 0.9192 0.0000
vt 0.7112 0.9569 0.0000
vt 0.7548 0.9183 0.0000
vt 0.7614 0.9354 0.0000
vt 0.7626 0.9352 0.0000
vt 0.7709 0.9216 0.0000
vt 0.7742 0.9256 0.0000
vt 0.7710 0.9262 0.0000
vt 0.7606 0.9353 0.0000
vt 0.7616 0.9314 0.0000
vt 0.7625 0.9324 0.0000
vt 0.7663 0.9360 0.0000
vt 0.6946 0.9615 0.0000
vt 0.6906 0.9643 0.0000
vt 0.7118 0.9730 0.0000
vt 0.7059 0.9719 0.0000
vt 0.7086 0.9680 0.0000
vt 0.7138 0.9681 0.0000
vt 0.6946 0.9680 0.0000
vt 0.6993 0.9651 0.0000
vt 0.7038 0.9670 0.0000
vt 0.7004 0.9702 0.0000
vt 0.7755 0.9335 0.0000
vt 0.7682 0.9316 0.0000
vt 0.7708 0.9277 0.0000
vt 0.7744 0.9293 0.0000
vt 0.7631 0.9361 0.0000
vt 0.7649 0.9365 0.0000
vt 0.7666 0.9310 0.0000
vt 0.7649 0.9309 0.0000
vt 0.7663 0.9318 0.0000
vt 0.7654 0.9319 0.0000
vt 0.7636 0.9328 0.0000
vt 0.7671 0.9339 0.0000
vt 0.7674 0.9321 0.0000
vt 0.7649 0.9353 0.0000
vt 0.7658 0.9347 0.0000
vt 0.7639 0.9365 0.0000
vt 0.7646 0.9329 0.0000
vt 0.7540 0.9107 0.0000
vt 0.7564 0.9033 0.0000
vt 0.7545 0.9075 0.0000
vt 0.7531 0.9170 0.0000
vt 0.7526 0.9184 0.0000
vt 0.7521 0.9192 0.0000
vt 0.7521 0.9202 0.0000
vt 0.7039 0.9466 0.0000
vt 0.7519 0.9196 0.0000
vt 0.7038 0.9466 0.0000
vt 0.7640 0.9350 0.0000
vt 0.7643 0.9354 0.0000
vt 0.8113 0.9276 0.0000
vt 0.8138 0.9204 0.0000
vt 0.8108 0.9390 0.0000
vt 0.8220 0.9131 0.0000
vt 0.8245 0.9124 0.0000
vt 0.7173 0.9432 0.0000
vt 0.7085 0.9444 0.0000
vt 0.7122 0.9438 0.0000
vt 0.7501 0.9236 0.0000
vt 0.7502 0.9217 0.0000
vt 0.7505 0.9200 0.0000
vt 0.7495 0.9308 0.0000
vt 0.7500 0.9265 0.0000
vt 0.7063 0.9448 0.0000
vt 0.7046 0.9453 0.0000
vt 0.7508 0.9191 0.0000
vt 0.7037 0.9456 0.0000
vt 0.7035 0.9456 0.0000
vt 0.8015 0.9136 0.0000
vt 0.8018 0.9104 0.0000
vt 0.8017 0.9082 0.0000
vt 0.7888 0.9062 0.0000
vt 0.7879 0.9071 0.0000
vt 0.7949 0.9241 0.0000
vt 0.7976 0.9211 0.0000
vt 0.7847 0.9198 0.0000
vt 0.7843 0.9165 0.0000
vt 0.7998 0.9174 0.0000
vt 0.7922 0.9261 0.0000
vt 0.7858 0.9229 0.0000
vt 0.7874 0.9253 0.0000
vt 0.7847 0.9134 0.0000
vt 0.7886 0.9271 0.0000
vt 0.7898 0.9275 0.0000
vt 0.8013 0.9066 0.0000
vt 0.7965 0.9157 0.0000
vt 0.7970 0.9160 0.0000
vt 0.7951 0.9195 0.0000
vt 0.7945 0.9191 0.0000
vt 0.7890 0.9259 0.0000
vt 0.7891 0.9254 0.0000
vt 0.7896 0.9255 0.0000
vt 0.7897 0.9261 0.0000
vt 0.7884 0.9116 0.0000
vt 0.7878 0.9115 0.0000
vt 0.7883 0.9103 0.0000
vt 0.7887 0.9105 0.0000
vt 0.7989 0.9094 0.0000
vt 0.7992 0.9090 0.0000
vt 0.7992 0.9098 0.0000
vt 0.7987 0.9098 0.0000
vt 0.7910 0.9239 0.0000
vt 0.7914 0.9244 0.0000
vt 0.7868 0.9165 0.0000
vt 0.7872 0.9139 0.0000
vt 0.7879 0.9141 0.0000
vt 0.7877 0.9165 0.0000
vt 0.7884 0.9238 0.0000
vt 0.7888 0.9233 0.0000
vt 0.7989 0.9108 0.0000
vt 0.7984 0.9125 0.0000
vt 0.7980 0.9124 0.0000
vt 0.7985 0.9107 0.0000
vt 0.7890 0.9090 0.0000
vt 0.7891 0.9094 0.0000
vt 0.7890 0.9098 0.0000
vt 0.7886 0.9096 0.0000
vt 0.7930 0.9224 0.0000
vt 0.7924 0.9221 0.0000
vt 0.7883 0.9219 0.0000
vt 0.7877 0.9222 0.0000
vt 0.7878 0.9193 0.0000
vt 0.7870 0.9194 0.0000
vt 0.7639 0.9342 0.0000
vt 0.7664 0.9334 0.0000
vt 0.7667 0.9323 0.0000
vt 0.7888 0.9191 0.0000
vt 0.7892 0.9217 0.0000
vt 0.7887 0.9162 0.0000
vt 0.7892 0.9136 0.0000
vt 0.7897 0.9111 0.0000
vt 0.7899 0.9094 0.0000
vt 0.7898 0.9103 0.0000
vt 0.7918 0.9218 0.0000
vt 0.7908 0.9238 0.0000
vt 0.7907 0.9234 0.0000
vt 0.7980 0.9092 0.0000
vt 0.7983 0.9087 0.0000
vt 0.7891 0.9232 0.0000
vt 0.7894 0.9226 0.0000
vt 0.7898 0.9088 0.0000
vt 0.7940 0.9186 0.0000
vt 0.7955 0.9153 0.0000
vt 0.7978 0.9099 0.0000
vt 0.7970 0.9122 0.0000
vt 0.7892 0.9252 0.0000
vt 0.7896 0.9254 0.0000
vt 0.7896 0.9233 0.0000
vt 0.7896 0.9236 0.0000
vt 0.7895 0.9248 0.0000
vt 0.7897 0.9249 0.0000
vt 0.7901 0.9237 0.0000
vt 0.7900 0.9234 0.0000
vt 0.7906 0.9216 0.0000
vt 0.7903 0.9214 0.0000
vt 0.1854 0.5720 0.0000
vt 0.1950 0.5645 0.0000
vt 0.1994 0.5691 0.0000
vt 0.1934 0.5838 0.0000
vt 0.2047 0.5597 0.0000
vt 0.9080 0.4507 0.0000
vt 0.9084 0.4565 0.0000
vt 0.9038 0.4561 0.0000
vt 0.9032 0.4497 0.0000
vt 0.9056 0.3994 0.0000
vt 0.9102 0.3864 0.0000
vt 0.9205 0.3934 0.0000
vt 0.9130 0.4061 0.0000
vt 0.8944 0.4422 0.0000
vt 0.8991 0.4418 0.0000
vt 0.8987 0.4491 0.0000
vt 0.8936 0.4492 0.0000
vt 0.9031 0.4422 0.0000
vt 0.9034 0.4335 0.0000
vt 0.9073 0.4356 0.0000
vt 0.9073 0.4438 0.0000
vt 0.8724 0.3817 0.0000
vt 0.8676 0.3843 0.0000
vt 0.8621 0.3773 0.0000
vt 0.8657 0.3746 0.0000
vt 0.8711 0.3921 0.0000
vt 0.8788 0.3930 0.0000
vt 0.8786 0.4021 0.0000
vt 0.8721 0.3990 0.0000
vt 0.8702 0.4098 0.0000
vt 0.8718 0.4048 0.0000
vt 0.8775 0.4083 0.0000
vt 0.8756 0.4137 0.0000
vt 0.9129 0.4457 0.0000
vt 0.9119 0.4378 0.0000
vt 0.8950 0.4349 0.0000
vt 0.8996 0.4340 0.0000
vt 0.9094 0.4188 0.0000
vt 0.9137 0.4238 0.0000
vt 0.8989 0.4559 0.0000
vt 0.8934 0.4557 0.0000
vt 0.8941 0.4156 0.0000
vt 0.8911 0.4204 0.0000
vt 0.8840 0.4133 0.0000
vt 0.8861 0.4081 0.0000
vt 0.8985 0.4239 0.0000
vt 0.8943 0.4275 0.0000
vt 0.8903 0.4370 0.0000
vt 0.8898 0.4307 0.0000
vt 0.9039 0.4144 0.0000
vt 0.8960 0.4085 0.0000
vt 0.8983 0.3975 0.0000
vt 0.8884 0.4496 0.0000
vt 0.8894 0.4434 0.0000
vt 0.8871 0.4553 0.0000
vt 0.8877 0.4246 0.0000
vt 0.8819 0.4182 0.0000
vt 0.8862 0.3848 0.0000
vt 0.8816 0.3774 0.0000
vt 0.8924 0.3918 0.0000
vt 0.8885 0.4010 0.0000
vt 0.9136 0.4522 0.0000
vt 0.9175 0.4120 0.0000
vt 0.9256 0.4009 0.0000
vt 0.9304 0.3880 0.0000
vt 0.9345 0.3923 0.0000
vt 0.9394 0.3807 0.0000
vt 0.9439 0.3837 0.0000
vt 0.9133 0.4568 0.0000
vt 0.9490 0.3732 0.0000
vt 0.9529 0.3756 0.0000
vt 0.8844 0.4453 0.0000
vt 0.8829 0.4503 0.0000
vt 0.8853 0.4400 0.0000
vt 0.8821 0.4551 0.0000
vt 0.8740 0.4178 0.0000
vt 0.8795 0.4228 0.0000
vt 0.8686 0.4145 0.0000
vt 0.8838 0.4289 0.0000
vt 0.8859 0.4343 0.0000
vt 0.8724 0.3745 0.0000
vt 0.8669 0.3701 0.0000
vt 0.8792 0.3712 0.0000
vt 0.9045 0.4626 0.0000
vt 0.9091 0.4622 0.0000
vt 0.9013 0.5199 0.0000
vt 0.9110 0.5138 0.0000
vt 0.9182 0.5251 0.0000
vt 0.9061 0.5285 0.0000
vt 0.8996 0.4626 0.0000
vt 0.9004 0.4701 0.0000
vt 0.8944 0.4695 0.0000
vt 0.8936 0.4622 0.0000
vt 0.9097 0.4685 0.0000
vt 0.9098 0.4764 0.0000
vt 0.9052 0.4785 0.0000
vt 0.9053 0.4698 0.0000
vt 0.8650 0.5259 0.0000
vt 0.8570 0.5308 0.0000
vt 0.8530 0.5285 0.0000
vt 0.8605 0.5225 0.0000
vt 0.8730 0.5161 0.0000
vt 0.8653 0.5160 0.0000
vt 0.8672 0.5097 0.0000
vt 0.8740 0.5073 0.0000
vt 0.8664 0.4990 0.0000
vt 0.8722 0.4957 0.0000
vt 0.8735 0.5011 0.0000
vt 0.8675 0.5041 0.0000
vt 0.9154 0.4662 0.0000
vt 0.9159 0.4734 0.0000
vt 0.8945 0.4770 0.0000
vt 0.9003 0.4784 0.0000
vt 0.9146 0.4828 0.0000
vt 0.9085 0.4858 0.0000
vt 0.8738 0.5339 0.0000
vt 0.8796 0.5265 0.0000
vt 0.8818 0.5305 0.0000
vt 0.8762 0.5385 0.0000
vt 0.9011 0.5087 0.0000
vt 0.8930 0.5197 0.0000
vt 0.8934 0.5136 0.0000
vt 0.9084 0.5034 0.0000
vt 0.9009 0.4997 0.0000
vt 0.8939 0.5065 0.0000
vt 0.8863 0.5193 0.0000
vt 0.8874 0.5237 0.0000
vt 0.8910 0.4950 0.0000
vt 0.8820 0.5022 0.0000
vt 0.8806 0.4969 0.0000
vt 0.8881 0.4905 0.0000
vt 0.8926 0.4843 0.0000
vt 0.8969 0.4873 0.0000
vt 0.8893 0.4743 0.0000
vt 0.8883 0.4805 0.0000
vt 0.8931 0.4997 0.0000
vt 0.9011 0.4901 0.0000
vt 0.9074 0.4945 0.0000
vt 0.8881 0.4612 0.0000
vt 0.8887 0.4676 0.0000
vt 0.8790 0.4919 0.0000
vt 0.8854 0.4861 0.0000
vt 0.8704 0.5293 0.0000
vt 0.8768 0.5217 0.0000
vt 0.8848 0.5140 0.0000
vt 0.8831 0.5082 0.0000
vt 0.9139 0.4613 0.0000
vt 0.9147 0.4919 0.0000
vt 0.9476 0.5387 0.0000
vt 0.9337 0.5335 0.0000
vt 0.9362 0.5267 0.0000
vt 0.9479 0.5338 0.0000
vt 0.9195 0.5098 0.0000
vt 0.9257 0.5179 0.0000
vt 0.9167 0.5012 0.0000
vt 0.8837 0.4651 0.0000
vt 0.8827 0.4599 0.0000
vt 0.8843 0.4706 0.0000
vt 0.8710 0.4915 0.0000
vt 0.8771 0.4871 0.0000
vt 0.8653 0.4944 0.0000
vt 0.8820 0.4816 0.0000
vt 0.8845 0.4764 0.0000
vt 0.8658 0.5343 0.0000
vt 0.8692 0.5398 0.0000
vt 0.8633 0.5314 0.0000
vt 0.8575 0.5341 0.0000
vt 0.8724 0.5466 0.0000
vt 0.9235 0.3832 0.0000
vt 0.9123 0.3774 0.0000
vt 0.9292 0.3838 0.0000
vt 0.9209 0.4477 0.0000
vt 0.9186 0.4402 0.0000
vt 0.9191 0.4279 0.0000
vt 0.9217 0.4167 0.0000
vt 0.9389 0.3965 0.0000
vt 0.9290 0.4060 0.0000
vt 0.9308 0.5134 0.0000
vt 0.9390 0.5216 0.0000
vt 0.9249 0.5075 0.0000
vt 0.9216 0.4900 0.0000
vt 0.9214 0.4803 0.0000
vt 0.8595 0.5371 0.0000
vt 0.8629 0.5440 0.0000
vt 0.8674 0.5556 0.0000
vt 0.8689 0.3680 0.0000
vt 0.8741 0.3650 0.0000
vt 0.9490 0.5289 0.0000
vt 0.9575 0.3777 0.0000
vt 0.9487 0.3867 0.0000
vt 0.9330 0.3762 0.0000
vt 0.9366 0.3783 0.0000
vt 0.9069 0.5357 0.0000
vt 0.9189 0.5336 0.0000
vt 0.9192 0.5403 0.0000
vt 0.9055 0.5444 0.0000
vt 0.9337 0.5375 0.0000
vt 0.9348 0.5438 0.0000
vt 0.9478 0.5418 0.0000
vt 0.9488 0.5460 0.0000
vt 0.9464 0.3717 0.0000
vt 0.9434 0.3687 0.0000
vt 0.9250 0.5002 0.0000
vt 0.1768 0.9800 0.0000
vt 0.1738 0.9812 0.0000
vt 0.1686 0.9729 0.0000
vt 0.1718 0.9734 0.0000
vt 0.1685 0.9553 0.0000
vt 0.1733 0.9470 0.0000
vt 0.1753 0.9523 0.0000
vt 0.1710 0.9567 0.0000
vt 0.1844 0.9448 0.0000
vt 0.1855 0.9527 0.0000
vt 0.1671 0.9628 0.0000
vt 0.1701 0.9634 0.0000
vt 0.1787 0.9792 0.0000
vt 0.1740 0.9740 0.0000
vt 0.1714 0.9660 0.0000
vt 0.1722 0.9664 0.0000
vt 0.1739 0.9709 0.0000
vt 0.1742 0.9614 0.0000
vt 0.1745 0.9633 0.0000
vt 0.1741 0.9669 0.0000
vt 0.1729 0.9666 0.0000
vt 0.1746 0.9646 0.0000
vt 0.1757 0.9655 0.0000
vt 0.1755 0.9709 0.0000
vt 0.1748 0.9716 0.0000
vt 0.1811 0.9701 0.0000
vt 0.1796 0.9724 0.0000
vt 0.1783 0.9723 0.0000
vt 0.1799 0.9698 0.0000
vt 0.1807 0.9682 0.0000
vt 0.1820 0.9685 0.0000
vt 0.1890 0.9651 0.0000
vt 0.1881 0.9660 0.0000
vt 0.1842 0.9637 0.0000
vt 0.1848 0.9625 0.0000
vt 0.1828 0.9672 0.0000
vt 0.1832 0.9658 0.0000
vt 0.1854 0.9674 0.0000
vt 0.1840 0.9683 0.0000
vt 0.1918 0.9691 0.0000
vt 0.1927 0.9681 0.0000
vt 0.1944 0.9716 0.0000
vt 0.1932 0.9717 0.0000
vt 0.1895 0.9645 0.0000
vt 0.1933 0.9675 0.0000
vt 0.1947 0.9663 0.0000
vt 0.1970 0.9710 0.0000
vt 0.1964 0.9711 0.0000
vt 0.1941 0.9669 0.0000
vt 0.1901 0.9637 0.0000
vt 0.1907 0.9627 0.0000
vt 0.1955 0.9714 0.0000
vt 0.1852 0.9611 0.0000
vt 0.1860 0.9598 0.0000
vt 0.1791 0.9588 0.0000
vt 0.1794 0.9573 0.0000
vt 0.1799 0.9613 0.0000
vt 0.1799 0.9601 0.0000
vt 0.1851 0.9619 0.0000
vt 0.1773 0.9614 0.0000
vt 0.1774 0.9603 0.0000
vt 0.1743 0.9593 0.0000
vt 0.1749 0.9563 0.0000
vt 0.1786 0.9544 0.0000
vt 0.1809 0.9565 0.0000
vt 0.1863 0.9559 0.0000
vt 0.1908 0.9551 0.0000
vt 0.1919 0.9596 0.0000
vt 0.1954 0.9657 0.0000
vt 0.1913 0.9615 0.0000
vt 0.1964 0.9648 0.0000
vt 0.1865 0.9582 0.0000
vt 0.1807 0.9789 0.0000
vt 0.1768 0.9748 0.0000
vt 0.1856 0.9820 0.0000
vt 0.1860 0.9811 0.0000
vt 0.1821 0.9785 0.0000
vt 0.1867 0.9803 0.0000
vt 0.1832 0.9779 0.0000
vt 0.1871 0.9793 0.0000
vt 0.1841 0.9768 0.0000
vt 0.1872 0.9774 0.0000
vt 0.1872 0.9783 0.0000
vt 0.1837 0.9773 0.0000
vt 0.1856 0.9757 0.0000
vt 0.1835 0.9741 0.0000
vt 0.1852 0.9723 0.0000
vt 0.1875 0.9733 0.0000
vt 0.1805 0.9723 0.0000
vt 0.1820 0.9701 0.0000
vt 0.1830 0.9700 0.0000
vt 0.1816 0.9723 0.0000
vt 0.1811 0.9748 0.0000
vt 0.1804 0.9750 0.0000
vt 0.1902 0.9771 0.0000
vt 0.1898 0.9758 0.0000
vt 0.1921 0.9740 0.0000
vt 0.1930 0.9751 0.0000
vt 0.1905 0.9781 0.0000
vt 0.1785 0.9751 0.0000
vt 0.1797 0.9752 0.0000
vt 0.1913 0.9802 0.0000
vt 0.1908 0.9793 0.0000
vt 0.1950 0.9765 0.0000
vt 0.1958 0.9769 0.0000
vt 0.1962 0.9772 0.0000
vt 0.1917 0.9808 0.0000
vt 0.1976 0.9780 0.0000
vt 0.1924 0.9820 0.0000
vt 0.1974 0.9710 0.0000
vt 0.1983 0.9711 0.0000
vt 0.1939 0.9758 0.0000
vt 0.1769 0.9729 0.0000
vt 0.1843 0.9834 0.0000
vt 0.1997 0.9694 0.0000
vt 0.2000 0.9785 0.0000
vt 0.1930 0.9839 0.0000
vt 0.1841 0.9707 0.0000
vt 0.1830 0.9724 0.0000
vt 0.1869 0.9668 0.0000
vt 0.1896 0.9707 0.0000
vt 0.1873 0.9760 0.0000
vt 0.1848 0.9695 0.0000
vt 0.1863 0.9700 0.0000
vt 0.1837 0.9646 0.0000
vt 0.1776 0.9705 0.0000
vt 0.1769 0.9710 0.0000
vt 0.1787 0.9690 0.0000
vt 0.1793 0.9675 0.0000
vt 0.1775 0.9678 0.0000
vt 0.1773 0.9683 0.0000
vt 0.1768 0.9680 0.0000
vt 0.1772 0.9675 0.0000
vt 0.1770 0.9691 0.0000
vt 0.1766 0.9690 0.0000
vt 0.1798 0.9627 0.0000
vt 0.1771 0.9623 0.0000
vt 0.1799 0.9638 0.0000
vt 0.1803 0.9654 0.0000
vt 0.1810 0.9669 0.0000
vt 0.1786 0.9667 0.0000
vt 0.1762 0.9664 0.0000
vt 0.1751 0.9673 0.0000
vt 0.1759 0.9701 0.0000
vt 0.1762 0.9677 0.0000
vt 0.1767 0.9672 0.0000
vt 0.1762 0.9686 0.0000
vt 0.1829 0.9688 0.0000
vt 0.1964 0.9605 0.0000
vt 0.1809 0.9859 0.0000
vt 0.2018 0.9797 0.0000
vt 0.1909 0.9895 0.0000
vt 0.2020 0.9665 0.0000
vt 0.1997 0.9519 0.0000
vt 0.1919 0.9463 0.0000
vt 0.9708 0.7002 0.0000
vt 0.9705 0.6997 0.0000
vt 0.9714 0.6987 0.0000
vt 0.9721 0.6996 0.0000
vt 0.9700 0.6994 0.0000
vt 0.9704 0.6981 0.0000
vt 0.9694 0.6994 0.0000
vt 0.9692 0.6980 0.0000
vt 0.9689 0.6996 0.0000
vt 0.9682 0.6984 0.0000
vt 0.9685 0.7000 0.0000
vt 0.9673 0.6992 0.0000
vt 0.9682 0.7005 0.0000
vt 0.9669 0.7003 0.0000
vt 0.9683 0.7011 0.0000
vt 0.9669 0.7014 0.0000
vt 0.9685 0.7016 0.0000
vt 0.9674 0.7024 0.0000
vt 0.9683 0.7032 0.0000
vt 0.9689 0.7020 0.0000
vt 0.9695 0.7021 0.0000
vt 0.9694 0.7035 0.0000
vt 0.9701 0.7020 0.0000
vt 0.9705 0.7033 0.0000
vt 0.9706 0.7017 0.0000
vt 0.9715 0.7027 0.0000
vt 0.9709 0.7013 0.0000
vt 0.9721 0.7018 0.0000
vt 0.9710 0.7007 0.0000
vt 0.9723 0.7007 0.0000
vt 0.9722 0.6976 0.0000
vt 0.9733 0.6990 0.0000
vt 0.9707 0.6968 0.0000
vt 0.9690 0.6967 0.0000
vt 0.9674 0.6973 0.0000
vt 0.9662 0.6984 0.0000
vt 0.9656 0.7000 0.0000
vt 0.9656 0.7017 0.0000
vt 0.9663 0.7033 0.0000
vt 0.9676 0.7044 0.0000
vt 0.9693 0.7049 0.0000
vt 0.9710 0.7046 0.0000
vt 0.9724 0.7037 0.0000
vt 0.9734 0.7023 0.0000
vt 0.9737 0.7006 0.0000
vt 0.9732 0.6966 0.0000
vt 0.9746 0.6984 0.0000
vt 0.9712 0.6955 0.0000
vt 0.9689 0.6953 0.0000
vt 0.9667 0.6961 0.0000
vt 0.9651 0.6976 0.0000
vt 0.9642 0.6998 0.0000
vt 0.9643 0.7020 0.0000
vt 0.9652 0.7041 0.0000
vt 0.9670 0.7056 0.0000
vt 0.9692 0.7062 0.0000
vt 0.9714 0.7059 0.0000
vt 0.9734 0.7047 0.0000
vt 0.9747 0.7029 0.0000
vt 0.9751 0.7006 0.0000
vt 0.9741 0.6955 0.0000
vt 0.9758 0.6978 0.0000
vt 0.9716 0.6942 0.0000
vt 0.9687 0.6939 0.0000
vt 0.9660 0.6949 0.0000
vt 0.9639 0.6968 0.0000
vt 0.9628 0.6995 0.0000
vt 0.9629 0.7023 0.0000
vt 0.9641 0.7049 0.0000
vt 0.9663 0.7068 0.0000
vt 0.9690 0.7076 0.0000
vt 0.9719 0.7072 0.0000
vt 0.9743 0.7058 0.0000
vt 0.9759 0.7034 0.0000
vt 0.9765 0.7006 0.0000
vt 0.9750 0.6945 0.0000
vt 0.9771 0.6973 0.0000
vt 0.9720 0.6928 0.0000
vt 0.9686 0.6925 0.0000
vt 0.9653 0.6936 0.0000
vt 0.9628 0.6960 0.0000
vt 0.9614 0.6992 0.0000
vt 0.9615 0.7026 0.0000
vt 0.9630 0.7057 0.0000
vt 0.9656 0.7080 0.0000
vt 0.9689 0.7090 0.0000
vt 0.9723 0.7086 0.0000
vt 0.9753 0.7068 0.0000
vt 0.9772 0.7040 0.0000
vt 0.9779 0.7006 0.0000
vt 0.9760 0.6934 0.0000
vt 0.9784 0.6967 0.0000
vt 0.9725 0.6914 0.0000
vt 0.9685 0.6911 0.0000
vt 0.9646 0.6924 0.0000
vt 0.9616 0.6951 0.0000
vt 0.9600 0.6988 0.0000
vt 0.9601 0.7029 0.0000
vt 0.9618 0.7066 0.0000
vt 0.9648 0.7092 0.0000
vt 0.9687 0.7104 0.0000
vt 0.9727 0.7100 0.0000
vt 0.9762 0.7079 0.0000
vt 0.9785 0.7046 0.0000
vt 0.9793 0.7006 0.0000
vt 0.9770 0.6923 0.0000
vt 0.9798 0.6961 0.0000
vt 0.9730 0.6900 0.0000
vt 0.9683 0.6896 0.0000
vt 0.9639 0.6911 0.0000
vt 0.9604 0.6942 0.0000
vt 0.9586 0.6985 0.0000
vt 0.9586 0.7032 0.0000
vt 0.9606 0.7074 0.0000
vt 0.9641 0.7105 0.0000
vt 0.9685 0.7119 0.0000
vt 0.9732 0.7114 0.0000
vt 0.9772 0.7090 0.0000
vt 0.9799 0.7052 0.0000
vt 0.9808 0.7006 0.0000
vt 0.9781 0.6912 0.0000
vt 0.9813 0.6955 0.0000
vt 0.9735 0.6885 0.0000
vt 0.9682 0.6880 0.0000
vt 0.9631 0.6897 0.0000
vt 0.9592 0.6933 0.0000
vt 0.9570 0.6982 0.0000
vt 0.9571 0.7035 0.0000
vt 0.9592 0.7084 0.0000
vt 0.9632 0.7119 0.0000
vt 0.9683 0.7135 0.0000
vt 0.9736 0.7129 0.0000
vt 0.9783 0.7102 0.0000
vt 0.9814 0.7059 0.0000
vt 0.9824 0.7007 0.0000
vt 0.9696 0.7007 0.0000
vt 0.6267 0.9811 0.0000
vt 0.6395 0.9868 0.0000
vt 0.6380 0.9904 0.0000
vt 0.6253 0.9837 0.0000
vt 0.6519 0.9876 0.0000
vt 0.6524 0.9911 0.0000
vt 0.6363 0.9805 0.0000
vt 0.6294 0.9779 0.0000
vt 0.6677 0.9774 0.0000
vt 0.6724 0.9740 0.0000
vt 0.6644 0.9857 0.0000
vt 0.6618 0.9834 0.0000
vt 0.6661 0.9738 0.0000
vt 0.6715 0.9649 0.0000
vt 0.6783 0.9641 0.0000
vt 0.6751 0.9766 0.0000
vt 0.6756 0.9516 0.0000
vt 0.6717 0.9547 0.0000
vt 0.6529 0.9802 0.0000
vt 0.6525 0.9832 0.0000
vt 0.6459 0.9828 0.0000
vt 0.6499 0.9786 0.0000
vt 0.6573 0.9775 0.0000
vt 0.6603 0.9805 0.0000
vt 0.6542 0.9749 0.0000
vt 0.6135 0.9626 0.0000
vt 0.6159 0.9501 0.0000
vt 0.6195 0.9504 0.0000
vt 0.6172 0.9609 0.0000
vt 0.6217 0.9629 0.0000
vt 0.6209 0.9714 0.0000
vt 0.6182 0.9725 0.0000
vt 0.6155 0.9748 0.0000
vt 0.6215 0.9545 0.0000
vt 0.6247 0.9571 0.0000
vt 0.6257 0.9708 0.0000
vt 0.6298 0.9699 0.0000
vt 0.6310 0.9750 0.0000
vt 0.6354 0.9755 0.0000
vt 0.6347 0.9700 0.0000
vt 0.6241 0.9502 0.0000
vt 0.6278 0.9517 0.0000
vt 0.6379 0.9402 0.0000
vt 0.6451 0.9400 0.0000
vt 0.6420 0.9439 0.0000
vt 0.6374 0.9428 0.0000
vt 0.6321 0.9422 0.0000
vt 0.6341 0.9451 0.0000
vt 0.6379 0.9471 0.0000
vt 0.6354 0.9647 0.0000
vt 0.6392 0.9654 0.0000
vt 0.6397 0.9691 0.0000
vt 0.6378 0.9611 0.0000
vt 0.6417 0.9635 0.0000
vt 0.6440 0.9674 0.0000
vt 0.6484 0.9695 0.0000
vt 0.6511 0.9675 0.0000
vt 0.6540 0.9684 0.0000
vt 0.6510 0.9723 0.0000
vt 0.6505 0.9640 0.0000
vt 0.6556 0.9638 0.0000
vt 0.6471 0.9658 0.0000
vt 0.6230 0.9871 0.0000
vt 0.6371 0.9946 0.0000
vt 0.6555 0.9944 0.0000
vt 0.6671 0.9879 0.0000
vt 0.6250 0.9436 0.0000
vt 0.6224 0.9406 0.0000
vt 0.6307 0.9353 0.0000
vt 0.6310 0.9391 0.0000
vt 0.6276 0.9461 0.0000
vt 0.6307 0.9484 0.0000
vt 0.6346 0.9503 0.0000
vt 0.6318 0.9534 0.0000
vt 0.6362 0.9556 0.0000
vt 0.6397 0.9522 0.0000
vt 0.6331 0.9594 0.0000
vt 0.6288 0.9582 0.0000
vt 0.6302 0.9634 0.0000
vt 0.6257 0.9628 0.0000
vt 0.6409 0.9581 0.0000
vt 0.6448 0.9551 0.0000
vt 0.6483 0.9594 0.0000
vt 0.6447 0.9614 0.0000
vt 0.6528 0.9582 0.0000
vt 0.6488 0.9526 0.0000
vt 0.6533 0.9505 0.0000
vt 0.6583 0.9565 0.0000
vt 0.6435 0.9490 0.0000
vt 0.6478 0.9458 0.0000
vt 0.6592 0.9470 0.0000
vt 0.6521 0.9427 0.0000
vt 0.6641 0.9451 0.0000
vt 0.6640 0.9548 0.0000
vt 0.6564 0.9389 0.0000
vt 0.6613 0.9360 0.0000
vt 0.6696 0.9418 0.0000
vt 0.6481 0.9367 0.0000
vt 0.6512 0.9324 0.0000
vt 0.6405 0.9325 0.0000
vt 0.6392 0.9365 0.0000
vt 0.6649 0.9627 0.0000
vt 0.6599 0.9625 0.0000
vt 0.6623 0.9718 0.0000
vt 0.6579 0.9699 0.0000
vt 0.6452 0.9717 0.0000
vt 0.6472 0.9754 0.0000
vt 0.6409 0.9743 0.0000
vt 0.6422 0.9790 0.0000
vt 0.9815 0.5914 0.0000
vt 0.9809 0.5901 0.0000
vt 0.9814 0.5898 0.0000
vt 0.9824 0.5907 0.0000
vt 0.9816 0.5893 0.0000
vt 0.9829 0.5896 0.0000
vt 0.9817 0.5887 0.0000
vt 0.9830 0.5885 0.0000
vt 0.9826 0.5875 0.0000
vt 0.9815 0.5882 0.0000
vt 0.9811 0.5878 0.0000
vt 0.9819 0.5866 0.0000
vt 0.9805 0.5875 0.0000
vt 0.9808 0.5862 0.0000
vt 0.9797 0.5862 0.0000
vt 0.9800 0.5876 0.0000
vt 0.9795 0.5878 0.0000
vt 0.9786 0.5867 0.0000
vt 0.9791 0.5882 0.0000
vt 0.9779 0.5876 0.0000
vt 0.9790 0.5888 0.0000
vt 0.9776 0.5887 0.0000
vt 0.9790 0.5894 0.0000
vt 0.9777 0.5898 0.0000
vt 0.9793 0.5899 0.0000
vt 0.9783 0.5908 0.0000
vt 0.9798 0.5902 0.0000
vt 0.9793 0.5914 0.0000
vt 0.9804 0.5916 0.0000
vt 0.9804 0.5903 0.0000
vt 0.9834 0.5915 0.0000
vt 0.9821 0.5926 0.0000
vt 0.9843 0.5900 0.0000
vt 0.9844 0.5883 0.0000
vt 0.9838 0.5867 0.0000
vt 0.9826 0.5855 0.0000
vt 0.9811 0.5849 0.0000
vt 0.9793 0.5849 0.0000
vt 0.9778 0.5856 0.0000
vt 0.9767 0.5870 0.0000
vt 0.9762 0.5886 0.0000
vt 0.9765 0.5903 0.0000
vt 0.9773 0.5917 0.0000
vt 0.9788 0.5927 0.0000
vt 0.9804 0.5930 0.0000
vt 0.9845 0.5925 0.0000
vt 0.9827 0.5939 0.0000
vt 0.9856 0.5905 0.0000
vt 0.9858 0.5882 0.0000
vt 0.9850 0.5860 0.0000
vt 0.9834 0.5844 0.0000
vt 0.9813 0.5835 0.0000
vt 0.9790 0.5835 0.0000
vt 0.9770 0.5845 0.0000
vt 0.9755 0.5863 0.0000
vt 0.9748 0.5885 0.0000
vt 0.9751 0.5907 0.0000
vt 0.9763 0.5927 0.0000
vt 0.9782 0.5940 0.0000
vt 0.9805 0.5944 0.0000
vt 0.9855 0.5934 0.0000
vt 0.9833 0.5951 0.0000
vt 0.9869 0.5909 0.0000
vt 0.9872 0.5880 0.0000
vt 0.9862 0.5853 0.0000
vt 0.9842 0.5832 0.0000
vt 0.9816 0.5821 0.0000
vt 0.9787 0.5822 0.0000
vt 0.9761 0.5834 0.0000
vt 0.9743 0.5856 0.0000
vt 0.9735 0.5883 0.0000
vt 0.9738 0.5912 0.0000
vt 0.9753 0.5936 0.0000
vt 0.9776 0.5952 0.0000
vt 0.9805 0.5958 0.0000
vt 0.9838 0.5964 0.0000
vt 0.9866 0.5943 0.0000
vt 0.9883 0.5913 0.0000
vt 0.9886 0.5879 0.0000
vt 0.9874 0.5846 0.0000
vt 0.9851 0.5821 0.0000
vt 0.9819 0.5807 0.0000
vt 0.9785 0.5808 0.0000
vt 0.9753 0.5823 0.0000
vt 0.9731 0.5849 0.0000
vt 0.9721 0.5882 0.0000
vt 0.9725 0.5916 0.0000
vt 0.9743 0.5946 0.0000
vt 0.9771 0.5965 0.0000
vt 0.9805 0.5972 0.0000
vt 0.9876 0.5953 0.0000
vt 0.9844 0.5977 0.0000
vt 0.9896 0.5918 0.0000
vt 0.9900 0.5878 0.0000
vt 0.9887 0.5839 0.0000
vt 0.9859 0.5809 0.0000
vt 0.9822 0.5793 0.0000
vt 0.9782 0.5794 0.0000
vt 0.9745 0.5811 0.0000
vt 0.9718 0.5841 0.0000
vt 0.9706 0.5880 0.0000
vt 0.9711 0.5920 0.0000
vt 0.9732 0.5955 0.0000
vt 0.9765 0.5978 0.0000
vt 0.9804 0.5986 0.0000
vt 0.9887 0.5963 0.0000
vt 0.9850 0.5991 0.0000
vt 0.9910 0.5923 0.0000
vt 0.9915 0.5876 0.0000
vt 0.9900 0.5832 0.0000
vt 0.9868 0.5797 0.0000
vt 0.9826 0.5779 0.0000
vt 0.9779 0.5779 0.0000
vt 0.9736 0.5799 0.0000
vt 0.9705 0.5834 0.0000
vt 0.9691 0.5878 0.0000
vt 0.9697 0.5925 0.0000
vt 0.9720 0.5965 0.0000
vt 0.9758 0.5992 0.0000
vt 0.9804 0.6001 0.0000
vt 0.9899 0.5974 0.0000
vt 0.9856 0.6006 0.0000
vt 0.9926 0.5928 0.0000
vt 0.9931 0.5875 0.0000
vt 0.9914 0.5824 0.0000
vt 0.9878 0.5785 0.0000
vt 0.9829 0.5763 0.0000
vt 0.9776 0.5763 0.0000
vt 0.9727 0.5785 0.0000
vt 0.9692 0.5825 0.0000
vt 0.9675 0.5876 0.0000
vt 0.9681 0.5929 0.0000
vt 0.9708 0.5975 0.0000
vt 0.9752 0.6007 0.0000
vt 0.9804 0.6017 0.0000
vt 0.9803 0.5889 0.0000
vt 0.3550 0.7750 0.0000
vt 0.3536 0.7932 0.0000
vt 0.3498 0.7860 0.0000
vt 0.3494 0.7776 0.0000
vt 0.3464 0.7879 0.0000
vt 0.3447 0.7805 0.0000
vt 0.3265 0.7708 0.0000
vt 0.3358 0.7750 0.0000
vt 0.3392 0.7840 0.0000
vt 0.3313 0.7853 0.0000
vt 0.3333 0.7581 0.0000
vt 0.3402 0.7696 0.0000
vt 0.3076 0.7821 0.0000
vt 0.3157 0.7776 0.0000
vt 0.3210 0.7883 0.0000
vt 0.3083 0.7887 0.0000
vt 0.2930 0.8370 0.0000
vt 0.2827 0.8411 0.0000
vt 0.2794 0.8314 0.0000
vt 0.2876 0.8315 0.0000
vt 0.2914 0.8228 0.0000
vt 0.3019 0.8264 0.0000
vt 0.2810 0.8209 0.0000
vt 0.2263 0.7145 0.0000
vt 0.2290 0.7206 0.0000
vt 0.2195 0.7229 0.0000
vt 0.2131 0.7158 0.0000
vt 0.3072 0.7199 0.0000
vt 0.3049 0.7257 0.0000
vt 0.2885 0.7228 0.0000
vt 0.2911 0.7198 0.0000
vt 0.2720 0.8494 0.0000
vt 0.2773 0.8627 0.0000
vt 0.2571 0.8531 0.0000
vt 0.2567 0.8465 0.0000
vt 0.2251 0.8353 0.0000
vt 0.2223 0.8450 0.0000
vt 0.2085 0.8350 0.0000
vt 0.2134 0.8287 0.0000
vt 0.1954 0.8215 0.0000
vt 0.2050 0.8219 0.0000
vt 0.2105 0.8145 0.0000
vt 0.2173 0.8189 0.0000
vt 0.2271 0.8257 0.0000
vt 0.2420 0.8327 0.0000
vt 0.2389 0.8423 0.0000
vt 0.2301 0.8157 0.0000
vt 0.2207 0.8105 0.0000
vt 0.2432 0.8216 0.0000
vt 0.2555 0.8254 0.0000
vt 0.2557 0.8386 0.0000
vt 0.2322 0.8046 0.0000
vt 0.2434 0.8098 0.0000
vt 0.2561 0.8149 0.0000
vt 0.2698 0.8187 0.0000
vt 0.2692 0.8299 0.0000
vt 0.2449 0.7994 0.0000
vt 0.2575 0.8038 0.0000
vt 0.2702 0.8070 0.0000
vt 0.2825 0.8090 0.0000
vt 0.2614 0.7894 0.0000
vt 0.2721 0.7932 0.0000
vt 0.2835 0.7973 0.0000
vt 0.2941 0.8111 0.0000
vt 0.2958 0.8007 0.0000
vt 0.3078 0.8034 0.0000
vt 0.3069 0.8133 0.0000
vt 0.2971 0.7926 0.0000
vt 0.2849 0.7889 0.0000
vt 0.3082 0.7958 0.0000
vt 0.3240 0.7984 0.0000
vt 0.3238 0.8072 0.0000
vt 0.2985 0.7847 0.0000
vt 0.2882 0.7791 0.0000
vt 0.2907 0.7714 0.0000
vt 0.3004 0.7768 0.0000
vt 0.2961 0.7616 0.0000
vt 0.3072 0.7687 0.0000
vt 0.3064 0.7488 0.0000
vt 0.3169 0.7583 0.0000
vt 0.3263 0.7462 0.0000
vt 0.3142 0.7383 0.0000
vt 0.3198 0.7297 0.0000
vt 0.3331 0.7369 0.0000
vt 0.3405 0.7495 0.0000
vt 0.3451 0.7641 0.0000
vt 0.3417 0.7299 0.0000
vt 0.3460 0.7441 0.0000
vt 0.3504 0.7560 0.0000
vt 0.3433 0.8290 0.0000
vt 0.3335 0.8428 0.0000
vt 0.3282 0.8399 0.0000
vt 0.3364 0.8251 0.0000
vt 0.3436 0.8083 0.0000
vt 0.3499 0.8103 0.0000
vt 0.3310 0.8215 0.0000
vt 0.3232 0.8363 0.0000
vt 0.3367 0.8079 0.0000
vt 0.3211 0.8189 0.0000
vt 0.3365 0.7961 0.0000
vt 0.3436 0.7942 0.0000
vt 0.3160 0.8314 0.0000
vt 0.3089 0.8494 0.0000
vt 0.3012 0.8432 0.0000
vt 0.2871 0.8500 0.0000
vt 0.2945 0.8581 0.0000
vt 0.3163 0.8512 0.0000
vt 0.3237 0.8539 0.0000
vt 0.3226 0.7211 0.0000
vt 0.2920 0.7428 0.0000
vt 0.2781 0.7377 0.0000
vt 0.2833 0.7291 0.0000
vt 0.3007 0.7325 0.0000
vt 0.2625 0.7347 0.0000
vt 0.2643 0.7260 0.0000
vt 0.2491 0.7340 0.0000
vt 0.2498 0.7260 0.0000
vt 0.2518 0.7159 0.0000
vt 0.2647 0.7189 0.0000
vt 0.2405 0.7168 0.0000
vt 0.2391 0.7264 0.0000
vt 0.2382 0.7073 0.0000
vt 0.2526 0.7050 0.0000
vt 0.2654 0.7142 0.0000
vt 0.2292 0.7274 0.0000
vt 0.2374 0.7344 0.0000
vt 0.2294 0.7354 0.0000
vt 0.2235 0.7362 0.0000
vt 0.2221 0.7290 0.0000
vt 0.2015 0.8158 0.0000
vt 0.1972 0.8193 0.0000
vt 0.2061 0.8117 0.0000
vt 0.2102 0.8041 0.0000
vt 0.2144 0.8067 0.0000
vt 0.2131 0.7957 0.0000
vt 0.2179 0.7975 0.0000
vt 0.2237 0.8002 0.0000
vt 0.2198 0.7889 0.0000
vt 0.2261 0.7916 0.0000
vt 0.2338 0.7947 0.0000
vt 0.2286 0.7827 0.0000
vt 0.2369 0.7846 0.0000
vt 0.2478 0.7863 0.0000
vt 0.2395 0.7764 0.0000
vt 0.2503 0.7791 0.0000
vt 0.2631 0.7821 0.0000
vt 0.2736 0.7853 0.0000
vt 0.2535 0.7670 0.0000
vt 0.2669 0.7688 0.0000
vt 0.2778 0.7725 0.0000
vt 0.2688 0.7610 0.0000
vt 0.2557 0.7571 0.0000
vt 0.2799 0.7654 0.0000
vt 0.2590 0.7459 0.0000
vt 0.2729 0.7505 0.0000
vt 0.2837 0.7560 0.0000
vt 0.2465 0.7448 0.0000
vt 0.2445 0.7552 0.0000
vt 0.2349 0.7545 0.0000
vt 0.2367 0.7448 0.0000
vt 0.2281 0.7545 0.0000
vt 0.2291 0.7447 0.0000
vt 0.2224 0.7542 0.0000
vt 0.2241 0.7447 0.0000
vt 0.2188 0.7719 0.0000
vt 0.2242 0.7735 0.0000
vt 0.2220 0.7808 0.0000
vt 0.2170 0.7796 0.0000
vt 0.2209 0.7636 0.0000
vt 0.2261 0.7647 0.0000
vt 0.2334 0.7651 0.0000
vt 0.2310 0.7746 0.0000
vt 0.2422 0.7658 0.0000
vt 0.2151 0.7873 0.0000
vt 0.2711 0.8427 0.0000
vt 0.2387 0.8492 0.0000
vt 0.3052 0.8600 0.0000
vt 0.3157 0.8619 0.0000
vt 0.3105 0.8698 0.0000
vt 0.2977 0.8685 0.0000
vt 0.3546 0.7417 0.0000
vt 0.3575 0.7416 0.0000
vt 0.3614 0.7541 0.0000
vt 0.3581 0.7545 0.0000
vt 0.3644 0.7684 0.0000
vt 0.3606 0.7687 0.0000
vt 0.3617 0.7815 0.0000
vt 0.3659 0.7826 0.0000
vt 0.3657 0.7952 0.0000
vt 0.3615 0.7932 0.0000
vt 0.3578 0.8094 0.0000
vt 0.3540 0.8082 0.0000
vt 0.3563 0.7990 0.0000
vt 0.3600 0.8018 0.0000
vt 0.3642 0.8038 0.0000
vt 0.3624 0.8108 0.0000
vt 0.3549 0.7317 0.0000
vt 0.3596 0.7327 0.0000
vt 0.3506 0.7421 0.0000
vt 0.3498 0.7321 0.0000
vt 0.3576 0.7918 0.0000
vt 0.3580 0.7798 0.0000
vt 0.3575 0.7702 0.0000
vt 0.3541 0.7544 0.0000
vt 0.3309 0.8565 0.0000
vt 0.3340 0.8579 0.0000
vt 0.3272 0.8656 0.0000
vt 0.3239 0.8648 0.0000
vt 0.3401 0.8460 0.0000
vt 0.3431 0.8475 0.0000
vt 0.3521 0.8257 0.0000
vt 0.3567 0.8259 0.0000
vt 0.3511 0.8368 0.0000
vt 0.3473 0.8356 0.0000
vt 0.3518 0.8149 0.0000
vt 0.3554 0.8166 0.0000
vt 0.3600 0.8178 0.0000
vt 0.3248 0.8733 0.0000
vt 0.3198 0.8730 0.0000
vt 0.3202 0.8633 0.0000
vt 0.3159 0.8709 0.0000
vt 0.3480 0.8259 0.0000
vt 0.3441 0.8339 0.0000
vt 0.3369 0.8445 0.0000
vt 0.3269 0.8552 0.0000
vt 0.2809 0.7214 0.0000
vt 0.2796 0.7183 0.0000
vt 0.0181 0.8592 0.0000
vt 0.0254 0.8659 0.0000
vt 0.0223 0.8695 0.0000
vt 0.0159 0.8619 0.0000
vt 0.0137 0.8641 0.0000
vt 0.1854 0.9019 0.0000
vt 0.1960 0.9015 0.0000
vt 0.1964 0.9046 0.0000
vt 0.1864 0.9051 0.0000
vt 0.1764 0.9061 0.0000
vt 0.1664 0.9079 0.0000
vt 0.1637 0.9037 0.0000
vt 0.1747 0.9025 0.0000
vt 0.1620 0.8999 0.0000
vt 0.1734 0.8988 0.0000
vt 0.1844 0.8985 0.0000
vt 0.1721 0.8948 0.0000
vt 0.1831 0.8937 0.0000
vt 0.1933 0.8917 0.0000
vt 0.1954 0.8981 0.0000
vt 0.1883 0.8875 0.0000
vt 0.1809 0.8886 0.0000
vt 0.0209 0.8525 0.0000
vt 0.0292 0.8601 0.0000
vt 0.1706 0.8901 0.0000
vt 0.1605 0.8957 0.0000
vt 0.1591 0.8910 0.0000
vt 0.1483 0.8970 0.0000
vt 0.1474 0.8919 0.0000
vt 0.1492 0.9016 0.0000
vt 0.1358 0.9026 0.0000
vt 0.1356 0.8976 0.0000
vt 0.1505 0.9057 0.0000
vt 0.1364 0.9071 0.0000
vt 0.1238 0.9029 0.0000
vt 0.1243 0.9078 0.0000
vt 0.1366 0.9118 0.0000
vt 0.1251 0.9129 0.0000
vt 0.1142 0.9132 0.0000
vt 0.1130 0.9089 0.0000
vt 0.0994 0.9084 0.0000
vt 0.1120 0.9042 0.0000
vt 0.1120 0.8988 0.0000
vt 0.0991 0.9024 0.0000
vt 0.1235 0.8976 0.0000
vt 0.1242 0.8916 0.0000
vt 0.1132 0.8927 0.0000
vt 0.1355 0.8919 0.0000
vt 0.1027 0.8950 0.0000
vt 0.0891 0.8960 0.0000
vt 0.1528 0.9115 0.0000
vt 0.0374 0.8687 0.0000
vt 0.9897 0.1199 0.0000
vt 0.9870 0.1165 0.0000
vt 0.9893 0.1143 0.0000
vt 0.9921 0.1183 0.0000
vt 0.9836 0.1137 0.0000
vt 0.9803 0.1119 0.0000
vt 0.9819 0.1106 0.0000
vt 0.9853 0.1118 0.0000
vt 0.9779 0.1107 0.0000
vt 0.9795 0.1099 0.0000
vt 0.9762 0.1100 0.0000
vt 0.9777 0.1095 0.0000
vt 0.9767 0.1091 0.0000
vt 0.9750 0.1095 0.0000
vt 0.9766 0.1090 0.0000
vt 0.9749 0.1091 0.0000
vt 0.9868 0.1218 0.0000
vt 0.9841 0.1183 0.0000
vt 0.9779 0.1130 0.0000
vt 0.9808 0.1153 0.0000
vt 0.9758 0.1115 0.0000
vt 0.9741 0.1104 0.0000
vt 0.9728 0.1097 0.0000
vt 0.9724 0.1090 0.0000
vt 0.9804 0.1262 0.0000
vt 0.9777 0.1223 0.0000
vt 0.9749 0.1189 0.0000
vt 0.9725 0.1161 0.0000
vt 0.9706 0.1139 0.0000
vt 0.9692 0.1123 0.0000
vt 0.9682 0.1111 0.0000
vt 0.9676 0.1099 0.0000
vt 0.9597 0.1400 0.0000
vt 0.9582 0.1379 0.0000
vt 0.9640 0.1327 0.0000
vt 0.9661 0.1358 0.0000
vt 0.9620 0.1297 0.0000
vt 0.9565 0.1361 0.0000
vt 0.9551 0.1348 0.0000
vt 0.9603 0.1272 0.0000
vt 0.9539 0.1339 0.0000
vt 0.9588 0.1252 0.0000
vt 0.9577 0.1238 0.0000
vt 0.9530 0.1333 0.0000
vt 0.9522 0.1329 0.0000
vt 0.9567 0.1226 0.0000
vt 0.9515 0.1327 0.0000
vt 0.9556 0.1218 0.0000
vt 0.9533 0.1425 0.0000
vt 0.9544 0.1437 0.0000
vt 0.9521 0.1416 0.0000
vt 0.9510 0.1411 0.0000
vt 0.9502 0.1407 0.0000
vt 0.9495 0.1404 0.0000
vt 0.9489 0.1402 0.0000
vt 0.9485 0.1401 0.0000
vt 0.9732 0.1310 0.0000
vt 0.9707 0.1272 0.0000
vt 0.9664 0.1205 0.0000
vt 0.9684 0.1236 0.0000
vt 0.9649 0.1180 0.0000
vt 0.9637 0.1161 0.0000
vt 0.9627 0.1146 0.0000
vt 0.9619 0.1132 0.0000
vt 0.9523 0.1450 0.0000
vt 0.9517 0.1443 0.0000
vt 0.9503 0.1436 0.0000
vt 0.9510 0.1439 0.0000
vt 0.9498 0.1435 0.0000
vt 0.9493 0.1434 0.0000
vt 0.9490 0.1433 0.0000
vt 0.9487 0.1433 0.0000
vt 0.9509 0.1460 0.0000
vt 0.9504 0.1452 0.0000
vt 0.9499 0.1446 0.0000
vt 0.9495 0.1441 0.0000
vt 0.9491 0.1435 0.0000
vt 0.9493 0.1438 0.0000
vt 0.9487 0.1437 0.0000
vt 0.9487 0.1441 0.0000
vt 0.9487 0.1446 0.0000
vt 0.9488 0.1452 0.0000
vt 0.9491 0.1460 0.0000
vt 0.9496 0.1469 0.0000
vt 0.9947 0.1223 0.0000
vt 0.9919 0.1237 0.0000
vt 0.9955 0.1270 0.0000
vt 0.9953 0.1308 0.0000
vt 0.9936 0.1318 0.0000
vt 0.9931 0.1280 0.0000
vt 0.9937 0.1345 0.0000
vt 0.9951 0.1333 0.0000
vt 0.9948 0.1353 0.0000
vt 0.9937 0.1363 0.0000
vt 0.9947 0.1363 0.0000
vt 0.9937 0.1375 0.0000
vt 0.9948 0.1364 0.0000
vt 0.9941 0.1378 0.0000
vt 0.9890 0.1257 0.0000
vt 0.9916 0.1336 0.0000
vt 0.9905 0.1300 0.0000
vt 0.9921 0.1361 0.0000
vt 0.9925 0.1380 0.0000
vt 0.9928 0.1395 0.0000
vt 0.9932 0.1401 0.0000
vt 0.9829 0.1302 0.0000
vt 0.9868 0.1374 0.0000
vt 0.9851 0.1341 0.0000
vt 0.9880 0.1399 0.0000
vt 0.9890 0.1419 0.0000
vt 0.9897 0.1433 0.0000
vt 0.9906 0.1442 0.0000
vt 0.9682 0.1390 0.0000
vt 0.9611 0.1423 0.0000
vt 0.9621 0.1445 0.0000
vt 0.9702 0.1419 0.0000
vt 0.9718 0.1445 0.0000
vt 0.9628 0.1464 0.0000
vt 0.9731 0.1465 0.0000
vt 0.9632 0.1478 0.0000
vt 0.9740 0.1482 0.0000
vt 0.9634 0.1489 0.0000
vt 0.9747 0.1495 0.0000
vt 0.9635 0.1498 0.0000
vt 0.9750 0.1508 0.0000
vt 0.9634 0.1505 0.0000
vt 0.9550 0.1451 0.0000
vt 0.9555 0.1478 0.0000
vt 0.9554 0.1465 0.0000
vt 0.9555 0.1487 0.0000
vt 0.9555 0.1494 0.0000
vt 0.9555 0.1500 0.0000
vt 0.9554 0.1505 0.0000
vt 0.9758 0.1348 0.0000
vt 0.9804 0.1413 0.0000
vt 0.9783 0.1383 0.0000
vt 0.9821 0.1437 0.0000
vt 0.9834 0.1455 0.0000
vt 0.9845 0.1470 0.0000
vt 0.9854 0.1482 0.0000
vt 0.9527 0.1458 0.0000
vt 0.9528 0.1474 0.0000
vt 0.9529 0.1467 0.0000
vt 0.9527 0.1480 0.0000
vt 0.9527 0.1484 0.0000
vt 0.9526 0.1488 0.0000
vt 0.9525 0.1490 0.0000
vt 0.9514 0.1467 0.0000
vt 0.9518 0.1474 0.0000
vt 0.9521 0.1479 0.0000
vt 0.9524 0.1486 0.0000
vt 0.9523 0.1483 0.0000
vt 0.9522 0.1488 0.0000
vt 0.9518 0.1487 0.0000
vt 0.9514 0.1485 0.0000
vt 0.9508 0.1482 0.0000
vt 0.9502 0.1476 0.0000
vt 0.9202 0.8000 0.0000
vt 0.9190 0.7988 0.0000
vt 0.9224 0.7966 0.0000
vt 0.9230 0.7982 0.0000
vt 0.9265 0.7959 0.0000
vt 0.9264 0.7976 0.0000
vt 0.9304 0.7969 0.0000
vt 0.9296 0.7984 0.0000
vt 0.9336 0.7995 0.0000
vt 0.9323 0.8005 0.0000
vt 0.9338 0.8035 0.0000
vt 0.9355 0.8031 0.0000
vt 0.9357 0.8072 0.0000
vt 0.9340 0.8069 0.0000
vt 0.9329 0.8100 0.0000
vt 0.9343 0.8110 0.0000
vt 0.9305 0.8124 0.0000
vt 0.9314 0.8139 0.0000
vt 0.9274 0.8137 0.0000
vt 0.9276 0.8154 0.0000
vt 0.9236 0.8152 0.0000
vt 0.9240 0.8135 0.0000
vt 0.9210 0.8120 0.0000
vt 0.9199 0.8134 0.0000
vt 0.9173 0.8102 0.0000
vt 0.9189 0.8094 0.0000
vt 0.9162 0.8063 0.0000
vt 0.9179 0.8062 0.0000
vt 0.9184 0.8029 0.0000
vt 0.9168 0.8023 0.0000
vt 0.9214 0.8012 0.0000
vt 0.9237 0.7997 0.0000
vt 0.9263 0.7993 0.0000
vt 0.9289 0.7999 0.0000
vt 0.9310 0.8016 0.0000
vt 0.9322 0.8040 0.0000
vt 0.9324 0.8066 0.0000
vt 0.9315 0.8091 0.0000
vt 0.9296 0.8110 0.0000
vt 0.9271 0.8120 0.0000
vt 0.9244 0.8119 0.0000
vt 0.9220 0.8107 0.0000
vt 0.9203 0.8087 0.0000
vt 0.9196 0.8061 0.0000
vt 0.9200 0.8035 0.0000
vt 0.9226 0.8023 0.0000
vt 0.9242 0.8012 0.0000
vt 0.9262 0.8009 0.0000
vt 0.9281 0.8014 0.0000
vt 0.9297 0.8026 0.0000
vt 0.9306 0.8044 0.0000
vt 0.9308 0.8064 0.0000
vt 0.9301 0.8082 0.0000
vt 0.9287 0.8097 0.0000
vt 0.9268 0.8104 0.0000
vt 0.9248 0.8103 0.0000
vt 0.9231 0.8094 0.0000
vt 0.9218 0.8079 0.0000
vt 0.9212 0.8060 0.0000
vt 0.9215 0.8040 0.0000
vt 0.9248 0.8027 0.0000
vt 0.9237 0.8035 0.0000
vt 0.9261 0.8025 0.0000
vt 0.9274 0.8028 0.0000
vt 0.9285 0.8037 0.0000
vt 0.9291 0.8048 0.0000
vt 0.9292 0.8061 0.0000
vt 0.9287 0.8074 0.0000
vt 0.9278 0.8083 0.0000
vt 0.9266 0.8088 0.0000
vt 0.9252 0.8088 0.0000
vt 0.9241 0.8082 0.0000
vt 0.9232 0.8072 0.0000
vt 0.9229 0.8059 0.0000
vt 0.9230 0.8046 0.0000
vt 0.9254 0.8042 0.0000
vt 0.9249 0.8046 0.0000
vt 0.9261 0.8041 0.0000
vt 0.9267 0.8043 0.0000
vt 0.9272 0.8047 0.0000
vt 0.9276 0.8052 0.0000
vt 0.9276 0.8059 0.0000
vt 0.9274 0.8065 0.0000
vt 0.9269 0.8070 0.0000
vt 0.9263 0.8073 0.0000
vt 0.9256 0.8072 0.0000
vt 0.9251 0.8069 0.0000
vt 0.9246 0.8064 0.0000
vt 0.9244 0.8058 0.0000
vt 0.9245 0.8051 0.0000
vt 0.9260 0.8057 0.0000
vt 0.7434 0.5268 0.0000
vt 0.7529 0.5397 0.0000
vt 0.7384 0.5414 0.0000
vt 0.7330 0.5348 0.0000
vt 0.7155 0.5422 0.0000
vt 0.7183 0.5458 0.0000
vt 0.7099 0.5493 0.0000
vt 0.7239 0.5386 0.0000
vt 0.7278 0.5434 0.0000
vt 0.9551 0.0928 0.0000
vt 0.9584 0.0935 0.0000
vt 0.9584 0.0952 0.0000
vt 0.9544 0.0944 0.0000
vt 0.9510 0.0920 0.0000
vt 0.9523 0.0909 0.0000
vt 0.9506 0.0880 0.0000
vt 0.9490 0.0885 0.0000
vt 0.9485 0.0845 0.0000
vt 0.9502 0.0847 0.0000
vt 0.9498 0.0806 0.0000
vt 0.9512 0.0815 0.0000
vt 0.9535 0.0789 0.0000
vt 0.9525 0.0775 0.0000
vt 0.9565 0.0775 0.0000
vt 0.9562 0.0758 0.0000
vt 0.9602 0.0758 0.0000
vt 0.9599 0.0775 0.0000
vt 0.9640 0.0774 0.0000
vt 0.9630 0.0788 0.0000
vt 0.9667 0.0804 0.0000
vt 0.9652 0.0813 0.0000
vt 0.9680 0.0843 0.0000
vt 0.9663 0.0845 0.0000
vt 0.9676 0.0884 0.0000
vt 0.9660 0.0878 0.0000
vt 0.9643 0.0908 0.0000
vt 0.9656 0.0919 0.0000
vt 0.9616 0.0928 0.0000
vt 0.9623 0.0944 0.0000
vt 0.9557 0.0913 0.0000
vt 0.9584 0.0918 0.0000
vt 0.9536 0.0898 0.0000
vt 0.9522 0.0875 0.0000
vt 0.9519 0.0848 0.0000
vt 0.9527 0.0823 0.0000
vt 0.9545 0.0803 0.0000
vt 0.9569 0.0792 0.0000
vt 0.9595 0.0791 0.0000
vt 0.9620 0.0802 0.0000
vt 0.9638 0.0821 0.0000
vt 0.9646 0.0847 0.0000
vt 0.9644 0.0873 0.0000
vt 0.9631 0.0897 0.0000
vt 0.9610 0.0913 0.0000
vt 0.9564 0.0898 0.0000
vt 0.9584 0.0902 0.0000
vt 0.9548 0.0887 0.0000
vt 0.9538 0.0870 0.0000
vt 0.9535 0.0850 0.0000
vt 0.9541 0.0831 0.0000
vt 0.9554 0.0816 0.0000
vt 0.9572 0.0808 0.0000
vt 0.9592 0.0807 0.0000
vt 0.9610 0.0815 0.0000
vt 0.9624 0.0830 0.0000
vt 0.9630 0.0848 0.0000
vt 0.9628 0.0868 0.0000
vt 0.9619 0.0886 0.0000
vt 0.9603 0.0898 0.0000
vt 0.9583 0.0886 0.0000
vt 0.9570 0.0883 0.0000
vt 0.9560 0.0876 0.0000
vt 0.9553 0.0865 0.0000
vt 0.9551 0.0851 0.0000
vt 0.9555 0.0839 0.0000
vt 0.9564 0.0829 0.0000
vt 0.9576 0.0823 0.0000
vt 0.9589 0.0823 0.0000
vt 0.9601 0.0828 0.0000
vt 0.9610 0.0838 0.0000
vt 0.9614 0.0850 0.0000
vt 0.9613 0.0864 0.0000
vt 0.9607 0.0875 0.0000
vt 0.9596 0.0883 0.0000
vt 0.9577 0.0869 0.0000
vt 0.9583 0.0870 0.0000
vt 0.9571 0.0865 0.0000
vt 0.9568 0.0859 0.0000
vt 0.9567 0.0853 0.0000
vt 0.9569 0.0847 0.0000
vt 0.9573 0.0842 0.0000
vt 0.9579 0.0839 0.0000
vt 0.9586 0.0839 0.0000
vt 0.9592 0.0841 0.0000
vt 0.9596 0.0846 0.0000
vt 0.9599 0.0852 0.0000
vt 0.9598 0.0859 0.0000
vt 0.9595 0.0865 0.0000
vt 0.9589 0.0869 0.0000
vt 0.9583 0.0854 0.0000
vt 0.9597 0.6528 0.0000
vt 0.9683 0.6541 0.0000
vt 0.9651 0.6608 0.0000
vt 0.9572 0.6624 0.0000
vt 0.9692 0.6801 0.0000
vt 0.9631 0.6873 0.0000
vt 0.9587 0.6807 0.0000
vt 0.9652 0.6761 0.0000
vt 0.9794 0.6803 0.0000
vt 0.9776 0.6861 0.0000
vt 0.9576 0.6727 0.0000
vt 0.9645 0.6696 0.0000
vt 0.9678 0.6601 0.0000
vt 0.9709 0.6548 0.0000
vt 0.9664 0.6671 0.0000
vt 0.9683 0.6629 0.0000
vt 0.9678 0.6662 0.0000
vt 0.9692 0.6690 0.0000
vt 0.9688 0.6707 0.0000
vt 0.9687 0.6658 0.0000
vt 0.9696 0.6661 0.0000
vt 0.9704 0.6673 0.0000
vt 0.9697 0.6680 0.0000
vt 0.9693 0.6628 0.0000
vt 0.9701 0.6628 0.0000
vt 0.9752 0.6635 0.0000
vt 0.9734 0.6605 0.0000
vt 0.9750 0.6607 0.0000
vt 0.9765 0.6631 0.0000
vt 0.9768 0.6641 0.0000
vt 0.9755 0.6644 0.0000
vt 0.9826 0.6668 0.0000
vt 0.9835 0.6677 0.0000
vt 0.9789 0.6704 0.0000
vt 0.9782 0.6692 0.0000
vt 0.9775 0.6672 0.0000
vt 0.9773 0.6656 0.0000
vt 0.9791 0.6642 0.0000
vt 0.9805 0.6652 0.0000
vt 0.9852 0.6630 0.0000
vt 0.9867 0.6643 0.0000
vt 0.9884 0.6599 0.0000
vt 0.9869 0.6601 0.0000
vt 0.9875 0.6648 0.0000
vt 0.9838 0.6683 0.0000
vt 0.9885 0.6655 0.0000
vt 0.9904 0.6600 0.0000
vt 0.9915 0.6604 0.0000
vt 0.9896 0.6668 0.0000
vt 0.9852 0.6705 0.0000
vt 0.9845 0.6692 0.0000
vt 0.9895 0.6599 0.0000
vt 0.9800 0.6731 0.0000
vt 0.9793 0.6718 0.0000
vt 0.9733 0.6753 0.0000
vt 0.9730 0.6737 0.0000
vt 0.9735 0.6714 0.0000
vt 0.9792 0.6709 0.0000
vt 0.9736 0.6726 0.0000
vt 0.9713 0.6711 0.0000
vt 0.9712 0.6723 0.0000
vt 0.9686 0.6732 0.0000
vt 0.9691 0.6761 0.0000
vt 0.9744 0.6762 0.0000
vt 0.9722 0.6781 0.0000
vt 0.9800 0.6773 0.0000
vt 0.9863 0.6734 0.0000
vt 0.9868 0.6764 0.0000
vt 0.9916 0.6671 0.0000
vt 0.9857 0.6715 0.0000
vt 0.9904 0.6672 0.0000
vt 0.9804 0.6746 0.0000
vt 0.9708 0.6591 0.0000
vt 0.9728 0.6551 0.0000
vt 0.9762 0.6507 0.0000
vt 0.9771 0.6515 0.0000
vt 0.9778 0.6522 0.0000
vt 0.9744 0.6554 0.0000
vt 0.9783 0.6528 0.0000
vt 0.9758 0.6561 0.0000
vt 0.9766 0.6565 0.0000
vt 0.9789 0.6538 0.0000
vt 0.9791 0.6546 0.0000
vt 0.9771 0.6568 0.0000
vt 0.9789 0.6574 0.0000
vt 0.9809 0.6584 0.0000
vt 0.9800 0.6601 0.0000
vt 0.9784 0.6593 0.0000
vt 0.9765 0.6606 0.0000
vt 0.9777 0.6629 0.0000
vt 0.9769 0.6631 0.0000
vt 0.9759 0.6606 0.0000
vt 0.9757 0.6587 0.0000
vt 0.9765 0.6589 0.0000
vt 0.9822 0.6552 0.0000
vt 0.9827 0.6529 0.0000
vt 0.9867 0.6555 0.0000
vt 0.9851 0.6571 0.0000
vt 0.9830 0.6521 0.0000
vt 0.9728 0.6586 0.0000
vt 0.9750 0.6585 0.0000
vt 0.9831 0.6511 0.0000
vt 0.9833 0.6505 0.0000
vt 0.9891 0.6537 0.0000
vt 0.9883 0.6538 0.0000
vt 0.9833 0.6498 0.0000
vt 0.9896 0.6533 0.0000
vt 0.9833 0.6491 0.0000
vt 0.9901 0.6527 0.0000
vt 0.9921 0.6603 0.0000
vt 0.9926 0.6592 0.0000
vt 0.9876 0.6544 0.0000
vt 0.9713 0.6605 0.0000
vt 0.9736 0.6485 0.0000
vt 0.9911 0.6522 0.0000
vt 0.9938 0.6583 0.0000
vt 0.9829 0.6479 0.0000
vt 0.9791 0.6617 0.0000
vt 0.9781 0.6604 0.0000
vt 0.9817 0.6659 0.0000
vt 0.9830 0.6610 0.0000
vt 0.9795 0.6557 0.0000
vt 0.9798 0.6626 0.0000
vt 0.9813 0.6620 0.0000
vt 0.9778 0.6684 0.0000
vt 0.9717 0.6621 0.0000
vt 0.9724 0.6623 0.0000
vt 0.9736 0.6642 0.0000
vt 0.9736 0.6654 0.0000
vt 0.9720 0.6653 0.0000
vt 0.9717 0.6655 0.0000
vt 0.9715 0.6651 0.0000
vt 0.9720 0.6648 0.0000
vt 0.9713 0.6641 0.0000
vt 0.9717 0.6639 0.0000
vt 0.9714 0.6701 0.0000
vt 0.9736 0.6700 0.0000
vt 0.9743 0.6689 0.0000
vt 0.9748 0.6676 0.0000
vt 0.9757 0.6660 0.0000
vt 0.9730 0.6662 0.0000
vt 0.9703 0.6653 0.0000
vt 0.9709 0.6666 0.0000
vt 0.9707 0.6631 0.0000
vt 0.9714 0.6657 0.0000
vt 0.9712 0.6652 0.0000
vt 0.9711 0.6644 0.0000
vt 0.9775 0.6640 0.0000
vt 0.9931 0.6676 0.0000
vt 0.9628 0.6455 0.0000
vt 0.9849 0.6455 0.0000
vt 0.9932 0.6512 0.0000
vt 0.9748 0.6428 0.0000
vt 0.9954 0.6688 0.0000
vt 0.9870 0.6825 0.0000
vt 0.9619 0.6368 0.0000
vt 0.9956 0.6572 0.0000
vt 0.7035 0.3465 0.0000
vt 0.7035 0.3474 0.0000
vt 0.7027 0.3469 0.0000
vt 0.7029 0.3463 0.0000
vt 0.7024 0.3478 0.0000
vt 0.7015 0.3462 0.0000
vt 0.7022 0.3458 0.0000
vt 0.7028 0.3456 0.0000
vt 0.7053 0.3454 0.0000
vt 0.7062 0.3452 0.0000
vt 0.7066 0.3471 0.0000
vt 0.7055 0.3466 0.0000
vt 0.7047 0.3436 0.0000
vt 0.7043 0.3443 0.0000
vt 0.7033 0.3442 0.0000
vt 0.7030 0.3435 0.0000
vt 0.7028 0.3450 0.0000
vt 0.7024 0.3447 0.0000
vt 0.7034 0.3448 0.0000
vt 0.7047 0.3467 0.0000
vt 0.7048 0.3462 0.0000
vt 0.7051 0.3473 0.0000
vt 0.7048 0.3456 0.0000
vt 0.7042 0.3451 0.0000
vt 0.7036 0.3485 0.0000
vt 0.7042 0.3467 0.0000
vt 0.7044 0.3476 0.0000
vt 0.7035 0.3456 0.0000
vt 0.7042 0.3459 0.0000
vt 0.7017 0.3445 0.0000
vt 0.7058 0.3482 0.0000
vt 0.7048 0.3486 0.0000
vt 0.3709 0.3172 0.0000
vt 0.3717 0.3192 0.0000
vt 0.3709 0.3192 0.0000
vt 0.3715 0.3230 0.0000
vt 0.3709 0.3222 0.0000
vt 0.4038 0.3176 0.0000
vt 0.4036 0.3202 0.0000
vt 0.4016 0.3205 0.0000
vt 0.4017 0.3179 0.0000
vt 0.3436 0.3103 0.0000
vt 0.3436 0.3063 0.0000
vt 0.3502 0.3067 0.0000
vt 0.3503 0.3109 0.0000
vt 0.3995 0.3181 0.0000
vt 0.3994 0.3208 0.0000
vt 0.3370 0.3147 0.0000
vt 0.3380 0.3176 0.0000
vt 0.3368 0.3174 0.0000
vt 0.4049 0.3199 0.0000
vt 0.4049 0.3174 0.0000
vt 0.4055 0.3174 0.0000
vt 0.4057 0.3205 0.0000
vt 0.4081 0.3173 0.0000
vt 0.4108 0.3170 0.0000
vt 0.4106 0.3203 0.0000
vt 0.4080 0.3205 0.0000
vt 0.4132 0.3199 0.0000
vt 0.4121 0.3192 0.0000
vt 0.4121 0.3168 0.0000
vt 0.4131 0.3166 0.0000
vt 0.3470 0.3142 0.0000
vt 0.3433 0.3149 0.0000
vt 0.3869 0.3111 0.0000
vt 0.3819 0.3111 0.0000
vt 0.3819 0.3068 0.0000
vt 0.3872 0.3069 0.0000
vt 0.3842 0.3156 0.0000
vt 0.3867 0.3147 0.0000
vt 0.3819 0.3147 0.0000
vt 0.3774 0.3150 0.0000
vt 0.3780 0.3184 0.0000
vt 0.3774 0.3184 0.0000
vt 0.3766 0.3185 0.0000
vt 0.3779 0.3224 0.0000
vt 0.3773 0.3221 0.0000
vt 0.3768 0.3230 0.0000
vt 0.3862 0.3216 0.0000
vt 0.3863 0.3181 0.0000
vt 0.3867 0.3180 0.0000
vt 0.3868 0.3210 0.0000
vt 0.3873 0.3181 0.0000
vt 0.3874 0.3214 0.0000
vt 0.3920 0.3181 0.0000
vt 0.3915 0.3181 0.0000
vt 0.3917 0.3147 0.0000
vt 0.3928 0.3181 0.0000
vt 0.3927 0.3213 0.0000
vt 0.3919 0.3204 0.0000
vt 0.4013 0.3143 0.0000
vt 0.4045 0.3099 0.0000
vt 0.4047 0.3147 0.0000
vt 0.3982 0.3103 0.0000
vt 0.3982 0.3063 0.0000
vt 0.4044 0.3059 0.0000
vt 0.3984 0.3149 0.0000
vt 0.4125 0.3138 0.0000
vt 0.4076 0.3139 0.0000
vt 0.4172 0.3093 0.0000
vt 0.3382 0.3202 0.0000
vt 0.3369 0.3199 0.0000
vt 0.3986 0.3181 0.0000
vt 0.3984 0.3207 0.0000
vt 0.3246 0.3093 0.0000
vt 0.3249 0.3053 0.0000
vt 0.3373 0.3059 0.0000
vt 0.3373 0.3099 0.0000
vt 0.3424 0.3208 0.0000
vt 0.3401 0.3205 0.0000
vt 0.3401 0.3179 0.0000
vt 0.3423 0.3181 0.0000
vt 0.3240 0.3152 0.0000
vt 0.3287 0.3166 0.0000
vt 0.3286 0.3199 0.0000
vt 0.3234 0.3185 0.0000
vt 0.4168 0.3053 0.0000
vt 0.4177 0.3128 0.0000
vt 0.3701 0.3192 0.0000
vt 0.3703 0.3230 0.0000
vt 0.3404 0.3143 0.0000
vt 0.3362 0.3174 0.0000
vt 0.3360 0.3205 0.0000
vt 0.3311 0.3203 0.0000
vt 0.3309 0.3170 0.0000
vt 0.3337 0.3173 0.0000
vt 0.3338 0.3205 0.0000
vt 0.3296 0.3192 0.0000
vt 0.3297 0.3168 0.0000
vt 0.3599 0.3068 0.0000
vt 0.3598 0.3111 0.0000
vt 0.3549 0.3111 0.0000
vt 0.3546 0.3069 0.0000
vt 0.3576 0.3156 0.0000
vt 0.3551 0.3147 0.0000
vt 0.3644 0.3150 0.0000
vt 0.3643 0.3184 0.0000
vt 0.3638 0.3184 0.0000
vt 0.3652 0.3185 0.0000
vt 0.3645 0.3221 0.0000
vt 0.3638 0.3224 0.0000
vt 0.3650 0.3230 0.0000
vt 0.3549 0.3210 0.0000
vt 0.3550 0.3180 0.0000
vt 0.3555 0.3181 0.0000
vt 0.3556 0.3216 0.0000
vt 0.3545 0.3181 0.0000
vt 0.3543 0.3214 0.0000
vt 0.3498 0.3181 0.0000
vt 0.3500 0.3147 0.0000
vt 0.3503 0.3181 0.0000
vt 0.3490 0.3181 0.0000
vt 0.3498 0.3204 0.0000
vt 0.3490 0.3213 0.0000
vt 0.3466 0.3214 0.0000
vt 0.3467 0.3182 0.0000
vt 0.3915 0.3109 0.0000
vt 0.3915 0.3067 0.0000
vt 0.3292 0.3138 0.0000
vt 0.3341 0.3139 0.0000
vt 0.3240 0.3128 0.0000
vt 0.3432 0.3181 0.0000
vt 0.3433 0.3207 0.0000
vt 0.3443 0.3182 0.0000
vt 0.3446 0.3211 0.0000
vt 0.3778 0.3112 0.0000
vt 0.3781 0.3067 0.0000
vt 0.3797 0.3158 0.0000
vt 0.3798 0.3183 0.0000
vt 0.3814 0.3182 0.0000
vt 0.3797 0.3226 0.0000
vt 0.3812 0.3219 0.0000
vt 0.3637 0.3067 0.0000
vt 0.3640 0.3112 0.0000
vt 0.3621 0.3158 0.0000
vt 0.3604 0.3182 0.0000
vt 0.3598 0.3147 0.0000
vt 0.3619 0.3183 0.0000
vt 0.3605 0.3219 0.0000
vt 0.3621 0.3226 0.0000
vt 0.4177 0.3152 0.0000
vt 0.4184 0.3185 0.0000
vt 0.3823 0.3182 0.0000
vt 0.3820 0.3182 0.0000
vt 0.3824 0.3217 0.0000
vt 0.3819 0.3213 0.0000
vt 0.3598 0.3182 0.0000
vt 0.3594 0.3182 0.0000
vt 0.3598 0.3213 0.0000
vt 0.3594 0.3217 0.0000
vt 0.3897 0.3222 0.0000
vt 0.3894 0.3181 0.0000
vt 0.3912 0.3210 0.0000
vt 0.3891 0.3144 0.0000
vt 0.3521 0.3222 0.0000
vt 0.3505 0.3210 0.0000
vt 0.3523 0.3181 0.0000
vt 0.3526 0.3144 0.0000
vt 0.3972 0.3211 0.0000
vt 0.3952 0.3214 0.0000
vt 0.3951 0.3182 0.0000
vt 0.3975 0.3182 0.0000
vt 0.3947 0.3142 0.0000
vt 0.3739 0.3157 0.0000
vt 0.3709 0.3110 0.0000
vt 0.3742 0.3190 0.0000
vt 0.3742 0.3233 0.0000
vt 0.3709 0.3064 0.0000
vt 0.3678 0.3157 0.0000
vt 0.3676 0.3190 0.0000
vt 0.3675 0.3233 0.0000
vt 0.3842 0.3180 0.0000
vt 0.3842 0.3225 0.0000
vt 0.3576 0.3180 0.0000
vt 0.3575 0.3226 0.0000
vt 0.3682 0.2993 0.0000
vt 0.3671 0.2992 0.0000
vt 0.3682 0.2975 0.0000
vt 0.3682 0.3012 0.0000
vt 0.3670 0.3014 0.0000
vt 0.3682 0.3028 0.0000
vt 0.3672 0.3039 0.0000
vt 0.3682 0.3043 0.0000
vt 0.3674 0.3043 0.0000
vt 0.3407 0.2965 0.0000
vt 0.3406 0.2976 0.0000
vt 0.3386 0.2968 0.0000
vt 0.3384 0.2962 0.0000
vt 0.3851 0.2864 0.0000
vt 0.3909 0.2855 0.0000
vt 0.3913 0.2895 0.0000
vt 0.3854 0.2905 0.0000
vt 0.3429 0.2964 0.0000
vt 0.3428 0.2981 0.0000
vt 0.3424 0.2996 0.0000
vt 0.3404 0.2992 0.0000
vt 0.3422 0.3022 0.0000
vt 0.3399 0.3021 0.0000
vt 0.3990 0.2959 0.0000
vt 0.3979 0.2961 0.0000
vt 0.3985 0.2936 0.0000
vt 0.3367 0.2958 0.0000
vt 0.3373 0.2960 0.0000
vt 0.3372 0.2964 0.0000
vt 0.3363 0.2962 0.0000
vt 0.3373 0.2970 0.0000
vt 0.3356 0.2983 0.0000
vt 0.3360 0.3015 0.0000
vt 0.3368 0.3007 0.0000
vt 0.3318 0.2980 0.0000
vt 0.3320 0.2959 0.0000
vt 0.3341 0.2961 0.0000
vt 0.3336 0.2979 0.0000
vt 0.3336 0.3019 0.0000
vt 0.3311 0.3008 0.0000
vt 0.3295 0.2970 0.0000
vt 0.3294 0.2949 0.0000
vt 0.3306 0.2953 0.0000
vt 0.3306 0.2969 0.0000
vt 0.3294 0.3000 0.0000
vt 0.3284 0.3000 0.0000
vt 0.3889 0.2941 0.0000
vt 0.3864 0.2952 0.0000
vt 0.3387 0.2989 0.0000
vt 0.3380 0.3014 0.0000
vt 0.3587 0.2873 0.0000
vt 0.3584 0.2914 0.0000
vt 0.3546 0.2911 0.0000
vt 0.3545 0.2870 0.0000
vt 0.3543 0.2953 0.0000
vt 0.3564 0.2948 0.0000
vt 0.3626 0.2979 0.0000
vt 0.3619 0.2979 0.0000
vt 0.3627 0.2961 0.0000
vt 0.3635 0.2982 0.0000
vt 0.3617 0.3003 0.0000
vt 0.3626 0.3004 0.0000
vt 0.3635 0.3009 0.0000
vt 0.3624 0.3024 0.0000
vt 0.3618 0.3030 0.0000
vt 0.3621 0.3035 0.0000
vt 0.3616 0.3033 0.0000
vt 0.3629 0.3037 0.0000
vt 0.3627 0.3042 0.0000
vt 0.3541 0.2993 0.0000
vt 0.3548 0.2995 0.0000
vt 0.3545 0.3019 0.0000
vt 0.3540 0.3014 0.0000
vt 0.3540 0.3029 0.0000
vt 0.3545 0.3027 0.0000
vt 0.3531 0.2993 0.0000
vt 0.3533 0.3016 0.0000
vt 0.3535 0.3031 0.0000
vt 0.3550 0.2971 0.0000
vt 0.3542 0.2970 0.0000
vt 0.3534 0.2971 0.0000
vt 0.3499 0.2952 0.0000
vt 0.3497 0.2975 0.0000
vt 0.3496 0.2975 0.0000
vt 0.3493 0.2975 0.0000
vt 0.3490 0.2982 0.0000
vt 0.3496 0.2982 0.0000
vt 0.3412 0.2935 0.0000
vt 0.3385 0.2886 0.0000
vt 0.3450 0.2896 0.0000
vt 0.3442 0.2946 0.0000
vt 0.3378 0.2936 0.0000
vt 0.3454 0.2856 0.0000
vt 0.3389 0.2846 0.0000
vt 0.3344 0.2919 0.0000
vt 0.3301 0.2918 0.0000
vt 0.3258 0.2870 0.0000
vt 0.3343 0.2944 0.0000
vt 0.3318 0.2941 0.0000
vt 0.3288 0.2932 0.0000
vt 0.3303 0.2936 0.0000
vt 0.3975 0.2987 0.0000
vt 0.3978 0.2967 0.0000
vt 0.3992 0.2963 0.0000
vt 0.3991 0.2969 0.0000
vt 0.3985 0.3012 0.0000
vt 0.3996 0.3007 0.0000
vt 0.3439 0.2966 0.0000
vt 0.3436 0.2979 0.0000
vt 0.4097 0.2830 0.0000
vt 0.4105 0.2868 0.0000
vt 0.3978 0.2885 0.0000
vt 0.3973 0.2845 0.0000
vt 0.3959 0.2991 0.0000
vt 0.3938 0.2996 0.0000
vt 0.3935 0.2980 0.0000
vt 0.3957 0.2975 0.0000
vt 0.3966 0.3020 0.0000
vt 0.3943 0.3023 0.0000
vt 0.4075 0.2930 0.0000
vt 0.4112 0.2921 0.0000
vt 0.4116 0.2935 0.0000
vt 0.4069 0.2947 0.0000
vt 0.3265 0.2833 0.0000
vt 0.3956 0.2965 0.0000
vt 0.3692 0.2992 0.0000
vt 0.3693 0.3014 0.0000
vt 0.3690 0.3039 0.0000
vt 0.3689 0.3043 0.0000
vt 0.3951 0.2934 0.0000
vt 0.3934 0.2964 0.0000
vt 0.3996 0.2957 0.0000
vt 0.4000 0.2961 0.0000
vt 0.4007 0.2982 0.0000
vt 0.4005 0.3014 0.0000
vt 0.4027 0.2978 0.0000
vt 0.4023 0.2959 0.0000
vt 0.4043 0.2957 0.0000
vt 0.4045 0.2978 0.0000
vt 0.4054 0.3005 0.0000
vt 0.4029 0.3016 0.0000
vt 0.4058 0.2967 0.0000
vt 0.4057 0.2951 0.0000
vt 0.4069 0.2968 0.0000
vt 0.4080 0.2998 0.0000
vt 0.4069 0.2998 0.0000
vt 0.3776 0.2873 0.0000
vt 0.3818 0.2870 0.0000
vt 0.3817 0.2911 0.0000
vt 0.3779 0.2914 0.0000
vt 0.3799 0.2948 0.0000
vt 0.3820 0.2953 0.0000
vt 0.3780 0.2956 0.0000
vt 0.3745 0.2979 0.0000
vt 0.3737 0.2979 0.0000
vt 0.3736 0.2961 0.0000
vt 0.3728 0.2982 0.0000
vt 0.3746 0.3003 0.0000
vt 0.3737 0.3004 0.0000
vt 0.3728 0.3009 0.0000
vt 0.3745 0.3030 0.0000
vt 0.3739 0.3024 0.0000
vt 0.3746 0.3033 0.0000
vt 0.3742 0.3034 0.0000
vt 0.3733 0.3037 0.0000
vt 0.3737 0.3042 0.0000
vt 0.3819 0.3019 0.0000
vt 0.3815 0.2995 0.0000
vt 0.3822 0.2993 0.0000
vt 0.3823 0.3014 0.0000
vt 0.3823 0.3030 0.0000
vt 0.3818 0.3027 0.0000
vt 0.3832 0.2993 0.0000
vt 0.3830 0.3016 0.0000
vt 0.3828 0.3032 0.0000
vt 0.3813 0.2971 0.0000
vt 0.3821 0.2970 0.0000
vt 0.3829 0.2971 0.0000
vt 0.3866 0.2974 0.0000
vt 0.3867 0.2974 0.0000
vt 0.3870 0.2974 0.0000
vt 0.3873 0.2981 0.0000
vt 0.3868 0.2981 0.0000
vt 0.3881 0.3016 0.0000
vt 0.3893 0.2981 0.0000
vt 0.3899 0.3001 0.0000
vt 0.3905 0.3031 0.0000
vt 0.3882 0.3031 0.0000
vt 0.3511 0.2864 0.0000
vt 0.3509 0.2905 0.0000
vt 0.3921 0.2945 0.0000
vt 0.4061 0.2916 0.0000
vt 0.4019 0.2918 0.0000
vt 0.4045 0.2939 0.0000
vt 0.4021 0.2943 0.0000
vt 0.4060 0.2934 0.0000
vt 0.3437 0.2989 0.0000
vt 0.3431 0.3017 0.0000
vt 0.4113 0.2900 0.0000
vt 0.4118 0.2953 0.0000
vt 0.4130 0.2980 0.0000
vt 0.3924 0.2965 0.0000
vt 0.3927 0.2978 0.0000
vt 0.3915 0.2978 0.0000
vt 0.3915 0.2971 0.0000
vt 0.3621 0.2874 0.0000
vt 0.3623 0.2917 0.0000
vt 0.3605 0.2952 0.0000
vt 0.3590 0.2974 0.0000
vt 0.3584 0.2956 0.0000
vt 0.3605 0.2978 0.0000
vt 0.3604 0.3002 0.0000
vt 0.3591 0.2999 0.0000
vt 0.3603 0.3030 0.0000
vt 0.3588 0.3022 0.0000
vt 0.3587 0.3027 0.0000
vt 0.3601 0.3034 0.0000
vt 0.3740 0.2917 0.0000
vt 0.3742 0.2874 0.0000
vt 0.3758 0.2952 0.0000
vt 0.3773 0.2974 0.0000
vt 0.3758 0.2978 0.0000
vt 0.3772 0.2998 0.0000
vt 0.3759 0.3002 0.0000
vt 0.3775 0.3022 0.0000
vt 0.3760 0.3030 0.0000
vt 0.3776 0.3026 0.0000
vt 0.3762 0.3034 0.0000
vt 0.3247 0.2938 0.0000
vt 0.3250 0.2923 0.0000
vt 0.3926 0.2989 0.0000
vt 0.3933 0.3018 0.0000
vt 0.3583 0.2972 0.0000
vt 0.3576 0.2972 0.0000
vt 0.3582 0.2995 0.0000
vt 0.3574 0.2996 0.0000
vt 0.3582 0.3013 0.0000
vt 0.3577 0.3020 0.0000
vt 0.3578 0.3025 0.0000
vt 0.3582 0.3022 0.0000
vt 0.3788 0.2972 0.0000
vt 0.3780 0.2972 0.0000
vt 0.3781 0.2995 0.0000
vt 0.3789 0.2996 0.0000
vt 0.3786 0.3021 0.0000
vt 0.3781 0.3013 0.0000
vt 0.3785 0.3025 0.0000
vt 0.3781 0.3022 0.0000
vt 0.3250 0.2903 0.0000
vt 0.3498 0.2983 0.0000
vt 0.3516 0.2993 0.0000
vt 0.3515 0.3022 0.0000
vt 0.3499 0.3013 0.0000
vt 0.3496 0.3028 0.0000
vt 0.3513 0.3037 0.0000
vt 0.3518 0.2970 0.0000
vt 0.3522 0.2946 0.0000
vt 0.3246 0.2956 0.0000
vt 0.3234 0.2984 0.0000
vt 0.3847 0.2993 0.0000
vt 0.3865 0.2983 0.0000
vt 0.3864 0.3013 0.0000
vt 0.3848 0.3022 0.0000
vt 0.3867 0.3027 0.0000
vt 0.3852 0.3037 0.0000
vt 0.3845 0.2970 0.0000
vt 0.3841 0.2945 0.0000
vt 0.3470 0.2981 0.0000
vt 0.3464 0.3002 0.0000
vt 0.3448 0.2999 0.0000
vt 0.3448 0.2978 0.0000
vt 0.3443 0.3023 0.0000
vt 0.3460 0.3032 0.0000
vt 0.3474 0.2942 0.0000
vt 0.3470 0.2973 0.0000
vt 0.3448 0.2971 0.0000
vt 0.3915 0.2998 0.0000
vt 0.3922 0.3021 0.0000
vt 0.3893 0.2972 0.0000
vt 0.3481 0.3017 0.0000
vt 0.3484 0.3031 0.0000
vt 0.3682 0.2915 0.0000
vt 0.3654 0.2958 0.0000
vt 0.3653 0.2987 0.0000
vt 0.3652 0.3013 0.0000
vt 0.3650 0.3039 0.0000
vt 0.3650 0.3048 0.0000
vt 0.3682 0.2871 0.0000
vt 0.3709 0.2958 0.0000
vt 0.3710 0.2987 0.0000
vt 0.3711 0.3013 0.0000
vt 0.3713 0.3040 0.0000
vt 0.3713 0.3048 0.0000
vt 0.3562 0.2974 0.0000
vt 0.3561 0.2998 0.0000
vt 0.3561 0.3025 0.0000
vt 0.3562 0.3035 0.0000
vt 0.3801 0.2974 0.0000
vt 0.3802 0.2998 0.0000
vt 0.3802 0.3025 0.0000
vt 0.3801 0.3035 0.0000
vt 0.3493 0.3005 0.0000
vt 0.3491 0.3026 0.0000
vt 0.3870 0.3004 0.0000
vt 0.3872 0.3026 0.0000
vt 0.3902 0.3311 0.0000
vt 0.3895 0.3312 0.0000
vt 0.3895 0.3301 0.0000
vt 0.3901 0.3295 0.0000
vt 0.3889 0.3311 0.0000
vt 0.3889 0.3292 0.0000
vt 0.3962 0.3357 0.0000
vt 0.3954 0.3333 0.0000
vt 0.3961 0.3334 0.0000
vt 0.3968 0.3334 0.0000
vt 0.3952 0.3316 0.0000
vt 0.3958 0.3317 0.0000
vt 0.3965 0.3317 0.0000
vt 0.4092 0.3334 0.0000
vt 0.4084 0.3331 0.0000
vt 0.4084 0.3312 0.0000
vt 0.4093 0.3321 0.0000
vt 0.3959 0.3304 0.0000
vt 0.3956 0.3299 0.0000
vt 0.3928 0.3329 0.0000
vt 0.3930 0.3356 0.0000
vt 0.3897 0.3355 0.0000
vt 0.3904 0.3328 0.0000
vt 0.3928 0.3311 0.0000
vt 0.3897 0.3328 0.0000
vt 0.3889 0.3327 0.0000
vt 0.3243 0.3331 0.0000
vt 0.3267 0.3329 0.0000
vt 0.3270 0.3345 0.0000
vt 0.3242 0.3349 0.0000
vt 0.3240 0.3367 0.0000
vt 0.3270 0.3364 0.0000
vt 0.3834 0.3303 0.0000
vt 0.3839 0.3305 0.0000
vt 0.3836 0.3320 0.0000
vt 0.3830 0.3320 0.0000
vt 0.3836 0.3287 0.0000
vt 0.3840 0.3293 0.0000
vt 0.3846 0.3288 0.0000
vt 0.3846 0.3305 0.0000
vt 0.3669 0.3287 0.0000
vt 0.3663 0.3288 0.0000
vt 0.3663 0.3282 0.0000
vt 0.3668 0.3276 0.0000
vt 0.3669 0.3307 0.0000
vt 0.3663 0.3307 0.0000
vt 0.3663 0.3340 0.0000
vt 0.3362 0.3317 0.0000
vt 0.3338 0.3320 0.0000
vt 0.3338 0.3301 0.0000
vt 0.3360 0.3298 0.0000
vt 0.3312 0.3320 0.0000
vt 0.3337 0.3337 0.0000
vt 0.3313 0.3338 0.0000
vt 0.3718 0.3341 0.0000
vt 0.3722 0.3314 0.0000
vt 0.3741 0.3315 0.0000
vt 0.3743 0.3344 0.0000
vt 0.3708 0.3314 0.0000
vt 0.3709 0.3293 0.0000
vt 0.3724 0.3289 0.0000
vt 0.3743 0.3296 0.0000
vt 0.3768 0.3317 0.0000
vt 0.3770 0.3289 0.0000
vt 0.3788 0.3295 0.0000
vt 0.3786 0.3318 0.0000
vt 0.3755 0.3278 0.0000
vt 0.3773 0.3275 0.0000
vt 0.3754 0.3295 0.0000
vt 0.3789 0.3281 0.0000
vt 0.3710 0.3276 0.0000
vt 0.3728 0.3274 0.0000
vt 0.3783 0.3377 0.0000
vt 0.3741 0.3374 0.0000
vt 0.3764 0.3347 0.0000
vt 0.3787 0.3348 0.0000
vt 0.3780 0.3411 0.0000
vt 0.3740 0.3410 0.0000
vt 0.3699 0.3409 0.0000
vt 0.3698 0.3374 0.0000
vt 0.3305 0.3312 0.0000
vt 0.3314 0.3303 0.0000
vt 0.3304 0.3321 0.0000
vt 0.3826 0.3413 0.0000
vt 0.3828 0.3377 0.0000
vt 0.3896 0.3378 0.0000
vt 0.3894 0.3415 0.0000
vt 0.3303 0.3387 0.0000
vt 0.3242 0.3394 0.0000
vt 0.3424 0.3311 0.0000
vt 0.3425 0.3295 0.0000
vt 0.3432 0.3301 0.0000
vt 0.3431 0.3312 0.0000
vt 0.3438 0.3292 0.0000
vt 0.3438 0.3311 0.0000
vt 0.3365 0.3357 0.0000
vt 0.3366 0.3334 0.0000
vt 0.3373 0.3333 0.0000
vt 0.3359 0.3334 0.0000
vt 0.3369 0.3317 0.0000
vt 0.3375 0.3316 0.0000
vt 0.3235 0.3334 0.0000
vt 0.3234 0.3321 0.0000
vt 0.3243 0.3312 0.0000
vt 0.3368 0.3304 0.0000
vt 0.3371 0.3299 0.0000
vt 0.3397 0.3356 0.0000
vt 0.3399 0.3329 0.0000
vt 0.3423 0.3328 0.0000
vt 0.3430 0.3355 0.0000
vt 0.3399 0.3311 0.0000
vt 0.3430 0.3328 0.0000
vt 0.3438 0.3327 0.0000
vt 0.4056 0.3345 0.0000
vt 0.4060 0.3329 0.0000
vt 0.4084 0.3349 0.0000
vt 0.4086 0.3367 0.0000
vt 0.4056 0.3364 0.0000
vt 0.3487 0.3305 0.0000
vt 0.3493 0.3303 0.0000
vt 0.3496 0.3320 0.0000
vt 0.3491 0.3320 0.0000
vt 0.3491 0.3287 0.0000
vt 0.3487 0.3293 0.0000
vt 0.3481 0.3305 0.0000
vt 0.3481 0.3288 0.0000
vt 0.3659 0.3276 0.0000
vt 0.3658 0.3287 0.0000
vt 0.3658 0.3307 0.0000
vt 0.3303 0.3361 0.0000
vt 0.3334 0.3358 0.0000
vt 0.3364 0.3381 0.0000
vt 0.3584 0.3344 0.0000
vt 0.3585 0.3315 0.0000
vt 0.3605 0.3314 0.0000
vt 0.3608 0.3341 0.0000
vt 0.3617 0.3293 0.0000
vt 0.3618 0.3314 0.0000
vt 0.3602 0.3289 0.0000
vt 0.3584 0.3296 0.0000
vt 0.3559 0.3317 0.0000
vt 0.3541 0.3318 0.0000
vt 0.3539 0.3295 0.0000
vt 0.3557 0.3289 0.0000
vt 0.3572 0.3295 0.0000
vt 0.3554 0.3275 0.0000
vt 0.3572 0.3278 0.0000
vt 0.3538 0.3281 0.0000
vt 0.3599 0.3274 0.0000
vt 0.3617 0.3276 0.0000
vt 0.3586 0.3374 0.0000
vt 0.3544 0.3377 0.0000
vt 0.3540 0.3348 0.0000
vt 0.3563 0.3347 0.0000
vt 0.3587 0.3410 0.0000
vt 0.3546 0.3411 0.0000
vt 0.3627 0.3409 0.0000
vt 0.3629 0.3374 0.0000
vt 0.4013 0.3303 0.0000
vt 0.4022 0.3312 0.0000
vt 0.4023 0.3321 0.0000
vt 0.4014 0.3320 0.0000
vt 0.3431 0.3378 0.0000
vt 0.3499 0.3377 0.0000
vt 0.3500 0.3413 0.0000
vt 0.3433 0.3415 0.0000
vt 0.4084 0.3394 0.0000
vt 0.4024 0.3387 0.0000
vt 0.3747 0.3316 0.0000
vt 0.3753 0.3316 0.0000
vt 0.3748 0.3298 0.0000
vt 0.3746 0.3278 0.0000
vt 0.3750 0.3282 0.0000
vt 0.3580 0.3316 0.0000
vt 0.3574 0.3316 0.0000
vt 0.3578 0.3298 0.0000
vt 0.3577 0.3282 0.0000
vt 0.3580 0.3278 0.0000
vt 0.3700 0.3340 0.0000
vt 0.3703 0.3314 0.0000
vt 0.3988 0.3320 0.0000
vt 0.3967 0.3298 0.0000
vt 0.3989 0.3301 0.0000
vt 0.4014 0.3338 0.0000
vt 0.3990 0.3337 0.0000
vt 0.3626 0.3340 0.0000
vt 0.3624 0.3314 0.0000
vt 0.3993 0.3358 0.0000
vt 0.4024 0.3361 0.0000
vt 0.3963 0.3381 0.0000
vt 0.3663 0.3409 0.0000
vt 0.3663 0.3375 0.0000
vt 0.3699 0.3291 0.0000
vt 0.3684 0.3284 0.0000
vt 0.3686 0.3272 0.0000
vt 0.3701 0.3277 0.0000
vt 0.3696 0.3314 0.0000
vt 0.3682 0.3311 0.0000
vt 0.3681 0.3340 0.0000
vt 0.3628 0.3291 0.0000
vt 0.3625 0.3277 0.0000
vt 0.3641 0.3272 0.0000
vt 0.3642 0.3284 0.0000
vt 0.3644 0.3311 0.0000
vt 0.3631 0.3314 0.0000
vt 0.3646 0.3340 0.0000
vt 0.3305 0.3339 0.0000
vt 0.3295 0.3340 0.0000
vt 0.3294 0.3322 0.0000
vt 0.3808 0.3349 0.0000
vt 0.3811 0.3319 0.0000
vt 0.3830 0.3350 0.0000
vt 0.4021 0.3339 0.0000
vt 0.4033 0.3322 0.0000
vt 0.4031 0.3340 0.0000
vt 0.3519 0.3349 0.0000
vt 0.3496 0.3350 0.0000
vt 0.3516 0.3319 0.0000
vt 0.3859 0.3325 0.0000
vt 0.3856 0.3351 0.0000
vt 0.3842 0.3321 0.0000
vt 0.3865 0.3307 0.0000
vt 0.3269 0.3307 0.0000
vt 0.3293 0.3303 0.0000
vt 0.3470 0.3351 0.0000
vt 0.3468 0.3325 0.0000
vt 0.3484 0.3321 0.0000
vt 0.3462 0.3307 0.0000
vt 0.4033 0.3303 0.0000
vt 0.4058 0.3307 0.0000
vt 0.3799 0.3319 0.0000
vt 0.3791 0.3319 0.0000
vt 0.3794 0.3297 0.0000
vt 0.3802 0.3297 0.0000
vt 0.3796 0.3287 0.0000
vt 0.3802 0.3280 0.0000
vt 0.3536 0.3319 0.0000
vt 0.3528 0.3319 0.0000
vt 0.3525 0.3297 0.0000
vt 0.3533 0.3297 0.0000
vt 0.3525 0.3280 0.0000
vt 0.3531 0.3287 0.0000
vt 0.4085 0.3430 0.0000
vt 0.4023 0.3425 0.0000
vt 0.3242 0.3430 0.0000
vt 0.3304 0.3425 0.0000
vt 0.3365 0.3420 0.0000
vt 0.3962 0.3420 0.0000
vt 0.3927 0.3297 0.0000
vt 0.3399 0.3297 0.0000
vt 0.3868 0.3288 0.0000
vt 0.3459 0.3288 0.0000
vt 0.3815 0.3296 0.0000
vt 0.3819 0.3276 0.0000
vt 0.3512 0.3296 0.0000
vt 0.3508 0.3276 0.0000
vt 0.3705 0.3294 0.0000
vt 0.3705 0.3285 0.0000
vt 0.3622 0.3294 0.0000
vt 0.3621 0.3285 0.0000
vt 0.3449 0.3532 0.0000
vt 0.3445 0.3490 0.0000
vt 0.3455 0.3489 0.0000
vt 0.3461 0.3525 0.0000
vt 0.3468 0.3484 0.0000
vt 0.3469 0.3526 0.0000
vt 0.3242 0.3576 0.0000
vt 0.3248 0.3562 0.0000
vt 0.3264 0.3598 0.0000
vt 0.3261 0.3603 0.0000
vt 0.3385 0.3509 0.0000
vt 0.3389 0.3509 0.0000
vt 0.3402 0.3546 0.0000
vt 0.3396 0.3550 0.0000
vt 0.3527 0.3496 0.0000
vt 0.3529 0.3497 0.0000
vt 0.3524 0.3512 0.0000
vt 0.3523 0.3500 0.0000
vt 0.3507 0.3519 0.0000
vt 0.3517 0.3493 0.0000
vt 0.3702 0.3478 0.0000
vt 0.3703 0.3471 0.0000
vt 0.3709 0.3475 0.0000
vt 0.3709 0.3480 0.0000
vt 0.4070 0.3515 0.0000
vt 0.4052 0.3563 0.0000
vt 0.4032 0.3554 0.0000
vt 0.4045 0.3509 0.0000
vt 0.3595 0.3474 0.0000
vt 0.3615 0.3476 0.0000
vt 0.3613 0.3481 0.0000
vt 0.3595 0.3479 0.0000
vt 0.3579 0.3487 0.0000
vt 0.3576 0.3481 0.0000
vt 0.3646 0.3475 0.0000
vt 0.3646 0.3470 0.0000
vt 0.3668 0.3474 0.0000
vt 0.3663 0.3478 0.0000
vt 0.4101 0.3542 0.0000
vt 0.4087 0.3575 0.0000
vt 0.4076 0.3569 0.0000
vt 0.4090 0.3534 0.0000
vt 0.3973 0.3490 0.0000
vt 0.3969 0.3533 0.0000
vt 0.3957 0.3526 0.0000
vt 0.3962 0.3490 0.0000
vt 0.3949 0.3527 0.0000
vt 0.3950 0.3485 0.0000
vt 0.4153 0.3599 0.0000
vt 0.4169 0.3563 0.0000
vt 0.4175 0.3577 0.0000
vt 0.4156 0.3604 0.0000
vt 0.4016 0.3547 0.0000
vt 0.4028 0.3510 0.0000
vt 0.4033 0.3510 0.0000
vt 0.4022 0.3551 0.0000
vt 0.3894 0.3500 0.0000
vt 0.3893 0.3512 0.0000
vt 0.3889 0.3498 0.0000
vt 0.3890 0.3496 0.0000
vt 0.3911 0.3519 0.0000
vt 0.3900 0.3494 0.0000
vt 0.3715 0.3471 0.0000
vt 0.3716 0.3478 0.0000
vt 0.3823 0.3474 0.0000
vt 0.3822 0.3480 0.0000
vt 0.3804 0.3481 0.0000
vt 0.3803 0.3476 0.0000
vt 0.3839 0.3487 0.0000
vt 0.3842 0.3482 0.0000
vt 0.3772 0.3475 0.0000
vt 0.3755 0.3478 0.0000
vt 0.3750 0.3474 0.0000
vt 0.3772 0.3470 0.0000
vt 0.3317 0.3541 0.0000
vt 0.3327 0.3533 0.0000
vt 0.3341 0.3568 0.0000
vt 0.3331 0.3574 0.0000
vt 0.3621 0.3484 0.0000
vt 0.3621 0.3481 0.0000
vt 0.3624 0.3475 0.0000
vt 0.3629 0.3479 0.0000
vt 0.3789 0.3479 0.0000
vt 0.3794 0.3475 0.0000
vt 0.3797 0.3481 0.0000
vt 0.3796 0.3484 0.0000
vt 0.3366 0.3562 0.0000
vt 0.3347 0.3514 0.0000
vt 0.3373 0.3508 0.0000
vt 0.3386 0.3553 0.0000
vt 0.3666 0.3480 0.0000
vt 0.3663 0.3477 0.0000
vt 0.3681 0.3470 0.0000
vt 0.3682 0.3474 0.0000
vt 0.3752 0.3480 0.0000
vt 0.3736 0.3475 0.0000
vt 0.3736 0.3470 0.0000
vt 0.3755 0.3477 0.0000
vt 0.4127 0.3591 0.0000
vt 0.4104 0.3581 0.0000
vt 0.4115 0.3539 0.0000
vt 0.4146 0.3542 0.0000
vt 0.3290 0.3590 0.0000
vt 0.3272 0.3541 0.0000
vt 0.3302 0.3538 0.0000
vt 0.3314 0.3579 0.0000
vt 0.3563 0.3492 0.0000
vt 0.3565 0.3485 0.0000
vt 0.3572 0.3488 0.0000
vt 0.3574 0.3498 0.0000
vt 0.3846 0.3489 0.0000
vt 0.3853 0.3485 0.0000
vt 0.3855 0.3492 0.0000
vt 0.3844 0.3498 0.0000
vt 0.3415 0.3492 0.0000
vt 0.3428 0.3539 0.0000
vt 0.3990 0.3540 0.0000
vt 0.4002 0.3493 0.0000
vt 0.3494 0.3478 0.0000
vt 0.3488 0.3522 0.0000
vt 0.3929 0.3523 0.0000
vt 0.3923 0.3478 0.0000
vt 0.3546 0.3483 0.0000
vt 0.3547 0.3488 0.0000
vt 0.3871 0.3489 0.0000
vt 0.3872 0.3484 0.0000
vt 0.3665 0.3487 0.0000
vt 0.3665 0.3490 0.0000
vt 0.3753 0.3490 0.0000
vt 0.3753 0.3487 0.0000
vt 0.3452 0.3551 0.0000
vt 0.3464 0.3546 0.0000
vt 0.3475 0.3544 0.0000
vt 0.3405 0.3587 0.0000
vt 0.3415 0.3583 0.0000
vt 0.3407 0.3604 0.0000
vt 0.3394 0.3590 0.0000
vt 0.3413 0.3565 0.0000
vt 0.3403 0.3569 0.0000
vt 0.3389 0.3573 0.0000
vt 0.3275 0.3616 0.0000
vt 0.3263 0.3621 0.0000
vt 0.3456 0.3568 0.0000
vt 0.3472 0.3581 0.0000
vt 0.3431 0.3599 0.0000
vt 0.3433 0.3578 0.0000
vt 0.3431 0.3559 0.0000
vt 0.3479 0.3562 0.0000
vt 0.3468 0.3564 0.0000
vt 0.4111 0.3626 0.0000
vt 0.4119 0.3610 0.0000
vt 0.4142 0.3618 0.0000
vt 0.4140 0.3639 0.0000
vt 0.4137 0.3663 0.0000
vt 0.4096 0.3643 0.0000
vt 0.3536 0.3526 0.0000
vt 0.3540 0.3547 0.0000
vt 0.3530 0.3548 0.0000
vt 0.3526 0.3530 0.0000
vt 0.3513 0.3535 0.0000
vt 0.3701 0.3502 0.0000
vt 0.3709 0.3503 0.0000
vt 0.3702 0.3521 0.0000
vt 0.3709 0.3521 0.0000
vt 0.3709 0.3537 0.0000
vt 0.4048 0.3582 0.0000
vt 0.4029 0.3574 0.0000
vt 0.4042 0.3599 0.0000
vt 0.4069 0.3587 0.0000
vt 0.4065 0.3604 0.0000
vt 0.3644 0.3549 0.0000
vt 0.3627 0.3544 0.0000
vt 0.3632 0.3526 0.0000
vt 0.3647 0.3529 0.0000
vt 0.3646 0.3504 0.0000
vt 0.3659 0.3503 0.0000
vt 0.3661 0.3525 0.0000
vt 0.3629 0.3505 0.0000
vt 0.3588 0.3535 0.0000
vt 0.3586 0.3515 0.0000
vt 0.3600 0.3511 0.0000
vt 0.3604 0.3533 0.0000
vt 0.3614 0.3509 0.0000
vt 0.3631 0.3578 0.0000
vt 0.3591 0.3596 0.0000
vt 0.3583 0.3554 0.0000
vt 0.3612 0.3555 0.0000
vt 0.3636 0.3630 0.0000
vt 0.3598 0.3634 0.0000
vt 0.3675 0.3628 0.0000
vt 0.3675 0.3588 0.0000
vt 0.4083 0.3591 0.0000
vt 0.3492 0.3654 0.0000
vt 0.3481 0.3615 0.0000
vt 0.3549 0.3602 0.0000
vt 0.3558 0.3641 0.0000
vt 0.4128 0.3688 0.0000
vt 0.4068 0.3658 0.0000
vt 0.3966 0.3552 0.0000
vt 0.3954 0.3547 0.0000
vt 0.3942 0.3545 0.0000
vt 0.4003 0.3584 0.0000
vt 0.4012 0.3588 0.0000
vt 0.4010 0.3605 0.0000
vt 0.4023 0.3591 0.0000
vt 0.4005 0.3566 0.0000
vt 0.4015 0.3570 0.0000
vt 0.4154 0.3622 0.0000
vt 0.3986 0.3600 0.0000
vt 0.3946 0.3582 0.0000
vt 0.3961 0.3569 0.0000
vt 0.3984 0.3578 0.0000
vt 0.3986 0.3560 0.0000
vt 0.3938 0.3562 0.0000
vt 0.3950 0.3565 0.0000
vt 0.3298 0.3608 0.0000
vt 0.3307 0.3625 0.0000
vt 0.3277 0.3638 0.0000
vt 0.3321 0.3642 0.0000
vt 0.3280 0.3662 0.0000
vt 0.3887 0.3549 0.0000
vt 0.3878 0.3547 0.0000
vt 0.3882 0.3526 0.0000
vt 0.3892 0.3530 0.0000
vt 0.3904 0.3535 0.0000
vt 0.3717 0.3502 0.0000
vt 0.3716 0.3521 0.0000
vt 0.4071 0.3624 0.0000
vt 0.4032 0.3616 0.0000
vt 0.4004 0.3636 0.0000
vt 0.3791 0.3544 0.0000
vt 0.3774 0.3549 0.0000
vt 0.3771 0.3529 0.0000
vt 0.3786 0.3526 0.0000
vt 0.3772 0.3504 0.0000
vt 0.3756 0.3525 0.0000
vt 0.3758 0.3504 0.0000
vt 0.3788 0.3505 0.0000
vt 0.3831 0.3515 0.0000
vt 0.3829 0.3535 0.0000
vt 0.3813 0.3533 0.0000
vt 0.3818 0.3511 0.0000
vt 0.3803 0.3509 0.0000
vt 0.3826 0.3596 0.0000
vt 0.3787 0.3578 0.0000
vt 0.3806 0.3556 0.0000
vt 0.3835 0.3555 0.0000
vt 0.3820 0.3634 0.0000
vt 0.3781 0.3630 0.0000
vt 0.3743 0.3588 0.0000
vt 0.3743 0.3628 0.0000
vt 0.3348 0.3586 0.0000
vt 0.3335 0.3590 0.0000
vt 0.3937 0.3615 0.0000
vt 0.3925 0.3655 0.0000
vt 0.3860 0.3641 0.0000
vt 0.3869 0.3602 0.0000
vt 0.3289 0.3686 0.0000
vt 0.3349 0.3657 0.0000
vt 0.3617 0.3528 0.0000
vt 0.3625 0.3527 0.0000
vt 0.3623 0.3508 0.0000
vt 0.3800 0.3529 0.0000
vt 0.3793 0.3527 0.0000
vt 0.3794 0.3508 0.0000
vt 0.3669 0.3525 0.0000
vt 0.3670 0.3543 0.0000
vt 0.3369 0.3581 0.0000
vt 0.3375 0.3598 0.0000
vt 0.3352 0.3603 0.0000
vt 0.3749 0.3525 0.0000
vt 0.3748 0.3543 0.0000
vt 0.3385 0.3615 0.0000
vt 0.3346 0.3623 0.0000
vt 0.3414 0.3635 0.0000
vt 0.3709 0.3572 0.0000
vt 0.3709 0.3629 0.0000
vt 0.3674 0.3503 0.0000
vt 0.3687 0.3502 0.0000
vt 0.3690 0.3523 0.0000
vt 0.3676 0.3524 0.0000
vt 0.3694 0.3544 0.0000
vt 0.3744 0.3503 0.0000
vt 0.3731 0.3502 0.0000
vt 0.3742 0.3524 0.0000
vt 0.3728 0.3523 0.0000
vt 0.3723 0.3544 0.0000
vt 0.4089 0.3614 0.0000
vt 0.4077 0.3608 0.0000
vt 0.4097 0.3598 0.0000
vt 0.3554 0.3543 0.0000
vt 0.3556 0.3567 0.0000
vt 0.3535 0.3566 0.0000
vt 0.3320 0.3597 0.0000
vt 0.3341 0.3607 0.0000
vt 0.3329 0.3613 0.0000
vt 0.3862 0.3567 0.0000
vt 0.3864 0.3543 0.0000
vt 0.3882 0.3566 0.0000
vt 0.3521 0.3552 0.0000
vt 0.3515 0.3576 0.0000
vt 0.3503 0.3558 0.0000
vt 0.3495 0.3541 0.0000
vt 0.3903 0.3577 0.0000
vt 0.3897 0.3552 0.0000
vt 0.3915 0.3558 0.0000
vt 0.3922 0.3541 0.0000
vt 0.3576 0.3517 0.0000
vt 0.3579 0.3536 0.0000
vt 0.3570 0.3538 0.0000
vt 0.3566 0.3518 0.0000
vt 0.3847 0.3538 0.0000
vt 0.3838 0.3536 0.0000
vt 0.3841 0.3518 0.0000
vt 0.3852 0.3518 0.0000
vt 0.3301 0.3723 0.0000
vt 0.3364 0.3696 0.0000
vt 0.4116 0.3725 0.0000
vt 0.4053 0.3696 0.0000
vt 0.3992 0.3674 0.0000
vt 0.3425 0.3674 0.0000
vt 0.3551 0.3520 0.0000
vt 0.3867 0.3520 0.0000
vt 0.3667 0.3506 0.0000
vt 0.3751 0.3506 0.0000
# 3776 texture coords

o ProfesorHead
g ProfesorHead
usemtl rp_carla_rigged_001_mat
s off
f 1/1/1 2/2/2 3/3/3 4/4/4 
f 1/1/1 5/5/5 6/6/6 2/2/2 
f 7/7/7 8/8/8 9/9/9 10/10/10 
f 11/11/11 12/12/12 10/10/10 9/9/9 
f 7/7/7 4/4/4 3/3/3 8/8/8 
f 13/13/13 6/6/6 5/5/5 14/14/14 
f 2/2/2 15/15/15 16/16/16 3/3/3 
f 17/17/17 15/15/15 2/2/2 6/6/6 
f 18/18/18 19/19/19 9/9/9 8/8/8 
f 19/19/19 20/20/20 11/11/11 9/9/9 
f 3/3/3 16/16/16 18/18/18 8/8/8 
f 17/17/17 6/6/6 13/13/13 21/21/21 
f 16/16/16 15/15/15 22/22/22 23/23/23 
f 17/17/17 24/24/24 22/22/22 15/15/15 
f 25/25/25 19/19/19 18/18/18 26/26/26 
f 19/19/19 25/25/25 27/27/27 20/20/20 
f 18/18/18 16/16/16 23/23/23 26/26/26 
f 21/21/21 28/28/28 24/24/24 17/17/17 
f 29/29/29 30/30/30 31/31/31 32/32/32 
f 29/29/29 33/33/33 34/34/34 30/30/30 
f 35/35/35 36/36/36 37/37/37 38/38/38 
f 39/39/39 40/40/40 36/36/36 35/35/35 
f 32/32/32 31/31/31 38/38/38 37/37/37 
f 41/41/41 42/42/42 34/34/34 33/33/33 
f 43/43/43 31/31/31 30/30/30 44/44/44 
f 44/44/44 30/30/30 34/34/34 45/45/45 
f 38/38/38 46/46/46 47/47/47 35/35/35 
f 48/48/48 39/39/39 35/35/35 47/47/47 
f 46/46/46 38/38/38 31/31/31 43/43/43 
f 42/42/42 49/49/49 45/45/45 34/34/34 
f 22/22/22 50/50/50 51/51/51 23/23/23 
f 50/50/50 22/22/22 24/24/24 52/52/52 
f 26/26/26 53/53/53 54/54/54 25/25/25 
f 54/54/54 55/55/55 27/27/27 25/25/25 
f 51/51/51 53/53/53 26/26/26 23/23/23 
f 56/56/56 52/52/52 24/24/24 28/28/28 
f 50/50/50 29/29/29 32/32/32 51/51/51 
f 50/50/50 52/52/52 33/33/33 29/29/29 
f 53/53/53 37/37/37 36/36/36 54/54/54 
f 54/54/54 36/36/36 40/40/40 55/55/55 
f 37/37/37 53/53/53 51/51/51 32/32/32 
f 56/56/56 41/41/41 33/33/33 52/52/52 
f 57/57/57 58/58/58 43/43/43 44/44/44 
f 45/45/45 59/59/59 57/57/57 44/44/44 
f 60/60/60 61/61/61 47/47/47 46/46/46 
f 61/61/61 62/62/62 48/48/48 47/47/47 
f 58/58/58 60/60/60 46/46/46 43/43/43 
f 49/49/49 63/63/63 59/59/59 45/45/45 
f 61/61/61 64/64/64 65/65/65 62/62/62 
f 60/60/60 66/66/66 64/64/64 61/61/61 
f 67/67/67 66/66/66 60/60/60 58/58/58 
f 67/67/67 58/58/58 57/57/57 68/68/68 
f 69/69/69 68/68/68 57/57/57 59/59/59 
f 69/69/69 59/59/59 63/63/63 
f 70/70/70 71/71/71 72/72/72 73/73/73 
f 74/74/74 73/73/73 72/72/72 75/75/75 
f 76/76/76 77/77/77 78/78/78 79/79/79 
f 11/11/11 76/76/76 79/79/79 12/12/12 
f 70/70/70 78/78/78 77/77/77 71/71/71 
f 75/75/75 80/80/80 81/81/81 74/74/74 
f 82/82/82 83/83/83 72/72/72 71/71/71 
f 72/72/72 83/83/83 84/84/84 75/75/75 
f 77/77/77 76/76/76 85/85/85 86/86/86 
f 11/11/11 20/20/20 85/85/85 76/76/76 
f 82/82/82 71/71/71 77/77/77 86/86/86 
f 80/80/80 75/75/75 84/84/84 87/87/87 
f 82/82/82 88/88/88 89/89/89 83/83/83 
f 89/89/89 90/90/90 84/84/84 83/83/83 
f 91/91/91 86/86/86 85/85/85 92/92/92 
f 85/85/85 20/20/20 27/27/27 92/92/92 
f 86/86/86 91/91/91 88/88/88 82/82/82 
f 93/93/93 87/87/87 84/84/84 90/90/90 
f 94/94/94 95/95/95 96/96/96 97/97/97 
f 98/98/98 99/99/99 94/94/94 97/97/97 
f 100/100/100 101/101/101 102/102/102 103/103/103 
f 39/39/39 102/102/102 101/101/101 40/40/40 
f 103/103/103 96/96/96 95/95/95 100/100/100 
f 98/98/98 104/104/104 105/105/105 99/99/99 
f 106/106/106 97/97/97 96/96/96 107/107/107 
f 106/106/106 108/108/108 98/98/98 97/97/97 
f 109/109/109 110/110/110 103/103/103 102/102/102 
f 39/39/39 48/48/48 109/109/109 102/102/102 
f 107/107/107 96/96/96 103/103/103 110/110/110 
f 98/98/98 108/108/108 111/111/111 104/104/104 
f 88/88/88 112/112/112 113/113/113 89/89/89 
f 89/89/89 113/113/113 114/114/114 90/90/90 
f 91/91/91 92/92/92 115/115/115 116/116/116 
f 55/55/55 115/115/115 92/92/92 27/27/27 
f 91/91/91 116/116/116 112/112/112 88/88/88 
f 90/90/90 114/114/114 117/117/117 93/93/93 
f 95/95/95 94/94/94 113/113/113 112/112/112 
f 99/99/99 114/114/114 113/113/113 94/94/94 
f 101/101/101 100/100/100 116/116/116 115/115/115 
f 55/55/55 40/40/40 101/101/101 115/115/115 
f 100/100/100 95/95/95 112/112/112 116/116/116 
f 105/105/105 117/117/117 114/114/114 99/99/99 
f 118/118/118 106/106/106 107/107/107 119/119/119 
f 108/108/108 106/106/106 118/118/118 120/120/120 
f 121/121/121 110/110/110 109/109/109 122/122/122 
f 109/109/109 48/48/48 62/62/62 122/122/122 
f 110/110/110 121/121/121 119/119/119 107/107/107 
f 108/108/108 120/120/120 123/123/123 111/111/111 
f 65/65/65 124/124/124 122/122/122 62/62/62 
f 125/125/125 121/121/121 122/122/122 124/124/124 
f 126/126/126 119/119/119 121/121/121 125/125/125 
f 118/118/118 119/119/119 126/126/126 127/127/127 
f 118/118/118 127/127/127 128/128/128 120/120/120 
f 128/128/128 123/123/123 120/120/120 
f 129/129/129 130/130/130 131/131/131 132/132/132 
f 129/129/129 133/133/133 134/134/134 135/135/135 
f 133/133/133 129/129/129 132/132/132 136/136/136 
f 137/137/137 138/138/138 139/139/139 140/140/140 
f 141/141/141 142/142/142 143/143/143 144/144/144 
f 144/144/144 139/139/139 138/138/138 141/141/141 
f 145/145/145 146/146/146 143/143/143 147/147/147 
f 133/133/133 136/136/136 145/145/145 147/147/147 
f 140/140/140 148/148/148 149/149/149 150/150/150 
f 151/151/151 148/148/148 140/140/140 139/139/139 
f 144/144/144 152/152/152 151/151/151 139/139/139 
f 143/143/143 146/146/146 152/152/152 144/144/144 
f 135/135/135 153/153/153 130/130/130 129/129/129 
f 130/130/130 154/154/154 155/155/155 131/131/131 
f 154/154/154 150/150/150 149/149/149 155/155/155 
f 136/136/136 132/132/132 131/131/131 156/156/156 
f 152/152/152 157/157/157 148/148/148 151/151/151 
f 148/148/148 157/157/157 155/155/155 149/149/149 
f 152/152/152 146/146/146 156/156/156 157/157/157 
f 157/157/157 156/156/156 131/131/131 155/155/155 
f 136/136/136 156/156/156 146/146/146 145/145/145 
f 143/143/143 142/142/142 158/158/158 147/147/147 
f 150/150/150 159/159/159 137/137/137 140/140/140 
f 133/133/133 147/147/147 158/158/158 134/134/134 
f 153/153/153 160/160/160 154/154/154 130/130/130 
f 154/154/154 160/160/160 159/159/159 150/150/150 
f 161/161/161 162/162/162 163/163/163 164/164/164 
f 163/163/163 162/162/162 165/165/165 166/166/166 
f 167/167/167 168/168/168 169/169/169 170/170/170 
f 171/171/171 172/172/172 167/167/167 170/170/170 
f 173/173/173 174/174/174 172/172/172 175/175/175 
f 176/176/176 173/173/173 175/175/175 177/177/177 
f 178/178/178 179/179/179 180/180/180 181/181/181 
f 179/179/179 161/161/161 164/164/164 180/180/180 
f 182/182/182 183/183/183 184/184/184 178/178/178 
f 185/185/185 186/186/186 187/187/187 188/188/188 
f 188/188/188 187/187/187 189/189/189 190/190/190 
f 190/190/190 182/182/182 191/191/191 192/192/192 
f 193/193/193 185/185/185 194/194/194 195/195/195 
f 196/196/196 197/197/197 193/193/193 177/198/177 
f 165/165/165 198/199/198 199/200/199 200/201/200 
f 168/168/168 200/201/200 199/200/199 169/169/169 
f 161/161/161 201/202/201 202/203/202 162/162/162 
f 162/162/162 202/203/202 198/199/198 165/165/165 
f 203/204/203 204/205/204 168/168/168 167/167/167 
f 203/204/203 167/167/167 172/172/172 174/174/174 
f 205/206/205 175/175/175 172/172/172 171/171/171 
f 196/207/196 177/177/177 175/175/175 205/206/205 
f 206/208/206 179/179/179 178/178/178 184/184/184 
f 161/161/161 179/179/179 206/208/206 201/202/201 
f 181/181/181 191/191/191 182/182/182 178/178/178 
f 188/188/188 207/209/207 194/194/194 185/185/185 
f 188/188/188 190/190/190 192/192/192 207/209/207 
f 182/182/182 190/190/190 189/189/189 183/183/183 
f 186/186/186 185/185/185 193/193/193 197/197/197 
f 176/210/176 177/198/177 193/193/193 195/195/195 
f 165/165/165 200/201/200 208/211/208 166/166/166 
f 204/205/204 208/211/208 200/201/200 168/168/168 
f 209/212/209 210/213/210 211/214/211 212/215/212 
f 213/216/213 214/217/214 215/218/215 216/219/216 
f 217/220/217 218/221/218 219/222/219 220/223/220 
f 221/224/221 212/215/212 213/216/213 222/225/222 
f 223/226/223 224/227/224 225/228/225 226/229/226 
f 227/230/227 228/231/228 229/232/229 209/212/209 
f 227/230/227 223/226/223 226/229/226 228/231/228 
f 230/233/230 224/227/224 223/226/223 231/234/231 
f 232/235/232 233/236/233 234/237/234 235/238/235 
f 236/239/236 237/240/237 238/241/238 217/242/217 
f 218/221/218 217/220/217 238/243/238 239/244/239 
f 240/245/240 218/221/218 239/244/239 241/246/241 
f 227/230/227 242/247/242 231/234/231 223/226/223 
f 240/245/240 241/246/241 243/248/243 216/219/216 
f 244/249/244 219/222/219 245/250/245 246/251/246 
f 247/252/247 248/253/248 249/254/249 250/255/250 
f 251/256/251 252/257/252 253/258/253 254/259/254 
f 253/258/253 244/249/244 246/251/246 255/260/255 
f 256/261/256 257/262/257 236/239/236 258/263/258 
f 259/264/259 260/265/260 261/266/261 262/267/262 
f 211/214/211 214/217/214 213/216/213 212/215/212 
f 216/219/216 243/248/243 222/225/222 213/216/213 
f 263/268/263 264/269/264 265/270/265 266/271/266 
f 212/215/212 221/224/221 267/272/267 209/212/209 
f 268/273/268 269/274/269 210/213/210 270/275/270 
f 271/276/271 272/277/272 273/278/273 274/279/274 
f 267/272/267 242/247/242 227/230/227 209/212/209 
f 257/262/257 256/261/256 275/280/275 232/235/232 
f 276/281/276 277/282/277 278/283/278 235/238/235 
f 219/222/219 261/266/261 279/284/279 220/223/220 
f 258/263/258 220/285/220 279/286/279 280/287/280 
f 281/288/281 282/289/282 283/290/283 275/280/275 
f 249/254/249 266/271/266 265/270/265 251/256/251 
f 284/291/284 271/276/271 274/279/274 248/253/248 
f 235/238/235 278/283/278 257/262/257 232/235/232 
f 275/280/275 283/290/283 233/236/233 232/235/232 
f 281/288/281 275/280/275 256/261/256 285/292/285 
f 236/239/236 257/262/257 278/283/278 237/240/237 
f 220/285/220 258/263/258 236/239/236 217/242/217 
f 256/261/256 258/263/258 280/287/280 285/292/285 
f 286/293/286 287/294/287 243/248/243 241/246/241 
f 288/295/288 286/293/286 241/246/241 239/244/239 
f 237/240/237 289/296/289 290/297/290 238/241/238 
f 291/298/291 292/299/292 267/272/267 221/224/221 
f 293/300/293 294/301/294 295/302/295 296/303/296 
f 287/294/287 297/304/297 222/225/222 243/248/243 
f 267/272/267 292/299/292 298/305/298 242/247/242 
f 291/298/291 221/224/221 222/225/222 297/304/297 
f 299/306/299 300/307/300 230/233/230 231/234/231 
f 301/308/301 302/309/302 294/301/294 293/300/293 
f 288/295/288 239/244/239 238/243/238 290/310/290 
f 242/247/242 298/305/298 299/306/299 231/234/231 
f 303/311/303 234/237/234 296/303/296 295/302/295 
f 302/309/302 301/308/301 304/312/304 305/313/305 
f 304/312/304 230/233/230 300/307/300 305/313/305 
f 234/237/234 303/311/303 276/281/276 235/238/235 
f 277/282/277 289/296/289 237/240/237 278/283/278 
f 306/314/306 307/315/307 308/316/308 309/317/309 
f 286/293/286 310/318/310 311/319/311 287/294/287 
f 312/320/312 310/318/310 286/293/286 288/295/288 
f 313/321/313 314/322/314 315/323/315 316/324/316 
f 317/325/317 318/326/318 319/327/319 320/328/320 
f 321/329/321 290/297/290 289/296/289 322/330/322 
f 323/331/323 292/299/292 291/298/291 324/332/324 
f 325/333/325 326/334/326 327/335/327 328/336/328 
f 329/337/329 330/338/330 295/302/295 294/301/294 
f 331/339/331 332/340/332 313/321/313 316/324/316 
f 311/319/311 333/341/333 297/304/297 287/294/287 
f 323/331/323 334/342/334 298/305/298 292/299/292 
f 335/343/335 336/344/336 337/345/337 338/346/338 
f 314/322/314 339/347/339 340/348/340 315/323/315 
f 294/301/294 302/309/302 341/349/341 329/337/329 
f 305/313/305 342/350/342 341/349/341 302/309/302 
f 276/281/276 303/311/303 343/351/343 344/352/344 
f 277/282/277 345/353/345 322/330/322 289/296/289 
f 346/354/346 347/355/347 348/356/348 349/357/349 
f 328/336/328 347/355/347 346/354/346 325/333/325 
f 327/358/327 326/359/326 350/360/350 351/361/351 
f 308/316/308 352/362/352 353/363/353 309/317/309 
f 348/356/348 307/315/307 306/314/306 349/357/349 
f 353/363/353 352/362/352 332/340/332 331/339/331 
f 339/347/339 354/364/354 355/365/355 340/348/340 
f 356/366/356 357/367/357 355/365/355 354/364/354 
f 338/346/338 337/345/337 357/367/357 356/366/356 
f 335/343/335 318/326/318 317/325/317 336/344/336 
f 319/327/319 351/361/351 350/360/350 320/328/320 
f 324/332/324 291/298/291 297/304/297 333/341/333 
f 358/368/358 311/319/311 310/318/310 359/369/359 
f 359/369/359 310/318/310 312/320/312 360/370/360 
f 299/306/299 361/371/361 362/372/362 300/307/300 
f 345/353/345 277/282/277 276/281/276 344/352/344 
f 322/330/322 363/373/363 364/374/364 321/329/321 
f 365/375/365 366/376/366 323/331/323 324/332/324 
f 321/377/321 312/320/312 288/295/288 290/310/290 
f 329/337/329 367/378/367 368/379/368 330/338/330 
f 299/306/299 298/305/298 334/342/334 361/371/361 
f 358/368/358 369/380/369 333/341/333 311/319/311 
f 366/376/366 370/381/370 334/342/334 323/331/323 
f 295/302/295 330/338/330 343/351/343 303/311/303 
f 362/372/362 342/350/342 305/313/305 300/307/300 
f 341/349/341 371/382/371 367/378/367 329/337/329 
f 342/350/342 372/383/372 371/382/371 341/349/341 
f 343/351/343 373/384/373 374/385/374 344/352/344 
f 322/330/322 345/353/345 375/386/375 363/373/363 
f 369/380/369 365/375/365 324/332/324 333/341/333 
f 362/372/362 361/371/361 376/387/376 377/388/377 
f 374/385/374 378/389/378 379/390/379 375/386/375 
f 360/370/360 312/320/312 321/377/321 364/391/364 
f 361/371/361 334/342/334 370/381/370 376/387/376 
f 368/379/368 373/384/373 343/351/343 330/338/330 
f 342/350/342 362/372/362 377/388/377 372/383/372 
f 380/392/380 381/393/381 382/394/382 383/395/383 
f 383/395/383 382/394/382 384/396/384 385/397/385 
f 386/398/386 387/399/387 388/400/388 389/401/389 
f 390/402/390 391/403/391 392/404/392 393/405/393 
f 394/406/394 395/407/395 396/408/396 397/409/397 
f 398/410/398 399/411/399 400/412/400 401/413/401 
f 402/414/402 400/412/400 399/411/399 403/415/403 
f 404/416/404 301/308/301 293/300/293 405/417/405 
f 296/303/296 406/418/406 405/417/405 293/300/293 
f 395/407/395 407/419/407 408/420/408 396/408/396 
f 409/421/409 410/422/410 411/423/411 412/424/412 
f 413/425/413 414/426/414 415/427/415 416/428/416 
f 389/401/389 417/429/417 225/228/225 224/227/224 
f 418/430/418 417/429/417 389/401/389 388/400/388 
f 414/426/414 406/418/406 233/236/233 283/290/283 
f 392/404/392 391/403/391 382/394/382 381/393/381 
f 391/403/391 419/431/419 384/396/384 382/394/382 
f 401/413/401 394/406/394 397/409/397 398/410/398 
f 387/399/387 386/398/386 420/432/420 421/433/421 
f 422/434/422 423/435/423 424/436/424 402/414/402 
f 407/419/407 425/437/425 426/438/426 427/439/427 
f 428/440/428 429/441/429 430/442/430 431/443/431 
f 432/444/432 429/441/429 433/445/433 434/446/434 
f 435/447/435 395/407/395 394/406/394 436/448/436 
f 437/449/437 438/450/438 439/451/439 440/452/440 
f 441/453/441 442/454/442 443/455/443 444/456/444 
f 434/446/434 445/457/445 446/458/446 447/459/447 
f 448/460/448 449/461/449 450/462/450 451/463/451 
f 452/464/452 453/465/453 443/455/443 454/466/454 
f 455/467/455 456/468/456 457/469/457 458/470/458 
f 459/471/459 460/472/460 437/449/437 440/452/440 
f 461/473/461 462/474/462 463/475/463 464/476/464 
f 465/477/465 466/478/466 384/396/384 419/431/419 
f 462/474/462 467/479/467 413/425/413 409/421/409 
f 401/413/401 468/480/468 436/448/436 394/406/394 
f 462/474/462 409/421/409 412/424/412 463/475/463 
f 426/438/426 469/481/469 411/423/411 427/439/427 
f 434/446/434 447/459/447 470/482/470 432/444/432 
f 471/483/471 472/484/472 473/485/473 474/486/474 
f 448/460/448 475/487/475 476/488/476 449/461/449 
f 447/459/447 446/458/446 477/489/477 478/490/478 
f 476/488/476 446/458/446 445/457/445 449/461/449 
f 479/491/479 480/492/480 481/493/481 482/494/482 
f 460/472/460 479/491/479 482/494/482 437/449/437 
f 445/457/445 483/495/483 450/462/450 449/461/449 
f 483/495/483 433/445/433 484/496/484 485/497/485 
f 445/457/445 434/446/434 433/445/433 483/495/483 
f 486/498/486 439/451/439 438/450/438 487/499/487 
f 488/500/488 487/499/487 438/450/438 489/501/489 
f 490/502/490 408/420/408 407/419/407 427/439/427 
f 491/503/491 492/504/492 493/505/493 494/506/494 
f 475/487/475 474/486/474 495/507/495 496/508/496 
f 475/487/475 448/460/448 471/483/471 474/486/474 
f 497/509/497 498/510/498 499/511/499 500/512/500 
f 485/497/485 501/513/501 450/462/450 483/495/483 
f 450/462/450 501/513/501 502/514/502 451/463/451 
f 503/515/503 504/516/504 479/491/479 460/472/460 
f 505/517/505 506/518/506 464/476/464 463/475/463 
f 507/519/507 422/434/422 402/414/402 403/415/403 
f 470/482/470 447/459/447 478/490/478 508/520/508 
f 509/521/509 495/507/495 474/486/474 473/485/473 
f 475/487/475 496/508/496 510/522/510 476/488/476 
f 511/523/511 512/524/512 459/471/459 444/456/444 
f 505/517/505 513/525/513 504/516/504 503/515/503 
f 477/489/477 446/458/446 476/488/476 510/522/510 
f 478/490/478 477/489/477 468/480/468 514/526/514 
f 479/491/479 504/516/504 515/527/515 480/492/480 
f 495/507/495 425/437/425 435/447/435 496/508/496 
f 459/471/459 512/524/512 503/515/503 460/472/460 
f 516/528/516 517/529/517 518/530/518 519/531/519 
f 404/416/404 405/417/405 520/532/520 521/533/521 
f 458/470/458 464/476/464 506/518/506 455/467/455 
f 461/473/461 464/476/464 458/470/458 522/534/522 
f 523/535/523 518/530/518 524/536/524 525/537/525 
f 526/538/526 380/392/380 383/395/383 527/539/527 
f 514/526/514 400/412/400 402/414/402 424/436/424 
f 497/509/497 528/540/528 529/541/529 442/454/442 
f 433/445/433 429/441/429 428/440/428 484/496/484 
f 430/442/430 429/441/429 432/444/432 530/542/530 
f 442/454/442 529/541/529 454/466/454 443/455/443 
f 432/444/432 470/482/470 531/543/531 530/542/530 
f 500/512/500 532/544/532 528/540/528 497/509/497 
f 470/482/470 508/520/508 533/545/533 531/543/531 
f 452/464/452 534/546/534 523/535/523 453/465/453 
f 525/537/525 511/523/511 453/465/453 523/535/523 
f 493/505/493 535/547/535 536/548/536 494/506/494 
f 537/549/537 538/550/538 539/551/539 540/552/540 
f 541/553/541 542/554/542 543/555/543 544/556/544 
f 542/554/542 541/553/541 537/549/537 540/552/540 
f 539/551/539 538/550/538 545/557/545 546/558/546 
f 543/555/543 536/548/536 535/547/535 544/556/544 
f 224/227/224 230/233/230 386/398/386 389/401/389 
f 393/405/393 418/430/418 388/400/388 390/402/390 
f 390/402/390 547/559/547 419/431/419 391/403/391 
f 456/468/456 548/560/548 466/478/466 457/469/457 
f 457/469/457 549/561/549 522/534/522 458/470/458 
f 549/561/549 465/477/465 550/562/550 522/534/522 
f 551/563/551 517/529/517 516/528/516 552/564/552 
f 459/471/459 440/452/440 441/453/441 444/456/444 
f 443/455/443 453/465/453 511/523/511 444/456/444 
f 524/536/524 455/467/455 506/518/506 525/537/525 
f 512/524/512 511/523/511 525/537/525 506/518/506 
f 466/478/466 465/477/465 549/561/549 457/469/457 
f 419/431/419 547/559/547 550/562/550 465/477/465 
f 384/396/384 466/478/466 548/560/548 385/397/385 
f 301/308/301 404/416/404 420/432/420 304/312/304 
f 421/433/421 420/432/420 404/416/404 521/533/521 
f 520/532/520 461/473/461 522/534/522 521/533/521 
f 386/398/386 230/233/230 304/312/304 420/432/420 
f 409/421/409 413/425/413 416/428/416 410/422/410 
f 388/400/388 387/399/387 547/559/547 390/402/390 
f 467/479/467 462/474/462 461/473/461 520/532/520 
f 467/479/467 406/418/406 414/426/414 413/425/413 
f 494/506/494 408/420/408 490/502/490 491/503/491 
f 494/506/494 536/548/536 396/408/396 408/420/408 
f 399/411/399 540/552/540 539/551/539 403/415/403 
f 543/555/543 542/554/542 398/410/398 397/409/397 
f 398/410/398 542/554/542 540/552/540 399/411/399 
f 507/519/507 403/415/403 539/551/539 546/558/546 
f 536/548/536 543/555/543 397/409/397 396/408/396 
f 421/433/421 521/533/521 522/534/522 550/562/550 
f 421/433/421 550/562/550 547/559/547 387/399/387 
f 512/524/512 506/518/506 505/517/505 503/515/503 
f 533/545/533 508/520/508 424/436/424 423/435/423 
f 509/521/509 426/438/426 425/437/425 495/507/495 
f 436/448/436 510/522/510 496/508/496 435/447/435 
f 436/448/436 468/480/468 477/489/477 510/522/510 
f 513/525/513 469/481/469 515/527/515 504/516/504 
f 514/526/514 468/480/468 401/413/401 400/412/400 
f 425/437/425 407/419/407 395/407/395 435/447/435 
f 424/436/424 508/520/508 478/490/478 514/526/514 
f 412/424/412 513/525/513 505/517/505 463/475/463 
f 526/538/526 527/539/527 553/565/553 554/566/554 
f 455/467/455 555/567/555 556/568/556 456/468/456 
f 158/569/158 142/570/142 556/568/556 555/567/555 
f 555/567/555 455/467/455 524/536/524 557/571/557 
f 385/397/385 558/572/558 527/539/527 383/395/383 
f 559/573/559 548/560/548 456/468/456 556/568/556 
f 558/572/558 385/397/385 548/560/548 559/573/559 
f 527/539/527 137/574/137 159/575/159 553/565/553 
f 551/563/551 552/564/552 560/576/560 561/577/561 
f 557/571/557 134/578/134 158/569/158 555/567/555 
f 499/511/499 498/510/498 439/451/439 486/498/486 
f 497/509/497 442/454/442 441/453/441 498/510/498 
f 427/439/427 411/423/411 410/422/410 490/502/490 
f 492/504/492 491/503/491 416/428/416 415/427/415 
f 509/521/509 515/527/515 469/481/469 426/438/426 
f 412/424/412 411/423/411 469/481/469 513/525/513 
f 472/484/472 481/493/481 480/492/480 473/485/473 
f 480/492/480 515/527/515 509/521/509 473/485/473 
f 416/428/416 491/503/491 490/502/490 410/422/410 
f 439/451/439 498/510/498 441/453/441 440/452/440 
f 438/450/438 437/449/437 482/494/482 489/501/489 
f 520/532/520 405/417/405 406/418/406 467/479/467 
f 482/494/482 481/493/481 562/579/562 489/501/489 
f 451/463/451 563/580/563 471/483/471 448/460/448 
f 488/500/488 489/501/489 562/579/562 564/581/564 
f 563/580/563 451/463/451 502/514/502 
f 471/483/471 563/580/563 564/581/564 472/484/472 
f 564/581/564 562/579/562 481/493/481 472/484/472 
f 233/236/233 406/418/406 296/303/296 234/237/234 
f 415/427/415 414/426/414 283/290/283 282/289/282 
f 561/577/561 160/582/160 153/583/153 551/563/551 
f 523/535/523 534/546/534 519/531/519 518/530/518 
f 524/536/524 518/530/518 517/529/517 557/571/557 
f 560/576/560 554/566/554 553/565/553 561/577/561 
f 561/577/561 553/565/553 159/575/159 160/582/160 
f 269/274/269 247/252/247 250/255/250 565/584/565 
f 254/259/254 253/258/253 255/260/255 566/585/566 
f 250/255/250 254/259/254 566/585/566 565/584/565 
f 567/586/567 268/273/268 568/587/568 569/588/569 
f 570/589/570 284/291/284 567/586/567 569/588/569 
f 247/252/247 269/274/269 268/273/268 567/586/567 
f 269/274/269 565/584/565 211/214/211 210/213/210 
f 214/217/214 566/585/566 255/260/255 215/218/215 
f 211/214/211 565/584/565 566/585/566 214/217/214 
f 270/275/270 229/232/229 568/587/568 268/273/268 
f 270/275/270 210/213/210 209/212/209 229/232/229 
f 571/590/571 572/591/572 272/277/272 271/276/271 
f 218/221/218 240/245/240 245/250/245 219/222/219 
f 215/218/215 245/250/245 240/245/240 216/219/216 
f 252/257/252 262/267/262 244/249/244 253/258/253 
f 245/250/245 215/218/215 255/260/255 246/251/246 
f 274/279/274 266/271/266 249/254/249 248/253/248 
f 251/256/251 265/270/265 573/592/573 252/257/252 
f 250/255/250 249/254/249 251/256/251 254/259/254 
f 247/252/247 567/586/567 284/291/284 248/253/248 
f 571/590/571 271/276/271 284/291/284 570/589/570 
f 252/257/252 573/592/573 259/264/259 262/267/262 
f 259/264/259 573/592/573 574/593/574 260/265/260 
f 265/270/265 264/269/264 574/593/574 573/592/573 
f 273/278/273 263/268/263 266/271/266 274/279/274 
f 262/267/262 261/266/261 219/222/219 244/249/244 
f 428/440/428 431/443/431 575/594/575 576/595/576 
f 577/596/577 485/497/485 484/496/484 578/597/578 
f 4/598/4 486/498/486 487/499/487 1/599/1 
f 5/600/5 1/599/1 487/499/487 488/500/488 
f 7/601/7 10/602/10 500/512/500 499/511/499 
f 579/603/579 501/513/501 485/497/485 577/596/577 
f 502/514/502 501/513/501 579/603/579 580/604/580 
f 578/597/578 484/496/484 428/440/428 576/595/576 
f 10/602/10 12/605/12 532/544/532 500/512/500 
f 486/498/486 4/598/4 7/601/7 499/511/499 
f 14/606/14 5/600/5 488/500/488 564/581/564 
f 502/514/502 580/604/580 581/607/581 563/580/563 
f 581/607/581 14/606/14 564/581/564 563/580/563 
f 582/608/582 583/609/583 358/368/358 359/369/359 
f 582/608/582 359/369/359 360/370/360 584/610/584 
f 585/611/585 364/374/364 363/373/363 586/612/586 
f 587/613/587 366/376/366 365/375/365 588/614/588 
f 367/378/367 589/615/589 590/616/590 368/379/368 
f 591/617/591 369/380/369 358/368/358 583/609/583 
f 587/613/587 592/618/592 370/381/370 366/376/366 
f 371/382/371 593/619/593 589/615/589 367/378/367 
f 593/619/593 371/382/371 372/383/372 594/620/594 
f 373/384/373 595/621/595 378/389/378 374/385/374 
f 586/612/586 363/373/363 375/386/375 379/390/379 
f 591/617/591 588/614/588 365/375/365 369/380/369 
f 376/387/376 596/622/596 597/623/597 377/388/377 
f 585/624/585 584/610/584 360/370/360 364/391/364 
f 592/618/592 596/622/596 376/387/376 370/381/370 
f 368/379/368 590/616/590 595/621/595 373/384/373 
f 377/388/377 597/623/597 594/620/594 372/383/372 
f 598/625/598 599/626/599 600/627/600 601/628/601 
f 307/315/307 598/625/598 601/628/601 308/316/308 
f 306/314/306 309/317/309 588/614/588 591/617/591 
f 602/629/602 603/630/603 604/631/604 605/632/605 
f 605/632/605 314/322/314 313/321/313 602/629/602 
f 597/623/597 596/622/596 316/324/316 315/323/315 
f 606/633/606 607/634/607 608/635/608 609/636/609 
f 608/635/608 319/327/319 318/326/318 609/636/609 
f 379/390/379 378/389/378 317/325/317 320/328/320 
f 610/637/610 611/638/611 612/639/612 613/640/613 
f 613/640/613 328/336/328 327/335/327 610/637/610 
f 585/624/585 326/334/326 325/333/325 584/610/584 
f 614/641/614 603/630/603 602/629/602 615/642/615 
f 615/642/615 602/629/602 313/321/313 332/340/332 
f 596/622/596 592/618/592 331/339/331 316/324/316 
f 616/643/616 617/644/617 618/645/618 619/646/619 
f 335/343/335 338/346/338 618/645/618 617/644/617 
f 336/344/336 595/621/595 590/616/590 337/345/337 
f 620/647/620 605/632/605 604/631/604 621/648/621 
f 339/347/339 314/322/314 605/632/605 620/647/620 
f 597/623/597 315/323/315 340/348/340 594/620/594 
f 622/649/622 623/650/623 624/651/624 625/652/625 
f 347/355/347 624/651/624 623/650/623 348/356/348 
f 349/357/349 583/609/583 582/608/582 346/354/346 
f 612/639/612 625/652/625 624/651/624 613/640/613 
f 613/640/613 624/651/624 347/355/347 328/336/328 
f 584/610/584 325/333/325 346/354/346 582/608/582 
f 611/653/611 610/654/610 626/655/626 627/656/627 
f 351/361/351 626/655/626 610/654/610 327/358/327 
f 585/611/585 586/612/586 350/360/350 326/359/326 
f 600/627/600 628/657/628 629/658/629 601/628/601 
f 629/658/629 352/362/352 308/316/308 601/628/601 
f 587/613/587 588/614/588 309/317/309 353/363/353 
f 622/649/622 599/626/599 598/625/598 623/650/623 
f 307/315/307 348/356/348 623/650/623 598/625/598 
f 591/617/591 583/609/583 349/357/349 306/314/306 
f 628/657/628 614/641/614 615/642/615 629/658/629 
f 352/362/352 629/658/629 615/642/615 332/340/332 
f 587/613/587 353/363/353 331/339/331 592/618/592 
f 630/659/630 620/647/620 621/648/621 631/660/631 
f 630/659/630 354/364/354 339/347/339 620/647/620 
f 593/619/593 594/620/594 340/348/340 355/365/355 
f 632/661/632 633/662/633 630/659/630 631/660/631 
f 354/364/354 630/659/630 633/662/633 356/366/356 
f 357/367/357 589/615/589 593/619/593 355/365/355 
f 618/645/618 633/662/633 632/661/632 619/646/619 
f 356/366/356 633/662/633 618/645/618 338/346/338 
f 589/615/589 357/367/357 337/345/337 590/616/590 
f 609/636/609 617/644/617 616/643/616 606/633/606 
f 609/636/609 318/326/318 335/343/335 617/644/617 
f 378/389/378 595/621/595 336/344/336 317/325/317 
f 607/634/607 627/656/627 626/655/626 608/635/608 
f 608/635/608 626/655/626 351/361/351 319/327/319 
f 350/360/350 586/612/586 379/390/379 320/328/320 
f 134/578/134 557/571/557 517/529/517 135/663/135 
f 137/574/137 527/539/527 558/572/558 138/664/138 
f 559/573/559 556/568/556 142/570/142 141/665/141 
f 138/664/138 558/572/558 559/573/559 141/665/141 
f 153/583/153 135/663/135 517/529/517 551/563/551 
f 634/666/634 632/661/632 631/660/631 635/667/635 
f 632/661/632 634/666/634 636/668/636 619/646/619 
f 637/669/637 638/670/638 606/633/606 616/643/616 
f 627/656/627 607/634/607 639/671/639 640/672/640 
f 641/673/641 642/674/642 643/675/643 628/657/628 
f 607/634/607 606/633/606 638/670/638 639/671/639 
f 611/638/611 644/676/644 645/677/645 612/639/612 
f 619/646/619 636/668/636 637/669/637 616/643/616 
f 631/660/631 646/678/646 647/679/647 635/667/635 
f 644/680/644 611/653/611 627/656/627 640/672/640 
f 600/627/600 599/626/599 648/681/648 649/682/649 
f 625/652/625 650/683/650 651/684/651 622/649/622 
f 650/683/650 625/652/625 612/639/612 645/677/645 
f 600/627/600 649/682/649 641/673/641 628/657/628 
f 651/684/651 648/681/648 599/626/599 622/649/622 
f 643/675/643 614/641/614 628/657/628 
f 603/630/603 652/685/652 653/686/653 604/631/604 
f 614/641/614 643/675/643 652/685/652 603/630/603 
f 646/678/646 621/648/621 604/631/604 653/686/653 
f 631/660/631 621/648/621 646/678/646 
f 646/678/646 654/687/654 655/688/655 647/679/647 
f 653/686/653 656/689/656 654/687/654 646/678/646 
f 656/689/656 653/686/653 652/685/652 657/690/657 
f 652/685/652 643/675/643 658/691/658 657/690/657 
f 659/692/659 658/691/658 643/675/643 642/674/642 
f 658/691/658 659/692/659 655/688/655 654/687/654 
f 658/691/658 654/687/654 656/689/656 657/690/657 
f 659/692/659 642/674/642 660/693/660 
f 661/694/661 647/679/647 655/688/655 
f 655/688/655 659/692/659 660/693/660 661/694/661 
f 344/352/344 374/385/374 375/386/375 345/353/345 
f 662/695/662 663/696/663 664/697/664 665/698/665 
f 666/699/666 667/700/667 668/701/668 669/702/669 
f 670/703/670 671/704/671 672/705/672 673/706/673 
f 674/707/674 666/699/666 663/696/663 675/708/675 
f 225/228/225 676/709/676 677/710/677 226/229/226 
f 228/231/228 678/711/678 662/695/662 229/232/229 
f 678/711/678 228/231/228 226/229/226 677/710/677 
f 677/710/677 676/709/676 679/712/679 680/713/680 
f 681/714/681 682/715/682 683/716/683 684/717/684 
f 685/718/685 670/719/670 686/720/686 687/721/687 
f 686/722/686 670/703/670 673/706/673 688/723/688 
f 688/723/688 673/706/673 689/724/689 690/725/690 
f 678/711/678 677/710/677 680/713/680 691/726/691 
f 690/725/690 689/724/689 667/700/667 692/727/692 
f 693/728/693 694/729/694 695/730/695 672/705/672 
f 696/731/696 697/732/697 698/733/698 699/734/699 
f 700/735/700 701/736/701 702/737/702 703/738/703 
f 694/729/694 693/728/693 702/737/702 704/739/704 
f 705/740/705 706/741/706 707/742/707 685/718/685 
f 708/743/708 709/744/709 710/745/710 711/746/711 
f 664/697/664 663/696/663 666/699/666 669/702/669 
f 674/707/674 692/727/692 667/700/667 666/699/666 
f 712/747/712 713/748/713 714/749/714 715/750/715 
f 662/695/662 716/751/716 675/708/675 663/696/663 
f 717/752/717 718/753/718 665/698/665 719/754/719 
f 720/755/720 721/756/721 722/757/722 723/758/723 
f 691/726/691 716/751/716 662/695/662 678/711/678 
f 705/740/705 684/717/684 724/759/724 706/741/706 
f 725/760/725 726/761/726 681/714/681 727/762/727 
f 672/705/672 671/704/671 728/763/728 709/744/709 
f 728/764/728 671/765/671 707/742/707 729/766/729 
f 730/767/730 724/759/724 731/768/731 732/769/732 
f 713/748/713 697/732/697 700/735/700 714/749/714 
f 733/770/733 698/733/698 722/757/722 721/756/721 
f 727/762/727 681/714/681 684/717/684 705/740/705 
f 683/716/683 731/768/731 724/759/724 684/717/684 
f 724/759/724 730/767/730 734/771/734 706/741/706 
f 687/721/687 727/762/727 705/740/705 685/718/685 
f 670/719/670 685/718/685 707/742/707 671/765/671 
f 729/766/729 707/742/707 706/741/706 734/771/734 
f 690/725/690 692/727/692 735/772/735 736/773/736 
f 737/774/737 688/723/688 690/725/690 736/773/736 
f 686/720/686 738/775/738 739/776/739 687/721/687 
f 740/777/740 675/708/675 716/751/716 741/778/741 
f 742/779/742 743/780/743 744/781/744 745/782/745 
f 674/707/674 746/783/746 735/772/735 692/727/692 
f 716/751/716 691/726/691 747/784/747 741/778/741 
f 675/708/675 740/777/740 746/783/746 674/707/674 
f 748/785/748 680/713/680 679/712/679 749/786/749 
f 750/787/750 751/788/751 743/780/743 742/779/742 
f 686/722/686 688/723/688 737/774/737 738/789/738 
f 691/726/691 680/713/680 748/785/748 747/784/747 
f 744/781/744 682/715/682 752/790/752 745/782/745 
f 753/791/753 754/792/754 751/788/751 750/787/750 
f 749/786/749 679/712/679 754/792/754 753/791/753 
f 726/761/726 752/790/752 682/715/682 681/714/681 
f 687/721/687 739/776/739 725/760/725 727/762/727 
f 755/793/755 756/794/756 757/795/757 758/796/758 
f 735/772/735 759/797/759 760/798/760 736/773/736 
f 761/799/761 737/774/737 736/773/736 760/798/760 
f 762/800/762 763/801/763 764/802/764 765/803/765 
f 766/804/766 767/805/767 768/806/768 769/807/769 
f 739/776/739 738/775/738 770/808/770 771/809/771 
f 772/810/772 740/777/740 741/778/741 773/811/773 
f 774/812/774 775/813/775 776/814/776 777/815/777 
f 742/779/742 745/782/745 778/816/778 779/817/779 
f 765/803/765 764/802/764 780/818/780 781/819/781 
f 746/783/746 782/820/782 759/797/759 735/772/735 
f 773/811/773 741/778/741 747/784/747 783/821/783 
f 784/822/784 785/823/785 786/824/786 787/825/787 
f 788/826/788 789/827/789 763/801/763 762/800/762 
f 742/779/742 779/817/779 790/828/790 750/787/750 
f 753/791/753 750/787/750 790/828/790 791/829/791 
f 792/830/792 793/831/793 752/790/752 726/761/726 
f 725/760/725 739/776/739 771/809/771 794/832/794 
f 795/833/795 796/834/796 797/835/797 798/836/798 
f 775/813/775 798/836/798 797/835/797 776/814/776 
f 774/837/774 777/838/777 799/839/799 800/840/800 
f 801/841/801 802/842/802 757/795/757 756/794/756 
f 755/793/755 758/796/758 796/834/796 795/833/795 
f 801/841/801 781/819/781 780/818/780 802/842/802 
f 788/826/788 803/843/803 804/844/804 789/827/789 
f 803/843/803 805/845/805 806/846/806 804/844/804 
f 784/822/784 787/825/787 806/846/806 805/845/805 
f 785/823/785 769/807/769 768/806/768 786/824/786 
f 766/804/766 800/840/800 799/839/799 767/805/767 
f 772/810/772 782/820/782 746/783/746 740/777/740 
f 760/798/760 759/797/759 807/847/807 808/848/808 
f 760/798/760 808/848/808 809/849/809 761/799/761 
f 810/850/810 748/785/748 749/786/749 811/851/811 
f 792/830/792 726/761/726 725/760/725 794/832/794 
f 770/808/770 812/852/812 813/853/813 771/809/771 
f 814/854/814 815/855/815 772/810/772 773/811/773 
f 737/774/737 761/799/761 770/856/770 738/789/738 
f 816/857/816 817/858/817 779/817/779 778/816/778 
f 783/821/783 747/784/747 748/785/748 810/850/810 
f 782/820/782 818/859/818 807/847/807 759/797/759 
f 783/821/783 819/860/819 814/854/814 773/811/773 
f 752/790/752 793/831/793 778/816/778 745/782/745 
f 811/851/811 749/786/749 753/791/753 791/829/791 
f 817/858/817 820/861/820 790/828/790 779/817/779 
f 820/861/820 821/862/821 791/829/791 790/828/790 
f 822/863/822 823/864/823 793/831/793 792/830/792 
f 813/853/813 824/865/824 794/832/794 771/809/771 
f 815/855/815 818/859/818 782/820/782 772/810/772 
f 825/866/825 810/850/810 811/851/811 826/867/826 
f 822/863/822 824/865/824 827/868/827 828/869/828 
f 812/870/812 770/856/770 761/799/761 809/849/809 
f 810/850/810 825/866/825 819/860/819 783/821/783 
f 823/864/823 816/857/816 778/816/778 793/831/793 
f 821/862/821 826/867/826 811/851/811 791/829/791 
f 829/871/829 381/393/381 380/392/380 830/872/830 
f 829/871/829 830/872/830 831/873/831 832/874/832 
f 833/875/833 834/876/834 835/877/835 836/878/836 
f 837/879/837 838/880/838 393/405/393 392/404/392 
f 839/881/839 840/882/840 841/883/841 842/884/842 
f 843/885/843 844/886/844 845/887/845 846/888/846 
f 845/887/845 847/889/847 848/890/848 846/888/846 
f 751/788/751 849/891/849 850/892/850 743/780/743 
f 851/893/851 744/781/744 743/780/743 850/892/850 
f 852/894/852 842/884/842 841/883/841 853/895/853 
f 854/896/854 855/897/855 856/898/856 857/899/857 
f 858/900/858 859/901/859 860/902/860 861/903/861 
f 225/228/225 417/429/417 833/875/833 676/709/676 
f 833/875/833 417/429/417 418/430/418 834/876/834 
f 683/716/683 851/893/851 860/902/860 731/768/731 
f 381/393/381 829/871/829 837/879/837 392/404/392 
f 832/874/832 862/904/862 837/879/837 829/871/829 
f 839/881/839 844/886/844 843/885/843 840/882/840 
f 863/905/863 836/878/836 835/877/835 864/906/864 
f 422/434/422 847/889/847 865/907/865 423/435/423 
f 866/908/866 852/894/852 867/909/867 868/910/868 
f 431/443/431 430/442/430 869/911/869 870/912/870 
f 871/913/871 872/914/872 869/911/869 873/915/873 
f 839/881/839 842/884/842 874/916/874 875/917/875 
f 876/918/876 877/919/877 878/920/878 879/921/879 
f 880/922/880 881/923/881 882/924/882 883/925/883 
f 884/926/884 871/913/871 885/927/885 886/928/886 
f 887/929/887 888/930/888 889/931/889 890/932/890 
f 881/923/881 891/933/891 452/464/452 454/466/454 
f 892/934/892 893/935/893 894/936/894 895/937/895 
f 896/938/896 897/939/897 878/920/878 877/919/877 
f 898/940/898 899/941/899 900/942/900 901/943/901 
f 832/874/832 902/944/902 903/945/903 862/904/862 
f 857/899/857 861/903/861 904/946/904 901/943/901 
f 905/947/905 844/886/844 839/881/839 875/917/875 
f 857/899/857 901/943/901 900/942/900 854/896/854 
f 855/897/855 906/948/906 868/949/868 867/950/867 
f 885/927/885 871/913/871 873/915/873 907/951/907 
f 908/952/908 909/953/909 910/954/910 911/955/911 
f 889/931/889 912/956/912 913/957/913 890/932/890 
f 885/927/885 914/958/914 915/959/915 886/928/886 
f 884/926/884 886/928/886 912/956/912 889/931/889 
f 916/960/916 917/961/917 918/962/918 919/963/919 
f 916/960/916 896/938/896 877/919/877 917/961/917 
f 889/931/889 888/930/888 920/964/920 884/926/884 
f 920/964/920 921/965/921 922/966/922 872/914/872 
f 872/914/872 871/913/871 884/926/884 920/964/920 
f 876/918/876 879/921/879 923/967/923 924/968/924 
f 925/969/925 876/918/876 924/968/924 926/970/926 
f 853/895/853 927/971/927 867/909/867 852/894/852 
f 928/972/928 929/973/929 930/974/930 931/975/931 
f 910/954/910 913/957/913 932/976/932 933/977/933 
f 909/953/909 890/932/890 913/957/913 910/954/910 
f 934/978/934 935/979/935 936/980/936 937/981/937 
f 921/965/921 920/964/920 888/930/888 938/982/938 
f 888/930/888 887/929/887 939/983/939 938/982/938 
f 940/984/940 941/985/941 896/938/896 916/960/916 
f 899/941/899 942/986/942 943/987/943 900/942/900 
f 507/519/507 848/890/848 847/889/847 422/434/422 
f 907/951/907 944/988/944 914/958/914 885/927/885 
f 911/955/911 910/954/910 933/977/933 945/989/945 
f 932/976/932 913/957/913 912/956/912 946/990/946 
f 880/922/880 897/939/897 947/991/947 948/992/948 
f 949/993/949 943/987/943 941/985/941 940/984/940 
f 886/928/886 915/959/915 946/990/946 912/956/912 
f 905/947/905 915/959/915 914/958/914 950/994/950 
f 940/984/940 916/960/916 919/963/919 951/995/951 
f 866/908/866 933/977/933 932/976/932 874/916/874 
f 941/985/941 947/991/947 897/939/897 896/938/896 
f 519/531/519 952/996/952 953/997/953 516/528/516 
f 954/998/954 850/892/850 849/891/849 955/999/955 
f 899/941/899 894/936/894 893/935/893 942/986/942 
f 898/940/898 956/1000/956 894/936/894 899/941/899 
f 957/1001/957 958/1002/958 959/1003/959 952/996/952 
f 380/392/380 526/538/526 960/1004/960 830/872/830 
f 865/907/865 847/889/847 845/887/845 950/994/950 
f 529/541/529 528/540/528 937/981/937 882/924/882 
f 870/912/870 869/911/869 872/914/872 922/966/922 
f 530/542/530 873/915/873 869/911/869 430/442/430 
f 882/924/882 881/923/881 454/466/454 529/541/529 
f 873/915/873 530/542/530 531/543/531 907/951/907 
f 937/981/937 528/540/528 532/544/532 934/978/934 
f 533/545/533 944/988/944 907/951/907 531/543/531 
f 452/464/452 891/933/891 957/1001/957 534/546/534 
f 957/1001/957 891/933/891 948/992/948 958/1002/958 
f 931/975/931 961/1005/961 962/1006/962 928/972/928 
f 963/1007/963 964/1008/964 965/1009/965 966/1010/966 
f 967/1011/967 968/1012/968 969/1013/969 970/1014/970 
f 969/1013/969 965/1009/965 964/1008/964 970/1014/970 
f 963/1007/963 966/1010/966 546/558/546 545/557/545 
f 962/1006/962 961/1005/961 968/1012/968 967/1011/967 
f 676/709/676 833/875/833 836/878/836 679/712/679 
f 834/876/834 418/430/418 393/405/393 838/880/838 
f 862/904/862 971/1015/971 838/880/838 837/879/837 
f 902/944/902 972/1016/972 892/934/892 895/937/895 
f 956/1000/956 973/1017/973 895/937/895 894/936/894 
f 974/1018/974 903/945/903 973/1017/973 956/1000/956 
f 953/997/953 975/1019/975 552/564/552 516/528/516 
f 880/922/880 883/925/883 878/920/878 897/939/897 
f 891/933/891 881/923/881 880/922/880 948/992/948 
f 942/986/942 893/935/893 959/1003/959 958/1002/958 
f 948/992/948 947/991/947 942/986/942 958/1002/958 
f 903/945/903 902/944/902 895/937/895 973/1017/973 
f 974/1018/974 971/1015/971 862/904/862 903/945/903 
f 831/873/831 972/1016/972 902/944/902 832/874/832 
f 863/905/863 849/891/849 751/788/751 754/792/754 
f 849/891/849 863/905/863 864/906/864 955/999/955 
f 956/1000/956 898/940/898 954/998/954 955/999/955 
f 754/792/754 679/712/679 836/878/836 863/905/863 
f 861/903/861 857/899/857 856/898/856 858/900/858 
f 838/880/838 971/1015/971 835/877/835 834/876/834 
f 901/943/901 904/946/904 954/998/954 898/940/898 
f 860/902/860 851/893/851 904/946/904 861/903/861 
f 853/895/853 931/975/931 930/974/930 927/971/927 
f 853/895/853 841/883/841 961/1005/961 931/975/931 
f 846/888/846 848/890/848 966/1010/966 965/1009/965 
f 840/882/840 843/885/843 969/1013/969 968/1012/968 
f 846/888/846 965/1009/965 969/1013/969 843/885/843 
f 507/519/507 546/558/546 966/1010/966 848/890/848 
f 961/1005/961 841/883/841 840/882/840 968/1012/968 
f 955/999/955 864/906/864 974/1018/974 956/1000/956 
f 974/1018/974 864/906/864 835/877/835 971/1015/971 
f 941/985/941 943/987/943 942/986/942 947/991/947 
f 865/907/865 944/988/944 533/545/533 423/435/423 
f 945/989/945 933/977/933 866/908/866 868/910/868 
f 874/916/874 932/976/932 946/990/946 875/917/875 
f 946/990/946 915/959/915 905/947/905 875/917/875 
f 951/995/951 906/948/906 949/993/949 940/984/940 
f 905/947/905 950/994/950 845/887/845 844/886/844 
f 866/908/866 874/916/874 842/884/842 852/894/852 
f 950/994/950 914/958/914 944/988/944 865/907/865 
f 949/993/949 854/896/854 900/942/900 943/987/943 
f 554/566/554 976/1020/976 960/1004/960 526/538/526 
f 892/934/892 977/1021/977 978/1022/978 893/935/893 
f 978/1022/978 977/1021/977 979/1023/979 980/1024/980 
f 981/1025/981 959/1003/959 893/935/893 978/1022/978 
f 960/1004/960 982/1026/982 831/873/831 830/872/830 
f 977/1021/977 892/934/892 972/1016/972 983/1027/983 
f 972/1016/972 831/873/831 982/1026/982 983/1027/983 
f 960/1004/960 976/1020/976 984/1028/984 985/1029/985 
f 975/1019/975 986/1030/986 560/576/560 552/564/552 
f 981/1025/981 978/1022/978 980/1024/980 987/1031/987 
f 879/921/879 936/980/936 935/979/935 923/967/923 
f 882/924/882 937/981/937 936/980/936 883/925/883 
f 855/897/855 867/950/867 927/1032/927 856/898/856 
f 929/1033/929 859/901/859 858/900/858 930/1034/930 
f 945/1035/945 868/949/868 906/948/906 951/995/951 
f 854/896/854 949/993/949 906/948/906 855/897/855 
f 911/1036/911 919/963/919 918/962/918 908/1037/908 
f 951/995/951 919/963/919 911/1036/911 945/1035/945 
f 927/1032/927 930/1034/930 858/900/858 856/898/856 
f 883/925/883 936/980/936 879/921/879 878/920/878 
f 925/969/925 917/961/917 877/919/877 876/918/876 
f 850/892/850 954/998/954 904/946/904 851/893/851 
f 988/1038/988 918/962/918 917/961/917 925/969/925 
f 887/929/887 890/932/890 909/953/909 989/1039/989 
f 990/1040/990 988/1038/988 925/969/925 926/970/926 
f 989/1039/989 939/983/939 887/929/887 
f 989/1039/989 909/953/909 908/952/908 990/1041/990 
f 908/1037/908 918/962/918 988/1038/988 990/1040/990 
f 683/716/683 682/715/682 744/781/744 851/893/851 
f 732/769/732 731/768/731 860/902/860 859/901/859 
f 986/1030/986 975/1019/975 991/1042/991 992/1043/992 
f 952/996/952 519/531/519 534/546/534 957/1001/957 
f 959/1003/959 981/1025/981 953/997/953 952/996/952 
f 560/576/560 986/1030/986 976/1020/976 554/566/554 
f 984/1028/984 976/1020/976 986/1030/986 992/1043/992 
f 696/731/696 699/734/699 719/754/719 993/1044/993 
f 701/736/701 994/1045/994 704/739/704 702/737/702 
f 701/736/701 696/731/696 993/1044/993 994/1045/994 
f 717/752/717 995/1046/995 569/588/569 568/587/568 
f 733/770/733 570/589/570 569/588/569 995/1046/995 
f 699/734/699 995/1046/995 717/752/717 719/754/719 
f 664/697/664 993/1044/993 719/754/719 665/698/665 
f 704/739/704 994/1045/994 669/702/669 668/701/668 
f 994/1045/994 993/1044/993 664/697/664 669/702/669 
f 229/232/229 718/753/718 717/752/717 568/587/568 
f 665/698/665 718/753/718 229/232/229 662/695/662 
f 572/591/572 571/590/571 721/756/721 720/755/720 
f 672/705/672 695/730/695 689/724/689 673/706/673 
f 667/700/667 689/724/689 695/730/695 668/701/668 
f 702/737/702 693/728/693 708/743/708 703/738/703 
f 694/729/694 704/739/704 668/701/668 695/730/695 
f 697/732/697 713/748/713 722/757/722 698/733/698 
f 703/738/703 996/1047/996 714/749/714 700/735/700 
f 696/731/696 701/736/701 700/735/700 697/732/697 
f 698/733/698 733/770/733 995/1046/995 699/734/699 
f 570/589/570 733/770/733 721/756/721 571/590/571 
f 996/1047/996 703/738/703 708/743/708 711/746/711 
f 996/1047/996 711/746/711 710/745/710 997/1048/997 
f 715/750/715 714/749/714 996/1047/996 997/1048/997 
f 723/758/723 722/757/722 713/748/713 712/747/712 
f 708/743/708 693/728/693 672/705/672 709/744/709 
f 575/594/575 431/443/431 870/912/870 998/1049/998 
f 921/965/921 999/1050/999 1000/1051/1000 922/966/922 
f 924/968/924 923/967/923 70/1052/70 73/1053/73 
f 73/1053/73 74/1054/74 926/970/926 924/968/924 
f 79/1055/79 78/1056/78 935/979/935 934/978/934 
f 1001/1057/1001 999/1050/999 921/965/921 938/982/938 
f 939/983/939 1002/1058/1002 1001/1057/1001 938/982/938 
f 998/1049/998 870/912/870 922/966/922 1000/1051/1000 
f 79/1055/79 934/978/934 532/544/532 12/605/12 
f 923/967/923 935/979/935 78/1056/78 70/1052/70 
f 926/970/926 74/1054/74 81/1059/81 990/1040/990 
f 939/983/939 989/1039/989 1003/1060/1003 1002/1058/1002 
f 1003/1060/1003 989/1039/989 990/1041/990 81/1061/81 
f 1004/1062/1004 1005/1063/1005 808/848/808 807/847/807 
f 1006/1064/1006 809/849/809 808/848/808 1005/1063/1005 
f 813/853/813 812/852/812 1007/1065/1007 1008/1066/1008 
f 814/854/814 1009/1067/1009 1010/1068/1010 815/855/815 
f 1011/1069/1011 817/858/817 816/857/816 1012/1070/1012 
f 818/859/818 1013/1071/1013 1004/1062/1004 807/847/807 
f 1014/1072/1014 1009/1067/1009 814/854/814 819/860/819 
f 820/861/820 817/858/817 1011/1069/1011 1015/1073/1015 
f 820/861/820 1015/1073/1015 1016/1074/1016 821/862/821 
f 823/864/823 822/863/822 828/869/828 1017/1075/1017 
f 1008/1066/1008 827/868/827 824/865/824 813/853/813 
f 1010/1068/1010 1013/1071/1013 818/859/818 815/855/815 
f 1018/1076/1018 1019/1077/1019 825/866/825 826/867/826 
f 809/849/809 1006/1064/1006 1007/1078/1007 812/870/812 
f 825/866/825 1019/1077/1019 1014/1072/1014 819/860/819 
f 823/864/823 1017/1075/1017 1012/1070/1012 816/857/816 
f 821/862/821 1016/1074/1016 1018/1076/1018 826/867/826 
f 1020/1079/1020 1021/1080/1021 1022/1081/1022 1023/1082/1023 
f 757/795/757 1022/1081/1022 1021/1080/1021 758/796/758 
f 755/793/755 1013/1071/1013 1010/1068/1010 756/794/756 
f 1024/1083/1024 1025/1084/1025 1026/1085/1026 1027/1086/1027 
f 1027/1086/1027 764/802/764 763/801/763 1024/1083/1024 
f 1018/1076/1018 762/800/762 765/803/765 1019/1077/1019 
f 1028/1087/1028 1029/1088/1029 1030/1089/1030 1031/1090/1031 
f 768/806/768 767/805/767 1030/1089/1030 1029/1088/1029 
f 827/868/827 766/804/766 769/807/769 828/869/828 
f 1032/1091/1032 1033/1092/1033 1034/1093/1034 1035/1094/1035 
f 1034/1093/1034 1033/1092/1033 777/815/777 776/814/776 
f 774/812/774 1007/1078/1007 1006/1064/1006 775/813/775 
f 1027/1086/1027 1026/1085/1026 1036/1095/1036 1037/1096/1037 
f 780/818/780 764/802/764 1027/1086/1027 1037/1096/1037 
f 765/803/765 781/819/781 1014/1072/1014 1019/1077/1019 
f 1038/1097/1038 1039/1098/1039 1040/1099/1040 1041/1100/1041 
f 1039/1098/1039 1038/1097/1038 787/825/787 786/824/786 
f 785/823/785 784/822/784 1012/1070/1012 1017/1075/1017 
f 1042/1101/1042 1043/1102/1043 1025/1084/1025 1024/1083/1024 
f 789/827/789 1042/1101/1042 1024/1083/1024 763/801/763 
f 762/800/762 1018/1076/1018 1016/1074/1016 788/826/788 
f 1044/1103/1044 1045/1104/1045 1046/1105/1046 1047/1106/1047 
f 796/834/796 1045/1104/1045 1044/1103/1044 797/835/797 
f 798/836/798 1005/1063/1005 1004/1062/1004 795/833/795 
f 1034/1093/1034 1044/1103/1044 1047/1106/1047 1035/1094/1035 
f 797/835/797 1044/1103/1044 1034/1093/1034 776/814/776 
f 1006/1064/1006 1005/1063/1005 798/836/798 775/813/775 
f 1033/1107/1033 1032/1108/1032 1048/1109/1048 1049/1110/1049 
f 799/839/799 777/838/777 1033/1107/1033 1049/1110/1049 
f 800/840/800 1008/1066/1008 1007/1065/1007 774/837/774 
f 1022/1081/1022 1050/1111/1050 1051/1112/1051 1023/1082/1023 
f 802/842/802 1050/1111/1050 1022/1081/1022 757/795/757 
f 1010/1068/1010 1009/1067/1009 801/841/801 756/794/756 
f 1045/1104/1045 1021/1080/1021 1020/1079/1020 1046/1105/1046 
f 796/834/796 758/796/758 1021/1080/1021 1045/1104/1045 
f 795/833/795 1004/1062/1004 1013/1071/1013 755/793/755 
f 1050/1111/1050 1037/1096/1037 1036/1095/1036 1051/1112/1051 
f 780/818/780 1037/1096/1037 1050/1111/1050 802/842/802 
f 1014/1072/1014 781/819/781 801/841/801 1009/1067/1009 
f 1052/1113/1052 1043/1102/1043 1042/1101/1042 1053/1114/1053 
f 1053/1114/1053 1042/1101/1042 789/827/789 804/844/804 
f 1016/1074/1016 1015/1073/1015 803/843/803 788/826/788 
f 1054/1115/1054 1052/1113/1052 1053/1114/1053 1055/1116/1055 
f 1053/1114/1053 804/844/804 806/846/806 1055/1116/1055 
f 803/843/803 1015/1073/1015 1011/1069/1011 805/845/805 
f 1038/1097/1038 1041/1100/1041 1054/1115/1054 1055/1116/1055 
f 1038/1097/1038 1055/1116/1055 806/846/806 787/825/787 
f 805/845/805 1011/1069/1011 1012/1070/1012 784/822/784 
f 1040/1099/1040 1039/1098/1039 1029/1088/1029 1028/1087/1028 
f 786/824/786 768/806/768 1029/1088/1029 1039/1098/1039 
f 1017/1075/1017 828/869/828 769/807/769 785/823/785 
f 1048/1109/1048 1031/1090/1031 1030/1089/1030 1049/1110/1049 
f 799/839/799 1049/1110/1049 1030/1089/1030 767/805/767 
f 827/868/827 1008/1066/1008 800/840/800 766/804/766 
f 987/1031/987 1056/1117/1056 953/997/953 981/1025/981 
f 982/1026/982 960/1004/960 985/1029/985 1057/1118/1057 
f 983/1027/983 1058/1119/1058 979/1023/979 977/1021/977 
f 1058/1119/1058 983/1027/983 982/1026/982 1057/1118/1057 
f 975/1019/975 953/997/953 1056/1117/1056 991/1042/991 
f 1059/1120/1059 1060/1121/1060 1052/1113/1052 1054/1115/1054 
f 1061/1122/1061 1059/1120/1059 1054/1115/1054 1041/1100/1041 
f 1062/1123/1062 1040/1099/1040 1028/1087/1028 1063/1124/1063 
f 1048/1109/1048 1064/1125/1064 1065/1126/1065 1031/1090/1031 
f 1066/1127/1066 1051/1112/1051 1067/1128/1067 1068/1129/1068 
f 1063/1124/1063 1028/1087/1028 1031/1090/1031 1065/1126/1065 
f 1035/1094/1035 1069/1130/1069 1070/1131/1070 1032/1091/1032 
f 1040/1099/1040 1062/1123/1062 1061/1122/1061 1041/1100/1041 
f 1071/1132/1071 1052/1113/1052 1060/1121/1060 1072/1133/1072 
f 1032/1108/1032 1070/1134/1070 1064/1125/1064 1048/1109/1048 
f 1023/1082/1023 1073/1135/1073 1074/1136/1074 1020/1079/1020 
f 1075/1137/1075 1047/1106/1047 1046/1105/1046 1076/1138/1076 
f 1047/1106/1047 1075/1137/1075 1069/1130/1069 1035/1094/1035 
f 1023/1082/1023 1051/1112/1051 1066/1127/1066 1073/1135/1073 
f 1076/1138/1076 1046/1105/1046 1020/1079/1020 1074/1136/1074 
f 1067/1128/1067 1051/1112/1051 1036/1095/1036 
f 1026/1085/1026 1025/1084/1025 1077/1139/1077 1078/1140/1078 
f 1026/1085/1026 1078/1140/1078 1067/1128/1067 1036/1095/1036 
f 1043/1102/1043 1071/1132/1071 1077/1139/1077 1025/1084/1025 
f 1052/1113/1052 1071/1132/1071 1043/1102/1043 
f 1072/1133/1072 1079/1141/1079 1080/1142/1080 1071/1132/1071 
f 1080/1142/1080 1081/1143/1081 1077/1139/1077 1071/1132/1071 
f 1078/1140/1078 1077/1139/1077 1081/1143/1081 1082/1144/1082 
f 1082/1144/1082 1083/1145/1083 1067/1128/1067 1078/1140/1078 
f 1084/1146/1084 1068/1129/1068 1067/1128/1067 1083/1145/1083 
f 1084/1146/1084 1083/1145/1083 1080/1142/1080 1079/1141/1079 
f 1082/1144/1082 1081/1143/1081 1080/1142/1080 1083/1145/1083 
f 1084/1146/1084 1085/1147/1085 1068/1129/1068 
f 1086/1148/1086 1079/1141/1079 1072/1133/1072 
f 1084/1146/1084 1079/1141/1079 1086/1148/1086 1085/1147/1085 
f 794/832/794 824/865/824 822/863/822 792/830/792 
f 1087/1149/1087 1088/1150/1088 1089/1151/1089 1090/1152/1090 
f 1091/1153/1091 1089/1151/1089 1088/1150/1088 
f 1092/1154/1092 1093/1155/1093 1094/1156/1094 1095/1157/1095 
f 1096/1158/1096 1097/1159/1097 1098/1160/1098 1099/1161/1099 
f 1100/1162/1100 1101/1163/1101 1102/1164/1102 1103/1165/1103 
f 1104/1166/1104 1105/1167/1105 1106/1168/1106 1107/1169/1107 
f 1108/1170/1108 279/1171/279 261/1172/261 1109/1173/1109 
f 280/1174/280 1110/1175/1110 1111/1176/1111 285/1177/285 
f 282/1178/282 281/1179/281 1112/1180/1112 1113/1181/1113 
f 1114/1182/1114 1107/1169/1107 1106/1168/1106 1115/1183/1115 
f 1116/1184/1116 1117/1185/1117 1101/1163/1101 1100/1162/1100 
f 1118/1186/1118 1119/1187/1119 1115/1183/1115 1106/1168/1106 
f 1104/1166/1104 1107/1169/1107 1092/1154/1092 1095/1157/1095 
f 1103/1165/1103 1102/1164/1102 1120/1188/1120 1121/1189/1121 
f 1122/1190/1122 1123/1191/1123 1124/1192/1124 1125/1193/1125 
f 1122/1190/1122 1126/1194/1126 1127/1195/1127 1123/1191/1123 
f 1111/1176/1111 1125/1193/1125 1124/1192/1124 1112/1180/1112 
f 1128/1196/1128 1129/1197/1129 1127/1195/1127 1116/1184/1116 
f 1130/1198/1130 1131/1199/1131 1132/1200/1132 1096/1158/1096 
f 1099/1161/1099 1118/1186/1118 1130/1198/1130 1096/1158/1096 
f 1118/1186/1118 1106/1168/1106 1105/1167/1105 1130/1198/1130 
f 1103/1165/1103 1133/1201/1133 1134/1202/1134 1100/1162/1100 
f 281/1179/281 285/1177/285 1111/1176/1111 1112/1180/1112 
f 1128/1196/1128 1116/1184/1116 1100/1162/1100 1134/1202/1134 
f 1121/1189/1121 1135/1203/1135 1133/1201/1133 1103/1165/1103 
f 1123/1191/1123 1136/1204/1136 1137/1205/1137 1124/1192/1124 
f 1136/1204/1136 1123/1191/1123 1127/1195/1127 1129/1197/1129 
f 1124/1192/1124 1137/1205/1137 1113/1181/1113 1112/1180/1112 
f 1117/1185/1117 1116/1184/1116 1127/1195/1127 1126/1194/1126 
f 1138/1206/1138 1110/1175/1110 1108/1170/1108 1139/1207/1139 
f 1110/1175/1110 1138/1206/1138 1140/1208/1140 1141/1209/1141 
f 1140/1208/1140 1132/1200/1132 1131/1199/1131 1141/1209/1141 
f 1108/1170/1108 1110/1175/1110 280/1174/280 279/1171/279 
f 1102/1164/1102 1101/1163/1101 1104/1166/1104 1095/1157/1095 
f 1105/1167/1105 1104/1166/1104 1101/1163/1101 1117/1185/1117 
f 1102/1164/1102 1095/1157/1095 1094/1156/1094 1120/1188/1120 
f 1122/1190/1122 1125/1193/1125 1141/1209/1141 1131/1199/1131 
f 1122/1190/1122 1131/1199/1131 1130/1198/1130 1126/1194/1126 
f 1110/1175/1110 1141/1209/1141 1125/1193/1125 1111/1176/1111 
f 1130/1198/1130 1105/1167/1105 1117/1185/1117 1126/1194/1126 
f 1092/1154/1092 1107/1169/1107 1114/1182/1114 1142/1210/1142 
f 1099/1161/1099 1143/1211/1143 1119/1187/1119 1118/1186/1118 
f 1143/1211/1143 1099/1161/1099 1098/1160/1098 1144/1212/1144 
f 1145/1213/1145 1146/1214/1146 1144/1212/1144 1098/1160/1098 
f 1146/1214/1146 1145/1213/1145 1147/1215/1147 1148/1216/1148 
f 1142/1210/1142 1149/1217/1149 1093/1155/1093 1092/1154/1092 
f 1150/1218/1150 1151/1219/1151 1148/1216/1148 1147/1215/1147 
f 537/1220/537 1134/1202/1134 1133/1201/1133 538/1221/538 
f 537/1220/537 541/1222/541 1128/1196/1128 1134/1202/1134 
f 538/1221/538 1133/1201/1133 1135/1203/1135 545/1223/545 
f 492/1224/492 1113/1181/1113 1137/1205/1137 493/1225/493 
f 492/1224/492 415/1226/415 282/1178/282 1113/1181/1113 
f 535/1227/535 493/1225/493 1137/1205/1137 1136/1204/1136 
f 535/1227/535 1136/1204/1136 1129/1197/1129 544/1228/544 
f 541/1222/541 544/1228/544 1129/1197/1129 1128/1196/1128 
f 1152/1229/1152 1108/1170/1108 1109/1173/1109 1153/1230/1153 
f 1108/1170/1108 1152/1229/1152 1154/1231/1154 1139/1207/1139 
f 1155/1232/1155 1094/1156/1094 1093/1155/1093 1156/1233/1156 
f 1157/1234/1157 1158/1235/1158 1159/1236/1159 1160/1237/1160 
f 1161/1238/1161 1162/1239/1162 1163/1240/1163 1164/1241/1164 
f 1165/1242/1165 1166/1243/1166 1167/1244/1167 1168/1245/1168 
f 1169/1246/1169 1170/1247/1170 709/1248/709 728/1249/728 
f 1171/1250/1171 729/1251/729 734/1252/734 1172/1253/1172 
f 732/1254/732 1173/1255/1173 1174/1256/1174 730/1257/730 
f 1165/1242/1165 1175/1258/1175 1176/1259/1176 1166/1243/1166 
f 1177/1260/1177 1163/1240/1163 1162/1239/1162 1178/1261/1178 
f 1176/1259/1176 1179/1262/1179 1180/1263/1180 1166/1243/1166 
f 1181/1264/1181 1182/1265/1182 1183/1266/1183 1184/1267/1184 
f 1185/1268/1185 1157/1234/1157 1186/1269/1186 1187/1270/1187 
f 1157/1234/1157 1185/1268/1185 1188/1271/1188 1158/1235/1158 
f 1189/1272/1189 1185/1268/1185 1187/1270/1187 1190/1273/1190 
f 1191/1274/1191 1187/1270/1187 1186/1269/1186 1192/1275/1192 
f 1156/1233/1156 1165/1242/1165 1168/1245/1168 1155/1232/1155 
f 1120/1188/1120 1161/1238/1161 1164/1241/1164 1121/1189/1121 
f 1193/1276/1193 1194/1277/1194 1195/1278/1195 1196/1279/1196 
f 1192/1275/1192 1183/1266/1183 1182/1265/1182 1191/1274/1191 
f 1197/1280/1197 1198/1281/1198 1193/1276/1193 1196/1279/1196 
f 1174/1256/1174 1195/1278/1195 1194/1277/1194 1172/1253/1172 
f 1199/1282/1199 1177/1260/1177 1197/1280/1197 1200/1283/1200 
f 1190/1273/1190 1201/1284/1201 1202/1285/1202 1189/1272/1189 
f 1203/1286/1203 1188/1271/1188 1185/1268/1185 1189/1272/1189 
f 1202/1285/1202 1180/1263/1180 1203/1286/1203 1189/1272/1189 
f 1180/1263/1180 1202/1285/1202 1167/1244/1167 1166/1243/1166 
f 1204/1287/1204 1164/1241/1164 1163/1240/1163 1205/1288/1205 
f 1174/1256/1174 1172/1253/1172 734/1252/734 730/1257/730 
f 1177/1260/1177 1199/1282/1199 1205/1288/1205 1163/1240/1163 
f 1164/1241/1164 1204/1287/1204 1135/1203/1135 1121/1189/1121 
f 1196/1279/1196 1195/1278/1195 1206/1289/1206 1207/1290/1207 
f 1207/1290/1207 1200/1283/1200 1197/1280/1197 1196/1279/1196 
f 1173/1255/1173 1206/1289/1206 1195/1278/1195 1174/1256/1174 
f 1197/1280/1197 1177/1260/1177 1178/1261/1178 1198/1281/1198 
f 1208/1291/1208 1169/1246/1169 1171/1250/1171 1209/1292/1209 
f 1191/1274/1191 1182/1265/1182 1209/1292/1209 1210/1293/1210 
f 1209/1292/1209 1182/1265/1182 1181/1264/1181 1208/1291/1208 
f 1171/1250/1171 1211/1294/1211 1210/1293/1210 1209/1292/1209 
f 1191/1274/1191 1210/1293/1210 1190/1273/1190 1187/1270/1187 
f 1210/1293/1210 1211/1294/1211 1201/1284/1201 1190/1273/1190 
f 1171/1250/1171 1169/1246/1169 728/1249/728 729/1251/729 
f 1162/1239/1162 1161/1238/1161 1155/1232/1155 1168/1245/1168 
f 1178/1261/1178 1162/1239/1162 1168/1245/1168 1167/1244/1167 
f 1120/1188/1120 1094/1156/1094 1155/1232/1155 1161/1238/1161 
f 1211/1294/1211 1194/1277/1194 1193/1276/1193 1201/1284/1201 
f 1201/1284/1201 1193/1276/1193 1198/1281/1198 1202/1285/1202 
f 1194/1277/1194 1211/1294/1211 1171/1250/1171 1172/1253/1172 
f 1178/1261/1178 1167/1244/1167 1202/1285/1202 1198/1281/1198 
f 1156/1233/1156 1212/1295/1212 1175/1258/1175 1165/1242/1165 
f 1180/1263/1180 1179/1262/1179 1213/1296/1213 1203/1286/1203 
f 1150/1297/1150 1214/1298/1214 1215/1299/1215 1151/1300/1151 
f 1216/1301/1216 1217/1302/1217 1159/1236/1159 1158/1235/1158 
f 1216/1301/1216 1158/1235/1158 1188/1271/1188 1218/1303/1218 
f 1217/1302/1217 1215/1299/1215 1214/1298/1214 1159/1236/1159 
f 1203/1286/1203 1213/1296/1213 1218/1303/1218 1188/1271/1188 
f 1156/1233/1156 1093/1155/1093 1149/1217/1149 1212/1295/1212 
f 964/1304/964 963/1305/963 1204/1287/1204 1205/1288/1205 
f 970/1306/970 964/1304/964 1205/1288/1205 1199/1282/1199 
f 545/1223/545 1135/1203/1135 1204/1287/1204 963/1305/963 
f 929/1307/929 928/1308/928 1206/1289/1206 1173/1255/1173 
f 929/1307/929 1173/1255/1173 732/1254/732 859/1309/859 
f 962/1310/962 1207/1290/1207 1206/1289/1206 928/1308/928 
f 967/1311/967 1200/1283/1200 1207/1290/1207 962/1310/962 
f 1200/1283/1200 967/1311/967 970/1306/970 1199/1282/1199 
f 1219/1312/1219 1208/1291/1208 1181/1264/1181 1220/1313/1220 
f 1221/1314/1221 1222/1315/1222 1170/1247/1170 1169/1246/1169 
f 1219/1312/1219 1221/1314/1221 1169/1246/1169 1208/1291/1208 
f 1184/1267/1184 1223/1316/1223 1220/1313/1220 1181/1264/1181 
f 1224/1317/1224 1098/1160/1098 1097/1159/1097 1225/1318/1225 
f 1224/1317/1224 1226/1319/1226 1145/1213/1145 1098/1160/1098 
f 1142/1210/1142 1114/1182/1114 1227/1320/1227 
f 1115/1183/1115 1228/1321/1228 1227/1320/1227 1114/1182/1114 
f 1228/1321/1228 1115/1183/1115 1119/1187/1119 1229/1322/1229 
f 1143/1211/1143 1230/1323/1230 1229/1322/1229 1119/1187/1119 
f 1144/1212/1144 1146/1214/1146 1231/1324/1231 1232/1325/1232 
f 1233/1326/1233 1234/1327/1234 1215/1299/1215 1217/1302/1217 
f 1216/1301/1216 1235/1328/1235 1233/1326/1233 1217/1302/1217 
f 1236/1329/1236 1213/1296/1213 1179/1262/1179 1237/1330/1237 
f 1237/1330/1237 1179/1262/1179 1176/1259/1176 
f 1222/1315/1222 1221/1314/1221 1219/1312/1219 1238/1331/1238 
f 1220/1313/1220 1239/1332/1239 1238/1331/1238 1219/1312/1219 
f 1239/1332/1239 1220/1313/1220 1223/1316/1223 1240/1333/1240 
f 1153/1334/1153 1241/1335/1241 1154/1231/1154 1152/1229/1152 
f 1242/1336/1242 1151/1300/1151 1215/1299/1215 1234/1327/1234 
f 1148/1216/1148 1151/1219/1151 1242/1337/1242 1243/1338/1243 
f 1148/1216/1148 1243/1338/1243 1231/1324/1231 1146/1214/1146 
f 1144/1212/1144 1232/1325/1232 1230/1323/1230 1143/1211/1143 
f 1244/1339/1244 1245/1340/1245 1226/1319/1226 1224/1317/1224 
f 1145/1213/1145 1226/1319/1226 1245/1340/1245 1147/1215/1147 
f 1246/1341/1246 1247/1342/1247 1248/1343/1248 1249/1344/1249 
f 1247/1342/1247 1246/1341/1246 1160/1237/1160 1159/1236/1159 
f 1250/1345/1250 204/1346/204 1248/1343/1248 1247/1342/1247 
f 1159/1236/1159 1214/1298/1214 1250/1345/1250 1247/1342/1247 
f 204/1346/204 1250/1345/1250 1251/1347/1251 208/1348/208 
f 1250/1345/1250 1214/1298/1214 1150/1297/1150 1251/1347/1251 
f 1251/1349/1251 1245/1340/1245 1244/1339/1244 208/1350/208 
f 1147/1215/1147 1245/1340/1245 1251/1349/1251 1150/1218/1150 
f 1236/1329/1236 1252/1351/1252 1218/1303/1218 1213/1296/1213 
f 1216/1301/1216 1218/1303/1218 1252/1351/1252 1235/1328/1235 
f 1253/1352/1253 1184/1353/1184 1183/1354/1183 1254/1355/1254 
f 1186/1356/1186 1157/1357/1157 1255/1358/1255 1256/1359/1256 
f 1255/1358/1255 1157/1357/1157 1160/1360/1160 1257/1361/1257 
f 1254/1355/1254 1183/1354/1183 1192/1362/1192 1258/1363/1258 
f 1258/1363/1258 1192/1362/1192 1186/1356/1186 1256/1359/1256 
f 1259/1364/1259 1253/1352/1253 1254/1355/1254 1260/1365/1260 
f 1261/1366/1261 1262/1367/1262 1263/1368/1263 1260/1365/1260 
f 1262/1367/1262 1261/1366/1261 1264/1369/1264 1265/1370/1265 
f 1266/1371/1266 1267/1372/1267 1268/1373/1268 1269/1374/1269 
f 1267/1372/1267 1266/1371/1266 1270/1375/1270 1271/1376/1271 
f 1262/1367/1262 1267/1372/1267 1271/1376/1271 1263/1368/1263 
f 1268/1373/1268 1267/1372/1267 1262/1367/1262 1265/1370/1265 
f 1272/1377/1272 1273/1378/1273 1274/1379/1274 1275/1380/1275 
f 1276/1381/1276 1277/1382/1277 1272/1377/1272 1275/1380/1275 
f 1278/1383/1278 1279/1384/1279 1280/1385/1280 1281/1386/1281 
f 1282/1387/1282 1283/1388/1283 1284/1389/1284 1285/1390/1285 
f 1286/1391/1286 1279/1384/1279 1278/1383/1278 1287/1392/1287 
f 1288/1393/1288 1289/1394/1289 1286/1391/1286 1287/1392/1287 
f 1290/1395/1290 1291/1396/1291 1287/1392/1287 1278/1383/1278 
f 1292/1397/1292 1293/1398/1293 1294/1399/1294 1295/1400/1295 
f 1296/1401/1296 1297/1402/1297 1292/1397/1292 1295/1400/1295 
f 1291/1396/1291 1298/1403/1298 1288/1393/1288 1287/1392/1287 
f 1299/1404/1299 1300/1405/1300 1297/1402/1297 1296/1401/1296 
f 1301/1406/1301 1302/1407/1302 1300/1405/1300 1299/1404/1299 
f 1303/1408/1303 1304/1409/1304 1305/1410/1305 1281/1386/1281 
f 1306/1411/1306 1307/1412/1307 1304/1409/1304 1303/1408/1303 
f 1308/1413/1308 1309/1414/1309 1302/1407/1302 1301/1406/1301 
f 1309/1414/1309 1310/1415/1310 1311/1416/1311 1302/1407/1302 
f 1312/1417/1312 1257/1361/1257 1313/1418/1313 1314/1419/1314 
f 1312/1417/1312 1310/1415/1310 1255/1358/1255 1257/1361/1257 
f 1315/1420/1315 1316/1421/1316 1314/1419/1314 1317/1422/1317 
f 1311/1416/1311 1318/1423/1318 1300/1405/1300 1302/1407/1302 
f 1255/1358/1255 1310/1415/1310 1309/1414/1309 1256/1359/1256 
f 1256/1359/1256 1309/1414/1309 1308/1413/1308 1258/1363/1258 
f 1258/1363/1258 1261/1366/1261 1260/1365/1260 1254/1355/1254 
f 1319/1424/1319 1259/1364/1259 1260/1365/1260 1320/1425/1320 
f 1321/1426/1321 1259/1364/1259 1319/1424/1319 1322/1427/1322 
f 1322/1427/1322 1319/1424/1319 1323/1428/1323 1324/1429/1324 
f 1324/1429/1324 1323/1428/1323 1325/1430/1325 1326/1431/1326 
f 1327/1432/1327 1328/1433/1328 1329/1434/1329 1330/1435/1330 
f 1331/1436/1331 1332/1437/1332 1333/1438/1333 1334/1439/1334 
f 1335/1440/1335 1336/1441/1336 1337/1442/1337 1338/1443/1338 
f 1339/1444/1339 1340/1445/1340 1335/1440/1335 1338/1443/1338 
f 1330/1435/1330 1340/1445/1340 1339/1444/1339 1327/1432/1327 
f 1341/1446/1341 1342/1447/1342 1343/1448/1343 1344/1449/1344 
f 1328/1433/1328 1341/1446/1341 1345/1450/1345 1329/1434/1329 
f 1323/1428/1323 1346/1451/1346 1347/1452/1347 1325/1430/1325 
f 1348/1453/1348 1324/1429/1324 1326/1431/1326 1349/1454/1349 
f 1350/1455/1350 1351/1456/1351 1348/1453/1348 1349/1454/1349 
f 1351/1456/1351 1350/1455/1350 1294/1399/1294 1293/1398/1293 
f 1351/1456/1351 1352/1457/1352 1353/1458/1353 1348/1453/1348 
f 1353/1458/1353 1352/1457/1352 1354/1459/1354 1355/1460/1355 
f 1322/1427/1322 1324/1429/1324 1348/1453/1348 1353/1458/1353 
f 1322/1427/1322 1353/1458/1353 1355/1460/1355 1321/1426/1321 
f 1356/1461/1356 1352/1457/1352 1351/1456/1351 1293/1398/1293 
f 1356/1461/1356 1357/1462/1357 1354/1459/1354 1352/1457/1352 
f 1357/1462/1357 1356/1461/1356 1315/1420/1315 1317/1422/1317 
f 1293/1398/1293 1292/1397/1292 1315/1420/1315 1356/1461/1356 
f 1344/1449/1344 1288/1393/1288 1298/1403/1298 1358/1463/1358 
f 1320/1425/1320 1346/1451/1346 1323/1428/1323 1319/1424/1319 
f 1270/1375/1270 1359/1464/1359 1320/1425/1320 1271/1376/1271 
f 1260/1365/1260 1263/1368/1263 1271/1376/1271 1320/1425/1320 
f 1321/1426/1321 1360/1465/1360 1253/1352/1253 1259/1364/1259 
f 1357/1462/1357 1361/1466/1361 1362/1467/1362 1354/1459/1354 
f 1363/1468/1363 1360/1465/1360 1321/1426/1321 1355/1460/1355 
f 1300/1405/1300 1318/1423/1318 1316/1421/1316 1297/1402/1297 
f 1315/1420/1315 1292/1397/1292 1297/1402/1297 1316/1421/1316 
f 1288/1393/1288 1344/1449/1344 1343/1448/1343 1289/1394/1289 
f 1320/1425/1320 1359/1464/1359 1274/1379/1274 1346/1451/1346 
f 1364/1469/1364 1333/1438/1333 1332/1437/1332 1365/1470/1365 
f 1366/1471/1366 1279/1384/1279 1286/1391/1286 1367/1472/1367 
f 1328/1433/1328 1327/1432/1327 1331/1436/1331 1368/1473/1368 
f 1332/1437/1332 1331/1436/1331 1327/1432/1327 1339/1444/1339 
f 1328/1433/1328 1368/1473/1368 1342/1447/1342 1341/1446/1341 
f 1337/1442/1337 1285/1390/1285 1369/1474/1369 1364/1469/1364 
f 1365/1470/1365 1338/1443/1338 1337/1442/1337 1364/1469/1364 
f 1339/1444/1339 1338/1443/1338 1365/1470/1365 1332/1437/1332 
f 1333/1438/1333 1370/1475/1370 1367/1472/1367 1334/1439/1334 
f 1284/1389/1284 1370/1475/1370 1369/1474/1369 1285/1390/1285 
f 1370/1475/1370 1333/1438/1333 1364/1469/1364 1369/1474/1369 
f 1366/1471/1366 1371/1476/1371 1280/1385/1280 1279/1384/1279 
f 1283/1388/1283 1371/1476/1371 1366/1471/1366 1284/1389/1284 
f 1367/1472/1367 1370/1475/1370 1284/1389/1284 1366/1471/1366 
f 1372/1477/1372 1274/1379/1274 1359/1464/1359 1373/1478/1373 
f 1275/1380/1275 1274/1379/1274 1372/1477/1372 1374/1479/1374 
f 1374/1479/1374 1375/1480/1375 1276/1381/1276 1275/1380/1275 
f 1347/1452/1347 1346/1451/1346 1274/1379/1274 1273/1378/1273 
f 1376/1481/1376 1377/1482/1377 1378/1483/1378 1379/1484/1379 
f 1378/1483/1378 1377/1482/1377 1380/1485/1380 1381/1486/1381 
f 1303/1408/1303 1382/1487/1382 1383/1488/1383 1306/1411/1306 
f 1280/1385/1280 1382/1487/1382 1303/1408/1303 1281/1386/1281 
f 1280/1385/1280 1371/1476/1371 1384/1489/1384 1382/1487/1382 
f 1265/1370/1265 1382/1487/1382 1384/1489/1384 1268/1373/1268 
f 1268/1373/1268 1384/1489/1384 1385/1490/1385 1269/1374/1269 
f 1371/1476/1371 1283/1388/1283 1385/1490/1385 1384/1489/1384 
f 1385/1490/1385 1283/1388/1283 1282/1387/1282 1386/1491/1386 
f 1386/1491/1386 1375/1480/1375 1387/1492/1387 1385/1490/1385 
f 1318/1423/1318 1312/1417/1312 1314/1419/1314 1316/1421/1316 
f 1311/1416/1311 1310/1415/1310 1312/1417/1312 1318/1423/1318 
f 1367/1472/1367 1286/1391/1286 1289/1394/1289 1343/1448/1343 
f 1343/1448/1343 1342/1447/1342 1334/1439/1334 1367/1472/1367 
f 1334/1439/1334 1342/1447/1342 1368/1473/1368 1331/1436/1331 
f 1269/1374/1269 1388/1493/1388 1389/1494/1389 1266/1371/1266 
f 1389/1494/1389 1390/1495/1390 1270/1375/1270 1266/1371/1266 
f 1390/1495/1390 1373/1478/1373 1359/1464/1359 1270/1375/1270 
f 1388/1493/1388 1269/1374/1269 1385/1490/1385 1387/1492/1387 
f 1391/1496/1391 1392/1497/1392 1379/1484/1379 1378/1483/1378 
f 1378/1483/1378 1381/1486/1381 1393/1498/1393 1391/1496/1391 
f 1381/1486/1381 1380/1485/1380 1372/1477/1372 1373/1478/1373 
f 1374/1479/1374 1372/1477/1372 1380/1485/1380 1377/1482/1377 
f 1376/1481/1376 1375/1480/1375 1374/1479/1374 1377/1482/1377 
f 1379/1484/1379 1387/1492/1387 1375/1480/1375 1376/1481/1376 
f 1388/1493/1388 1387/1492/1387 1379/1484/1379 1392/1497/1392 
f 1389/1494/1389 1388/1493/1388 1392/1497/1392 1391/1496/1391 
f 1393/1498/1393 1390/1495/1390 1389/1494/1389 1391/1496/1391 
f 1393/1498/1393 1381/1486/1381 1373/1478/1373 1390/1495/1390 
f 1277/1382/1277 1394/1499/1394 1336/1441/1336 1272/1377/1272 
f 1290/1395/1290 1278/1383/1278 1281/1386/1281 1305/1410/1305 
f 1264/1369/1264 1261/1366/1261 1258/1363/1258 1308/1413/1308 
f 1344/1449/1344 1358/1463/1358 1345/1450/1345 1341/1446/1341 
f 1363/1468/1363 1355/1460/1355 1354/1459/1354 1362/1467/1362 
f 1335/1440/1335 1273/1378/1273 1272/1377/1272 1336/1441/1336 
f 1340/1445/1340 1347/1452/1347 1273/1378/1273 1335/1440/1335 
f 1325/1430/1325 1347/1452/1347 1340/1445/1340 1330/1435/1330 
f 1326/1431/1326 1325/1430/1325 1330/1435/1330 1329/1434/1329 
f 1329/1434/1329 1345/1450/1345 1349/1454/1349 1326/1431/1326 
f 1358/1463/1358 1350/1455/1350 1349/1454/1349 1345/1450/1345 
f 1358/1463/1358 1298/1403/1298 1294/1399/1294 1350/1455/1350 
f 1295/1400/1295 1294/1399/1294 1298/1403/1298 1291/1396/1291 
f 1296/1401/1296 1295/1400/1295 1291/1396/1291 1290/1395/1290 
f 1296/1401/1296 1290/1395/1290 1305/1410/1305 1299/1404/1299 
f 1304/1409/1304 1301/1406/1301 1299/1404/1299 1305/1410/1305 
f 1277/1382/1277 1282/1387/1282 1285/1390/1285 1394/1499/1394 
f 1276/1381/1276 1386/1491/1386 1282/1387/1282 1277/1382/1277 
f 1276/1381/1276 1375/1480/1375 1386/1491/1386 
f 1285/1390/1285 1337/1442/1337 1336/1441/1336 1394/1499/1394 
f 1306/1411/1306 1264/1369/1264 1308/1413/1308 1307/1412/1307 
f 1265/1370/1265 1383/1488/1383 1382/1487/1382 
f 1265/1370/1265 1264/1369/1264 1306/1411/1306 1383/1488/1383 
f 1301/1406/1301 1304/1409/1304 1307/1412/1307 1308/1413/1308 
f 1314/1419/1314 1313/1418/1313 1395/1500/1395 1317/1422/1317 
f 1317/1422/1317 1395/1500/1395 1361/1466/1361 1357/1462/1357 
f 1360/1465/1360 1223/1501/1223 1184/1353/1184 1253/1352/1253 
f 1396/1502/1396 1240/1503/1240 1363/1468/1363 1362/1467/1362 
f 1396/1502/1396 1362/1467/1362 1361/1466/1361 1397/1504/1397 
f 1223/1501/1223 1360/1465/1360 1363/1468/1363 1240/1503/1240 
f 1397/1504/1397 1361/1466/1361 1395/1500/1395 1249/1505/1249 
f 1160/1360/1160 1246/1506/1246 1313/1418/1313 1257/1361/1257 
f 1313/1418/1313 1246/1506/1246 1249/1505/1249 1395/1500/1395 
f 1398/1507/1398 1399/1508/1399 1400/1509/1400 1401/1510/1401 
f 1399/1508/1399 1402/1511/1402 1403/1512/1403 1400/1509/1400 
f 1404/1513/1404 1405/1514/1405 1403/1512/1403 1402/1511/1402 
f 1406/1515/1406 1407/1516/1407 1405/1514/1405 1404/1513/1404 
f 1406/1515/1406 1408/1517/1408 1409/1518/1409 1407/1516/1407 
f 1410/1519/1410 1411/1520/1411 1409/1518/1409 1408/1517/1408 
f 1410/1519/1410 1412/1521/1412 1413/1522/1413 1411/1520/1411 
f 1414/1523/1414 1415/1524/1415 1413/1522/1413 1412/1521/1412 
f 1416/1525/1416 1415/1524/1415 1414/1523/1414 1417/1526/1417 
f 1418/1527/1418 1419/1528/1419 1416/1525/1416 1417/1526/1417 
f 1419/1528/1419 1418/1527/1418 1420/1529/1420 1421/1530/1421 
f 1422/1531/1422 1423/1532/1423 1421/1530/1421 1420/1529/1420 
f 1423/1532/1423 1422/1531/1422 1424/1533/1424 1425/1534/1425 
f 1426/1535/1426 1427/1536/1427 1425/1534/1425 1424/1533/1424 
f 1426/1535/1426 1398/1507/1398 1401/1510/1401 1427/1536/1427 
f 1400/1509/1400 1428/1537/1428 1429/1538/1429 1401/1510/1401 
f 1403/1512/1403 1430/1539/1430 1428/1537/1428 1400/1509/1400 
f 1405/1514/1405 1431/1540/1431 1430/1539/1430 1403/1512/1403 
f 1407/1516/1407 1432/1541/1432 1431/1540/1431 1405/1514/1405 
f 1432/1541/1432 1407/1516/1407 1409/1518/1409 1433/1542/1433 
f 1433/1542/1433 1409/1518/1409 1411/1520/1411 1434/1543/1434 
f 1434/1543/1434 1411/1520/1411 1413/1522/1413 1435/1544/1435 
f 1415/1524/1415 1436/1545/1436 1435/1544/1435 1413/1522/1413 
f 1415/1524/1415 1416/1525/1416 1437/1546/1437 1436/1545/1436 
f 1419/1528/1419 1438/1547/1438 1437/1546/1437 1416/1525/1416 
f 1438/1547/1438 1419/1528/1419 1421/1530/1421 1439/1548/1439 
f 1423/1532/1423 1440/1549/1440 1439/1548/1439 1421/1530/1421 
f 1425/1534/1425 1441/1550/1441 1440/1549/1440 1423/1532/1423 
f 1427/1536/1427 1442/1551/1442 1441/1550/1441 1425/1534/1425 
f 1427/1536/1427 1401/1510/1401 1429/1538/1429 1442/1551/1442 
f 1428/1537/1428 1443/1552/1443 1444/1553/1444 1429/1538/1429 
f 1428/1537/1428 1430/1539/1430 1445/1554/1445 1443/1552/1443 
f 1431/1540/1431 1446/1555/1446 1445/1554/1445 1430/1539/1430 
f 1432/1541/1432 1447/1556/1447 1446/1555/1446 1431/1540/1431 
f 1433/1542/1433 1448/1557/1448 1447/1556/1447 1432/1541/1432 
f 1448/1557/1448 1433/1542/1433 1434/1543/1434 1449/1558/1449 
f 1449/1558/1449 1434/1543/1434 1435/1544/1435 1450/1559/1450 
f 1450/1559/1450 1435/1544/1435 1436/1545/1436 1451/1560/1451 
f 1437/1546/1437 1452/1561/1452 1451/1560/1451 1436/1545/1436 
f 1452/1561/1452 1437/1546/1437 1438/1547/1438 1453/1562/1453 
f 1439/1548/1439 1454/1563/1454 1453/1562/1453 1438/1547/1438 
f 1440/1549/1440 1455/1564/1455 1454/1563/1454 1439/1548/1439 
f 1455/1564/1455 1440/1549/1440 1441/1550/1441 1456/1565/1456 
f 1457/1566/1457 1456/1565/1456 1441/1550/1441 1442/1551/1442 
f 1442/1551/1442 1429/1538/1429 1444/1553/1444 1457/1566/1457 
f 1458/1567/1458 1459/1568/1459 1444/1553/1444 1443/1552/1443 
f 1445/1554/1445 1460/1569/1460 1458/1567/1458 1443/1552/1443 
f 1460/1569/1460 1445/1554/1445 1446/1555/1446 1461/1570/1461 
f 1447/1556/1447 1462/1571/1462 1461/1570/1461 1446/1555/1446 
f 1448/1557/1448 1463/1572/1463 1462/1571/1462 1447/1556/1447 
f 1449/1558/1449 1464/1573/1464 1463/1572/1463 1448/1557/1448 
f 1450/1559/1450 1465/1574/1465 1464/1573/1464 1449/1558/1449 
f 1451/1560/1451 1466/1575/1466 1465/1574/1465 1450/1559/1450 
f 1452/1561/1452 1467/1576/1467 1466/1575/1466 1451/1560/1451 
f 1453/1562/1453 1468/1577/1468 1467/1576/1467 1452/1561/1452 
f 1453/1562/1453 1454/1563/1454 1469/1578/1469 1468/1577/1468 
f 1470/1579/1470 1469/1578/1469 1454/1563/1454 1455/1564/1455 
f 1456/1565/1456 1471/1580/1471 1470/1579/1470 1455/1564/1455 
f 1456/1565/1456 1457/1566/1457 1472/1581/1472 1471/1580/1471 
f 1457/1566/1457 1444/1553/1444 1459/1568/1459 1472/1581/1472 
f 1458/1567/1458 1473/1582/1473 1474/1583/1474 1459/1568/1459 
f 1460/1569/1460 1475/1584/1475 1473/1582/1473 1458/1567/1458 
f 1475/1584/1475 1460/1569/1460 1461/1570/1461 1476/1585/1476 
f 1462/1571/1462 1477/1586/1477 1476/1585/1476 1461/1570/1461 
f 1478/1587/1478 1477/1586/1477 1462/1571/1462 1463/1572/1463 
f 1464/1573/1464 1479/1588/1479 1478/1587/1478 1463/1572/1463 
f 1480/1589/1480 1479/1588/1479 1464/1573/1464 1465/1574/1465 
f 1481/1590/1481 1480/1589/1480 1465/1574/1465 1466/1575/1466 
f 1481/1590/1481 1466/1575/1466 1467/1576/1467 1482/1591/1482 
f 1482/1591/1482 1467/1576/1467 1468/1577/1468 1483/1592/1483 
f 1483/1592/1483 1468/1577/1468 1469/1578/1469 1484/1593/1484 
f 1485/1594/1485 1484/1593/1484 1469/1578/1469 1470/1579/1470 
f 1486/1595/1486 1485/1594/1485 1470/1579/1470 1471/1580/1471 
f 1486/1595/1486 1471/1580/1471 1472/1581/1472 1487/1596/1487 
f 1459/1568/1459 1474/1583/1474 1487/1596/1487 1472/1581/1472 
f 1488/1597/1488 1489/1598/1489 1474/1583/1474 1473/1582/1473 
f 1488/1597/1488 1473/1582/1473 1475/1584/1475 1490/1599/1490 
f 1491/1600/1491 1490/1599/1490 1475/1584/1475 1476/1585/1476 
f 1492/1601/1492 1491/1600/1491 1476/1585/1476 1477/1586/1477 
f 1492/1601/1492 1477/1586/1477 1478/1587/1478 1493/1602/1493 
f 1479/1588/1479 1494/1603/1494 1493/1602/1493 1478/1587/1478 
f 1495/1604/1495 1494/1603/1494 1479/1588/1479 1480/1589/1480 
f 1481/1590/1481 1496/1605/1496 1495/1604/1495 1480/1589/1480 
f 1497/1606/1497 1496/1605/1496 1481/1590/1481 1482/1591/1482 
f 1483/1592/1483 1498/1607/1498 1497/1606/1497 1482/1591/1482 
f 1483/1592/1483 1484/1593/1484 1499/1608/1499 1498/1607/1498 
f 1499/1608/1499 1484/1593/1484 1485/1594/1485 1500/1609/1500 
f 1486/1595/1486 1501/1610/1501 1500/1609/1500 1485/1594/1485 
f 1487/1596/1487 1502/1611/1502 1501/1610/1501 1486/1595/1486 
f 1487/1596/1487 1474/1583/1474 1489/1598/1489 1502/1611/1502 
f 1488/1597/1488 1503/1612/1503 1504/1613/1504 1489/1598/1489 
f 1505/1614/1505 1503/1612/1503 1488/1597/1488 1490/1599/1490 
f 1491/1600/1491 1506/1615/1506 1505/1614/1505 1490/1599/1490 
f 1492/1601/1492 1507/1616/1507 1506/1615/1506 1491/1600/1491 
f 1492/1601/1492 1493/1602/1493 1508/1617/1508 1507/1616/1507 
f 1508/1617/1508 1493/1602/1493 1494/1603/1494 1509/1618/1509 
f 1495/1604/1495 1510/1619/1510 1509/1618/1509 1494/1603/1494 
f 1495/1604/1495 1496/1605/1496 1511/1620/1511 1510/1619/1510 
f 1497/1606/1497 1512/1621/1512 1511/1620/1511 1496/1605/1496 
f 1513/1622/1513 1512/1621/1512 1497/1606/1497 1498/1607/1498 
f 1513/1622/1513 1498/1607/1498 1499/1608/1499 1514/1623/1514 
f 1500/1609/1500 1515/1624/1515 1514/1623/1514 1499/1608/1499 
f 1501/1610/1501 1516/1625/1516 1515/1624/1515 1500/1609/1500 
f 1502/1611/1502 1517/1626/1517 1516/1625/1516 1501/1610/1501 
f 1502/1611/1502 1489/1598/1489 1504/1613/1504 1517/1626/1517 
f 1504/1613/1504 1503/1612/1503 1518/1627/1518 1519/1628/1519 
f 1520/1629/1520 1518/1627/1518 1503/1612/1503 1505/1614/1505 
f 1506/1615/1506 1521/1630/1521 1520/1629/1520 1505/1614/1505 
f 1522/1631/1522 1521/1630/1521 1506/1615/1506 1507/1616/1507 
f 1523/1632/1523 1522/1631/1522 1507/1616/1507 1508/1617/1508 
f 1524/1633/1524 1523/1632/1523 1508/1617/1508 1509/1618/1509 
f 1510/1619/1510 1525/1634/1525 1524/1633/1524 1509/1618/1509 
f 1511/1620/1511 1526/1635/1526 1525/1634/1525 1510/1619/1510 
f 1512/1621/1512 1527/1636/1527 1526/1635/1526 1511/1620/1511 
f 1528/1637/1528 1527/1636/1527 1512/1621/1512 1513/1622/1513 
f 1514/1623/1514 1529/1638/1529 1528/1637/1528 1513/1622/1513 
f 1530/1639/1530 1529/1638/1529 1514/1623/1514 1515/1624/1515 
f 1516/1625/1516 1531/1640/1531 1530/1639/1530 1515/1624/1515 
f 1516/1625/1516 1517/1626/1517 1532/1641/1532 1531/1640/1531 
f 1517/1626/1517 1504/1613/1504 1519/1628/1519 1532/1641/1532 
f 1399/1508/1399 1398/1507/1398 1533/1642/1533 
f 1402/1511/1402 1399/1508/1399 1533/1642/1533 
f 1404/1513/1404 1402/1511/1402 1533/1642/1533 
f 1406/1515/1406 1404/1513/1404 1533/1642/1533 
f 1408/1517/1408 1406/1515/1406 1533/1642/1533 
f 1410/1519/1410 1408/1517/1408 1533/1642/1533 
f 1412/1521/1412 1410/1519/1410 1533/1642/1533 
f 1414/1523/1414 1412/1521/1412 1533/1642/1533 
f 1417/1526/1417 1414/1523/1414 1533/1642/1533 
f 1418/1527/1418 1417/1526/1417 1533/1642/1533 
f 1420/1529/1420 1418/1527/1418 1533/1642/1533 
f 1422/1531/1422 1420/1529/1420 1533/1642/1533 
f 1424/1533/1424 1422/1531/1422 1533/1642/1533 
f 1426/1535/1426 1424/1533/1424 1533/1642/1533 
f 1398/1507/1398 1426/1535/1426 1533/1642/1533 
f 1534/1643/1534 1535/1644/1535 1536/1645/1536 1537/1646/1537 
f 1535/1644/1535 1538/1647/1538 1539/1648/1539 1536/1645/1536 
f 1540/1649/1540 1535/1644/1535 1534/1643/1534 1541/1650/1541 
f 1542/1651/1542 1543/1652/1543 1544/1653/1544 1545/1654/1545 
f 1543/1652/1543 1542/1651/1542 1546/1655/1546 1547/1656/1547 
f 1547/1656/1547 205/1657/205 171/1658/171 1543/1652/1543 
f 196/1659/196 205/1657/205 1547/1656/1547 1548/1660/1548 
f 1549/1661/1549 1550/1662/1550 1551/1663/1551 1552/1664/1552 
f 1550/1662/1550 1549/1661/1549 1553/1665/1553 1554/1666/1554 
f 1553/1665/1553 1549/1661/1549 1552/1664/1552 1555/1667/1555 
f 201/1668/201 206/1669/206 1556/1670/1556 1557/1671/1557 
f 1558/1672/1558 1559/1673/1559 1560/1674/1560 1557/1671/1557 
f 202/1675/202 201/1668/201 1557/1671/1557 1560/1674/1560 
f 1558/1672/1558 1557/1671/1557 1561/1676/1561 1562/1677/1562 
f 1563/1678/1563 1564/1679/1564 1565/1680/1565 1541/1650/1541 
f 1541/1650/1541 1565/1680/1565 1566/1681/1566 1540/1649/1540 
f 1564/1679/1564 1567/1682/1567 1566/1681/1566 1565/1680/1565 
f 1556/1670/1556 1568/1683/1568 1561/1676/1561 1557/1671/1557 
f 1561/1676/1561 1568/1683/1568 1569/1684/1569 1562/1677/1562 
f 1570/1685/1570 1571/1686/1571 1572/1687/1572 1573/1688/1573 
f 1574/1689/1574 1570/1685/1570 1573/1688/1573 1575/1690/1575 
f 1573/1688/1573 1572/1687/1572 1576/1691/1576 1575/1690/1575 
f 1577/1692/1577 1578/1693/1578 1579/1694/1579 1567/1682/1567 
f 1577/1692/1577 1580/1695/1580 1581/1696/1581 1578/1693/1578 
f 1582/1697/1582 1579/1694/1579 1578/1693/1578 1581/1696/1581 
f 1583/1698/1583 1584/1699/1584 1585/1700/1585 1586/1701/1586 
f 1584/1699/1584 1587/1702/1587 1588/1703/1588 1585/1700/1585 
f 1584/1699/1584 1583/1698/1583 1589/1704/1589 1587/1702/1587 
f 202/1675/202 1560/1674/1560 1537/1646/1537 198/1705/198 
f 1537/1646/1537 1536/1645/1536 199/1706/199 198/1705/198 
f 1539/1648/1539 169/1707/169 199/1706/199 1536/1645/1536 
f 1539/1648/1539 1544/1653/1544 170/1708/170 169/1707/169 
f 170/1708/170 1544/1653/1544 1543/1652/1543 171/1658/171 
f 1590/1709/1590 184/1710/184 183/1711/183 1591/1712/1591 
f 184/1710/184 1590/1709/1590 1556/1670/1556 206/1669/206 
f 1591/1712/1591 1574/1689/1574 1592/1713/1592 1590/1709/1590 
f 1568/1683/1568 1556/1670/1556 1590/1709/1590 1592/1713/1592 
f 1575/1690/1575 1593/1714/1593 1592/1713/1592 1574/1689/1574 
f 1568/1683/1568 1592/1713/1592 1593/1714/1593 1569/1684/1569 
f 1576/1691/1576 1594/1715/1594 1593/1714/1593 1575/1690/1575 
f 1593/1714/1593 1594/1715/1594 1595/1716/1595 1569/1684/1569 
f 1596/1717/1596 1595/1716/1595 1594/1715/1594 1597/1718/1597 
f 1598/1719/1598 1599/1720/1599 1595/1716/1595 1596/1717/1596 
f 1599/1720/1599 1562/1677/1562 1569/1684/1569 1595/1716/1595 
f 1600/1721/1600 1601/1722/1601 1599/1720/1599 1598/1719/1598 
f 1601/1722/1601 1558/1672/1558 1562/1677/1562 1599/1720/1599 
f 1601/1722/1601 1600/1721/1600 1564/1679/1564 1563/1678/1563 
f 1563/1678/1563 1559/1673/1559 1558/1672/1558 1601/1722/1601 
f 1577/1692/1577 1600/1721/1600 1598/1719/1598 1580/1695/1580 
f 1564/1679/1564 1600/1721/1600 1577/1692/1577 1567/1682/1567 
f 1580/1695/1580 1598/1719/1598 1596/1717/1596 1602/1723/1602 
f 1603/1724/1603 1604/1725/1604 1605/1726/1605 1602/1723/1602 
f 1602/1723/1602 1605/1726/1605 1581/1696/1581 1580/1695/1580 
f 1596/1717/1596 1597/1718/1597 1603/1724/1603 1602/1723/1602 
f 1604/1725/1604 1587/1702/1587 1589/1704/1589 1605/1726/1605 
f 1581/1696/1581 1605/1726/1605 1589/1704/1589 1582/1697/1582 
f 1588/1703/1588 1587/1702/1587 1604/1725/1604 1606/1727/1606 
f 1604/1725/1604 1603/1724/1603 1607/1728/1607 1606/1727/1606 
f 1606/1727/1606 1607/1728/1607 1608/1729/1608 1609/1730/1609 
f 1610/1731/1610 1607/1728/1607 1603/1724/1603 1597/1718/1597 
f 1607/1728/1607 1610/1731/1610 1611/1732/1611 1608/1729/1608 
f 1612/1733/1612 1608/1729/1608 1611/1732/1611 1613/1734/1613 
f 1610/1731/1610 1576/1691/1576 1572/1687/1572 1611/1732/1611 
f 1613/1734/1613 1611/1732/1611 1572/1687/1572 1571/1686/1571 
f 1612/1733/1612 1614/1735/1614 1548/1660/1548 1615/1736/1615 
f 1609/1730/1609 1608/1729/1608 1612/1733/1612 1615/1736/1615 
f 1616/1737/1616 1614/1735/1614 1612/1733/1612 1613/1734/1613 
f 1616/1737/1616 186/1738/186 197/1739/197 1614/1735/1614 
f 1617/1740/1617 1616/1737/1616 1613/1734/1613 1571/1686/1571 
f 1617/1740/1617 187/1741/187 186/1738/186 1616/1737/1616 
f 189/1742/189 187/1741/187 1617/1740/1617 1618/1743/1618 
f 189/1742/189 1618/1743/1618 1591/1712/1591 183/1711/183 
f 1617/1740/1617 1571/1686/1571 1570/1685/1570 1618/1743/1618 
f 1591/1712/1591 1618/1743/1618 1570/1685/1570 1574/1689/1574 
f 196/1659/196 1548/1660/1548 1614/1735/1614 197/1739/197 
f 1548/1660/1548 1547/1656/1547 1619/1744/1619 1615/1736/1615 
f 1619/1744/1619 1620/1745/1620 1609/1730/1609 1615/1736/1615 
f 1621/1746/1621 1622/1747/1622 1620/1745/1620 1619/1744/1619 
f 1588/1703/1588 1620/1745/1620 1622/1747/1622 1585/1700/1585 
f 1588/1703/1588 1606/1727/1606 1609/1730/1609 1620/1745/1620 
f 1622/1747/1622 1621/1746/1621 1553/1665/1553 1555/1667/1555 
f 1622/1747/1622 1555/1667/1555 1586/1701/1586 1585/1700/1585 
f 1553/1665/1553 1621/1746/1621 1546/1655/1546 1554/1666/1554 
f 1619/1744/1619 1547/1656/1547 1546/1655/1546 1621/1746/1621 
f 1610/1731/1610 1597/1718/1597 1594/1715/1594 1576/1691/1576 
f 1583/1698/1583 1623/1748/1623 1582/1697/1582 1589/1704/1589 
f 1583/1698/1583 1586/1701/1586 1624/1749/1624 1623/1748/1623 
f 1625/1750/1625 1623/1748/1623 1624/1749/1624 1626/1751/1626 
f 1623/1748/1623 1625/1750/1625 1579/1694/1579 1582/1697/1582 
f 1626/1751/1626 1540/1649/1540 1566/1681/1566 1625/1750/1625 
f 1567/1682/1567 1579/1694/1579 1625/1750/1625 1566/1681/1566 
f 1626/1751/1626 1624/1749/1624 1552/1664/1552 1551/1663/1551 
f 1540/1649/1540 1626/1751/1626 1551/1663/1551 1535/1644/1535 
f 1552/1664/1552 1624/1749/1624 1586/1701/1586 1555/1667/1555 
f 1541/1650/1541 1534/1643/1534 1559/1673/1559 1563/1678/1563 
f 1560/1674/1560 1559/1673/1559 1534/1643/1534 1537/1646/1537 
f 1550/1662/1550 1554/1666/1554 1545/1654/1545 1538/1647/1538 
f 1545/1654/1545 1554/1666/1554 1546/1655/1546 1542/1651/1542 
f 1535/1644/1535 1551/1663/1551 1550/1662/1550 1538/1647/1538 
f 1538/1647/1538 1545/1654/1545 1544/1653/1544 1539/1648/1539 
f 1627/1752/1627 1628/1753/1628 1629/1754/1629 1630/1755/1630 
f 1629/1754/1629 1631/1756/1631 1632/1757/1632 1630/1755/1630 
f 1632/1757/1632 1631/1756/1631 1633/1758/1633 1634/1759/1634 
f 1635/1760/1635 1634/1759/1634 1633/1758/1633 1636/1761/1636 
f 1636/1761/1636 1637/1762/1637 1638/1763/1638 1635/1760/1635 
f 1638/1763/1638 1637/1762/1637 1639/1764/1639 1640/1765/1640 
f 1641/1766/1641 1640/1765/1640 1639/1764/1639 1642/1767/1642 
f 1641/1766/1641 1642/1767/1642 1643/1768/1643 1644/1769/1644 
f 1643/1768/1643 1645/1770/1645 1646/1771/1646 1644/1769/1644 
f 1646/1771/1646 1645/1770/1645 1647/1772/1647 1648/1773/1648 
f 1648/1773/1648 1647/1772/1647 1649/1774/1649 1650/1775/1650 
f 1649/1774/1649 1651/1776/1651 1652/1777/1652 1650/1775/1650 
f 1652/1777/1652 1651/1776/1651 1653/1778/1653 1654/1779/1654 
f 1655/1780/1655 1654/1779/1654 1653/1778/1653 1656/1781/1656 
f 1656/1781/1656 1628/1753/1628 1627/1752/1627 1655/1780/1655 
f 1630/1755/1630 1657/1782/1657 1658/1783/1658 1627/1752/1627 
f 1632/1757/1632 1659/1784/1659 1657/1782/1657 1630/1755/1630 
f 1659/1784/1659 1632/1757/1632 1634/1759/1634 1660/1785/1660 
f 1661/1786/1661 1660/1785/1660 1634/1759/1634 1635/1760/1635 
f 1638/1763/1638 1662/1787/1662 1661/1786/1661 1635/1760/1635 
f 1663/1788/1663 1662/1787/1662 1638/1763/1638 1640/1765/1640 
f 1663/1788/1663 1640/1765/1640 1641/1766/1641 1664/1789/1664 
f 1644/1769/1644 1665/1790/1665 1664/1789/1664 1641/1766/1641 
f 1644/1769/1644 1646/1771/1646 1666/1791/1666 1665/1790/1665 
f 1648/1773/1648 1667/1792/1667 1666/1791/1666 1646/1771/1646 
f 1650/1775/1650 1668/1793/1668 1667/1792/1667 1648/1773/1648 
f 1652/1777/1652 1669/1794/1669 1668/1793/1668 1650/1775/1650 
f 1669/1794/1669 1652/1777/1652 1654/1779/1654 1670/1795/1670 
f 1670/1795/1670 1654/1779/1654 1655/1780/1655 1671/1796/1671 
f 1655/1780/1655 1627/1752/1627 1658/1783/1658 1671/1796/1671 
f 1657/1782/1657 1672/1797/1672 1673/1798/1673 1658/1783/1658 
f 1657/1782/1657 1659/1784/1659 1674/1799/1674 1672/1797/1672 
f 1659/1784/1659 1660/1785/1660 1675/1800/1675 1674/1799/1674 
f 1675/1800/1675 1660/1785/1660 1661/1786/1661 1676/1801/1676 
f 1676/1801/1676 1661/1786/1661 1662/1787/1662 1677/1802/1677 
f 1677/1802/1677 1662/1787/1662 1663/1788/1663 1678/1803/1678 
f 1678/1803/1678 1663/1788/1663 1664/1789/1664 1679/1804/1679 
f 1680/1805/1680 1679/1804/1679 1664/1789/1664 1665/1790/1665 
f 1680/1805/1680 1665/1790/1665 1666/1791/1666 1681/1806/1681 
f 1667/1792/1667 1682/1807/1682 1681/1806/1681 1666/1791/1666 
f 1668/1793/1668 1683/1808/1683 1682/1807/1682 1667/1792/1667 
f 1669/1794/1669 1684/1809/1684 1683/1808/1683 1668/1793/1668 
f 1685/1810/1685 1684/1809/1684 1669/1794/1669 1670/1795/1670 
f 1685/1810/1685 1670/1795/1670 1671/1796/1671 1686/1811/1686 
f 1686/1811/1686 1671/1796/1671 1658/1783/1658 1673/1798/1673 
f 1687/1812/1687 1688/1813/1688 1673/1798/1673 1672/1797/1672 
f 1674/1799/1674 1689/1814/1689 1687/1812/1687 1672/1797/1672 
f 1675/1800/1675 1690/1815/1690 1689/1814/1689 1674/1799/1674 
f 1676/1801/1676 1691/1816/1691 1690/1815/1690 1675/1800/1675 
f 1677/1802/1677 1692/1817/1692 1691/1816/1691 1676/1801/1676 
f 1692/1817/1692 1677/1802/1677 1678/1803/1678 1693/1818/1693 
f 1679/1804/1679 1694/1819/1694 1693/1818/1693 1678/1803/1678 
f 1680/1805/1680 1695/1820/1695 1694/1819/1694 1679/1804/1679 
f 1681/1806/1681 1696/1821/1696 1695/1820/1695 1680/1805/1680 
f 1682/1807/1682 1697/1822/1697 1696/1821/1696 1681/1806/1681 
f 1683/1808/1683 1698/1823/1698 1697/1822/1697 1682/1807/1682 
f 1684/1809/1684 1699/1824/1699 1698/1823/1698 1683/1808/1683 
f 1685/1810/1685 1700/1825/1700 1699/1824/1699 1684/1809/1684 
f 1686/1811/1686 1701/1826/1701 1700/1825/1700 1685/1810/1685 
f 1688/1813/1688 1701/1826/1701 1686/1811/1686 1673/1798/1673 
f 1702/1827/1702 1688/1813/1688 1687/1812/1687 1703/1828/1703 
f 1687/1812/1687 1689/1814/1689 1704/1829/1704 1703/1828/1703 
f 1705/1830/1705 1704/1829/1704 1689/1814/1689 1690/1815/1690 
f 1691/1816/1691 1706/1831/1706 1705/1830/1705 1690/1815/1690 
f 1692/1817/1692 1707/1832/1707 1706/1831/1706 1691/1816/1691 
f 1708/1833/1708 1707/1832/1707 1692/1817/1692 1693/1818/1693 
f 1694/1819/1694 1709/1834/1709 1708/1833/1708 1693/1818/1693 
f 1710/1835/1710 1709/1834/1709 1694/1819/1694 1695/1820/1695 
f 1695/1820/1695 1696/1821/1696 1711/1836/1711 1710/1835/1710 
f 1696/1821/1696 1697/1822/1697 1712/1837/1712 1711/1836/1711 
f 1712/1837/1712 1697/1822/1697 1698/1823/1698 1713/1838/1713 
f 1698/1823/1698 1699/1824/1699 1714/1839/1714 1713/1838/1713 
f 1715/1840/1715 1714/1839/1714 1699/1824/1699 1700/1825/1700 
f 1701/1826/1701 1716/1841/1716 1715/1840/1715 1700/1825/1700 
f 1716/1841/1716 1701/1826/1701 1688/1813/1688 1702/1827/1702 
f 1717/1842/1717 1718/1843/1718 1702/1827/1702 1703/1828/1703 
f 1719/1844/1719 1717/1842/1717 1703/1828/1703 1704/1829/1704 
f 1705/1830/1705 1720/1845/1720 1719/1844/1719 1704/1829/1704 
f 1721/1846/1721 1720/1845/1720 1705/1830/1705 1706/1831/1706 
f 1707/1832/1707 1722/1847/1722 1721/1846/1721 1706/1831/1706 
f 1722/1847/1722 1707/1832/1707 1708/1833/1708 1723/1848/1723 
f 1724/1849/1724 1723/1848/1723 1708/1833/1708 1709/1834/1709 
f 1710/1835/1710 1725/1850/1725 1724/1849/1724 1709/1834/1709 
f 1726/1851/1726 1725/1850/1725 1710/1835/1710 1711/1836/1711 
f 1712/1837/1712 1727/1852/1727 1726/1851/1726 1711/1836/1711 
f 1727/1852/1727 1712/1837/1712 1713/1838/1713 1728/1853/1728 
f 1713/1838/1713 1714/1839/1714 1729/1854/1729 1728/1853/1728 
f 1729/1854/1729 1714/1839/1714 1715/1840/1715 1730/1855/1730 
f 1731/1856/1731 1730/1855/1730 1715/1840/1715 1716/1841/1716 
f 1716/1841/1716 1702/1827/1702 1718/1843/1718 1731/1856/1731 
f 1732/1857/1732 1733/1858/1733 1718/1843/1718 1717/1842/1717 
f 1732/1857/1732 1717/1842/1717 1719/1844/1719 1734/1859/1734 
f 1735/1860/1735 1734/1859/1734 1719/1844/1719 1720/1845/1720 
f 1721/1846/1721 1736/1861/1736 1735/1860/1735 1720/1845/1720 
f 1722/1847/1722 1737/1862/1737 1736/1861/1736 1721/1846/1721 
f 1723/1848/1723 1738/1863/1738 1737/1862/1737 1722/1847/1722 
f 1739/1864/1739 1738/1863/1738 1723/1848/1723 1724/1849/1724 
f 1740/1865/1740 1739/1864/1739 1724/1849/1724 1725/1850/1725 
f 1726/1851/1726 1741/1866/1741 1740/1865/1740 1725/1850/1725 
f 1741/1866/1741 1726/1851/1726 1727/1852/1727 1742/1867/1742 
f 1728/1853/1728 1743/1868/1743 1742/1867/1742 1727/1852/1727 
f 1744/1869/1744 1743/1868/1743 1728/1853/1728 1729/1854/1729 
f 1745/1870/1745 1744/1869/1744 1729/1854/1729 1730/1855/1730 
f 1745/1870/1745 1730/1855/1730 1731/1856/1731 1746/1871/1746 
f 1718/1843/1718 1733/1858/1733 1746/1871/1746 1731/1856/1731 
f 1732/1857/1732 1747/1872/1747 1748/1873/1748 1733/1858/1733 
f 1747/1872/1747 1732/1857/1732 1734/1859/1734 1749/1874/1749 
f 1735/1860/1735 1750/1875/1750 1749/1874/1749 1734/1859/1734 
f 1751/1876/1751 1750/1875/1750 1735/1860/1735 1736/1861/1736 
f 1737/1862/1737 1752/1877/1752 1751/1876/1751 1736/1861/1736 
f 1753/1878/1753 1752/1877/1752 1737/1862/1737 1738/1863/1738 
f 1739/1864/1739 1754/1879/1754 1753/1878/1753 1738/1863/1738 
f 1740/1865/1740 1755/1880/1755 1754/1879/1754 1739/1864/1739 
f 1755/1880/1755 1740/1865/1740 1741/1866/1741 1756/1881/1756 
f 1742/1867/1742 1757/1882/1757 1756/1881/1756 1741/1866/1741 
f 1757/1882/1757 1742/1867/1742 1743/1868/1743 1758/1883/1758 
f 1744/1869/1744 1759/1884/1759 1758/1883/1758 1743/1868/1743 
f 1760/1885/1760 1759/1884/1759 1744/1869/1744 1745/1870/1745 
f 1760/1885/1760 1745/1870/1745 1746/1871/1746 1761/1886/1761 
f 1748/1873/1748 1761/1886/1761 1746/1871/1746 1733/1858/1733 
f 1629/1754/1629 1628/1753/1628 1762/1887/1762 
f 1631/1756/1631 1629/1754/1629 1762/1887/1762 
f 1633/1758/1633 1631/1756/1631 1762/1887/1762 
f 1636/1761/1636 1633/1758/1633 1762/1887/1762 
f 1637/1762/1637 1636/1761/1636 1762/1887/1762 
f 1639/1764/1639 1637/1762/1637 1762/1887/1762 
f 1642/1767/1642 1639/1764/1639 1762/1887/1762 
f 1643/1768/1643 1642/1767/1642 1762/1887/1762 
f 1645/1770/1645 1643/1768/1643 1762/1887/1762 
f 1647/1772/1647 1645/1770/1645 1762/1887/1762 
f 1649/1774/1649 1647/1772/1647 1762/1887/1762 
f 1651/1776/1651 1649/1774/1649 1762/1887/1762 
f 1653/1778/1653 1651/1776/1651 1762/1887/1762 
f 1656/1781/1656 1653/1778/1653 1762/1887/1762 
f 1628/1753/1628 1656/1781/1656 1762/1887/1762 
f 1763/1888/1763 1764/1889/1764 1765/1890/1765 1766/1891/1766 
f 1765/1890/1765 1767/1892/1767 1768/1893/1768 1766/1891/1766 
f 1769/1894/1769 1770/1895/1770 1771/1896/1771 1772/1897/1772 
f 1770/1895/1770 1769/1894/1769 1773/1898/1773 1774/1899/1774 
f 1770/1895/1770 1774/1899/1774 1768/1893/1768 1771/1896/1771 
f 1775/1900/1775 1776/1901/1776 1777/1902/1777 1778/1903/1778 
f 1779/1904/1779 1780/1905/1780 1781/1906/1781 1782/1907/1782 
f 1782/1907/1782 1783/1908/1783 1784/1909/1784 1779/1904/1779 
f 1782/1907/1782 1781/1906/1781 1785/1910/1785 1783/1908/1783 
f 1244/1911/1244 1786/1912/1786 166/1913/166 208/1914/208 
f 1787/1915/1787 1788/1916/1788 1789/1917/1789 1790/1918/1790 
f 1791/1919/1791 1240/1920/1240 1396/1921/1396 1792/1922/1792 
f 1793/1923/1793 1249/1924/1249 1248/1925/1248 1794/1926/1794 
f 1248/1925/1248 204/1927/204 1795/1928/1795 1794/1926/1794 
f 1794/1926/1794 1795/1928/1795 1796/1929/1796 1797/1930/1797 
f 1797/1930/1797 1798/1931/1798 1793/1923/1793 1794/1926/1794 
f 1799/1932/1799 1800/1933/1800 1793/1923/1793 1798/1931/1798 
f 1801/1934/1801 1798/1931/1798 1797/1930/1797 1802/1935/1802 
f 1801/1934/1801 1803/1936/1803 1799/1932/1799 1798/1931/1798 
f 1803/1936/1803 1804/1937/1804 1805/1938/1805 1799/1932/1799 
f 1801/1934/1801 1806/1939/1806 1807/1940/1807 1803/1936/1803 
f 1808/1941/1808 1804/1937/1804 1803/1936/1803 1807/1940/1807 
f 1808/1941/1808 1809/1942/1809 1810/1943/1810 1804/1937/1804 
f 1808/1941/1808 1807/1940/1807 1811/1944/1811 1812/1945/1812 
f 1813/1946/1813 1809/1942/1809 1808/1941/1808 1812/1945/1812 
f 1814/1947/1814 1785/1910/1785 1809/1942/1809 1813/1946/1813 
f 1812/1945/1812 1815/1948/1815 1816/1949/1816 1813/1946/1813 
f 1814/1947/1814 1813/1946/1813 1816/1949/1816 1817/1950/1817 
f 1818/1951/1818 1819/1952/1819 1820/1953/1820 1821/1954/1821 
f 1822/1955/1822 1819/1952/1819 1817/1950/1817 1823/1956/1823 
f 1824/1957/1824 1820/1953/1820 1819/1952/1819 1822/1955/1822 
f 1825/1958/1825 1826/1959/1826 1820/1953/1820 1824/1957/1824 
f 1824/1957/1824 1822/1955/1822 1827/1960/1827 1778/1903/1778 
f 1824/1957/1824 1778/1903/1778 1777/1902/1777 1825/1958/1825 
f 1827/1960/1827 1822/1955/1822 1823/1956/1823 1828/1961/1828 
f 1827/1960/1827 1828/1961/1828 1829/1962/1829 1830/1963/1830 
f 1778/1903/1778 1827/1960/1827 1830/1963/1830 1775/1900/1775 
f 1830/1963/1830 1829/1962/1829 1831/1964/1831 1832/1965/1832 
f 1830/1963/1830 1832/1965/1832 1776/1901/1776 1775/1900/1775 
f 1833/1966/1833 1834/1967/1834 1832/1965/1832 1831/1964/1831 
f 1834/1967/1834 1769/1894/1769 1776/1901/1776 1832/1965/1832 
f 1835/1968/1835 1834/1967/1834 1833/1966/1833 1836/1969/1836 
f 1769/1894/1769 1834/1967/1834 1835/1968/1835 1773/1898/1773 
f 1836/1969/1836 1837/1970/1837 1838/1971/1838 1835/1968/1835 
f 1839/1972/1839 1773/1898/1773 1835/1968/1835 1838/1971/1838 
f 1774/1899/1774 1773/1898/1773 1839/1972/1839 1840/1973/1840 
f 1839/1972/1839 1838/1971/1838 1241/1974/1241 1841/1975/1841 
f 1840/1973/1840 1839/1972/1839 1841/1975/1841 1842/1976/1842 
f 1842/1976/1842 1763/1888/1763 1766/1891/1766 1840/1973/1840 
f 1843/1977/1843 1844/1978/1844 1845/1979/1845 1846/1980/1846 
f 1847/1981/1847 1848/1982/1848 1843/1977/1843 1846/1980/1846 
f 1849/1983/1849 1846/1980/1846 1845/1979/1845 1850/1984/1850 
f 1849/1983/1849 1851/1985/1851 1847/1981/1847 1846/1980/1846 
f 1826/1959/1826 1851/1985/1851 1849/1983/1849 1852/1986/1852 
f 1825/1958/1825 1853/1987/1853 1851/1985/1851 1826/1959/1826 
f 1853/1987/1853 1854/1988/1854 1847/1981/1847 1851/1985/1851 
f 1772/1897/1772 1853/1987/1853 1825/1958/1825 1777/1902/1777 
f 1772/1897/1772 1771/1896/1771 1854/1988/1854 1853/1987/1853 
f 1849/1983/1849 1850/1984/1850 1855/1989/1855 1852/1986/1852 
f 1784/1909/1784 1821/1954/1821 1852/1986/1852 1855/1989/1855 
f 1821/1954/1821 1820/1953/1820 1826/1959/1826 1852/1986/1852 
f 1855/1989/1855 1850/1984/1850 1856/1990/1856 1857/1991/1857 
f 1857/1991/1857 1779/1904/1779 1784/1909/1784 1855/1989/1855 
f 1858/1992/1858 1857/1991/1857 1856/1990/1856 1859/1993/1859 
f 1779/1904/1779 1857/1991/1857 1858/1992/1858 1780/1905/1780 
f 1860/1994/1860 1856/1990/1856 1850/1984/1850 1845/1979/1845 
f 1860/1994/1860 1845/1979/1845 1844/1978/1844 1861/1995/1861 
f 1840/1973/1840 1766/1891/1766 1768/1893/1768 1774/1899/1774 
f 1862/1996/1862 1241/1974/1241 1838/1971/1838 1837/1970/1837 
f 1863/1997/1863 1864/1998/1864 1865/1999/1865 1866/2000/1866 
f 1866/2000/1866 1865/1999/1865 1789/1917/1789 1788/1916/1788 
f 1865/1999/1865 1864/1998/1864 1867/2001/1867 1868/2002/1868 
f 1867/2001/1867 1869/2003/1869 1870/2004/1870 1868/2002/1868 
f 1870/2004/1870 1871/2005/1871 1872/2006/1872 1868/2002/1868 
f 1873/2007/1873 1871/2005/1871 1870/2004/1870 1874/2008/1874 
f 1873/2007/1873 1224/2009/1224 1225/2010/1225 1871/2005/1871 
f 1871/2005/1871 1225/2010/1225 1875/2011/1875 1872/2006/1872 
f 1786/1912/1786 1873/2007/1873 1874/2008/1874 1876/2012/1876 
f 1244/1911/1244 1224/2009/1224 1873/2007/1873 1786/1912/1786 
f 1876/2012/1876 1874/2008/1874 1877/2013/1877 1878/2014/1878 
f 1878/2014/1878 164/2015/164 163/2016/163 1876/2012/1876 
f 1786/1912/1786 1876/2012/1876 163/2016/163 166/1913/166 
f 174/2017/174 1795/1928/1795 204/1927/204 203/2018/203 
f 1795/1928/1795 174/2017/174 173/2019/173 1796/1929/1796 
f 176/2020/176 1879/2021/1879 1796/1929/1796 173/2019/173 
f 1796/1929/1796 1879/2021/1879 1802/1935/1802 1797/1930/1797 
f 1879/2021/1879 176/2020/176 195/2022/195 1880/2023/1880 
f 1879/2021/1879 1880/2023/1880 1881/2024/1881 1802/1935/1802 
f 1881/2024/1881 1806/1939/1806 1801/1934/1801 1802/1935/1802 
f 1882/2025/1882 1883/2026/1883 1881/2024/1881 1880/2023/1880 
f 1881/2024/1881 1883/2026/1883 1884/2027/1884 1806/1939/1806 
f 1806/1939/1806 1884/2027/1884 1811/1944/1811 1807/1940/1807 
f 1885/2028/1885 1886/2029/1886 1884/2027/1884 1883/2026/1883 
f 1811/1944/1811 1884/2027/1884 1886/2029/1886 1887/2030/1887 
f 1815/1948/1815 1812/1945/1812 1811/1944/1811 1887/2030/1887 
f 1887/2030/1887 1886/2029/1886 1888/2031/1888 1889/2032/1889 
f 1890/2033/1890 1815/1948/1815 1887/2030/1887 1889/2032/1889 
f 1816/1949/1816 1815/1948/1815 1890/2033/1890 1891/2034/1891 
f 1892/2035/1892 1893/2036/1893 1890/2033/1890 1889/2032/1889 
f 1893/2036/1893 1894/2037/1894 1891/2034/1891 1890/2033/1890 
f 1895/2038/1895 1893/2036/1893 1892/2035/1892 1896/2039/1896 
f 1897/2040/1897 1894/2037/1894 1893/2036/1893 1895/2038/1895 
f 1895/2038/1895 1896/2039/1896 1898/2041/1898 1899/2042/1899 
f 1895/2038/1895 1899/2042/1899 1900/2043/1900 1897/2040/1897 
f 1864/1998/1864 1899/2042/1899 1898/2041/1898 1867/2001/1867 
f 1899/2042/1899 1864/1998/1864 1863/1997/1863 1900/2043/1900 
f 1901/2044/1901 1898/2041/1898 1896/2039/1896 1902/2045/1902 
f 1869/2003/1869 1867/2001/1867 1898/2041/1898 1901/2044/1901 
f 1903/2046/1903 1904/2047/1904 1901/2044/1901 1902/2045/1902 
f 1869/2003/1869 1901/2044/1901 1904/2047/1904 1877/2013/1877 
f 1905/2048/1905 1906/2049/1906 1904/2047/1904 1903/2046/1903 
f 1906/2049/1906 1878/2014/1878 1877/2013/1877 1904/2047/1904 
f 1905/2048/1905 181/2050/181 180/2051/180 1906/2049/1906 
f 1906/2049/1906 180/2051/180 164/2015/164 1878/2014/1878 
f 192/2052/192 1907/2053/1907 1908/2054/1908 207/2055/207 
f 191/2056/191 1909/2057/1909 1907/2053/1907 192/2052/192 
f 1909/2057/1909 1910/2058/1910 1911/2059/1911 1907/2053/1907 
f 191/2056/191 181/2050/181 1905/2048/1905 1909/2057/1909 
f 1905/2048/1905 1903/2046/1903 1910/2058/1910 1909/2057/1909 
f 1886/2029/1886 1885/2028/1885 1911/2059/1911 1888/2031/1888 
f 1885/2028/1885 1908/2054/1908 1907/2053/1907 1911/2059/1911 
f 1888/2031/1888 1911/2059/1911 1910/2058/1910 1912/2060/1912 
f 1892/2035/1892 1889/2032/1889 1888/2031/1888 1912/2060/1912 
f 1902/2045/1902 1912/2060/1912 1910/2058/1910 1903/2046/1903 
f 1896/2039/1896 1892/2035/1892 1912/2060/1912 1902/2045/1902 
f 1885/2028/1885 1883/2026/1883 1882/2025/1882 1908/2054/1908 
f 194/2061/194 207/2055/207 1908/2054/1908 1882/2025/1882 
f 1882/2025/1882 1880/2023/1880 195/2022/195 194/2061/194 
f 1874/2008/1874 1870/2004/1870 1869/2003/1869 1877/2013/1877 
f 1821/1954/1821 1784/1909/1784 1783/1908/1783 1818/1951/1818 
f 1791/1919/1791 1792/1922/1792 1805/1938/1805 1913/2062/1913 
f 1805/1938/1805 1792/1922/1792 1800/1933/1800 1799/1932/1799 
f 1810/1943/1810 1913/2062/1913 1805/1938/1805 1804/1937/1804 
f 1792/1922/1792 1396/1921/1396 1397/2063/1397 1800/1933/1800 
f 1800/1933/1800 1397/2063/1397 1249/1924/1249 1793/1923/1793 
f 1772/1897/1772 1777/1902/1777 1776/1901/1776 1769/1894/1769 
f 1767/1892/1767 1854/1988/1854 1771/1896/1771 1768/1893/1768 
f 1854/1988/1854 1764/1889/1764 1848/1982/1848 1847/1981/1847 
f 1764/1889/1764 1854/1988/1854 1767/1892/1767 1765/1890/1765 
f 1859/1993/1859 1856/1990/1856 1860/1994/1860 1914/2064/1914 
f 1914/2064/1914 1915/2065/1915 1238/2066/1238 1239/2067/1239 
f 1810/1943/1810 1781/1906/1781 1780/1905/1780 1913/2062/1913 
f 1781/1906/1781 1810/1943/1810 1809/1942/1809 1785/1910/1785 
f 1785/1910/1785 1814/1947/1814 1818/1951/1818 1783/1908/1783 
f 1817/1950/1817 1819/1952/1819 1818/1951/1818 1814/1947/1814 
f 1816/1949/1816 1891/2034/1891 1823/1956/1823 1817/1950/1817 
f 1894/2037/1894 1828/1961/1828 1823/1956/1823 1891/2034/1891 
f 1894/2037/1894 1897/2040/1897 1829/1962/1829 1828/1961/1828 
f 1897/2040/1897 1900/2043/1900 1831/1964/1831 1829/1962/1829 
f 1863/1997/1863 1833/1966/1833 1831/1964/1831 1900/2043/1900 
f 1866/2000/1866 1836/1969/1836 1833/1966/1833 1863/1997/1863 
f 1836/1969/1836 1866/2000/1866 1788/1916/1788 1837/1970/1837 
f 1240/1920/1240 1791/1919/1791 1858/1992/1858 1859/1993/1859 
f 1791/1919/1791 1913/2062/1913 1780/1905/1780 1858/1992/1858 
f 1787/1915/1787 1862/1996/1862 1837/1970/1837 1788/1916/1788 
f 1859/1993/1859 1914/2064/1914 1239/2067/1239 1240/1920/1240 
f 1860/1994/1860 1861/1995/1861 1915/2065/1915 1914/2064/1914 
f 1916/2068/1916 260/2069/260 574/2070/574 1917/2071/1917 
f 574/2070/574 264/2072/264 1918/2073/1918 1917/2071/1917 
f 1919/2074/1919 263/2075/263 273/2076/273 1920/2077/1920 
f 1921/2078/1921 1922/2079/1922 1923/2080/1923 1924/2081/1924 
f 264/2072/264 263/2075/263 1919/2074/1919 1918/2073/1918 
f 1920/2077/1920 273/2076/273 272/2082/272 1924/2081/1924 
f 272/2082/272 572/2083/572 1921/2078/1921 1924/2081/1924 
f 260/2069/260 1916/2068/1916 1109/2084/1109 261/2085/261 
f 1109/2084/1109 1916/2068/1916 1925/2086/1925 1153/2087/1153 
f 1919/2074/1919 1920/2077/1920 1926/2088/1926 1927/2089/1927 
f 1924/2081/1924 1923/2080/1923 1926/2088/1926 1920/2077/1920 
f 1928/2090/1928 1918/2073/1918 1919/2074/1919 1927/2089/1927 
f 1916/2068/1916 1917/2071/1917 1929/2091/1929 1925/2086/1925 
f 1917/2071/1917 1918/2073/1918 1928/2090/1928 1929/2091/1929 
f 1930/2092/1930 997/2093/997 710/2094/710 1931/2095/1931 
f 1932/2096/1932 715/2097/715 997/2093/997 1930/2092/1930 
f 1933/2098/1933 723/2099/723 712/2100/712 1934/2101/1934 
f 1935/2102/1935 1922/2079/1922 1921/2078/1921 1936/2103/1936 
f 715/2097/715 1932/2096/1932 1934/2101/1934 712/2100/712 
f 723/2099/723 1933/2098/1933 1936/2103/1936 720/2104/720 
f 1921/2078/1921 572/2083/572 720/2104/720 1936/2103/1936 
f 710/2094/710 709/2105/709 1170/2106/1170 1931/2095/1931 
f 1937/2107/1937 1931/2095/1931 1170/2106/1170 1222/2108/1222 
f 1938/2109/1938 1933/2098/1933 1934/2101/1934 1939/2110/1939 
f 1935/2102/1935 1936/2103/1936 1933/2098/1933 1938/2109/1938 
f 1934/2101/1934 1932/2096/1932 1940/2111/1940 1939/2110/1939 
f 1941/2112/1941 1930/2092/1930 1931/2095/1931 1937/2107/1937 
f 1932/2096/1932 1930/2092/1930 1941/2112/1941 1940/2111/1940 
f 1843/1977/1843 1939/2110/1939 1940/2111/1940 1844/1978/1844 
f 1938/2109/1938 1939/2110/1939 1843/1977/1843 
f 1922/2079/1922 1935/2102/1935 1848/1982/1848 
f 1842/1976/1842 1841/1975/1841 1925/2086/1925 1929/2091/1929 
f 1929/2091/1929 1928/2090/1928 1763/1888/1763 1842/1976/1842 
f 1938/2109/1938 1843/1977/1843 1848/1982/1848 1935/2102/1935 
f 1844/1978/1844 1940/2111/1940 1941/2112/1941 1861/1995/1861 
f 1861/1995/1861 1941/2112/1941 1937/2107/1937 1915/2065/1915 
f 1238/2066/1238 1915/2065/1915 1937/2107/1937 1222/2108/1222 
f 1925/2086/1925 1841/1975/1841 1241/1974/1241 1153/2087/1153 
f 1763/1888/1763 1928/2090/1928 1927/2089/1927 
f 1926/2088/1926 1764/1889/1764 1763/1888/1763 1927/2089/1927 
f 1764/1889/1764 1926/2088/1926 1923/2080/1923 
f 1848/1982/1848 1764/1889/1764 1923/2080/1923 1922/2079/1922 
f 1865/1999/1865 1942/2113/1942 1789/1917/1789 
f 1789/1917/1789 1942/2113/1942 1943/2114/1943 1790/1918/1790 
f 1943/2114/1943 1942/2113/1942 1872/2006/1872 1875/2011/1875 
f 1942/2113/1942 1865/1999/1865 1868/2002/1868 1872/2006/1872 
f 1944/2115/1944 1945/2116/1945 1946/2117/1946 1947/2118/1947 
f 1948/2119/1948 1947/2118/1947 1946/2117/1946 
f 1949/2120/1949 1947/2121/1947 1948/2122/1948 1950/2123/1950 
f 1951/2124/1951 1952/2125/1952 1953/2126/1953 1954/2127/1954 
f 1951/2124/1951 1954/2127/1954 1949/2120/1949 1950/2123/1950 
f 1953/2126/1953 1955/2128/1955 1956/2129/1956 1954/2127/1954 
f 1957/2130/1957 1949/2120/1949 1954/2127/1954 1956/2129/1956 
f 1958/2131/1958 1959/2132/1959 1957/2130/1957 1956/2129/1956 
f 1252/2133/1252 1944/2134/1944 1957/2130/1957 1959/2132/1959 
f 1957/2130/1957 1944/2134/1944 1947/2121/1947 1949/2120/1949 
f 1235/2135/1235 1252/2133/1252 1959/2132/1959 1233/2136/1233 
f 1945/2116/1945 1944/2115/1944 1252/2137/1252 1236/2138/1236 
f 1233/2136/1233 1959/2132/1959 1958/2131/1958 1234/2139/1234 
f 1960/2140/1960 1242/2141/1242 1234/2139/1234 1958/2131/1958 
f 1956/2129/1956 1955/2128/1955 1960/2140/1960 1958/2131/1958 
f 1242/2141/1242 1960/2140/1960 1961/2142/1961 1243/2143/1243 
f 1960/2140/1960 1955/2128/1955 1962/2144/1962 1961/2142/1961 
f 1962/2144/1962 1963/2145/1963 1964/2146/1964 1961/2142/1961 
f 1953/2126/1953 1965/2147/1965 1962/2144/1962 1955/2128/1955 
f 1962/2144/1962 1965/2147/1965 1966/2148/1966 1963/2145/1963 
f 1967/2149/1967 1963/2145/1963 1966/2148/1966 1968/2150/1968 
f 1966/2148/1966 1089/2151/1089 1091/2152/1091 1968/2150/1968 
f 1968/2150/1968 1091/2152/1091 1969/2153/1969 1970/2154/1970 
f 1971/2155/1971 1972/2156/1972 1970/2154/1970 
f 1973/2157/1973 1972/2156/1972 1971/2155/1971 1974/2158/1974 
f 1972/2156/1972 1973/2157/1973 1975/2159/1975 1967/2149/1967 
f 1970/2154/1970 1972/2156/1972 1967/2149/1967 1968/2150/1968 
f 1232/2160/1232 1975/2159/1975 1973/2157/1973 1230/2161/1230 
f 1964/2146/1964 1975/2159/1975 1232/2160/1232 1231/2162/1231 
f 1967/2149/1967 1975/2159/1975 1964/2146/1964 1963/2145/1963 
f 1243/2143/1243 1961/2142/1961 1964/2146/1964 1231/2162/1231 
f 1230/2161/1230 1973/2157/1973 1974/2158/1974 1229/2163/1229 
f 1228/2164/1228 1229/2163/1229 1974/2158/1974 
f 1952/2125/1952 1090/2165/1090 1965/2147/1965 1953/2126/1953 
f 1966/2148/1966 1965/2147/1965 1090/2165/1090 1089/2151/1089 
f 1945/2116/1945 1236/2138/1236 1237/2166/1237 
f 1976/2167/1976 1977/2168/1977 576/2169/576 575/2170/575 
f 1978/2171/1978 1979/2172/1979 577/2173/577 578/2174/578 
f 1979/2172/1979 1980/2175/1980 579/2176/579 577/2173/577 
f 579/2176/579 1980/2175/1980 1981/2177/1981 580/2178/580 
f 576/2169/576 1977/2168/1977 1978/2171/1978 578/2174/578 
f 581/2179/581 580/2178/580 1981/2177/1981 1982/2180/1982 
f 14/2181/14 581/2179/581 1982/2180/1982 13/2182/13 
f 1976/2167/1976 1983/2183/1983 1984/2184/1984 1977/2168/1977 
f 1985/2185/1985 1979/2172/1979 1978/2171/1978 1986/2186/1986 
f 1987/2187/1987 1980/2175/1980 1979/2172/1979 1985/2185/1985 
f 1987/2187/1987 1988/2188/1988 1981/2177/1981 1980/2175/1980 
f 1978/2171/1978 1977/2168/1977 1984/2184/1984 1986/2186/1986 
f 1989/2189/1989 1982/2180/1982 1981/2177/1981 1988/2188/1988 
f 1989/2189/1989 21/2190/21 13/2182/13 1982/2180/1982 
f 1983/2183/1983 1990/2191/1990 1991/2192/1991 1984/2184/1984 
f 1992/2193/1992 1993/2194/1993 1985/2185/1985 1986/2186/1986 
f 1985/2185/1985 1993/2194/1993 1994/2195/1994 1987/2187/1987 
f 1994/2195/1994 1995/2196/1995 1988/2188/1988 1987/2187/1987 
f 1991/2192/1991 1992/2193/1992 1986/2186/1986 1984/2184/1984 
f 1988/2188/1988 1995/2196/1995 1996/2197/1996 1989/2189/1989 
f 1989/2189/1989 1996/2197/1996 28/2198/28 21/2190/21 
f 1997/2199/1997 1998/2200/1998 1999/2201/1999 2000/2202/2000 
f 2001/2203/2001 2002/2204/2002 2003/2205/2003 2004/2206/2004 
f 2005/2207/2005 2006/2208/2006 2004/2206/2004 2003/2205/2003 
f 2007/2209/2007 2006/2208/2006 2005/2207/2005 2008/2210/2008 
f 2001/2203/2001 1999/2201/1999 1998/2200/1998 2002/2204/2002 
f 2007/2209/2007 2008/2210/2008 2009/2211/2009 2010/2212/2010 
f 2010/2212/2010 2009/2211/2009 42/2213/42 41/2214/41 
f 2011/2215/2011 1998/2200/1998 1997/2199/1997 2012/2216/2012 
f 2002/2204/2002 2013/2217/2013 2014/2218/2014 2003/2205/2003 
f 2015/2219/2015 2005/2207/2005 2003/2205/2003 2014/2218/2014 
f 2008/2210/2008 2005/2207/2005 2015/2219/2015 2016/2220/2016 
f 1998/2200/1998 2011/2215/2011 2013/2217/2013 2002/2204/2002 
f 2009/2211/2009 2008/2210/2008 2016/2220/2016 2017/2221/2017 
f 2009/2211/2009 2017/2221/2017 49/2222/49 42/2213/42 
f 1990/2191/1990 2018/2223/2018 2019/2224/2019 1991/2192/1991 
f 2020/2225/2020 1993/2194/1993 1992/2193/1992 2021/2226/2021 
f 2022/2227/2022 1994/2195/1994 1993/2194/1993 2020/2225/2020 
f 1994/2195/1994 2022/2227/2022 2023/2228/2023 1995/2196/1995 
f 1992/2193/1992 1991/2192/1991 2019/2224/2019 2021/2226/2021 
f 2023/2228/2023 2024/2229/2024 1996/2197/1996 1995/2196/1995 
f 2024/2229/2024 56/2230/56 28/2198/28 1996/2197/1996 
f 2019/2224/2019 2018/2223/2018 2000/2202/2000 1999/2201/1999 
f 2020/2225/2020 2021/2226/2021 2001/2203/2001 2004/2206/2004 
f 2006/2208/2006 2022/2227/2022 2020/2225/2020 2004/2206/2004 
f 2007/2209/2007 2023/2228/2023 2022/2227/2022 2006/2208/2006 
f 2001/2203/2001 2021/2226/2021 2019/2224/2019 1999/2201/1999 
f 2024/2229/2024 2023/2228/2023 2007/2209/2007 2010/2212/2010 
f 2010/2212/2010 41/2214/41 56/2230/56 2024/2229/2024 
f 2012/2216/2012 2025/2231/2025 2026/2232/2026 2011/2215/2011 
f 2027/2233/2027 2014/2218/2014 2013/2217/2013 2028/2234/2028 
f 2015/2219/2015 2014/2218/2014 2027/2233/2027 2029/2235/2029 
f 2015/2219/2015 2029/2235/2029 2030/2236/2030 2016/2220/2016 
f 2026/2232/2026 2028/2234/2028 2013/2217/2013 2011/2215/2011 
f 2017/2221/2017 2016/2220/2016 2030/2236/2030 2031/2237/2031 
f 2031/2237/2031 63/2238/63 49/2222/49 2017/2221/2017 
f 2025/2231/2025 2032/2239/2032 2033/2240/2033 2026/2232/2026 
f 2033/2240/2033 2034/2241/2034 2028/2234/2028 2026/2232/2026 
f 2034/2241/2034 2035/2242/2035 2027/2233/2027 2028/2234/2028 
f 2036/2243/2036 2030/2236/2030 2029/2235/2029 2037/2244/2037 
f 2027/2233/2027 2035/2242/2035 2037/2244/2037 2029/2235/2029 
f 2031/2237/2031 2030/2236/2030 2036/2243/2036 
f 2036/2243/2036 69/2245/69 63/2238/63 2031/2237/2031 
f 2036/2243/2036 2037/2244/2037 68/2246/68 69/2245/69 
f 2037/2244/2037 2035/2242/2035 67/2247/67 68/2246/68 
f 66/2248/66 67/2247/67 2035/2242/2035 2034/2241/2034 
f 66/2248/66 2034/2241/2034 2033/2240/2033 64/2249/64 
f 2032/2239/2032 65/2250/65 64/2249/64 2033/2240/2033 
f 575/2170/575 998/2251/998 2038/2252/2038 1976/2167/1976 
f 1000/2253/1000 999/2254/999 2039/2255/2039 2040/2256/2040 
f 2041/2257/2041 2039/2255/2039 999/2254/999 1001/2258/1001 
f 1002/2259/1002 2042/2260/2042 2041/2257/2041 1001/2258/1001 
f 2038/2252/2038 998/2251/998 1000/2253/1000 2040/2256/2040 
f 2042/2260/2042 1002/2259/1002 1003/2261/1003 2043/2262/2043 
f 2043/2262/2043 1003/2261/1003 81/2263/81 80/2264/80 
f 2038/2252/2038 2044/2265/2044 1983/2183/1983 1976/2167/1976 
f 2039/2255/2039 2045/2266/2045 2046/2267/2046 2040/2256/2040 
f 2041/2257/2041 2047/2268/2047 2045/2266/2045 2039/2255/2039 
f 2041/2257/2041 2042/2260/2042 2048/2269/2048 2047/2268/2047 
f 2046/2267/2046 2044/2265/2044 2038/2252/2038 2040/2256/2040 
f 2048/2269/2048 2042/2260/2042 2043/2262/2043 2049/2270/2049 
f 80/2264/80 87/2271/87 2049/2270/2049 2043/2262/2043 
f 2044/2265/2044 2050/2272/2050 1990/2191/1990 1983/2183/1983 
f 2045/2266/2045 2051/2273/2051 2052/2274/2052 2046/2267/2046 
f 2045/2266/2045 2047/2268/2047 2053/2275/2053 2051/2273/2051 
f 2053/2275/2053 2047/2268/2047 2048/2269/2048 2054/2276/2054 
f 2050/2272/2050 2044/2265/2044 2046/2267/2046 2052/2274/2052 
f 2054/2276/2054 2048/2269/2048 2049/2270/2049 2055/2277/2055 
f 2049/2270/2049 87/2271/87 93/2278/93 2055/2277/2055 
f 2056/2279/2056 2057/2280/2057 1997/2199/1997 2000/2202/2000 
f 2058/2281/2058 2059/2282/2059 2060/2283/2060 2061/2284/2061 
f 2062/2285/2062 2063/2286/2063 2061/2284/2061 2060/2283/2060 
f 2062/2285/2062 2064/2287/2064 2065/2288/2065 2063/2286/2063 
f 2058/2281/2058 2057/2280/2057 2056/2279/2056 2059/2282/2059 
f 2064/2287/2064 2066/2289/2066 2067/2290/2067 2065/2288/2065 
f 2066/2289/2066 105/2291/105 104/2292/104 2067/2290/2067 
f 2012/2216/2012 1997/2199/1997 2057/2280/2057 2068/2293/2068 
f 2058/2281/2058 2061/2284/2061 2069/2294/2069 2070/2295/2070 
f 2071/2296/2071 2069/2294/2069 2061/2284/2061 2063/2286/2063 
f 2063/2286/2063 2065/2288/2065 2072/2297/2072 2071/2296/2071 
f 2057/2280/2057 2058/2281/2058 2070/2295/2070 2068/2293/2068 
f 2065/2288/2065 2067/2290/2067 2073/2298/2073 2072/2297/2072 
f 2073/2298/2073 2067/2290/2067 104/2292/104 111/2299/111 
f 2050/2272/2050 2074/2300/2074 2018/2223/2018 1990/2191/1990 
f 2052/2274/2052 2051/2273/2051 2075/2301/2075 2076/2302/2076 
f 2077/2303/2077 2075/2301/2075 2051/2273/2051 2053/2275/2053 
f 2078/2304/2078 2077/2303/2077 2053/2275/2053 2054/2276/2054 
f 2052/2274/2052 2076/2302/2076 2074/2300/2074 2050/2272/2050 
f 2054/2276/2054 2055/2277/2055 2079/2305/2079 2078/2304/2078 
f 2055/2277/2055 93/2278/93 117/2306/117 2079/2305/2079 
f 2000/2202/2000 2018/2223/2018 2074/2300/2074 2056/2279/2056 
f 2059/2282/2059 2076/2302/2076 2075/2301/2075 2060/2283/2060 
f 2062/2285/2062 2060/2283/2060 2075/2301/2075 2077/2303/2077 
f 2078/2304/2078 2064/2287/2064 2062/2285/2062 2077/2303/2077 
f 2059/2282/2059 2056/2279/2056 2074/2300/2074 2076/2302/2076 
f 2064/2287/2064 2078/2304/2078 2079/2305/2079 2066/2289/2066 
f 2079/2305/2079 117/2306/117 105/2291/105 2066/2289/2066 
f 2080/2307/2080 2025/2231/2025 2012/2216/2012 2068/2293/2068 
f 2069/2294/2069 2081/2308/2081 2082/2309/2082 2070/2295/2070 
f 2069/2294/2069 2071/2296/2071 2083/2310/2083 2081/2308/2081 
f 2072/2297/2072 2084/2311/2084 2083/2310/2083 2071/2296/2071 
f 2070/2295/2070 2082/2309/2082 2080/2307/2080 2068/2293/2068 
f 2072/2297/2072 2073/2298/2073 2085/2312/2085 2084/2311/2084 
f 2073/2298/2073 111/2299/111 123/2313/123 2085/2312/2085 
f 2025/2231/2025 2080/2307/2080 2086/2314/2086 2032/2239/2032 
f 2080/2307/2080 2082/2309/2082 2087/2315/2087 2086/2314/2086 
f 2087/2315/2087 2082/2309/2082 2081/2308/2081 2088/2316/2088 
f 2083/2310/2083 2084/2311/2084 2089/2317/2089 2090/2318/2090 
f 2090/2318/2090 2088/2316/2088 2081/2308/2081 2083/2310/2083 
f 2085/2312/2085 2089/2317/2089 2084/2311/2084 
f 2089/2317/2089 2085/2312/2085 123/2313/123 128/2319/128 
f 127/2320/127 2090/2318/2090 2089/2317/2089 128/2319/128 
f 2090/2318/2090 127/2320/127 126/2321/126 2088/2316/2088 
f 2087/2315/2087 2088/2316/2088 126/2321/126 125/2322/125 
f 124/2323/124 2086/2314/2086 2087/2315/2087 125/2322/125 
f 2086/2314/2086 124/2323/124 65/2250/65 2032/2239/2032 
f 2091/2324/2091 1748/2325/1748 1747/2326/1747 2092/2327/2092 
f 2092/2327/2092 1747/2326/1747 1749/2328/1749 2093/2329/2093 
f 1750/2330/1750 2094/2331/2094 2093/2329/2093 1749/2328/1749 
f 1751/2332/1751 2095/2333/2095 2094/2331/2094 1750/2330/1750 
f 2096/2334/2096 2095/2333/2095 1751/2332/1751 1752/2335/1752 
f 1753/2336/1753 2097/2337/2097 2096/2334/2096 1752/2335/1752 
f 2098/2338/2098 2097/2337/2097 1753/2336/1753 1754/2339/1754 
f 2099/2340/2099 2098/2338/2098 1754/2339/1754 1755/2341/1755 
f 2100/2342/2100 2099/2340/2099 1755/2341/1755 1756/2343/1756 
f 1757/2344/1757 2101/2345/2101 2100/2342/2100 1756/2343/1756 
f 2102/2346/2102 2101/2345/2101 1757/2344/1757 1758/2347/1758 
f 1759/2348/1759 2103/2349/2103 2102/2346/2102 1758/2347/1758 
f 1760/2350/1760 2104/2351/2104 2103/2349/2103 1759/2348/1759 
f 2105/2352/2105 2104/2351/2104 1760/2350/1760 1761/2353/1761 
f 2105/2352/2105 1761/2353/1761 1748/2325/1748 2091/2324/2091 
f 2106/2354/2106 2091/2324/2091 2092/2327/2092 2107/2355/2107 
f 2092/2327/2092 2093/2329/2093 2108/2356/2108 2107/2355/2107 
f 2108/2356/2108 2093/2329/2093 2094/2331/2094 2109/2357/2109 
f 2110/2358/2110 2109/2357/2109 2094/2331/2094 2095/2333/2095 
f 2096/2334/2096 2111/2359/2111 2110/2358/2110 2095/2333/2095 
f 2111/2359/2111 2096/2334/2096 2097/2337/2097 2112/2360/2112 
f 2098/2338/2098 2113/2361/2113 2112/2360/2112 2097/2337/2097 
f 2114/2362/2114 2113/2361/2113 2098/2338/2098 2099/2340/2099 
f 2100/2342/2100 2115/2363/2115 2114/2362/2114 2099/2340/2099 
f 2116/2364/2116 2115/2363/2115 2100/2342/2100 2101/2345/2101 
f 2102/2346/2102 2117/2365/2117 2116/2364/2116 2101/2345/2101 
f 2117/2365/2117 2102/2346/2102 2103/2349/2103 2118/2366/2118 
f 2104/2351/2104 2119/2367/2119 2118/2366/2118 2103/2349/2103 
f 2105/2352/2105 2120/2368/2120 2119/2367/2119 2104/2351/2104 
f 2120/2368/2120 2105/2352/2105 2091/2324/2091 2106/2354/2106 
f 2121/2369/2121 2106/2354/2106 2107/2355/2107 2122/2370/2122 
f 2122/2370/2122 2107/2355/2107 2108/2356/2108 2123/2371/2123 
f 2109/2357/2109 2124/2372/2124 2123/2371/2123 2108/2356/2108 
f 2110/2358/2110 2125/2373/2125 2124/2372/2124 2109/2357/2109 
f 2125/2373/2125 2110/2358/2110 2111/2359/2111 2126/2374/2126 
f 2126/2374/2126 2111/2359/2111 2112/2360/2112 2127/2375/2127 
f 2128/2376/2128 2127/2375/2127 2112/2360/2112 2113/2361/2113 
f 2128/2376/2128 2113/2361/2113 2114/2362/2114 2129/2377/2129 
f 2115/2363/2115 2130/2378/2130 2129/2377/2129 2114/2362/2114 
f 2116/2364/2116 2131/2379/2131 2130/2378/2130 2115/2363/2115 
f 2116/2364/2116 2117/2365/2117 2132/2380/2132 2131/2379/2131 
f 2132/2380/2132 2117/2365/2117 2118/2366/2118 2133/2381/2133 
f 2118/2366/2118 2119/2367/2119 2134/2382/2134 2133/2381/2133 
f 2120/2368/2120 2135/2383/2135 2134/2382/2134 2119/2367/2119 
f 2106/2354/2106 2121/2369/2121 2135/2383/2135 2120/2368/2120 
f 2122/2370/2122 2136/2384/2136 2137/2385/2137 2121/2369/2121 
f 2122/2370/2122 2123/2371/2123 2138/2386/2138 2136/2384/2136 
f 2139/2387/2139 2138/2386/2138 2123/2371/2123 2124/2372/2124 
f 2125/2373/2125 2140/2388/2140 2139/2387/2139 2124/2372/2124 
f 2126/2374/2126 2141/2389/2141 2140/2388/2140 2125/2373/2125 
f 2126/2374/2126 2127/2375/2127 2142/2390/2142 2141/2389/2141 
f 2142/2390/2142 2127/2375/2127 2128/2376/2128 2143/2391/2143 
f 2129/2377/2129 2144/2392/2144 2143/2391/2143 2128/2376/2128 
f 2144/2392/2144 2129/2377/2129 2130/2378/2130 2145/2393/2145 
f 2145/2393/2145 2130/2378/2130 2131/2379/2131 2146/2394/2146 
f 2146/2394/2146 2131/2379/2131 2132/2380/2132 2147/2395/2147 
f 2148/2396/2148 2147/2395/2147 2132/2380/2132 2133/2381/2133 
f 2149/2397/2149 2148/2396/2148 2133/2381/2133 2134/2382/2134 
f 2134/2382/2134 2135/2383/2135 2150/2398/2150 2149/2397/2149 
f 2150/2398/2150 2135/2383/2135 2121/2369/2121 2137/2385/2137 
f 2136/2384/2136 2151/2399/2151 2152/2400/2152 2137/2385/2137 
f 2136/2384/2136 2138/2386/2138 2153/2401/2153 2151/2399/2151 
f 2153/2401/2153 2138/2386/2138 2139/2387/2139 2154/2402/2154 
f 2155/2403/2155 2154/2402/2154 2139/2387/2139 2140/2388/2140 
f 2155/2403/2155 2140/2388/2140 2141/2389/2141 2156/2404/2156 
f 2157/2405/2157 2156/2404/2156 2141/2389/2141 2142/2390/2142 
f 2142/2390/2142 2143/2391/2143 2158/2406/2158 2157/2405/2157 
f 2144/2392/2144 2159/2407/2159 2158/2406/2158 2143/2391/2143 
f 2145/2393/2145 2160/2408/2160 2159/2407/2159 2144/2392/2144 
f 2160/2408/2160 2145/2393/2145 2146/2394/2146 2161/2409/2161 
f 2161/2409/2161 2146/2394/2146 2147/2395/2147 2162/2410/2162 
f 2148/2396/2148 2163/2411/2163 2162/2410/2162 2147/2395/2147 
f 2163/2411/2163 2148/2396/2148 2149/2397/2149 2164/2412/2164 
f 2150/2398/2150 2165/2413/2165 2164/2412/2164 2149/2397/2149 
f 2150/2398/2150 2137/2385/2137 2152/2400/2152 2165/2413/2165 
f 2152/2400/2152 2151/2399/2151 2166/2414/2166 
f 2151/2399/2151 2153/2401/2153 2166/2414/2166 
f 2153/2401/2153 2154/2402/2154 2166/2414/2166 
f 2154/2402/2154 2155/2403/2155 2166/2414/2166 
f 2155/2403/2155 2156/2404/2156 2166/2414/2166 
f 2156/2404/2156 2157/2405/2157 2166/2414/2166 
f 2157/2405/2157 2158/2406/2158 2166/2414/2166 
f 2158/2406/2158 2159/2407/2159 2166/2414/2166 
f 2159/2407/2159 2160/2408/2160 2166/2414/2166 
f 2160/2408/2160 2161/2409/2161 2166/2414/2166 
f 2161/2409/2161 2162/2410/2162 2166/2414/2166 
f 2162/2410/2162 2163/2411/2163 2166/2414/2166 
f 2163/2411/2163 2164/2412/2164 2166/2414/2166 
f 2164/2412/2164 2165/2413/2165 2166/2414/2166 
f 2165/2413/2165 2152/2400/2152 2166/2414/2166 
f 2167/2415/2167 1090/2416/1090 1952/2417/1952 2168/2418/2168 
f 2169/2419/2169 1950/2420/1950 1948/2421/1948 
f 2170/2422/2170 1951/2423/1951 1950/2420/1950 2169/2419/2169 
f 1952/2417/1952 1951/2423/1951 2170/2422/2170 2168/2418/2168 
f 2171/2424/2171 2172/2425/2172 1519/2426/1519 1518/2427/1518 
f 1520/2428/1520 2173/2429/2173 2171/2424/2171 1518/2427/1518 
f 2174/2430/2174 2173/2429/2173 1520/2428/1520 1521/2431/1521 
f 1522/2432/1522 2175/2433/2175 2174/2430/2174 1521/2431/1521 
f 1523/2434/1523 2176/2435/2176 2175/2433/2175 1522/2432/1522 
f 2177/2436/2177 2176/2435/2176 1523/2434/1523 1524/2437/1524 
f 2178/2438/2178 2177/2436/2177 1524/2437/1524 1525/2439/1525 
f 2178/2438/2178 1525/2439/1525 1526/2440/1526 2179/2441/2179 
f 1527/2442/1527 2180/2443/2180 2179/2441/2179 1526/2440/1526 
f 1528/2444/1528 2181/2445/2181 2180/2443/2180 1527/2442/1527 
f 2181/2445/2181 1528/2444/1528 1529/2446/1529 2182/2447/2182 
f 1530/2448/1530 2183/2449/2183 2182/2447/2182 1529/2446/1529 
f 2184/2450/2184 2183/2449/2183 1530/2448/1530 1531/2451/1531 
f 2185/2452/2185 2184/2450/2184 1531/2451/1531 1532/2453/1532 
f 1519/2426/1519 2172/2425/2172 2185/2452/2185 1532/2453/1532 
f 2186/2454/2186 2187/2455/2187 2172/2425/2172 2171/2424/2171 
f 2173/2429/2173 2188/2456/2188 2186/2454/2186 2171/2424/2171 
f 2188/2456/2188 2173/2429/2173 2174/2430/2174 2189/2457/2189 
f 2175/2433/2175 2190/2458/2190 2189/2457/2189 2174/2430/2174 
f 2190/2458/2190 2175/2433/2175 2176/2435/2176 2191/2459/2191 
f 2192/2460/2192 2191/2459/2191 2176/2435/2176 2177/2436/2177 
f 2193/2461/2193 2192/2460/2192 2177/2436/2177 2178/2438/2178 
f 2179/2441/2179 2194/2462/2194 2193/2461/2193 2178/2438/2178 
f 2180/2443/2180 2195/2463/2195 2194/2462/2194 2179/2441/2179 
f 2195/2463/2195 2180/2443/2180 2181/2445/2181 2196/2464/2196 
f 2196/2464/2196 2181/2445/2181 2182/2447/2182 2197/2465/2197 
f 2182/2447/2182 2183/2449/2183 2198/2466/2198 2197/2465/2197 
f 2198/2466/2198 2183/2449/2183 2184/2450/2184 2199/2467/2199 
f 2184/2450/2184 2185/2452/2185 2200/2468/2200 2199/2467/2199 
f 2185/2452/2185 2172/2425/2172 2187/2455/2187 2200/2468/2200 
f 2186/2454/2186 2201/2469/2201 2202/2470/2202 2187/2455/2187 
f 2186/2454/2186 2188/2456/2188 2203/2471/2203 2201/2469/2201 
f 2189/2457/2189 2204/2472/2204 2203/2471/2203 2188/2456/2188 
f 2190/2458/2190 2205/2473/2205 2204/2472/2204 2189/2457/2189 
f 2206/2474/2206 2205/2473/2205 2190/2458/2190 2191/2459/2191 
f 2191/2459/2191 2192/2460/2192 2207/2475/2207 2206/2474/2206 
f 2192/2460/2192 2193/2461/2193 2208/2476/2208 2207/2475/2207 
f 2194/2462/2194 2209/2477/2209 2208/2476/2208 2193/2461/2193 
f 2195/2463/2195 2210/2478/2210 2209/2477/2209 2194/2462/2194 
f 2210/2478/2210 2195/2463/2195 2196/2464/2196 2211/2479/2211 
f 2211/2479/2211 2196/2464/2196 2197/2465/2197 2212/2480/2212 
f 2197/2465/2197 2198/2466/2198 2213/2481/2213 2212/2480/2212 
f 2213/2481/2213 2198/2466/2198 2199/2467/2199 2214/2482/2214 
f 2200/2468/2200 2215/2483/2215 2214/2482/2214 2199/2467/2199 
f 2200/2468/2200 2187/2455/2187 2202/2470/2202 2215/2483/2215 
f 2216/2484/2216 2202/2470/2202 2201/2469/2201 2217/2485/2217 
f 2217/2485/2217 2201/2469/2201 2203/2471/2203 2218/2486/2218 
f 2204/2472/2204 2219/2487/2219 2218/2486/2218 2203/2471/2203 
f 2204/2472/2204 2205/2473/2205 2220/2488/2220 2219/2487/2219 
f 2206/2474/2206 2221/2489/2221 2220/2488/2220 2205/2473/2205 
f 2221/2489/2221 2206/2474/2206 2207/2475/2207 2222/2490/2222 
f 2222/2490/2222 2207/2475/2207 2208/2476/2208 2223/2491/2223 
f 2209/2477/2209 2224/2492/2224 2223/2491/2223 2208/2476/2208 
f 2224/2492/2224 2209/2477/2209 2210/2478/2210 2225/2493/2225 
f 2211/2479/2211 2226/2494/2226 2225/2493/2225 2210/2478/2210 
f 2226/2494/2226 2211/2479/2211 2212/2480/2212 2227/2495/2227 
f 2227/2495/2227 2212/2480/2212 2213/2481/2213 2228/2496/2228 
f 2214/2482/2214 2229/2497/2229 2228/2496/2228 2213/2481/2213 
f 2215/2483/2215 2230/2498/2230 2229/2497/2229 2214/2482/2214 
f 2230/2498/2230 2215/2483/2215 2202/2470/2202 2216/2484/2216 
f 2231/2499/2231 2232/2500/2232 2216/2484/2216 2217/2485/2217 
f 2231/2499/2231 2217/2485/2217 2218/2486/2218 2233/2501/2233 
f 2219/2487/2219 2234/2502/2234 2233/2501/2233 2218/2486/2218 
f 2235/2503/2235 2234/2502/2234 2219/2487/2219 2220/2488/2220 
f 2221/2489/2221 2236/2504/2236 2235/2503/2235 2220/2488/2220 
f 2221/2489/2221 2222/2490/2222 2237/2505/2237 2236/2504/2236 
f 2238/2506/2238 2237/2505/2237 2222/2490/2222 2223/2491/2223 
f 2224/2492/2224 2239/2507/2239 2238/2506/2238 2223/2491/2223 
f 2240/2508/2240 2239/2507/2239 2224/2492/2224 2225/2493/2225 
f 2225/2493/2225 2226/2494/2226 2241/2509/2241 2240/2508/2240 
f 2241/2509/2241 2226/2494/2226 2227/2495/2227 2242/2510/2242 
f 2242/2510/2242 2227/2495/2227 2228/2496/2228 2243/2511/2243 
f 2243/2511/2243 2228/2496/2228 2229/2497/2229 2244/2512/2244 
f 2245/2513/2245 2244/2512/2244 2229/2497/2229 2230/2498/2230 
f 2230/2498/2230 2216/2484/2216 2232/2500/2232 2245/2513/2245 
f 2232/2500/2232 2231/2499/2231 2246/2514/2246 
f 2231/2499/2231 2233/2501/2233 2246/2514/2246 
f 2233/2501/2233 2234/2502/2234 2246/2514/2246 
f 2234/2502/2234 2235/2503/2235 2246/2514/2246 
f 2235/2503/2235 2236/2504/2236 2246/2514/2246 
f 2236/2504/2236 2237/2505/2237 2246/2514/2246 
f 2237/2505/2237 2238/2506/2238 2246/2514/2246 
f 2238/2506/2238 2239/2507/2239 2246/2514/2246 
f 2239/2507/2239 2240/2508/2240 2246/2514/2246 
f 2240/2508/2240 2241/2509/2241 2246/2514/2246 
f 2241/2509/2241 2242/2510/2242 2246/2514/2246 
f 2242/2510/2242 2243/2511/2243 2246/2514/2246 
f 2243/2511/2243 2244/2512/2244 2246/2514/2246 
f 2244/2512/2244 2245/2513/2245 2246/2514/2246 
f 2245/2513/2245 2232/2500/2232 2246/2514/2246 
f 1139/2515/1139 2247/2516/2247 2248/2517/2248 1138/2518/1138 
f 2249/2519/2249 1096/2520/1096 1132/2521/1132 2250/2522/2250 
f 2249/2519/2249 2251/2523/2251 1097/2524/1097 1096/2520/1096 
f 1140/2525/1140 1138/2518/1138 2248/2517/2248 2252/2526/2252 
f 2250/2522/2250 1132/2521/1132 1140/2525/1140 2252/2526/2252 
f 2253/2527/2253 2248/2517/2248 2247/2516/2247 2254/2528/2254 
f 2255/2529/2255 2253/2527/2253 2256/2530/2256 2257/2531/2257 
f 2258/2532/2258 2259/2533/2259 2255/2529/2255 2257/2531/2257 
f 2260/2534/2260 2261/2535/2261 2262/2536/2262 2263/2537/2263 
f 2260/2534/2260 2264/2538/2264 2265/2539/2265 2261/2535/2261 
f 2256/2530/2256 2264/2538/2264 2260/2534/2260 2257/2531/2257 
f 2260/2534/2260 2263/2537/2263 2258/2532/2258 2257/2531/2257 
f 2266/2540/2266 2267/2541/2267 2268/2542/2268 2269/2543/2269 
f 2266/2540/2266 2269/2543/2269 2270/2544/2270 2271/2545/2271 
f 2272/2546/2272 2273/2547/2273 2274/2548/2274 2275/2549/2275 
f 2276/2550/2276 2277/2551/2277 2278/2552/2278 2279/2553/2279 
f 2272/2546/2272 2280/2554/2280 2281/2555/2281 2273/2547/2273 
f 2282/2556/2282 2281/2555/2281 2280/2554/2280 2283/2557/2283 
f 2281/2555/2281 2284/2558/2284 2285/2559/2285 2273/2547/2273 
f 2286/2560/2286 2287/2561/2287 2288/2562/2288 2289/2563/2289 
f 2289/2563/2289 2290/2564/2290 2291/2565/2291 2286/2560/2286 
f 2282/2556/2282 2292/2566/2292 2284/2558/2284 2281/2555/2281 
f 2291/2565/2291 2290/2564/2290 2293/2567/2293 2294/2568/2294 
f 2295/2569/2295 2296/2570/2296 2294/2568/2294 2293/2567/2293 
f 2297/2571/2297 2274/2548/2274 2298/2572/2298 2299/2573/2299 
f 2300/2574/2300 2297/2571/2297 2299/2573/2299 2301/2575/2301 
f 2302/2576/2302 2296/2570/2296 2295/2569/2295 2303/2577/2303 
f 2304/2578/2304 2305/2579/2305 2303/2577/2303 2295/2569/2295 
f 2306/2580/2306 2307/2581/2307 2308/2582/2308 2251/2523/2251 
f 2251/2523/2251 2249/2519/2249 2305/2579/2305 2306/2580/2306 
f 2309/2583/2309 2307/2581/2307 2310/2584/2310 2311/2585/2311 
f 2295/2569/2295 2293/2567/2293 2312/2586/2312 2304/2578/2304 
f 2305/2579/2305 2249/2519/2249 2250/2522/2250 2303/2577/2303 
f 2250/2522/2250 2252/2526/2252 2302/2576/2302 2303/2577/2303 
f 2248/2517/2248 2253/2527/2253 2255/2529/2255 2252/2526/2252 
f 2313/2587/2313 2253/2527/2253 2254/2528/2254 2314/2588/2314 
f 2254/2528/2254 2315/2589/2315 2316/2590/2316 2314/2588/2314 
f 2314/2588/2314 2316/2590/2316 2317/2591/2317 2318/2592/2318 
f 2317/2591/2317 2319/2593/2319 2320/2594/2320 2318/2592/2318 
f 2321/2595/2321 2322/2596/2322 2323/2597/2323 2324/2598/2324 
f 2325/2599/2325 2326/2600/2326 2327/2601/2327 2328/2602/2328 
f 2329/2603/2329 2330/2604/2330 2331/2605/2331 2332/2606/2332 
f 2333/2607/2333 2334/2608/2334 2329/2603/2329 2332/2606/2332 
f 2324/2598/2324 2334/2608/2334 2333/2607/2333 2321/2595/2321 
f 2335/2609/2335 2336/2610/2336 2337/2611/2337 2338/2612/2338 
f 2339/2613/2339 2336/2610/2336 2323/2597/2323 2322/2596/2322 
f 2340/2614/2340 2318/2592/2318 2320/2594/2320 2341/2615/2341 
f 2342/2616/2342 2319/2593/2319 2317/2591/2317 2343/2617/2343 
f 2342/2616/2342 2343/2617/2343 2344/2618/2344 2345/2619/2345 
f 2344/2618/2344 2288/2562/2288 2287/2561/2287 2345/2619/2345 
f 2346/2620/2346 2347/2621/2347 2344/2618/2344 2343/2617/2343 
f 2346/2620/2346 2348/2622/2348 2349/2623/2349 2347/2621/2347 
f 2346/2620/2346 2343/2617/2343 2317/2591/2317 2316/2590/2316 
f 2315/2589/2315 2348/2622/2348 2346/2620/2346 2316/2590/2316 
f 2350/2624/2350 2288/2562/2288 2344/2618/2344 2347/2621/2347 
f 2349/2623/2349 2351/2625/2351 2350/2624/2350 2347/2621/2347 
f 2351/2625/2351 2309/2583/2309 2311/2585/2311 2350/2624/2350 
f 2288/2562/2288 2350/2624/2350 2311/2585/2311 2289/2563/2289 
f 2352/2626/2352 2292/2566/2292 2282/2556/2282 2337/2611/2337 
f 2314/2588/2314 2318/2592/2318 2340/2614/2340 2313/2587/2313 
f 2265/2539/2265 2264/2538/2264 2313/2587/2313 2353/2627/2353 
f 2253/2527/2253 2313/2587/2313 2264/2538/2264 2256/2530/2256 
f 2254/2528/2254 2247/2516/2247 2354/2628/2354 2315/2589/2315 
f 2349/2623/2349 2355/2629/2355 2356/2630/2356 2351/2625/2351 
f 2348/2622/2348 2315/2589/2315 2354/2628/2354 2357/2631/2357 
f 2293/2567/2293 2290/2564/2290 2310/2584/2310 2312/2586/2312 
f 2289/2563/2289 2311/2585/2311 2310/2584/2310 2290/2564/2290 
f 2282/2556/2282 2283/2557/2283 2338/2612/2338 2337/2611/2337 
f 2340/2614/2340 2267/2541/2267 2353/2627/2353 2313/2587/2313 
f 2327/2601/2327 2358/2632/2358 2359/2633/2359 2328/2602/2328 
f 2280/2554/2280 2272/2546/2272 2360/2634/2360 2361/2635/2361 
f 2323/2597/2323 2362/2636/2362 2325/2599/2325 2324/2598/2324 
f 2328/2602/2328 2334/2608/2334 2324/2598/2324 2325/2599/2325 
f 2336/2610/2336 2335/2609/2335 2362/2636/2362 2323/2597/2323 
f 2330/2604/2330 2358/2632/2358 2363/2637/2363 2278/2552/2278 
f 2330/2604/2330 2329/2603/2329 2359/2633/2359 2358/2632/2358 
f 2328/2602/2328 2359/2633/2359 2329/2603/2329 2334/2608/2334 
f 2361/2635/2361 2364/2638/2364 2327/2601/2327 2326/2600/2326 
f 2279/2553/2279 2278/2552/2278 2363/2637/2363 2364/2638/2364 
f 2358/2632/2358 2327/2601/2327 2364/2638/2364 2363/2637/2363 
f 2272/2546/2272 2275/2549/2275 2365/2639/2365 2360/2634/2360 
f 2360/2634/2360 2365/2639/2365 2276/2550/2276 2279/2553/2279 
f 2364/2638/2364 2361/2635/2361 2360/2634/2360 2279/2553/2279 
f 2366/2640/2366 2353/2627/2353 2267/2541/2267 2367/2641/2367 
f 2266/2540/2266 2368/2642/2368 2367/2641/2367 2267/2541/2267 
f 2368/2642/2368 2266/2540/2266 2271/2545/2271 2369/2643/2369 
f 2340/2614/2340 2341/2615/2341 2268/2542/2268 2267/2541/2267 
f 2370/2644/2370 2371/2645/2371 2372/2646/2372 2373/2647/2373 
f 2373/2647/2373 2372/2646/2372 2374/2648/2374 2375/2649/2375 
f 2300/2574/2300 2376/2650/2376 2377/2651/2377 2297/2571/2297 
f 2275/2549/2275 2274/2548/2274 2297/2571/2297 2377/2651/2377 
f 2378/2652/2378 2365/2639/2365 2275/2549/2275 2377/2651/2377 
f 2378/2652/2378 2377/2651/2377 2258/2532/2258 2263/2537/2263 
f 2378/2652/2378 2263/2537/2263 2262/2536/2262 2379/2653/2379 
f 2365/2639/2365 2378/2652/2378 2379/2653/2379 2276/2550/2276 
f 2277/2551/2277 2276/2550/2276 2379/2653/2379 2380/2654/2380 
f 2380/2654/2380 2379/2653/2379 2381/2655/2381 2369/2643/2369 
f 2312/2586/2312 2310/2584/2310 2307/2581/2307 2306/2580/2306 
f 2312/2586/2312 2306/2580/2306 2305/2579/2305 2304/2578/2304 
f 2283/2557/2283 2280/2554/2280 2361/2635/2361 2338/2612/2338 
f 2361/2635/2361 2326/2600/2326 2335/2609/2335 2338/2612/2338 
f 2335/2609/2335 2326/2600/2326 2325/2599/2325 2362/2636/2362 
f 2261/2535/2261 2382/2656/2382 2383/2657/2383 2262/2536/2262 
f 2265/2539/2265 2384/2658/2384 2382/2656/2382 2261/2535/2261 
f 2265/2539/2265 2353/2627/2353 2366/2640/2366 2384/2658/2384 
f 2262/2536/2262 2383/2657/2383 2381/2655/2381 2379/2653/2379 
f 2371/2645/2371 2385/2659/2385 2386/2660/2386 2372/2646/2372 
f 2372/2646/2372 2386/2660/2386 2387/2661/2387 2374/2648/2374 
f 2367/2641/2367 2375/2649/2375 2374/2648/2374 2366/2640/2366 
f 2373/2647/2373 2375/2649/2375 2367/2641/2367 2368/2642/2368 
f 2370/2644/2370 2373/2647/2373 2368/2642/2368 2369/2643/2369 
f 2370/2644/2370 2369/2643/2369 2381/2655/2381 2371/2645/2371 
f 2385/2659/2385 2371/2645/2371 2381/2655/2381 2383/2657/2383 
f 2386/2660/2386 2385/2659/2385 2383/2657/2383 2382/2656/2382 
f 2382/2656/2382 2384/2658/2384 2387/2661/2387 2386/2660/2386 
f 2374/2648/2374 2387/2661/2387 2384/2658/2384 2366/2640/2366 
f 2270/2544/2270 2269/2543/2269 2331/2605/2331 2388/2662/2388 
f 2273/2547/2273 2285/2559/2285 2298/2572/2298 2274/2548/2274 
f 2255/2529/2255 2259/2533/2259 2302/2576/2302 2252/2526/2252 
f 2336/2610/2336 2339/2613/2339 2352/2626/2352 2337/2611/2337 
f 2348/2622/2348 2357/2631/2357 2355/2629/2355 2349/2623/2349 
f 2269/2543/2269 2268/2542/2268 2332/2606/2332 2331/2605/2331 
f 2332/2606/2332 2268/2542/2268 2341/2615/2341 2333/2607/2333 
f 2333/2607/2333 2341/2615/2341 2320/2594/2320 2321/2595/2321 
f 2322/2596/2322 2321/2595/2321 2320/2594/2320 2319/2593/2319 
f 2322/2596/2322 2319/2593/2319 2342/2616/2342 2339/2613/2339 
f 2342/2616/2342 2345/2619/2345 2352/2626/2352 2339/2613/2339 
f 2287/2561/2287 2292/2566/2292 2352/2626/2352 2345/2619/2345 
f 2292/2566/2292 2287/2561/2287 2286/2560/2286 2284/2558/2284 
f 2284/2558/2284 2286/2560/2286 2291/2565/2291 2285/2559/2285 
f 2291/2565/2291 2294/2568/2294 2298/2572/2298 2285/2559/2285 
f 2298/2572/2298 2294/2568/2294 2296/2570/2296 2299/2573/2299 
f 2277/2551/2277 2270/2544/2270 2388/2662/2388 2278/2552/2278 
f 2270/2544/2270 2277/2551/2277 2380/2654/2380 2271/2545/2271 
f 2271/2545/2271 2380/2654/2380 2369/2643/2369 
f 2330/2604/2330 2278/2552/2278 2388/2662/2388 2331/2605/2331 
f 2301/2575/2301 2302/2576/2302 2259/2533/2259 2300/2574/2300 
f 2258/2532/2258 2377/2651/2377 2376/2650/2376 
f 2300/2574/2300 2259/2533/2259 2258/2532/2258 2376/2650/2376 
f 2296/2570/2296 2302/2576/2302 2301/2575/2301 2299/2573/2299 
f 2309/2583/2309 2389/2663/2389 2308/2582/2308 2307/2581/2307 
f 2309/2583/2309 2351/2625/2351 2356/2630/2356 2389/2663/2389 
f 1139/2515/1139 1154/2664/1154 2354/2628/2354 2247/2516/2247 
f 2355/2629/2355 2357/2631/2357 1787/2665/1787 1790/2666/1790 
f 1862/2667/1862 1787/2665/1787 2357/2631/2357 2354/2628/2354 
f 2389/2663/2389 1875/2668/1875 1225/2669/1225 2308/2582/2308 
f 2308/2582/2308 1225/2669/1225 1097/2524/1097 2251/2523/2251 
f 2354/2628/2354 1154/2664/1154 1241/2670/1241 1862/2667/1862 
f 2355/2629/2355 1790/2666/1790 1943/2671/1943 2356/2630/2356 
f 1943/2671/1943 1875/2668/1875 2389/2663/2389 2356/2630/2356 
f 2390/2672/2390 2391/2673/2391 2392/2674/2392 2393/2675/2393 
f 1056/2676/1056 987/2677/987 2394/2678/2394 2392/2674/2392 
f 2395/2679/2395 2393/2675/2393 2392/2674/2392 2394/2678/2394 
f 2396/2680/2396 1057/2681/1057 985/2682/985 2397/2683/2397 
f 1058/2684/1058 2398/2685/2398 2399/2686/2399 979/2687/979 
f 1057/2681/1057 2396/2680/2396 2398/2685/2398 1058/2684/1058 
f 2400/2688/2400 2401/2689/2401 2399/2686/2399 2402/2690/2402 
f 2395/2679/2395 2394/2678/2394 2401/2689/2401 2400/2688/2400 
f 2403/2691/2403 2404/2692/2404 2397/2683/2397 2405/2693/2405 
f 2406/2694/2406 2396/2680/2396 2397/2683/2397 2404/2692/2404 
f 2406/2694/2406 2407/2695/2407 2398/2685/2398 2396/2680/2396 
f 2399/2686/2399 2398/2685/2398 2407/2695/2407 2402/2690/2402 
f 2391/2673/2391 991/2696/991 1056/2676/1056 2392/2674/2392 
f 2390/2672/2390 2408/2697/2408 2409/2698/2409 2391/2673/2391 
f 2408/2697/2408 2403/2691/2403 2405/2693/2405 2409/2698/2409 
f 2395/2679/2395 2410/2699/2410 2390/2672/2390 2393/2675/2393 
f 2404/2692/2404 2411/2700/2411 2407/2695/2407 2406/2694/2406 
f 2408/2697/2408 2411/2700/2411 2404/2692/2404 2403/2691/2403 
f 2410/2699/2410 2402/2690/2402 2407/2695/2407 2411/2700/2411 
f 2411/2700/2411 2408/2697/2408 2390/2672/2390 2410/2699/2410 
f 2402/2690/2402 2410/2699/2410 2395/2679/2395 2400/2688/2400 
f 979/2687/979 2399/2686/2399 2401/2689/2401 980/2701/980 
f 985/2682/985 984/2702/984 2405/2693/2405 2397/2683/2397 
f 2394/2678/2394 987/2677/987 980/2701/980 2401/2689/2401 
f 2409/2698/2409 992/2703/992 991/2696/991 2391/2673/2391 
f 2409/2698/2409 2405/2693/2405 984/2702/984 992/2703/992 
f 2412/2704/2412 2413/2705/2413 2414/2706/2414 
f 2413/2705/2413 2415/2707/2415 2416/2708/2416 2414/2706/2414 
f 2417/2709/2417 2418/2710/2418 2419/2711/2419 2420/2712/2420 
f 2421/2713/2421 2422/2714/2422 2423/2715/2423 2424/2716/2424 
f 2425/2717/2425 2420/2712/2420 2419/2711/2419 2426/2718/2426 
f 2427/2719/2427 2428/2720/2428 2429/2721/2429 
f 2430/2722/2430 2431/2723/2431 2432/2724/2432 2433/2725/2433 
f 2434/2726/2434 2435/2727/2435 2436/2728/2436 2437/2729/2437 
f 2438/2730/2438 2439/2731/2439 2440/2732/2440 2441/2733/2441 
f 2442/2734/2442 2443/2735/2443 2421/2713/2421 2424/2716/2424 
f 2444/2736/2444 2445/2737/2445 2446/2738/2446 2447/2739/2447 
f 2448/2740/2448 2445/2737/2445 2444/2736/2444 2449/2741/2449 
f 2448/2740/2448 2450/2742/2450 2445/2737/2445 
f 2451/2743/2451 2452/2744/2452 2453/2745/2453 
f 2451/2743/2451 2453/2745/2453 2454/2746/2454 
f 2452/2744/2452 2455/2747/2455 2456/2748/2456 2453/2745/2453 
f 2456/2748/2456 2457/2749/2457 2454/2746/2454 2453/2745/2453 
f 2458/2750/2458 2459/2751/2459 2460/2752/2460 2461/2753/2461 
f 2460/2752/2460 2462/2754/2462 2463/2755/2463 2461/2753/2461 
f 2464/2756/2464 2465/2757/2465 2466/2758/2466 
f 2464/2756/2464 2466/2758/2466 2467/2759/2467 
f 2467/2759/2467 2468/2760/2468 2469/2761/2469 2464/2756/2464 
f 2470/2762/2470 2471/2763/2471 2472/2764/2472 
f 2420/2712/2420 2470/2762/2470 2472/2764/2472 2417/2709/2417 
f 2471/2763/2471 2473/2765/2473 2474/2766/2474 2475/2767/2475 
f 2420/2712/2420 2425/2717/2425 2476/2768/2476 2470/2762/2470 
f 2472/2764/2472 2432/2724/2432 2431/2723/2431 
f 2477/2769/2477 2478/2770/2478 2471/2763/2471 2479/2771/2479 
f 2477/2769/2477 2435/2727/2435 2434/2726/2434 2478/2770/2478 
f 2440/2732/2440 2477/2769/2477 2441/2733/2441 
f 2439/2731/2439 2436/2728/2436 2435/2727/2435 2440/2732/2440 
f 2480/2772/2480 2481/2773/2481 2429/2721/2429 2428/2720/2428 
f 2482/2774/2482 2425/2717/2425 2426/2718/2426 2483/2775/2483 
f 2484/2776/2484 2485/2777/2485 2486/2778/2486 2487/2779/2487 
f 2488/2780/2488 2489/2781/2489 2490/2782/2490 2491/2783/2491 
f 2492/2784/2492 2493/2785/2493 2494/2786/2494 2495/2787/2495 
f 2475/2767/2475 2496/2788/2496 2479/2771/2479 2471/2763/2471 
f 2479/2771/2479 2497/2789/2497 2477/2769/2477 
f 2489/2781/2489 2480/2772/2480 2428/2720/2428 2490/2782/2490 
f 2460/2752/2460 2459/2751/2459 2449/2741/2449 
f 2472/2764/2472 2431/2723/2431 2417/2709/2417 
f 2412/2704/2412 2414/2706/2414 2498/2790/2498 
f 2416/2708/2416 2499/2791/2499 2498/2790/2498 2414/2706/2414 
f 2443/2735/2443 2500/2792/2500 2487/2779/2487 2421/2713/2421 
f 2430/2722/2430 2418/2710/2418 2417/2709/2417 2431/2723/2431 
f 2501/2793/2501 2429/2721/2429 2481/2773/2481 2502/2794/2502 
f 2503/2795/2503 2504/2796/2504 2505/2797/2505 2506/2798/2506 
f 2507/2799/2507 2494/2786/2494 2493/2785/2493 2508/2800/2508 
f 2509/2801/2509 2510/2802/2510 2511/2803/2511 2512/2804/2512 
f 2511/2803/2511 2510/2802/2510 2513/2805/2513 2514/2806/2514 
f 2515/2807/2515 2516/2808/2516 2517/2809/2517 
f 2515/2807/2515 2518/2810/2518 2516/2808/2516 
f 2519/2811/2519 2520/2812/2520 2517/2809/2517 2516/2808/2516 
f 2519/2811/2519 2516/2808/2516 2518/2810/2518 2521/2813/2521 
f 2522/2814/2522 2523/2815/2523 2524/2816/2524 2525/2817/2525 
f 2526/2818/2526 2523/2815/2523 2522/2814/2522 2527/2819/2527 
f 2528/2820/2528 2529/2821/2529 2530/2822/2530 
f 2528/2820/2528 2531/2823/2531 2529/2821/2529 
f 2532/2824/2532 2533/2825/2533 2531/2823/2531 2528/2820/2528 
f 2534/2826/2534 2535/2827/2535 2531/2823/2531 2533/2825/2533 
f 2473/2765/2473 2536/2828/2536 2537/2829/2537 2474/2766/2474 
f 2491/2783/2491 2490/2782/2490 2500/2792/2500 2443/2735/2443 
f 2427/2719/2427 2429/2721/2429 2501/2793/2501 
f 2538/2830/2538 2484/2776/2484 2487/2779/2487 2539/2831/2539 
f 2539/2831/2539 2505/2797/2505 2504/2796/2504 2538/2830/2538 
f 2508/2800/2508 2493/2785/2493 2538/2830/2538 
f 2503/2795/2503 2507/2799/2507 2508/2800/2508 2504/2796/2504 
f 2493/2785/2493 2492/2784/2492 2540/2832/2540 2538/2830/2538 
f 2422/2714/2422 2421/2713/2421 2487/2779/2487 2486/2778/2486 
f 2488/2780/2488 2491/2783/2491 2541/2833/2541 2542/2834/2542 
f 2542/2834/2542 2541/2833/2541 2543/2835/2543 2544/2836/2544 
f 2523/2815/2523 2514/2806/2514 2524/2816/2524 
f 2446/2738/2446 2445/2737/2445 2545/2837/2545 2546/2838/2546 
f 2445/2737/2445 2547/2839/2547 2451/2743/2451 2545/2837/2545 
f 2548/2840/2548 2547/2839/2547 2450/2742/2450 2549/2841/2549 
f 2550/2842/2550 2548/2840/2548 2549/2841/2549 2551/2843/2551 
f 2476/2768/2476 2425/2717/2425 2482/2774/2482 
f 2552/2844/2552 2553/2845/2553 2510/2802/2510 2509/2801/2509 
f 2553/2845/2553 2515/2807/2515 2554/2846/2554 2510/2802/2510 
f 2555/2847/2555 2556/2848/2556 2554/2846/2554 2557/2849/2557 
f 2558/2850/2558 2555/2847/2555 2557/2849/2557 2559/2851/2559 
f 2441/2733/2441 2560/2852/2560 2561/2853/2561 2438/2730/2438 
f 2450/2742/2450 2562/2854/2562 2563/2855/2563 
f 2563/2855/2563 2562/2854/2562 2564/2856/2564 2565/2857/2565 
f 2556/2848/2556 2566/2858/2566 2567/2859/2567 
f 2566/2858/2566 2568/2860/2568 2569/2861/2569 2567/2859/2567 
f 2427/2719/2427 2500/2792/2500 2490/2782/2490 2428/2720/2428 
f 2441/2733/2441 2477/2769/2477 2497/2789/2497 2560/2852/2560 
f 2447/2739/2447 2537/2829/2537 2536/2828/2536 2444/2736/2444 
f 2570/2862/2570 2571/2863/2571 2465/2757/2465 2572/2864/2572 
f 2573/2865/2573 2571/2863/2571 2462/2754/2462 2449/2741/2449 
f 2536/2828/2536 2573/2865/2573 2449/2741/2449 2444/2736/2444 
f 2443/2735/2443 2541/2833/2541 2491/2783/2491 
f 2424/2716/2424 2423/2715/2423 2512/2804/2512 2511/2803/2511 
f 2574/2866/2574 2575/2867/2575 2530/2822/2530 2576/2868/2576 
f 2577/2869/2577 2514/2806/2514 2526/2818/2526 2576/2868/2576 
f 2577/2869/2577 2424/2716/2424 2511/2803/2511 2514/2806/2514 
f 2578/2870/2578 2579/2871/2579 2580/2872/2580 2581/2873/2581 
f 2582/2874/2582 2466/2758/2466 2536/2828/2536 
f 2443/2735/2443 2543/2835/2543 2541/2833/2541 
f 2581/2873/2581 2580/2872/2580 2582/2874/2582 2476/2768/2476 
f 2544/2836/2544 2543/2835/2543 2535/2827/2535 2534/2826/2534 
f 2483/2775/2483 2578/2870/2578 2581/2873/2581 2482/2774/2482 
f 2535/2827/2535 2543/2835/2543 2443/2735/2443 2442/2734/2442 
f 2467/2759/2467 2580/2872/2580 2579/2871/2579 2468/2760/2468 
f 2545/2837/2545 2451/2743/2451 2583/2875/2583 2584/2876/2584 
f 2583/2875/2583 2451/2743/2451 2454/2746/2454 2585/2877/2585 
f 2585/2877/2585 2454/2746/2454 2457/2749/2457 2586/2878/2586 
f 2546/2838/2546 2545/2837/2545 2584/2876/2584 2587/2879/2587 
f 2437/2729/2437 2433/2725/2433 2432/2724/2432 2434/2726/2434 
f 2588/2880/2588 2515/2807/2515 2553/2845/2553 2584/2876/2584 
f 2515/2807/2515 2588/2880/2588 2589/2881/2589 2518/2810/2518 
f 2590/2882/2590 2521/2813/2521 2518/2810/2518 2589/2881/2589 
f 2538/2830/2538 2504/2796/2504 2508/2800/2508 
f 2587/2879/2587 2584/2876/2584 2553/2845/2553 2552/2844/2552 
f 2476/2768/2476 2482/2774/2482 2581/2873/2581 
f 2583/2875/2583 2585/2877/2585 2413/2705/2413 2412/2704/2412 
f 2585/2877/2585 2586/2878/2586 2415/2707/2415 2413/2705/2413 
f 2588/2880/2588 2412/2704/2412 2498/2790/2498 2589/2881/2589 
f 2499/2791/2499 2590/2882/2590 2589/2881/2589 2498/2790/2498 
f 2548/2840/2548 2452/2744/2452 2451/2743/2451 2547/2839/2547 
f 2548/2840/2548 2550/2842/2550 2455/2747/2455 2452/2744/2452 
f 2477/2769/2477 2440/2732/2440 2435/2727/2435 
f 2517/2809/2517 2557/2849/2557 2554/2846/2554 2515/2807/2515 
f 2557/2849/2557 2517/2809/2517 2520/2812/2520 2559/2851/2559 
f 2450/2742/2450 2563/2855/2563 2549/2841/2549 
f 2563/2855/2563 2565/2857/2565 2551/2843/2551 2549/2841/2549 
f 2556/2848/2556 2555/2847/2555 2566/2858/2566 
f 2568/2860/2568 2566/2858/2566 2555/2847/2555 2558/2850/2558 
f 2450/2742/2450 2547/2839/2547 2445/2737/2445 
f 2448/2740/2448 2591/2883/2591 2562/2854/2562 2450/2742/2450 
f 2564/2856/2564 2562/2854/2562 2591/2883/2591 2592/2884/2592 
f 2513/2805/2513 2556/2848/2556 2567/2859/2567 2593/2885/2593 
f 2594/2886/2594 2593/2885/2593 2567/2859/2567 2569/2861/2569 
f 2539/2831/2539 2427/2719/2427 2501/2793/2501 2505/2797/2505 
f 2591/2883/2591 2459/2751/2459 2458/2750/2458 2592/2884/2592 
f 2449/2741/2449 2459/2751/2459 2591/2883/2591 2448/2740/2448 
f 2506/2798/2506 2505/2797/2505 2501/2793/2501 2502/2794/2502 
f 2524/2816/2524 2593/2885/2593 2594/2886/2594 2525/2817/2525 
f 2524/2816/2524 2514/2806/2514 2513/2805/2513 2593/2885/2593 
f 2463/2755/2463 2462/2754/2462 2571/2863/2571 2570/2862/2570 
f 2526/2818/2526 2527/2819/2527 2574/2866/2574 2576/2868/2576 
f 2462/2754/2462 2460/2752/2460 2449/2741/2449 
f 2526/2818/2526 2514/2806/2514 2523/2815/2523 
f 2466/2758/2466 2465/2757/2465 2571/2863/2571 2573/2865/2573 
f 2466/2758/2466 2573/2865/2573 2536/2828/2536 
f 2577/2869/2577 2576/2868/2576 2530/2822/2530 2529/2821/2529 
f 2465/2757/2465 2464/2756/2464 2469/2761/2469 2572/2864/2572 
f 2530/2822/2530 2575/2867/2575 2532/2824/2532 2528/2820/2528 
f 2478/2770/2478 2434/2726/2434 2432/2724/2432 2472/2764/2472 
f 2582/2874/2582 2580/2872/2580 2467/2759/2467 2466/2758/2466 
f 2472/2764/2472 2471/2763/2471 2478/2770/2478 
f 2529/2821/2529 2531/2823/2531 2535/2827/2535 2442/2734/2442 
f 2595/2887/2595 2596/2888/2596 2597/2889/2597 
f 2595/2887/2595 2598/2890/2598 2599/2891/2599 2596/2888/2596 
f 2600/2892/2600 2601/2893/2601 2599/2891/2599 2598/2890/2598 
f 2601/2893/2601 2600/2892/2600 2416/2894/2416 2415/2895/2415 
f 2602/2896/2602 2603/2897/2603 2604/2898/2604 2605/2899/2605 
f 2606/2900/2606 2607/2901/2607 2608/2902/2608 2609/2903/2609 
f 2603/2897/2603 2602/2896/2602 2610/2904/2610 2611/2905/2611 
f 2611/2905/2611 2612/2906/2612 2613/2907/2613 2603/2897/2603 
f 2426/2908/2426 2419/2909/2419 2613/2907/2613 2612/2906/2612 
f 2614/2910/2614 2615/2911/2615 2616/2912/2616 
f 2617/2913/2617 2618/2914/2618 2619/2915/2619 2620/2916/2620 
f 2620/2916/2620 2619/2915/2619 2621/2917/2621 2622/2918/2622 
f 2433/2919/2433 2622/2918/2622 2621/2917/2621 2430/2920/2430 
f 2623/2921/2623 2624/2922/2624 2625/2923/2625 2626/2924/2626 
f 2437/2925/2437 2436/2926/2436 2623/2921/2623 2626/2924/2626 
f 2627/2927/2627 2628/2928/2628 2629/2929/2629 2630/2930/2630 
f 2627/2927/2627 2630/2930/2630 2439/2931/2439 2438/2932/2438 
f 2631/2933/2631 2632/2934/2632 2609/2903/2609 
f 2604/2898/2604 2603/2897/2603 2613/2907/2613 2633/2935/2633 
f 2418/2936/2418 2633/2935/2633 2613/2907/2613 2419/2909/2419 
f 2634/2937/2634 2635/2938/2635 2636/2939/2636 2637/2940/2637 
f 2638/2941/2638 2636/2939/2636 2635/2938/2635 2639/2942/2639 
f 2640/2943/2640 2641/2944/2641 2642/2945/2642 
f 2643/2946/2643 2640/2943/2640 2642/2945/2642 
f 2644/2947/2644 2641/2944/2641 2640/2943/2640 2645/2948/2645 
f 2643/2946/2643 2646/2949/2646 2645/2948/2645 2640/2943/2640 
f 2647/2950/2647 2648/2951/2648 2644/2947/2644 2645/2948/2645 
f 2648/2951/2648 2647/2950/2647 2456/2952/2456 2455/2953/2455 
f 2646/2949/2646 2649/2954/2649 2647/2950/2647 2645/2948/2645 
f 2647/2950/2647 2649/2954/2649 2457/2955/2457 2456/2952/2456 
f 2650/2956/2650 2651/2957/2651 2652/2958/2652 2653/2959/2653 
f 2461/2960/2461 2653/2959/2653 2652/2958/2652 2458/2961/2458 
f 2654/2962/2654 2650/2956/2650 2653/2959/2653 2655/2963/2655 
f 2461/2960/2461 2463/2964/2463 2655/2963/2655 2653/2959/2653 
f 2656/2965/2656 2651/2957/2651 2650/2956/2650 2657/2966/2657 
f 2657/2966/2657 2650/2956/2650 2654/2962/2654 2658/2967/2658 
f 2659/2968/2659 2660/2969/2660 2661/2970/2661 
f 2662/2971/2662 2659/2968/2659 2661/2970/2661 
f 2663/2972/2663 2662/2971/2662 2661/2970/2661 2664/2973/2664 
f 2665/2974/2665 2666/2975/2666 2667/2976/2667 2668/2977/2668 
f 2602/2896/2602 2605/2899/2605 2669/2978/2669 2665/2974/2665 
f 2670/2979/2670 2667/2976/2667 2666/2975/2666 2671/2980/2671 
f 2610/2904/2610 2602/2896/2602 2665/2974/2665 2668/2977/2668 
f 2618/2914/2618 2617/2913/2617 2669/2978/2669 
f 2666/2975/2666 2672/2981/2672 2673/2982/2673 2674/2983/2674 
f 2673/2982/2673 2672/2981/2672 2675/2984/2675 2676/2985/2676 
f 2677/2986/2677 2673/2982/2673 2678/2987/2678 
f 2678/2987/2678 2629/2929/2629 2628/2928/2628 2677/2986/2677 
f 2624/2922/2624 2629/2929/2629 2678/2987/2678 2676/2985/2676 
f 2679/2988/2679 2680/2989/2680 2681/2990/2681 2682/2991/2682 
f 2480/2992/2480 2679/2988/2679 2682/2991/2682 2481/2993/2481 
f 2610/2904/2610 2683/2994/2683 2684/2995/2684 2611/2905/2611 
f 2685/2996/2685 2686/2997/2686 2687/2998/2687 2688/2999/2688 
f 2689/3000/2689 2690/3001/2690 2691/3002/2691 2692/3003/2692 
f 2489/3004/2489 2488/3005/2488 2690/3001/2690 2689/3000/2689 
f 2693/3006/2693 2694/3007/2694 2695/3008/2695 2696/3009/2696 
f 2697/3010/2697 2671/2980/2671 2666/2975/2666 2674/2983/2674 
f 2614/2910/2614 2681/2990/2681 2680/2989/2680 2615/2911/2615 
f 2692/3003/2692 2698/3011/2698 2615/2911/2615 2680/2989/2680 
f 2638/2941/2638 2656/2965/2656 2657/2966/2657 
f 2605/2899/2605 2618/2914/2618 2669/2978/2669 
f 2699/3012/2699 2595/2887/2595 2597/2889/2597 
f 2700/3013/2700 2598/2890/2598 2595/2887/2595 2699/3012/2699 
f 2701/3014/2701 2600/2892/2600 2598/2890/2598 2700/3013/2700 
f 2701/3014/2701 2499/3015/2499 2416/2894/2416 2600/2892/2600 
f 2680/2989/2680 2679/2988/2679 2689/3000/2689 2692/3003/2692 
f 2480/2992/2480 2489/3004/2489 2689/3000/2689 2679/2988/2679 
f 2702/3016/2702 2687/2998/2687 2616/2912/2616 
f 2692/3003/2692 2691/3002/2691 2703/3017/2703 2698/3011/2698 
f 2604/2898/2604 2633/2935/2633 2621/2917/2621 2619/2915/2619 
f 2633/2935/2633 2418/2936/2418 2430/2920/2430 2621/2917/2621 
f 2704/3018/2704 2705/3019/2705 2681/2990/2681 2614/2910/2614 
f 2681/2990/2681 2705/3019/2705 2706/3020/2706 2682/2991/2682 
f 2502/3021/2502 2481/2993/2481 2682/2991/2682 2706/3020/2706 
f 2707/3022/2707 2708/3023/2708 2709/3024/2709 2710/3025/2710 
f 2710/3025/2710 2503/3026/2503 2506/3027/2506 2707/3022/2707 
f 2711/3028/2711 2712/3029/2712 2696/3009/2696 2713/3030/2713 
f 2713/3030/2713 2494/3031/2494 2507/3032/2507 2711/3028/2711 
f 2604/2898/2604 2619/2915/2619 2618/2914/2618 2605/2899/2605 
f 2714/3033/2714 2715/3034/2715 2716/3035/2716 2717/3036/2717 
f 2718/3037/2718 2717/3036/2717 2716/3035/2716 2719/3038/2719 
f 2718/3037/2718 2720/3039/2720 2717/3036/2717 
f 2721/3040/2721 2722/3041/2722 2723/3042/2723 
f 2722/3041/2722 2724/3043/2724 2723/3042/2723 
f 2722/3041/2722 2721/3040/2721 2725/3044/2725 2726/3045/2726 
f 2726/3045/2726 2727/3046/2727 2724/3043/2724 2722/3041/2722 
f 2725/3044/2725 2728/3047/2728 2729/3048/2729 2726/3045/2726 
f 2728/3047/2728 2520/3049/2520 2519/3050/2519 2729/3048/2729 
f 2726/3045/2726 2729/3048/2729 2730/3051/2730 2727/3046/2727 
f 2519/3050/2519 2521/3052/2521 2730/3051/2730 2729/3048/2729 
f 2731/3053/2731 2732/3054/2732 2733/3055/2733 2734/3056/2734 
f 2522/3057/2522 2525/3058/2525 2731/3053/2731 2734/3056/2734 
f 2733/3055/2733 2735/3059/2735 2736/3060/2736 2734/3056/2734 
f 2522/3057/2522 2734/3056/2734 2736/3060/2736 2527/3061/2527 
f 2733/3055/2733 2732/3054/2732 2737/3062/2737 2738/3063/2738 
f 2739/3064/2739 2735/3059/2735 2733/3055/2733 2738/3063/2738 
f 2740/3065/2740 2632/2934/2632 2741/3066/2741 
f 2632/2934/2632 2742/3067/2742 2741/3066/2741 
f 2743/3068/2743 2744/3069/2744 2741/3066/2741 2742/3067/2742 
f 2745/3070/2745 2743/3068/2743 2746/3071/2746 2747/3072/2747 
f 2745/3070/2745 2747/3072/2747 2534/3073/2534 2533/3074/2533 
f 2748/3075/2748 2749/3076/2749 2667/2976/2667 2670/2979/2670 
f 2703/3017/2703 2750/3077/2750 2702/3016/2702 2698/3011/2698 
f 2704/3018/2704 2614/2910/2614 2616/2912/2616 
f 2687/2998/2687 2686/2997/2686 2751/3078/2751 2752/3079/2752 
f 2753/3080/2753 2754/3081/2754 2752/3079/2752 2751/3078/2751 
f 2751/3078/2751 2693/3006/2693 2755/3082/2755 
f 2712/3029/2712 2755/3082/2755 2693/3006/2693 2696/3009/2696 
f 2755/3082/2755 2712/3029/2712 2709/3024/2709 2753/3080/2753 
f 2611/2905/2611 2684/2995/2684 2756/3083/2756 2612/2906/2612 
f 2426/2908/2426 2612/2906/2612 2756/3083/2756 2483/3084/2483 
f 2751/3078/2751 2757/3085/2757 2694/3007/2694 2693/3006/2693 
f 2607/2901/2607 2688/2999/2688 2687/2998/2687 2608/2902/2608 
f 2758/3086/2758 2713/3030/2713 2696/3009/2696 2695/3008/2695 
f 2494/3031/2494 2713/3030/2713 2758/3086/2758 2495/3087/2495 
f 2686/2997/2686 2757/3085/2757 2751/3078/2751 
f 2759/3088/2759 2703/3017/2703 2691/3002/2691 2760/3089/2760 
f 2761/3090/2761 2762/3091/2762 2759/3088/2759 2760/3089/2760 
f 2737/3062/2737 2719/3038/2719 2738/3063/2738 
f 2634/2937/2634 2763/3092/2763 2764/3093/2764 2635/2938/2635 
f 2765/3094/2765 2635/2938/2635 2764/3093/2764 2642/2945/2642 
f 2766/3095/2766 2767/3096/2767 2765/3094/2765 2768/3097/2768 
f 2768/3097/2768 2769/3098/2769 2770/3099/2770 2766/3095/2766 
f 2771/3100/2771 2772/3101/2772 2770/3099/2770 2769/3098/2769 
f 2551/3102/2551 2772/3101/2772 2771/3100/2771 2550/3103/2550 
f 2683/2994/2683 2610/2904/2610 2668/2977/2668 
f 2773/3104/2773 2774/3105/2774 2714/3033/2714 2717/3036/2717 
f 2775/3106/2775 2723/3042/2723 2773/3104/2773 2717/3036/2717 
f 2776/3107/2776 2777/3108/2777 2775/3106/2775 2720/3039/2720 
f 2778/3109/2778 2779/3110/2779 2777/3108/2777 2776/3107/2776 
f 2779/3110/2779 2778/3109/2778 2780/3111/2780 2781/3112/2781 
f 2558/3113/2558 2559/3114/2559 2781/3112/2781 2780/3111/2780 
f 2628/2928/2628 2782/3115/2782 2783/3116/2783 2677/2986/2677 
f 2690/3001/2690 2784/3117/2784 2760/3089/2760 2691/3002/2691 
f 2488/3005/2488 2542/3118/2542 2784/3117/2784 2690/3001/2690 
f 2785/3119/2785 2786/3120/2786 2767/3096/2767 
f 2786/3120/2786 2785/3119/2785 2787/3121/2787 2788/3122/2788 
f 2787/3121/2787 2789/3123/2789 2790/3124/2790 2788/3122/2788 
f 2564/3125/2564 2790/3124/2790 2789/3123/2789 2565/3126/2565 
f 2791/3127/2791 2792/3128/2792 2720/3039/2720 
f 2793/3129/2793 2792/3128/2792 2791/3127/2791 2794/3130/2794 
f 2794/3130/2794 2795/3131/2795 2796/3132/2796 2793/3129/2793 
f 2795/3131/2795 2569/3133/2569 2568/3134/2568 2796/3132/2796 
f 2615/2911/2615 2698/3011/2698 2702/3016/2702 2616/2912/2616 
f 2783/3116/2783 2797/3135/2797 2673/2982/2673 2677/2986/2677 
f 2637/2940/2637 2636/2939/2636 2749/3076/2749 2748/3075/2748 
f 2798/3136/2798 2799/3137/2799 2800/3138/2800 2801/3139/2801 
f 2572/3140/2572 2801/3139/2801 2800/3138/2800 2570/3141/2570 
f 2802/3142/2802 2799/3137/2799 2798/3136/2798 2660/2969/2660 
f 2658/2967/2658 2802/3142/2802 2803/3143/2803 2638/2941/2638 
f 2638/2941/2638 2803/3143/2803 2749/3076/2749 2636/2939/2636 
f 2703/3017/2703 2759/3088/2759 2750/3077/2750 
f 2782/3115/2782 2628/2928/2628 2627/2927/2627 2804/3144/2804 
f 2438/2932/2438 2561/3145/2561 2804/3144/2804 2627/2927/2627 
f 2715/3034/2715 2606/2900/2606 2609/2903/2609 2716/3035/2716 
f 2805/3146/2805 2806/3147/2806 2807/3148/2807 2808/3149/2808 
f 2808/3149/2808 2807/3148/2807 2575/3150/2575 2574/3151/2574 
f 2809/3152/2809 2740/3065/2740 2806/3147/2806 2805/3146/2805 
f 2739/3064/2739 2719/3038/2719 2810/3153/2810 2809/3152/2809 
f 2609/2903/2609 2810/3153/2810 2719/3038/2719 2716/3035/2716 
f 2811/3154/2811 2812/3155/2812 2813/3156/2813 2814/3157/2814 
f 2578/3158/2578 2813/3156/2813 2812/3155/2812 2579/3159/2579 
f 2667/2976/2667 2749/3076/2749 2815/3160/2815 2668/2977/2668 
f 2759/3088/2759 2762/3091/2762 2750/3077/2750 
f 2815/3160/2815 2816/3161/2816 2817/3162/2817 2668/2977/2668 
f 2818/3163/2818 2747/3072/2747 2746/3071/2746 2761/3090/2761 
f 2534/3073/2534 2747/3072/2747 2818/3163/2818 2544/3164/2544 
f 2683/2994/2683 2817/3162/2817 2814/3157/2814 2684/2995/2684 
f 2814/3157/2814 2817/3162/2817 2816/3161/2816 2811/3154/2811 
f 2819/3165/2819 2631/2933/2631 2750/3077/2750 2762/3091/2762 
f 2761/3090/2761 2760/3089/2760 2784/3117/2784 2818/3163/2818 
f 2544/3164/2544 2818/3163/2818 2784/3117/2784 2542/3118/2542 
f 2820/3166/2820 2812/3155/2812 2811/3154/2811 2663/2972/2663 
f 2579/3159/2579 2812/3155/2812 2820/3166/2820 2468/3167/2468 
f 2764/3093/2764 2821/3168/2821 2822/3169/2822 2642/2945/2642 
f 2823/3170/2823 2643/2946/2643 2642/2945/2642 2822/3169/2822 
f 2824/3171/2824 2646/2949/2646 2643/2946/2643 2823/3170/2823 
f 2824/3171/2824 2825/3172/2825 2649/2954/2649 2646/2949/2646 
f 2586/3173/2586 2457/2955/2457 2649/2954/2649 2825/3172/2825 
f 2753/3080/2753 2709/3024/2709 2708/3023/2708 2754/3081/2754 
f 2763/3092/2763 2826/3174/2826 2821/3168/2821 2764/3093/2764 
f 2625/2923/2625 2675/2984/2675 2617/2913/2617 2620/2916/2620 
f 2723/3042/2723 2827/3175/2827 2821/3168/2821 2773/3104/2773 
f 2724/3043/2724 2828/3176/2828 2827/3175/2827 2723/3042/2723 
f 2829/3177/2829 2828/3176/2828 2724/3043/2724 2727/3046/2727 
f 2730/3051/2730 2830/3178/2830 2829/3177/2829 2727/3046/2727 
f 2521/3052/2521 2590/3179/2590 2830/3178/2830 2730/3051/2730 
f 2755/3082/2755 2753/3080/2753 2751/3078/2751 
f 2821/3168/2821 2826/3174/2826 2774/3105/2774 2773/3104/2773 
f 2817/3162/2817 2683/2994/2683 2668/2977/2668 
f 2711/3028/2711 2710/3025/2710 2709/3024/2709 2712/3029/2712 
f 2710/3025/2710 2711/3028/2711 2507/3032/2507 2503/3026/2503 
f 2821/3168/2821 2597/2889/2597 2822/3169/2822 
f 2822/3169/2822 2597/2889/2597 2596/2888/2596 2823/3170/2823 
f 2596/2888/2596 2599/2891/2599 2824/3171/2824 2823/3170/2823 
f 2824/3171/2824 2599/2891/2599 2601/2893/2601 2825/3172/2825 
f 2601/2893/2601 2415/2895/2415 2586/3173/2586 2825/3172/2825 
f 2756/3083/2756 2684/2995/2684 2814/3157/2814 2813/3156/2813 
f 2756/3083/2756 2813/3156/2813 2578/3158/2578 2483/3084/2483 
f 2624/2922/2624 2676/2985/2676 2675/2984/2675 2625/2923/2625 
f 2821/3168/2821 2827/3175/2827 2597/2889/2597 
f 2828/3176/2828 2699/3012/2699 2597/2889/2597 2827/3175/2827 
f 2699/3012/2699 2828/3176/2828 2829/3177/2829 2700/3013/2700 
f 2701/3014/2701 2700/3013/2700 2829/3177/2829 2830/3178/2830 
f 2590/3179/2590 2499/3015/2499 2701/3014/2701 2830/3178/2830 
f 2765/3094/2765 2642/2945/2642 2641/2944/2641 2768/3097/2768 
f 2641/2944/2641 2644/2947/2644 2769/3098/2769 2768/3097/2768 
f 2769/3098/2769 2644/2947/2644 2648/2951/2648 2771/3100/2771 
f 2455/2953/2455 2550/3103/2550 2771/3100/2771 2648/2951/2648 
f 2676/2985/2676 2678/2987/2678 2673/2982/2673 
f 2746/3071/2746 2819/3165/2819 2762/3091/2762 2761/3090/2761 
f 2777/3108/2777 2721/3040/2721 2723/3042/2723 2775/3106/2775 
f 2777/3108/2777 2779/3110/2779 2725/3044/2725 2721/3040/2721 
f 2781/3112/2781 2728/3047/2728 2725/3044/2725 2779/3110/2779 
f 2781/3112/2781 2559/3114/2559 2520/3049/2520 2728/3047/2728 
f 2623/2921/2623 2630/2930/2630 2629/2929/2629 2624/2922/2624 
f 2623/2921/2623 2436/2926/2436 2439/2931/2439 2630/2930/2630 
f 2620/2916/2620 2622/2918/2622 2626/2924/2626 2625/2923/2625 
f 2622/2918/2622 2433/2919/2433 2437/2925/2437 2626/2924/2626 
f 2766/3095/2766 2785/3119/2785 2767/3096/2767 
f 2766/3095/2766 2770/3099/2770 2787/3121/2787 2785/3119/2785 
f 2787/3121/2787 2770/3099/2770 2772/3101/2772 2789/3123/2789 
f 2789/3123/2789 2772/3101/2772 2551/3102/2551 2565/3126/2565 
f 2792/3128/2792 2776/3107/2776 2720/3039/2720 
f 2793/3129/2793 2778/3109/2778 2776/3107/2776 2792/3128/2792 
f 2796/3132/2796 2780/3111/2780 2778/3109/2778 2793/3129/2793 
f 2780/3111/2780 2796/3132/2796 2568/3134/2568 2558/3113/2558 
f 2717/3036/2717 2720/3039/2720 2775/3106/2775 
f 2831/3180/2831 2639/2942/2639 2767/3096/2767 2786/3120/2786 
f 2788/3122/2788 2832/3181/2832 2831/3180/2831 2786/3120/2786 
f 2790/3124/2790 2833/3182/2833 2832/3181/2832 2788/3122/2788 
f 2592/3183/2592 2833/3182/2833 2790/3124/2790 2564/3125/2564 
f 2834/3184/2834 2791/3127/2791 2720/3039/2720 2718/3037/2718 
f 2791/3127/2791 2834/3184/2834 2835/3185/2835 2794/3130/2794 
f 2835/3185/2835 2836/3186/2836 2795/3131/2795 2794/3130/2794 
f 2795/3131/2795 2836/3186/2836 2594/3187/2594 2569/3133/2569 
f 2616/2912/2616 2752/3079/2752 2754/3081/2754 2704/3018/2704 
f 2837/3188/2837 2820/3166/2820 2663/2972/2663 2664/2973/2664 
f 2468/3167/2468 2820/3166/2820 2837/3188/2837 2469/3189/2469 
f 2616/2912/2616 2687/2998/2687 2752/3079/2752 
f 2832/3181/2832 2833/3182/2833 2652/2958/2652 2651/2957/2651 
f 2592/3183/2592 2458/2961/2458 2652/2958/2652 2833/3182/2833 
f 2832/3181/2832 2651/2957/2651 2656/2965/2656 2831/3180/2831 
f 2831/3180/2831 2656/2965/2656 2638/2941/2638 2639/2942/2639 
f 2706/3020/2706 2705/3019/2705 2708/3023/2708 2707/3022/2707 
f 2706/3020/2706 2707/3022/2707 2506/3027/2506 2502/3021/2502 
f 2731/3053/2731 2836/3186/2836 2835/3185/2835 2732/3054/2732 
f 2731/3053/2731 2525/3058/2525 2594/3187/2594 2836/3186/2836 
f 2732/3054/2732 2835/3185/2835 2834/3184/2834 2737/3062/2737 
f 2737/3062/2737 2834/3184/2834 2718/3037/2718 2719/3038/2719 
f 2655/2963/2655 2800/3138/2800 2799/3137/2799 2654/2962/2654 
f 2570/3141/2570 2800/3138/2800 2655/2963/2655 2463/2964/2463 
f 2802/3142/2802 2658/2967/2658 2654/2962/2654 2799/3137/2799 
f 2805/3146/2805 2808/3149/2808 2736/3060/2736 2735/3059/2735 
f 2736/3060/2736 2808/3149/2808 2574/3151/2574 2527/3061/2527 
f 2739/3064/2739 2809/3152/2809 2805/3146/2805 2735/3059/2735 
f 2638/2941/2638 2657/2966/2657 2658/2967/2658 
f 2738/3063/2738 2719/3038/2719 2739/3064/2739 
f 2743/3068/2743 2745/3070/2745 2838/3190/2838 2744/3069/2744 
f 2533/3074/2533 2532/3191/2532 2838/3190/2838 2745/3070/2745 
f 2754/3081/2754 2708/3023/2708 2705/3019/2705 2704/3018/2704 
f 2659/2968/2659 2803/3143/2803 2802/3142/2802 2660/2969/2660 
f 2742/3067/2742 2819/3165/2819 2746/3071/2746 2743/3068/2743 
f 2810/3153/2810 2632/2934/2632 2740/3065/2740 2809/3152/2809 
f 2632/2934/2632 2810/3153/2810 2609/2903/2609 
f 2664/2973/2664 2798/3136/2798 2801/3139/2801 2837/3188/2837 
f 2801/3139/2801 2572/3140/2572 2469/3189/2469 2837/3188/2837 
f 2660/2969/2660 2798/3136/2798 2664/2973/2664 2661/2970/2661 
f 2807/3148/2807 2806/3147/2806 2744/3069/2744 2838/3190/2838 
f 2838/3190/2838 2532/3191/2532 2575/3150/2575 2807/3148/2807 
f 2744/3069/2744 2806/3147/2806 2740/3065/2740 2741/3066/2741 
f 2617/2913/2617 2675/2984/2675 2672/2981/2672 2669/2978/2669 
f 2659/2968/2659 2662/2971/2662 2816/3161/2816 2815/3160/2815 
f 2663/2972/2663 2811/3154/2811 2816/3161/2816 2662/2971/2662 
f 2631/2933/2631 2819/3165/2819 2742/3067/2742 2632/2934/2632 
f 2839/3192/2839 2840/3193/2840 2841/3194/2841 2842/3195/2842 
f 2843/3196/2843 2844/3197/2844 2841/3194/2841 2840/3193/2840 
f 2845/3198/2845 2846/3199/2846 2847/3200/2847 
f 2845/3198/2845 2847/3200/2847 2848/3201/2848 
f 2846/3199/2846 2849/3202/2849 2850/3203/2850 2847/3200/2847 
f 2850/3203/2850 2851/3204/2851 2848/3201/2848 2847/3200/2847 
f 2852/3205/2852 2853/3206/2853 2854/3207/2854 2855/3208/2855 
f 2856/3209/2856 2850/3203/2850 2849/3202/2849 2857/3210/2857 
f 2858/3211/2858 2859/3212/2859 2860/3213/2860 2861/3214/2861 
f 2839/3192/2839 2862/3215/2862 2858/3211/2858 2861/3214/2861 
f 2863/3216/2863 2860/3213/2860 2864/3217/2864 
f 2864/3217/2864 2843/3196/2843 2840/3193/2840 2863/3216/2863 
f 2865/3218/2865 2866/3219/2866 2867/3220/2867 2868/3221/2868 
f 2869/3222/2869 2868/3221/2868 2867/3220/2867 2870/3223/2870 
f 2871/3224/2871 2872/3225/2872 2873/3226/2873 2874/3227/2874 
f 2872/3225/2872 2871/3224/2871 2875/3228/2875 2876/3229/2876 
f 2876/3229/2876 2877/3230/2877 2878/3231/2878 2872/3225/2872 
f 2879/3232/2879 2880/3233/2880 2881/3234/2881 2882/3235/2882 
f 2880/3233/2880 2879/3232/2879 2883/3236/2883 2884/3237/2884 
f 2884/3237/2884 2883/3236/2883 2885/3238/2885 
f 2886/3239/2886 2887/3240/2887 2888/3241/2888 2889/3242/2889 
f 2890/3243/2890 2887/3240/2887 2891/3244/2891 2892/3245/2892 
f 2893/3246/2893 2894/3247/2894 2895/3248/2895 2896/3249/2896 
f 2894/3247/2894 2897/3250/2897 2898/3251/2898 2899/3252/2899 
f 2895/3248/2895 2894/3247/2894 2899/3252/2899 2900/3253/2900 
f 2901/3254/2901 2902/3255/2902 2903/3256/2903 2904/3257/2904 
f 2905/3258/2905 2906/3259/2906 2902/3255/2902 2907/3260/2907 
f 2906/3259/2906 2908/3261/2908 2903/3256/2903 2902/3255/2902 
f 2909/3262/2909 2910/3263/2910 2899/3252/2899 2898/3251/2898 
f 2911/3264/2911 2912/3265/2912 2913/3266/2913 2914/3267/2914 
f 2913/3266/2913 2912/3265/2912 2896/3249/2896 
f 2901/3254/2901 2904/3257/2904 2914/3267/2914 2913/3266/2913 
f 2912/3265/2912 2911/3264/2911 2915/3268/2915 2916/3269/2916 
f 2912/3265/2912 2916/3269/2916 2917/3270/2917 2918/3271/2918 
f 2919/3272/2919 2920/3273/2920 2890/3243/2890 2921/3274/2921 
f 2922/3275/2922 2923/3276/2923 2924/3277/2924 2925/3278/2925 
f 2870/3223/2870 2926/3279/2926 2927/3280/2927 2869/3222/2869 
f 2928/3281/2928 2929/3282/2929 2930/3283/2930 2931/3284/2931 
f 2932/3285/2932 2933/3286/2933 2931/3284/2931 2930/3283/2930 
f 2934/3287/2934 2935/3288/2935 2936/3289/2936 
f 2934/3287/2934 2937/3290/2937 2935/3288/2935 
f 2938/3291/2938 2939/3292/2939 2936/3289/2936 2935/3288/2935 
f 2938/3291/2938 2935/3288/2935 2937/3290/2937 2886/3239/2886 
f 2940/3293/2940 2941/3294/2941 2942/3295/2942 2865/3218/2865 
f 2943/3296/2943 2944/3297/2944 2939/3292/2939 2938/3291/2938 
f 2945/3298/2945 2946/3299/2946 2947/3300/2947 2948/3301/2948 
f 2949/3302/2949 2928/3281/2928 2947/3300/2947 2946/3299/2946 
f 2950/3303/2950 2951/3304/2951 2948/3301/2948 
f 2951/3304/2951 2950/3303/2950 2931/3284/2931 2933/3286/2933 
f 2952/3305/2952 2953/3306/2953 2853/3206/2853 2954/3307/2954 
f 2952/3305/2952 2954/3307/2954 2955/3308/2955 2956/3309/2956 
f 2957/3310/2957 2958/3311/2958 2959/3312/2959 2960/3313/2960 
f 2961/3314/2961 2958/3311/2958 2957/3310/2957 2962/3315/2962 
f 2962/3315/2962 2957/3310/2957 2963/3316/2963 2964/3317/2964 
f 2965/3318/2965 2881/3234/2881 2880/3233/2880 2966/3319/2966 
f 2967/3320/2967 2966/3319/2966 2880/3233/2880 2884/3237/2884 
f 2884/3237/2884 2885/3238/2885 2967/3320/2967 
f 2968/3321/2968 2892/3245/2892 2891/3244/2891 2969/3322/2969 
f 2969/3322/2969 2970/3323/2970 2926/3279/2926 2968/3321/2968 
f 2971/3324/2971 2972/3325/2972 2973/3326/2973 2974/3327/2974 
f 2975/3328/2975 2976/3329/2976 2973/3326/2973 2977/3330/2977 
f 2978/3331/2978 2977/3330/2977 2973/3326/2973 2972/3325/2972 
f 2979/3332/2979 2980/3333/2980 2981/3334/2981 2982/3335/2982 
f 2983/3336/2983 2982/3335/2982 2984/3337/2984 2985/3338/2985 
f 2981/3334/2981 2986/3339/2986 2984/3337/2984 2982/3335/2982 
f 2977/3330/2977 2987/3340/2987 2988/3341/2988 2975/3328/2975 
f 2989/3342/2989 2990/3343/2990 2991/3344/2991 2992/3345/2992 
f 2992/3345/2992 2971/3324/2971 2989/3342/2989 
f 2992/3345/2992 2991/3344/2991 2980/3333/2980 2979/3332/2979 
f 2993/3346/2993 2994/3347/2994 2990/3343/2990 2989/3342/2989 
f 2995/3348/2995 2993/3346/2993 2989/3342/2989 2996/3349/2996 
f 2997/3350/2997 2998/3351/2998 2999/3352/2999 3000/3353/3000 
f 3001/3354/3001 3002/3355/3002 3003/3356/3003 3004/3357/3004 
f 2956/3309/2956 2955/3308/2955 3005/3358/3005 3006/3359/3006 
f 3007/3360/3007 3008/3361/3008 2896/3249/2896 
f 3009/3362/3009 2907/3260/2907 3008/3361/3008 3007/3360/3007 
f 3009/3362/3009 2900/3253/2900 3010/3363/3010 3011/3364/3011 
f 3012/3365/3012 2971/3324/2971 3013/3366/3013 
f 3012/3365/3012 3013/3366/3013 2983/3336/2983 3014/3367/3014 
f 3014/3367/3014 3015/3368/3015 3016/3369/3016 2978/3331/2978 
f 3017/3370/3017 3018/3371/3018 2897/3250/2897 
f 3019/3372/3019 2851/3204/2851 3020/3373/3020 3021/3374/3021 
f 3000/3353/3000 3022/3375/3022 3023/3376/3023 3019/3372/3019 
f 3024/3377/3024 2976/3329/2976 3025/3378/3025 
f 3026/3379/3026 3023/3376/3023 3022/3375/3022 3027/3380/3027 
f 3027/3380/3027 3006/3359/3006 3028/3381/3028 3026/3379/3026 
f 2918/3271/2918 2917/3270/2917 3029/3382/3029 3030/3383/3030 
f 3031/3384/3031 3032/3385/3032 3033/3386/3033 3034/3387/3034 
f 3032/3385/3032 3031/3384/3031 3035/3388/3035 3036/3389/3036 
f 3035/3388/3035 3017/3370/3017 3037/3390/3037 3036/3389/3036 
f 3030/3383/3030 3037/3390/3037 3017/3370/3017 2918/3271/2918 
f 3029/3382/3029 2995/3348/2995 2996/3349/2996 3030/3383/3030 
f 3038/3391/3038 3039/3392/3039 3040/3393/3040 3041/3394/3041 
f 3042/3395/3042 3043/3396/3043 3038/3391/3038 3041/3394/3041 
f 3043/3396/3043 3042/3395/3042 3044/3397/3044 3024/3377/3024 
f 2996/3349/2996 3024/3377/3024 3044/3397/3044 3030/3383/3030 
f 3045/3398/3045 3046/3399/3046 3047/3400/3047 2921/3274/2921 
f 2968/3321/2968 3046/3399/3046 3045/3398/3045 
f 3048/3401/3048 3049/3402/3049 2874/3227/2874 3050/3403/3050 
f 3051/3404/3051 2999/3352/2999 3052/3405/3052 3053/3406/3053 
f 3027/3380/3027 3051/3404/3051 3053/3406/3053 
f 3054/3407/3054 3055/3408/3055 2959/3312/2959 3056/3409/3056 
f 3057/3410/3057 3058/3411/3058 3050/3403/3050 3059/3412/3059 
f 2878/3231/2878 3060/3413/3060 3057/3410/3057 3059/3412/3059 
f 3061/3414/3061 3062/3415/3062 3047/3400/3047 2866/3219/2866 
f 2923/3276/2923 3050/3403/3050 3058/3411/3058 
f 3063/3416/3063 3064/3417/3064 3065/3418/3065 3055/3408/3055 
f 3065/3418/3065 3064/3417/3064 3066/3419/3066 2963/3316/2963 
f 2953/3306/2953 3052/3405/3052 3067/3420/3067 3068/3421/3068 
f 3002/3355/3002 3063/3416/3063 3055/3408/3055 
f 3069/3422/3069 3070/3423/3070 3071/3424/3071 3072/3425/3072 
f 3072/3425/3072 3071/3424/3071 3073/3426/3073 3074/3427/3074 
f 2914/3267/2914 3070/3423/3070 3069/3422/3069 
f 3075/3428/3075 3076/3429/3076 3077/3430/3077 3078/3431/3078 
f 3078/3431/3078 3077/3430/3077 3079/3432/3079 3080/3433/3080 
f 2991/3344/2991 3076/3429/3076 3075/3428/3075 
f 3046/3399/3046 2867/3220/2867 2866/3219/2866 3047/3400/3047 
f 2870/3223/2870 2867/3220/2867 3046/3399/3046 2968/3321/2968 
f 2926/3279/2926 2870/3223/2870 2968/3321/2968 
f 3053/3406/3053 3052/3405/3052 2953/3306/2953 2952/3305/2952 
f 2956/3309/2956 3027/3380/3027 3053/3406/3053 2952/3305/2952 
f 3006/3359/3006 3027/3380/3027 2956/3309/2956 
f 2919/3272/2919 2921/3274/2921 3047/3400/3047 3062/3415/3062 
f 3067/3420/3067 3052/3405/3052 2999/3352/2999 2998/3351/2998 
f 3005/3358/3005 3081/3434/3081 3082/3435/3082 3006/3359/3006 
f 3068/3421/3068 2854/3207/2854 2853/3206/2853 2953/3306/2953 
f 2868/3221/2868 2940/3293/2940 2865/3218/2865 
f 3083/3436/3083 2927/3280/2927 2926/3279/2926 3084/3437/3084 
f 2866/3219/2866 2865/3218/2865 2942/3295/2942 3061/3414/3061 
f 2954/3307/2954 2853/3206/2853 2852/3205/2852 
f 2892/3245/2892 3045/3398/3045 2921/3274/2921 2890/3243/2890 
f 2887/3240/2887 2890/3243/2890 2920/3273/2920 2888/3241/2888 
f 3084/3437/3084 2926/3279/2926 2970/3323/2970 3085/3438/3085 
f 2968/3321/2968 3045/3398/3045 2892/3245/2892 
f 3021/3374/3021 2997/3350/2997 3000/3353/3000 3019/3372/3019 
f 3028/3381/3028 3006/3359/3006 3082/3435/3082 3086/3439/3086 
f 3051/3404/3051 3022/3375/3022 3000/3353/3000 2999/3352/2999 
f 3027/3380/3027 3022/3375/3022 3051/3404/3051 
f 3028/3381/3028 2845/3198/2845 3026/3379/3026 
f 3023/3376/3023 3026/3379/3026 2845/3198/2845 2848/3201/2848 
f 3023/3376/3023 2848/3201/2848 2851/3204/2851 3019/3372/3019 
f 2938/3291/2938 2886/3239/2886 2889/3242/2889 2943/3296/2943 
f 2970/3323/2970 2969/3322/2969 2934/3287/2934 
f 2937/3290/2937 2934/3287/2934 2969/3322/2969 2891/3244/2891 
f 2891/3244/2891 2887/3240/2887 2886/3239/2886 2937/3290/2937 
f 2851/3204/2851 2850/3203/2850 2856/3209/2856 3020/3373/3020 
f 3028/3381/3028 2859/3212/2859 2845/3198/2845 
f 2858/3211/2858 2846/3199/2846 2845/3198/2845 2859/3212/2859 
f 2846/3199/2846 2858/3211/2858 2862/3215/2862 2849/3202/2849 
f 2857/3210/2857 2849/3202/2849 2862/3215/2862 3087/3440/3087 
f 2970/3323/2970 2934/3287/2934 2945/3298/2945 
f 2946/3299/2946 2945/3298/2945 2934/3287/2934 2936/3289/2936 
f 2946/3299/2946 2936/3289/2936 2939/3292/2939 2949/3302/2949 
f 2944/3297/2944 3088/3441/3088 2949/3302/2949 2939/3292/2939 
f 2862/3215/2862 2839/3192/2839 2842/3195/2842 3087/3440/3087 
f 2861/3214/2861 2860/3213/2860 2863/3216/2863 
f 2839/3192/2839 2861/3214/2861 2863/3216/2863 2840/3193/2840 
f 3086/3439/3086 2925/3278/2925 2924/3277/2924 3028/3381/3028 
f 2860/3213/2860 2859/3212/2859 3028/3381/3028 2924/3277/2924 
f 2929/3282/2929 2928/3281/2928 2949/3302/2949 3088/3441/3088 
f 2947/3300/2947 2950/3303/2950 2948/3301/2948 
f 2928/3281/2928 2931/3284/2931 2950/3303/2950 2947/3300/2947 
f 3085/3438/3085 2970/3323/2970 3001/3354/3001 3004/3357/3004 
f 2970/3323/2970 2945/3298/2945 2948/3301/2948 3001/3354/3001 
f 3089/3442/3089 2844/3197/2844 2843/3196/2843 3060/3413/3060 
f 3057/3410/3057 2864/3217/2864 2860/3213/2860 3058/3411/3058 
f 3060/3413/3060 2843/3196/2843 2864/3217/2864 3057/3410/3057 
f 2860/3213/2860 2924/3277/2924 2923/3276/2923 3058/3411/3058 
f 2932/3285/2932 3090/3443/3090 3066/3419/3066 2933/3286/2933 
f 2951/3304/2951 3064/3417/3064 3063/3416/3063 2948/3301/2948 
f 3064/3417/3064 2951/3304/2951 2933/3286/2933 3066/3419/3066 
f 3002/3355/3002 3001/3354/3001 2948/3301/2948 3063/3416/3063 
f 2878/3231/2878 2877/3230/2877 3089/3442/3089 3060/3413/3060 
f 3090/3443/3090 2964/3317/2964 2963/3316/2963 3066/3419/3066 
f 3059/3412/3059 3050/3403/3050 2873/3226/2873 
f 2872/3225/2872 2878/3231/2878 3059/3412/3059 2873/3226/2873 
f 3065/3418/3065 2960/3313/2960 3055/3408/3055 
f 3065/3418/3065 2963/3316/2963 2957/3310/2957 2960/3313/2960 
f 3091/3444/3091 2871/3224/2871 2874/3227/2874 3049/3402/3049 
f 3091/3444/3091 3092/3445/3092 2875/3228/2875 2871/3224/2871 
f 2923/3276/2923 3048/3401/3048 3050/3403/3050 
f 3093/3446/3093 3056/3409/3056 2959/3312/2959 2958/3311/2958 
f 2961/3314/2961 3094/3447/3094 3093/3446/3093 2958/3311/2958 
f 3002/3355/3002 3055/3408/3055 3054/3407/3054 
f 3050/3403/3050 2874/3227/2874 2873/3226/2873 
f 3055/3408/3055 2960/3313/2960 2959/3312/2959 
f 3072/3425/3072 3091/3444/3091 3049/3402/3049 3069/3422/3069 
f 3092/3445/3092 3091/3444/3091 3072/3425/3072 3074/3427/3074 
f 2914/3267/2914 3048/3401/3048 2923/3276/2923 2911/3264/2911 
f 3069/3422/3069 3049/3402/3049 3048/3401/3048 2914/3267/2914 
f 2915/3268/2915 2911/3264/2911 2923/3276/2923 2922/3275/2922 
f 3093/3446/3093 3077/3430/3077 3076/3429/3076 3056/3409/3056 
f 3079/3432/3079 3077/3430/3077 3093/3446/3093 3094/3447/3094 
f 3054/3407/3054 2991/3344/2991 2990/3343/2990 3002/3355/3002 
f 3076/3429/3076 2991/3344/2991 3054/3407/3054 3056/3409/3056 
f 2994/3347/2994 3003/3356/3003 3002/3355/3002 2990/3343/2990 
f 3070/3423/3070 2904/3257/2904 2903/3256/2903 3071/3424/3071 
f 2903/3256/2903 2908/3261/2908 3073/3426/3073 3071/3424/3071 
f 2914/3267/2914 2904/3257/2904 3070/3423/3070 
f 3075/3428/3075 3078/3431/3078 2981/3334/2981 2980/3333/2980 
f 2981/3334/2981 3078/3431/3078 3080/3433/3080 2986/3339/2986 
f 2991/3344/2991 3075/3428/3075 2980/3333/2980 
f 3011/3364/3011 2905/3258/2905 2907/3260/2907 3009/3362/3009 
f 3014/3367/3014 2983/3336/2983 2985/3338/2985 3015/3368/3015 
f 2901/3254/2901 2913/3266/2913 2896/3249/2896 3008/3361/3008 
f 3008/3361/3008 2907/3260/2907 2902/3255/2902 2901/3254/2901 
f 2992/3345/2992 2979/3332/2979 3013/3366/3013 2971/3324/2971 
f 2983/3336/2983 3013/3366/3013 2979/3332/2979 2982/3335/2982 
f 2895/3248/2895 3007/3360/3007 2896/3249/2896 
f 2900/3253/2900 3009/3362/3009 3007/3360/3007 2895/3248/2895 
f 2972/3325/2972 2971/3324/2971 3012/3365/3012 
f 3012/3365/3012 3014/3367/3014 2978/3331/2978 2972/3325/2972 
f 2900/3253/2900 2899/3252/2899 2910/3263/2910 3010/3363/3010 
f 2896/3249/2896 2912/3265/2912 2893/3246/2893 
f 3016/3369/3016 2987/3340/2987 2977/3330/2977 2978/3331/2978 
f 2971/3324/2971 2974/3327/2974 2989/3342/2989 
f 3095/3448/3095 2898/3251/2898 2897/3250/2897 3018/3371/3018 
f 2898/3251/2898 3095/3448/3095 3096/3449/3096 2909/3262/2909 
f 2976/3329/2976 2975/3328/2975 3097/3450/3097 3025/3378/3025 
f 3097/3450/3097 2975/3328/2975 2988/3341/2988 3098/3451/3098 
f 3017/3370/3017 2893/3246/2893 2912/3265/2912 2918/3271/2918 
f 3017/3370/3017 2897/3250/2897 2894/3247/2894 2893/3246/2893 
f 2989/3342/2989 2974/3327/2974 3024/3377/3024 2996/3349/2996 
f 2976/3329/2976 3024/3377/3024 2974/3327/2974 2973/3326/2973 
f 3034/3387/3034 3096/3449/3096 3095/3448/3095 3031/3384/3031 
f 3018/3371/3018 3035/3388/3035 3031/3384/3031 3095/3448/3095 
f 3035/3388/3035 3018/3371/3018 3017/3370/3017 
f 3097/3450/3097 3098/3451/3098 3039/3392/3039 3038/3391/3038 
f 3043/3396/3043 3025/3378/3025 3097/3450/3097 3038/3391/3038 
f 3043/3396/3043 3024/3377/3024 3025/3378/3025 
f 2882/3235/2882 3033/3386/3033 3032/3385/3032 2879/3232/2879 
f 2883/3236/2883 2879/3232/2879 3032/3385/3032 3036/3389/3036 
f 2885/3238/2885 2883/3236/2883 3036/3389/3036 3037/3390/3037 
f 2885/3238/2885 3037/3390/3037 3030/3383/3030 
f 3040/3393/3040 2965/3318/2965 2966/3319/2966 3041/3394/3041 
f 3041/3394/3041 2966/3319/2966 2967/3320/2967 3042/3395/3042 
f 3044/3397/3044 3042/3395/3042 2967/3320/2967 2885/3238/2885 
f 2885/3238/2885 3030/3383/3030 3044/3397/3044 
f 3099/3452/3099 2842/3453/2842 2841/3454/2841 3100/3455/3100 
f 3100/3455/3100 2841/3454/2841 2844/3456/2844 3101/3457/3101 
f 2855/3458/2855 2854/3459/2854 3102/3460/3102 3103/3461/3103 
f 2856/3462/2856 2857/3463/2857 3104/3464/3104 3105/3465/3105 
f 2875/3466/2875 3106/3467/3106 3107/3468/3107 2876/3469/2876 
f 3107/3468/3107 3108/3470/3108 2877/3471/2877 2876/3469/2876 
f 3109/3472/3109 2882/3473/2882 2881/3474/2881 3110/3475/3110 
f 2888/3476/2888 3111/3477/3111 3112/3478/3112 2889/3479/2889 
f 2906/3480/2906 2905/3481/2905 3113/3482/3113 3114/3483/3114 
f 3115/3484/3115 2908/3485/2908 2906/3480/2906 3114/3483/3114 
f 3116/3486/3116 2910/3487/2910 2909/3488/2909 3117/3489/3117 
f 2919/3490/2919 3118/3491/3118 3119/3492/3119 2920/3493/2920 
f 2929/3494/2929 3120/3495/3120 3121/3496/3121 2930/3497/2930 
f 2930/3497/2930 3121/3496/3121 3122/3498/3122 2932/3499/2932 
f 3123/3500/3123 2942/3501/2942 2941/3502/2941 3124/3503/3124 
f 3125/3504/3125 2944/3505/2944 2943/3506/2943 3126/3507/3126 
f 2962/3508/2962 3127/3509/3127 3128/3510/3128 2961/3511/2961 
f 3129/3512/3129 3127/3509/3127 2962/3508/2962 2964/3513/2964 
f 3110/3475/3110 2881/3474/2881 2965/3514/2965 3130/3515/3130 
f 2984/3516/2984 3131/3517/3131 3132/3518/3132 2985/3519/2985 
f 3133/3520/3133 3131/3517/3131 2984/3516/2984 2986/3521/2986 
f 3134/3522/3134 3135/3523/3135 2988/3524/2988 2987/3525/2987 
f 2998/3526/2998 2997/3527/2997 3136/3528/3136 3137/3529/3137 
f 3138/3530/3138 3011/3531/3011 3010/3532/3010 3139/3533/3139 
f 3140/3534/3140 3016/3535/3016 3015/3536/3015 3141/3537/3141 
f 3142/3538/3142 3021/3539/3021 3020/3540/3020 3143/3541/3143 
f 3144/3542/3144 3034/3543/3034 3033/3544/3033 3145/3545/3145 
f 3146/3546/3146 3147/3547/3147 3040/3548/3040 3039/3549/3039 
f 3148/3550/3148 3149/3551/3149 3062/3552/3062 3061/3553/3061 
f 3150/3554/3150 3068/3555/3068 3067/3556/3067 3151/3557/3151 
f 3152/3558/3152 3074/3559/3074 3073/3560/3073 3153/3561/3153 
f 3080/3562/3080 3079/3563/3079 3154/3564/3154 3155/3565/3155 
f 3118/3491/3118 2919/3490/2919 3062/3552/3062 3149/3551/3149 
f 3067/3556/3067 2998/3526/2998 3137/3529/3137 3151/3557/3151 
f 3068/3555/3068 3150/3554/3150 3102/3460/3102 2854/3459/2854 
f 3148/3550/3148 3061/3553/3061 2942/3501/2942 3123/3500/3123 
f 3119/3492/3119 3111/3477/3111 2888/3476/2888 2920/3493/2920 
f 3142/3538/3142 3136/3528/3136 2997/3527/2997 3021/3539/3021 
f 2889/3479/2889 3112/3478/3112 3126/3507/3126 2943/3506/2943 
f 3020/3540/3020 2856/3462/2856 3105/3465/3105 3143/3541/3143 
f 3087/3566/3087 3156/3567/3156 3104/3464/3104 2857/3463/2857 
f 3125/3504/3125 3157/3568/3157 3088/3569/3088 2944/3505/2944 
f 3087/3566/3087 2842/3453/2842 3099/3452/3099 3156/3567/3156 
f 3088/3569/3088 3157/3568/3157 3120/3495/3120 2929/3494/2929 
f 3089/3570/3089 3158/3571/3158 3101/3457/3101 2844/3456/2844 
f 3159/3572/3159 3090/3573/3090 2932/3499/2932 3122/3498/3122 
f 3089/3570/3089 2877/3471/2877 3108/3470/3108 3158/3571/3158 
f 3090/3573/3090 3159/3572/3159 3129/3512/3129 2964/3513/2964 
f 3092/3574/3092 3160/3575/3160 3106/3467/3106 2875/3466/2875 
f 3128/3510/3128 3161/3576/3161 3094/3577/3094 2961/3511/2961 
f 3152/3558/3152 3160/3575/3160 3092/3574/3092 3074/3559/3074 
f 3094/3577/3094 3161/3576/3161 3154/3564/3154 3079/3563/3079 
f 3073/3560/3073 2908/3485/2908 3115/3484/3115 3153/3561/3153 
f 3155/3565/3155 3133/3520/3133 2986/3521/2986 3080/3562/3080 
f 2905/3481/2905 3011/3531/3011 3138/3530/3138 3113/3482/3113 
f 3141/3537/3141 3015/3536/3015 2985/3519/2985 3132/3518/3132 
f 3139/3533/3139 3010/3532/3010 2910/3487/2910 3116/3486/3116 
f 3140/3534/3140 3134/3522/3134 2987/3525/2987 3016/3535/3016 
f 3117/3489/3117 2909/3488/2909 3096/3578/3096 3162/3579/3162 
f 3163/3580/3163 3098/3581/3098 2988/3524/2988 3135/3523/3135 
f 3144/3542/3144 3162/3579/3162 3096/3578/3096 3034/3543/3034 
f 3098/3581/3098 3163/3580/3163 3146/3546/3146 3039/3549/3039 
f 3033/3544/3033 2882/3473/2882 3109/3472/3109 3145/3545/3145 
f 2965/3514/2965 3040/3548/3040 3147/3547/3147 3130/3515/3130 
f 3164/3582/3164 3099/3452/3099 3100/3455/3100 3165/3583/3165 
f 3165/3583/3165 3100/3455/3100 3101/3457/3101 3166/3584/3166 
f 3167/3585/3167 3168/3586/3168 3169/3587/3169 
f 3170/3588/3170 3167/3585/3167 3169/3587/3169 
f 3171/3589/3171 3168/3586/3168 3167/3585/3167 3172/3590/3172 
f 3172/3590/3172 3167/3585/3167 3170/3588/3170 3173/3591/3173 
f 3102/3460/3102 3174/3592/3174 3175/3593/3175 3103/3461/3103 
f 3104/3464/3104 3171/3589/3171 3172/3590/3172 3105/3465/3105 
f 3176/3594/3176 3177/3595/3177 3178/3596/3178 3179/3597/3179 
f 3180/3598/3180 3164/3582/3164 3176/3594/3176 3179/3597/3179 
f 3181/3599/3181 3177/3595/3177 3182/3600/3182 
f 3182/3600/3182 3165/3583/3165 3166/3584/3166 3181/3599/3181 
f 3183/3601/3183 3184/3602/3184 3185/3603/3185 3186/3604/3186 
f 3187/3605/3187 3188/3606/3188 3183/3601/3183 3186/3604/3186 
f 3189/3607/3189 3190/3608/3190 3191/3609/3191 3192/3610/3192 
f 3106/3467/3106 3189/3607/3189 3192/3610/3192 3107/3468/3107 
f 3193/3611/3193 3108/3470/3108 3107/3468/3107 3192/3610/3192 
f 3194/3612/3194 3109/3472/3109 3110/3475/3110 3195/3613/3195 
f 3196/3614/3196 3194/3612/3194 3195/3613/3195 3197/3615/3197 
f 3198/3616/3198 3196/3614/3196 3197/3615/3197 
f 3111/3477/3111 3199/3617/3199 3200/3618/3200 3112/3478/3112 
f 3201/3619/3201 3199/3617/3199 3202/3620/3202 3203/3621/3203 
f 3204/3622/3204 3205/3623/3205 3206/3624/3206 3207/3625/3207 
f 3208/3626/3208 3209/3627/3209 3210/3628/3210 3207/3625/3207 
f 3208/3626/3208 3207/3625/3207 3206/3624/3206 3211/3629/3211 
f 3212/3630/3212 3213/3631/3213 3214/3632/3214 3215/3633/3215 
f 3113/3482/3113 3216/3634/3216 3214/3632/3214 3114/3483/3114 
f 3114/3483/3114 3214/3632/3214 3213/3631/3213 3115/3484/3115 
f 3209/3627/3209 3208/3626/3208 3116/3486/3116 3117/3489/3117 
f 3217/3635/3217 3218/3636/3218 3219/3637/3219 3220/3638/3220 
f 3205/3623/3205 3217/3635/3217 3220/3638/3220 
f 3215/3633/3215 3220/3638/3220 3219/3637/3219 3212/3630/3212 
f 3217/3635/3217 3221/3639/3221 3222/3640/3222 3218/3636/3218 
f 3223/3641/3223 3221/3639/3221 3217/3635/3217 3224/3642/3224 
f 3118/3491/3118 3225/3643/3225 3202/3620/3202 3119/3492/3119 
f 3226/3644/3226 3227/3645/3227 3228/3646/3228 3229/3647/3229 
f 3230/3648/3230 3231/3649/3231 3188/3606/3188 3187/3605/3187 
f 3232/3650/3232 3233/3651/3233 3121/3496/3121 3120/3495/3120 
f 3233/3651/3233 3234/3652/3234 3122/3498/3122 3121/3496/3121 
f 3235/3653/3235 3236/3654/3236 3237/3655/3237 
f 3236/3654/3236 3238/3656/3238 3237/3655/3237 
f 3235/3653/3235 3239/3657/3239 3240/3658/3240 3236/3654/3236 
f 3236/3654/3236 3240/3658/3240 3200/3618/3200 3238/3656/3238 
f 3124/3503/3124 3241/3659/3241 3185/3603/3185 3123/3500/3123 
f 3240/3658/3240 3239/3657/3239 3125/3504/3125 3126/3507/3126 
f 3242/3660/3242 3243/3661/3243 3244/3662/3244 3245/3663/3245 
f 3232/3650/3232 3246/3664/3246 3245/3663/3245 3244/3662/3244 
f 3243/3661/3243 3247/3665/3247 3248/3666/3248 
f 3234/3652/3234 3233/3651/3233 3248/3666/3248 3247/3665/3247 
f 3174/3592/3174 3249/3667/3249 3250/3668/3250 3251/3669/3251 
f 3251/3669/3251 3250/3668/3250 3252/3670/3252 3253/3671/3253 
f 3254/3672/3254 3255/3673/3255 3256/3674/3256 3257/3675/3257 
f 3127/3509/3127 3257/3675/3257 3256/3674/3256 3128/3510/3128 
f 3129/3512/3129 3258/3676/3258 3257/3675/3257 3127/3509/3127 
f 3195/3613/3195 3110/3475/3110 3130/3515/3130 3259/3677/3259 
f 3195/3613/3195 3259/3677/3259 3260/3678/3260 3197/3615/3197 
f 3260/3678/3260 3198/3616/3198 3197/3615/3197 
f 3201/3619/3201 3203/3621/3203 3261/3679/3261 3262/3680/3262 
f 3263/3681/3263 3262/3680/3262 3261/3679/3261 3231/3649/3231 
f 3264/3682/3264 3265/3683/3265 3266/3684/3266 3267/3685/3267 
f 3268/3686/3268 3266/3684/3266 3269/3687/3269 3270/3688/3270 
f 3266/3684/3266 3268/3686/3268 3271/3689/3271 3267/3685/3267 
f 3272/3690/3272 3273/3691/3273 3274/3692/3274 3275/3693/3275 
f 3131/3517/3131 3275/3693/3275 3276/3694/3276 3132/3518/3132 
f 3133/3520/3133 3272/3690/3272 3275/3693/3275 3131/3517/3131 
f 3134/3522/3134 3268/3686/3268 3270/3688/3270 3135/3523/3135 
f 3277/3695/3277 3278/3696/3278 3279/3697/3279 3280/3698/3280 
f 3278/3696/3278 3264/3682/3264 3279/3697/3279 
f 3279/3697/3279 3274/3692/3274 3273/3691/3273 3280/3698/3280 
f 3281/3699/3281 3282/3700/3282 3278/3696/3278 3277/3695/3277 
f 3283/3701/3283 3278/3696/3278 3282/3700/3282 3284/3702/3284 
f 3285/3703/3285 3286/3704/3286 3137/3529/3137 3136/3528/3136 
f 3287/3705/3287 3288/3706/3288 3289/3707/3289 3290/3708/3290 
f 3291/3709/3291 3253/3671/3253 3252/3670/3252 3292/3710/3292 
f 3205/3623/3205 3293/3711/3293 3294/3712/3294 
f 3293/3711/3293 3216/3634/3216 3295/3713/3295 3294/3712/3294 
f 3138/3530/3138 3139/3533/3139 3211/3629/3211 3295/3713/3295 
f 3296/3714/3296 3264/3682/3264 3297/3715/3297 
f 3298/3716/3298 3276/3694/3276 3296/3714/3296 3297/3715/3297 
f 3141/3537/3141 3298/3716/3298 3271/3689/3271 3140/3534/3140 
f 3210/3628/3210 3299/3717/3299 3300/3718/3300 
f 3142/3538/3142 3143/3541/3143 3173/3591/3173 3301/3719/3301 
f 3302/3720/3302 3303/3721/3303 3285/3703/3285 3301/3719/3301 
f 3304/3722/3304 3269/3687/3269 3305/3723/3305 
f 3303/3721/3303 3302/3720/3302 3306/3724/3306 3307/3725/3307 
f 3307/3725/3307 3306/3724/3306 3308/3726/3308 3292/3710/3292 
f 3223/3641/3223 3224/3642/3224 3309/3727/3309 3310/3728/3310 
f 3311/3729/3311 3144/3542/3144 3145/3545/3145 3312/3730/3312 
f 3313/3731/3313 3314/3732/3314 3311/3729/3311 3312/3730/3312 
f 3313/3731/3313 3315/3733/3315 3300/3718/3300 3314/3732/3314 
f 3309/3727/3309 3224/3642/3224 3300/3718/3300 3315/3733/3315 
f 3310/3728/3310 3309/3727/3309 3283/3701/3283 3284/3702/3284 
f 3146/3546/3146 3316/3734/3316 3317/3735/3317 3147/3547/3147 
f 3317/3735/3317 3316/3734/3316 3318/3736/3318 3319/3737/3319 
f 3318/3736/3318 3305/3723/3305 3320/3738/3320 3319/3737/3319 
f 3309/3727/3309 3320/3738/3320 3305/3723/3305 3283/3701/3283 
f 3321/3739/3321 3322/3740/3322 3225/3643/3225 3323/3741/3323 
f 3322/3740/3322 3321/3739/3321 3261/3679/3261 
f 3324/3742/3324 3325/3743/3325 3326/3744/3326 3190/3608/3190 
f 3327/3745/3327 3286/3704/3286 3328/3746/3328 3329/3747/3329 
f 3329/3747/3329 3328/3746/3328 3307/3725/3307 
f 3330/3748/3330 3331/3749/3331 3255/3673/3255 3332/3750/3332 
f 3333/3751/3333 3326/3744/3326 3334/3752/3334 3335/3753/3335 
f 3193/3611/3193 3333/3751/3333 3335/3753/3335 3336/3754/3336 
f 3148/3550/3148 3184/3602/3184 3323/3741/3323 3149/3551/3149 
f 3334/3752/3334 3326/3744/3326 3228/3646/3228 
f 3337/3755/3337 3332/3750/3332 3338/3756/3338 3339/3757/3339 
f 3258/3676/3258 3340/3758/3340 3339/3757/3339 3338/3756/3338 
f 3327/3745/3327 3249/3667/3249 3150/3554/3150 3151/3557/3151 
f 3332/3750/3332 3337/3755/3337 3290/3708/3290 
f 3341/3759/3341 3342/3760/3342 3343/3761/3343 3344/3762/3344 
f 3152/3558/3152 3153/3561/3153 3341/3759/3341 3344/3762/3344 
f 3343/3761/3343 3342/3760/3342 3219/3637/3219 
f 3345/3763/3345 3346/3764/3346 3347/3765/3347 3348/3766/3348 
f 3155/3565/3155 3154/3564/3154 3348/3766/3348 3347/3765/3347 
f 3346/3764/3346 3345/3763/3345 3280/3698/3280 
f 3184/3602/3184 3183/3601/3183 3321/3739/3321 3323/3741/3323 
f 3188/3606/3188 3261/3679/3261 3321/3739/3321 3183/3601/3183 
f 3261/3679/3261 3188/3606/3188 3231/3649/3231 
f 3249/3667/3249 3327/3745/3327 3329/3747/3329 3250/3668/3250 
f 3329/3747/3329 3307/3725/3307 3252/3670/3252 3250/3668/3250 
f 3252/3670/3252 3307/3725/3307 3292/3710/3292 
f 3149/3551/3149 3323/3741/3323 3225/3643/3225 3118/3491/3118 
f 3137/3529/3137 3286/3704/3286 3327/3745/3327 3151/3557/3151 
f 3349/3767/3349 3291/3709/3291 3292/3710/3292 3350/3768/3350 
f 3150/3554/3150 3249/3667/3249 3174/3592/3174 3102/3460/3102 
f 3185/3603/3185 3241/3659/3241 3186/3604/3186 
f 3231/3649/3231 3230/3648/3230 3351/3769/3351 3352/3770/3352 
f 3184/3602/3184 3148/3550/3148 3123/3500/3123 3185/3603/3185 
f 3175/3593/3175 3174/3592/3174 3251/3669/3251 
f 3203/3621/3203 3202/3620/3202 3225/3643/3225 3322/3740/3322 
f 3202/3620/3202 3199/3617/3199 3111/3477/3111 3119/3492/3119 
f 3231/3649/3231 3352/3770/3352 3353/3771/3353 3263/3681/3263 
f 3203/3621/3203 3322/3740/3322 3261/3679/3261 
f 3285/3703/3285 3136/3528/3136 3142/3538/3142 3301/3719/3301 
f 3292/3710/3292 3308/3726/3308 3354/3772/3354 3350/3768/3350 
f 3285/3703/3285 3303/3721/3303 3328/3746/3328 3286/3704/3286 
f 3328/3746/3328 3303/3721/3303 3307/3725/3307 
f 3306/3724/3306 3169/3587/3169 3308/3726/3308 
f 3306/3724/3306 3302/3720/3302 3170/3588/3170 3169/3587/3169 
f 3302/3720/3302 3301/3719/3301 3173/3591/3173 3170/3588/3170 
f 3200/3618/3200 3240/3658/3240 3126/3507/3126 3112/3478/3112 
f 3237/3655/3237 3262/3680/3262 3263/3681/3263 
f 3237/3655/3237 3238/3656/3238 3201/3619/3201 3262/3680/3262 
f 3200/3618/3200 3199/3617/3199 3201/3619/3201 3238/3656/3238 
f 3105/3465/3105 3172/3590/3172 3173/3591/3173 3143/3541/3143 
f 3169/3587/3169 3178/3596/3178 3308/3726/3308 
f 3168/3586/3168 3179/3597/3179 3178/3596/3178 3169/3587/3169 
f 3171/3589/3171 3180/3598/3180 3179/3597/3179 3168/3586/3168 
f 3171/3589/3171 3104/3464/3104 3156/3567/3156 3180/3598/3180 
f 3242/3660/3242 3237/3655/3237 3263/3681/3263 
f 3235/3653/3235 3237/3655/3237 3242/3660/3242 3245/3663/3245 
f 3245/3663/3245 3246/3664/3246 3239/3657/3239 3235/3653/3235 
f 3157/3568/3157 3125/3504/3125 3239/3657/3239 3246/3664/3246 
f 3156/3567/3156 3099/3452/3099 3164/3582/3164 3180/3598/3180 
f 3182/3600/3182 3177/3595/3177 3176/3594/3176 
f 3182/3600/3182 3176/3594/3176 3164/3582/3164 3165/3583/3165 
f 3226/3644/3226 3354/3772/3354 3308/3726/3308 3227/3645/3227 
f 3177/3595/3177 3227/3645/3227 3308/3726/3308 3178/3596/3178 
f 3232/3650/3232 3120/3495/3120 3157/3568/3157 3246/3664/3246 
f 3243/3661/3243 3248/3666/3248 3244/3662/3244 
f 3233/3651/3233 3232/3650/3232 3244/3662/3244 3248/3666/3248 
f 3263/3681/3263 3353/3771/3353 3288/3706/3288 3287/3705/3287 
f 3243/3661/3243 3242/3660/3242 3263/3681/3263 3287/3705/3287 
f 3158/3571/3158 3336/3754/3336 3166/3584/3166 3101/3457/3101 
f 3334/3752/3334 3177/3595/3177 3181/3599/3181 3335/3753/3335 
f 3336/3754/3336 3335/3753/3335 3181/3599/3181 3166/3584/3166 
f 3177/3595/3177 3334/3752/3334 3228/3646/3228 3227/3645/3227 
f 3159/3572/3159 3122/3498/3122 3234/3652/3234 3340/3758/3340 
f 3337/3755/3337 3339/3757/3339 3247/3665/3247 3243/3661/3243 
f 3247/3665/3247 3339/3757/3339 3340/3758/3340 3234/3652/3234 
f 3337/3755/3337 3243/3661/3243 3287/3705/3287 3290/3708/3290 
f 3108/3470/3108 3193/3611/3193 3336/3754/3336 3158/3571/3158 
f 3258/3676/3258 3129/3512/3129 3159/3572/3159 3340/3758/3340 
f 3191/3609/3191 3326/3744/3326 3333/3751/3333 
f 3191/3609/3191 3333/3751/3333 3193/3611/3193 3192/3610/3192 
f 3332/3750/3332 3254/3672/3254 3338/3756/3338 
f 3338/3756/3338 3254/3672/3254 3257/3675/3257 3258/3676/3258 
f 3355/3773/3355 3324/3742/3324 3190/3608/3190 3189/3607/3189 
f 3106/3467/3106 3160/3575/3160 3355/3773/3355 3189/3607/3189 
f 3326/3744/3326 3325/3743/3325 3228/3646/3228 
f 3356/3774/3356 3256/3674/3256 3255/3673/3255 3331/3749/3331 
f 3256/3674/3256 3356/3774/3356 3161/3576/3161 3128/3510/3128 
f 3330/3748/3330 3332/3750/3332 3290/3708/3290 
f 3191/3609/3191 3190/3608/3190 3326/3744/3326 
f 3255/3673/3255 3254/3672/3254 3332/3750/3332 
f 3344/3762/3344 3343/3761/3343 3324/3742/3324 3355/3773/3355 
f 3160/3575/3160 3152/3558/3152 3344/3762/3344 3355/3773/3355 
f 3228/3646/3228 3325/3743/3325 3219/3637/3219 3218/3636/3218 
f 3219/3637/3219 3325/3743/3325 3324/3742/3324 3343/3761/3343 
f 3229/3647/3229 3228/3646/3228 3218/3636/3218 3222/3640/3222 
f 3356/3774/3356 3331/3749/3331 3345/3763/3345 3348/3766/3348 
f 3161/3576/3161 3356/3774/3356 3348/3766/3348 3154/3564/3154 
f 3280/3698/3280 3330/3748/3330 3290/3708/3290 3277/3695/3277 
f 3330/3748/3330 3280/3698/3280 3345/3763/3345 3331/3749/3331 
f 3281/3699/3281 3277/3695/3277 3290/3708/3290 3289/3707/3289 
f 3341/3759/3341 3213/3631/3213 3212/3630/3212 3342/3760/3342 
f 3115/3484/3115 3213/3631/3213 3341/3759/3341 3153/3561/3153 
f 3342/3760/3342 3212/3630/3212 3219/3637/3219 
f 3347/3765/3347 3346/3764/3346 3273/3691/3273 3272/3690/3272 
f 3133/3520/3133 3155/3565/3155 3347/3765/3347 3272/3690/3272 
f 3273/3691/3273 3346/3764/3346 3280/3698/3280 
f 3216/3634/3216 3113/3482/3113 3138/3530/3138 3295/3713/3295 
f 3276/3694/3276 3298/3716/3298 3141/3537/3141 3132/3518/3132 
f 3205/3623/3205 3220/3638/3220 3215/3633/3215 3293/3711/3293 
f 3215/3633/3215 3214/3632/3214 3216/3634/3216 3293/3711/3293 
f 3279/3697/3279 3264/3682/3264 3296/3714/3296 3274/3692/3274 
f 3275/3693/3275 3274/3692/3274 3296/3714/3296 3276/3694/3276 
f 3205/3623/3205 3294/3712/3294 3206/3624/3206 
f 3295/3713/3295 3211/3629/3211 3206/3624/3206 3294/3712/3294 
f 3297/3715/3297 3264/3682/3264 3267/3685/3267 
f 3298/3716/3298 3297/3715/3297 3267/3685/3267 3271/3689/3271 
f 3116/3486/3116 3208/3626/3208 3211/3629/3211 3139/3533/3139 
f 3204/3622/3204 3217/3635/3217 3205/3623/3205 
f 3268/3686/3268 3134/3522/3134 3140/3534/3140 3271/3689/3271 
f 3278/3696/3278 3265/3683/3265 3264/3682/3264 
f 3299/3717/3299 3210/3628/3210 3209/3627/3209 3357/3775/3357 
f 3209/3627/3209 3117/3489/3117 3162/3579/3162 3357/3775/3357 
f 3270/3688/3270 3269/3687/3269 3304/3722/3304 3358/3776/3358 
f 3163/3580/3163 3135/3523/3135 3270/3688/3270 3358/3776/3358 
f 3204/3622/3204 3300/3718/3300 3224/3642/3224 3217/3635/3217 
f 3210/3628/3210 3300/3718/3300 3204/3622/3204 3207/3625/3207 
f 3305/3723/3305 3265/3683/3265 3278/3696/3278 3283/3701/3283 
f 3266/3684/3266 3265/3683/3265 3305/3723/3305 3269/3687/3269 
f 3144/3542/3144 3311/3729/3311 3357/3775/3357 3162/3579/3162 
f 3314/3732/3314 3299/3717/3299 3357/3775/3357 3311/3729/3311 
f 3300/3718/3300 3299/3717/3299 3314/3732/3314 
f 3163/3580/3163 3358/3776/3358 3316/3734/3316 3146/3546/3146 
f 3316/3734/3316 3358/3776/3358 3304/3722/3304 3318/3736/3318 
f 3304/3722/3304 3305/3723/3305 3318/3736/3318 
f 3109/3472/3109 3194/3612/3194 3312/3730/3312 3145/3545/3145 
f 3194/3612/3194 3196/3614/3196 3313/3731/3313 3312/3730/3312 
f 3198/3616/3198 3315/3733/3315 3313/3731/3313 3196/3614/3196 
f 3309/3727/3309 3315/3733/3315 3198/3616/3198 
f 3317/3735/3317 3259/3677/3259 3130/3515/3130 3147/3547/3147 
f 3259/3677/3259 3317/3735/3317 3319/3737/3319 3260/3678/3260 
f 3320/3738/3320 3198/3616/3198 3260/3678/3260 3319/3737/3319 
f 3320/3738/3320 3309/3727/3309 3198/3616/3198 
f 2583/2875/2583 2412/2704/2412 2584/2876/2584 
f 2584/2876/2584 2412/2704/2412 2588/2880/2588 
f 2476/2768/2476 2582/2874/2582 2536/2828/2536 2473/2765/2473 
f 2470/2762/2470 2476/2768/2476 2473/2765/2473 2471/2763/2471 
f 2554/2846/2554 2556/2848/2556 2510/2802/2510 
f 2510/2802/2510 2556/2848/2556 2513/2805/2513 
f 2577/2869/2577 2529/2821/2529 2424/2716/2424 
f 2424/2716/2424 2529/2821/2529 2442/2734/2442 
f 2500/2792/2500 2427/2719/2427 2487/2779/2487 
f 2487/2779/2487 2427/2719/2427 2539/2831/2539 
f 2538/2830/2538 2540/2832/2540 2484/2776/2484 
f 2608/2902/2608 2750/3077/2750 2631/2933/2631 2609/2903/2609 
f 2687/2998/2687 2702/3016/2702 2750/3077/2750 2608/2902/2608 
f 2765/3094/2765 2767/3096/2767 2635/2938/2635 
f 2635/2938/2635 2767/3096/2767 2639/2942/2639 
f 2803/3143/2803 2659/2968/2659 2749/3076/2749 
f 2749/3076/2749 2659/2968/2659 2815/3160/2815 
f 2665/2974/2665 2669/2978/2669 2666/2975/2666 
f 2666/2975/2666 2669/2978/2669 2672/2981/2672 
f 2673/2982/2673 2797/3135/2797 2674/2983/2674 
# 3133 polygons - 279 triangles

