# 3ds Max Wavefront OBJ Exporter v0.99 - (c)2007 guruware
# File Created: 16.04.2025 21:17:59

mtllib ProfesorSubRightArm.mtl

#
# object ProfesorSubRightArm
#

v  -13.1924 -18.7055 12.7679
v  -13.8879 -19.1084 13.3687
v  -13.8292 -19.2913 12.7492
v  -13.1440 -18.8892 12.1286
v  -13.3048 -18.4945 13.3454
v  -14.0360 -18.9116 13.9048
v  -13.4755 -18.2255 13.8868
v  -14.2682 -18.6724 14.3041
v  -14.0536 -19.5207 11.3936
v  -13.3499 -18.8596 10.7835
v  -13.1800 -18.9775 11.4791
v  -13.8684 -19.4305 12.0643
v  -14.4007 -19.4861 10.7725
v  -13.7476 -18.6585 10.0941
v  -16.0611 -19.1569 10.1656
v  -16.5184 -18.9421 10.4750
v  -16.0837 -17.5796 9.8296
v  -15.6251 -17.8605 9.5624
v  -14.8869 -18.1001 9.5218
v  -15.4084 -19.2836 10.0793
v  -14.2665 -18.4549 9.7082
v  -14.8715 -19.3884 10.3360
v  -17.0889 -18.4569 11.2750
v  -16.4943 -16.9092 10.7872
v  -16.3357 -17.2337 10.2818
v  -16.8587 -18.6857 10.8161
v  -17.0410 -18.2653 11.8267
v  -16.4350 -16.7069 11.4226
v  -13.7822 -17.7896 14.1663
v  -14.6568 -18.3800 14.4702
v  -14.2938 -17.3939 14.0428
v  -15.2182 -18.1427 14.3795
v  -14.8287 -17.0977 13.7138
v  -15.7174 -17.9671 14.0480
v  -15.2942 -16.8883 13.2282
v  -16.1884 -17.9090 13.5713
v  -15.7172 -16.7014 12.6469
v  -16.5655 -17.9606 13.0008
v  -16.0897 -16.6517 12.0462
v  -16.8469 -18.0984 12.4080
v  -17.8930 -26.1479 21.0734
v  -17.4626 -26.2726 21.3275
v  -17.3469 -25.8972 21.1718
v  -17.8772 -25.8297 20.8505
v  -18.0467 -26.3576 20.8555
v  -18.0856 -25.9787 20.4034
v  -17.8267 -26.4742 20.5309
v  -17.7864 -26.2233 20.1125
v  -17.3003 -26.4661 20.0964
v  -17.4465 -26.6789 20.6317
v  -17.0185 -26.4191 21.3052
v  -16.8104 -26.1111 21.1547
v  -17.5458 -26.6007 21.1944
v  -16.9617 -26.6794 21.1164
v  -16.5939 -26.4306 20.8235
v  -17.0312 -26.7487 20.7325
v  -16.8184 -26.5711 20.3608
v  -17.7086 -25.3506 20.5579
v  -17.9630 -25.4630 20.0067
v  -17.1712 -25.3966 20.9584
v  -16.5608 -25.6353 20.9162
v  -16.2494 -25.9661 20.4593
v  -16.5297 -26.1580 19.8669
v  -17.1131 -26.0234 19.5875
v  -17.6636 -25.7721 19.6270
v  -17.5232 -24.8454 20.3091
v  -17.6879 -24.7375 19.6768
v  -17.4976 -25.2891 19.2926
v  -16.9967 -24.9037 20.7562
v  -16.3829 -25.1217 20.7008
v  -15.9485 -25.2387 20.2115
v  -16.2923 -25.6674 19.6058
v  -16.9054 -25.5656 19.2807
v  -17.4265 -24.5185 20.1610
v  -17.3490 -24.2964 20.0587
v  -16.8722 -24.4848 20.5585
v  -16.7616 -24.2367 20.4308
v  -16.2391 -24.8052 20.5138
v  -16.1651 -24.5884 20.3977
v  -16.1873 -25.4256 19.4728
v  -16.7803 -25.3632 19.1147
v  -17.4081 -25.1030 19.1295
v  -17.4508 -24.2854 19.2798
v  -17.3079 -24.7731 18.8054
v  -16.0402 -24.1703 20.1937
v  -16.5980 -23.8403 20.2536
v  -15.6734 -24.6559 19.8118
v  -16.0774 -24.9819 19.2056
v  -16.6729 -25.0478 18.8154
v  -19.7740 -25.6068 15.9936
v  -19.4057 -25.1713 15.8799
v  -19.6574 -25.5797 16.1821
v  -16.5890 -24.7148 18.5383
v  -16.0287 -24.5988 18.8772
v  -15.4987 -24.1513 19.4311
v  -15.9136 -23.6768 19.9410
v  -17.2197 -23.8868 19.8834
v  -17.3480 -23.8647 18.9622
v  -17.0883 -23.4236 19.6700
v  -16.4492 -23.3889 20.0291
v  -17.2166 -24.4810 18.5088
v  -19.9358 -25.6962 13.5532
v  -19.8404 -25.5687 14.4187
v  -20.2434 -25.9225 14.4248
v  -20.3877 -25.9826 13.7338
v  -20.6632 -25.9508 13.0258
v  -20.0945 -25.6833 12.8218
v  -21.3803 -24.7997 12.6603
v  -21.0556 -24.5443 12.4580
v  -20.5976 -25.3399 12.4640
v  -21.3735 -25.4583 12.7192
v  -21.6762 -24.9243 12.9980
v  -21.7862 -24.9174 13.5722
v  -21.5116 -24.5856 13.3873
v  -21.4593 -24.6866 12.8450
v  -21.7504 -25.1833 12.8992
v  -19.0575 -25.1744 17.3664
v  -18.6325 -24.8076 17.2267
v  -18.9720 -25.0865 17.5618
v  -19.0688 -24.9928 16.5557
v  -19.3792 -25.4507 16.7734
v  -18.6017 -24.5738 18.7971
v  -18.7345 -24.8866 18.0793
v  -18.4087 -24.5691 17.9454
v  -18.2879 -24.2451 18.6540
v  -20.1615 -23.3943 18.1074
v  -20.4118 -23.7220 18.2761
v  -20.0842 -23.6972 18.6060
v  -19.8323 -23.4235 18.4856
v  -19.4313 -23.6578 18.7466
v  -19.8212 -23.9994 18.9085
v  -19.0489 -24.2256 19.0570
v  -18.7713 -23.9029 18.8956
v  -18.4662 -23.4912 18.6540
v  -19.0424 -23.0135 18.3215
v  -21.3012 -24.3759 13.2051
v  -21.2626 -24.5076 12.7857
v  -20.7190 -24.2662 17.8612
v  -20.5117 -23.6526 17.5350
v  -20.7485 -23.6720 17.1817
v  -21.0460 -24.4146 17.4407
v  -20.3629 -23.5140 17.7799
v  -20.5580 -23.8336 17.9847
v  -21.4478 -24.6010 16.3085
v  -21.2181 -24.0248 15.9949
v  -21.2029 -24.1769 15.7801
v  -21.4437 -24.7243 15.9190
v  -21.3462 -24.0437 16.8356
v  -21.1065 -23.6333 16.6358
v  -21.2103 -23.7788 16.3088
v  -21.4181 -24.1371 16.5051
v  -20.9051 -23.4251 15.7383
v  -20.9512 -23.6558 15.2923
v  -20.9889 -23.4266 16.1466
v  -20.8516 -23.2677 16.4151
v  -20.0479 -23.0260 17.1866
v  -20.4187 -23.0781 16.7357
v  -20.3814 -24.1430 12.1487
v  -19.5882 -24.7001 11.9801
v  -21.0457 -24.0964 13.7109
v  -21.0751 -24.0590 14.0229
v  -20.6939 -23.5985 13.5080
v  -20.6642 -23.0375 16.1991
v  -20.3872 -22.6509 15.8396
v  -20.4415 -22.8756 15.1061
v  -20.6365 -23.2009 14.1806
v  -21.0987 -23.7642 14.5463
v  -19.8932 -22.4322 16.6921
v  -21.6105 -28.4023 20.0276
v  -21.7532 -28.7042 20.2218
v  -22.1816 -28.5316 19.8914
v  -21.4582 -28.5702 20.6993
v  -21.2809 -28.2712 20.5215
v  -21.2198 -28.0321 21.0186
v  -21.4038 -28.3349 21.1820
v  -21.6675 -27.9444 21.3789
v  -22.0420 -27.6196 21.1133
v  -22.1621 -27.8460 21.2120
v  -22.4414 -27.7266 20.6024
v  -22.5373 -27.9883 20.7360
v  -22.5395 -28.1416 20.0725
v  -22.6206 -28.3518 20.1956
v  -22.3771 -29.2746 20.3072
v  -21.9804 -29.3551 20.5874
v  -21.6696 -29.3036 21.0462
v  -21.6858 -28.9923 21.5127
v  -21.9578 -28.6525 21.6755
v  -22.2425 -28.1018 21.3148
v  -22.3319 -28.5681 21.4592
v  -22.6007 -28.2765 20.8596
v  -22.6483 -28.7005 21.0281
v  -22.6478 -28.5657 20.3049
v  -22.6946 -28.9969 20.5205
v  -21.8655 -26.6000 19.1850
v  -22.0879 -27.1234 19.4887
v  -22.0488 -26.7610 20.0763
v  -21.8553 -26.2120 19.7923
v  -20.8173 -26.7691 20.6757
v  -20.6230 -27.1142 20.3991
v  -20.3434 -26.5647 20.0351
v  -20.4440 -26.1268 20.3104
v  -20.7635 -27.4253 19.9416
v  -20.4226 -26.8132 19.5387
v  -21.1195 -27.5893 19.4509
v  -20.7847 -26.9196 19.0542
v  -21.6066 -27.4841 19.2148
v  -21.2134 -26.6715 18.7147
v  -21.4972 -26.6260 20.5876
v  -21.2498 -26.1095 20.2992
v  -21.6904 -25.8405 19.5792
v  -21.7486 -26.2924 19.0015
v  -21.0994 -25.8182 20.1226
v  -20.1674 -26.3091 19.8301
v  -20.2501 -26.5502 19.3690
v  -20.5587 -26.6924 18.8736
v  -22.7358 -29.1777 21.2401
v  -22.7951 -29.4246 20.7891
v  -22.8849 -29.7537 21.0394
v  -22.8348 -29.6420 21.4786
v  -22.5566 -29.6841 20.6265
v  -22.7841 -30.0363 20.9845
v  -22.2306 -29.7954 20.8480
v  -22.4707 -30.0822 21.0845
v  -21.9435 -29.7934 21.3274
v  -22.3990 -30.0636 21.5860
v  -21.9684 -29.4226 21.7712
v  -22.3014 -29.7155 21.9281
v  -22.2159 -29.0891 21.8819
v  -22.5510 -29.5391 21.9384
v  -22.8334 -29.9413 21.6209
v  -22.5056 -29.0307 21.6449
v  -22.6531 -29.4268 21.7660
v  -20.5612 -24.0071 18.3798
v  -20.6657 -24.2859 18.4859
v  -19.9725 -24.2779 19.0339
v  -19.3027 -24.5879 19.2092
v  -18.9337 -24.9582 19.0335
v  -19.0900 -25.3584 18.2999
v  -21.0455 -24.8285 17.7233
v  -20.8012 -24.7434 17.9657
v  -19.3971 -25.6018 17.9230
v  -19.5417 -25.6677 17.6414
v  -21.3269 -25.2970 19.2335
v  -21.5600 -25.6332 19.4233
v  -20.9677 -25.6374 19.9904
v  -20.7084 -25.3183 19.7551
v  -21.3521 -25.7933 18.6125
v  -21.6168 -26.1101 18.8716
v  -20.0730 -25.5627 19.9372
v  -19.8109 -25.9144 19.6537
v  -19.9486 -26.2350 19.0930
v  -20.2982 -26.4342 18.6257
v  -20.8555 -26.3304 18.3972
v  -20.3838 -25.8152 18.0219
v  -19.6618 -25.7876 18.0668
v  -19.9134 -26.0084 18.3083
v  -20.5921 -25.9929 18.1348
v  -21.0733 -24.9264 18.9963
v  -20.8403 -24.5763 18.7467
v  -20.8594 -25.1121 18.1236
v  -21.1125 -25.4621 18.3430
v  -20.4180 -24.9253 19.4793
v  -20.1455 -24.5863 19.2158
v  -19.7357 -25.1781 19.6504
v  -19.4734 -24.8062 19.3723
v  -19.4401 -25.5204 19.3894
v  -19.1453 -25.1900 19.1478
v  -19.6009 -25.8745 18.7463
v  -19.3129 -25.5887 18.4449
v  -23.3525 -29.7577 18.3835
v  -22.6181 -29.6687 18.5311
v  -22.8132 -30.0242 18.7121
v  -22.2604 -29.5262 19.1271
v  -22.4559 -29.9198 19.2383
v  -22.2130 -29.3055 19.6665
v  -22.3843 -29.6885 19.8087
v  -22.8117 -29.2430 19.9242
v  -23.2841 -29.1521 19.7666
v  -23.3654 -29.4729 19.8883
v  -23.5917 -29.2626 19.2589
v  -23.6491 -29.6353 19.4763
v  -23.6262 -29.5626 18.7364
v  -23.7238 -29.8428 18.8651
v  -23.7397 -31.0484 19.0625
v  -23.5889 -30.5107 18.7621
v  -23.0297 -30.6000 18.9734
v  -23.2542 -31.1633 19.2097
v  -22.6702 -30.5483 19.4805
v  -22.9071 -31.1558 19.7342
v  -22.6620 -30.2840 20.0357
v  -22.9827 -30.8322 20.2407
v  -23.0555 -30.0730 20.1958
v  -23.3335 -30.6189 20.4057
v  -23.5001 -30.0510 20.0889
v  -23.6601 -30.5974 20.2291
v  -23.7495 -30.1776 19.6840
v  -23.8646 -30.7038 19.8554
v  -23.9522 -30.8583 19.3691
v  -23.8397 -30.3554 19.1151
v  -20.6392 -25.5528 18.1820
v  -21.1808 -25.0890 17.9392
v  -19.7838 -25.9239 17.7432
v  -19.7717 -25.9362 17.0117
v  -21.6438 -25.6506 16.3677
v  -21.0930 -26.4220 16.6193
v  -21.1507 -26.2270 16.4661
v  -21.4721 -25.5379 16.5394
v  -21.5145 -25.2069 16.1304
v  -21.4295 -25.1084 16.4142
v  -21.5544 -24.7379 17.0373
v  -21.4659 -24.3946 16.9247
v  -20.0511 -26.0592 16.3256
v  -20.1745 -26.0908 16.1118
v  -22.9551 -28.1299 18.0102
v  -23.2076 -28.7682 18.3190
v  -23.2151 -28.4135 18.8520
v  -22.9682 -27.8142 18.5930
v  -22.5727 -28.5033 17.6427
v  -22.8725 -29.2164 18.0066
v  -22.0160 -28.6356 17.9980
v  -22.3567 -29.2687 18.3185
v  -22.8854 -28.3146 19.3770
v  -22.6070 -27.6774 19.1173
v  -21.7087 -28.4432 18.6349
v  -22.0271 -29.0648 18.9165
v  -21.6300 -28.1635 19.1408
v  -21.9443 -28.8094 19.4363
v  -22.1102 -27.7703 19.3163
v  -22.4564 -28.4722 19.6174
v  -22.4027 -27.0708 18.8899
v  -22.7630 -27.2224 18.3571
v  -22.7493 -27.5483 17.7314
v  -22.2730 -27.4930 17.2211
v  -21.7297 -26.8966 18.9792
v  -21.6687 -27.8777 17.6027
v  -21.3934 -27.6964 18.2416
v  -21.2854 -27.4683 18.8189
v  -23.5339 -31.5711 19.4674
v  -23.9547 -31.5000 19.4468
v  -24.0221 -31.2253 19.6214
v  -23.3153 -31.2619 20.3894
v  -23.6866 -31.1492 20.4446
v  -23.7806 -31.0368 20.2722
v  -23.4087 -31.6137 19.9998
v  -24.0111 -31.5210 20.1067
v  -23.9702 -31.1823 20.0113
v  -22.1681 -26.5551 17.1266
v  -22.4711 -26.9762 17.4023
v  -22.4262 -26.5123 18.0099
v  -22.1840 -26.0954 17.7961
v  -22.1024 -26.5050 18.6361
v  -21.7729 -26.0985 18.4365
v  -21.2761 -26.3908 18.6783
v  -21.0783 -27.1612 18.6411
v  -20.7814 -26.8403 18.3998
v  -21.2037 -27.3911 18.0524
v  -20.9383 -27.0864 17.7892
v  -21.4928 -27.5704 17.3942
v  -21.2597 -27.2571 17.1899
v  -21.8226 -27.0741 16.9121
v  -20.8256 -26.7020 16.8022
v  -21.4297 -26.5098 16.5902
v  -20.3199 -26.1586 16.4366
v  -21.8035 -26.0822 16.8278
v  -21.9301 -25.6089 17.5450
v  -21.6947 -25.1122 17.2663
v  -21.4744 -25.6515 18.2176
v  -20.8717 -25.9507 18.4322
v  -20.3551 -26.3652 18.1219
v  -20.5057 -26.5488 17.4164
v  -20.0442 -26.0655 17.1517
v  -19.5742 -23.1383 18.2771
v  -19.8542 -23.0633 17.9123
v  -20.0850 -23.1997 17.6114
v  -19.5411 -22.7815 17.6952
v  -18.5761 -22.2733 18.0166
v  -19.1918 -22.2478 17.3648
v  -23.5732 -29.9449 16.3757
v  -23.0690 -29.8523 16.4864
v  -23.2026 -30.2081 16.6595
v  -22.8219 -29.7428 17.0133
v  -22.9900 -30.0863 17.1672
v  -22.8161 -29.5446 17.5146
v  -23.0090 -29.9081 17.6438
v  -23.2448 -29.5331 17.8571
v  -23.6211 -29.3976 17.6468
v  -23.7083 -29.7097 17.7609
v  -23.8978 -29.4975 17.2158
v  -23.9801 -29.8997 17.3562
v  -23.9224 -29.7585 16.7064
v  -23.9788 -30.0935 16.8356
v  -23.9554 -31.2281 17.0389
v  -23.7805 -30.7716 16.7380
v  -23.3607 -30.8195 16.9813
v  -23.6124 -31.3190 17.2957
v  -23.1512 -30.6196 17.3985
v  -23.4249 -31.1542 17.6915
v  -23.1391 -30.3161 17.8152
v  -23.4229 -30.8453 18.0354
v  -23.4032 -30.0911 18.0107
v  -23.6661 -30.6120 18.1697
v  -23.8141 -30.0900 17.8928
v  -23.9759 -30.5529 18.0203
v  -24.0542 -30.2640 17.4754
v  -24.1959 -30.6913 17.6536
v  -24.0647 -30.5169 17.0168
v  -24.2224 -30.9486 17.2240
v  -20.4511 -26.2370 16.2294
v  -19.6508 -25.3813 15.2143
v  -19.9533 -25.7334 15.3783
v  -20.2730 -26.0932 15.5034
v  -20.1397 -25.9378 14.6139
v  -20.3813 -26.1381 14.6805
v  -20.5227 -26.1669 14.4189
v  -22.3185 -25.9821 15.7991
v  -22.0563 -26.2755 15.0411
v  -22.4492 -26.7859 15.3197
v  -22.5779 -26.4655 16.0278
v  -21.2508 -27.2167 15.9496
v  -20.9010 -26.7409 15.7717
v  -20.8346 -26.7587 16.3808
v  -21.1469 -27.1340 16.5328
v  -21.5540 -27.2570 15.3582
v  -21.1654 -26.7284 15.0965
v  -21.5083 -26.8863 16.8574
v  -21.2135 -26.5476 16.7232
v  -21.8835 -26.1476 16.5143
v  -22.1369 -26.5295 16.6439
v  -21.6061 -26.5813 14.7429
v  -22.0249 -27.1660 15.0171
v  -21.6299 -27.7513 16.1746
v  -21.5261 -27.5638 16.7032
v  -21.7580 -27.8251 16.8214
v  -21.8118 -28.0301 16.3035
v  -22.9487 -27.4839 15.6714
v  -23.0659 -27.7778 15.7780
v  -23.1139 -27.4954 16.4164
v  -22.9781 -27.1667 16.3280
v  -22.1654 -28.7217 16.5721
v  -22.4633 -28.8449 16.0212
v  -22.0599 -28.1418 15.7388
v  -22.1394 -28.4386 17.0952
v  -21.8941 -27.8520 15.5923
v  -22.9311 -28.6794 15.7662
v  -22.5071 -27.8573 15.3714
v  -22.0180 -27.3704 17.0674
v  -22.4689 -28.1212 17.3370
v  -22.9869 -28.0221 17.1318
v  -22.6968 -27.4423 16.9465
v  -23.3374 -28.1016 16.6123
v  -23.3182 -28.3711 16.0422
v  -22.5407 -27.1661 16.8575
v  -24.1969 -30.9761 18.0972
v  -24.1063 -31.1531 18.2998
v  -23.8091 -31.2902 18.2383
v  -24.3799 -31.2675 17.4615
v  -24.2993 -31.6224 17.4669
v  -24.0004 -31.6795 17.6221
v  -23.9557 -31.6195 17.9975
v  -24.4354 -31.5460 18.0143
v  -24.3648 -31.1279 17.8274
v  -22.9699 -29.0536 14.3624
v  -23.1307 -29.7539 14.6403
v  -23.4783 -29.6651 14.4983
v  -23.3178 -28.8078 14.1784
v  -22.6614 -29.0109 14.8142
v  -22.8886 -29.7201 15.0242
v  -22.8358 -29.6019 15.4296
v  -22.5751 -28.8980 15.2527
v  -23.1518 -29.3382 15.7211
v  -22.8009 -28.5663 15.4893
v  -23.2918 -28.7088 15.3867
v  -23.4653 -29.2801 15.5360
v  -23.5890 -28.8492 14.9998
v  -23.6749 -29.3668 15.1335
v  -23.6918 -29.5144 14.6929
v  -23.6180 -28.9697 14.4976
v  -23.6458 -30.1565 14.7777
v  -23.3959 -30.2932 14.9417
v  -23.2461 -30.3305 15.2765
v  -23.2428 -30.2021 15.6467
v  -23.4345 -29.9464 15.8677
v  -23.6478 -29.8042 15.6597
v  -23.7805 -29.8319 15.3099
v  -23.7976 -29.9498 14.9262
v  -23.0459 -28.1932 15.2142
v  -23.1779 -28.4482 15.3083
v  -22.5170 -28.6984 14.6816
v  -22.8632 -28.7172 14.2370
v  -22.3975 -28.5954 15.1288
v  -23.5816 -28.6939 14.4292
v  -23.4906 -28.4509 14.3433
v  -21.7917 -25.8843 14.4972
v  -21.1914 -26.4189 14.7467
v  -21.2504 -26.0700 14.5331
v  -21.5921 -25.6199 14.6939
v  -21.5606 -25.3545 14.5917
v  -21.8095 -25.0221 15.4747
v  -21.8066 -24.8485 15.3510
v  -21.6814 -25.0486 14.4446
v  -21.5409 -24.2704 15.1214
v  -21.5756 -24.4883 14.5791
v  -21.7322 -24.7537 14.7282
v  -21.7326 -24.5994 15.2389
v  -20.7687 -26.1449 14.7786
v  -20.7591 -26.3383 14.4549
v  -20.6646 -26.2199 13.7947
v  -21.0251 -26.1744 13.1360
v  -21.5916 -25.9013 12.8608
v  -21.9465 -25.5254 13.1197
v  -22.0446 -25.4776 13.7957
v  -21.9039 -25.1457 13.7630
v  -21.7320 -25.5629 14.3032
v  -21.6764 -25.0312 14.1071
v  -22.4166 -27.0448 14.8601
v  -22.5950 -27.3900 14.9646
v  -22.1270 -27.4796 15.1246
v  -21.8660 -27.0720 15.0106
v  -21.8616 -27.6870 14.7782
v  -21.7122 -27.4674 14.7058
v  -22.0250 -27.8099 14.3521
v  -21.8688 -27.5525 14.2626
v  -22.4291 -27.9396 13.8657
v  -22.2185 -27.5777 13.7126
v  -22.8703 -27.8527 13.7902
v  -22.5777 -27.2201 13.5403
v  -23.1385 -27.6244 14.0359
v  -22.9325 -27.1686 13.8522
v  -22.9078 -27.0484 14.3922
v  -23.0515 -27.4324 14.5132
v  -22.3815 -26.0714 14.1053
v  -22.3757 -26.2168 13.5065
v  -22.5502 -26.4816 13.6202
v  -22.5400 -26.3352 14.1921
v  -21.9393 -26.2331 14.6336
v  -22.0605 -26.4946 14.6982
v  -21.5509 -26.7488 14.8941
v  -21.3485 -26.5636 14.8333
v  -22.3214 -26.8766 14.8167
v  -21.2370 -26.8652 14.5311
v  -21.0088 -26.6095 14.4943
v  -21.1482 -26.6169 13.9225
v  -21.3696 -26.8774 13.9498
v  -21.5304 -26.6417 13.3410
v  -21.7185 -26.9040 13.4675
v  -22.0145 -26.5064 13.1886
v  -22.2517 -26.7834 13.3313
v  -22.7102 -26.7412 13.7055
v  -22.8264 -26.9299 13.7689
v  -23.8735 -30.1784 15.1088
v  -23.8818 -30.1216 15.4266
v  -23.8487 -30.3982 15.0582
v  -23.6514 -30.4710 15.1041
v  -23.6665 -30.4976 15.3923
v  -23.5824 -30.3264 15.6812
v  -23.9939 -30.3862 15.4642
v  -23.7666 -30.2507 15.7839
v  -23.7688 -30.0666 15.6763
v  -22.6305 -27.2201 17.5567
v  -22.2568 -26.7226 18.7469
v  -22.5958 -26.7861 18.1585
v  -22.7912 -27.2281 15.5436
v  -22.8183 -26.8878 16.2226
v  -22.3818 -26.9152 16.7763
v  -22.2085 -26.7067 14.7727
v  -23.8259 -29.5022 16.5822
v  -23.7776 -29.2192 17.0865
v  -23.5214 -29.1888 17.5629
v  -23.6158 -29.0036 16.3471
v  -23.3099 -29.3605 16.0916
v  -23.5681 -28.7298 16.8633
v  -23.2741 -28.6654 17.3583
v  -22.8335 -28.7852 17.5778
v  -22.4940 -29.0303 17.3167
v  -22.4968 -29.2898 16.8101
v  -22.7962 -29.4568 16.2758
v  -22.1518 -28.1586 14.9584
v  -22.4064 -27.9461 15.2751
v  -22.2990 -28.2994 14.5400
v  -22.7155 -28.4478 14.1010
v  -23.1479 -28.3862 14.0232
v  -23.3459 -28.0827 14.2072
v  -23.2257 -27.8367 14.6606
v  -22.8120 -27.8187 15.0965
v  -23.3895 -28.2026 14.7975
v  -23.5101 -28.4921 14.9050
v  -22.8064 -26.7868 14.3148
v  -22.6817 -26.5726 14.2642
v  -23.4754 -29.2971 18.5946
v  -23.4493 -28.9335 19.0915
v  -23.1570 -28.8654 19.6224
v  -20.5611 -26.1997 15.5923
v  -21.9705 -25.3599 15.5377
v  -22.2018 -25.7703 13.9663
v  -22.1732 -25.8909 13.3274
v  -20.9269 -26.3647 13.8032
v  -21.2949 -26.3670 13.2316
v  -21.7744 -26.1813 12.9951
v  -21.9452 -28.0952 19.6019
v  -22.3213 -27.6931 19.8022
v  -22.2626 -27.2892 20.3743
v  -21.7695 -27.1936 20.8932
v  -21.2418 -27.3865 21.0529
v  -20.9770 -27.7262 20.7905
v  -21.0841 -28.0134 20.3237
v  -21.4297 -28.1828 19.8335
v  -21.4666 -24.6606 14.0156
v  -21.4845 -24.6369 14.2389
v  -21.3080 -23.9756 14.8645
v  -21.3881 -24.2045 14.4193
v  -21.0618 -24.1520 13.0889
v  -20.7313 -23.8039 12.7963
v  -21.4594 -24.5502 13.7608
v  -21.7032 -24.8481 13.8600
v  -21.2243 -24.2904 13.5973
v  -21.5713 -24.5113 15.6273
v  -21.3758 -24.2009 15.5286
v  -21.1799 -23.9014 15.2664
v  -20.9609 -23.6255 16.9428
v  -21.1807 -24.0383 17.1369
v  -20.7371 -23.2798 16.7289
v  -17.0918 -23.6064 15.7729
v  -17.9479 -24.0607 15.3844
v  -17.0877 -23.4223 14.8493
v  -16.5176 -23.2595 15.4386
v  -17.8452 -24.1836 16.2677
v  -17.1945 -23.7426 16.2777
v  -17.1813 -23.7841 16.8028
v  -17.7221 -24.1967 16.9612
v  -17.0044 -23.6816 17.7810
v  -17.4047 -23.7999 18.1908
v  -17.6197 -24.0727 17.6053
v  -17.1507 -23.7614 17.3108
v  -16.0065 -22.9298 14.6261
v  -15.8500 -22.8809 15.3581
v  -14.9217 -22.0625 14.7362
v  -15.2415 -22.3666 15.6181
v  -14.4379 -21.6207 15.9015
v  -14.8196 -22.1809 16.2911
v  -17.2856 -23.1648 18.1725
v  -17.6185 -23.3016 18.3629
v  -15.3566 -22.0094 19.1348
v  -14.9800 -21.3513 18.6133
v  -15.6864 -21.0127 18.7063
v  -16.0625 -21.5775 19.0922
v  -16.5296 -21.1953 18.5302
v  -16.7529 -21.8171 18.9035
v  -17.2764 -22.5597 18.2402
v  -17.4518 -22.3926 18.2919
v  -17.0825 -21.8407 18.2955
v  -17.0583 -21.4456 18.0680
v  -16.3480 -22.9552 19.8493
v  -16.9726 -22.9034 19.4599
v  -15.3690 -23.8639 19.1255
v  -15.6919 -24.0557 18.8288
v  -15.3538 -23.5766 19.3889
v  -15.7275 -23.1530 19.6696
v  -16.0467 -24.2899 18.5223
v  -17.2388 -23.2478 18.9504
v  -17.2478 -23.4421 18.6169
v  -17.2344 -23.8217 18.4703
v  -17.1221 -24.2508 18.2172
v  -16.5763 -24.3961 18.2574
v  -16.6402 -22.5793 19.5722
v  -16.3165 -22.6335 19.6913
v  -16.2319 -22.3093 19.5175
v  -16.6089 -22.2836 19.3882
v  -15.9665 -22.7292 19.6510
v  -15.8285 -22.5007 19.5097
v  -15.1675 -23.0988 19.1412
v  -15.4677 -22.7116 19.4273
v  -15.2374 -23.5333 18.7354
v  -15.6423 -23.7753 18.4062
v  -16.0257 -23.9980 18.1256
v  -16.5211 -24.0925 17.9461
v  -17.0236 -23.9592 17.9911
v  -17.1847 -23.5868 18.2307
v  -17.2384 -23.1958 18.4640
v  -17.2235 -22.7952 18.7682
v  -16.9731 -22.3921 19.1908
v  -17.2470 -22.8654 18.3046
v  -17.1518 -22.3170 18.5564
v  -16.1646 -21.9847 19.3103
v  -16.5169 -22.0005 19.2121
v  -15.7793 -22.1284 19.3561
v  -14.9177 -22.5661 18.8036
v  -15.0285 -23.1413 18.2079
v  -15.5260 -23.3953 17.8203
v  -15.9502 -23.5987 17.5890
v  -16.4080 -23.7847 17.5338
v  -16.9299 -23.7142 17.8163
v  -17.1827 -23.3147 18.1165
v  -14.2956 -21.3761 17.1567
v  -14.6277 -22.1961 16.9994
v  -14.5409 -21.8830 18.2509
v  -14.7475 -22.5943 17.6307
v  -16.3288 -23.5222 17.1809
v  -16.3176 -23.4094 16.9308
v  -16.5000 -23.3822 16.6314
v  -16.6179 -23.3882 16.2562
v  -16.6311 -23.3886 15.9420
v  -16.3096 -23.1282 15.8130
v  -15.8991 -22.8902 15.7153
v  -15.2677 -22.9521 17.2325
v  -15.1533 -22.5877 16.8352
v  -15.2941 -22.5229 16.4268
v  -15.6334 -22.6992 15.9848
v  -15.7964 -23.2083 17.0955
v  -15.7643 -23.0025 16.8253
v  -15.8528 -22.9776 16.5033
v  -16.1067 -23.0402 16.1460
v  -18.0536 -24.0046 18.4823
v  -18.1448 -24.3538 17.8422
v  -18.2408 -24.5531 17.1534
v  -18.5098 -24.5579 16.4156
v  -18.7422 -24.6172 15.6047
v  -18.9070 -24.7555 14.7454
v  -18.9697 -24.8430 14.1063
v  -19.0062 -24.9290 13.2366
v  -19.0892 -24.9750 12.3987
v  -17.9895 -21.3979 17.2117
v  -18.6860 -21.4172 16.5698
v  -19.3064 -21.5407 15.8462
v  -19.7919 -21.7907 15.0958
v  -20.0617 -22.1404 14.3178
v  -20.1705 -22.4117 13.5825
v  -20.1508 -22.6401 13.0382
v  -20.0625 -22.9271 12.2868
v  -19.5718 -23.3530 11.7645
v  -18.4372 -24.4110 14.2797
v  -18.2262 -24.2842 12.1044
v  -18.4259 -24.4849 13.1516
v  -17.9203 -22.3728 18.3232
v  -17.3969 -21.3450 17.7173
v  -14.2863 -20.8837 14.9738
v  -14.6394 -21.2098 13.9749
v  -15.7387 -22.4685 13.3503
v  -15.1859 -21.6290 12.8394
v  -14.1291 -20.5371 15.6991
v  -14.4685 -20.1592 16.1487
v  -14.6017 -20.8125 17.8024
v  -14.9768 -19.8868 16.2411
v  -15.2868 -20.4473 17.9305
v  -15.6628 -19.7506 16.0671
v  -16.1552 -20.5193 17.7804
v  -16.3441 -19.7224 15.6793
v  -16.7545 -20.5684 16.8745
v  -17.4181 -20.5510 16.2845
v  -17.0209 -19.7426 15.1978
v  -15.7821 -21.8729 12.0065
v  -16.4832 -22.8512 12.3549
v  -18.1126 -20.5416 15.7150
v  -17.5940 -19.7265 14.7201
v  -19.1279 -20.7979 14.3367
v  -18.6967 -20.6189 15.0493
v  -18.0435 -19.8017 14.1335
v  -18.3918 -19.9451 13.5107
v  -18.6083 -20.1573 12.8521
v  -19.4127 -21.0442 13.5876
v  -18.6798 -20.4045 12.1953
v  -19.5615 -21.3113 12.8311
v  -18.2856 -21.0408 11.2343
v  -17.8276 -21.4026 10.9588
v  -18.7568 -22.3670 11.3088
v  -19.2479 -21.9179 11.7435
v  -17.3628 -23.1169 11.6046
v  -18.0610 -22.8583 11.1938
v  -17.1915 -21.7564 10.9772
v  -16.4664 -21.9320 11.3620
v  -16.5669 -23.1760 13.6130
v  -17.4392 -23.7196 13.8849
v  -17.8736 -24.0346 12.9566
v  -17.2414 -23.6291 12.6866
v  -18.8688 -23.9396 11.5420
v  -18.5835 -20.6926 11.6360
v  -19.5317 -21.5924 12.2030
v  -14.5333 -20.1452 13.3187
v  -14.5097 -19.8114 13.9914
v  -14.6685 -20.4496 12.5483
v  -14.5575 -19.5573 14.5327
v  -14.7278 -19.2924 14.9473
v  -15.1317 -19.0588 15.0200
v  -15.6400 -18.8828 14.8888
v  -16.2003 -18.8214 14.5841
v  -16.7439 -18.8352 14.1510
v  -14.9892 -20.6589 11.8550
v  -17.1720 -18.9244 13.6325
v  -17.4750 -19.0954 13.0812
v  -17.6890 -19.2842 12.5252
v  -17.7378 -19.5185 11.9782
v  -17.3840 -20.0195 11.1108
v  -17.0314 -20.2739 10.8476
v  -16.5430 -20.5091 10.7208
v  -15.9969 -20.6703 10.8909
v  -15.4679 -20.7251 11.2867
v  -17.6527 -19.7569 11.4761
v  -22.0273 -27.2903 13.6254
v  -21.6817 -27.2795 14.1496
v  -21.5071 -27.1931 14.6194
v  -0.1923 -2.4858 -2.3256
v  0.5211 -1.7571 -2.7200
v  0.9055 -2.5140 -2.9745
v  -0.0016 -3.1578 -2.4809
v  3.6041 -4.9678 -1.6747
v  2.5716 -4.7640 -2.3586
v  3.8487 -3.5060 -2.9204
v  4.7249 -3.7722 -2.1551
v  5.4798 -3.9415 -1.1124
v  4.4909 -5.0250 -0.7482
v  6.0133 -3.9766 0.2187
v  5.0573 -4.9025 0.5555
v  1.2167 -3.3133 -3.0794
v  2.4012 -2.3382 -3.5617
v  2.9717 -3.0298 -3.3734
v  1.3638 -4.3524 -2.7867
v  1.9117 -1.6007 -3.4641
v  1.0004 -0.0324 -2.6998
v  -0.0342 -1.0959 -2.3231
v  -0.3934 -0.1790 -1.7109
v  1.4565 -0.8259 -3.1542
v  -0.4319 0.7655 -0.8762
v  -1.6102 -0.3207 -0.2584
v  -1.4072 0.4336 0.7499
v  -0.1795 1.6429 0.2396
v  -1.5107 -1.2964 -1.0793
v  -1.0107 -2.4412 -1.7431
v  -0.2482 0.4220 2.9279
v  0.6556 1.3780 2.7892
v  0.1382 1.7253 1.6356
v  -0.9433 0.6455 1.9082
v  1.6966 2.3727 3.1384
v  1.3489 2.8751 1.8546
v  1.3442 0.7899 3.6747
v  2.3035 1.7431 4.0128
v  5.9722 -3.6162 1.7109
v  5.2100 -4.4182 1.9620
v  6.9273 -2.7040 1.7518
v  6.5014 -2.2054 3.1177
v  5.6257 -3.0693 3.0101
v  4.9935 -3.7171 3.1861
v  4.9988 -2.3966 3.9303
v  4.4461 -2.9477 4.0824
v  1.6489 -0.6198 4.3419
v  2.2392 0.0610 4.2730
v  0.6501 0.0039 3.7692
v  2.6649 -1.3648 4.6165
v  3.2455 -0.7722 4.4750
v  4.0872 0.0644 4.8015
v  3.1375 0.9462 4.5646
v  5.8465 -1.5503 4.1188
v  5.0228 -0.7847 4.6624
v  4.2009 -1.6114 4.4052
v  3.6181 -2.1653 4.5254
v  -0.9203 -3.8001 -1.8944
v  -0.2283 -4.4685 -2.2724
v  0.2795 -3.7111 -2.6407
v  3.3193 -6.1392 0.1167
v  2.3719 -6.2170 -0.7772
v  4.0678 -5.8628 1.2785
v  -4.3154 -11.9651 3.7217
v  -5.1030 -11.6395 3.0637
v  -1.6555 -10.0772 2.6531
v  -0.9763 -9.9900 3.6270
v  1.1221 -8.3048 2.9709
v  1.5094 -7.8305 4.1253
v  -0.5294 -9.6739 4.7351
v  -3.5661 -12.1100 4.6048
v  -7.2349 -13.9807 4.5631
v  -7.9886 -13.4571 4.0412
v  -0.3402 -9.1688 5.8466
v  -3.1080 -11.8665 5.7187
v  -6.5189 -14.2549 5.3956
v  -10.0238 -15.9445 5.5104
v  -10.7736 -15.3396 5.1359
v  -2.8745 -11.4840 6.8381
v  -5.9064 -14.2738 6.4009
v  -9.0660 -16.4091 6.2939
v  -11.2232 -18.0872 7.0227
v  -12.1474 -17.5473 6.4318
v  -5.5061 -14.0295 7.4460
v  -8.2608 -16.4701 7.3834
v  -10.3195 -18.2163 8.0693
v  -11.8797 -19.4862 8.9251
v  -12.7226 -19.3739 7.9130
v  -7.7931 -16.1102 8.4253
v  -9.7156 -17.9571 9.1871
v  -11.3092 -19.2888 10.1073
v  -12.5643 -20.4482 11.1029
v  -13.1086 -20.5368 9.9912
v  -9.4423 -17.4214 10.2059
v  -11.0001 -18.8876 11.2003
v  -12.5712 -19.9731 12.1417
v  -11.0824 -18.2513 12.0894
v  -12.7644 -19.3881 13.0487
v  -12.9079 -18.9584 13.6934
v  -13.8677 -20.4562 8.9106
v  -14.8155 -19.9777 8.2498
v  -13.6099 -18.8883 7.3476
v  -15.7962 -19.2727 7.9338
v  -14.5195 -18.1161 7.1508
v  -12.9707 -16.8052 6.1926
v  -15.3568 -17.2390 7.2619
v  -13.7089 -15.9291 6.3394
v  -11.4369 -14.5919 5.0326
v  -14.2091 -15.0780 6.9221
v  -11.9218 -13.8299 5.2510
v  -8.7281 -12.8495 3.7488
v  -12.2750 -13.0694 5.7437
v  -9.3232 -12.1753 3.7674
v  -5.8395 -11.2177 2.5769
v  -9.8048 -11.4469 4.0482
v  -6.5287 -10.6480 2.3903
v  -3.2299 -9.5496 1.3401
v  -2.4267 -9.9283 1.8690
v  -7.2244 -9.9979 2.4470
v  -4.2601 -9.0335 1.1536
v  -2.2341 -7.9069 0.1732
v  -1.1510 -8.3506 0.4669
v  -0.2285 -8.5948 1.0800
v  -2.6856 -2.4443 -0.1355
v  -2.7312 -1.4645 0.6847
v  -2.3787 -3.5968 -0.7497
v  -8.4396 -7.9443 4.5329
v  -8.2552 -7.5103 5.5610
v  -6.7511 -6.2045 3.3365
v  -6.6175 -6.9772 2.3486
v  -4.9704 -5.8672 1.0605
v  -4.3812 -6.7086 0.4793
v  -6.1372 -7.7605 1.6230
v  -8.3498 -8.5212 3.5733
v  -10.1247 -9.5986 6.3926
v  -9.8518 -9.3141 7.3056
v  -5.2988 -8.4624 1.1961
v  -7.9155 -9.2162 2.8865
v  -10.2561 -10.0405 5.4696
v  -12.1070 -11.3240 8.2305
v  -11.5848 -11.1507 9.2276
v  -10.1286 -10.6959 4.6614
v  -12.4131 -11.7224 7.2915
v  -14.2915 -13.1925 9.2373
v  -13.7872 -13.0710 9.9663
v  -12.4398 -12.3563 6.4083
v  -14.4704 -13.6347 8.5090
v  -15.9447 -15.0849 9.5744
v  -15.7116 -14.7175 10.4085
v  -14.4339 -14.3113 7.7328
v  -16.0093 -15.6620 8.7262
v  -17.1997 -16.9562 9.6438
v  -17.1593 -16.4818 10.5389
v  -15.8565 -16.3887 7.8842
v  -17.1153 -17.5715 8.6715
v  -16.5948 -18.4428 8.0308
v  -16.8767 -16.2380 11.4667
v  -16.4187 -16.2850 12.2182
v  -15.1809 -14.6518 11.1929
v  -15.8799 -16.4258 12.9202
v  -14.5681 -14.7655 11.9403
v  -13.1506 -13.0665 10.7459
v  -13.8487 -15.0182 12.6477
v  -12.4360 -13.2707 11.4466
v  -10.9062 -11.2631 10.0544
v  -11.6957 -13.6323 12.0001
v  -10.2254 -11.5795 10.5950
v  -9.4109 -9.2134 8.1898
v  -9.5483 -12.0319 11.0239
v  -8.7417 -9.4300 8.9961
v  -7.8609 -7.2671 6.5294
v  -8.0041 -9.8458 9.5940
v  -7.2552 -7.3466 7.2992
v  -6.2034 -5.2052 5.1302
v  -6.5946 -5.5919 4.2620
v  -6.5035 -7.6503 7.9565
v  -5.5431 -5.1568 6.0248
v  -4.2988 -3.2521 4.5087
v  -4.8926 -3.5349 3.5712
v  -5.1805 -4.1730 2.7056
v  -1.9760 -0.4602 2.6587
v  -1.1598 -0.6182 3.6301
v  4.2116 -4.5510 3.8015
v  4.3138 -5.2986 2.6055
v  3.6702 -3.7634 4.6709
v  -0.5509 -8.5517 6.7382
v  1.1419 -6.5315 6.0938
v  0.4392 -5.8784 6.6050
v  -1.1011 -7.9711 7.3151
v  -2.9074 -10.9855 7.7900
v  -1.8544 -7.3756 7.5857
v  -3.2871 -10.3373 8.4282
v  -5.3746 -13.5162 8.4337
v  -3.9066 -9.5959 8.7711
v  -5.4615 -12.8391 9.2898
v  -7.5997 -15.4893 9.4655
v  -5.8802 -12.0057 9.8292
v  -7.6715 -14.7771 10.2686
v  -9.5059 -16.7389 11.0363
v  -7.9512 -14.0315 10.8444
v  -9.6728 -16.0902 11.7024
v  -11.2417 -17.6545 12.7840
v  -9.9292 -15.4292 12.2019
v  -11.5027 -17.0585 13.2589
v  -13.2433 -18.3867 14.2039
v  -11.9442 -16.4216 13.5034
v  -13.6882 -17.7632 14.5050
v  -14.1670 -17.3407 14.3836
v  -14.8151 -16.9008 14.0064
v  -15.3447 -16.6478 13.4691
v  -13.1281 -15.3341 13.2098
v  -12.5016 -15.8296 13.4499
v  -11.0076 -14.1260 12.3429
v  -10.4134 -14.7207 12.4074
v  -8.8575 -12.6946 11.2821
v  -8.3406 -13.3563 11.1830
v  -7.2365 -10.4296 9.9670
v  -6.5054 -11.1627 10.0571
v  -5.7007 -8.0545 8.4941
v  -4.7490 -8.7913 8.7878
v  -3.7077 -5.9263 7.3213
v  -4.6991 -5.3958 6.7698
v  -2.7132 -6.6361 7.6172
v  -1.3936 -4.4181 6.6816
v  -2.4616 -3.7323 6.1976
v  -3.4655 -3.3466 5.4288
v  1.9279 -2.2263 5.2591
v  2.8891 -2.9781 5.1630
v  0.8613 -1.5400 5.0049
v  0.1226 -5.7914 -1.7751
v  -1.1649 -5.4562 -1.5679
v  -3.4408 -7.3862 0.1784
v  0.5468 -8.5760 1.9320
v  1.1467 -7.3713 0.1908
v  2.0701 -7.2863 1.0445
v  2.7704 -6.9518 2.1534
v  3.1279 -6.4043 3.3850
v  0.1466 -7.2418 -0.4672
v  -0.9956 -6.8824 -0.7765
v  1.2980 -6.0954 -1.4254
v  -3.9071 -3.6731 0.7504
v  -5.2175 -4.9827 1.8400
v  -3.9402 -2.7154 1.5710
v  -3.6203 -4.7044 0.0972
v  -1.9954 -4.6919 -1.1905
v  -3.0955 -5.6604 -0.3881
v  -3.0785 -1.7625 3.5037
v  -2.5162 -0.7385 1.6233
v  -3.6757 -2.0302 2.5153
v  -2.2539 -1.8445 4.4471
v  1.5720 -7.1947 5.2537
v  3.0362 -5.7216 4.5215
v  2.5623 -4.9633 5.3917
v  1.7898 -4.2256 5.8808
v  -0.1627 -2.7258 5.8441
v  -0.2009 -0.9818 4.4443
v  -1.2645 -2.1848 5.2667
v  0.8736 -3.4703 6.0310
v  -0.4037 -5.1446 6.8196
v  -2.1715 -6.3907 -0.7352
# 1056 vertices

vn -0.3215 -0.9008 0.2918
vn 0.7666 -0.5678 0.2998
vn 0.7466 -0.6440 0.1667
vn -0.5079 -0.8367 0.2050
vn -0.0870 -0.8957 0.4361
vn 0.7750 -0.4428 0.4509
vn 0.0198 -0.7020 0.7119
vn 0.6524 -0.0977 0.7516
vn 0.6128 -0.7387 -0.2807
vn -0.6754 -0.6761 0.2946
vn -0.6316 -0.7430 0.2214
vn 0.6998 -0.7139 -0.0244
vn 0.4778 -0.7101 -0.5172
vn -0.6494 -0.6513 0.3924
vn -0.3872 -0.2373 -0.8909
vn -0.6730 -0.0176 -0.7394
vn -0.7477 -0.6641 0.0020
vn -0.5803 -0.8042 0.1286
vn -0.5373 -0.7836 0.3120
vn -0.0137 -0.4578 -0.8890
vn -0.5647 -0.7074 0.4251
vn 0.2793 -0.6189 -0.7341
vn -0.9081 0.3242 -0.2652
vn -0.9779 -0.2053 0.0406
vn -0.8976 -0.4328 -0.0838
vn -0.8158 0.1442 -0.5600
vn -0.8836 0.4637 0.0652
vn -0.9651 0.0214 0.2611
vn -0.0958 -0.1915 0.9768
vn 0.2231 0.3592 0.9062
vn -0.3010 0.2273 0.9261
vn -0.1381 0.5677 0.8115
vn -0.5087 0.3958 0.7646
vn -0.3868 0.6363 0.6674
vn -0.6732 0.4203 0.6084
vn -0.5639 0.6429 0.5184
vn -0.8132 0.3105 0.4922
vn -0.7029 0.6059 0.3726
vn -0.8940 0.1915 0.4051
vn -0.7986 0.5453 0.2547
vn -0.6592 0.2060 0.7232
vn -0.2209 0.0755 0.9724
vn -0.1312 0.4563 0.8801
vn -0.6793 0.4783 0.5566
vn -0.8667 -0.4562 0.2016
vn -0.9935 0.0069 -0.1133
vn -0.5658 -0.7761 -0.2785
vn -0.5962 -0.5630 -0.5723
vn -0.1274 -0.7964 -0.5912
vn -0.2628 -0.9474 -0.1827
vn 0.3258 -0.1251 0.9371
vn 0.5165 0.1083 0.8494
vn -0.3743 -0.7722 0.5134
vn 0.3433 -0.8117 0.4726
vn 0.8177 -0.5075 0.2717
vn 0.1590 -0.9832 -0.0892
vn 0.4153 -0.8404 -0.3482
vn -0.6951 0.5005 0.5161
vn -0.9698 0.1755 -0.1696
vn -0.1610 0.4555 0.8755
vn 0.5524 0.1160 0.8255
vn 0.8983 -0.3990 0.1839
vn 0.5581 -0.6806 -0.4746
vn -0.0454 -0.6477 -0.7606
vn -0.6141 -0.3555 -0.7047
vn -0.7015 0.4865 0.5208
vn -0.9560 0.2563 -0.1430
vn -0.6226 -0.2525 -0.7407
vn -0.1644 0.4547 0.8754
vn 0.5127 0.1724 0.8411
vn 0.9367 -0.2898 0.1966
vn 0.6513 -0.5772 -0.4926
vn 0.0206 -0.5735 -0.8189
vn -0.6363 0.4899 0.5959
vn -0.7407 0.5118 0.4352
vn -0.1602 0.4813 0.8618
vn -0.1297 0.4638 0.8764
vn 0.4100 0.2990 0.8617
vn 0.5749 0.2053 0.7920
vn 0.6928 -0.5692 -0.4429
vn 0.1000 -0.6463 -0.7565
vn -0.6733 -0.3212 -0.6660
vn -0.9698 0.2190 -0.1070
vn -0.7266 -0.3151 -0.6105
vn 0.6107 0.2144 0.7623
vn -0.1030 0.4570 0.8835
vn 0.9579 -0.2373 0.1614
vn 0.7168 -0.5455 -0.4343
vn 0.1308 -0.6630 -0.7371
vn 0.7347 -0.6637 -0.1404
vn 0.6731 -0.7353 -0.0792
vn 0.7314 -0.6460 -0.2187
vn 0.1789 -0.6761 -0.7148
vn 0.6844 -0.5544 -0.4736
vn 0.9478 -0.2366 0.2137
vn 0.5870 0.1922 0.7865
vn -0.7629 0.4677 0.4463
vn -0.9852 0.1694 -0.0254
vn -0.7669 0.3945 0.5063
vn -0.0835 0.4341 0.8970
vn -0.7348 -0.3609 -0.5743
vn 0.5871 -0.8088 -0.0331
vn 0.6603 -0.7506 0.0217
vn 0.6169 -0.7835 -0.0746
vn 0.5423 -0.8319 -0.1176
vn 0.2244 -0.7846 -0.5780
vn 0.3453 -0.8301 -0.4378
vn -0.4566 -0.0137 -0.8896
vn -0.4864 0.0572 -0.8719
vn -0.1327 -0.4744 -0.8702
vn -0.2346 -0.3434 -0.9094
vn -0.8484 0.4616 -0.2590
vn -0.8683 0.4913 -0.0688
vn -0.7653 0.6375 -0.0890
vn -0.7650 0.5512 -0.3331
vn -0.7949 0.1625 -0.5846
vn 0.7128 -0.6941 -0.1009
vn 0.6252 -0.7762 -0.0818
vn 0.7059 -0.7055 -0.0624
vn 0.6519 -0.7427 -0.1530
vn 0.7331 -0.6655 -0.1401
vn 0.7595 -0.4196 0.4971
vn 0.7490 -0.6605 0.0513
vn 0.6862 -0.7167 0.1244
vn 0.7121 -0.3465 0.6106
vn -0.6050 0.7118 0.3569
vn -0.7080 0.5417 0.4532
vn -0.4607 0.5446 0.7009
vn -0.3215 0.6698 0.6694
vn -0.0778 0.5424 0.8365
vn -0.2304 0.4921 0.8395
vn 0.2109 0.2731 0.9386
vn 0.1953 0.3479 0.9170
vn 0.0847 0.3181 0.9443
vn -0.2842 0.5653 0.7744
vn -0.7125 0.6820 -0.1648
vn -0.6838 0.6289 -0.3700
vn -0.8627 0.3862 0.3264
vn -0.7447 0.5743 0.3400
vn -0.6296 0.5888 0.5068
vn -0.7275 0.4057 0.5533
vn -0.7678 0.6222 0.1529
vn -0.8735 0.4671 0.1372
vn -0.9811 0.1579 -0.1120
vn -0.9175 0.3341 -0.2157
vn -0.8961 0.4425 0.0340
vn -0.9230 0.3036 0.2363
vn -0.8751 0.4085 0.2594
vn -0.7871 0.5878 0.1869
vn -0.8917 0.4316 -0.1363
vn -0.9453 0.3043 -0.1173
vn -0.8560 0.4988 -0.1357
vn -0.8236 0.5669 -0.0183
vn -0.8378 0.5346 -0.1109
vn -0.7120 0.6887 0.1366
vn -0.6510 0.6491 0.3936
vn -0.6479 0.6681 0.3657
vn -0.5112 0.0320 -0.8589
vn -0.0786 -0.4470 -0.8911
vn -0.7965 0.6000 -0.0750
vn -0.8311 0.5004 -0.2424
vn -0.8606 0.4760 -0.1812
vn -0.7566 0.6440 0.1133
vn -0.7725 0.6233 0.1217
vn -0.8491 0.5279 -0.0192
vn -0.8670 0.4902 -0.0896
vn -0.8132 0.5721 -0.1071
vn -0.6475 0.6837 0.3367
vn 0.5192 -0.6922 -0.5013
vn 0.6097 -0.5479 -0.5727
vn -0.1743 -0.4669 -0.8670
vn 0.8862 -0.4416 -0.1403
vn 0.8018 -0.5935 -0.0698
vn 0.8172 -0.2617 0.5135
vn 0.8760 -0.1663 0.4527
vn 0.2465 0.3098 0.9183
vn -0.4399 0.5868 0.6799
vn -0.6352 0.4898 0.5972
vn -0.8621 0.4763 0.1733
vn -0.8972 0.3807 0.2237
vn -0.8874 0.1206 -0.4449
vn -0.9636 0.1266 -0.2356
vn -0.0961 -0.5112 -0.8541
vn 0.5975 -0.5662 -0.5679
vn 0.8854 -0.4519 -0.1086
vn 0.8598 -0.1564 0.4861
vn 0.2285 0.2914 0.9289
vn -0.5675 0.4043 0.7172
vn -0.5994 0.4243 0.6788
vn -0.9292 0.2540 0.2684
vn -0.9365 0.2602 0.2350
vn -0.9140 -0.0671 -0.4002
vn -0.9125 -0.0587 -0.4048
vn -0.8438 0.0359 -0.5354
vn -0.8461 0.0481 -0.5308
vn -0.8480 0.4753 0.2344
vn -0.8363 0.4863 0.2531
vn 0.3876 0.2869 0.8761
vn 0.8912 -0.2869 0.3514
vn 0.8977 -0.3099 0.3133
vn 0.3945 0.2854 0.8735
vn 0.8231 -0.5450 -0.1595
vn 0.8052 -0.5732 -0.1521
vn 0.5143 -0.6328 -0.5789
vn 0.4912 -0.6530 -0.5765
vn -0.2049 -0.4410 -0.8738
vn -0.2510 -0.4455 -0.8594
vn -0.3403 0.5669 0.7502
vn -0.3282 0.5701 0.7532
vn -0.7935 0.5661 0.2235
vn -0.8962 0.1946 -0.3987
vn -0.3920 0.6436 0.6573
vn 0.8231 -0.4068 0.3963
vn 0.7419 -0.6701 -0.0244
vn 0.4232 -0.7883 -0.4466
vn -0.9340 0.3081 0.1810
vn -0.9469 0.0191 -0.3209
vn -0.9809 -0.0198 -0.1936
vn -0.9657 0.1610 0.2039
vn -0.2144 -0.5608 -0.7997
vn -0.5137 -0.7765 -0.3650
vn 0.4901 -0.7224 -0.4878
vn 0.1994 -0.9519 -0.2328
vn 0.7665 -0.6399 0.0542
vn 0.2663 -0.8956 0.3563
vn 0.7198 -0.2739 0.6378
vn 0.3464 -0.4822 0.8046
vn 0.0717 0.3021 0.9506
vn -0.3040 -0.0687 0.9502
vn -0.6329 -0.6348 0.4433
vn -0.6973 0.4562 0.5528
vn -0.7893 0.3563 0.5000
vn -0.7681 0.4310 0.4735
vn -0.7928 0.4942 0.3566
vn -0.2717 0.5670 0.7776
vn 0.2403 0.2999 0.9232
vn 0.7857 -0.3930 0.4777
vn 0.7631 -0.6457 0.0255
vn -0.6724 0.4900 0.5547
vn -0.9100 0.3440 0.2315
vn 0.6899 -0.7173 -0.0977
vn 0.6965 -0.7167 -0.0356
vn -0.7443 0.6463 0.1681
vn -0.7585 0.6387 0.1292
vn -0.2463 0.6650 0.7050
vn -0.2232 0.6578 0.7194
vn -0.7817 0.1175 -0.6125
vn -0.7938 0.1549 -0.5882
vn 0.3379 0.3242 0.8836
vn 0.7941 -0.4060 0.4524
vn 0.7220 -0.6919 0.0034
vn 0.4106 -0.7814 -0.4699
vn -0.2468 -0.4983 -0.8311
vn -0.2285 -0.6227 -0.7484
vn 0.4711 -0.8537 -0.2220
vn 0.4312 -0.7906 -0.4348
vn -0.2399 -0.4516 -0.8594
vn -0.7391 0.6495 0.1786
vn -0.7437 0.6216 0.2460
vn -0.9196 0.3326 -0.2090
vn -0.7804 0.1396 -0.6095
vn -0.2178 0.6722 0.7076
vn -0.2181 0.6643 0.7149
vn 0.3250 0.3631 0.8732
vn 0.2815 0.3890 0.8772
vn 0.8023 -0.3960 0.4467
vn 0.7957 -0.4005 0.4545
vn 0.7231 -0.6906 0.0126
vn 0.7158 -0.6968 0.0456
vn -0.2525 -0.3593 -0.8984
vn 0.5510 -0.6326 -0.5443
vn 0.5381 -0.5251 -0.6593
vn 0.8540 -0.5050 -0.1247
vn 0.8717 -0.4522 -0.1888
vn 0.7693 -0.1205 0.6274
vn 0.8232 -0.1473 0.5483
vn 0.1388 0.3006 0.9436
vn -0.6792 0.4775 0.5574
vn -0.5558 0.3891 0.7347
vn -0.9124 0.3843 0.1405
vn -0.9269 0.2937 0.2335
vn -0.9447 0.2357 -0.2279
vn -0.9548 0.0962 -0.2811
vn -0.3200 -0.4211 -0.8487
vn -0.2571 -0.3800 -0.8885
vn 0.5199 -0.5073 -0.6873
vn 0.4753 -0.6119 -0.6321
vn 0.8852 -0.4357 -0.1631
vn 0.8240 -0.5646 -0.0477
vn 0.8069 -0.1434 0.5730
vn 0.7382 -0.2587 0.6230
vn 0.1484 0.2541 0.9557
vn 0.0683 0.2014 0.9771
vn -0.5749 0.3861 0.7214
vn -0.6743 0.3654 0.6417
vn -0.9285 0.2869 0.2356
vn -0.9288 0.2853 0.2367
vn -0.9727 0.1053 -0.2066
vn -0.9646 0.0976 -0.2449
vn 0.2659 0.2709 0.9252
vn -0.4866 0.5842 0.6496
vn 0.6828 -0.6935 0.2300
vn 0.6597 -0.7482 -0.0700
vn -0.6119 0.4788 0.6295
vn 0.2891 0.0915 0.9529
vn -0.2460 -0.5065 -0.8264
vn -0.9292 0.1839 -0.3206
vn -0.8562 0.3493 0.3806
vn -0.9893 0.1099 -0.0960
vn -0.9416 0.2991 0.1547
vn -0.9359 0.2387 0.2590
vn 0.6155 -0.7736 -0.1508
vn 0.6053 -0.7864 -0.1233
vn -0.8724 0.0999 -0.4784
vn -0.8576 0.1488 -0.4923
vn -0.8980 0.4303 0.0916
vn -0.9133 0.3899 0.1177
vn -0.1682 -0.3815 -0.9089
vn -0.1899 -0.4074 -0.8933
vn 0.6218 -0.5554 -0.5522
vn 0.5955 -0.6115 -0.5210
vn -0.5547 0.5242 0.6462
vn -0.5501 0.4875 0.6781
vn 0.8743 -0.4730 -0.1085
vn 0.8568 -0.5045 -0.1063
vn 0.7982 -0.1236 0.5896
vn 0.7701 -0.1137 0.6277
vn 0.1606 0.3082 0.9377
vn 0.1209 0.3365 0.9339
vn -0.5570 0.4754 0.6810
vn -0.9156 0.3798 0.1321
vn -0.8849 0.0984 -0.4552
vn -0.2319 -0.3594 -0.9039
vn 0.1923 0.3213 0.9272
vn 0.5951 -0.5635 -0.5730
vn 0.8630 -0.4935 -0.1081
vn 0.8060 -0.1557 0.5711
vn 0.2247 -0.8836 -0.4109
vn -0.4796 -0.7516 -0.4529
vn -0.9907 0.0649 -0.1198
vn 0.4574 -0.4975 0.7371
vn -0.1721 -0.2770 0.9453
vn -0.7644 0.2922 0.5747
vn 0.3724 -0.9043 0.2087
vn -0.4877 -0.7907 0.3701
vn -0.9523 0.1816 0.2451
vn -0.7919 0.2006 -0.5768
vn -0.8140 0.2395 -0.5292
vn -0.8312 0.5549 0.0334
vn -0.8378 0.5446 0.0381
vn -0.4464 0.6441 0.6212
vn -0.4044 0.6210 0.6714
vn 0.2449 0.3067 0.9198
vn 0.7698 -0.2479 0.5882
vn 0.7648 -0.3402 0.5472
vn 0.7829 -0.6196 -0.0561
vn 0.7412 -0.6676 -0.0710
vn 0.4848 -0.7092 -0.5119
vn 0.4586 -0.7179 -0.5237
vn -0.2265 -0.3997 -0.8882
vn 0.4674 -0.7204 -0.5124
vn -0.2354 -0.3586 -0.9033
vn 0.5225 -0.8296 -0.1971
vn -0.7785 0.1610 -0.6067
vn -0.8614 0.5058 0.0462
vn -0.8900 0.4517 0.0628
vn -0.3960 0.5921 0.7018
vn 0.2983 0.2716 0.9150
vn 0.7627 -0.3617 0.5362
vn 0.7000 -0.7080 -0.0938
vn 0.6201 -0.7818 -0.0652
vn -0.2868 0.7414 0.6067
vn -0.5002 0.7869 0.3613
vn -0.6748 0.7156 0.1802
vn -0.5575 0.6708 0.4890
vn -0.4070 0.6401 0.6516
vn -0.5418 0.7021 0.4621
vn -0.2308 -0.3563 -0.9054
vn 0.5756 -0.6035 -0.5518
vn 0.6449 -0.4877 -0.5884
vn 0.8495 -0.5269 -0.0284
vn 0.9200 -0.3830 -0.0830
vn 0.7992 -0.2693 0.5373
vn 0.8833 -0.1824 0.4318
vn 0.1930 0.2410 0.9511
vn -0.7119 0.4471 0.5416
vn -0.6372 0.3770 0.6722
vn -0.9268 0.3411 0.1574
vn -0.9511 0.2610 0.1654
vn -0.9533 0.1473 -0.2636
vn -0.9080 0.0130 -0.4187
vn -0.1507 -0.5584 -0.8157
vn -0.1549 -0.4258 -0.8915
vn 0.6635 -0.5318 -0.5263
vn 0.5905 -0.7179 -0.3687
vn 0.9201 -0.3906 -0.0286
vn 0.8227 -0.5553 0.1217
vn 0.8567 -0.1633 0.4892
vn 0.7507 -0.2647 0.6052
vn 0.2270 0.2113 0.9507
vn 0.1324 0.2068 0.9694
vn -0.6152 0.3997 0.6795
vn -0.6454 0.4524 0.6155
vn -0.9444 0.3051 0.1228
vn -0.9220 0.3761 0.0917
vn -0.8914 0.0359 -0.4518
vn -0.8863 0.0740 -0.4572
vn 0.7110 -0.6920 0.1249
vn 0.6858 -0.7278 -0.0054
vn 0.7416 -0.6687 -0.0538
vn 0.5433 -0.8372 -0.0630
vn 0.7220 -0.6888 -0.0651
vn 0.4878 -0.8725 -0.0280
vn 0.5592 -0.8285 -0.0290
vn -0.8675 0.4975 -0.0023
vn -0.7534 0.1968 -0.6274
vn -0.7552 0.2075 -0.6217
vn -0.8391 0.5409 0.0575
vn 0.7551 -0.6285 -0.1865
vn 0.7562 -0.6193 -0.2112
vn 0.8190 -0.5089 0.2650
vn 0.7795 -0.4855 0.3958
vn 0.5653 -0.6294 -0.5331
vn 0.5900 -0.6392 -0.4932
vn 0.2422 0.1457 0.9592
vn 0.2361 0.1754 0.9558
vn -0.4237 0.5241 0.7388
vn -0.3835 0.5334 0.7539
vn -0.1350 -0.3509 -0.9266
vn -0.1354 -0.3434 -0.9294
vn 0.7839 -0.6055 -0.1373
vn 0.7641 -0.4583 0.4541
vn 0.8092 -0.3075 0.5007
vn 0.8422 -0.5330 -0.0812
vn -0.8713 0.2648 -0.4132
vn -0.8304 0.1190 -0.5444
vn -0.8943 0.4197 0.1555
vn -0.8591 0.4868 0.1581
vn 0.8562 -0.5118 -0.0700
vn 0.5671 -0.5713 -0.5933
vn 0.5909 -0.5791 -0.5617
vn 0.8064 -0.2640 0.5292
vn 0.5762 -0.6097 -0.5443
vn -0.1854 -0.3388 -0.9224
vn -0.1362 -0.3517 -0.9262
vn 0.2136 0.1976 0.9567
vn 0.1808 0.2327 0.9556
vn -0.5390 0.4807 0.6916
vn -0.4970 0.4760 0.7255
vn -0.8992 0.4143 0.1406
vn -0.8396 0.1297 -0.5275
vn -0.5490 0.5139 0.6592
vn -0.7268 0.4250 0.5396
vn -0.2395 -0.0320 0.9704
vn 0.4909 -0.4234 0.7614
vn -0.9266 0.0267 -0.3750
vn -0.4775 -0.7423 -0.4701
vn 0.3171 -0.9334 -0.1681
vn 0.3750 -0.8325 0.4078
vn -0.7246 -0.5294 0.4413
vn -0.9573 0.2640 0.1181
vn 0.5457 -0.4317 -0.7182
vn 0.5627 -0.4883 -0.6670
vn -0.1850 -0.3700 -0.9104
vn -0.2190 -0.2946 -0.9302
vn 0.8592 -0.4159 -0.2981
vn 0.8581 -0.4592 -0.2296
vn 0.8600 -0.2846 0.4236
vn 0.8777 -0.2486 0.4096
vn 0.2545 0.1282 0.9585
vn 0.2910 0.1526 0.9445
vn -0.6000 0.3814 0.7032
vn -0.6498 0.3762 0.6605
vn -0.9309 0.2617 0.2549
vn -0.9451 0.2617 0.1956
vn -0.9301 0.0252 -0.3664
vn -0.9319 0.0221 -0.3620
vn -0.2357 -0.4783 -0.8460
vn 0.4830 -0.6875 -0.5423
vn 0.7198 -0.6920 -0.0546
vn 0.7087 -0.4867 0.5107
vn 0.2399 -0.0122 0.9707
vn -0.6976 0.3929 0.5991
vn -0.9366 0.3159 0.1519
vn -0.9407 0.0771 -0.3304
vn -0.4771 0.5038 0.7201
vn -0.6189 0.4591 0.6373
vn 0.7898 -0.5273 -0.3133
vn 0.5123 -0.5188 -0.6844
vn 0.8584 -0.3539 0.3713
vn -0.9648 0.2105 -0.1578
vn -0.9110 0.2463 -0.3307
vn -0.4503 0.4434 0.7750
vn 0.1911 0.0374 0.9809
vn -0.2289 -0.5440 -0.8072
vn -0.8838 0.2190 -0.4135
vn -0.9950 0.0175 -0.0983
vn -0.9614 0.2312 0.1494
vn -0.9915 0.0214 0.1284
vn -0.9980 0.0214 -0.0594
vn -0.8280 0.5602 0.0241
vn -0.8698 0.4158 -0.2655
vn -0.9485 0.2525 -0.1914
vn -0.9331 0.3523 0.0719
vn 0.5018 -0.8274 -0.2522
vn 0.5834 -0.7909 0.1848
vn 0.5454 -0.8162 -0.1904
vn 0.3202 -0.6816 -0.6580
vn -0.2045 -0.3227 -0.9241
vn -0.8357 0.2128 -0.5063
vn -0.8866 0.4454 0.1245
vn -0.9127 0.3875 0.1293
vn -0.8029 0.3730 0.4650
vn -0.8874 0.3501 0.2998
vn -0.4662 0.4448 0.7647
vn -0.4627 0.4593 0.7583
vn 0.2724 0.1206 0.9546
vn 0.2549 0.0977 0.9620
vn 0.8486 -0.4220 0.3192
vn 0.8294 -0.4853 0.2766
vn 0.7554 -0.5727 -0.3183
vn 0.7349 -0.5983 -0.3192
vn 0.4348 -0.5477 -0.7148
vn 0.4282 -0.5427 -0.7226
vn -0.3078 -0.2418 -0.9202
vn -0.2846 -0.2289 -0.9309
vn -0.8813 0.2282 -0.4138
vn -0.8793 0.2144 -0.4253
vn -0.8266 0.4537 0.3331
vn -0.8176 0.4685 0.3348
vn -0.7743 0.5523 0.3090
vn -0.8270 0.2991 -0.4761
vn -0.8068 0.3220 -0.4954
vn -0.7649 0.5577 0.3224
vn -0.3457 0.4838 0.8040
vn -0.3521 0.4746 0.8067
vn 0.2777 0.0275 0.9603
vn 0.2098 0.1129 0.9712
vn -0.5081 0.4669 0.7237
vn 0.7659 -0.6133 0.1928
vn 0.7523 -0.6402 0.1555
vn 0.6809 -0.6782 -0.2764
vn 0.6853 -0.6608 -0.3061
vn 0.4134 -0.6362 -0.6514
vn 0.4248 -0.6246 -0.6552
vn -0.3006 -0.2670 -0.9156
vn -0.2609 -0.2395 -0.9352
vn -0.8095 0.3220 -0.4910
vn -0.8905 0.3577 -0.2810
vn -0.9479 0.1449 -0.2838
vn -0.9401 0.3213 0.1140
vn -0.6241 -0.5989 -0.5018
vn 0.0793 -0.9343 -0.3475
vn 0.1007 -0.9809 0.1665
vn 0.2159 -0.7773 0.5909
vn -0.8207 -0.5204 0.2357
vn -0.3689 -0.3708 0.8523
vn -0.7622 0.3838 0.5212
vn -0.9102 0.2479 -0.3319
vn -0.6362 0.5629 0.5277
vn -0.8793 0.4700 0.0772
vn -0.7726 0.2228 -0.5946
vn -0.8295 0.5479 0.1078
vn -0.3918 0.5365 0.7474
vn -0.3750 0.4989 0.7813
vn -0.8832 0.1625 -0.4400
vn -0.8871 0.4409 0.1369
vn -0.5496 0.5180 0.6555
vn -0.8637 0.1587 -0.4783
vn -0.2651 -0.3166 -0.9108
vn -0.8918 0.4295 0.1419
vn -0.5592 0.4997 0.6616
vn 0.1701 0.2441 0.9547
vn 0.7921 -0.2724 0.5462
vn 0.8404 -0.5409 -0.0345
vn 0.5497 -0.6027 -0.5785
vn 0.8577 -0.3844 0.3413
vn 0.2934 0.1419 0.9454
vn 0.7676 -0.5600 -0.3118
vn 0.4564 -0.5525 -0.6974
vn -0.3101 -0.2472 -0.9180
vn -0.8909 0.2419 -0.3845
vn -0.8106 0.4867 0.3257
vn -0.4559 0.4860 0.7456
vn -0.8247 0.4799 0.2993
vn -0.8773 0.3831 0.2890
vn -0.8059 0.4971 0.3216
vn -0.7582 0.5617 0.3310
vn -0.8544 0.2128 -0.4741
vn -0.8876 0.4539 0.0786
vn -0.5543 0.5364 0.6364
vn 0.6235 -0.7624 -0.1734
vn -0.9041 0.4235 -0.0566
vn -0.8031 0.5438 0.2434
vn -0.8366 0.2495 -0.4877
vn 0.5807 -0.7738 -0.2532
vn 0.3743 -0.6876 -0.6222
vn -0.2926 -0.3014 -0.9075
vn -0.2323 -0.4470 -0.8639
vn -0.8575 0.0839 -0.5075
vn -0.8486 0.4877 0.2049
vn -0.3700 0.5844 0.7222
vn 0.3250 0.3067 0.8946
vn 0.8554 -0.2839 0.4332
vn 0.8077 -0.5789 -0.1121
vn 0.5065 -0.6713 -0.5411
vn -0.8239 0.5648 0.0460
vn -0.8694 0.4127 -0.2718
vn -0.7761 0.6284 -0.0522
vn -0.8163 0.4913 -0.3037
vn -0.7473 0.6058 -0.2730
vn -0.7968 0.4547 -0.3979
vn -0.7359 0.6649 0.1281
vn -0.7817 0.5801 0.2290
vn -0.7174 0.6949 0.0485
vn -0.8001 0.4385 0.4094
vn -0.7302 0.6040 0.3193
vn -0.7081 0.6836 0.1768
vn -0.6006 0.6116 0.5150
vn -0.6623 0.4522 0.5974
vn -0.5644 0.7113 0.4188
vn 0.5038 -0.8504 -0.1519
vn 0.5570 -0.8287 -0.0545
vn 0.5134 -0.8575 -0.0332
vn 0.4656 -0.8785 -0.1068
vn 0.5228 -0.8418 -0.1346
vn 0.5329 -0.8370 -0.1241
vn 0.5235 -0.8487 -0.0757
vn 0.5488 -0.8353 -0.0336
vn 0.3995 -0.9057 0.1416
vn 0.5731 -0.5308 0.6244
vn 0.5313 -0.8323 0.1581
vn 0.4660 -0.8847 -0.0096
vn 0.5675 -0.8185 -0.0893
vn 0.5699 -0.8201 -0.0523
vn 0.7691 -0.6160 -0.1703
vn 0.6526 -0.7534 -0.0807
vn 0.8891 -0.4455 -0.1047
vn 0.7480 -0.6526 -0.1206
vn 0.4592 -0.1076 0.8818
vn 0.3563 0.0092 0.9343
vn 0.5353 0.2930 0.7922
vn 0.6183 0.3975 0.6780
vn 0.0530 0.6962 0.7159
vn -0.0492 0.5728 0.8182
vn -0.4677 0.6859 0.5575
vn -0.6399 0.5319 0.5546
vn -0.3653 0.0999 0.9255
vn -0.0202 0.2716 0.9622
vn -0.7072 0.4610 0.5360
vn -0.5276 0.6622 0.5321
vn -0.0763 0.3807 0.9216
vn -0.7665 0.3173 0.5583
vn 0.8699 -0.4838 -0.0963
vn 0.7232 -0.5844 -0.3681
vn 0.8142 -0.0702 0.5763
vn 0.5571 0.1495 0.8169
vn 0.5983 -0.6284 -0.4971
vn -0.9630 0.1816 0.1993
vn -0.9917 0.0625 -0.1121
vn -0.9655 -0.0145 -0.2600
vn -0.6379 -0.4487 -0.6259
vn 0.1455 -0.7086 -0.6905
vn -0.4440 0.3997 0.8019
vn -0.0691 0.3876 0.9192
vn -0.0195 0.4922 0.8703
vn -0.4245 0.5157 0.7442
vn 0.3100 0.3196 0.8954
vn 0.3107 0.3427 0.8866
vn 0.8791 -0.1038 0.4651
vn 0.6252 0.1633 0.7632
vn 0.8527 -0.5165 -0.0786
vn 0.6472 -0.6792 -0.3461
vn 0.5166 -0.7204 -0.4628
vn 0.0923 -0.7424 -0.6636
vn -0.5885 -0.4485 -0.6726
vn -0.9380 -0.0748 -0.3385
vn -0.9986 0.0137 -0.0515
vn -0.9520 0.2014 0.2304
vn -0.8066 0.3739 0.4577
vn -0.9893 0.0420 0.1396
vn -0.8961 0.3296 0.2972
vn -0.0477 0.5424 0.8388
vn -0.3823 0.5670 0.7297
vn 0.2527 0.4214 0.8710
vn 0.8909 -0.1198 0.4380
vn 0.8406 -0.5383 -0.0606
vn 0.6071 -0.7185 -0.3394
vn 0.4792 -0.7585 -0.4416
vn 0.1014 -0.8009 -0.5902
vn -0.5256 -0.5905 -0.6124
vn -0.9663 -0.2326 -0.1106
vn 0.9884 -0.0076 0.1515
vn 0.8675 -0.4876 -0.0982
vn 0.9354 -0.0587 0.3487
vn 0.8730 -0.4840 -0.0594
vn 0.2972 -0.8973 -0.3264
vn 0.4185 -0.8789 -0.2289
vn 0.4738 -0.8666 -0.1565
vn 0.5118 -0.8511 -0.1169
vn 0.5241 -0.8468 -0.0914
vn 0.5318 -0.8461 -0.0360
vn 0.5634 -0.8262 0.0057
vn 0.6006 -0.7100 -0.3676
vn 0.6023 -0.7324 -0.3174
vn 0.5706 -0.7989 -0.1903
vn 0.5827 -0.8067 -0.0985
vn 0.4754 -0.7601 -0.4430
vn 0.5112 -0.7729 -0.3760
vn 0.5429 -0.8080 -0.2289
vn 0.5437 -0.8289 -0.1319
vn 0.5671 -0.4035 0.7181
vn 0.5764 -0.7932 0.1964
vn 0.5480 -0.8359 -0.0309
vn 0.5399 -0.8310 -0.1340
vn 0.5880 -0.8073 -0.0501
vn 0.6219 -0.7829 0.0160
vn 0.6379 -0.7688 0.0443
vn 0.6158 -0.7879 -0.0058
vn 0.4364 -0.7950 -0.4213
vn -0.4233 0.7544 0.5017
vn -0.5086 0.7456 0.4306
vn -0.6391 0.7035 0.3109
vn -0.7732 0.6179 0.1428
vn -0.8580 0.5135 0.0110
vn -0.8913 0.4432 -0.0955
vn -0.8862 0.3952 -0.2418
vn -0.7850 0.2960 -0.5441
vn -0.4979 0.0122 -0.8672
vn 0.5948 -0.8035 0.0239
vn 0.4677 -0.6996 -0.5402
vn 0.6096 -0.7927 0.0114
vn -0.1743 0.4654 0.8678
vn -0.4268 0.7253 0.5402
vn 0.9662 -0.2029 -0.1592
vn 0.8984 -0.3849 -0.2117
vn 0.6986 -0.6826 -0.2143
vn 0.8069 -0.5242 -0.2722
vn 0.9931 0.1098 0.0412
vn 0.7582 0.5803 0.2972
vn 0.7273 0.5385 0.4254
vn 0.2510 0.8727 0.4189
vn 0.1766 0.8611 0.4769
vn -0.1675 0.8790 0.4465
vn -0.2825 0.8587 0.4276
vn -0.3560 0.8037 0.4768
vn -0.4094 0.8149 0.4103
vn -0.3926 0.7951 0.4622
vn -0.4050 0.7786 0.4793
vn 0.6896 -0.5767 -0.4381
vn 0.6493 -0.6734 -0.3534
vn -0.4730 0.7727 0.4233
vn -0.4979 0.7776 0.3840
vn -0.7329 0.6653 0.1423
vn -0.6147 0.7306 0.2972
vn -0.6111 0.7576 0.2295
vn -0.6870 0.7232 0.0709
vn -0.7330 0.6728 -0.1000
vn -0.8065 0.5913 -0.0006
vn -0.7333 0.6074 -0.3055
vn -0.8407 0.5172 -0.1605
vn -0.5149 0.2296 -0.8259
vn -0.2495 -0.0214 -0.9681
vn -0.4135 -0.0015 -0.9105
vn -0.6802 0.2205 -0.6991
vn 0.4882 -0.5859 -0.6468
vn 0.0568 -0.3334 -0.9411
vn 0.1683 -0.3228 -0.9314
vn 0.5102 -0.5171 -0.6872
vn 0.5814 -0.8100 -0.0769
vn 0.5527 -0.8331 0.0222
vn 0.5763 -0.8170 0.0199
vn 0.6113 -0.7632 -0.2091
vn -0.0191 -0.3868 -0.9220
vn -0.6675 0.4419 -0.5993
vn -0.8207 0.3960 -0.4118
vn 0.9234 -0.3800 -0.0540
vn 0.9810 -0.1938 0.0015
vn 0.8413 -0.5174 -0.1566
vn 0.9856 0.1053 0.1322
vn 0.7375 0.5128 0.4395
vn 0.2370 0.7135 0.6593
vn -0.1473 0.7310 0.6663
vn -0.3838 0.7081 0.5926
vn -0.5172 0.7063 0.4834
vn 0.7150 -0.5983 -0.3617
vn -0.6370 0.7026 0.3170
vn -0.7107 0.6847 0.1615
vn -0.7684 0.6399 -0.0089
vn -0.7950 0.5585 -0.2369
vn -0.6127 0.2427 -0.7521
vn -0.4215 0.0366 -0.9061
vn -0.0687 -0.2762 -0.9586
vn 0.3042 -0.5008 -0.8103
vn 0.5434 -0.5903 -0.5968
vn -0.7435 0.4234 -0.5176
vn 0.4334 -0.5998 -0.6726
vn 0.6996 -0.6485 -0.3002
vn 0.7891 -0.5739 0.2192
vn -0.5484 0.0534 -0.8345
vn -0.5089 0.0870 -0.8564
vn -0.4368 -0.0008 -0.8996
vn -0.5177 0.0092 -0.8555
vn 0.4018 -0.7138 -0.5736
vn 0.2053 -0.6311 -0.7480
vn 0.2914 -0.5499 -0.7827
vn 0.4831 -0.6307 -0.6073
vn 0.6170 -0.6776 -0.4002
vn 0.5573 -0.7474 -0.3617
vn 0.7052 -0.7052 -0.0731
vn 0.6870 -0.7245 -0.0560
vn -0.2510 -0.2083 -0.9453
vn -0.1571 -0.1937 -0.9684
vn 0.0767 -0.4082 -0.9097
vn -0.0351 -0.4882 -0.8720
vn -0.3696 0.0000 -0.9292
vn -0.5480 0.2717 -0.7911
vn -0.5867 0.1892 -0.7874
vn -0.6520 0.3685 -0.6627
vn -0.4830 0.1297 -0.8660
vn -0.6828 0.5714 -0.4553
vn -0.7636 0.4943 -0.4155
vn -0.7373 0.6686 -0.0973
vn -0.6967 0.7024 -0.1456
vn -0.7160 0.2783 -0.6402
vn -0.6363 0.1244 -0.7613
vn -0.4532 0.6767 0.5802
vn -0.6004 0.5569 0.5739
vn -0.6717 0.6977 0.2491
vn -0.6168 0.7317 0.2902
vn -0.6379 0.5211 0.5670
vn -0.6913 0.6783 0.2489
vn -0.4785 0.3602 0.8008
vn -0.5027 0.3021 0.8100
vn 0.6952 -0.6620 0.2801
vn 0.7502 -0.6067 0.2628
vn 0.6856 -0.6717 0.2805
vn 0.5716 -0.6071 0.5520
vn 0.6009 -0.5782 0.5518
vn 0.7333 -0.4320 0.5251
vn 0.4030 -0.4272 0.8094
vn 0.6083 -0.1694 0.7754
vn -0.0656 0.4692 0.8806
vn -0.3013 0.1571 0.9405
vn -0.2820 0.5830 0.7620
vn 0.1648 0.3297 0.9296
vn -0.1041 -0.0290 0.9941
vn -0.1455 -0.0977 0.9845
vn -0.3250 0.0900 0.9414
vn 0.3698 -0.4844 0.7929
vn 0.0915 -0.2982 0.9501
vn 0.1253 -0.2190 0.9676
vn 0.3945 0.1221 0.9108
vn -0.5669 0.0053 -0.8238
vn -0.3631 -0.2693 -0.8920
vn -0.3956 -0.1549 -0.9053
vn 0.5248 -0.7967 -0.2999
vn 0.3650 -0.7742 -0.5172
vn 0.6675 -0.7443 -0.0227
vn 0.3524 -0.7552 -0.5527
vn 0.1735 -0.6941 -0.6987
vn 0.3910 -0.8141 -0.4295
vn 0.5493 -0.8056 -0.2220
vn 0.6248 -0.7797 -0.0412
vn 0.6980 -0.6911 0.1875
vn 0.6592 -0.7512 0.0322
vn 0.5307 -0.7971 -0.2881
vn 0.2626 -0.6900 -0.6745
vn 0.0454 -0.5452 -0.8371
vn 0.7072 -0.6393 0.3019
vn 0.6469 -0.7624 -0.0170
vn 0.4627 -0.7697 -0.4399
vn 0.1969 -0.6382 -0.7443
vn -0.0557 -0.4729 -0.8794
vn 0.7117 -0.6659 0.2236
vn 0.6086 -0.7647 -0.2120
vn 0.4279 -0.7376 -0.5224
vn 0.3105 -0.7270 -0.6125
vn 0.0278 -0.5605 -0.8277
vn 0.6961 -0.7106 0.1026
vn 0.6085 -0.7660 -0.2072
vn 0.5324 -0.7908 -0.3020
vn 0.4945 -0.8165 -0.2980
vn 0.2670 -0.7652 -0.5858
vn 0.7061 -0.6950 0.1355
vn 0.6723 -0.7402 0.0105
vn 0.6411 -0.7674 -0.0120
vn 0.2064 -0.9638 0.1688
vn -0.0881 -0.9956 0.0315
vn 0.7390 -0.6013 0.3037
vn 0.7160 -0.6271 0.3069
vn 0.3254 -0.8399 0.4344
vn 0.7150 -0.4899 0.4987
vn 0.3909 -0.7254 0.5665
vn 0.4800 -0.5387 0.6924
vn -0.2376 -0.9664 -0.0977
vn -0.4604 -0.8628 -0.2089
vn -0.0275 -0.5776 -0.8159
vn -0.5776 -0.7411 -0.3423
vn -0.2632 -0.3388 -0.9033
vn -0.2369 -0.3433 -0.9089
vn -0.5074 -0.0069 -0.8617
vn -0.4817 -0.0496 -0.8749
vn -0.3041 -0.2472 -0.9200
vn -0.6582 0.2555 -0.7082
vn -0.5291 0.0198 -0.8483
vn -0.1808 -0.3723 -0.9103
vn -0.6675 0.2388 -0.7053
vn -0.4124 -0.1297 -0.9017
vn -0.0381 -0.5508 -0.8338
vn -0.5925 0.1190 -0.7968
vn -0.2678 -0.3250 -0.9070
vn -0.0156 -0.5875 -0.8091
vn 0.2052 -0.7499 -0.6289
vn -0.4768 -0.1038 -0.8728
vn -0.2174 -0.4058 -0.8877
vn -0.1293 -0.5346 -0.8352
vn 0.0942 -0.6900 -0.7177
vn 0.3289 -0.7920 -0.5143
vn -0.7380 0.2823 -0.6129
vn -0.7920 0.4791 -0.3785
vn -0.6559 0.1358 -0.7425
vn -0.7824 0.5676 -0.2562
vn -0.7439 0.6683 -0.0042
vn -0.7884 0.5310 -0.3106
vn -0.7448 0.3861 -0.5442
vn -0.6959 0.2373 -0.6778
vn -0.5477 -0.0137 -0.8365
vn -0.6310 0.1259 -0.7655
vn -0.7645 0.3931 -0.5109
vn -0.7314 0.6746 -0.1002
vn -0.6608 0.7371 0.1416
vn -0.4292 -0.1793 -0.8852
vn -0.6580 0.1328 -0.7412
vn -0.7591 0.5333 -0.3733
vn -0.6622 0.7491 0.0195
vn -0.5661 0.7767 0.2763
vn -0.7095 0.3388 -0.6179
vn -0.7295 0.6227 -0.2830
vn -0.6956 0.7181 -0.0210
vn -0.5743 0.7708 0.2757
vn -0.7306 0.4250 -0.5344
vn -0.7581 0.5545 -0.3432
vn -0.7810 0.5891 -0.2072
vn -0.6953 0.7044 0.1427
vn -0.7335 0.4226 -0.5324
vn -0.7599 0.4913 -0.4257
vn -0.9706 0.1625 -0.1776
vn -0.9330 0.3595 -0.0179
vn -0.6900 0.3258 -0.6463
vn -0.9312 -0.0580 -0.3599
vn -0.7575 -0.4633 -0.4599
vn -0.8102 0.5129 0.2837
vn -0.6493 0.5612 0.5132
vn -0.5399 0.7326 0.4146
vn -0.5233 0.5817 0.6227
vn -0.4302 0.7132 0.5534
vn -0.4665 0.7483 0.4716
vn -0.3159 0.6821 0.6596
vn -0.3141 0.7006 0.6407
vn -0.4258 0.7486 0.5083
vn -0.1274 0.6220 0.7726
vn -0.2535 0.6816 0.6864
vn -0.5292 0.7518 0.3933
vn -0.0527 0.5717 0.8188
vn -0.3183 0.7090 0.6293
vn -0.6165 0.7312 0.2921
vn -0.0916 0.6089 0.7879
vn -0.4147 0.7157 0.5620
vn -0.6543 0.7058 0.2718
vn -0.7728 0.6324 -0.0533
vn -0.2323 0.6385 0.7337
vn -0.4704 0.6921 0.5475
vn -0.5651 0.7181 0.4063
vn -0.7441 0.6639 0.0748
vn -0.8099 0.5298 -0.2518
vn -0.5798 0.7438 0.3325
vn -0.3807 0.7233 0.5761
vn 0.7566 -0.3936 0.5221
vn 0.7534 -0.6036 0.2610
vn 0.6480 -0.1114 0.7535
vn 0.6859 -0.4382 0.5810
vn 0.6233 -0.2625 0.7366
vn 0.4398 0.0046 0.8981
vn 0.5569 -0.1655 0.8139
vn 0.6986 -0.4808 0.5299
vn 0.3643 0.1007 0.9258
vn 0.5884 -0.2136 0.7798
vn 0.7026 -0.5679 0.4289
vn 0.4104 0.0755 0.9088
vn 0.6351 -0.3357 0.6957
vn 0.7152 -0.5554 0.4242
vn 0.4852 -0.0404 0.8735
vn 0.6567 -0.3547 0.6655
vn 0.7308 -0.4402 0.5217
vn 0.5744 -0.1343 0.8075
vn 0.6979 -0.2953 0.6525
vn 0.6948 -0.3617 0.6217
vn 0.5861 -0.0549 0.8084
vn 0.5979 -0.1244 0.7919
vn 0.4490 -0.2548 0.8564
vn 0.3937 0.1823 0.9010
vn 0.2876 0.1091 0.9515
vn 0.0042 0.3800 0.9250
vn -0.2483 0.5241 0.8147
vn -0.4219 0.5798 0.6970
vn -0.1293 0.6059 0.7850
vn 0.1201 0.4493 0.8853
vn 0.1026 0.4746 0.8742
vn 0.3548 0.2419 0.9031
vn 0.1930 0.3852 0.9024
vn 0.4253 0.1259 0.8962
vn 0.1118 0.4502 0.8859
vn 0.3159 0.2228 0.9223
vn -0.0187 0.5078 0.8613
vn 0.2021 0.3204 0.9255
vn -0.0439 0.4831 0.8745
vn -0.2632 0.6133 0.7447
vn 0.1568 0.3151 0.9360
vn 0.0275 0.4075 0.9128
vn -0.1739 0.5637 0.8074
vn -0.3678 0.6730 0.6418
vn 0.2373 0.3960 0.8871
vn 0.4521 0.1732 0.8750
vn 0.0210 0.5586 0.8292
vn -0.0919 -0.5570 -0.8254
vn -0.3750 -0.3181 -0.8707
vn -0.3331 -0.3189 -0.8873
vn 0.5055 -0.8171 -0.2772
vn 0.3641 -0.7901 -0.4931
vn 0.5293 -0.8067 -0.2629
vn 0.6482 -0.7615 -0.0058
vn 0.7226 -0.6452 0.2481
vn 0.1370 -0.7219 -0.6783
vn -0.1182 -0.5851 -0.8023
vn 0.1641 -0.6982 -0.6968
vn -0.7587 0.3227 -0.5659
vn -0.7792 0.4005 -0.4821
vn -0.8063 0.4864 -0.3366
vn -0.6717 0.1671 -0.7217
vn -0.5695 -0.0229 -0.8216
vn -0.5528 -0.0496 -0.8319
vn -0.5836 0.7293 0.3573
vn -0.7501 0.6600 -0.0415
vn -0.7578 0.6525 0.0029
vn -0.3892 0.7097 0.5872
vn 0.7158 -0.5217 0.4642
vn 0.7300 -0.4493 0.5150
vn 0.6223 -0.1770 0.7625
vn 0.4307 0.0908 0.8979
vn 0.0076 0.5006 0.8657
vn -0.1918 0.6651 0.7217
vn -0.2007 0.6340 0.7468
vn 0.2236 0.3152 0.9223
vn 0.2342 0.2228 0.9463
vn -0.3567 -0.3541 -0.8645
# 1056 vertex normals

vt 0.4719 0.9048 0.0000
vt 0.4690 0.9011 0.0000
vt 0.4721 0.8994 0.0000
vt 0.4744 0.9052 0.0000
vt 0.4702 0.9065 0.0000
vt 0.4667 0.9033 0.0000
vt 0.4689 0.9093 0.0000
vt 0.4650 0.9061 0.0000
vt 0.4787 0.8974 0.0000
vt 0.4799 0.9057 0.0000
vt 0.4772 0.9058 0.0000
vt 0.4754 0.8983 0.0000
vt 0.4822 0.8961 0.0000
vt 0.4838 0.9059 0.0000
vt 0.4907 0.8930 0.0000
vt 0.4931 0.8919 0.0000
vt 0.4935 0.8988 0.0000
vt 0.4919 0.9006 0.0000
vt 0.4901 0.9044 0.0000
vt 0.4880 0.8942 0.0000
vt 0.4873 0.9055 0.0000
vt 0.4853 0.8952 0.0000
vt 0.4986 0.8918 0.0000
vt 0.4973 0.8985 0.0000
vt 0.4956 0.8992 0.0000
vt 0.4958 0.8916 0.0000
vt 0.5016 0.8924 0.0000
vt 0.4995 0.8992 0.0000
vt 0.4675 0.9129 0.0000
vt 0.4634 0.9089 0.0000
vt 0.4649 0.9163 0.0000
vt 0.4612 0.9118 0.0000
vt 0.5131 0.9040 0.0000
vt 0.5157 0.8977 0.0000
vt 0.5192 0.8989 0.0000
vt 0.5172 0.9045 0.0000
vt 0.5093 0.9028 0.0000
vt 0.5120 0.8963 0.0000
vt 0.5057 0.9017 0.0000
vt 0.5084 0.8949 0.0000
vt 0.5024 0.9004 0.0000
vt 0.5049 0.8934 0.0000
vt 0.4170 0.9132 0.0000
vt 0.4140 0.9100 0.0000
vt 0.4191 0.9095 0.0000
vt 0.4206 0.9129 0.0000
vt 0.4093 0.9048 0.0000
vt 0.4083 0.9054 0.0000
vt 0.4068 0.9006 0.0000
vt 0.4096 0.8995 0.0000
vt 0.4109 0.9028 0.0000
vt 0.4118 0.8995 0.0000
vt 0.4143 0.9005 0.0000
vt 0.4126 0.9042 0.0000
vt 0.4156 0.9074 0.0000
vt 0.4189 0.9065 0.0000
vt 0.4126 0.9095 0.0000
vt 0.4149 0.9065 0.0000
vt 0.4176 0.9043 0.0000
vt 0.4117 0.9098 0.0000
vt 0.4149 0.9046 0.0000
vt 0.4161 0.9022 0.0000
vt 0.4074 0.8952 0.0000
vt 0.4106 0.8952 0.0000
vt 0.4228 0.9080 0.0000
vt 0.4244 0.9112 0.0000
vt 0.4218 0.9048 0.0000
vt 0.4204 0.9016 0.0000
vt 0.4182 0.8988 0.0000
vt 0.4160 0.8967 0.0000
vt 0.4134 0.8955 0.0000
vt 0.4097 0.8901 0.0000
vt 0.4142 0.8891 0.0000
vt 0.4160 0.8918 0.0000
vt 0.4255 0.9062 0.0000
vt 0.4277 0.9089 0.0000
vt 0.4246 0.9027 0.0000
vt 0.4238 0.8986 0.0000
vt 0.4208 0.8959 0.0000
vt 0.4186 0.8934 0.0000
vt 0.4108 0.8882 0.0000
vt 0.4118 0.8867 0.0000
vt 0.4297 0.9069 0.0000
vt 0.4288 0.9078 0.0000
vt 0.4269 0.9050 0.0000
vt 0.4282 0.9038 0.0000
vt 0.4255 0.9020 0.0000
vt 0.4264 0.9009 0.0000
vt 0.4225 0.8945 0.0000
vt 0.4205 0.8911 0.0000
vt 0.4181 0.8891 0.0000
vt 0.4178 0.8839 0.0000
vt 0.4205 0.8854 0.0000
vt 0.4289 0.8988 0.0000
vt 0.4302 0.9019 0.0000
vt 0.4269 0.8955 0.0000
vt 0.4250 0.8919 0.0000
vt 0.4227 0.8884 0.0000
vt 0.4518 0.8453 0.0000
vt 0.4512 0.8503 0.0000
vt 0.4485 0.8462 0.0000
vt 0.4251 0.8859 0.0000
vt 0.4275 0.8895 0.0000
vt 0.4304 0.8934 0.0000
vt 0.4317 0.8972 0.0000
vt 0.4136 0.8836 0.0000
vt 0.4317 0.9052 0.0000
vt 0.4190 0.8805 0.0000
vt 0.4146 0.8813 0.0000
vt 0.4326 0.9008 0.0000
vt 0.4335 0.9043 0.0000
vt 0.4226 0.8827 0.0000
vt 0.4681 0.8493 0.0000
vt 0.4623 0.8482 0.0000
vt 0.4644 0.8442 0.0000
vt 0.4692 0.8444 0.0000
vt 0.4752 0.8446 0.0000
vt 0.4742 0.8497 0.0000
vt 0.4854 0.8437 0.0000
vt 0.4866 0.8478 0.0000
vt 0.4807 0.8490 0.0000
vt 0.4814 0.8437 0.0000
vt 0.4886 0.8418 0.0000
vt 0.4912 0.8411 0.0000
vt 0.4914 0.8431 0.0000
vt 0.4885 0.8436 0.0000
vt 0.4863 0.8409 0.0000
vt 0.4404 0.8500 0.0000
vt 0.4410 0.8539 0.0000
vt 0.4378 0.8520 0.0000
vt 0.4458 0.8519 0.0000
vt 0.4443 0.8477 0.0000
vt 0.4331 0.8571 0.0000
vt 0.4356 0.8542 0.0000
vt 0.4372 0.8568 0.0000
vt 0.4339 0.8592 0.0000
vt 0.5310 0.8546 0.0000
vt 0.5331 0.8532 0.0000
vt 0.5341 0.8551 0.0000
vt 0.5326 0.8565 0.0000
vt 0.5346 0.8588 0.0000
vt 0.5367 0.8561 0.0000
vt 0.5396 0.8606 0.0000
vt 0.5391 0.8626 0.0000
vt 0.5370 0.8646 0.0000
vt 0.5310 0.8619 0.0000
vt 0.4308 0.8611 0.0000
vt 0.4303 0.8590 0.0000
vt 0.4916 0.8453 0.0000
vt 0.4888 0.8455 0.0000
vt 0.5329 0.8491 0.0000
vt 0.5278 0.8514 0.0000
vt 0.5248 0.8488 0.0000
vt 0.5282 0.8452 0.0000
vt 0.5294 0.8530 0.0000
vt 0.5315 0.8518 0.0000
vt 0.5206 0.8402 0.0000
vt 0.5169 0.8438 0.0000
vt 0.5124 0.8422 0.0000
vt 0.5136 0.8385 0.0000
vt 0.5231 0.8442 0.0000
vt 0.5214 0.8462 0.0000
vt 0.5193 0.8451 0.0000
vt 0.5210 0.8432 0.0000
vt 0.5144 0.8484 0.0000
vt 0.5099 0.8466 0.0000
vt 0.5178 0.8473 0.0000
vt 0.5194 0.8486 0.0000
vt 0.5247 0.8551 0.0000
vt 0.5210 0.8525 0.0000
vt 0.4856 0.8522 0.0000
vt 0.4801 0.8552 0.0000
vt 0.4968 0.8457 0.0000
vt 0.5015 0.8455 0.0000
vt 0.4978 0.8495 0.0000
vt 0.5169 0.8515 0.0000
vt 0.5143 0.8555 0.0000
vt 0.5096 0.8521 0.0000
vt 0.5035 0.8514 0.0000
vt 0.5053 0.8472 0.0000
vt 0.5192 0.8593 0.0000
vt 0.4016 0.8480 0.0000
vt 0.3996 0.8481 0.0000
vt 0.4004 0.8451 0.0000
vt 0.3995 0.8514 0.0000
vt 0.4017 0.8514 0.0000
vt 0.4018 0.8546 0.0000
vt 0.3996 0.8547 0.0000
vt 0.4014 0.8573 0.0000
vt 0.5659 0.8613 0.0000
vt 0.5652 0.8583 0.0000
vt 0.5665 0.8587 0.0000
vt 0.5660 0.8548 0.0000
vt 0.5677 0.8552 0.0000
vt 0.5683 0.8516 0.0000
vt 0.5694 0.8520 0.0000
vt 0.5709 0.8494 0.0000
vt 0.3954 0.8456 0.0000
vt 0.3953 0.8481 0.0000
vt 0.3954 0.8515 0.0000
vt 0.3952 0.8549 0.0000
vt 0.3957 0.8573 0.0000
vt 0.5712 0.8620 0.0000
vt 0.5678 0.8590 0.0000
vt 0.5710 0.8597 0.0000
vt 0.5692 0.8557 0.0000
vt 0.5721 0.8566 0.0000
vt 0.5703 0.8522 0.0000
vt 0.5737 0.8536 0.0000
vt 0.5754 0.8514 0.0000
vt 0.5569 0.8483 0.0000
vt 0.5607 0.8491 0.0000
vt 0.5594 0.8535 0.0000
vt 0.5560 0.8527 0.0000
vt 0.4110 0.8569 0.0000
vt 0.4107 0.8539 0.0000
vt 0.4153 0.8532 0.0000
vt 0.4170 0.8561 0.0000
vt 0.4103 0.8510 0.0000
vt 0.4145 0.8503 0.0000
vt 0.4100 0.8479 0.0000
vt 0.4141 0.8472 0.0000
vt 0.4102 0.8443 0.0000
vt 0.4153 0.8434 0.0000
vt 0.5619 0.8454 0.0000
vt 0.5569 0.8442 0.0000
vt 0.5582 0.8571 0.0000
vt 0.5546 0.8567 0.0000
vt 0.5570 0.8605 0.0000
vt 0.5519 0.8602 0.0000
vt 0.5537 0.8521 0.0000
vt 0.5551 0.8478 0.0000
vt 0.5530 0.8565 0.0000
vt 0.4182 0.8532 0.0000
vt 0.4178 0.8502 0.0000
vt 0.4173 0.8469 0.0000
vt 0.5751 0.8576 0.0000
vt 0.5765 0.8548 0.0000
vt 0.5792 0.8560 0.0000
vt 0.5793 0.8594 0.0000
vt 0.5781 0.8531 0.0000
vt 0.5808 0.8558 0.0000
vt 0.3920 0.8461 0.0000
vt 0.3920 0.8483 0.0000
vt 0.3892 0.8489 0.0000
vt 0.3882 0.8476 0.0000
vt 0.3916 0.8514 0.0000
vt 0.3880 0.8516 0.0000
vt 0.3920 0.8547 0.0000
vt 0.3889 0.8546 0.0000
vt 0.3923 0.8571 0.0000
vt 0.3882 0.8554 0.0000
vt 0.5808 0.8599 0.0000
vt 0.3859 0.8516 0.0000
vt 0.5741 0.8623 0.0000
vt 0.5742 0.8606 0.0000
vt 0.5773 0.8612 0.0000
vt 0.5778 0.8623 0.0000
vt 0.5356 0.8520 0.0000
vt 0.5381 0.8515 0.0000
vt 0.5390 0.8554 0.0000
vt 0.5405 0.8596 0.0000
vt 0.4300 0.8574 0.0000
vt 0.4319 0.8552 0.0000
vt 0.4340 0.8526 0.0000
vt 0.5324 0.8440 0.0000
vt 0.5364 0.8476 0.0000
vt 0.4362 0.8497 0.0000
vt 0.4387 0.8474 0.0000
vt 0.5482 0.8512 0.0000
vt 0.5517 0.8516 0.0000
vt 0.5516 0.8562 0.0000
vt 0.5478 0.8554 0.0000
vt 0.5494 0.8467 0.0000
vt 0.5541 0.8475 0.0000
vt 0.5470 0.8596 0.0000
vt 0.4226 0.8557 0.0000
vt 0.4231 0.8527 0.0000
vt 0.4234 0.8499 0.0000
vt 0.4229 0.8468 0.0000
vt 0.4224 0.8432 0.0000
vt 0.5501 0.8428 0.0000
vt 0.4307 0.8436 0.0000
vt 0.4334 0.8471 0.0000
vt 0.4287 0.8470 0.0000
vt 0.4278 0.8438 0.0000
vt 0.5443 0.8508 0.0000
vt 0.5406 0.8509 0.0000
vt 0.5403 0.8461 0.0000
vt 0.5452 0.8460 0.0000
vt 0.5443 0.8550 0.0000
vt 0.5410 0.8551 0.0000
vt 0.5425 0.8426 0.0000
vt 0.5451 0.8422 0.0000
vt 0.5438 0.8588 0.0000
vt 0.5415 0.8589 0.0000
vt 0.4290 0.8567 0.0000
vt 0.4262 0.8561 0.0000
vt 0.4273 0.8531 0.0000
vt 0.4304 0.8540 0.0000
vt 0.4279 0.8503 0.0000
vt 0.4318 0.8510 0.0000
vt 0.4147 0.8167 0.0000
vt 0.4142 0.8206 0.0000
vt 0.4121 0.8188 0.0000
vt 0.4129 0.8237 0.0000
vt 0.4103 0.8221 0.0000
vt 0.4115 0.8267 0.0000
vt 0.4090 0.8256 0.0000
vt 0.4086 0.8282 0.0000
vt 0.5595 0.8306 0.0000
vt 0.5586 0.8282 0.0000
vt 0.5597 0.8275 0.0000
vt 0.5576 0.8252 0.0000
vt 0.5595 0.8245 0.0000
vt 0.5569 0.8220 0.0000
vt 0.5584 0.8219 0.0000
vt 0.5568 0.8194 0.0000
vt 0.4072 0.8127 0.0000
vt 0.4107 0.8142 0.0000
vt 0.4097 0.8173 0.0000
vt 0.4064 0.8155 0.0000
vt 0.4078 0.8205 0.0000
vt 0.4043 0.8182 0.0000
vt 0.4057 0.8234 0.0000
vt 0.4026 0.8212 0.0000
vt 0.4038 0.8253 0.0000
vt 0.4006 0.8227 0.0000
vt 0.5671 0.8272 0.0000
vt 0.5641 0.8287 0.0000
vt 0.5638 0.8263 0.0000
vt 0.5668 0.8253 0.0000
vt 0.5632 0.8236 0.0000
vt 0.5660 0.8228 0.0000
vt 0.5654 0.8200 0.0000
vt 0.5623 0.8208 0.0000
vt 0.5613 0.8183 0.0000
vt 0.5649 0.8174 0.0000
vt 0.5403 0.8426 0.0000
vt 0.5366 0.8432 0.0000
vt 0.4360 0.8438 0.0000
vt 0.4326 0.8426 0.0000
vt 0.4428 0.8449 0.0000
vt 0.5190 0.8335 0.0000
vt 0.5224 0.8321 0.0000
vt 0.5246 0.8325 0.0000
vt 0.5244 0.8352 0.0000
vt 0.5161 0.8359 0.0000
vt 0.5227 0.8374 0.0000
vt 0.5271 0.8409 0.0000
vt 0.5249 0.8424 0.0000
vt 0.4468 0.8422 0.0000
vt 0.4508 0.8413 0.0000
vt 0.5472 0.8249 0.0000
vt 0.5514 0.8236 0.0000
vt 0.5521 0.8271 0.0000
vt 0.5484 0.8285 0.0000
vt 0.5463 0.8217 0.0000
vt 0.5515 0.8204 0.0000
vt 0.4225 0.8243 0.0000
vt 0.4182 0.8224 0.0000
vt 0.4195 0.8189 0.0000
vt 0.4245 0.8211 0.0000
vt 0.5533 0.8303 0.0000
vt 0.5496 0.8317 0.0000
vt 0.4205 0.8276 0.0000
vt 0.4166 0.8257 0.0000
vt 0.4188 0.8311 0.0000
vt 0.4149 0.8289 0.0000
vt 0.4175 0.8337 0.0000
vt 0.4132 0.8311 0.0000
vt 0.5548 0.8326 0.0000
vt 0.5507 0.8348 0.0000
vt 0.5464 0.8334 0.0000
vt 0.5451 0.8299 0.0000
vt 0.5434 0.8264 0.0000
vt 0.5416 0.8233 0.0000
vt 0.5470 0.8365 0.0000
vt 0.4292 0.8230 0.0000
vt 0.4255 0.8255 0.0000
vt 0.4238 0.8292 0.0000
vt 0.4218 0.8329 0.0000
vt 0.4211 0.8365 0.0000
vt 0.4035 0.8140 0.0000
vt 0.4029 0.8121 0.0000
vt 0.5688 0.8178 0.0000
vt 0.5684 0.8192 0.0000
vt 0.4003 0.8189 0.0000
vt 0.3979 0.8179 0.0000
vt 0.5707 0.8248 0.0000
vt 0.5695 0.8244 0.0000
vt 0.4011 0.8163 0.0000
vt 0.3983 0.8135 0.0000
vt 0.5698 0.8217 0.0000
vt 0.5713 0.8212 0.0000
vt 0.5351 0.8296 0.0000
vt 0.5398 0.8275 0.0000
vt 0.5406 0.8319 0.0000
vt 0.5372 0.8338 0.0000
vt 0.5439 0.8351 0.0000
vt 0.5401 0.8370 0.0000
vt 0.5425 0.8402 0.0000
vt 0.4273 0.8392 0.0000
vt 0.4247 0.8346 0.0000
vt 0.4293 0.8371 0.0000
vt 0.4272 0.8312 0.0000
vt 0.4315 0.8339 0.0000
vt 0.4289 0.8275 0.0000
vt 0.4336 0.8303 0.0000
vt 0.4355 0.8268 0.0000
vt 0.5346 0.8258 0.0000
vt 0.4400 0.8345 0.0000
vt 0.4408 0.8305 0.0000
vt 0.4446 0.8322 0.0000
vt 0.4443 0.8372 0.0000
vt 0.5288 0.8296 0.0000
vt 0.5301 0.8326 0.0000
vt 0.5332 0.8363 0.0000
vt 0.5300 0.8390 0.0000
vt 0.5373 0.8395 0.0000
vt 0.5395 0.8411 0.0000
vt 0.4306 0.8414 0.0000
vt 0.4333 0.8398 0.0000
vt 0.4370 0.8376 0.0000
vt 0.4408 0.8411 0.0000
vt 0.5308 0.8581 0.0000
vt 0.5290 0.8565 0.0000
vt 0.5277 0.8548 0.0000
vt 0.5269 0.8593 0.0000
vt 0.5287 0.8656 0.0000
vt 0.5238 0.8630 0.0000
vt 0.4479 0.8061 0.0000
vt 0.4460 0.8087 0.0000
vt 0.4447 0.8069 0.0000
vt 0.4434 0.8108 0.0000
vt 0.4421 0.8084 0.0000
vt 0.4407 0.8126 0.0000
vt 0.4398 0.8109 0.0000
vt 0.4382 0.8125 0.0000
vt 0.5310 0.8126 0.0000
vt 0.5297 0.8108 0.0000
vt 0.5303 0.8099 0.0000
vt 0.5271 0.8091 0.0000
vt 0.5282 0.8077 0.0000
vt 0.5249 0.8071 0.0000
vt 0.5256 0.8061 0.0000
vt 0.5229 0.8055 0.0000
vt 0.4421 0.7982 0.0000
vt 0.4445 0.8013 0.0000
vt 0.4423 0.8028 0.0000
vt 0.4400 0.7993 0.0000
vt 0.4401 0.8047 0.0000
vt 0.4379 0.8007 0.0000
vt 0.4376 0.8063 0.0000
vt 0.4357 0.8021 0.0000
vt 0.4358 0.8073 0.0000
vt 0.4342 0.8031 0.0000
vt 0.5367 0.8044 0.0000
vt 0.5342 0.8083 0.0000
vt 0.5324 0.8067 0.0000
vt 0.5348 0.8037 0.0000
vt 0.5301 0.8049 0.0000
vt 0.5324 0.8019 0.0000
vt 0.5278 0.8026 0.0000
vt 0.5302 0.7993 0.0000
vt 0.5261 0.8005 0.0000
vt 0.5286 0.7975 0.0000
vt 0.4470 0.8328 0.0000
vt 0.4483 0.8359 0.0000
vt 0.4563 0.8494 0.0000
vt 0.4557 0.8448 0.0000
vt 0.4557 0.8405 0.0000
vt 0.4602 0.8441 0.0000
vt 0.4611 0.8401 0.0000
vt 0.4656 0.8401 0.0000
vt 0.5126 0.8300 0.0000
vt 0.5076 0.8289 0.0000
vt 0.5105 0.8247 0.0000
vt 0.5146 0.8267 0.0000
vt 0.4524 0.8283 0.0000
vt 0.4538 0.8323 0.0000
vt 0.4494 0.8322 0.0000
vt 0.4489 0.8292 0.0000
vt 0.4557 0.8268 0.0000
vt 0.4581 0.8313 0.0000
vt 0.5228 0.8293 0.0000
vt 0.5219 0.8313 0.0000
vt 0.5186 0.8309 0.0000
vt 0.5189 0.8282 0.0000
vt 0.4472 0.8317 0.0000
vt 0.4458 0.8296 0.0000
vt 0.4609 0.8301 0.0000
vt 0.4582 0.8254 0.0000
vt 0.5046 0.8279 0.0000
vt 0.5075 0.8227 0.0000
vt 0.4507 0.8247 0.0000
vt 0.4475 0.8262 0.0000
vt 0.4460 0.8232 0.0000
vt 0.4491 0.8214 0.0000
vt 0.5142 0.8196 0.0000
vt 0.5155 0.8180 0.0000
vt 0.5188 0.8204 0.0000
vt 0.5176 0.8224 0.0000
vt 0.4473 0.8179 0.0000
vt 0.4504 0.8158 0.0000
vt 0.4523 0.8195 0.0000
vt 0.4445 0.8199 0.0000
vt 0.4540 0.8230 0.0000
vt 0.4533 0.8142 0.0000
vt 0.4562 0.8197 0.0000
vt 0.4440 0.8261 0.0000
vt 0.4420 0.8211 0.0000
vt 0.5242 0.8187 0.0000
vt 0.5220 0.8223 0.0000
vt 0.5213 0.8167 0.0000
vt 0.5184 0.8145 0.0000
vt 0.5211 0.8240 0.0000
vt 0.5266 0.8208 0.0000
vt 0.5241 0.8257 0.0000
vt 0.5161 0.8126 0.0000
vt 0.5116 0.8176 0.0000
vt 0.5354 0.8007 0.0000
vt 0.5361 0.8003 0.0000
vt 0.5377 0.8004 0.0000
vt 0.5386 0.8038 0.0000
vt 0.5322 0.7978 0.0000
vt 0.5329 0.7963 0.0000
vt 0.4378 0.7958 0.0000
vt 0.4393 0.7949 0.0000
vt 0.4360 0.7963 0.0000
vt 0.4347 0.7984 0.0000
vt 0.5349 0.7960 0.0000
vt 0.5367 0.7976 0.0000
vt 0.5349 0.7982 0.0000
vt 0.5338 0.7996 0.0000
vt 0.4818 0.8148 0.0000
vt 0.4824 0.8108 0.0000
vt 0.4842 0.8109 0.0000
vt 0.4837 0.8160 0.0000
vt 0.4787 0.8143 0.0000
vt 0.4795 0.8103 0.0000
vt 0.4773 0.8086 0.0000
vt 0.4756 0.8139 0.0000
vt 0.4745 0.8080 0.0000
vt 0.4729 0.8145 0.0000
vt 0.4909 0.8154 0.0000
vt 0.4914 0.8110 0.0000
vt 0.4931 0.8107 0.0000
vt 0.4931 0.8169 0.0000
vt 0.4884 0.8147 0.0000
vt 0.4886 0.8112 0.0000
vt 0.4858 0.8112 0.0000
vt 0.4857 0.8152 0.0000
vt 0.4847 0.8075 0.0000
vt 0.4836 0.8066 0.0000
vt 0.4815 0.8055 0.0000
vt 0.4795 0.8044 0.0000
vt 0.4773 0.8039 0.0000
vt 0.4906 0.8073 0.0000
vt 0.4925 0.8062 0.0000
vt 0.4884 0.8079 0.0000
vt 0.4859 0.8081 0.0000
vt 0.4907 0.8181 0.0000
vt 0.4908 0.8168 0.0000
vt 0.4779 0.8170 0.0000
vt 0.4814 0.8171 0.0000
vt 0.4751 0.8163 0.0000
vt 0.4855 0.8165 0.0000
vt 0.4854 0.8180 0.0000
vt 0.4975 0.8337 0.0000
vt 0.4995 0.8312 0.0000
vt 0.5022 0.8308 0.0000
vt 0.5035 0.8328 0.0000
vt 0.5034 0.8353 0.0000
vt 0.5098 0.8350 0.0000
vt 0.5087 0.8373 0.0000
vt 0.5029 0.8378 0.0000
vt 0.5072 0.8411 0.0000
vt 0.5045 0.8410 0.0000
vt 0.5051 0.8390 0.0000
vt 0.5079 0.8390 0.0000
vt 0.4611 0.8348 0.0000
vt 0.4641 0.8323 0.0000
vt 0.4677 0.8320 0.0000
vt 0.4666 0.8348 0.0000
vt 0.4705 0.8405 0.0000
vt 0.4759 0.8408 0.0000
vt 0.4813 0.8396 0.0000
vt 0.4857 0.8382 0.0000
vt 0.4910 0.8368 0.0000
vt 0.4911 0.8392 0.0000
vt 0.4967 0.8360 0.0000
vt 0.4960 0.8388 0.0000
vt 0.4915 0.8250 0.0000
vt 0.4913 0.8231 0.0000
vt 0.4937 0.8231 0.0000
vt 0.4948 0.8264 0.0000
vt 0.4719 0.8214 0.0000
vt 0.4742 0.8229 0.0000
vt 0.4737 0.8250 0.0000
vt 0.4707 0.8249 0.0000
vt 0.4770 0.8237 0.0000
vt 0.4764 0.8261 0.0000
vt 0.4803 0.8235 0.0000
vt 0.4800 0.8263 0.0000
vt 0.4829 0.8230 0.0000
vt 0.4824 0.8277 0.0000
vt 0.4852 0.8232 0.0000
vt 0.4852 0.8262 0.0000
vt 0.4887 0.8255 0.0000
vt 0.4883 0.8232 0.0000
vt 0.4898 0.8324 0.0000
vt 0.4852 0.8328 0.0000
vt 0.4854 0.8310 0.0000
vt 0.4896 0.8304 0.0000
vt 0.4940 0.8316 0.0000
vt 0.4930 0.8298 0.0000
vt 0.4962 0.8283 0.0000
vt 0.4976 0.8302 0.0000
vt 0.4919 0.8267 0.0000
vt 0.4692 0.8296 0.0000
vt 0.4701 0.8272 0.0000
vt 0.4715 0.8298 0.0000
vt 0.4703 0.8318 0.0000
vt 0.4735 0.8330 0.0000
vt 0.4744 0.8310 0.0000
vt 0.4777 0.8330 0.0000
vt 0.4784 0.8312 0.0000
vt 0.4816 0.8328 0.0000
vt 0.4820 0.8301 0.0000
vt 0.4856 0.8292 0.0000
vt 0.4852 0.8277 0.0000
vt 0.4861 0.8063 0.0000
vt 0.4884 0.8059 0.0000
vt 0.4852 0.8051 0.0000
vt 0.4841 0.8044 0.0000
vt 0.4830 0.8025 0.0000
vt 0.4813 0.8017 0.0000
vt 0.4879 0.8043 0.0000
vt 0.4799 0.8016 0.0000
vt 0.4872 0.8031 0.0000
vt 0.4853 0.8040 0.0000
vt 0.4902 0.8059 0.0000
vt 0.4902 0.8042 0.0000
vt 0.4892 0.8031 0.0000
vt 0.5420 0.8267 0.0000
vt 0.5450 0.8344 0.0000
vt 0.5430 0.8309 0.0000
vt 0.5130 0.8211 0.0000
vt 0.5167 0.8239 0.0000
vt 0.5202 0.8256 0.0000
vt 0.4924 0.8281 0.0000
vt 0.5240 0.8081 0.0000
vt 0.5260 0.8105 0.0000
vt 0.5289 0.8116 0.0000
vt 0.5216 0.8110 0.0000
vt 0.5200 0.8087 0.0000
vt 0.5238 0.8133 0.0000
vt 0.5265 0.8150 0.0000
vt 0.5288 0.8164 0.0000
vt 0.4425 0.8159 0.0000
vt 0.4401 0.8167 0.0000
vt 0.4452 0.8142 0.0000
vt 0.4480 0.8119 0.0000
vt 0.4504 0.8096 0.0000
vt 0.4748 0.8193 0.0000
vt 0.4725 0.8182 0.0000
vt 0.4776 0.8201 0.0000
vt 0.4809 0.8198 0.0000
vt 0.4833 0.8194 0.0000
vt 0.4853 0.8204 0.0000
vt 0.4881 0.8207 0.0000
vt 0.4908 0.8205 0.0000
vt 0.4933 0.8201 0.0000
vt 0.4881 0.8184 0.0000
vt 0.4882 0.8168 0.0000
vt 0.4891 0.8272 0.0000
vt 0.4894 0.8286 0.0000
vt 0.5552 0.8222 0.0000
vt 0.5555 0.8259 0.0000
vt 0.5571 0.8291 0.0000
vt 0.4550 0.8364 0.0000
vt 0.5109 0.8327 0.0000
vt 0.4904 0.8346 0.0000
vt 0.4849 0.8357 0.0000
vt 0.4722 0.8367 0.0000
vt 0.4765 0.8369 0.0000
vt 0.4809 0.8366 0.0000
vt 0.5668 0.8475 0.0000
vt 0.5648 0.8504 0.0000
vt 0.5630 0.8542 0.0000
vt 0.5621 0.8577 0.0000
vt 0.5616 0.8608 0.0000
vt 0.4060 0.8572 0.0000
vt 0.4060 0.8543 0.0000
vt 0.4055 0.8513 0.0000
vt 0.4054 0.8480 0.0000
vt 0.4049 0.8447 0.0000
vt 0.4968 0.8419 0.0000
vt 0.5015 0.8413 0.0000
vt 0.5064 0.8438 0.0000
vt 0.5041 0.8434 0.0000
vt 0.4918 0.8477 0.0000
vt 0.4920 0.8504 0.0000
vt 0.4942 0.8425 0.0000
vt 0.4938 0.8407 0.0000
vt 0.4944 0.8445 0.0000
vt 0.5105 0.8395 0.0000
vt 0.5098 0.8414 0.0000
vt 0.5088 0.8438 0.0000
vt 0.5232 0.8474 0.0000
vt 0.5248 0.8455 0.0000
vt 0.5213 0.8495 0.0000
vt 0.4513 0.8672 0.0000
vt 0.4537 0.8624 0.0000
vt 0.4579 0.8696 0.0000
vt 0.4541 0.8718 0.0000
vt 0.4475 0.8619 0.0000
vt 0.4471 0.8669 0.0000
vt 0.4427 0.8680 0.0000
vt 0.4426 0.8631 0.0000
vt 0.4320 0.8730 0.0000
vt 0.4332 0.8675 0.0000
vt 0.4381 0.8651 0.0000
vt 0.4378 0.8701 0.0000
vt 0.4602 0.8772 0.0000
vt 0.4556 0.8770 0.0000
vt 0.4602 0.8832 0.0000
vt 0.4546 0.8821 0.0000
vt 0.4545 0.8898 0.0000
vt 0.4511 0.8866 0.0000
vt 0.4272 0.8728 0.0000
vt 0.4280 0.8693 0.0000
vt 0.4420 0.8977 0.0000
vt 0.4460 0.8980 0.0000
vt 0.4461 0.9027 0.0000
vt 0.4427 0.9021 0.0000
vt 0.4437 0.9077 0.0000
vt 0.4409 0.9063 0.0000
vt 0.5398 0.8715 0.0000
vt 0.5365 0.8745 0.0000
vt 0.5344 0.8719 0.0000
vt 0.5386 0.8684 0.0000
vt 0.5338 0.8788 0.0000
vt 0.5310 0.8769 0.0000
vt 0.4353 0.9005 0.0000
vt 0.4357 0.9040 0.0000
vt 0.4326 0.8920 0.0000
vt 0.4316 0.8901 0.0000
vt 0.4338 0.8940 0.0000
vt 0.4353 0.8972 0.0000
vt 0.4295 0.8871 0.0000
vt 0.4160 0.8777 0.0000
vt 0.4189 0.8770 0.0000
vt 0.4218 0.8784 0.0000
vt 0.4123 0.8790 0.0000
vt 0.4246 0.8807 0.0000
vt 0.4272 0.8837 0.0000
vt 0.4372 0.9028 0.0000
vt 0.4373 0.9009 0.0000
vt 0.4391 0.9014 0.0000
vt 0.4387 0.9035 0.0000
vt 0.4373 0.8991 0.0000
vt 0.4391 0.8991 0.0000
vt 0.4375 0.8938 0.0000
vt 0.4385 0.8970 0.0000
vt 0.4356 0.8910 0.0000
vt 0.4337 0.8883 0.0000
vt 0.4314 0.8850 0.0000
vt 0.4290 0.8816 0.0000
vt 0.4264 0.8785 0.0000
vt 0.4235 0.8765 0.0000
vt 0.4184 0.8751 0.0000
vt 0.4132 0.8754 0.0000
vt 0.4090 0.8779 0.0000
vt 0.5382 0.8759 0.0000
vt 0.5396 0.8767 0.0000
vt 0.5384 0.8798 0.0000
vt 0.5362 0.8797 0.0000
vt 0.5374 0.8839 0.0000
vt 0.5341 0.8847 0.0000
vt 0.4408 0.9017 0.0000
vt 0.4402 0.9038 0.0000
vt 0.4407 0.8994 0.0000
vt 0.4404 0.8938 0.0000
vt 0.4386 0.8901 0.0000
vt 0.4363 0.8867 0.0000
vt 0.4338 0.8830 0.0000
vt 0.4313 0.8795 0.0000
vt 0.4289 0.8762 0.0000
vt 0.4255 0.8749 0.0000
vt 0.5410 0.8737 0.0000
vt 0.5418 0.8752 0.0000
vt 0.4508 0.8928 0.0000
vt 0.4470 0.8880 0.0000
vt 0.4449 0.8935 0.0000
vt 0.4426 0.8891 0.0000
vt 0.4344 0.8770 0.0000
vt 0.4388 0.8746 0.0000
vt 0.4431 0.8722 0.0000
vt 0.4470 0.8703 0.0000
vt 0.4499 0.8700 0.0000
vt 0.4512 0.8732 0.0000
vt 0.4525 0.8766 0.0000
vt 0.4400 0.8851 0.0000
vt 0.4439 0.8833 0.0000
vt 0.4476 0.8813 0.0000
vt 0.4506 0.8790 0.0000
vt 0.4371 0.8809 0.0000
vt 0.4411 0.8788 0.0000
vt 0.4450 0.8767 0.0000
vt 0.4482 0.8747 0.0000
vt 0.4285 0.8653 0.0000
vt 0.4339 0.8633 0.0000
vt 0.4379 0.8606 0.0000
vt 0.4421 0.8580 0.0000
vt 0.4467 0.8564 0.0000
vt 0.4522 0.8549 0.0000
vt 0.4575 0.8552 0.0000
vt 0.4618 0.8545 0.0000
vt 0.4676 0.8549 0.0000
vt 0.4735 0.8552 0.0000
vt 0.5241 0.8708 0.0000
vt 0.5195 0.8681 0.0000
vt 0.5149 0.8653 0.0000
vt 0.5103 0.8626 0.0000
vt 0.5056 0.8604 0.0000
vt 0.5006 0.8596 0.0000
vt 0.4958 0.8591 0.0000
vt 0.4910 0.8595 0.0000
vt 0.4860 0.8606 0.0000
vt 0.4611 0.8590 0.0000
vt 0.4746 0.8627 0.0000
vt 0.4681 0.8598 0.0000
vt 0.5322 0.8684 0.0000
vt 0.5282 0.8736 0.0000
vt 0.4609 0.8929 0.0000
vt 0.4655 0.8891 0.0000
vt 0.4670 0.8792 0.0000
vt 0.4703 0.8859 0.0000
vt 0.4578 0.8960 0.0000
vt 0.4563 0.8996 0.0000
vt 0.4506 0.8982 0.0000
vt 0.4552 0.9033 0.0000
vt 0.4498 0.9030 0.0000
vt 0.4541 0.9073 0.0000
vt 0.4478 0.9087 0.0000
vt 0.5237 0.8884 0.0000
vt 0.5206 0.8859 0.0000
vt 0.5244 0.8798 0.0000
vt 0.5272 0.8831 0.0000
vt 0.5201 0.8772 0.0000
vt 0.5167 0.8838 0.0000
vt 0.4749 0.8832 0.0000
vt 0.4720 0.8759 0.0000
vt 0.5159 0.8747 0.0000
vt 0.5132 0.8817 0.0000
vt 0.5077 0.8708 0.0000
vt 0.5119 0.8726 0.0000
vt 0.5096 0.8802 0.0000
vt 0.5058 0.8788 0.0000
vt 0.5019 0.8777 0.0000
vt 0.5034 0.8695 0.0000
vt 0.4979 0.8773 0.0000
vt 0.4990 0.8688 0.0000
vt 0.4913 0.8775 0.0000
vt 0.4876 0.8781 0.0000
vt 0.4868 0.8695 0.0000
vt 0.4912 0.8687 0.0000
vt 0.4767 0.8727 0.0000
vt 0.4820 0.8709 0.0000
vt 0.4837 0.8792 0.0000
vt 0.4794 0.8808 0.0000
vt 0.4653 0.8728 0.0000
vt 0.4634 0.8663 0.0000
vt 0.4693 0.8644 0.0000
vt 0.4704 0.8689 0.0000
vt 0.4801 0.8619 0.0000
vt 0.4945 0.8773 0.0000
vt 0.4951 0.8684 0.0000
vt 0.4380 0.9059 0.0000
vt 0.4692 0.8943 0.0000
vt 0.4656 0.8970 0.0000
vt 0.4731 0.8921 0.0000
vt 0.4629 0.8998 0.0000
vt 0.4612 0.9026 0.0000
vt 0.4598 0.9055 0.0000
vt 0.4582 0.9083 0.0000
vt 0.5213 0.8935 0.0000
vt 0.5179 0.8918 0.0000
vt 0.5144 0.8901 0.0000
vt 0.4770 0.8901 0.0000
vt 0.5109 0.8885 0.0000
vt 0.5073 0.8870 0.0000
vt 0.5037 0.8858 0.0000
vt 0.5003 0.8850 0.0000
vt 0.4940 0.8850 0.0000
vt 0.4910 0.8853 0.0000
vt 0.4878 0.8861 0.0000
vt 0.4845 0.8871 0.0000
vt 0.4809 0.8884 0.0000
vt 0.4970 0.8849 0.0000
vt 0.5310 0.8837 0.0000
vt 0.4790 0.8295 0.0000
vt 0.4753 0.8292 0.0000
vt 0.4727 0.8277 0.0000
vt 0.9529 0.1119 0.0000
vt 0.9443 0.1114 0.0000
vt 0.9460 0.1059 0.0000
vt 0.9547 0.1079 0.0000
vt 0.9477 0.0826 0.0000
vt 0.9480 0.0897 0.0000
vt 0.9388 0.0883 0.0000
vt 0.9386 0.0817 0.0000
vt 0.9385 0.0743 0.0000
vt 0.9478 0.0752 0.0000
vt 0.9366 0.2297 0.0000
vt 0.9372 0.2209 0.0000
vt 0.9469 0.2216 0.0000
vt 0.9460 0.2301 0.0000
vt 0.9468 0.1014 0.0000
vt 0.9380 0.0992 0.0000
vt 0.9387 0.0944 0.0000
vt 0.9495 0.0973 0.0000
vt 0.9372 0.1041 0.0000
vt 0.9329 0.1179 0.0000
vt 0.9422 0.1183 0.0000
vt 0.9404 0.1265 0.0000
vt 0.9354 0.1105 0.0000
vt 0.9387 0.1318 0.0000
vt 0.9489 0.1321 0.0000
vt 0.9470 0.1393 0.0000
vt 0.9358 0.1395 0.0000
vt 0.9499 0.1262 0.0000
vt 0.9547 0.1164 0.0000
vt 0.9485 0.1561 0.0000
vt 0.9383 0.1575 0.0000
vt 0.9378 0.1500 0.0000
vt 0.9482 0.1485 0.0000
vt 0.9298 0.1587 0.0000
vt 0.9295 0.1512 0.0000
vt 0.9391 0.1650 0.0000
vt 0.9304 0.1658 0.0000
vt 0.9377 0.2116 0.0000
vt 0.9475 0.2120 0.0000
vt 0.9292 0.2117 0.0000
vt 0.9294 0.2028 0.0000
vt 0.9379 0.2029 0.0000
vt 0.9482 0.2033 0.0000
vt 0.9384 0.1949 0.0000
vt 0.9486 0.1952 0.0000
vt 0.9494 0.1724 0.0000
vt 0.9394 0.1730 0.0000
vt 0.9492 0.1640 0.0000
vt 0.9494 0.1805 0.0000
vt 0.9393 0.1808 0.0000
vt 0.9304 0.1809 0.0000
vt 0.9305 0.1734 0.0000
vt 0.9298 0.1947 0.0000
vt 0.9302 0.1879 0.0000
vt 0.9390 0.1880 0.0000
vt 0.9490 0.1879 0.0000
vt 0.9600 0.1092 0.0000
vt 0.9576 0.1038 0.0000
vt 0.9540 0.1043 0.0000
vt 0.1731 0.7620 0.0000
vt 0.1697 0.7557 0.0000
vt 0.1789 0.7522 0.0000
vt 0.1819 0.7587 0.0000
vt 0.1846 0.7668 0.0000
vt 0.1761 0.7697 0.0000
vt 0.1201 0.7857 0.0000
vt 0.1185 0.7789 0.0000
vt 0.1407 0.7731 0.0000
vt 0.1424 0.7797 0.0000
vt 0.1558 0.7758 0.0000
vt 0.1577 0.7836 0.0000
vt 0.1439 0.7869 0.0000
vt 0.1217 0.7929 0.0000
vt 0.1023 0.7986 0.0000
vt 0.1007 0.7916 0.0000
vt 0.1450 0.7940 0.0000
vt 0.1232 0.7999 0.0000
vt 0.1038 0.8052 0.0000
vt 0.0856 0.8100 0.0000
vt 0.0843 0.8037 0.0000
vt 0.1243 0.8064 0.0000
vt 0.1050 0.8116 0.0000
vt 0.0870 0.8163 0.0000
vt 0.0729 0.8199 0.0000
vt 0.0720 0.8131 0.0000
vt 0.1061 0.8178 0.0000
vt 0.0883 0.8223 0.0000
vt 0.0741 0.8267 0.0000
vt 0.0627 0.8299 0.0000
vt 0.0619 0.8225 0.0000
vt 0.0896 0.8288 0.0000
vt 0.0751 0.8331 0.0000
vt 0.0631 0.8370 0.0000
vt 0.0534 0.8382 0.0000
vt 0.0536 0.8315 0.0000
vt 0.0764 0.8398 0.0000
vt 0.0637 0.8433 0.0000
vt 0.0523 0.8447 0.0000
vt 0.0476 0.8452 0.0000
vt 0.0458 0.8394 0.0000
vt 0.0642 0.8489 0.0000
vt 0.0520 0.8505 0.0000
vt 0.0493 0.8507 0.0000
vt 0.0516 0.8555 0.0000
vt 0.0496 0.8557 0.0000
vt 0.0413 0.8275 0.0000
vt 0.0519 0.8245 0.0000
vt 0.0434 0.8344 0.0000
vt 0.0395 0.8213 0.0000
vt 0.0509 0.8177 0.0000
vt 0.0605 0.8155 0.0000
vt 0.0488 0.8116 0.0000
vt 0.0591 0.8091 0.0000
vt 0.0712 0.8067 0.0000
vt 0.0574 0.8031 0.0000
vt 0.0694 0.8003 0.0000
vt 0.0829 0.7970 0.0000
vt 0.0671 0.7941 0.0000
vt 0.0809 0.7902 0.0000
vt 0.0991 0.7847 0.0000
vt 0.0789 0.7835 0.0000
vt 0.0975 0.7779 0.0000
vt 0.1172 0.7724 0.0000
vt 0.0961 0.7715 0.0000
vt 0.1164 0.7658 0.0000
vt 0.1370 0.7594 0.0000
vt 0.1388 0.7665 0.0000
vt 0.1149 0.7587 0.0000
vt 0.1356 0.7538 0.0000
vt 0.1458 0.7502 0.0000
vt 0.1480 0.7560 0.0000
vt 0.1502 0.7625 0.0000
vt 0.1920 0.8604 0.0000
vt 0.1833 0.8613 0.0000
vt 0.1840 0.8551 0.0000
vt 0.1925 0.8547 0.0000
vt 0.1886 0.8703 0.0000
vt 0.1800 0.8702 0.0000
vt 0.1343 0.8739 0.0000
vt 0.1333 0.8666 0.0000
vt 0.1528 0.8647 0.0000
vt 0.1541 0.8715 0.0000
vt 0.1646 0.8711 0.0000
vt 0.1645 0.8779 0.0000
vt 0.1551 0.8780 0.0000
vt 0.1356 0.8814 0.0000
vt 0.1157 0.8824 0.0000
vt 0.1152 0.8751 0.0000
vt 0.1275 0.7380 0.0000
vt 0.1320 0.7444 0.0000
vt 0.1130 0.7521 0.0000
vt 0.1097 0.7457 0.0000
vt 0.0932 0.7591 0.0000
vt 0.0910 0.7526 0.0000
vt 0.0745 0.7652 0.0000
vt 0.0726 0.7592 0.0000
vt 0.0948 0.7654 0.0000
vt 0.0758 0.7711 0.0000
vt 0.0606 0.7761 0.0000
vt 0.0587 0.7707 0.0000
vt 0.0772 0.7770 0.0000
vt 0.0626 0.7818 0.0000
vt 0.0503 0.7859 0.0000
vt 0.0483 0.7807 0.0000
vt 0.0646 0.7878 0.0000
vt 0.0523 0.7916 0.0000
vt 0.0409 0.7953 0.0000
vt 0.0387 0.7907 0.0000
vt 0.0547 0.7974 0.0000
vt 0.0438 0.8014 0.0000
vt 0.0380 0.8019 0.0000
vt 0.0372 0.7962 0.0000
vt 0.0467 0.8064 0.0000
vt 0.0383 0.8086 0.0000
vt 0.0385 0.8160 0.0000
vt 0.0359 0.7915 0.0000
vt 0.0344 0.7869 0.0000
vt 0.0366 0.7855 0.0000
vt 0.0323 0.7819 0.0000
vt 0.0342 0.7810 0.0000
vt 0.0455 0.7758 0.0000
vt 0.0318 0.7769 0.0000
vt 0.0426 0.7709 0.0000
vt 0.0565 0.7650 0.0000
vt 0.0658 0.8835 0.0000
vt 0.0667 0.8777 0.0000
vt 0.0803 0.8770 0.0000
vt 0.0802 0.8832 0.0000
vt 0.0967 0.8761 0.0000
vt 0.0966 0.8828 0.0000
vt 0.0801 0.8712 0.0000
vt 0.0965 0.8696 0.0000
vt 0.1144 0.8681 0.0000
vt 0.0961 0.8636 0.0000
vt 0.1137 0.8615 0.0000
vt 0.1321 0.8598 0.0000
vt 0.1129 0.8556 0.0000
vt 0.1312 0.8535 0.0000
vt 0.1508 0.8517 0.0000
vt 0.1515 0.8581 0.0000
vt 0.1305 0.8475 0.0000
vt 0.1501 0.8453 0.0000
vt 0.1633 0.8432 0.0000
vt 0.1641 0.8503 0.0000
vt 0.1643 0.8569 0.0000
vt 0.1840 0.8399 0.0000
vt 0.1836 0.8324 0.0000
vt 0.1925 0.8310 0.0000
vt 0.1929 0.8385 0.0000
vt 0.1890 0.7842 0.0000
vt 0.1803 0.7863 0.0000
vt 0.1786 0.7783 0.0000
vt 0.1871 0.7758 0.0000
vt 0.1901 0.7920 0.0000
vt 0.1813 0.7938 0.0000
vt 0.1458 0.8008 0.0000
vt 0.1599 0.7980 0.0000
vt 0.1604 0.8048 0.0000
vt 0.1464 0.8073 0.0000
vt 0.1253 0.8127 0.0000
vt 0.1467 0.8141 0.0000
vt 0.1263 0.8195 0.0000
vt 0.1073 0.8246 0.0000
vt 0.1275 0.8270 0.0000
vt 0.1087 0.8315 0.0000
vt 0.0909 0.8358 0.0000
vt 0.1100 0.8384 0.0000
vt 0.0923 0.8424 0.0000
vt 0.0771 0.8460 0.0000
vt 0.0934 0.8483 0.0000
vt 0.0777 0.8516 0.0000
vt 0.0649 0.8540 0.0000
vt 0.0785 0.8565 0.0000
vt 0.0656 0.8587 0.0000
vt 0.0517 0.8605 0.0000
vt 0.0509 0.8601 0.0000
vt 0.0659 0.8631 0.0000
vt 0.0519 0.8648 0.0000
vt 0.0512 0.8646 0.0000
vt 0.0523 0.8691 0.0000
vt 0.0516 0.8691 0.0000
vt 0.0530 0.8736 0.0000
vt 0.0522 0.8735 0.0000
vt 0.0534 0.8779 0.0000
vt 0.0525 0.8781 0.0000
vt 0.0538 0.8835 0.0000
vt 0.0524 0.8828 0.0000
vt 0.0303 0.7773 0.0000
vt 0.0669 0.8723 0.0000
vt 0.0666 0.8675 0.0000
vt 0.0798 0.8659 0.0000
vt 0.0790 0.8610 0.0000
vt 0.0954 0.8583 0.0000
vt 0.0945 0.8533 0.0000
vt 0.1120 0.8499 0.0000
vt 0.1110 0.8444 0.0000
vt 0.1296 0.8412 0.0000
vt 0.1287 0.8345 0.0000
vt 0.1484 0.8306 0.0000
vt 0.1494 0.8384 0.0000
vt 0.1473 0.8219 0.0000
vt 0.1612 0.8195 0.0000
vt 0.1620 0.8281 0.0000
vt 0.1628 0.8360 0.0000
vt 0.1910 0.8065 0.0000
vt 0.1822 0.8080 0.0000
vt 0.1818 0.8008 0.0000
vt 0.1907 0.7992 0.0000
vt 0.1913 0.8146 0.0000
vt 0.1825 0.8159 0.0000
vt 0.1609 0.7449 0.0000
vt 0.1524 0.7406 0.0000
vt 0.1595 0.7386 0.0000
vt 0.1703 0.7413 0.0000
vt 0.1364 0.7367 0.0000
vt 0.1404 0.7429 0.0000
vt 0.1529 0.7689 0.0000
vt 0.1599 0.7591 0.0000
vt 0.1632 0.7653 0.0000
vt 0.1673 0.7724 0.0000
vt 0.1695 0.7807 0.0000
vt 0.1573 0.7531 0.0000
vt 0.1544 0.7472 0.0000
vt 0.1662 0.7501 0.0000
vt 0.1753 0.8622 0.0000
vt 0.1650 0.8634 0.0000
vt 0.1752 0.8558 0.0000
vt 0.1736 0.8705 0.0000
vt 0.1775 0.8776 0.0000
vt 0.1722 0.8777 0.0000
vt 0.1746 0.8414 0.0000
vt 0.1849 0.8481 0.0000
vt 0.1754 0.8490 0.0000
vt 0.1742 0.8340 0.0000
vt 0.1590 0.7910 0.0000
vt 0.1709 0.7884 0.0000
vt 0.1719 0.7956 0.0000
vt 0.1724 0.8025 0.0000
vt 0.1730 0.8175 0.0000
vt 0.1830 0.8244 0.0000
vt 0.1735 0.8260 0.0000
vt 0.1726 0.8095 0.0000
vt 0.1607 0.8117 0.0000
vt 0.1475 0.7416 0.0000
vt 0.1438 0.7356 0.0000
vt 0.1490 0.7349 0.0000
vt 0.1755 0.7465 0.0000
vt 0.1843 0.8776 0.0000
vt 0.1941 0.8476 0.0000
vt 0.1918 0.8231 0.0000
vt 0.1557 0.7339 0.0000
# 1217 texture coords

o ProfesorSubRightArm
g ProfesorSubRightArm
usemtl rp_carla_rigged_001_mat
s off
f 1/1/1 2/2/2 3/3/3 4/4/4 
f 5/5/5 6/6/6 2/2/2 1/1/1 
f 6/6/6 5/5/5 7/7/7 8/8/8 
f 9/9/9 10/10/10 11/11/11 12/12/12 
f 12/12/12 11/11/11 4/4/4 3/3/3 
f 10/10/10 9/9/9 13/13/13 14/14/14 
f 15/15/15 16/16/16 17/17/17 18/18/18 
f 18/18/18 19/19/19 20/20/20 15/15/15 
f 20/20/20 19/19/19 21/21/21 22/22/22 
f 23/23/23 24/24/24 25/25/25 26/26/26 
f 26/26/26 25/25/25 17/17/17 16/16/16 
f 24/24/24 23/23/23 27/27/27 28/28/28 
f 29/29/29 30/30/30 8/8/8 7/7/7 
f 31/31/31 32/32/32 30/30/30 29/29/29 
f 33/33/33 34/34/34 32/35/32 31/36/31 
f 35/37/35 36/38/36 34/34/34 33/33/33 
f 37/39/37 38/40/38 36/38/36 35/37/35 
f 39/41/39 40/42/40 38/40/38 37/39/37 
f 40/42/40 39/41/39 28/28/28 27/27/27 
f 22/22/22 21/21/21 14/14/14 13/13/13 
f 41/43/41 42/44/42 43/45/43 44/46/44 
f 45/47/45 41/48/41 44/49/44 46/50/46 
f 47/51/47 48/52/48 49/53/49 50/54/50 
f 47/51/47 45/47/45 46/50/46 48/52/48 
f 43/45/43 42/44/42 51/55/51 52/56/52 
f 45/47/45 47/51/47 50/54/50 53/57/53 
f 52/56/52 51/55/51 54/58/54 55/59/55 
f 53/57/53 42/60/42 41/48/41 45/47/45 
f 55/59/55 54/58/54 56/61/56 57/62/57 
f 57/62/57 56/61/56 50/54/50 49/53/49 
f 54/58/54 53/57/53 50/54/50 56/61/56 
f 51/55/51 42/44/42 53/57/53 54/58/54 
f 58/63/58 59/64/59 46/50/46 44/49/44 
f 44/46/44 43/45/43 60/65/60 58/66/58 
f 60/65/60 43/45/43 52/56/52 61/67/61 
f 61/67/61 52/56/52 55/59/55 62/68/62 
f 57/62/57 63/69/63 62/68/62 55/59/55 
f 49/53/49 64/70/64 63/69/63 57/62/57 
f 64/70/64 49/53/49 48/52/48 65/71/65 
f 59/64/59 65/71/65 48/52/48 46/50/46 
f 59/64/59 58/63/58 66/72/66 67/73/67 
f 68/74/68 65/71/65 59/64/59 67/73/67 
f 58/66/58 60/65/60 69/75/69 66/76/66 
f 61/67/61 70/77/70 69/75/69 60/65/60 
f 62/68/62 71/78/71 70/77/70 61/67/61 
f 62/68/62 63/69/63 72/79/72 71/78/71 
f 64/70/64 73/80/73 72/79/72 63/69/63 
f 65/71/65 68/74/68 73/80/73 64/70/64 
f 67/73/67 74/81/74 75/82/75 
f 75/83/75 74/84/74 76/85/76 77/86/77 
f 76/85/76 78/87/78 79/88/79 77/86/77 
f 79/88/79 78/87/78 71/78/71 
f 71/78/71 72/79/72 80/89/80 
f 72/79/72 73/80/73 81/90/81 80/89/80 
f 73/80/73 68/74/68 82/91/82 81/90/81 
f 82/91/82 68/74/68 67/73/67 
f 82/91/82 67/73/67 83/92/83 84/93/84 
f 77/86/77 79/88/79 85/94/85 86/95/86 
f 79/88/79 71/78/71 87/96/87 85/94/85 
f 87/96/87 71/78/71 80/89/80 88/97/88 
f 88/97/88 80/89/80 81/90/81 89/98/89 
f 82/91/82 84/93/84 89/98/89 81/90/81 
f 90/99/90 91/100/91 92/101/92 
f 89/98/89 93/102/93 94/103/94 88/97/88 
f 87/96/87 88/97/88 94/103/94 95/104/95 
f 85/94/85 87/96/87 95/104/95 96/105/96 
f 75/82/75 97/106/97 83/92/83 67/73/67 
f 77/86/77 86/95/86 97/107/97 75/83/75 
f 98/108/98 83/92/83 97/106/97 99/109/99 
f 86/95/86 85/94/85 96/105/96 100/110/100 
f 99/111/99 97/107/97 86/95/86 100/110/100 
f 93/102/93 89/98/89 84/93/84 101/112/101 
f 83/92/83 98/108/98 101/112/101 84/93/84 
f 102/113/102 103/114/103 104/115/104 105/116/105 
f 106/117/106 107/118/107 102/113/102 105/116/105 
f 108/119/108 109/120/109 110/121/110 111/122/111 
f 106/117/106 111/122/111 110/121/110 107/118/107 
f 112/123/112 113/124/113 114/125/114 115/126/115 
f 108/119/108 111/122/111 116/127/116 
f 117/128/117 118/129/118 119/130/119 
f 120/131/120 118/129/118 117/128/117 121/132/121 
f 122/133/122 123/134/123 124/135/124 125/136/125 
f 126/137/126 127/138/127 128/139/128 129/140/129 
f 130/141/130 131/142/131 132/143/132 133/144/133 
f 130/141/130 133/144/133 134/145/134 135/146/135 
f 133/147/133 132/148/132 122/133/122 125/136/125 
f 115/126/115 114/125/114 136/149/136 137/150/137 
f 138/151/138 139/152/139 140/153/140 141/154/141 
f 127/138/127 126/137/126 142/155/142 143/156/143 
f 144/157/144 145/158/145 146/159/146 147/160/147 
f 148/161/148 149/162/149 150/163/150 151/164/151 
f 152/165/152 153/166/153 146/159/146 145/158/145 
f 154/167/154 150/163/150 149/162/149 155/168/155 
f 156/169/156 157/170/157 140/153/140 139/152/139 
f 110/121/110 109/120/109 158/171/158 159/172/159 
f 160/173/160 161/174/161 162/175/162 
f 152/165/152 163/176/163 164/177/164 165/178/165 
f 166/179/166 162/175/162 161/174/161 167/180/167 
f 156/169/156 168/181/168 157/170/157 
f 169/182/169 170/183/170 171/184/171 
f 172/185/172 170/183/170 169/182/169 173/186/173 
f 174/187/174 175/188/175 172/185/172 173/186/173 
f 176/189/176 175/188/175 174/187/174 
f 176/190/176 177/191/177 178/192/178 
f 178/192/178 177/191/177 179/193/179 180/194/180 
f 180/194/180 179/193/179 181/195/181 182/196/182 
f 171/197/171 182/196/182 181/195/181 
f 183/198/183 171/184/171 170/183/170 184/199/184 
f 184/199/184 170/183/170 172/185/172 185/200/185 
f 172/185/172 175/188/175 186/201/186 185/200/185 
f 175/188/175 176/189/176 187/202/187 186/201/186 
f 187/203/187 176/190/176 188/204/188 189/205/189 
f 189/205/189 188/204/188 190/206/190 191/207/191 
f 191/207/191 190/206/190 192/208/192 193/209/193 
f 192/208/192 171/197/171 183/210/183 193/209/193 
f 194/211/194 195/212/195 196/213/196 197/214/197 
f 198/215/198 199/216/199 200/217/200 201/218/201 
f 199/216/199 202/219/202 203/220/203 200/217/200 
f 202/219/202 204/221/204 205/222/205 203/220/203 
f 205/222/205 204/221/204 206/223/206 207/224/207 
f 206/225/206 195/212/195 194/211/194 207/226/207 
f 197/214/197 196/213/196 208/227/208 209/228/209 
f 209/228/209 208/227/208 198/229/198 201/230/201 
f 197/214/197 210/231/210 211/232/211 194/211/194 
f 209/228/209 212/233/212 210/231/210 197/214/197 
f 207/226/207 194/211/194 211/232/211 
f 201/230/201 212/233/212 209/228/209 
f 200/217/200 213/234/213 201/218/201 
f 203/220/203 214/235/214 213/234/213 200/217/200 
f 215/236/215 214/235/214 203/220/203 205/222/205 
f 207/224/207 215/236/215 205/222/205 
f 216/237/216 217/238/217 218/239/218 219/240/219 
f 218/239/218 217/238/217 220/241/220 221/242/221 
f 220/243/220 222/244/222 223/245/223 221/246/221 
f 224/247/224 225/248/225 223/245/223 222/244/222 
f 224/247/224 226/249/226 227/250/227 225/248/225 
f 226/249/226 228/251/228 229/252/229 227/250/227 
f 218/239/218 221/242/221 230/253/230 219/240/219 
f 223/245/223 225/248/225 230/254/230 221/246/221 
f 228/255/228 231/256/231 232/257/232 229/258/229 
f 216/237/216 219/240/219 232/257/232 231/256/231 
f 219/240/219 230/253/230 229/258/229 232/257/232 
f 225/248/225 227/250/227 229/252/229 230/254/230 
f 233/259/233 234/260/234 235/261/235 131/142/131 
f 131/142/131 235/261/235 236/262/236 132/143/132 
f 132/148/132 236/263/236 237/264/237 122/133/122 
f 123/134/123 122/133/122 237/264/237 238/265/238 
f 239/266/239 240/267/240 138/151/138 141/154/141 
f 234/260/234 233/259/233 138/151/138 240/267/240 
f 117/128/117 119/130/119 241/268/241 242/269/242 
f 243/270/243 244/271/244 245/272/245 246/273/246 
f 244/271/244 243/270/243 247/274/247 248/275/248 
f 245/272/245 201/230/201 249/276/249 246/273/246 
f 249/277/249 201/218/201 213/234/213 250/278/250 
f 213/234/213 214/235/214 251/279/251 250/278/250 
f 214/235/214 215/236/215 252/280/252 251/279/251 
f 215/236/215 207/224/207 253/281/253 252/280/252 
f 247/274/247 253/282/253 207/226/207 248/275/248 
f 254/283/254 255/284/255 256/285/256 257/286/257 
f 258/287/258 259/288/259 260/289/260 261/290/261 
f 262/291/262 263/292/263 259/288/259 258/287/258 
f 261/290/261 260/289/260 254/293/254 257/294/257 
f 263/292/263 262/291/262 264/295/264 265/296/265 
f 265/297/265 264/298/264 266/299/266 267/300/267 
f 267/300/267 266/299/266 268/301/268 269/302/269 
f 268/301/268 256/285/256 255/284/255 269/302/269 
f 270/303/270 271/304/271 272/305/272 
f 271/304/271 273/306/273 274/307/274 272/305/272 
f 273/306/273 275/308/275 276/309/276 274/307/274 
f 276/309/276 275/308/275 277/310/277 
f 277/311/277 278/312/278 279/313/279 
f 278/312/278 280/314/280 281/315/281 279/313/279 
f 280/314/280 282/316/282 283/317/283 281/315/281 
f 270/318/270 283/317/283 282/316/282 
f 284/319/284 285/320/285 286/321/286 287/322/287 
f 287/322/287 286/321/286 288/323/288 289/324/289 
f 288/323/288 290/325/290 291/326/291 289/324/289 
f 291/326/291 290/325/290 292/327/292 293/328/293 
f 293/329/293 292/330/292 294/331/294 295/332/295 
f 295/332/295 294/331/294 296/333/296 297/334/297 
f 298/335/298 297/334/297 296/333/296 299/336/299 
f 299/336/299 285/337/285 284/338/284 298/335/298 
f 300/339/300 254/293/254 260/289/260 301/340/301 
f 302/341/302 255/284/255 254/283/254 300/342/300 
f 242/269/242 303/343/303 121/132/121 117/128/117 
f 304/344/304 305/345/305 306/346/306 307/347/307 
f 147/160/147 308/348/308 309/349/309 144/157/144 
f 310/350/310 311/351/311 144/157/144 309/349/309 
f 90/99/90 92/101/92 312/352/312 313/353/313 
f 314/354/314 315/355/315 316/356/316 317/357/317 
f 318/358/318 319/359/319 315/355/315 314/354/314 
f 320/360/320 321/361/321 319/362/319 318/363/318 
f 322/364/322 323/365/323 317/357/317 316/356/316 
f 320/360/320 324/366/324 325/367/325 321/361/321 
f 324/366/324 326/368/326 327/369/327 325/367/325 
f 326/368/326 328/370/328 329/371/329 327/369/327 
f 329/372/329 328/373/328 323/365/323 322/364/322 
f 323/365/323 330/374/330 331/375/331 317/357/317 
f 317/357/317 331/375/331 332/376/332 314/354/314 
f 332/376/332 333/377/333 318/358/318 314/354/314 
f 330/374/330 323/365/323 328/373/328 334/378/334 
f 318/363/318 333/379/333 335/380/335 320/360/320 
f 320/360/320 335/380/335 336/381/336 324/366/324 
f 336/381/336 337/382/337 326/368/326 324/366/324 
f 337/382/337 334/383/334 328/370/328 326/368/326 
f 338/384/338 339/385/339 284/319/284 287/322/287 
f 339/386/339 340/387/340 298/335/298 284/338/284 
f 341/388/341 291/326/291 293/328/293 342/389/342 
f 342/390/342 293/329/293 295/332/295 343/391/343 
f 338/384/338 287/322/287 289/324/289 344/392/344 
f 341/388/341 344/392/344 289/324/289 291/326/291 
f 344/392/344 341/388/341 342/389/342 345/393/345 
f 343/391/343 295/332/295 297/334/297 346/394/346 
f 342/390/342 343/391/343 346/394/346 345/395/345 
f 340/387/340 346/394/346 297/334/297 298/335/298 
f 340/387/340 339/386/339 345/395/345 346/394/346 
f 344/392/344 345/393/345 339/385/339 338/384/338 
f 347/396/347 348/397/348 349/398/349 350/399/350 
f 349/398/349 351/400/351 352/401/352 350/399/350 
f 351/400/351 334/378/334 353/402/353 352/401/352 
f 353/403/353 334/383/334 354/404/354 355/405/355 
f 355/405/355 354/404/354 356/406/356 357/407/357 
f 357/407/357 356/406/356 358/408/358 359/409/359 
f 358/408/358 333/379/333 360/410/360 359/409/359 
f 348/397/348 347/396/347 360/411/360 333/377/333 
f 361/412/361 362/413/362 306/414/306 363/415/363 
f 306/346/306 362/416/362 364/417/364 307/347/307 
f 364/417/364 365/418/365 366/419/366 307/347/307 
f 365/418/365 367/420/367 301/340/301 366/419/366 
f 367/420/367 368/421/368 300/339/300 301/340/301 
f 300/342/300 368/422/368 369/423/369 302/341/302 
f 302/341/302 369/423/369 370/424/370 371/425/371 
f 370/424/370 361/412/361 363/415/363 371/425/371 
f 372/426/372 373/427/373 126/137/126 129/140/129 
f 126/137/126 373/427/373 374/428/374 142/155/142 
f 375/429/375 135/146/135 376/430/376 377/431/377 
f 168/181/168 156/169/156 375/429/375 377/431/377 
f 378/432/378 379/433/379 380/434/380 
f 380/434/380 379/433/379 381/435/381 382/436/382 
f 382/436/382 381/435/381 383/437/383 384/438/384 
f 384/438/384 383/437/383 385/439/385 
f 385/440/385 386/441/386 387/442/387 
f 387/442/387 386/441/386 388/443/388 389/444/389 
f 389/444/389 388/443/388 390/445/390 391/446/391 
f 378/447/378 391/446/391 390/445/390 
f 392/448/392 393/449/393 394/450/394 395/451/395 
f 394/450/394 396/452/396 397/453/397 395/451/395 
f 396/452/396 398/454/398 399/455/399 397/453/397 
f 398/454/398 400/456/400 401/457/401 399/455/399 
f 401/458/401 400/459/400 402/460/402 403/461/403 
f 403/461/403 402/460/402 404/462/404 405/463/405 
f 405/463/405 404/462/404 406/464/406 407/465/407 
f 393/466/393 392/467/392 407/465/407 406/464/406 
f 306/414/306 305/468/305 408/469/408 363/415/363 
f 409/470/409 91/100/91 90/99/90 410/471/410 
f 313/353/313 411/472/411 410/471/410 90/99/90 
f 104/115/104 412/473/412 413/474/413 414/475/414 
f 415/476/415 416/477/416 417/478/417 418/479/418 
f 419/480/419 420/481/420 421/482/421 422/483/422 
f 423/484/423 424/485/424 420/481/420 419/480/419 
f 425/486/425 426/487/426 427/488/427 428/489/428 
f 422/483/422 421/482/421 426/490/426 425/491/425 
f 427/488/427 415/476/415 418/479/418 428/489/428 
f 429/492/429 424/485/424 423/484/423 430/493/430 
f 416/477/416 429/494/429 430/495/430 417/478/417 
f 431/496/431 432/497/432 433/498/433 434/499/434 
f 435/500/435 436/501/436 437/502/437 438/503/438 
f 439/504/439 440/505/440 441/506/441 434/499/434 
f 442/507/442 439/504/439 434/499/434 433/498/433 
f 441/506/441 443/508/443 431/496/431 434/499/434 
f 444/509/444 445/510/445 441/506/441 440/505/440 
f 445/510/445 443/508/443 441/506/441 
f 433/498/433 432/497/432 446/511/446 
f 447/512/447 442/507/442 433/498/433 446/511/446 
f 448/513/448 449/514/449 437/502/437 450/515/450 
f 450/515/450 437/502/437 436/501/436 451/516/451 
f 449/514/449 452/517/452 438/503/438 437/502/437 
f 447/518/447 446/519/446 449/514/449 448/513/448 
f 446/519/446 452/517/452 449/514/449 
f 444/520/444 451/516/451 436/501/436 445/521/445 
f 445/521/445 436/501/436 435/500/435 
f 453/522/453 454/523/454 401/458/401 403/461/403 
f 401/458/401 454/523/454 455/524/455 399/525/399 
f 456/526/456 407/465/407 392/467/392 457/527/457 
f 392/448/392 395/451/395 458/528/458 457/529/457 
f 458/528/458 395/451/395 397/453/397 459/530/459 
f 455/531/455 459/530/459 397/453/397 399/455/399 
f 458/532/458 459/533/459 460/534/460 457/527/457 
f 453/522/453 403/461/403 405/463/405 461/535/461 
f 454/523/454 453/522/453 461/535/461 460/534/460 
f 405/463/405 407/465/407 456/526/456 461/535/461 
f 461/535/461 456/526/456 457/527/457 460/534/460 
f 459/533/459 455/524/455 454/523/454 460/534/460 
f 462/536/462 463/537/463 464/538/464 465/539/465 
f 466/540/466 467/541/467 463/537/463 462/536/462 
f 468/542/468 467/541/467 466/540/466 469/543/469 
f 470/544/470 468/542/468 469/543/469 471/545/471 
f 472/546/472 473/547/473 470/548/470 471/549/471 
f 474/550/474 475/551/475 473/547/473 472/546/472 
f 476/552/476 475/551/475 474/550/474 477/553/477 
f 464/538/464 476/552/476 477/553/477 465/539/465 
f 478/554/478 464/538/464 463/537/463 479/555/479 
f 479/555/479 463/537/463 467/541/467 480/556/480 
f 480/556/480 467/541/467 468/542/468 481/557/481 
f 468/542/468 470/544/470 482/558/482 481/557/481 
f 470/548/470 473/547/473 483/559/483 482/560/482 
f 473/547/473 475/551/475 484/561/484 483/559/483 
f 475/551/475 476/552/476 485/562/485 484/561/484 
f 464/538/464 478/554/478 485/562/485 476/552/476 
f 486/563/486 487/564/487 471/549/471 
f 488/565/488 466/540/466 462/536/462 489/566/489 
f 490/567/490 469/543/469 466/540/466 488/565/488 
f 471/545/471 469/543/469 490/567/490 
f 489/566/489 462/536/462 465/539/465 
f 491/568/491 492/569/492 465/539/465 
f 493/570/493 494/571/494 495/572/495 496/573/496 
f 497/574/497 498/575/498 499/576/499 500/577/500 
f 501/578/501 502/579/502 503/580/503 504/581/504 
f 505/582/505 495/583/495 494/584/494 506/585/506 
f 414/475/414 507/586/507 105/116/105 104/115/104 
f 507/586/507 508/587/508 106/117/106 105/116/105 
f 508/587/508 509/588/509 111/122/111 106/117/106 
f 510/589/510 511/590/511 512/591/512 116/127/116 
f 513/592/513 497/574/497 500/577/500 514/593/514 
f 111/122/111 509/588/509 510/589/510 116/127/116 
f 515/594/515 516/595/516 517/596/517 518/597/518 
f 517/598/517 519/599/519 520/600/520 518/601/518 
f 519/599/519 521/602/521 522/603/522 520/600/520 
f 521/602/521 523/604/523 524/605/524 522/603/522 
f 524/605/524 523/604/523 525/606/525 526/607/526 
f 525/606/525 527/608/527 528/609/528 526/607/526 
f 529/610/529 530/611/530 516/595/516 515/594/515 
f 527/608/527 530/611/530 529/610/529 528/609/528 
f 531/612/531 532/613/532 533/614/533 534/615/534 
f 535/616/535 536/617/536 537/618/537 538/619/538 
f 535/616/535 531/612/531 534/615/534 536/617/536 
f 518/597/518 539/620/539 515/594/515 
f 538/621/538 537/622/537 540/623/540 541/624/541 
f 542/625/542 541/624/541 540/623/540 543/626/543 
f 544/627/544 542/625/542 543/626/543 545/628/545 
f 546/629/546 544/627/544 545/628/545 547/630/547 
f 548/631/548 533/614/533 547/630/547 526/607/526 
f 528/609/528 549/632/549 526/607/526 
f 484/561/484 485/562/485 550/633/550 551/634/551 
f 550/633/550 485/562/485 478/554/478 552/635/552 
f 478/554/478 479/555/479 553/636/553 552/635/552 
f 480/556/480 554/637/554 553/636/553 479/555/479 
f 480/556/480 481/557/481 555/638/555 554/637/554 
f 550/633/550 552/635/552 556/639/556 551/634/551 
f 555/638/555 481/557/481 482/558/482 557/640/557 
f 554/641/554 556/639/556 552/635/552 553/642/553 
f 482/560/482 483/559/483 558/643/558 557/644/557 
f 484/561/484 551/634/551 558/643/558 483/559/483 
f 551/634/551 556/639/556 557/644/557 558/643/558 
f 556/639/556 554/641/554 555/645/555 557/644/557 
f 559/646/559 348/397/348 333/377/333 
f 358/408/358 335/380/335 333/379/333 
f 356/406/356 336/381/336 335/380/335 358/408/358 
f 354/404/354 337/382/337 336/381/336 356/406/356 
f 334/383/334 337/382/337 354/404/354 
f 351/400/351 560/647/560 334/378/334 
f 561/648/561 560/647/560 351/400/351 349/398/349 
f 348/397/348 559/646/559 561/648/561 349/398/349 
f 210/231/210 244/271/244 248/275/248 211/232/211 
f 211/232/211 248/275/248 207/226/207 
f 245/272/245 212/233/212 201/230/201 
f 210/231/210 212/233/212 245/272/245 244/271/244 
f 445/521/445 435/500/435 562/649/562 
f 562/649/562 435/500/435 438/503/438 563/650/563 
f 452/517/452 564/651/564 563/650/563 438/503/438 
f 446/519/446 564/651/564 452/517/452 
f 423/484/423 419/480/419 431/496/431 443/508/443 
f 430/493/430 423/484/423 443/508/443 445/510/445 
f 430/495/430 445/521/445 562/649/562 417/478/417 
f 562/649/562 563/650/563 418/479/418 417/478/417 
f 428/489/428 418/479/418 563/650/563 564/651/564 
f 425/486/425 428/489/428 564/651/564 446/519/446 
f 425/491/425 446/511/446 432/497/432 422/483/422 
f 422/483/422 432/497/432 431/496/431 419/480/419 
f 518/597/518 565/652/565 539/620/539 
f 549/632/549 548/631/548 526/607/526 
f 378/447/378 390/445/390 566/653/566 
f 388/443/388 567/654/567 566/653/566 390/445/390 
f 568/655/568 567/654/567 388/443/388 386/441/386 
f 385/440/385 568/655/568 386/441/386 
f 569/656/569 451/516/451 444/520/444 570/657/570 
f 571/658/571 450/515/450 451/516/451 569/656/569 
f 572/659/572 448/513/448 450/515/450 571/658/571 
f 573/660/573 447/518/447 448/513/448 572/659/572 
f 574/661/574 442/507/442 447/512/447 573/662/573 
f 574/661/574 575/663/575 439/504/439 442/507/442 
f 575/663/575 576/664/576 440/505/440 439/504/439 
f 576/664/576 570/665/570 444/509/444 440/505/440 
f 394/450/394 380/434/380 382/436/382 396/452/396 
f 382/436/382 384/438/384 398/454/398 396/452/396 
f 384/438/384 385/439/385 400/456/400 398/454/398 
f 400/459/400 385/440/385 387/442/387 402/460/402 
f 402/460/402 387/442/387 389/444/389 404/462/404 
f 404/462/404 389/444/389 391/446/391 406/464/406 
f 393/466/393 406/464/406 391/446/391 378/447/378 
f 393/449/393 378/432/378 380/434/380 394/450/394 
f 477/553/477 491/568/491 465/539/465 
f 487/564/487 472/546/472 471/549/471 
f 577/666/577 519/599/519 517/598/517 578/667/578 
f 577/666/577 579/668/579 521/602/521 519/599/519 
f 579/668/579 580/669/580 523/604/523 521/602/521 
f 580/669/580 581/670/581 525/606/525 523/604/523 
f 582/671/582 527/608/527 525/606/525 581/670/581 
f 583/672/583 530/611/530 527/608/527 582/671/582 
f 584/673/584 516/595/516 530/611/530 583/672/583 
f 516/595/516 584/673/584 578/674/578 517/596/517 
f 585/675/585 586/676/586 487/564/487 486/563/486 
f 587/677/587 529/610/529 515/594/515 539/620/539 
f 587/677/587 549/632/549 528/609/528 529/610/529 
f 587/677/587 588/678/588 548/631/548 549/632/549 
f 588/678/588 587/677/587 539/620/539 565/652/565 
f 492/569/492 491/568/491 586/676/586 585/675/585 
f 586/676/586 474/550/474 472/546/472 487/564/487 
f 491/568/491 477/553/477 474/550/474 586/676/586 
f 270/318/270 282/316/282 589/679/589 
f 280/314/280 590/680/590 589/679/589 282/316/282 
f 591/681/591 590/680/590 280/314/280 278/312/278 
f 277/311/277 591/681/591 278/312/278 
f 286/321/286 272/305/272 274/307/274 288/323/288 
f 274/307/274 276/309/276 290/325/290 288/323/288 
f 276/309/276 277/310/277 292/327/292 290/325/290 
f 292/330/292 277/311/277 279/313/279 294/331/294 
f 294/331/294 279/313/279 281/315/281 296/333/296 
f 281/315/281 283/317/283 299/336/299 296/333/296 
f 285/337/285 299/336/299 283/317/283 270/318/270 
f 285/320/285 270/303/270 272/305/272 286/321/286 
f 332/376/332 559/646/559 333/377/333 
f 560/647/560 330/374/330 334/378/334 
f 331/375/331 330/374/330 560/647/560 561/648/561 
f 559/646/559 332/376/332 331/375/331 561/648/561 
f 370/424/370 357/407/357 359/409/359 361/412/361 
f 369/423/369 355/405/355 357/407/357 370/424/370 
f 368/422/368 353/403/353 355/405/355 369/423/369 
f 367/420/367 352/401/352 353/402/353 368/421/368 
f 367/420/367 365/418/365 350/399/350 352/401/352 
f 364/417/364 347/396/347 350/399/350 365/418/365 
f 362/416/362 360/411/360 347/396/347 364/417/364 
f 362/413/362 361/412/361 359/409/359 360/410/360 
f 420/481/420 592/682/592 408/469/408 421/482/421 
f 424/485/424 505/582/505 592/682/592 420/481/420 
f 495/583/495 505/582/505 424/485/424 429/492/429 
f 496/573/496 495/572/495 429/494/429 416/477/416 
f 593/683/593 496/573/496 416/477/416 415/476/415 
f 304/344/304 593/683/593 415/476/415 427/488/427 
f 305/345/305 304/344/304 427/488/427 426/487/426 
f 421/482/421 408/469/408 305/468/305 426/490/426 
f 532/613/532 531/612/531 594/684/594 595/685/595 
f 531/612/531 535/616/535 493/570/493 594/684/594 
f 535/616/535 538/619/538 494/571/494 493/570/493 
f 494/584/494 538/621/538 541/624/541 506/585/506 
f 506/585/506 541/624/541 542/625/542 596/686/596 
f 542/625/542 544/627/544 597/687/597 596/686/596 
f 544/627/544 546/629/546 598/688/598 597/687/597 
f 595/685/595 598/688/598 546/629/546 532/613/532 
f 206/225/206 599/689/599 600/690/600 195/212/195 
f 601/691/601 196/213/196 195/212/195 600/690/600 
f 602/692/602 208/227/208 196/213/196 601/691/601 
f 603/693/603 198/229/198 208/227/208 602/692/602 
f 199/216/199 198/215/198 603/694/603 604/695/604 
f 202/219/202 199/216/199 604/695/604 605/696/605 
f 204/221/204 202/219/202 605/696/605 606/697/606 
f 206/223/206 204/221/204 606/697/606 599/698/599 
f 171/197/171 192/208/192 182/196/182 
f 190/206/190 180/194/180 182/196/182 192/208/192 
f 188/204/188 178/192/178 180/194/180 190/206/190 
f 176/190/176 178/192/178 188/204/188 
f 191/207/191 216/237/216 231/256/231 189/205/189 
f 187/203/187 189/205/189 231/256/231 228/255/228 
f 186/201/186 187/202/187 228/251/228 226/249/226 
f 185/200/185 186/201/186 226/249/226 224/247/224 
f 185/200/185 224/247/224 222/244/222 184/199/184 
f 220/243/220 183/198/183 184/199/184 222/244/222 
f 217/238/217 193/209/193 183/210/183 220/241/220 
f 216/237/216 191/207/191 193/209/193 217/238/217 
f 246/273/246 262/291/262 258/287/258 243/270/243 
f 243/270/243 258/287/258 261/290/261 247/274/247 
f 261/290/261 257/294/257 253/282/253 247/274/247 
f 257/286/257 256/285/256 252/280/252 253/281/253 
f 256/285/256 268/301/268 251/279/251 252/280/252 
f 266/299/266 250/278/250 251/279/251 268/301/268 
f 264/298/264 249/277/249 250/278/250 266/299/266 
f 262/291/262 246/273/246 249/276/249 264/295/264 
f 71/78/71 78/87/78 70/77/70 
f 78/87/78 76/85/76 69/75/69 70/77/70 
f 76/85/76 74/84/74 66/76/66 69/75/69 
f 74/81/74 67/73/67 66/72/66 
f 161/174/161 160/173/160 607/699/607 608/700/608 
f 609/701/609 610/702/610 502/579/502 501/578/501 
f 109/120/109 611/703/611 612/704/612 158/171/158 
f 608/700/608 607/699/607 514/593/514 500/577/500 
f 514/593/514 512/591/512 511/590/511 513/592/513 
f 613/705/613 114/125/114 113/124/113 614/706/614 
f 615/707/615 136/149/136 114/125/114 613/705/613 
f 498/575/498 308/348/308 147/160/147 499/576/499 
f 501/578/501 504/581/504 616/708/616 617/709/617 
f 618/710/618 609/701/609 501/578/501 617/709/617 
f 310/350/310 239/266/239 141/154/141 311/351/311 
f 619/711/619 149/162/149 148/161/148 620/712/620 
f 149/162/149 619/711/619 621/713/621 155/168/155 
f 112/123/112 115/126/115 108/119/108 116/127/116 
f 113/124/113 112/123/112 116/127/116 512/591/512 
f 108/119/108 115/126/115 137/150/137 109/120/109 
f 137/150/137 136/149/136 611/703/611 109/120/109 
f 607/699/607 613/705/613 614/706/614 514/593/514 
f 614/706/614 113/124/113 512/591/512 514/593/514 
f 615/707/615 613/705/613 607/699/607 160/173/160 
f 611/703/611 136/149/136 615/707/615 160/173/160 
f 151/164/151 150/163/150 145/158/145 144/157/144 
f 311/351/311 148/161/148 151/164/151 144/157/144 
f 145/158/145 150/163/150 154/167/154 152/165/152 
f 154/167/154 155/168/155 163/176/163 152/165/152 
f 140/153/140 619/711/619 620/712/620 141/154/141 
f 620/712/620 148/161/148 311/351/311 141/154/141 
f 155/168/155 621/713/621 157/170/157 163/176/163 
f 621/713/621 619/711/619 140/153/140 157/170/157 
f 499/576/499 504/581/504 503/580/503 500/577/500 
f 503/580/503 502/579/502 608/700/608 500/577/500 
f 608/700/608 502/579/502 610/702/610 161/174/161 
f 610/702/610 609/701/609 167/180/167 161/174/161 
f 146/159/146 617/709/617 616/708/616 147/160/147 
f 616/708/616 504/581/504 499/576/499 147/160/147 
f 618/710/618 617/709/617 146/159/146 153/166/153 
f 609/701/609 618/710/618 153/166/153 167/180/167 
f 130/141/130 129/140/129 128/139/128 131/142/131 
f 128/139/128 127/138/127 233/259/233 131/142/131 
f 143/156/143 142/155/142 139/152/139 138/151/138 
f 372/426/372 129/140/129 130/141/130 135/146/135 
f 375/429/375 373/427/373 372/426/372 135/146/135 
f 139/152/139 142/155/142 374/428/374 156/169/156 
f 374/428/374 373/427/373 375/429/375 156/169/156 
f 585/675/585 583/672/583 582/671/582 492/569/492 
f 492/569/492 582/671/582 581/670/581 465/539/465 
f 489/566/489 465/539/465 581/670/581 580/669/580 
f 488/565/488 489/566/489 580/669/580 579/668/579 
f 490/567/490 488/565/488 579/668/579 577/666/577 
f 490/567/490 577/666/577 578/667/578 471/545/471 
f 486/563/486 471/549/471 578/674/578 584/673/584 
f 486/563/486 584/673/584 583/672/583 585/675/585 
f 567/654/567 571/658/571 569/656/569 566/653/566 
f 566/653/566 569/656/569 570/657/570 378/447/378 
f 379/433/379 378/432/378 570/665/570 576/664/576 
f 381/435/381 379/433/379 576/664/576 575/663/575 
f 383/437/383 381/435/381 575/663/575 574/661/574 
f 383/437/383 574/661/574 573/662/573 385/439/385 
f 568/655/568 385/440/385 573/660/573 572/659/572 
f 567/654/567 568/655/568 572/659/572 571/658/571 
f 315/355/315 589/679/589 590/680/590 316/356/316 
f 319/359/319 270/318/270 589/679/589 315/355/315 
f 271/304/271 270/303/270 319/362/319 321/361/321 
f 273/306/273 271/304/271 321/361/321 325/367/325 
f 275/308/275 273/306/273 325/367/325 327/369/327 
f 329/371/329 277/310/277 275/308/275 327/369/327 
f 591/681/591 277/311/277 329/372/329 322/364/322 
f 322/364/322 316/356/316 590/680/590 591/681/591 
f 179/193/179 601/691/601 600/690/600 181/195/181 
f 599/689/599 171/197/171 181/195/181 600/690/600 
f 599/698/599 606/697/606 169/182/169 171/184/171 
f 606/697/606 605/696/605 173/186/173 169/182/169 
f 173/186/173 605/696/605 604/695/604 174/187/174 
f 174/187/174 604/695/604 603/694/603 176/189/176 
f 603/693/603 602/692/602 177/191/177 176/190/176 
f 177/191/177 602/692/602 601/691/601 179/193/179 
f 412/473/412 410/471/410 411/472/411 413/474/413 
f 409/470/409 410/471/410 412/473/412 103/114/103 
f 412/473/412 104/115/104 103/114/103 
f 303/343/303 312/352/312 92/101/92 121/132/121 
f 92/101/92 91/100/91 120/131/120 121/132/121 
f 238/265/238 241/268/241 119/130/119 123/134/123 
f 119/130/119 118/129/118 124/135/124 123/134/123 
f 152/165/152 165/178/165 153/166/153 
f 611/703/611 160/173/160 162/175/162 612/704/612 
f 164/177/164 163/176/163 157/170/157 168/181/168 
f 153/166/153 165/178/165 166/179/166 167/180/167 
f 622/714/622 623/715/623 624/716/624 625/717/625 
f 626/718/626 623/715/623 622/714/622 627/719/627 
f 628/720/628 629/721/629 626/718/626 627/719/627 
f 630/722/630 631/723/631 632/724/632 633/725/633 
f 625/717/625 624/716/624 634/726/634 635/727/635 
f 634/726/634 636/728/636 637/729/637 635/727/635 
f 637/729/637 636/728/636 638/730/638 639/731/639 
f 640/732/640 641/733/641 631/723/631 630/722/630 
f 642/734/642 643/735/643 644/736/644 645/737/645 
f 646/738/646 647/739/647 645/737/645 644/736/644 
f 640/740/640 648/741/648 649/742/649 641/743/641 
f 649/742/649 648/741/648 650/744/650 651/745/651 
f 99/111/99 100/110/100 652/746/652 653/747/653 
f 654/748/654 95/104/95 655/749/655 
f 656/750/656 657/751/657 96/105/96 95/104/95 
f 657/751/657 652/746/652 100/110/100 96/105/96 
f 94/103/94 658/752/658 655/749/655 95/104/95 
f 98/108/98 659/753/659 660/754/660 661/755/661 
f 99/109/99 653/756/653 659/753/659 98/108/98 
f 101/112/101 98/108/98 661/755/661 662/757/662 
f 663/758/663 93/102/93 101/112/101 662/757/662 
f 93/102/93 663/758/663 658/752/658 94/103/94 
f 664/759/664 665/760/665 666/761/666 667/762/667 
f 668/763/668 669/764/669 666/761/666 665/760/665 
f 657/751/657 656/750/656 670/765/670 671/766/671 
f 656/750/656 654/748/654 672/767/672 670/765/670 
f 672/767/672 654/748/654 655/749/655 673/768/673 
f 658/752/658 674/769/674 673/768/673 655/749/655 
f 663/758/663 675/770/675 674/769/674 658/752/658 
f 675/770/675 663/758/663 662/757/662 676/771/676 
f 676/771/676 662/757/662 661/755/661 677/772/677 
f 677/772/677 661/755/661 660/754/660 678/773/678 
f 678/773/678 660/754/660 659/753/659 679/774/679 
f 653/756/653 680/775/680 679/774/679 659/753/659 
f 681/776/681 678/777/678 679/778/679 682/779/682 
f 680/780/680 647/781/647 682/779/682 679/778/679 
f 666/761/666 683/782/683 684/783/684 667/762/667 
f 666/761/666 669/764/669 685/784/685 683/782/683 
f 671/766/671 670/765/670 686/785/686 642/734/642 
f 670/765/670 672/767/672 687/786/687 686/785/686 
f 673/768/673 688/787/688 687/786/687 672/767/672 
f 674/769/674 689/788/689 688/787/688 673/768/673 
f 674/769/674 675/770/675 690/789/690 689/788/689 
f 675/770/675 676/771/676 691/790/691 690/789/690 
f 691/790/691 676/771/676 677/772/677 692/791/692 
f 692/792/692 677/793/677 678/777/678 681/776/681 
f 638/730/638 693/794/693 694/795/694 639/731/639 
f 694/795/694 693/794/693 695/796/695 696/797/696 
f 629/721/629 628/720/628 633/725/633 632/724/632 
f 697/798/697 630/722/630 633/725/633 698/799/698 
f 698/799/698 633/725/633 628/720/628 699/800/699 
f 699/800/699 628/720/628 627/719/627 700/801/700 
f 622/714/622 701/802/701 700/801/700 627/719/627 
f 701/802/701 622/714/622 625/717/625 702/803/702 
f 702/803/702 625/717/625 635/727/635 703/804/703 
f 696/797/696 704/805/704 705/806/705 694/795/694 
f 639/731/639 694/795/694 705/806/705 706/807/706 
f 637/729/637 639/731/639 706/807/706 707/808/707 
f 707/808/707 703/804/703 635/727/635 637/729/637 
f 708/809/708 697/798/697 698/799/698 709/810/709 
f 709/810/709 705/806/705 704/805/704 708/809/708 
f 710/811/710 709/810/709 698/799/698 699/800/699 
f 706/807/706 705/806/705 709/810/709 710/811/710 
f 711/812/711 710/811/710 699/800/699 700/801/700 
f 707/808/707 706/807/706 710/811/710 711/812/711 
f 703/804/703 707/808/707 711/812/711 702/803/702 
f 700/801/700 701/802/701 702/803/702 711/812/711 
f 233/259/233 127/138/127 143/156/143 138/151/138 
f 134/813/134 133/147/133 125/136/125 712/814/712 
f 713/815/713 712/814/712 125/136/125 124/135/124 
f 714/816/714 713/815/713 124/135/124 118/129/118 
f 118/129/118 120/131/120 715/817/715 714/816/714 
f 120/131/120 91/100/91 716/818/716 715/817/715 
f 716/818/716 91/100/91 409/470/409 717/819/717 
f 717/819/717 409/470/409 103/114/103 718/820/718 
f 718/820/718 103/114/103 102/113/102 719/821/719 
f 719/821/719 102/113/102 107/118/107 720/822/720 
f 107/118/107 110/121/110 159/172/159 720/822/720 
f 721/823/721 722/824/722 377/431/377 376/430/376 
f 168/181/168 377/431/377 722/824/722 723/825/723 
f 164/177/164 168/181/168 723/825/723 724/826/724 
f 165/178/165 164/177/164 724/826/724 725/827/725 
f 162/175/162 166/179/166 726/828/726 727/829/727 
f 725/827/725 726/828/726 166/179/166 165/178/165 
f 158/171/158 612/704/612 728/830/728 729/831/729 
f 612/704/612 162/175/162 727/829/727 728/830/728 
f 626/718/626 715/817/715 716/818/716 623/715/623 
f 715/817/715 626/718/626 629/721/629 714/816/714 
f 714/816/714 629/721/629 632/724/632 713/815/713 
f 712/814/712 713/815/713 632/724/632 631/723/631 
f 730/832/730 717/819/717 718/820/718 
f 717/819/717 730/832/730 623/715/623 716/818/716 
f 720/822/720 731/833/731 732/834/732 719/821/719 
f 732/834/732 730/832/730 718/820/718 719/821/719 
f 641/733/641 134/813/134 712/814/712 631/723/631 
f 733/835/733 376/430/376 135/146/135 134/145/134 
f 733/835/733 134/145/134 641/743/641 649/742/649 
f 734/836/734 733/835/733 649/742/649 651/745/651 
f 733/835/733 734/836/734 721/823/721 376/430/376 
f 735/837/735 638/730/638 636/728/636 736/838/736 
f 737/839/737 738/840/738 736/838/736 636/728/636 
f 739/841/739 693/794/693 638/730/638 735/837/735 
f 693/794/693 739/841/739 740/842/740 741/843/741 
f 741/843/741 740/842/740 742/844/742 743/845/743 
f 744/846/744 745/847/745 743/845/743 742/844/742 
f 744/848/744 746/849/746 747/850/747 745/851/745 
f 748/852/748 747/850/747 746/849/746 749/853/749 
f 750/854/750 738/840/738 737/839/737 751/855/751 
f 752/856/752 748/852/748 749/853/749 753/857/753 
f 754/858/754 755/859/755 756/860/756 757/861/757 
f 757/861/757 758/862/758 759/863/759 754/858/754 
f 758/862/758 760/864/760 761/865/761 759/863/759 
f 762/866/762 763/867/763 764/868/764 765/869/765 
f 766/870/766 767/871/767 768/872/768 769/873/769 
f 769/873/769 750/854/750 751/855/751 766/870/766 
f 737/839/737 636/728/636 634/726/634 770/874/770 
f 624/716/624 771/875/771 770/874/770 634/726/634 
f 771/875/771 624/716/624 623/715/623 730/832/730 
f 771/875/771 730/832/730 732/834/732 772/876/772 
f 773/877/773 770/874/770 771/875/771 772/876/772 
f 772/876/772 732/834/732 731/833/731 
f 773/877/773 772/876/772 731/833/731 
f 773/877/773 731/833/731 766/870/766 751/855/751 
f 770/874/770 773/877/773 751/855/751 737/839/737 
f 720/822/720 159/172/159 774/878/774 731/833/731 
f 767/871/767 766/870/766 731/833/731 774/878/774 
f 745/851/745 747/850/747 734/836/734 651/745/651 
f 721/823/721 734/836/734 747/850/747 748/852/748 
f 722/824/722 721/823/721 748/852/748 752/856/752 
f 755/859/755 752/856/752 753/857/753 756/860/756 
f 723/825/723 722/824/722 752/856/752 755/859/755 
f 724/826/724 723/825/723 755/859/755 754/858/754 
f 725/827/725 724/826/724 754/858/754 759/863/759 
f 775/879/775 762/866/762 765/869/765 776/880/776 
f 759/863/759 761/865/761 726/828/726 725/827/725 
f 760/864/760 775/879/775 776/880/776 761/865/761 
f 761/865/761 776/880/776 727/829/727 726/828/726 
f 728/830/728 727/829/727 776/880/776 765/869/765 
f 763/867/763 768/872/768 767/871/767 764/868/764 
f 729/831/729 728/830/728 765/869/765 764/868/764 
f 764/868/764 767/871/767 774/878/774 729/831/729 
f 159/172/159 158/171/158 729/831/729 774/878/774 
f 652/746/652 665/760/665 664/759/664 653/747/653 
f 664/759/664 667/762/667 680/881/680 653/747/653 
f 668/763/668 665/760/665 652/746/652 657/751/657 
f 671/766/671 669/764/669 668/763/668 657/751/657 
f 680/881/680 667/762/667 684/783/684 647/739/647 
f 684/783/684 683/782/683 645/737/645 647/739/647 
f 645/737/645 683/782/683 685/784/685 642/734/642 
f 685/784/685 669/764/669 671/766/671 642/734/642 
f 654/748/654 656/750/656 95/104/95 
f 736/838/736 777/882/777 778/883/778 735/837/735 
f 779/884/779 777/882/777 736/838/736 738/840/738 
f 735/837/735 778/883/778 780/885/780 739/841/739 
f 739/841/739 780/885/780 781/886/781 740/842/740 
f 781/886/781 782/887/782 742/844/742 740/842/740 
f 782/887/782 783/888/783 744/846/744 742/844/742 
f 783/889/783 784/890/784 746/849/746 744/848/744 
f 784/890/784 785/891/785 749/853/749 746/849/746 
f 786/892/786 779/884/779 738/840/738 750/854/750 
f 785/891/785 787/893/787 753/857/753 749/853/749 
f 788/894/788 789/895/789 757/861/757 756/860/756 
f 789/895/789 790/896/790 758/862/758 757/861/757 
f 791/897/791 792/898/792 762/866/762 775/879/775 
f 793/899/793 794/900/794 768/872/768 763/867/763 
f 794/900/794 795/901/795 769/873/769 768/872/768 
f 795/901/795 786/892/786 750/854/750 769/873/769 
f 787/893/787 788/894/788 756/860/756 753/857/753 
f 790/896/790 796/902/796 760/864/760 758/862/758 
f 796/902/796 791/897/791 775/879/775 760/864/760 
f 792/898/792 793/899/793 763/867/763 762/866/762 
f 697/798/697 708/809/708 689/788/689 690/789/690 
f 630/722/630 697/798/697 690/789/690 691/790/691 
f 630/722/630 691/790/691 692/791/692 640/732/640 
f 640/740/640 692/792/692 681/776/681 648/741/648 
f 648/741/648 681/776/681 682/779/682 650/744/650 
f 647/781/647 646/903/646 650/744/650 682/779/682 
f 651/745/651 650/744/650 646/903/646 745/851/745 
f 745/847/745 646/738/646 644/736/644 743/845/743 
f 643/735/643 741/843/741 743/845/743 644/736/644 
f 741/843/741 643/735/643 695/796/695 693/794/693 
f 695/796/695 643/735/643 642/734/642 686/785/686 
f 696/797/696 695/796/695 686/785/686 687/786/687 
f 704/805/704 696/797/696 687/786/687 688/787/688 
f 708/809/708 704/805/704 688/787/688 689/788/689 
f 797/904/797 524/605/524 526/607/526 
f 522/603/522 524/605/524 797/904/797 798/905/798 
f 520/600/520 522/603/522 798/905/798 799/906/799 
f 518/601/518 520/600/520 799/906/799 
f 301/340/301 260/289/260 240/267/240 239/266/239 
f 366/419/366 301/340/301 239/266/239 310/350/310 
f 366/419/366 310/350/310 309/349/309 307/347/307 
f 308/348/308 304/344/304 307/347/307 309/349/309 
f 593/683/593 304/344/304 308/348/308 498/575/498 
f 496/573/496 593/683/593 498/575/498 497/574/497 
f 496/573/496 497/574/497 513/592/513 493/570/493 
f 594/684/594 493/570/493 513/592/513 511/590/511 
f 595/685/595 594/684/594 511/590/511 510/589/510 
f 598/688/598 595/685/595 510/589/510 509/588/509 
f 597/687/597 598/688/598 509/588/509 508/587/508 
f 596/686/596 597/687/597 508/587/508 507/586/507 
f 506/585/506 596/686/596 507/586/507 414/475/414 
f 414/475/414 413/474/413 505/582/505 506/585/506 
f 505/582/505 413/474/413 411/472/411 592/682/592 
f 592/682/592 411/472/411 313/353/313 408/469/408 
f 313/353/313 312/352/312 363/415/363 408/469/408 
f 363/415/363 312/352/312 303/343/303 371/425/371 
f 302/341/302 371/425/371 303/343/303 242/269/242 
f 242/269/242 241/268/241 255/284/255 302/341/302 
f 269/302/269 255/284/255 241/268/241 238/265/238 
f 267/300/267 269/302/269 238/265/238 237/264/237 
f 236/263/236 265/297/265 267/300/267 237/264/237 
f 235/261/235 263/292/263 265/296/265 236/262/236 
f 234/260/234 259/288/259 263/292/263 235/261/235 
f 259/288/259 234/260/234 240/267/240 260/289/260 
f 548/631/548 588/678/588 534/615/534 533/614/533 
f 565/652/565 518/597/518 537/618/537 536/617/536 
f 588/678/588 565/652/565 536/617/536 534/615/534 
f 537/622/537 518/601/518 799/906/799 540/623/540 
f 540/623/540 799/906/799 798/905/798 543/626/543 
f 798/905/798 797/904/797 545/628/545 543/626/543 
f 797/904/797 526/607/526 547/630/547 545/628/545 
f 532/613/532 546/629/546 547/630/547 533/614/533 
f 9/9/9 12/12/12 779/884/779 786/892/786 
f 3/3/3 777/882/777 779/884/779 12/12/12 
f 2/2/2 778/883/778 777/882/777 3/3/3 
f 6/6/6 780/885/780 778/883/778 2/2/2 
f 786/892/786 795/901/795 13/13/13 9/9/9 
f 795/901/795 794/900/794 22/22/22 13/13/13 
f 794/900/794 793/899/793 20/20/20 22/22/22 
f 15/15/15 20/20/20 793/899/793 792/898/792 
f 792/898/792 791/897/791 16/16/16 15/15/15 
f 26/26/26 16/16/16 791/897/791 796/902/796 
f 796/902/796 790/896/790 23/23/23 26/26/26 
f 27/27/27 23/23/23 790/896/790 789/895/789 
f 40/42/40 27/27/27 789/895/789 788/894/788 
f 780/885/780 6/6/6 8/8/8 781/886/781 
f 30/30/30 782/887/782 781/886/781 8/8/8 
f 32/32/32 783/888/783 782/887/782 30/30/30 
f 38/40/38 40/42/40 788/894/788 787/893/787 
f 787/893/787 785/891/785 36/38/36 38/40/38 
f 785/891/785 784/890/784 34/34/34 36/38/36 
f 32/35/32 34/34/34 784/890/784 783/889/783 
f 800/907/800 801/908/801 802/909/802 803/910/803 
f 804/911/804 805/912/805 806/913/806 807/914/807 
f 807/914/807 808/915/808 809/916/809 804/911/804 
f 808/917/808 810/918/810 811/919/811 809/920/809 
f 812/921/812 813/922/813 814/923/814 815/924/815 
f 814/923/814 806/913/806 805/912/805 815/924/815 
f 813/922/813 812/921/812 802/909/802 816/925/816 
f 817/926/817 818/927/818 819/928/819 
f 820/929/820 801/908/801 818/927/818 817/926/817 
f 821/930/821 822/931/822 823/932/823 824/933/824 
f 819/928/819 825/934/825 822/931/822 821/930/821 
f 825/934/825 819/928/819 818/927/818 826/935/826 
f 827/936/827 828/937/828 829/938/829 830/939/830 
f 830/939/830 829/938/829 824/933/824 823/932/823 
f 828/937/828 831/940/831 832/941/832 829/938/829 
f 831/940/831 828/937/828 833/942/833 834/943/834 
f 835/944/835 836/945/836 811/919/811 810/918/810 
f 837/946/837 838/947/838 839/948/839 835/944/835 
f 839/948/839 840/949/840 836/945/836 835/944/835 
f 840/949/840 839/948/839 841/950/841 842/951/842 
f 843/952/843 844/953/844 833/942/833 845/954/845 
f 845/954/845 833/942/833 828/937/828 827/936/827 
f 844/953/844 843/952/843 846/955/846 847/956/847 
f 847/956/847 848/957/848 849/958/849 844/953/844 
f 844/953/844 849/958/849 834/943/834 833/942/833 
f 841/950/841 839/948/839 838/947/838 850/959/850 
f 850/959/850 851/960/851 852/961/852 841/950/841 
f 852/961/852 853/962/853 842/951/842 841/950/841 
f 852/961/852 851/960/851 848/957/848 847/956/847 
f 847/956/847 846/955/846 853/962/853 852/961/852 
f 818/927/818 801/908/801 800/907/800 826/935/826 
f 816/925/816 802/909/802 801/908/801 820/929/820 
f 826/935/826 800/907/800 803/910/803 854/963/854 
f 815/924/815 855/964/855 856/965/856 812/921/812 
f 803/910/803 856/965/856 855/964/855 854/963/854 
f 812/921/812 856/965/856 803/910/803 802/909/802 
f 857/966/857 858/967/858 804/968/804 809/969/809 
f 811/970/811 859/971/859 857/966/857 809/969/809 
f 860/972/860 861/973/861 862/974/862 863/975/863 
f 864/976/864 865/977/865 866/978/866 863/975/863 
f 863/975/863 866/978/866 867/979/867 860/972/860 
f 868/980/868 869/981/869 860/972/860 867/979/867 
f 866/978/866 870/982/870 871/983/871 867/979/867 
f 867/979/867 871/983/871 872/984/872 868/980/868 
f 873/985/873 874/986/874 868/980/868 872/984/872 
f 871/983/871 875/987/875 876/988/876 872/984/872 
f 872/984/872 876/988/876 877/989/877 873/985/873 
f 878/990/878 879/991/879 873/985/873 877/989/877 
f 876/988/876 880/992/880 881/993/881 877/989/877 
f 877/989/877 881/993/881 882/994/882 878/990/878 
f 883/995/883 884/996/884 878/990/878 882/994/882 
f 881/993/881 885/997/885 886/998/886 882/994/882 
f 882/994/882 886/998/886 887/999/887 883/995/883 
f 887/999/887 888/1000/888 889/1001/889 883/995/883 
f 886/998/886 890/1002/890 891/1003/891 887/999/887 
f 891/1003/891 892/1004/892 888/1000/888 887/999/887 
f 892/1004/892 4/1005/4 11/1006/11 888/1000/888 
f 892/1004/892 891/1003/891 893/1007/893 894/1008/894 
f 894/1008/894 1/1009/1 4/1005/4 892/1004/892 
f 1/1009/1 894/1008/894 895/1010/895 5/1011/5 
f 14/1012/14 896/1013/896 889/1001/889 10/1014/10 
f 10/1014/10 889/1001/889 888/1000/888 11/1006/11 
f 896/1013/896 14/1012/14 21/1015/21 897/1016/897 
f 897/1016/897 898/1017/898 884/996/884 896/1013/896 
f 896/1013/896 884/996/884 883/995/883 889/1001/889 
f 897/1016/897 899/1018/899 900/1019/900 898/1017/898 
f 898/1017/898 900/1019/900 901/1020/901 879/991/879 
f 879/991/879 878/990/878 884/996/884 898/1017/898 
f 900/1019/900 902/1021/902 903/1022/903 901/1020/901 
f 901/1020/901 903/1022/903 904/1023/904 874/986/874 
f 874/986/874 873/985/873 879/991/879 901/1020/901 
f 903/1022/903 905/1024/905 906/1025/906 904/1023/904 
f 904/1023/904 906/1025/906 907/1026/907 869/981/869 
f 869/981/869 868/980/868 874/986/874 904/1023/904 
f 906/1025/906 908/1027/908 909/1028/909 907/1026/907 
f 907/1026/907 909/1028/909 910/1029/910 861/973/861 
f 861/973/861 860/972/860 869/981/869 907/1026/907 
f 909/1028/909 911/1030/911 912/1031/912 910/1029/910 
f 910/1029/910 912/1031/912 913/1032/913 914/1033/914 
f 914/1033/914 862/974/862 861/973/861 910/1029/910 
f 912/1031/912 915/1034/915 916/1035/916 913/1032/913 
f 913/1032/913 916/1035/916 917/1036/917 918/1037/918 
f 918/1037/918 919/1038/919 914/1033/914 913/1032/913 
f 825/1039/825 920/1040/920 921/1041/921 822/1042/822 
f 826/1043/826 922/1044/922 920/1040/920 825/1039/825 
f 923/1045/923 924/1046/924 925/1047/925 926/1048/926 
f 927/1049/927 928/1050/928 929/1051/929 926/1048/926 
f 926/1048/926 929/1051/929 930/1052/930 923/1045/923 
f 931/1053/931 932/1054/932 923/1045/923 930/1052/930 
f 929/1055/929 933/1056/933 934/1057/934 930/1058/930 
f 930/1058/930 934/1057/934 935/1059/935 931/1060/931 
f 936/1061/936 937/1062/937 931/1060/931 935/1059/935 
f 934/1057/934 915/1034/915 938/1063/938 935/1059/935 
f 935/1059/935 938/1063/938 939/1064/939 936/1061/936 
f 940/1065/940 941/1066/941 936/1061/936 939/1064/939 
f 938/1063/938 911/1030/911 942/1067/942 939/1064/939 
f 939/1064/939 942/1067/942 943/1068/943 940/1065/940 
f 943/1068/943 944/1069/944 945/1070/945 940/1065/940 
f 942/1067/942 908/1027/908 946/1071/946 943/1068/943 
f 946/1071/946 947/1072/947 944/1069/944 943/1068/943 
f 948/1073/948 949/1074/949 944/1069/944 947/1072/947 
f 946/1071/946 905/1024/905 950/1075/950 947/1072/947 
f 947/1072/947 950/1075/950 951/1076/951 948/1073/948 
f 17/1077/17 25/1078/25 948/1073/948 951/1076/951 
f 950/1075/950 902/1021/902 952/1079/952 951/1076/951 
f 951/1076/951 952/1079/952 18/1080/18 17/1077/17 
f 18/1080/18 952/1079/952 899/1018/899 19/1081/19 
f 24/1082/24 28/1083/28 953/1084/953 949/1074/949 
f 949/1074/949 948/1073/948 25/1078/25 24/1082/24 
f 28/1083/28 39/1085/39 954/1086/954 953/1084/953 
f 953/1084/953 954/1086/954 955/1087/955 945/1070/945 
f 945/1070/945 944/1069/944 949/1074/949 953/1084/953 
f 954/1086/954 956/1088/956 957/1089/957 955/1087/955 
f 955/1087/955 957/1089/957 958/1090/958 941/1066/941 
f 941/1066/941 940/1065/940 945/1070/945 955/1087/955 
f 957/1091/957 959/1092/959 960/1093/960 958/1094/958 
f 958/1094/958 960/1093/960 961/1095/961 937/1096/937 
f 937/1062/937 936/1061/936 941/1066/941 958/1090/958 
f 960/1093/960 962/1097/962 963/1098/963 961/1095/961 
f 961/1095/961 963/1098/963 964/1099/964 932/1054/932 
f 932/1054/932 931/1053/931 937/1096/937 961/1095/961 
f 963/1098/963 965/1100/965 966/1101/966 964/1099/964 
f 964/1099/964 966/1101/966 967/1102/967 924/1046/924 
f 924/1046/924 923/1045/923 932/1054/932 964/1099/964 
f 966/1101/966 968/1103/968 969/1104/969 967/1102/967 
f 967/1102/967 969/1104/969 970/1105/970 971/1106/971 
f 971/1106/971 925/1047/925 924/1046/924 967/1102/967 
f 969/1104/969 972/1107/972 973/1108/973 970/1105/970 
f 970/1105/970 973/1108/973 974/1109/974 975/1110/975 
f 975/1110/975 976/1111/976 971/1106/971 970/1105/970 
f 977/1112/977 978/1113/978 827/1114/827 830/1115/830 
f 840/1116/840 979/1117/979 980/1118/980 836/1119/836 
f 842/1120/842 981/1121/981 979/1117/979 840/1116/840 
f 875/987/875 871/983/871 870/982/870 982/1122/982 
f 982/1122/982 983/1123/983 984/1124/984 985/1125/985 
f 982/1122/982 985/1125/985 986/1126/986 875/987/875 
f 880/992/880 876/988/876 875/987/875 986/1126/986 
f 985/1125/985 987/1127/987 988/1128/988 986/1126/986 
f 986/1126/986 988/1128/988 989/1129/989 880/992/880 
f 885/997/885 881/993/881 880/992/880 989/1129/989 
f 988/1128/988 990/1130/990 991/1131/991 989/1129/989 
f 989/1129/989 991/1131/991 992/1132/992 885/997/885 
f 890/1002/890 886/998/886 885/997/885 992/1132/992 
f 991/1131/991 993/1133/993 994/1134/994 992/1132/992 
f 992/1132/992 994/1134/994 995/1135/995 890/1002/890 
f 893/1007/893 891/1003/891 890/1002/890 995/1135/995 
f 994/1134/994 996/1136/996 997/1137/997 995/1135/995 
f 997/1137/997 998/1138/998 893/1007/893 995/1135/995 
f 998/1138/998 895/1010/895 894/1008/894 893/1007/893 
f 997/1137/997 999/1139/999 1000/1140/1000 998/1138/998 
f 1000/1140/1000 1001/1141/1001 895/1010/895 998/1138/998 
f 1001/1141/1001 7/1142/7 5/1011/5 895/1010/895 
f 1001/1141/1001 1000/1140/1000 1002/1143/1002 1003/1144/1003 
f 1003/1144/1003 29/1145/29 7/1142/7 1001/1141/1001 
f 29/1145/29 1003/1144/1003 1004/1146/1004 31/1147/31 
f 31/1147/31 1004/1146/1004 1005/1148/1005 33/1149/33 
f 33/1149/33 1005/1148/1005 1006/1150/1006 35/1151/35 
f 35/1151/35 1006/1150/1006 956/1152/956 37/1153/37 
f 37/1154/37 956/1088/956 954/1086/954 39/1085/39 
f 1005/1148/1005 1007/1155/1007 959/1092/959 1006/1150/1006 
f 959/1092/959 957/1091/957 956/1152/956 1006/1150/1006 
f 1007/1155/1007 1005/1148/1005 1004/1146/1004 1008/1156/1008 
f 1007/1155/1007 1008/1156/1008 1009/1157/1009 962/1097/962 
f 962/1097/962 960/1093/960 959/1092/959 1007/1155/1007 
f 1008/1156/1008 1002/1143/1002 1010/1158/1010 1009/1157/1009 
f 1009/1157/1009 1010/1158/1010 1011/1159/1011 965/1100/965 
f 965/1100/965 963/1098/963 962/1097/962 1009/1157/1009 
f 1010/1158/1010 999/1139/999 1012/1160/1012 1011/1159/1011 
f 1011/1159/1011 1012/1160/1012 1013/1161/1013 968/1103/968 
f 968/1103/968 966/1101/966 965/1100/965 1011/1159/1011 
f 1012/1160/1012 996/1136/996 1014/1162/1014 1013/1161/1013 
f 1013/1161/1013 1014/1162/1014 1015/1163/1015 972/1107/972 
f 972/1107/972 969/1104/969 968/1103/968 1013/1161/1013 
f 1014/1162/1014 993/1133/993 1016/1164/1016 1015/1163/1015 
f 1015/1163/1015 1016/1164/1016 1017/1165/1017 1018/1166/1018 
f 1018/1166/1018 973/1108/973 972/1107/972 1015/1163/1015 
f 1016/1164/1016 990/1130/990 1019/1167/1019 1017/1165/1017 
f 1017/1165/1017 1019/1167/1019 1020/1168/1020 1021/1169/1021 
f 1021/1169/1021 1022/1170/1022 1018/1166/1018 1017/1165/1017 
f 846/1171/846 1023/1172/1023 1024/1173/1024 853/1174/853 
f 846/1171/846 843/1175/843 1025/1176/1025 1023/1172/1023 
f 990/1130/990 988/1128/988 987/1127/987 1019/1167/1019 
f 993/1133/993 991/1131/991 990/1130/990 1016/1164/1016 
f 996/1136/996 994/1134/994 993/1133/993 1014/1162/1014 
f 999/1139/999 997/1137/997 996/1136/996 1012/1160/1012 
f 1002/1143/1002 1000/1140/1000 999/1139/999 1010/1158/1010 
f 1008/1156/1008 1004/1146/1004 1003/1144/1003 1002/1143/1002 
f 19/1081/19 899/1018/899 897/1016/897 21/1015/21 
f 902/1021/902 900/1019/900 899/1018/899 952/1079/952 
f 905/1024/905 903/1022/903 902/1021/902 950/1075/950 
f 908/1027/908 906/1025/906 905/1024/905 946/1071/946 
f 911/1030/911 909/1028/909 908/1027/908 942/1067/942 
f 915/1034/915 912/1031/912 911/1030/911 938/1063/938 
f 933/1056/933 916/1035/916 915/1034/915 934/1057/934 
f 1026/1177/1026 1027/1178/1027 855/1179/855 815/1180/815 
f 933/1056/933 929/1055/929 928/1181/928 1028/1182/1028 
f 1029/1183/1029 919/1038/919 1030/1184/1030 1031/1185/1031 
f 1031/1185/1031 1032/1186/1032 864/976/864 1029/1183/1029 
f 1032/1186/1032 859/971/859 980/1118/980 1033/1187/1033 
f 1034/1188/1034 1035/1189/1035 1026/1177/1026 1036/1190/1036 
f 1036/1190/1036 858/967/858 1030/1184/1030 1034/1188/1034 
f 1037/1191/1037 1038/1192/1038 976/1111/976 1039/1193/1039 
f 1040/1194/1040 927/1049/927 1038/1192/1038 1037/1191/1037 
f 1040/1194/1040 922/1044/922 1041/1195/1041 1042/1196/1042 
f 1043/1197/1043 977/1112/977 1044/1198/1044 1045/1199/1045 
f 1045/1199/1045 1044/1198/1044 921/1041/921 1039/1193/1039 
f 974/1109/974 1022/1170/1022 1046/1200/1046 1043/1197/1043 
f 1047/1201/1047 865/977/865 1033/1187/1033 1048/1202/1048 
f 1049/1203/1049 983/1123/983 1047/1201/1047 1048/1202/1048 
f 1049/1203/1049 981/1121/981 1024/1173/1024 1050/1204/1050 
f 1051/1205/1051 1025/1176/1025 1052/1206/1052 1053/1207/1053 
f 1052/1206/1052 978/1113/978 1046/1200/1046 1053/1207/1053 
f 1054/1208/1054 1055/1209/1055 984/1124/984 1050/1204/1050 
f 1054/1208/1054 1051/1205/1051 1020/1168/1020 1055/1209/1055 
f 917/1036/917 1028/1182/1028 1056/1210/1056 1035/1189/1035 
f 1056/1210/1056 1042/1211/1042 1041/1212/1041 1027/1178/1027 
f 1031/1185/1031 1030/1184/1030 858/967/858 857/966/857 
f 857/966/857 859/971/859 1032/1186/1032 1031/1185/1031 
f 920/1040/920 1037/1191/1037 1039/1193/1039 921/1041/921 
f 922/1044/922 1040/1194/1040 1037/1191/1037 920/1040/920 
f 1043/1197/1043 1046/1200/1046 978/1113/978 977/1112/977 
f 979/1117/979 1048/1202/1048 1033/1187/1033 980/1118/980 
f 981/1121/981 1049/1203/1049 1048/1202/1048 979/1117/979 
f 1023/1172/1023 1054/1208/1054 1050/1204/1050 1024/1173/1024 
f 1025/1176/1025 1051/1205/1051 1054/1208/1054 1023/1172/1023 
f 1035/1189/1035 1056/1210/1056 1027/1178/1027 1026/1177/1026 
f 859/971/859 811/970/811 836/1119/836 980/1118/980 
f 1036/1190/1036 1026/1177/1026 815/1180/815 805/1213/805 
f 805/1213/805 804/968/804 858/967/858 1036/1190/1036 
f 922/1044/922 826/1043/826 854/1214/854 1041/1195/1041 
f 1044/1198/1044 977/1112/977 830/1115/830 823/1215/823 
f 1044/1198/1044 823/1215/823 822/1042/822 921/1041/921 
f 981/1121/981 842/1120/842 853/1174/853 1024/1173/1024 
f 1052/1206/1052 1025/1176/1025 843/1175/843 845/1216/845 
f 845/1216/845 827/1114/827 978/1113/978 1052/1206/1052 
f 1027/1178/1027 1041/1212/1041 854/1217/854 855/1179/855 
f 1032/1186/1032 1033/1187/1033 865/977/865 864/976/864 
f 918/1037/918 917/1036/917 1035/1189/1035 1034/1188/1034 
f 1034/1188/1034 1030/1184/1030 919/1038/919 918/1037/918 
f 1040/1194/1040 1042/1196/1042 928/1050/928 927/1049/927 
f 974/1109/974 1043/1197/1043 1045/1199/1045 975/1110/975 
f 975/1110/975 1045/1199/1045 1039/1193/1039 976/1111/976 
f 983/1123/983 1049/1203/1049 1050/1204/1050 984/1124/984 
f 1021/1169/1021 1020/1168/1020 1051/1205/1051 1053/1207/1053 
f 1053/1207/1053 1046/1200/1046 1022/1170/1022 1021/1169/1021 
f 1028/1182/1028 928/1181/928 1042/1211/1042 1056/1210/1056 
f 862/974/862 914/1033/914 919/1038/919 1029/1183/1029 
f 1029/1183/1029 864/976/864 863/975/863 862/974/862 
f 925/1047/925 971/1106/971 976/1111/976 1038/1192/1038 
f 1038/1192/1038 927/1049/927 926/1048/926 925/1047/925 
f 973/1108/973 1018/1166/1018 1022/1170/1022 974/1109/974 
f 870/982/870 866/978/866 865/977/865 1047/1201/1047 
f 1047/1201/1047 983/1123/983 982/1122/982 870/982/870 
f 987/1127/987 985/1125/985 984/1124/984 1055/1209/1055 
f 1055/1209/1055 1020/1168/1020 1019/1167/1019 987/1127/987 
f 916/1035/916 933/1056/933 1028/1182/1028 917/1036/917 
# 1010 polygons - 67 triangles

