# 3ds Max Wavefront OBJ Exporter v0.99 - (c)2007 guruware
# File Created: 13.05.2025 18:18:13

mtllib RightEgg.mtl

#
# object default001
#

v  4.6630 1.2250 -7.0260
v  4.6870 0.8640 -5.4710
v  3.1070 0.8000 -5.4850
v  3.1070 1.1620 -7.0470
v  3.1070 1.6840 -8.5670
v  4.6360 1.7450 -8.5390
v  3.1070 0.5890 -3.8940
v  4.6100 2.4310 -9.9960
v  3.1070 2.3730 -10.0300
v  3.1070 3.2370 -11.4220
v  4.5890 3.2920 -11.3820
v  3.1070 4.2830 -12.7290
v  4.5760 4.3350 -12.6830
v  3.1070 5.5210 -13.9360
v  4.5760 5.5690 -13.8850
v  -1.5030 1.7590 2.3210
v  -1.4180 2.2590 3.7890
v  -2.8540 2.7260 3.6710
v  -2.9720 2.2470 2.2360
v  -3.0730 1.9120 0.7540
v  -1.5770 1.4110 0.8080
v  -0.0400 1.0640 0.8570
v  0.0090 1.4210 2.3950
v  0.0640 1.9340 3.8900
v  1.5510 1.2250 2.4480
v  1.5770 1.7450 3.9610
v  1.5260 0.8640 0.8920
v  3.1070 0.8000 0.9060
v  3.1070 1.1620 2.4690
v  3.1070 1.6840 3.9890
v  -1.6300 1.2080 -0.7330
v  -3.1430 1.7160 -0.7600
v  -3.1710 1.6520 -2.2890
v  -1.6510 1.1420 -2.2890
v  -0.0890 0.7900 -2.2890
v  -0.0750 0.8570 -0.7090
v  1.5090 0.6530 -0.6910
v  1.5020 0.5860 -2.2890
v  3.1070 0.5210 -2.2890
v  3.1070 0.5890 -0.6840
v  -2.7300 3.3540 5.0440
v  -1.3330 2.9170 5.2000
v  0.1180 2.6110 5.3290
v  0.1620 3.4600 6.6970
v  -1.2600 3.7440 6.5380
v  -2.6230 4.1440 6.3410
v  -1.2150 4.7470 7.7910
v  -2.5530 5.1040 7.5520
v  0.1900 4.4900 7.9800
v  0.1910 5.7080 9.1650
v  -1.2100 5.9350 8.9460
v  -2.5410 6.2460 8.6620
v  1.6030 2.4310 5.4170
v  3.1070 2.3730 5.4510
v  3.1070 3.2370 6.8430
v  1.6250 3.2920 6.8030
v  1.6370 4.3350 8.1040
v  3.1070 4.2830 8.1500
v  3.1070 5.5210 9.3580
v  1.6370 5.5690 9.3070
v  -4.0580 3.9270 4.8750
v  -4.2260 3.3420 3.5480
v  -3.9070 4.6620 6.1210
v  -5.0970 5.3100 5.9140
v  -5.3040 4.6500 4.7250
v  -5.5240 4.1190 3.4410
v  -6.7340 5.0690 3.3710
v  -6.4560 5.5380 4.6220
v  -6.1770 6.0980 5.7580
v  -7.1390 7.0560 5.7090
v  -7.5060 6.6050 4.5990
v  -7.8440 6.2030 3.3590
v  -3.8050 5.5610 7.2740
v  -3.7820 6.6360 8.3230
v  -4.8920 7.0750 7.9570
v  -4.9400 6.1080 6.9940
v  -5.9310 6.7390 6.7480
v  -5.8320 7.5330 7.5880
v  -6.4770 7.9110 7.2940
v  -6.7710 7.5250 6.6500
v  -4.3820 2.8930 2.1500
v  -5.7210 3.7070 2.0780
v  -5.8790 3.4140 0.6550
v  -4.5110 2.5770 0.7000
v  -4.6000 2.3900 -0.7860
v  -5.9860 3.2390 -0.8070
v  -6.0260 3.1810 -2.2890
v  -4.6340 2.3290 -2.2890
v  -6.9740 4.7000 2.0320
v  -8.1290 5.8820 2.0270
v  -8.3480 5.6460 0.6260
v  -7.1630 4.4340 0.6280
v  -7.2870 4.2730 -0.8200
v  -8.4890 5.5000 -0.8200
v  -8.5400 5.4500 -2.2890
v  -7.3330 4.2190 -2.2890
v  -1.5030 1.7590 -6.8990
v  -2.9720 2.2470 -6.8140
v  -2.8540 2.7260 -8.2500
v  -1.4180 2.2590 -8.3680
v  0.0640 1.9340 -8.4690
v  0.0090 1.4210 -6.9730
v  -0.0400 1.0640 -5.4360
v  -1.5770 1.4110 -5.3870
v  -3.0730 1.9120 -5.3320
v  -1.6300 1.2080 -3.8450
v  -3.1430 1.7160 -3.8180
v  -0.0750 0.8570 -3.8700
v  1.5510 1.2250 -7.0260
v  1.5770 1.7450 -8.5390
v  1.5260 0.8640 -5.4710
v  1.5090 0.6530 -3.8870
v  -4.2260 3.3420 -8.1260
v  -4.3820 2.8930 -6.7290
v  -4.5110 2.5770 -5.2780
v  -5.8790 3.4140 -5.2340
v  -5.7210 3.7070 -6.6560
v  -5.5240 4.1190 -8.0190
v  -6.9740 4.7000 -6.6100
v  -6.7340 5.0690 -7.9490
v  -7.1630 4.4340 -5.2060
v  -8.3480 5.6460 -5.2050
v  -8.1290 5.8820 -6.6050
v  -7.8440 6.2030 -7.9370
v  -4.6000 2.3900 -3.7920
v  -5.9860 3.2390 -3.7710
v  -7.2870 4.2730 -3.7590
v  -8.4890 5.5000 -3.7580
v  -4.0580 3.9270 -9.4540
v  -2.7300 3.3540 -9.6220
v  -5.3040 4.6500 -9.3030
v  -5.0970 5.3100 -10.4920
v  -3.9070 4.6620 -10.6990
v  -2.6230 4.1440 -10.9200
v  -2.5530 5.1040 -12.1300
v  -3.8050 5.5610 -11.8520
v  -4.9400 6.1080 -11.5730
v  -4.8920 7.0750 -12.5350
v  -3.7820 6.6360 -12.9010
v  -2.5410 6.2460 -13.2400
v  -6.4560 5.5380 -9.2010
v  -7.5060 6.6050 -9.1780
v  -7.1390 7.0560 -10.2880
v  -6.1770 6.0980 -10.3360
v  -5.9310 6.7390 -11.3270
v  -6.7710 7.5250 -11.2280
v  -6.4770 7.9110 -11.8730
v  -5.8320 7.5330 -12.1660
v  -1.3330 2.9170 -9.7780
v  -1.2600 3.7440 -11.1160
v  0.1620 3.4600 -11.2750
v  0.1180 2.6110 -9.9070
v  1.6030 2.4310 -9.9960
v  1.6250 3.2920 -11.3820
v  -1.2150 4.7470 -12.3700
v  -1.2100 5.9350 -13.5250
v  0.1910 5.7080 -13.7440
v  0.1900 4.4900 -12.5590
v  1.6370 4.3350 -12.6830
v  1.6370 5.5690 -13.8850
v  3.1070 40.2690 -8.2100
v  3.1070 40.7850 -6.7690
v  4.5700 40.6940 -6.7490
v  4.5460 40.1810 -8.1840
v  3.1070 41.1380 -5.2940
v  4.5920 41.0460 -5.2810
v  3.1070 41.3410 -3.7970
v  4.6080 41.2480 -3.7910
v  3.1070 41.4040 -2.2890
v  4.5240 39.4950 -9.5740
v  4.5070 38.6230 -10.9090
v  3.1070 38.7050 -10.9470
v  3.1070 39.5800 -9.6060
v  4.5000 37.5560 -12.1770
v  4.5060 36.2810 -13.3670
v  3.1070 36.3530 -13.4150
v  3.1070 37.6330 -12.2200
v  -1.1600 39.4920 -8.0250
v  -2.5220 38.8990 -7.9180
v  -2.6290 39.3660 -6.5560
v  -1.2360 39.9830 -6.6320
v  -2.7220 39.6900 -5.1550
v  -1.3040 40.3200 -5.2040
v  0.1480 40.7730 -5.2480
v  0.1920 40.4260 -6.7000
v  0.2410 39.9200 -8.1180
v  1.6440 40.6940 -6.7490
v  1.6680 40.1810 -8.1840
v  1.6220 41.0460 -5.2810
v  -1.3530 40.5150 -3.7520
v  -2.7880 39.8770 -3.7280
v  -2.8140 39.9370 -2.2890
v  -1.3730 40.5760 -2.2890
v  0.1020 41.0350 -2.2890
v  0.1150 40.9720 -3.7740
v  1.6050 41.2480 -3.7910
v  1.5990 41.3110 -2.2890
v  -1.0850 38.8370 -9.3720
v  -2.4140 38.2780 -9.2300
v  0.2880 39.2450 -9.4910
v  0.3230 38.3880 -10.8090
v  -1.0260 38.0070 -10.6610
v  -2.3240 37.4900 -10.4800
v  -0.9960 36.9880 -11.8830
v  -2.2740 36.5210 -11.6600
v  0.3390 37.3370 -12.0590
v  0.3290 36.0810 -13.2330
v  -1.0090 35.7670 -13.0260
v  -2.2850 35.3540 -12.7590
v  1.6900 39.4950 -9.5740
v  1.7060 38.6230 -10.9090
v  1.7130 37.5560 -12.1770
v  1.7070 36.2810 -13.3670
v  -3.8340 38.1460 -7.8100
v  -3.6830 37.5740 -9.0790
v  -3.5540 36.8470 -10.2810
v  -4.7020 36.0760 -10.0980
v  -4.8850 36.7190 -8.9500
v  -5.0840 37.2310 -7.7200
v  -6.2640 36.1530 -7.6700
v  -6.0090 35.7080 -8.8720
v  -5.7560 35.1730 -9.9690
v  -6.7090 34.1170 -9.9490
v  -7.0480 34.5350 -8.8750
v  -7.3630 34.9080 -7.6810
v  -3.4760 35.9480 -11.4050
v  -3.4790 34.8570 -12.4440
v  -4.5530 34.3130 -12.1050
v  -4.5730 35.2860 -11.1520
v  -5.5390 34.5530 -10.9350
v  -5.4680 33.7630 -11.7650
v  -6.1000 33.3210 -11.4960
v  -6.3690 33.6800 -10.8640
v  -3.9760 38.5810 -6.4810
v  -5.2650 37.6250 -6.4220
v  -5.4130 37.9040 -5.0730
v  -4.0950 38.8840 -5.1080
v  -4.1780 39.0620 -3.7060
v  -5.5130 38.0700 -3.6900
v  -5.5510 38.1250 -2.2890
v  -4.2100 39.1190 -2.2890
v  -6.4870 36.5010 -6.3920
v  -7.6300 35.2080 -6.4050
v  -7.8370 35.4280 -5.0670
v  -6.6630 36.7520 -5.0560
v  -6.7810 36.9040 -3.6820
v  -7.9710 35.5650 -3.6880
v  -8.0190 35.6120 -2.2890
v  -6.8240 36.9550 -2.2890
v  -2.6290 39.3660 1.9770
v  -2.5220 38.8990 3.3400
v  -1.1600 39.4920 3.4470
v  -1.2360 39.9830 2.0540
v  0.2410 39.9200 3.5390
v  0.1920 40.4260 2.1210
v  0.1480 40.7730 0.6700
v  -1.3040 40.3200 0.6250
v  -2.7220 39.6900 0.5760
v  -1.3530 40.5150 -0.8260
v  -2.7880 39.8770 -0.8500
v  0.1150 40.9720 -0.8040
v  1.6680 40.1810 3.6050
v  1.6440 40.6940 2.1710
v  3.1070 40.2690 3.6310
v  3.1070 40.7850 2.1900
v  3.1070 41.1380 0.7160
v  1.6220 41.0460 0.7030
v  1.6050 41.2480 -0.7880
v  3.1070 41.3410 -0.7810
v  -3.9760 38.5810 1.9030
v  -3.8340 38.1460 3.2310
v  -4.0950 38.8840 0.5300
v  -5.4130 37.9040 0.4950
v  -5.2650 37.6250 1.8440
v  -5.0840 37.2310 3.1420
v  -6.4870 36.5010 1.8140
v  -6.2640 36.1530 3.0920
v  -6.6630 36.7520 0.4780
v  -7.8370 35.4280 0.4890
v  -7.6300 35.2080 1.8260
v  -7.3630 34.9080 3.1030
v  -4.1780 39.0620 -0.8720
v  -5.5130 38.0700 -0.8890
v  -6.7810 36.9040 -0.8960
v  -7.9710 35.5650 -0.8900
v  -2.4140 38.2780 4.6510
v  -3.6830 37.5740 4.5010
v  -4.8850 36.7190 4.3710
v  -4.7020 36.0760 5.5200
v  -3.5540 36.8470 5.7020
v  -2.3240 37.4900 5.9020
v  -2.2740 36.5210 7.0820
v  -3.4760 35.9480 6.8270
v  -4.5730 35.2860 6.5740
v  -4.5530 34.3130 7.5260
v  -3.4790 34.8570 7.8660
v  -2.2850 35.3540 8.1810
v  -6.0090 35.7080 4.2930
v  -7.0480 34.5350 4.2970
v  -6.7090 34.1170 5.3710
v  -5.7560 35.1730 5.3910
v  -5.5390 34.5530 6.3560
v  -6.3690 33.6800 6.2860
v  -6.1000 33.3210 6.9170
v  -5.4680 33.7630 7.1870
v  -1.0850 38.8370 4.7930
v  -1.0260 38.0070 6.0830
v  0.3230 38.3880 6.2300
v  0.2880 39.2450 4.9130
v  1.6900 39.4950 4.9950
v  1.7060 38.6230 6.3300
v  3.1070 38.7050 6.3680
v  3.1070 39.5800 5.0280
v  -0.9960 36.9880 7.3040
v  -1.0090 35.7670 8.4480
v  0.3290 36.0810 8.6540
v  0.3390 37.3370 7.4810
v  1.7130 37.5560 7.5980
v  1.7070 36.2810 8.7880
v  3.1070 36.3530 8.8370
v  3.1070 37.6330 7.6420
v  -1.6040 27.0070 12.6330
v  -1.4660 29.0220 12.0340
v  -2.9080 28.8320 11.5990
v  -3.0940 26.8660 12.1720
v  -3.2540 24.8200 12.6120
v  -1.7230 24.9190 13.0900
v  -0.1420 25.0020 13.4330
v  -0.0620 27.1260 12.9640
v  0.0290 29.1770 12.3480
v  1.5140 27.2070 13.1640
v  1.5590 29.2830 12.5390
v  1.4740 25.0590 13.6390
v  3.1070 25.0820 13.7080
v  3.1070 27.2380 13.2310
v  3.1070 29.3240 12.6030
v  -1.8110 22.7860 13.3940
v  -3.3700 22.7260 12.9050
v  -3.4260 20.6140 13.0370
v  -1.8540 20.6370 13.5300
v  -0.2290 20.6550 13.8830
v  -0.2000 22.8350 13.7430
v  1.4450 22.8700 13.9540
v  1.4300 20.6680 14.0940
v  3.1070 20.6720 14.1650
v  3.1070 22.8830 14.0240
v  -2.7110 30.6900 10.9060
v  -1.3220 30.9330 11.3060
v  0.1240 31.1280 11.5980
v  0.2110 32.9480 10.7240
v  -1.1870 32.7120 10.4590
v  -2.5260 32.4140 10.1000
v  -2.3770 33.9770 9.1890
v  -1.0780 34.3330 9.5030
v  0.2830 34.6080 9.7390
v  1.6060 31.2580 11.7770
v  3.1070 31.3070 11.8380
v  3.1070 33.1600 10.9470
v  1.6490 33.1020 10.8900
v  1.6850 34.7870 9.8890
v  3.1070 34.8510 9.9430
v  -4.0270 30.4180 10.4020
v  -4.2810 28.6250 11.0450
v  -3.7870 32.0690 9.6560
v  -4.9490 31.7270 9.1200
v  -5.2520 30.1540 9.7870
v  -5.5670 28.4270 10.3690
v  -6.3730 29.9410 9.0530
v  -6.7520 28.2640 9.5670
v  -5.9940 31.4390 8.4840
v  -6.9050 31.2760 7.7230
v  -7.3720 29.8160 8.1900
v  -7.8180 28.1650 8.6350
v  -3.5940 33.5560 8.8100
v  -4.6970 33.1200 8.3710
v  -5.6560 32.7190 7.8790
v  -6.4510 32.4970 7.2690
v  -4.5170 26.7140 11.5820
v  -5.8540 26.5690 10.8620
v  -6.0930 24.6170 11.2480
v  -4.7160 24.7160 11.9980
v  -4.8600 22.6640 12.2770
v  -6.2640 22.6030 11.5100
v  -6.3460 20.5630 11.6300
v  -4.9290 20.5890 12.4040
v  -7.0900 26.4500 10.0110
v  -8.2090 26.3740 9.0260
v  -8.5250 24.4780 9.3420
v  -7.3680 24.5340 10.3630
v  -7.5650 22.5510 10.6050
v  -8.7450 22.5130 9.5620
v  -8.8490 20.5150 9.6660
v  -7.6580 20.5380 10.7180
v  -1.6890 14.3720 12.9000
v  -3.2060 14.4530 12.4310
v  -3.0540 12.5440 11.9300
v  -1.5780 12.4230 12.3770
v  -0.0470 12.3240 12.6990
v  -0.1200 14.3030 13.2380
v  -0.1800 16.3660 13.6200
v  -1.7810 16.4060 13.2740
v  -3.3290 16.4520 12.7890
v  -1.8400 18.5030 13.4870
v  -3.4080 18.5140 12.9950
v  -0.2200 18.4910 13.8390
v  1.4850 14.2550 13.4410
v  1.5210 12.2570 12.8940
v  3.1070 12.2310 12.9600
v  3.1070 14.2360 13.5090
v  3.1070 16.3260 13.8990
v  1.4550 16.3380 13.8290
v  1.4350 18.4830 14.0500
v  3.1070 18.4790 14.1200
v  -4.4580 12.6750 11.3620
v  -4.6530 14.5390 11.8300
v  -4.8090 16.4980 12.1680
v  -6.2020 16.5360 11.4090
v  -6.0140 14.6140 11.0960
v  -5.7730 12.7960 10.6690
v  -6.9840 12.8840 9.8460
v  -7.2720 14.6670 10.2290
v  -7.4920 16.5600 10.5130
v  -8.6630 16.5630 9.4800
v  -8.4100 14.6830 9.2270
v  -8.0740 12.9160 8.8920
v  -4.9070 18.5240 12.3630
v  -6.3190 18.5300 11.5920
v  -7.6280 18.5290 10.6820
v  -8.8150 18.5190 9.6320
v  -4.2400 10.9370 10.7770
v  -2.8880 10.7480 11.2980
v  -5.4980 11.1150 10.1400
v  -5.2290 9.5900 9.5140
v  -4.0320 9.3400 10.0750
v  -2.7320 9.0880 10.5400
v  -3.8690 7.9010 9.2570
v  -2.6090 7.5800 9.6590
v  -5.0080 8.2390 8.7910
v  -6.6480 11.2480 9.3810
v  -7.6750 11.2990 8.4920
v  -7.2440 9.8780 8.0620
v  -6.3050 9.7920 8.8510
v  -5.9950 8.5520 8.2710
v  -6.8150 8.7000 7.6330
v  -1.4580 10.5840 11.7120
v  -1.3470 8.8750 10.9140
v  0.1020 8.7120 11.1910
v  0.0310 10.4530 12.0140
v  1.5590 10.3670 12.1990
v  1.5940 8.6070 11.3630
v  3.1070 8.5690 11.4220
v  3.1070 10.3350 12.2620
v  -1.2590 7.3180 9.9900
v  0.1590 7.1230 10.2380
v  1.6220 7.0000 10.3960
v  3.1070 6.9570 10.4510
v  -12.0830 14.2940 2.5070
v  -11.5590 12.3580 2.3950
v  -11.1130 12.4890 3.8720
v  -11.6130 14.3880 4.0240
v  -11.9720 16.3680 4.1470
v  -12.4560 16.3060 2.5980
v  -12.8030 16.2540 0.9980
v  -12.4200 14.2160 0.9370
v  -11.8810 12.2510 0.8640
v  -12.6230 14.1610 -0.6670
v  -12.0770 12.1790 -0.7040
v  -13.0120 16.2180 -0.6370
v  -13.0810 16.2030 -2.2890
v  -12.6920 14.1400 -2.2890
v  -12.1430 12.1510 -2.2890
v  -12.6690 18.3690 2.6570
v  -12.1770 18.4010 4.2250
v  -12.2190 20.4600 4.2440
v  -12.7120 20.4540 2.6710
v  -13.0650 20.4500 1.0470
v  -13.0210 18.3410 1.0370
v  -13.2320 18.3220 -0.6170
v  -13.2770 20.4480 -0.6130
v  -13.3480 20.4470 -2.2890
v  -13.3030 18.3140 -2.2890
v  -10.4810 10.6990 3.7060
v  -10.8950 10.5250 2.2760
v  -11.1960 10.3870 0.7870
v  -10.3730 8.6470 0.7150
v  -10.0970 8.8180 2.1640
v  -9.7220 9.0400 3.5500
v  -8.8420 7.5340 3.4260
v  -9.1720 7.2630 2.0760
v  -9.4210 7.0590 0.6590
v  -11.3810 10.2950 -0.7410
v  -11.4440 10.2610 -2.2890
v  -10.6050 8.4970 -2.2890
v  -10.5450 8.5370 -0.7760
v  -9.5780 6.9300 -0.8040
v  -9.6340 6.8850 -2.2890
v  -9.9590 10.8990 5.0570
v  -10.5440 12.6330 5.2750
v  -9.2580 9.3040 4.8500
v  -8.6970 9.5650 6.0470
v  -9.3230 11.0890 6.3150
v  -9.8510 12.7670 6.5900
v  -8.5640 11.2340 7.4650
v  -9.0290 12.8690 7.8010
v  -8.0330 9.7800 7.1220
v  -8.4390 7.8670 4.6860
v  -7.9740 8.2170 5.8250
v  -7.4540 8.5410 6.8120
v  -11.0120 14.4870 5.4710
v  -10.2790 14.5790 6.8310
v  -10.5910 16.4910 7.0200
v  -11.3500 16.4320 5.6260
v  -11.5450 18.4360 5.7240
v  -10.7740 18.4690 7.1360
v  -10.8130 20.4810 7.1630
v  -11.5860 20.4690 5.7470
v  -9.4120 14.6490 8.0890
v  -9.6960 16.5370 8.3100
v  -9.8640 18.4980 8.4450
v  -9.9000 20.4960 8.4750
v  -11.8160 26.6030 2.4210
v  -11.3550 26.5260 3.9120
v  -10.7810 28.4320 3.7260
v  -11.2160 28.5450 2.2830
v  -11.5310 28.6400 0.7880
v  -12.1470 26.6710 0.8800
v  -12.6160 24.6360 0.9590
v  -12.2730 24.5930 2.5410
v  -11.7940 24.5460 4.0710
v  -12.5760 22.5360 2.6280
v  -12.0870 22.5160 4.1870
v  -12.9260 22.5550 1.0180
v  -12.3460 26.7200 -0.6960
v  -11.7210 28.7060 -0.7420
v  -11.7860 28.7320 -2.2890
v  -12.4130 26.7400 -2.2890
v  -12.8910 24.6810 -2.2890
v  -12.8220 24.6680 -0.6570
v  -13.1360 22.5700 -0.6270
v  -13.2060 22.5770 -2.2890
v  -10.2280 28.3140 5.0980
v  -10.7650 26.4490 5.3340
v  -11.1800 24.5020 5.5330
v  -10.4310 24.4710 6.9110
v  -10.0450 26.3880 6.6720
v  -9.5520 28.2140 6.3850
v  -8.7500 28.1560 7.5690
v  -9.1930 26.3580 7.9080
v  -9.5460 24.4600 8.1860
v  -11.4590 22.5000 5.6770
v  -10.6930 22.4910 7.0810
v  -9.7880 22.4940 8.3820
v  -9.5850 30.0700 4.8440
v  -10.0880 30.2410 3.5290
v  -8.9700 29.9170 6.0700
v  -8.3020 31.4790 5.7670
v  -8.8390 31.7010 4.6040
v  -9.2830 31.9350 3.3440
v  -7.9920 33.1950 4.4110
v  -8.3720 33.4970 3.1940
v  -7.5530 32.8820 5.5150
v  -8.2350 29.8200 7.1900
v  -7.6660 31.3140 6.8120
v  -7.0610 32.6010 6.4740
v  -10.4880 30.3950 2.1390
v  -9.6410 32.1350 2.0050
v  -9.9070 32.2920 0.6060
v  -10.7800 30.5200 0.6940
v  -10.9590 30.6040 -0.7880
v  -10.0720 32.3940 -0.8320
v  -10.1300 32.4310 -2.2890
v  -11.0210 30.6360 -2.2890
v  -8.6850 33.7460 1.8950
v  -8.9220 33.9350 0.5350
v  -9.0720 34.0540 -0.8670
v  -9.1250 34.0970 -2.2890
v  -11.8160 26.6030 -7.0000
v  -11.2160 28.5450 -6.8620
v  -10.7810 28.4320 -8.3040
v  -11.3550 26.5260 -8.4900
v  -11.7940 24.5460 -8.6490
v  -12.2730 24.5930 -7.1190
v  -12.6160 24.6360 -5.5370
v  -12.1470 26.6710 -5.4580
v  -11.5310 28.6400 -5.3670
v  -12.3460 26.7200 -3.8820
v  -11.7210 28.7060 -3.8370
v  -12.8220 24.6680 -3.9220
v  -12.5760 22.5360 -7.2070
v  -12.0870 22.5160 -8.7650
v  -12.2190 20.4600 -8.8220
v  -12.7120 20.4540 -7.2500
v  -13.0650 20.4500 -5.6250
v  -12.9260 22.5550 -5.5960
v  -13.1360 22.5700 -3.9510
v  -13.2770 20.4480 -3.9660
v  -10.0880 30.2410 -8.1070
v  -10.4880 30.3950 -6.7180
v  -10.7800 30.5200 -5.2720
v  -9.9070 32.2920 -5.1850
v  -9.6410 32.1350 -6.5830
v  -9.2830 31.9350 -7.9220
v  -8.3720 33.4970 -7.7730
v  -8.6850 33.7460 -6.4740
v  -8.9220 33.9350 -5.1130
v  -10.9590 30.6040 -3.7900
v  -10.0720 32.3940 -3.7470
v  -9.0720 34.0540 -3.7110
v  -9.5850 30.0700 -9.4230
v  -10.2280 28.3140 -9.6770
v  -8.8390 31.7010 -9.1830
v  -8.3020 31.4790 -10.3450
v  -8.9700 29.9170 -10.6480
v  -9.5520 28.2140 -10.9630
v  -8.2350 29.8200 -11.7690
v  -8.7500 28.1560 -12.1470
v  -7.6660 31.3140 -11.3900
v  -6.9050 31.2760 -12.3010
v  -7.3720 29.8160 -12.7680
v  -7.8180 28.1650 -13.2140
v  -7.9920 33.1950 -8.9900
v  -7.5530 32.8820 -10.0930
v  -7.0610 32.6010 -11.0520
v  -6.4510 32.4970 -11.8470
v  -10.7650 26.4490 -9.9130
v  -10.0450 26.3880 -11.2500
v  -10.4310 24.4710 -11.4890
v  -11.1800 24.5020 -10.1120
v  -11.4590 22.5000 -10.2560
v  -10.6930 22.4910 -11.6600
v  -10.8130 20.4810 -11.7420
v  -11.5860 20.4690 -10.3250
v  -9.1930 26.3580 -12.4860
v  -8.2090 26.3740 -13.6050
v  -8.5250 24.4780 -13.9210
v  -9.5460 24.4600 -12.7640
v  -9.7880 22.4940 -12.9600
v  -8.7450 22.5130 -14.1410
v  -8.8490 20.5150 -14.2450
v  -9.9000 20.4960 -13.0540
v  -12.0830 14.2940 -7.0850
v  -11.6130 14.3880 -8.6020
v  -11.1130 12.4890 -8.4500
v  -11.5590 12.3580 -6.9740
v  -11.8810 12.2510 -5.4430
v  -12.4200 14.2160 -5.5160
v  -12.8030 16.2540 -5.5760
v  -12.4560 16.3060 -7.1770
v  -11.9720 16.3680 -8.7250
v  -12.6690 18.3690 -7.2360
v  -12.1770 18.4010 -8.8040
v  -13.0210 18.3410 -5.6160
v  -12.6230 14.1610 -3.9110
v  -12.0770 12.1790 -3.8750
v  -13.0120 16.2180 -3.9410
v  -13.2320 18.3220 -3.9610
v  -10.5440 12.6330 -9.8540
v  -11.0120 14.4870 -10.0490
v  -11.3500 16.4320 -10.2050
v  -10.5910 16.4910 -11.5980
v  -10.2790 14.5790 -11.4100
v  -9.8510 12.7670 -11.1690
v  -9.0290 12.8690 -12.3800
v  -9.4120 14.6490 -12.6670
v  -9.6960 16.5370 -12.8880
v  -8.6630 16.5630 -14.0580
v  -8.4100 14.6830 -13.8050
v  -8.0740 12.9160 -13.4700
v  -11.5450 18.4360 -10.3030
v  -10.7740 18.4690 -11.7150
v  -9.8640 18.4980 -13.0240
v  -8.8150 18.5190 -14.2110
v  -9.9590 10.8990 -9.6360
v  -10.4810 10.6990 -8.2840
v  -9.3230 11.0890 -10.8940
v  -8.6970 9.5650 -10.6250
v  -9.2580 9.3040 -9.4280
v  -9.7220 9.0400 -8.1280
v  -8.4390 7.8670 -9.2650
v  -8.8420 7.5340 -8.0050
v  -7.9740 8.2170 -10.4040
v  -8.5640 11.2340 -12.0440
v  -7.6750 11.2990 -13.0710
v  -7.2440 9.8780 -12.6400
v  -8.0330 9.7800 -11.7010
v  -7.4540 8.5410 -11.3910
v  -6.8150 8.7000 -12.2110
v  -10.8950 10.5250 -6.8540
v  -10.0970 8.8180 -6.7430
v  -10.3730 8.6470 -5.2940
v  -11.1960 10.3870 -5.3650
v  -11.3810 10.2950 -3.8370
v  -10.5450 8.5370 -3.8020
v  -9.1720 7.2630 -6.6550
v  -9.4210 7.0590 -5.2370
v  -9.5780 6.9300 -3.7740
v  4.7000 27.2070 -17.7420
v  4.7390 25.0590 -18.2180
v  3.1070 25.0820 -18.2870
v  3.1070 27.2380 -17.8090
v  3.1070 29.3240 -17.1820
v  4.6540 29.2830 -17.1170
v  4.7690 22.8700 -18.5320
v  4.7830 20.6680 -18.6730
v  3.1070 20.6720 -18.7440
v  3.1070 22.8830 -18.6020
v  4.6080 31.2580 -16.3550
v  3.1070 31.3070 -16.4160
v  3.1070 33.1600 -15.5260
v  4.5640 33.1020 -15.4680
v  4.5290 34.7870 -14.4680
v  3.1070 34.8510 -14.5210
v  4.6920 12.2570 -17.4730
v  3.1070 12.2310 -17.5390
v  3.1070 14.2360 -18.0870
v  4.7290 14.2550 -18.0190
v  3.1070 16.3260 -18.4770
v  4.7590 16.3380 -18.4070
v  3.1070 18.4790 -18.6990
v  4.7790 18.4830 -18.6280
v  4.6200 8.6070 -15.9410
v  3.1070 8.5690 -16.0010
v  3.1070 10.3350 -16.8400
v  4.6550 10.3670 -16.7770
v  3.1070 6.9570 -15.0300
v  4.5920 7.0000 -14.9740
v  -1.6890 14.3720 -17.4790
v  -1.5780 12.4230 -16.9550
v  -3.0540 12.5440 -16.5090
v  -3.2060 14.4530 -17.0090
v  -3.3290 16.4520 -17.3680
v  -1.7810 16.4060 -17.8520
v  -0.1800 16.3660 -18.1990
v  -0.1200 14.3030 -17.8160
v  -0.0470 12.3240 -17.2770
v  1.4850 14.2550 -18.0190
v  1.5210 12.2570 -17.4730
v  1.4550 16.3380 -18.4070
v  -1.8400 18.5030 -18.0650
v  -3.4080 18.5140 -17.5730
v  -3.4260 20.6140 -17.6150
v  -1.8540 20.6370 -18.1080
v  -0.2290 20.6550 -18.4610
v  -0.2200 18.4910 -18.4170
v  1.4350 18.4830 -18.6280
v  1.4300 20.6680 -18.6730
v  -2.8880 10.7480 -15.8770
v  -1.4580 10.5840 -16.2910
v  0.0310 10.4530 -16.5920
v  0.1020 8.7120 -15.7690
v  -1.3470 8.8750 -15.4920
v  -2.7320 9.0880 -15.1180
v  -2.6090 7.5800 -14.2380
v  -1.2590 7.3180 -14.5680
v  0.1590 7.1230 -14.8170
v  1.5590 10.3670 -16.7770
v  1.5940 8.6070 -15.9410
v  1.6220 7.0000 -14.9740
v  -4.2400 10.9370 -15.3550
v  -4.4580 12.6750 -15.9400
v  -4.0320 9.3400 -14.6530
v  -5.2290 9.5900 -14.0920
v  -5.4980 11.1150 -14.7190
v  -5.7730 12.7960 -15.2470
v  -6.6480 11.2480 -13.9600
v  -6.9840 12.8840 -14.4250
v  -6.3050 9.7920 -13.4290
v  -3.8690 7.9010 -13.8350
v  -5.0080 8.2390 -13.3700
v  -5.9950 8.5520 -12.8490
v  -4.6530 14.5390 -16.4080
v  -6.0140 14.6140 -15.6750
v  -6.2020 16.5360 -15.9870
v  -4.8090 16.4980 -16.7460
v  -4.9070 18.5240 -16.9410
v  -6.3190 18.5300 -16.1700
v  -6.3460 20.5630 -16.2090
v  -4.9290 20.5890 -16.9820
v  -7.2720 14.6670 -14.8070
v  -7.4920 16.5600 -15.0910
v  -7.6280 18.5290 -15.2600
v  -7.6580 20.5380 -15.2960
v  -1.6040 27.0070 -17.2120
v  -3.0940 26.8660 -16.7500
v  -2.9080 28.8320 -16.1770
v  -1.4660 29.0220 -16.6120
v  0.0290 29.1770 -16.9270
v  -0.0620 27.1260 -17.5420
v  -0.1420 25.0020 -18.0120
v  -1.7230 24.9190 -17.6690
v  -3.2540 24.8200 -17.1900
v  -1.8110 22.7860 -17.9720
v  -3.3700 22.7260 -17.4830
v  -0.2000 22.8350 -18.3220
v  1.5140 27.2070 -17.7420
v  1.5590 29.2830 -17.1170
v  1.4740 25.0590 -18.2180
v  1.4450 22.8700 -18.5320
v  -4.2810 28.6250 -15.6240
v  -4.5170 26.7140 -16.1610
v  -4.7160 24.7160 -16.5760
v  -6.0930 24.6170 -15.8270
v  -5.8540 26.5690 -15.4410
v  -5.5670 28.4270 -14.9480
v  -6.7510 28.2640 -14.1460
v  -7.0900 26.4500 -14.5890
v  -7.3680 24.5340 -14.9420
v  -4.8600 22.6640 -16.8550
v  -6.2640 22.6030 -16.0890
v  -7.5650 22.5510 -15.1840
v  -4.0270 30.4180 -14.9810
v  -2.7110 30.6900 -15.4840
v  -5.2520 30.1540 -14.3660
v  -4.9490 31.7270 -13.6980
v  -3.7870 32.0690 -14.2350
v  -2.5260 32.4140 -14.6790
v  -3.5940 33.5560 -13.3880
v  -2.3770 33.9770 -13.7680
v  -4.6970 33.1200 -12.9490
v  -6.3730 29.9410 -13.6310
v  -5.9940 31.4390 -13.0620
v  -5.6560 32.7190 -12.4570
v  -1.3220 30.9330 -15.8840
v  -1.1870 32.7120 -15.0370
v  0.2110 32.9480 -15.3030
v  0.1240 31.1280 -16.1760
v  1.6060 31.2580 -16.3550
v  1.6490 33.1020 -15.4680
v  -1.0780 34.3330 -14.0810
v  0.2830 34.6080 -14.3180
v  1.6850 34.7870 -14.4680
# 831 vertices

vn 0.0866 0.2763 -0.9572
vn 0.0854 0.1797 -0.9800
vn 0.0000 0.1793 -0.9838
vn 0.0000 0.2760 -0.9611
vn 0.0000 0.3762 -0.9265
vn 0.0880 0.3761 -0.9224
vn 0.0000 0.0872 -0.9962
vn 0.0893 0.4770 -0.8744
vn 0.0000 0.4777 -0.8785
vn 0.0000 0.5773 -0.8165
vn 0.0905 0.5759 -0.8125
vn 0.0000 0.6720 -0.7406
vn 0.0912 0.6694 -0.7373
vn 0.0000 0.7570 -0.6534
vn 0.0912 0.7539 -0.6506
vn -0.2699 -0.2763 -0.9224
vn -0.2685 -0.3726 -0.8883
vn -0.3614 -0.3682 -0.8566
vn -0.3659 -0.2749 -0.8892
vn -0.3685 -0.1824 -0.9116
vn -0.2702 -0.1817 -0.9455
vn -0.1755 -0.1807 -0.9678
vn -0.1766 -0.2766 -0.9446
vn -0.1773 -0.3752 -0.9098
vn -0.0866 -0.2763 -0.9572
vn -0.0880 -0.3761 -0.9224
vn -0.0854 -0.1797 -0.9800
vn 0.0000 -0.1793 -0.9838
vn 0.0000 -0.2760 -0.9611
vn 0.0000 -0.3762 -0.9265
vn -0.2700 -0.0896 -0.9587
vn -0.3696 -0.0909 -0.9247
vn -0.3698 0.0000 -0.9291
vn -0.2697 0.0000 -0.9629
vn -0.1741 0.0000 -0.9847
vn -0.1745 -0.0884 -0.9807
vn -0.0845 -0.0875 -0.9926
vn -0.0841 0.0000 -0.9965
vn 0.0000 0.0000 -1.0000
vn 0.0000 -0.0872 -0.9962
vn -0.3555 -0.4613 -0.8129
vn -0.2662 -0.4692 -0.8420
vn -0.1777 -0.4744 -0.8622
vn -0.1775 -0.5712 -0.8014
vn -0.2636 -0.5630 -0.7833
vn -0.3493 -0.5515 -0.7575
vn -0.2609 -0.6518 -0.7121
vn -0.3437 -0.6363 -0.6907
vn -0.1772 -0.6627 -0.7276
vn -0.1767 -0.7452 -0.6430
vn -0.2587 -0.7312 -0.6312
vn -0.3395 -0.7117 -0.6150
vn -0.0893 -0.4770 -0.8744
vn 0.0000 -0.4777 -0.8785
vn 0.0000 -0.5773 -0.8165
vn -0.0905 -0.5759 -0.8125
vn -0.0912 -0.6694 -0.7373
vn 0.0000 -0.6720 -0.7406
vn 0.0000 -0.7570 -0.6534
vn -0.0912 -0.7539 -0.6506
vn -0.4445 -0.4511 -0.7739
vn -0.4548 -0.3623 -0.8136
vn -0.4335 -0.5368 -0.7239
vn -0.5139 -0.5197 -0.6825
vn -0.5310 -0.4398 -0.7243
vn -0.5459 -0.3557 -0.7586
vn -0.6321 -0.3494 -0.6916
vn -0.6121 -0.4292 -0.6642
vn -0.5894 -0.5029 -0.6322
vn -0.6557 -0.4921 -0.5726
vn -0.6842 -0.4212 -0.5954
vn -0.7090 -0.3443 -0.6155
vn -0.4233 -0.6168 -0.6636
vn -0.4161 -0.6875 -0.5952
vn -0.4872 -0.6595 -0.5725
vn -0.4973 -0.5944 -0.6320
vn -0.5663 -0.5713 -0.5940
vn -0.5531 -0.6286 -0.5467
vn -0.5998 -0.6040 -0.5248
vn -0.6245 -0.5577 -0.5467
vn -0.4629 -0.2724 -0.8435
vn -0.5579 -0.2693 -0.7850
vn -0.5665 -0.1820 -0.8037
vn -0.4683 -0.1825 -0.8645
vn -0.4712 -0.0921 -0.8772
vn -0.5715 -0.0930 -0.8153
vn -0.5731 0.0000 -0.8195
vn -0.4721 0.0000 -0.8816
vn -0.6481 -0.2660 -0.7135
vn -0.7291 -0.2629 -0.6319
vn -0.7436 -0.1800 -0.6439
vn -0.6596 -0.1812 -0.7295
vn -0.6667 -0.0934 -0.7394
vn -0.7528 -0.0931 -0.6516
vn -0.7561 0.0000 -0.6545
vn -0.6694 0.0000 -0.7429
vn -0.2699 0.2763 -0.9224
vn -0.3659 0.2749 -0.8891
vn -0.3614 0.3682 -0.8566
vn -0.2685 0.3726 -0.8883
vn -0.1773 0.3751 -0.9098
vn -0.1766 0.2766 -0.9446
vn -0.1755 0.1807 -0.9678
vn -0.2702 0.1817 -0.9455
vn -0.3685 0.1824 -0.9116
vn -0.2700 0.0896 -0.9587
vn -0.3696 0.0909 -0.9247
vn -0.1745 0.0884 -0.9807
vn -0.0866 0.2763 -0.9572
vn -0.0880 0.3761 -0.9224
vn -0.0854 0.1797 -0.9800
vn -0.0845 0.0875 -0.9926
vn -0.4548 0.3623 -0.8136
vn -0.4629 0.2724 -0.8435
vn -0.4683 0.1825 -0.8645
vn -0.5665 0.1820 -0.8037
vn -0.5579 0.2693 -0.7850
vn -0.5459 0.3557 -0.7586
vn -0.6481 0.2660 -0.7135
vn -0.6321 0.3494 -0.6916
vn -0.6596 0.1812 -0.7295
vn -0.7436 0.1800 -0.6439
vn -0.7291 0.2629 -0.6319
vn -0.7090 0.3443 -0.6155
vn -0.4712 0.0921 -0.8772
vn -0.5715 0.0930 -0.8153
vn -0.6667 0.0934 -0.7394
vn -0.7528 0.0931 -0.6516
vn -0.4445 0.4511 -0.7739
vn -0.3555 0.4613 -0.8129
vn -0.5310 0.4398 -0.7243
vn -0.5139 0.5197 -0.6825
vn -0.4335 0.5368 -0.7239
vn -0.3493 0.5515 -0.7575
vn -0.3437 0.6363 -0.6907
vn -0.4233 0.6168 -0.6636
vn -0.4973 0.5944 -0.6320
vn -0.4872 0.6595 -0.5725
vn -0.4161 0.6875 -0.5952
vn -0.3395 0.7117 -0.6150
vn -0.6121 0.4292 -0.6642
vn -0.6842 0.4212 -0.5954
vn -0.6557 0.4921 -0.5726
vn -0.5894 0.5029 -0.6322
vn -0.5663 0.5713 -0.5940
vn -0.6245 0.5577 -0.5467
vn -0.5998 0.6040 -0.5248
vn -0.5531 0.6286 -0.5467
vn -0.2662 0.4692 -0.8420
vn -0.2636 0.5630 -0.7833
vn -0.1775 0.5712 -0.8014
vn -0.1777 0.4743 -0.8622
vn -0.0893 0.4770 -0.8744
vn -0.0905 0.5759 -0.8125
vn -0.2609 0.6518 -0.7121
vn -0.2587 0.7312 -0.6312
vn -0.1767 0.7452 -0.6430
vn -0.1772 0.6627 -0.7276
vn -0.0912 0.6694 -0.7373
vn -0.0912 0.7539 -0.6506
vn 0.0000 0.3901 0.9208
vn 0.0000 0.2857 0.9583
vn 0.1232 0.2848 0.9506
vn 0.1229 0.3888 0.9131
vn 0.0000 0.1837 0.9830
vn 0.1230 0.1839 0.9752
vn 0.0000 0.0885 0.9961
vn 0.1223 0.0887 0.9885
vn 0.0000 0.0000 1.0000
vn 0.1220 0.4928 0.8615
vn 0.1198 0.5924 0.7967
vn 0.0000 0.5961 0.8029
vn 0.0000 0.4954 0.8687
vn 0.1165 0.6837 0.7204
vn 0.1121 0.7636 0.6359
vn 0.0000 0.7689 0.6393
vn 0.0000 0.6884 0.7253
vn -0.3440 0.3775 0.8598
vn -0.4404 0.3681 0.8189
vn -0.4485 0.2751 0.8504
vn -0.3493 0.2796 0.8943
vn -0.4534 0.1824 0.8724
vn -0.3517 0.1832 0.9180
vn -0.2404 0.1837 0.9531
vn -0.2398 0.2829 0.9287
vn -0.2381 0.3846 0.8918
vn -0.1232 0.2848 0.9506
vn -0.1229 0.3888 0.9131
vn -0.1230 0.1839 0.9752
vn -0.3521 0.0901 0.9316
vn -0.4556 0.0911 0.8855
vn -0.4560 0.0000 0.8900
vn -0.3521 0.0000 0.9360
vn -0.2400 0.0000 0.9708
vn -0.2403 0.0893 0.9666
vn -0.1223 0.0887 0.9885
vn -0.1220 0.0000 0.9925
vn -0.3361 0.4741 0.8138
vn -0.4287 0.4596 0.7778
vn -0.2341 0.4855 0.8423
vn -0.2281 0.5822 0.7804
vn -0.3259 0.5669 0.7566
vn -0.4147 0.5478 0.7266
vn -0.3144 0.6527 0.6893
vn -0.3999 0.6295 0.6662
vn -0.2207 0.6712 0.7077
vn -0.2121 0.7494 0.6273
vn -0.3024 0.7285 0.6147
vn -0.3855 0.7020 0.5988
vn -0.1220 0.4928 0.8615
vn -0.1198 0.5924 0.7967
vn -0.1165 0.6837 0.7204
vn -0.1121 0.7636 0.6359
vn -0.5275 0.3575 0.7706
vn -0.5124 0.4436 0.7353
vn -0.4948 0.5262 0.6916
vn -0.5658 0.5042 0.6524
vn -0.5871 0.4279 0.6871
vn -0.6054 0.3475 0.7161
vn -0.6734 0.3394 0.6568
vn -0.6525 0.4147 0.6343
vn -0.6284 0.4847 0.6084
vn -0.6801 0.4734 0.5598
vn -0.7075 0.4063 0.5783
vn -0.7314 0.3339 0.5946
vn -0.4765 0.6033 0.6395
vn -0.4601 0.6717 0.5806
vn -0.5264 0.6391 0.5608
vn -0.5438 0.5759 0.6104
vn -0.6031 0.5502 0.5775
vn -0.5855 0.6057 0.5388
vn -0.6259 0.5806 0.5208
vn -0.6501 0.5358 0.5388
vn -0.5390 0.2699 0.7979
vn -0.6196 0.2646 0.7390
vn -0.6295 0.1798 0.7559
vn -0.5463 0.1810 0.8178
vn -0.5504 0.0915 0.8299
vn -0.6352 0.0918 0.7669
vn -0.6370 0.0000 0.7709
vn -0.5519 0.0000 0.8339
vn -0.6902 0.2601 0.6752
vn -0.7511 0.2568 0.6082
vn -0.7656 0.1769 0.6185
vn -0.7025 0.1784 0.6890
vn -0.7101 0.0922 0.6981
vn -0.7749 0.0920 0.6254
vn -0.7783 0.0000 0.6279
vn -0.7128 0.0000 0.7014
vn -0.4485 -0.2751 0.8504
vn -0.4404 -0.3680 0.8189
vn -0.3440 -0.3775 0.8598
vn -0.3493 -0.2796 0.8943
vn -0.2381 -0.3846 0.8918
vn -0.2398 -0.2829 0.9287
vn -0.2404 -0.1837 0.9531
vn -0.3517 -0.1832 0.9180
vn -0.4534 -0.1824 0.8724
vn -0.3521 -0.0901 0.9316
vn -0.4556 -0.0911 0.8855
vn -0.2403 -0.0893 0.9666
vn -0.1229 -0.3888 0.9131
vn -0.1232 -0.2848 0.9506
vn 0.0000 -0.3901 0.9208
vn 0.0000 -0.2857 0.9583
vn 0.0000 -0.1837 0.9830
vn -0.1230 -0.1839 0.9752
vn -0.1223 -0.0887 0.9885
vn 0.0000 -0.0885 0.9961
vn -0.5390 -0.2699 0.7979
vn -0.5275 -0.3575 0.7706
vn -0.5463 -0.1810 0.8178
vn -0.6295 -0.1798 0.7559
vn -0.6196 -0.2646 0.7390
vn -0.6054 -0.3475 0.7161
vn -0.6902 -0.2601 0.6752
vn -0.6734 -0.3394 0.6568
vn -0.7025 -0.1784 0.6890
vn -0.7656 -0.1769 0.6185
vn -0.7511 -0.2568 0.6082
vn -0.7314 -0.3339 0.5946
vn -0.5504 -0.0915 0.8299
vn -0.6352 -0.0918 0.7669
vn -0.7101 -0.0922 0.6981
vn -0.7749 -0.0920 0.6254
vn -0.4287 -0.4596 0.7778
vn -0.5124 -0.4435 0.7353
vn -0.5871 -0.4279 0.6871
vn -0.5658 -0.5042 0.6524
vn -0.4948 -0.5262 0.6915
vn -0.4147 -0.5478 0.7266
vn -0.3999 -0.6295 0.6662
vn -0.4765 -0.6033 0.6395
vn -0.5438 -0.5759 0.6104
vn -0.5264 -0.6391 0.5608
vn -0.4601 -0.6717 0.5806
vn -0.3855 -0.7020 0.5988
vn -0.6525 -0.4147 0.6343
vn -0.7075 -0.4063 0.5783
vn -0.6801 -0.4734 0.5598
vn -0.6284 -0.4847 0.6084
vn -0.6031 -0.5502 0.5775
vn -0.6501 -0.5358 0.5388
vn -0.6259 -0.5806 0.5208
vn -0.5855 -0.6057 0.5388
vn -0.3361 -0.4741 0.8138
vn -0.3259 -0.5669 0.7566
vn -0.2281 -0.5822 0.7804
vn -0.2341 -0.4855 0.8423
vn -0.1220 -0.4928 0.8615
vn -0.1198 -0.5924 0.7967
vn 0.0000 -0.5961 0.8029
vn 0.0000 -0.4954 0.8687
vn -0.3144 -0.6527 0.6893
vn -0.3024 -0.7285 0.6147
vn -0.2121 -0.7494 0.6273
vn -0.2207 -0.6712 0.7077
vn -0.1165 -0.6837 0.7204
vn -0.1121 -0.7636 0.6359
vn 0.0000 -0.7689 0.6393
vn 0.0000 -0.6884 0.7253
vn -0.2648 -0.9296 0.2562
vn -0.2694 -0.9061 0.3261
vn -0.3538 -0.8767 0.3259
vn -0.3508 -0.9003 0.2576
vn -0.3482 -0.9188 0.1858
vn -0.2610 -0.9477 0.1837
vn -0.1743 -0.9678 0.1817
vn -0.1782 -0.9505 0.2547
vn -0.1830 -0.9276 0.3257
vn -0.0903 -0.9632 0.2534
vn -0.0936 -0.9410 0.3251
vn -0.0876 -0.9797 0.1802
vn 0.0000 -0.9837 0.1796
vn 0.0000 -0.9675 0.2528
vn 0.0000 -0.9458 0.3248
vn -0.2581 -0.9602 0.1065
vn -0.3461 -0.9319 0.1084
vn -0.3446 -0.9385 0.0232
vn -0.2565 -0.9663 0.0227
vn -0.1699 -0.9852 0.0223
vn -0.1715 -0.9796 0.1049
vn -0.0857 -0.9909 0.1037
vn -0.0847 -0.9962 0.0220
vn 0.0000 -0.9998 0.0219
vn 0.0000 -0.9946 0.1033
vn -0.3577 -0.8471 0.3931
vn -0.2749 -0.8764 0.3955
vn -0.1886 -0.8983 0.3969
vn -0.1954 -0.8608 0.4698
vn -0.2820 -0.8386 0.4660
vn -0.3639 -0.8095 0.4607
vn -0.3732 -0.7620 0.5293
vn -0.2913 -0.7905 0.5388
vn -0.2034 -0.8126 0.5462
vn -0.0976 -0.9124 0.3974
vn 0.0000 -0.9176 0.3976
vn 0.0000 -0.8810 0.4731
vn -0.1021 -0.8756 0.4722
vn -0.1071 -0.8275 0.5512
vn 0.0000 -0.8331 0.5532
vn -0.4384 -0.8099 0.3897
vn -0.4373 -0.8385 0.3251
vn -0.4414 -0.7741 0.4539
vn -0.5155 -0.7316 0.4460
vn -0.5174 -0.7637 0.3859
vn -0.5200 -0.7902 0.3243
vn -0.5940 -0.7073 0.3832
vn -0.6007 -0.7308 0.3242
vn -0.5869 -0.6802 0.4392
vn -0.6515 -0.6201 0.4369
vn -0.6649 -0.6413 0.3830
vn -0.6772 -0.6602 0.3247
vn -0.4482 -0.7286 0.5180
vn -0.5172 -0.6906 0.5055
vn -0.5816 -0.6472 0.4929
vn -0.6367 -0.5972 0.4878
vn -0.4367 -0.8616 0.2586
vn -0.5225 -0.8122 0.2595
vn -0.5246 -0.8299 0.1897
vn -0.4362 -0.8800 0.1878
vn -0.4355 -0.8934 0.1104
vn -0.5260 -0.8431 0.1122
vn -0.5262 -0.8500 0.0242
vn -0.4348 -0.9002 0.0237
vn -0.6070 -0.7508 0.2605
vn -0.6881 -0.6768 0.2616
vn -0.6971 -0.6907 0.1924
vn -0.6123 -0.7672 0.1913
vn -0.6161 -0.7794 0.1137
vn -0.7039 -0.7010 0.1145
vn -0.7071 -0.7066 0.0246
vn -0.6178 -0.7860 0.0245
vn -0.2567 -0.9400 -0.2249
vn -0.3421 -0.9124 -0.2247
vn -0.3401 -0.8907 -0.3017
vn -0.2566 -0.9176 -0.3037
vn -0.1727 -0.9366 -0.3049
vn -0.1717 -0.9592 -0.2247
vn -0.1706 -0.9747 -0.1443
vn -0.2564 -0.9556 -0.1452
vn -0.3434 -0.9278 -0.1460
vn -0.2561 -0.9646 -0.0632
vn -0.3439 -0.9368 -0.0641
vn -0.1697 -0.9835 -0.0624
vn -0.0864 -0.9707 -0.2243
vn -0.0876 -0.9482 -0.3053
vn 0.0000 -0.9522 -0.3054
vn 0.0000 -0.9746 -0.2241
vn 0.0000 -0.9897 -0.1432
vn -0.0854 -0.9860 -0.1435
vn -0.0847 -0.9945 -0.0618
vn 0.0000 -0.9981 -0.0616
vn -0.4244 -0.8547 -0.2989
vn -0.4288 -0.8752 -0.2239
vn -0.4320 -0.8899 -0.1466
vn -0.5217 -0.8404 -0.1471
vn -0.5164 -0.8268 -0.2231
vn -0.5094 -0.8079 -0.2962
vn -0.5937 -0.7489 -0.2943
vn -0.6037 -0.7655 -0.2226
vn -0.6112 -0.7776 -0.1476
vn -0.6986 -0.7001 -0.1479
vn -0.6884 -0.6903 -0.2225
vn -0.6748 -0.6770 -0.2937
vn -0.4338 -0.8987 -0.0649
vn -0.5248 -0.8487 -0.0656
vn -0.6161 -0.7849 -0.0662
vn -0.7051 -0.7060 -0.0665
vn -0.4195 -0.8275 -0.3731
vn -0.3378 -0.8617 -0.3787
vn -0.5011 -0.7836 -0.3672
vn -0.4922 -0.7526 -0.4373
vn -0.4151 -0.7921 -0.4476
vn -0.3365 -0.8236 -0.4567
vn -0.4134 -0.7459 -0.5222
vn -0.3370 -0.7743 -0.5357
vn -0.4860 -0.7118 -0.5071
vn -0.5817 -0.7281 -0.3625
vn -0.6583 -0.6607 -0.3607
vn -0.6388 -0.6418 -0.4242
vn -0.5682 -0.7028 -0.4281
vn -0.5556 -0.6704 -0.4917
vn -0.6166 -0.6202 -0.4849
vn -0.2562 -0.8875 -0.3830
vn -0.2562 -0.8481 -0.4638
vn -0.1747 -0.8657 -0.4691
vn -0.1737 -0.9060 -0.3860
vn -0.0889 -0.9175 -0.3876
vn -0.0900 -0.8768 -0.4723
vn 0.0000 -0.8809 -0.4734
vn 0.0000 -0.9216 -0.3881
vn -0.2570 -0.7969 -0.5467
vn -0.1757 -0.8132 -0.5548
vn -0.0908 -0.8235 -0.5600
vn 0.0000 -0.8273 -0.5618
vn -0.9391 -0.2581 -0.2267
vn -0.9166 -0.2583 -0.3050
vn -0.8895 -0.3422 -0.3028
vn -0.9113 -0.3439 -0.2263
vn -0.9270 -0.3448 -0.1476
vn -0.9550 -0.2575 -0.1471
vn -0.9743 -0.1714 -0.1463
vn -0.9585 -0.1727 -0.2267
vn -0.9359 -0.1740 -0.3063
vn -0.9701 -0.0870 -0.2264
vn -0.9477 -0.0884 -0.3068
vn -0.9856 -0.0858 -0.1456
vn -0.9894 0.0000 -0.1454
vn -0.9741 0.0000 -0.2262
vn -0.9517 0.0000 -0.3069
vn -0.9643 -0.2567 -0.0643
vn -0.9364 -0.3448 -0.0650
vn -0.9386 -0.3442 0.0237
vn -0.9664 -0.2560 0.0234
vn -0.9852 -0.1697 0.0231
vn -0.9833 -0.1703 -0.0636
vn -0.9944 -0.0849 -0.0631
vn -0.9962 -0.0846 0.0228
vn -0.9997 0.0000 0.0227
vn -0.9980 0.0000 -0.0629
vn -0.8604 -0.3403 -0.3793
vn -0.8866 -0.2583 -0.3837
vn -0.9054 -0.1753 -0.3867
vn -0.8652 -0.1767 -0.4693
vn -0.8472 -0.2589 -0.4640
vn -0.8222 -0.3396 -0.4568
vn -0.7725 -0.3409 -0.5357
vn -0.7958 -0.2604 -0.5468
vn -0.8125 -0.1783 -0.5550
vn -0.9171 -0.0897 -0.3884
vn -0.9213 0.0000 -0.3889
vn -0.8807 0.0000 -0.4736
vn -0.8766 -0.0911 -0.4725
vn -0.8232 -0.0923 -0.5602
vn -0.8271 0.0000 -0.5620
vn -0.8260 -0.4222 -0.3736
vn -0.8533 -0.4267 -0.2998
vn -0.7902 -0.4185 -0.4477
vn -0.7504 -0.4956 -0.4374
vn -0.7817 -0.5039 -0.3675
vn -0.8062 -0.5117 -0.2968
vn -0.7259 -0.5844 -0.3627
vn -0.7470 -0.5960 -0.2946
vn -0.7001 -0.5714 -0.4281
vn -0.7436 -0.4176 -0.5222
vn -0.7090 -0.4902 -0.5070
vn -0.6672 -0.5596 -0.4917
vn -0.8739 -0.4307 -0.2252
vn -0.8253 -0.5184 -0.2240
vn -0.8392 -0.5233 -0.1480
vn -0.8889 -0.4335 -0.1479
vn -0.8982 -0.4347 -0.0656
vn -0.8480 -0.5258 -0.0661
vn -0.8504 -0.5256 0.0243
vn -0.9005 -0.4342 0.0241
vn -0.7638 -0.6057 -0.2231
vn -0.7762 -0.6129 -0.1480
vn -0.7841 -0.6170 -0.0664
vn -0.7864 -0.6173 0.0245
vn -0.9297 -0.2555 0.2652
vn -0.9024 -0.3395 0.2652
vn -0.8802 -0.3365 0.3346
vn -0.9066 -0.2549 0.3363
vn -0.9256 -0.1724 0.3371
vn -0.9490 -0.1714 0.2646
vn -0.9671 -0.1705 0.1889
vn -0.9478 -0.2557 0.1902
vn -0.9201 -0.3418 0.1914
vn -0.9604 -0.2558 0.1100
vn -0.9326 -0.3432 0.1114
vn -0.9795 -0.1698 0.1088
vn -0.9606 -0.0866 0.2639
vn -0.9373 -0.0878 0.3372
vn -0.9415 0.0000 0.3371
vn -0.9646 0.0000 0.2636
vn -0.9823 0.0000 0.1874
vn -0.9785 -0.0856 0.1879
vn -0.9905 -0.0849 0.1079
vn -0.9942 0.0000 0.1076
vn -0.8455 -0.4181 0.3321
vn -0.8661 -0.4241 0.2646
vn -0.8826 -0.4290 0.1922
vn -0.8340 -0.5171 0.1927
vn -0.8191 -0.5094 0.2637
vn -0.8010 -0.5001 0.3292
vn -0.7451 -0.5816 0.3265
vn -0.7600 -0.5945 0.2626
vn -0.7725 -0.6050 0.1929
vn -0.8946 -0.4323 0.1128
vn -0.8450 -0.5225 0.1139
vn -0.7818 -0.6129 0.1146
vn -0.8206 -0.4116 0.3964
vn -0.8531 -0.3332 0.4015
vn -0.7794 -0.4897 0.3908
vn -0.7536 -0.4793 0.4499
vn -0.7903 -0.4060 0.4590
vn -0.8200 -0.3311 0.4668
vn -0.7529 -0.4036 0.5199
vn -0.7798 -0.3312 0.5312
vn -0.7209 -0.4723 0.5072
vn -0.7278 -0.5670 0.3858
vn -0.7077 -0.5516 0.4414
vn -0.6827 -0.5382 0.4942
vn -0.8782 -0.2541 0.4052
vn -0.8437 -0.2539 0.4729
vn -0.8612 -0.1743 0.4774
vn -0.8966 -0.1732 0.4076
vn -0.9083 -0.0891 0.4088
vn -0.8726 -0.0903 0.4801
vn -0.8767 0.0000 0.4810
vn -0.9124 0.0000 0.4092
vn -0.8019 -0.2547 0.5405
vn -0.8182 -0.1755 0.5474
vn -0.8289 -0.0913 0.5520
vn -0.8328 0.0000 0.5536
vn -0.9297 0.2555 0.2651
vn -0.9066 0.2549 0.3363
vn -0.8802 0.3364 0.3346
vn -0.9024 0.3395 0.2652
vn -0.9201 0.3418 0.1914
vn -0.9478 0.2557 0.1902
vn -0.9671 0.1705 0.1889
vn -0.9490 0.1714 0.2646
vn -0.9256 0.1724 0.3371
vn -0.9606 0.0866 0.2639
vn -0.9373 0.0878 0.3372
vn -0.9785 0.0856 0.1879
vn -0.9604 0.2558 0.1101
vn -0.9326 0.3432 0.1114
vn -0.9386 0.3442 0.0237
vn -0.9664 0.2560 0.0234
vn -0.9852 0.1697 0.0231
vn -0.9794 0.1698 0.1088
vn -0.9905 0.0849 0.1079
vn -0.9962 0.0846 0.0228
vn -0.8531 0.3332 0.4015
vn -0.8782 0.2541 0.4052
vn -0.8966 0.1732 0.4076
vn -0.8612 0.1743 0.4774
vn -0.8437 0.2539 0.4729
vn -0.8200 0.3311 0.4668
vn -0.7798 0.3312 0.5312
vn -0.8019 0.2547 0.5405
vn -0.8182 0.1755 0.5474
vn -0.9083 0.0891 0.4088
vn -0.8726 0.0903 0.4801
vn -0.8289 0.0913 0.5520
vn -0.8206 0.4116 0.3964
vn -0.8455 0.4181 0.3321
vn -0.7903 0.4060 0.4590
vn -0.7536 0.4793 0.4499
vn -0.7794 0.4897 0.3908
vn -0.8010 0.5001 0.3292
vn -0.7278 0.5670 0.3858
vn -0.7451 0.5816 0.3265
vn -0.7077 0.5516 0.4414
vn -0.6515 0.6201 0.4369
vn -0.6649 0.6413 0.3830
vn -0.6772 0.6602 0.3247
vn -0.7529 0.4036 0.5200
vn -0.7209 0.4723 0.5072
vn -0.6827 0.5382 0.4942
vn -0.6367 0.5972 0.4878
vn -0.8661 0.4242 0.2646
vn -0.8191 0.5094 0.2637
vn -0.8340 0.5171 0.1927
vn -0.8826 0.4290 0.1922
vn -0.8946 0.4323 0.1128
vn -0.8450 0.5225 0.1139
vn -0.8504 0.5256 0.0243
vn -0.9005 0.4342 0.0241
vn -0.7600 0.5945 0.2626
vn -0.6881 0.6768 0.2616
vn -0.6971 0.6907 0.1924
vn -0.7725 0.6050 0.1929
vn -0.7818 0.6129 0.1146
vn -0.7039 0.7010 0.1145
vn -0.7071 0.7067 0.0247
vn -0.7864 0.6173 0.0245
vn -0.9391 0.2581 -0.2267
vn -0.9113 0.3439 -0.2263
vn -0.8895 0.3422 -0.3028
vn -0.9166 0.2583 -0.3050
vn -0.9359 0.1740 -0.3063
vn -0.9585 0.1727 -0.2267
vn -0.9743 0.1714 -0.1463
vn -0.9550 0.2575 -0.1471
vn -0.9270 0.3448 -0.1476
vn -0.9643 0.2567 -0.0643
vn -0.9364 0.3448 -0.0650
vn -0.9833 0.1703 -0.0636
vn -0.9701 0.0870 -0.2264
vn -0.9477 0.0884 -0.3068
vn -0.9856 0.0858 -0.1456
vn -0.9944 0.0849 -0.0631
vn -0.8533 0.4267 -0.2998
vn -0.8739 0.4307 -0.2252
vn -0.8889 0.4335 -0.1479
vn -0.8392 0.5233 -0.1480
vn -0.8253 0.5184 -0.2240
vn -0.8063 0.5117 -0.2968
vn -0.7470 0.5960 -0.2946
vn -0.7638 0.6057 -0.2230
vn -0.7762 0.6129 -0.1480
vn -0.6986 0.7001 -0.1479
vn -0.6884 0.6903 -0.2225
vn -0.6748 0.6770 -0.2937
vn -0.8982 0.4347 -0.0656
vn -0.8480 0.5258 -0.0661
vn -0.7841 0.6170 -0.0664
vn -0.7051 0.7060 -0.0665
vn -0.8260 0.4222 -0.3736
vn -0.8604 0.3403 -0.3793
vn -0.7817 0.5039 -0.3675
vn -0.7504 0.4956 -0.4374
vn -0.7902 0.4185 -0.4477
vn -0.8222 0.3396 -0.4568
vn -0.7436 0.4176 -0.5222
vn -0.7725 0.3409 -0.5357
vn -0.7090 0.4902 -0.5070
vn -0.7259 0.5844 -0.3627
vn -0.6582 0.6608 -0.3607
vn -0.6388 0.6418 -0.4242
vn -0.7001 0.5714 -0.4281
vn -0.6672 0.5596 -0.4917
vn -0.6166 0.6202 -0.4849
vn -0.8866 0.2583 -0.3837
vn -0.8472 0.2589 -0.4640
vn -0.8652 0.1767 -0.4693
vn -0.9054 0.1753 -0.3867
vn -0.9171 0.0897 -0.3884
vn -0.8766 0.0911 -0.4725
vn -0.7958 0.2604 -0.5468
vn -0.8125 0.1783 -0.5550
vn -0.8232 0.0923 -0.5602
vn 0.0903 0.9632 0.2534
vn 0.0876 0.9797 0.1802
vn 0.0000 0.9837 0.1796
vn 0.0000 0.9675 0.2528
vn 0.0000 0.9458 0.3248
vn 0.0936 0.9410 0.3251
vn 0.0857 0.9909 0.1037
vn 0.0847 0.9962 0.0220
vn 0.0000 0.9998 0.0219
vn 0.0000 0.9946 0.1033
vn 0.0976 0.9124 0.3974
vn 0.0000 0.9176 0.3976
vn 0.0000 0.8810 0.4731
vn 0.1021 0.8756 0.4722
vn 0.1071 0.8275 0.5512
vn 0.0000 0.8331 0.5532
vn 0.0876 0.9482 -0.3053
vn 0.0000 0.9522 -0.3054
vn 0.0000 0.9746 -0.2241
vn 0.0864 0.9707 -0.2243
vn 0.0000 0.9897 -0.1432
vn 0.0854 0.9860 -0.1435
vn 0.0000 0.9981 -0.0616
vn 0.0847 0.9945 -0.0618
vn 0.0900 0.8768 -0.4723
vn 0.0000 0.8809 -0.4734
vn 0.0000 0.9216 -0.3881
vn 0.0889 0.9175 -0.3876
vn 0.0000 0.8273 -0.5618
vn 0.0908 0.8235 -0.5600
vn -0.2567 0.9400 -0.2249
vn -0.2565 0.9176 -0.3037
vn -0.3401 0.8907 -0.3017
vn -0.3421 0.9124 -0.2247
vn -0.3434 0.9278 -0.1460
vn -0.2564 0.9556 -0.1452
vn -0.1706 0.9747 -0.1443
vn -0.1717 0.9592 -0.2247
vn -0.1727 0.9366 -0.3049
vn -0.0864 0.9707 -0.2243
vn -0.0876 0.9482 -0.3053
vn -0.0854 0.9860 -0.1435
vn -0.2561 0.9646 -0.0632
vn -0.3439 0.9368 -0.0641
vn -0.3446 0.9385 0.0232
vn -0.2565 0.9663 0.0227
vn -0.1699 0.9852 0.0223
vn -0.1697 0.9835 -0.0624
vn -0.0847 0.9945 -0.0618
vn -0.0847 0.9962 0.0220
vn -0.3378 0.8617 -0.3787
vn -0.2562 0.8875 -0.3830
vn -0.1737 0.9060 -0.3860
vn -0.1747 0.8657 -0.4691
vn -0.2562 0.8481 -0.4638
vn -0.3365 0.8236 -0.4567
vn -0.3370 0.7743 -0.5357
vn -0.2570 0.7969 -0.5467
vn -0.1757 0.8132 -0.5548
vn -0.0889 0.9175 -0.3876
vn -0.0900 0.8768 -0.4723
vn -0.0908 0.8235 -0.5600
vn -0.4195 0.8275 -0.3731
vn -0.4244 0.8547 -0.2989
vn -0.4151 0.7921 -0.4476
vn -0.4922 0.7526 -0.4373
vn -0.5011 0.7836 -0.3672
vn -0.5094 0.8079 -0.2962
vn -0.5817 0.7281 -0.3625
vn -0.5937 0.7489 -0.2943
vn -0.5682 0.7028 -0.4281
vn -0.4134 0.7459 -0.5222
vn -0.4860 0.7118 -0.5071
vn -0.5556 0.6704 -0.4917
vn -0.4288 0.8752 -0.2239
vn -0.5164 0.8268 -0.2231
vn -0.5217 0.8404 -0.1471
vn -0.4320 0.8899 -0.1466
vn -0.4338 0.8987 -0.0649
vn -0.5248 0.8487 -0.0656
vn -0.5262 0.8500 0.0242
vn -0.4348 0.9002 0.0237
vn -0.6037 0.7655 -0.2226
vn -0.6112 0.7776 -0.1476
vn -0.6161 0.7849 -0.0662
vn -0.6178 0.7860 0.0245
vn -0.2648 0.9296 0.2562
vn -0.3508 0.9003 0.2576
vn -0.3538 0.8767 0.3259
vn -0.2694 0.9061 0.3261
vn -0.1830 0.9276 0.3257
vn -0.1782 0.9505 0.2547
vn -0.1743 0.9678 0.1817
vn -0.2610 0.9477 0.1837
vn -0.3482 0.9188 0.1858
vn -0.2581 0.9602 0.1065
vn -0.3461 0.9319 0.1084
vn -0.1715 0.9796 0.1049
vn -0.0903 0.9632 0.2534
vn -0.0936 0.9410 0.3251
vn -0.0876 0.9797 0.1802
vn -0.0857 0.9909 0.1037
vn -0.4373 0.8385 0.3251
vn -0.4367 0.8616 0.2586
vn -0.4362 0.8800 0.1878
vn -0.5246 0.8299 0.1897
vn -0.5225 0.8122 0.2595
vn -0.5200 0.7902 0.3243
vn -0.6007 0.7308 0.3242
vn -0.6070 0.7508 0.2605
vn -0.6123 0.7672 0.1913
vn -0.4355 0.8934 0.1104
vn -0.5260 0.8431 0.1122
vn -0.6161 0.7794 0.1137
vn -0.4384 0.8099 0.3897
vn -0.3577 0.8470 0.3931
vn -0.5174 0.7637 0.3859
vn -0.5155 0.7316 0.4460
vn -0.4414 0.7741 0.4539
vn -0.3639 0.8095 0.4607
vn -0.4482 0.7286 0.5180
vn -0.3732 0.7620 0.5293
vn -0.5172 0.6906 0.5055
vn -0.5940 0.7073 0.3832
vn -0.5869 0.6802 0.4392
vn -0.5816 0.6472 0.4929
vn -0.2749 0.8764 0.3955
vn -0.2820 0.8386 0.4660
vn -0.1954 0.8608 0.4698
vn -0.1886 0.8983 0.3969
vn -0.0976 0.9124 0.3974
vn -0.1021 0.8756 0.4722
vn -0.2913 0.7905 0.5388
vn -0.2034 0.8126 0.5462
vn -0.1071 0.8275 0.5512
# 831 vertex normals

vt 0.0720 0.8218 0.0000
vt 0.0849 0.8433 0.0000
vt 0.0640 0.8569 0.0000
vt 0.0504 0.8330 0.0000
vt 0.0393 0.8082 0.0000
vt 0.0614 0.7993 0.0000
vt 0.0801 0.8797 0.0000
vt 0.0529 0.7760 0.0000
vt 0.0307 0.7825 0.0000
vt 0.0245 0.7561 0.0000
vt 0.0468 0.7517 0.0000
vt 0.0208 0.7288 0.0000
vt 0.0430 0.7266 0.0000
vt 0.0195 0.7005 0.0000
vt 0.0417 0.7003 0.0000
vt 0.8883 0.1994 0.0000
vt 0.8982 0.2176 0.0000
vt 0.8804 0.2259 0.0000
vt 0.8710 0.2094 0.0000
vt 0.8601 0.1939 0.0000
vt 0.8768 0.1821 0.0000
vt 0.8951 0.1698 0.0000
vt 0.9073 0.1890 0.0000
vt 0.9175 0.2093 0.0000
vt 0.9280 0.1781 0.0000
vt 0.9387 0.2006 0.0000
vt 0.9152 0.1565 0.0000
vt 0.9361 0.1429 0.0000
vt 0.9497 0.1669 0.0000
vt 0.9608 0.1918 0.0000
vt 0.8639 0.1659 0.0000
vt 0.8480 0.1792 0.0000
vt 0.8350 0.1653 0.0000
vt 0.8497 0.1507 0.0000
vt 0.8656 0.1347 0.0000
vt 0.8811 0.1516 0.0000
vt 0.9002 0.1362 0.0000
vt 0.8832 0.1173 0.0000
vt 0.9015 0.0990 0.0000
vt 0.9201 0.1201 0.0000
vt 0.8883 0.2432 0.0000
vt 0.9062 0.2368 0.0000
vt 0.9258 0.2305 0.0000
vt 0.9318 0.2526 0.0000
vt 0.9122 0.2570 0.0000
vt 0.8942 0.2615 0.0000
vt 0.9159 0.2782 0.0000
vt 0.8978 0.2807 0.0000
vt 0.9356 0.2758 0.0000
vt 0.9368 0.3000 0.0000
vt 0.9169 0.3004 0.0000
vt 0.8986 0.3009 0.0000
vt 0.9471 0.2240 0.0000
vt 0.9694 0.2175 0.0000
vt 0.9756 0.2440 0.0000
vt 0.9533 0.2483 0.0000
vt 0.9570 0.2735 0.0000
vt 0.9793 0.2713 0.0000
vt 0.9805 0.2996 0.0000
vt 0.9583 0.2998 0.0000
vt 0.8718 0.2498 0.0000
vt 0.8640 0.2342 0.0000
vt 0.8776 0.2662 0.0000
vt 0.8625 0.2715 0.0000
vt 0.8565 0.2569 0.0000
vt 0.8488 0.2429 0.0000
vt 0.8346 0.2522 0.0000
vt 0.8423 0.2649 0.0000
vt 0.8486 0.2777 0.0000
vt 0.8360 0.2855 0.0000
vt 0.8291 0.2741 0.0000
vt 0.8211 0.2624 0.0000
vt 0.8812 0.2835 0.0000
vt 0.8819 0.3016 0.0000
vt 0.8671 0.3024 0.0000
vt 0.8662 0.2867 0.0000
vt 0.8531 0.2904 0.0000
vt 0.8545 0.3033 0.0000
vt 0.8456 0.3041 0.0000
vt 0.8417 0.2962 0.0000
vt 0.8549 0.2194 0.0000
vt 0.8399 0.2294 0.0000
vt 0.8301 0.2164 0.0000
vt 0.8446 0.2052 0.0000
vt 0.8333 0.1918 0.0000
vt 0.8194 0.2041 0.0000
vt 0.8080 0.1922 0.0000
vt 0.8212 0.1791 0.0000
vt 0.8259 0.2398 0.0000
vt 0.8124 0.2508 0.0000
vt 0.8030 0.2394 0.0000
vt 0.8163 0.2277 0.0000
vt 0.8060 0.2162 0.0000
vt 0.7931 0.2283 0.0000
vt 0.7826 0.2176 0.0000
vt 0.7952 0.2050 0.0000
vt 0.8010 0.1119 0.0000
vt 0.7909 0.1292 0.0000
vt 0.7745 0.1198 0.0000
vt 0.7828 0.1020 0.0000
vt 0.7912 0.0827 0.0000
vt 0.8115 0.0930 0.0000
vt 0.8307 0.1052 0.0000
vt 0.8183 0.1234 0.0000
vt 0.8065 0.1401 0.0000
vt 0.8345 0.1364 0.0000
vt 0.8211 0.1522 0.0000
vt 0.8488 0.1192 0.0000
vt 0.8225 0.0723 0.0000
vt 0.8000 0.0615 0.0000
vt 0.8088 0.0394 0.0000
vt 0.8337 0.0506 0.0000
vt 0.8577 0.0642 0.0000
vt 0.8439 0.0852 0.0000
vt 0.8643 0.1002 0.0000
vt 0.8805 0.0804 0.0000
vt 0.7662 0.1361 0.0000
vt 0.7810 0.1453 0.0000
vt 0.7951 0.1556 0.0000
vt 0.7839 0.1701 0.0000
vt 0.7709 0.1602 0.0000
vt 0.7574 0.1513 0.0000
vt 0.7605 0.1743 0.0000
vt 0.7481 0.1655 0.0000
vt 0.7725 0.1839 0.0000
vt 0.7609 0.1971 0.0000
vt 0.7495 0.1877 0.0000
vt 0.7379 0.1789 0.0000
vt 0.8085 0.1670 0.0000
vt 0.7962 0.1809 0.0000
vt 0.7841 0.1942 0.0000
vt 0.7719 0.2071 0.0000
vt 0.7506 0.1284 0.0000
vt 0.7572 0.1118 0.0000
vt 0.7435 0.1436 0.0000
vt 0.7289 0.1376 0.0000
vt 0.7342 0.1225 0.0000
vt 0.7390 0.1059 0.0000
vt 0.7197 0.1023 0.0000
vt 0.7169 0.1189 0.0000
vt 0.7137 0.1338 0.0000
vt 0.6979 0.1329 0.0000
vt 0.6988 0.1181 0.0000
vt 0.6995 0.1014 0.0000
vt 0.7354 0.1578 0.0000
vt 0.7262 0.1710 0.0000
vt 0.7148 0.1640 0.0000
vt 0.7226 0.1514 0.0000
vt 0.7099 0.1469 0.0000
vt 0.7042 0.1583 0.0000
vt 0.6963 0.1544 0.0000
vt 0.6970 0.1455 0.0000
vt 0.7637 0.0939 0.0000
vt 0.7435 0.0879 0.0000
vt 0.7479 0.0683 0.0000
vt 0.7701 0.0744 0.0000
vt 0.7766 0.0530 0.0000
vt 0.7523 0.0469 0.0000
vt 0.7567 0.0246 0.0000
vt 0.7831 0.0308 0.0000
vt 0.7223 0.0842 0.0000
vt 0.7001 0.0831 0.0000
vt 0.7005 0.0632 0.0000
vt 0.7247 0.0644 0.0000
vt 0.7271 0.0430 0.0000
vt 0.7008 0.0417 0.0000
vt 0.7010 0.0195 0.0000
vt 0.7294 0.0208 0.0000
vt 0.4622 0.4624 0.0000
vt 0.4721 0.4723 0.0000
vt 0.4630 0.4816 0.0000
vt 0.4528 0.4720 0.0000
vt 0.4815 0.4817 0.0000
vt 0.4724 0.4909 0.0000
vt 0.4906 0.4909 0.0000
vt 0.4816 0.5000 0.0000
vt 0.4997 0.5000 0.0000
vt 0.4417 0.4618 0.0000
vt 0.4291 0.4510 0.0000
vt 0.4396 0.4398 0.0000
vt 0.4514 0.4516 0.0000
vt 0.4148 0.4397 0.0000
vt 0.3958 0.4290 0.0000
vt 0.4012 0.4014 0.0000
vt 0.4268 0.4270 0.0000
vt 0.4920 0.4351 0.0000
vt 0.5024 0.4262 0.0000
vt 0.5108 0.4362 0.0000
vt 0.5008 0.4453 0.0000
vt 0.5194 0.4456 0.0000
vt 0.5096 0.4547 0.0000
vt 0.5001 0.4637 0.0000
vt 0.4910 0.4542 0.0000
vt 0.4818 0.4440 0.0000
vt 0.4814 0.4632 0.0000
vt 0.4718 0.4530 0.0000
vt 0.4907 0.4727 0.0000
vt 0.5184 0.4637 0.0000
vt 0.5280 0.4544 0.0000
vt 0.5366 0.4631 0.0000
vt 0.5272 0.4725 0.0000
vt 0.5179 0.4818 0.0000
vt 0.5090 0.4728 0.0000
vt 0.4998 0.4819 0.0000
vt 0.5088 0.4909 0.0000
vt 0.4832 0.4238 0.0000
vt 0.4942 0.4153 0.0000
vt 0.4723 0.4326 0.0000
vt 0.4626 0.4196 0.0000
vt 0.4745 0.4109 0.0000
vt 0.4865 0.4029 0.0000
vt 0.4663 0.3958 0.0000
vt 0.4795 0.3886 0.0000
vt 0.4528 0.4043 0.0000
vt 0.4442 0.3855 0.0000
vt 0.4595 0.3779 0.0000
vt 0.4743 0.3719 0.0000
vt 0.4616 0.4419 0.0000
vt 0.4509 0.4293 0.0000
vt 0.4396 0.4150 0.0000
vt 0.4288 0.3960 0.0000
vt 0.5129 0.4173 0.0000
vt 0.5051 0.4069 0.0000
vt 0.4981 0.3952 0.0000
vt 0.5092 0.3875 0.0000
vt 0.5159 0.3982 0.0000
vt 0.5235 0.4081 0.0000
vt 0.5340 0.3983 0.0000
vt 0.5265 0.3890 0.0000
vt 0.5198 0.3794 0.0000
vt 0.5296 0.3702 0.0000
vt 0.5368 0.3788 0.0000
vt 0.5445 0.3877 0.0000
vt 0.4921 0.3819 0.0000
vt 0.4880 0.3667 0.0000
vt 0.5004 0.3622 0.0000
vt 0.5037 0.3756 0.0000
vt 0.5142 0.3694 0.0000
vt 0.5112 0.3584 0.0000
vt 0.5189 0.3558 0.0000
vt 0.5234 0.3620 0.0000
vt 0.5210 0.4270 0.0000
vt 0.5314 0.4174 0.0000
vt 0.5396 0.4263 0.0000
vt 0.5294 0.4361 0.0000
vt 0.5378 0.4449 0.0000
vt 0.5479 0.4350 0.0000
vt 0.5563 0.4435 0.0000
vt 0.5463 0.4534 0.0000
vt 0.5419 0.4073 0.0000
vt 0.5525 0.3965 0.0000
vt 0.5607 0.4052 0.0000
vt 0.5500 0.4160 0.0000
vt 0.5583 0.4246 0.0000
vt 0.5691 0.4138 0.0000
vt 0.5775 0.4223 0.0000
vt 0.5667 0.4331 0.0000
vt 0.5635 0.4889 0.0000
vt 0.5735 0.4974 0.0000
vt 0.5646 0.5078 0.0000
vt 0.5544 0.4989 0.0000
vt 0.5557 0.5180 0.0000
vt 0.5455 0.5087 0.0000
vt 0.5360 0.4997 0.0000
vt 0.5450 0.4901 0.0000
vt 0.5541 0.4804 0.0000
vt 0.5360 0.4813 0.0000
vt 0.5453 0.4717 0.0000
vt 0.5269 0.4907 0.0000
vt 0.5466 0.5279 0.0000
vt 0.5365 0.5183 0.0000
vt 0.5373 0.5376 0.0000
vt 0.5274 0.5276 0.0000
vt 0.5180 0.5182 0.0000
vt 0.5270 0.5091 0.0000
vt 0.5178 0.4999 0.0000
vt 0.5088 0.5091 0.0000
vt 0.5727 0.4788 0.0000
vt 0.5824 0.4869 0.0000
vt 0.5636 0.4704 0.0000
vt 0.5734 0.4602 0.0000
vt 0.5823 0.4684 0.0000
vt 0.5917 0.4764 0.0000
vt 0.5925 0.4580 0.0000
vt 0.6015 0.4659 0.0000
vt 0.5837 0.4498 0.0000
vt 0.5946 0.4391 0.0000
vt 0.6033 0.4474 0.0000
vt 0.6121 0.4554 0.0000
vt 0.5549 0.4620 0.0000
vt 0.5648 0.4519 0.0000
vt 0.5751 0.4415 0.0000
vt 0.5860 0.4308 0.0000
vt 0.5844 0.5056 0.0000
vt 0.5928 0.4947 0.0000
vt 0.6015 0.4839 0.0000
vt 0.6122 0.4906 0.0000
vt 0.6044 0.5018 0.0000
vt 0.5967 0.5134 0.0000
vt 0.6111 0.5203 0.0000
vt 0.6177 0.5078 0.0000
vt 0.6241 0.4961 0.0000
vt 0.6375 0.4995 0.0000
vt 0.6329 0.5119 0.0000
vt 0.6277 0.5256 0.0000
vt 0.6108 0.4734 0.0000
vt 0.6209 0.4631 0.0000
vt 0.6295 0.4703 0.0000
vt 0.6203 0.4801 0.0000
vt 0.6303 0.4856 0.0000
vt 0.6377 0.4765 0.0000
vt 0.6439 0.4810 0.0000
vt 0.6412 0.4887 0.0000
vt 0.5758 0.5166 0.0000
vt 0.5887 0.5253 0.0000
vt 0.5800 0.5372 0.0000
vt 0.5670 0.5275 0.0000
vt 0.5578 0.5381 0.0000
vt 0.5703 0.5489 0.0000
vt 0.5598 0.5601 0.0000
vt 0.5481 0.5484 0.0000
vt 0.6038 0.5336 0.0000
vt 0.6217 0.5404 0.0000
vt 0.6141 0.5557 0.0000
vt 0.5953 0.5470 0.0000
vt 0.5846 0.5602 0.0000
vt 0.6036 0.5710 0.0000
vt 0.5982 0.5986 0.0000
vt 0.5725 0.5729 0.0000
vt 0.7454 0.5286 0.0000
vt 0.7188 0.5378 0.0000
vt 0.7151 0.5185 0.0000
vt 0.7389 0.5092 0.0000
vt 0.7622 0.4972 0.0000
vt 0.7714 0.5162 0.0000
vt 0.7811 0.5371 0.0000
vt 0.7521 0.5499 0.0000
vt 0.7224 0.5589 0.0000
vt 0.7591 0.5733 0.0000
vt 0.7262 0.5821 0.0000
vt 0.7915 0.5601 0.0000
vt 0.8023 0.5842 0.0000
vt 0.7664 0.5977 0.0000
vt 0.7300 0.6064 0.0000
vt 0.7962 0.5010 0.0000
vt 0.7846 0.4828 0.0000
vt 0.8057 0.4664 0.0000
vt 0.8195 0.4832 0.0000
vt 0.8347 0.5017 0.0000
vt 0.8088 0.5209 0.0000
vt 0.8226 0.5430 0.0000
vt 0.8514 0.5221 0.0000
vt 0.8689 0.5435 0.0000
vt 0.8369 0.5660 0.0000
vt 0.6914 0.5248 0.0000
vt 0.6924 0.5435 0.0000
vt 0.6930 0.5640 0.0000
vt 0.6645 0.5651 0.0000
vt 0.6668 0.5458 0.0000
vt 0.6685 0.5281 0.0000
vt 0.6471 0.5283 0.0000
vt 0.6430 0.5446 0.0000
vt 0.6376 0.5620 0.0000
vt 0.6934 0.5866 0.0000
vt 0.6938 0.6102 0.0000
vt 0.6578 0.6081 0.0000
vt 0.6613 0.5862 0.0000
vt 0.6303 0.5803 0.0000
vt 0.6219 0.5990 0.0000
vt 0.6900 0.5077 0.0000
vt 0.7111 0.5009 0.0000
vt 0.6696 0.5120 0.0000
vt 0.6697 0.4973 0.0000
vt 0.6878 0.4922 0.0000
vt 0.7067 0.4848 0.0000
vt 0.6845 0.4780 0.0000
vt 0.7015 0.4701 0.0000
vt 0.6685 0.4840 0.0000
vt 0.6654 0.4722 0.0000
vt 0.6799 0.4652 0.0000
vt 0.6955 0.4568 0.0000
vt 0.6504 0.5133 0.0000
vt 0.6528 0.4998 0.0000
vt 0.6540 0.4878 0.0000
vt 0.6528 0.4776 0.0000
vt 0.7324 0.4915 0.0000
vt 0.7258 0.4753 0.0000
vt 0.7449 0.4639 0.0000
vt 0.7535 0.4798 0.0000
vt 0.7736 0.4662 0.0000
vt 0.7633 0.4509 0.0000
vt 0.7809 0.4366 0.0000
vt 0.7928 0.4509 0.0000
vt 0.7189 0.4605 0.0000
vt 0.7115 0.4470 0.0000
vt 0.7277 0.4360 0.0000
vt 0.7363 0.4494 0.0000
vt 0.7533 0.4369 0.0000
vt 0.7436 0.4238 0.0000
vt 0.7591 0.4107 0.0000
vt 0.7697 0.4233 0.0000
vt 0.8766 0.4195 0.0000
vt 0.8586 0.4086 0.0000
vt 0.8719 0.3872 0.0000
vt 0.8905 0.3958 0.0000
vt 0.9107 0.4049 0.0000
vt 0.8962 0.4311 0.0000
vt 0.8786 0.4563 0.0000
vt 0.8600 0.4422 0.0000
vt 0.8430 0.4291 0.0000
vt 0.8409 0.4636 0.0000
vt 0.8252 0.4484 0.0000
vt 0.8580 0.4800 0.0000
vt 0.9178 0.4434 0.0000
vt 0.9328 0.4144 0.0000
vt 0.9558 0.4242 0.0000
vt 0.9403 0.4561 0.0000
vt 0.9206 0.4872 0.0000
vt 0.8992 0.4715 0.0000
vt 0.8770 0.4980 0.0000
vt 0.8968 0.5168 0.0000
vt 0.8550 0.3789 0.0000
vt 0.8423 0.3981 0.0000
vt 0.8275 0.4167 0.0000
vt 0.8132 0.4050 0.0000
vt 0.8273 0.3880 0.0000
vt 0.8396 0.3705 0.0000
vt 0.8256 0.3620 0.0000
vt 0.8135 0.3779 0.0000
vt 0.8000 0.3936 0.0000
vt 0.7878 0.3825 0.0000
vt 0.8009 0.3678 0.0000
vt 0.8129 0.3530 0.0000
vt 0.8109 0.4344 0.0000
vt 0.7977 0.4212 0.0000
vt 0.7854 0.4088 0.0000
vt 0.7738 0.3969 0.0000
vt 0.8657 0.3594 0.0000
vt 0.8828 0.3655 0.0000
vt 0.8502 0.3531 0.0000
vt 0.8585 0.3358 0.0000
vt 0.8739 0.3398 0.0000
vt 0.8909 0.3436 0.0000
vt 0.8794 0.3205 0.0000
vt 0.8963 0.3220 0.0000
vt 0.8643 0.3189 0.0000
vt 0.8362 0.3462 0.0000
vt 0.8236 0.3385 0.0000
vt 0.8329 0.3249 0.0000
vt 0.8448 0.3310 0.0000
vt 0.8513 0.3168 0.0000
vt 0.8405 0.3128 0.0000
vt 0.9015 0.3717 0.0000
vt 0.9096 0.3475 0.0000
vt 0.9300 0.3516 0.0000
vt 0.9219 0.3782 0.0000
vt 0.9442 0.3851 0.0000
vt 0.9521 0.3559 0.0000
vt 0.9751 0.3603 0.0000
vt 0.9673 0.3921 0.0000
vt 0.9148 0.3236 0.0000
vt 0.9349 0.3254 0.0000
vt 0.9567 0.3273 0.0000
vt 0.9793 0.3294 0.0000
vt 0.7479 0.3147 0.0000
vt 0.7609 0.3012 0.0000
vt 0.7707 0.3120 0.0000
vt 0.7580 0.3254 0.0000
vt 0.7450 0.3389 0.0000
vt 0.7348 0.3281 0.0000
vt 0.7246 0.3173 0.0000
vt 0.7378 0.3039 0.0000
vt 0.7509 0.2905 0.0000
vt 0.7276 0.2932 0.0000
vt 0.7409 0.2799 0.0000
vt 0.7144 0.3066 0.0000
vt 0.7040 0.2961 0.0000
vt 0.7174 0.2827 0.0000
vt 0.7307 0.2694 0.0000
vt 0.7216 0.3414 0.0000
vt 0.7318 0.3522 0.0000
vt 0.7183 0.3652 0.0000
vt 0.7082 0.3544 0.0000
vt 0.6980 0.3438 0.0000
vt 0.7113 0.3306 0.0000
vt 0.7010 0.3199 0.0000
vt 0.6877 0.3332 0.0000
vt 0.6773 0.3227 0.0000
vt 0.6906 0.3094 0.0000
vt 0.7833 0.2987 0.0000
vt 0.7737 0.2880 0.0000
vt 0.7640 0.2773 0.0000
vt 0.7770 0.2642 0.0000
vt 0.7865 0.2751 0.0000
vt 0.7957 0.2859 0.0000
vt 0.8083 0.2737 0.0000
vt 0.7994 0.2626 0.0000
vt 0.7900 0.2516 0.0000
vt 0.7541 0.2666 0.0000
vt 0.7439 0.2562 0.0000
vt 0.7570 0.2431 0.0000
vt 0.7671 0.2536 0.0000
vt 0.7801 0.2408 0.0000
vt 0.7699 0.2303 0.0000
vt 0.7927 0.3094 0.0000
vt 0.7806 0.3227 0.0000
vt 0.8046 0.2967 0.0000
vt 0.8135 0.3071 0.0000
vt 0.8024 0.3198 0.0000
vt 0.7908 0.3332 0.0000
vt 0.8125 0.3296 0.0000
vt 0.8014 0.3433 0.0000
vt 0.8227 0.3167 0.0000
vt 0.8166 0.2848 0.0000
vt 0.8245 0.2955 0.0000
vt 0.8320 0.3052 0.0000
vt 0.7681 0.3362 0.0000
vt 0.7786 0.3469 0.0000
vt 0.7657 0.3606 0.0000
vt 0.7553 0.3497 0.0000
vt 0.7420 0.3631 0.0000
vt 0.7524 0.3742 0.0000
vt 0.7385 0.3873 0.0000
vt 0.7284 0.3762 0.0000
vt 0.7894 0.3574 0.0000
vt 0.7765 0.3715 0.0000
vt 0.7629 0.3854 0.0000
vt 0.7487 0.3988 0.0000
vt 0.6672 0.3915 0.0000
vt 0.6766 0.4017 0.0000
vt 0.6628 0.4130 0.0000
vt 0.6536 0.4032 0.0000
vt 0.6442 0.3936 0.0000
vt 0.6575 0.3815 0.0000
vt 0.6710 0.3692 0.0000
vt 0.6809 0.3794 0.0000
vt 0.6906 0.3899 0.0000
vt 0.6946 0.3671 0.0000
vt 0.7046 0.3778 0.0000
vt 0.6845 0.3566 0.0000
vt 0.6478 0.3717 0.0000
vt 0.6348 0.3841 0.0000
vt 0.6253 0.3746 0.0000
vt 0.6380 0.3619 0.0000
vt 0.6510 0.3489 0.0000
vt 0.6610 0.3590 0.0000
vt 0.6743 0.3462 0.0000
vt 0.6641 0.3359 0.0000
vt 0.6717 0.4231 0.0000
vt 0.6859 0.4122 0.0000
vt 0.7002 0.4007 0.0000
vt 0.7097 0.4119 0.0000
vt 0.6949 0.4231 0.0000
vt 0.6803 0.4336 0.0000
vt 0.6883 0.4447 0.0000
vt 0.7035 0.4346 0.0000
vt 0.7188 0.4236 0.0000
vt 0.7144 0.3887 0.0000
vt 0.7242 0.3999 0.0000
vt 0.7339 0.4116 0.0000
vt 0.6579 0.4334 0.0000
vt 0.6492 0.4240 0.0000
vt 0.6662 0.4433 0.0000
vt 0.6528 0.4524 0.0000
vt 0.6447 0.4434 0.0000
vt 0.6361 0.4346 0.0000
vt 0.6323 0.4532 0.0000
vt 0.6237 0.4450 0.0000
vt 0.6405 0.4612 0.0000
vt 0.6736 0.4538 0.0000
vt 0.6599 0.4618 0.0000
vt 0.6478 0.4690 0.0000
vt 0.6402 0.4146 0.0000
vt 0.6273 0.4258 0.0000
vt 0.6184 0.4169 0.0000
vt 0.6311 0.4054 0.0000
vt 0.6220 0.3962 0.0000
vt 0.6095 0.4081 0.0000
vt 0.6006 0.3992 0.0000
vt 0.6128 0.3871 0.0000
vt 0.6150 0.4367 0.0000
vt 0.6062 0.4282 0.0000
vt 0.5975 0.4196 0.0000
vt 0.5888 0.4110 0.0000
vt 0.6085 0.3327 0.0000
vt 0.5967 0.3463 0.0000
vt 0.5869 0.3370 0.0000
vt 0.5983 0.3232 0.0000
vt 0.6101 0.3092 0.0000
vt 0.6205 0.3190 0.0000
vt 0.6308 0.3289 0.0000
vt 0.6184 0.3423 0.0000
vt 0.6063 0.3556 0.0000
vt 0.6283 0.3521 0.0000
vt 0.6158 0.3651 0.0000
vt 0.6409 0.3389 0.0000
vt 0.6329 0.3053 0.0000
vt 0.6222 0.2953 0.0000
vt 0.6348 0.2816 0.0000
vt 0.6456 0.2917 0.0000
vt 0.6563 0.3020 0.0000
vt 0.6434 0.3154 0.0000
vt 0.6538 0.3256 0.0000
vt 0.6668 0.3123 0.0000
vt 0.5759 0.3506 0.0000
vt 0.5853 0.3596 0.0000
vt 0.5945 0.3687 0.0000
vt 0.5829 0.3814 0.0000
vt 0.5741 0.3725 0.0000
vt 0.5653 0.3637 0.0000
vt 0.5548 0.3761 0.0000
vt 0.5632 0.3848 0.0000
vt 0.5717 0.3936 0.0000
vt 0.6036 0.3779 0.0000
vt 0.5918 0.3903 0.0000
vt 0.5802 0.4023 0.0000
vt 0.5665 0.3419 0.0000
vt 0.5769 0.3280 0.0000
vt 0.5565 0.3551 0.0000
vt 0.5475 0.3470 0.0000
vt 0.5567 0.3336 0.0000
vt 0.5664 0.3195 0.0000
vt 0.5462 0.3261 0.0000
vt 0.5552 0.3114 0.0000
vt 0.5381 0.3398 0.0000
vt 0.5278 0.3343 0.0000
vt 0.5347 0.3199 0.0000
vt 0.5432 0.3043 0.0000
vt 0.5467 0.3675 0.0000
vt 0.5387 0.3593 0.0000
vt 0.5309 0.3519 0.0000
vt 0.5224 0.3469 0.0000
vt 0.5878 0.3139 0.0000
vt 0.5769 0.3049 0.0000
vt 0.5881 0.2902 0.0000
vt 0.5993 0.2996 0.0000
vt 0.6113 0.2854 0.0000
vt 0.6001 0.2756 0.0000
vt 0.6128 0.2613 0.0000
vt 0.6239 0.2715 0.0000
vt 0.5654 0.2963 0.0000
vt 0.5530 0.2882 0.0000
vt 0.5641 0.2721 0.0000
vt 0.5765 0.2810 0.0000
vt 0.5885 0.2659 0.0000
vt 0.5763 0.2562 0.0000
vt 0.5894 0.2408 0.0000
vt 0.6013 0.2511 0.0000
vt 0.6855 0.2521 0.0000
vt 0.6747 0.2420 0.0000
vt 0.6882 0.2293 0.0000
vt 0.6989 0.2392 0.0000
vt 0.7096 0.2491 0.0000
vt 0.6962 0.2622 0.0000
vt 0.6828 0.2754 0.0000
vt 0.6720 0.2652 0.0000
vt 0.6612 0.2550 0.0000
vt 0.6587 0.2784 0.0000
vt 0.6479 0.2681 0.0000
vt 0.6694 0.2886 0.0000
vt 0.7068 0.2724 0.0000
vt 0.7202 0.2592 0.0000
vt 0.6934 0.2857 0.0000
vt 0.6801 0.2990 0.0000
vt 0.6775 0.2193 0.0000
vt 0.6640 0.2318 0.0000
vt 0.6504 0.2447 0.0000
vt 0.6395 0.2342 0.0000
vt 0.6533 0.2214 0.0000
vt 0.6670 0.2092 0.0000
vt 0.6569 0.1985 0.0000
vt 0.6428 0.2105 0.0000
vt 0.6286 0.2234 0.0000
vt 0.6177 0.2120 0.0000
vt 0.6325 0.1990 0.0000
vt 0.6473 0.1870 0.0000
vt 0.6370 0.2579 0.0000
vt 0.6260 0.2475 0.0000
vt 0.6148 0.2370 0.0000
vt 0.6033 0.2260 0.0000
vt 0.6908 0.2073 0.0000
vt 0.7015 0.2167 0.0000
vt 0.6805 0.1976 0.0000
vt 0.6932 0.1865 0.0000
vt 0.7035 0.1954 0.0000
vt 0.7143 0.2043 0.0000
vt 0.7154 0.1834 0.0000
vt 0.7265 0.1918 0.0000
vt 0.7048 0.1755 0.0000
vt 0.6707 0.1874 0.0000
vt 0.6618 0.1763 0.0000
vt 0.6754 0.1671 0.0000
vt 0.6836 0.1773 0.0000
vt 0.6951 0.1680 0.0000
vt 0.6876 0.1595 0.0000
vt 0.7122 0.2263 0.0000
vt 0.7251 0.2136 0.0000
vt 0.7359 0.2231 0.0000
vt 0.7229 0.2361 0.0000
vt 0.7335 0.2460 0.0000
vt 0.7466 0.2330 0.0000
vt 0.7376 0.2007 0.0000
vt 0.7486 0.2102 0.0000
vt 0.7594 0.2200 0.0000
vt 0.2403 0.4269 0.0000
vt 0.2080 0.4400 0.0000
vt 0.1971 0.4160 0.0000
vt 0.2330 0.4025 0.0000
vt 0.2694 0.3937 0.0000
vt 0.2733 0.4180 0.0000
vt 0.1769 0.4572 0.0000
vt 0.1482 0.4781 0.0000
vt 0.1307 0.4568 0.0000
vt 0.1626 0.4342 0.0000
vt 0.3060 0.4135 0.0000
vt 0.3056 0.3899 0.0000
vt 0.3416 0.3919 0.0000
vt 0.3381 0.4139 0.0000
vt 0.3691 0.4197 0.0000
vt 0.3775 0.4010 0.0000
vt 0.0670 0.5858 0.0000
vt 0.0440 0.5760 0.0000
vt 0.0595 0.5441 0.0000
vt 0.0820 0.5568 0.0000
vt 0.0791 0.5131 0.0000
vt 0.1005 0.5287 0.0000
vt 0.1028 0.4835 0.0000
vt 0.1227 0.5022 0.0000
vt 0.0478 0.6443 0.0000
vt 0.0248 0.6399 0.0000
vt 0.0325 0.6082 0.0000
vt 0.0557 0.6151 0.0000
vt 0.0206 0.6708 0.0000
vt 0.0432 0.6728 0.0000
vt 0.5809 0.1232 0.0000
vt 0.6046 0.1094 0.0000
vt 0.6132 0.1279 0.0000
vt 0.5918 0.1412 0.0000
vt 0.5712 0.1568 0.0000
vt 0.5581 0.1397 0.0000
vt 0.5441 0.1210 0.0000
vt 0.5693 0.1035 0.0000
vt 0.5956 0.0891 0.0000
vt 0.5570 0.0819 0.0000
vt 0.5861 0.0670 0.0000
vt 0.5289 0.1005 0.0000
vt 0.5132 0.0790 0.0000
vt 0.5443 0.0594 0.0000
vt 0.5763 0.0439 0.0000
vt 0.5367 0.1588 0.0000
vt 0.5518 0.1745 0.0000
vt 0.5338 0.1940 0.0000
vt 0.5170 0.1801 0.0000
vt 0.4985 0.1649 0.0000
vt 0.5203 0.1416 0.0000
vt 0.5023 0.1226 0.0000
vt 0.4781 0.1482 0.0000
vt 0.4568 0.1306 0.0000
vt 0.4836 0.1028 0.0000
vt 0.6349 0.1171 0.0000
vt 0.6287 0.0984 0.0000
vt 0.6222 0.0779 0.0000
vt 0.6489 0.0699 0.0000
vt 0.6530 0.0903 0.0000
vt 0.6568 0.1090 0.0000
vt 0.6784 0.1037 0.0000
vt 0.6769 0.0852 0.0000
vt 0.6751 0.0650 0.0000
vt 0.6155 0.0556 0.0000
vt 0.6085 0.0324 0.0000
vt 0.6403 0.0247 0.0000
vt 0.6447 0.0477 0.0000
vt 0.6732 0.0432 0.0000
vt 0.6712 0.0206 0.0000
vt 0.6410 0.1342 0.0000
vt 0.6215 0.1448 0.0000
vt 0.6605 0.1260 0.0000
vt 0.6646 0.1414 0.0000
vt 0.6473 0.1497 0.0000
vt 0.6298 0.1602 0.0000
vt 0.6541 0.1638 0.0000
vt 0.6383 0.1743 0.0000
vt 0.6693 0.1551 0.0000
vt 0.6799 0.1206 0.0000
vt 0.6815 0.1356 0.0000
vt 0.6835 0.1487 0.0000
vt 0.6022 0.1576 0.0000
vt 0.6123 0.1726 0.0000
vt 0.5952 0.1866 0.0000
vt 0.5835 0.1723 0.0000
vt 0.5659 0.1889 0.0000
vt 0.5790 0.2021 0.0000
vt 0.5636 0.2188 0.0000
vt 0.5493 0.2069 0.0000
vt 0.6223 0.1863 0.0000
vt 0.6066 0.1998 0.0000
vt 0.5914 0.2144 0.0000
vt 0.5769 0.2301 0.0000
vt 0.4715 0.2542 0.0000
vt 0.4909 0.2607 0.0000
vt 0.4816 0.2845 0.0000
vt 0.4623 0.2808 0.0000
vt 0.4411 0.2771 0.0000
vt 0.4502 0.2475 0.0000
vt 0.4630 0.2185 0.0000
vt 0.4839 0.2282 0.0000
vt 0.5029 0.2374 0.0000
vt 0.4992 0.2034 0.0000
vt 0.5174 0.2151 0.0000
vt 0.4793 0.1908 0.0000
vt 0.4268 0.2404 0.0000
vt 0.4179 0.2733 0.0000
vt 0.3936 0.2695 0.0000
vt 0.4024 0.2330 0.0000
vt 0.4160 0.1971 0.0000
vt 0.4400 0.2080 0.0000
vt 0.4572 0.1769 0.0000
vt 0.4342 0.1625 0.0000
vt 0.4992 0.2885 0.0000
vt 0.5086 0.2672 0.0000
vt 0.5203 0.2462 0.0000
vt 0.5361 0.2548 0.0000
vt 0.5247 0.2738 0.0000
vt 0.5152 0.2930 0.0000
vt 0.5299 0.2982 0.0000
vt 0.5395 0.2808 0.0000
vt 0.5507 0.2634 0.0000
vt 0.5340 0.2261 0.0000
vt 0.5492 0.2365 0.0000
vt 0.5633 0.2464 0.0000
vt 0.4922 0.3096 0.0000
vt 0.4752 0.3082 0.0000
vt 0.5078 0.3119 0.0000
vt 0.5027 0.3300 0.0000
vt 0.4880 0.3301 0.0000
vt 0.4718 0.3311 0.0000
vt 0.4866 0.3492 0.0000
vt 0.4716 0.3525 0.0000
vt 0.5001 0.3469 0.0000
vt 0.5219 0.3152 0.0000
vt 0.5159 0.3312 0.0000
vt 0.5121 0.3457 0.0000
vt 0.4565 0.3072 0.0000
vt 0.4541 0.3327 0.0000
vt 0.4348 0.3351 0.0000
vt 0.4359 0.3066 0.0000
vt 0.4134 0.3061 0.0000
vt 0.4137 0.3382 0.0000
vt 0.3918 0.3417 0.0000
vt 0.3898 0.3057 0.0000
vt 0.4553 0.3566 0.0000
vt 0.4379 0.3619 0.0000
vt 0.4196 0.3693 0.0000
vt 0.4008 0.3776 0.0000
# 854 texture coords

o default001
g default001
usemtl _10858_egg_v2_L3_eggegg_egg_jpg
s 1
f 1/1/1 2/2/2 3/3/3 4/4/4 
f 4/4/4 5/5/5 6/6/6 1/1/1 
f 7/7/7 3/3/3 2/2/2 
f 8/8/8 6/6/6 5/5/5 9/9/9 
f 9/9/9 10/10/10 11/11/11 8/8/8 
f 10/10/10 12/12/12 13/13/13 11/11/11 
f 14/14/14 15/15/15 13/13/13 12/12/12 
f 16/16/16 17/17/17 18/18/18 19/19/19 
f 19/19/19 20/20/20 21/21/21 16/16/16 
f 16/16/16 21/21/21 22/22/22 23/23/23 
f 23/23/23 24/24/24 17/17/17 16/16/16 
f 25/25/25 26/26/26 24/24/24 23/23/23 
f 23/23/23 22/22/22 27/27/27 25/25/25 
f 25/25/25 27/27/27 28/28/28 29/29/29 
f 29/29/29 30/30/30 26/26/26 25/25/25 
f 31/31/31 21/21/21 20/20/20 32/32/32 
f 32/32/32 33/33/33 34/34/34 31/31/31 
f 31/31/31 34/34/34 35/35/35 36/36/36 
f 36/36/36 22/22/22 21/21/21 31/31/31 
f 37/37/37 27/27/27 22/22/22 36/36/36 
f 36/36/36 35/35/35 38/38/38 37/37/37 
f 39/39/39 40/40/40 37/37/37 38/38/38 
f 40/40/40 28/28/28 27/27/27 37/37/37 
f 41/41/41 18/18/18 17/17/17 42/42/42 
f 42/42/42 17/17/17 24/24/24 43/43/43 
f 43/43/43 44/44/44 45/45/45 42/42/42 
f 42/42/42 45/45/45 46/46/46 41/41/41 
f 47/47/47 48/48/48 46/46/46 45/45/45 
f 44/44/44 49/49/49 47/47/47 45/45/45 
f 47/47/47 49/49/49 50/50/50 51/51/51 
f 51/51/51 52/52/52 48/48/48 47/47/47 
f 43/43/43 24/24/24 26/26/26 53/53/53 
f 53/53/53 26/26/26 30/30/30 54/54/54 
f 54/54/54 55/55/55 56/56/56 53/53/53 
f 53/53/53 56/56/56 44/44/44 43/43/43 
f 44/44/44 56/56/56 57/57/57 49/49/49 
f 55/55/55 58/58/58 57/57/57 56/56/56 
f 59/59/59 60/60/60 57/57/57 58/58/58 
f 60/60/60 50/50/50 49/49/49 57/57/57 
f 61/61/61 62/62/62 18/18/18 41/41/41 
f 46/46/46 63/63/63 61/61/61 41/41/41 
f 63/63/63 64/64/64 65/65/65 61/61/61 
f 66/66/66 62/62/62 61/61/61 65/65/65 
f 67/67/67 66/66/66 65/65/65 68/68/68 
f 68/68/68 65/65/65 64/64/64 69/69/69 
f 69/69/69 70/70/70 71/71/71 68/68/68 
f 68/68/68 71/71/71 72/72/72 67/67/67 
f 63/63/63 46/46/46 48/48/48 73/73/73 
f 73/73/73 48/48/48 52/52/52 74/74/74 
f 74/74/74 75/75/75 76/76/76 73/73/73 
f 73/73/73 76/76/76 64/64/64 63/63/63 
f 69/69/69 64/64/64 76/76/76 77/77/77 
f 77/77/77 76/76/76 75/75/75 78/78/78 
f 78/78/78 79/79/79 80/80/80 77/77/77 
f 77/77/77 80/80/80 70/70/70 69/69/69 
f 19/19/19 18/18/18 62/62/62 81/81/81 
f 81/81/81 62/62/62 66/66/66 82/82/82 
f 82/82/82 83/83/83 84/84/84 81/81/81 
f 81/81/81 84/84/84 20/20/20 19/19/19 
f 32/32/32 20/20/20 84/84/84 85/85/85 
f 85/85/85 84/84/84 83/83/83 86/86/86 
f 86/86/86 87/87/87 88/88/88 85/85/85 
f 85/85/85 88/88/88 33/33/33 32/32/32 
f 89/89/89 82/82/82 66/66/66 67/67/67 
f 67/67/67 72/72/72 90/90/90 89/89/89 
f 89/89/89 90/90/90 91/91/91 92/92/92 
f 83/83/83 82/82/82 89/89/89 92/92/92 
f 83/83/83 92/92/92 93/93/93 86/86/86 
f 92/92/92 91/91/91 94/94/94 93/93/93 
f 95/95/95 96/96/96 93/93/93 94/94/94 
f 87/87/87 86/86/86 93/93/93 96/96/96 
f 97/97/97 98/98/98 99/99/99 100/100/100 
f 100/100/100 101/101/101 102/102/102 97/97/97 
f 97/97/97 102/102/102 103/103/103 104/104/104 
f 104/104/104 105/105/105 98/98/98 97/97/97 
f 106/106/106 107/107/107 105/105/105 104/104/104 
f 104/104/104 103/103/103 108/108/108 106/106/106 
f 106/106/106 108/108/108 35/35/35 34/34/34 
f 34/34/34 33/33/33 107/107/107 106/106/106 
f 109/109/109 102/102/102 101/101/101 110/110/110 
f 110/110/110 5/111/5 4/112/4 109/109/109 
f 109/109/109 4/112/4 3/113/3 111/114/111 
f 111/114/111 103/103/103 102/102/102 109/109/109 
f 112/115/112 108/108/108 103/103/103 111/114/111 
f 111/114/111 3/113/3 7/116/7 112/115/112 
f 39/39/39 38/38/38 112/115/112 7/116/7 
f 38/38/38 35/35/35 108/108/108 112/115/112 
f 113/117/113 99/99/99 98/98/98 114/118/114 
f 114/118/114 98/98/98 105/105/105 115/119/115 
f 115/119/115 116/120/116 117/121/117 114/118/114 
f 114/118/114 117/121/117 118/122/118 113/117/113 
f 119/123/119 120/124/120 118/122/118 117/121/117 
f 116/120/116 121/125/121 119/123/119 117/121/117 
f 119/123/119 121/125/121 122/126/122 123/127/123 
f 123/127/123 124/128/124 120/124/120 119/123/119 
f 115/119/115 105/105/105 107/107/107 125/129/125 
f 125/129/125 107/107/107 33/33/33 88/88/88 
f 88/88/88 87/87/87 126/130/126 125/129/125 
f 125/129/125 126/130/126 116/120/116 115/119/115 
f 116/120/116 126/130/126 127/131/127 121/125/121 
f 87/87/87 96/96/96 127/131/127 126/130/126 
f 95/95/95 128/132/128 127/131/127 96/96/96 
f 128/132/128 122/126/122 121/125/121 127/131/127 
f 129/133/129 130/134/130 99/99/99 113/117/113 
f 118/122/118 131/135/131 129/133/129 113/117/113 
f 131/135/131 132/136/132 133/137/133 129/133/129 
f 134/138/134 130/134/130 129/133/129 133/137/133 
f 135/139/135 134/138/134 133/137/133 136/140/136 
f 136/140/136 133/137/133 132/136/132 137/141/137 
f 137/141/137 138/142/138 139/143/139 136/140/136 
f 136/140/136 139/143/139 140/144/140 135/139/135 
f 131/135/131 118/122/118 120/124/120 141/145/141 
f 141/145/141 120/124/120 124/128/124 142/146/142 
f 142/146/142 143/147/143 144/148/144 141/145/141 
f 141/145/141 144/148/144 132/136/132 131/135/131 
f 137/141/137 132/136/132 144/148/144 145/149/145 
f 145/149/145 144/148/144 143/147/143 146/150/146 
f 146/150/146 147/151/147 148/152/148 145/149/145 
f 145/149/145 148/152/148 138/142/138 137/141/137 
f 100/100/100 99/99/99 130/134/130 149/153/149 
f 149/153/149 130/134/130 134/138/134 150/154/150 
f 150/154/150 151/155/151 152/156/152 149/153/149 
f 149/153/149 152/156/152 101/101/101 100/100/100 
f 110/110/110 101/101/101 152/156/152 153/157/153 
f 153/157/153 152/156/152 151/155/151 154/158/154 
f 154/158/154 10/159/10 9/160/9 153/157/153 
f 153/157/153 9/160/9 5/111/5 110/110/110 
f 155/161/155 150/154/150 134/138/134 135/139/135 
f 135/139/135 140/144/140 156/162/156 155/161/155 
f 155/161/155 156/162/156 157/163/157 158/164/158 
f 151/155/151 150/154/150 155/161/155 158/164/158 
f 151/155/151 158/164/158 159/165/159 154/158/154 
f 158/164/158 157/163/157 160/166/160 159/165/159 
f 14/167/14 12/168/12 159/165/159 160/166/160 
f 10/159/10 154/158/154 159/165/159 12/168/12 
f 161/169/161 162/170/162 163/171/163 164/172/164 
f 165/173/165 166/174/166 163/171/163 162/170/162 
f 165/173/165 167/175/167 168/176/168 166/174/166 
f 168/176/168 167/175/167 169/177/169 
f 170/178/170 171/179/171 172/180/172 173/181/173 
f 161/169/161 164/172/164 170/178/170 173/181/173 
f 174/182/174 175/183/175 176/184/176 177/185/177 
f 177/185/177 172/180/172 171/179/171 174/182/174 
f 178/186/178 179/187/179 180/188/180 181/189/181 
f 182/190/182 183/191/183 181/189/181 180/188/180 
f 184/192/184 185/193/185 181/189/181 183/191/183 
f 181/189/181 185/193/185 186/194/186 178/186/178 
f 186/194/186 185/193/185 187/195/187 188/196/188 
f 185/193/185 184/192/184 189/197/189 187/195/187 
f 165/173/165 162/170/162 187/195/187 189/197/189 
f 161/169/161 188/196/188 187/195/187 162/170/162 
f 190/198/190 183/191/183 182/190/182 191/199/191 
f 191/199/191 192/200/192 193/201/193 190/198/190 
f 190/198/190 193/201/193 194/202/194 195/203/195 
f 195/203/195 184/192/184 183/191/183 190/198/190 
f 196/204/196 189/197/189 184/192/184 195/203/195 
f 194/202/194 197/205/197 196/204/196 195/203/195 
f 169/177/169 167/175/167 196/204/196 197/205/197 
f 165/173/165 189/197/189 196/204/196 167/175/167 
f 198/206/198 199/207/199 179/187/179 178/186/178 
f 178/186/178 186/194/186 200/208/200 198/206/198 
f 198/206/198 200/208/200 201/209/201 202/210/202 
f 202/210/202 203/211/203 199/207/199 198/206/198 
f 204/212/204 205/213/205 203/211/203 202/210/202 
f 202/210/202 201/209/201 206/214/206 204/212/204 
f 204/212/204 206/214/206 207/215/207 208/216/208 
f 208/216/208 209/217/209 205/213/205 204/212/204 
f 210/218/210 200/208/200 186/194/186 188/196/188 
f 161/169/161 173/181/173 210/218/210 188/196/188 
f 210/218/210 173/181/173 172/180/172 211/219/211 
f 211/219/211 201/209/201 200/208/200 210/218/210 
f 212/220/212 206/214/206 201/209/201 211/219/211 
f 211/219/211 172/180/172 177/185/177 212/220/212 
f 212/220/212 177/185/177 176/184/176 213/221/213 
f 213/221/213 207/215/207 206/214/206 212/220/212 
f 214/222/214 179/187/179 199/207/199 215/223/215 
f 215/223/215 199/207/199 203/211/203 216/224/216 
f 216/224/216 217/225/217 218/226/218 215/223/215 
f 215/223/215 218/226/218 219/227/219 214/222/214 
f 220/228/220 219/227/219 218/226/218 221/229/221 
f 221/229/221 218/226/218 217/225/217 222/230/222 
f 222/230/222 223/231/223 224/232/224 221/229/221 
f 221/229/221 224/232/224 225/233/225 220/228/220 
f 216/224/216 203/211/203 205/213/205 226/234/226 
f 226/234/226 205/213/205 209/217/209 227/235/227 
f 227/235/227 228/236/228 229/237/229 226/234/226 
f 226/234/226 229/237/229 217/225/217 216/224/216 
f 222/230/222 217/225/217 229/237/229 230/238/230 
f 230/238/230 229/237/229 228/236/228 231/239/231 
f 231/239/231 232/240/232 233/241/233 230/238/230 
f 230/238/230 233/241/233 223/231/223 222/230/222 
f 234/242/234 180/188/180 179/187/179 214/222/214 
f 214/222/214 219/227/219 235/243/235 234/242/234 
f 234/242/234 235/243/235 236/244/236 237/245/237 
f 237/245/237 182/190/182 180/188/180 234/242/234 
f 182/190/182 237/245/237 238/246/238 191/199/191 
f 237/245/237 236/244/236 239/247/239 238/246/238 
f 240/248/240 241/249/241 238/246/238 239/247/239 
f 192/200/192 191/199/191 238/246/238 241/249/241 
f 242/250/242 235/243/235 219/227/219 220/228/220 
f 220/228/220 225/233/225 243/251/243 242/250/242 
f 242/250/242 243/251/243 244/252/244 245/253/245 
f 245/253/245 236/244/236 235/243/235 242/250/242 
f 246/254/246 239/247/239 236/244/236 245/253/245 
f 245/253/245 244/252/244 247/255/247 246/254/246 
f 246/254/246 247/255/247 248/256/248 249/257/249 
f 240/248/240 239/247/239 246/254/246 249/257/249 
f 250/258/250 251/259/251 252/260/252 253/261/253 
f 253/261/253 252/260/252 254/262/254 255/263/255 
f 256/264/256 257/265/257 253/261/253 255/263/255 
f 258/266/258 250/258/250 253/261/253 257/265/257 
f 259/267/259 260/268/260 258/266/258 257/265/257 
f 257/265/257 256/264/256 261/269/261 259/267/259 
f 259/267/259 261/269/261 194/202/194 193/201/193 
f 193/201/193 192/200/192 260/268/260 259/267/259 
f 254/262/254 262/270/262 263/271/263 255/263/255 
f 264/272/264 265/273/265 263/271/263 262/270/262 
f 266/274/266 267/275/267 263/271/263 265/273/265 
f 267/275/267 256/264/256 255/263/255 263/271/263 
f 268/276/268 261/269/261 256/264/256 267/275/267 
f 266/274/266 269/277/269 268/276/268 267/275/267 
f 169/177/169 197/205/197 268/276/268 269/277/269 
f 194/202/194 261/269/261 268/276/268 197/205/197 
f 270/278/270 271/279/271 251/259/251 250/258/250 
f 250/258/250 258/266/258 272/280/272 270/278/270 
f 270/278/270 272/280/272 273/281/273 274/282/274 
f 274/282/274 275/283/275 271/279/271 270/278/270 
f 276/284/276 277/285/277 275/283/275 274/282/274 
f 274/282/274 273/281/273 278/286/278 276/284/276 
f 276/284/276 278/286/278 279/287/279 280/288/280 
f 280/288/280 281/289/281 277/285/277 276/284/276 
f 258/266/258 260/268/260 282/290/282 272/280/272 
f 192/200/192 241/249/241 282/290/282 260/268/260 
f 240/248/240 283/291/283 282/290/282 241/249/241 
f 283/291/283 273/281/273 272/280/272 282/290/282 
f 284/292/284 278/286/278 273/281/273 283/291/283 
f 240/248/240 249/257/249 284/292/284 283/291/283 
f 284/292/284 249/257/249 248/256/248 285/293/285 
f 285/293/285 279/287/279 278/286/278 284/292/284 
f 286/294/286 251/259/251 271/279/271 287/295/287 
f 287/295/287 271/279/271 275/283/275 288/296/288 
f 288/296/288 289/297/289 290/298/290 287/295/287 
f 287/295/287 290/298/290 291/299/291 286/294/286 
f 292/300/292 291/299/291 290/298/290 293/301/293 
f 293/301/293 290/298/290 289/297/289 294/302/294 
f 294/302/294 295/303/295 296/304/296 293/301/293 
f 293/301/293 296/304/296 297/305/297 292/300/292 
f 288/296/288 275/283/275 277/285/277 298/306/298 
f 298/306/298 277/285/277 281/289/281 299/307/299 
f 299/307/299 300/308/300 301/309/301 298/306/298 
f 298/306/298 301/309/301 289/297/289 288/296/288 
f 294/302/294 289/297/289 301/309/301 302/310/302 
f 302/310/302 301/309/301 300/308/300 303/311/303 
f 303/311/303 304/312/304 305/313/305 302/310/302 
f 302/310/302 305/313/305 295/303/295 294/302/294 
f 306/314/306 252/260/252 251/259/251 286/294/286 
f 286/294/286 291/299/291 307/315/307 306/314/306 
f 306/314/306 307/315/307 308/316/308 309/317/309 
f 309/317/309 254/262/254 252/260/252 306/314/306 
f 310/318/310 262/270/262 254/262/254 309/317/309 
f 309/317/309 308/316/308 311/319/311 310/318/310 
f 310/318/310 311/319/311 312/320/312 313/321/313 
f 264/272/264 262/270/262 310/318/310 313/321/313 
f 314/322/314 307/315/307 291/299/291 292/300/292 
f 292/300/292 297/305/297 315/323/315 314/322/314 
f 314/322/314 315/323/315 316/324/316 317/325/317 
f 317/325/317 308/316/308 307/315/307 314/322/314 
f 318/326/318 311/319/311 308/316/308 317/325/317 
f 317/325/317 316/324/316 319/327/319 318/326/318 
f 318/326/318 319/327/319 320/328/320 321/329/321 
f 321/329/321 312/320/312 311/319/311 318/326/318 
f 322/330/322 323/331/323 324/332/324 325/333/325 
f 325/333/325 326/334/326 327/335/327 322/330/322 
f 322/330/322 327/335/327 328/336/328 329/337/329 
f 329/337/329 330/338/330 323/331/323 322/330/322 
f 331/339/331 332/340/332 330/338/330 329/337/329 
f 329/337/329 328/336/328 333/341/333 331/339/331 
f 331/339/331 333/341/333 334/342/334 335/343/335 
f 335/343/335 336/344/336 332/340/332 331/339/331 
f 337/345/337 327/335/327 326/334/326 338/346/338 
f 338/346/338 339/347/339 340/348/340 337/345/337 
f 337/345/337 340/348/340 341/349/341 342/350/342 
f 342/350/342 328/336/328 327/335/327 337/345/337 
f 343/351/343 333/341/333 328/336/328 342/350/342 
f 342/350/342 341/349/341 344/352/344 343/351/343 
f 343/351/343 344/352/344 345/353/345 346/354/346 
f 346/354/346 334/342/334 333/341/333 343/351/343 
f 347/355/347 324/332/324 323/331/323 348/356/348 
f 348/356/348 323/331/323 330/338/330 349/357/349 
f 349/357/349 350/358/350 351/359/351 348/356/348 
f 348/356/348 351/359/351 352/360/352 347/355/347 
f 353/361/353 352/360/352 351/359/351 354/362/354 
f 354/362/354 351/359/351 350/358/350 355/363/355 
f 355/363/355 316/324/316 315/323/315 354/362/354 
f 354/362/354 315/323/315 297/305/297 353/361/353 
f 349/357/349 330/338/330 332/340/332 356/364/356 
f 356/364/356 332/340/332 336/344/336 357/365/357 
f 357/365/357 358/366/358 359/367/359 356/364/356 
f 356/364/356 359/367/359 350/358/350 349/357/349 
f 355/363/355 350/358/350 359/367/359 360/368/360 
f 360/368/360 359/367/359 358/366/358 361/369/361 
f 361/369/361 320/328/320 319/327/319 360/368/360 
f 360/368/360 319/327/319 316/324/316 355/363/355 
f 362/370/362 363/371/363 324/332/324 347/355/347 
f 347/355/347 352/360/352 364/372/364 362/370/362 
f 362/370/362 364/372/364 365/373/365 366/374/366 
f 366/374/366 367/375/367 363/371/363 362/370/362 
f 368/376/368 369/377/369 367/375/367 366/374/366 
f 366/374/366 365/373/365 370/378/370 368/376/368 
f 368/376/368 370/378/370 371/379/371 372/380/372 
f 372/380/372 373/381/373 369/377/369 368/376/368 
f 374/382/374 364/372/364 352/360/352 353/361/353 
f 353/361/353 297/305/297 296/304/296 374/382/374 
f 374/382/374 296/304/296 295/303/295 375/383/375 
f 375/383/375 365/373/365 364/372/364 374/382/374 
f 376/384/376 370/378/370 365/373/365 375/383/375 
f 375/383/375 295/303/295 305/313/305 376/384/376 
f 376/384/376 305/313/305 304/312/304 377/385/377 
f 377/385/377 371/379/371 370/378/370 376/384/376 
f 325/333/325 324/332/324 363/371/363 378/386/378 
f 378/386/378 363/371/363 367/375/367 379/387/379 
f 379/387/379 380/388/380 381/389/381 378/386/378 
f 378/386/378 381/389/381 326/334/326 325/333/325 
f 338/346/338 326/334/326 381/389/381 382/390/382 
f 382/390/382 381/389/381 380/388/380 383/391/383 
f 383/391/383 384/392/384 385/393/385 382/390/382 
f 382/390/382 385/393/385 339/347/339 338/346/338 
f 379/387/379 367/375/367 369/377/369 386/394/386 
f 386/394/386 369/377/369 373/381/373 387/395/387 
f 387/395/387 388/396/388 389/397/389 386/394/386 
f 386/394/386 389/397/389 380/388/380 379/387/379 
f 383/391/383 380/388/380 389/397/389 390/398/390 
f 390/398/390 389/397/389 388/396/388 391/399/391 
f 391/399/391 392/400/392 393/401/393 390/398/390 
f 390/398/390 393/401/393 384/392/384 383/391/383 
f 394/402/394 395/403/395 396/404/396 397/405/397 
f 397/405/397 398/406/398 399/407/399 394/402/394 
f 394/402/394 399/407/399 400/408/400 401/409/401 
f 401/409/401 402/410/402 395/403/395 394/402/394 
f 403/411/403 404/412/404 402/410/402 401/409/401 
f 401/409/401 400/408/400 405/413/405 403/411/403 
f 341/349/341 340/348/340 403/411/403 405/413/405 
f 339/347/339 404/412/404 403/411/403 340/348/340 
f 406/414/406 399/407/399 398/406/398 407/415/407 
f 407/415/407 408/416/408 409/417/409 406/414/406 
f 406/414/406 409/417/409 410/418/410 411/419/411 
f 411/419/411 400/408/400 399/407/399 406/414/406 
f 412/420/412 405/413/405 400/408/400 411/419/411 
f 410/418/410 413/421/413 412/420/412 411/419/411 
f 345/353/345 344/352/344 412/420/412 413/421/413 
f 341/349/341 405/413/405 412/420/412 344/352/344 
f 414/422/414 396/404/396 395/403/395 415/423/415 
f 415/423/415 395/403/395 402/410/402 416/424/416 
f 416/424/416 417/425/417 418/426/418 415/423/415 
f 415/423/415 418/426/418 419/427/419 414/422/414 
f 420/428/420 419/427/419 418/426/418 421/429/421 
f 421/429/421 418/426/418 417/425/417 422/430/422 
f 422/430/422 423/431/423 424/432/424 421/429/421 
f 421/429/421 424/432/424 425/433/425 420/428/420 
f 416/424/416 402/410/402 404/412/404 426/434/426 
f 339/347/339 385/393/385 426/434/426 404/412/404 
f 384/392/384 427/435/427 426/434/426 385/393/385 
f 426/434/426 427/435/427 417/425/417 416/424/416 
f 422/430/422 417/425/417 427/435/427 428/436/428 
f 427/435/427 384/392/384 393/401/393 428/436/428 
f 428/436/428 393/401/393 392/400/392 429/437/429 
f 423/431/423 422/430/422 428/436/428 429/437/429 
f 430/438/430 431/439/431 396/404/396 414/422/414 
f 414/422/414 419/427/419 432/440/432 430/438/430 
f 430/438/430 432/440/432 433/441/433 434/442/434 
f 434/442/434 435/443/435 431/439/431 430/438/430 
f 436/444/436 437/445/437 435/443/435 434/442/434 
f 434/442/434 433/441/433 438/446/438 436/444/436 
f 436/444/436 438/446/438 75/75/75 74/74/74 
f 74/74/74 52/52/52 437/445/437 436/444/436 
f 439/447/439 432/440/432 419/427/419 420/428/420 
f 420/428/420 425/433/425 440/448/440 439/447/439 
f 439/447/439 440/448/440 441/449/441 442/450/442 
f 442/450/442 433/441/433 432/440/432 439/447/439 
f 443/451/443 438/446/438 433/441/433 442/450/442 
f 442/450/442 441/449/441 444/452/444 443/451/443 
f 443/451/443 444/452/444 79/79/79 78/78/78 
f 78/78/78 75/75/75 438/446/438 443/451/443 
f 397/405/397 396/404/396 431/439/431 445/453/445 
f 445/453/445 431/439/431 435/443/435 446/454/446 
f 446/454/446 447/455/447 448/456/448 445/453/445 
f 445/453/445 448/456/448 398/406/398 397/405/397 
f 407/415/407 398/406/398 448/456/448 449/457/449 
f 449/457/449 448/456/448 447/455/447 450/458/450 
f 450/458/450 451/459/451 452/460/452 449/457/449 
f 449/457/449 452/460/452 408/416/408 407/415/407 
f 446/454/446 435/443/435 437/445/437 453/461/453 
f 453/461/453 437/445/437 52/52/52 51/51/51 
f 51/51/51 50/50/50 454/462/454 453/461/453 
f 453/461/453 454/462/454 447/455/447 446/454/446 
f 450/458/450 447/455/447 454/462/454 455/463/455 
f 455/463/455 454/462/454 50/50/50 60/60/60 
f 60/60/60 59/59/59 456/464/456 455/463/455 
f 455/463/455 456/464/456 451/459/451 450/458/450 
f 457/465/457 458/466/458 459/467/459 460/468/460 
f 460/468/460 461/469/461 462/470/462 457/465/457 
f 457/465/457 462/470/462 463/471/463 464/472/464 
f 464/472/464 465/473/465 458/466/458 457/465/457 
f 466/474/466 467/475/467 465/473/465 464/472/464 
f 464/472/464 463/471/463 468/476/468 466/474/466 
f 466/474/466 468/476/468 469/477/469 470/478/470 
f 470/478/470 471/479/471 467/475/467 466/474/466 
f 472/480/472 462/470/462 461/469/461 473/481/473 
f 473/481/473 474/482/474 475/483/475 472/480/472 
f 472/480/472 475/483/475 476/484/476 477/485/477 
f 477/485/477 463/471/463 462/470/462 472/480/472 
f 478/486/478 468/476/468 463/471/463 477/485/477 
f 477/485/477 476/484/476 479/487/479 478/486/478 
f 480/488/480 481/489/481 478/486/478 479/487/479 
f 481/489/481 469/477/469 468/476/468 478/486/478 
f 482/490/482 459/467/459 458/466/458 483/491/483 
f 483/491/483 458/466/458 465/473/465 484/492/484 
f 484/492/484 485/493/485 486/494/486 483/491/483 
f 483/491/483 486/494/486 487/495/487 482/490/482 
f 488/496/488 487/495/487 486/494/486 489/497/489 
f 489/497/489 486/494/486 485/493/485 490/498/490 
f 490/498/490 91/91/91 90/90/90 489/497/489 
f 489/497/489 90/90/90 72/72/72 488/496/488 
f 484/492/484 465/473/465 467/475/467 491/499/491 
f 491/499/491 467/475/467 471/479/471 492/500/492 
f 492/500/492 493/501/493 494/502/494 491/499/491 
f 491/499/491 494/502/494 485/493/485 484/492/484 
f 490/498/490 485/493/485 494/502/494 495/503/495 
f 495/503/495 494/502/494 493/501/493 496/504/496 
f 496/504/496 95/95/95 94/94/94 495/503/495 
f 495/503/495 94/94/94 91/91/91 490/498/490 
f 497/505/497 498/506/498 459/467/459 482/490/482 
f 482/490/482 487/495/487 499/507/499 497/505/497 
f 497/505/497 499/507/499 500/508/500 501/509/501 
f 501/509/501 502/510/502 498/506/498 497/505/497 
f 503/511/503 504/512/504 502/510/502 501/509/501 
f 501/509/501 500/508/500 505/513/505 503/511/503 
f 503/511/503 505/513/505 441/449/441 440/448/440 
f 440/448/440 425/433/425 504/512/504 503/511/503 
f 506/514/506 499/507/499 487/495/487 488/496/488 
f 488/496/488 72/72/72 71/71/71 506/514/506 
f 506/514/506 71/71/71 70/70/70 507/515/507 
f 507/515/507 500/508/500 499/507/499 506/514/506 
f 508/516/508 505/513/505 500/508/500 507/515/507 
f 507/515/507 70/70/70 80/80/80 508/516/508 
f 508/516/508 80/80/80 79/79/79 444/452/444 
f 444/452/444 441/449/441 505/513/505 508/516/508 
f 460/468/460 459/467/459 498/506/498 509/517/509 
f 509/517/509 498/506/498 502/510/502 510/518/510 
f 510/518/510 511/519/511 512/520/512 509/517/509 
f 509/517/509 512/520/512 461/469/461 460/468/460 
f 473/481/473 461/469/461 512/520/512 513/521/513 
f 513/521/513 512/520/512 511/519/511 514/522/514 
f 514/522/514 515/523/515 516/524/516 513/521/513 
f 513/521/513 516/524/516 474/482/474 473/481/473 
f 510/518/510 502/510/502 504/512/504 517/525/517 
f 517/525/517 504/512/504 425/433/425 424/432/424 
f 424/432/424 423/431/423 518/526/518 517/525/517 
f 517/525/517 518/526/518 511/519/511 510/518/510 
f 514/522/514 511/519/511 518/526/518 519/527/519 
f 519/527/519 518/526/518 423/431/423 429/437/429 
f 429/437/429 392/400/392 520/528/520 519/527/519 
f 519/527/519 520/528/520 515/523/515 514/522/514 
f 521/529/521 522/530/522 523/531/523 524/532/524 
f 524/532/524 525/533/525 526/534/526 521/529/521 
f 521/529/521 526/534/526 527/535/527 528/536/528 
f 528/536/528 529/537/529 522/530/522 521/529/521 
f 530/538/530 531/539/531 529/537/529 528/536/528 
f 528/536/528 527/535/527 532/540/532 530/538/530 
f 530/538/530 532/540/532 476/484/476 475/483/475 
f 475/483/475 474/482/474 531/539/531 530/538/530 
f 533/541/533 526/534/526 525/533/525 534/542/534 
f 534/542/534 535/543/535 536/544/536 533/541/533 
f 533/541/533 536/544/536 537/545/537 538/546/538 
f 538/546/538 527/535/527 526/534/526 533/541/533 
f 539/547/539 532/540/532 527/535/527 538/546/538 
f 538/546/538 537/545/537 540/548/540 539/547/539 
f 480/488/480 479/487/479 539/547/539 540/548/540 
f 479/487/479 476/484/476 532/540/532 539/547/539 
f 541/549/541 523/531/523 522/530/522 542/550/542 
f 542/550/542 522/530/522 529/537/529 543/551/543 
f 543/551/543 544/552/544 545/553/545 542/550/542 
f 542/550/542 545/553/545 546/554/546 541/549/541 
f 547/555/547 546/554/546 545/553/545 548/556/548 
f 548/556/548 545/553/545 544/552/544 549/557/549 
f 548/556/548 549/557/549 388/396/388 387/395/387 
f 387/395/387 373/381/373 547/555/547 548/556/548 
f 543/551/543 529/537/529 531/539/531 550/558/550 
f 550/558/550 531/539/531 474/482/474 516/524/516 
f 515/523/515 551/559/551 550/558/550 516/524/516 
f 550/558/550 551/559/551 544/552/544 543/551/543 
f 549/557/549 544/552/544 551/559/551 552/560/552 
f 515/523/515 520/528/520 552/560/552 551/559/551 
f 552/560/552 520/528/520 392/400/392 391/399/391 
f 391/399/391 388/396/388 549/557/549 552/560/552 
f 553/561/553 554/562/554 523/531/523 541/549/541 
f 541/549/541 546/554/546 555/563/555 553/561/553 
f 553/561/553 555/563/555 556/564/556 557/565/557 
f 557/565/557 558/566/558 554/562/554 553/561/553 
f 559/567/559 560/568/560 558/566/558 557/565/557 
f 557/565/557 556/564/556 561/569/561 559/567/559 
f 559/567/559 561/569/561 300/308/300 299/307/299 
f 299/307/299 281/289/281 560/568/560 559/567/559 
f 562/570/562 555/563/555 546/554/546 547/555/547 
f 373/381/373 372/380/372 562/570/562 547/555/547 
f 562/570/562 372/380/372 371/379/371 563/571/563 
f 563/571/563 556/564/556 555/563/555 562/570/562 
f 564/572/564 561/569/561 556/564/556 563/571/563 
f 563/571/563 371/379/371 377/385/377 564/572/564 
f 564/572/564 377/385/377 304/312/304 303/311/303 
f 303/311/303 300/308/300 561/569/561 564/572/564 
f 524/532/524 523/531/523 554/562/554 565/573/565 
f 565/573/565 554/562/554 558/566/558 566/574/566 
f 566/574/566 567/575/567 568/576/568 565/573/565 
f 565/573/565 568/576/568 525/533/525 524/532/524 
f 534/542/534 525/533/525 568/576/568 569/577/569 
f 569/577/569 568/576/568 567/575/567 570/578/570 
f 570/578/570 571/579/571 572/580/572 569/577/569 
f 569/577/569 572/580/572 535/543/535 534/542/534 
f 566/574/566 558/566/558 560/568/560 573/581/573 
f 573/581/573 560/568/560 281/289/281 280/288/280 
f 280/288/280 279/287/279 574/582/574 573/581/573 
f 573/581/573 574/582/574 567/575/567 566/574/566 
f 570/578/570 567/575/567 574/582/574 575/583/575 
f 575/583/575 574/582/574 279/287/279 285/293/285 
f 285/293/285 248/256/248 576/584/576 575/583/575 
f 575/583/575 576/584/576 571/579/571 570/578/570 
f 577/585/577 578/586/578 579/587/579 580/588/580 
f 580/588/580 581/589/581 582/590/582 577/585/577 
f 577/585/577 582/590/582 583/591/583 584/592/584 
f 584/592/584 585/593/585 578/586/578 577/585/577 
f 586/594/586 587/595/587 585/593/585 584/592/584 
f 584/592/584 583/591/583 588/596/588 586/594/586 
f 586/594/586 588/596/588 537/545/537 536/544/536 
f 536/544/536 535/543/535 587/595/587 586/594/586 
f 589/597/589 582/590/582 581/589/581 590/598/590 
f 590/598/590 591/599/591 592/600/592 589/597/589 
f 589/597/589 592/600/592 593/601/593 594/602/594 
f 594/602/594 583/591/583 582/590/582 589/597/589 
f 595/603/595 588/596/588 583/591/583 594/602/594 
f 594/602/594 593/601/593 596/604/596 595/603/595 
f 480/488/480 540/548/540 595/603/595 596/604/596 
f 540/548/540 537/545/537 588/596/588 595/603/595 
f 597/605/597 579/587/579 578/586/578 598/606/598 
f 598/606/598 578/586/578 585/593/585 599/607/599 
f 599/607/599 600/608/600 601/609/601 598/606/598 
f 598/606/598 601/609/601 602/610/602 597/605/597 
f 603/611/603 602/610/602 601/609/601 604/612/604 
f 604/612/604 601/609/601 600/608/600 605/613/605 
f 605/613/605 244/252/244 243/251/243 604/612/604 
f 604/612/604 243/251/243 225/233/225 603/611/603 
f 599/607/599 585/593/585 587/595/587 606/614/606 
f 606/614/606 587/595/587 535/543/535 572/580/572 
f 572/580/572 571/579/571 607/615/607 606/614/606 
f 606/614/606 607/615/607 600/608/600 599/607/599 
f 605/613/605 600/608/600 607/615/607 608/616/608 
f 608/616/608 607/615/607 571/579/571 576/584/576 
f 576/584/576 248/256/248 247/255/247 608/616/608 
f 608/616/608 247/255/247 244/252/244 605/613/605 
f 609/617/609 610/618/610 579/587/579 597/605/597 
f 597/605/597 602/610/602 611/619/611 609/617/609 
f 609/617/609 611/619/611 612/620/612 613/621/613 
f 613/621/613 614/622/614 610/618/610 609/617/609 
f 615/623/615 616/624/616 614/622/614 613/621/613 
f 613/621/613 612/620/612 617/625/617 615/623/615 
f 615/623/615 617/625/617 618/626/618 619/627/619 
f 620/628/620 616/624/616 615/623/615 619/627/619 
f 621/629/621 611/619/611 602/610/602 603/611/603 
f 603/611/603 225/233/225 224/232/224 621/629/621 
f 621/629/621 224/232/224 223/231/223 622/630/622 
f 622/630/622 612/620/612 611/619/611 621/629/621 
f 623/631/623 617/625/617 612/620/612 622/630/622 
f 622/630/622 223/231/223 233/241/233 623/631/623 
f 623/631/623 233/241/233 232/240/232 624/632/624 
f 624/632/624 618/626/618 617/625/617 623/631/623 
f 580/588/580 579/587/579 610/618/610 625/633/625 
f 625/633/625 610/618/610 614/622/614 626/634/626 
f 626/634/626 627/635/627 628/636/628 625/633/625 
f 625/633/625 628/636/628 581/589/581 580/588/580 
f 590/598/590 581/589/581 628/636/628 629/637/629 
f 629/637/629 628/636/628 627/635/627 630/638/630 
f 631/639/631 632/640/632 629/637/629 630/638/630 
f 629/637/629 632/640/632 591/599/591 590/598/590 
f 626/634/626 614/622/614 616/624/616 633/641/633 
f 616/624/616 620/628/620 634/642/634 633/641/633 
f 633/641/633 634/642/634 635/643/635 636/644/636 
f 633/641/633 636/644/636 627/635/627 626/634/626 
f 630/638/630 627/635/627 636/644/636 637/645/637 
f 636/644/636 635/643/635 638/646/638 637/645/637 
f 637/645/637 638/646/638 639/647/639 640/648/640 
f 631/639/631 630/638/630 637/645/637 640/648/640 
f 641/649/641 642/650/642 643/651/643 644/652/644 
f 644/652/644 645/653/645 646/654/646 641/649/641 
f 641/649/641 646/654/646 647/655/647 648/656/648 
f 648/656/648 649/657/649 642/650/642 641/649/641 
f 650/658/650 651/659/651 649/657/649 648/656/648 
f 648/656/648 647/655/647 652/660/652 650/658/650 
f 650/658/650 652/660/652 593/601/593 592/600/592 
f 592/600/592 591/599/591 651/659/651 650/658/650 
f 653/661/653 646/654/646 645/653/645 654/662/654 
f 654/662/654 471/479/471 470/478/470 653/661/653 
f 653/661/653 470/478/470 469/477/469 655/663/655 
f 655/663/655 647/655/647 646/654/646 653/661/653 
f 656/664/656 652/660/652 647/655/647 655/663/655 
f 655/663/655 469/477/469 481/489/481 656/664/656 
f 480/488/480 596/604/596 656/664/656 481/489/481 
f 596/604/596 593/601/593 652/660/652 656/664/656 
f 657/665/657 643/651/643 642/650/642 658/666/658 
f 658/666/658 642/650/642 649/657/649 659/667/659 
f 659/667/659 660/668/660 661/669/661 658/666/658 
f 658/666/658 661/669/661 662/670/662 657/665/657 
f 663/671/663 662/670/662 661/669/661 664/672/664 
f 664/672/664 661/669/661 660/668/660 665/673/665 
f 665/673/665 666/674/666 667/675/667 664/672/664 
f 664/672/664 667/675/667 668/676/668 663/671/663 
f 659/667/659 649/657/649 651/659/651 669/677/669 
f 669/677/669 651/659/651 591/599/591 632/640/632 
f 632/640/632 631/639/631 670/678/670 669/677/669 
f 669/677/669 670/678/670 660/668/660 659/667/659 
f 665/673/665 660/668/660 670/678/670 671/679/671 
f 671/679/671 670/678/670 631/639/631 640/648/640 
f 640/648/640 639/647/639 672/680/672 671/679/671 
f 671/679/671 672/680/672 666/674/666 665/673/665 
f 673/681/673 674/682/674 643/651/643 657/665/657 
f 657/665/657 662/670/662 675/683/675 673/681/673 
f 673/681/673 675/683/675 676/684/676 677/685/677 
f 677/685/677 678/686/678 674/682/674 673/681/673 
f 679/687/679 680/688/680 678/686/678 677/685/677 
f 677/685/677 676/684/676 681/689/681 679/687/679 
f 679/687/679 681/689/681 143/147/143 142/146/142 
f 142/146/142 124/128/124 680/688/680 679/687/679 
f 682/690/682 675/683/675 662/670/662 663/671/663 
f 663/671/663 668/676/668 683/691/683 682/690/682 
f 682/690/682 683/691/683 684/692/684 685/693/685 
f 685/693/685 676/684/676 675/683/675 682/690/682 
f 686/694/686 681/689/681 676/684/676 685/693/685 
f 685/693/685 684/692/684 687/695/687 686/694/686 
f 686/694/686 687/695/687 147/151/147 146/150/146 
f 146/150/146 143/147/143 681/689/681 686/694/686 
f 644/652/644 643/651/643 674/682/674 688/696/688 
f 688/696/688 674/682/674 678/686/678 689/697/689 
f 689/697/689 690/698/690 691/699/691 688/696/688 
f 688/696/688 691/699/691 645/653/645 644/652/644 
f 654/662/654 645/653/645 691/699/691 692/700/692 
f 692/700/692 691/699/691 690/698/690 693/701/693 
f 693/701/693 493/501/493 492/500/492 692/700/692 
f 692/700/692 492/500/492 471/479/471 654/662/654 
f 689/697/689 678/686/678 680/688/680 694/702/694 
f 694/702/694 680/688/680 124/128/124 123/127/123 
f 123/127/123 122/126/122 695/703/695 694/702/694 
f 694/702/694 695/703/695 690/698/690 689/697/689 
f 693/701/693 690/698/690 695/703/695 696/704/696 
f 696/704/696 695/703/695 122/126/122 128/132/128 
f 128/132/128 95/95/95 496/504/496 696/704/696 
f 696/704/696 496/504/496 493/501/493 693/701/693 
f 697/705/697 698/706/698 699/707/699 700/708/700 
f 700/708/700 701/709/701 702/710/702 697/705/697 
f 703/711/703 704/712/704 705/713/705 706/714/706 
f 706/714/706 699/707/699 698/706/698 703/711/703 
f 707/715/707 702/710/702 701/709/701 708/716/708 
f 708/716/708 709/717/709 710/718/710 707/715/707 
f 711/719/711 710/718/710 709/717/709 712/720/712 
f 712/720/712 176/184/176 175/183/175 711/719/711 
f 713/721/713 714/722/714 715/723/715 716/724/716 
f 716/724/716 715/723/715 717/725/717 718/726/718 
f 717/725/717 719/727/719 720/728/720 718/726/718 
f 705/713/705 704/712/704 720/728/720 719/727/719 
f 721/729/721 722/730/722 723/731/723 724/732/724 
f 724/732/724 723/731/723 714/722/714 713/721/713 
f 15/15/15 14/14/14 725/733/725 726/734/726 
f 726/734/726 725/733/725 722/730/722 721/729/721 
f 727/735/727 728/736/728 729/737/729 730/738/730 
f 730/738/730 731/739/731 732/740/732 727/735/727 
f 727/735/727 732/740/732 733/741/733 734/742/734 
f 734/742/734 735/743/735 728/736/728 727/735/727 
f 736/744/736 737/745/737 735/743/735 734/742/734 
f 734/742/734 733/741/733 738/746/738 736/744/736 
f 736/744/736 738/746/738 717/747/717 715/748/715 
f 715/748/715 714/749/714 737/745/737 736/744/736 
f 739/750/739 732/740/732 731/739/731 740/751/740 
f 741/752/741 742/753/742 739/750/739 740/751/740 
f 743/754/743 744/755/744 739/750/739 742/753/742 
f 744/755/744 733/741/733 732/740/732 739/750/739 
f 745/756/745 738/746/738 733/741/733 744/755/744 
f 743/754/743 746/757/746 745/756/745 744/755/744 
f 705/758/705 719/759/719 745/756/745 746/757/746 
f 717/747/717 738/746/738 745/756/745 719/759/719 
f 747/760/747 729/737/729 728/736/728 748/761/748 
f 748/761/748 728/736/728 735/743/735 749/762/749 
f 749/762/749 750/763/750 751/764/751 748/761/748 
f 748/761/748 751/764/751 752/765/752 747/760/747 
f 753/766/753 752/765/752 751/764/751 754/767/754 
f 754/767/754 751/764/751 750/763/750 755/768/755 
f 755/768/755 157/163/157 156/162/156 754/767/754 
f 754/767/754 156/162/156 140/144/140 753/766/753 
f 749/762/749 735/743/735 737/745/737 756/769/756 
f 756/769/756 737/745/737 714/749/714 723/770/723 
f 723/770/723 722/771/722 757/772/757 756/769/756 
f 756/769/756 757/772/757 750/763/750 749/762/749 
f 755/768/755 750/763/750 757/772/757 758/773/758 
f 758/773/758 757/772/757 722/771/722 725/774/725 
f 725/774/725 14/167/14 160/166/160 758/773/758 
f 758/773/758 160/166/160 157/163/157 755/768/755 
f 759/775/759 760/776/760 729/737/729 747/760/747 
f 747/760/747 752/765/752 761/777/761 759/775/759 
f 759/775/759 761/777/761 762/778/762 763/779/763 
f 763/779/763 764/780/764 760/776/760 759/775/759 
f 765/781/765 766/782/766 764/780/764 763/779/763 
f 763/779/763 762/778/762 767/783/767 765/781/765 
f 765/781/765 767/783/767 684/692/684 683/691/683 
f 683/691/683 668/676/668 766/782/766 765/781/765 
f 768/784/768 761/777/761 752/765/752 753/766/753 
f 753/766/753 140/144/140 139/143/139 768/784/768 
f 768/784/768 139/143/139 138/142/138 769/785/769 
f 769/785/769 762/778/762 761/777/761 768/784/768 
f 770/786/770 767/783/767 762/778/762 769/785/769 
f 769/785/769 138/142/138 148/152/148 770/786/770 
f 770/786/770 148/152/148 147/151/147 687/695/687 
f 687/695/687 684/692/684 767/783/767 770/786/770 
f 730/738/730 729/737/729 760/776/760 771/787/771 
f 771/787/771 760/776/760 764/780/764 772/788/772 
f 772/788/772 773/789/773 774/790/774 771/787/771 
f 771/787/771 774/790/774 731/739/731 730/738/730 
f 740/751/740 731/739/731 774/790/774 775/791/775 
f 775/791/775 774/790/774 773/789/773 776/792/776 
f 777/793/777 778/794/778 775/791/775 776/792/776 
f 741/752/741 740/751/740 775/791/775 778/794/778 
f 772/788/772 764/780/764 766/782/766 779/795/779 
f 779/795/779 766/782/766 668/676/668 667/675/667 
f 667/675/667 666/674/666 780/796/780 779/795/779 
f 779/795/779 780/796/780 773/789/773 772/788/772 
f 776/792/776 773/789/773 780/796/780 781/797/781 
f 666/674/666 672/680/672 781/797/781 780/796/780 
f 781/797/781 672/680/672 639/647/639 782/798/782 
f 782/798/782 777/793/777 776/792/776 781/797/781 
f 783/799/783 784/800/784 785/801/785 786/802/786 
f 786/802/786 787/803/787 788/804/788 783/799/783 
f 783/799/783 788/804/788 789/805/789 790/806/790 
f 790/806/790 791/807/791 784/800/784 783/799/783 
f 792/808/792 793/809/793 791/807/791 790/806/790 
f 790/806/790 789/805/789 794/810/794 792/808/792 
f 792/808/792 794/810/794 743/754/743 742/753/742 
f 742/753/742 741/752/741 793/809/793 792/808/792 
f 795/811/795 788/804/788 787/803/787 796/812/796 
f 796/812/796 701/813/701 700/814/700 795/811/795 
f 795/811/795 700/814/700 699/815/699 797/816/797 
f 797/816/797 789/805/789 788/804/788 795/811/795 
f 798/817/798 794/810/794 789/805/789 797/816/797 
f 797/816/797 699/815/699 706/818/706 798/817/798 
f 798/817/798 706/818/706 705/758/705 746/757/746 
f 746/757/746 743/754/743 794/810/794 798/817/798 
f 799/819/799 785/801/785 784/800/784 800/820/800 
f 800/820/800 784/800/784 791/807/791 801/821/801 
f 801/821/801 802/822/802 803/823/803 800/820/800 
f 800/820/800 803/823/803 804/824/804 799/819/799 
f 805/825/805 804/824/804 803/823/803 806/826/806 
f 806/826/806 803/823/803 802/822/802 807/827/807 
f 807/827/807 635/643/635 634/642/634 806/826/806 
f 806/826/806 634/642/634 620/628/620 805/825/805 
f 801/821/801 791/807/791 793/809/793 808/828/808 
f 808/828/808 793/809/793 741/752/741 778/794/778 
f 778/794/778 777/793/777 809/829/809 808/828/808 
f 808/828/808 809/829/809 802/822/802 801/821/801 
f 807/827/807 802/822/802 809/829/809 810/830/810 
f 810/830/810 809/829/809 777/793/777 782/798/782 
f 782/798/782 639/647/639 638/646/638 810/830/810 
f 810/830/810 638/646/638 635/643/635 807/827/807 
f 811/831/811 812/832/812 785/801/785 799/819/799 
f 799/819/799 804/824/804 813/833/813 811/831/811 
f 811/831/811 813/833/813 814/834/814 815/835/815 
f 815/835/815 816/836/816 812/832/812 811/831/811 
f 817/837/817 818/838/818 816/836/816 815/835/815 
f 815/835/815 814/834/814 819/839/819 817/837/817 
f 817/837/817 819/839/819 228/236/228 227/235/227 
f 227/235/227 209/217/209 818/838/818 817/837/817 
f 820/840/820 813/833/813 804/824/804 805/825/805 
f 805/825/805 620/628/620 619/627/619 820/840/820 
f 820/840/820 619/627/619 618/626/618 821/841/821 
f 821/841/821 814/834/814 813/833/813 820/840/820 
f 822/842/822 819/839/819 814/834/814 821/841/821 
f 821/841/821 618/626/618 624/632/624 822/842/822 
f 822/842/822 624/632/624 232/240/232 231/239/231 
f 231/239/231 228/236/228 819/839/819 822/842/822 
f 786/802/786 785/801/785 812/832/812 823/843/823 
f 823/843/823 812/832/812 816/836/816 824/844/824 
f 824/844/824 825/845/825 826/846/826 823/843/823 
f 823/843/823 826/846/826 787/803/787 786/802/786 
f 796/812/796 787/803/787 826/846/826 827/847/827 
f 827/847/827 826/846/826 825/845/825 828/848/828 
f 828/848/828 709/849/709 708/850/708 827/847/827 
f 827/847/827 708/850/708 701/813/701 796/812/796 
f 824/844/824 816/836/816 818/838/818 829/851/829 
f 829/851/829 818/838/818 209/217/209 208/216/208 
f 208/216/208 207/215/207 830/852/830 829/851/829 
f 829/851/829 830/852/830 825/845/825 824/844/824 
f 828/848/828 825/845/825 830/852/830 831/853/831 
f 831/853/831 830/852/830 207/215/207 213/221/213 
f 213/221/213 176/184/176 712/854/712 831/853/831 
f 831/853/831 712/854/712 709/849/709 828/848/828 
# 797 polygons - 2 triangles

