# 3ds Max Wavefront OBJ Exporter v0.99 - (c)2007 guruware
# File Created: 29.04.2025 14:41:00

mtllib teclado.mtl

#
# object tasti035
#

v  2.7057 0.0508 0.9148
v  2.7024 0.0508 -0.9175
v  -2.5410 0.0508 -0.9082
v  2.7024 -0.0863 -0.9175
v  2.7057 -0.0863 0.9148
v  -2.5377 -0.0863 0.9241
v  -2.5410 -0.0863 -0.9082
v  -2.5377 0.0508 0.9241
v  -0.2842 0.0978 0.5094
v  -0.2836 0.0978 0.8515
v  0.0832 0.0978 0.5087
v  0.0838 0.0978 0.8509
v  2.5990 0.0978 0.1702
v  2.5986 0.0978 -0.0784
v  2.2870 0.0978 -0.0779
v  -2.4602 0.0978 0.2197
v  -2.4685 0.0891 0.4690
v  -2.1216 0.0978 0.4683
v  -2.4212 0.0978 -0.0651
v  -2.4208 0.0978 0.1747
v  -2.1221 0.0978 0.1742
v  -1.7834 0.0978 0.4677
v  -1.7838 0.0978 0.2185
v  -2.1220 0.0978 0.2191
v  1.9791 0.0978 0.2220
v  1.9795 0.0978 0.4509
v  2.2879 0.0978 0.4503
v  1.9754 0.0978 -0.0773
v  1.9758 0.0978 0.1713
v  2.2874 0.0978 0.1707
v  -1.8235 0.0978 0.1736
v  -1.8239 0.0978 -0.0662
v  -2.1226 0.0978 -0.0656
v  -0.9522 0.0978 0.5105
v  -0.9519 0.0978 0.6653
v  -0.2836 0.0891 0.8603
v  -0.9516 0.0201 0.8615
v  0.0839 0.0201 0.8596
v  0.7519 0.0978 0.8497
v  0.7515 0.0978 0.6623
v  0.4507 0.0978 0.5081
v  2.5963 0.0978 0.4498
v  2.5959 0.0978 0.2209
v  2.2875 0.0978 0.2215
v  -1.3467 0.0978 -0.3758
v  -1.3463 0.0978 -0.1161
v  -1.0617 0.0978 -0.1166
v  1.5930 0.0978 -0.3810
v  1.5934 0.0978 -0.1213
v  1.8780 0.0978 -0.1219
v  0.1231 0.0978 -0.3784
v  0.1236 0.0978 -0.1187
v  0.4081 0.0978 -0.1192
v  2.6129 0.0978 -0.1231
v  2.6125 0.0978 -0.3828
v  2.3279 0.0978 -0.3823
v  -1.0622 0.0978 -0.3763
v  -0.3268 0.0978 -0.1179
v  -0.3272 0.0978 -0.3776
v  -0.6118 0.0978 -0.3771
v  0.8580 0.0978 -0.3797
v  0.8585 0.0978 -0.1200
v  1.1431 0.0978 -0.1205
v  0.4077 0.0978 -0.3789
v  -0.6113 0.0978 -0.1174
v  -2.4491 0.0978 -0.3738
v  -2.4486 0.0978 -0.1142
v  -2.1641 0.0978 -0.1146
v  -1.7142 0.0978 -0.3751
v  -1.7137 0.0978 -0.1154
v  -1.4292 0.0978 -0.1160
v  -2.1646 0.0978 -0.3743
v  -1.4297 0.0978 -0.3756
v  0.4906 0.0978 -0.3790
v  0.4910 0.0978 -0.1194
v  0.7756 0.0978 -0.1199
v  0.7752 0.0978 -0.3795
v  1.5105 0.0978 -0.1212
v  1.5101 0.0978 -0.3808
v  1.2255 0.0978 -0.3803
v  -1.7966 0.0978 -0.1153
v  -1.7971 0.0978 -0.3749
v  -2.0817 0.0978 -0.3745
v  1.1426 0.0978 -0.3802
v  2.2455 0.0978 -0.1225
v  2.2450 0.0978 -0.3822
v  1.9604 0.0978 -0.3816
v  0.0407 0.0978 -0.1186
v  0.0402 0.0978 -0.3782
v  -0.2443 0.0978 -0.3777
v  -2.0812 0.0978 -0.1148
v  -0.9793 0.0978 -0.3764
v  -0.9788 0.0978 -0.1168
v  -0.6943 0.0978 -0.1173
v  2.3284 0.0978 -0.1227
v  -0.2439 0.0978 -0.1181
v  -0.6947 0.0978 -0.3769
v  1.8775 0.0978 -0.3815
v  1.9609 0.0978 -0.1220
v  1.2260 0.0978 -0.1207
v  -0.2438 0.0978 -0.0783
v  -0.2434 0.0978 0.1802
v  0.0412 0.0978 0.1796
v  -0.9787 0.0978 -0.0770
v  -0.9783 0.0978 0.1815
v  -0.6937 0.0978 0.1810
v  1.1436 0.0978 0.1777
v  1.1431 0.0978 -0.0808
v  0.8586 0.0978 -0.0802
v  -1.4286 0.0978 0.1823
v  -1.4291 0.0978 -0.0762
v  -1.7137 0.0978 -0.0757
v  0.4911 0.0978 -0.0796
v  0.4916 0.0978 0.1789
v  0.7761 0.0978 0.1783
v  1.5935 0.0978 -0.0816
v  1.5940 0.0978 0.1769
v  1.8785 0.0978 0.1764
v  -0.6942 0.0978 -0.0775
v  0.4087 0.0978 0.1790
v  0.4082 0.0978 -0.0794
v  0.1237 0.0978 -0.0789
v  1.8781 0.0978 -0.0820
v  0.0407 0.0978 -0.0788
v  0.8591 0.0978 0.1782
v  0.1241 0.0978 0.1795
v  0.7757 0.0978 -0.0801
v  -1.7132 0.0978 0.1828
v  -1.0612 0.0978 0.1816
v  -1.0616 0.0978 -0.0768
v  -1.3462 0.0978 -0.0763
v  -0.6112 0.0978 -0.0776
v  -0.6108 0.0978 0.1808
v  -0.3262 0.0978 0.1803
v  1.2261 0.0978 -0.0809
v  1.2265 0.0978 0.1775
v  1.5111 0.0978 0.1771
v  1.5106 0.0978 -0.0814
v  -0.3267 0.0978 -0.0781
v  -1.3457 0.0978 0.1821
v  -0.6517 0.0978 0.5100
v  -0.2842 0.0891 0.5006
v  0.0832 0.0201 0.4999
v  -0.9523 0.0201 0.5018
v  0.4513 0.0978 0.8502
v  2.2449 0.0978 -0.4219
v  2.2445 0.0978 -0.6647
v  1.9599 0.0978 -0.6642
v  1.5100 0.0978 -0.4206
v  1.5096 0.0978 -0.6634
v  1.2250 0.0978 -0.6629
v  -0.6948 0.0978 -0.4167
v  -0.6952 0.0978 -0.6595
v  -0.9798 0.0978 -0.6590
v  -1.4297 0.0978 -0.4154
v  -1.4301 0.0978 -0.6582
v  -1.7147 0.0978 -0.6577
v  0.1226 0.0978 -0.6610
v  0.1231 0.0978 -0.4181
v  0.4076 0.0978 -0.4187
v  0.8576 0.0978 -0.6623
v  0.8580 0.0978 -0.4195
v  1.1425 0.0978 -0.4200
v  -1.7143 0.0978 -0.4149
v  0.4159 0.0891 -0.6615
v  2.3274 0.0978 -0.6649
v  2.3278 0.0978 -0.4221
v  2.6124 0.0978 -0.4226
v  0.4901 0.0978 -0.6616
v  0.4905 0.0978 -0.4188
v  0.7751 0.0978 -0.4193
v  1.5925 0.0978 -0.6636
v  1.5929 0.0978 -0.4208
v  1.8775 0.0978 -0.4213
v  -2.4496 0.0978 -0.6564
v  -2.4492 0.0978 -0.4136
v  -2.1646 0.0978 -0.4141
v  -0.3273 0.0978 -0.4174
v  -0.3277 0.0978 -0.6602
v  -0.6123 0.0978 -0.6596
v  -1.3472 0.0978 -0.6583
v  -1.3468 0.0978 -0.4156
v  -1.0622 0.0978 -0.4161
v  -0.2448 0.0978 -0.6603
v  -0.2444 0.0978 -0.4175
v  0.0402 0.0978 -0.4180
v  -0.6119 0.0978 -0.4169
v  -2.0822 0.0978 -0.6571
v  -2.0817 0.0978 -0.4142
v  -1.7972 0.0978 -0.4148
v  -1.7976 0.0978 -0.6575
v  0.0397 0.0978 -0.6608
v  1.1421 0.0978 -0.6628
v  1.8770 0.0978 -0.6641
v  -0.9793 0.0978 -0.4162
v  -1.0627 0.0978 -0.6589
v  2.6119 0.0978 -0.6654
v  -2.1650 0.0978 -0.6569
v  1.9604 0.0978 -0.4214
v  1.2255 0.0978 -0.4201
v  0.7746 0.0978 -0.6621
v  1.8790 0.0978 0.4571
v  1.8786 0.0978 0.2162
v  1.5940 0.0978 0.2167
v  0.4916 0.0978 0.2186
v  0.4921 0.0978 0.4595
v  0.7766 0.0978 0.4590
v  -1.3457 0.0978 0.2219
v  -1.3452 0.0978 0.4628
v  -1.0607 0.0978 0.4623
v  1.1441 0.0978 0.4584
v  1.1437 0.0978 0.2175
v  0.8591 0.0978 0.2180
v  -0.3258 0.0978 0.4610
v  -0.3262 0.0978 0.2201
v  -0.6107 0.0978 0.2206
v  0.4092 0.0978 0.4597
v  0.4087 0.0978 0.2188
v  0.1242 0.0978 0.2193
v  0.1246 0.0978 0.4602
v  0.8595 0.0978 0.4589
v  -1.7131 0.0978 0.2226
v  -1.7127 0.0978 0.4634
v  -1.4282 0.0978 0.4630
v  -1.0611 0.0978 0.2214
v  0.0417 0.0978 0.4603
v  0.0413 0.0978 0.2194
v  -0.2433 0.0978 0.2199
v  0.7762 0.0978 0.2182
v  -1.4286 0.0978 0.2221
v  -0.9782 0.0978 0.2213
v  -0.9778 0.0978 0.4621
v  -0.6932 0.0978 0.4616
v  -0.2428 0.0978 0.4608
v  -0.6103 0.0978 0.4615
v  1.5116 0.0978 0.4577
v  1.5111 0.0978 0.2168
v  1.2266 0.0978 0.2174
v  -0.6937 0.0978 0.2207
v  1.5945 0.0978 0.4576
v  1.2270 0.0978 0.4582
v  -1.3448 0.0978 0.6859
v  -1.3445 0.0978 0.8621
v  -1.0600 0.0978 0.8616
v  -1.0603 0.0978 0.6854
v  1.5949 0.0978 0.6807
v  1.5952 0.0978 0.8568
v  1.8797 0.0978 0.8564
v  -2.0798 0.0978 0.6872
v  -2.0795 0.0978 0.8634
v  -1.7949 0.0978 0.8629
v  0.8599 0.0978 0.6820
v  0.8603 0.0978 0.8582
v  1.1448 0.0978 0.8576
v  1.5123 0.0978 0.8570
v  1.5120 0.0978 0.6809
v  1.2274 0.0978 0.6814
v  -2.4472 0.0978 0.6879
v  -2.4469 0.0978 0.8640
v  -2.1623 0.0978 0.8635
v  2.3298 0.0978 0.6794
v  2.3301 0.0978 0.8556
v  2.6146 0.0978 0.8550
v  2.2472 0.0978 0.8557
v  2.2469 0.0978 0.6795
v  1.9623 0.0978 0.6801
v  1.8794 0.0978 0.6802
v  -1.7952 0.0978 0.6867
v  -1.7123 0.0978 0.6866
v  -1.7120 0.0978 0.8627
v  -1.4274 0.0978 0.8622
v  1.2277 0.0978 0.8575
v  1.1445 0.0978 0.6815
v  2.6144 0.0978 0.6789
v  -2.1627 0.0978 0.6874
v  -1.4278 0.0978 0.6861
v  1.9626 0.0978 0.8562
v  -2.0825 0.0978 -0.8491
v  -2.0822 0.0978 -0.6968
v  -1.7977 0.0978 -0.6974
v  2.2444 0.0978 -0.7045
v  2.2442 0.0978 -0.8568
v  1.9596 0.0978 -0.8562
v  -1.4302 0.0978 -0.6980
v  -1.4305 0.0978 -0.8502
v  -1.7150 0.0978 -0.8497
v  1.5095 0.0978 -0.7032
v  1.5092 0.0978 -0.8555
v  1.2247 0.0978 -0.8549
v  0.7745 0.0978 -0.7019
v  0.7743 0.0978 -0.8541
v  0.4897 0.0978 -0.8537
v  -0.6127 0.0978 -0.8517
v  -0.6124 0.0978 -0.6994
v  -0.3278 0.0978 -0.7000
v  0.8572 0.0978 -0.8543
v  0.8575 0.0978 -0.7021
v  1.1420 0.0978 -0.7026
v  -1.3476 0.0978 -0.8504
v  -1.3473 0.0978 -0.6982
v  -1.0628 0.0978 -0.6986
v  2.3271 0.0978 -0.8569
v  2.3273 0.0978 -0.7047
v  2.6119 0.0978 -0.7052
v  0.0396 0.0978 -0.7006
v  0.0394 0.0978 -0.8529
v  -0.2452 0.0978 -0.8523
v  -0.6953 0.0978 -0.6993
v  -0.6955 0.0978 -0.8515
v  -0.9801 0.0978 -0.8510
v  0.1223 0.0978 -0.8530
v  0.1226 0.0978 -0.7007
v  0.4071 0.0978 -0.7013
v  -0.9798 0.0978 -0.6988
v  -0.2449 0.0978 -0.7001
v  0.4069 0.0978 -0.8535
v  -1.7979 0.0978 -0.8496
v  1.1418 0.0978 -0.8548
v  0.4900 0.0978 -0.7014
v  -1.0630 0.0978 -0.8509
v  -1.7147 0.0978 -0.6975
v  -0.3281 0.0978 -0.8522
v  1.2249 0.0978 -0.7027
v  1.8770 0.0978 -0.7039
v  1.8767 0.0978 -0.8561
v  1.5921 0.0978 -0.8556
v  2.6116 0.0978 -0.8574
v  1.5924 0.0978 -0.7034
v  -2.1651 0.0978 -0.6967
v  -2.1654 0.0978 -0.8489
v  -2.4500 0.0978 -0.8484
v  -2.4497 0.0978 -0.6962
v  1.9599 0.0978 -0.7040
v  -2.1220 0.0891 0.2104
v  -1.7751 0.0201 0.2185
v  -2.4602 0.0201 0.2110
v  -1.7834 0.0201 0.4765
v  -2.1216 0.0891 0.4771
v  -2.4598 0.0891 0.4777
v  1.5119 0.0978 0.6411
v  1.5116 0.0978 0.4975
v  1.2271 0.0978 0.4980
v  -1.7126 0.0978 0.5032
v  -1.7124 0.0978 0.6468
v  -1.4278 0.0978 0.6463
v  1.9620 0.0978 0.4967
v  1.9623 0.0978 0.6403
v  2.2468 0.0978 0.6398
v  1.1444 0.0978 0.6417
v  1.1442 0.0978 0.4982
v  0.8596 0.0978 0.4987
v  -1.4281 0.0978 0.5027
v  2.2465 0.0978 0.4962
v  1.2274 0.0978 0.6416
v  -1.0603 0.0978 0.6456
v  -1.0606 0.0978 0.5021
v  -1.3452 0.0978 0.5026
v  -1.3449 0.0978 0.6461
v  0.8599 0.0978 0.6422
v  2.2874 0.0891 0.1795
v  1.9671 0.0201 0.1713
v  2.5990 0.0201 0.1790
v  2.2870 0.0891 -0.0866
v  2.5986 0.0201 -0.0872
v  1.9754 0.0201 -0.0861
v  2.2879 0.0891 0.4591
v  1.9795 0.0201 0.4597
v  2.5963 0.0201 0.4586
v  2.2875 0.0891 0.2127
v  2.6047 0.0201 0.2209
v  1.9791 0.0201 0.2132
v  -2.1226 0.0891 -0.0744
v  -1.8152 0.0201 -0.0662
v  -2.4212 0.0201 -0.0739
v  -2.1221 0.0891 0.1829
v  -2.4208 0.0201 0.1835
v  -1.8235 0.0201 0.1824
v  0.4507 0.0891 0.4993
v  0.7600 0.0201 0.5075
v  0.4513 0.0891 0.8590
v  0.7519 0.0201 0.8585
v  -0.6511 0.0891 0.8610
v  -0.6511 0.0978 0.8522
v  -0.6517 0.0891 0.5013
v  -0.9607 0.0891 0.6654
v  -0.9604 0.0201 0.8527
v  -0.9516 0.0978 0.8527
v  -2.5497 -0.0776 -0.9081
v  -2.5465 -0.0776 0.9241
v  -2.5465 0.0420 0.9241
v  2.7057 0.0420 0.9235
v  -2.5377 0.0420 0.9329
v  -2.5377 -0.0776 0.9329
v  2.7145 -0.0776 0.9147
v  2.7112 -0.0776 -0.9175
v  2.7112 0.0420 -0.9175
v  -2.5410 0.0420 -0.9169
v  2.7024 0.0420 -0.9262
v  2.7024 -0.0776 -0.9262
v  2.7145 0.0420 0.9147
v  2.7057 -0.0776 0.9235
v  -2.5410 -0.0776 -0.9169
v  -2.5497 0.0420 -0.9081
v  0.7513 0.0978 0.5075
v  0.7603 0.0891 0.6623
v  0.7606 0.0201 0.8497
v  -2.4491 0.0201 -0.3826
v  -2.4491 0.0891 -0.3826
v  -2.1646 0.0891 -0.3830
v  -2.4579 0.0891 -0.3738
v  -2.4574 0.0201 -0.1141
v  -2.1641 0.0201 -0.1059
v  -2.1641 0.0891 -0.1059
v  -2.4486 0.0891 -0.1054
v  -2.1553 0.0891 -0.1147
v  -2.1558 0.0201 -0.3743
v  -1.7142 0.0201 -0.3839
v  -1.7142 0.0891 -0.3839
v  -1.4297 0.0891 -0.3844
v  -1.7230 0.0891 -0.3751
v  -1.7225 0.0201 -0.1154
v  0.4818 0.0891 -0.3790
v  0.4906 0.0201 -0.3878
v  0.4823 0.0201 -0.1194
v  0.4906 0.0891 -0.3878
v  0.7751 0.0891 -0.3883
v  0.4087 0.0201 0.1878
v  0.4087 0.0891 0.1878
v  0.1241 0.0891 0.1883
v  0.4175 0.0891 0.1790
v  0.4170 0.0201 -0.0795
v  0.8586 0.0201 -0.0890
v  0.8586 0.0891 -0.0890
v  1.1431 0.0891 -0.0895
v  0.8498 0.0891 -0.0802
v  0.8503 0.0201 0.1782
v  0.1149 0.0891 -0.0789
v  0.1237 0.0201 -0.0877
v  0.1154 0.0201 0.1795
v  0.1237 0.0891 -0.0877
v  0.4082 0.0891 -0.0882
v  0.4901 0.0201 -0.6704
v  0.4901 0.0891 -0.6704
v  0.7746 0.0891 -0.6709
v  0.4813 0.0891 -0.6616
v  0.4818 0.0201 -0.4188
v  2.3186 0.0891 -0.6649
v  2.3274 0.0201 -0.6737
v  2.3191 0.0201 -0.4221
v  2.3274 0.0891 -0.6737
v  2.6119 0.0891 -0.6741
v  -1.3472 0.0201 -0.6671
v  -1.3472 0.0891 -0.6671
v  -1.0627 0.0891 -0.6676
v  -1.3560 0.0891 -0.6583
v  -1.3555 0.0201 -0.4155
v  -0.6123 0.0201 -0.6684
v  -0.6123 0.0891 -0.6684
v  -0.3278 0.0891 -0.6689
v  -0.6211 0.0891 -0.6596
v  -0.6206 0.0201 -0.4169
v  -0.2536 0.0891 -0.6603
v  -0.2448 0.0201 -0.6691
v  -0.2532 0.0201 -0.4175
v  -0.2448 0.0891 -0.6691
v  0.0397 0.0891 -0.6696
v  0.8503 0.0891 0.2180
v  0.8591 0.0201 0.2092
v  0.8508 0.0201 0.4589
v  0.8591 0.0891 0.2092
v  1.1437 0.0891 0.2087
v  -0.9782 0.0201 0.2125
v  -0.9782 0.0891 0.2125
v  -0.6937 0.0891 0.2120
v  -0.9870 0.0891 0.2213
v  -0.9865 0.0201 0.4621
v  -1.7131 0.0201 0.2138
v  -1.7131 0.0891 0.2138
v  -1.4286 0.0891 0.2133
v  -1.7219 0.0891 0.2226
v  -1.7215 0.0201 0.4635
v  0.1242 0.0201 0.2105
v  0.1242 0.0891 0.2105
v  0.4087 0.0891 0.2100
v  0.1154 0.0891 0.2193
v  0.1158 0.0201 0.4602
v  -0.6118 0.0201 -0.3858
v  -0.6118 0.0891 -0.3858
v  -0.3272 0.0891 -0.3863
v  -0.6206 0.0891 -0.3770
v  -0.6201 0.0201 -0.1174
v  -1.4204 0.0891 -0.1160
v  -1.4292 0.0201 -0.1072
v  -1.4209 0.0201 -0.3756
v  -1.4292 0.0891 -0.1072
v  -1.7137 0.0891 -0.1067
v  1.5935 0.0201 -0.0903
v  1.5935 0.0891 -0.0903
v  1.8780 0.0891 -0.0908
v  1.5847 0.0891 -0.0815
v  1.5852 0.0201 0.1769
v  -0.6937 0.0201 0.1897
v  -0.6937 0.0891 0.1897
v  -0.9783 0.0891 0.1902
v  -0.6849 0.0891 0.1809
v  -0.6854 0.0201 -0.0775
v  0.0500 0.0891 0.1796
v  0.0412 0.0201 0.1884
v  0.0495 0.0201 -0.0788
v  0.0412 0.0891 0.1884
v  -0.2433 0.0891 0.1889
v  2.5963 0.0891 0.4586
v  2.6051 0.0891 0.4498
v  0.7756 0.0201 -0.1111
v  0.7756 0.0891 -0.1111
v  0.4911 0.0891 -0.1106
v  0.7844 0.0891 -0.1199
v  0.7839 0.0201 -0.3795
v  1.5193 0.0891 -0.1212
v  1.5105 0.0201 -0.1124
v  1.5188 0.0201 -0.3808
v  1.5105 0.0891 -0.1124
v  1.2260 0.0891 -0.1119
v  1.5925 0.0201 -0.6723
v  1.5925 0.0891 -0.6723
v  1.8770 0.0891 -0.6729
v  1.5837 0.0891 -0.6635
v  1.5842 0.0201 -0.4208
v  -0.3258 0.0201 0.4698
v  -0.3258 0.0891 0.4698
v  -0.6103 0.0891 0.4702
v  -0.3170 0.0891 0.4610
v  -0.3174 0.0201 0.2201
v  -2.4496 0.0201 -0.6652
v  -2.4496 0.0891 -0.6652
v  -2.1651 0.0891 -0.6656
v  -2.4584 0.0891 -0.6564
v  -2.4579 0.0201 -0.4136
v  -0.3273 0.0201 -0.4086
v  -0.3273 0.0891 -0.4086
v  -0.6119 0.0891 -0.4081
v  -0.3185 0.0891 -0.4174
v  -0.3190 0.0201 -0.6602
v  0.7766 0.0201 0.4678
v  0.7766 0.0891 0.4678
v  0.4921 0.0891 0.4683
v  0.7854 0.0891 0.4590
v  0.7849 0.0201 0.2181
v  -1.0519 0.0891 0.4623
v  -1.0607 0.0201 0.4711
v  -1.0524 0.0201 0.2214
v  -1.0607 0.0891 0.4711
v  -1.3452 0.0891 0.4716
v  0.0505 0.0891 0.4603
v  0.0417 0.0201 0.4691
v  0.0500 0.0201 0.2194
v  0.0417 0.0891 0.4691
v  -0.2428 0.0891 0.4696
v  -1.0617 0.0201 -0.1079
v  -1.0617 0.0891 -0.1079
v  -1.3462 0.0891 -0.1073
v  -1.0529 0.0891 -0.1166
v  -1.0534 0.0201 -0.3763
v  1.1436 0.0201 0.1864
v  1.1436 0.0891 0.1864
v  0.8591 0.0891 0.1870
v  1.1524 0.0891 0.1777
v  1.1519 0.0201 -0.0808
v  0.4081 0.0201 -0.1104
v  0.4081 0.0891 -0.1104
v  0.1236 0.0891 -0.1100
v  0.4169 0.0891 -0.1192
v  0.4164 0.0201 -0.3789
v  1.8785 0.0201 0.1852
v  1.8785 0.0891 0.1852
v  1.5940 0.0891 0.1856
v  1.8873 0.0891 0.1764
v  1.8868 0.0201 -0.0820
v  -2.4602 0.0891 0.2110
v  -2.4690 0.0891 0.2198
v  -2.4685 0.0201 0.4690
v  0.0494 0.0891 -0.1186
v  0.0407 0.0201 -0.1098
v  0.0490 0.0201 -0.3783
v  0.0407 0.0891 -0.1098
v  -0.2439 0.0891 -0.1093
v  2.2542 0.0891 -0.1225
v  2.2455 0.0201 -0.1137
v  2.2538 0.0201 -0.3822
v  2.2455 0.0891 -0.1137
v  1.9609 0.0891 -0.1132
v  -0.2531 0.0891 -0.3777
v  -0.2444 0.0201 -0.3865
v  -0.2526 0.0201 -0.1181
v  -0.2444 0.0891 -0.3865
v  0.0402 0.0891 -0.3870
v  1.5111 0.0201 0.1858
v  1.5111 0.0891 0.1858
v  1.2265 0.0891 0.1863
v  1.5198 0.0891 0.1770
v  1.5194 0.0201 -0.0814
v  -0.3262 0.0201 0.1891
v  -0.3262 0.0891 0.1891
v  -0.6108 0.0891 0.1896
v  -0.3175 0.0891 0.1803
v  -0.3179 0.0201 -0.0781
v  1.2260 0.0201 -0.0897
v  1.2260 0.0891 -0.0897
v  1.5106 0.0891 -0.0901
v  1.2173 0.0891 -0.0809
v  1.2178 0.0201 0.1775
v  -0.6200 0.0891 -0.0776
v  -0.6113 0.0201 -0.0864
v  -0.6196 0.0201 0.1808
v  -0.6113 0.0891 -0.0864
v  -0.3267 0.0891 -0.0869
v  -0.6948 0.0201 -0.4080
v  -0.6948 0.0891 -0.4080
v  -0.9793 0.0891 -0.4074
v  -0.6860 0.0891 -0.4167
v  -0.6864 0.0201 -0.6595
v  0.4076 0.0201 -0.4099
v  0.4076 0.0891 -0.4099
v  0.1231 0.0891 -0.4094
v  0.4164 0.0891 -0.4187
v  0.4159 0.0201 -0.6615
v  -1.8235 0.0891 0.1824
v  -1.8147 0.0891 0.1736
v  1.5930 0.0201 -0.3897
v  1.5930 0.0891 -0.3897
v  1.8775 0.0891 -0.3903
v  1.5842 0.0891 -0.3810
v  1.5847 0.0201 -0.1213
v  -1.3467 0.0201 -0.3845
v  -1.3467 0.0891 -0.3845
v  -1.0622 0.0891 -0.3850
v  -1.3555 0.0891 -0.3758
v  -1.3550 0.0201 -0.1161
v  0.1231 0.0201 -0.3871
v  0.1231 0.0891 -0.3871
v  0.4077 0.0891 -0.3876
v  0.1143 0.0891 -0.3784
v  0.1148 0.0201 -0.1187
v  -0.2438 0.0201 -0.0870
v  -0.2438 0.0891 -0.0870
v  0.0407 0.0891 -0.0875
v  -0.2526 0.0891 -0.0783
v  -0.2521 0.0201 0.1802
v  -0.9787 0.0201 -0.0857
v  -0.9787 0.0891 -0.0857
v  -0.6942 0.0891 -0.0862
v  -0.9875 0.0891 -0.0770
v  -0.9870 0.0201 0.1815
v  -1.0535 0.0891 -0.4161
v  -1.0622 0.0201 -0.4073
v  -1.0539 0.0201 -0.6589
v  -1.0622 0.0891 -0.4073
v  -1.3468 0.0891 -0.4068
v  1.8775 0.0201 -0.4125
v  1.8775 0.0891 -0.4125
v  1.5929 0.0891 -0.4120
v  1.8862 0.0891 -0.4213
v  1.8858 0.0201 -0.6641
v  0.7751 0.0201 -0.4106
v  0.7751 0.0891 -0.4106
v  0.4905 0.0891 -0.4100
v  0.7838 0.0891 -0.4194
v  0.7834 0.0201 -0.6621
v  2.6124 0.0201 -0.4138
v  2.6124 0.0891 -0.4138
v  2.3279 0.0891 -0.4133
v  2.6211 0.0891 -0.4226
v  2.6207 0.0201 -0.6654
v  1.1426 0.0201 -0.4112
v  1.1426 0.0891 -0.4112
v  0.8580 0.0891 -0.4107
v  1.1513 0.0891 -0.4200
v  1.1509 0.0201 -0.6628
v  -0.6845 0.0891 0.4616
v  -0.6932 0.0201 0.4704
v  -0.6849 0.0201 0.2207
v  -0.6932 0.0891 0.4704
v  -0.9777 0.0891 0.4709
v  1.5203 0.0891 0.4577
v  1.5116 0.0201 0.4665
v  1.5199 0.0201 0.2168
v  1.5116 0.0891 0.4665
v  1.2270 0.0891 0.4670
v  2.6129 0.0201 -0.1144
v  2.6129 0.0891 -0.1144
v  2.3284 0.0891 -0.1139
v  2.6217 0.0891 -0.1231
v  2.6212 0.0201 -0.3828
v  -0.3180 0.0891 -0.1179
v  -0.3268 0.0201 -0.1092
v  -0.3185 0.0201 -0.3776
v  -0.3268 0.0891 -0.1092
v  -0.6113 0.0891 -0.1086
v  -0.6195 0.0891 0.2206
v  -0.6108 0.0201 0.2118
v  -0.6191 0.0201 0.4615
v  -0.6108 0.0891 0.2118
v  -0.3262 0.0891 0.2113
v  1.2265 0.0201 0.2086
v  1.2265 0.0891 0.2086
v  1.5111 0.0891 0.2081
v  1.2178 0.0891 0.2174
v  1.2182 0.0201 0.4582
v  -1.4281 0.0201 0.4717
v  -1.4281 0.0891 0.4717
v  -1.7127 0.0891 0.4722
v  -1.4194 0.0891 0.4629
v  -1.4198 0.0201 0.2220
v  -1.7966 0.0201 -0.1065
v  -1.7966 0.0891 -0.1065
v  -2.0812 0.0891 -0.1061
v  -1.7879 0.0891 -0.1153
v  -1.7883 0.0201 -0.3750
v  1.1431 0.0201 -0.1118
v  1.1431 0.0891 -0.1118
v  0.8585 0.0891 -0.1113
v  1.1518 0.0891 -0.1206
v  1.1514 0.0201 -0.3802
v  1.8780 0.0201 -0.1131
v  1.8780 0.0891 -0.1131
v  1.5935 0.0891 -0.1126
v  1.8867 0.0891 -0.1219
v  1.8863 0.0201 -0.3815
v  2.2537 0.0891 -0.4219
v  2.2449 0.0201 -0.4132
v  2.2533 0.0201 -0.6648
v  2.2449 0.0891 -0.4132
v  1.9604 0.0891 -0.4127
v  -0.9793 0.0201 -0.3852
v  -0.9793 0.0891 -0.3852
v  -0.6947 0.0891 -0.3857
v  -0.9880 0.0891 -0.3764
v  -0.9876 0.0201 -0.1167
v  1.9517 0.0891 -0.3816
v  1.9604 0.0201 -0.3904
v  1.9521 0.0201 -0.1220
v  1.9604 0.0891 -0.3904
v  2.2450 0.0891 -0.3909
v  1.2255 0.0201 -0.3891
v  1.2255 0.0891 -0.3891
v  1.5101 0.0891 -0.3896
v  1.2168 0.0891 -0.3803
v  1.2172 0.0201 -0.1207
v  2.3192 0.0891 -0.3823
v  2.3279 0.0201 -0.3911
v  2.3196 0.0201 -0.1226
v  2.3279 0.0891 -0.3911
v  2.6124 0.0891 -0.3916
v  -0.6855 0.0891 -0.1173
v  -0.6942 0.0201 -0.1085
v  -0.6860 0.0201 -0.3769
v  -0.6942 0.0891 -0.1085
v  -0.9788 0.0891 -0.1080
v  -1.3549 0.0891 -0.0763
v  -1.3462 0.0201 -0.0851
v  -1.3545 0.0201 0.1821
v  -1.3462 0.0891 -0.0851
v  -1.0617 0.0891 -0.0856
v  -1.0524 0.0891 0.1816
v  -1.0611 0.0201 0.1904
v  -1.0529 0.0201 -0.0768
v  -1.0611 0.0891 0.1904
v  -1.3457 0.0891 0.1909
v  -1.7834 0.0891 0.4765
v  -1.7747 0.0891 0.4677
v  -1.4297 0.0201 -0.4067
v  -1.4297 0.0891 -0.4067
v  -1.7143 0.0891 -0.4061
v  -1.4209 0.0891 -0.4154
v  -1.4214 0.0201 -0.6582
v  2.5990 0.0891 0.1790
v  2.6077 0.0891 0.1702
v  2.6073 0.0201 -0.0784
v  1.9754 0.0891 -0.0861
v  1.9667 0.0891 -0.0773
v  0.0402 0.0201 -0.4092
v  0.0402 0.0891 -0.4092
v  -0.2444 0.0891 -0.4088
v  0.0489 0.0891 -0.4180
v  0.0485 0.0201 -0.6608
v  -1.7884 0.0891 -0.4148
v  -1.7971 0.0201 -0.4060
v  -1.7888 0.0201 -0.6576
v  -1.7971 0.0891 -0.4060
v  -2.0817 0.0891 -0.4055
v  -0.9885 0.0891 -0.6590
v  -0.9798 0.0201 -0.6678
v  -0.9881 0.0201 -0.4162
v  -0.9798 0.0891 -0.6678
v  -0.6952 0.0891 -0.6683
v  1.2250 0.0201 -0.6717
v  1.2250 0.0891 -0.6717
v  1.5095 0.0891 -0.6722
v  1.2163 0.0891 -0.6629
v  1.2167 0.0201 -0.4201
v  1.9512 0.0891 -0.6642
v  1.9599 0.0201 -0.6730
v  1.9516 0.0201 -0.4214
v  1.9599 0.0891 -0.6730
v  2.2445 0.0891 -0.6735
v  -2.1646 0.0201 -0.4053
v  -2.1646 0.0891 -0.4053
v  -2.4492 0.0891 -0.4048
v  -2.1559 0.0891 -0.4141
v  -2.1563 0.0201 -0.6569
v  -2.4299 0.0891 -0.0651
v  -2.4295 0.0201 0.1747
v  -2.4212 0.0891 -0.0739
v  1.5853 0.0891 0.2167
v  1.5940 0.0201 0.2079
v  1.5857 0.0201 0.4576
v  1.5940 0.0891 0.2079
v  1.8786 0.0891 0.2074
v  -2.0817 0.0201 -0.3832
v  -2.0817 0.0891 -0.3832
v  -1.7971 0.0891 -0.3837
v  -2.0904 0.0891 -0.3744
v  -2.0899 0.0201 -0.1148
v  -1.7224 0.0891 -0.0756
v  -1.7137 0.0201 -0.0844
v  -1.7220 0.0201 0.1828
v  -1.7137 0.0891 -0.0844
v  -1.4291 0.0891 -0.0849
v  0.7762 0.0201 0.1871
v  0.7762 0.0891 0.1871
v  0.4916 0.0891 0.1876
v  0.7849 0.0891 0.1783
v  0.7844 0.0201 -0.0801
v  1.5188 0.0891 -0.4206
v  1.5100 0.0201 -0.4119
v  1.5183 0.0201 -0.6634
v  1.5100 0.0891 -0.4119
v  1.2255 0.0891 -0.4114
v  1.9704 0.0891 0.2220
v  1.9708 0.0201 0.4509
v  1.9791 0.0891 0.2132
v  1.8878 0.0891 0.4571
v  1.8790 0.0201 0.4658
v  1.8873 0.0201 0.2162
v  1.8790 0.0891 0.4658
v  1.5945 0.0891 0.4663
v  -2.0822 0.0201 -0.6658
v  -2.0822 0.0891 -0.6658
v  -1.7976 0.0891 -0.6663
v  -2.0909 0.0891 -0.6570
v  -2.0905 0.0201 -0.4142
v  0.4092 0.0201 0.4684
v  0.4092 0.0891 0.4684
v  0.1246 0.0891 0.4690
v  0.4179 0.0891 0.4597
v  0.4175 0.0201 0.2188
v  -0.2520 0.0891 0.2200
v  -0.2433 0.0201 0.2112
v  -0.2516 0.0201 0.4609
v  -0.2433 0.0891 0.2112
v  0.0413 0.0891 0.2107
v  -1.4199 0.0891 0.1823
v  -1.4286 0.0201 0.1910
v  -1.4203 0.0201 -0.0762
v  -1.4286 0.0891 0.1910
v  -1.7132 0.0891 0.1915
v  -1.7123 0.0201 0.6778
v  -1.7123 0.0891 0.6778
v  -1.4278 0.0891 0.6773
v  -1.7211 0.0891 0.6866
v  -1.7207 0.0201 0.8627
v  1.2186 0.0891 0.6814
v  1.2274 0.0201 0.6726
v  1.2190 0.0201 0.8575
v  1.2274 0.0891 0.6726
v  1.5120 0.0891 0.6721
v  -2.4560 0.0891 0.6879
v  -2.4472 0.0201 0.6791
v  -2.4557 0.0201 0.8641
v  -2.4472 0.0891 0.6791
v  -2.1627 0.0891 0.6786
v  2.3210 0.0891 0.6794
v  2.3298 0.0201 0.6706
v  2.3213 0.0201 0.8556
v  2.3298 0.0891 0.6706
v  2.6143 0.0891 0.6702
v  0.8488 0.0891 -0.6623
v  0.8575 0.0201 -0.6710
v  0.8492 0.0201 -0.4195
v  0.8575 0.0891 -0.6710
v  1.1421 0.0891 -0.6715
v  0.8580 0.0201 -0.3884
v  0.8580 0.0891 -0.3884
v  1.1426 0.0891 -0.3889
v  0.8493 0.0891 -0.3797
v  0.8497 0.0201 -0.1200
v  0.4824 0.0891 -0.0796
v  0.4911 0.0201 -0.0883
v  0.4828 0.0201 0.1789
v  0.4911 0.0891 -0.0883
v  0.7757 0.0891 -0.0889
v  1.8885 0.0891 0.8563
v  1.8797 0.0201 0.8651
v  1.8882 0.0201 0.6802
v  1.8797 0.0891 0.8651
v  1.5952 0.0891 0.8656
v  2.2472 0.0201 0.8645
v  2.2472 0.0891 0.8645
v  1.9627 0.0891 0.8649
v  2.2560 0.0891 0.8557
v  2.2556 0.0201 0.6795
v  1.1448 0.0201 0.8664
v  1.1448 0.0891 0.8664
v  0.8603 0.0891 0.8669
v  1.1536 0.0891 0.8576
v  1.1532 0.0201 0.6815
v  0.1139 0.0891 -0.6610
v  0.1226 0.0201 -0.6697
v  0.1143 0.0201 -0.4181
v  0.1226 0.0891 -0.6697
v  0.4072 0.0891 -0.6702
v  -1.7234 0.0891 -0.6577
v  -1.7147 0.0201 -0.6664
v  -1.7230 0.0201 -0.4149
v  -1.7147 0.0891 -0.6664
v  -1.4301 0.0891 -0.6670
v  1.1528 0.0891 0.4584
v  1.1441 0.0201 0.4671
v  1.1524 0.0201 0.2175
v  1.1441 0.0891 0.4671
v  0.8596 0.0891 0.4676
v  -1.3457 0.0201 0.2132
v  -1.3457 0.0891 0.2132
v  -1.0611 0.0891 0.2126
v  -1.3544 0.0891 0.2219
v  -1.3540 0.0201 0.4628
v  0.4829 0.0891 0.2186
v  0.4916 0.0201 0.2099
v  0.4833 0.0201 0.4595
v  0.4916 0.0891 0.2099
v  0.7762 0.0891 0.2094
v  -1.7949 0.0201 0.8716
v  -1.7949 0.0891 0.8716
v  -2.0794 0.0891 0.8722
v  -1.7861 0.0891 0.8628
v  -1.7865 0.0201 0.6867
v  -2.1536 0.0891 0.8635
v  -2.1623 0.0201 0.8723
v  -2.1539 0.0201 0.6874
v  -2.1623 0.0891 0.8723
v  -2.4469 0.0891 0.8728
v  -1.4187 0.0891 0.8622
v  -1.4274 0.0201 0.8710
v  -1.4190 0.0201 0.6861
v  -1.4274 0.0891 0.8710
v  -1.7120 0.0891 0.8715
v  1.9536 0.0891 0.6801
v  1.9623 0.0201 0.6713
v  1.9539 0.0201 0.8562
v  1.9623 0.0891 0.6713
v  2.2469 0.0891 0.6708
v  2.6147 0.0201 0.8638
v  2.6147 0.0891 0.8638
v  2.3301 0.0891 0.8643
v  2.6234 0.0891 0.8550
v  2.6231 0.0201 0.6789
v  2.3183 0.0891 -0.8569
v  2.3271 0.0201 -0.8657
v  2.3186 0.0201 -0.7046
v  2.3271 0.0891 -0.8657
v  2.6116 0.0891 -0.8662
v  -0.2452 0.0201 -0.8611
v  -0.2452 0.0891 -0.8611
v  0.0394 0.0891 -0.8616
v  -0.2540 0.0891 -0.8523
v  -0.2537 0.0201 -0.7001
v  -0.9801 0.0201 -0.8598
v  -0.9801 0.0891 -0.8598
v  -0.6955 0.0891 -0.8603
v  -0.9889 0.0891 -0.8510
v  -0.9886 0.0201 -0.6988
v  0.0484 0.0891 -0.7006
v  0.0396 0.0201 -0.6918
v  0.0481 0.0201 -0.8529
v  0.0396 0.0891 -0.6918
v  -0.2449 0.0891 -0.6913
v  -0.6865 0.0891 -0.6993
v  -0.6953 0.0201 -0.6905
v  -0.6868 0.0201 -0.8516
v  -0.6953 0.0891 -0.6905
v  -0.9798 0.0891 -0.6900
v  1.1420 0.0201 -0.6938
v  1.1420 0.0891 -0.6938
v  0.8575 0.0891 -0.6933
v  1.1508 0.0891 -0.7026
v  1.1505 0.0201 -0.8548
v  1.5948 0.0201 0.6720
v  1.5948 0.0891 0.6720
v  1.8794 0.0891 0.6714
v  1.5861 0.0891 0.6807
v  1.5864 0.0201 0.8569
v  -1.0512 0.0891 0.8616
v  -1.0599 0.0201 0.8703
v  -1.0515 0.0201 0.6854
v  -1.0599 0.0891 0.8703
v  -1.3445 0.0891 0.8708
v  -1.3449 0.0201 0.6772
v  -1.3449 0.0891 0.6772
v  -1.0603 0.0891 0.6767
v  -1.3536 0.0891 0.6859
v  -1.3533 0.0201 0.8621
v  1.9620 0.0201 0.4879
v  1.9620 0.0891 0.4879
v  2.2465 0.0891 0.4875
v  1.9532 0.0891 0.4967
v  1.9535 0.0201 0.6403
v  -1.4302 0.0201 -0.6893
v  -1.4302 0.0891 -0.6893
v  -1.7147 0.0891 -0.6887
v  -1.4214 0.0891 -0.6980
v  -1.4217 0.0201 -0.8502
v  0.4071 0.0201 -0.6925
v  0.4071 0.0891 -0.6925
v  0.1226 0.0891 -0.6920
v  0.4159 0.0891 -0.7013
v  0.4156 0.0201 -0.8535
v  -1.7977 0.0201 -0.6886
v  -1.7977 0.0891 -0.6886
v  -2.0822 0.0891 -0.6881
v  -1.7889 0.0891 -0.6974
v  -1.7892 0.0201 -0.8496
v  0.1222 0.0201 -0.8618
v  0.1222 0.0891 -0.8618
v  0.4068 0.0891 -0.8622
v  0.1135 0.0891 -0.8530
v  0.1138 0.0201 -0.7007
v  1.8857 0.0891 -0.7039
v  1.8770 0.0201 -0.6951
v  1.8855 0.0201 -0.8561
v  1.8770 0.0891 -0.6951
v  1.5924 0.0891 -0.6946
v  2.6119 0.0201 -0.6964
v  2.6119 0.0891 -0.6964
v  2.3273 0.0891 -0.6959
v  2.6206 0.0891 -0.7052
v  2.6204 0.0201 -0.8574
v  1.2159 0.0891 -0.8549
v  1.2246 0.0201 -0.8637
v  1.2162 0.0201 -0.7027
v  1.2246 0.0891 -0.8637
v  1.5092 0.0891 -0.8642
v  -1.7238 0.0891 -0.8497
v  -1.7151 0.0201 -0.8585
v  -1.7235 0.0201 -0.6975
v  -1.7151 0.0891 -0.8585
v  -1.4305 0.0891 -0.8590
v  -2.0885 0.0891 0.6872
v  -2.0798 0.0201 0.6785
v  -2.0882 0.0201 0.8634
v  -2.0798 0.0891 0.6785
v  -1.7952 0.0891 0.6780
v  1.5123 0.0201 0.8657
v  1.5123 0.0891 0.8657
v  1.2277 0.0891 0.8663
v  1.5210 0.0891 0.8570
v  1.5207 0.0201 0.6808
v  0.8512 0.0891 0.6820
v  0.8599 0.0201 0.6733
v  0.8515 0.0201 0.8582
v  0.8599 0.0891 0.6733
v  1.1445 0.0891 0.6727
v  1.2271 0.0201 0.4893
v  1.2271 0.0891 0.4893
v  1.5116 0.0891 0.4887
v  1.2183 0.0891 0.4981
v  1.2186 0.0201 0.6416
v  2.2468 0.0201 0.6485
v  2.2468 0.0891 0.6485
v  1.9623 0.0891 0.6490
v  2.2556 0.0891 0.6397
v  2.2553 0.0201 0.4962
v  -2.0825 0.0201 -0.8578
v  -2.0825 0.0891 -0.8578
v  -1.7979 0.0891 -0.8583
v  -2.0913 0.0891 -0.8491
v  -2.0910 0.0201 -0.6968
v  1.1444 0.0201 0.6505
v  1.1444 0.0891 0.6505
v  0.8599 0.0891 0.6510
v  1.1532 0.0891 0.6417
v  1.1529 0.0201 0.4981
v  -0.3191 0.0891 -0.7000
v  -0.3278 0.0201 -0.6912
v  -0.3193 0.0201 -0.8522
v  -0.3278 0.0891 -0.6912
v  -0.6123 0.0891 -0.6907
v  -2.1564 0.0891 -0.6967
v  -2.1651 0.0201 -0.6879
v  -2.1567 0.0201 -0.8489
v  -2.1651 0.0891 -0.6879
v  -2.4497 0.0891 -0.6874
v  -2.4500 0.0201 -0.8572
v  -2.4500 0.0891 -0.8572
v  -2.1654 0.0891 -0.8577
v  -2.4587 0.0891 -0.8484
v  -2.4584 0.0201 -0.6962
v  1.5834 0.0891 -0.8556
v  1.5921 0.0201 -0.8644
v  1.5836 0.0201 -0.7034
v  1.5921 0.0891 -0.8644
v  1.8767 0.0891 -0.8649
v  1.9596 0.0201 -0.8650
v  1.9596 0.0891 -0.8650
v  2.2441 0.0891 -0.8655
v  1.9509 0.0891 -0.8562
v  1.9511 0.0201 -0.7040
v  -1.0627 0.0201 -0.6899
v  -1.0627 0.0891 -0.6899
v  -1.3473 0.0891 -0.6894
v  -1.0540 0.0891 -0.6987
v  -1.0543 0.0201 -0.8509
v  2.2532 0.0891 -0.7045
v  2.2444 0.0201 -0.6958
v  2.2529 0.0201 -0.8568
v  2.2444 0.0891 -0.6958
v  1.9599 0.0891 -0.6953
v  -1.0516 0.0891 0.6456
v  -1.0603 0.0201 0.6544
v  -1.0518 0.0201 0.5021
v  -1.0603 0.0891 0.6544
v  -1.3449 0.0891 0.6549
v  0.7746 0.0201 -0.6932
v  0.7746 0.0891 -0.6932
v  0.4900 0.0891 -0.6926
v  0.7833 0.0891 -0.7019
v  0.7831 0.0201 -0.8542
v  0.4897 0.0201 -0.8624
v  0.4897 0.0891 -0.8624
v  0.7743 0.0891 -0.8629
v  0.4810 0.0891 -0.8536
v  0.4812 0.0201 -0.7014
v  1.5119 0.0201 0.6498
v  1.5119 0.0891 0.6498
v  1.2274 0.0891 0.6503
v  1.5207 0.0891 0.6411
v  1.5204 0.0201 0.4975
v  -1.7126 0.0201 0.4945
v  -1.7126 0.0891 0.4945
v  -1.4281 0.0891 0.4940
v  -1.7214 0.0891 0.5032
v  -1.7211 0.0201 0.6468
v  1.5095 0.0201 -0.6945
v  1.5095 0.0891 -0.6945
v  1.2250 0.0891 -0.6940
v  1.5182 0.0891 -0.7032
v  1.5180 0.0201 -0.8555
v  -1.3539 0.0891 0.5026
v  -1.3452 0.0201 0.4938
v  -1.3537 0.0201 0.6461
v  -1.3452 0.0891 0.4938
v  -1.0606 0.0891 0.4933
v  0.8509 0.0891 0.4987
v  0.8596 0.0201 0.4899
v  0.8511 0.0201 0.6422
v  0.8596 0.0891 0.4899
v  1.1441 0.0891 0.4894
v  -1.4278 0.0201 0.6550
v  -1.4278 0.0891 0.6550
v  -1.7124 0.0891 0.6556
v  -1.4191 0.0891 0.6463
v  -1.4193 0.0201 0.5027
v  -0.6127 0.0201 -0.8604
v  -0.6127 0.0891 -0.8604
v  -0.3281 0.0891 -0.8610
v  -0.6214 0.0891 -0.8517
v  -0.6211 0.0201 -0.6994
v  -1.3476 0.0201 -0.8591
v  -1.3476 0.0891 -0.8591
v  -1.0630 0.0891 -0.8597
v  -1.3563 0.0891 -0.8504
v  -1.3561 0.0201 -0.6981
v  0.8485 0.0891 -0.8543
v  0.8572 0.0201 -0.8630
v  0.8487 0.0201 -0.7020
v  0.8572 0.0891 -0.8630
v  1.1418 0.0891 -0.8636
v  0.7606 0.0891 0.8497
v  0.7519 0.0891 0.8585
v  -0.9523 0.0891 0.5018
v  -0.9610 0.0891 0.5106
v  -1.3550 0.0891 -0.1161
v  0.4823 0.0891 -0.1194
v  2.3191 0.0891 -0.4221
v  -0.6201 0.0891 -0.1174
v  -0.9865 0.0891 0.4621
v  0.8503 0.0891 0.1782
v  -0.3179 0.0891 -0.0781
v  -1.4209 0.0891 -0.3756
v  -0.6196 0.0891 0.1808
v  0.1158 0.0891 0.4602
v  -0.6864 0.0891 -0.6595
v  0.8492 0.0891 -0.4195
v  -0.3174 0.0891 0.2201
v  0.0485 0.0891 -0.6608
v  1.2182 0.0891 0.4582
v  0.7834 0.0891 -0.6621
v  0.4175 0.0891 0.2188
v  -1.4190 0.0891 0.6861
v  -2.1539 0.0891 0.6874
v  -1.7235 0.0891 -0.6975
v  -1.4217 0.0891 -0.8502
v  -0.9886 0.0891 -0.6988
v  -0.2537 0.0891 -0.7001
v  2.6204 0.0891 -0.8574
v  1.8855 0.0891 -0.8561
v  -1.0518 0.0891 0.5021
v  2.6212 0.0891 -0.3828
v  0.7839 0.0891 -0.3795
v  -1.0529 0.0891 -0.0768
v  1.5183 0.0891 -0.6634
v  -1.3545 0.0891 0.1821
v  1.9521 0.0891 -0.1220
v  1.2172 0.0891 -0.1207
v  -0.9881 0.0891 -0.4162
v  -1.3540 0.0891 0.4628
v  0.4833 0.0891 0.4595
v  1.8863 0.0891 -0.3815
v  1.8858 0.0891 -0.6641
v  0.4812 0.0891 -0.7014
v  1.5836 0.0891 -0.7034
v  -1.3537 0.0891 0.6461
v  0.8511 0.0891 0.6422
v  1.8882 0.0891 0.6802
v  -0.3193 0.0891 -0.8522
v  1.5204 0.0891 0.4975
v  -0.2526 0.0891 -0.1181
v  0.1154 0.0891 0.1795
v  1.2178 0.0891 0.1775
v  0.4818 0.0891 -0.4188
v  1.5842 0.0891 -0.4208
v  -0.6206 0.0891 -0.4169
v  1.8868 0.0891 -0.0820
v  -1.7207 0.0891 0.8627
v  -2.0882 0.0891 0.8634
v  -1.7211 0.0891 0.6468
v  2.2538 0.0891 -0.3822
v  1.1519 0.0891 -0.0808
v  0.0490 0.0891 -0.3783
v  1.5194 0.0891 -0.0814
v  -2.4574 0.0891 -0.1141
v  0.4170 0.0891 -0.0795
v  -2.1558 0.0891 -0.3743
v  -1.0539 0.0891 -0.6589
v  1.5199 0.0891 0.2168
v  -0.6849 0.0891 0.2207
v  2.2533 0.0891 -0.6648
v  -1.7215 0.0891 0.4635
v  -1.4198 0.0891 0.2220
v  2.6207 0.0891 -0.6654
v  2.3213 0.0891 0.8556
v  -2.4557 0.0891 0.8641
v  1.5180 0.0891 -0.8555
v  2.2553 0.0891 0.4962
v  1.5188 0.0891 -0.3808
v  -0.6860 0.0891 -0.3769
v  -1.7230 0.0891 -0.4149
v  -2.4579 0.0891 -0.4136
v  1.8873 0.0891 0.2162
v  1.1524 0.0891 0.2175
v  -2.1567 0.0891 -0.8489
v  -2.4584 0.0891 -0.6962
v  1.2190 0.0891 0.8575
v  -0.3190 0.0891 -0.6602
v  -2.1563 0.0891 -0.6569
v  -0.9876 0.0891 -0.1167
v  2.3196 0.0891 -0.1226
v  -0.2516 0.0891 0.4609
v  2.6231 0.0891 0.6789
v  1.9539 0.0891 0.8562
v  0.8515 0.0891 0.8582
v  1.5847 0.0891 -0.1213
v  -0.2521 0.0891 0.1802
v  0.8508 0.0891 0.4589
v  -1.4203 0.0891 -0.0762
v  1.1514 0.0891 -0.3802
v  -1.7225 0.0891 -0.1154
v  0.0495 0.0891 -0.0788
v  -0.6854 0.0891 -0.0775
v  -1.0534 0.0891 -0.3763
v  1.5852 0.0891 0.1769
v  -1.7883 0.0891 -0.3750
v  0.1148 0.0891 -0.1187
v  1.1509 0.0891 -0.6628
v  -1.7888 0.0891 -0.6576
v  -0.2532 0.0891 -0.4175
v  -0.6191 0.0891 0.4615
v  2.2529 0.0891 -0.8568
v  0.4156 0.0891 -0.8535
v  0.8487 0.0891 -0.7020
v  -1.3561 0.0891 -0.6981
v  1.1529 0.0891 0.4981
v  -1.3533 0.0891 0.8621
v  -1.0515 0.0891 0.6854
v  1.5864 0.0891 0.8569
v  1.2162 0.0891 -0.7027
v  -2.0910 0.0891 -0.6968
v  0.1138 0.0891 -0.7007
v  0.7831 0.0891 -0.8542
v  1.2186 0.0891 0.6416
v  -1.4193 0.0891 0.5027
v  1.9535 0.0891 0.6403
v  0.7844 0.0891 -0.0801
v  -1.4214 0.0891 -0.6582
v  -1.0524 0.0891 0.2214
v  1.1532 0.0891 0.6815
v  -1.0543 0.0891 -0.8509
v  1.1505 0.0891 -0.8548
v  -1.3555 0.0891 -0.4155
v  0.8497 0.0891 -0.1200
v  -1.7220 0.0891 0.1828
v  0.4828 0.0891 0.1789
v  -2.0905 0.0891 -0.4142
v  1.2167 0.0891 -0.4201
v  1.9516 0.0891 -0.4214
v  0.1143 0.0891 -0.4181
v  1.5857 0.0891 0.4576
v  2.3186 0.0891 -0.7046
v  -0.6211 0.0891 -0.6994
v  1.9511 0.0891 -0.7040
v  2.2556 0.0891 0.6795
v  1.5207 0.0891 0.6808
v  -0.9870 0.0891 0.1815
v  0.0481 0.0891 -0.8529
v  -0.6868 0.0891 -0.8516
v  0.4164 0.0891 -0.3789
v  -0.3185 0.0891 -0.3776
v  -2.0899 0.0891 -0.1148
v  0.0500 0.0891 0.2194
v  0.7849 0.0891 0.2181
v  -1.7865 0.0891 0.6867
v  -1.7892 0.0891 -0.8496
v  -2.4295 0.0891 0.1747
v  -2.4208 0.0891 0.1835
v  1.9795 0.0891 0.4597
v  1.9708 0.0891 0.4509
v  2.6073 0.0891 -0.0784
v  2.5986 0.0891 -0.0872
v  -0.9516 0.0891 0.8615
v  -0.9604 0.0891 0.8527
v  2.5959 0.0891 0.2122
v  2.6047 0.0891 0.2209
v  1.9759 0.0891 0.1800
v  1.9671 0.0891 0.1713
v  -1.7839 0.0891 0.2098
v  -1.7751 0.0891 0.2185
v  -1.8152 0.0891 -0.0662
v  -1.8239 0.0891 -0.0749
v  0.7513 0.0891 0.4988
v  0.7600 0.0891 0.5075
v  0.0832 0.0891 0.4999
v  0.0839 0.0891 0.8596
# 1361 vertices

vn 0.0000 1.0000 -0.0000
vn 0.0000 -1.0000 -0.0000
vn 0.0000 0.0000 -1.0000
vn 0.0000 0.0000 1.0000
vn 1.0000 0.0000 -0.0000
vn -1.0000 0.0000 -0.0000
vn 0.7071 0.0000 -0.7071
vn 0.0000 -0.7071 -0.7071
vn 0.0000 -0.7071 0.7071
vn -0.7071 0.0000 0.7071
vn 0.0000 0.7071 -0.7071
vn -0.7071 0.0000 -0.7071
vn 0.7071 0.0000 0.7071
vn 0.0000 0.7071 0.7071
vn 0.7071 0.7071 -0.0000
vn -0.7071 0.7071 -0.0000
vn -0.7071 -0.7071 -0.0000
vn 0.7071 -0.7071 -0.0000
vn -0.5774 0.5774 -0.5773
vn 0.5774 -0.5774 -0.5773
vn -0.5774 -0.5774 0.5773
vn 0.5774 0.5774 0.5773
vn -0.5773 0.5773 -0.5774
vn 0.5774 0.5773 0.5773
vn -0.5774 0.5773 -0.5773
vn 0.5773 0.5773 0.5774
vn -0.5774 0.5773 -0.5774
vn 0.5774 0.5773 0.5774
vn -0.5774 -0.5774 -0.5773
vn 0.5774 -0.5774 0.5773
vn 0.5773 0.5773 -0.5774
vn 0.5774 0.5773 -0.5773
vn 0.5774 0.5773 -0.5774
vn -0.5774 0.5774 0.5773
vn -0.5773 0.5773 0.5774
vn -0.5774 0.5773 0.5774
vn -0.5774 0.5773 0.5773
vn 0.5774 0.5774 -0.5773
# 38 vertex normals

vt 0.5093 0.1653 0.0000
vt 0.5093 0.1465 0.0000
vt 0.5282 0.1465 0.0000
vt 0.4903 0.1465 0.0000
vt 0.4903 0.1653 0.0000
vt 0.4714 0.1653 0.0000
vt 0.4714 0.1465 0.0000
vt 0.5282 0.1653 0.0000
vt 0.4292 0.2255 0.0000
vt 0.4292 0.0316 0.0000
vt 0.4999 0.2255 0.0000
vt 0.4999 0.0316 0.0000
vt 0.9841 0.4149 0.0000
vt 0.9841 0.5558 0.0000
vt 0.9242 0.5558 0.0000
vt 0.0106 0.3919 0.0000
vt 0.0089 0.2506 0.0000
vt 0.0757 0.2506 0.0000
vt 0.0182 0.5533 0.0000
vt 0.0182 0.4174 0.0000
vt 0.0757 0.4174 0.0000
vt 0.1408 0.2506 0.0000
vt 0.1408 0.3919 0.0000
vt 0.0757 0.3919 0.0000
vt 0.8648 0.3861 0.0000
vt 0.8648 0.2564 0.0000
vt 0.9242 0.2564 0.0000
vt 0.8642 0.5558 0.0000
vt 0.8642 0.4149 0.0000
vt 0.9242 0.4149 0.0000
vt 0.1331 0.4174 0.0000
vt 0.1331 0.5533 0.0000
vt 0.0757 0.5533 0.0000
vt 0.3007 0.2255 0.0000
vt 0.3007 0.1378 0.0000
vt 0.4547 0.0904 0.0000
vt 0.4554 0.0902 0.0000
vt 0.4540 0.0910 0.0000
vt 0.6285 0.0316 0.0000
vt 0.6285 0.1378 0.0000
vt 0.5706 0.2255 0.0000
vt 0.9835 0.2564 0.0000
vt 0.9835 0.3861 0.0000
vt 0.9242 0.3861 0.0000
vt 0.2435 0.7283 0.0000
vt 0.2435 0.5811 0.0000
vt 0.2983 0.5811 0.0000
vt 0.7907 0.7283 0.0000
vt 0.7907 0.5811 0.0000
vt 0.8455 0.5811 0.0000
vt 0.5263 0.7283 0.0000
vt 0.5263 0.5811 0.0000
vt 0.5811 0.5811 0.0000
vt 0.9869 0.5811 0.0000
vt 0.9869 0.7283 0.0000
vt 0.9322 0.7283 0.0000
vt 0.2983 0.7283 0.0000
vt 0.4397 0.5811 0.0000
vt 0.4397 0.7283 0.0000
vt 0.3849 0.7283 0.0000
vt 0.6678 0.7283 0.0000
vt 0.6678 0.5811 0.0000
vt 0.7225 0.5811 0.0000
vt 0.5811 0.7283 0.0000
vt 0.3849 0.5811 0.0000
vt 0.0129 0.7283 0.0000
vt 0.0129 0.5811 0.0000
vt 0.0677 0.5811 0.0000
vt 0.1728 0.7283 0.0000
vt 0.1728 0.5811 0.0000
vt 0.2275 0.5811 0.0000
vt 0.0677 0.7283 0.0000
vt 0.2275 0.7283 0.0000
vt 0.5970 0.7283 0.0000
vt 0.5970 0.5811 0.0000
vt 0.6518 0.5811 0.0000
vt 0.6518 0.7283 0.0000
vt 0.7748 0.5811 0.0000
vt 0.7748 0.7283 0.0000
vt 0.7200 0.7283 0.0000
vt 0.1568 0.5811 0.0000
vt 0.1568 0.7283 0.0000
vt 0.1021 0.7283 0.0000
vt 0.7225 0.7283 0.0000
vt 0.9162 0.5811 0.0000
vt 0.9162 0.7283 0.0000
vt 0.8615 0.7283 0.0000
vt 0.5104 0.5811 0.0000
vt 0.5104 0.7283 0.0000
vt 0.4556 0.7283 0.0000
vt 0.1021 0.5811 0.0000
vt 0.3142 0.7283 0.0000
vt 0.3142 0.5811 0.0000
vt 0.3690 0.5811 0.0000
vt 0.9322 0.5811 0.0000
vt 0.4556 0.5811 0.0000
vt 0.3690 0.7283 0.0000
vt 0.8455 0.7283 0.0000
vt 0.8615 0.5811 0.0000
vt 0.7200 0.5811 0.0000
vt 0.4052 0.5586 0.0000
vt 0.4052 0.4121 0.0000
vt 0.4599 0.4121 0.0000
vt 0.2676 0.5586 0.0000
vt 0.2676 0.4121 0.0000
vt 0.3224 0.4121 0.0000
vt 0.6653 0.4121 0.0000
vt 0.6653 0.5586 0.0000
vt 0.6105 0.5586 0.0000
vt 0.1810 0.4121 0.0000
vt 0.1810 0.5586 0.0000
vt 0.1262 0.5586 0.0000
vt 0.5398 0.5586 0.0000
vt 0.5398 0.4121 0.0000
vt 0.5946 0.4121 0.0000
vt 0.7519 0.5586 0.0000
vt 0.7519 0.4121 0.0000
vt 0.8067 0.4121 0.0000
vt 0.3224 0.5586 0.0000
vt 0.5239 0.4121 0.0000
vt 0.5239 0.5586 0.0000
vt 0.4691 0.5586 0.0000
vt 0.8067 0.5586 0.0000
vt 0.4599 0.5586 0.0000
vt 0.6105 0.4121 0.0000
vt 0.4691 0.4121 0.0000
vt 0.5946 0.5586 0.0000
vt 0.1262 0.4121 0.0000
vt 0.2517 0.4121 0.0000
vt 0.2517 0.5586 0.0000
vt 0.1969 0.5586 0.0000
vt 0.3384 0.5586 0.0000
vt 0.3384 0.4121 0.0000
vt 0.3931 0.4121 0.0000
vt 0.6832 0.5586 0.0000
vt 0.6832 0.4121 0.0000
vt 0.7379 0.4121 0.0000
vt 0.7379 0.5586 0.0000
vt 0.3931 0.5586 0.0000
vt 0.1969 0.4121 0.0000
vt 0.3585 0.2255 0.0000
vt 0.4550 0.0903 0.0000
vt 0.4553 0.0902 0.0000
vt 0.4563 0.0899 0.0000
vt 0.5706 0.0316 0.0000
vt 0.8910 0.7508 0.0000
vt 0.8910 0.8885 0.0000
vt 0.8362 0.8885 0.0000
vt 0.7463 0.7508 0.0000
vt 0.7463 0.8885 0.0000
vt 0.6915 0.8885 0.0000
vt 0.3505 0.7508 0.0000
vt 0.3505 0.8885 0.0000
vt 0.2958 0.8885 0.0000
vt 0.2014 0.7508 0.0000
vt 0.2014 0.8885 0.0000
vt 0.1467 0.8885 0.0000
vt 0.4924 0.8885 0.0000
vt 0.4924 0.7508 0.0000
vt 0.5471 0.7508 0.0000
vt 0.6367 0.8885 0.0000
vt 0.6367 0.7508 0.0000
vt 0.6915 0.7508 0.0000
vt 0.1467 0.7508 0.0000
vt 0.5488 0.8885 0.0000
vt 0.9322 0.8885 0.0000
vt 0.9322 0.7508 0.0000
vt 0.9869 0.7508 0.0000
vt 0.5660 0.8885 0.0000
vt 0.5660 0.7508 0.0000
vt 0.6208 0.7508 0.0000
vt 0.7622 0.8885 0.0000
vt 0.7622 0.7508 0.0000
vt 0.8170 0.7508 0.0000
vt 0.0129 0.8885 0.0000
vt 0.0129 0.7508 0.0000
vt 0.0677 0.7508 0.0000
vt 0.4212 0.7508 0.0000
vt 0.4212 0.8885 0.0000
vt 0.3665 0.8885 0.0000
vt 0.2251 0.8885 0.0000
vt 0.2251 0.7508 0.0000
vt 0.2798 0.7508 0.0000
vt 0.4372 0.8885 0.0000
vt 0.4372 0.7508 0.0000
vt 0.4920 0.7508 0.0000
vt 0.3665 0.7508 0.0000
vt 0.0837 0.8885 0.0000
vt 0.0837 0.7508 0.0000
vt 0.1384 0.7508 0.0000
vt 0.1384 0.8885 0.0000
vt 0.4920 0.8885 0.0000
vt 0.8170 0.8885 0.0000
vt 0.2958 0.7508 0.0000
vt 0.2798 0.8885 0.0000
vt 0.9869 0.8885 0.0000
vt 0.0677 0.8885 0.0000
vt 0.8362 0.7508 0.0000
vt 0.6208 0.8885 0.0000
vt 0.8455 0.2530 0.0000
vt 0.8455 0.3895 0.0000
vt 0.7907 0.3895 0.0000
vt 0.5786 0.3895 0.0000
vt 0.5786 0.2530 0.0000
vt 0.6334 0.2530 0.0000
vt 0.2251 0.3895 0.0000
vt 0.2251 0.2530 0.0000
vt 0.2798 0.2530 0.0000
vt 0.7041 0.2530 0.0000
vt 0.7041 0.3895 0.0000
vt 0.6493 0.3895 0.0000
vt 0.4212 0.2530 0.0000
vt 0.4212 0.3895 0.0000
vt 0.3665 0.3895 0.0000
vt 0.5627 0.2530 0.0000
vt 0.5627 0.3895 0.0000
vt 0.5079 0.3895 0.0000
vt 0.5079 0.2530 0.0000
vt 0.6493 0.2530 0.0000
vt 0.1544 0.3895 0.0000
vt 0.1544 0.2530 0.0000
vt 0.2091 0.2530 0.0000
vt 0.2798 0.3895 0.0000
vt 0.4920 0.2530 0.0000
vt 0.4920 0.3895 0.0000
vt 0.4372 0.3895 0.0000
vt 0.6334 0.3895 0.0000
vt 0.2091 0.3895 0.0000
vt 0.2958 0.3895 0.0000
vt 0.2958 0.2530 0.0000
vt 0.3505 0.2530 0.0000
vt 0.4372 0.2530 0.0000
vt 0.3665 0.2530 0.0000
vt 0.7748 0.2530 0.0000
vt 0.7748 0.3895 0.0000
vt 0.7200 0.3895 0.0000
vt 0.3505 0.3895 0.0000
vt 0.7907 0.2530 0.0000
vt 0.7200 0.2530 0.0000
vt 0.2251 0.1265 0.0000
vt 0.2251 0.0267 0.0000
vt 0.2798 0.0267 0.0000
vt 0.2798 0.1265 0.0000
vt 0.7907 0.1265 0.0000
vt 0.7907 0.0267 0.0000
vt 0.8455 0.0267 0.0000
vt 0.0837 0.1265 0.0000
vt 0.0837 0.0267 0.0000
vt 0.1384 0.0267 0.0000
vt 0.6493 0.1265 0.0000
vt 0.6493 0.0267 0.0000
vt 0.7041 0.0267 0.0000
vt 0.7903 0.0267 0.0000
vt 0.7903 0.1265 0.0000
vt 0.7356 0.1265 0.0000
vt 0.0129 0.1265 0.0000
vt 0.0129 0.0267 0.0000
vt 0.0677 0.0267 0.0000
vt 0.9322 0.1265 0.0000
vt 0.9322 0.0267 0.0000
vt 0.9869 0.0267 0.0000
vt 0.9162 0.0267 0.0000
vt 0.9162 0.1265 0.0000
vt 0.8615 0.1265 0.0000
vt 0.8455 0.1265 0.0000
vt 0.1384 0.1265 0.0000
vt 0.1437 0.1265 0.0000
vt 0.1437 0.0267 0.0000
vt 0.1984 0.0267 0.0000
vt 0.7356 0.0267 0.0000
vt 0.7041 0.1265 0.0000
vt 0.9869 0.1265 0.0000
vt 0.0677 0.1265 0.0000
vt 0.1984 0.1265 0.0000
vt 0.8615 0.0267 0.0000
vt 0.0837 0.9973 0.0000
vt 0.0837 0.9110 0.0000
vt 0.1384 0.9110 0.0000
vt 0.9162 0.9110 0.0000
vt 0.9162 0.9973 0.0000
vt 0.8615 0.9973 0.0000
vt 0.2091 0.9110 0.0000
vt 0.2091 0.9973 0.0000
vt 0.1544 0.9973 0.0000
vt 0.7748 0.9110 0.0000
vt 0.7748 0.9973 0.0000
vt 0.7200 0.9973 0.0000
vt 0.6334 0.9110 0.0000
vt 0.6334 0.9973 0.0000
vt 0.5786 0.9973 0.0000
vt 0.3665 0.9973 0.0000
vt 0.3665 0.9110 0.0000
vt 0.4212 0.9110 0.0000
vt 0.6493 0.9973 0.0000
vt 0.6493 0.9110 0.0000
vt 0.7041 0.9110 0.0000
vt 0.2251 0.9973 0.0000
vt 0.2251 0.9110 0.0000
vt 0.2798 0.9110 0.0000
vt 0.9322 0.9973 0.0000
vt 0.9322 0.9110 0.0000
vt 0.9869 0.9110 0.0000
vt 0.4920 0.9110 0.0000
vt 0.4920 0.9973 0.0000
vt 0.4372 0.9973 0.0000
vt 0.3505 0.9110 0.0000
vt 0.3505 0.9973 0.0000
vt 0.2958 0.9973 0.0000
vt 0.5079 0.9973 0.0000
vt 0.5079 0.9110 0.0000
vt 0.5627 0.9110 0.0000
vt 0.2958 0.9110 0.0000
vt 0.4372 0.9110 0.0000
vt 0.5627 0.9973 0.0000
vt 0.1384 0.9973 0.0000
vt 0.7041 0.9973 0.0000
vt 0.5786 0.9110 0.0000
vt 0.2798 0.9973 0.0000
vt 0.1544 0.9110 0.0000
vt 0.4212 0.9973 0.0000
vt 0.7200 0.9110 0.0000
vt 0.8455 0.9110 0.0000
vt 0.8455 0.9973 0.0000
vt 0.7907 0.9973 0.0000
vt 0.9869 0.9973 0.0000
vt 0.7907 0.9110 0.0000
vt 0.0677 0.9110 0.0000
vt 0.0677 0.9973 0.0000
vt 0.0129 0.9973 0.0000
vt 0.0129 0.9110 0.0000
vt 0.8615 0.9110 0.0000
vt 0.4567 0.0894 0.0000
vt 0.4570 0.0896 0.0000
vt 0.4566 0.0894 0.0000
vt 0.4567 0.0892 0.0000
vt 0.4567 0.0893 0.0000
vt 0.8010 0.1491 0.0000
vt 0.8010 0.2304 0.0000
vt 0.7462 0.2304 0.0000
vt 0.1398 0.2304 0.0000
vt 0.1398 0.1491 0.0000
vt 0.1946 0.1491 0.0000
vt 0.8615 0.2304 0.0000
vt 0.8615 0.1491 0.0000
vt 0.9162 0.1491 0.0000
vt 0.6876 0.1491 0.0000
vt 0.6876 0.2304 0.0000
vt 0.6328 0.2304 0.0000
vt 0.1946 0.2304 0.0000
vt 0.9162 0.2304 0.0000
vt 0.7462 0.1491 0.0000
vt 0.2973 0.1491 0.0000
vt 0.2973 0.2304 0.0000
vt 0.2425 0.2304 0.0000
vt 0.2425 0.1491 0.0000
vt 0.6328 0.1491 0.0000
vt 0.4509 0.0909 0.0000
vt 0.4513 0.0911 0.0000
vt 0.4504 0.0915 0.0000
vt 0.4509 0.0907 0.0000
vt 0.4504 0.0906 0.0000
vt 0.4513 0.0904 0.0000
vt 0.4510 0.0923 0.0000
vt 0.4513 0.0921 0.0000
vt 0.4505 0.0931 0.0000
vt 0.4509 0.0921 0.0000
vt 0.4505 0.0923 0.0000
vt 0.4512 0.0916 0.0000
vt 0.4575 0.0904 0.0000
vt 0.4578 0.0903 0.0000
vt 0.4573 0.0906 0.0000
vt 0.4574 0.0903 0.0000
vt 0.4569 0.0899 0.0000
vt 0.4573 0.0899 0.0000
vt 0.4548 0.0905 0.0000
vt 0.4539 0.0907 0.0000
vt 0.4545 0.0906 0.0000
vt 0.4534 0.0913 0.0000
vt 0.4548 0.0903 0.0000
vt 0.3585 0.0316 0.0000
vt 0.4551 0.0902 0.0000
vt 0.4550 0.0901 0.0000
vt 0.4555 0.0902 0.0000
vt 0.3007 0.0316 0.0000
vt 0.4915 0.1274 0.0000
vt 0.4915 0.1086 0.0000
vt 0.5081 0.1086 0.0000
vt 0.5081 0.1654 0.0000
vt 0.5081 0.1844 0.0000
vt 0.4915 0.1844 0.0000
vt 0.4915 0.1653 0.0000
vt 0.4915 0.1465 0.0000
vt 0.5081 0.1465 0.0000
vt 0.5081 0.1275 0.0000
vt 0.5081 0.1464 0.0000
vt 0.4915 0.1464 0.0000
vt 0.5081 0.1653 0.0000
vt 0.4915 0.1654 0.0000
vt 0.4915 0.1275 0.0000
vt 0.5081 0.1274 0.0000
vt 0.6285 0.2255 0.0000
vt 0.4579 0.0918 0.0000
vt 0.4580 0.0915 0.0000
vt 0.4579 0.0915 0.0000
vt 0.4576 0.0913 0.0000
vt 0.4579 0.0912 0.0000
vt 0.4579 0.0914 0.0000
vt 0.4582 0.0915 0.0000
vt 0.4590 0.0906 0.0000
vt 0.4589 0.0906 0.0000
vt 0.4585 0.0905 0.0000
vt 0.4547 0.0898 0.0000
vt 0.4549 0.0898 0.0000
vt 0.4548 0.0899 0.0000
vt 0.4546 0.0898 0.0000
vt 0.4551 0.0901 0.0000
vt 0.4553 0.0900 0.0000
vt 0.4552 0.0900 0.0000
vt 0.4538 0.0902 0.0000
vt 0.4537 0.0902 0.0000
vt 0.4536 0.0902 0.0000
vt 0.4538 0.0903 0.0000
vt 0.4554 0.0899 0.0000
vt 0.4556 0.0900 0.0000
vt 0.4555 0.0900 0.0000
vt 0.4553 0.0899 0.0000
vt 0.4550 0.0895 0.0000
vt 0.4548 0.0895 0.0000
vt 0.4547 0.0895 0.0000
vt 0.4550 0.0896 0.0000
vt 0.4507 0.0885 0.0000
vt 0.4508 0.0884 0.0000
vt 0.4508 0.0888 0.0000
vt 0.4507 0.0884 0.0000
vt 0.4612 0.0900 0.0000
vt 0.4606 0.0901 0.0000
vt 0.4606 0.0903 0.0000
vt 0.4602 0.0903 0.0000
vt 0.4587 0.0898 0.0000
vt 0.4583 0.0895 0.0000
vt 0.4582 0.0895 0.0000
vt 0.4584 0.0899 0.0000
vt 0.4570 0.0895 0.0000
vt 0.4573 0.0896 0.0000
vt 0.4571 0.0897 0.0000
vt 0.4569 0.0895 0.0000
vt 0.4535 0.0906 0.0000
vt 0.4537 0.0905 0.0000
vt 0.4536 0.0907 0.0000
vt 0.4570 0.0899 0.0000
vt 0.4568 0.0898 0.0000
vt 0.4567 0.0899 0.0000
vt 0.4570 0.0897 0.0000
vt 0.4568 0.0895 0.0000
vt 0.4553 0.0901 0.0000
vt 0.4552 0.0901 0.0000
vt 0.4579 0.0900 0.0000
vt 0.4576 0.0897 0.0000
vt 0.4575 0.0897 0.0000
vt 0.4576 0.0900 0.0000
vt 0.4588 0.0906 0.0000
vt 0.4586 0.0902 0.0000
vt 0.4592 0.0903 0.0000
vt 0.4588 0.0905 0.0000
vt 0.4522 0.0904 0.0000
vt 0.4520 0.0906 0.0000
vt 0.4521 0.0907 0.0000
vt 0.4572 0.0899 0.0000
vt 0.4574 0.0899 0.0000
vt 0.4575 0.0900 0.0000
vt 0.4561 0.0899 0.0000
vt 0.4559 0.0900 0.0000
vt 0.4560 0.0899 0.0000
vt 0.4562 0.0899 0.0000
vt 0.4509 0.0923 0.0000
vt 0.4544 0.0899 0.0000
vt 0.4546 0.0899 0.0000
vt 0.4544 0.0898 0.0000
vt 0.4529 0.0900 0.0000
vt 0.4527 0.0901 0.0000
vt 0.4527 0.0898 0.0000
vt 0.4523 0.0892 0.0000
vt 0.4521 0.0893 0.0000
vt 0.4522 0.0893 0.0000
vt 0.4523 0.0895 0.0000
vt 0.4562 0.0900 0.0000
vt 0.4564 0.0899 0.0000
vt 0.4564 0.0900 0.0000
vt 0.4586 0.0930 0.0000
vt 0.4586 0.0925 0.0000
vt 0.4582 0.0924 0.0000
vt 0.4578 0.0898 0.0000
vt 0.4582 0.0896 0.0000
vt 0.4580 0.0896 0.0000
vt 0.4541 0.0905 0.0000
vt 0.4543 0.0904 0.0000
vt 0.4541 0.0904 0.0000
vt 0.4570 0.0898 0.0000
vt 0.4571 0.0899 0.0000
vt 0.4569 0.0898 0.0000
vt 0.4558 0.0900 0.0000
vt 0.4557 0.0900 0.0000
vt 0.4585 0.0901 0.0000
vt 0.4588 0.0902 0.0000
vt 0.4589 0.0902 0.0000
vt 0.4591 0.0901 0.0000
vt 0.4534 0.0904 0.0000
vt 0.4536 0.0903 0.0000
vt 0.4534 0.0902 0.0000
vt 0.4555 0.0898 0.0000
vt 0.4556 0.0898 0.0000
vt 0.4554 0.0897 0.0000
vt 0.4518 0.0909 0.0000
vt 0.4520 0.0907 0.0000
vt 0.4518 0.0904 0.0000
vt 0.4563 0.0888 0.0000
vt 0.4565 0.0898 0.0000
vt 0.4563 0.0898 0.0000
vt 0.4564 0.0897 0.0000
vt 0.4566 0.0897 0.0000
vt 0.4513 0.0897 0.0000
vt 0.4511 0.0898 0.0000
vt 0.4511 0.0895 0.0000
vt 0.4565 0.0897 0.0000
vt 0.4526 0.0906 0.0000
vt 0.4528 0.0905 0.0000
vt 0.4526 0.0903 0.0000
vt 0.4566 0.0899 0.0000
vt 0.4568 0.0899 0.0000
vt 0.4530 0.0903 0.0000
vt 0.4528 0.0904 0.0000
vt 0.4530 0.0905 0.0000
vt 0.4572 0.0900 0.0000
vt 0.4569 0.0900 0.0000
vt 0.4597 0.0898 0.0000
vt 0.4598 0.0897 0.0000
vt 0.4596 0.0901 0.0000
vt 0.4555 0.0896 0.0000
vt 0.4558 0.0895 0.0000
vt 0.4556 0.0895 0.0000
vt 0.4523 0.0898 0.0000
vt 0.4521 0.0899 0.0000
vt 0.4521 0.0898 0.0000
vt 0.4522 0.0900 0.0000
vt 0.4593 0.0903 0.0000
vt 0.4589 0.0901 0.0000
vt 0.4558 0.0898 0.0000
vt 0.4556 0.0897 0.0000
vt 0.4557 0.0899 0.0000
vt 0.4562 0.0898 0.0000
vt 0.4561 0.0898 0.0000
vt 0.4578 0.0900 0.0000
vt 0.4575 0.0899 0.0000
vt 0.4574 0.0900 0.0000
vt 0.4604 0.0903 0.0000
vt 0.4601 0.0902 0.0000
vt 0.4611 0.0905 0.0000
vt 0.4605 0.0902 0.0000
vt 0.4519 0.0894 0.0000
vt 0.4519 0.0891 0.0000
vt 0.4545 0.0896 0.0000
vt 0.4547 0.0896 0.0000
vt 0.4548 0.0896 0.0000
vt 0.4545 0.0895 0.0000
vt 0.4505 0.0887 0.0000
vt 0.4507 0.0886 0.0000
vt 0.4505 0.0880 0.0000
vt 0.4536 0.0896 0.0000
vt 0.4538 0.0896 0.0000
vt 0.4536 0.0894 0.0000
vt 0.4567 0.0898 0.0000
vt 0.4527 0.0909 0.0000
vt 0.4525 0.0911 0.0000
vt 0.4525 0.0909 0.0000
vt 0.4504 0.0899 0.0000
vt 0.4506 0.0897 0.0000
vt 0.4506 0.0896 0.0000
vt 0.4504 0.0893 0.0000
vt 0.4575 0.0898 0.0000
vt 0.4574 0.0898 0.0000
vt 0.4566 0.0900 0.0000
vt 0.4529 0.0908 0.0000
vt 0.4528 0.0910 0.0000
vt 0.4568 0.0896 0.0000
vt 0.4572 0.0897 0.0000
vt 0.4583 0.0907 0.0000
vt 0.4585 0.0911 0.0000
vt 0.4588 0.0909 0.0000
vt 0.4535 0.0900 0.0000
vt 0.4537 0.0899 0.0000
vt 0.4538 0.0899 0.0000
vt 0.4535 0.0898 0.0000
vt 0.4519 0.0900 0.0000
vt 0.4520 0.0899 0.0000
vt 0.4519 0.0897 0.0000
vt 0.4514 0.0890 0.0000
vt 0.4512 0.0891 0.0000
vt 0.4512 0.0887 0.0000
vt 0.4585 0.0899 0.0000
vt 0.4583 0.0901 0.0000
vt 0.4515 0.0896 0.0000
vt 0.4514 0.0899 0.0000
vt 0.4513 0.0896 0.0000
vt 0.4531 0.0898 0.0000
vt 0.4529 0.0899 0.0000
vt 0.4531 0.0900 0.0000
vt 0.4507 0.0894 0.0000
vt 0.4507 0.0898 0.0000
vt 0.4506 0.0895 0.0000
vt 0.4580 0.0900 0.0000
vt 0.4584 0.0900 0.0000
vt 0.4580 0.0901 0.0000
vt 0.4577 0.0900 0.0000
vt 0.4600 0.0902 0.0000
vt 0.4603 0.0909 0.0000
vt 0.4609 0.0899 0.0000
vt 0.4509 0.0910 0.0000
vt 0.4510 0.0907 0.0000
vt 0.4567 0.0895 0.0000
vt 0.4593 0.0916 0.0000
vt 0.4593 0.0912 0.0000
vt 0.4597 0.0914 0.0000
vt 0.4599 0.0897 0.0000
vt 0.4605 0.0907 0.0000
vt 0.4596 0.0904 0.0000
vt 0.4531 0.0894 0.0000
vt 0.4530 0.0894 0.0000
vt 0.4529 0.0894 0.0000
vt 0.4531 0.0896 0.0000
vt 0.4515 0.0889 0.0000
vt 0.4515 0.0892 0.0000
vt 0.4514 0.0889 0.0000
vt 0.4585 0.0920 0.0000
vt 0.4586 0.0924 0.0000
vt 0.4589 0.0924 0.0000
vt 0.4574 0.0904 0.0000
vt 0.4519 0.0913 0.0000
vt 0.4521 0.0911 0.0000
vt 0.4521 0.0913 0.0000
vt 0.4585 0.0913 0.0000
vt 0.4585 0.0912 0.0000
vt 0.4582 0.0910 0.0000
vt 0.4578 0.0901 0.0000
vt 0.4580 0.0902 0.0000
vt 0.4542 0.0902 0.0000
vt 0.4545 0.0901 0.0000
vt 0.4543 0.0901 0.0000
vt 0.4529 0.0895 0.0000
vt 0.4527 0.0896 0.0000
vt 0.4527 0.0893 0.0000
vt 0.4530 0.0895 0.0000
vt 0.4510 0.0921 0.0000
vt 0.4519 0.0914 0.0000
vt 0.4517 0.0916 0.0000
vt 0.4517 0.0913 0.0000
vt 0.4593 0.0919 0.0000
vt 0.4593 0.0917 0.0000
vt 0.4594 0.0917 0.0000
vt 0.4590 0.0916 0.0000
vt 0.4549 0.0902 0.0000
vt 0.4559 0.0899 0.0000
vt 0.4560 0.0900 0.0000
vt 0.4558 0.0899 0.0000
vt 0.4576 0.0899 0.0000
vt 0.4561 0.0890 0.0000
vt 0.4560 0.0891 0.0000
vt 0.4560 0.0892 0.0000
vt 0.4560 0.0890 0.0000
vt 0.4524 0.0920 0.0000
vt 0.4526 0.0918 0.0000
vt 0.4525 0.0920 0.0000
vt 0.4559 0.0879 0.0000
vt 0.4558 0.0880 0.0000
vt 0.4558 0.0876 0.0000
vt 0.4559 0.0880 0.0000
vt 0.4508 0.0941 0.0000
vt 0.4509 0.0939 0.0000
vt 0.4509 0.0942 0.0000
vt 0.4508 0.0942 0.0000
vt 0.4538 0.0895 0.0000
vt 0.4540 0.0895 0.0000
vt 0.4540 0.0896 0.0000
vt 0.4539 0.0898 0.0000
vt 0.4538 0.0898 0.0000
vt 0.4537 0.0898 0.0000
vt 0.4539 0.0900 0.0000
vt 0.4547 0.0900 0.0000
vt 0.4546 0.0901 0.0000
vt 0.4518 0.0927 0.0000
vt 0.4517 0.0929 0.0000
vt 0.4517 0.0928 0.0000
vt 0.4518 0.0926 0.0000
vt 0.4511 0.0937 0.0000
vt 0.4512 0.0935 0.0000
vt 0.4513 0.0934 0.0000
vt 0.4511 0.0935 0.0000
vt 0.4528 0.0917 0.0000
vt 0.4530 0.0915 0.0000
vt 0.4529 0.0915 0.0000
vt 0.4561 0.0895 0.0000
vt 0.4560 0.0896 0.0000
vt 0.4604 0.0910 0.0000
vt 0.4603 0.0908 0.0000
vt 0.4597 0.0907 0.0000
vt 0.4605 0.0909 0.0000
vt 0.4535 0.0907 0.0000
vt 0.4533 0.0908 0.0000
vt 0.4533 0.0906 0.0000
vt 0.4543 0.0903 0.0000
vt 0.4545 0.0903 0.0000
vt 0.4560 0.0886 0.0000
vt 0.4560 0.0885 0.0000
vt 0.4561 0.0886 0.0000
vt 0.4559 0.0881 0.0000
vt 0.4559 0.0892 0.0000
vt 0.4561 0.0893 0.0000
vt 0.4514 0.0932 0.0000
vt 0.4514 0.0933 0.0000
vt 0.4512 0.0934 0.0000
vt 0.4507 0.0947 0.0000
vt 0.4508 0.0943 0.0000
vt 0.4506 0.0942 0.0000
vt 0.4508 0.0877 0.0000
vt 0.4509 0.0877 0.0000
vt 0.4509 0.0880 0.0000
vt 0.4575 0.0892 0.0000
vt 0.4572 0.0892 0.0000
vt 0.4571 0.0892 0.0000
vt 0.4575 0.0894 0.0000
vt 0.4615 0.0891 0.0000
vt 0.4608 0.0894 0.0000
vt 0.4607 0.0894 0.0000
vt 0.4612 0.0902 0.0000
vt 0.4571 0.0893 0.0000
vt 0.4569 0.0894 0.0000
vt 0.4569 0.0892 0.0000
vt 0.4572 0.0893 0.0000
vt 0.4606 0.0895 0.0000
vt 0.4602 0.0898 0.0000
vt 0.4604 0.0893 0.0000
vt 0.4607 0.0896 0.0000
vt 0.4536 0.0893 0.0000
vt 0.4538 0.0892 0.0000
vt 0.4536 0.0892 0.0000
vt 0.4520 0.0925 0.0000
vt 0.4519 0.0926 0.0000
vt 0.4559 0.0898 0.0000
vt 0.4557 0.0898 0.0000
vt 0.4559 0.0897 0.0000
vt 0.4559 0.0896 0.0000
vt 0.4513 0.0925 0.0000
vt 0.4512 0.0928 0.0000
vt 0.4514 0.0929 0.0000
vt 0.4616 0.0904 0.0000
vt 0.4613 0.0912 0.0000
vt 0.4613 0.0913 0.0000
vt 0.4620 0.0915 0.0000
vt 0.4556 0.0893 0.0000
vt 0.4559 0.0893 0.0000
vt 0.4556 0.0892 0.0000
vt 0.4601 0.0918 0.0000
vt 0.4600 0.0922 0.0000
vt 0.4599 0.0922 0.0000
vt 0.4604 0.0921 0.0000
vt 0.4562 0.0892 0.0000
vt 0.4521 0.0889 0.0000
vt 0.4520 0.0889 0.0000
vt 0.4519 0.0887 0.0000
vt 0.4506 0.0875 0.0000
vt 0.4507 0.0873 0.0000
vt 0.4529 0.0891 0.0000
vt 0.4531 0.0891 0.0000
vt 0.4531 0.0892 0.0000
vt 0.4613 0.0914 0.0000
vt 0.4612 0.0917 0.0000
vt 0.4609 0.0912 0.0000
vt 0.4614 0.0914 0.0000
vt 0.4560 0.0884 0.0000
vt 0.4559 0.0883 0.0000
vt 0.4523 0.0922 0.0000
vt 0.4524 0.0921 0.0000
vt 0.4523 0.0921 0.0000
vt 0.4531 0.0914 0.0000
vt 0.4531 0.0915 0.0000
vt 0.4528 0.0913 0.0000
vt 0.4526 0.0915 0.0000
vt 0.4527 0.0916 0.0000
vt 0.4512 0.0932 0.0000
vt 0.4512 0.0929 0.0000
vt 0.4513 0.0928 0.0000
vt 0.4511 0.0928 0.0000
vt 0.4599 0.0925 0.0000
vt 0.4600 0.0923 0.0000
vt 0.4597 0.0923 0.0000
vt 0.4530 0.0913 0.0000
vt 0.4532 0.0911 0.0000
vt 0.4532 0.0910 0.0000
vt 0.4531 0.0911 0.0000
vt 0.4587 0.0893 0.0000
vt 0.4583 0.0894 0.0000
vt 0.4584 0.0892 0.0000
vt 0.4588 0.0893 0.0000
vt 0.4591 0.0932 0.0000
vt 0.4592 0.0928 0.0000
vt 0.4594 0.0931 0.0000
vt 0.4591 0.0936 0.0000
vt 0.4591 0.0933 0.0000
vt 0.4589 0.0934 0.0000
vt 0.4523 0.0888 0.0000
vt 0.4523 0.0890 0.0000
vt 0.4521 0.0888 0.0000
vt 0.4515 0.0884 0.0000
vt 0.4514 0.0884 0.0000
vt 0.4516 0.0886 0.0000
vt 0.4634 0.0926 0.0000
vt 0.5696 0.0847 0.0000
vt 0.5717 0.0788 0.0000
vt 0.5695 0.0846 0.0000
vt 0.4637 0.0874 0.0000
vt 0.4513 0.0884 0.0000
vt 0.4513 0.0882 0.0000
vt 0.4514 0.0885 0.0000
vt 0.4563 0.0897 0.0000
vt 0.4562 0.0897 0.0000
vt 0.4564 0.0898 0.0000
vt 0.4546 0.0893 0.0000
vt 0.4548 0.0893 0.0000
vt 0.4545 0.0892 0.0000
vt 0.4550 0.0892 0.0000
vt 0.4548 0.0892 0.0000
vt 0.4550 0.0893 0.0000
vt 0.4524 0.0918 0.0000
vt 0.4524 0.0915 0.0000
vt 0.4565 0.0893 0.0000
vt 0.4564 0.0893 0.0000
vt 0.4563 0.0891 0.0000
vt 0.4527 0.0891 0.0000
vt 0.4527 0.0890 0.0000
vt 0.4563 0.0896 0.0000
vt 0.4535 0.0909 0.0000
vt 0.4533 0.0911 0.0000
vt 0.4563 0.0893 0.0000
vt 0.4565 0.0894 0.0000
vt 0.4592 0.0892 0.0000
vt 0.4588 0.0892 0.0000
vt 0.4587 0.0892 0.0000
vt 0.4591 0.0895 0.0000
vt 0.4639 0.0930 0.0000
vt 0.5690 0.0829 0.0000
vt 0.5683 0.0790 0.0000
vt 0.5691 0.0828 0.0000
vt 0.4635 0.0877 0.0000
vt 0.4540 0.0892 0.0000
vt 0.4540 0.0893 0.0000
vt 0.4545 0.0908 0.0000
vt 0.4554 0.0900 0.0000
vt 0.5716 0.0788 0.0000
vt 0.4599 0.0923 0.0000
vt 0.5683 0.0792 0.0000
vt 0.4606 0.0894 0.0000
vt 0.4510 0.0922 0.0000
vt 0.4509 0.0908 0.0000
vt 0.4509 0.0922 0.0000
vt 0.4510 0.0909 0.0000
vt 0.4568 0.0894 0.0000
vt 0.4546 0.0905 0.0000
vt 0.4546 0.0906 0.0000
vt 0.4549 0.0904 0.0000
vt 0.4915 0.1085 0.0000
vt 0.5081 0.1085 0.0000
vt 0.4714 0.1654 0.0000
vt 0.4903 0.1464 0.0000
vt 0.5093 0.1654 0.0000
vt 0.5093 0.1844 0.0000
vt 0.5093 0.1275 0.0000
vt 0.5093 0.1464 0.0000
vt 0.3849 0.7333 0.0000
vt 0.3832 0.7283 0.0000
vt 0.3832 0.5811 0.0000
vt 0.7519 0.5635 0.0000
vt 0.7503 0.5586 0.0000
vt 0.7503 0.4121 0.0000
vt 0.3224 0.4071 0.0000
vt 0.3241 0.4121 0.0000
vt 0.3241 0.5586 0.0000
vt 0.0677 0.5762 0.0000
vt 0.0694 0.5811 0.0000
vt 0.0694 0.7283 0.0000
vt 0.5828 0.5811 0.0000
vt 0.5828 0.7283 0.0000
vt 0.5811 0.5762 0.0000
vt 0.2275 0.5762 0.0000
vt 0.2292 0.5811 0.0000
vt 0.2292 0.7283 0.0000
vt 0.8084 0.4121 0.0000
vt 0.8084 0.5586 0.0000
vt 0.8067 0.4071 0.0000
vt 0.4599 0.4071 0.0000
vt 0.4616 0.4121 0.0000
vt 0.4616 0.5586 0.0000
vt 0.0113 0.7283 0.0000
vt 0.0113 0.5811 0.0000
vt 0.0129 0.7333 0.0000
vt 0.7748 0.5762 0.0000
vt 0.7765 0.5811 0.0000
vt 0.7765 0.7283 0.0000
vt 0.1728 0.7333 0.0000
vt 0.1711 0.7283 0.0000
vt 0.1711 0.5811 0.0000
vt 0.6518 0.5762 0.0000
vt 0.6535 0.5811 0.0000
vt 0.6535 0.7283 0.0000
vt 0.5970 0.7333 0.0000
vt 0.5954 0.7283 0.0000
vt 0.5954 0.5811 0.0000
vt 0.7606 0.8885 0.0000
vt 0.7606 0.7508 0.0000
vt 0.7622 0.8934 0.0000
vt 0.4691 0.5635 0.0000
vt 0.4674 0.5586 0.0000
vt 0.4674 0.4121 0.0000
vt 0.5255 0.4121 0.0000
vt 0.5255 0.5586 0.0000
vt 0.5239 0.4071 0.0000
vt 0.6105 0.5635 0.0000
vt 0.6088 0.5586 0.0000
vt 0.6088 0.4121 0.0000
vt 0.5471 0.7459 0.0000
vt 0.5488 0.7508 0.0000
vt 0.4229 0.2530 0.0000
vt 0.4229 0.3895 0.0000
vt 0.4212 0.2480 0.0000
vt 0.0113 0.8885 0.0000
vt 0.0113 0.7508 0.0000
vt 0.0129 0.8934 0.0000
vt 0.5660 0.8934 0.0000
vt 0.5643 0.8885 0.0000
vt 0.5643 0.7508 0.0000
vt 0.9305 0.8885 0.0000
vt 0.9305 0.7508 0.0000
vt 0.9322 0.8934 0.0000
vt 0.4372 0.8934 0.0000
vt 0.4355 0.8885 0.0000
vt 0.4355 0.7508 0.0000
vt 0.4212 0.7459 0.0000
vt 0.4229 0.7508 0.0000
vt 0.4229 0.8885 0.0000
vt 0.3648 0.8885 0.0000
vt 0.3648 0.7508 0.0000
vt 0.3665 0.8934 0.0000
vt 0.2234 0.8885 0.0000
vt 0.2234 0.7508 0.0000
vt 0.2251 0.8934 0.0000
vt 0.1544 0.3945 0.0000
vt 0.1527 0.3895 0.0000
vt 0.1527 0.2530 0.0000
vt 0.2798 0.2480 0.0000
vt 0.2815 0.2530 0.0000
vt 0.2815 0.3895 0.0000
vt 0.4920 0.2480 0.0000
vt 0.4936 0.2530 0.0000
vt 0.4936 0.3895 0.0000
vt 0.6351 0.2530 0.0000
vt 0.6351 0.3895 0.0000
vt 0.6334 0.2480 0.0000
vt 0.6476 0.3895 0.0000
vt 0.6476 0.2530 0.0000
vt 0.6493 0.3945 0.0000
vt 0.5079 0.3945 0.0000
vt 0.5062 0.3895 0.0000
vt 0.5062 0.2530 0.0000
vt 0.2941 0.3895 0.0000
vt 0.2941 0.2530 0.0000
vt 0.2958 0.3945 0.0000
vt 0.5946 0.4071 0.0000
vt 0.5963 0.4121 0.0000
vt 0.5963 0.5586 0.0000
vt 0.3706 0.5811 0.0000
vt 0.3706 0.7283 0.0000
vt 0.3690 0.5762 0.0000
vt 0.4539 0.7283 0.0000
vt 0.4539 0.5811 0.0000
vt 0.4556 0.7333 0.0000
vt 0.2517 0.4071 0.0000
vt 0.2534 0.4121 0.0000
vt 0.2534 0.5586 0.0000
vt 0.6832 0.5635 0.0000
vt 0.6815 0.5586 0.0000
vt 0.6815 0.4121 0.0000
vt 0.3367 0.5586 0.0000
vt 0.3367 0.4121 0.0000
vt 0.3384 0.5635 0.0000
vt 0.2108 0.2530 0.0000
vt 0.2108 0.3895 0.0000
vt 0.2091 0.2480 0.0000
vt 0.1348 0.4174 0.0000
vt 0.1348 0.5533 0.0000
vt 0.1331 0.4124 0.0000
vt 0.2435 0.7333 0.0000
vt 0.2418 0.7283 0.0000
vt 0.2418 0.5811 0.0000
vt 0.5246 0.7283 0.0000
vt 0.5246 0.5811 0.0000
vt 0.5263 0.7333 0.0000
vt 0.7907 0.7333 0.0000
vt 0.7891 0.7283 0.0000
vt 0.7891 0.5811 0.0000
vt 0.2676 0.5635 0.0000
vt 0.2660 0.5586 0.0000
vt 0.2660 0.4121 0.0000
vt 0.4035 0.5586 0.0000
vt 0.4035 0.4121 0.0000
vt 0.4052 0.5635 0.0000
vt 0.9886 0.5811 0.0000
vt 0.9886 0.7283 0.0000
vt 0.9869 0.5762 0.0000
vt 0.4414 0.5811 0.0000
vt 0.4414 0.7283 0.0000
vt 0.4397 0.5762 0.0000
vt 0.2999 0.5811 0.0000
vt 0.2999 0.7283 0.0000
vt 0.2983 0.5762 0.0000
vt 0.1401 0.7508 0.0000
vt 0.1401 0.8885 0.0000
vt 0.1384 0.7459 0.0000
vt 0.6670 0.4121 0.0000
vt 0.6670 0.5586 0.0000
vt 0.6653 0.4071 0.0000
vt 0.6932 0.7508 0.0000
vt 0.6932 0.8885 0.0000
vt 0.6915 0.7459 0.0000
vt 0.0089 0.3919 0.0000
vt 0.0106 0.3969 0.0000
vt 0.3665 0.3945 0.0000
vt 0.3648 0.3895 0.0000
vt 0.3648 0.2530 0.0000
vt 0.7183 0.3895 0.0000
vt 0.7183 0.2530 0.0000
vt 0.7200 0.3945 0.0000
vt 0.1004 0.7283 0.0000
vt 0.1004 0.5811 0.0000
vt 0.1021 0.7333 0.0000
vt 0.7242 0.5811 0.0000
vt 0.7242 0.7283 0.0000
vt 0.7225 0.5762 0.0000
vt 0.1245 0.5586 0.0000
vt 0.1245 0.4121 0.0000
vt 0.1262 0.5635 0.0000
vt 0.7379 0.4071 0.0000
vt 0.7396 0.4121 0.0000
vt 0.7396 0.5586 0.0000
vt 0.7463 0.7459 0.0000
vt 0.7480 0.7508 0.0000
vt 0.7480 0.8885 0.0000
vt 0.8910 0.7459 0.0000
vt 0.8927 0.7508 0.0000
vt 0.8927 0.8885 0.0000
vt 0.9852 0.2564 0.0000
vt 0.9852 0.3861 0.0000
vt 0.9835 0.2514 0.0000
vt 0.8455 0.2480 0.0000
vt 0.8472 0.2530 0.0000
vt 0.8472 0.3895 0.0000
vt 0.2031 0.7508 0.0000
vt 0.2031 0.8885 0.0000
vt 0.2014 0.7459 0.0000
vt 0.3522 0.7508 0.0000
vt 0.3522 0.8885 0.0000
vt 0.3505 0.7459 0.0000
vt 0.1585 0.5811 0.0000
vt 0.1585 0.7283 0.0000
vt 0.1568 0.5762 0.0000
vt 0.8472 0.5811 0.0000
vt 0.8472 0.7283 0.0000
vt 0.8455 0.5762 0.0000
vt 0.0837 0.8934 0.0000
vt 0.0820 0.8885 0.0000
vt 0.0820 0.7508 0.0000
vt 0.5104 0.5762 0.0000
vt 0.5121 0.5811 0.0000
vt 0.5121 0.7283 0.0000
vt 0.9305 0.7283 0.0000
vt 0.9305 0.5811 0.0000
vt 0.9322 0.7333 0.0000
vt 0.7183 0.7283 0.0000
vt 0.7183 0.5811 0.0000
vt 0.7200 0.7333 0.0000
vt 0.3142 0.7333 0.0000
vt 0.3125 0.7283 0.0000
vt 0.3125 0.5811 0.0000
vt 0.9162 0.5762 0.0000
vt 0.9179 0.5811 0.0000
vt 0.9179 0.7283 0.0000
vt 0.8598 0.7283 0.0000
vt 0.8598 0.5811 0.0000
vt 0.8615 0.7333 0.0000
vt 0.3931 0.4071 0.0000
vt 0.3948 0.4121 0.0000
vt 0.3948 0.5586 0.0000
vt 0.1953 0.5586 0.0000
vt 0.1953 0.4121 0.0000
vt 0.1969 0.5635 0.0000
vt 0.4372 0.3945 0.0000
vt 0.4355 0.3895 0.0000
vt 0.4355 0.2530 0.0000
vt 0.6208 0.7459 0.0000
vt 0.6224 0.7508 0.0000
vt 0.6224 0.8885 0.0000
vt 0.4713 0.1465 0.0000
vt 0.6350 0.8885 0.0000
vt 0.6350 0.7508 0.0000
vt 0.6367 0.8934 0.0000
vt 0.8472 0.0267 0.0000
vt 0.8472 0.1265 0.0000
vt 0.8455 0.0217 0.0000
vt 0.4920 0.7459 0.0000
vt 0.4936 0.7508 0.0000
vt 0.4936 0.8885 0.0000
vt 0.1401 0.0267 0.0000
vt 0.1401 0.1265 0.0000
vt 0.1384 0.0217 0.0000
vt 0.6898 0.8885 0.0000
vt 0.6898 0.7508 0.0000
vt 0.6915 0.8934 0.0000
vt 0.2958 0.8934 0.0000
vt 0.2941 0.8885 0.0000
vt 0.2941 0.7508 0.0000
vt 0.8345 0.8885 0.0000
vt 0.8345 0.7508 0.0000
vt 0.8362 0.8934 0.0000
vt 0.8170 0.7459 0.0000
vt 0.8187 0.7508 0.0000
vt 0.8187 0.8885 0.0000
vt 0.9869 0.7459 0.0000
vt 0.9886 0.7508 0.0000
vt 0.9886 0.8885 0.0000
vt 0.0677 0.7459 0.0000
vt 0.0694 0.7508 0.0000
vt 0.0694 0.8885 0.0000
vt 0.2798 0.7459 0.0000
vt 0.2815 0.7508 0.0000
vt 0.2815 0.8885 0.0000
vt 0.7891 0.3895 0.0000
vt 0.7891 0.2530 0.0000
vt 0.7907 0.3945 0.0000
vt 0.7748 0.2480 0.0000
vt 0.7765 0.2530 0.0000
vt 0.7765 0.3895 0.0000
vt 0.3505 0.2480 0.0000
vt 0.3522 0.2530 0.0000
vt 0.3522 0.3895 0.0000
vt 0.9162 0.0217 0.0000
vt 0.9179 0.0267 0.0000
vt 0.9179 0.1265 0.0000
vt 0.1437 0.1315 0.0000
vt 0.1420 0.1265 0.0000
vt 0.1420 0.0267 0.0000
vt 0.0129 0.1315 0.0000
vt 0.0113 0.1265 0.0000
vt 0.0113 0.0267 0.0000
vt 0.7339 0.1265 0.0000
vt 0.7339 0.0267 0.0000
vt 0.7356 0.1315 0.0000
vt 0.9322 0.1315 0.0000
vt 0.9305 0.1265 0.0000
vt 0.9305 0.0267 0.0000
vt 0.7041 0.0217 0.0000
vt 0.7058 0.0267 0.0000
vt 0.7058 0.1265 0.0000
vt 0.0165 0.5533 0.0000
vt 0.0165 0.4174 0.0000
vt 0.0182 0.5583 0.0000
vt 0.6661 0.7283 0.0000
vt 0.6661 0.5811 0.0000
vt 0.6678 0.7333 0.0000
vt 0.1810 0.4071 0.0000
vt 0.1827 0.4121 0.0000
vt 0.1827 0.5586 0.0000
vt 0.5398 0.5635 0.0000
vt 0.5381 0.5586 0.0000
vt 0.5381 0.4121 0.0000
vt 0.4924 0.8934 0.0000
vt 0.4907 0.8885 0.0000
vt 0.4907 0.7508 0.0000
vt 0.1467 0.8934 0.0000
vt 0.1450 0.8885 0.0000
vt 0.1450 0.7508 0.0000
vt 0.8632 0.3861 0.0000
vt 0.8632 0.2564 0.0000
vt 0.8648 0.3911 0.0000
vt 0.5786 0.3945 0.0000
vt 0.5769 0.3895 0.0000
vt 0.5769 0.2530 0.0000
vt 0.2234 0.3895 0.0000
vt 0.2234 0.2530 0.0000
vt 0.2251 0.3945 0.0000
vt 0.7041 0.2480 0.0000
vt 0.7058 0.2530 0.0000
vt 0.7058 0.3895 0.0000
vt 0.9886 0.0267 0.0000
vt 0.9886 0.1265 0.0000
vt 0.9869 0.0217 0.0000
vt 0.9162 0.1441 0.0000
vt 0.9179 0.1491 0.0000
vt 0.9179 0.2304 0.0000
vt 0.7462 0.2354 0.0000
vt 0.7445 0.2304 0.0000
vt 0.7445 0.1491 0.0000
vt 0.1424 0.2506 0.0000
vt 0.1424 0.3919 0.0000
vt 0.1408 0.2457 0.0000
vt 0.5627 0.9061 0.0000
vt 0.5643 0.9110 0.0000
vt 0.5643 0.9973 0.0000
vt 0.1384 0.9061 0.0000
vt 0.1401 0.9110 0.0000
vt 0.1401 0.9973 0.0000
vt 0.5643 0.2530 0.0000
vt 0.5643 0.3895 0.0000
vt 0.5627 0.2480 0.0000
vt 0.7058 0.9110 0.0000
vt 0.7058 0.9973 0.0000
vt 0.7041 0.9061 0.0000
vt 0.4936 0.9110 0.0000
vt 0.4936 0.9973 0.0000
vt 0.4920 0.9061 0.0000
vt 0.9305 0.9973 0.0000
vt 0.9305 0.9110 0.0000
vt 0.9322 1.0023 0.0000
vt 0.3505 0.9061 0.0000
vt 0.3522 0.9110 0.0000
vt 0.3522 0.9973 0.0000
vt 0.2941 0.9973 0.0000
vt 0.2941 0.9110 0.0000
vt 0.2958 1.0023 0.0000
vt 0.4372 1.0023 0.0000
vt 0.4355 0.9973 0.0000
vt 0.4355 0.9110 0.0000
vt 0.2815 0.9110 0.0000
vt 0.2815 0.9973 0.0000
vt 0.2798 0.9061 0.0000
vt 0.8598 0.2304 0.0000
vt 0.8598 0.1491 0.0000
vt 0.8615 0.2354 0.0000
vt 0.6876 0.1441 0.0000
vt 0.6893 0.1491 0.0000
vt 0.6893 0.2304 0.0000
vt 0.5079 1.0023 0.0000
vt 0.5062 0.9973 0.0000
vt 0.5062 0.9110 0.0000
vt 0.1527 0.9973 0.0000
vt 0.1527 0.9110 0.0000
vt 0.1544 1.0023 0.0000
vt 0.7183 0.9973 0.0000
vt 0.7183 0.9110 0.0000
vt 0.7200 1.0023 0.0000
vt 0.7891 0.1265 0.0000
vt 0.7891 0.0267 0.0000
vt 0.7907 0.1315 0.0000
vt 0.2234 0.1265 0.0000
vt 0.2234 0.0267 0.0000
vt 0.2251 0.1315 0.0000
vt 0.2798 0.0217 0.0000
vt 0.2815 0.0267 0.0000
vt 0.2815 0.1265 0.0000
vt 0.0694 0.0267 0.0000
vt 0.0694 0.1265 0.0000
vt 0.0677 0.0217 0.0000
vt 0.1984 0.0217 0.0000
vt 0.2001 0.0267 0.0000
vt 0.2001 0.1265 0.0000
vt 0.8615 0.1315 0.0000
vt 0.8598 0.1265 0.0000
vt 0.8598 0.0267 0.0000
vt 0.9179 0.9110 0.0000
vt 0.9179 0.9973 0.0000
vt 0.9162 0.9061 0.0000
vt 0.0820 0.9973 0.0000
vt 0.0820 0.9110 0.0000
vt 0.0837 1.0023 0.0000
vt 0.2091 0.9061 0.0000
vt 0.2108 0.9110 0.0000
vt 0.2108 0.9973 0.0000
vt 0.5786 1.0023 0.0000
vt 0.5769 0.9973 0.0000
vt 0.5769 0.9110 0.0000
vt 0.8010 0.1441 0.0000
vt 0.8027 0.1491 0.0000
vt 0.8027 0.2304 0.0000
vt 0.1381 0.2304 0.0000
vt 0.1381 0.1491 0.0000
vt 0.1398 0.2354 0.0000
vt 0.4212 0.9061 0.0000
vt 0.4229 0.9110 0.0000
vt 0.4229 0.9973 0.0000
vt 0.0694 0.9110 0.0000
vt 0.0694 0.9973 0.0000
vt 0.0677 0.9061 0.0000
vt 0.9886 0.9110 0.0000
vt 0.9886 0.9973 0.0000
vt 0.9869 0.9061 0.0000
vt 0.8455 0.9061 0.0000
vt 0.8472 0.9110 0.0000
vt 0.8472 0.9973 0.0000
vt 0.0113 0.9973 0.0000
vt 0.0113 0.9110 0.0000
vt 0.0129 1.0023 0.0000
vt 0.7891 0.9973 0.0000
vt 0.7891 0.9110 0.0000
vt 0.7907 1.0023 0.0000
vt 0.8615 1.0023 0.0000
vt 0.8598 0.9973 0.0000
vt 0.8598 0.9110 0.0000
vt 0.6334 0.9061 0.0000
vt 0.6351 0.9110 0.0000
vt 0.6351 0.9973 0.0000
vt 0.0820 0.1265 0.0000
vt 0.0820 0.0267 0.0000
vt 0.0837 0.1315 0.0000
vt 0.7903 0.0217 0.0000
vt 0.7920 0.0267 0.0000
vt 0.7920 0.1265 0.0000
vt 0.6476 0.1265 0.0000
vt 0.6476 0.0267 0.0000
vt 0.6493 0.1315 0.0000
vt 0.6328 0.2354 0.0000
vt 0.6311 0.2304 0.0000
vt 0.6311 0.1491 0.0000
vt 0.2973 0.1441 0.0000
vt 0.2990 0.1491 0.0000
vt 0.2990 0.2304 0.0000
vt 0.2425 0.2354 0.0000
vt 0.2408 0.2304 0.0000
vt 0.2408 0.1491 0.0000
vt 0.2234 0.9973 0.0000
vt 0.2234 0.9110 0.0000
vt 0.2251 1.0023 0.0000
vt 0.3665 1.0023 0.0000
vt 0.3648 0.9973 0.0000
vt 0.3648 0.9110 0.0000
vt 0.7748 0.9061 0.0000
vt 0.7765 0.9110 0.0000
vt 0.7765 0.9973 0.0000
vt 0.6493 1.0023 0.0000
vt 0.6476 0.9973 0.0000
vt 0.6476 0.9110 0.0000
vt 0.1963 0.1491 0.0000
vt 0.1963 0.2304 0.0000
vt 0.1946 0.1441 0.0000
vt 0.3007 0.2305 0.0000
vt 0.2990 0.2255 0.0000
vt 0.2990 0.1378 0.0000
vt 0.6285 0.0266 0.0000
vt 0.6302 0.0316 0.0000
vt 0.6302 0.1378 0.0000
vt 0.2425 0.1441 0.0000
vt 0.6328 0.1441 0.0000
vt 0.8010 0.2354 0.0000
vt 0.2973 0.2354 0.0000
vt 0.7907 0.9061 0.0000
vt 0.5786 0.9061 0.0000
vt 0.0837 0.0217 0.0000
vt 0.4212 1.0023 0.0000
vt 0.2091 1.0023 0.0000
vt 0.2958 0.9061 0.0000
vt 0.1544 0.9061 0.0000
vt 0.4372 0.9061 0.0000
vt 0.9869 1.0023 0.0000
vt 0.8455 1.0023 0.0000
vt 0.8455 0.1315 0.0000
vt 0.6876 0.2354 0.0000
vt 0.1984 0.1315 0.0000
vt 0.0677 0.1315 0.0000
vt 0.3007 0.0266 0.0000
vt 0.3585 0.0266 0.0000
vt 0.7463 0.8934 0.0000
vt 0.8067 0.5635 0.0000
vt 0.2517 0.5635 0.0000
vt 0.6518 0.7333 0.0000
vt 0.9869 0.7333 0.0000
vt 0.2958 0.2480 0.0000
vt 0.9322 0.7459 0.0000
vt 0.2435 0.5762 0.0000
vt 0.5970 0.5762 0.0000
vt 0.2251 0.2480 0.0000
vt 0.5786 0.2480 0.0000
vt 0.2958 0.7459 0.0000
vt 0.6493 0.9061 0.0000
vt 0.2251 0.9061 0.0000
vt 0.7200 0.2480 0.0000
vt 0.5079 0.2480 0.0000
vt 0.4212 0.3945 0.0000
vt 0.1969 0.4071 0.0000
vt 0.8615 0.5762 0.0000
vt 0.7200 0.5762 0.0000
vt 0.3505 0.8934 0.0000
vt 0.6367 0.7459 0.0000
vt 0.6334 1.0023 0.0000
vt 0.5627 0.3945 0.0000
vt 0.8170 0.8934 0.0000
vt 0.4920 0.8934 0.0000
vt 0.6208 0.8934 0.0000
vt 0.3384 0.4071 0.0000
vt 0.6105 0.4071 0.0000
vt 0.3931 0.5635 0.0000
vt 0.8455 0.7333 0.0000
vt 0.3849 0.5762 0.0000
vt 0.2275 0.7333 0.0000
vt 0.0129 0.0217 0.0000
vt 0.7907 0.0217 0.0000
vt 0.1398 0.1441 0.0000
vt 0.7041 1.0023 0.0000
vt 0.2798 1.0023 0.0000
vt 0.0677 1.0023 0.0000
vt 0.0129 0.9061 0.0000
vt 0.4372 0.2480 0.0000
vt 0.7041 0.1315 0.0000
vt 0.1544 0.2480 0.0000
vt 0.2091 0.3945 0.0000
vt 0.3142 0.5762 0.0000
vt 0.1384 0.8934 0.0000
vt 0.9322 0.5762 0.0000
vt 0.8910 0.8934 0.0000
vt 0.7356 0.0217 0.0000
vt 0.1437 0.0217 0.0000
vt 0.5627 1.0023 0.0000
vt 0.9162 1.0023 0.0000
vt 0.3665 0.9061 0.0000
vt 0.5239 0.5635 0.0000
vt 0.0129 0.5762 0.0000
vt 0.1568 0.7333 0.0000
vt 0.5104 0.7333 0.0000
vt 0.7200 0.9061 0.0000
vt 0.9869 0.1315 0.0000
vt 0.9162 0.2354 0.0000
vt 0.1946 0.2354 0.0000
vt 0.8615 0.1441 0.0000
vt 0.7462 0.1441 0.0000
vt 0.8648 0.2514 0.0000
vt 0.9242 0.2514 0.0000
vt 0.8615 0.9061 0.0000
vt 0.8615 0.0217 0.0000
vt 0.0182 0.4124 0.0000
vt 0.0757 0.4124 0.0000
vt 0.2798 0.3945 0.0000
vt 0.8455 0.3945 0.0000
vt 0.7041 0.3945 0.0000
vt 0.0129 0.7459 0.0000
vt 0.2014 0.8934 0.0000
vt 0.1467 0.7459 0.0000
vt 0.3505 1.0023 0.0000
vt 0.7748 1.0023 0.0000
vt 0.0837 0.9061 0.0000
vt 0.5079 0.9061 0.0000
vt 0.5946 0.5635 0.0000
vt 0.7748 0.7333 0.0000
vt 0.3690 0.7333 0.0000
vt 0.5660 0.7459 0.0000
vt 0.3665 0.7459 0.0000
vt 0.7622 0.7459 0.0000
vt 0.9322 0.9061 0.0000
vt 0.6832 0.4071 0.0000
vt 0.4691 0.4071 0.0000
vt 0.4556 0.5762 0.0000
vt 0.6493 0.0217 0.0000
vt 0.9322 0.0217 0.0000
vt 0.2798 0.1315 0.0000
vt 0.2251 0.0217 0.0000
vt 0.7903 0.1315 0.0000
vt 0.4212 0.8934 0.0000
vt 0.0677 0.8934 0.0000
vt 0.1408 0.3969 0.0000
vt 0.0757 0.3969 0.0000
vt 0.6493 0.2480 0.0000
vt 0.4052 0.4071 0.0000
vt 0.7907 0.5762 0.0000
vt 0.7907 0.2480 0.0000
vt 0.9835 0.3911 0.0000
vt 0.9242 0.3911 0.0000
vt 0.8362 0.7459 0.0000
vt 0.0837 0.7459 0.0000
vt 0.4924 0.7459 0.0000
vt 0.1262 0.4071 0.0000
vt 0.5398 0.4071 0.0000
vt 0.3665 0.2480 0.0000
vt 0.6678 0.5762 0.0000
vt 0.4372 0.7459 0.0000
vt 0.6334 0.3945 0.0000
vt 0.3505 0.3945 0.0000
vt 0.7748 0.3945 0.0000
vt 0.5471 0.8934 0.0000
vt 0.2798 0.8934 0.0000
vt 0.9869 0.8934 0.0000
vt 0.0106 0.2457 0.0000
vt 0.0757 0.2457 0.0000
vt 0.6653 0.5635 0.0000
vt 0.7379 0.5635 0.0000
vt 0.4599 0.5635 0.0000
vt 0.1810 0.5635 0.0000
vt 0.3224 0.5635 0.0000
vt 0.7519 0.4071 0.0000
vt 0.9162 0.7333 0.0000
vt 0.5263 0.5762 0.0000
vt 0.7225 0.7333 0.0000
vt 0.1728 0.5762 0.0000
vt 0.2983 0.7333 0.0000
vt 0.0677 0.7333 0.0000
vt 0.2251 0.7459 0.0000
vt 0.1384 1.0023 0.0000
vt 0.4920 1.0023 0.0000
vt 0.6285 0.2305 0.0000
vt 0.5706 0.2305 0.0000
vt 0.1384 0.1315 0.0000
vt 0.9162 0.1315 0.0000
vt 0.1331 0.5583 0.0000
vt 0.0757 0.5583 0.0000
vt 0.4920 0.3945 0.0000
vt 0.5811 0.7333 0.0000
vt 0.4397 0.7333 0.0000
vt 0.1021 0.5762 0.0000
vt 0.2676 0.4071 0.0000
vt 0.2990 0.0316 0.0000
vt 0.6302 0.2255 0.0000
vt 0.4292 0.0266 0.0000
vt 0.4999 0.2305 0.0000
vt 0.4292 0.2305 0.0000
vt 0.3585 0.2305 0.0000
vt 0.4999 0.0266 0.0000
vt 0.5706 0.0266 0.0000
vt 0.4713 0.1653 0.0000
vt 0.5093 0.1274 0.0000
vt 0.4580 0.0914 0.0000
vt 0.4903 0.1654 0.0000
vt 0.4714 0.1464 0.0000
vt 0.4598 0.0896 0.0000
vt 0.5093 0.1086 0.0000
vt 0.4547 0.0907 0.0000
vt 0.5717 0.0786 0.0000
vt 0.5853 0.0777 0.0000
# 1539 texture coords

o tasti035
g tasti035
usemtl Material__162
s off
f 1/1/1 2/2/1 3/3/1 
f 4/4/2 5/5/2 6/6/2 
f 6/6/2 7/7/2 4/4/2 
f 3/3/1 8/8/1 1/1/1 
f 9/9/1 10/10/1 11/11/1 
f 12/12/1 11/11/1 10/10/1 
f 13/13/1 14/14/1 15/15/1 
f 16/16/1 17/17/1 18/18/1 
f 19/19/1 20/20/1 21/21/1 
f 22/22/1 23/23/1 24/24/1 
f 25/25/1 26/26/1 27/27/1 
f 28/28/1 29/29/1 30/30/1 
f 31/31/1 32/32/1 33/33/1 
f 34/34/1 35/35/1 10/10/1 
f 36/36/3 37/37/3 38/38/3 
f 39/39/1 40/40/1 41/41/1 
f 42/42/1 43/43/1 44/44/1 
f 45/45/1 46/46/1 47/47/1 
f 48/48/1 49/49/1 50/50/1 
f 51/51/1 52/52/1 53/53/1 
f 54/54/1 55/55/1 56/56/1 
f 47/47/1 57/57/1 45/45/1 
f 58/58/1 59/59/1 60/60/1 
f 61/61/1 62/62/1 63/63/1 
f 53/53/1 64/64/1 51/51/1 
f 60/60/1 65/65/1 58/58/1 
f 66/66/1 67/67/1 68/68/1 
f 69/69/1 70/70/1 71/71/1 
f 68/68/1 72/72/1 66/66/1 
f 71/71/1 73/73/1 69/69/1 
f 74/74/1 75/75/1 76/76/1 
f 76/76/1 77/77/1 74/74/1 
f 78/78/1 79/79/1 80/80/1 
f 81/81/1 82/82/1 83/83/1 
f 63/63/1 84/84/1 61/61/1 
f 85/85/1 86/86/1 87/87/1 
f 88/88/1 89/89/1 90/90/1 
f 83/83/1 91/91/1 81/81/1 
f 92/92/1 93/93/1 94/94/1 
f 56/56/1 95/95/1 54/54/1 
f 90/90/1 96/96/1 88/88/1 
f 94/94/1 97/97/1 92/92/1 
f 50/50/1 98/98/1 48/48/1 
f 87/87/1 99/99/1 85/85/1 
f 80/80/1 100/100/1 78/78/1 
f 101/101/1 102/102/1 103/103/1 
f 104/104/1 105/105/1 106/106/1 
f 107/107/1 108/108/1 109/109/1 
f 110/110/1 111/111/1 112/112/1 
f 113/113/1 114/114/1 115/115/1 
f 116/116/1 117/117/1 118/118/1 
f 106/106/1 119/119/1 104/104/1 
f 120/120/1 121/121/1 122/122/1 
f 118/118/1 123/123/1 116/116/1 
f 103/103/1 124/124/1 101/101/1 
f 109/109/1 125/125/1 107/107/1 
f 122/122/1 126/126/1 120/120/1 
f 115/115/1 127/127/1 113/113/1 
f 112/112/1 128/128/1 110/110/1 
f 129/129/1 130/130/1 131/131/1 
f 132/132/1 133/133/1 134/134/1 
f 135/135/1 136/136/1 137/137/1 
f 137/137/1 138/138/1 135/135/1 
f 134/134/1 139/139/1 132/132/1 
f 131/131/1 140/140/1 129/129/1 
f 10/10/1 141/141/1 34/34/1 
f 142/142/4 143/143/4 144/144/4 
f 11/11/1 12/12/1 145/145/1 
f 146/146/1 147/147/1 148/148/1 
f 149/149/1 150/150/1 151/151/1 
f 152/152/1 153/153/1 154/154/1 
f 155/155/1 156/156/1 157/157/1 
f 158/158/1 159/159/1 160/160/1 
f 161/161/1 162/162/1 163/163/1 
f 157/157/1 164/164/1 155/155/1 
f 160/160/1 165/165/1 158/158/1 
f 166/166/1 167/167/1 168/168/1 
f 169/169/1 170/170/1 171/171/1 
f 172/172/1 173/173/1 174/174/1 
f 175/175/1 176/176/1 177/177/1 
f 178/178/1 179/179/1 180/180/1 
f 181/181/1 182/182/1 183/183/1 
f 184/184/1 185/185/1 186/186/1 
f 180/180/1 187/187/1 178/178/1 
f 188/188/1 189/189/1 190/190/1 
f 190/190/1 191/191/1 188/188/1 
f 186/186/1 192/192/1 184/184/1 
f 163/163/1 193/151/1 161/161/1 
f 174/174/1 194/193/1 172/172/1 
f 154/154/1 195/194/1 152/152/1 
f 183/183/1 196/195/1 181/181/1 
f 168/168/1 197/196/1 166/166/1 
f 177/177/1 198/197/1 175/175/1 
f 148/148/1 199/198/1 146/146/1 
f 151/151/1 200/163/1 149/149/1 
f 171/171/1 201/199/1 169/169/1 
f 202/200/1 203/201/1 204/202/1 
f 205/203/1 206/204/1 207/205/1 
f 208/206/1 209/207/1 210/208/1 
f 211/209/1 212/210/1 213/211/1 
f 214/212/1 215/213/1 216/214/1 
f 217/215/1 218/216/1 219/217/1 
f 219/217/1 220/218/1 217/215/1 
f 213/211/1 221/219/1 211/209/1 
f 222/220/1 223/221/1 224/222/1 
f 210/208/1 225/223/1 208/206/1 
f 226/224/1 227/225/1 228/226/1 
f 207/205/1 229/227/1 205/203/1 
f 224/222/1 230/228/1 222/220/1 
f 231/229/1 232/230/1 233/231/1 
f 228/226/1 234/232/1 226/224/1 
f 216/214/1 235/233/1 214/212/1 
f 236/234/1 237/235/1 238/236/1 
f 233/231/1 239/237/1 231/229/1 
f 204/202/1 240/238/1 202/200/1 
f 238/236/1 241/239/1 236/234/1 
f 242/240/1 243/241/1 244/242/1 
f 244/242/1 245/243/1 242/240/1 
f 246/244/1 247/245/1 248/246/1 
f 249/247/1 250/248/1 251/249/1 
f 252/250/1 253/251/1 254/252/1 
f 255/253/1 256/254/1 257/255/1 
f 258/256/1 259/257/1 260/258/1 
f 261/259/1 262/260/1 263/261/1 
f 264/262/1 265/263/1 266/264/1 
f 248/246/1 267/265/1 246/244/1 
f 251/249/1 268/266/1 249/247/1 
f 269/267/1 270/268/1 271/269/1 
f 257/255/1 272/270/1 255/253/1 
f 254/252/1 273/271/1 252/250/1 
f 263/261/1 274/272/1 261/259/1 
f 260/258/1 275/273/1 258/256/1 
f 271/269/1 276/274/1 269/267/1 
f 266/264/1 277/275/1 264/262/1 
f 278/276/1 279/277/1 280/278/1 
f 281/279/1 282/280/1 283/281/1 
f 284/282/1 285/283/1 286/284/1 
f 287/285/1 288/286/1 289/287/1 
f 290/288/1 291/289/1 292/290/1 
f 293/291/1 294/292/1 295/293/1 
f 296/294/1 297/295/1 298/296/1 
f 299/297/1 300/298/1 301/299/1 
f 302/300/1 303/301/1 304/302/1 
f 305/303/1 306/304/1 307/305/1 
f 308/306/1 309/307/1 310/308/1 
f 311/309/1 312/310/1 313/311/1 
f 310/308/1 314/312/1 308/306/1 
f 307/305/1 315/313/1 305/303/1 
f 313/311/1 316/314/1 311/309/1 
f 280/278/1 317/315/1 278/276/1 
f 298/296/1 318/316/1 296/294/1 
f 292/290/1 319/317/1 290/288/1 
f 301/299/1 320/318/1 299/297/1 
f 286/284/1 321/319/1 284/282/1 
f 295/293/1 322/320/1 293/291/1 
f 289/287/1 323/321/1 287/285/1 
f 324/322/1 325/323/1 326/324/1 
f 304/302/1 327/325/1 302/300/1 
f 326/324/1 328/326/1 324/322/1 
f 329/327/1 330/328/1 331/329/1 
f 331/329/1 332/330/1 329/327/1 
f 283/281/1 333/331/1 281/279/1 
f 334/332/4 335/333/4 336/334/4 
f 18/18/1 24/24/1 16/16/1 
f 24/24/1 18/18/1 22/22/1 
f 337/335/3 338/336/3 339/335/3 
f 340/337/1 341/338/1 342/339/1 
f 343/340/1 344/341/1 345/342/1 
f 346/343/1 347/344/1 348/345/1 
f 349/346/1 350/347/1 351/348/1 
f 345/342/1 352/349/1 343/340/1 
f 348/345/1 353/350/1 346/343/1 
f 342/339/1 354/351/1 340/337/1 
f 355/352/1 356/353/1 357/354/1 
f 357/354/1 358/355/1 355/352/1 
f 351/348/1 359/356/1 349/346/1 
f 360/357/3 361/358/3 362/359/3 
f 15/15/1 30/30/1 13/13/1 
f 363/360/4 364/361/4 365/362/4 
f 30/30/1 15/15/1 28/28/1 
f 44/44/1 27/27/1 42/42/1 
f 366/363/3 367/364/3 368/365/3 
f 369/366/4 370/367/4 371/368/4 
f 27/27/1 44/44/1 25/25/1 
f 21/21/1 33/33/1 19/19/1 
f 372/369/4 373/370/4 374/371/4 
f 33/33/1 21/21/1 31/31/1 
f 375/372/3 376/373/3 377/374/3 
f 378/375/4 379/376/4 143/143/4 
f 145/145/1 41/41/1 11/11/1 
f 380/377/3 38/38/3 381/378/3 
f 41/41/1 145/145/1 39/39/1 
f 37/37/3 36/36/3 382/379/3 
f 383/380/1 10/10/1 35/35/1 
f 144/144/4 384/381/4 142/142/4 
f 10/10/1 9/9/1 141/141/1 
f 385/382/5 144/144/5 386/383/5 
f 35/35/1 387/384/1 383/380/1 
f 388/385/5 389/386/5 390/387/5 
f 391/388/3 392/389/3 393/390/3 
f 394/391/6 395/392/6 396/393/6 
f 397/394/4 398/395/4 399/396/4 
f 396/393/6 400/397/6 394/391/6 
f 393/390/3 401/398/3 391/388/3 
f 399/396/4 402/399/4 397/394/4 
f 390/387/5 403/400/5 388/385/5 
f 40/40/1 404/401/1 41/41/1 
f 405/377/6 406/378/6 379/376/6 
f 407/402/4 408/403/4 409/403/4 
f 410/404/5 407/402/5 411/405/5 
f 412/406/3 413/407/3 414/407/3 
f 415/407/6 412/406/6 416/408/6 
f 417/409/4 418/410/4 419/410/4 
f 420/410/5 417/409/5 421/411/5 
f 422/412/5 423/413/5 424/414/5 
f 423/413/4 425/412/4 426/415/4 
f 427/416/3 428/417/3 429/417/3 
f 430/417/6 427/416/6 431/418/6 
f 432/419/4 433/420/4 434/421/4 
f 435/420/5 432/419/5 436/422/5 
f 437/423/5 438/424/5 439/425/5 
f 438/424/4 440/423/4 441/426/4 
f 442/427/4 443/428/4 444/429/4 
f 445/428/5 442/427/5 446/430/5 
f 447/431/5 448/432/5 449/433/5 
f 448/432/4 450/431/4 451/434/4 
f 452/435/4 453/436/4 454/437/4 
f 455/436/5 452/435/5 456/438/5 
f 457/439/4 458/440/4 459/441/4 
f 460/440/5 457/439/5 461/442/5 
f 462/443/5 463/444/5 464/445/5 
f 463/444/4 465/443/4 466/446/4 
f 467/447/5 468/448/5 469/449/5 
f 468/448/4 470/447/4 471/447/4 
f 472/450/4 473/451/4 474/451/4 
f 475/451/5 472/450/5 476/452/5 
f 477/445/4 478/453/4 479/453/4 
f 480/453/5 477/445/5 481/454/5 
f 482/455/4 483/456/4 484/416/4 
f 485/456/5 482/455/5 486/455/5 
f 487/457/4 488/458/4 489/459/4 
f 490/458/5 487/457/5 491/460/5 
f 492/461/6 493/462/6 494/463/6 
f 493/462/3 495/461/3 496/464/3 
f 497/465/4 498/466/4 499/466/4 
f 500/466/5 497/465/5 501/467/5 
f 502/468/3 503/469/3 504/469/3 
f 505/469/6 502/468/6 506/470/6 
f 507/471/6 508/472/6 509/473/6 
f 508/472/3 510/471/3 511/474/3 
f 368/365/3 512/475/3 366/363/3 
f 513/475/6 368/365/6 370/367/6 
f 514/476/3 515/477/3 516/412/3 
f 517/477/6 514/476/6 518/478/6 
f 519/479/6 520/480/6 521/481/6 
f 520/480/3 522/479/3 523/479/3 
f 524/482/4 525/483/4 526/483/4 
f 527/484/5 524/482/5 528/485/5 
f 529/486/3 530/487/3 531/487/3 
f 532/487/6 529/486/6 533/488/6 
f 534/489/4 535/490/4 536/490/4 
f 537/490/5 534/489/5 538/491/5 
f 539/492/3 540/493/3 541/493/3 
f 542/493/6 539/492/6 543/494/6 
f 544/495/3 545/496/3 546/496/3 
f 547/496/6 544/495/6 548/497/6 
f 549/498/6 550/451/6 551/499/6 
f 550/451/3 552/500/3 553/498/3 
f 554/501/6 555/424/6 556/502/6 
f 555/424/3 557/501/3 558/501/3 
f 559/503/3 560/504/3 561/505/3 
f 562/504/6 559/503/6 563/506/6 
f 564/507/3 565/508/3 566/508/3 
f 567/508/6 564/507/6 568/509/6 
f 569/426/3 570/510/3 571/511/3 
f 572/510/6 569/426/6 573/512/6 
f 574/513/3 575/514/3 576/514/3 
f 577/514/6 574/513/6 578/515/6 
f 336/334/4 579/336/4 334/332/4 
f 580/336/5 336/334/5 581/516/5 
f 582/517/6 583/518/6 584/519/6 
f 583/518/3 585/517/3 586/520/3 
f 587/521/6 588/522/6 589/523/6 
f 588/522/3 590/521/3 591/521/3 
f 592/520/5 593/500/5 594/452/5 
f 593/500/4 595/520/4 596/524/4 
f 597/525/3 598/526/3 599/526/3 
f 600/526/6 597/525/6 601/527/6 
f 602/528/3 603/373/3 604/373/3 
f 605/373/6 602/528/6 606/529/6 
f 607/530/4 608/531/4 609/531/4 
f 610/531/5 607/530/5 611/532/5 
f 612/500/5 613/533/5 614/534/5 
f 613/533/4 615/500/4 616/500/4 
f 617/506/3 618/535/3 619/536/3 
f 620/535/6 617/506/6 621/537/6 
f 622/538/3 623/539/3 624/539/3 
f 625/539/6 622/538/6 626/540/6 
f 377/374/3 627/372/3 375/372/3 
f 628/372/6 377/374/6 373/370/6 
f 629/541/4 630/542/4 631/543/4 
f 632/542/5 629/541/5 633/544/5 
f 634/545/4 635/546/4 636/505/4 
f 637/546/5 634/545/5 638/462/5 
f 639/547/4 640/548/4 641/548/4 
f 642/548/5 639/547/5 643/549/5 
f 644/487/4 645/550/4 646/551/4 
f 647/550/5 644/487/5 648/486/5 
f 649/552/4 650/553/4 651/553/4 
f 652/553/5 649/552/5 653/554/5 
f 654/555/6 655/556/6 656/557/6 
f 655/556/3 657/555/3 658/558/3 
f 659/559/3 660/483/3 661/483/3 
f 662/483/6 659/559/6 663/560/6 
f 664/561/3 665/562/3 666/563/3 
f 667/562/6 664/561/6 668/564/6 
f 669/565/3 670/566/3 671/566/3 
f 672/566/6 669/565/6 673/567/6 
f 674/568/3 675/569/3 676/569/3 
f 677/569/6 674/568/6 678/570/6 
f 679/571/6 680/528/6 681/529/6 
f 680/528/3 682/571/3 683/571/3 
f 684/572/6 685/573/6 686/574/6 
f 685/573/3 687/572/3 688/572/3 
f 689/575/3 690/576/3 691/577/3 
f 692/576/6 689/575/6 693/578/6 
f 694/579/6 695/468/6 696/580/6 
f 695/468/3 697/579/3 698/579/3 
f 699/487/5 700/581/5 701/488/5 
f 700/581/4 702/487/4 703/487/4 
f 704/582/4 705/572/4 706/572/4 
f 707/572/5 704/582/5 708/583/5 
f 709/584/3 710/453/3 711/453/3 
f 712/453/6 709/584/6 713/585/6 
f 714/586/3 715/587/3 716/587/3 
f 717/587/6 714/586/6 718/588/6 
f 719/589/3 720/590/3 721/591/3 
f 722/590/6 719/589/6 723/592/6 
f 724/593/3 725/594/3 726/542/3 
f 727/594/6 724/593/6 728/595/6 
f 729/596/6 730/597/6 731/598/6 
f 730/597/3 732/596/3 733/596/3 
f 734/504/4 735/599/4 736/442/4 
f 737/599/5 734/504/5 738/600/5 
f 739/521/5 740/601/5 741/602/5 
f 740/601/4 742/603/4 743/603/4 
f 744/604/4 745/605/4 746/605/4 
f 747/605/5 744/604/5 748/606/5 
f 749/577/5 750/607/5 751/608/5 
f 750/607/4 752/609/4 753/609/4 
f 754/442/6 755/610/6 756/611/6 
f 755/610/3 757/442/3 758/442/3 
f 759/552/5 760/612/5 761/460/5 
f 760/612/4 762/552/4 763/552/4 
f 764/613/6 765/553/6 766/457/6 
f 765/553/3 767/613/3 768/552/3 
f 337/335/3 769/336/3 338/336/3 
f 770/336/6 337/335/6 335/333/6 
f 771/614/3 772/615/3 773/615/3 
f 774/615/6 771/614/6 775/616/6 
f 362/359/3 776/617/3 360/357/3 
f 777/617/6 362/359/6 778/361/6 
f 365/362/4 779/618/4 363/360/4 
f 780/618/5 365/362/5 361/358/5 
f 781/520/3 782/446/3 783/446/3 
f 784/446/6 781/520/6 785/619/6 
f 786/620/6 787/621/6 788/622/6 
f 787/621/3 789/620/3 790/620/3 
f 791/623/5 792/624/5 793/625/5 
f 792/624/4 794/623/4 795/536/4 
f 796/626/4 797/627/4 798/628/4 
f 799/627/5 796/626/5 800/629/5 
f 801/596/5 802/630/5 803/631/5 
f 802/630/4 804/596/4 805/632/4 
f 806/633/3 807/634/3 808/634/3 
f 809/634/6 806/633/6 810/635/6 
f 811/636/5 374/371/5 812/534/5 
f 374/371/4 813/636/4 372/369/4 
f 814/637/5 815/638/5 816/639/5 
f 815/638/4 817/637/4 818/637/4 
f 819/640/4 820/641/4 821/641/4 
f 822/641/5 819/640/5 823/642/5 
f 824/643/5 825/644/5 826/470/5 
f 825/644/4 827/643/4 828/643/4 
f 829/645/3 830/646/3 831/646/3 
f 832/646/6 829/645/6 833/647/6 
f 834/648/6 835/649/6 836/650/6 
f 835/649/3 837/648/3 838/651/3 
f 839/652/5 371/368/5 840/364/5 
f 371/368/4 841/652/4 369/366/4 
f 842/653/6 843/654/6 844/655/6 
f 843/654/3 845/653/3 846/637/3 
f 847/656/4 848/657/4 849/658/4 
f 850/657/5 847/656/5 851/659/5 
f 852/660/3 853/416/3 854/416/3 
f 855/416/6 852/660/6 856/382/6 
f 857/661/5 858/662/5 859/472/5 
f 858/662/4 860/661/4 861/663/4 
f 862/643/6 863/664/6 864/612/6 
f 863/664/3 865/643/3 866/552/3 
f 867/665/4 868/666/4 869/667/4 
f 870/666/5 867/665/5 871/668/5 
f 872/669/5 873/670/5 874/671/5 
f 873/670/4 875/669/4 876/669/4 
f 877/672/5 878/673/5 879/674/5 
f 878/673/4 880/672/4 881/675/4 
f 882/676/5 883/677/5 884/678/5 
f 883/677/4 885/676/4 886/679/4 
f 887/680/5 888/681/5 889/682/5 
f 888/681/4 890/680/4 891/680/4 
f 892/683/4 893/684/4 894/685/4 
f 895/684/5 892/683/5 896/686/5 
f 897/646/5 898/687/5 899/688/5 
f 898/687/4 900/646/4 901/646/4 
f 902/689/6 903/690/6 904/691/6 
f 903/690/3 905/689/3 906/692/3 
f 907/693/3 908/694/3 909/695/3 
f 910/694/6 907/693/6 911/696/6 
f 912/697/3 913/698/3 914/698/3 
f 915/698/6 912/697/6 916/699/6 
f 917/539/5 918/700/5 919/701/5 
f 918/700/4 920/539/4 921/539/4 
f 922/702/5 923/703/5 924/704/5 
f 923/703/4 925/702/4 926/705/4 
f 927/706/6 928/707/6 929/708/6 
f 928/707/3 930/706/3 931/706/3 
f 932/468/4 933/498/4 934/498/4 
f 935/498/5 932/468/5 936/451/5 
f 937/709/5 938/710/5 939/710/5 
f 938/710/4 940/709/4 941/496/4 
f 942/711/3 943/712/3 944/712/3 
f 945/711/6 942/711/6 946/713/6 
f 947/672/6 948/672/6 949/714/6 
f 948/672/3 950/672/3 951/672/3 
f 952/667/6 953/715/6 954/716/6 
f 953/715/3 955/667/3 956/666/3 
f 957/695/5 958/717/5 959/718/5 
f 958/717/4 960/695/4 961/719/4 
f 962/720/3 963/721/3 964/679/3 
f 965/721/6 962/720/6 966/722/6 
f 967/723/5 968/724/5 969/725/5 
f 968/724/4 970/723/4 971/723/4 
f 972/726/4 973/727/4 974/728/4 
f 975/727/5 972/726/5 976/729/5 
f 977/730/4 978/731/4 979/732/4 
f 980/731/5 977/730/5 981/733/5 
f 982/734/6 983/735/6 984/736/6 
f 983/735/3 985/734/3 986/737/3 
f 987/738/6 988/739/6 989/740/6 
f 988/739/3 990/738/3 991/741/3 
f 992/742/3 993/743/3 994/743/3 
f 995/743/6 992/742/6 996/744/6 
f 997/745/4 998/692/4 999/689/4 
f 1000/692/5 997/745/5 1001/746/5 
f 1002/747/6 1003/748/6 1004/747/6 
f 1003/748/3 1005/747/3 1006/749/3 
f 1007/701/4 1008/749/4 1009/747/4 
f 1010/749/5 1007/701/5 1011/750/5 
f 1012/751/4 1013/752/4 1014/752/4 
f 1015/752/5 1012/751/5 1016/753/5 
f 1017/754/3 1018/755/3 1019/756/3 
f 1020/755/6 1017/754/6 1021/757/6 
f 1022/758/3 1023/759/3 1024/759/3 
f 1025/759/6 1022/758/6 1026/760/6 
f 1027/761/3 1028/762/3 1029/763/3 
f 1030/762/6 1027/761/6 1031/764/6 
f 1032/765/4 1033/715/4 1034/715/4 
f 1035/715/5 1032/765/5 1036/716/5 
f 1037/766/6 1038/767/6 1039/768/6 
f 1038/767/3 1040/766/3 1041/766/3 
f 1042/769/3 1043/723/3 1044/723/3 
f 1045/723/6 1042/769/6 1046/770/6 
f 1047/771/5 1048/772/5 1049/773/5 
f 1048/772/4 1050/771/4 1051/771/4 
f 1052/774/5 1053/775/5 1054/776/5 
f 1053/775/4 1055/774/4 1056/777/4 
f 1057/712/5 1058/778/5 1059/779/5 
f 1058/778/4 1060/712/4 1061/711/4 
f 1062/780/3 1063/781/3 1064/669/3 
f 1065/781/6 1062/780/6 1066/782/6 
f 1067/698/5 1068/783/5 1069/784/5 
f 1068/783/4 1070/698/4 1071/698/4 
f 1072/785/4 1073/786/4 1074/786/4 
f 1075/786/5 1072/785/5 1076/787/5 
f 1077/788/3 1078/789/3 1079/790/3 
f 1080/789/6 1077/788/6 1081/791/6 
f 1082/792/4 1083/793/4 1084/793/4 
f 1085/793/5 1082/792/5 1086/794/5 
f 1087/795/3 1088/796/3 1089/797/3 
f 1090/796/6 1087/795/6 1091/798/6 
f 1092/799/6 1093/800/6 1094/801/6 
f 1093/800/3 1095/799/3 1096/802/3 
f 1097/803/6 1098/804/6 1099/805/6 
f 1098/804/3 1100/803/3 1101/803/3 
f 1102/806/4 1103/807/4 1104/803/4 
f 1105/807/5 1102/806/5 1106/808/5 
f 1107/766/5 1108/809/5 1109/810/5 
f 1108/809/4 1110/766/4 1111/811/4 
f 1112/812/4 1113/813/4 1114/813/4 
f 1115/813/5 1112/812/5 1116/814/5 
f 1117/815/3 1118/816/3 1119/817/3 
f 1120/818/6 1117/815/6 1121/819/6 
f 1122/813/6 1123/820/6 1124/821/6 
f 1123/820/3 1125/813/3 1126/822/3 
f 1127/823/6 1128/824/6 1129/825/6 
f 1128/824/3 1130/823/3 1131/823/3 
f 1132/826/3 1133/827/3 1134/827/3 
f 1135/827/6 1132/826/6 1136/828/6 
f 1137/829/4 1138/830/4 1139/830/4 
f 1140/830/5 1137/829/5 1141/831/5 
f 1142/832/3 1143/786/3 1144/786/3 
f 1145/786/6 1142/832/6 1146/833/6 
f 1147/834/4 1148/835/4 1149/835/4 
f 1150/835/5 1147/834/5 1151/836/5 
f 1152/837/3 1153/771/3 1154/771/3 
f 1155/771/6 1152/837/6 1156/838/6 
f 1157/519/5 1158/524/5 1159/839/5 
f 1158/524/4 1160/519/4 1161/519/4 
f 1162/797/5 1163/840/5 1164/841/5 
f 1163/840/4 1165/797/4 1166/797/4 
f 1167/842/3 1168/835/3 1169/835/3 
f 1170/835/6 1167/842/6 1171/843/6 
f 1172/844/4 1173/845/4 1174/846/4 
f 1175/845/5 1172/844/5 1176/847/5 
f 1177/848/4 1178/849/4 1179/850/4 
f 1180/851/5 1177/848/5 1181/852/5 
f 1182/743/5 1183/853/5 1184/854/5 
f 1183/853/4 1185/743/4 1186/743/4 
f 406/378/6 405/377/6 1187/855/6 
f 381/378/3 1188/855/3 380/377/3 
f 144/144/4 1189/416/4 384/381/4 
f 144/144/5 385/382/5 1190/416/5 
f 638/462/5 1191/505/5 637/546/5 
f 561/505/3 638/462/3 559/503/3 
f 516/412/3 424/414/3 514/476/3 
f 424/414/5 1192/412/5 422/412/5 
f 449/433/5 1193/566/5 447/431/5 
f 671/566/3 449/433/3 669/565/3 
f 491/460/5 1194/579/5 490/458/5 
f 698/579/3 491/460/3 695/468/3 
f 683/571/3 476/452/3 680/528/3 
f 476/452/5 1195/571/5 475/451/5 
f 566/508/3 436/422/3 564/507/3 
f 436/422/5 1196/508/5 435/420/5 
f 606/529/6 1197/500/6 605/373/6 
f 616/500/4 606/529/4 613/533/4 
f 419/410/4 494/463/4 417/409/4 
f 494/463/6 1198/410/6 492/461/6 
f 604/373/3 614/534/3 602/528/3 
f 614/534/5 1199/373/5 612/500/5 
f 854/416/3 486/455/3 852/660/3 
f 486/455/5 1200/416/5 485/456/5 
f 795/536/4 621/537/4 792/624/4 
f 621/537/6 1201/536/6 620/535/6 
f 676/569/3 889/682/3 674/568/3 
f 889/682/5 1202/569/5 887/680/5 
f 533/488/6 1203/487/6 532/487/6 
f 703/487/4 533/488/4 700/581/4 
f 785/619/6 1204/446/6 784/446/6 
f 466/446/4 785/619/4 463/444/4 
f 708/583/5 1205/572/5 707/572/5 
f 688/572/3 708/583/3 685/573/3 
f 444/429/4 668/564/4 442/427/4 
f 668/564/6 1206/429/6 667/562/6 
f 484/416/4 856/382/4 482/455/4 
f 856/382/6 1207/416/6 855/416/6 
f 954/716/6 1208/667/6 952/667/6 
f 869/667/4 954/716/4 867/665/4 
f 949/714/6 1209/675/6 947/672/6 
f 881/675/4 949/714/4 878/673/4 
f 1019/756/3 1054/776/3 1017/754/3 
f 1054/776/5 1210/756/5 1052/774/5 
f 1021/757/6 1211/777/6 1020/755/6 
f 1056/777/4 1021/757/4 1053/775/4 
f 981/733/5 1212/741/5 980/731/5 
f 991/741/3 981/733/3 988/739/3 
f 976/729/5 1213/737/5 975/727/5 
f 986/737/3 976/729/3 983/735/3 
f 971/723/4 1046/770/4 968/724/4 
f 1046/770/6 1214/723/6 1045/723/6 
f 1039/768/6 1215/811/6 1037/766/6 
f 1111/811/4 1039/768/4 1108/809/4 
f 1161/519/4 1129/825/4 1158/524/4 
f 1129/825/6 1216/519/6 1127/823/6 
f 693/578/6 1217/609/6 692/576/6 
f 753/609/4 693/578/4 750/607/4 
f 518/478/6 1218/415/6 517/477/6 
f 426/415/4 518/478/4 423/413/4 
f 766/457/6 1219/552/6 764/613/6 
f 763/552/4 766/457/4 760/612/4 
f 798/628/4 836/650/4 796/626/4 
f 836/650/6 1220/628/6 834/648/6 
f 768/552/3 761/460/3 765/553/3 
f 761/460/5 1221/552/5 759/552/5 
f 591/521/3 741/602/3 588/522/3 
f 741/602/5 1222/521/5 739/521/5 
f 748/606/5 1223/479/5 747/605/5 
f 523/479/3 748/606/3 520/480/3 
f 619/536/3 793/625/3 617/506/3 
f 793/625/5 1224/536/5 791/623/5 
f 936/451/5 1225/498/5 935/498/5 
f 553/498/3 936/451/3 550/451/3 
f 546/496/3 939/710/3 544/495/3 
f 939/710/5 1226/496/5 937/709/5 
f 631/543/4 728/595/4 629/541/4 
f 728/595/6 1227/542/6 727/594/6 
f 526/483/4 663/560/4 524/482/4 
f 663/560/6 1228/483/6 662/483/6 
f 1134/827/3 1141/831/3 1132/826/3 
f 1141/831/5 1229/827/5 1140/830/5 
f 1041/766/3 1109/810/3 1038/767/3 
f 1109/810/5 1230/766/5 1107/766/5 
f 1159/839/5 1231/519/5 1157/519/5 
f 1131/823/3 1159/839/3 1128/824/3 
f 1164/841/5 1232/797/5 1162/797/5 
f 1089/797/3 1164/841/3 1087/795/3 
f 999/689/4 904/691/4 997/745/4 
f 904/691/6 1233/689/6 902/689/6 
f 1174/846/4 1094/801/4 1172/844/4 
f 1094/801/6 1234/846/6 1092/799/6 
f 1074/786/4 1146/833/4 1072/785/4 
f 1146/833/6 1235/786/6 1145/786/6 
f 586/520/3 594/452/3 583/518/3 
f 594/452/5 1236/520/5 592/520/5 
f 429/417/3 439/425/3 427/416/3 
f 439/425/5 1237/856/5 437/423/5 
f 599/526/3 611/532/3 597/525/3 
f 611/532/5 1238/526/5 610/531/5 
f 446/430/5 1239/563/5 445/428/5 
f 666/563/3 446/430/3 664/561/3 
f 528/485/5 1240/483/5 527/484/5 
f 661/483/3 528/485/3 659/559/3 
f 461/442/5 1241/493/5 460/440/5 
f 541/493/3 461/442/3 539/492/3 
f 499/466/4 578/515/4 497/465/4 
f 578/515/6 1242/466/6 577/514/6 
f 871/668/5 1243/666/5 870/666/5 
f 956/666/3 871/668/3 953/715/3 
f 1059/779/5 1244/712/5 1057/712/5 
f 944/712/3 1059/779/3 942/711/3 
f 1151/836/5 1245/835/5 1150/835/5 
f 1169/835/3 1151/836/3 1167/842/3 
f 589/523/6 1246/603/6 587/521/6 
f 743/603/4 589/523/4 740/601/4 
f 434/421/4 568/509/4 432/419/4 
f 568/509/6 1247/421/6 567/508/6 
f 584/519/6 1248/524/6 582/517/6 
f 596/524/4 584/519/4 593/500/4 
f 609/531/4 601/527/4 607/530/4 
f 601/527/6 1249/531/6 600/526/6 
f 411/405/5 1250/407/5 410/404/5 
f 414/407/3 411/405/3 412/406/3 
f 431/418/6 1251/426/6 430/417/6 
f 441/426/4 431/418/4 438/424/4 
f 409/403/4 416/408/4 407/402/4 
f 416/408/6 1252/403/6 415/407/6 
f 656/557/6 1253/437/6 654/555/6 
f 454/437/4 656/557/4 452/435/4 
f 686/574/6 1254/572/6 684/572/6 
f 706/572/4 686/574/4 704/582/4 
f 474/451/4 681/529/4 472/450/4 
f 681/529/6 1255/451/6 679/571/6 
f 805/632/4 731/598/4 802/630/4 
f 731/598/6 1256/632/6 729/596/6 
f 711/453/3 481/454/3 709/584/3 
f 481/454/5 1257/453/5 480/453/5 
f 479/453/4 713/585/4 477/445/4 
f 713/585/6 1258/453/6 712/453/6 
f 673/567/6 1259/431/6 672/566/6 
f 451/434/4 673/567/4 448/432/4 
f 964/679/3 884/678/3 962/720/3 
f 884/678/5 1260/679/5 882/676/5 
f 879/674/5 1261/672/5 877/672/5 
f 951/672/3 879/674/3 948/672/3 
f 1051/771/4 1156/838/4 1048/772/4 
f 1156/838/6 1262/771/6 1155/771/6 
f 1014/752/4 1081/791/4 1012/751/4 
f 1081/791/6 1263/752/6 1080/789/6 
f 746/605/4 521/481/4 744/604/4 
f 521/481/6 1264/605/6 519/479/6 
f 736/442/4 756/611/4 734/504/4 
f 756/611/6 1265/442/6 754/442/6 
f 773/615/3 924/704/3 771/614/3 
f 924/704/5 1266/615/5 922/702/5 
f 808/634/3 538/491/3 806/633/3 
f 538/491/5 1267/634/5 537/490/5 
f 844/655/6 1268/637/6 842/653/6 
f 818/637/4 844/655/4 815/638/4 
f 929/708/6 1269/447/6 927/706/6 
f 471/447/4 929/708/4 468/448/4 
f 1099/805/6 1270/803/6 1097/803/6 
f 1104/803/4 1099/805/4 1102/806/4 
f 1101/803/3 1106/808/3 1098/804/3 
f 1106/808/5 1271/803/5 1105/807/5 
f 1064/669/3 874/671/3 1062/780/3 
f 874/671/5 1272/669/5 872/669/5 
f 459/441/4 543/494/4 457/439/4 
f 543/494/6 1273/441/6 542/493/6 
f 536/490/4 810/635/4 534/489/4 
f 810/635/6 1274/490/6 809/634/6 
f 738/600/5 1275/442/5 737/599/5 
f 758/442/3 738/600/3 755/610/3 
f 751/608/5 1276/577/5 749/577/5 
f 691/577/3 751/608/3 689/575/3 
f 558/501/3 859/472/3 555/424/3 
f 859/472/5 1277/501/5 857/661/5 
f 886/679/4 966/722/4 883/677/4 
f 966/722/6 1278/679/6 965/721/6 
f 909/695/3 959/718/3 907/693/3 
f 959/718/5 1279/695/5 957/695/5 
f 914/698/3 1069/784/3 912/697/3 
f 1069/784/5 1280/698/5 1067/698/5 
f 633/544/5 1281/542/5 632/542/5 
f 726/542/3 633/544/3 724/593/3 
f 511/474/3 648/486/3 508/472/3 
f 648/486/5 1282/474/5 647/550/5 
f 469/449/5 1283/706/5 467/447/5 
f 931/706/3 469/449/3 928/707/3 
f 828/643/4 864/612/4 825/644/4 
f 864/612/6 1284/643/6 862/643/6 
f 894/685/4 723/592/4 892/683/4 
f 723/592/6 1285/685/6 722/590/6 
f 496/464/3 421/411/3 493/462/3 
f 421/411/5 1286/464/5 420/410/5 
f 509/473/6 1287/551/6 507/471/6 
f 646/551/4 509/473/4 644/487/4 
f 651/553/4 506/470/4 649/552/4 
f 506/470/6 1288/553/6 505/469/6 
f 636/505/4 563/506/4 634/545/4 
f 563/506/6 1289/505/6 562/504/6 
f 501/467/5 1290/514/5 500/466/5 
f 576/514/3 501/467/3 574/513/3 
f 718/588/6 1291/587/6 717/587/6 
f 821/641/4 718/588/4 819/640/4 
f 571/511/3 643/549/3 569/426/3 
f 643/549/5 1292/511/5 642/548/5 
f 891/680/4 678/570/4 888/681/4 
f 678/570/6 1293/680/6 677/569/6 
f 849/658/4 788/622/4 847/656/4 
f 788/622/6 1294/658/6 786/620/6 
f 783/446/3 464/445/3 781/520/3 
f 464/445/5 1295/443/5 462/443/5 
f 701/488/5 1296/487/5 699/487/5 
f 531/487/3 701/488/3 529/486/3 
f 1124/821/6 1297/813/6 1122/813/6 
f 1114/813/4 1124/821/4 1112/812/4 
f 1034/715/4 1026/760/4 1032/765/4 
f 1026/760/6 1298/715/6 1025/759/6 
f 1184/854/5 1299/743/5 1182/743/5 
f 994/743/3 1184/854/3 992/742/3 
f 1119/817/3 1181/852/3 1117/815/3 
f 1181/852/5 1300/857/5 1180/851/5 
f 1166/797/4 1091/798/4 1163/840/4 
f 1091/798/6 1301/797/6 1090/796/6 
f 1006/749/3 1011/750/3 1003/748/3 
f 1011/750/5 1302/749/5 1010/749/5 
f 1009/747/4 1004/747/4 1007/701/4 
f 1004/747/6 1303/747/6 1002/747/6 
f 906/692/3 1001/746/3 903/690/3 
f 1001/746/5 1304/692/5 1000/692/5 
f 1154/771/3 1049/773/3 1152/837/3 
f 1049/773/5 1305/771/5 1047/771/5 
f 1086/794/5 1306/858/5 1085/793/5 
f 1029/763/3 1086/794/3 1027/761/3 
f 1024/759/3 1036/716/3 1022/758/3 
f 1036/716/5 1307/759/5 1035/715/5 
f 1139/830/4 1136/828/4 1137/829/4 
f 1136/828/6 1308/830/6 1135/827/6 
f 1144/786/3 1076/787/3 1142/832/3 
f 1076/787/5 1309/786/5 1075/786/5 
f 1149/835/4 1171/843/4 1147/834/4 
f 1171/843/6 1310/835/6 1170/835/6 
f 1079/790/3 1016/753/3 1077/788/3 
f 1016/753/5 1311/790/5 1015/752/5 
f 901/646/4 833/647/4 898/687/4 
f 833/647/6 1312/646/6 832/646/6 
f 926/705/4 775/616/4 923/703/4 
f 775/616/6 1313/705/6 774/615/6 
f 934/498/4 551/499/4 932/468/4 
f 551/499/6 1314/498/6 549/498/6 
f 1071/698/4 916/699/4 1068/783/4 
f 916/699/6 1315/698/6 915/698/6 
f 1179/850/4 1121/819/4 1177/848/4 
f 1121/819/6 1316/859/6 1120/818/6 
f 1186/743/4 996/744/4 1183/853/4 
f 996/744/6 1317/743/6 995/743/6 
f 456/438/5 1318/558/5 455/436/5 
f 658/558/3 456/438/3 655/556/3 
f 896/686/5 1319/591/5 895/684/5 
f 721/591/3 896/686/3 719/589/3 
f 826/470/5 1320/552/5 824/643/5 
f 866/552/3 826/470/3 863/664/3 
f 831/646/3 899/688/3 829/645/3 
f 899/688/5 1321/646/5 897/646/5 
f 790/620/3 851/659/3 787/621/3 
f 851/659/5 1322/657/5 850/657/5 
f 838/651/3 800/629/3 835/649/3 
f 800/629/5 1323/651/5 799/627/5 
f 803/631/5 1324/596/5 801/596/5 
f 733/596/3 803/631/3 730/597/3 
f 919/701/5 1325/539/5 917/539/5 
f 624/539/3 919/701/3 622/538/3 
f 816/639/5 1326/637/5 814/637/5 
f 846/637/3 816/639/3 843/654/3 
f 1044/723/3 969/725/3 1042/769/3 
f 969/725/5 1327/723/5 967/723/5 
f 1176/847/5 1328/802/5 1175/845/5 
f 1096/802/3 1176/847/3 1093/800/3 
f 1126/822/3 1116/814/3 1123/820/3 
f 1116/814/5 1329/822/5 1115/813/5 
f 961/719/4 911/696/4 958/717/4 
f 911/696/6 1330/719/6 910/694/6 
f 1066/782/6 1331/669/6 1065/781/6 
f 876/669/4 1066/782/4 873/670/4 
f 653/554/5 1332/469/5 652/553/5 
f 504/469/3 653/554/3 502/468/3 
f 984/736/6 1333/728/6 982/734/6 
f 974/728/4 984/736/4 972/726/4 
f 989/740/6 1334/860/6 987/738/6 
f 979/732/4 989/740/4 977/730/4 
f 641/548/4 573/512/4 639/547/4 
f 573/512/6 1335/548/6 572/510/6 
f 696/580/6 1336/459/6 694/579/6 
f 489/459/4 696/580/4 487/457/4 
f 716/587/3 823/642/3 714/586/3 
f 823/642/5 1337/587/5 822/641/5 
f 861/663/4 556/502/4 858/662/4 
f 556/502/6 1338/663/6 554/501/6 
f 921/539/4 626/540/4 918/700/4 
f 626/540/6 165/539/6 625/539/6 
f 548/497/6 1339/496/6 547/496/6 
f 941/496/4 548/497/4 938/710/4 
f 946/713/6 1340/711/6 945/711/6 
f 1061/711/4 946/713/4 1058/778/4 
f 1084/793/4 1031/764/4 1082/792/4 
f 1031/764/6 1341/793/6 1030/762/6 
f 812/534/5 1342/372/5 811/636/5 
f 376/373/3 375/372/3 1343/372/3 
f 367/364/3 366/363/3 1344/861/3 
f 840/364/5 1345/861/5 839/652/5 
f 778/361/6 1346/862/6 777/617/6 
f 364/361/4 363/360/4 1347/360/4 
f 37/37/3 382/379/3 1348/660/3 
f 386/383/5 1349/660/5 385/382/5 
f 370/367/4 369/366/4 1350/366/4 
f 370/367/6 1351/863/6 513/475/6 
f 361/358/3 360/357/3 1352/864/3 
f 361/358/5 1353/864/5 780/618/5 
f 335/333/4 334/332/4 1354/865/4 
f 335/333/6 1355/865/6 770/336/6 
f 373/370/6 1356/369/6 628/372/6 
f 373/370/4 372/369/4 1357/369/4 
f 379/376/4 378/375/4 1358/866/4 
f 379/376/6 1359/867/6 405/377/6 
f 339/335/3 581/516/3 337/335/3 
f 581/516/5 17/335/5 580/336/5 
f 143/143/4 1360/868/4 378/375/4 
f 143/143/4 142/142/4 1360/868/4 
f 38/38/3 380/377/3 1361/866/3 
f 38/38/3 1361/866/3 36/36/3 
f 389/386/7 393/869/7 392/870/7 
f 393/871/8 6/6/8 5/5/8 
f 399/872/9 4/4/9 7/7/9 
f 395/392/10 399/396/10 398/395/10 
f 391/388/11 1/873/11 8/874/11 
f 400/397/12 391/388/12 401/398/12 
f 403/400/13 397/394/13 402/399/13 
f 397/394/14 3/875/14 2/876/14 
f 488/877/14 60/60/14 59/59/14 
f 60/60/15 490/878/15 1194/879/15 
f 498/880/14 116/116/14 123/123/14 
f 116/116/15 500/881/15 1290/882/15 
f 503/883/11 106/106/11 105/105/11 
f 106/106/16 505/884/16 1288/885/16 
f 413/886/11 68/68/11 67/67/11 
f 68/68/16 415/887/16 1252/888/16 
f 53/53/16 572/889/16 1335/890/16 
f 570/891/11 53/53/11 52/52/11 
f 495/892/11 71/71/11 70/70/11 
f 71/71/16 492/893/16 1198/894/16 
f 118/118/16 577/895/16 1242/896/16 
f 575/897/11 118/118/11 117/117/11 
f 510/898/11 103/103/11 102/102/11 
f 103/103/16 507/899/16 1287/900/16 
f 66/66/15 410/901/15 1250/902/15 
f 408/903/14 66/66/14 72/72/14 
f 522/904/11 78/78/11 100/100/11 
f 78/78/16 519/905/16 1264/906/16 
f 418/907/14 69/69/14 73/73/14 
f 69/69/15 420/908/15 1286/909/15 
f 515/910/11 76/76/11 75/75/11 
f 76/76/16 517/911/16 1218/912/16 
f 425/913/14 74/74/14 77/77/14 
f 74/74/15 422/914/15 1192/915/15 
f 172/172/15 527/916/15 1240/917/15 
f 525/918/14 172/172/14 194/193/14 
f 440/919/14 122/122/14 121/121/14 
f 122/122/15 437/920/15 1237/921/15 
f 120/120/16 430/922/16 1251/923/16 
f 428/924/11 120/120/11 126/126/11 
f 433/925/14 109/109/14 108/108/14 
f 109/109/15 435/926/15 1196/927/15 
f 394/391/17 5/5/17 4/4/17 
f 401/398/12 394/391/12 400/397/12 
f 623/928/11 160/160/11 159/159/11 
f 160/160/16 625/929/16 165/165/16 
f 214/212/16 532/930/16 1203/931/16 
f 530/932/11 214/212/11 235/233/11 
f 175/175/15 537/933/15 1267/934/15 
f 535/935/14 175/175/14 198/197/14 
f 443/936/14 169/169/14 201/199/14 
f 169/169/15 445/937/15 1239/938/15 
f 166/166/15 447/939/15 1193/940/15 
f 450/941/14 166/166/14 197/196/14 
f 465/942/14 184/184/14 192/192/14 
f 184/184/15 462/943/15 1295/944/15 
f 540/945/11 178/178/11 187/187/11 
f 178/178/16 542/946/16 1273/947/16 
f 180/180/15 460/948/15 1241/949/15 
f 458/950/14 180/180/14 179/179/14 
f 181/181/15 455/951/15 1318/952/15 
f 453/953/14 181/181/14 196/195/14 
f 478/954/14 222/220/14 230/228/14 
f 222/220/15 480/955/15 1257/956/15 
f 552/957/11 210/208/11 209/207/11 
f 210/208/16 549/958/16 1314/959/16 
f 557/960/11 226/224/11 234/232/11 
f 226/224/16 554/961/16 1338/962/16 
f 207/205/16 547/963/16 1339/964/16 
f 545/965/11 207/205/11 206/204/11 
f 213/211/15 467/966/15 1283/967/15 
f 470/968/14 213/211/14 212/210/14 
f 483/969/14 219/217/14 218/216/14 
f 219/217/15 485/970/15 1200/971/15 
f 231/229/15 475/972/15 1195/973/15 
f 473/974/14 231/229/14 239/237/14 
f 830/975/11 115/115/11 114/114/11 
f 115/115/16 832/976/16 1312/977/16 
f 94/94/16 754/978/16 1265/979/16 
f 757/980/11 94/94/11 93/93/11 
f 90/90/15 592/981/15 1236/982/15 
f 595/983/14 90/90/14 89/89/14 
f 767/984/11 129/129/11 140/140/11 
f 129/129/16 764/985/16 1219/986/16 
f 608/987/14 135/135/14 138/138/14 
f 135/135/15 610/988/15 1238/989/15 
f 132/132/15 612/990/15 1199/991/15 
f 615/992/14 132/132/14 139/139/14 
f 224/222/16 712/993/16 1258/994/16 
f 710/995/11 224/222/11 223/221/11 
f 31/31/16 628/996/16 1356/997/16 
f 627/998/11 31/31/11 21/21/11 
f 635/999/14 45/45/14 57/57/14 
f 45/45/15 637/1000/15 1191/1001/15 
f 51/51/15 642/1002/15 1292/1003/15 
f 640/1004/14 51/51/14 64/64/14 
f 630/1005/14 48/48/14 98/98/14 
f 48/48/15 632/1006/15 1281/1007/15 
f 650/1008/14 104/104/14 119/119/14 
f 104/104/15 652/1009/15 1332/1010/15 
f 101/101/15 647/1011/15 1282/1012/15 
f 645/1013/14 101/101/14 124/124/14 
f 54/54/16 692/1014/16 1217/1015/16 
f 690/1016/11 54/54/11 95/95/11 
f 58/58/16 694/1017/16 1336/1018/16 
f 697/1019/11 58/58/11 65/65/11 
f 47/47/16 562/1020/16 1289/1021/16 
f 560/1022/11 47/47/11 46/46/11 
f 190/190/16 786/1023/16 1294/1024/16 
f 789/1025/11 190/190/11 189/189/11 
f 107/107/16 567/1026/16 1247/1027/16 
f 565/1028/11 107/107/11 125/125/11 
f 163/163/16 677/1029/16 1293/1030/16 
f 675/1031/11 163/163/11 162/162/11 
f 16/16/15 580/1032/15 17/17/15 
f 579/1033/14 16/16/14 24/24/14 
f 702/1034/14 216/214/14 215/213/14 
f 216/214/15 699/1035/15 1296/1036/15 
f 238/236/15 707/1037/15 1205/1038/15 
f 705/1039/14 238/236/14 237/235/14 
f 83/83/15 822/1040/15 1337/1041/15 
f 820/1042/14 83/83/14 82/82/14 
f 63/63/16 722/1043/16 1285/1044/16 
f 720/1045/11 63/63/11 62/62/11 
f 112/112/15 824/1046/15 1320/1047/15 
f 827/1048/14 112/112/14 111/111/14 
f 598/1049/11 137/137/11 136/136/11 
f 137/137/16 600/1050/16 1249/1051/16 
f 837/1052/11 149/149/11 200/163/11 
f 149/149/16 834/1053/16 1220/1054/16 
f 732/1055/11 146/146/11 199/198/11 
f 146/146/16 729/1056/16 1256/1057/16 
f 42/42/16 513/1058/16 1351/1059/16 
f 512/1060/11 42/42/11 27/27/11 
f 845/1061/11 202/200/11 240/238/11 
f 202/200/16 842/1062/16 1268/1063/16 
f 155/155/16 774/1064/16 1313/1065/16 
f 772/1066/11 155/155/11 164/164/11 
f 152/152/16 620/1067/16 1201/1068/16 
f 618/1069/11 152/152/11 195/194/11 
f 81/81/16 717/1070/16 1291/1071/16 
f 715/1072/11 81/81/11 91/91/11 
f 50/50/16 727/1073/16 1227/1074/16 
f 725/1075/11 50/50/11 49/49/11 
f 848/1076/14 188/188/14 191/191/14 
f 188/188/15 850/1077/15 1322/1078/15 
f 585/1079/11 88/88/11 96/96/11 
f 88/88/16 582/1080/16 1248/1081/16 
f 56/56/15 749/1082/15 1276/1083/15 
f 752/1084/14 56/56/14 55/55/14 
f 80/80/15 747/1085/15 1223/1086/15 
f 745/1087/14 80/80/14 79/79/14 
f 735/1088/14 92/92/14 97/97/14 
f 92/92/15 737/1089/15 1275/1090/15 
f 590/1091/11 85/85/11 99/99/11 
f 85/85/16 587/1092/16 1246/1093/16 
f 87/87/15 739/1094/15 1222/1095/15 
f 742/1096/14 87/87/14 86/86/14 
f 603/1097/11 134/134/11 133/133/11 
f 134/134/16 605/1098/16 1197/1099/16 
f 131/131/15 759/1100/15 1221/1101/15 
f 762/1102/14 131/131/14 130/130/14 
f 860/1103/14 228/226/14 227/225/14 
f 228/226/15 857/1104/15 1277/1105/15 
f 665/1106/11 171/171/11 170/170/11 
f 171/171/16 667/1107/16 1206/1108/16 
f 388/1109/18 7/7/18 6/6/18 
f 402/399/13 388/385/13 403/400/13 
f 161/161/15 887/1110/15 1202/1111/15 
f 890/1112/14 161/161/14 193/151/14 
f 248/246/16 902/1113/16 1233/1114/16 
f 905/1115/11 248/246/11 247/245/11 
f 782/1116/11 186/186/11 185/185/11 
f 186/186/16 784/1117/16 1204/1118/16 
f 251/249/16 945/1119/16 1340/1120/16 
f 943/1121/11 251/249/11 250/248/11 
f 151/151/15 799/1122/15 1323/1123/15 
f 797/1124/14 151/151/14 150/150/14 
f 794/1125/14 154/154/14 153/153/14 
f 154/154/15 791/1126/15 1224/1127/15 
f 148/148/15 801/1128/15 1324/1129/15 
f 804/1130/14 148/148/14 147/147/14 
f 660/1131/11 174/174/11 173/173/11 
f 174/174/16 662/1132/16 1228/1133/16 
f 670/1134/11 168/168/11 167/167/11 
f 168/168/16 672/1135/16 1259/1136/16 
f 807/1137/11 177/177/11 176/176/11 
f 177/177/16 809/1138/16 1274/1139/16 
f 657/1140/11 183/183/11 182/182/11 
f 183/183/16 654/1141/16 1253/1142/16 
f 204/202/15 814/1143/15 1326/1144/15 
f 817/1145/14 204/202/14 203/201/14 
f 687/1146/11 236/234/11 241/239/11 
f 236/234/16 684/1147/16 1254/1148/16 
f 682/1149/11 233/231/11 232/230/11 
f 233/231/16 679/1150/16 1255/1151/16 
f 908/1152/11 264/262/11 277/275/11 
f 264/262/16 910/1153/16 1330/1154/16 
f 868/1155/14 269/267/14 276/274/14 
f 269/267/15 870/1156/15 1243/1157/15 
f 880/1158/14 258/256/14 275/273/14 
f 258/256/15 877/1159/15 1261/1160/15 
f 257/255/15 872/1161/15 1272/1162/15 
f 875/1163/14 257/255/14 256/254/14 
f 885/1164/14 261/259/14 274/272/14 
f 261/259/15 882/1165/15 1260/1166/15 
f 913/1167/11 254/252/11 253/251/11 
f 254/252/16 915/1168/16 1315/1169/16 
f 19/19/15 811/1170/15 1342/1171/15 
f 813/1172/14 19/19/14 33/33/14 
f 13/357/16 777/617/16 1346/862/16 
f 776/617/11 13/357/11 30/357/11 
f 61/61/15 895/1173/15 1319/1174/15 
f 893/1175/14 61/61/14 84/84/14 
f 28/862/15 780/618/15 1353/864/15 
f 779/618/14 28/862/14 15/862/14 
f 865/1176/11 110/110/11 128/128/11 
f 110/110/16 862/1177/16 1284/1178/16 
f 900/1179/14 113/113/14 127/127/14 
f 113/113/15 897/1180/15 1321/1181/15 
f 920/1182/14 158/158/14 165/165/14 
f 158/158/15 917/1183/15 1325/1184/15 
f 925/1185/14 157/157/14 156/156/14 
f 157/157/15 922/1186/15 1266/1187/15 
f 25/25/15 839/1188/15 1345/1189/15 
f 841/1190/14 25/25/14 44/44/14 
f 940/1191/14 205/203/14 229/227/14 
f 205/203/15 937/1192/15 1226/1193/15 
f 208/206/15 935/1194/15 1225/1195/15 
f 933/1196/14 208/206/14 225/223/14 
f 930/1197/11 211/209/11 221/219/11 
f 211/209/16 927/1198/16 1269/1199/16 
f 263/261/16 965/1200/16 1278/1201/16 
f 963/1202/11 263/261/11 262/260/11 
f 1078/1203/11 348/345/11 347/344/11 
f 348/345/16 1080/1204/16 1263/1205/16 
f 1073/1206/14 342/339/14 341/338/14 
f 342/339/15 1075/1207/15 1309/1208/15 
f 22/22/16 770/1209/16 1355/1210/16 
f 769/1211/11 22/22/11 18/18/11 
f 1023/1212/11 313/311/11 312/310/11 
f 313/311/16 1025/1213/16 1298/1214/16 
f 1028/1215/11 280/278/11 279/277/11 
f 280/278/16 1030/1216/16 1341/1217/16 
f 217/215/16 855/1218/16 1207/1219/16 
f 853/1220/11 217/215/11 220/218/11 
f 298/296/16 995/1221/16 1317/1222/16 
f 993/1223/11 298/296/11 297/295/11 
f 305/303/16 982/1224/16 1333/1225/16 
f 985/1226/11 305/303/11 315/313/11 
f 302/300/15 967/1227/15 1327/1228/15 
f 970/1229/14 302/300/14 327/325/14 
f 990/1230/11 308/306/11 314/312/11 
f 308/306/16 987/1231/16 1334/1232/16 
f 310/308/15 980/1233/15 1212/1234/15 
f 978/1235/14 310/308/14 309/307/14 
f 973/1236/14 307/305/14 306/304/14 
f 307/305/15 975/1237/15 1213/1238/15 
f 301/299/16 1120/1239/16 1316/1240/16 
f 1118/1241/11 301/299/11 300/298/11 
f 346/343/15 1015/1242/15 1311/1243/15 
f 1013/1244/14 346/343/14 353/350/14 
f 1088/1245/11 349/346/11 359/356/11 
f 349/346/16 1090/1246/16 1301/1247/16 
f 1033/1248/14 311/309/14 316/314/14 
f 311/309/15 1035/1249/15 1307/1250/15 
f 286/284/15 1052/1251/15 1210/1252/15 
f 1055/1253/14 286/284/14 285/283/14 
f 289/287/15 1047/1254/15 1305/1255/15 
f 1050/1256/14 289/287/14 288/286/14 
f 246/244/15 1000/1257/15 1304/1258/15 
f 998/1259/14 246/244/14 267/265/14 
f 242/240/15 1010/1260/15 1302/1261/15 
f 1008/1262/14 242/240/14 245/243/14 
f 1005/1263/11 244/242/11 243/241/11 
f 244/242/16 1002/1264/16 1303/1265/16 
f 260/258/16 947/1266/16 1209/1267/16 
f 950/1268/11 260/258/11 259/257/11 
f 955/1269/11 271/269/11 270/268/11 
f 271/269/16 952/1270/16 1208/1271/16 
f 960/1272/14 266/264/14 265/263/14 
f 266/264/15 957/1273/15 1279/1274/15 
f 281/279/16 1122/1275/16 1297/1276/16 
f 1125/1277/11 281/279/11 333/331/11 
f 278/276/15 1085/1278/15 1306/1279/15 
f 1083/1280/14 278/276/14 317/315/14 
f 1018/1281/11 284/282/11 321/319/11 
f 284/282/16 1020/1282/16 1211/1283/16 
f 1138/1284/14 292/290/14 291/289/14 
f 292/290/15 1140/1285/15 1229/1286/15 
f 1143/1287/11 340/337/11 354/351/11 
f 340/337/16 1145/1288/16 1235/1289/16 
f 343/340/15 1150/1290/15 1245/1291/15 
f 1148/1292/14 343/340/14 352/349/14 
f 1095/1293/11 295/293/11 294/292/11 
f 295/293/16 1092/1294/16 1234/1295/16 
f 329/327/16 1097/1296/16 1270/1297/16 
f 1100/1298/11 329/327/11 332/330/11 
f 304/302/16 1045/1299/16 1214/1300/16 
f 1043/1301/11 304/302/11 303/301/11 
f 1040/1302/11 324/322/11 328/326/11 
f 324/322/16 1037/1303/16 1215/1304/16 
f 331/329/15 1105/1305/15 1271/1306/15 
f 1103/1307/14 331/329/14 330/328/14 
f 326/324/15 1107/1308/15 1230/1309/15 
f 1110/1310/14 326/324/14 325/323/14 
f 1113/1311/14 283/281/14 282/280/14 
f 283/281/15 1115/1312/15 1329/1313/15 
f 1133/1314/11 290/288/11 319/317/11 
f 290/288/16 1135/1315/16 1308/1316/16 
f 249/247/15 1057/1317/15 1244/1318/15 
f 1060/1319/14 249/247/14 268/266/14 
f 1063/1320/11 255/253/11 272/270/11 
f 255/253/16 1065/1321/16 1331/1322/16 
f 252/250/15 1067/1323/15 1280/1324/15 
f 1070/1325/14 252/250/14 273/271/14 
f 1165/1326/14 351/348/14 350/347/14 
f 351/348/15 1162/1327/15 1232/1328/15 
f 1130/1329/11 355/352/11 358/355/11 
f 355/352/16 1127/1330/16 1216/1331/16 
f 1160/1332/14 357/354/14 356/353/14 
f 357/354/15 1157/1333/15 1231/1334/15 
f 299/297/15 1180/1335/15 1300/1336/15 
f 1178/1337/14 299/297/14 320/318/14 
f 1173/1338/14 293/291/14 322/320/14 
f 293/291/15 1175/1339/15 1328/1340/15 
f 1153/1341/11 287/285/11 323/321/11 
f 287/285/16 1155/1342/16 1262/1343/16 
f 1185/1344/14 296/294/14 318/316/14 
f 296/294/15 1182/1345/15 1299/1346/15 
f 345/342/16 1170/1347/16 1310/1348/16 
f 1168/1349/11 345/342/11 344/341/11 
f 1189/1350/14 34/34/14 141/141/14 
f 34/34/15 1190/1351/15 385/1352/15 
f 1188/1353/11 39/39/11 145/145/11 
f 39/39/16 1187/1354/16 405/1355/16 
f 358/355/11 1131/1356/11 1130/1329/11 
f 1131/823/7 1231/519/7 1159/839/7 
f 359/356/11 1089/1357/11 1088/1245/11 
f 1089/797/7 1232/797/7 1164/841/7 
f 341/338/14 1074/1358/14 1073/1206/14 
f 1074/786/10 1235/786/10 1146/833/10 
f 1161/519/10 1216/519/10 1129/825/10 
f 356/353/14 1161/1359/14 1160/1332/14 
f 1041/766/7 1230/766/7 1109/810/7 
f 328/326/11 1041/1360/11 1040/1302/11 
f 319/317/11 1134/1361/11 1133/1314/11 
f 1134/827/7 1229/827/7 1141/831/7 
f 944/712/7 1244/712/7 1059/779/7 
f 250/248/11 944/1362/11 943/1121/11 
f 322/320/14 1174/1363/14 1173/1338/14 
f 1174/846/10 1234/846/10 1094/801/10 
f 1056/777/10 1211/777/10 1021/757/10 
f 285/283/14 1056/1364/14 1055/1253/14 
f 991/741/7 1212/741/7 981/733/7 
f 314/312/11 991/1365/11 990/1230/11 
f 1019/756/7 1210/756/7 1054/776/7 
f 321/319/11 1019/1366/11 1018/1281/11 
f 315/313/11 986/1367/11 985/1226/11 
f 986/737/7 1213/737/7 976/729/7 
f 971/723/10 1214/723/10 1046/770/10 
f 327/325/14 971/1368/14 970/1229/14 
f 1111/811/10 1215/811/10 1039/768/10 
f 325/323/14 1111/1369/14 1110/1310/14 
f 267/265/14 999/1370/14 998/1259/14 
f 999/689/10 1233/689/10 904/691/10 
f 1166/797/10 1301/797/10 1091/798/10 
f 350/347/14 1166/1371/14 1165/1326/14 
f 276/274/14 869/1372/14 868/1155/14 
f 869/667/10 1208/667/10 954/716/10 
f 275/273/14 881/1373/14 880/1158/14 
f 881/675/10 1209/675/10 949/714/10 
f 1348/660/7 1349/660/7 386/383/7 
f 387/384/11 1348/1374/11 382/1375/11 
f 798/628/10 1220/628/10 836/650/10 
f 150/150/14 798/1376/14 797/1124/14 
f 123/123/14 499/1377/14 498/880/14 
f 499/466/10 1242/466/10 578/515/10 
f 130/130/14 763/1378/14 762/1102/14 
f 763/552/10 1219/552/10 766/457/10 
f 77/77/14 426/1379/14 425/913/14 
f 426/415/10 1218/415/10 518/478/10 
f 55/55/14 753/1380/14 752/1084/14 
f 753/609/10 1217/609/10 693/578/10 
f 232/230/11 683/1381/11 682/1149/11 
f 683/571/7 1195/571/7 476/452/7 
f 671/566/7 1193/566/7 449/433/7 
f 167/167/11 671/1382/11 670/1134/11 
f 561/505/7 1191/505/7 638/462/7 
f 46/46/11 561/1383/11 560/1022/11 
f 75/75/11 516/1384/11 515/910/11 
f 516/412/7 1192/412/7 424/414/7 
f 209/207/11 553/1385/11 552/957/11 
f 553/498/7 1225/498/7 936/451/7 
f 206/204/11 546/1386/11 545/965/11 
f 546/496/7 1226/496/7 939/710/7 
f 195/194/11 619/1387/11 618/1069/11 
f 619/536/7 1224/536/7 793/625/7 
f 297/295/11 994/1388/11 993/1223/11 
f 994/743/7 1299/743/7 1184/854/7 
f 300/298/11 1119/1389/11 1118/1241/11 
f 1119/817/7 1300/857/7 1181/852/7 
f 241/239/11 688/1390/11 687/1146/11 
f 688/572/7 1205/572/7 708/583/7 
f 854/416/7 1200/416/7 486/455/7 
f 220/218/11 854/1391/11 853/1220/11 
f 215/213/14 703/1392/14 702/1034/14 
f 703/487/10 1203/487/10 533/488/10 
f 140/140/11 768/1393/11 767/984/11 
f 768/552/7 1221/552/7 761/460/7 
f 99/99/11 591/1394/11 590/1091/11 
f 591/521/7 1222/521/7 741/602/7 
f 523/479/7 1223/479/7 748/606/7 
f 100/100/11 523/1395/11 522/904/11 
f 795/536/10 1201/536/10 621/537/10 
f 153/153/14 795/1396/14 794/1125/14 
f 676/569/7 1202/569/7 889/682/7 
f 162/162/11 676/1397/11 675/1031/11 
f 291/289/14 1139/1398/14 1138/1284/14 
f 1139/830/10 1308/830/10 1136/828/10 
f 218/216/14 484/1399/14 483/969/14 
f 484/416/10 1207/416/10 856/382/10 
f 194/193/14 526/1400/14 525/918/14 
f 526/483/10 1228/483/10 663/560/10 
f 192/192/14 466/1401/14 465/942/14 
f 466/446/10 1204/446/10 785/619/10 
f 201/199/14 444/1402/14 443/936/14 
f 444/429/10 1206/429/10 668/564/10 
f 604/373/7 1199/373/7 614/534/7 
f 133/133/11 604/1403/11 603/1097/11 
f 125/125/11 566/1404/11 565/1028/11 
f 566/508/7 1196/508/7 436/422/7 
f 616/500/10 1197/500/10 606/529/10 
f 139/139/14 616/1405/14 615/992/14 
f 98/98/14 631/1406/14 630/1005/14 
f 631/543/10 1227/542/10 728/595/10 
f 698/579/7 1194/579/7 491/460/7 
f 65/65/11 698/1407/11 697/1019/11 
f 73/73/14 419/1408/14 418/907/14 
f 419/410/10 1198/410/10 494/463/10 
f 8/874/11 392/389/11 391/388/11 
f 392/870/7 390/387/7 389/386/7 
f 951/672/7 1261/672/7 879/674/7 
f 259/257/11 951/1409/11 950/1268/11 
f 247/245/11 906/1410/11 905/1115/11 
f 906/692/7 1304/692/7 1001/746/7 
f 344/341/11 1169/1411/11 1168/1349/11 
f 1169/835/7 1245/835/7 1151/836/7 
f 318/316/14 1186/1412/14 1185/1344/14 
f 1186/743/10 1317/743/10 996/744/10 
f 1179/850/10 1316/859/10 1121/819/10 
f 320/318/14 1179/1413/14 1178/1337/14 
f 1104/803/10 1270/803/10 1099/805/10 
f 330/328/14 1104/1414/14 1103/1307/14 
f 1101/803/7 1271/803/7 1106/808/7 
f 332/330/11 1101/1415/11 1100/1298/11 
f 234/232/11 558/1416/11 557/960/11 
f 558/501/7 1277/501/7 859/472/7 
f 1071/698/10 1315/698/10 916/699/10 
f 273/271/14 1071/1417/14 1070/1325/14 
f 223/221/11 711/1418/11 710/995/11 
f 711/453/7 1257/453/7 481/454/7 
f 230/228/14 479/1419/14 478/954/14 
f 479/453/10 1258/453/10 713/585/10 
f 758/442/7 1275/442/7 738/600/7 
f 93/93/11 758/1420/11 757/980/11 
f 191/191/14 849/1421/14 848/1076/14 
f 849/658/10 1294/658/10 788/622/10 
f 95/95/11 691/1422/11 690/1016/11 
f 691/577/7 1276/577/7 751/608/7 
f 147/147/14 805/1423/14 804/1130/14 
f 805/632/10 1256/632/10 731/598/10 
f 1064/669/7 1272/669/7 874/671/7 
f 272/270/11 1064/1424/11 1063/1320/11 
f 270/268/11 956/1425/11 955/1269/11 
f 956/666/7 1243/666/7 871/668/7 
f 1034/715/10 1298/715/10 1026/760/10 
f 316/314/14 1034/1426/14 1033/1248/14 
f 1114/813/10 1297/813/10 1124/821/10 
f 282/280/14 1114/1427/14 1113/1311/14 
f 294/292/11 1096/1428/11 1095/1293/11 
f 1096/802/7 1328/802/7 1176/847/7 
f 441/426/10 1251/426/10 431/418/10 
f 121/121/14 441/1429/14 440/919/14 
f 67/67/11 414/1430/11 413/886/11 
f 414/407/7 1250/407/7 411/405/7 
f 82/82/14 821/1431/14 820/1042/14 
f 821/641/10 1291/587/10 718/588/10 
f 89/89/14 596/1432/14 595/983/14 
f 596/524/10 1248/524/10 584/519/10 
f 1154/771/7 1305/771/7 1049/773/7 
f 323/321/11 1154/1433/11 1153/1341/11 
f 886/679/10 1278/679/10 966/722/10 
f 274/272/14 886/1434/14 885/1164/14 
f 353/350/14 1014/1435/14 1013/1244/14 
f 1014/752/10 1263/752/10 1081/791/10 
f 1149/835/10 1310/835/10 1171/843/10 
f 352/349/14 1149/1436/14 1148/1292/14 
f 1079/790/7 1311/790/7 1016/753/7 
f 347/344/11 1079/1437/11 1078/1203/11 
f 1144/786/7 1309/786/7 1076/787/7 
f 354/351/11 1144/1438/11 1143/1287/11 
f 1344/861/7 1345/861/7 840/364/7 
f 26/26/11 1344/1439/11 366/1440/11 
f 333/331/11 1126/1441/11 1125/1277/11 
f 1126/822/7 1329/822/7 1116/814/7 
f 277/275/11 909/1442/11 908/1152/11 
f 909/695/7 1279/695/7 959/718/7 
f 20/20/11 1343/1443/11 375/1444/11 
f 1343/372/7 1342/372/7 812/534/7 
f 934/498/10 1314/498/10 551/499/10 
f 225/223/14 934/1445/14 933/1196/14 
f 818/637/10 1268/637/10 844/655/10 
f 203/201/14 818/1446/14 817/1145/14 
f 212/210/14 471/1447/14 470/968/14 
f 471/447/10 1269/447/10 929/708/10 
f 176/176/11 808/1448/11 807/1137/11 
f 808/634/7 1267/634/7 538/491/7 
f 156/156/14 926/1449/14 925/1185/14 
f 926/705/10 1313/705/10 775/616/10 
f 164/164/11 773/1450/11 772/1066/11 
f 773/615/7 1266/615/7 924/704/7 
f 14/862/14 1347/360/14 363/360/14 
f 1347/360/10 1346/862/10 778/361/10 
f 309/307/14 979/1451/14 978/1235/14 
f 979/732/10 1334/860/10 989/740/10 
f 288/286/14 1051/1452/14 1050/1256/14 
f 1051/771/10 1262/771/10 1156/838/10 
f 279/277/11 1029/1453/11 1028/1215/11 
f 1029/763/7 1306/858/7 1086/794/7 
f 1024/759/7 1307/759/7 1036/716/7 
f 312/310/11 1024/1454/11 1023/1212/11 
f 127/127/14 901/1455/14 900/1179/14 
f 901/646/10 1312/646/10 833/647/10 
f 746/605/10 1264/605/10 521/481/10 
f 79/79/14 746/1456/14 745/1087/14 
f 736/442/10 1265/442/10 756/611/10 
f 97/97/14 736/1457/14 735/1088/14 
f 170/170/11 666/1458/11 665/1106/11 
f 666/563/7 1239/563/7 446/430/7 
f 187/187/11 541/1459/11 540/945/11 
f 541/493/7 1241/493/7 461/442/7 
f 661/483/7 1240/483/7 528/485/7 
f 173/173/11 661/1460/11 660/1131/11 
f 1044/723/7 1327/723/7 969/725/7 
f 303/301/11 1044/1461/11 1043/1301/11 
f 2/876/14 398/395/14 397/394/14 
f 398/395/10 396/393/10 395/392/10 
f 136/136/11 599/1462/11 598/1049/11 
f 599/526/7 1238/526/7 611/532/7 
f 429/417/7 1237/856/7 439/425/7 
f 126/126/11 429/1463/11 428/924/11 
f 96/96/11 586/1464/11 585/1079/11 
f 586/520/7 1236/520/7 594/452/7 
f 914/698/7 1280/698/7 1069/784/7 
f 253/251/11 914/1465/11 913/1167/11 
f 964/679/7 1260/679/7 884/678/7 
f 262/260/11 964/1466/11 963/1202/11 
f 245/243/14 1009/1467/14 1008/1262/14 
f 1009/747/10 1303/747/10 1004/747/10 
f 1006/749/7 1302/749/7 1011/750/7 
f 243/241/11 1006/1468/11 1005/1263/11 
f 256/254/14 876/1469/14 875/1163/14 
f 876/669/10 1331/669/10 1066/782/10 
f 179/179/14 459/1470/14 458/950/14 
f 459/441/10 1273/441/10 543/494/10 
f 198/197/14 536/1471/14 535/935/14 
f 536/490/10 1274/490/10 810/635/10 
f 23/23/14 1354/1472/14 334/1473/14 
f 1354/865/10 1355/865/10 335/333/10 
f 29/357/11 1352/864/11 360/357/11 
f 1352/864/7 1353/864/7 361/358/7 
f 931/706/7 1283/706/7 469/449/7 
f 221/219/11 931/1474/11 930/1197/11 
f 511/474/7 1282/474/7 648/486/7 
f 102/102/11 511/1475/11 510/898/11 
f 49/49/11 726/1476/11 725/1075/11 
f 726/542/7 1281/542/7 633/544/7 
f 240/238/11 846/1477/11 845/1061/11 
f 846/637/7 1326/637/7 816/639/7 
f 43/43/14 1350/1478/14 369/1479/14 
f 1350/366/10 1351/863/10 370/367/10 
f 200/163/11 838/1031/11 837/1052/11 
f 838/651/7 1323/651/7 800/629/7 
f 733/596/7 1324/596/7 803/631/7 
f 199/198/11 733/1480/11 732/1055/11 
f 790/620/7 1322/657/7 851/659/7 
f 189/189/11 790/1481/11 789/1025/11 
f 159/159/11 624/1482/11 623/928/11 
f 624/539/7 1325/539/7 919/701/7 
f 128/128/11 866/1483/11 865/1176/11 
f 866/552/7 1320/552/7 826/470/7 
f 831/646/7 1321/646/7 899/688/7 
f 114/114/11 831/1484/11 830/975/11 
f 531/487/7 1296/487/7 701/488/7 
f 235/233/11 531/1485/11 530/932/11 
f 721/591/7 1319/591/7 896/686/7 
f 62/62/11 721/1486/11 720/1045/11 
f 891/680/10 1293/680/10 678/570/10 
f 193/151/14 891/1124/14 890/1112/14 
f 783/446/7 1295/443/7 464/445/7 
f 185/185/11 783/1487/11 782/1116/11 
f 941/496/10 1339/496/10 548/497/10 
f 229/227/14 941/1488/14 940/1191/14 
f 239/237/14 474/1489/14 473/974/14 
f 474/451/10 1255/451/10 681/529/10 
f 237/235/14 706/1490/14 705/1039/14 
f 706/572/10 1254/572/10 686/574/10 
f 165/165/14 921/1491/14 920/1182/14 
f 921/539/10 165/539/10 626/540/10 
f 454/437/10 1253/437/10 656/557/10 
f 196/195/14 454/1492/14 453/953/14 
f 451/434/10 1259/431/10 673/567/10 
f 197/196/14 451/1493/14 450/941/14 
f 339/335/7 17/335/7 581/516/7 
f 17/17/11 339/1494/11 338/1495/11 
f 108/108/14 434/1496/14 433/925/14 
f 434/421/10 1247/421/10 568/509/10 
f 609/531/10 1249/531/10 601/527/10 
f 138/138/14 609/1497/14 608/987/14 
f 646/551/10 1287/551/10 509/473/10 
f 124/124/14 646/1498/14 645/1013/14 
f 828/643/10 1284/643/10 864/612/10 
f 111/111/14 828/1499/14 827/1048/14 
f 119/119/14 651/1500/14 650/1008/14 
f 651/553/10 1288/553/10 506/470/10 
f 576/514/7 1290/514/7 501/467/7 
f 117/117/11 576/1501/11 575/897/11 
f 743/603/10 1246/603/10 589/523/10 
f 86/86/14 743/1502/14 742/1096/14 
f 571/511/7 1292/511/7 643/549/7 
f 52/52/11 571/1503/11 570/891/11 
f 894/685/10 1285/685/10 723/592/10 
f 84/84/14 894/1504/14 893/1175/14 
f 496/464/7 1286/464/7 421/411/7 
f 70/70/11 496/1505/11 495/892/11 
f 57/57/14 636/1506/14 635/999/14 
f 636/505/10 1289/505/10 563/506/10 
f 409/403/10 1252/403/10 416/408/10 
f 72/72/14 409/1507/14 408/903/14 
f 658/558/7 1318/558/7 456/438/7 
f 182/182/11 658/1508/11 657/1140/11 
f 317/315/14 1084/1509/14 1083/1280/14 
f 1084/793/10 1341/793/10 1031/764/10 
f 974/728/10 1333/728/10 984/736/10 
f 306/304/14 974/1510/14 973/1236/14 
f 1358/866/10 1359/867/10 379/376/10 
f 404/401/14 1358/1511/14 378/1512/14 
f 268/266/14 1061/1513/14 1060/1319/14 
f 1061/711/10 1340/711/10 946/713/10 
f 961/719/10 1330/719/10 911/696/10 
f 265/263/14 961/1514/14 960/1272/14 
f 1357/369/10 1356/369/10 373/370/10 
f 32/32/14 1357/1515/14 372/1516/14 
f 227/225/14 861/1517/14 860/1103/14 
f 861/663/10 1338/663/10 556/502/10 
f 1335/890/16 64/64/16 53/53/16 
f 64/64/14 641/1518/14 640/1004/14 
f 1336/1018/16 59/59/16 58/58/16 
f 59/59/14 489/1519/14 488/877/14 
f 91/91/11 716/1520/11 715/1072/11 
f 1337/1041/15 91/91/15 83/83/15 
f 105/105/11 504/1521/11 503/883/11 
f 1332/1010/15 105/105/15 104/104/15 
f 338/1495/11 18/18/11 17/17/11 
f 18/18/11 338/1495/11 769/1211/11 
f 44/44/14 369/1479/14 841/1190/14 
f 369/1479/14 44/44/14 43/43/14 
f 27/27/11 366/1440/11 512/1060/11 
f 366/1440/11 27/27/11 26/26/11 
f 360/357/11 30/357/11 29/357/11 
f 30/357/11 360/357/11 776/617/11 
f 33/33/14 372/1516/14 813/1172/14 
f 372/1516/14 33/33/14 32/32/14 
f 334/1473/14 24/24/14 23/23/14 
f 24/24/14 334/1473/14 579/1033/14 
f 363/360/14 15/862/14 14/862/14 
f 15/862/14 363/360/14 779/618/14 
f 21/21/11 375/1444/11 627/998/11 
f 375/1444/11 21/21/11 20/20/11 
f 35/35/15 385/1352/15 1349/1522/15 
f 385/1352/15 35/35/15 34/34/15 
f 405/1355/16 40/40/16 39/39/16 
f 40/40/16 405/1355/16 1359/1523/16 
f 383/380/11 382/1375/11 36/1524/11 
f 382/1375/11 383/380/11 387/384/11 
f 41/41/14 378/1512/14 1360/1525/14 
f 378/1512/14 41/41/14 404/401/14 
f 142/1526/14 9/9/14 11/11/14 
f 9/9/14 142/1526/14 384/1527/14 
f 10/10/11 36/1524/11 1361/1528/11 
f 36/1524/11 10/10/11 383/380/11 
f 11/11/14 1360/1525/14 142/1526/14 
f 1360/1525/14 11/11/14 41/41/14 
f 145/145/11 380/1529/11 1188/1353/11 
f 380/1529/11 145/145/11 12/12/11 
f 1361/1528/11 12/12/11 10/10/11 
f 12/12/11 1361/1528/11 380/1529/11 
f 141/141/14 384/1527/14 1189/1350/14 
f 384/1527/14 141/141/14 9/9/14 
f 1/1/16 400/397/16 396/393/16 
f 1/873/19 391/388/19 400/388/19 
f 6/6/18 389/1530/18 388/1109/18 
f 6/6/20 393/871/20 389/1530/20 
f 4/4/17 395/392/17 394/391/17 
f 4/4/21 399/872/21 395/4/21 
f 3/1531/15 403/400/15 390/387/15 
f 3/875/22 397/394/22 403/394/22 
f 902/689/12 905/689/12 903/690/12 
f 905/689/23 902/689/23 248/689/23 
f 498/466/22 500/466/22 116/466/22 
f 500/466/13 498/466/13 497/465/13 
f 1078/789/19 1080/789/19 348/752/19 
f 1080/789/12 1078/789/12 1077/788/12 
f 1073/786/24 1075/786/24 342/786/24 
f 1075/786/13 1073/786/13 1072/785/13 
f 505/884/25 106/106/25 503/883/25 
f 505/469/12 503/469/12 502/468/12 
f 525/484/22 527/484/22 172/483/22 
f 527/484/13 525/483/13 524/482/13 
f 490/458/13 488/458/13 487/457/13 
f 490/878/26 60/60/26 488/877/26 
f 945/1119/23 251/249/23 943/1121/23 
f 945/711/12 943/712/12 942/711/12 
f 577/895/23 118/118/23 575/897/23 
f 577/514/12 575/514/12 574/513/12 
f 572/889/27 53/53/27 570/891/27 
f 572/510/12 570/510/12 569/426/12 
f 532/487/12 530/487/12 529/486/12 
f 532/930/27 214/212/27 530/932/27 
f 415/407/12 413/407/12 412/406/12 
f 68/68/23 413/886/23 415/887/23 
f 1025/759/12 1023/759/12 1022/758/12 
f 1023/759/27 1025/759/27 313/759/27 
f 492/461/12 495/461/12 493/462/12 
f 495/461/23 492/461/23 71/410/23 
f 625/539/12 623/539/12 622/538/12 
f 625/929/27 160/160/27 623/928/27 
f 1030/762/12 1028/762/12 1027/761/12 
f 1028/762/23 1030/762/23 280/762/23 
f 510/471/27 507/471/27 103/471/27 
f 507/471/12 510/471/12 508/472/12 
f 628/996/19 31/31/19 627/998/19 
f 628/372/12 627/372/12 377/374/12 
f 580/1032/26 16/16/26 579/1033/26 
f 580/336/13 579/336/13 336/334/13 
f 995/1221/25 298/296/25 993/1223/25 
f 995/743/12 993/743/12 992/742/12 
f 870/666/13 868/666/13 867/665/13 
f 868/666/26 870/666/26 269/666/26 
f 967/723/13 970/723/13 968/724/13 
f 302/300/26 970/1229/26 967/1227/26 
f 880/672/22 877/672/22 258/672/22 
f 877/672/13 880/672/13 878/673/13 
f 445/428/13 443/428/13 442/427/13 
f 443/428/28 445/428/28 169/428/28 
f 982/1224/27 305/303/27 985/1226/27 
f 982/734/12 985/734/12 983/735/12 
f 480/453/13 478/453/13 477/445/13 
f 478/453/26 480/453/26 222/453/26 
f 549/498/12 552/500/12 550/451/12 
f 210/208/27 552/957/27 549/958/27 
f 408/404/22 410/404/22 66/1532/22 
f 410/404/13 408/403/13 407/402/13 
f 346/343/26 1013/1244/26 1015/1242/26 
f 1015/752/13 1013/752/13 1012/751/13 
f 519/905/23 78/78/23 522/904/23 
f 519/479/12 522/479/12 520/480/12 
f 420/410/13 418/410/13 417/409/13 
f 69/69/26 418/907/26 420/908/26 
f 485/456/13 483/456/13 482/455/13 
f 485/970/28 219/217/28 483/969/28 
f 437/920/28 122/122/28 440/919/28 
f 437/423/13 440/423/13 438/424/13 
f 554/961/27 226/224/27 557/960/27 
f 554/501/12 557/501/12 555/424/12 
f 447/431/13 450/431/13 448/432/13 
f 166/166/26 450/941/26 447/939/26 
f 1088/796/25 1090/796/25 349/797/25 
f 1090/796/12 1088/796/12 1087/795/12 
f 547/496/12 545/496/12 544/495/12 
f 547/963/27 207/205/27 545/965/27 
f 465/443/24 462/443/24 184/735/24 
f 462/443/13 465/443/13 463/444/13 
f 540/493/25 542/493/25 178/493/25 
f 542/493/12 540/493/12 539/492/12 
f 430/417/12 428/417/12 427/416/12 
f 428/417/27 430/417/27 120/417/27 
f 425/412/28 422/412/28 74/415/28 
f 422/412/13 425/412/13 423/413/13 
f 910/1153/19 264/262/19 908/1152/19 
f 910/694/12 908/694/12 907/693/12 
f 537/933/22 175/175/22 535/935/22 
f 537/490/13 535/490/13 534/489/13 
f 980/1233/24 310/308/24 978/1235/24 
f 980/731/13 978/731/13 977/730/13 
f 470/447/22 467/447/22 213/447/22 
f 467/447/13 470/447/13 468/448/13 
f 987/1231/25 308/306/25 990/1230/25 
f 987/738/12 990/738/12 988/739/12 
f 517/911/19 76/76/19 515/910/19 
f 517/477/12 515/477/12 514/476/12 
f 872/1161/24 257/255/24 875/1163/24 
f 872/669/13 875/669/13 873/670/13 
f 882/676/13 885/676/13 883/677/13 
f 885/676/26 882/676/26 261/679/26 
f 915/1168/25 254/252/25 913/1167/25 
f 915/698/12 913/698/12 912/697/12 
f 109/109/24 433/925/24 435/926/24 
f 435/420/13 433/420/13 432/419/13 
f 975/727/13 973/727/13 972/726/13 
f 973/727/24 975/727/24 307/727/24 
f 473/451/24 475/451/24 231/451/24 
f 475/451/13 473/451/13 472/450/13 
f 460/440/13 458/440/13 457/439/13 
f 460/948/26 180/180/26 458/950/26 
f 455/436/13 453/436/13 452/435/13 
f 453/436/22 455/436/22 181/558/22 
f 513/475/12 512/475/12 368/365/12 
f 513/1058/19 42/42/19 512/1060/19 
f 5/5/29 394/5/29 401/1533/29 
f 5/5/8 401/1533/8 393/871/8 
f 386/383/7 37/37/7 1348/660/7 
f 7/7/9 402/1534/9 399/872/9 
f 7/7/30 388/1109/30 402/1534/30 
f 1190/416/13 1189/416/13 144/144/13 
f 1190/1351/24 34/34/24 1189/1350/24 
f 301/299/25 1118/1241/25 1120/1239/25 
f 1120/818/12 1118/816/12 1117/815/12 
f 712/993/27 224/222/27 710/995/27 
f 712/453/12 710/453/12 709/584/12 
f 832/976/25 115/115/25 830/975/25 
f 832/646/12 830/646/12 829/645/12 
f 786/620/12 789/620/12 787/621/12 
f 190/190/23 789/1025/23 786/1023/23 
f 1138/830/28 1140/830/28 292/830/28 
f 1140/830/13 1138/830/13 1137/829/13 
f 83/83/22 820/1042/22 822/1040/22 
f 822/641/13 820/641/13 819/640/13 
f 188/188/22 848/1076/22 850/1077/22 
f 850/657/13 848/657/13 847/656/13 
f 764/613/12 767/613/12 765/553/12 
f 764/985/25 129/129/25 767/984/25 
f 615/500/26 612/500/26 132/500/26 
f 612/500/13 615/500/13 613/533/13 
f 592/520/13 595/520/13 593/500/13 
f 595/520/24 592/520/24 90/520/24 
f 1035/715/13 1033/715/13 1032/765/13 
f 1035/1249/28 311/309/28 1033/1248/28 
f 754/442/12 757/442/12 755/610/12 
f 94/94/19 757/980/19 754/978/19 
f 702/487/26 699/487/26 216/487/26 
f 699/487/13 702/487/13 700/581/13 
f 286/284/26 1055/1253/26 1052/1251/26 
f 1052/774/13 1055/774/13 1053/775/13 
f 675/569/25 677/569/25 163/569/25 
f 677/569/12 675/569/12 674/568/12 
f 610/531/13 608/531/13 607/530/13 
f 610/988/24 135/135/24 608/987/24 
f 722/590/12 720/590/12 719/589/12 
f 722/1043/19 63/63/19 720/1045/19 
f 228/226/24 860/1103/24 857/1104/24 
f 857/661/13 860/661/13 858/662/13 
f 824/643/13 827/643/13 825/644/13 
f 824/1046/26 112/112/26 827/1048/26 
f 707/572/13 705/572/13 704/582/13 
f 238/236/22 705/1039/22 707/1037/22 
f 1047/771/13 1050/771/13 1048/772/13 
f 1047/1254/24 289/287/24 1050/1256/24 
f 965/721/12 963/721/12 962/720/12 
f 963/721/19 965/721/19 263/679/19 
f 1194/879/15 65/65/15 60/60/15 
f 698/1407/31 65/65/31 1194/879/31 
f 1210/1252/15 321/319/15 286/284/15 
f 1210/756/31 1019/756/31 321/756/31 
f 566/1404/32 125/125/32 1196/927/32 
f 1196/927/15 125/125/15 109/109/15 
f 1224/536/32 619/536/32 195/536/32 
f 1224/1127/15 195/194/15 154/154/15 
f 1200/416/33 854/416/33 220/416/33 
f 1200/971/15 220/218/15 219/217/15 
f 1229/1286/15 319/317/15 292/290/15 
f 1229/827/33 1134/827/33 319/827/33 
f 991/1365/32 314/312/32 1212/1234/32 
f 1212/1234/15 314/312/15 310/308/15 
f 869/1372/34 276/274/34 1208/1271/34 
f 1208/1271/16 276/274/16 271/269/16 
f 73/73/35 1198/894/35 419/1408/35 
f 1198/894/16 73/73/16 71/71/16 
f 327/325/34 1214/1300/34 971/1368/34 
f 1214/1300/16 327/325/16 304/302/16 
f 1225/498/32 553/498/32 209/498/32 
f 1225/1195/15 209/207/15 208/206/15 
f 1209/1267/16 275/273/16 260/258/16 
f 275/273/35 1209/1267/35 881/1373/35 
f 1211/1283/16 285/283/16 284/282/16 
f 1056/1364/35 285/283/35 1211/1283/35 
f 546/1386/33 206/204/33 1226/1193/33 
f 1226/1193/15 206/204/15 205/203/15 
f 466/1401/36 192/192/36 1204/1118/36 
f 1204/1118/16 192/192/16 186/186/16 
f 218/216/36 1207/1219/36 484/1399/36 
f 1207/1219/16 218/216/16 217/215/16 
f 1213/737/32 986/737/32 315/737/32 
f 1213/1238/15 315/313/15 307/305/15 
f 1231/519/31 1131/823/31 358/519/31 
f 1231/1334/15 358/355/15 357/354/15 
f 1201/1068/16 153/153/16 152/152/16 
f 1201/536/37 795/536/37 153/1535/37 
f 241/239/33 1205/1038/33 688/1390/33 
f 1205/1038/15 241/239/15 238/236/15 
f 1221/1101/15 140/140/15 131/131/15 
f 140/140/38 1221/1101/38 768/1393/38 
f 356/353/37 1216/1331/37 1161/1359/37 
f 1216/1331/16 356/353/16 355/352/16 
f 1232/1328/15 359/356/15 351/348/15 
f 1089/1357/32 359/356/32 1232/1328/32 
f 703/1392/37 215/213/37 1203/931/37 
f 1203/931/16 215/213/16 214/212/16 
f 1197/1099/16 139/139/16 134/134/16 
f 139/139/37 1197/1099/37 616/1405/37 
f 444/1402/37 201/199/37 1206/1108/37 
f 1206/1108/16 201/199/16 171/171/16 
f 1199/991/15 133/133/15 132/132/15 
f 133/133/31 1199/991/31 604/1403/31 
f 1202/1111/15 162/162/15 161/161/15 
f 1202/569/32 676/569/32 162/680/32 
f 1223/1086/15 100/100/15 80/80/15 
f 100/100/38 1223/1086/38 523/1395/38 
f 1041/1360/38 328/326/38 1230/1309/38 
f 1230/1309/15 328/326/15 326/324/15 
f 1215/1304/16 325/323/16 324/322/16 
f 1215/811/35 1111/811/35 325/766/35 
f 1222/1095/15 99/99/15 87/87/15 
f 591/1394/31 99/99/31 1222/1095/31 
f 717/587/12 715/587/12 714/586/12 
f 715/587/23 717/587/23 81/641/23 
f 784/446/12 782/446/12 781/520/12 
f 186/186/27 782/1116/27 784/1117/27 
f 137/137/23 598/1049/23 600/1050/23 
f 600/526/12 598/526/12 597/525/12 
f 727/594/12 725/594/12 724/593/12 
f 727/1073/23 50/50/23 725/1075/23 
f 1092/799/12 1095/799/12 1093/800/12 
f 1092/1294/25 295/293/25 1095/1293/25 
f 667/1107/25 171/171/25 665/1106/25 
f 667/562/12 665/562/12 664/561/12 
f 1349/1522/15 387/384/15 35/35/15 
f 1349/660/32 1348/660/32 387/660/32 
f 1280/1324/15 253/251/15 252/250/15 
f 253/251/32 1280/1324/32 914/1465/32 
f 108/108/37 1247/1027/37 434/1496/37 
f 1247/1027/16 108/108/16 107/107/16 
f 474/1489/37 239/237/37 1255/1151/37 
f 1255/1151/16 239/237/16 233/231/16 
f 1253/1142/16 196/195/16 183/183/16 
f 196/195/37 1253/1142/37 454/1492/37 
f 1260/1166/15 262/260/15 261/259/15 
f 1260/679/31 964/679/31 262/679/31 
f 1262/1343/16 288/286/16 287/285/16 
f 1262/771/35 1051/771/35 288/771/35 
f 1246/1093/16 86/86/16 85/85/16 
f 1246/603/34 743/603/34 86/521/34 
f 1254/572/35 706/572/35 237/572/35 
f 1254/1148/16 237/235/16 236/234/16 
f 1263/1205/16 353/350/16 348/345/16 
f 353/350/34 1263/1205/34 1014/1435/34 
f 1249/1051/16 138/138/16 137/137/16 
f 138/138/35 1249/1051/35 609/1497/35 
f 1228/1133/16 194/193/16 174/174/16 
f 526/1400/35 194/193/35 1228/1133/35 
f 1235/1289/16 341/338/16 340/337/16 
f 341/338/35 1235/1289/35 1074/1358/35 
f 1233/1114/16 267/265/16 248/246/16 
f 267/265/35 1233/1114/35 999/1370/35 
f 1234/1295/16 322/320/16 295/293/16 
f 1174/1363/37 322/320/37 1234/1295/37 
f 98/98/35 1227/1074/35 631/1406/35 
f 1227/1074/16 98/98/16 50/50/16 
f 409/1507/35 72/72/35 1252/888/35 
f 1252/888/16 72/72/16 68/68/16 
f 1259/1136/16 197/196/16 168/168/16 
f 197/196/34 1259/1136/34 451/1493/34 
f 947/1266/23 260/258/23 950/1268/23 
f 947/672/12 950/672/12 948/672/12 
f 1100/803/23 1097/803/23 329/803/23 
f 1097/803/12 1100/803/12 1098/804/12 
f 799/627/13 797/627/13 796/626/13 
f 797/627/24 799/627/24 151/628/24 
f 791/623/13 794/623/13 792/624/13 
f 791/1126/24 154/154/24 794/1125/24 
f 1107/766/13 1110/766/13 1108/809/13 
f 1107/1308/22 326/324/22 1110/1310/22 
f 1162/797/13 1165/797/13 1163/840/13 
f 351/348/24 1165/1326/24 1162/1327/24 
f 762/552/22 759/552/22 131/552/22 
f 759/552/13 762/552/13 760/612/13 
f 684/1147/27 236/234/27 687/1146/27 
f 684/572/12 687/572/12 685/573/12 
f 814/637/13 817/637/13 815/638/13 
f 814/1143/22 204/202/22 817/1145/22 
f 747/605/13 745/605/13 744/604/13 
f 745/605/24 747/605/24 80/605/24 
f 605/1098/25 134/134/25 603/1097/25 
f 605/373/12 603/373/12 602/528/12 
f 1157/519/13 1160/519/13 1158/524/13 
f 1157/1333/22 357/354/22 1160/1332/22 
f 585/517/25 582/517/25 88/524/25 
f 582/517/12 585/517/12 583/518/12 
f 679/1150/27 233/231/27 682/1149/27 
f 679/571/12 682/571/12 680/528/12 
f 801/596/13 804/596/13 802/630/13 
f 804/596/26 801/596/26 148/596/26 
f 952/1270/19 271/269/19 955/1269/19 
f 952/667/12 955/667/12 953/715/12 
f 1037/766/12 1040/766/12 1038/767/12 
f 1037/1303/23 324/322/23 1040/1302/23 
f 355/352/25 1130/1329/25 1127/1330/25 
f 1127/823/12 1130/823/12 1128/824/12 
f 737/599/13 735/599/13 734/504/13 
f 737/1089/24 92/92/24 735/1088/24 
f 1043/723/19 1045/723/19 304/723/19 
f 1045/723/12 1043/723/12 1042/769/12 
f 1105/807/13 1103/807/13 1102/806/13 
f 331/329/22 1103/1307/22 1105/1305/22 
f 807/634/23 809/634/23 177/634/23 
f 809/634/12 807/634/12 806/633/12 
f 587/1092/19 85/85/19 590/1091/19 
f 587/521/12 590/521/12 588/522/12 
f 749/1082/26 56/56/26 752/1084/26 
f 749/577/13 752/609/13 750/607/13 
f 662/483/12 660/483/12 659/559/12 
f 660/483/23 662/483/23 174/483/23 
f 654/1141/25 183/183/25 657/1140/25 
f 654/555/12 657/555/12 655/556/12 
f 672/566/12 670/566/12 669/565/12 
f 670/566/19 672/566/19 168/566/19 
f 392/389/38 8/874/38 390/389/38 
f 390/387/15 8/1536/15 3/1531/15 
f 1115/813/13 1113/813/13 1112/812/13 
f 283/281/26 1113/1311/26 1115/1312/26 
f 739/521/13 742/603/13 740/601/13 
f 739/1094/26 87/87/26 742/1096/26 
f 957/1273/26 266/264/26 960/1272/26 
f 957/695/13 960/695/13 958/717/13 
f 811/636/13 813/636/13 374/371/13 
f 19/19/22 813/1172/22 811/1170/22 
f 1188/855/25 1187/855/25 39/1537/25 
f 1187/855/12 1188/855/12 381/378/12 
f 1351/863/34 1350/366/34 43/366/34 
f 1351/1059/16 43/43/16 42/42/16 
f 25/25/26 841/1190/26 839/1188/26 
f 839/652/13 841/652/13 371/368/13 
f 777/617/12 776/617/12 362/359/12 
f 13/357/19 776/617/19 777/617/19 
f 1306/858/38 1029/763/38 279/762/38 
f 1306/1279/15 279/277/15 278/276/15 
f 1329/1313/15 333/331/15 283/281/15 
f 1126/1441/31 333/331/31 1329/1313/31 
f 1323/1123/15 200/163/15 151/151/15 
f 1323/651/32 838/651/32 200/648/32 
f 1324/596/31 733/596/31 199/596/31 
f 1324/1129/15 199/198/15 148/148/15 
f 1310/1348/16 352/349/16 345/342/16 
f 1149/1436/35 352/349/35 1310/1348/35 
f 1302/1261/15 243/241/15 242/240/15 
f 1302/749/31 1006/749/31 243/747/31 
f 1293/1030/16 193/151/16 163/163/16 
f 891/1124/37 193/151/37 1293/1030/37 
f 1307/1250/15 312/310/15 311/309/15 
f 1307/759/33 1024/759/33 312/759/33 
f 1325/1184/15 159/159/15 158/158/15 
f 624/1482/33 159/159/33 1325/1184/33 
f 1303/1265/16 245/243/16 244/242/16 
f 1009/1467/37 245/243/37 1303/1265/37 
f 1287/900/16 124/124/16 103/103/16 
f 1287/551/37 646/551/37 124/551/37 
f 1322/657/38 790/657/38 189/657/38 
f 1322/1078/15 189/189/15 188/188/15 
f 1319/1174/15 62/62/15 61/61/15 
f 1319/591/38 721/591/38 62/590/38 
f 1284/1178/16 111/111/16 110/110/16 
f 1284/643/35 828/643/35 111/643/35 
f 866/1483/31 128/128/31 1320/1047/31 
f 1320/1047/15 128/128/15 112/112/15 
f 1288/885/16 119/119/16 106/106/16 
f 119/119/37 1288/885/37 651/1500/37 
f 1321/1181/15 114/114/15 113/113/15 
f 114/114/33 1321/1181/33 831/1484/33 
f 496/1505/31 70/70/31 1286/909/31 
f 1286/909/15 70/70/15 69/69/15 
f 1326/1144/15 240/238/15 204/202/15 
f 1326/637/32 846/637/32 240/637/32 
f 354/351/32 1309/1208/32 1144/1438/32 
f 1309/1208/15 354/351/15 342/339/15 
f 1311/1243/15 347/344/15 346/343/15 
f 1079/1437/31 347/344/31 1311/1243/31 
f 1289/1021/16 57/57/16 47/47/16 
f 636/1506/37 57/57/37 1289/1021/37 
f 1285/1044/16 84/84/16 63/63/16 
f 894/1504/37 84/84/37 1285/1044/37 
f 1290/882/15 117/117/15 116/116/15 
f 117/117/38 1290/882/38 576/1501/38 
f 1292/511/38 571/511/38 52/511/38 
f 1292/1003/15 52/52/15 51/51/15 
f 1296/487/33 531/487/33 235/487/33 
f 1296/1036/15 235/233/15 216/214/15 
f 1295/944/15 185/185/15 184/184/15 
f 185/185/32 1295/944/32 783/1487/32 
f 28/862/26 779/618/26 780/618/26 
f 780/618/13 779/618/13 365/362/13 
f 2/2/34 396/393/34 398/395/34 
f 396/393/16 2/2/16 1/1/16 
f 769/336/19 770/336/19 22/336/19 
f 770/336/12 769/336/12 337/335/12 
f 1122/813/12 1125/813/12 1123/820/12 
f 1125/813/19 1122/813/19 281/813/19 
f 1145/786/12 1143/786/12 1142/832/12 
f 1145/1288/23 340/337/23 1143/1287/23 
f 732/596/19 729/596/19 146/596/19 
f 729/596/12 732/596/12 730/597/12 
f 650/553/24 652/553/24 104/579/24 
f 652/553/13 650/553/13 649/552/13 
f 647/1011/24 101/101/24 645/1013/24 
f 647/550/13 645/550/13 644/487/13 
f 630/542/22 632/542/22 48/542/22 
f 632/542/13 630/542/13 629/541/13 
f 637/546/13 635/546/13 634/545/13 
f 45/45/22 635/999/22 637/1000/22 
f 1148/835/26 1150/835/26 343/835/26 
f 1150/835/13 1148/835/13 1147/834/13 
f 837/648/23 834/648/23 149/648/23 
f 834/648/12 837/648/12 835/649/12 
f 842/653/12 845/653/12 843/654/12 
f 845/653/27 842/653/27 202/637/27 
f 1083/793/22 1085/793/22 278/793/22 
f 1085/793/13 1083/793/13 1082/792/13 
f 642/548/13 640/548/13 639/547/13 
f 640/548/28 642/548/28 51/548/28 
f 994/1388/32 297/295/32 1299/1346/32 
f 1299/1346/15 297/295/15 296/294/15 
f 1250/902/15 67/67/15 66/66/15 
f 67/67/38 1250/902/38 414/1430/38 
f 441/1429/36 121/121/36 1251/923/36 
f 1251/923/16 121/121/16 120/120/16 
f 234/232/33 1277/1105/33 558/1416/33 
f 1277/1105/15 234/232/15 228/226/15 
f 259/257/38 1261/1160/38 951/1409/38 
f 1261/1160/15 259/257/15 258/256/15 
f 1257/453/33 711/453/33 223/453/33 
f 1257/956/15 223/221/15 222/220/15 
f 1275/1090/15 93/93/15 92/92/15 
f 1275/442/38 758/442/38 93/442/38 
f 596/1432/36 89/89/36 1248/1081/36 
f 1248/1081/16 89/89/16 88/88/16 
f 805/1423/34 147/147/34 1256/1057/34 
f 1256/1057/16 147/147/16 146/146/16 
f 479/1419/35 230/228/35 1258/994/35 
f 1258/994/16 230/228/16 224/222/16 
f 1300/1336/15 300/298/15 299/297/15 
f 1300/857/38 1119/1538/38 300/1539/38 
f 1276/577/31 691/577/31 95/577/31 
f 1276/1083/15 95/95/15 56/56/15 
f 690/576/19 692/576/19 54/577/19 
f 692/576/12 690/576/12 689/575/12 
f 1020/755/12 1018/755/12 1017/754/12 
f 284/282/23 1018/1281/23 1020/1282/23 
f 618/535/25 620/535/25 152/536/25 
f 620/535/12 618/535/12 617/506/12 
f 567/508/12 565/508/12 564/507/12 
f 565/508/25 567/508/25 107/508/25 
f 155/155/23 772/1066/23 774/1064/23 
f 774/615/12 772/615/12 771/614/12 
f 697/579/19 694/579/19 58/579/19 
f 694/579/12 697/579/12 695/468/12 
f 562/504/12 560/504/12 559/503/12 
f 47/47/19 560/1022/19 562/1020/19 
f 1294/1024/16 191/191/16 190/190/16 
f 849/1421/35 191/191/35 1294/1024/35 
f 1139/1398/37 291/289/37 1308/1316/37 
f 1308/1316/16 291/289/16 290/288/16 
f 1304/1258/15 247/245/15 246/244/15 
f 906/1410/31 247/245/31 1304/1258/31 
f 82/82/35 1291/1071/35 821/1431/35 
f 1291/1071/16 82/82/16 81/81/16 
f 1191/1001/15 46/46/15 45/45/15 
f 1191/505/38 561/505/38 46/546/38 
f 1193/940/15 167/167/15 166/166/15 
f 671/1382/31 167/167/31 1193/940/31 
f 1217/609/34 753/609/34 55/577/34 
f 1217/1015/16 55/55/16 54/54/16 
f 1195/973/15 232/230/15 231/229/15 
f 1195/571/33 683/571/33 232/451/33 
f 798/1376/35 150/150/35 1220/1054/35 
f 1220/1054/16 150/150/16 149/149/16 
f 130/130/37 1219/986/37 763/1378/37 
f 1219/986/16 130/130/16 129/129/16 
f 426/1379/37 77/77/37 1218/912/37 
f 1218/912/16 77/77/16 76/76/16 
f 1192/915/15 75/75/15 74/74/15 
f 1192/412/31 516/412/31 75/415/31 
f 1273/947/16 179/179/16 178/178/16 
f 179/179/37 1273/947/37 459/1470/37 
f 282/280/34 1297/1276/34 1114/1427/34 
f 1297/1276/16 282/280/16 281/279/16 
f 886/1434/34 274/272/34 1278/1201/34 
f 1278/1201/16 274/272/16 263/261/16 
f 1279/1274/15 277/275/15 266/264/15 
f 909/1442/31 277/275/31 1279/1274/31 
f 1298/715/36 1034/715/36 316/715/36 
f 1298/1214/16 316/314/16 313/311/16 
f 1274/490/35 536/490/35 198/490/35 
f 1274/1139/16 198/197/16 177/177/16 
f 1244/1318/15 250/248/15 249/247/15 
f 250/248/38 1244/1318/38 944/1362/38 
f 123/123/35 1242/896/35 499/1377/35 
f 1242/896/16 123/123/16 118/118/16 
f 1245/1291/15 344/341/15 343/340/15 
f 1245/835/31 1169/835/31 344/835/31 
f 1239/563/33 666/563/33 170/563/33 
f 1239/938/15 170/170/15 169/169/15 
f 1266/615/31 773/615/31 164/702/31 
f 1266/1187/15 164/164/15 157/157/15 
f 1267/934/15 176/176/15 175/175/15 
f 1267/634/38 808/634/38 176/634/38 
f 330/328/35 1270/1297/35 1104/1414/35 
f 1270/1297/16 330/328/16 329/327/16 
f 1305/771/32 1154/771/32 323/771/32 
f 1305/1255/15 323/321/15 289/287/15 
f 1328/802/31 1096/802/31 294/799/31 
f 1328/1340/15 294/292/15 293/291/15 
f 49/49/38 1281/1007/38 726/1476/38 
f 1281/1007/15 49/49/15 48/48/15 
f 1283/967/15 221/219/15 213/211/15 
f 221/219/33 1283/967/33 931/1474/33 
f 1282/1012/15 102/102/15 101/101/15 
f 1282/474/32 511/474/32 102/474/32 
f 1236/520/38 586/520/38 96/520/38 
f 1236/982/15 96/96/15 90/90/15 
f 1264/906/16 79/79/16 78/78/16 
f 79/79/35 1264/906/35 746/1456/35 
f 1265/979/16 97/97/16 94/94/16 
f 97/97/37 1265/979/37 736/1457/37 
f 1240/483/38 661/483/38 173/483/38 
f 1240/917/15 173/173/15 172/172/15 
f 1269/447/34 471/447/34 212/447/34 
f 1269/1199/16 212/210/16 211/209/16 
f 1268/1063/16 203/201/16 202/200/16 
f 1268/637/35 818/637/35 203/637/35 
f 541/1459/31 187/187/31 1241/949/31 
f 1241/949/15 187/187/15 180/180/15 
f 1243/666/31 956/666/31 270/666/31 
f 1243/1157/15 270/268/15 269/267/15 
f 1238/989/15 136/136/15 135/135/15 
f 1238/526/32 599/526/32 136/526/32 
f 1237/921/15 126/126/15 122/122/15 
f 1237/856/33 429/417/33 126/417/33 
f 1271/1306/15 332/330/15 331/329/15 
f 1101/1415/38 332/330/38 1271/1306/38 
f 20/20/38 1342/1171/38 1343/1443/38 
f 1342/1171/15 20/20/15 19/19/15 
f 1345/1189/15 26/26/15 25/25/15 
f 1344/1439/31 26/26/31 1345/1189/31 
f 1333/1225/16 306/304/16 305/303/16 
f 974/1510/36 306/304/36 1333/1225/36 
f 1330/719/34 961/719/34 265/695/34 
f 1330/1154/16 265/263/16 264/262/16 
f 1353/864/15 29/357/15 28/862/15 
f 29/357/31 1353/864/31 1352/864/31 
f 320/318/37 1316/1240/37 1179/1413/37 
f 1316/1240/16 320/318/16 301/299/16 
f 127/127/37 1312/977/37 901/1455/37 
f 1312/977/16 127/127/16 115/115/16 
f 1314/959/16 225/223/16 210/208/16 
f 934/1445/37 225/223/37 1314/959/37 
f 1317/1222/16 318/316/16 298/296/16 
f 1317/743/37 1186/743/37 318/743/37 
f 926/1449/35 156/156/35 1313/1065/35 
f 1313/1065/16 156/156/16 155/155/16 
f 1272/669/32 1064/669/32 272/669/32 
f 1272/1162/15 272/270/15 257/255/15 
f 273/271/37 1315/1169/37 1071/1417/37 
f 1315/1169/16 273/271/16 254/252/16 
f 246/244/22 998/1259/22 1000/1257/22 
f 1000/692/13 998/692/13 997/745/13 
f 890/680/24 887/680/24 161/680/24 
f 887/680/13 890/680/13 888/681/13 
f 1002/747/12 1005/747/12 1003/748/12 
f 244/242/25 1005/1263/25 1002/1264/25 
f 242/240/26 1008/1262/26 1010/1260/26 
f 1010/749/13 1008/749/13 1007/701/13 
f 1357/1515/34 32/32/34 1356/997/34 
f 1356/997/16 32/32/16 31/31/16 
f 1359/1523/16 404/401/16 40/40/16 
f 1358/1511/37 404/401/37 1359/1523/37 
f 840/364/7 367/364/7 1344/861/7 
f 23/23/34 1355/1210/34 1354/1472/34 
f 1355/1210/16 23/23/16 22/22/16 
f 350/347/37 1301/1247/37 1166/1371/37 
f 1301/1247/16 350/347/16 349/346/16 
f 14/862/34 1346/862/34 1347/862/34 
f 1346/862/16 14/862/16 13/357/16 
f 1340/1120/16 268/266/16 251/249/16 
f 268/266/35 1340/1120/35 1061/1513/35 
f 1084/1509/35 317/315/35 1341/1217/35 
f 1341/1217/16 317/315/16 280/278/16 
f 1338/663/36 861/663/36 227/663/36 
f 1338/962/16 227/225/16 226/224/16 
f 641/548/10 1335/548/10 573/512/10 
f 641/1518/36 64/64/36 1335/890/36 
f 489/459/10 1336/459/10 696/580/10 
f 1336/459/37 489/459/37 59/459/37 
f 716/1520/38 91/91/38 1337/1041/38 
f 716/587/7 1337/587/7 823/642/7 
f 1135/827/12 1133/827/12 1132/826/12 
f 1135/1315/25 290/288/25 1133/1314/25 
f 812/534/7 376/373/7 1343/372/7 
f 917/539/13 920/539/13 918/700/13 
f 917/1183/28 158/158/28 920/1182/28 
f 937/709/13 940/709/13 938/710/13 
f 940/709/28 937/709/28 205/496/28 
f 105/105/32 1332/1010/32 504/1521/32 
f 504/469/7 1332/469/7 653/554/7 
f 1057/712/13 1060/712/13 1058/778/13 
f 1060/712/22 1057/712/22 249/712/22 
f 1175/845/13 1173/845/13 1172/844/13 
f 1173/845/26 1175/845/26 293/846/26 
f 1063/781/19 1065/781/19 255/669/19 
f 1065/781/12 1063/781/12 1062/780/12 
f 1180/851/13 1178/849/13 1177/848/13 
f 1180/1335/22 299/297/22 1178/1337/22 
f 157/157/26 925/1185/26 922/1186/26 
f 922/702/13 925/702/13 923/703/13 
f 862/1177/23 110/110/23 865/1176/23 
f 862/643/12 865/643/12 863/664/12 
f 897/646/13 900/646/13 898/687/13 
f 900/646/28 897/646/28 113/646/28 
f 208/206/22 933/1196/22 935/1194/22 
f 935/498/13 933/498/13 932/468/13 
f 927/706/12 930/706/12 928/707/12 
f 927/1198/27 211/209/27 930/1197/27 
f 1185/743/24 1182/743/24 296/743/24 
f 1182/743/13 1185/743/13 1183/853/13 
f 1070/698/24 1067/698/24 252/698/24 
f 1067/698/13 1070/698/13 1068/783/13 
f 895/684/13 893/684/13 892/683/13 
f 893/684/24 895/684/24 61/685/24 
f 1153/771/23 1155/771/23 287/771/23 
f 1155/771/12 1153/771/12 1152/837/12 
f 778/361/10 364/361/10 1347/360/10 
f 1327/1228/15 303/301/15 302/300/15 
f 1044/1461/31 303/301/31 1327/1228/31 
f 1331/1322/16 256/254/16 255/253/16 
f 1331/669/35 876/669/35 256/669/35 
f 1318/952/15 182/182/15 181/181/15 
f 182/182/38 1318/952/38 658/1508/38 
f 1334/860/37 979/732/37 309/732/37 
f 1334/1232/16 309/307/16 308/306/16 
f 217/215/27 853/1220/27 855/1218/27 
f 855/416/12 853/416/12 852/660/12 
f 1170/835/12 1168/835/12 1167/842/12 
f 1170/1347/19 345/342/19 1168/1349/19 
f 381/378/12 406/378/12 1187/855/12 
f 1339/964/16 229/227/16 207/205/16 
f 941/1488/34 229/227/34 1339/964/34 
# 2225 faces

