# 3ds Max Wavefront OBJ Exporter v0.99 - (c)2007 guruware
# File Created: 10.05.2025 13:21:34

mtllib Alumno2Head.mtl

#
# object Alumno2Head
#

v  0.0738 0.0511 0.0430
v  0.0757 0.0419 0.0446
v  0.0832 0.0452 0.0122
v  0.0815 0.0527 0.0120
v  0.0807 0.0522 -0.0271
v  0.0818 0.0458 -0.0277
v  0.0721 0.0393 -0.0614
v  0.0702 0.0502 -0.0619
v  0.0616 0.0330 -0.0756
v  0.0593 0.0478 -0.0747
v  0.0261 0.0356 -0.0911
v  0.0451 0.0414 -0.0855
v  0.0474 0.0253 -0.0873
v  0.0308 0.0162 -0.0945
v  0.0091 0.0297 -0.0927
v  0.0133 0.0022 -0.0982
v  -0.0052 -0.0048 -0.0936
v  -0.0102 0.0209 -0.0903
v  -0.0230 -0.0143 -0.0834
v  -0.0292 0.0122 -0.0827
v  -0.0403 -0.0271 -0.0694
v  -0.0448 0.0023 -0.0732
v  -0.0574 -0.0362 -0.0519
v  -0.0675 -0.0087 -0.0558
v  -0.0699 -0.0469 -0.0302
v  -0.0856 -0.0167 -0.0335
v  0.0129 0.0297 0.0906
v  -0.0051 0.0172 0.0886
v  0.0049 -0.0032 0.0949
v  0.0207 0.0058 0.0967
v  0.0335 0.0364 0.0900
v  0.0391 0.0191 0.0927
v  -0.0516 -0.0365 0.0564
v  -0.0320 -0.0267 0.0742
v  -0.0468 -0.0018 0.0712
v  -0.0658 -0.0112 0.0542
v  -0.0137 -0.0130 0.0861
v  -0.0279 0.0099 0.0821
v  0.0714 0.0513 0.0421
v  0.0792 0.0529 0.0119
v  0.0787 0.0523 -0.0267
v  0.0681 0.0497 -0.0604
v  0.0576 0.0472 -0.0729
v  0.0434 0.0414 -0.0831
v  0.0253 0.0356 -0.0883
v  0.0090 0.0298 -0.0899
v  -0.0100 0.0213 -0.0875
v  -0.0282 0.0132 -0.0799
v  -0.0437 0.0046 -0.0702
v  -0.0663 -0.0062 -0.0538
v  -0.0838 -0.0147 -0.0323
v  0.0620 0.0477 0.0704
v  0.0604 0.0476 0.0687
v  0.0469 0.0422 0.0814
v  0.0486 0.0424 0.0833
v  0.0317 0.0371 0.0875
v  0.0121 0.0294 0.0880
v  -0.0060 0.0185 0.0861
v  -0.0479 -0.0009 0.0676
v  -0.0677 -0.0092 0.0507
v  -0.0280 0.0103 0.0797
v  0.0761 0.0520 0.0117
v  0.0682 0.0502 0.0410
v  0.0760 0.0514 -0.0263
v  0.0656 0.0476 -0.0583
v  0.0557 0.0452 -0.0704
v  0.0415 0.0399 -0.0799
v  0.0244 0.0341 -0.0846
v  0.0093 0.0287 -0.0862
v  -0.0093 0.0204 -0.0835
v  -0.0264 0.0131 -0.0758
v  -0.0413 0.0043 -0.0670
v  -0.0638 -0.0059 -0.0521
v  -0.0798 -0.0147 -0.0306
v  0.0586 0.0464 0.0664
v  0.0451 0.0408 0.0788
v  0.0303 0.0354 0.0849
v  0.0116 0.0284 0.0858
v  -0.0056 0.0170 0.0827
v  -0.0632 -0.0087 0.0488
v  -0.0820 -0.0167 0.0309
v  -0.0458 -0.0009 0.0646
v  -0.0270 0.0101 0.0768
v  0.0731 0.0298 -0.0373
v  0.0736 0.0284 0.0294
v  0.0520 0.0242 -0.0731
v  0.0204 0.0114 -0.0840
v  -0.0129 0.0009 -0.0745
v  -0.0446 -0.0208 -0.0541
v  -0.0662 -0.0373 -0.0264
v  0.0508 0.0203 0.0757
v  0.0212 0.0027 0.0851
v  -0.0089 -0.0107 0.0775
v  -0.0446 -0.0355 0.0514
v  0.0647 0.0345 0.0708
v  0.0525 0.0275 0.0845
v  0.0068 -0.0121 0.0003
v  0.0763 0.0386 -0.0634
v  0.0911 0.0161 -0.0694
v  0.0767 0.0127 -0.0928
v  0.0652 0.0328 -0.0791
v  0.0881 0.0459 -0.0296
v  0.0885 0.0492 0.0107
v  0.0851 0.0474 -0.0283
v  0.0827 0.0463 0.0434
v  0.0704 0.0399 0.0698
v  0.0546 0.0294 0.0871
v  0.0403 0.0206 0.0944
v  0.0217 0.0091 0.0992
v  0.0014 -0.0086 0.0998
v  0.0003 -0.0049 0.1033
v  -0.0157 -0.0185 0.1064
v  0.0733 0.0400 -0.0618
v  0.0624 0.0338 -0.0767
v  0.0480 0.0260 -0.0879
v  0.0319 0.0169 -0.0969
v  0.0132 0.0043 -0.1011
v  0.0146 -0.0049 -0.1001
v  0.0011 -0.0072 -0.0988
v  0.0028 -0.0100 -0.0985
v  0.0356 0.0174 -0.0997
v  0.0141 0.0052 -0.1046
v  0.0513 0.0260 -0.0906
v  0.0914 0.0483 0.0103
v  0.0858 0.0459 0.0433
v  0.0734 0.0399 0.0715
v  0.0569 0.0288 0.0899
v  0.0419 0.0208 0.0964
v  0.0021 -0.0040 0.1052
v  0.0230 0.0099 0.1014
v  -0.1299 0.1717 -0.0493
v  -0.1254 0.1722 -0.0541
v  -0.1241 0.1681 -0.0525
v  -0.1259 0.1665 -0.0485
v  -0.1315 0.1712 -0.0433
v  -0.1271 0.1658 -0.0429
v  -0.1309 0.1779 -0.0499
v  -0.1261 0.1779 -0.0549
v  -0.1330 0.1779 -0.0434
v  -0.1274 0.1722 -0.0316
v  -0.1310 0.1717 -0.0371
v  -0.1269 0.1665 -0.0372
v  -0.1258 0.1681 -0.0330
v  -0.1281 0.1779 -0.0309
v  -0.1321 0.1779 -0.0367
v  -0.1310 0.1840 -0.0371
v  -0.1274 0.1836 -0.0316
v  -0.1258 0.1877 -0.0330
v  -0.1269 0.1892 -0.0372
v  -0.1315 0.1845 -0.0433
v  -0.1271 0.1899 -0.0429
v  -0.1254 0.1836 -0.0541
v  -0.1299 0.1840 -0.0493
v  -0.1259 0.1892 -0.0485
v  -0.1241 0.1877 -0.0525
v  -0.1219 0.1633 -0.0362
v  -0.1218 0.1665 -0.0311
v  -0.1218 0.1622 -0.0424
v  -0.1159 0.1623 -0.0352
v  -0.1163 0.1659 -0.0299
v  -0.1153 0.1609 -0.0419
v  -0.1198 0.1665 -0.0536
v  -0.1208 0.1633 -0.0486
v  -0.1142 0.1659 -0.0538
v  -0.1147 0.1623 -0.0485
v  -0.1226 0.1841 -0.0279
v  -0.1218 0.1892 -0.0311
v  -0.1232 0.1779 -0.0269
v  -0.1166 0.1845 -0.0263
v  -0.1163 0.1899 -0.0299
v  -0.1168 0.1779 -0.0250
v  -0.1226 0.1717 -0.0279
v  -0.1166 0.1712 -0.0263
v  -0.1208 0.1924 -0.0486
v  -0.1198 0.1892 -0.0536
v  -0.1218 0.1935 -0.0424
v  -0.1147 0.1935 -0.0485
v  -0.1142 0.1899 -0.0538
v  -0.1153 0.1948 -0.0419
v  -0.1219 0.1924 -0.0362
v  -0.1159 0.1935 -0.0352
v  -0.1201 0.1717 -0.0569
v  -0.1204 0.1779 -0.0580
v  -0.1139 0.1712 -0.0574
v  -0.1138 0.1779 -0.0588
v  -0.1201 0.1841 -0.0569
v  -0.1139 0.1845 -0.0574
v  -0.1299 0.1717 0.0493
v  -0.1259 0.1665 0.0485
v  -0.1241 0.1681 0.0525
v  -0.1254 0.1722 0.0541
v  -0.1315 0.1712 0.0433
v  -0.1271 0.1658 0.0429
v  -0.1309 0.1779 0.0499
v  -0.1261 0.1779 0.0549
v  -0.1330 0.1779 0.0434
v  -0.1274 0.1722 0.0316
v  -0.1258 0.1681 0.0330
v  -0.1269 0.1665 0.0372
v  -0.1310 0.1717 0.0371
v  -0.1281 0.1779 0.0309
v  -0.1321 0.1779 0.0367
v  -0.1310 0.1840 0.0371
v  -0.1269 0.1892 0.0372
v  -0.1258 0.1877 0.0330
v  -0.1274 0.1836 0.0316
v  -0.1315 0.1845 0.0433
v  -0.1271 0.1899 0.0429
v  -0.1254 0.1836 0.0541
v  -0.1241 0.1877 0.0525
v  -0.1259 0.1892 0.0485
v  -0.1299 0.1840 0.0493
v  -0.1219 0.1633 0.0362
v  -0.1218 0.1665 0.0311
v  -0.1218 0.1622 0.0424
v  -0.1159 0.1623 0.0352
v  -0.1163 0.1659 0.0299
v  -0.1153 0.1609 0.0419
v  -0.1198 0.1665 0.0536
v  -0.1208 0.1633 0.0486
v  -0.1142 0.1659 0.0538
v  -0.1147 0.1623 0.0485
v  -0.1226 0.1841 0.0279
v  -0.1218 0.1892 0.0311
v  -0.1232 0.1779 0.0269
v  -0.1166 0.1845 0.0263
v  -0.1163 0.1899 0.0299
v  -0.1168 0.1779 0.0250
v  -0.1226 0.1717 0.0279
v  -0.1166 0.1712 0.0263
v  -0.1208 0.1924 0.0486
v  -0.1198 0.1892 0.0536
v  -0.1218 0.1935 0.0424
v  -0.1147 0.1935 0.0485
v  -0.1142 0.1899 0.0538
v  -0.1153 0.1948 0.0419
v  -0.1219 0.1924 0.0362
v  -0.1159 0.1935 0.0352
v  -0.1201 0.1717 0.0569
v  -0.1204 0.1779 0.0580
v  -0.1139 0.1712 0.0574
v  -0.1138 0.1779 0.0588
v  -0.1201 0.1841 0.0569
v  -0.1139 0.1845 0.0574
v  -0.0798 0.1286 -0.0921
v  -0.0887 0.1460 -0.0889
v  -0.0620 0.1528 -0.0973
v  -0.0598 0.1357 -0.0975
v  -0.0744 0.1146 -0.0923
v  -0.0568 0.1195 -0.0962
v  -0.0690 0.0993 -0.0923
v  -0.0484 0.1035 -0.0961
v  -0.0533 0.0851 -0.0933
v  -0.1150 0.2086 -0.0692
v  -0.0972 0.2015 -0.0769
v  -0.1073 0.1914 -0.0765
v  -0.1210 0.2007 -0.0695
v  -0.1288 0.2133 -0.0586
v  -0.1340 0.2054 -0.0594
v  -0.1384 0.2159 -0.0461
v  -0.1427 0.2088 -0.0472
v  -0.1454 0.2177 -0.0315
v  -0.1491 0.2096 -0.0318
v  -0.0784 0.1889 -0.0847
v  -0.0933 0.1788 -0.0813
v  -0.0864 0.1655 -0.0843
v  -0.0684 0.1689 -0.0913
v  -0.1126 0.1858 -0.0737
v  -0.1242 0.1931 -0.0687
v  -0.1359 0.1986 -0.0595
v  -0.1444 0.2018 -0.0474
v  -0.1151 0.1818 -0.0690
v  -0.1243 0.1876 -0.0640
v  -0.1492 0.2022 -0.0358
v  -0.1520 0.2012 -0.0281
v  -0.1485 0.1941 -0.0357
v  -0.1519 0.1939 -0.0273
v  -0.1433 0.1936 -0.0469
v  -0.1349 0.1923 -0.0578
v  -0.1076 0.1742 -0.0724
v  -0.1028 0.1759 -0.0762
v  -0.0984 0.1671 -0.0781
v  -0.0992 0.1545 -0.0819
v  -0.1050 0.1695 -0.0733
v  -0.1070 0.1589 -0.0745
v  -0.1077 0.1449 -0.0798
v  -0.1137 0.1527 -0.0724
v  -0.1011 0.1343 -0.0841
v  -0.0962 0.1212 -0.0856
v  -0.0904 0.1066 -0.0864
v  -0.0871 0.0915 -0.0849
v  -0.0716 0.0854 -0.0902
v  -0.0839 0.0791 -0.0831
v  -0.0633 0.0780 -0.0906
v  -0.1583 0.0934 -0.0283
v  -0.1563 0.0984 -0.0293
v  -0.1511 0.0927 -0.0363
v  -0.1517 0.0883 -0.0349
v  -0.1492 0.0387 -0.0137
v  -0.1505 0.0392 -0.0044
v  -0.1467 0.0465 -0.0039
v  -0.1474 0.0451 -0.0125
v  -0.1428 0.1103 -0.0411
v  -0.1420 0.1054 -0.0373
v  -0.1441 0.1118 -0.0305
v  -0.1457 0.1166 -0.0340
v  -0.1446 0.1262 -0.0374
v  -0.1407 0.1219 -0.0450
v  -0.1372 0.1031 -0.0480
v  -0.1325 0.1155 -0.0552
v  -0.1306 0.0933 -0.0546
v  -0.1247 0.1025 -0.0612
v  -0.1379 0.0978 -0.0444
v  -0.1331 0.0891 -0.0495
v  -0.1396 0.0940 -0.0425
v  -0.1446 0.0883 -0.0425
v  -0.1487 0.0963 -0.0369
v  -0.1429 0.1012 -0.0362
v  -0.1371 0.0854 -0.0477
v  -0.1406 0.0805 -0.0456
v  -0.1452 0.0850 -0.0411
v  -0.1397 0.0779 -0.0416
v  -0.1462 0.1073 -0.0291
v  -0.1258 0.0830 -0.0578
v  -0.1191 0.0892 -0.0641
v  -0.1223 0.0704 -0.0582
v  -0.1143 0.0753 -0.0656
v  -0.1301 0.0790 -0.0524
v  -0.1279 0.0680 -0.0519
v  -0.1340 0.0762 -0.0490
v  -0.1362 0.0746 -0.0456
v  -0.1354 0.0733 -0.0414
v  -0.1659 0.0964 -0.0186
v  -0.1619 0.1023 -0.0194
v  -0.1699 0.0971 -0.0107
v  -0.1680 0.1022 -0.0111
v  -0.1694 0.1022 -0.0032
v  -0.1709 0.0973 -0.0035
v  -0.1677 0.1087 -0.0003
v  -0.1672 0.1092 -0.0046
v  -0.1678 0.1052 -0.0026
v  -0.1647 0.1105 -0.0076
v  -0.1572 0.1111 -0.0147
v  -0.1590 0.1065 -0.0183
v  -0.1660 0.1060 -0.0102
v  -0.1454 0.0378 -0.0218
v  -0.1431 0.0314 -0.0247
v  -0.1485 0.0286 -0.0157
v  -0.1115 0.1131 -0.0746
v  -0.1182 0.1258 -0.0718
v  -0.1061 0.0987 -0.0747
v  -0.1027 0.0829 -0.0735
v  -0.0774 0.0686 -0.0817
v  -0.0892 0.0569 -0.0732
v  -0.0978 0.0688 -0.0732
v  -0.1525 0.1205 -0.0251
v  -0.1536 0.1160 -0.0226
v  -0.1578 0.1193 -0.0246
v  -0.1574 0.1227 -0.0260
v  -0.1656 0.1267 -0.0238
v  -0.1658 0.1236 -0.0226
v  -0.1734 0.1285 -0.0191
v  -0.1736 0.1251 -0.0177
v  -0.1651 0.1302 -0.0236
v  -0.1570 0.1264 -0.0258
v  -0.1875 0.1303 -0.0098
v  -0.1797 0.1295 -0.0150
v  -0.1801 0.1251 -0.0138
v  -0.1874 0.1239 -0.0091
v  -0.1916 0.1310 -0.0038
v  -0.1910 0.1235 -0.0035
v  -0.1746 0.1336 -0.0171
v  -0.1717 0.1377 -0.0154
v  -0.1636 0.1337 -0.0213
v  -0.1796 0.1409 -0.0093
v  -0.1840 0.1367 -0.0093
v  -0.1835 0.1428 -0.0031
v  -0.1879 0.1376 -0.0035
v  -0.1562 0.1297 -0.0242
v  -0.1524 0.1242 -0.0254
v  -0.1781 0.1490 -0.0024
v  -0.1754 0.1474 -0.0083
v  -0.1689 0.1434 -0.0124
v  -0.1615 0.1387 -0.0157
v  -0.1552 0.1345 -0.0193
v  -0.1551 0.1138 -0.0180
v  -0.1589 0.1165 -0.0213
v  -0.1844 0.1186 -0.0064
v  -0.1865 0.1176 -0.0024
v  -0.1817 0.1138 -0.0004
v  -0.1657 0.1208 -0.0198
v  -0.1727 0.1224 -0.0161
v  -0.1716 0.1111 -0.0002
v  -0.1760 0.1123 -0.0001
v  -0.1709 0.1115 -0.0030
v  -0.1802 0.1143 -0.0039
v  -0.1749 0.1131 -0.0035
v  -0.1786 0.1213 -0.0117
v  -0.1815 0.1179 -0.0071
v  -0.1571 0.1132 -0.0143
v  -0.1579 0.1143 -0.0155
v  -0.1697 0.1122 -0.0045
v  -0.1666 0.1150 -0.0052
v  -0.1621 0.1138 -0.0084
v  -0.1654 0.1193 -0.0169
v  -0.1710 0.1206 -0.0144
v  -0.1605 0.1158 -0.0167
v  -0.1732 0.1155 -0.0043
v  -0.1782 0.1160 -0.0055
v  -0.1316 0.1488 -0.0426
v  -0.1289 0.1489 -0.0500
v  -0.1311 0.1408 -0.0533
v  -0.1354 0.1410 -0.0447
v  -0.1229 0.1454 -0.0647
v  -0.1223 0.1523 -0.0601
v  -0.1149 0.1573 -0.0676
v  -0.1173 0.1769 -0.0656
v  -0.1211 0.1793 -0.0640
v  -0.1295 0.1833 -0.0587
v  -0.1367 0.1860 -0.0506
v  -0.1395 0.1419 -0.0372
v  -0.1339 0.1491 -0.0366
v  -0.1429 0.1440 -0.0300
v  -0.1384 0.1507 -0.0293
v  -0.1415 0.1875 -0.0398
v  -0.1433 0.1877 -0.0348
v  -0.1497 0.1899 -0.0266
v  -0.1220 0.1366 -0.0685
v  -0.1328 0.1318 -0.0553
v  -0.1387 0.1328 -0.0454
v  -0.1424 0.1346 -0.0375
v  -0.1452 0.1365 -0.0308
v  -0.1595 0.1473 -0.0142
v  -0.1524 0.1547 -0.0160
v  -0.1516 0.1497 -0.0177
v  -0.1539 0.1431 -0.0174
v  -0.1109 0.1739 -0.0675
v  -0.1452 0.1455 -0.0252
v  -0.1421 0.1523 -0.0244
v  -0.1661 0.1513 -0.0115
v  -0.1604 0.1600 -0.0119
v  -0.1711 0.1537 -0.0079
v  -0.1732 0.1548 -0.0026
v  -0.1684 0.1628 -0.0025
v  -0.1662 0.1621 -0.0075
v  -0.1479 0.1472 -0.0211
v  -0.1473 0.1382 -0.0252
v  -0.1499 0.1402 -0.0208
v  -0.1458 0.1547 -0.0199
v  -0.1486 0.1309 -0.0247
v  -0.1508 0.1327 -0.0216
v  -0.1093 0.1709 -0.0684
v  -0.1103 0.1636 -0.0689
v  -0.1474 0.1289 -0.0301
v  -0.0540 0.0711 -0.0905
v  -0.0686 0.0589 -0.0809
v  -0.0779 0.0483 -0.0723
v  -0.0424 0.0783 -0.0928
v  -0.0420 0.0907 -0.0951
v  -0.0299 0.0824 -0.0921
v  -0.1460 0.1170 -0.0255
v  -0.1473 0.1219 -0.0279
v  -0.1491 0.1124 -0.0230
v  -0.1529 0.1025 -0.0292
v  -0.1532 0.1104 -0.0197
v  -0.1489 0.1245 -0.0235
v  -0.1500 0.0268 -0.0049
v  -0.1508 0.1296 -0.0225
v  -0.1785 0.1488 0.0024
v  -0.1738 0.1545 0.0020
v  -0.1881 0.1377 0.0037
v  -0.1841 0.1428 0.0028
v  -0.1696 0.1018 0.0025
v  -0.1674 0.1054 0.0015
v  -0.1868 0.1173 0.0019
v  -0.1912 0.1231 0.0028
v  -0.1500 0.0269 0.0047
v  -0.1505 0.0392 0.0043
v  -0.1473 0.0464 0.0039
v  -0.1450 0.0826 -0.0391
v  -0.1706 0.0973 0.0038
v  -0.1510 0.1153 -0.0213
v  -0.1540 0.1128 -0.0175
v  -0.1492 0.1190 -0.0234
v  -0.1532 0.1274 -0.0246
v  -0.1515 0.1888 -0.0213
v  -0.1543 0.1890 -0.0159
v  -0.1556 0.1938 -0.0169
v  -0.1539 0.1933 -0.0219
v  -0.1562 0.1928 -0.0095
v  -0.1571 0.1960 -0.0121
v  -0.1574 0.1993 -0.0063
v  -0.1580 0.2010 -0.0103
v  -0.1553 0.2006 -0.0200
v  -0.1545 0.2086 -0.0195
v  -0.1570 0.2074 -0.0096
v  -0.1564 0.2069 -0.0050
v  -0.1563 0.1967 -0.0039
v  -0.1514 0.2174 -0.0192
v  -0.1542 0.2157 -0.0076
v  -0.0639 0.1519 0.0965
v  -0.0887 0.1460 0.0886
v  -0.0798 0.1286 0.0917
v  -0.0604 0.1355 0.0971
v  -0.0744 0.1146 0.0919
v  -0.0595 0.1213 0.0954
v  -0.0692 0.1002 0.0920
v  -0.0520 0.1043 0.0954
v  -0.0538 0.0876 0.0934
v  -0.0368 0.0897 0.0941
v  -0.1150 0.2086 0.0689
v  -0.1209 0.2006 0.0691
v  -0.1074 0.1913 0.0762
v  -0.0971 0.2016 0.0766
v  -0.1288 0.2133 0.0583
v  -0.1339 0.2053 0.0589
v  -0.1371 0.2162 0.0489
v  -0.1418 0.2084 0.0488
v  -0.1438 0.2178 0.0350
v  -0.1489 0.2101 0.0338
v  -0.1507 0.2176 0.0214
v  -0.1543 0.2090 0.0207
v  -0.0933 0.1789 0.0810
v  -0.0784 0.1889 0.0844
v  -0.0867 0.1653 0.0840
v  -0.0693 0.1699 0.0904
v  -0.1242 0.1931 0.0684
v  -0.1126 0.1858 0.0734
v  -0.1359 0.1986 0.0592
v  -0.1444 0.2017 0.0471
v  -0.1492 0.2022 0.0355
v  -0.1513 0.2018 0.0296
v  -0.1506 0.1932 0.0294
v  -0.1485 0.1942 0.0354
v  -0.1433 0.1936 0.0466
v  -0.1072 0.1744 0.0717
v  -0.1028 0.1759 0.0759
v  -0.1151 0.1818 0.0687
v  -0.0984 0.1671 0.0778
v  -0.0992 0.1545 0.0816
v  -0.1050 0.1694 0.0729
v  -0.1070 0.1589 0.0742
v  -0.1137 0.1527 0.0721
v  -0.1077 0.1449 0.0795
v  -0.1011 0.1341 0.0837
v  -0.0942 0.1218 0.0860
v  -0.0903 0.1077 0.0863
v  -0.0875 0.0943 0.0850
v  -0.0834 0.0802 0.0836
v  -0.0720 0.0877 0.0897
v  -0.0657 0.0778 0.0891
v  -0.1578 0.0929 0.0281
v  -0.1512 0.0885 0.0347
v  -0.1508 0.0927 0.0357
v  -0.1562 0.0982 0.0288
v  -0.1492 0.0388 0.0132
v  -0.1476 0.0452 0.0124
v  -0.1431 0.1108 0.0408
v  -0.1460 0.1165 0.0339
v  -0.1448 0.1125 0.0303
v  -0.1421 0.1051 0.0367
v  -0.1408 0.1218 0.0447
v  -0.1446 0.1261 0.0373
v  -0.1373 0.1031 0.0478
v  -0.1326 0.1154 0.0548
v  -0.1307 0.0933 0.0543
v  -0.1247 0.1025 0.0610
v  -0.1379 0.0978 0.0441
v  -0.1331 0.0891 0.0492
v  -0.1394 0.0940 0.0421
v  -0.1427 0.1011 0.0357
v  -0.1487 0.0960 0.0363
v  -0.1442 0.0883 0.0418
v  -0.1371 0.0853 0.0473
v  -0.1405 0.0806 0.0452
v  -0.1450 0.0850 0.0407
v  -0.1399 0.0781 0.0420
v  -0.1463 0.1074 0.0289
v  -0.1258 0.0830 0.0575
v  -0.1191 0.0892 0.0637
v  -0.1300 0.0789 0.0521
v  -0.1341 0.0761 0.0487
v  -0.1362 0.0746 0.0453
v  -0.1356 0.0736 0.0420
v  -0.1618 0.1020 0.0187
v  -0.1651 0.0959 0.0191
v  -0.1675 0.1026 0.0102
v  -0.1691 0.0971 0.0108
v  -0.1673 0.1092 0.0039
v  -0.1656 0.1104 0.0068
v  -0.1659 0.1064 0.0093
v  -0.1582 0.1066 0.0184
v  -0.1590 0.1115 0.0144
v  -0.1481 0.0288 0.0152
v  -0.1430 0.0315 0.0243
v  -0.1454 0.0378 0.0216
v  -0.1182 0.1258 0.0715
v  -0.1115 0.1131 0.0743
v  -0.1057 0.0985 0.0747
v  -0.1003 0.0852 0.0754
v  -0.0776 0.0684 0.0818
v  -0.0966 0.0695 0.0740
v  -0.1086 0.0607 0.0647
v  -0.1143 0.0753 0.0654
v  -0.0881 0.0576 0.0738
v  -0.1526 0.1200 0.0251
v  -0.1572 0.1227 0.0259
v  -0.1579 0.1187 0.0250
v  -0.1528 0.1153 0.0222
v  -0.1660 0.1266 0.0233
v  -0.1666 0.1234 0.0227
v  -0.1737 0.1283 0.0188
v  -0.1740 0.1246 0.0177
v  -0.1570 0.1264 0.0255
v  -0.1650 0.1305 0.0231
v  -0.1880 0.1299 0.0098
v  -0.1878 0.1245 0.0089
v  -0.1804 0.1252 0.0136
v  -0.1797 0.1292 0.0151
v  -0.1917 0.1310 0.0037
v  -0.1752 0.1332 0.0170
v  -0.1640 0.1338 0.0212
v  -0.1729 0.1372 0.0160
v  -0.1807 0.1409 0.0097
v  -0.1850 0.1363 0.0101
v  -0.1565 0.1298 0.0240
v  -0.1524 0.1242 0.0252
v  -0.1760 0.1476 0.0083
v  -0.1690 0.1434 0.0133
v  -0.1614 0.1391 0.0165
v  -0.1551 0.1355 0.0194
v  -0.1597 0.1160 0.0216
v  -0.1568 0.1135 0.0190
v  -0.1844 0.1176 0.0063
v  -0.1804 0.1141 0.0033
v  -0.1674 0.1203 0.0199
v  -0.1739 0.1221 0.0163
v  -0.1713 0.1114 0.0027
v  -0.1744 0.1130 0.0035
v  -0.1795 0.1215 0.0124
v  -0.1821 0.1170 0.0070
v  -0.1798 0.1173 0.0075
v  -0.1777 0.1194 0.0113
v  -0.1587 0.1143 0.0169
v  -0.1608 0.1159 0.0189
v  -0.1650 0.1133 0.0077
v  -0.1691 0.1135 0.0057
v  -0.1704 0.1118 0.0040
v  -0.1730 0.1204 0.0146
v  -0.1666 0.1193 0.0179
v  -0.1741 0.1143 0.0047
v  -0.1782 0.1162 0.0057
v  -0.1316 0.1488 0.0424
v  -0.1354 0.1411 0.0445
v  -0.1312 0.1408 0.0530
v  -0.1287 0.1490 0.0502
v  -0.1228 0.1455 0.0644
v  -0.1149 0.1573 0.0674
v  -0.1223 0.1523 0.0599
v  -0.1173 0.1770 0.0653
v  -0.1209 0.1790 0.0636
v  -0.1339 0.1491 0.0364
v  -0.1396 0.1420 0.0370
v  -0.1388 0.1506 0.0291
v  -0.1431 0.1440 0.0302
v  -0.1413 0.1878 0.0397
v  -0.1392 0.1873 0.0449
v  -0.1528 0.1926 0.0235
v  -0.1500 0.1889 0.0233
v  -0.1480 0.1895 0.0288
v  -0.1221 0.1366 0.0682
v  -0.1329 0.1318 0.0550
v  -0.1388 0.1328 0.0452
v  -0.1425 0.1350 0.0372
v  -0.1455 0.1369 0.0306
v  -0.1589 0.1470 0.0156
v  -0.1538 0.1434 0.0183
v  -0.1521 0.1496 0.0181
v  -0.1547 0.1566 0.0154
v  -0.1108 0.1739 0.0672
v  -0.1420 0.1524 0.0247
v  -0.1457 0.1451 0.0253
v  -0.1622 0.1596 0.0115
v  -0.1664 0.1509 0.0120
v  -0.1714 0.1539 0.0078
v  -0.1663 0.1620 0.0074
v  -0.1683 0.1629 0.0024
v  -0.1454 0.1546 0.0204
v  -0.1482 0.1472 0.0213
v  -0.1511 0.1331 0.0218
v  -0.1502 0.1401 0.0214
v  -0.1092 0.1707 0.0683
v  -0.1103 0.1636 0.0687
v  -0.1476 0.1288 0.0300
v  -0.0652 0.0577 0.0817
v  -0.0541 0.0684 0.0893
v  -0.0769 0.0477 0.0723
v  -0.0439 0.0792 0.0927
v  -0.1465 0.1170 0.0255
v  -0.1477 0.1218 0.0279
v  -0.1528 0.1024 0.0288
v  -0.1531 0.1097 0.0210
v  -0.1490 0.1310 0.0247
v  -0.1493 0.1244 0.0240
v  -0.1498 0.1127 0.0232
v  -0.1505 0.1298 0.0231
v  -0.1606 0.1138 0.0125
v  -0.1451 0.0831 0.0391
v  -0.1556 0.1122 0.0178
v  -0.1515 0.1143 0.0216
v  -0.1493 0.1190 0.0236
v  -0.1532 0.1275 0.0244
v  -0.1547 0.1936 0.0194
v  -0.1535 0.1889 0.0183
v  -0.1561 0.1934 0.0101
v  -0.1553 0.1902 0.0144
v  -0.1559 0.1942 0.0157
v  -0.1569 0.1960 0.0121
v  -0.1578 0.2013 0.0102
v  -0.1573 0.1994 0.0067
v  -0.1534 0.2012 0.0238
v  -0.1558 0.2008 0.0180
v  -0.1573 0.2067 0.0093
v  -0.1560 0.2063 0.0030
v  -0.1546 0.2153 0.0091
v  -0.1542 0.2133 0.0009
v  -0.1755 0.1201 -0.0107
v  -0.1475 0.1377 0.0260
v  -0.1584 0.1130 0.0153
v  -0.1500 0.0839 0.0321
v  -0.1433 0.0804 0.0374
v  -0.1380 0.0765 0.0394
v  -0.1349 0.0732 0.0398
v  -0.1580 0.0875 0.0264
v  -0.1648 0.0898 0.0189
v  -0.1692 0.0909 0.0113
v  -0.1706 0.0903 0.0046
v  -0.1368 0.0710 0.0328
v  -0.1361 0.0683 0.0339
v  -0.1333 0.0716 0.0368
v  -0.1339 0.0726 0.0353
v  -0.1422 0.0679 0.0290
v  -0.1415 0.0647 0.0299
v  -0.1482 0.0653 0.0238
v  -0.1471 0.0615 0.0240
v  -0.1536 0.0642 0.0170
v  -0.1521 0.0597 0.0171
v  -0.1570 0.0646 0.0095
v  -0.1556 0.0595 0.0097
v  -0.1582 0.0648 0.0028
v  -0.1566 0.0595 0.0028
v  -0.1483 0.0807 0.0298
v  -0.1413 0.0782 0.0348
v  -0.1373 0.0760 0.0383
v  -0.1561 0.0829 0.0232
v  -0.1623 0.0844 0.0159
v  -0.1657 0.0848 0.0094
v  -0.1664 0.0846 0.0032
v  -0.1550 0.0787 0.0220
v  -0.1473 0.0773 0.0288
v  -0.1627 0.0806 0.0089
v  -0.1600 0.0802 0.0149
v  -0.1639 0.0795 0.0024
v  -0.1404 0.0761 0.0333
v  -0.1362 0.0748 0.0357
v  -0.1367 0.0753 0.0373
v  -0.1342 0.0735 0.0364
v  -0.1343 0.0732 0.0378
v  -0.1556 0.0703 0.0094
v  -0.1570 0.0702 0.0029
v  -0.1526 0.0701 0.0163
v  -0.1480 0.0704 0.0231
v  -0.1423 0.0715 0.0282
v  -0.1372 0.0728 0.0319
v  -0.1344 0.0736 0.0345
v  -0.1534 0.0773 0.0211
v  -0.1460 0.0765 0.0279
v  -0.1599 0.0784 0.0086
v  -0.1579 0.0781 0.0144
v  -0.1608 0.0775 0.0024
v  -0.1397 0.0758 0.0323
v  -0.1359 0.0752 0.0345
v  -0.1344 0.0743 0.0353
v  -0.1522 0.0731 0.0089
v  -0.1535 0.0729 0.0027
v  -0.1499 0.0737 0.0154
v  -0.1462 0.0740 0.0220
v  -0.1409 0.0741 0.0274
v  -0.1365 0.0743 0.0315
v  -0.1343 0.0750 0.0342
v  -0.1504 0.0777 0.0205
v  -0.1439 0.0775 0.0273
v  -0.1558 0.0782 0.0084
v  -0.1542 0.0780 0.0139
v  -0.1567 0.0778 0.0025
v  -0.1385 0.0769 0.0318
v  -0.1355 0.0764 0.0340
v  -0.1342 0.0757 0.0348
v  -0.1430 0.0800 -0.0361
v  -0.1502 0.0836 -0.0314
v  -0.1325 0.0685 -0.0395
v  -0.1326 0.0699 -0.0373
v  -0.1345 0.0730 -0.0386
v  -0.1376 0.0765 -0.0382
v  -0.1588 0.0872 -0.0257
v  -0.1661 0.0905 -0.0184
v  -0.1699 0.0908 -0.0086
v  -0.1706 0.0901 -0.0019
v  -0.1370 0.0714 -0.0316
v  -0.1339 0.0727 -0.0340
v  -0.1332 0.0714 -0.0353
v  -0.1364 0.0687 -0.0330
v  -0.1428 0.0682 -0.0284
v  -0.1422 0.0645 -0.0292
v  -0.1486 0.0656 -0.0229
v  -0.1476 0.0614 -0.0233
v  -0.1536 0.0648 -0.0163
v  -0.1525 0.0598 -0.0166
v  -0.1571 0.0652 -0.0094
v  -0.1558 0.0598 -0.0096
v  -0.1582 0.0650 -0.0029
v  -0.1566 0.0598 -0.0029
v  -0.1414 0.0783 -0.0340
v  -0.1485 0.0809 -0.0296
v  -0.1371 0.0762 -0.0370
v  -0.1567 0.0833 -0.0229
v  -0.1632 0.0851 -0.0152
v  -0.1662 0.0849 -0.0075
v  -0.1658 0.0846 -0.0011
v  -0.1469 0.0777 -0.0283
v  -0.1550 0.0796 -0.0217
v  -0.1604 0.0812 -0.0141
v  -0.1632 0.0807 -0.0073
v  -0.1641 0.0795 -0.0013
v  -0.1401 0.0763 -0.0324
v  -0.1364 0.0755 -0.0361
v  -0.1359 0.0750 -0.0345
v  -0.1340 0.0733 -0.0366
v  -0.1340 0.0738 -0.0351
v  -0.1558 0.0710 -0.0092
v  -0.1569 0.0703 -0.0028
v  -0.1528 0.0709 -0.0155
v  -0.1483 0.0711 -0.0218
v  -0.1423 0.0722 -0.0270
v  -0.1372 0.0735 -0.0307
v  -0.1343 0.0740 -0.0331
v  -0.1530 0.0781 -0.0209
v  -0.1453 0.0770 -0.0273
v  -0.1601 0.0787 -0.0072
v  -0.1580 0.0791 -0.0137
v  -0.1609 0.0774 -0.0016
v  -0.1392 0.0762 -0.0314
v  -0.1357 0.0754 -0.0335
v  -0.1342 0.0747 -0.0340
v  -0.1524 0.0738 -0.0085
v  -0.1535 0.0731 -0.0026
v  -0.1503 0.0744 -0.0144
v  -0.1467 0.0745 -0.0204
v  -0.1411 0.0747 -0.0261
v  -0.1365 0.0750 -0.0302
v  -0.1341 0.0754 -0.0326
v  -0.1499 0.0783 -0.0201
v  -0.1431 0.0779 -0.0267
v  -0.1558 0.0786 -0.0074
v  -0.1541 0.0786 -0.0132
v  -0.1569 0.0777 -0.0017
v  -0.1377 0.0774 -0.0310
v  -0.1350 0.0768 -0.0329
v  -0.1340 0.0761 -0.0334
v  -0.1444 0.0726 0.0116
v  -0.1466 0.0723 -0.0000
v  -0.1390 0.0740 0.0245
v  -0.1338 0.0749 0.0320
v  -0.1325 0.0764 0.0347
v  -0.1416 0.0815 0.0243
v  -0.1468 0.0837 0.0111
v  -0.1477 0.0848 0.0002
v  -0.1354 0.0795 0.0325
v  -0.1333 0.0785 0.0346
v  -0.1324 0.0774 0.0353
v  -0.1446 0.0729 -0.0108
v  -0.1394 0.0741 -0.0229
v  -0.1338 0.0752 -0.0304
v  -0.1323 0.0764 -0.0330
v  -0.1411 0.0817 -0.0233
v  -0.1467 0.0841 -0.0104
v  -0.1346 0.0799 -0.0317
v  -0.1329 0.0790 -0.0335
v  -0.1323 0.0776 -0.0337
v  -0.1264 0.0615 0.0005
v  -0.1234 0.0753 0.0371
v  -0.1261 0.0979 0.0003
v  -0.1243 0.0805 0.0372
v  -0.1236 0.0746 -0.0354
v  -0.1235 0.0811 -0.0362
v  -0.0963 0.0833 -0.0000
v  -0.1627 0.1208 -0.0060
v  -0.1696 0.1232 -0.0051
v  -0.1792 0.1183 -0.0077
v  -0.1710 0.1247 -0.0094
v  -0.1657 0.1208 -0.0154
v  -0.1598 0.1189 -0.0149
v  -0.1591 0.1184 -0.0123
v  -0.1716 0.1197 0.0058
v  -0.1738 0.1237 0.0090
v  -0.1607 0.1176 0.0151
v  -0.1629 0.1167 0.0088
v  -0.1692 0.1172 0.0057
v  -0.1659 0.1219 0.0155
v  -0.1633 0.1237 -0.0099
v  -0.1649 0.1218 0.0102
v  -0.1256 0.1812 -0.0614
v  -0.1332 0.1848 -0.0554
v  -0.1395 0.1871 -0.0452
v  -0.1175 0.1752 -0.0637
v  -0.1215 0.1764 -0.0620
v  -0.1321 0.1809 -0.0536
v  -0.1290 0.1796 -0.0571
v  -0.1367 0.1833 -0.0446
v  -0.1345 0.1820 -0.0492
v  -0.1394 0.1850 -0.0340
v  -0.1384 0.1843 -0.0392
v  -0.1122 0.1739 -0.0657
v  -0.1284 0.1789 -0.0562
v  -0.1257 0.1780 -0.0595
v  -0.1252 0.1776 -0.0588
v  -0.1354 0.1830 -0.0442
v  -0.1337 0.1818 -0.0489
v  -0.1211 0.1763 -0.0610
v  -0.1175 0.1753 -0.0628
v  -0.1134 0.1739 -0.0642
v  -0.1370 0.1844 -0.0342
v  -0.1364 0.1839 -0.0390
v  -0.1313 0.1803 -0.0531
v  -0.1307 0.1805 -0.0528
v  -0.1279 0.1791 -0.0559
v  -0.1245 0.1783 -0.0583
v  -0.1207 0.1766 -0.0606
v  -0.1173 0.1750 -0.0619
v  -0.1145 0.1737 -0.0631
v  -0.1206 0.1765 -0.0605
v  -0.1207 0.1752 -0.0599
v  -0.1246 0.1766 -0.0579
v  -0.1245 0.1783 -0.0582
v  -0.1278 0.1781 -0.0555
v  -0.1278 0.1791 -0.0558
v  -0.1304 0.1794 -0.0524
v  -0.1306 0.1804 -0.0527
v  -0.1327 0.1823 -0.0487
v  -0.1337 0.1836 -0.0444
v  -0.1324 0.1805 -0.0488
v  -0.1326 0.1822 -0.0486
v  -0.1335 0.1813 -0.0444
v  -0.1335 0.1835 -0.0444
v  -0.1181 0.1745 -0.0613
v  -0.1186 0.1744 -0.0606
v  -0.1184 0.1743 -0.0607
v  -0.1340 0.1842 -0.0395
v  -0.1336 0.1817 -0.0397
v  -0.1338 0.1841 -0.0395
v  -0.1339 0.1843 -0.0351
v  -0.1327 0.1813 -0.0357
v  -0.1205 0.1751 -0.0594
v  -0.1243 0.1765 -0.0574
v  -0.1276 0.1779 -0.0552
v  -0.1300 0.1791 -0.0522
v  -0.1319 0.1800 -0.0486
v  -0.1331 0.1808 -0.0444
v  -0.1331 0.1810 -0.0400
v  -0.1322 0.1805 -0.0363
v  -0.1189 0.1746 -0.0600
v  -0.1196 0.1725 -0.0601
v  -0.1205 0.1734 -0.0594
v  -0.1163 0.1735 -0.0618
v  -0.1174 0.1739 -0.0612
v  -0.1173 0.1740 -0.0615
v  -0.1233 0.1702 -0.0578
v  -0.1241 0.1717 -0.0573
v  -0.1260 0.1687 -0.0552
v  -0.1269 0.1704 -0.0551
v  -0.1295 0.1694 -0.0517
v  -0.1286 0.1675 -0.0518
v  -0.1307 0.1671 -0.0480
v  -0.1313 0.1691 -0.0480
v  -0.1322 0.1691 -0.0443
v  -0.1318 0.1672 -0.0444
v  -0.1322 0.1678 -0.0399
v  -0.1322 0.1696 -0.0400
v  -0.1311 0.1703 -0.0356
v  -0.1316 0.1686 -0.0357
v  -0.1208 0.1678 -0.0578
v  -0.1179 0.1715 -0.0608
v  -0.1238 0.1655 -0.0546
v  -0.1265 0.1639 -0.0505
v  -0.1285 0.1638 -0.0472
v  -0.1300 0.1641 -0.0436
v  -0.1310 0.1650 -0.0391
v  -0.1309 0.1660 -0.0349
v  -0.1293 0.1711 -0.0318
v  -0.1303 0.1695 -0.0321
v  -0.1281 0.1703 -0.0275
v  -0.1272 0.1713 -0.0277
v  -0.1263 0.1713 -0.0246
v  -0.1271 0.1706 -0.0248
v  -0.1298 0.1674 -0.0312
v  -0.1282 0.1692 -0.0272
v  -0.1275 0.1697 -0.0247
v  -0.1278 0.1706 -0.0222
v  -0.1273 0.1714 -0.0222
v  -0.1281 0.1697 -0.0222
v  -0.1308 0.1791 -0.0322
v  -0.1312 0.1798 -0.0317
v  -0.1291 0.1769 -0.0289
v  -0.1293 0.1775 -0.0285
v  -0.1278 0.1753 -0.0265
v  -0.1281 0.1760 -0.0260
v  -0.1276 0.1745 -0.0229
v  -0.1272 0.1738 -0.0233
v  -0.1280 0.1734 -0.0205
v  -0.1275 0.1728 -0.0211
v  -0.1289 0.1711 -0.0202
v  -0.1281 0.1715 -0.0209
v  -0.1280 0.1722 -0.0206
v  -0.1289 0.1723 -0.0197
v  -0.1309 0.1827 -0.0305
v  -0.1286 0.1799 -0.0266
v  -0.1278 0.1772 -0.0218
v  -0.1284 0.1752 -0.0189
v  -0.1293 0.1730 -0.0177
v  -0.1301 0.1711 -0.0170
v  -0.1288 0.1696 -0.0204
v  -0.1305 0.1685 -0.0177
v  -0.1118 0.1715 -0.0650
v  -0.1150 0.1714 -0.0626
v  -0.1172 0.1676 -0.0609
v  -0.1142 0.1657 -0.0641
v  -0.1225 0.1625 -0.0565
v  -0.1189 0.1654 -0.0595
v  -0.1259 0.1609 -0.0520
v  -0.1287 0.1604 -0.0468
v  -0.1302 0.1609 -0.0422
v  -0.1312 0.1617 -0.0370
v  -0.1315 0.1627 -0.0322
v  -0.1307 0.1649 -0.0278
v  -0.1290 0.1674 -0.0243
v  -0.1316 0.1644 -0.0215
v  -0.1327 0.1615 -0.0257
v  -0.1300 0.1553 -0.0415
v  -0.1281 0.1556 -0.0473
v  -0.1169 0.1625 -0.0621
v  -0.1207 0.1593 -0.0588
v  -0.1251 0.1565 -0.0532
v  -0.1316 0.1566 -0.0358
v  -0.1353 0.1541 -0.0289
v  -0.1327 0.1588 -0.0302
v  -0.1174 0.1753 0.0636
v  -0.1214 0.1766 0.0618
v  -0.1366 0.1835 0.0444
v  -0.1343 0.1822 0.0490
v  -0.1362 0.1859 0.0504
v  -0.1394 0.1851 0.0339
v  -0.1383 0.1844 0.0391
v  -0.1432 0.1879 0.0345
v  -0.1122 0.1740 0.0656
v  -0.1283 0.1791 0.0561
v  -0.1251 0.1778 0.0586
v  -0.1256 0.1782 0.0593
v  -0.1289 0.1797 0.0569
v  -0.1354 0.1828 0.0441
v  -0.1337 0.1818 0.0488
v  -0.1210 0.1764 0.0609
v  -0.1175 0.1753 0.0627
v  -0.1134 0.1740 0.0640
v  -0.1370 0.1843 0.0341
v  -0.1364 0.1837 0.0388
v  -0.1312 0.1805 0.0529
v  -0.1319 0.1811 0.0534
v  -0.1305 0.1806 0.0525
v  -0.1277 0.1793 0.0556
v  -0.1244 0.1784 0.0581
v  -0.1207 0.1767 0.0603
v  -0.1172 0.1751 0.0616
v  -0.1144 0.1738 0.0628
v  -0.1206 0.1766 0.0601
v  -0.1243 0.1783 0.0579
v  -0.1245 0.1767 0.0576
v  -0.1207 0.1753 0.0597
v  -0.1276 0.1792 0.0555
v  -0.1276 0.1782 0.0553
v  -0.1303 0.1794 0.0522
v  -0.1304 0.1805 0.0524
v  -0.1325 0.1820 0.0486
v  -0.1332 0.1838 0.0441
v  -0.1323 0.1805 0.0486
v  -0.1323 0.1819 0.0485
v  -0.1331 0.1837 0.0441
v  -0.1335 0.1812 0.0443
v  -0.1180 0.1746 0.0610
v  -0.1186 0.1745 0.0605
v  -0.1183 0.1744 0.0605
v  -0.1338 0.1842 0.0393
v  -0.1337 0.1817 0.0396
v  -0.1336 0.1841 0.0393
v  -0.1339 0.1843 0.0348
v  -0.1330 0.1814 0.0355
v  -0.1205 0.1751 0.0592
v  -0.1243 0.1765 0.0572
v  -0.1276 0.1779 0.0550
v  -0.1301 0.1790 0.0520
v  -0.1320 0.1800 0.0484
v  -0.1332 0.1806 0.0442
v  -0.1333 0.1808 0.0398
v  -0.1325 0.1802 0.0362
v  -0.1189 0.1745 0.0598
v  -0.1195 0.1725 0.0598
v  -0.1206 0.1735 0.0592
v  -0.1162 0.1736 0.0615
v  -0.1174 0.1742 0.0613
v  -0.1173 0.1740 0.0610
v  -0.1232 0.1702 0.0575
v  -0.1241 0.1718 0.0570
v  -0.1268 0.1705 0.0547
v  -0.1259 0.1687 0.0550
v  -0.1294 0.1695 0.0514
v  -0.1286 0.1675 0.0516
v  -0.1306 0.1671 0.0478
v  -0.1312 0.1691 0.0477
v  -0.1321 0.1691 0.0441
v  -0.1318 0.1672 0.0443
v  -0.1321 0.1678 0.0398
v  -0.1321 0.1696 0.0397
v  -0.1311 0.1702 0.0354
v  -0.1315 0.1685 0.0356
v  -0.1208 0.1677 0.0577
v  -0.1178 0.1716 0.0606
v  -0.1237 0.1655 0.0544
v  -0.1264 0.1639 0.0503
v  -0.1285 0.1638 0.0470
v  -0.1301 0.1639 0.0435
v  -0.1312 0.1649 0.0390
v  -0.1310 0.1659 0.0347
v  -0.1292 0.1710 0.0317
v  -0.1303 0.1695 0.0319
v  -0.1274 0.1715 0.0276
v  -0.1282 0.1704 0.0274
v  -0.1265 0.1714 0.0245
v  -0.1273 0.1707 0.0246
v  -0.1285 0.1692 0.0270
v  -0.1301 0.1674 0.0309
v  -0.1277 0.1697 0.0246
v  -0.1277 0.1706 0.0221
v  -0.1273 0.1713 0.0220
v  -0.1280 0.1697 0.0221
v  -0.1310 0.1789 0.0321
v  -0.1314 0.1797 0.0315
v  -0.1293 0.1768 0.0288
v  -0.1296 0.1775 0.0282
v  -0.1286 0.1759 0.0258
v  -0.1279 0.1752 0.0265
v  -0.1281 0.1744 0.0228
v  -0.1274 0.1737 0.0232
v  -0.1283 0.1737 0.0201
v  -0.1276 0.1730 0.0208
v  -0.1290 0.1710 0.0199
v  -0.1281 0.1715 0.0206
v  -0.1291 0.1724 0.0192
v  -0.1280 0.1721 0.0201
v  -0.1314 0.1824 0.0303
v  -0.1295 0.1798 0.0260
v  -0.1288 0.1782 0.0234
v  -0.1286 0.1769 0.0209
v  -0.1290 0.1755 0.0184
v  -0.1298 0.1731 0.0173
v  -0.1306 0.1712 0.0168
v  -0.1288 0.1696 0.0203
v  -0.1307 0.1686 0.0177
v  -0.1118 0.1715 0.0649
v  -0.1149 0.1713 0.0624
v  -0.1172 0.1676 0.0608
v  -0.1141 0.1657 0.0640
v  -0.1224 0.1630 0.0563
v  -0.1192 0.1655 0.0593
v  -0.1259 0.1607 0.0519
v  -0.1286 0.1598 0.0469
v  -0.1304 0.1596 0.0417
v  -0.1314 0.1603 0.0371
v  -0.1321 0.1618 0.0313
v  -0.1312 0.1644 0.0280
v  -0.1292 0.1676 0.0242
v  -0.1321 0.1647 0.0215
v  -0.1341 0.1607 0.0247
v  -0.1346 0.1561 0.0293
v  -0.1303 0.1538 0.0417
v  -0.1281 0.1545 0.0479
v  -0.1169 0.1622 0.0621
v  -0.1207 0.1588 0.0589
v  -0.1251 0.1559 0.0534
v  -0.1348 0.1923 0.0575
v  -0.1242 0.1877 0.0636
v  -0.1294 0.1834 0.0584
v  -0.1255 0.1812 0.0610
v  -0.1329 0.1848 0.0549
v  -0.1402 0.0593 -0.0311
v  -0.1451 0.0552 -0.0248
v  -0.1490 0.0527 -0.0181
v  -0.1505 0.0517 -0.0110
v  -0.1501 0.0510 -0.0037
v  -0.1501 0.0511 0.0034
v  -0.1505 0.0515 0.0109
v  -0.1488 0.0528 0.0182
v  -0.1448 0.0555 0.0252
v  -0.1396 0.0598 0.0315
v  -0.1457 0.0442 -0.0200
v  -0.1424 0.0475 -0.0272
v  -0.1391 0.0410 -0.0288
v  -0.1341 0.0353 -0.0311
v  -0.1396 0.0400 0.0268
v  -0.1427 0.0474 0.0261
v  -0.1457 0.0433 0.0196
v  -0.1339 0.0354 0.0306
v  -0.1313 0.0671 0.0468
v  -0.1280 0.0680 0.0516
v  -0.1223 0.0704 0.0580
v  -0.1225 0.0558 0.0513
v  -0.1264 0.0562 0.0469
v  -0.1171 0.0566 0.0568
v  -0.1087 0.0607 -0.0649
v  -0.1326 0.0674 -0.0428
v  -0.1314 0.0671 -0.0471
v  -0.1302 0.0618 -0.0435
v  -0.1347 0.0645 -0.0353
v  -0.1372 0.0532 -0.0337
v  -0.1336 0.0487 -0.0361
v  -0.1301 0.0556 -0.0393
v  -0.1293 0.0581 -0.0413
v  -0.1258 0.0510 -0.0432
v  -0.1328 0.0594 -0.0374
v  -0.1310 0.0624 -0.0400
v  -0.1262 0.0562 -0.0474
v  -0.1201 0.0562 -0.0541
v  -0.1122 0.0456 -0.0529
v  -0.1200 0.0471 -0.0468
v  -0.1271 0.0442 -0.0395
v  -0.1210 0.0410 -0.0424
v  -0.1203 0.0473 0.0464
v  -0.1135 0.0472 0.0528
v  -0.1331 0.0705 0.0386
v  -0.1328 0.0690 0.0400
v  -0.1324 0.0679 0.0387
v  -0.1326 0.0674 0.0425
v  -0.1316 0.0641 0.0401
v  -0.1373 0.0531 0.0334
v  -0.1338 0.0482 0.0355
v  -0.1273 0.0437 0.0387
v  -0.1258 0.0513 0.0433
v  -0.1295 0.0580 0.0412
v  -0.1326 0.0594 0.0375
v  -0.1302 0.0553 0.0392
v  -0.1209 0.0410 0.0422
v  -0.1345 0.0646 0.0357
v  -0.1263 0.0287 -0.0345
v  -0.1356 0.0226 -0.0276
v  -0.1294 0.0178 -0.0273
v  -0.1182 0.0228 -0.0355
v  -0.1426 0.0190 -0.0181
v  -0.1350 0.0139 -0.0185
v  -0.1190 0.0147 -0.0270
v  -0.1248 0.0109 -0.0184
v  -0.1456 0.0169 -0.0052
v  -0.1274 0.0086 -0.0044
v  -0.1383 0.0115 -0.0055
v  -0.1454 0.0170 0.0049
v  -0.1279 0.0089 0.0057
v  -0.1372 0.0114 0.0053
v  -0.1421 0.0193 0.0175
v  -0.1337 0.0139 0.0179
v  -0.1263 0.0115 0.0175
v  -0.1354 0.0228 0.0270
v  -0.1266 0.0184 0.0275
v  -0.1205 0.0162 0.0266
v  -0.1258 0.0282 0.0341
v  -0.1098 0.0191 0.0355
v  -0.1176 0.0234 0.0360
v  -0.1009 0.0456 -0.0617
v  -0.1068 0.0305 -0.0484
v  -0.1015 0.0259 -0.0473
v  -0.1098 0.0192 -0.0358
v  -0.1133 0.0374 -0.0470
v  -0.0987 0.0244 0.0460
v  -0.1085 0.0298 0.0473
v  -0.1142 0.0393 0.0469
v  -0.1036 0.0378 -0.0548
v  -0.0895 0.0383 -0.0636
v  -0.0961 0.0310 -0.0545
v  -0.1048 0.0350 0.0524
v  -0.0976 0.0483 0.0646
v  -0.0933 0.0289 0.0536
v  -0.1568 0.1978 0.0048
v  -0.1543 0.1915 0.0086
v  -0.1527 0.1880 0.0124
v  -0.1501 0.1867 0.0168
v  -0.1458 0.1868 0.0222
v  -0.1442 0.1874 0.0282
v  -0.1464 0.1904 0.0348
v  -0.1562 0.2061 -0.0003
v  -0.1572 0.1968 0.0001
v  -0.1450 0.1872 -0.0261
v  -0.1470 0.1866 -0.0203
v  -0.1541 0.1904 -0.0076
v  -0.1502 0.1873 -0.0119
v  -0.1554 0.1907 -0.0020
v  -0.1557 0.1908 0.0032
v  -0.1413 0.1848 0.0222
v  -0.1437 0.1846 0.0170
v  -0.1403 0.1852 0.0282
v  -0.1413 0.1852 -0.0259
v  -0.1374 0.1838 -0.0259
v  -0.1376 0.1835 0.0229
v  -0.1370 0.1841 0.0280
v  -0.1533 0.1828 -0.0020
v  -0.1550 0.1786 -0.0021
v  -0.1554 0.1785 0.0022
v  -0.1534 0.1827 0.0023
v  -0.1543 0.1778 0.0057
v  -0.1520 0.1826 0.0060
v  -0.1505 0.1827 -0.0072
v  -0.1523 0.1787 -0.0065
v  -0.1598 0.1733 -0.0020
v  -0.1599 0.1732 0.0023
v  -0.1575 0.1729 -0.0066
v  -0.1580 0.1727 0.0062
v  -0.1540 0.1695 -0.0105
v  -0.1486 0.1770 -0.0097
v  -0.1454 0.1813 -0.0105
v  -0.1537 0.1700 0.0102
v  -0.1497 0.1769 0.0091
v  -0.1468 0.1822 0.0098
v  -0.1428 0.1734 -0.0123
v  -0.1399 0.1795 -0.0131
v  -0.1458 0.1661 -0.0140
v  -0.1426 0.1746 0.0105
v  -0.1397 0.1794 0.0113
v  -0.1467 0.1669 0.0132
v  -0.1427 0.1850 -0.0208
v  -0.1377 0.1831 -0.0211
v  -0.1387 0.1827 0.0170
v  -0.1384 0.1812 -0.0152
v  -0.1427 0.1836 -0.0146
v  -0.1439 0.1837 0.0130
v  -0.1393 0.1816 0.0136
v  -0.1459 0.1849 -0.0132
v  -0.1486 0.1852 0.0114
v  -0.1496 0.1854 -0.0091
v  -0.1525 0.1865 -0.0056
v  -0.1522 0.1867 0.0081
v  -0.1536 0.1863 -0.0017
v  -0.1539 0.1864 0.0027
v  -0.1331 0.1836 -0.0287
v  -0.1317 0.1817 -0.0234
v  -0.1317 0.1782 -0.0176
v  -0.1324 0.1748 -0.0155
v  -0.1343 0.1719 -0.0146
v  -0.1366 0.1670 -0.0155
v  -0.1354 0.1625 -0.0190
v  -0.1421 0.1598 -0.0188
v  -0.1391 0.1562 -0.0236
v  -0.1347 0.1592 -0.0231
v  -0.1333 0.1837 0.0287
v  -0.1329 0.1822 0.0240
v  -0.1330 0.1806 0.0189
v  -0.1328 0.1786 0.0154
v  -0.1333 0.1761 0.0137
v  -0.1363 0.1726 0.0130
v  -0.1377 0.1685 0.0143
v  -0.1410 0.1617 0.0178
v  -0.1398 0.1576 0.0219
v  -0.1394 0.1536 0.0260
v  -0.1197 0.1756 -0.0582
v  -0.1235 0.1770 -0.0563
v  -0.1268 0.1781 -0.0542
v  -0.1289 0.1791 -0.0514
v  -0.1310 0.1799 -0.0480
v  -0.1322 0.1804 -0.0441
v  -0.1324 0.1807 -0.0400
v  -0.1316 0.1802 -0.0366
v  -0.1177 0.1747 -0.0589
v  -0.1179 0.1745 -0.0589
v  -0.1203 0.1735 -0.0582
v  -0.1238 0.1720 -0.0564
v  -0.1267 0.1710 -0.0544
v  -0.1292 0.1702 -0.0515
v  -0.1308 0.1699 -0.0478
v  -0.1316 0.1699 -0.0441
v  -0.1317 0.1702 -0.0401
v  -0.1306 0.1708 -0.0359
v  -0.1288 0.1714 -0.0323
v  -0.1268 0.1718 -0.0282
v  -0.1260 0.1717 -0.0249
v  -0.1302 0.1787 -0.0329
v  -0.1286 0.1768 -0.0297
v  -0.1271 0.1752 -0.0273
v  -0.1263 0.1735 -0.0241
v  -0.1262 0.1724 -0.0218
v  -0.1262 0.1718 -0.0225
v  -0.1262 0.1720 -0.0214
v  -0.1249 0.1720 -0.0223
v  -0.1243 0.1722 -0.0249
v  -0.1244 0.1733 -0.0247
v  -0.1250 0.1724 -0.0223
v  -0.1237 0.1725 -0.0274
v  -0.1239 0.1743 -0.0269
v  -0.1166 0.1746 -0.0434
v  -0.1198 0.1755 0.0580
v  -0.1237 0.1769 0.0560
v  -0.1270 0.1779 0.0540
v  -0.1292 0.1789 0.0513
v  -0.1313 0.1797 0.0478
v  -0.1322 0.1802 0.0439
v  -0.1326 0.1803 0.0399
v  -0.1319 0.1799 0.0364
v  -0.1179 0.1748 0.0586
v  -0.1190 0.1747 0.0583
v  -0.1210 0.1740 0.0584
v  -0.1240 0.1723 0.0562
v  -0.1267 0.1712 0.0539
v  -0.1292 0.1702 0.0511
v  -0.1307 0.1700 0.0474
v  -0.1315 0.1700 0.0439
v  -0.1314 0.1703 0.0398
v  -0.1306 0.1708 0.0357
v  -0.1288 0.1714 0.0321
v  -0.1268 0.1718 0.0280
v  -0.1260 0.1717 0.0247
v  -0.1304 0.1785 0.0326
v  -0.1286 0.1767 0.0294
v  -0.1273 0.1751 0.0268
v  -0.1263 0.1735 0.0239
v  -0.1262 0.1724 0.0216
v  -0.1262 0.1718 0.0222
v  -0.1262 0.1720 0.0212
v  -0.1243 0.1722 0.0246
v  -0.1249 0.1720 0.0220
v  -0.1250 0.1724 0.0221
v  -0.1244 0.1733 0.0244
v  -0.1237 0.1725 0.0271
v  -0.1239 0.1743 0.0266
v  -0.1166 0.1746 0.0432
v  -0.0210 0.0772 -0.0878
v  -0.0292 0.0651 -0.0873
v  -0.0360 0.0710 -0.0908
v  -0.0371 0.0561 -0.0845
v  -0.0457 0.0624 -0.0881
v  -0.0512 0.0456 -0.0741
v  -0.0602 0.0519 -0.0788
v  -0.0632 0.0388 -0.0652
v  -0.0706 0.0421 -0.0689
v  -0.0883 0.0252 -0.0517
v  -0.0831 0.0230 -0.0481
v  -0.0892 0.0209 -0.0424
v  -0.0925 0.0216 -0.0434
v  -0.0998 0.0173 -0.0317
v  -0.1093 0.0140 -0.0235
v  -0.1165 0.0111 -0.0168
v  -0.1176 0.0111 0.0149
v  -0.1112 0.0140 0.0220
v  -0.0995 0.0173 0.0310
v  -0.0948 0.0220 0.0432
v  -0.0798 0.0325 0.0603
v  -0.0881 0.0252 0.0513
v  -0.0828 0.0233 0.0484
v  -0.0730 0.0299 0.0561
v  -0.0620 0.0371 0.0628
v  -0.0688 0.0417 0.0682
v  -0.0498 0.0447 0.0736
v  -0.0569 0.0515 0.0790
v  -0.0386 0.0544 0.0832
v  -0.0467 0.0612 0.0869
v  -0.0230 0.0674 0.0860
v  -0.0348 0.0733 0.0908
v  -0.0168 0.0782 0.0869
v  -0.0262 0.0834 0.0912
v  -0.0151 0.0723 -0.0841
v  -0.0236 0.0615 -0.0831
v  -0.0299 0.0520 -0.0792
v  -0.0434 0.0416 -0.0718
v  -0.0546 0.0341 -0.0589
v  -0.0782 0.0230 -0.0396
v  -0.0937 0.0163 -0.0274
v  -0.1021 0.0131 -0.0201
v  -0.1077 0.0117 -0.0130
v  -0.1099 0.0118 0.0100
v  -0.1046 0.0132 0.0186
v  -0.0944 0.0164 0.0269
v  -0.0800 0.0224 0.0381
v  -0.0899 0.0208 0.0412
v  -0.0651 0.0287 0.0478
v  -0.0550 0.0323 0.0571
v  -0.0416 0.0401 0.0710
v  -0.0295 0.0498 0.0793
v  -0.0860 0.0371 0.0637
v  -0.1200 0.0093 -0.0056
v  -0.1208 0.0094 0.0054
v  -0.1110 0.0109 -0.0040
v  -0.1123 0.0109 0.0032
v  -0.0853 0.0110 -0.0248
v  -0.0762 0.0002 -0.0217
v  -0.0818 -0.0018 -0.0148
v  -0.0938 0.0085 -0.0172
v  -0.0850 -0.0027 -0.0073
v  -0.0991 0.0088 -0.0101
v  -0.0859 -0.0025 0.0021
v  -0.0996 0.0091 -0.0037
v  -0.0990 0.0088 0.0095
v  -0.0972 0.0094 0.0148
v  -0.0845 -0.0012 0.0115
v  -0.0777 0.0014 0.0209
v  -0.0885 0.0119 0.0237
v  -0.0481 0.0163 -0.0516
v  -0.0609 0.0116 -0.0383
v  -0.0611 0.0220 -0.0434
v  -0.0495 0.0265 -0.0544
v  -0.0367 0.0221 -0.0651
v  -0.0371 0.0337 -0.0676
v  -0.0603 0.0224 0.0438
v  -0.0585 0.0094 0.0389
v  -0.0472 0.0110 0.0501
v  -0.0507 0.0247 0.0525
v  -0.0366 0.0169 0.0649
v  -0.0372 0.0297 0.0663
v  -0.0259 0.0315 -0.0742
v  -0.0271 0.0436 -0.0749
v  -0.0140 0.0451 -0.0783
v  -0.0171 0.0566 -0.0794
v  -0.0045 0.0564 -0.0806
v  -0.0109 0.0658 -0.0817
v  -0.0217 0.0294 0.0764
v  -0.0239 0.0413 0.0768
v  -0.0066 0.0475 0.0800
v  -0.0132 0.0598 0.0816
v  0.0015 0.0607 0.0821
v  -0.0077 0.0710 0.0840
v  -0.0636 -0.0146 -0.0228
v  -0.0510 -0.0085 -0.0391
v  -0.0469 -0.0295 -0.0402
v  -0.0440 -0.0052 -0.0509
v  -0.0398 -0.0251 -0.0530
v  -0.0329 -0.0010 -0.0657
v  -0.0258 -0.0231 -0.0660
v  -0.0451 -0.0079 0.0485
v  -0.0515 -0.0091 0.0384
v  -0.0476 -0.0303 0.0382
v  -0.0417 -0.0279 0.0492
v  -0.0291 -0.0243 0.0641
v  -0.0352 -0.0020 0.0634
v  -0.0203 0.0108 -0.0745
v  -0.0134 -0.0121 -0.0735
v  -0.0073 0.0239 -0.0781
v  0.0029 -0.0005 -0.0769
v  0.0041 0.0365 -0.0786
v  0.0185 0.0134 -0.0752
v  -0.0125 -0.0127 0.0737
v  -0.0201 0.0102 0.0745
v  0.0055 0.0014 0.0764
v  -0.0019 0.0291 0.0782
v  0.0261 0.0236 0.0728
v  0.0097 0.0430 0.0781
v  -0.0712 -0.0188 -0.0116
v  -0.0734 -0.0206 -0.0018
v  -0.0714 -0.0203 0.0094
v  -0.0639 -0.0177 0.0203
v  0.0120 -0.0210 -0.0763
v  0.0272 -0.0110 -0.0765
v  -0.0734 0.0171 -0.0339
v  -0.0731 0.0175 0.0339
v  -0.0971 0.0240 -0.0461
v  -0.0913 0.0276 -0.0536
v  -0.1001 0.0092 0.0032
v  -0.0871 0.2108 -0.0794
v  -0.0652 0.1997 -0.0887
v  -0.1057 0.2199 -0.0699
v  -0.1220 0.2237 -0.0576
v  -0.1322 0.2259 -0.0469
v  -0.1400 0.2278 -0.0318
v  -0.1469 0.2277 -0.0131
v  -0.1482 0.2264 0.0046
v  -0.1449 0.2280 0.0215
v  -0.1378 0.2263 0.0365
v  -0.1293 0.2252 0.0501
v  -0.1211 0.2230 0.0583
v  -0.1073 0.2187 0.0691
v  -0.0920 0.2129 0.0769
v  -0.0650 0.2021 0.0884
v  -0.0603 0.2200 -0.0895
v  -0.0787 0.2244 -0.0814
v  -0.0989 0.2327 -0.0710
v  -0.1157 0.2379 -0.0579
v  -0.1247 0.2400 -0.0470
v  -0.1320 0.2422 -0.0312
v  -0.1376 0.2423 -0.0130
v  -0.1391 0.2417 0.0047
v  -0.1359 0.2414 0.0215
v  -0.1305 0.2400 0.0365
v  -0.1224 0.2386 0.0501
v  -0.1145 0.2366 0.0592
v  -0.1016 0.2326 0.0692
v  -0.0868 0.2260 0.0775
v  -0.0648 0.2162 0.0875
v  -0.0726 0.2371 -0.0823
v  -0.0586 0.2347 -0.0882
v  -0.0918 0.2452 -0.0719
v  -0.1084 0.2512 -0.0592
v  -0.1183 0.2541 -0.0463
v  -0.1245 0.2569 -0.0305
v  -0.1297 0.2572 -0.0118
v  -0.1311 0.2563 0.0046
v  -0.1288 0.2554 0.0201
v  -0.1235 0.2545 0.0356
v  -0.1164 0.2537 0.0485
v  -0.1085 0.2512 0.0588
v  -0.0952 0.2446 0.0698
v  -0.0802 0.2386 0.0782
v  -0.0629 0.2356 0.0861
v  -0.1320 0.1542 0.0359
v  0.0478 0.0856 0.0654
v  0.0378 0.0875 0.0747
v  0.0325 0.0655 0.0721
v  0.0434 0.0624 0.0647
v  0.0561 0.0825 0.0536
v  0.0535 0.0601 0.0547
v  0.0735 0.0579 0.0186
v  0.0742 0.0758 0.0196
v  0.0649 0.0788 0.0374
v  0.0652 0.0583 0.0364
v  0.0786 0.0757 0.0034
v  0.0766 0.0579 0.0035
v  -0.0313 0.3271 0.0374
v  -0.0346 0.3329 0.0107
v  -0.0768 0.3245 0.0098
v  -0.0734 0.3213 0.0344
v  -0.0338 0.3333 -0.0149
v  -0.0764 0.3264 -0.0143
v  -0.0262 0.3086 0.0687
v  -0.0668 0.3095 0.0556
v  -0.0598 0.2974 0.0717
v  -0.0283 0.3169 0.0557
v  -0.0244 0.2904 0.0847
v  -0.0575 0.2889 0.0767
v  -0.0541 0.2815 0.0782
v  -0.0489 0.2694 0.0804
v  -0.0444 0.2539 0.0878
v  -0.0222 0.2587 0.0953
v  -0.0227 0.2738 0.0870
v  -0.0435 0.2213 0.0977
v  -0.0206 0.2232 0.1079
v  -0.0206 0.2425 0.1044
v  -0.0440 0.2399 0.0930
v  -0.0693 0.3184 -0.0499
v  -0.0293 0.3251 -0.0499
v  -0.0264 0.3119 -0.0683
v  -0.0630 0.3065 -0.0688
v  -0.0729 0.3239 -0.0329
v  -0.0311 0.3297 -0.0329
v  -0.0258 0.3037 -0.0816
v  -0.0266 0.2902 -0.0918
v  -0.0487 0.2824 -0.0891
v  -0.0521 0.2971 -0.0812
v  -0.0967 0.3084 0.0325
v  -0.0892 0.2983 0.0519
v  -0.0619 0.2519 0.0824
v  -0.0652 0.2626 0.0778
v  -0.0708 0.2709 0.0736
v  -0.0779 0.2819 0.0680
v  -0.1012 0.3139 0.0099
v  -0.0610 0.2754 -0.0846
v  -0.0730 0.2688 -0.0774
v  -0.0823 0.2803 -0.0764
v  -0.0670 0.2899 -0.0805
v  -0.0901 0.2985 -0.0635
v  -0.0976 0.3075 -0.0464
v  -0.0703 0.2979 -0.0757
v  -0.0884 0.2918 -0.0706
v  -0.1016 0.3120 -0.0312
v  -0.1039 0.3133 -0.0130
v  -0.0436 0.2054 -0.1001
v  -0.0443 0.2211 -0.0975
v  -0.0440 0.2372 -0.0942
v  -0.0214 0.2389 -0.1037
v  -0.0203 0.2228 -0.1079
v  -0.0584 0.2474 -0.0852
v  -0.0435 0.2498 -0.0898
v  -0.0219 0.2542 -0.0978
v  -0.0496 0.2709 -0.0874
v  -0.0449 0.2595 -0.0866
v  -0.0231 0.2665 -0.0944
v  -0.0258 0.2787 -0.0960
v  -0.0627 0.2556 -0.0814
v  -0.0685 0.2634 -0.0774
v  -0.0200 0.2066 -0.1079
v  -0.0255 0.2979 0.0800
v  0.0021 0.3004 0.0824
v  0.0016 0.3100 0.0685
v  0.0211 0.2914 -0.0944
v  0.0208 0.2765 -0.1031
v  0.0011 0.2798 -0.1019
v  0.0007 0.2935 -0.0946
v  0.0244 0.3241 -0.0356
v  0.0245 0.3192 -0.0509
v  0.0009 0.3235 -0.0509
v  0.0001 0.3282 -0.0342
v  0.0056 0.2572 0.1038
v  0.0030 0.2417 0.1116
v  0.0010 0.2197 0.1145
v  0.0087 0.2730 0.0938
v  -0.0003 0.2883 0.0903
v  0.0193 0.2858 0.0920
v  0.0231 0.2982 0.0822
v  0.0007 0.3177 0.0556
v  -0.0010 0.3277 0.0364
v  -0.0020 0.3328 0.0111
v  0.0241 0.3253 0.0363
v  0.0236 0.3297 0.0108
v  0.0239 0.3177 0.0561
v  0.0065 0.2639 -0.1047
v  0.0053 0.2525 -0.1089
v  0.0026 0.2377 -0.1136
v  -0.0005 0.2196 -0.1146
v  0.0012 0.3049 -0.0831
v  0.0014 0.3129 -0.0688
v  0.0243 0.3106 -0.0697
v  -0.0012 0.3335 -0.0157
v  0.0241 0.3093 0.0689
v  0.0243 0.3292 -0.0157
v  0.0230 0.3021 -0.0821
v  0.0495 0.3170 0.0342
v  0.0483 0.3082 0.0558
v  0.0189 0.2290 -0.1180
v  0.0249 0.2090 -0.1198
v  0.0479 0.3021 0.0692
v  0.0456 0.2917 0.0818
v  0.0499 0.3201 0.0112
v  0.0726 0.2978 0.0440
v  0.0737 0.3033 0.0113
v  0.0268 0.2458 -0.1145
v  0.0324 0.2567 -0.1070
v  0.0378 0.2687 -0.1036
v  0.0413 0.2824 -0.0946
v  0.0452 0.2934 -0.0823
v  0.0482 0.3017 -0.0703
v  0.0483 0.3115 -0.0497
v  0.0694 0.2871 -0.0666
v  0.0637 0.2761 -0.0860
v  0.0471 0.3166 -0.0349
v  0.0492 0.3203 -0.0136
v  0.0695 0.2868 0.0662
v  0.0372 0.2226 -0.1193
v  0.0550 0.2600 -0.1018
v  0.0497 0.2486 -0.1058
v  0.0704 0.3048 -0.0213
v  0.0695 0.2974 -0.0467
v  0.0434 0.2366 -0.1155
v  0.0654 0.2798 0.0764
v  0.0659 0.2389 -0.1028
v  0.0765 0.2183 0.1035
v  0.0628 0.2341 0.1065
v  0.0557 0.2083 0.1148
v  0.0953 0.2383 0.0767
v  0.0792 0.2591 0.0807
v  0.1056 0.2509 0.0451
v  0.0916 0.2774 0.0461
v  0.0913 0.2852 0.0100
v  0.0572 0.2248 -0.1129
v  0.0482 0.2128 -0.1174
v  0.0431 0.1939 -0.1189
v  0.0796 0.2584 -0.0845
v  0.0873 0.2722 -0.0570
v  0.0902 0.2838 -0.0251
v  0.1083 0.2575 0.0093
v  0.1076 0.2568 -0.0284
v  0.1038 0.2477 -0.0562
v  0.0933 0.2367 -0.0795
v  0.0797 0.2218 -0.0986
v  0.0647 0.2059 -0.1123
v  0.1182 0.2335 -0.0277
v  0.1127 0.2256 -0.0553
v  0.1152 0.2287 0.0439
v  0.1241 0.2039 0.0417
v  0.1291 0.2091 0.0093
v  0.1214 0.2348 0.0099
v  0.1037 0.2175 0.0756
v  0.1113 0.1941 0.0728
v  0.0828 0.2011 0.1009
v  0.0894 0.1821 0.0976
v  0.0704 0.1807 0.1104
v  0.0441 0.1931 0.1178
v  0.0564 0.1720 0.1122
v  0.1004 0.2162 -0.0771
v  0.0866 0.2042 -0.0968
v  0.0736 0.1832 -0.1095
v  0.0565 0.1724 -0.1146
v  0.0924 0.1845 -0.0930
v  0.1071 0.1933 -0.0739
v  0.1278 0.2070 -0.0261
v  0.1200 0.2009 -0.0523
v  0.1318 0.1848 0.0080
v  0.1308 0.1827 -0.0257
v  0.1091 0.1724 -0.0713
v  0.0947 0.1658 -0.0903
v  0.0779 0.1589 -0.1047
v  0.1267 0.1806 0.0401
v  0.1258 0.1585 0.0372
v  0.1313 0.1615 0.0069
v  0.1125 0.1729 0.0691
v  0.1106 0.1533 0.0643
v  0.0910 0.1640 0.0944
v  0.0749 0.1580 0.1054
v  0.0755 0.1439 0.1007
v  0.0914 0.1471 0.0896
v  0.0605 0.1464 0.1071
v  0.1273 0.1607 -0.0230
v  0.1207 0.1571 -0.0468
v  0.1217 0.1786 -0.0500
v  0.0608 0.1474 -0.1077
v  0.0781 0.1439 -0.0996
v  0.0949 0.1481 -0.0862
v  0.1088 0.1528 -0.0674
v  0.0839 0.1240 0.0798
v  0.1017 0.1270 0.0570
v  0.0708 0.1224 0.0919
v  0.0568 0.1224 0.0977
v  0.1143 0.1304 0.0322
v  0.1206 0.1319 0.0061
v  0.0869 0.1248 -0.0776
v  0.0711 0.1239 -0.0899
v  0.1005 0.1260 -0.0612
v  0.0568 0.1230 -0.0979
v  0.1115 0.1287 -0.0421
v  0.1185 0.1312 -0.0206
v  0.0836 0.1017 -0.0511
v  0.0711 0.1038 -0.0646
v  0.0454 0.1039 0.0842
v  0.0596 0.1018 0.0791
v  0.0706 0.1014 0.0672
v  0.0850 0.1025 0.0470
v  0.0972 0.1032 0.0265
v  0.1021 0.1044 0.0053
v  0.0471 0.1058 -0.0852
v  0.0592 0.1043 -0.0757
v  0.0946 0.1015 -0.0356
v  0.1012 0.1030 -0.0174
v  0.0453 0.0616 -0.0634
v  0.0325 0.0654 -0.0726
v  0.0364 0.0858 -0.0754
v  0.0477 0.0829 -0.0644
v  0.0566 0.0804 -0.0522
v  0.0560 0.0592 -0.0517
v  0.0719 0.0773 -0.0263
v  0.0707 0.0578 -0.0246
v  0.0642 0.0583 -0.0386
v  0.0644 0.0798 -0.0399
v  0.0755 0.0579 -0.0113
v  0.0781 0.0763 -0.0125
v  0.0380 0.2794 0.0918
v  0.0554 0.2670 0.0907
v  0.0351 0.2707 0.0953
v  0.0396 0.2518 0.1065
v  0.0332 0.2317 0.1142
v  0.0251 0.2105 0.1183
v  -0.0435 0.2054 0.0999
v  -0.0210 0.2069 0.1088
v  -0.0007 0.2037 0.1146
v  0.0220 0.1935 0.1173
v  0.0366 0.1818 0.1136
v  0.0441 0.1621 0.1111
v  0.0477 0.1437 0.1079
v  0.0439 0.1263 0.1011
v  0.0360 0.1078 0.0915
v  0.0205 0.0761 0.0808
v  0.0279 0.0905 0.0833
v  0.0213 0.0700 -0.0795
v  0.0278 0.0884 -0.0825
v  0.0347 0.1099 -0.0934
v  0.0443 0.1278 -0.1007
v  0.0471 0.1432 -0.1061
v  0.0447 0.1614 -0.1106
v  0.0357 0.1814 -0.1141
v  0.0197 0.1946 -0.1171
v  -0.0019 0.2037 -0.1141
v  -0.1145 0.3000 -0.0300
v  -0.1156 0.3007 -0.0118
v  -0.1227 0.2872 -0.0299
v  -0.1229 0.2888 -0.0105
v  -0.1244 0.2740 -0.0291
v  -0.1234 0.2649 -0.0292
v  -0.1274 0.2669 -0.0107
v  -0.1277 0.2765 -0.0115
v  -0.1132 0.3004 0.0102
v  -0.1214 0.2904 0.0117
v  -0.1272 0.2779 0.0041
v  -0.1236 0.2798 0.0192
v  -0.1058 0.2987 0.0323
v  -0.1134 0.2870 0.0339
v  -0.1156 0.2781 0.0384
v  -0.1003 0.2876 0.0503
v  -0.1091 0.2681 0.0478
v  -0.1009 0.2663 0.0572
v  -0.1018 0.2743 0.0552
v  -0.1079 0.2769 0.0490
v  -0.0927 0.2776 0.0609
v  -0.0894 0.2676 0.0653
v  -0.1101 0.2966 -0.0461
v  -0.1022 0.2902 -0.0590
v  -0.1002 0.2843 -0.0640
v  -0.0911 0.2649 -0.0675
v  -0.0961 0.2760 -0.0683
v  -0.0899 0.2784 -0.0725
v  -0.0821 0.2665 -0.0725
v  -0.1173 0.2847 -0.0412
v  -0.1130 0.2796 -0.0504
v  -0.1063 0.2736 -0.0578
v  -0.1059 0.2639 -0.0569
v  -0.1135 0.2644 -0.0471
v  -0.1134 0.2723 -0.0488
v  -0.1196 0.2727 -0.0399
v  -0.1177 0.2645 -0.0400
v  -0.1272 0.2674 0.0039
v  -0.1229 0.2692 0.0214
v  -0.1159 0.2689 0.0396
v  -0.0847 0.2587 0.0710
v  -0.0806 0.2488 0.0759
v  -0.0950 0.2577 0.0660
v  -0.0729 0.2501 -0.0789
v  -0.0899 0.2565 -0.0698
v  -0.1061 0.2598 -0.0574
v  -0.0779 0.2604 -0.0742
v  -0.0115 0.1658 -0.1038
v  -0.0052 0.1653 -0.1056
v  -0.0103 0.1545 -0.1052
v  -0.0180 0.1519 -0.1040
v  -0.0163 0.1012 -0.1023
v  -0.0191 0.1086 -0.1002
v  -0.0103 0.1129 -0.1054
v  0.0109 0.1690 -0.1173
v  0.0055 0.1705 -0.1159
v  0.0108 0.1743 -0.1187
v  0.0013 0.1653 -0.1135
v  0.0043 0.1712 -0.1140
v  0.0369 0.1337 -0.1241
v  0.0302 0.1223 -0.1214
v  0.0277 0.1257 -0.1168
v  0.0335 0.1360 -0.1195
v  0.0396 0.1461 -0.1261
v  0.0339 0.1506 -0.1196
v  -0.0049 0.0976 -0.1093
v  -0.0169 0.0955 -0.1008
v  -0.0053 0.1034 -0.1092
v  0.0213 0.1679 -0.1179
v  0.0130 0.1659 -0.1146
v  0.0215 0.1717 -0.1227
v  0.0447 0.1474 -0.1247
v  0.0425 0.1381 -0.1227
v  0.0241 0.1771 -0.1238
v  0.0171 0.1768 -0.1214
v  0.0242 0.1781 -0.1218
v  0.0166 0.1783 -0.1189
v  0.0445 0.1475 -0.1206
v  0.0407 0.1339 -0.1176
v  0.0387 0.1292 -0.1210
v  0.0333 0.1211 -0.1192
v  0.0232 0.1106 -0.1161
v  0.0203 0.1128 -0.1190
v  -0.0010 0.0979 -0.0990
v  -0.0077 0.0944 -0.0982
v  -0.0039 0.0936 -0.1018
v  0.0013 0.0961 -0.1030
v  0.0346 0.1338 -0.1113
v  0.0284 0.1231 -0.1092
v  0.0335 0.1213 -0.1151
v  0.0380 0.1450 -0.1133
v  0.0249 0.1783 -0.1196
v  0.0167 0.1788 -0.1162
v  0.0174 0.1730 -0.1107
v  -0.0012 0.0977 -0.0955
v  0.0080 0.1045 -0.1019
v  0.0089 0.1050 -0.0973
v  -0.0182 0.0947 -0.0941
v  -0.0144 0.0929 -0.0987
v  -0.0092 0.0945 -0.0945
v  -0.0063 0.0925 -0.1045
v  0.0231 0.1116 -0.1111
v  0.0196 0.1141 -0.1065
v  0.0002 0.1699 -0.1064
v  0.0023 0.1724 -0.1108
v  -0.0027 0.1668 -0.1095
v  0.0063 0.1728 -0.1075
v  0.0053 0.1723 -0.1056
v  0.0171 0.1721 -0.1084
v  -0.0216 0.0987 -0.0957
v  -0.0004 0.0945 -0.1074
v  -0.0153 0.1291 -0.1040
v  -0.0177 0.1185 -0.1015
v  -0.0223 0.1246 -0.1007
v  -0.0133 0.1421 -0.1050
v  -0.0206 0.1384 -0.1036
v  -0.0063 0.1560 -0.1085
v  -0.0070 0.1438 -0.1075
v  0.0438 0.1568 -0.1261
v  0.0385 0.1577 -0.1276
v  0.0413 0.1644 -0.1268
v  0.0367 0.1706 -0.1266
v  0.0318 0.1679 -0.1263
v  0.0308 0.1751 -0.1256
v  0.0426 0.1604 -0.1226
v  0.0316 0.1756 -0.1216
v  0.0374 0.1705 -0.1227
v  0.0308 0.1677 -0.1147
v  0.0291 0.1231 -0.1018
v  0.0354 0.1337 -0.1051
v  0.0000 0.1698 -0.1046
v  0.0023 0.1529 -0.1110
v  -0.0017 0.1494 -0.1126
v  -0.0018 0.1571 -0.1120
v  0.0037 0.1610 -0.1120
v  -0.0231 0.1111 -0.0985
v  -0.0129 0.1166 -0.1040
v  0.0077 0.1548 -0.1135
v  0.0367 0.1558 -0.1143
v  0.0352 0.1539 -0.1097
v  0.0367 0.1427 -0.1076
v  0.0310 0.1632 -0.1195
v  0.0276 0.1645 -0.1100
v  0.0094 0.1759 -0.1156
v  0.0088 0.1763 -0.1129
v  -0.0016 0.1704 -0.1039
v  0.0050 0.1730 -0.1049
v  0.0180 0.1181 -0.1151
v  0.0202 0.1141 -0.0993
v  0.0094 0.1018 -0.1058
v  0.0092 0.1001 -0.1111
v  0.0073 0.1032 -0.1138
v  0.0247 0.1589 -0.1207
v  0.0194 0.1470 -0.1187
v  0.0277 0.1491 -0.1217
v  0.0279 0.1375 -0.1208
v  0.0234 0.1422 -0.1197
v  0.0233 0.1280 -0.1181
v  0.0181 0.1234 -0.1165
v  0.0063 0.1082 -0.1135
v  0.0065 0.1161 -0.1136
v  -0.0035 0.1152 -0.1082
v  -0.0079 0.1160 -0.1047
v  -0.0085 0.1172 -0.1045
v  -0.0093 0.1206 -0.1072
v  -0.0046 0.1213 -0.1066
v  -0.0077 0.1261 -0.1089
v  -0.0031 0.1267 -0.1081
v  -0.0088 0.1336 -0.1076
v  -0.0043 0.1343 -0.1073
v  -0.0128 0.1257 -0.1060
v  -0.0047 0.1388 -0.1077
v  0.0020 0.1397 -0.1126
v  0.0067 0.1436 -0.1121
v  0.0116 0.1353 -0.1120
v  0.0196 0.1295 -0.1103
v  0.0223 0.1363 -0.1097
v  0.0016 0.1212 -0.1033
v  0.0093 0.1232 -0.1077
v  0.0188 0.1431 -0.1096
v  0.0099 0.1482 -0.1098
v  0.0146 0.1278 -0.1097
v  0.0075 0.1307 -0.1096
v  0.0061 0.1277 -0.1064
v  -0.0032 0.1333 -0.1064
v  -0.0019 0.1270 -0.1067
v  -0.0033 0.1216 -0.1049
v  -0.0022 0.1220 -0.1019
v  0.0001 0.1282 -0.1020
v  -0.0009 0.1336 -0.1050
v  0.0025 0.1311 -0.1059
v  -0.0062 0.1171 -0.1022
v  -0.0024 0.1365 -0.1082
v  -0.0010 0.1351 -0.1076
v  0.0027 0.1358 -0.1112
v  0.0031 0.1330 -0.1089
v  -0.0227 0.1039 -0.0968
v  -0.0103 0.1545 0.1052
v  -0.0052 0.1653 0.1056
v  -0.0115 0.1660 0.1036
v  -0.0180 0.1519 0.1040
v  -0.0163 0.1012 0.1023
v  -0.0103 0.1129 0.1054
v  -0.0191 0.1086 0.1002
v  0.0080 0.1698 0.1165
v  0.0109 0.1690 0.1173
v  0.0108 0.1743 0.1187
v  0.0055 0.1705 0.1159
v  0.0013 0.1653 0.1135
v  0.0040 0.1715 0.1137
v  -0.0027 0.1668 0.1095
v  0.0369 0.1337 0.1241
v  0.0335 0.1360 0.1195
v  0.0277 0.1257 0.1168
v  0.0302 0.1223 0.1214
v  0.0396 0.1461 0.1261
v  0.0339 0.1506 0.1196
v  -0.0049 0.0976 0.1093
v  -0.0053 0.1034 0.1092
v  -0.0169 0.0955 0.1008
v  0.0213 0.1679 0.1179
v  0.0215 0.1717 0.1227
v  0.0130 0.1659 0.1146
v  0.0425 0.1381 0.1227
v  0.0447 0.1474 0.1247
v  0.0241 0.1771 0.1238
v  0.0171 0.1768 0.1214
v  0.0246 0.1780 0.1218
v  0.0171 0.1781 0.1193
v  0.0445 0.1475 0.1206
v  0.0407 0.1339 0.1176
v  0.0387 0.1292 0.1210
v  0.0203 0.1128 0.1190
v  0.0232 0.1106 0.1161
v  0.0333 0.1211 0.1192
v  -0.0010 0.0979 0.0990
v  0.0013 0.0961 0.1030
v  -0.0039 0.0936 0.1018
v  -0.0077 0.0944 0.0982
v  0.0346 0.1338 0.1113
v  0.0335 0.1213 0.1151
v  0.0284 0.1231 0.1092
v  0.0380 0.1450 0.1133
v  0.0249 0.1783 0.1196
v  0.0174 0.1730 0.1107
v  0.0167 0.1788 0.1162
v  -0.0015 0.0977 0.0954
v  0.0088 0.1048 0.0974
v  0.0080 0.1045 0.1019
v  -0.0144 0.0929 0.0987
v  -0.0182 0.0947 0.0941
v  -0.0090 0.0948 0.0944
v  -0.0063 0.0925 0.1045
v  0.0231 0.1116 0.1111
v  0.0196 0.1141 0.1065
v  -0.0001 0.1699 0.1063
v  0.0023 0.1724 0.1108
v  0.0063 0.1728 0.1075
v  0.0172 0.1722 0.1087
v  0.0055 0.1723 0.1058
v  -0.0216 0.0987 0.0957
v  -0.0004 0.0946 0.1074
v  -0.0153 0.1291 0.1040
v  -0.0223 0.1246 0.1007
v  -0.0177 0.1185 0.1015
v  -0.0133 0.1421 0.1050
v  -0.0206 0.1384 0.1036
v  -0.0063 0.1560 0.1085
v  -0.0070 0.1438 0.1075
v  0.0438 0.1568 0.1261
v  0.0413 0.1644 0.1268
v  0.0385 0.1577 0.1276
v  0.0367 0.1706 0.1266
v  0.0308 0.1751 0.1256
v  0.0318 0.1679 0.1263
v  0.0426 0.1604 0.1226
v  0.0374 0.1705 0.1227
v  0.0316 0.1756 0.1216
v  0.0308 0.1677 0.1147
v  0.0292 0.1231 0.1019
v  0.0361 0.1337 0.1047
v  -0.0010 0.1692 0.1043
v  0.0023 0.1529 0.1110
v  0.0037 0.1610 0.1120
v  -0.0018 0.1571 0.1120
v  -0.0017 0.1494 0.1126
v  -0.0231 0.1111 0.0985
v  -0.0129 0.1166 0.1040
v  0.0077 0.1548 0.1135
v  0.0367 0.1558 0.1143
v  0.0352 0.1540 0.1100
v  0.0367 0.1428 0.1079
v  0.0310 0.1632 0.1195
v  0.0277 0.1647 0.1102
v  0.0100 0.1758 0.1162
v  0.0088 0.1763 0.1129
v  0.0180 0.1181 0.1151
v  0.0203 0.1141 0.0993
v  0.0094 0.1018 0.1058
v  0.0073 0.1032 0.1138
v  0.0092 0.1001 0.1111
v  0.0194 0.1470 0.1187
v  0.0247 0.1589 0.1207
v  0.0255 0.1456 0.1207
v  0.0279 0.1375 0.1208
v  0.0233 0.1280 0.1181
v  0.0181 0.1234 0.1165
v  0.0065 0.1161 0.1136
v  0.0063 0.1082 0.1135
v  -0.0040 0.1134 0.1092
v  -0.0030 0.1169 0.1072
v  -0.0079 0.1160 0.1047
v  -0.0085 0.1172 0.1045
v  -0.0046 0.1213 0.1066
v  -0.0098 0.1216 0.1073
v  -0.0031 0.1267 0.1081
v  -0.0086 0.1265 0.1085
v  -0.0043 0.1343 0.1073
v  -0.0088 0.1336 0.1076
v  -0.0128 0.1257 0.1060
v  -0.0047 0.1388 0.1077
v  0.0020 0.1397 0.1126
v  0.0067 0.1436 0.1121
v  0.0116 0.1353 0.1120
v  0.0223 0.1363 0.1097
v  0.0196 0.1295 0.1103
v  0.0093 0.1232 0.1077
v  0.0016 0.1212 0.1033
v  0.0099 0.1482 0.1098
v  0.0188 0.1431 0.1096
v  0.0146 0.1278 0.1097
v  0.0075 0.1307 0.1096
v  0.0061 0.1277 0.1064
v  -0.0019 0.1270 0.1067
v  -0.0032 0.1333 0.1064
v  -0.0033 0.1216 0.1049
v  0.0001 0.1282 0.1020
v  -0.0022 0.1220 0.1019
v  -0.0009 0.1336 0.1050
v  0.0025 0.1311 0.1059
v  -0.0062 0.1171 0.1022
v  -0.0010 0.1351 0.1076
v  -0.0024 0.1365 0.1082
v  0.0031 0.1330 0.1089
v  0.0027 0.1358 0.1112
v  -0.0227 0.1039 0.0968
v  -0.0527 0.1752 -0.0953
v  -0.0369 0.1578 -0.1031
v  -0.0399 0.1381 -0.1022
v  -0.0389 0.1233 -0.0990
v  -0.0350 0.1069 -0.0967
v  -0.0279 0.0920 -0.0935
v  -0.0179 0.0874 -0.0895
v  -0.0112 0.0844 -0.0868
v  -0.0051 0.0750 -0.0840
v  0.0072 0.0645 -0.0826
v  0.0148 0.0535 -0.0789
v  0.0300 0.0301 -0.0716
v  0.0418 0.0022 -0.0719
v  -0.0519 0.1761 0.0951
v  -0.0371 0.1601 0.1034
v  -0.0398 0.1393 0.1018
v  -0.0392 0.1240 0.0982
v  -0.0385 0.1080 0.0964
v  -0.0297 0.0970 0.0943
v  -0.0210 0.0893 0.0908
v  -0.0123 0.0872 0.0885
v  -0.0019 0.0867 0.0881
v  0.0064 0.0761 0.0848
v  0.0150 0.0591 0.0794
v  0.0365 0.1333 -0.1038
v  0.0375 0.1423 -0.1064
v  0.0153 0.0929 -0.0901
v  0.0000 0.0852 -0.0874
v  -0.0232 0.1711 -0.1044
v  -0.0090 0.1794 -0.1063
v  0.0062 0.1802 -0.1079
v  0.0192 0.1792 -0.1081
v  0.0173 0.1727 -0.1076
v  0.0342 0.1717 -0.1104
v  0.0278 0.1648 -0.1094
v  0.0357 0.1541 -0.1089
v  0.0191 0.1856 -0.1137
v  0.0014 0.1889 -0.1130
v  -0.0132 0.1905 -0.1099
v  -0.0340 0.1827 -0.1039
v  -0.0241 0.1718 0.1041
v  -0.0083 0.1819 0.1069
v  -0.0022 0.1705 0.1036
v  0.0051 0.1732 0.1049
v  0.0076 0.1822 0.1090
v  0.0175 0.1729 0.1075
v  0.0195 0.1787 0.1078
v  0.0278 0.1652 0.1094
v  0.0319 0.1727 0.1099
v  0.0359 0.1544 0.1090
v  0.0377 0.1425 0.1066
v  0.0148 0.0932 0.0899
v  -0.0353 0.1834 0.1034
v  -0.0188 0.1884 0.1080
v  -0.0012 0.1903 0.1120
v  0.0298 0.1806 0.1113
v  0.0161 0.1878 0.1142
v  -0.0841 0.0348 -0.0626
v  -0.0737 0.0294 -0.0559
v  -0.0801 0.0320 -0.0604
v  -0.0665 0.0289 -0.0493
v  -0.0691 0.0077 -0.0307
v  -0.0676 0.0080 0.0314
v  0.0095 0.0753 -0.0845
v  0.0761 0.0347 0.0184
v  0.0787 0.0349 0.0034
v  0.0776 0.0350 -0.0118
v  0.0736 0.0364 -0.0257
v  0.0665 0.0376 -0.0402
v  0.0566 0.0388 -0.0535
v  0.0715 0.0126 -0.0426
v  0.0603 0.0136 -0.0563
v  0.0681 0.0343 0.0367
v  0.0573 0.0322 0.0534
v  0.0411 0.0348 0.0658
v  0.0459 0.0406 -0.0631
v  0.0518 0.0133 -0.0633
v  0.0270 0.0426 0.0728
v  0.0319 0.0463 -0.0713
v  -0.1261 0.1744 -0.0260
v  -0.1248 0.1750 -0.0284
v  -0.1249 0.1722 -0.0290
v  -0.1261 0.1712 -0.0261
v  -0.1237 0.1752 -0.0292
v  -0.1238 0.1724 -0.0299
v  -0.1263 0.1715 -0.0220
v  -0.1263 0.1731 -0.0219
v  -0.1261 0.1744 0.0262
v  -0.1261 0.1712 0.0263
v  -0.1249 0.1722 0.0292
v  -0.1248 0.1750 0.0286
v  -0.1235 0.1724 0.0304
v  -0.1234 0.1752 0.0297
v  -0.1263 0.1731 0.0222
v  -0.1263 0.1715 0.0222
v  -0.1301 0.0558 0.0011
v  -0.1405 0.0671 0.0011
v  -0.1400 0.0665 -0.0042
v  -0.1302 0.0556 -0.0063
v  -0.1382 0.0658 -0.0092
v  -0.1329 0.0668 -0.0155
v  -0.1259 0.0560 -0.0148
v  -0.1269 0.0674 -0.0206
v  -0.1158 0.0576 -0.0235
v  -0.1214 0.0683 -0.0256
v  -0.1098 0.0705 -0.0315
v  -0.1012 0.0604 -0.0307
v  -0.0990 0.0705 -0.0339
v  -0.0888 0.0600 -0.0315
v  -0.1367 0.0721 -0.0101
v  -0.1342 0.0722 -0.0132
v  -0.1391 0.0730 -0.0050
v  -0.1389 0.0725 -0.0092
v  -0.1402 0.0734 0.0009
v  -0.1398 0.0731 -0.0040
v  -0.1304 0.0728 -0.0151
v  -0.1278 0.0734 -0.0172
v  -0.1265 0.0741 -0.0199
v  -0.1210 0.0745 -0.0234
v  -0.1131 0.0768 -0.0286
v  -0.1077 0.0775 -0.0276
v  -0.1001 0.0789 -0.0296
v  -0.1320 0.0703 -0.0141
v  -0.1266 0.0725 -0.0185
v  -0.1099 0.0751 -0.0283
v  -0.1377 0.0692 -0.0097
v  -0.1394 0.0713 -0.0043
v  -0.1397 0.0739 0.0016
v  -0.1388 0.0733 -0.0041
v  -0.1384 0.0727 -0.0091
v  -0.1357 0.0729 -0.0093
v  -0.1332 0.0733 -0.0125
v  -0.1271 0.0731 -0.0164
v  -0.1300 0.0736 -0.0143
v  -0.1290 0.0666 -0.0122
v  -0.1239 0.0677 -0.0163
v  -0.1240 0.0736 -0.0168
v  -0.1186 0.0746 -0.0200
v  -0.1090 0.0762 -0.0246
v  -0.1351 0.0681 -0.0081
v  -0.1340 0.0680 0.0020
v  -0.1341 0.0661 -0.0040
v  -0.1174 0.0680 -0.0195
v  -0.1061 0.0726 -0.0225
v  -0.1251 0.0726 -0.0168
v  -0.0989 0.0779 -0.0264
v  -0.0999 0.0746 -0.0224
v  -0.1302 0.0556 0.0085
v  -0.1400 0.0665 0.0073
v  -0.1382 0.0658 0.0124
v  -0.1329 0.0668 0.0182
v  -0.1259 0.0560 0.0169
v  -0.1269 0.0674 0.0228
v  -0.1158 0.0576 0.0257
v  -0.1214 0.0683 0.0278
v  -0.1012 0.0604 0.0328
v  -0.1098 0.0705 0.0336
v  -0.0990 0.0705 0.0361
v  -0.0888 0.0600 0.0337
v  -0.1342 0.0722 0.0166
v  -0.1367 0.0721 0.0133
v  -0.1389 0.0725 0.0124
v  -0.1391 0.0730 0.0080
v  -0.1398 0.0731 0.0069
v  -0.1402 0.0734 0.0026
v  -0.1278 0.0734 0.0203
v  -0.1304 0.0728 0.0182
v  -0.1210 0.0745 0.0262
v  -0.1265 0.0741 0.0228
v  -0.1131 0.0768 0.0312
v  -0.1001 0.0789 0.0318
v  -0.1077 0.0775 0.0298
v  -0.1320 0.0703 0.0174
v  -0.1266 0.0725 0.0216
v  -0.1099 0.0751 0.0307
v  -0.1377 0.0692 0.0130
v  -0.1394 0.0713 0.0072
v  -0.1388 0.0734 0.0074
v  -0.1384 0.0727 0.0124
v  -0.1332 0.0733 0.0158
v  -0.1357 0.0729 0.0126
v  -0.1271 0.0731 0.0196
v  -0.1239 0.0677 0.0196
v  -0.1290 0.0666 0.0158
v  -0.1300 0.0736 0.0175
v  -0.1186 0.0746 0.0230
v  -0.1240 0.0736 0.0199
v  -0.1090 0.0762 0.0272
v  -0.1351 0.0681 0.0120
v  -0.1341 0.0661 0.0078
v  -0.1061 0.0726 0.0250
v  -0.1174 0.0680 0.0226
v  -0.1251 0.0726 0.0199
v  -0.0989 0.0779 0.0286
v  -0.0999 0.0746 0.0246
v  -0.1400 0.0725 0.0016
v  -0.1491 0.0841 0.0009
v  -0.1468 0.0835 -0.0077
v  -0.1477 0.0762 -0.0066
v  -0.1483 0.0767 -0.0003
v  -0.1446 0.0921 -0.0110
v  -0.1374 0.0930 -0.0216
v  -0.1412 0.0840 -0.0197
v  -0.1437 0.0839 -0.0147
v  -0.1278 0.0937 -0.0316
v  -0.1308 0.0835 -0.0288
v  -0.1348 0.0831 -0.0262
v  -0.1166 0.0946 -0.0367
v  -0.1245 0.0838 -0.0331
v  -0.1016 0.0916 -0.0388
v  -0.1035 0.0851 -0.0392
v  -0.1178 0.0859 -0.0377
v  -0.1327 0.0776 -0.0259
v  -0.1346 0.0772 -0.0241
v  -0.1366 0.0806 -0.0220
v  -0.1381 0.0753 -0.0193
v  -0.1427 0.0807 -0.0141
v  -0.1460 0.0841 -0.0114
v  -0.1275 0.0769 -0.0300
v  -0.1282 0.0838 -0.0315
v  -0.1234 0.0789 -0.0313
v  -0.1176 0.0770 -0.0353
v  -0.1311 0.0796 -0.0272
v  -0.1367 0.0831 -0.0232
v  -0.1409 0.0758 -0.0145
v  -0.1478 0.0923 0.0009
v  -0.1440 0.0763 -0.0119
v  -0.1455 0.0764 -0.0092
v  -0.1053 0.0781 -0.0365
v  -0.1051 0.0774 -0.0271
v  -0.1170 0.0775 -0.0263
v  -0.1228 0.0791 -0.0273
v  -0.1260 0.0779 -0.0247
v  -0.1291 0.0780 -0.0237
v  -0.1324 0.0767 -0.0204
v  -0.1345 0.0797 -0.0194
v  -0.1369 0.0751 -0.0177
v  -0.1395 0.0754 -0.0127
v  -0.1413 0.0779 -0.0130
v  -0.1424 0.0753 -0.0111
v  -0.1441 0.0755 -0.0082
v  -0.1458 0.0760 -0.0072
v  -0.1460 0.0751 -0.0064
v  -0.1474 0.0755 0.0001
v  -0.1472 0.0767 0.0009
v  -0.1049 0.0834 -0.0251
v  -0.1214 0.0848 -0.0241
v  -0.1051 0.0773 -0.0271
v  -0.1227 0.0790 -0.0273
v  -0.1259 0.0778 -0.0247
v  -0.1301 0.0835 -0.0189
v  -0.1291 0.0779 -0.0237
v  -0.1324 0.0766 -0.0204
v  -0.1345 0.0797 -0.0196
v  -0.1384 0.0830 -0.0124
v  -0.1395 0.0753 -0.0150
v  -0.1369 0.0750 -0.0180
v  -0.1412 0.0779 -0.0148
v  -0.1423 0.0752 -0.0127
v  -0.1407 0.0829 -0.0072
v  -0.1440 0.0755 -0.0092
v  -0.1459 0.0755 -0.0076
v  -0.1419 0.0825 0.0008
v  -0.1474 0.0754 0.0001
v  -0.1472 0.0767 0.0008
v  -0.1483 0.0767 0.0022
v  -0.1477 0.0762 0.0085
v  -0.1468 0.0835 0.0095
v  -0.1446 0.0921 0.0129
v  -0.1437 0.0839 0.0165
v  -0.1412 0.0840 0.0216
v  -0.1374 0.0930 0.0235
v  -0.1348 0.0831 0.0281
v  -0.1308 0.0835 0.0307
v  -0.1278 0.0937 0.0335
v  -0.1166 0.0946 0.0386
v  -0.1245 0.0838 0.0351
v  -0.1178 0.0859 0.0396
v  -0.1035 0.0851 0.0411
v  -0.1016 0.0916 0.0407
v  -0.1327 0.0776 0.0278
v  -0.1346 0.0772 0.0260
v  -0.1366 0.0806 0.0239
v  -0.1367 0.0831 0.0251
v  -0.1460 0.0841 0.0133
v  -0.1440 0.0763 0.0138
v  -0.1427 0.0807 0.0158
v  -0.1275 0.0769 0.0319
v  -0.1234 0.0789 0.0332
v  -0.1282 0.0838 0.0334
v  -0.1176 0.0770 0.0373
v  -0.1311 0.0796 0.0291
v  -0.1409 0.0758 0.0164
v  -0.1381 0.0753 0.0212
v  -0.1455 0.0764 0.0111
v  -0.1053 0.0781 0.0384
v  -0.1051 0.0774 0.0291
v  -0.1170 0.0775 0.0282
v  -0.1260 0.0779 0.0266
v  -0.1228 0.0791 0.0292
v  -0.1291 0.0780 0.0256
v  -0.1324 0.0767 0.0223
v  -0.1345 0.0797 0.0213
v  -0.1369 0.0751 0.0196
v  -0.1395 0.0754 0.0146
v  -0.1413 0.0779 0.0148
v  -0.1424 0.0753 0.0130
v  -0.1441 0.0755 0.0101
v  -0.1458 0.0760 0.0091
v  -0.1460 0.0751 0.0083
v  -0.1474 0.0755 0.0017
v  -0.1049 0.0834 0.0270
v  -0.1051 0.0773 0.0291
v  -0.1214 0.0848 0.0261
v  -0.1227 0.0790 0.0292
v  -0.1259 0.0778 0.0266
v  -0.1291 0.0779 0.0256
v  -0.1301 0.0835 0.0208
v  -0.1324 0.0766 0.0223
v  -0.1345 0.0797 0.0215
v  -0.1384 0.0830 0.0142
v  -0.1369 0.0750 0.0199
v  -0.1395 0.0753 0.0169
v  -0.1412 0.0779 0.0167
v  -0.1423 0.0752 0.0146
v  -0.1440 0.0755 0.0111
v  -0.1407 0.0829 0.0088
v  -0.1459 0.0755 0.0094
v  -0.1474 0.0754 0.0017
# 2562 vertices

vn 0.5914 0.7626 0.2623
vn 0.9080 0.2410 0.3426
vn 0.9427 0.2261 0.2455
vn 0.6615 0.7224 0.2013
vn 0.6696 0.7317 -0.1274
vn 0.6739 0.7385 -0.0241
vn 0.9758 0.2174 -0.0232
vn 0.9673 0.1828 -0.1761
vn 0.8562 0.1355 -0.4985
vn 0.5034 0.7781 -0.3756
vn 0.6491 0.1569 -0.7444
vn 0.2665 0.7950 -0.5449
vn -0.0868 0.7205 -0.6880
vn 0.1427 0.6829 -0.7165
vn 0.3830 0.1815 -0.9058
vn 0.1322 0.2098 -0.9688
vn -0.2719 0.6897 -0.6712
vn -0.2052 0.1435 -0.9681
vn -0.3698 0.0448 -0.9280
vn -0.4488 0.5953 -0.6664
vn -0.5253 -0.0837 -0.8468
vn -0.5853 0.4966 -0.6410
vn -0.6116 -0.1482 -0.7772
vn -0.6640 0.2872 -0.6904
vn -0.8267 0.1776 -0.5339
vn -0.7321 0.1550 -0.6633
vn -0.9067 0.0536 -0.4183
vn -0.8632 0.1673 -0.4764
vn -0.3601 0.6915 0.6262
vn -0.3956 0.4144 0.8196
vn -0.3356 0.1140 0.9351
vn -0.1336 0.1919 0.9723
vn 0.0112 0.6065 0.7950
vn 0.2035 0.2173 0.9547
vn -0.6694 -0.2136 0.7115
vn -0.5557 -0.1410 0.8194
vn -0.6570 0.2527 0.7103
vn -0.7020 0.0423 0.7109
vn -0.4473 -0.0197 0.8942
vn -0.5231 0.5010 0.6895
vn -0.1466 0.9881 0.0457
vn -0.0731 0.9968 0.0328
vn -0.1282 0.9914 -0.0247
vn -0.0862 0.9961 -0.0161
vn -0.3791 0.9208 0.0914
vn -0.4143 0.9036 0.1094
vn -0.3274 0.9448 -0.0108
vn -0.3374 0.9369 0.0921
vn -0.3703 0.9225 0.1086
vn -0.3929 0.9166 0.0744
vn -0.4353 0.8999 0.0251
vn -0.4814 0.8762 -0.0231
vn -0.5221 0.8455 -0.1117
vn -0.4265 0.9045 0.0006
vn 0.4395 0.7532 0.4893
vn -0.2946 0.9551 0.0317
vn -0.3515 0.9360 0.0183
vn 0.1878 0.7244 0.6633
vn -0.3317 0.9408 0.0693
vn -0.4552 0.8828 -0.1161
vn -0.4490 0.8876 0.1029
vn -0.5246 0.8441 0.1112
vn -0.5770 0.7829 0.2325
vn -0.4337 0.9010 0.0101
vn -0.2752 0.9612 -0.0185
vn -0.3308 0.9436 -0.0169
vn -0.3156 0.9488 -0.0112
vn -0.2721 0.9622 -0.0152
vn -0.5288 0.8304 0.1756
vn -0.5073 0.8261 0.2453
vn -0.3866 0.9046 0.1794
vn -0.3608 0.8897 0.2797
vn -0.3540 0.8874 0.2954
vn -0.3288 0.9104 0.2512
vn -0.3665 0.9115 0.1868
vn -0.2795 0.9158 0.2884
vn -0.2678 0.9381 0.2195
vn -0.0928 0.9650 0.2451
vn -0.4671 0.8811 -0.0744
vn -0.4313 0.8840 -0.1803
vn -0.3838 0.8423 -0.3785
vn -0.4243 0.8497 -0.3131
vn -0.3187 0.8614 -0.3954
vn -0.2067 0.9516 -0.2273
vn -0.2089 0.9601 -0.1862
vn -0.2970 0.9281 -0.2244
vn -0.3299 0.9271 -0.1778
vn -0.8514 0.4831 0.2043
vn -0.8737 0.4559 -0.1697
vn -0.9960 0.0561 -0.0693
vn -0.9914 0.0819 0.1025
vn -0.6234 0.5015 0.5999
vn -0.8741 0.1054 0.4742
vn -0.7060 0.0283 0.7077
vn -0.2305 0.6126 0.7561
vn -0.4312 0.0698 0.8995
vn -0.2335 0.0656 0.9701
vn -0.0308 0.7165 0.6969
vn 0.0148 0.1940 0.9809
vn 0.0308 0.4165 0.9086
vn 0.0272 0.7743 0.6323
vn 0.2668 0.3925 0.8802
vn 0.3011 0.4043 0.8637
vn 0.2317 0.7863 0.5728
vn 0.4779 0.4689 0.7428
vn 0.6462 0.5079 0.5696
vn -0.6720 0.4549 -0.5844
vn -0.8562 0.0337 -0.5155
vn -0.9432 -0.0598 -0.3269
vn -0.3007 0.6068 -0.7358
vn -0.2760 0.0485 -0.9599
vn -0.5353 -0.0217 -0.8444
vn -0.0618 0.6957 -0.7157
vn 0.1745 0.1308 -0.9759
vn 0.0335 0.0386 -0.9987
vn 0.6125 0.3969 -0.6836
vn 0.5672 0.3212 -0.7583
vn 0.0480 0.8072 -0.5883
vn 0.4462 0.3244 -0.8341
vn 0.3210 0.2451 -0.9148
vn 0.7689 0.1912 0.6101
vn 0.4959 0.2268 0.8382
vn -0.4632 0.8837 0.0675
vn 0.4696 0.7694 -0.4330
vn 0.7517 0.5295 -0.3931
vn 0.4993 0.6554 -0.5667
vn 0.2006 0.8085 -0.5532
vn 0.6318 0.7432 -0.2200
vn -0.1936 0.9808 -0.0244
vn -0.0081 0.9933 -0.1153
vn -0.4403 0.8975 -0.0231
vn -0.5897 0.8070 0.0317
vn -0.1854 0.9772 0.1038
vn -0.0491 0.9957 0.0791
vn -0.5941 0.8036 -0.0361
vn -0.5458 0.8367 -0.0452
vn -0.4119 0.9046 0.1096
vn -0.6893 0.7032 -0.1741
vn -0.4293 0.8876 0.1670
vn -0.5833 0.8035 -0.1188
vn -0.5731 0.7650 -0.2938
vn -0.5163 0.8559 0.0289
vn -0.5697 0.7722 -0.2814
vn -0.4348 0.3228 -0.8407
vn -0.2688 0.1846 -0.9453
vn -0.6169 0.7272 -0.3009
vn -0.5735 0.8169 -0.0605
vn -0.1350 0.9667 -0.2173
vn -0.5264 0.8502 0.0080
vn -0.3105 0.9327 -0.1836
vn -0.5660 0.8187 0.0972
vn -0.4687 0.8829 -0.0299
vn -0.6001 0.7423 0.2980
vn -0.4528 0.8733 -0.1795
vn -0.5303 0.8477 0.0131
vn -0.6104 0.7466 0.2646
vn -0.4531 0.4995 0.7384
vn 0.0877 -0.4208 0.9029
vn -0.3806 0.4614 0.8014
vn 0.1693 -0.1914 0.9668
vn -0.2204 0.8411 -0.4940
vn -0.5088 0.8359 -0.2060
vn -0.0176 0.8459 -0.5330
vn 0.5885 0.8026 -0.0981
vn 0.5563 0.7843 0.2747
vn 0.6916 0.7006 0.1755
vn 0.2949 0.8581 0.4204
vn -0.0265 0.7804 0.6248
vn -0.2087 0.8284 0.5198
vn -0.4989 0.7412 0.4491
vn -0.4334 0.8328 0.3445
vn -0.6295 -0.4584 -0.6274
vn -0.5771 -0.3105 -0.7553
vn -0.4975 -0.6029 -0.6237
vn -0.6041 -0.7065 -0.3687
vn -0.6392 -0.5701 -0.5161
vn -0.8979 -0.4343 -0.0719
vn -0.7505 -0.6130 -0.2470
vn -0.6723 -0.7378 -0.0595
vn -0.8595 0.0065 -0.5111
vn -0.6081 0.0035 -0.7939
vn -0.7127 -0.1807 -0.6777
vn -0.9341 -0.1829 -0.3065
vn -0.9962 0.0000 -0.0871
vn -0.9377 -0.2240 -0.2655
vn -0.6989 -0.3272 0.6360
vn -0.8670 -0.3875 0.3132
vn -0.6733 -0.6901 0.2655
vn -0.6358 -0.5597 0.5315
vn -0.7367 -0.0034 0.6762
vn -0.9352 -0.0065 0.3541
vn -0.8692 0.3849 0.3104
vn -0.6996 0.3105 0.6435
vn -0.5983 0.6028 0.5278
vn -0.6590 0.7065 0.2581
vn -0.8968 0.4343 -0.0849
vn -0.6725 0.7378 -0.0581
vn -0.5778 0.3271 -0.7477
vn -0.7995 0.3875 -0.4590
vn -0.6170 0.6901 -0.3782
vn -0.5339 0.5597 -0.6338
vn -0.3825 -0.8666 0.3205
vn -0.3723 -0.6656 0.6468
vn -0.3834 -0.9228 -0.0375
vn -0.2160 -0.9072 0.3609
vn -0.2360 -0.6932 0.6810
vn -0.1978 -0.9800 -0.0210
vn -0.2553 -0.6768 -0.6905
vn -0.3236 -0.8643 -0.3851
vn -0.1147 -0.6989 -0.7059
vn -0.1580 -0.9058 -0.3932
vn -0.4274 0.3526 0.8325
vn -0.3714 0.6768 0.6356
vn -0.4643 -0.0039 0.8857
vn -0.2620 0.3783 0.8878
vn -0.2355 0.6990 0.6753
vn -0.2835 -0.0037 0.9590
vn -0.4300 -0.3554 0.8299
vn -0.2699 -0.3779 0.8856
vn -0.3211 0.8666 -0.3820
vn -0.2544 0.6656 -0.7016
vn -0.3841 0.9228 -0.0296
vn -0.1500 0.9073 -0.3928
vn -0.1142 0.6933 -0.7116
vn -0.1983 0.9800 -0.0137
vn -0.3856 0.8643 0.3230
vn -0.2239 0.9058 0.3597
vn -0.2763 -0.3526 -0.8941
vn -0.3034 0.0039 -0.9529
vn -0.1039 -0.3783 -0.9198
vn -0.1126 0.0037 -0.9936
vn -0.2793 0.3554 -0.8920
vn -0.1119 0.3778 -0.9191
vn -0.8021 -0.3849 0.4566
vn -0.6041 -0.7065 0.3687
vn -0.4975 -0.6028 0.6238
vn -0.5771 -0.3106 0.7553
vn -0.8979 -0.4343 0.0719
vn -0.6723 -0.7378 0.0595
vn -0.8595 0.0065 0.5111
vn -0.6081 0.0034 0.7939
vn -0.9962 0.0000 0.0871
vn -0.6989 -0.3271 -0.6360
vn -0.6358 -0.5597 -0.5315
vn -0.6733 -0.6901 -0.2655
vn -0.8670 -0.3875 -0.3132
vn -0.7368 -0.0034 -0.6762
vn -0.9352 -0.0065 -0.3541
vn -0.8692 0.3849 -0.3104
vn -0.6590 0.7065 -0.2581
vn -0.5983 0.6028 -0.5278
vn -0.6996 0.3105 -0.6435
vn -0.8968 0.4343 0.0849
vn -0.6725 0.7378 0.0581
vn -0.5779 0.3271 0.7477
vn -0.5340 0.5597 0.6338
vn -0.6170 0.6901 0.3782
vn -0.7995 0.3875 0.4589
vn -0.3825 -0.8666 -0.3205
vn -0.3723 -0.6656 -0.6468
vn -0.3834 -0.9228 0.0375
vn -0.2160 -0.9072 -0.3609
vn -0.2360 -0.6932 -0.6810
vn -0.1978 -0.9800 0.0210
vn -0.2554 -0.6767 0.6905
vn -0.3237 -0.8643 0.3851
vn -0.1147 -0.6989 0.7060
vn -0.1581 -0.9058 0.3932
vn -0.4273 0.3526 -0.8325
vn -0.3714 0.6768 -0.6356
vn -0.4643 -0.0039 -0.8857
vn -0.2620 0.3783 -0.8878
vn -0.2355 0.6990 -0.6753
vn -0.2834 -0.0037 -0.9590
vn -0.4300 -0.3554 -0.8299
vn -0.2699 -0.3779 -0.8856
vn -0.3211 0.8666 0.3820
vn -0.2544 0.6656 0.7016
vn -0.3841 0.9228 0.0296
vn -0.1501 0.9073 0.3928
vn -0.1142 0.6932 0.7116
vn -0.1983 0.9800 0.0137
vn -0.3856 0.8643 -0.3230
vn -0.2239 0.9058 -0.3597
vn -0.2763 -0.3526 0.8941
vn -0.3034 0.0039 0.9529
vn -0.1039 -0.3784 0.9198
vn -0.1127 0.0037 0.9936
vn -0.2793 0.3554 0.8920
vn -0.1119 0.3778 0.9191
vn -0.2991 -0.0431 -0.9532
vn -0.3803 0.1205 -0.9170
vn -0.2767 0.1119 -0.9544
vn -0.2154 -0.0689 -0.9741
vn -0.2540 -0.0979 -0.9622
vn -0.1491 -0.1019 -0.9836
vn -0.2412 -0.0998 -0.9653
vn -0.0708 -0.0862 -0.9938
vn -0.1207 -0.1519 -0.9810
vn -0.4008 0.3135 -0.8608
vn -0.3110 0.1692 -0.9352
vn -0.3365 0.0722 -0.9389
vn -0.4430 0.2203 -0.8690
vn -0.5618 0.4234 -0.7107
vn -0.6274 0.3214 -0.7092
vn -0.7245 0.4565 -0.5164
vn -0.7871 0.3584 -0.5020
vn -0.8174 0.4307 -0.3825
vn -0.8832 0.2871 -0.3710
vn -0.3291 0.0977 -0.9392
vn -0.3533 0.0280 -0.9351
vn -0.3955 0.1647 -0.9036
vn -0.3303 0.1788 -0.9268
vn -0.5067 -0.2125 -0.8355
vn -0.5832 -0.1771 -0.7928
vn -0.7250 -0.0519 -0.6868
vn -0.8704 0.0402 -0.4907
vn -0.5895 -0.3802 -0.7127
vn -0.6194 -0.3540 -0.7007
vn -0.9275 0.0646 -0.3683
vn -0.9312 0.0499 -0.3612
vn -0.8613 -0.3445 -0.3735
vn -0.8873 -0.2796 -0.3667
vn -0.8341 -0.3269 -0.4444
vn -0.7048 -0.3074 -0.6394
vn -0.6678 -0.3187 -0.6726
vn -0.4964 -0.1466 -0.8556
vn -0.4870 0.1138 -0.8660
vn -0.4543 0.2501 -0.8550
vn -0.6718 -0.0068 -0.7407
vn -0.6239 0.2869 -0.7269
vn -0.5406 0.1469 -0.8283
vn -0.6638 0.3284 -0.6719
vn -0.4656 -0.0059 -0.8850
vn -0.4426 -0.0943 -0.8918
vn -0.4052 -0.1498 -0.9019
vn -0.4203 -0.1865 -0.8880
vn -0.2922 -0.1931 -0.9367
vn -0.3996 -0.2711 -0.8757
vn -0.2339 -0.2599 -0.9369
vn -0.7713 -0.0296 -0.6358
vn -0.6940 0.3536 -0.6271
vn -0.6869 0.0897 -0.7212
vn -0.7532 -0.3574 -0.5522
vn -0.9482 0.1578 -0.2758
vn -0.9718 0.2233 -0.0757
vn -0.9940 -0.1053 -0.0291
vn -0.9916 -0.0765 -0.1045
vn -0.9125 -0.1851 -0.3647
vn -0.9247 -0.0941 -0.3689
vn -0.9486 -0.0492 -0.3125
vn -0.9644 -0.1810 -0.1928
vn -0.8909 0.1054 -0.4418
vn -0.8232 0.0574 -0.5649
vn -0.8361 -0.1453 -0.5290
vn -0.7614 -0.0464 -0.6466
vn -0.7597 -0.1338 -0.6364
vn -0.6744 -0.1072 -0.7305
vn -0.8466 -0.0754 -0.5269
vn -0.7261 -0.0064 -0.6876
vn -0.6139 0.2448 -0.7505
vn -0.6100 0.1126 -0.7844
vn -0.4974 0.4238 -0.7570
vn -0.6683 0.3341 -0.6646
vn -0.5342 0.1222 -0.8365
vn -0.7187 -0.3196 -0.6175
vn -0.7544 -0.3147 -0.5761
vn -0.7367 -0.6718 -0.0772
vn -0.6559 0.4089 -0.6346
vn -0.6846 -0.1270 -0.7178
vn -0.6080 -0.1228 -0.7844
vn -0.6269 -0.2400 -0.7412
vn -0.5470 -0.1916 -0.8149
vn -0.6669 -0.1033 -0.7380
vn -0.6963 -0.3045 -0.6500
vn -0.6430 -0.2652 -0.7185
vn -0.7239 -0.5623 -0.3997
vn -0.8228 -0.5599 0.0976
vn -0.8010 0.1835 -0.5698
vn -0.6731 0.4799 -0.5627
vn -0.9461 0.1238 -0.2992
vn -0.8428 0.4127 -0.3454
vn -0.9159 0.3942 -0.0754
vn -0.9890 0.1347 -0.0604
vn -0.8843 -0.4668 0.0018
vn -0.8700 -0.2343 -0.4338
vn -0.9560 0.2841 -0.0730
vn -0.6601 0.3276 -0.6759
vn -0.6523 0.4136 -0.6352
vn -0.5946 0.5965 -0.5390
vn -0.7847 0.4670 -0.4077
vn -0.8426 0.0123 -0.5384
vn -0.7135 -0.1162 -0.6909
vn -0.9099 -0.2124 -0.3563
vn -0.5671 -0.1543 -0.8091
vn -0.6510 -0.0729 -0.7555
vn -0.5288 -0.1746 -0.8306
vn -0.4862 -0.1900 -0.8530
vn -0.3182 -0.3491 -0.8814
vn -0.3449 -0.3729 -0.8614
vn -0.4513 -0.2457 -0.8579
vn 0.2316 -0.2865 -0.9297
vn 0.0061 -0.7254 -0.6883
vn -0.2496 -0.5137 -0.8209
vn -0.1183 -0.1552 -0.9808
vn -0.4218 -0.0731 -0.9037
vn -0.4855 -0.4422 -0.7541
vn -0.5346 -0.0318 -0.8445
vn -0.5157 -0.4113 -0.7516
vn -0.2800 0.3631 -0.8887
vn 0.0039 0.2329 -0.9725
vn -0.6917 0.1473 -0.7071
vn -0.5487 0.0501 -0.8345
vn -0.4834 -0.3569 -0.7993
vn -0.6416 -0.3499 -0.6826
vn -0.9330 0.2034 -0.2968
vn -0.8900 -0.3516 -0.2903
vn -0.4386 0.3924 -0.8085
vn -0.3231 0.5496 -0.7704
vn -0.0740 0.6452 -0.7604
vn -0.5058 0.5334 -0.6779
vn -0.5899 0.4672 -0.6586
vn -0.7016 0.6390 -0.3152
vn -0.7825 0.5475 -0.2965
vn 0.1173 0.5516 -0.8258
vn 0.3192 0.0908 -0.9433
vn -0.7358 0.6235 -0.2643
vn -0.5631 0.4574 -0.6883
vn -0.3022 0.4025 -0.8641
vn -0.1084 0.5016 -0.8583
vn -0.1362 0.4915 -0.8602
vn -0.3625 -0.8062 -0.4676
vn -0.3978 -0.7708 -0.4976
vn -0.4841 -0.6640 -0.5698
vn -0.6460 -0.7082 -0.2849
vn -0.4264 -0.9028 -0.0554
vn -0.4880 -0.7077 -0.5109
vn -0.4066 -0.6797 -0.6105
vn -0.3910 -0.9191 -0.0483
vn -0.2591 -0.9658 -0.0092
vn -0.4142 -0.8171 -0.4009
vn -0.2782 -0.8128 -0.5118
vn -0.1623 -0.7287 -0.6653
vn -0.3032 -0.6887 -0.6587
vn -0.2086 -0.7045 -0.6783
vn -0.8083 -0.1700 -0.5636
vn -0.6928 -0.7211 -0.0105
vn -0.4055 -0.2974 -0.8643
vn -0.3394 0.1149 -0.9336
vn -0.6854 0.2221 -0.6935
vn -0.4047 -0.9005 0.1594
vn -0.0541 -0.9973 0.0505
vn -0.5767 -0.7772 0.2515
vn -0.0007 -0.1855 -0.9826
vn 0.1240 -0.5594 -0.8196
vn -0.8657 0.3684 -0.3388
vn -0.8702 0.3186 -0.3757
vn -0.8317 0.3210 -0.4530
vn -0.7896 0.4273 -0.4403
vn -0.7896 0.2756 -0.5483
vn -0.8059 0.3287 -0.4924
vn -0.7185 0.3601 -0.5950
vn -0.5080 -0.5017 -0.7001
vn -0.5594 -0.3469 -0.7528
vn -0.6637 -0.3199 -0.6762
vn -0.7752 -0.4876 -0.4016
vn -0.7511 0.4522 -0.4810
vn -0.7860 0.4536 -0.4200
vn -0.7678 0.4010 -0.4997
vn -0.6095 0.5522 -0.5688
vn -0.7150 -0.6662 -0.2121
vn -0.6244 -0.7523 -0.2102
vn -0.6600 -0.6825 -0.3140
vn -0.7357 0.0796 -0.6726
vn -0.8196 0.1160 -0.5610
vn -0.8334 0.2209 -0.5067
vn -0.8456 0.2686 -0.4614
vn -0.8703 0.2536 -0.4223
vn -0.3330 0.1880 -0.9240
vn -0.4081 0.2600 -0.8751
vn -0.5059 0.1951 -0.8402
vn -0.4529 0.1860 -0.8719
vn -0.7066 -0.4023 -0.5821
vn -0.7763 0.3111 -0.5482
vn -0.5925 0.4743 -0.6512
vn -0.3898 0.2399 -0.8891
vn -0.3901 0.3007 -0.8703
vn -0.6249 0.4179 -0.6594
vn -0.7956 0.5533 -0.2466
vn -0.7960 0.5709 -0.2012
vn -0.6333 0.4665 -0.6175
vn -0.6749 0.2353 -0.6994
vn -0.8587 0.1936 -0.4745
vn -0.6942 0.1630 -0.7011
vn -0.5174 0.3924 -0.7605
vn -0.8783 0.0733 -0.4724
vn -0.5775 0.2206 -0.7861
vn -0.7722 -0.0238 -0.6349
vn -0.7238 0.2370 -0.6480
vn -0.9463 0.0738 -0.3147
vn -0.1507 -0.3212 -0.9349
vn -0.2602 -0.4291 -0.8650
vn -0.2084 -0.4935 -0.8444
vn 0.0129 -0.2096 -0.9777
vn 0.0314 -0.1162 -0.9927
vn 0.2135 -0.2067 -0.9548
vn -0.8789 -0.0972 -0.4670
vn -0.9703 -0.1784 -0.1633
vn -0.7104 0.2553 -0.6559
vn -0.5315 0.5605 -0.6351
vn -0.6440 0.5079 -0.5721
vn -0.4166 0.0035 -0.9091
vn -0.9662 -0.2384 -0.0977
vn -0.2633 0.3168 -0.9112
vn -0.7370 0.6459 0.1991
vn -0.7963 0.5810 0.1683
vn -0.8072 0.5403 0.2377
vn -0.7254 0.6566 0.2066
vn -0.9212 0.3772 0.0951
vn -0.9626 0.2449 0.1155
vn -0.6733 -0.7253 0.1438
vn -0.9046 -0.3619 0.2253
vn -0.9656 -0.2350 0.1112
vn -0.9782 0.1946 0.0729
vn -0.9941 -0.1035 -0.0337
vn -0.7037 -0.6129 -0.3594
vn -0.9815 0.1435 0.1268
vn -0.4207 -0.4316 -0.7979
vn -0.6897 -0.1624 -0.7056
vn -0.2201 -0.1880 -0.9572
vn 0.2956 0.3713 -0.8802
vn -0.6130 -0.7362 -0.2870
vn -0.7176 -0.6800 -0.1503
vn -0.9371 -0.2337 -0.2594
vn -0.8937 -0.3038 -0.3303
vn -0.9007 -0.4199 0.1114
vn -0.9723 -0.2064 -0.1093
vn -0.9665 -0.0583 0.2500
vn -0.9980 0.0257 -0.0582
vn -0.9471 0.0248 -0.3201
vn -0.9300 0.2258 -0.2899
vn -0.9713 0.2346 -0.0396
vn -0.9770 0.1836 0.1081
vn -0.9843 -0.1763 -0.0097
vn -0.8582 0.4308 -0.2791
vn -0.9040 0.4273 0.0114
vn -0.2966 0.0976 0.9500
vn -0.3737 0.1188 0.9199
vn -0.3013 -0.0449 0.9525
vn -0.2107 -0.0803 0.9742
vn -0.2534 -0.0959 0.9626
vn -0.1471 -0.1037 0.9837
vn -0.2440 -0.1005 0.9646
vn -0.0915 -0.0836 0.9923
vn -0.1192 -0.1467 0.9820
vn 0.0701 -0.1295 0.9891
vn -0.4095 0.3058 0.8595
vn -0.4472 0.2219 0.8665
vn -0.3403 0.0700 0.9377
vn -0.3089 0.1532 0.9387
vn -0.5442 0.4146 0.7294
vn -0.6091 0.3105 0.7298
vn -0.6930 0.4795 0.5384
vn -0.7812 0.3199 0.5361
vn -0.7748 0.4755 0.4166
vn -0.8735 0.2886 0.3920
vn -0.8563 0.4270 0.2906
vn -0.9319 0.2125 0.2939
vn -0.3538 0.0283 0.9349
vn -0.3435 0.0959 0.9342
vn -0.3966 0.1662 0.9028
vn -0.3462 0.1659 0.9234
vn -0.5864 -0.1779 0.7903
vn -0.5088 -0.2249 0.8310
vn -0.7166 -0.0448 0.6961
vn -0.8712 0.0176 0.4906
vn -0.9307 0.0072 0.3658
vn -0.9369 -0.0048 0.3496
vn -0.8719 -0.3430 0.3494
vn -0.8830 -0.2786 0.3777
vn -0.8276 -0.3411 0.4457
vn -0.6700 -0.2862 0.6850
vn -0.5228 -0.1675 0.8358
vn -0.5827 -0.3901 0.7129
vn -0.4916 0.1172 0.8629
vn -0.4536 0.2649 0.8509
vn -0.6532 0.0572 0.7550
vn -0.6224 0.2860 0.7285
vn -0.6676 0.3118 0.6760
vn -0.5592 0.1455 0.8162
vn -0.4691 -0.0327 0.8826
vn -0.4319 -0.0868 0.8977
vn -0.4115 -0.1372 0.9010
vn -0.4112 -0.1750 0.8946
vn -0.3853 -0.2472 0.8891
vn -0.2845 -0.1799 0.9416
vn -0.2575 -0.2565 0.9316
vn -0.7647 -0.0173 0.6442
vn -0.7517 -0.2949 0.5899
vn -0.6826 0.0922 0.7249
vn -0.7094 0.3261 0.6248
vn -0.9624 0.0986 0.2530
vn -0.9889 -0.0762 0.1278
vn -0.9083 -0.1792 0.3781
vn -0.9616 -0.1743 0.2122
vn -0.9421 -0.0961 0.3212
vn -0.9196 -0.1283 0.3714
vn -0.8186 0.0597 0.5712
vn -0.8836 0.1065 0.4559
vn -0.8340 -0.1476 0.5316
vn -0.7586 -0.0475 0.6499
vn -0.7580 -0.1381 0.6375
vn -0.6721 -0.1071 0.7327
vn -0.8565 -0.0961 0.5072
vn -0.7312 -0.0134 0.6821
vn -0.6471 0.2182 0.7305
vn -0.6929 0.2933 0.6587
vn -0.5124 0.3964 0.7618
vn -0.6033 0.1421 0.7847
vn -0.5542 0.1235 0.8232
vn -0.7233 -0.2845 0.6291
vn -0.7501 -0.2478 0.6131
vn -0.7549 -0.6438 0.1250
vn -0.6665 0.3332 0.6669
vn -0.6850 -0.1257 0.7176
vn -0.6090 -0.1207 0.7839
vn -0.6739 -0.1231 0.7285
vn -0.5944 -0.2690 0.7578
vn -0.7748 -0.5173 0.3634
vn -0.7974 -0.6020 -0.0419
vn -0.6876 0.4601 0.5618
vn -0.8060 0.1651 0.5685
vn -0.8533 0.3878 0.3485
vn -0.9263 0.1595 0.3413
vn -0.8450 -0.3946 0.3609
vn -0.7404 0.0268 0.6716
vn -0.8225 0.3896 0.4144
vn -0.6442 0.4962 0.5821
vn -0.7466 0.1615 0.6454
vn -0.9024 -0.2217 0.3695
vn -0.7102 -0.1398 0.6900
vn -0.8170 0.0215 0.5763
vn -0.6460 -0.0756 0.7596
vn -0.5592 -0.1471 0.8159
vn -0.5285 -0.1658 0.8326
vn -0.4940 -0.1841 0.8498
vn -0.3179 -0.3346 0.8871
vn -0.4526 -0.2587 0.8534
vn -0.4918 -0.3370 0.8029
vn -0.5516 -0.1827 0.8138
vn -0.3535 -0.3794 0.8551
vn 0.2190 -0.2582 0.9409
vn -0.0861 -0.0450 0.9953
vn -0.1890 -0.4592 0.8680
vn -0.0693 -0.6372 0.7676
vn -0.3876 0.0268 0.9214
vn -0.4651 -0.2966 0.8341
vn -0.5257 -0.0139 0.8506
vn -0.5460 -0.3112 0.7779
vn -0.0098 0.2455 0.9694
vn -0.2659 0.3446 0.9003
vn -0.7191 0.0714 0.6912
vn -0.6693 -0.3166 0.6722
vn -0.5336 -0.2943 0.7929
vn -0.5432 -0.0150 0.8394
vn -0.9440 0.1932 0.2675
vn -0.4499 0.3080 0.8383
vn -0.1181 0.5730 0.8110
vn -0.3477 0.4843 0.8029
vn -0.5220 0.5479 0.6537
vn -0.6282 0.4143 0.6586
vn 0.0563 0.4920 0.8688
vn 0.2609 0.1161 0.9584
vn -0.5824 0.5056 0.6365
vn -0.3091 0.4081 0.8590
vn -0.1436 0.4463 0.8833
vn -0.2182 0.3946 0.8926
vn -0.3905 -0.7552 0.5266
vn -0.3761 -0.8159 0.4391
vn -0.5174 -0.6730 0.5285
vn -0.2805 -0.8692 0.4072
vn -0.4799 -0.6846 0.5487
vn -0.4651 -0.5746 0.6735
vn -0.4092 -0.8497 0.3325
vn -0.2594 -0.7980 0.5439
vn -0.4859 -0.5081 0.7111
vn -0.2216 -0.7614 0.6092
vn 0.1514 -0.7899 0.5942
vn 0.1044 -0.9374 0.3321
vn -0.6892 -0.6946 0.2065
vn -0.5843 -0.8115 -0.0110
vn -0.5879 -0.0291 0.8084
vn -0.3922 -0.2232 0.8924
vn -0.4214 -0.6199 0.6619
vn -0.0269 -0.9994 0.0195
vn -0.3024 -0.9218 -0.2425
vn -0.1151 -0.4518 0.8847
vn 0.0968 -0.6385 0.7635
vn -0.8633 0.3731 0.3399
vn -0.7852 0.4297 0.4460
vn -0.8300 0.3232 0.4545
vn -0.8657 0.3189 0.3859
vn -0.7816 0.2748 0.5600
vn -0.7150 0.3575 0.6008
vn -0.8085 0.3194 0.4944
vn -0.4991 -0.4756 0.7244
vn -0.5597 -0.3424 0.7546
vn -0.7690 0.4669 0.4367
vn -0.7373 0.4566 0.4979
vn -0.6351 0.5104 0.5798
vn -0.7548 0.4082 0.5135
vn -0.6919 -0.6818 0.2373
vn -0.7738 -0.5855 0.2418
vn -0.8599 -0.3246 0.3939
vn -0.5633 -0.7541 0.3377
vn -0.6057 -0.7429 0.2848
vn -0.7309 0.0869 0.6769
vn -0.8185 0.1152 0.5629
vn -0.8300 0.2196 0.5128
vn -0.8378 0.2659 0.4768
vn -0.8617 0.2463 0.4437
vn -0.3505 0.2040 0.9141
vn -0.4460 0.1779 0.8772
vn -0.4592 0.1998 0.8656
vn -0.3677 0.3041 0.8788
vn -0.6896 -0.3410 0.6389
vn -0.5918 0.4922 0.6383
vn -0.7626 0.3246 0.5595
vn -0.4195 0.3529 0.8364
vn -0.3949 0.2794 0.8752
vn -0.6413 0.4646 0.6106
vn -0.6386 0.4955 0.5888
vn -0.7922 0.5735 0.2084
vn -0.4756 0.4201 0.7729
vn -0.6362 0.2669 0.7239
vn -0.5665 0.1937 0.8009
vn -0.6616 0.1717 0.7299
vn -0.7614 0.0108 0.6482
vn -0.7193 0.2350 0.6537
vn -0.9387 0.0692 0.3377
vn -0.2347 -0.4578 0.8575
vn -0.1440 -0.3276 0.9338
vn -0.1968 -0.5250 0.8280
vn -0.0095 -0.2096 0.9777
vn -0.8705 -0.0621 0.4882
vn -0.9665 -0.1657 0.1960
vn -0.5522 0.5213 0.6506
vn -0.6798 0.4085 0.6091
vn -0.8691 0.0702 0.4896
vn -0.4353 -0.0005 0.9003
vn -0.6964 0.2279 0.6805
vn -0.3619 0.2361 0.9018
vn -0.8289 -0.1253 0.5452
vn -0.7351 -0.5500 0.3964
vn -0.6628 -0.2833 0.6931
vn -0.4691 -0.2800 0.8376
vn -0.2358 -0.1686 0.9571
vn 0.2041 0.3030 0.9309
vn -0.9221 -0.1757 0.3448
vn -0.7066 -0.6503 0.2792
vn -0.9041 -0.4000 -0.1503
vn -0.8662 -0.4984 0.0353
vn -0.9649 -0.1595 0.2084
vn -0.9727 -0.2117 0.0950
vn -0.9990 -0.0014 0.0437
vn -0.9845 -0.0742 -0.1590
vn -0.9316 -0.0220 0.3628
vn -0.9499 -0.0030 0.3126
vn -0.9831 0.1829 0.0058
vn -0.9847 0.1543 -0.0813
vn -0.9148 0.4023 0.0358
vn -0.9357 0.3513 -0.0330
vn 0.2604 -0.9645 -0.0438
vn -0.8595 0.1846 0.4767
vn -0.7235 -0.3995 0.5629
vn -0.6682 -0.5423 0.5094
vn -0.6304 -0.6974 0.3409
vn -0.6701 -0.7422 -0.0099
vn -0.7886 -0.5838 -0.1931
vn -0.7012 -0.3824 0.6017
vn -0.8047 -0.3007 0.5118
vn -0.9064 -0.2361 0.3502
vn -0.9447 -0.3062 0.1174
vn -0.6844 0.1893 0.7041
vn -0.6828 0.0707 0.7272
vn -0.9644 -0.1448 0.2215
vn -0.9107 0.0128 0.4128
vn -0.6528 0.1189 0.7481
vn -0.6656 0.0047 0.7463
vn -0.7351 -0.0316 0.6773
vn -0.7305 -0.1842 0.6576
vn -0.8593 -0.0501 0.5090
vn -0.8171 -0.3008 0.4918
vn -0.9563 -0.0127 0.2922
vn -0.8838 -0.3932 0.2535
vn -0.9959 -0.0344 0.0841
vn -0.8879 -0.4576 0.0478
vn -0.6357 -0.5457 0.5459
vn -0.5814 -0.7143 0.3895
vn -0.6523 -0.7577 0.0213
vn -0.6799 -0.4988 0.5376
vn -0.7435 -0.5289 0.4093
vn -0.7945 -0.5510 0.2553
vn -0.8409 -0.5410 0.0159
vn -0.6429 -0.5963 0.4807
vn -0.5168 -0.7006 0.4921
vn -0.6948 -0.6754 0.2471
vn -0.7122 -0.6212 0.3268
vn -0.7461 -0.6581 0.1012
vn -0.4216 -0.8538 0.3054
vn -0.4202 -0.9012 -0.1058
vn -0.6240 -0.7770 0.0832
vn -0.7580 -0.6317 -0.1626
vn -0.7684 -0.6133 -0.1828
vn -0.8249 0.5120 0.2395
vn -0.8468 0.5248 0.0870
vn -0.8066 0.4043 0.4312
vn -0.7263 0.3168 0.6100
vn -0.6391 0.3249 0.6972
vn -0.6646 0.3252 0.6727
vn -0.8633 0.0770 0.4987
vn -0.2544 -0.9593 0.1228
vn -0.0351 -0.9978 -0.0564
vn -0.3574 -0.9240 0.1361
vn -0.4023 -0.9068 0.1258
vn -0.2656 -0.9577 0.1105
vn 0.0773 -0.9461 -0.3146
vn 0.1009 -0.7411 -0.6638
vn -0.7318 -0.5038 -0.4590
vn -0.3004 0.9531 0.0358
vn -0.3089 0.9506 0.0295
vn -0.3478 0.9298 0.1207
vn -0.3822 0.8852 0.2651
vn -0.3612 0.8678 0.3414
vn -0.4893 0.8144 0.3120
vn -0.8081 0.5857 0.0624
vn 0.3050 -0.9124 -0.2730
vn 0.3799 -0.7767 -0.5024
vn 0.2702 -0.9615 -0.0502
vn 0.2392 -0.9573 -0.1625
vn 0.3309 -0.9434 0.0245
vn 0.4558 -0.6262 -0.6326
vn 0.4234 -0.3886 -0.8184
vn -0.0713 0.0933 -0.9931
vn -0.5884 -0.7612 -0.2725
vn -0.6402 -0.5942 -0.4870
vn -0.9720 -0.2343 -0.0154
vn -0.9832 -0.0964 -0.1553
vn -0.8091 -0.5491 0.2094
vn -0.6540 -0.7541 0.0603
vn -0.6905 -0.4285 -0.5828
vn -0.8157 -0.2918 -0.4995
vn -0.9215 -0.3107 -0.2328
vn -0.9327 -0.3577 -0.0451
vn -0.6227 0.2598 -0.7381
vn -0.8769 0.0402 -0.4790
vn -0.9446 -0.0154 -0.3278
vn -0.6620 0.1822 -0.7270
vn -0.6583 0.1962 -0.7267
vn -0.6673 0.0364 -0.7439
vn -0.7533 0.0368 -0.6566
vn -0.7534 -0.1257 -0.6454
vn -0.8540 0.0016 -0.5202
vn -0.8344 -0.2240 -0.5035
vn -0.9521 0.0078 -0.3056
vn -0.9012 -0.3556 -0.2479
vn -0.9967 -0.0284 -0.0756
vn -0.8940 -0.4455 -0.0469
vn -0.5341 -0.7687 -0.3519
vn -0.5991 -0.6223 -0.5037
vn -0.6172 -0.7867 -0.0105
vn -0.6526 -0.5809 -0.4866
vn -0.7259 -0.5934 -0.3476
vn -0.8058 -0.5567 -0.2019
vn -0.8603 -0.5092 -0.0255
vn -0.4676 -0.7840 -0.4082
vn -0.6048 -0.6660 -0.4366
vn -0.6727 -0.6699 -0.3143
vn -0.6723 -0.6840 -0.2830
vn -0.7745 -0.6305 -0.0508
vn -0.3699 -0.9047 -0.2114
vn -0.6239 -0.7792 -0.0596
vn -0.4068 -0.9004 0.1543
vn -0.8251 -0.5246 0.2098
vn -0.7940 -0.5862 0.1612
vn -0.8302 0.5108 -0.2232
vn -0.8491 0.5264 -0.0437
vn -0.7960 0.3959 -0.4578
vn -0.7147 0.3461 -0.6078
vn -0.6345 0.3927 -0.6658
vn -0.6246 0.3745 -0.6853
vn -0.8648 0.1635 -0.4747
vn -0.2691 -0.9560 -0.1165
vn -0.0384 -0.9939 0.1030
vn -0.2921 -0.9318 -0.2153
vn -0.3964 -0.9047 -0.1561
vn -0.2580 -0.9608 -0.1013
vn 0.1076 -0.9130 0.3936
vn 0.0610 -0.7195 0.6918
vn -0.7587 -0.4710 0.4501
vn -0.2853 0.9584 0.0129
vn -0.3179 0.9470 0.0453
vn -0.3252 0.9372 -0.1261
vn -0.3507 0.9013 -0.2543
vn -0.3319 0.8931 -0.3035
vn -0.3909 0.8725 -0.2932
vn -0.7299 0.6832 -0.0214
vn 0.2419 -0.9339 0.2633
vn 0.3321 -0.8032 0.4946
vn 0.2792 -0.9602 -0.0123
vn 0.2016 -0.9707 0.1309
vn 0.3245 -0.9441 -0.0589
vn 0.4482 -0.6171 0.6468
vn 0.3595 -0.3666 0.8581
vn -0.3179 0.1397 0.9378
vn 0.0932 0.9908 -0.0981
vn 0.0901 0.9955 0.0302
vn -0.0046 0.9989 -0.0463
vn -0.3149 0.9464 -0.0718
vn -0.3364 0.6239 -0.7054
vn 0.5045 -0.7050 -0.4984
vn 0.5304 -0.8167 -0.2273
vn 0.5738 -0.8190 -0.0105
vn 0.5630 -0.4357 -0.7022
vn 0.4913 -0.2474 -0.8351
vn 0.2266 0.0618 -0.9720
vn 0.1403 0.9826 0.1219
vn 0.0748 0.9888 0.1289
vn -0.1411 0.9835 0.1128
vn -0.2214 0.6598 0.7181
vn 0.4572 -0.7402 0.4931
vn 0.5061 -0.8332 0.2229
vn 0.5550 -0.4497 0.6998
vn 0.4330 -0.2267 0.8724
vn 0.0975 0.1536 0.9833
vn 0.4692 0.8830 0.0150
vn 0.4210 0.8856 -0.1962
vn -0.0890 0.9960 -0.0007
vn 0.3181 0.9000 -0.2980
vn -0.0414 0.9163 -0.3984
vn 0.1936 0.7751 -0.6014
vn -0.3206 0.5037 -0.8022
vn 0.4621 -0.8550 -0.2353
vn 0.5190 -0.8547 -0.0087
vn 0.0004 -1.0000 -0.0044
vn 0.2802 -0.8397 -0.4652
vn 0.3197 -0.8660 -0.3846
vn -0.2005 -0.5026 -0.8410
vn 0.3433 -0.5675 -0.7484
vn 0.3079 0.0603 -0.9495
vn 0.4217 0.8827 0.2075
vn 0.3154 0.8977 0.3076
vn 0.0572 0.9185 0.3912
vn -0.2580 0.5894 0.7656
vn 0.2596 0.7666 0.5874
vn 0.4511 -0.8588 0.2428
vn 0.3324 -0.8618 0.3831
vn 0.2903 -0.8331 0.4709
vn -0.2426 -0.4362 0.8665
vn 0.3414 -0.4560 0.8219
vn 0.2971 0.1887 0.9360
vn -0.9937 -0.1119 0.0000
vn -0.6004 -0.3108 -0.7368
vn 0.0495 -0.6340 -0.7718
vn 0.1756 -0.7719 -0.6111
vn 0.2748 -0.9567 0.0956
vn -0.0667 -0.7638 0.6420
vn -0.6344 -0.5785 0.5126
vn -0.9121 -0.3505 -0.2127
vn -0.0824 -0.4550 0.8867
vn 0.2731 -0.9369 0.2183
vn -0.8165 -0.5765 0.0302
vn -0.7178 -0.1681 0.6756
vn -0.3242 -0.1989 0.9249
vn -0.2206 -0.8742 -0.4326
vn -0.4591 -0.8883 0.0133
vn -0.5296 -0.7550 0.3866
vn -0.6013 -0.2951 -0.7425
vn -0.7547 -0.4017 -0.5187
vn -0.7735 -0.5842 -0.2459
vn -0.3970 -0.8600 -0.3206
vn -0.4646 -0.7816 -0.4163
vn -0.7047 -0.6400 -0.3063
vn -0.6704 -0.6041 -0.4308
vn -0.5828 -0.8108 -0.0543
vn -0.6235 -0.7728 -0.1181
vn -0.4362 -0.8977 -0.0625
vn -0.5034 -0.8638 -0.0183
vn -0.6460 -0.5809 -0.4952
vn -0.2735 -0.9512 0.1428
vn -0.5672 -0.6907 -0.4486
vn -0.1410 -0.9342 0.3276
vn 0.0189 -0.9777 0.2092
vn -0.0147 -0.9604 0.2782
vn -0.1527 -0.9538 0.2587
vn -0.3243 -0.9446 -0.0504
vn -0.6031 -0.5867 -0.5404
vn -0.1412 -0.9900 -0.0074
vn -0.0464 -0.9946 0.0926
vn -0.2728 -0.9483 0.1622
vn -0.2495 -0.9352 0.2512
vn -0.2000 -0.9660 0.1638
vn 0.0167 -0.8673 0.4974
vn -0.2695 -0.9466 0.1768
vn -0.4898 -0.6555 -0.5749
vn -0.5990 -0.3238 -0.7324
vn -0.5390 -0.6479 -0.5383
vn -0.4750 -0.7019 -0.5308
vn -0.5913 -0.6274 -0.5067
vn -0.5176 -0.7770 -0.3582
vn -0.6805 -0.5319 -0.5039
vn -0.6302 -0.6210 -0.4660
vn -0.7626 -0.5494 -0.3415
vn -0.7496 -0.6143 -0.2464
vn -0.0824 -0.9469 0.3108
vn -0.1576 -0.9653 0.2081
vn -0.8752 -0.4207 -0.2389
vn -0.8404 -0.5352 -0.0852
vn -0.9378 -0.3368 -0.0846
vn -0.8946 -0.4464 -0.0215
vn -0.5428 -0.4972 -0.6769
vn -0.4702 -0.8289 -0.3029
vn -0.5842 -0.4878 -0.6486
vn -0.2143 -0.9743 0.0694
vn -0.9372 -0.3397 0.0786
vn -0.8427 -0.5359 0.0514
vn -0.4661 -0.8801 0.0903
vn -0.8837 -0.4309 0.1829
vn -0.2640 -0.9518 0.1563
vn -0.2484 -0.9396 0.2354
vn -0.3841 -0.9230 0.0213
vn -0.3922 -0.9193 0.0324
vn -0.4807 -0.8769 -0.0088
vn -0.5970 -0.8022 0.0041
vn -0.6384 -0.7686 0.0413
vn -0.6519 -0.7581 0.0150
vn -0.8674 -0.4930 -0.0671
vn -0.4932 -0.0466 -0.8687
vn -0.6202 0.5460 -0.5633
vn -0.5134 -0.2014 -0.8342
vn -0.5555 -0.4426 -0.7040
vn -0.4905 -0.5587 -0.6688
vn -0.4919 -0.2417 -0.8364
vn -0.6361 0.4672 -0.6141
vn -0.5881 -0.3803 -0.7138
vn -0.7389 0.1992 -0.6437
vn -0.8579 0.0359 -0.5126
vn -0.7040 -0.4474 -0.5516
vn -0.8276 -0.4327 -0.3577
vn -0.9351 0.1390 -0.3261
vn -0.9613 0.2227 -0.1621
vn -0.9108 -0.3732 -0.1765
vn -0.9771 -0.1951 0.0846
vn -0.9253 0.3732 0.0676
vn -0.8296 0.5131 0.2200
vn -0.9750 0.0229 0.2212
vn -0.5756 -0.1830 -0.7970
vn -0.5176 -0.0965 -0.8502
vn -0.7049 -0.2206 -0.6742
vn -0.8079 -0.2359 -0.5400
vn -0.8620 -0.2996 -0.4089
vn -0.9154 -0.3167 -0.2485
vn -0.9782 -0.2021 -0.0475
vn -0.9934 0.0263 0.1120
vn -0.6890 0.6916 0.2167
vn -0.9133 0.2560 0.3168
vn -0.8561 0.4144 0.3089
vn -0.6660 0.7104 0.2277
vn -0.7135 0.7005 -0.0160
vn -0.8010 0.5987 -0.0011
vn -0.9425 0.2291 0.2432
vn -0.9057 0.3649 0.2158
vn -0.8811 0.4710 -0.0437
vn -0.8425 0.3981 -0.3629
vn -0.5763 0.7430 -0.3404
vn -0.8780 0.3968 -0.2677
vn -0.7576 -0.6527 -0.0054
vn -0.9157 -0.2915 0.2765
vn -0.7555 -0.6548 -0.0218
vn -0.9121 -0.2565 0.3199
vn -0.7205 -0.6818 -0.1266
vn -0.9532 -0.2772 0.1204
vn -0.9589 -0.2537 -0.1273
vn -0.7188 -0.6412 -0.2687
vn -0.9077 0.0046 -0.4195
vn -0.6946 -0.4216 -0.5829
vn -0.8582 0.1820 -0.4799
vn -0.5997 0.5654 -0.5663
vn -0.6202 0.1741 -0.7649
vn -0.8392 0.2711 -0.4714
vn -0.7869 -0.6037 0.1277
vn -0.8882 -0.4507 0.0893
vn -0.8936 -0.3852 -0.2305
vn -0.8360 -0.1940 -0.5133
vn -0.8003 0.0759 -0.5947
vn -0.7026 0.1781 -0.6889
vn -0.8805 0.2922 -0.3733
vn -0.6616 0.4285 -0.6154
vn -0.7447 -0.0368 -0.6664
vn -0.5971 0.0217 -0.8019
vn -0.6647 0.0332 -0.7464
vn -0.7055 0.1977 -0.6806
vn -0.7587 0.0481 -0.6497
vn -0.6885 0.0698 -0.7219
vn -0.8466 0.0184 -0.5319
vn -0.9213 -0.0238 -0.3882
vn -0.9656 -0.0387 -0.2571
vn -0.9878 0.0309 -0.1527
vn -0.9690 0.2421 -0.0497
vn -0.8872 0.4614 0.0022
vn -0.8344 0.5468 -0.0698
vn -0.7623 0.5677 -0.3109
vn -0.8726 0.4591 -0.1667
vn -0.9454 0.1253 -0.3009
vn -0.9193 0.1031 -0.3799
vn -0.7403 0.2227 -0.6343
vn -0.7728 0.1863 -0.6067
vn -0.8518 0.1324 -0.5069
vn -0.9425 0.1722 -0.2863
vn -0.7134 0.5167 -0.4734
vn -0.9251 0.3018 -0.2303
vn -0.4153 -0.8271 0.3787
vn -0.4938 -0.7419 0.4536
vn -0.6651 -0.7398 0.1018
vn -0.6993 -0.6893 0.1895
vn -0.7746 -0.4924 0.3970
vn -0.4721 -0.8799 0.0533
vn -0.5675 -0.8222 0.0445
vn -0.5756 -0.8002 0.1683
vn -0.6481 -0.5580 0.5182
vn -0.3274 -0.9421 -0.0722
vn -0.2074 -0.9458 -0.2498
vn -0.5855 -0.6620 0.4680
vn -0.6781 -0.5791 0.4526
vn -0.0791 -0.9830 -0.1656
vn -0.2337 -0.9574 -0.1699
vn -0.2109 -0.9581 -0.1937
vn -0.3307 -0.9425 0.0491
vn -0.6050 -0.6139 0.5071
vn -0.1719 -0.9851 -0.0106
vn -0.0928 -0.9925 -0.0799
vn -0.3646 -0.9284 -0.0718
vn -0.7300 -0.5928 0.3402
vn -0.3490 -0.9278 -0.1318
vn -0.2500 -0.9625 -0.1055
vn -0.2278 -0.9493 -0.2167
vn -0.2664 -0.9437 -0.1961
vn -0.4858 -0.6765 0.5535
vn -0.6127 -0.3345 0.7161
vn -0.5496 -0.6495 0.5254
vn -0.6069 -0.5130 0.6071
vn -0.6096 -0.4894 0.6235
vn -0.5006 -0.5752 0.6470
vn -0.6488 -0.5813 0.4911
vn -0.7007 -0.3685 0.6109
vn -0.8075 -0.3868 0.4454
vn -0.7844 -0.5131 0.3484
vn -0.2737 -0.9261 -0.2596
vn -0.1210 -0.9686 -0.2170
vn -0.9129 -0.2600 0.3146
vn -0.9005 -0.4087 0.1485
vn -0.9009 -0.4340 -0.0020
vn -0.9820 -0.1360 0.1312
vn -0.5214 -0.4295 0.7374
vn -0.5131 -0.7213 0.4653
vn -0.5560 -0.4461 0.7013
vn -0.1569 -0.9866 -0.0437
vn -0.9845 -0.1659 -0.0562
vn -0.8596 -0.5109 -0.0086
vn -0.4981 -0.8641 -0.0718
vn -0.9238 -0.3429 -0.1703
vn -0.3359 -0.9419 -0.0061
vn -0.3552 -0.9335 -0.0490
vn -0.5238 -0.8313 0.1858
vn -0.5563 -0.8224 0.1191
vn -0.6371 -0.7626 0.1121
vn -0.7193 -0.6933 0.0443
vn -0.7655 -0.6427 -0.0302
vn -0.7556 -0.6514 -0.0691
vn -0.8090 -0.3951 0.4351
vn -0.4866 -0.0765 0.8703
vn -0.5534 0.2679 0.7886
vn -0.5120 -0.1995 0.8355
vn -0.4960 -0.5431 0.6775
vn -0.5304 -0.4626 0.7104
vn -0.5020 -0.2200 0.8364
vn -0.6564 0.3160 0.6850
vn -0.7421 0.2005 0.6396
vn -0.5998 -0.3490 0.7200
vn -0.8539 0.0766 0.5148
vn -0.7122 -0.4248 0.5588
vn -0.8354 -0.4049 0.3717
vn -0.9322 0.1517 0.3286
vn -0.9625 0.2267 0.1492
vn -0.9289 -0.3204 0.1858
vn -0.9870 -0.1407 -0.0778
vn -0.9250 0.3742 -0.0653
vn -0.8638 0.4433 -0.2395
vn -0.9774 0.0491 -0.2056
vn -0.5953 -0.1478 0.7898
vn -0.5294 -0.0758 0.8450
vn -0.7067 -0.2241 0.6711
vn -0.8055 -0.2396 0.5421
vn -0.8478 -0.2969 0.4394
vn -0.9152 -0.2931 0.2766
vn -0.9876 -0.1445 0.0612
vn -0.9917 0.0908 -0.0913
vn -0.7127 0.6698 -0.2084
vn -0.9112 0.3159 -0.2644
vn -0.5909 0.7868 -0.1784
vn -0.8496 0.4522 -0.2714
vn -0.5775 0.8164 -0.0070
vn -0.8187 0.5725 -0.0433
vn -0.8830 0.4295 -0.1893
vn -0.9432 0.2628 -0.2035
vn -0.8707 0.4914 -0.0178
vn -0.8533 0.4111 0.3207
vn -0.5836 0.7599 0.2864
vn -0.8680 0.4385 0.2329
vn -0.7597 -0.6500 -0.0153
vn -0.9105 -0.3344 -0.2433
vn -0.7152 -0.6968 0.0545
vn -0.9101 -0.3539 -0.2154
vn -0.9114 -0.4115 -0.0097
vn -0.5685 -0.7849 0.2463
vn -0.8834 -0.4507 0.1285
vn -0.5582 -0.7785 0.2870
vn -0.8974 -0.1349 0.4201
vn -0.6884 -0.5051 0.5206
vn -0.8192 0.1899 0.5412
vn -0.5822 0.6243 0.5209
vn -0.8087 0.1912 0.5563
vn -0.6146 0.1671 0.7710
vn -0.8267 -0.5512 -0.1133
vn -0.8596 -0.5106 -0.0175
vn -0.8820 -0.4618 0.0937
vn -0.8839 -0.3966 0.2477
vn -0.8393 -0.2310 0.4922
vn -0.8092 0.0902 0.5805
vn -0.6935 0.2197 0.6861
vn -0.8517 0.3230 0.4126
vn -0.6134 0.4989 0.6123
vn -0.7498 -0.0338 0.6608
vn -0.6034 0.0344 0.7967
vn -0.6539 0.0617 0.7541
vn -0.7021 0.2017 0.6829
vn -0.7695 0.0719 0.6346
vn -0.6831 0.1053 0.7227
vn -0.8485 0.0513 0.5268
vn -0.9143 0.0080 0.4050
vn -0.9592 -0.0119 0.2826
vn -0.9762 0.0505 0.2111
vn -0.9507 0.3021 0.0704
vn -0.8953 0.4428 0.0485
vn -0.8087 0.5857 0.0545
vn -0.6423 0.6489 0.4080
vn -0.7119 0.5508 0.4357
vn -0.8008 0.4228 0.4242
vn -0.9384 0.1514 0.3106
vn -0.9118 0.1358 0.3875
vn -0.7292 0.2270 0.6456
vn -0.7763 0.1902 0.6009
vn -0.8482 0.1434 0.5099
vn -0.7009 -0.3176 0.6387
vn -0.6224 -0.3613 0.6943
vn -0.6660 -0.3189 0.6744
vn -0.6088 -0.2868 0.7397
vn -0.7571 -0.4082 0.5100
vn -0.6952 -0.0216 -0.7185
vn -0.7849 -0.1480 -0.6016
vn -0.8559 -0.3146 -0.4104
vn -0.8606 -0.4980 -0.1062
vn -0.8112 -0.5845 -0.0166
vn -0.8430 -0.5378 -0.0096
vn -0.8853 -0.4434 0.1403
vn -0.8664 -0.2794 0.4138
vn -0.7774 -0.1393 0.6134
vn -0.6969 -0.0275 0.7166
vn -0.9145 -0.1082 -0.3898
vn -0.7856 -0.1827 -0.5911
vn -0.6929 -0.2097 -0.6898
vn -0.5811 -0.2037 -0.7879
vn -0.6826 -0.1694 0.7108
vn -0.7707 -0.2023 0.6043
vn -0.8880 -0.0419 0.4579
vn -0.5838 -0.1790 0.7919
vn -0.7861 -0.3981 0.4729
vn -0.7345 -0.2651 0.6246
vn -0.6387 -0.2229 0.7365
vn -0.6484 -0.4211 0.6342
vn -0.7864 -0.3799 0.4870
vn -0.5675 -0.4048 0.7170
vn -0.5094 -0.3267 -0.7961
vn -0.9224 -0.3769 -0.0847
vn -0.8038 -0.4034 -0.4372
vn -0.8843 -0.3660 -0.2901
vn -0.7391 0.0475 -0.6720
vn -0.6749 -0.0821 -0.7333
vn -0.6108 -0.1598 -0.7755
vn -0.7015 -0.1634 -0.6937
vn -0.8468 -0.2892 -0.4465
vn -0.7360 -0.3387 -0.5861
vn -0.7037 -0.0473 -0.7089
vn -0.8959 -0.2188 -0.3866
vn -0.7714 -0.3867 -0.5053
vn -0.6150 -0.3963 -0.6817
vn -0.5619 -0.4478 -0.6955
vn -0.6309 -0.4394 -0.6394
vn -0.5738 -0.2580 -0.7773
vn -0.5788 -0.3193 -0.7504
vn -0.6378 -0.4305 0.6386
vn -0.5623 -0.4516 0.6928
vn -0.9613 -0.2733 -0.0343
vn -0.9273 -0.3485 -0.1366
vn -0.9241 -0.1853 0.3343
vn -0.9289 -0.3667 0.0520
vn -0.9372 -0.1953 0.2891
vn -0.6816 -0.1083 0.7236
vn -0.6189 -0.2140 0.7558
vn -0.5871 -0.2917 0.7552
vn -0.7259 -0.3605 0.5858
vn -0.8332 -0.2743 0.4802
vn -0.7262 -0.0872 0.6819
vn -0.7132 -0.1726 0.6794
vn -0.5954 -0.3266 0.7341
vn -0.7451 0.0092 0.6669
vn -0.4764 -0.3457 -0.8084
vn -0.5083 -0.4271 -0.7478
vn -0.3259 -0.6650 -0.6720
vn -0.3703 -0.5730 -0.7312
vn -0.6865 -0.5797 -0.4390
vn -0.3968 -0.8203 -0.4119
vn -0.0933 -0.8508 -0.5171
vn -0.1147 -0.9376 -0.3284
vn -0.7727 -0.6212 -0.1304
vn -0.0920 -0.9926 -0.0791
vn -0.4356 -0.8911 -0.1273
vn -0.7561 -0.6356 0.1558
vn -0.1055 -0.9854 0.1334
vn -0.4177 -0.8948 0.1577
vn -0.6655 -0.5930 0.4533
vn -0.3796 -0.8171 0.4339
vn -0.1294 -0.9209 0.3676
vn -0.4939 -0.4662 0.7340
vn -0.3109 -0.6841 0.6598
vn -0.1281 -0.8615 0.4913
vn -0.4840 -0.3657 0.7950
vn -0.1659 -0.8338 0.5265
vn -0.3967 -0.5589 0.7282
vn -0.4725 -0.4403 -0.7634
vn -0.4679 -0.4994 -0.7292
vn -0.2915 -0.7028 -0.6489
vn -0.1638 -0.8268 -0.5381
vn -0.5659 -0.3893 -0.7268
vn -0.2437 -0.7521 0.6124
vn -0.4352 -0.5246 0.7317
vn -0.5872 -0.3952 0.7064
vn -0.4937 -0.4652 -0.7348
vn -0.3190 -0.5213 -0.7915
vn -0.3655 -0.5818 -0.7266
vn -0.4588 -0.4880 0.7425
vn -0.4332 -0.4289 0.7927
vn -0.3012 -0.6613 0.6870
vn -0.9933 -0.1142 -0.0180
vn -0.8875 -0.4604 -0.0196
vn -0.6746 -0.7381 0.0087
vn -0.4285 -0.8855 0.1794
vn -0.3859 -0.8861 0.2568
vn -0.4624 -0.8663 0.1892
vn -0.6985 -0.6529 0.2929
vn -0.9827 0.1772 0.0537
vn -0.9953 -0.0886 -0.0402
vn -0.4599 -0.8689 -0.1829
vn -0.4056 -0.8951 -0.1852
vn -0.8363 -0.5466 -0.0426
vn -0.5560 -0.8205 -0.1330
vn -0.9385 -0.3137 -0.1441
vn -0.9434 -0.3081 0.1229
vn -0.3739 -0.9096 0.1811
vn -0.3435 -0.9150 0.2117
vn -0.4182 -0.9021 0.1061
vn -0.4078 -0.9040 -0.1284
vn -0.2668 -0.9539 -0.1373
vn -0.3466 -0.9208 0.1788
vn -0.2520 -0.9607 0.1162
vn -0.9597 0.1193 -0.2546
vn -0.8125 0.5191 -0.2652
vn -0.8385 0.5212 0.1587
vn -0.9767 0.1427 0.1603
vn -0.6839 0.4250 0.5930
vn -0.8185 -0.0180 0.5742
vn -0.7274 -0.0540 -0.6841
vn -0.6585 0.3842 -0.6471
vn -0.7387 0.6462 -0.1915
vn -0.7446 0.6330 0.2121
vn -0.5887 0.5341 -0.6068
vn -0.5990 0.5199 0.6090
vn -0.3640 0.3648 -0.8570
vn -0.4208 0.2825 -0.8620
vn -0.5473 -0.2131 -0.8093
vn -0.3603 0.3694 0.8566
vn -0.3646 0.2383 0.9002
vn -0.4394 -0.3505 0.8271
vn -0.2679 0.1879 -0.9450
vn -0.4323 -0.2781 -0.8578
vn -0.2608 0.3635 -0.8943
vn -0.2104 0.1941 0.9581
vn -0.3956 -0.3114 0.8640
vn -0.2302 0.4089 0.8831
vn -0.3770 -0.9082 -0.1817
vn -0.3784 -0.8909 -0.2514
vn -0.3830 -0.8793 0.2831
vn -0.4903 -0.6632 -0.5655
vn -0.4751 -0.7590 -0.4452
vn -0.4150 -0.7923 0.4473
vn -0.4321 -0.7274 0.5331
vn -0.5487 -0.7453 -0.3788
vn -0.5015 -0.7703 0.3938
vn -0.6985 -0.4892 -0.5222
vn -0.8541 -0.3427 -0.3912
vn -0.8298 -0.4544 0.3239
vn -0.9580 -0.2336 -0.1665
vn -0.9518 -0.2758 0.1344
vn -0.3227 -0.9334 -0.1568
vn -0.4870 -0.8190 -0.3035
vn -0.5479 -0.5778 -0.6049
vn -0.4994 -0.1761 -0.8483
vn -0.3487 0.1489 -0.9253
vn -0.2820 0.4135 -0.8657
vn -0.4316 0.6071 -0.6672
vn -0.3390 0.5352 -0.7737
vn -0.4636 0.5983 -0.6535
vn -0.6238 0.6156 -0.4816
vn -0.3839 -0.9114 0.1481
vn -0.4813 -0.8457 0.2304
vn -0.5541 -0.7720 0.3113
vn -0.6271 -0.5365 0.5647
vn -0.5677 -0.1100 0.8158
vn -0.3612 0.2591 0.8958
vn -0.3139 0.4914 0.8124
vn -0.3805 0.5342 0.7548
vn -0.5443 0.5324 0.6483
vn -0.5998 0.5393 0.5912
vn -0.2633 -0.9308 0.2536
vn -0.2069 -0.9437 0.2582
vn -0.2150 -0.9586 0.1866
vn -0.2356 -0.9640 0.1234
vn -0.2983 -0.9533 0.0481
vn -0.3699 -0.9283 0.0370
vn -0.3911 -0.9203 0.0027
vn -0.4250 -0.8998 -0.0984
vn -0.8661 -0.2809 0.4135
vn -0.6101 0.7473 0.2634
vn -0.4163 0.9085 0.0361
vn -0.3929 0.9177 -0.0593
vn -0.5029 0.8371 -0.2152
vn -0.6423 0.7233 -0.2536
vn -0.5926 0.7884 -0.1650
vn -0.5634 0.8194 -0.1053
vn -0.5364 0.8433 -0.0338
vn -0.4701 0.8820 0.0340
vn -0.3845 0.9209 0.0641
vn -0.4147 0.9016 0.1233
vn -0.4822 0.8734 0.0682
vn -0.5327 -0.8256 -0.1859
vn -0.4577 -0.8514 -0.2563
vn -0.3303 -0.8650 -0.3777
vn -0.3661 -0.8552 -0.3670
vn -0.3957 -0.7454 -0.5364
vn -0.2823 0.9474 -0.1508
vn -0.5610 0.2790 -0.7794
vn -0.7003 0.5135 -0.4958
vn -0.8009 0.5872 -0.1169
vn -0.7151 -0.5771 -0.3945
vn -0.6050 -0.5480 -0.5777
vn -0.7518 0.6367 -0.1715
vn -0.6927 -0.6058 -0.3915
vn -0.9921 0.0138 -0.1244
vn -0.2634 -0.9335 -0.2435
vn -0.2188 -0.9557 -0.1971
vn -0.2735 -0.9571 -0.0955
vn -0.3025 -0.9497 -0.0813
vn -0.3467 -0.9376 -0.0248
vn -0.3800 -0.9249 -0.0140
vn -0.4525 -0.8915 0.0205
vn -0.4703 -0.8797 0.0702
vn -0.9108 0.1100 -0.3980
vn -0.2088 0.9771 0.0410
vn -0.5490 0.7820 0.2951
vn -0.5350 0.8219 0.1955
vn -0.5428 0.8132 0.2099
vn -0.6444 0.7222 0.2514
vn -0.5975 0.7839 0.1688
vn -0.5937 0.8002 0.0846
vn -0.5346 0.8445 0.0313
vn -0.5251 0.8493 -0.0547
vn -0.4209 0.9033 -0.0829
vn -0.3334 0.9397 -0.0765
vn -0.3326 0.9422 -0.0406
vn -0.5105 -0.8447 0.1605
vn -0.3938 -0.8768 0.2759
vn -0.2510 -0.8832 0.3963
vn -0.2836 -0.8776 0.3865
vn -0.4054 -0.7589 0.5096
vn -0.2711 0.9544 0.1251
vn -0.5903 0.2877 0.7542
vn -0.8009 0.5872 0.1169
vn -0.7001 0.5134 0.4962
vn -0.6048 -0.5479 0.5779
vn -0.7151 -0.5771 0.3944
vn -0.7518 0.6367 0.1715
vn -0.6903 -0.6111 0.3873
vn -0.9947 0.0070 0.1029
vn 0.3093 -0.2747 -0.9104
vn 0.2752 -0.3783 -0.8838
vn 0.1227 -0.2871 -0.9500
vn 0.0912 -0.5552 -0.8267
vn -0.0620 -0.4491 -0.8913
vn -0.1078 -0.6922 -0.7137
vn -0.1294 -0.5869 -0.7993
vn 0.0314 -0.7714 -0.6356
vn -0.0326 -0.6504 -0.7589
vn -0.1266 -0.8191 -0.5594
vn 0.1580 -0.9191 -0.3610
vn 0.0633 -0.9485 -0.3103
vn -0.0982 -0.8888 -0.4477
vn 0.0154 -0.9407 -0.3390
vn 0.0546 -0.9456 -0.3206
vn 0.1019 -0.9705 -0.2183
vn 0.0775 -0.9729 0.2180
vn 0.0229 -0.9333 0.3584
vn 0.0390 -0.9451 0.3243
vn -0.0989 -0.8902 0.4446
vn -0.0039 -0.7203 0.6936
vn -0.1101 -0.8099 0.5761
vn 0.1754 -0.9142 0.3653
vn 0.1403 -0.8493 0.5090
vn -0.0137 -0.7618 0.6477
vn -0.0401 -0.6934 0.7194
vn -0.0992 -0.6818 0.7248
vn -0.1138 -0.6124 0.7823
vn 0.0411 -0.5281 0.8482
vn -0.0289 -0.4389 0.8981
vn 0.1830 -0.3167 0.9307
vn 0.1328 -0.2999 0.9447
vn 0.2085 -0.2366 0.9490
vn 0.2240 -0.2044 0.9529
vn 0.2028 -0.2836 -0.9372
vn 0.2629 -0.4101 -0.8733
vn 0.1325 -0.5269 -0.8396
vn -0.1590 -0.6463 -0.7463
vn -0.2096 -0.7318 -0.6485
vn 0.0480 -0.8850 -0.4631
vn -0.0817 -0.8775 -0.4725
vn -0.1195 -0.9266 -0.3566
vn -0.0413 -0.9835 -0.1763
vn -0.0088 -0.9910 0.1333
vn -0.0672 -0.9423 0.3279
vn -0.0738 -0.8812 0.4669
vn 0.0586 -0.8936 0.4451
vn 0.0645 -0.9588 0.2767
vn -0.0967 -0.8563 0.5073
vn -0.2266 -0.7462 0.6259
vn -0.2242 -0.5796 0.7834
vn -0.0110 -0.4381 0.8989
vn -0.2330 -0.5746 0.7846
vn 0.1259 -0.9902 -0.0604
vn 0.1160 -0.9891 0.0904
vn 0.0133 -0.9989 -0.0443
vn 0.0501 -0.9973 0.0529
vn -0.3365 -0.6531 -0.6784
vn -0.5248 -0.5058 -0.6847
vn -0.6092 -0.6082 -0.5089
vn -0.4124 -0.7748 -0.4792
vn -0.7041 -0.6765 -0.2158
vn -0.4444 -0.8804 -0.1657
vn -0.7281 -0.6812 0.0766
vn -0.4283 -0.9032 -0.0280
vn -0.4330 -0.8904 0.1407
vn -0.3920 -0.8251 0.4070
vn -0.6406 -0.6560 0.3991
vn -0.5202 -0.5334 0.6670
vn -0.3312 -0.6987 0.6341
vn -0.6793 -0.2189 -0.7005
vn -0.5822 -0.3305 -0.7429
vn -0.4092 -0.5656 -0.7160
vn -0.5049 -0.4686 -0.7249
vn -0.6301 -0.1538 -0.7612
vn -0.4351 -0.3875 -0.8127
vn -0.4613 -0.5191 0.7195
vn -0.5913 -0.3227 0.7391
vn -0.7215 -0.2320 0.6524
vn -0.5546 -0.4549 0.6967
vn -0.6460 -0.1358 0.7512
vn -0.5116 -0.3140 0.7998
vn -0.4016 -0.1075 -0.9095
vn -0.1869 -0.2912 -0.9382
vn -0.1564 -0.1066 -0.9819
vn 0.0223 -0.2865 -0.9578
vn -0.0406 -0.1509 -0.9877
vn 0.0445 -0.2359 -0.9708
vn -0.3278 -0.1160 0.9376
vn -0.2239 -0.2341 0.9461
vn -0.0282 -0.1408 0.9896
vn 0.0387 -0.2510 0.9672
vn 0.0699 -0.1806 0.9811
vn 0.0696 -0.2253 0.9718
vn -0.6990 -0.3536 -0.6215
vn -0.7601 -0.2402 -0.6038
vn -0.8097 -0.2036 -0.5504
vn -0.7654 -0.1823 -0.6172
vn -0.7448 -0.1785 -0.6429
vn -0.6278 -0.1565 -0.7625
vn -0.5431 -0.2009 -0.8153
vn -0.8085 -0.1439 0.5706
vn -0.7563 -0.2163 0.6174
vn -0.8308 -0.1946 0.5214
vn -0.7945 -0.1580 0.5863
vn -0.5889 -0.1650 0.7912
vn -0.6618 -0.1445 0.7356
vn -0.3498 -0.1064 -0.9308
vn -0.2865 -0.1309 -0.9491
vn -0.0815 -0.0669 -0.9944
vn -0.0420 -0.0386 -0.9984
vn 0.0897 -0.0795 -0.9928
vn 0.1517 0.0413 -0.9876
vn -0.2757 -0.1176 0.9540
vn -0.3322 -0.1215 0.9354
vn -0.0084 -0.0202 0.9998
vn 0.0272 -0.0906 0.9955
vn 0.2689 0.0420 0.9623
vn 0.1828 -0.1215 0.9756
vn -0.7507 -0.4693 -0.4651
vn -0.8653 -0.4977 -0.0593
vn -0.7855 -0.4776 0.3935
vn -0.7165 -0.3614 0.5967
vn -0.1186 -0.0399 -0.9921
vn -0.0019 0.1501 -0.9887
vn -0.2930 -0.6151 -0.7319
vn -0.3075 -0.5961 0.7417
vn -0.1617 -0.8236 -0.5436
vn -0.2401 -0.7172 -0.6541
vn -0.3953 -0.9180 0.0313
vn -0.3728 0.1199 -0.9201
vn -0.4004 0.0592 -0.9144
vn -0.4507 0.2224 -0.8645
vn -0.5810 0.3489 -0.7353
vn -0.7188 0.4137 -0.5587
vn -0.8089 0.4552 -0.3721
vn -0.8488 0.5041 -0.1592
vn -0.8714 0.4899 0.0252
vn -0.8183 0.4985 0.2861
vn -0.7729 0.4465 0.4509
vn -0.6796 0.4169 0.6035
vn -0.5733 0.3396 0.7456
vn -0.4503 0.2494 0.8573
vn -0.3736 0.1376 0.9173
vn -0.3995 0.0677 0.9142
vn -0.4219 0.1017 -0.9009
vn -0.3958 0.1206 -0.9104
vn -0.4771 0.1893 -0.8582
vn -0.6355 0.2785 -0.7201
vn -0.7508 0.3718 -0.5460
vn -0.8248 0.4481 -0.3447
vn -0.8505 0.4986 -0.1674
vn -0.8608 0.5060 0.0552
vn -0.8300 0.4882 0.2696
vn -0.8026 0.4218 0.4217
vn -0.7258 0.3562 0.5885
vn -0.6209 0.2720 0.7352
vn -0.4874 0.2016 0.8496
vn -0.4062 0.1368 0.9035
vn -0.4090 0.0851 0.9086
vn -0.3818 0.1738 -0.9078
vn -0.3910 0.1769 -0.9032
vn -0.4576 0.2165 -0.8624
vn -0.6228 0.2913 -0.7261
vn -0.7763 0.3442 -0.5280
vn -0.8804 0.3242 -0.3462
vn -0.9217 0.3547 -0.1572
vn -0.9132 0.4024 0.0640
vn -0.8819 0.4048 0.2418
vn -0.8394 0.3729 0.3954
vn -0.7429 0.3544 0.5679
vn -0.6264 0.3202 0.7107
vn -0.4783 0.2235 0.8493
vn -0.4017 0.1743 0.8990
vn -0.3804 0.1836 0.9064
vn -0.9169 0.1980 0.3466
vn 0.5764 -0.4774 0.6632
vn 0.5164 -0.4411 0.7340
vn 0.5258 -0.1351 0.8398
vn 0.6206 -0.0773 0.7803
vn 0.7125 -0.4271 0.5567
vn 0.7628 -0.0090 0.6465
vn 0.9450 0.0227 0.3264
vn 0.8574 -0.3632 0.3647
vn 0.7984 -0.3620 0.4811
vn 0.8792 0.0394 0.4749
vn 0.8948 -0.3808 0.2331
vn 0.9814 -0.0064 0.1918
vn -0.0859 0.9295 0.3587
vn -0.1051 0.9689 0.2240
vn -0.2881 0.9409 0.1781
vn -0.3052 0.8812 0.3609
vn -0.0882 0.9958 0.0244
vn -0.0797 0.9914 -0.1039
vn -0.3052 0.9500 -0.0664
vn -0.3103 0.9489 0.0582
vn -0.1180 0.7826 0.6113
vn -0.3066 0.7467 0.5903
vn -0.3303 0.5591 0.7605
vn -0.0900 0.8499 0.5192
vn -0.2095 0.3201 0.9239
vn -0.3225 0.2693 0.9074
vn -0.2703 0.0671 0.9604
vn -0.2910 0.2162 0.9320
vn -0.3480 0.3058 0.8862
vn -0.3037 0.4266 0.8519
vn -0.2428 0.2836 0.9277
vn -0.4308 0.1458 0.8906
vn -0.3383 0.1190 0.9335
vn -0.3442 0.3163 0.8840
vn -0.4032 0.2779 0.8719
vn -0.2567 0.8455 -0.4683
vn -0.0600 0.9034 -0.4245
vn -0.0984 0.8196 -0.5644
vn -0.2125 0.7632 -0.6102
vn -0.2702 0.9289 -0.2534
vn -0.0496 0.9716 -0.2312
vn -0.1596 0.7332 -0.6610
vn -0.2487 0.4556 -0.8548
vn -0.2597 0.1581 -0.9527
vn -0.1905 0.5563 -0.8088
vn -0.5703 0.7072 0.4180
vn -0.5141 0.5682 0.6425
vn -0.3300 0.2585 0.9079
vn -0.3190 0.2801 0.9054
vn -0.3731 0.1927 0.9076
vn -0.4697 0.2922 0.8330
vn -0.5836 0.7664 0.2684
vn -0.3459 -0.0730 -0.9354
vn -0.3721 -0.2320 -0.8987
vn -0.4115 0.0152 -0.9113
vn -0.2915 0.2768 -0.9156
vn -0.4568 0.6341 -0.6239
vn -0.4783 0.7476 -0.4608
vn -0.3414 0.5856 -0.7352
vn -0.4826 0.4198 -0.7687
vn -0.5315 0.8123 -0.2403
vn -0.5863 0.8095 -0.0315
vn -0.5746 0.8171 0.0464
vn -0.4092 0.0518 -0.9110
vn -0.4216 0.1523 -0.8939
vn -0.3869 0.2483 -0.8881
vn -0.3639 0.2614 -0.8940
vn -0.3338 0.1254 -0.9343
vn -0.3487 0.2467 -0.9042
vn -0.3561 0.2852 -0.8899
vn -0.3692 0.2671 -0.8902
vn -0.3009 -0.1596 -0.9402
vn -0.3471 0.0533 -0.9363
vn -0.3125 0.0253 -0.9496
vn -0.2893 0.0890 -0.9531
vn -0.3374 0.2360 -0.9113
vn -0.3493 -0.0651 -0.9347
vn -0.3116 -0.0017 -0.9502
vn -0.1697 0.6126 0.7719
vn -0.0032 0.6938 0.7201
vn -0.0034 0.8322 0.5545
vn 0.1610 0.6277 -0.7616
vn 0.0649 0.3592 -0.9310
vn -0.1264 0.2783 -0.9521
vn -0.0212 0.5951 -0.8034
vn 0.2323 0.9364 -0.2630
vn 0.2249 0.9045 -0.3624
vn 0.0950 0.9161 -0.3896
vn 0.0874 0.9623 -0.2577
vn -0.0985 0.4847 0.8691
vn -0.1218 0.3175 0.9404
vn -0.1822 0.1024 0.9779
vn -0.0841 0.3620 0.9284
vn -0.1114 0.3521 0.9293
vn 0.0575 0.3850 0.9211
vn 0.1286 0.6840 0.7181
vn -0.0169 0.8719 0.4894
vn 0.0261 0.9465 0.3215
vn 0.0492 0.9801 0.1923
vn 0.2136 0.9420 0.2589
vn 0.2269 0.9609 0.1585
vn 0.1646 0.8777 0.4500
vn -0.1585 0.2592 -0.9527
vn -0.2250 0.3400 -0.9131
vn -0.2615 0.2241 -0.9388
vn -0.2701 0.0518 -0.9614
vn 0.0361 0.7958 -0.6045
vn 0.0476 0.8627 -0.5035
vn 0.1861 0.8500 -0.4929
vn 0.0784 0.9892 -0.1242
vn 0.0722 0.9973 0.0149
vn 0.1252 0.7962 0.5919
vn 0.2425 0.9627 -0.1203
vn 0.2324 0.9726 -0.0116
vn 0.1941 0.7656 -0.6133
vn 0.4439 0.8656 0.2316
vn 0.4250 0.8249 0.3726
vn -0.1018 0.1447 -0.9842
vn -0.0740 -0.0333 -0.9967
vn 0.3986 0.7474 0.5315
vn 0.3547 0.5957 0.7206
vn 0.4496 0.8835 0.1313
vn 0.6345 0.7140 0.2958
vn 0.6497 0.7475 0.1386
vn 0.0423 0.3710 -0.9277
vn 0.1373 0.3628 -0.9217
vn 0.2279 0.3578 -0.9056
vn 0.3360 0.5498 -0.7647
vn 0.3819 0.6817 -0.6240
vn 0.4278 0.7572 -0.4936
vn 0.4337 0.8393 -0.3279
vn 0.6285 0.6403 -0.4416
vn 0.5364 0.5514 -0.6390
vn 0.4238 0.8739 -0.2382
vn 0.4548 0.8859 -0.0911
vn 0.4652 0.8852 -0.0081
vn 0.6651 0.5763 0.4749
vn 0.1132 0.1072 -0.9878
vn 0.3772 0.3631 -0.8520
vn 0.2980 0.3461 -0.8896
vn 0.6561 0.7540 -0.0320
vn 0.6400 0.7552 -0.1415
vn 0.6525 0.7028 -0.2834
vn 0.2550 0.3178 -0.9132
vn 0.5291 0.5238 0.6675
vn 0.5235 0.2993 -0.7977
vn 0.5669 0.2015 0.7988
vn 0.4018 0.3302 0.8541
vn 0.2884 0.1185 0.9501
vn 0.7424 0.3662 0.5610
vn 0.6265 0.4576 0.6309
vn 0.8594 0.4198 0.2920
vn 0.7664 0.5539 0.3255
vn 0.7881 0.6003 0.1358
vn 0.4212 0.2052 -0.8834
vn 0.2394 0.0550 -0.9694
vn 0.0803 -0.1132 -0.9903
vn 0.6681 0.4067 -0.6231
vn 0.7438 0.5617 -0.3622
vn 0.7619 0.6256 -0.1676
vn 0.7854 0.6170 -0.0494
vn 0.8645 0.5000 -0.0512
vn 0.8632 0.4819 -0.1503
vn 0.8248 0.4142 -0.3849
vn 0.7438 0.2759 -0.6088
vn 0.6313 0.2276 -0.7413
vn 0.4396 0.0903 -0.8936
vn 0.8561 0.4854 0.1773
vn 0.9154 0.3676 -0.1641
vn 0.8688 0.2690 -0.4158
vn 0.8903 0.3338 0.3097
vn 0.9332 0.1939 0.3024
vn 0.9606 0.2021 0.1906
vn 0.8899 0.3932 0.2314
vn 0.7979 0.2331 0.5559
vn 0.8292 0.0901 0.5516
vn 0.6144 0.1066 0.7817
vn 0.6642 0.0036 0.7476
vn 0.4027 -0.0465 0.9142
vn 0.0860 -0.1059 0.9907
vn 0.1282 -0.1670 0.9776
vn 0.9137 0.3958 -0.0919
vn 0.7829 0.1768 -0.5965
vn 0.6873 0.1351 -0.7137
vn 0.4928 -0.0035 -0.8702
vn 0.1320 -0.1658 -0.9773
vn 0.7273 0.0345 -0.6855
vn 0.8110 0.0799 -0.5796
vn 0.9743 0.2164 -0.0624
vn 0.9607 0.2170 -0.1734
vn 0.8937 0.1250 -0.4309
vn 0.9977 0.0267 -0.0621
vn 0.9848 -0.0213 -0.1722
vn 0.8361 -0.0531 -0.5460
vn 0.7377 -0.0818 -0.6701
vn 0.5201 -0.1762 -0.8357
vn 0.9856 0.0312 0.1663
vn 0.9545 -0.0098 0.2980
vn 0.9264 -0.2271 0.3004
vn 0.9716 -0.1783 0.1554
vn 0.8491 -0.1149 0.5155
vn 0.8315 -0.2974 0.4692
vn 0.6840 -0.1231 0.7190
vn 0.4437 -0.1769 0.8785
vn 0.4721 -0.3522 0.8081
vn 0.6948 -0.3272 0.6405
vn 0.2120 -0.2815 0.9358
vn 0.9615 -0.2278 -0.1540
vn 0.9071 -0.2311 -0.3517
vn 0.9046 -0.0368 -0.4246
vn 0.1758 -0.3255 -0.9291
vn 0.4936 -0.3837 -0.7805
vn 0.7234 -0.2843 -0.6291
vn 0.8374 -0.2376 -0.4923
vn 0.9777 -0.1686 -0.1252
vn 0.6551 -0.5321 0.5364
vn 0.7553 -0.5104 0.4111
vn 0.4688 -0.5313 0.7056
vn 0.2375 -0.5158 0.8231
vn 0.8316 -0.4842 0.2720
vn 0.8751 -0.4557 0.1630
vn 0.5923 -0.5705 -0.5690
vn 0.4572 -0.5839 -0.6708
vn 0.7395 -0.5092 -0.4403
vn 0.2360 -0.5325 -0.8129
vn 0.8327 -0.4536 -0.3177
vn 0.8969 -0.4171 -0.1468
vn 0.8994 -0.4311 -0.0721
vn 0.5856 -0.6570 -0.4748
vn 0.5014 -0.6585 -0.5612
vn 0.2898 -0.6282 0.7220
vn 0.3583 -0.6792 0.6406
vn 0.5706 -0.6802 0.4602
vn 0.6542 -0.6484 0.3895
vn 0.7425 -0.6099 0.2771
vn 0.7857 -0.5977 0.1592
vn 0.3649 -0.5893 -0.7208
vn 0.4689 -0.6429 -0.6056
vn 0.6973 -0.6311 -0.3397
vn 0.7912 -0.5985 -0.1259
vn 0.8124 -0.5830 -0.0092
vn 0.6592 -0.0655 -0.7491
vn 0.5129 -0.1410 -0.8468
vn 0.5135 -0.4096 -0.7540
vn 0.6485 -0.3818 -0.6586
vn 0.7266 -0.3752 -0.5755
vn 0.7909 0.0105 -0.6118
vn 0.8102 -0.4054 -0.4234
vn 0.9237 0.0281 -0.3820
vn 0.8712 0.0315 -0.4899
vn 0.7624 -0.4131 -0.4981
vn 0.9128 -0.4063 -0.0423
vn 0.9976 -0.0115 -0.0682
vn 0.9791 -0.0055 -0.2035
vn 0.8712 -0.4334 -0.2305
vn 0.2079 0.4074 0.8893
vn 0.4033 0.4637 0.7889
vn 0.1149 0.4405 0.8904
vn 0.1698 0.4272 0.8881
vn 0.0967 0.2576 0.9614
vn -0.0216 0.0823 0.9964
vn -0.4233 0.0472 0.9047
vn -0.3274 -0.0076 0.9449
vn -0.2119 -0.0588 0.9755
vn -0.0930 -0.2295 0.9689
vn -0.1311 -0.3039 0.9436
vn -0.0385 -0.1523 0.9876
vn 0.0293 -0.2751 0.9610
vn 0.1075 -0.4109 0.9053
vn 0.2571 -0.5356 0.8044
vn 0.3742 -0.2598 0.8902
vn 0.4034 -0.4693 0.7855
vn 0.3760 -0.2192 -0.9003
vn 0.4227 -0.4218 -0.8022
vn 0.2899 -0.4778 -0.8293
vn 0.0918 -0.4232 -0.9014
vn 0.0284 -0.2938 -0.9554
vn -0.0828 -0.2180 -0.9724
vn -0.1723 -0.3205 -0.9315
vn -0.1274 -0.2240 -0.9662
vn -0.2495 -0.0536 -0.9669
vn -0.7731 0.5952 -0.2193
vn -0.7973 0.6035 0.0106
vn -0.8956 0.3429 -0.2834
vn -0.8870 0.4618 -0.0048
vn -0.9526 0.0072 -0.3042
vn -0.9392 0.0417 -0.3409
vn -0.9882 0.1108 -0.1062
vn -0.9870 0.1464 -0.0666
vn -0.7693 0.6362 0.0582
vn -0.8341 0.5514 0.0146
vn -0.9712 0.2372 0.0237
vn -0.8170 0.4894 0.3049
vn -0.9700 0.1043 0.2194
vn -0.9283 0.2080 0.3083
vn -0.7012 0.5817 0.4122
vn -0.7203 0.6203 0.3105
vn -0.7603 0.4812 0.4364
vn -0.8322 0.2585 0.4905
vn -0.6127 0.4527 0.6478
vn -0.7256 0.2016 0.6579
vn -0.6316 0.2632 0.7292
vn -0.6364 0.1915 0.7472
vn -0.7194 0.2275 0.6563
vn -0.5300 0.2913 0.7964
vn -0.4946 0.2623 0.8286
vn -0.7328 0.4807 -0.4816
vn -0.6733 0.3612 -0.6451
vn -0.6985 0.2093 -0.6843
vn -0.5093 -0.0788 -0.8570
vn -0.5948 -0.0936 -0.7984
vn -0.4945 -0.0441 -0.8681
vn -0.4418 -0.1713 -0.8806
vn -0.8484 0.2538 -0.4645
vn -0.7927 0.1232 -0.5970
vn -0.7408 -0.0166 -0.6715
vn -0.7105 -0.0087 -0.7037
vn -0.8073 0.0786 -0.5849
vn -0.8003 -0.0991 -0.5913
vn -0.8806 -0.0350 -0.4725
vn -0.8784 0.0549 -0.4748
vn -0.9781 0.1770 0.1093
vn -0.9363 0.1866 0.2975
vn -0.8412 0.2203 0.4938
vn -0.4165 0.2793 0.8652
vn -0.3938 0.2359 0.8884
vn -0.5126 0.3031 0.8034
vn -0.3678 0.2312 -0.9007
vn -0.4687 0.2091 -0.8583
vn -0.6588 0.2223 -0.7188
vn -0.3983 0.0795 -0.9138
vn -0.2407 0.1764 -0.9544
vn -0.5587 0.4653 -0.6865
vn -0.4452 0.1277 -0.8863
vn -0.1839 0.0434 -0.9820
vn -0.6144 -0.0720 -0.7857
vn -0.5260 -0.0586 -0.8485
vn -0.4247 0.1512 -0.8926
vn -0.2055 -0.4551 -0.8664
vn -0.5553 0.1504 -0.8179
vn -0.5146 0.2463 -0.8213
vn -0.4585 -0.0120 -0.8886
vn -0.6954 0.4081 -0.5915
vn -0.1526 -0.1495 -0.9769
vn -0.1721 -0.1129 -0.9786
vn -0.3757 0.0592 -0.9248
vn -0.4092 -0.0022 -0.9125
vn -0.2164 -0.1462 -0.9653
vn -0.3395 -0.0269 -0.9402
vn -0.3194 -0.3556 -0.8784
vn -0.6514 -0.4988 -0.5717
vn -0.4425 0.0446 -0.8957
vn -0.3156 -0.4216 -0.8501
vn -0.2012 -0.3342 -0.9208
vn -0.3542 -0.3642 -0.8613
vn 0.8391 -0.1149 -0.5318
vn 0.8325 -0.3221 -0.4509
vn -0.1155 0.5452 -0.8303
vn -0.3761 0.4498 -0.8101
vn 0.0876 0.9437 -0.3191
vn -0.2755 0.8956 -0.3493
vn 0.9965 -0.0564 0.0623
vn 0.9184 -0.3904 0.0651
vn 0.7552 -0.5347 -0.3792
vn 0.6581 -0.6074 -0.4448
vn 0.5425 -0.7636 -0.3503
vn -0.1064 -0.1717 -0.9794
vn 0.5528 -0.7831 0.2848
vn 0.4238 -0.8590 0.2871
vn 0.4451 -0.6790 0.5838
vn 0.5527 -0.6029 0.5753
vn 0.8910 -0.3041 0.3371
vn 0.7847 -0.5172 0.3417
vn 0.6711 -0.3183 0.6695
vn 0.7258 -0.1496 0.6715
vn 0.8688 0.0192 0.4948
vn 0.7386 0.0930 0.6677
vn 0.3105 0.9000 0.3060
vn -0.0149 0.9559 0.2934
vn 0.3118 0.7525 0.5801
vn 0.5088 -0.8608 0.0111
vn 0.6481 -0.7030 0.2927
vn 0.6064 -0.7948 -0.0248
vn -0.4855 -0.8727 -0.0520
vn -0.2227 -0.9749 0.0019
vn 0.1123 -0.9572 0.2667
vn -0.0297 -0.9995 0.0132
vn -0.0712 -0.9472 -0.3127
vn 0.2605 -0.9487 0.1791
vn 0.6059 -0.4160 0.6781
vn 0.6912 -0.6323 0.3500
vn -0.5841 0.8113 0.0262
vn -0.6514 0.7411 -0.1625
vn -0.7416 0.4718 -0.4769
vn -0.1469 0.9307 0.3351
vn -0.2866 0.8665 -0.4087
vn 0.2952 0.9484 -0.1153
vn -0.7490 -0.4042 -0.5250
vn 0.2484 -0.8743 -0.4171
vn 0.5157 -0.8457 0.1371
vn -0.4449 -0.0448 -0.8945
vn -0.4364 -0.1124 -0.8927
vn -0.3455 -0.1429 -0.9275
vn -0.3083 0.0134 -0.9512
vn -0.2202 -0.0544 -0.9739
vn -0.6358 0.0992 -0.7655
vn -0.4409 -0.0688 -0.8949
vn 0.8432 0.0678 -0.5334
vn -0.2709 -0.1308 -0.9537
vn 0.6861 0.3690 -0.6270
vn 0.4401 0.5154 -0.7353
vn -0.3773 -0.2395 -0.8946
vn 0.1509 0.6387 -0.7545
vn 0.9501 0.2989 0.0891
vn 0.5332 0.8148 0.2274
vn 0.7304 0.6779 -0.0832
vn 0.6281 0.4131 0.6594
vn 0.5588 0.4634 0.6878
vn 0.7711 -0.6289 -0.0994
vn 0.8067 -0.4103 -0.4252
vn -0.4607 0.6390 -0.6160
vn 0.0581 -0.0308 -0.9978
vn -0.2735 0.0213 -0.9616
vn -0.3082 0.0148 -0.9512
vn -0.0936 -0.2015 -0.9750
vn -0.4383 -0.1311 -0.8892
vn -0.3920 -0.1047 -0.9140
vn -0.4010 -0.1934 -0.8954
vn 0.7576 0.3032 0.5780
vn 0.6936 0.2935 0.6579
vn 0.9388 0.3323 -0.0906
vn 0.9640 -0.1063 -0.2436
vn -0.4467 -0.2958 -0.8444
vn 0.7137 0.6814 0.1622
vn -0.5327 0.7407 -0.4093
vn -0.2674 0.9375 0.2228
vn -0.2310 0.4088 -0.8829
vn -0.2650 0.6053 -0.7506
vn 0.7918 -0.6107 0.0003
vn -0.2694 0.0895 -0.9589
vn 0.6627 -0.7296 0.1689
vn 0.6621 -0.7477 -0.0498
vn 0.6131 -0.5185 0.5961
vn 0.4160 -0.8387 -0.3514
vn -0.1222 -0.3621 -0.9241
vn 0.6161 -0.7568 0.2184
vn 0.3848 -0.9040 0.1863
vn -0.1364 0.1166 -0.9838
vn -0.5386 -0.3348 -0.7732
vn -0.0170 0.0273 -0.9995
vn -0.2615 -0.2057 -0.9430
vn -0.6009 -0.3416 -0.7227
vn -0.4142 0.0170 -0.9100
vn -0.3337 0.1866 -0.9240
vn -0.3607 0.0466 -0.9315
vn -0.3818 0.2894 -0.8778
vn -0.4474 0.4841 -0.7520
vn 0.0126 0.5795 -0.8149
vn 0.2416 -0.2010 -0.9493
vn -0.1321 -0.4386 -0.8889
vn 0.4734 -0.5170 -0.7132
vn -0.1158 -0.0713 -0.9907
vn 0.5267 -0.0876 -0.8455
vn -0.2448 0.0557 -0.9680
vn 0.1491 -0.1293 -0.9803
vn -0.5537 -0.0351 -0.8320
vn -0.2958 -0.1478 -0.9437
vn -0.2455 -0.1919 -0.9502
vn 0.2173 0.1388 -0.9662
vn 0.0481 -0.1170 -0.9920
vn -0.4087 0.3475 -0.8439
vn -0.5487 -0.0217 -0.8357
vn -0.4771 0.3541 -0.8043
vn -0.5108 0.3803 -0.7710
vn -0.4048 -0.3759 -0.8335
vn -0.1316 -0.2437 -0.9609
vn -0.3645 0.1037 -0.9254
vn -0.2889 -0.5213 -0.8030
vn -0.4772 -0.2770 -0.8340
vn 0.5842 -0.2387 -0.7757
vn 0.8632 -0.0878 -0.4971
vn 0.7906 -0.4906 -0.3664
vn 0.3058 -0.1767 -0.9356
vn 0.1039 -0.1938 -0.9755
vn -0.0382 -0.6929 -0.7201
vn -0.5372 -0.5708 -0.6210
vn 0.2644 0.2790 -0.9232
vn -0.3535 -0.4007 -0.8453
vn -0.3003 -0.6872 -0.6615
vn -0.3365 -0.4707 -0.8156
vn -0.4640 -0.6521 -0.5996
vn -0.6422 -0.1873 -0.7433
vn -0.4480 0.1327 0.8841
vn -0.5710 0.4839 0.6631
vn -0.2498 0.1999 0.9474
vn -0.1851 0.0474 0.9816
vn -0.6143 -0.0721 0.7857
vn -0.4477 0.1565 0.8804
vn -0.5260 -0.0586 0.8484
vn -0.3039 -0.2186 0.9273
vn -0.2055 -0.4552 0.8664
vn -0.5225 0.2622 0.8113
vn -0.5411 0.1459 0.8282
vn -0.4508 -0.0397 0.8917
vn -0.6488 0.4788 0.5914
vn -0.7531 0.4490 0.4809
vn -0.1526 -0.1495 0.9769
vn -0.4200 0.0186 0.9073
vn -0.3756 0.0591 0.9249
vn -0.1722 -0.1129 0.9786
vn -0.2163 -0.1462 0.9653
vn -0.3997 -0.0551 0.9150
vn -0.3194 -0.3558 0.8783
vn -0.4486 0.0203 0.8935
vn -0.6513 -0.4990 0.5717
vn -0.3157 -0.4216 0.8501
vn -0.3542 -0.3642 0.8613
vn -0.2012 -0.3342 0.9208
vn 0.8325 -0.3221 0.4509
vn 0.8391 -0.1149 0.5317
vn -0.1714 0.5528 0.8155
vn -0.3791 0.4662 0.7994
vn 0.0804 0.9551 0.2852
vn -0.2608 0.8938 0.3648
vn 0.9965 -0.0564 -0.0623
vn 0.9183 -0.3904 -0.0651
vn 0.7551 -0.5347 0.3793
vn -0.1065 -0.1716 0.9794
vn 0.5424 -0.7635 0.3504
vn 0.6581 -0.6074 0.4449
vn 0.5543 -0.7743 -0.3052
vn 0.5527 -0.6030 -0.5753
vn 0.4451 -0.6791 -0.5837
vn 0.4192 -0.8506 -0.3174
vn 0.8994 -0.3126 -0.3055
vn 0.7258 -0.1497 -0.6715
vn 0.6711 -0.3183 -0.6695
vn 0.7859 -0.5197 -0.3350
vn 0.8690 0.0189 -0.4944
vn 0.7386 0.0930 -0.6677
vn 0.2961 0.9118 -0.2847
vn 0.3108 0.7536 -0.5792
vn -0.0395 0.9653 -0.2582
vn 0.5054 -0.8616 -0.0466
vn 0.5950 -0.8025 0.0442
vn 0.6456 -0.7080 -0.2862
vn 0.1187 -0.9511 -0.2851
vn -0.2225 -0.9749 -0.0017
vn -0.4797 -0.8766 0.0381
vn 0.0109 -0.9932 -0.1160
vn 0.2606 -0.9487 -0.1792
vn -0.0710 -0.9473 0.3125
vn 0.6059 -0.4160 -0.6781
vn 0.6917 -0.6354 -0.3433
vn -0.5734 0.8173 -0.0564
vn -0.6106 0.7781 0.1477
vn -0.1399 0.9328 -0.3321
vn 0.2908 0.9507 0.1075
vn -0.2924 0.8730 0.3904
vn -0.7489 -0.4043 0.5250
vn 0.2483 -0.8743 0.4170
vn 0.5157 -0.8457 -0.1372
vn -0.4449 -0.0448 0.8945
vn -0.3455 -0.1429 0.9275
vn -0.4365 -0.1124 0.8927
vn -0.3082 0.0134 0.9512
vn -0.2202 -0.0544 0.9739
vn -0.6356 0.0991 0.7656
vn -0.4409 -0.0688 0.8949
vn 0.8431 0.0678 0.5334
vn 0.6861 0.3690 0.6269
vn -0.2708 -0.1308 0.9537
vn 0.4401 0.5154 0.7353
vn 0.1659 0.6211 0.7660
vn -0.3773 -0.2394 0.8946
vn 0.9501 0.2989 -0.0891
vn 0.7304 0.6779 0.0833
vn 0.5452 0.8041 -0.2371
vn 0.6282 0.4131 -0.6594
vn 0.5588 0.4634 -0.6878
vn 0.7672 -0.6336 0.0995
vn 0.8888 -0.3951 0.2321
vn -0.4860 0.6181 0.6179
vn 0.0579 -0.0308 0.9978
vn -0.0936 -0.2015 0.9750
vn -0.3082 0.0148 0.9512
vn -0.2736 0.0213 0.9616
vn -0.4384 -0.1310 0.8892
vn -0.3873 -0.1010 0.9164
vn -0.4010 -0.1934 0.8954
vn 0.7584 0.3027 -0.5772
vn 0.6936 0.2935 -0.6578
vn 0.9421 0.3192 0.1032
vn 0.9553 -0.1116 0.2739
vn -0.4467 -0.2957 0.8444
vn 0.7303 0.6589 -0.1806
vn -0.5356 0.7290 0.4262
vn -0.3213 0.9345 -0.1533
vn 0.7918 -0.6107 -0.0003
vn -0.2693 0.0893 0.9589
vn 0.6626 -0.7297 -0.1688
vn 0.6591 -0.7492 0.0653
vn 0.6130 -0.5185 -0.5961
vn -0.1222 -0.3621 0.9241
vn 0.4159 -0.8388 0.3513
vn 0.6160 -0.7569 -0.2184
vn 0.3743 -0.8981 -0.2308
vn -0.4903 -0.3905 0.7792
vn -0.1301 0.1025 0.9862
vn -0.2294 -0.1863 0.9553
vn -0.3041 -0.0866 0.9487
vn -0.4141 0.0170 0.9101
vn -0.3337 0.1865 0.9241
vn -0.3532 0.2998 0.8862
vn -0.3408 0.0315 0.9396
vn -0.4604 0.2842 0.8410
vn -0.4436 0.7040 0.5546
vn -0.0577 0.5736 0.8171
vn 0.2418 -0.2013 0.9492
vn 0.4426 -0.5119 0.7362
vn -0.2139 -0.3316 0.9188
vn 0.4946 -0.0968 0.8637
vn -0.2012 -0.0402 0.9787
vn 0.1488 -0.1291 0.9804
vn -0.2428 0.0508 0.9687
vn -0.5593 -0.0315 0.8283
vn -0.2958 -0.1477 0.9438
vn -0.2455 -0.1919 0.9502
vn 0.2173 0.1388 0.9662
vn 0.0481 -0.1170 0.9920
vn -0.5267 -0.0097 0.8500
vn -0.4087 0.3476 0.8439
vn -0.5046 0.3858 0.7724
vn -0.4822 0.3928 0.7831
vn -0.1316 -0.2438 0.9609
vn -0.4347 -0.3714 0.8204
vn -0.3646 0.1039 0.9254
vn -0.2889 -0.5213 0.8030
vn -0.4773 -0.2768 0.8340
vn 0.8631 -0.0879 0.4973
vn 0.5838 -0.2387 0.7760
vn 0.7907 -0.4906 0.3663
vn 0.1038 -0.1938 0.9755
vn 0.3058 -0.1768 0.9355
vn -0.0379 -0.6928 0.7201
vn -0.5371 -0.5708 0.6210
vn 0.2453 0.3376 0.9088
vn -0.3002 -0.6872 0.6615
vn -0.3536 -0.4006 0.8453
vn -0.4639 -0.6522 0.5995
vn -0.3364 -0.4708 0.8156
vn -0.6422 -0.1873 0.7433
vn -0.3688 0.0760 -0.9264
vn -0.1826 0.0161 -0.9831
vn -0.1484 -0.1155 -0.9822
vn -0.1172 -0.1785 -0.9769
vn -0.0550 -0.1751 -0.9830
vn 0.1002 -0.2405 -0.9655
vn 0.1620 -0.4069 -0.8990
vn 0.1052 -0.4081 -0.9069
vn 0.0018 -0.2552 -0.9669
vn 0.0971 -0.2042 -0.9741
vn 0.2278 -0.1457 -0.9627
vn 0.3484 0.0290 -0.9369
vn 0.2441 0.2897 -0.9255
vn -0.3756 0.0925 0.9222
vn -0.1856 0.0171 0.9825
vn -0.1487 -0.1284 0.9805
vn -0.1371 -0.1666 0.9764
vn -0.0748 -0.1596 0.9843
vn 0.0105 -0.2240 0.9745
vn 0.1261 -0.3237 0.9377
vn 0.1003 -0.4229 0.9006
vn 0.0362 -0.4003 0.9157
vn 0.1264 -0.2626 0.9566
vn 0.2417 -0.1689 0.9555
vn 0.1331 -0.3648 -0.9215
vn 0.0563 -0.2426 -0.9685
vn 0.2920 -0.4258 -0.8564
vn 0.2187 -0.4407 -0.8706
vn 0.2019 -0.4208 -0.8844
vn 0.1723 -0.4564 -0.8729
vn 0.0136 -0.4047 -0.9144
vn 0.1661 -0.5416 -0.8241
vn 0.0830 -0.5968 -0.7981
vn 0.0252 -0.4757 -0.8792
vn -0.0270 -0.2766 -0.9606
vn -0.0650 -0.2268 -0.9718
vn -0.0799 -0.1866 -0.9792
vn -0.0791 -0.1830 -0.9799
vn -0.0635 -0.1033 -0.9926
vn -0.0322 -0.0226 -0.9992
vn -0.0550 -0.0577 -0.9968
vn 0.0260 -0.1145 -0.9931
vn -0.0892 -0.3001 -0.9497
vn 0.0045 -0.2795 -0.9601
vn -0.0709 -0.4721 -0.8787
vn -0.0268 -0.3409 -0.9397
vn -0.1620 -0.3854 -0.9084
vn -0.1910 -0.0192 -0.9814
vn -0.2229 -0.1823 -0.9576
vn -0.1278 -0.0421 -0.9909
vn -0.0262 -0.1825 -0.9829
vn 0.1174 0.7897 -0.6022
vn 0.7844 0.2155 -0.5817
vn 0.6075 0.6596 -0.4427
vn 0.7937 -0.1680 -0.5847
vn 0.6248 -0.4249 -0.6550
vn -0.1216 -0.4954 -0.8601
vn -0.1625 -0.3238 -0.9321
vn -0.2375 -0.1781 -0.9549
vn -0.2849 -0.0359 -0.9579
vn -0.1178 -0.1764 0.9772
vn -0.0999 -0.1931 0.9761
vn -0.0961 -0.0954 0.9908
vn -0.0408 -0.0257 0.9988
vn 0.0257 -0.1176 0.9927
vn -0.0666 -0.0837 0.9943
vn -0.0797 -0.3238 0.9428
vn 0.0071 -0.2922 0.9563
vn -0.0850 -0.3890 0.9173
vn -0.1253 -0.4326 0.8928
vn -0.1005 -0.0906 0.9908
vn -0.1080 -0.2991 0.9481
vn -0.1341 -0.0261 0.9906
vn -0.2156 -0.1263 0.9683
vn -0.0981 -0.1659 0.9813
vn -0.0441 -0.2733 0.9609
vn 0.1732 -0.2774 0.9450
vn 0.1760 -0.4524 0.8743
vn 0.2347 -0.4589 0.8569
vn 0.1899 -0.4571 0.8689
vn 0.2186 -0.4370 0.8725
vn 0.1144 -0.5446 0.8309
vn 0.1026 -0.6254 0.7735
vn -0.0494 -0.4822 0.8747
vn -0.0886 -0.3393 0.9365
vn -0.1193 -0.2314 0.9655
vn -0.2793 0.6221 0.7314
vn 0.1452 0.8053 0.5749
vn 0.7544 0.2403 0.6108
vn 0.7597 -0.1693 0.6278
vn 0.5869 0.6748 0.4475
vn -0.2296 0.3188 0.9196
vn -0.3158 -0.0125 0.9487
vn -0.2145 -0.1532 0.9646
vn -0.1710 -0.3191 0.9322
vn -0.2188 -0.3828 0.8976
vn -0.1286 -0.4636 0.8767
vn -0.1500 -0.6287 -0.7631
vn 0.2131 -0.8453 -0.4900
vn 0.0089 -0.7347 -0.6784
vn -0.0177 -0.8339 -0.5516
vn -0.4989 -0.4232 -0.7563
vn -0.5179 -0.4248 0.7425
vn 0.1101 -0.2787 -0.9540
vn 0.9460 0.1619 0.2810
vn 0.9747 0.1450 0.1702
vn 0.9870 0.1472 -0.0641
vn 0.9746 0.1527 -0.1638
vn 0.9219 0.1687 -0.3488
vn 0.8471 0.1756 -0.5016
vn 0.7399 0.1382 -0.6584
vn 0.8191 0.3069 -0.4847
vn 0.6810 0.3066 -0.6650
vn 0.8607 0.1877 0.4732
vn 0.7248 0.1755 0.6662
vn 0.5097 0.0723 0.8573
vn 0.5828 0.0609 -0.8103
vn 0.5177 0.2800 -0.8085
vn 0.3905 -0.0598 0.9187
vn 0.4619 -0.0495 -0.8856
vn -0.9648 0.0318 -0.2611
vn -0.7645 0.1742 -0.6207
vn -0.8093 0.1211 -0.5748
vn -0.9795 -0.0053 -0.2015
vn -0.6172 0.2101 -0.7582
vn -0.6466 0.1886 -0.7392
vn -0.9984 0.0116 -0.0557
vn -0.9987 0.0014 -0.0512
vn -0.9648 0.0318 0.2610
vn -0.9795 -0.0053 0.2014
vn -0.8045 0.1225 0.5812
vn -0.7646 0.1733 0.6208
vn -0.6365 0.1915 0.7471
vn -0.6150 0.2101 0.7600
vn -0.9987 0.0014 0.0512
vn -0.9984 0.0116 0.0557
vn -0.7415 -0.6709 0.0007
vn -0.9476 -0.3194 -0.0080
vn -0.9345 -0.3127 -0.1701
vn -0.7395 -0.6305 -0.2357
vn -0.8230 -0.3343 -0.4592
vn -0.6877 -0.1354 -0.7133
vn -0.6530 -0.4687 -0.5949
vn -0.6700 -0.1199 -0.7326
vn -0.4532 -0.3869 -0.8030
vn -0.5429 -0.0708 -0.8368
vn -0.3237 0.0568 -0.9444
vn -0.2083 -0.3080 -0.9283
vn -0.1834 -0.0099 -0.9830
vn -0.0759 -0.2906 -0.9538
vn -0.8835 0.4670 0.0361
vn -0.4517 0.4831 -0.7501
vn -0.8681 0.4910 -0.0732
vn -0.6941 0.3904 -0.6049
vn -0.9079 0.4019 0.1187
vn -0.6687 0.5182 -0.5332
vn -0.7426 0.5243 -0.4167
vn -0.1443 0.8728 -0.4662
vn -0.6994 0.6982 -0.1531
vn -0.4182 0.7879 -0.4520
vn -0.1811 0.7968 -0.5764
vn -0.3975 0.8907 -0.2204
vn -0.2131 0.9137 -0.3461
vn -0.5043 0.4572 -0.7326
vn -0.7694 0.6153 -0.1716
vn -0.0132 0.7430 -0.6691
vn -0.4226 -0.0304 -0.9058
vn -0.8208 0.1032 -0.5618
vn -0.8206 0.5714 0.0148
vn -0.6163 0.6956 -0.3693
vn -0.2913 0.7015 -0.6504
vn -0.7126 0.6792 0.1758
vn -0.3420 0.7083 -0.6175
vn 0.4763 0.2772 0.8344
vn 0.3449 0.3164 0.8837
vn 0.5410 0.4717 0.6963
vn 0.4480 0.2088 0.8693
vn -0.2659 0.9103 0.3173
vn -0.1563 0.9814 0.1114
vn -0.1562 0.9812 0.1134
vn -0.4946 0.2153 0.8420
vn 0.8014 0.5976 -0.0253
vn 0.7239 0.6899 -0.0051
vn 0.7964 0.6047 0.0037
vn 0.7501 0.6608 0.0285
vn 0.8311 0.5201 -0.1968
vn 0.7161 0.6313 0.2979
vn 0.7687 0.4972 0.4024
vn 0.6424 0.3623 0.6754
vn -0.5865 0.7606 -0.2783
vn 0.5673 0.6876 0.4531
vn 0.3473 0.1861 0.9191
vn 0.3291 0.1387 0.9341
vn 0.0176 0.4311 0.9021
vn 0.1127 0.6151 0.7803
vn 0.3362 0.0797 0.9384
vn -0.3742 0.8594 0.3485
vn 0.0653 0.1125 0.9915
vn 0.3161 0.9453 -0.0803
vn -0.0847 0.9370 0.3388
vn -0.0547 0.6933 0.7186
vn -0.0197 0.7759 0.6306
vn -0.7321 -0.6425 0.2264
vn -0.9348 -0.3143 0.1655
vn -0.8102 -0.3533 0.4677
vn -0.6438 -0.1897 0.7413
vn -0.6436 -0.4795 0.5965
vn -0.6457 -0.1586 0.7469
vn -0.4540 -0.3876 0.8023
vn -0.5367 -0.1119 0.8363
vn -0.2089 -0.3085 0.9280
vn -0.3116 0.0435 0.9492
vn -0.1839 -0.0102 0.9829
vn -0.0764 -0.2910 0.9537
vn -0.4629 0.4581 0.7589
vn -0.8939 0.4382 -0.0945
vn -0.7078 0.3868 0.5911
vn -0.9230 0.3825 0.0425
vn -0.7634 0.4698 0.4433
vn -0.8974 0.4404 -0.0265
vn -0.1680 0.8486 0.5016
vn -0.7418 0.5007 0.4461
vn -0.4292 0.7633 0.4828
vn -0.7108 0.6841 0.1637
vn -0.1665 0.7852 0.5965
vn -0.2133 0.9136 0.3463
vn -0.3925 0.8981 0.1985
vn -0.5147 0.3423 0.7861
vn -0.8407 0.5208 0.1485
vn 0.0499 0.7226 0.6895
vn -0.2528 -0.1233 0.9596
vn -0.8024 0.1067 0.5871
vn -0.7743 0.5672 0.2806
vn -0.3092 0.6903 0.6542
vn -0.3510 0.7083 0.6125
vn -0.7158 0.6717 -0.1907
vn 0.4721 0.2336 -0.8500
vn 0.4370 0.1699 -0.8833
vn 0.5318 0.4390 -0.7242
vn 0.3341 0.2647 -0.9046
vn -0.1573 0.9806 -0.1170
vn -0.2540 0.9093 -0.3296
vn -0.1768 0.9769 -0.1197
vn -0.3690 0.1439 -0.9182
vn 0.8015 0.5974 0.0272
vn 0.7472 0.6640 -0.0272
vn 0.8199 0.5370 0.1984
vn 0.7132 0.6172 -0.3323
vn 0.6387 0.3121 -0.7033
vn 0.7751 0.4887 -0.4005
vn -0.5754 0.7658 0.2872
vn 0.5790 0.6759 -0.4561
vn 0.3204 0.1624 -0.9333
vn 0.0807 0.6254 -0.7761
vn -0.0225 0.4338 -0.9007
vn 0.2956 0.1112 -0.9488
vn 0.3373 0.0383 -0.9406
vn -0.3802 0.8446 -0.3770
vn 0.0682 0.0639 -0.9956
vn 0.3164 0.9452 0.0802
vn -0.0858 0.9334 -0.3484
vn -0.0480 0.7784 -0.6260
vn -0.0870 0.6954 -0.7134
vn -0.9911 0.1242 0.0475
vn -0.9978 0.0663 -0.0000
vn -0.9608 0.0514 -0.2723
vn -0.7357 -0.4166 -0.5341
vn -0.9181 -0.3099 0.2470
vn -0.9043 0.1729 -0.3903
vn -0.7368 0.1354 -0.6625
vn -0.7793 -0.0662 -0.6232
vn -0.8570 -0.1241 -0.5001
vn -0.5674 0.0123 -0.8234
vn -0.6605 -0.0897 -0.7454
vn -0.6805 -0.0521 -0.7309
vn -0.2979 0.1004 -0.9493
vn -0.4501 -0.1455 -0.8811
vn -0.1195 0.0975 -0.9880
vn -0.1186 -0.0844 -0.9893
vn -0.3389 -0.0315 -0.9403
vn -0.1288 -0.7375 -0.6630
vn -0.6040 -0.7483 -0.2742
vn -0.6491 -0.4788 -0.5911
vn -0.1463 -0.7584 -0.6351
vn -0.7820 -0.3018 -0.5453
vn -0.9073 0.0029 -0.4205
vn -0.2239 -0.8492 -0.4783
vn -0.5735 -0.1052 -0.8124
vn -0.2258 -0.8426 -0.4889
vn -0.2554 -0.7782 -0.5737
vn -0.4842 -0.5285 -0.6973
vn -0.7539 -0.1437 -0.6411
vn -0.7447 -0.6669 -0.0258
vn -0.9873 0.1587 -0.0001
vn -0.4944 -0.5858 -0.6422
vn -0.7906 -0.5409 -0.2870
vn -0.0251 -0.7304 -0.6826
vn 0.0456 -0.9987 -0.0215
vn -0.1316 -0.9889 0.0693
vn 0.0529 -0.9978 0.0409
vn 0.1909 -0.9756 0.1080
vn 0.0154 -0.9918 -0.1269
vn -0.3474 -0.9306 0.1152
vn -0.1368 -0.9709 -0.1966
vn 0.2116 -0.9380 -0.2744
vn -0.5176 -0.8281 0.2154
vn -0.7266 -0.6160 -0.3044
vn -0.2347 -0.8228 -0.5177
vn -0.4126 -0.8873 -0.2062
vn -0.5933 -0.4627 -0.6587
vn -0.4564 -0.7757 -0.4358
vn -0.8153 -0.5096 0.2749
vn -0.9575 -0.2885 0.0005
vn 0.0530 -0.3033 0.9514
vn 0.2356 -0.4047 0.8836
vn -0.0509 -0.3195 0.9462
vn 0.0645 -0.3252 0.9434
vn 0.2440 -0.5067 0.8269
vn 0.4911 -0.4916 0.7192
vn 0.5341 -0.4457 0.7184
vn 0.4395 -0.5415 0.7166
vn 0.4670 -0.3418 0.8156
vn 0.6546 -0.7560 -0.0044
vn 0.7052 -0.4337 0.5609
vn 0.4624 -0.3413 0.8183
vn 0.7021 -0.4228 0.5730
vn 0.5029 -0.5744 0.6459
vn 0.8466 -0.4632 0.2623
vn 0.8116 -0.5132 0.2791
vn 0.6891 -0.4651 0.5558
vn 0.7408 -0.5599 0.3712
vn 0.7997 -0.6004 0.0016
vn 0.7422 -0.5959 0.3066
vn 0.7470 -0.6648 0.0037
vn -0.9182 -0.3099 -0.2467
vn -0.7357 -0.4165 0.5341
vn -0.9609 0.0514 0.2722
vn -0.9045 0.1727 0.3900
vn -0.8414 -0.0912 0.5326
vn -0.7807 -0.0672 0.6212
vn -0.7373 0.1355 0.6618
vn -0.6813 -0.0519 0.7302
vn -0.6614 -0.0894 0.7447
vn -0.5684 0.0126 0.8226
vn -0.2989 0.1006 0.9490
vn -0.4355 -0.2074 0.8760
vn -0.3512 -0.0455 0.9352
vn -0.1193 -0.0842 0.9893
vn -0.1201 0.0978 0.9879
vn -0.1299 -0.7375 0.6628
vn -0.6043 -0.7482 0.2739
vn -0.6496 -0.4788 0.5906
vn -0.7545 -0.1435 0.6404
vn -0.9150 0.0196 0.4030
vn -0.4875 -0.5920 0.6417
vn -0.6454 -0.3612 0.6730
vn -0.2435 -0.8556 0.4568
vn -0.2553 -0.8007 0.5420
vn -0.5530 -0.1317 0.8227
vn -0.2839 -0.7649 0.5782
vn -0.4283 -0.5810 0.6921
vn -0.7439 -0.6676 0.0292
vn -0.1472 -0.7586 0.6348
vn -0.7903 -0.5409 0.2878
vn -0.0257 -0.7302 0.6828
vn 0.0456 -0.9987 0.0215
vn -0.1316 -0.9889 -0.0693
vn -0.0057 -1.0000 -0.0068
vn 0.0531 -0.9978 -0.0409
vn 0.0908 -0.9398 0.3296
vn -0.3476 -0.9305 -0.1154
vn -0.1366 -0.9708 0.1971
vn 0.2109 -0.9383 0.2739
vn -0.5175 -0.8282 -0.2150
vn -0.7281 -0.6105 0.3117
vn -0.2323 -0.8180 0.5262
vn -0.4127 -0.8871 0.2066
vn -0.5934 -0.4626 0.6587
vn -0.4564 -0.7757 0.4358
vn -0.8153 -0.5097 -0.2747
vn 0.0536 -0.3035 -0.9513
vn 0.0650 -0.3252 -0.9434
vn -0.0500 -0.3197 -0.9462
vn 0.2367 -0.4047 -0.8833
vn 0.2447 -0.5065 -0.8268
vn 0.4921 -0.4911 -0.7187
vn 0.4405 -0.5411 -0.7164
vn 0.5363 -0.4463 -0.7163
vn 0.4683 -0.3414 -0.8149
vn 0.6547 -0.7559 0.0056
vn 0.7092 -0.4386 -0.5520
vn 0.7029 -0.4272 -0.5687
vn 0.4614 -0.3495 -0.8154
vn 0.4979 -0.5798 -0.6449
vn 0.8453 -0.4688 -0.2564
vn 0.6888 -0.4802 -0.5431
vn 0.8105 -0.5193 -0.2711
vn 0.7377 -0.5671 -0.3663
vn 0.7399 -0.6018 -0.3006
vn 0.4205 0.2366 0.8759
vn 0.5751 0.2336 -0.7840
# 2742 vertex normals

vt 0.2267 0.4985 0.0000
vt 0.2293 0.4969 0.0000
vt 0.2300 0.5154 0.0000
vt 0.2278 0.5159 0.0000
vt 0.4635 0.5140 0.0000
vt 0.4637 0.5356 0.0000
vt 0.4615 0.5357 0.0000
vt 0.4616 0.5135 0.0000
vt 0.4621 0.4934 0.0000
vt 0.4650 0.4942 0.0000
vt 0.4627 0.4824 0.0000
vt 0.4663 0.4849 0.0000
vt 0.4700 0.4620 0.0000
vt 0.4675 0.4739 0.0000
vt 0.4640 0.4702 0.0000
vt 0.4656 0.4577 0.0000
vt 0.4725 0.4515 0.0000
vt 0.4669 0.4434 0.0000
vt 0.4701 0.4314 0.0000
vt 0.4756 0.4397 0.0000
vt 0.4733 0.4184 0.0000
vt 0.4788 0.4273 0.0000
vt 0.4767 0.4053 0.0000
vt 0.4815 0.4168 0.0000
vt 0.4806 0.3925 0.0000
vt 0.4862 0.4023 0.0000
vt 0.4837 0.3797 0.0000
vt 0.4908 0.3907 0.0000
vt 0.2183 0.4486 0.0000
vt 0.2157 0.4368 0.0000
vt 0.2219 0.4322 0.0000
vt 0.2241 0.4434 0.0000
vt 0.2216 0.4608 0.0000
vt 0.2258 0.4576 0.0000
vt 0.2108 0.3904 0.0000
vt 0.2151 0.4051 0.0000
vt 0.2081 0.4098 0.0000
vt 0.2039 0.3965 0.0000
vt 0.2186 0.4187 0.0000
vt 0.2116 0.4227 0.0000
vt 0.2260 0.4986 0.0000
vt 0.2271 0.5158 0.0000
vt 0.4641 0.5140 0.0000
vt 0.4644 0.5354 0.0000
vt 0.4657 0.4945 0.0000
vt 0.4670 0.4851 0.0000
vt 0.4684 0.4742 0.0000
vt 0.4708 0.4625 0.0000
vt 0.4732 0.4522 0.0000
vt 0.4763 0.4405 0.0000
vt 0.4795 0.4285 0.0000
vt 0.4824 0.4184 0.0000
vt 0.4869 0.4035 0.0000
vt 0.4913 0.3918 0.0000
vt 0.2249 0.4820 0.0000
vt 0.2243 0.4825 0.0000
vt 0.2227 0.4713 0.0000
vt 0.2234 0.4711 0.0000
vt 0.2207 0.4610 0.0000
vt 0.2176 0.4488 0.0000
vt 0.2150 0.4372 0.0000
vt 0.2071 0.4096 0.0000
vt 0.2027 0.3962 0.0000
vt 0.2110 0.4229 0.0000
vt 0.2261 0.5155 0.0000
vt 0.2250 0.4987 0.0000
vt 0.4649 0.5140 0.0000
vt 0.4653 0.5352 0.0000
vt 0.4667 0.4951 0.0000
vt 0.4680 0.4855 0.0000
vt 0.4695 0.4744 0.0000
vt 0.4720 0.4631 0.0000
vt 0.4742 0.4531 0.0000
vt 0.4774 0.4413 0.0000
vt 0.4805 0.4299 0.0000
vt 0.4833 0.4199 0.0000
vt 0.4874 0.4050 0.0000
vt 0.4921 0.3936 0.0000
vt 0.2235 0.4831 0.0000
vt 0.2218 0.4715 0.0000
vt 0.2198 0.4610 0.0000
vt 0.2169 0.4490 0.0000
vt 0.2139 0.4377 0.0000
vt 0.2021 0.3989 0.0000
vt 0.1976 0.3870 0.0000
vt 0.2062 0.4109 0.0000
vt 0.2102 0.4238 0.0000
vt 0.7409 0.7259 0.0000
vt 0.7520 0.7241 0.0000
vt 0.7497 0.7328 0.0000
vt 0.7426 0.7333 0.0000
vt 0.7346 0.7188 0.0000
vt 0.7365 0.7295 0.0000
vt 0.7335 0.7256 0.0000
vt 0.7326 0.7055 0.0000
vt 0.7311 0.7191 0.0000
vt 0.7297 0.7108 0.0000
vt 0.7338 0.6908 0.0000
vt 0.7294 0.7032 0.0000
vt 0.7300 0.6944 0.0000
vt 0.7366 0.6764 0.0000
vt 0.7311 0.6864 0.0000
vt 0.7324 0.6795 0.0000
vt 0.7404 0.6659 0.0000
vt 0.7344 0.6696 0.0000
vt 0.7368 0.6617 0.0000
vt 0.7592 0.7138 0.0000
vt 0.7600 0.7232 0.0000
vt 0.7554 0.7294 0.0000
vt 0.7598 0.7002 0.0000
vt 0.7640 0.7085 0.0000
vt 0.7626 0.7163 0.0000
vt 0.7578 0.6873 0.0000
vt 0.7633 0.6903 0.0000
vt 0.7643 0.6990 0.0000
vt 0.7532 0.6563 0.0000
vt 0.7562 0.6641 0.0000
vt 0.7531 0.6724 0.0000
vt 0.7589 0.6719 0.0000
vt 0.7614 0.6805 0.0000
vt 0.2283 0.4803 0.0000
vt 0.2271 0.4687 0.0000
vt 0.7458 0.6934 0.0000
vt 0.4761 0.7391 0.0000
vt 0.4716 0.7493 0.0000
vt 0.4667 0.7374 0.0000
vt 0.4723 0.7312 0.0000
vt 0.4836 0.7509 0.0000
vt 0.4933 0.7596 0.0000
vt 0.4843 0.7494 0.0000
vt 0.4847 0.7475 0.0000
vt 0.4944 0.7565 0.0000
vt 0.4681 0.6099 0.0000
vt 0.4601 0.6182 0.0000
vt 0.4600 0.6142 0.0000
vt 0.4680 0.6050 0.0000
vt 0.4744 0.5998 0.0000
vt 0.4746 0.5954 0.0000
vt 0.4794 0.5888 0.0000
vt 0.4787 0.5872 0.0000
vt 0.4821 0.5782 0.0000
vt 0.4825 0.5794 0.0000
vt 0.4856 0.5667 0.0000
vt 0.4849 0.5647 0.0000
vt 0.4878 0.5501 0.0000
vt 0.4891 0.5515 0.0000
vt 0.4920 0.5405 0.0000
vt 0.4768 0.7375 0.0000
vt 0.4769 0.7368 0.0000
vt 0.4730 0.7297 0.0000
vt 0.4733 0.7291 0.0000
vt 0.4697 0.7202 0.0000
vt 0.4698 0.7197 0.0000
vt 0.4664 0.7095 0.0000
vt 0.4670 0.7086 0.0000
vt 0.4640 0.6962 0.0000
vt 0.4648 0.6952 0.0000
vt 0.4663 0.6931 0.0000
vt 0.4634 0.6859 0.0000
vt 0.4642 0.6855 0.0000
vt 0.4658 0.7120 0.0000
vt 0.4631 0.6974 0.0000
vt 0.4690 0.7221 0.0000
vt 0.4928 0.7612 0.0000
vt 0.4683 0.6117 0.0000
vt 0.4603 0.6201 0.0000
vt 0.4749 0.6013 0.0000
vt 0.4801 0.5901 0.0000
vt 0.4829 0.5805 0.0000
vt 0.4894 0.5532 0.0000
vt 0.4861 0.5679 0.0000
vt 0.9239 0.8348 0.0000
vt 0.9092 0.8335 0.0000
vt 0.9122 0.8114 0.0000
vt 0.9233 0.8053 0.0000
vt 0.9374 0.8329 0.0000
vt 0.9374 0.8026 0.0000
vt 0.9230 0.8618 0.0000
vt 0.9078 0.8617 0.0000
vt 0.9374 0.8618 0.0000
vt 0.9656 0.8337 0.0000
vt 0.9509 0.8347 0.0000
vt 0.9515 0.8055 0.0000
vt 0.9626 0.8116 0.0000
vt 0.9670 0.8619 0.0000
vt 0.9518 0.8618 0.0000
vt 0.9509 0.8888 0.0000
vt 0.9656 0.8901 0.0000
vt 0.9626 0.9122 0.0000
vt 0.9515 0.9182 0.0000
vt 0.9374 0.8906 0.0000
vt 0.9374 0.9210 0.0000
vt 0.9092 0.8898 0.0000
vt 0.9238 0.8888 0.0000
vt 0.9233 0.9181 0.0000
vt 0.9122 0.9120 0.0000
vt 0.9552 0.7790 0.0000
vt 0.9702 0.7963 0.0000
vt 0.9375 0.7740 0.0000
vt 0.9610 0.7513 0.0000
vt 0.9800 0.7768 0.0000
vt 0.9375 0.7417 0.0000
vt 0.9046 0.7961 0.0000
vt 0.9197 0.7789 0.0000
vt 0.8949 0.7766 0.0000
vt 0.9139 0.7511 0.0000
vt 0.9788 0.8974 0.0000
vt 0.9702 0.9274 0.0000
vt 0.9813 0.8619 0.0000
vt 0.9927 0.9090 0.0000
vt 0.9799 0.9469 0.0000
vt 0.9975 0.8619 0.0000
vt 0.9788 0.8264 0.0000
vt 0.9927 0.8148 0.0000
vt 0.9196 0.9446 0.0000
vt 0.9046 0.9273 0.0000
vt 0.9374 0.9496 0.0000
vt 0.9138 0.9723 0.0000
vt 0.8948 0.9468 0.0000
vt 0.9374 0.9819 0.0000
vt 0.9552 0.9446 0.0000
vt 0.9609 0.9724 0.0000
vt 0.8960 0.8261 0.0000
vt 0.8935 0.8617 0.0000
vt 0.8821 0.8145 0.0000
vt 0.8774 0.8616 0.0000
vt 0.8960 0.8972 0.0000
vt 0.8821 0.9088 0.0000
vt 0.8494 0.6282 0.0000
vt 0.8500 0.5988 0.0000
vt 0.8610 0.6048 0.0000
vt 0.8641 0.6269 0.0000
vt 0.8359 0.6264 0.0000
vt 0.8359 0.5960 0.0000
vt 0.8503 0.6552 0.0000
vt 0.8655 0.6551 0.0000
vt 0.8359 0.6553 0.0000
vt 0.8077 0.6272 0.0000
vt 0.8107 0.6050 0.0000
vt 0.8218 0.5989 0.0000
vt 0.8223 0.6282 0.0000
vt 0.8063 0.6554 0.0000
vt 0.8215 0.6553 0.0000
vt 0.8224 0.6823 0.0000
vt 0.8218 0.7117 0.0000
vt 0.8107 0.7056 0.0000
vt 0.8077 0.6836 0.0000
vt 0.8359 0.6841 0.0000
vt 0.8359 0.7145 0.0000
vt 0.8641 0.6833 0.0000
vt 0.8611 0.7055 0.0000
vt 0.8500 0.7116 0.0000
vt 0.8494 0.6823 0.0000
vt 0.8181 0.5725 0.0000
vt 0.8031 0.5898 0.0000
vt 0.8358 0.5674 0.0000
vt 0.8123 0.5447 0.0000
vt 0.7933 0.5703 0.0000
vt 0.8358 0.5351 0.0000
vt 0.8687 0.5895 0.0000
vt 0.8536 0.5723 0.0000
vt 0.8784 0.5701 0.0000
vt 0.8594 0.5446 0.0000
vt 0.7945 0.6909 0.0000
vt 0.8031 0.7209 0.0000
vt 0.7920 0.6554 0.0000
vt 0.7806 0.7025 0.0000
vt 0.7934 0.7404 0.0000
vt 0.7758 0.6554 0.0000
vt 0.7945 0.6199 0.0000
vt 0.7806 0.6083 0.0000
vt 0.8537 0.7381 0.0000
vt 0.8687 0.7208 0.0000
vt 0.8359 0.7431 0.0000
vt 0.8595 0.7658 0.0000
vt 0.8784 0.7402 0.0000
vt 0.8359 0.7754 0.0000
vt 0.8181 0.7381 0.0000
vt 0.8124 0.7659 0.0000
vt 0.8773 0.6196 0.0000
vt 0.8798 0.6551 0.0000
vt 0.8912 0.6080 0.0000
vt 0.8959 0.6551 0.0000
vt 0.8773 0.6907 0.0000
vt 0.8912 0.7022 0.0000
vt 0.2494 0.4265 0.0000
vt 0.2589 0.4711 0.0000
vt 0.2371 0.4788 0.0000
vt 0.2333 0.4377 0.0000
vt 0.2442 0.3909 0.0000
vt 0.2292 0.3977 0.0000
vt 0.2406 0.3522 0.0000
vt 0.2223 0.3565 0.0000
vt 0.2306 0.3140 0.0000
vt 0.2967 0.6375 0.0000
vt 0.2767 0.6108 0.0000
vt 0.2829 0.5926 0.0000
vt 0.2987 0.6208 0.0000
vt 0.3164 0.6566 0.0000
vt 0.3178 0.6390 0.0000
vt 0.3337 0.6681 0.0000
vt 0.3343 0.6496 0.0000
vt 0.3522 0.6754 0.0000
vt 0.3523 0.6570 0.0000
vt 0.2569 0.5710 0.0000
vt 0.2687 0.5547 0.0000
vt 0.2611 0.5189 0.0000
vt 0.2449 0.5198 0.0000
vt 0.2883 0.5808 0.0000
vt 0.3015 0.6045 0.0000
vt 0.3182 0.6210 0.0000
vt 0.3339 0.6357 0.0000
vt 0.2927 0.5709 0.0000
vt 0.3041 0.5901 0.0000
vt 0.3477 0.6410 0.0000
vt 0.3566 0.6389 0.0000
vt 0.3470 0.6250 0.0000
vt 0.3569 0.6236 0.0000
vt 0.3330 0.6199 0.0000
vt 0.3177 0.6080 0.0000
vt 0.2846 0.5479 0.0000
vt 0.2792 0.5496 0.0000
vt 0.2726 0.5268 0.0000
vt 0.2696 0.4955 0.0000
vt 0.2810 0.5348 0.0000
vt 0.2804 0.5100 0.0000
vt 0.2766 0.4746 0.0000
vt 0.2860 0.4955 0.0000
vt 0.2684 0.4472 0.0000
vt 0.2637 0.4138 0.0000
vt 0.2590 0.3763 0.0000
vt 0.2586 0.3387 0.0000
vt 0.2458 0.3197 0.0000
vt 0.2608 0.3084 0.0000
vt 0.2421 0.3009 0.0000
vt 0.3552 0.3812 0.0000
vt 0.3518 0.3887 0.0000
vt 0.3436 0.3755 0.0000
vt 0.3462 0.3682 0.0000
vt 0.3748 0.2575 0.0000
vt 0.3853 0.2596 0.0000
vt 0.3852 0.2705 0.0000
vt 0.3750 0.2667 0.0000
vt 0.3283 0.4134 0.0000
vt 0.3329 0.4028 0.0000
vt 0.3391 0.4198 0.0000
vt 0.3345 0.4301 0.0000
vt 0.3292 0.4492 0.0000
vt 0.3218 0.4364 0.0000
vt 0.3212 0.3941 0.0000
vt 0.3106 0.4173 0.0000
vt 0.3134 0.3688 0.0000
vt 0.3023 0.3837 0.0000
vt 0.3256 0.3828 0.0000
vt 0.3198 0.3610 0.0000
vt 0.3290 0.3756 0.0000
vt 0.3344 0.3639 0.0000
vt 0.3404 0.3815 0.0000
vt 0.3352 0.3937 0.0000
vt 0.3250 0.3546 0.0000
vt 0.3301 0.3471 0.0000
vt 0.3367 0.3583 0.0000
vt 0.3340 0.3415 0.0000
vt 0.3422 0.4101 0.0000
vt 0.3095 0.3430 0.0000
vt 0.2984 0.3509 0.0000
vt 0.3090 0.3117 0.0000
vt 0.2964 0.3166 0.0000
vt 0.3172 0.3370 0.0000
vt 0.3181 0.3130 0.0000
vt 0.3235 0.3338 0.0000
vt 0.3283 0.3327 0.0000
vt 0.3324 0.3292 0.0000
vt 0.3676 0.3932 0.0000
vt 0.3633 0.4022 0.0000
vt 0.3771 0.4002 0.0000
vt 0.3752 0.4077 0.0000
vt 0.3846 0.4131 0.0000
vt 0.3849 0.4050 0.0000
vt 0.3880 0.4216 0.0000
vt 0.3801 0.4221 0.0000
vt 0.3848 0.4171 0.0000
vt 0.3730 0.4235 0.0000
vt 0.3614 0.4192 0.0000
vt 0.3614 0.4084 0.0000
vt 0.3741 0.4139 0.0000
vt 0.3646 0.2524 0.0000
vt 0.3624 0.2410 0.0000
vt 0.3743 0.2408 0.0000
vt 0.2827 0.4013 0.0000
vt 0.2889 0.4337 0.0000
vt 0.2798 0.3650 0.0000
vt 0.2803 0.3266 0.0000
vt 0.2618 0.2837 0.0000
vt 0.2807 0.2636 0.0000
vt 0.2820 0.2936 0.0000
vt 0.3496 0.4462 0.0000
vt 0.3525 0.4381 0.0000
vt 0.3544 0.4474 0.0000
vt 0.3532 0.4528 0.0000
vt 0.3596 0.4628 0.0000
vt 0.3598 0.4581 0.0000
vt 0.3659 0.4675 0.0000
vt 0.3661 0.4600 0.0000
vt 0.3593 0.4674 0.0000
vt 0.3525 0.4585 0.0000
vt 0.3784 0.4710 0.0000
vt 0.3708 0.4689 0.0000
vt 0.3715 0.4589 0.0000
vt 0.3787 0.4592 0.0000
vt 0.3845 0.4743 0.0000
vt 0.3850 0.4613 0.0000
vt 0.3675 0.4775 0.0000
vt 0.3667 0.4866 0.0000
vt 0.3590 0.4747 0.0000
vt 0.3765 0.4933 0.0000
vt 0.3777 0.4845 0.0000
vt 0.3838 0.4987 0.0000
vt 0.3842 0.4874 0.0000
vt 0.3519 0.4641 0.0000
vt 0.3488 0.4529 0.0000
vt 0.3840 0.5127 0.0000
vt 0.3769 0.5075 0.0000
vt 0.3678 0.5000 0.0000
vt 0.3599 0.4889 0.0000
vt 0.3523 0.4767 0.0000
vt 0.3566 0.4297 0.0000
vt 0.3568 0.4413 0.0000
vt 0.3809 0.4491 0.0000
vt 0.3858 0.4489 0.0000
vt 0.3876 0.4420 0.0000
vt 0.3613 0.4515 0.0000
vt 0.3670 0.4533 0.0000
vt 0.3878 0.4304 0.0000
vt 0.3877 0.4364 0.0000
vt 0.3835 0.4293 0.0000
vt 0.3838 0.4420 0.0000
vt 0.3834 0.4350 0.0000
vt 0.3731 0.4500 0.0000
vt 0.3793 0.4466 0.0000
vt 0.3616 0.4276 0.0000
vt 0.3604 0.4327 0.0000
vt 0.3799 0.4289 0.0000
vt 0.3755 0.4328 0.0000
vt 0.3700 0.4312 0.0000
vt 0.3625 0.4455 0.0000
vt 0.3668 0.4472 0.0000
vt 0.3607 0.4374 0.0000
vt 0.3803 0.4357 0.0000
vt 0.3808 0.4411 0.0000
vt 0.3214 0.4969 0.0000
vt 0.3133 0.4944 0.0000
vt 0.3116 0.4745 0.0000
vt 0.3206 0.4781 0.0000
vt 0.2970 0.4814 0.0000
vt 0.3004 0.4996 0.0000
vt 0.2906 0.5086 0.0000
vt 0.2956 0.5602 0.0000
vt 0.2997 0.5690 0.0000
vt 0.3117 0.5849 0.0000
vt 0.3259 0.5984 0.0000
vt 0.3290 0.4826 0.0000
vt 0.3282 0.5006 0.0000
vt 0.3370 0.4896 0.0000
vt 0.3371 0.5063 0.0000
vt 0.3398 0.6077 0.0000
vt 0.3458 0.6091 0.0000
vt 0.3566 0.6143 0.0000
vt 0.2933 0.4604 0.0000
vt 0.3094 0.4541 0.0000
vt 0.3196 0.4598 0.0000
vt 0.3274 0.4666 0.0000
vt 0.3352 0.4735 0.0000
vt 0.3616 0.5057 0.0000
vt 0.3583 0.5208 0.0000
vt 0.3541 0.5085 0.0000
vt 0.3541 0.4949 0.0000
vt 0.2900 0.5476 0.0000
vt 0.3432 0.4958 0.0000
vt 0.3444 0.5119 0.0000
vt 0.3700 0.5145 0.0000
vt 0.3698 0.5326 0.0000
vt 0.3772 0.5183 0.0000
vt 0.3841 0.5217 0.0000
vt 0.3847 0.5373 0.0000
vt 0.3783 0.5354 0.0000
vt 0.3486 0.5020 0.0000
vt 0.3422 0.4793 0.0000
vt 0.3480 0.4855 0.0000
vt 0.3515 0.5199 0.0000
vt 0.3426 0.4649 0.0000
vt 0.3471 0.4705 0.0000
vt 0.2879 0.5398 0.0000
vt 0.2873 0.5228 0.0000
vt 0.3365 0.4581 0.0000
vt 0.2376 0.2823 0.0000
vt 0.2593 0.2588 0.0000
vt 0.2763 0.2386 0.0000
vt 0.2232 0.2937 0.0000
vt 0.2196 0.3236 0.0000
vt 0.2102 0.2980 0.0000
vt 0.3430 0.4340 0.0000
vt 0.3397 0.4441 0.0000
vt 0.3484 0.4237 0.0000
vt 0.3481 0.3966 0.0000
vt 0.3545 0.4145 0.0000
vt 0.3445 0.4517 0.0000
vt 0.3857 0.2394 0.0000
vt 0.3462 0.4640 0.0000
vt 0.3905 0.5114 0.0000
vt 0.3901 0.5206 0.0000
vt 0.3917 0.4891 0.0000
vt 0.3907 0.4991 0.0000
vt 0.3920 0.4113 0.0000
vt 0.3918 0.4178 0.0000
vt 0.3903 0.4499 0.0000
vt 0.3910 0.4614 0.0000
vt 0.3954 0.2398 0.0000
vt 0.3951 0.2602 0.0000
vt 0.3946 0.2708 0.0000
vt 0.3389 0.3542 0.0000
vt 0.3932 0.4040 0.0000
vt 0.3507 0.4329 0.0000
vt 0.3564 0.4243 0.0000
vt 0.3466 0.4400 0.0000
vt 0.3490 0.4594 0.0000
vt 0.3625 0.6115 0.0000
vt 0.3691 0.6116 0.0000
vt 0.3687 0.6223 0.0000
vt 0.3631 0.6219 0.0000
vt 0.3765 0.6178 0.0000
vt 0.3741 0.6260 0.0000
vt 0.3797 0.6330 0.0000
vt 0.3762 0.6370 0.0000
vt 0.3658 0.6372 0.0000
vt 0.3666 0.6546 0.0000
vt 0.3770 0.6517 0.0000
vt 0.3813 0.6504 0.0000
vt 0.3823 0.6265 0.0000
vt 0.3665 0.6751 0.0000
vt 0.3784 0.6725 0.0000
vt 0.5397 0.5053 0.0000
vt 0.5188 0.4963 0.0000
vt 0.5303 0.4500 0.0000
vt 0.5460 0.4632 0.0000
vt 0.5362 0.4126 0.0000
vt 0.5488 0.4262 0.0000
vt 0.5408 0.3742 0.0000
vt 0.5565 0.3807 0.0000
vt 0.5543 0.3373 0.0000
vt 0.5703 0.3386 0.0000
vt 0.4756 0.6622 0.0000
vt 0.4734 0.6454 0.0000
vt 0.4913 0.6200 0.0000
vt 0.4975 0.6417 0.0000
vt 0.4559 0.6760 0.0000
vt 0.4548 0.6588 0.0000
vt 0.4412 0.6842 0.0000
vt 0.4395 0.6668 0.0000
vt 0.4242 0.6890 0.0000
vt 0.4222 0.6685 0.0000
vt 0.4080 0.6846 0.0000
vt 0.4072 0.6621 0.0000
vt 0.5076 0.5839 0.0000
vt 0.5182 0.6029 0.0000
vt 0.5150 0.5458 0.0000
vt 0.5307 0.5529 0.0000
vt 0.4716 0.6280 0.0000
vt 0.4860 0.6056 0.0000
vt 0.4545 0.6443 0.0000
vt 0.4394 0.6501 0.0000
vt 0.4248 0.6506 0.0000
vt 0.4185 0.6482 0.0000
vt 0.4199 0.6300 0.0000
vt 0.4264 0.6340 0.0000
vt 0.4402 0.6342 0.0000
vt 0.4902 0.5731 0.0000
vt 0.4982 0.5778 0.0000
vt 0.4807 0.5941 0.0000
vt 0.5035 0.5534 0.0000
vt 0.5073 0.5205 0.0000
vt 0.4945 0.5604 0.0000
vt 0.4958 0.5337 0.0000
vt 0.4904 0.5180 0.0000
vt 0.5006 0.4977 0.0000
vt 0.5097 0.4690 0.0000
vt 0.5178 0.4359 0.0000
vt 0.5216 0.3983 0.0000
vt 0.5229 0.3633 0.0000
vt 0.5242 0.3255 0.0000
vt 0.5372 0.3425 0.0000
vt 0.5394 0.3174 0.0000
vt 0.4236 0.3844 0.0000
vt 0.4331 0.3724 0.0000
vt 0.4351 0.3802 0.0000
vt 0.4265 0.3944 0.0000
vt 0.4052 0.2593 0.0000
vt 0.4050 0.2687 0.0000
vt 0.4495 0.4236 0.0000
vt 0.4430 0.4391 0.0000
vt 0.4386 0.4299 0.0000
vt 0.4449 0.4102 0.0000
vt 0.4548 0.4477 0.0000
vt 0.4473 0.4596 0.0000
vt 0.4575 0.4033 0.0000
vt 0.4669 0.4302 0.0000
vt 0.4661 0.3781 0.0000
vt 0.4762 0.3970 0.0000
vt 0.4531 0.3904 0.0000
vt 0.4597 0.3678 0.0000
vt 0.4499 0.3818 0.0000
vt 0.4432 0.4008 0.0000
vt 0.4378 0.3868 0.0000
vt 0.4448 0.3687 0.0000
vt 0.4546 0.3597 0.0000
vt 0.4495 0.3514 0.0000
vt 0.4426 0.3627 0.0000
vt 0.4463 0.3462 0.0000
vt 0.4357 0.4184 0.0000
vt 0.4711 0.3511 0.0000
vt 0.4814 0.3631 0.0000
vt 0.4631 0.3420 0.0000
vt 0.4566 0.3375 0.0000
vt 0.4517 0.3362 0.0000
vt 0.4477 0.3335 0.0000
vt 0.4142 0.4065 0.0000
vt 0.4114 0.3946 0.0000
vt 0.4020 0.4110 0.0000
vt 0.4014 0.4013 0.0000
vt 0.3956 0.4239 0.0000
vt 0.4022 0.4273 0.0000
vt 0.4027 0.4183 0.0000
vt 0.4171 0.4158 0.0000
vt 0.4142 0.4283 0.0000
vt 0.4066 0.2421 0.0000
vt 0.4184 0.2438 0.0000
vt 0.4158 0.2553 0.0000
vt 0.4893 0.4518 0.0000
vt 0.4963 0.4189 0.0000
vt 0.5009 0.3807 0.0000
vt 0.5048 0.3454 0.0000
vt 0.5227 0.2975 0.0000
vt 0.5043 0.3054 0.0000
vt 0.4862 0.2904 0.0000
vt 0.4850 0.3285 0.0000
vt 0.5057 0.2754 0.0000
vt 0.4281 0.4531 0.0000
vt 0.4244 0.4593 0.0000
vt 0.4229 0.4532 0.0000
vt 0.4260 0.4429 0.0000
vt 0.4171 0.4686 0.0000
vt 0.4164 0.4636 0.0000
vt 0.4110 0.4717 0.0000
vt 0.4102 0.4639 0.0000
vt 0.4249 0.4657 0.0000
vt 0.4178 0.4749 0.0000
vt 0.3976 0.4722 0.0000
vt 0.3976 0.4621 0.0000
vt 0.4049 0.4626 0.0000
vt 0.4062 0.4716 0.0000
vt 0.3915 0.4751 0.0000
vt 0.4087 0.4808 0.0000
vt 0.4176 0.4821 0.0000
vt 0.4089 0.4888 0.0000
vt 0.3987 0.4944 0.0000
vt 0.3983 0.4850 0.0000
vt 0.4249 0.4733 0.0000
vt 0.4292 0.4607 0.0000
vt 0.3979 0.5081 0.0000
vt 0.4083 0.5031 0.0000
vt 0.4165 0.4960 0.0000
vt 0.4241 0.4892 0.0000
vt 0.4200 0.4471 0.0000
vt 0.4205 0.4389 0.0000
vt 0.3954 0.4488 0.0000
vt 0.3918 0.4427 0.0000
vt 0.4144 0.4567 0.0000
vt 0.4088 0.4581 0.0000
vt 0.3920 0.4309 0.0000
vt 0.3924 0.4349 0.0000
vt 0.4036 0.4542 0.0000
vt 0.3965 0.4475 0.0000
vt 0.3983 0.4455 0.0000
vt 0.4033 0.4492 0.0000
vt 0.4171 0.4395 0.0000
vt 0.4177 0.4453 0.0000
vt 0.4036 0.4340 0.0000
vt 0.3985 0.4334 0.0000
vt 0.3954 0.4306 0.0000
vt 0.4081 0.4529 0.0000
vt 0.4135 0.4526 0.0000
vt 0.3941 0.4364 0.0000
vt 0.3956 0.4410 0.0000
vt 0.4540 0.5123 0.0000
vt 0.4553 0.4929 0.0000
vt 0.4648 0.4912 0.0000
vt 0.4629 0.5117 0.0000
vt 0.4795 0.5012 0.0000
vt 0.4859 0.5304 0.0000
vt 0.4754 0.5190 0.0000
vt 0.4774 0.5831 0.0000
vt 0.4727 0.5901 0.0000
vt 0.4471 0.5144 0.0000
vt 0.4466 0.4956 0.0000
vt 0.4376 0.5184 0.0000
vt 0.4384 0.5015 0.0000
vt 0.4349 0.6183 0.0000
vt 0.4410 0.6178 0.0000
vt 0.4130 0.6269 0.0000
vt 0.4146 0.6181 0.0000
vt 0.4209 0.6211 0.0000
vt 0.4837 0.4788 0.0000
vt 0.4667 0.4698 0.0000
vt 0.4560 0.4733 0.0000
vt 0.4475 0.4795 0.0000
vt 0.4401 0.4855 0.0000
vt 0.4152 0.5114 0.0000
vt 0.4223 0.5044 0.0000
vt 0.4211 0.5168 0.0000
vt 0.4139 0.5300 0.0000
vt 0.4844 0.5718 0.0000
vt 0.4314 0.5224 0.0000
vt 0.4324 0.5053 0.0000
vt 0.4039 0.5338 0.0000
vt 0.4055 0.5164 0.0000
vt 0.3976 0.5201 0.0000
vt 0.3969 0.5371 0.0000
vt 0.3906 0.5380 0.0000
vt 0.4244 0.5274 0.0000
vt 0.4270 0.5114 0.0000
vt 0.4293 0.4826 0.0000
vt 0.4281 0.4964 0.0000
vt 0.4876 0.5640 0.0000
vt 0.4888 0.5462 0.0000
vt 0.4401 0.4684 0.0000
vt 0.5292 0.2679 0.0000
vt 0.5468 0.2907 0.0000
vt 0.5095 0.2476 0.0000
vt 0.5618 0.3124 0.0000
vt 0.4348 0.4436 0.0000
vt 0.4380 0.4535 0.0000
vt 0.4299 0.4042 0.0000
vt 0.4241 0.4201 0.0000
vt 0.4338 0.4757 0.0000
vt 0.4331 0.4603 0.0000
vt 0.4293 0.4343 0.0000
vt 0.4312 0.4743 0.0000
vt 0.4112 0.4360 0.0000
vt 0.4406 0.3593 0.0000
vt 0.4203 0.4310 0.0000
vt 0.4269 0.4400 0.0000
vt 0.4314 0.4489 0.0000
vt 0.4287 0.4679 0.0000
vt 0.4077 0.6278 0.0000
vt 0.4077 0.6177 0.0000
vt 0.3975 0.6230 0.0000
vt 0.4026 0.6189 0.0000
vt 0.4031 0.6276 0.0000
vt 0.3992 0.6300 0.0000
vt 0.3968 0.6408 0.0000
vt 0.3934 0.6354 0.0000
vt 0.4119 0.6451 0.0000
vt 0.4049 0.6422 0.0000
vt 0.3957 0.6524 0.0000
vt 0.3893 0.6505 0.0000
vt 0.3951 0.6744 0.0000
vt 0.3870 0.6686 0.0000
vt 0.3720 0.4449 0.0000
vt 0.4346 0.4896 0.0000
vt 0.4157 0.4346 0.0000
vt 0.4307 0.3618 0.0000
vt 0.4394 0.3516 0.0000
vt 0.4435 0.3404 0.0000
vt 0.4450 0.3325 0.0000
vt 0.4211 0.3746 0.0000
vt 0.4105 0.3838 0.0000
vt 0.4014 0.3909 0.0000
vt 0.3940 0.3914 0.0000
vt 0.4352 0.3240 0.0000
vt 0.4376 0.3192 0.0000
vt 0.4414 0.3276 0.0000
vt 0.4392 0.3286 0.0000
vt 0.4283 0.3144 0.0000
vt 0.4296 0.3083 0.0000
vt 0.4193 0.3062 0.0000
vt 0.4201 0.2995 0.0000
vt 0.4093 0.3028 0.0000
vt 0.4100 0.2953 0.0000
vt 0.4001 0.3034 0.0000
vt 0.4007 0.2954 0.0000
vt 0.3925 0.3041 0.0000
vt 0.3928 0.2955 0.0000
vt 0.4283 0.3555 0.0000
vt 0.4369 0.3457 0.0000
vt 0.4423 0.3391 0.0000
vt 0.4183 0.3654 0.0000
vt 0.4079 0.3728 0.0000
vt 0.3999 0.3779 0.0000
vt 0.3929 0.3779 0.0000
vt 0.4162 0.3576 0.0000
vt 0.4266 0.3498 0.0000
vt 0.3996 0.3685 0.0000
vt 0.4068 0.3646 0.0000
vt 0.3922 0.3671 0.0000
vt 0.4349 0.3425 0.0000
vt 0.4393 0.3361 0.0000
vt 0.4411 0.3377 0.0000
vt 0.4399 0.3312 0.0000
vt 0.4421 0.3315 0.0000
vt 0.4000 0.3137 0.0000
vt 0.3922 0.3129 0.0000
vt 0.4086 0.3134 0.0000
vt 0.4179 0.3154 0.0000
vt 0.4263 0.3209 0.0000
vt 0.4332 0.3263 0.0000
vt 0.4375 0.3297 0.0000
vt 0.4159 0.3546 0.0000
vt 0.4258 0.3473 0.0000
vt 0.3998 0.3621 0.0000
vt 0.4070 0.3600 0.0000
vt 0.3924 0.3615 0.0000
vt 0.4337 0.3415 0.0000
vt 0.4378 0.3364 0.0000
vt 0.4382 0.3321 0.0000
vt 0.3998 0.3211 0.0000
vt 0.3919 0.3201 0.0000
vt 0.4084 0.3212 0.0000
vt 0.4172 0.3224 0.0000
vt 0.4255 0.3264 0.0000
vt 0.4322 0.3284 0.0000
vt 0.4364 0.3311 0.0000
vt 0.4164 0.3499 0.0000
vt 0.4258 0.3435 0.0000
vt 0.4005 0.3545 0.0000
vt 0.4076 0.3535 0.0000
vt 0.3929 0.3552 0.0000
vt 0.4330 0.3398 0.0000
vt 0.4366 0.3363 0.0000
vt 0.4368 0.3330 0.0000
vt 0.3415 0.3463 0.0000
vt 0.3496 0.3574 0.0000
vt 0.3335 0.3175 0.0000
vt 0.3363 0.3207 0.0000
vt 0.3358 0.3276 0.0000
vt 0.3373 0.3357 0.0000
vt 0.3593 0.3713 0.0000
vt 0.3690 0.3838 0.0000
vt 0.3800 0.3909 0.0000
vt 0.3872 0.3921 0.0000
vt 0.3452 0.3197 0.0000
vt 0.3413 0.3252 0.0000
vt 0.3389 0.3241 0.0000
vt 0.3428 0.3152 0.0000
vt 0.3516 0.3107 0.0000
vt 0.3504 0.3032 0.0000
vt 0.3605 0.3034 0.0000
vt 0.3598 0.2957 0.0000
vt 0.3700 0.3016 0.0000
vt 0.3697 0.2933 0.0000
vt 0.3786 0.3031 0.0000
vt 0.3786 0.2950 0.0000
vt 0.3861 0.3031 0.0000
vt 0.3863 0.2957 0.0000
vt 0.3438 0.3426 0.0000
vt 0.3517 0.3529 0.0000
vt 0.3386 0.3357 0.0000
vt 0.3617 0.3639 0.0000
vt 0.3721 0.3733 0.0000
vt 0.3810 0.3782 0.0000
vt 0.3881 0.3778 0.0000
vt 0.3533 0.3476 0.0000
vt 0.3633 0.3567 0.0000
vt 0.3732 0.3650 0.0000
vt 0.3813 0.3688 0.0000
vt 0.3881 0.3679 0.0000
vt 0.3457 0.3393 0.0000
vt 0.3394 0.3343 0.0000
vt 0.3413 0.3330 0.0000
vt 0.3384 0.3282 0.0000
vt 0.3405 0.3283 0.0000
vt 0.3783 0.3131 0.0000
vt 0.3857 0.3116 0.0000
vt 0.3704 0.3128 0.0000
vt 0.3618 0.3138 0.0000
vt 0.3533 0.3186 0.0000
vt 0.3468 0.3233 0.0000
vt 0.3429 0.3269 0.0000
vt 0.3634 0.3532 0.0000
vt 0.3540 0.3449 0.0000
vt 0.3809 0.3619 0.0000
vt 0.3729 0.3597 0.0000
vt 0.3876 0.3616 0.0000
vt 0.3467 0.3385 0.0000
vt 0.3427 0.3333 0.0000
vt 0.3421 0.3293 0.0000
vt 0.3781 0.3204 0.0000
vt 0.3855 0.3193 0.0000
vt 0.3705 0.3202 0.0000
vt 0.3623 0.3207 0.0000
vt 0.3538 0.3242 0.0000
vt 0.3476 0.3260 0.0000
vt 0.3441 0.3287 0.0000
vt 0.3630 0.3483 0.0000
vt 0.3539 0.3412 0.0000
vt 0.3799 0.3539 0.0000
vt 0.3722 0.3526 0.0000
vt 0.3873 0.3552 0.0000
vt 0.3471 0.3369 0.0000
vt 0.3439 0.3330 0.0000
vt 0.3437 0.3304 0.0000
vt 0.4071 0.3324 0.0000
vt 0.3887 0.3325 0.0000
vt 0.4233 0.3319 0.0000
vt 0.4335 0.3319 0.0000
vt 0.4347 0.3328 0.0000
vt 0.4240 0.3338 0.0000
vt 0.4064 0.3342 0.0000
vt 0.3900 0.3342 0.0000
vt 0.4332 0.3336 0.0000
vt 0.4345 0.3335 0.0000
vt 0.4347 0.3331 0.0000
vt 0.3706 0.3321 0.0000
vt 0.3557 0.3307 0.0000
vt 0.3468 0.3300 0.0000
vt 0.3457 0.3304 0.0000
vt 0.3554 0.3325 0.0000
vt 0.3735 0.3339 0.0000
vt 0.3469 0.3315 0.0000
vt 0.3459 0.3310 0.0000
vt 0.3457 0.3307 0.0000
vt 0.0378 0.8434 0.0000
vt 0.0546 0.8524 0.0000
vt 0.0396 0.8696 0.0000
vt 0.0679 0.8796 0.0000
vt 0.0725 0.9007 0.0000
vt 0.0715 0.9128 0.0000
vt 0.0646 0.9108 0.0000
vt 0.0530 0.9769 0.0000
vt 0.0383 0.9814 0.0000
vt 0.0396 0.9541 0.0000
vt 0.0733 0.9305 0.0000
vt 0.0673 0.9538 0.0000
vt 0.0646 0.9195 0.0000
vt 0.0719 0.9207 0.0000
vt 0.0715 0.9162 0.0000
vt 0.0231 0.8523 0.0000
vt 0.0108 0.8774 0.0000
vt 0.0063 0.8991 0.0000
vt 0.0144 0.9079 0.0000
vt 0.0073 0.9090 0.0000
vt 0.0248 0.9749 0.0000
vt 0.0114 0.9506 0.0000
vt 0.0060 0.9269 0.0000
vt 0.0146 0.9179 0.0000
vt 0.0071 0.9184 0.0000
vt 0.0072 0.9134 0.0000
vt 0.0409 0.9145 0.0000
vt 0.3707 0.4356 0.0000
vt 0.3734 0.4394 0.0000
vt 0.3774 0.4435 0.0000
vt 0.3710 0.4422 0.0000
vt 0.3653 0.4429 0.0000
vt 0.3640 0.4361 0.0000
vt 0.3655 0.4339 0.0000
vt 0.4005 0.4416 0.0000
vt 0.4032 0.4467 0.0000
vt 0.4130 0.4422 0.0000
vt 0.4072 0.4372 0.0000
vt 0.4009 0.4389 0.0000
vt 0.4104 0.4477 0.0000
vt 0.3686 0.4383 0.0000
vt 0.4071 0.4417 0.0000
vt 0.3056 0.5774 0.0000
vt 0.3186 0.5912 0.0000
vt 0.3332 0.6044 0.0000
vt 0.2968 0.5558 0.0000
vt 0.3010 0.5631 0.0000
vt 0.3186 0.5824 0.0000
vt 0.3118 0.5767 0.0000
vt 0.3314 0.5934 0.0000
vt 0.3252 0.5876 0.0000
vt 0.3437 0.5986 0.0000
vt 0.3377 0.5970 0.0000
vt 0.2921 0.5479 0.0000
vt 0.3119 0.5742 0.0000
vt 0.3064 0.5709 0.0000
vt 0.3064 0.5689 0.0000
vt 0.3310 0.5902 0.0000
vt 0.3251 0.5855 0.0000
vt 0.3014 0.5613 0.0000
vt 0.2974 0.5547 0.0000
vt 0.2938 0.5481 0.0000
vt 0.3419 0.5929 0.0000
vt 0.3369 0.5923 0.0000
vt 0.3185 0.5799 0.0000
vt 0.3185 0.5786 0.0000
vt 0.3120 0.5729 0.0000
vt 0.3066 0.5670 0.0000
vt 0.3016 0.5601 0.0000
vt 0.2979 0.5527 0.0000
vt 0.2952 0.5480 0.0000
vt 0.3016 0.5597 0.0000
vt 0.3021 0.5572 0.0000
vt 0.3068 0.5636 0.0000
vt 0.3066 0.5668 0.0000
vt 0.3121 0.5706 0.0000
vt 0.3120 0.5727 0.0000
vt 0.3182 0.5760 0.0000
vt 0.3185 0.5783 0.0000
vt 0.3250 0.5831 0.0000
vt 0.3301 0.5860 0.0000
vt 0.3239 0.5791 0.0000
vt 0.3250 0.5828 0.0000
vt 0.3289 0.5808 0.0000
vt 0.3300 0.5856 0.0000
vt 0.2990 0.5519 0.0000
vt 0.2998 0.5521 0.0000
vt 0.2996 0.5515 0.0000
vt 0.3351 0.5869 0.0000
vt 0.3335 0.5813 0.0000
vt 0.3350 0.5864 0.0000
vt 0.3393 0.5861 0.0000
vt 0.3368 0.5791 0.0000
vt 0.3023 0.5563 0.0000
vt 0.3070 0.5625 0.0000
vt 0.3122 0.5698 0.0000
vt 0.3180 0.5748 0.0000
vt 0.3236 0.5778 0.0000
vt 0.3286 0.5794 0.0000
vt 0.3328 0.5795 0.0000
vt 0.3357 0.5771 0.0000
vt 0.3008 0.5521 0.0000
vt 0.3007 0.5462 0.0000
vt 0.3020 0.5481 0.0000
vt 0.2972 0.5483 0.0000
vt 0.2984 0.5497 0.0000
vt 0.2982 0.5504 0.0000
vt 0.3045 0.5411 0.0000
vt 0.3055 0.5444 0.0000
vt 0.3077 0.5383 0.0000
vt 0.3087 0.5420 0.0000
vt 0.3122 0.5399 0.0000
vt 0.3114 0.5360 0.0000
vt 0.3152 0.5350 0.0000
vt 0.3158 0.5386 0.0000
vt 0.3191 0.5386 0.0000
vt 0.3190 0.5358 0.0000
vt 0.3238 0.5375 0.0000
vt 0.3233 0.5402 0.0000
vt 0.3282 0.5437 0.0000
vt 0.3283 0.5414 0.0000
vt 0.3024 0.5349 0.0000
vt 0.2989 0.5437 0.0000
vt 0.3063 0.5301 0.0000
vt 0.3108 0.5271 0.0000
vt 0.3146 0.5274 0.0000
vt 0.3194 0.5290 0.0000
vt 0.3248 0.5326 0.0000
vt 0.3295 0.5374 0.0000
vt 0.3328 0.5483 0.0000
vt 0.3325 0.5454 0.0000
vt 0.3377 0.5506 0.0000
vt 0.3380 0.5531 0.0000
vt 0.3414 0.5555 0.0000
vt 0.3406 0.5538 0.0000
vt 0.3337 0.5427 0.0000
vt 0.3380 0.5492 0.0000
vt 0.3406 0.5522 0.0000
vt 0.3434 0.5549 0.0000
vt 0.3437 0.5562 0.0000
vt 0.3430 0.5536 0.0000
vt 0.3384 0.5726 0.0000
vt 0.3392 0.5741 0.0000
vt 0.3401 0.5673 0.0000
vt 0.3411 0.5687 0.0000
vt 0.3415 0.5635 0.0000
vt 0.3426 0.5651 0.0000
vt 0.3448 0.5618 0.0000
vt 0.3436 0.5609 0.0000
vt 0.3465 0.5601 0.0000
vt 0.3451 0.5594 0.0000
vt 0.3460 0.5563 0.0000
vt 0.3451 0.5571 0.0000
vt 0.3455 0.5583 0.0000
vt 0.3469 0.5586 0.0000
vt 0.3419 0.5788 0.0000
vt 0.3441 0.5722 0.0000
vt 0.3470 0.5668 0.0000
vt 0.3487 0.5638 0.0000
vt 0.3495 0.5602 0.0000
vt 0.3496 0.5576 0.0000
vt 0.3453 0.5541 0.0000
vt 0.3481 0.5537 0.0000
vt 0.2921 0.5420 0.0000
vt 0.2958 0.5425 0.0000
vt 0.2981 0.5340 0.0000
vt 0.2936 0.5289 0.0000
vt 0.3040 0.5233 0.0000
vt 0.2999 0.5292 0.0000
vt 0.3093 0.5208 0.0000
vt 0.3149 0.5205 0.0000
vt 0.3206 0.5233 0.0000
vt 0.3269 0.5272 0.0000
vt 0.3324 0.5317 0.0000
vt 0.3374 0.5388 0.0000
vt 0.3410 0.5468 0.0000
vt 0.3442 0.5418 0.0000
vt 0.3398 0.5325 0.0000
vt 0.3215 0.5120 0.0000
vt 0.3148 0.5101 0.0000
vt 0.2964 0.5221 0.0000
vt 0.3009 0.5160 0.0000
vt 0.3077 0.5113 0.0000
vt 0.3282 0.5173 0.0000
vt 0.3368 0.5150 0.0000
vt 0.3348 0.5247 0.0000
vt 0.4765 0.5790 0.0000
vt 0.4717 0.5849 0.0000
vt 0.4426 0.6086 0.0000
vt 0.4487 0.6048 0.0000
vt 0.4485 0.6134 0.0000
vt 0.4310 0.6084 0.0000
vt 0.4366 0.6095 0.0000
vt 0.4291 0.6175 0.0000
vt 0.4824 0.5723 0.0000
vt 0.4612 0.5936 0.0000
vt 0.4664 0.5892 0.0000
vt 0.4663 0.5910 0.0000
vt 0.4613 0.5961 0.0000
vt 0.4429 0.6059 0.0000
vt 0.4489 0.6030 0.0000
vt 0.4714 0.5830 0.0000
vt 0.4760 0.5776 0.0000
vt 0.4805 0.5720 0.0000
vt 0.4327 0.6040 0.0000
vt 0.4375 0.6057 0.0000
vt 0.4552 0.5987 0.0000
vt 0.4551 0.6010 0.0000
vt 0.4552 0.5969 0.0000
vt 0.4611 0.5919 0.0000
vt 0.4662 0.5870 0.0000
vt 0.4712 0.5816 0.0000
vt 0.4757 0.5752 0.0000
vt 0.4791 0.5714 0.0000
vt 0.4711 0.5811 0.0000
vt 0.4662 0.5865 0.0000
vt 0.4661 0.5832 0.0000
vt 0.4710 0.5783 0.0000
vt 0.4611 0.5917 0.0000
vt 0.4610 0.5893 0.0000
vt 0.4555 0.5941 0.0000
vt 0.4552 0.5966 0.0000
vt 0.4492 0.6004 0.0000
vt 0.4438 0.6016 0.0000
vt 0.4501 0.5970 0.0000
vt 0.4493 0.5999 0.0000
vt 0.4439 0.6014 0.0000
vt 0.4452 0.5972 0.0000
vt 0.4747 0.5742 0.0000
vt 0.4737 0.5742 0.0000
vt 0.4740 0.5737 0.0000
vt 0.4391 0.6010 0.0000
vt 0.4408 0.5962 0.0000
vt 0.4392 0.6006 0.0000
vt 0.4350 0.5986 0.0000
vt 0.4374 0.5932 0.0000
vt 0.4709 0.5775 0.0000
vt 0.4659 0.5822 0.0000
vt 0.4608 0.5886 0.0000
vt 0.4555 0.5931 0.0000
vt 0.4503 0.5956 0.0000
vt 0.4456 0.5959 0.0000
vt 0.4415 0.5944 0.0000
vt 0.4386 0.5912 0.0000
vt 0.4728 0.5740 0.0000
vt 0.4734 0.5678 0.0000
vt 0.4718 0.5693 0.0000
vt 0.4770 0.5711 0.0000
vt 0.4756 0.5731 0.0000
vt 0.4755 0.5723 0.0000
vt 0.4701 0.5614 0.0000
vt 0.4684 0.5648 0.0000
vt 0.4654 0.5614 0.0000
vt 0.4669 0.5576 0.0000
vt 0.4616 0.5585 0.0000
vt 0.4627 0.5547 0.0000
vt 0.4582 0.5533 0.0000
vt 0.4576 0.5570 0.0000
vt 0.4540 0.5567 0.0000
vt 0.4544 0.5533 0.0000
vt 0.4498 0.5544 0.0000
vt 0.4497 0.5576 0.0000
vt 0.4452 0.5597 0.0000
vt 0.4454 0.5565 0.0000
vt 0.4730 0.5554 0.0000
vt 0.4758 0.5656 0.0000
vt 0.4689 0.5498 0.0000
vt 0.4634 0.5458 0.0000
vt 0.4588 0.5456 0.0000
vt 0.4543 0.5463 0.0000
vt 0.4491 0.5486 0.0000
vt 0.4445 0.5519 0.0000
vt 0.4409 0.5632 0.0000
vt 0.4415 0.5596 0.0000
vt 0.4360 0.5662 0.0000
vt 0.4360 0.5637 0.0000
vt 0.4330 0.5667 0.0000
vt 0.4332 0.5652 0.0000
vt 0.4359 0.5616 0.0000
vt 0.4402 0.5563 0.0000
vt 0.4335 0.5637 0.0000
vt 0.4309 0.5655 0.0000
vt 0.4309 0.5667 0.0000
vt 0.4313 0.5647 0.0000
vt 0.4359 0.5855 0.0000
vt 0.4349 0.5870 0.0000
vt 0.4341 0.5794 0.0000
vt 0.4333 0.5805 0.0000
vt 0.4321 0.5763 0.0000
vt 0.4330 0.5749 0.0000
vt 0.4303 0.5728 0.0000
vt 0.4309 0.5718 0.0000
vt 0.4285 0.5706 0.0000
vt 0.4295 0.5698 0.0000
vt 0.4286 0.5663 0.0000
vt 0.4295 0.5671 0.0000
vt 0.4278 0.5685 0.0000
vt 0.4291 0.5682 0.0000
vt 0.4324 0.5903 0.0000
vt 0.4305 0.5827 0.0000
vt 0.4294 0.5787 0.0000
vt 0.4278 0.5763 0.0000
vt 0.4261 0.5730 0.0000
vt 0.4255 0.5692 0.0000
vt 0.4256 0.5665 0.0000
vt 0.4294 0.5645 0.0000
vt 0.4273 0.5626 0.0000
vt 0.4831 0.5659 0.0000
vt 0.4793 0.5653 0.0000
vt 0.4779 0.5558 0.0000
vt 0.4826 0.5514 0.0000
vt 0.4718 0.5443 0.0000
vt 0.4759 0.5504 0.0000
vt 0.4656 0.5388 0.0000
vt 0.4589 0.5373 0.0000
vt 0.4525 0.5375 0.0000
vt 0.4474 0.5394 0.0000
vt 0.4410 0.5434 0.0000
vt 0.4374 0.5506 0.0000
vt 0.4333 0.5589 0.0000
vt 0.4307 0.5529 0.0000
vt 0.4336 0.5429 0.0000
vt 0.4387 0.5318 0.0000
vt 0.4533 0.5246 0.0000
vt 0.4606 0.5252 0.0000
vt 0.4801 0.5429 0.0000
vt 0.4754 0.5348 0.0000
vt 0.4677 0.5281 0.0000
vt 0.4555 0.6273 0.0000
vt 0.4689 0.6117 0.0000
vt 0.4613 0.6043 0.0000
vt 0.4672 0.5977 0.0000
vt 0.4554 0.6096 0.0000
vt 0.3477 0.2924 0.0000
vt 0.3577 0.2835 0.0000
vt 0.3675 0.2798 0.0000
vt 0.3766 0.2786 0.0000
vt 0.3854 0.2773 0.0000
vt 0.3940 0.2776 0.0000
vt 0.4030 0.2797 0.0000
vt 0.4124 0.2825 0.0000
vt 0.4227 0.2885 0.0000
vt 0.4331 0.2991 0.0000
vt 0.3653 0.2629 0.0000
vt 0.3549 0.2680 0.0000
vt 0.3529 0.2540 0.0000
vt 0.3494 0.2410 0.0000
vt 0.4256 0.2563 0.0000
vt 0.4242 0.2721 0.0000
vt 0.4147 0.2640 0.0000
vt 0.4315 0.2451 0.0000
vt 0.4555 0.3168 0.0000
vt 0.4629 0.3167 0.0000
vt 0.4724 0.3196 0.0000
vt 0.4644 0.2856 0.0000
vt 0.4583 0.2894 0.0000
vt 0.4727 0.2848 0.0000
vt 0.2976 0.2810 0.0000
vt 0.3297 0.3151 0.0000
vt 0.3247 0.3137 0.0000
vt 0.3277 0.3019 0.0000
vt 0.3392 0.3062 0.0000
vt 0.3440 0.2788 0.0000
vt 0.3403 0.2685 0.0000
vt 0.3330 0.2841 0.0000
vt 0.3296 0.2922 0.0000
vt 0.3274 0.2727 0.0000
vt 0.3361 0.2934 0.0000
vt 0.3319 0.3037 0.0000
vt 0.3217 0.2881 0.0000
vt 0.3130 0.2782 0.0000
vt 0.3153 0.2514 0.0000
vt 0.3231 0.2594 0.0000
vt 0.3343 0.2559 0.0000
vt 0.3300 0.2458 0.0000
vt 0.4586 0.2646 0.0000
vt 0.4683 0.2609 0.0000
vt 0.4444 0.3273 0.0000
vt 0.4464 0.3226 0.0000
vt 0.4455 0.3208 0.0000
vt 0.4501 0.3192 0.0000
vt 0.4480 0.3123 0.0000
vt 0.4357 0.2840 0.0000
vt 0.4395 0.2722 0.0000
vt 0.4457 0.2599 0.0000
vt 0.4534 0.2768 0.0000
vt 0.4504 0.2960 0.0000
vt 0.4441 0.2983 0.0000
vt 0.4472 0.2880 0.0000
vt 0.4516 0.2515 0.0000
vt 0.4412 0.3121 0.0000
vt 0.3447 0.2234 0.0000
vt 0.3590 0.2208 0.0000
vt 0.3590 0.2109 0.0000
vt 0.3428 0.2073 0.0000
vt 0.3724 0.2224 0.0000
vt 0.3713 0.2120 0.0000
vt 0.3568 0.1961 0.0000
vt 0.3698 0.1990 0.0000
vt 0.3862 0.2237 0.0000
vt 0.3864 0.1981 0.0000
vt 0.3857 0.2137 0.0000
vt 0.3958 0.2236 0.0000
vt 0.3981 0.1996 0.0000
vt 0.3968 0.2113 0.0000
vt 0.4093 0.2235 0.0000
vt 0.4111 0.2103 0.0000
vt 0.4122 0.2023 0.0000
vt 0.4225 0.2236 0.0000
vt 0.4255 0.2104 0.0000
vt 0.4261 0.2030 0.0000
vt 0.4370 0.2264 0.0000
vt 0.4424 0.2010 0.0000
vt 0.4409 0.2135 0.0000
vt 0.3011 0.2443 0.0000
vt 0.3216 0.2146 0.0000
vt 0.3218 0.2017 0.0000
vt 0.3411 0.1945 0.0000
vt 0.3235 0.2329 0.0000
vt 0.4619 0.2026 0.0000
vt 0.4588 0.2229 0.0000
vt 0.4586 0.2454 0.0000
vt 0.3115 0.2290 0.0000
vt 0.2949 0.2233 0.0000
vt 0.3100 0.2100 0.0000
vt 0.4680 0.2318 0.0000
vt 0.4888 0.2560 0.0000
vt 0.4742 0.2112 0.0000
vt 0.3914 0.6310 0.0000
vt 0.3962 0.6160 0.0000
vt 0.4021 0.6097 0.0000
vt 0.4084 0.6089 0.0000
vt 0.4161 0.6089 0.0000
vt 0.4225 0.6130 0.0000
vt 0.4273 0.6251 0.0000
vt 0.3861 0.6494 0.0000
vt 0.3864 0.6276 0.0000
vt 0.3548 0.6051 0.0000
vt 0.3612 0.6027 0.0000
vt 0.3784 0.6094 0.0000
vt 0.3720 0.6008 0.0000
vt 0.3846 0.6110 0.0000
vt 0.3902 0.6126 0.0000
vt 0.4190 0.6007 0.0000
vt 0.4129 0.5982 0.0000
vt 0.4251 0.6054 0.0000
vt 0.3531 0.5987 0.0000
vt 0.3502 0.5907 0.0000
vt 0.4223 0.5952 0.0000
vt 0.4271 0.5994 0.0000
vt 0.3849 0.5898 0.0000
vt 0.3848 0.5792 0.0000
vt 0.3908 0.5796 0.0000
vt 0.3905 0.5904 0.0000
vt 0.3961 0.5785 0.0000
vt 0.3964 0.5917 0.0000
vt 0.3775 0.5887 0.0000
vt 0.3780 0.5788 0.0000
vt 0.3853 0.5643 0.0000
vt 0.3908 0.5648 0.0000
vt 0.3788 0.5631 0.0000
vt 0.3961 0.5647 0.0000
vt 0.3713 0.5551 0.0000
vt 0.3712 0.5741 0.0000
vt 0.3698 0.5847 0.0000
vt 0.4036 0.5605 0.0000
vt 0.4033 0.5773 0.0000
vt 0.4050 0.5896 0.0000
vt 0.3633 0.5651 0.0000
vt 0.3619 0.5778 0.0000
vt 0.3605 0.5467 0.0000
vt 0.4116 0.5734 0.0000
vt 0.4134 0.5819 0.0000
vt 0.4131 0.5548 0.0000
vt 0.3584 0.5965 0.0000
vt 0.3548 0.5872 0.0000
vt 0.4170 0.5896 0.0000
vt 0.3593 0.5804 0.0000
vt 0.3640 0.5895 0.0000
vt 0.4099 0.5931 0.0000
vt 0.4144 0.5857 0.0000
vt 0.3677 0.5933 0.0000
vt 0.4042 0.5985 0.0000
vt 0.3749 0.5948 0.0000
vt 0.3801 0.5987 0.0000
vt 0.3977 0.6031 0.0000
vt 0.3851 0.5989 0.0000
vt 0.3906 0.6004 0.0000
vt 0.3448 0.5832 0.0000
vt 0.3487 0.5781 0.0000
vt 0.3527 0.5704 0.0000
vt 0.3537 0.5651 0.0000
vt 0.3541 0.5607 0.0000
vt 0.3531 0.5494 0.0000
vt 0.3475 0.5391 0.0000
vt 0.3516 0.5306 0.0000
vt 0.3443 0.5210 0.0000
vt 0.3426 0.5298 0.0000
vt 0.4299 0.5937 0.0000
vt 0.4265 0.5883 0.0000
vt 0.4228 0.5833 0.0000
vt 0.4212 0.5786 0.0000
vt 0.4205 0.5750 0.0000
vt 0.4188 0.5696 0.0000
vt 0.4202 0.5613 0.0000
vt 0.4224 0.5438 0.0000
vt 0.4283 0.5348 0.0000
vt 0.4334 0.5255 0.0000
vt 0.3031 0.5545 0.0000
vt 0.3077 0.5599 0.0000
vt 0.3128 0.5677 0.0000
vt 0.3182 0.5722 0.0000
vt 0.3236 0.5758 0.0000
vt 0.3284 0.5775 0.0000
vt 0.3323 0.5777 0.0000
vt 0.3351 0.5756 0.0000
vt 0.3020 0.5524 0.0000
vt 0.3020 0.5521 0.0000
vt 0.3030 0.5498 0.0000
vt 0.3061 0.5463 0.0000
vt 0.3091 0.5438 0.0000
vt 0.3124 0.5414 0.0000
vt 0.3161 0.5404 0.0000
vt 0.3194 0.5404 0.0000
vt 0.3234 0.5417 0.0000
vt 0.3280 0.5450 0.0000
vt 0.3325 0.5493 0.0000
vt 0.3376 0.5540 0.0000
vt 0.3413 0.5562 0.0000
vt 0.3375 0.5712 0.0000
vt 0.3392 0.5663 0.0000
vt 0.3404 0.5623 0.0000
vt 0.3425 0.5594 0.0000
vt 0.3440 0.5583 0.0000
vt 0.3434 0.5573 0.0000
vt 0.3440 0.5579 0.0000
vt 0.3429 0.5576 0.0000
vt 0.3406 0.5575 0.0000
vt 0.3409 0.5583 0.0000
vt 0.3429 0.5582 0.0000
vt 0.3379 0.5561 0.0000
vt 0.3381 0.5584 0.0000
vt 0.3203 0.5550 0.0000
vt 0.4705 0.5753 0.0000
vt 0.4652 0.5794 0.0000
vt 0.4601 0.5869 0.0000
vt 0.4554 0.5907 0.0000
vt 0.4501 0.5936 0.0000
vt 0.4459 0.5938 0.0000
vt 0.4420 0.5930 0.0000
vt 0.4392 0.5901 0.0000
vt 0.4718 0.5734 0.0000
vt 0.4715 0.5729 0.0000
vt 0.4707 0.5706 0.0000
vt 0.4676 0.5665 0.0000
vt 0.4644 0.5633 0.0000
vt 0.4612 0.5601 0.0000
vt 0.4572 0.5589 0.0000
vt 0.4537 0.5585 0.0000
vt 0.4497 0.5592 0.0000
vt 0.4454 0.5611 0.0000
vt 0.4411 0.5643 0.0000
vt 0.4362 0.5675 0.0000
vt 0.4331 0.5674 0.0000
vt 0.4367 0.5846 0.0000
vt 0.4350 0.5786 0.0000
vt 0.4336 0.5740 0.0000
vt 0.4318 0.5709 0.0000
vt 0.4307 0.5690 0.0000
vt 0.4312 0.5682 0.0000
vt 0.4306 0.5686 0.0000
vt 0.4335 0.5690 0.0000
vt 0.4319 0.5688 0.0000
vt 0.4319 0.5693 0.0000
vt 0.4332 0.5701 0.0000
vt 0.4362 0.5698 0.0000
vt 0.4355 0.5706 0.0000
vt 0.4528 0.5728 0.0000
vt 0.2044 0.2808 0.0000
vt 0.2190 0.2572 0.0000
vt 0.2212 0.2743 0.0000
vt 0.2323 0.2401 0.0000
vt 0.2352 0.2594 0.0000
vt 0.2551 0.2182 0.0000
vt 0.2570 0.2394 0.0000
vt 0.2753 0.2070 0.0000
vt 0.2762 0.2207 0.0000
vt 0.3114 0.1954 0.0000
vt 0.3124 0.1846 0.0000
vt 0.3229 0.1819 0.0000
vt 0.3229 0.1849 0.0000
vt 0.3412 0.1773 0.0000
vt 0.3575 0.1811 0.0000
vt 0.3698 0.1888 0.0000
vt 0.4118 0.1906 0.0000
vt 0.4243 0.1860 0.0000
vt 0.4429 0.1816 0.0000
vt 0.4603 0.1933 0.0000
vt 0.4907 0.2143 0.0000
vt 0.4738 0.2006 0.0000
vt 0.4735 0.1911 0.0000
vt 0.4909 0.2018 0.0000
vt 0.5099 0.2091 0.0000
vt 0.5106 0.2277 0.0000
vt 0.5318 0.2276 0.0000
vt 0.5318 0.2491 0.0000
vt 0.5518 0.2506 0.0000
vt 0.5492 0.2712 0.0000
vt 0.5755 0.2720 0.0000
vt 0.5679 0.2944 0.0000
vt 0.5871 0.3005 0.0000
vt 0.5796 0.3185 0.0000
vt 0.2017 0.2667 0.0000
vt 0.2169 0.2451 0.0000
vt 0.2301 0.2237 0.0000
vt 0.2526 0.2048 0.0000
vt 0.2754 0.1871 0.0000
vt 0.3169 0.1652 0.0000
vt 0.3437 0.1661 0.0000
vt 0.3593 0.1701 0.0000
vt 0.3721 0.1746 0.0000
vt 0.4085 0.1773 0.0000
vt 0.4226 0.1745 0.0000
vt 0.4403 0.1713 0.0000
vt 0.4655 0.1714 0.0000
vt 0.4606 0.1867 0.0000
vt 0.4900 0.1807 0.0000
vt 0.5090 0.1911 0.0000
vt 0.5346 0.2115 0.0000
vt 0.5563 0.2329 0.0000
vt 0.4914 0.2273 0.0000
vt 0.3848 0.1903 0.0000
vt 0.3987 0.1925 0.0000
vt 0.3860 0.1776 0.0000
vt 0.3974 0.1797 0.0000
vt 0.3452 0.1510 0.0000
vt 0.3489 0.1289 0.0000
vt 0.3650 0.1298 0.0000
vt 0.3618 0.1556 0.0000
vt 0.3799 0.1287 0.0000
vt 0.3748 0.1609 0.0000
vt 0.3961 0.1293 0.0000
vt 0.3862 0.1603 0.0000
vt 0.4092 0.1606 0.0000
vt 0.4194 0.1618 0.0000
vt 0.4141 0.1331 0.0000
vt 0.4343 0.1355 0.0000
vt 0.4370 0.1598 0.0000
vt 0.2856 0.1517 0.0000
vt 0.3112 0.1444 0.0000
vt 0.3009 0.1608 0.0000
vt 0.2787 0.1696 0.0000
vt 0.2604 0.1626 0.0000
vt 0.2535 0.1844 0.0000
vt 0.4858 0.1669 0.0000
vt 0.4755 0.1438 0.0000
vt 0.4983 0.1468 0.0000
vt 0.5045 0.1732 0.0000
vt 0.5244 0.1612 0.0000
vt 0.5308 0.1869 0.0000
vt 0.2385 0.1803 0.0000
vt 0.2335 0.2044 0.0000
vt 0.2167 0.2063 0.0000
vt 0.2141 0.2307 0.0000
vt 0.1991 0.2299 0.0000
vt 0.2015 0.2516 0.0000
vt 0.5529 0.1871 0.0000
vt 0.5564 0.2125 0.0000
vt 0.5804 0.2225 0.0000
vt 0.5802 0.2505 0.0000
vt 0.5973 0.2553 0.0000
vt 0.5926 0.2805 0.0000
vt 0.3465 0.1014 0.0000
vt 0.3157 0.1076 0.0000
vt 0.3222 0.0756 0.0000
vt 0.2935 0.1138 0.0000
vt 0.2984 0.0813 0.0000
vt 0.2667 0.1186 0.0000
vt 0.2715 0.0795 0.0000
vt 0.4889 0.1134 0.0000
vt 0.4685 0.1112 0.0000
vt 0.4604 0.0775 0.0000
vt 0.4818 0.0801 0.0000
vt 0.5107 0.0835 0.0000
vt 0.5163 0.1247 0.0000
vt 0.2419 0.1387 0.0000
vt 0.2469 0.0957 0.0000
vt 0.2186 0.1609 0.0000
vt 0.2204 0.1102 0.0000
vt 0.1977 0.1846 0.0000
vt 0.1937 0.1309 0.0000
vt 0.5413 0.1011 0.0000
vt 0.5454 0.1475 0.0000
vt 0.5717 0.1232 0.0000
vt 0.5770 0.1821 0.0000
vt 0.6085 0.1631 0.0000
vt 0.5994 0.2134 0.0000
vt 0.3706 0.0993 0.0000
vt 0.3899 0.0951 0.0000
vt 0.4109 0.0975 0.0000
vt 0.4344 0.0996 0.0000
vt 0.2227 0.0672 0.0000
vt 0.1990 0.0777 0.0000
vt 0.3228 0.1528 0.0000
vt 0.4627 0.1588 0.0000
vt 0.3218 0.1942 0.0000
vt 0.3098 0.2009 0.0000
vt 0.3981 0.1606 0.0000
vt 0.2716 0.6263 0.0000
vt 0.2471 0.5898 0.0000
vt 0.2926 0.6584 0.0000
vt 0.3148 0.6773 0.0000
vt 0.3318 0.6886 0.0000
vt 0.3508 0.7012 0.0000
vt 0.3720 0.7052 0.0000
vt 0.3904 0.7058 0.0000
vt 0.4083 0.7133 0.0000
vt 0.4266 0.7126 0.0000
vt 0.4449 0.7084 0.0000
vt 0.4590 0.7014 0.0000
vt 0.4789 0.6864 0.0000
vt 0.4976 0.6673 0.0000
vt 0.5264 0.6279 0.0000
vt 0.2485 0.6325 0.0000
vt 0.2676 0.6512 0.0000
vt 0.2903 0.6821 0.0000
vt 0.3134 0.7043 0.0000
vt 0.3302 0.7165 0.0000
vt 0.3503 0.7320 0.0000
vt 0.3713 0.7409 0.0000
vt 0.3903 0.7446 0.0000
vt 0.4087 0.7469 0.0000
vt 0.4264 0.7433 0.0000
vt 0.4449 0.7370 0.0000
vt 0.4595 0.7295 0.0000
vt 0.4786 0.7157 0.0000
vt 0.4974 0.6953 0.0000
vt 0.5207 0.6633 0.0000
vt 0.2653 0.6752 0.0000
vt 0.2507 0.6640 0.0000
vt 0.2872 0.7042 0.0000
vt 0.3098 0.7291 0.0000
vt 0.3298 0.7436 0.0000
vt 0.3498 0.7619 0.0000
vt 0.3719 0.7758 0.0000
vt 0.3901 0.7810 0.0000
vt 0.4070 0.7811 0.0000
vt 0.4253 0.7757 0.0000
vt 0.4431 0.7691 0.0000
vt 0.4591 0.7587 0.0000
vt 0.4796 0.7394 0.0000
vt 0.4993 0.7220 0.0000
vt 0.5179 0.7077 0.0000
vt 0.4466 0.5262 0.0000
vt 0.6598 0.3212 0.0000
vt 0.6460 0.3274 0.0000
vt 0.6361 0.2681 0.0000
vt 0.6490 0.2592 0.0000
vt 0.6746 0.3125 0.0000
vt 0.6639 0.2540 0.0000
vt 0.7113 0.2519 0.0000
vt 0.7162 0.2992 0.0000
vt 0.6940 0.3040 0.0000
vt 0.6887 0.2504 0.0000
vt 0.7263 0.3009 0.0000
vt 0.7205 0.2593 0.0000
vt 0.5160 0.9417 0.0000
vt 0.4996 0.9765 0.0000
vt 0.4455 0.9516 0.0000
vt 0.4660 0.9212 0.0000
vt 0.2706 0.9784 0.0000
vt 0.2585 0.9443 0.0000
vt 0.3108 0.9234 0.0000
vt 0.3268 0.9533 0.0000
vt 0.5340 0.8722 0.0000
vt 0.4853 0.8796 0.0000
vt 0.5018 0.8434 0.0000
vt 0.5267 0.9027 0.0000
vt 0.5431 0.8214 0.0000
vt 0.5077 0.8242 0.0000
vt 0.5132 0.8089 0.0000
vt 0.5215 0.7829 0.0000
vt 0.5312 0.7462 0.0000
vt 0.5532 0.7504 0.0000
vt 0.5482 0.7866 0.0000
vt 0.5420 0.6684 0.0000
vt 0.5644 0.6669 0.0000
vt 0.5601 0.7106 0.0000
vt 0.5362 0.7121 0.0000
vt 0.2832 0.8612 0.0000
vt 0.2419 0.8779 0.0000
vt 0.2331 0.8339 0.0000
vt 0.2678 0.8209 0.0000
vt 0.2962 0.8920 0.0000
vt 0.2492 0.9118 0.0000
vt 0.2292 0.8018 0.0000
vt 0.2271 0.7678 0.0000
vt 0.2466 0.7583 0.0000
vt 0.2526 0.7917 0.0000
vt 0.4400 0.8928 0.0000
vt 0.4613 0.8576 0.0000
vt 0.5142 0.7458 0.0000
vt 0.5062 0.7714 0.0000
vt 0.4962 0.7911 0.0000
vt 0.4842 0.8158 0.0000
vt 0.4180 0.9168 0.0000
vt 0.2586 0.7492 0.0000
vt 0.2722 0.7410 0.0000
vt 0.2815 0.7662 0.0000
vt 0.2659 0.7796 0.0000
vt 0.2955 0.8090 0.0000
vt 0.3128 0.8403 0.0000
vt 0.2712 0.7975 0.0000
vt 0.2898 0.7916 0.0000
vt 0.3270 0.8648 0.0000
vt 0.3429 0.8921 0.0000
vt 0.3583 0.9218 0.0000
vt 0.2291 0.5933 0.0000
vt 0.2334 0.6289 0.0000
vt 0.2369 0.6638 0.0000
vt 0.2156 0.6597 0.0000
vt 0.2117 0.6252 0.0000
vt 0.2534 0.6914 0.0000
vt 0.2395 0.6913 0.0000
vt 0.2193 0.6925 0.0000
vt 0.2474 0.7361 0.0000
vt 0.2426 0.7123 0.0000
vt 0.2222 0.7180 0.0000
vt 0.2249 0.7432 0.0000
vt 0.2597 0.7104 0.0000
vt 0.2677 0.7278 0.0000
vt 0.2094 0.5909 0.0000
vt 0.5394 0.8397 0.0000
vt 0.5671 0.8406 0.0000
vt 0.5633 0.8759 0.0000
vt 0.1861 0.7618 0.0000
vt 0.1849 0.7285 0.0000
vt 0.2017 0.7368 0.0000
vt 0.2037 0.7675 0.0000
vt 0.1857 0.8945 0.0000
vt 0.1851 0.8633 0.0000
vt 0.2100 0.8739 0.0000
vt 0.2132 0.9082 0.0000
vt 0.5806 0.7397 0.0000
vt 0.5817 0.7031 0.0000
vt 0.5836 0.6556 0.0000
vt 0.5796 0.7782 0.0000
vt 0.5679 0.8110 0.0000
vt 0.5871 0.8032 0.0000
vt 0.5883 0.8350 0.0000
vt 0.5595 0.9068 0.0000
vt 0.5530 0.9489 0.0000
vt 0.5431 0.9832 0.0000
vt 0.5841 0.9427 0.0000
vt 0.5775 0.9774 0.0000
vt 0.5855 0.9015 0.0000
vt 0.1955 0.7051 0.0000
vt 0.1948 0.6816 0.0000
vt 0.1950 0.6512 0.0000
vt 0.1954 0.6148 0.0000
vt 0.2050 0.7995 0.0000
vt 0.2065 0.8328 0.0000
vt 0.1846 0.8229 0.0000
vt 0.2180 0.9442 0.0000
vt 0.2258 0.9835 0.0000
vt 0.5873 0.8707 0.0000
vt 0.1869 0.9328 0.0000
vt 0.1904 0.9729 0.0000
vt 0.1852 0.7934 0.0000
vt 0.6166 0.9287 0.0000
vt 0.6148 0.8835 0.0000
vt 0.1807 0.6325 0.0000
vt 0.1740 0.5933 0.0000
vt 0.6130 0.8534 0.0000
vt 0.6115 0.8207 0.0000
vt 0.6138 0.9612 0.0000
vt 0.6463 0.8766 0.0000
vt 0.6500 0.9269 0.0000
vt 0.1765 0.6655 0.0000
vt 0.1727 0.6905 0.0000
vt 0.1698 0.7139 0.0000
vt 0.1679 0.7443 0.0000
vt 0.1642 0.7753 0.0000
vt 0.1614 0.8025 0.0000
vt 0.1597 0.8463 0.0000
vt 0.1381 0.7789 0.0000
vt 0.1463 0.7400 0.0000
vt 0.1596 0.8770 0.0000
vt 0.1557 0.9153 0.0000
vt 0.1534 0.9525 0.0000
vt 0.6399 0.8278 0.0000
vt 0.1660 0.6205 0.0000
vt 0.1542 0.6996 0.0000
vt 0.1570 0.6767 0.0000
vt 0.1175 0.9164 0.0000
vt 0.1287 0.8711 0.0000
vt 0.1344 0.8225 0.0000
vt 0.1624 0.6485 0.0000
vt 0.6351 0.8039 0.0000
vt 0.1419 0.6609 0.0000
vt 0.6488 0.6606 0.0000
vt 0.6344 0.6909 0.0000
vt 0.6303 0.6335 0.0000
vt 0.6717 0.7192 0.0000
vt 0.6517 0.7592 0.0000
vt 0.6948 0.7740 0.0000
vt 0.6711 0.8293 0.0000
vt 0.6794 0.8889 0.0000
vt 0.1497 0.6285 0.0000
vt 0.1560 0.6034 0.0000
vt 0.1581 0.5656 0.0000
vt 0.1292 0.7095 0.0000
vt 0.1151 0.7614 0.0000
vt 0.1016 0.8230 0.0000
vt 0.0892 0.8734 0.0000
vt 0.0579 0.8054 0.0000
vt 0.0778 0.7612 0.0000
vt 0.0952 0.7129 0.0000
vt 0.1123 0.6724 0.0000
vt 0.1275 0.6316 0.0000
vt 0.1415 0.5936 0.0000
vt 0.7114 0.8240 0.0000
vt 0.0609 0.7098 0.0000
vt 0.0825 0.6684 0.0000
vt 0.7112 0.7247 0.0000
vt 0.7254 0.6668 0.0000
vt 0.7462 0.6969 0.0000
vt 0.7309 0.7637 0.0000
vt 0.6830 0.6755 0.0000
vt 0.6936 0.6259 0.0000
vt 0.6570 0.6265 0.0000
vt 0.6655 0.5879 0.0000
vt 0.6459 0.5786 0.0000
vt 0.6223 0.5991 0.0000
vt 0.6356 0.5560 0.0000
vt 0.0384 0.7443 0.0000
vt 0.1021 0.6341 0.0000
vt 0.1196 0.5992 0.0000
vt 0.1323 0.5517 0.0000
vt 0.1456 0.5252 0.0000
vt 0.1118 0.5620 0.0000
vt 0.0930 0.5890 0.0000
vt 0.0241 0.6769 0.0000
vt 0.0466 0.6484 0.0000
vt 0.0707 0.6175 0.0000
vt 0.0172 0.6105 0.0000
vt 0.0401 0.5905 0.0000
vt 0.0879 0.5458 0.0000
vt 0.1081 0.5245 0.0000
vt 0.1264 0.5045 0.0000
vt 0.7554 0.6325 0.0000
vt 0.7327 0.6105 0.0000
vt 0.7364 0.5560 0.0000
vt 0.7590 0.5690 0.0000
vt 0.7002 0.5795 0.0000
vt 0.7043 0.5338 0.0000
vt 0.6701 0.5499 0.0000
vt 0.6533 0.5316 0.0000
vt 0.6575 0.5008 0.0000
vt 0.6743 0.5131 0.0000
vt 0.6430 0.5009 0.0000
vt 0.0365 0.5365 0.0000
vt 0.0611 0.5209 0.0000
vt 0.0644 0.5693 0.0000
vt 0.1390 0.4742 0.0000
vt 0.1232 0.4732 0.0000
vt 0.1055 0.4879 0.0000
vt 0.0846 0.5039 0.0000
vt 0.0156 0.5467 0.0000
vt 0.6785 0.4546 0.0000
vt 0.7062 0.4664 0.0000
vt 0.6615 0.4486 0.0000
vt 0.6479 0.4422 0.0000
vt 0.7348 0.4785 0.0000
vt 0.7546 0.4824 0.0000
vt 0.1036 0.4314 0.0000
vt 0.1215 0.4233 0.0000
vt 0.0843 0.4399 0.0000
vt 0.1357 0.4170 0.0000
vt 0.0632 0.4510 0.0000
vt 0.0394 0.4596 0.0000
vt 0.0205 0.4610 0.0000
vt 0.0873 0.3661 0.0000
vt 0.1055 0.3635 0.0000
vt 0.6476 0.3806 0.0000
vt 0.6623 0.3853 0.0000
vt 0.6784 0.3844 0.0000
vt 0.7037 0.3886 0.0000
vt 0.7281 0.3955 0.0000
vt 0.7410 0.3962 0.0000
vt 0.1362 0.3639 0.0000
vt 0.1214 0.3617 0.0000
vt 0.0685 0.3725 0.0000
vt 0.0492 0.3770 0.0000
vt 0.0339 0.3749 0.0000
vt 0.1340 0.2391 0.0000
vt 0.1500 0.2495 0.0000
vt 0.1417 0.3023 0.0000
vt 0.1256 0.2938 0.0000
vt 0.1098 0.2871 0.0000
vt 0.1170 0.2333 0.0000
vt 0.0770 0.2835 0.0000
vt 0.0811 0.2337 0.0000
vt 0.0992 0.2326 0.0000
vt 0.0941 0.2866 0.0000
vt 0.0500 0.2825 0.0000
vt 0.0551 0.2408 0.0000
vt 0.0644 0.2354 0.0000
vt 0.0597 0.2836 0.0000
vt 0.6061 0.7901 0.0000
vt 0.6256 0.7671 0.0000
vt 0.6052 0.7712 0.0000
vt 0.6118 0.7258 0.0000
vt 0.6088 0.6812 0.0000
vt 0.6048 0.6353 0.0000
vt 0.5461 0.6294 0.0000
vt 0.5668 0.6291 0.0000
vt 0.5845 0.6203 0.0000
vt 0.6046 0.5985 0.0000
vt 0.6183 0.5722 0.0000
vt 0.6272 0.5298 0.0000
vt 0.6332 0.4897 0.0000
vt 0.6355 0.4457 0.0000
vt 0.6360 0.3909 0.0000
vt 0.6234 0.2965 0.0000
vt 0.6329 0.3371 0.0000
vt 0.1628 0.2620 0.0000
vt 0.1520 0.3101 0.0000
vt 0.1506 0.3727 0.0000
vt 0.1476 0.4213 0.0000
vt 0.1488 0.4579 0.0000
vt 0.1532 0.4974 0.0000
vt 0.1624 0.5376 0.0000
vt 0.1763 0.5643 0.0000
vt 0.1945 0.5826 0.0000
vt 0.3406 0.8427 0.0000
vt 0.3574 0.8672 0.0000
vt 0.3483 0.8189 0.0000
vt 0.3664 0.8438 0.0000
vt 0.3518 0.7961 0.0000
vt 0.3515 0.7779 0.0000
vt 0.3727 0.7976 0.0000
vt 0.3703 0.8168 0.0000
vt 0.3756 0.8920 0.0000
vt 0.3855 0.8690 0.0000
vt 0.3858 0.8363 0.0000
vt 0.4008 0.8588 0.0000
vt 0.3901 0.8377 0.0000
vt 0.4072 0.8376 0.0000
vt 0.4309 0.8718 0.0000
vt 0.4060 0.8849 0.0000
vt 0.4265 0.8450 0.0000
vt 0.4296 0.8239 0.0000
vt 0.4510 0.8366 0.0000
vt 0.4444 0.7993 0.0000
vt 0.4597 0.7912 0.0000
vt 0.4556 0.8079 0.0000
vt 0.4448 0.8163 0.0000
vt 0.4671 0.8117 0.0000
vt 0.4754 0.7896 0.0000
vt 0.3244 0.8197 0.0000
vt 0.3090 0.7984 0.0000
vt 0.3036 0.7836 0.0000
vt 0.2929 0.7417 0.0000
vt 0.2971 0.7660 0.0000
vt 0.2898 0.7665 0.0000
vt 0.2820 0.7403 0.0000
vt 0.3353 0.8035 0.0000
vt 0.3242 0.7867 0.0000
vt 0.3132 0.7692 0.0000
vt 0.3126 0.7515 0.0000
vt 0.3263 0.7607 0.0000
vt 0.3259 0.7748 0.0000
vt 0.3382 0.7836 0.0000
vt 0.3371 0.7673 0.0000
vt 0.3891 0.8096 0.0000
vt 0.4093 0.8123 0.0000
vt 0.4315 0.8044 0.0000
vt 0.4858 0.7687 0.0000
vt 0.4949 0.7448 0.0000
vt 0.4735 0.7694 0.0000
vt 0.2690 0.7020 0.0000
vt 0.2889 0.7243 0.0000
vt 0.3108 0.7448 0.0000
vt 0.2766 0.7259 0.0000
vt 0.8931 0.1825 0.0000
vt 0.8863 0.1904 0.0000
vt 0.8865 0.1615 0.0000
vt 0.8931 0.1479 0.0000
vt 0.8627 0.0466 0.0000
vt 0.8708 0.0554 0.0000
vt 0.8640 0.0747 0.0000
vt 0.8653 0.2080 0.0000
vt 0.8713 0.2084 0.0000
vt 0.8662 0.2189 0.0000
vt 0.8748 0.1949 0.0000
vt 0.8735 0.2095 0.0000
vt 0.8265 0.1660 0.0000
vt 0.8271 0.1376 0.0000
vt 0.8332 0.1400 0.0000
vt 0.8327 0.1645 0.0000
vt 0.8293 0.1922 0.0000
vt 0.8385 0.1906 0.0000
vt 0.8485 0.0554 0.0000
vt 0.8596 0.0351 0.0000
vt 0.8522 0.0653 0.0000
vt 0.8553 0.2103 0.0000
vt 0.8629 0.2004 0.0000
vt 0.8553 0.2225 0.0000
vt 0.8250 0.1997 0.0000
vt 0.8226 0.1796 0.0000
vt 0.8548 0.2352 0.0000
vt 0.8608 0.2283 0.0000
vt 0.8560 0.2386 0.0000
vt 0.8628 0.2318 0.0000
vt 0.8210 0.2014 0.0000
vt 0.8175 0.1689 0.0000
vt 0.8219 0.1585 0.0000
vt 0.8229 0.1375 0.0000
vt 0.8271 0.1066 0.0000
vt 0.8316 0.1100 0.0000
vt 0.8314 0.4642 0.0000
vt 0.8298 0.4807 0.0000
vt 0.8260 0.4718 0.0000
vt 0.8263 0.4588 0.0000
vt 0.8404 0.3461 0.0000
vt 0.8363 0.3747 0.0000
vt 0.8285 0.3657 0.0000
vt 0.8320 0.3348 0.0000
vt 0.8438 0.3183 0.0000
vt 0.8341 0.3040 0.0000
vt 0.8568 0.2429 0.0000
vt 0.8646 0.2354 0.0000
vt 0.8698 0.2468 0.0000
vt 0.8351 0.4672 0.0000
vt 0.8325 0.4385 0.0000
vt 0.8378 0.4400 0.0000
vt 0.8619 0.0210 0.0000
vt 0.8562 0.0288 0.0000
vt 0.8482 0.0262 0.0000
vt 0.8507 0.0181 0.0000
vt 0.8477 0.0406 0.0000
vt 0.8441 0.0367 0.0000
vt 0.8273 0.3979 0.0000
vt 0.8336 0.4036 0.0000
vt 0.8830 0.2073 0.0000
vt 0.8775 0.2117 0.0000
vt 0.8813 0.1957 0.0000
vt 0.8790 0.2230 0.0000
vt 0.8814 0.2216 0.0000
vt 0.8721 0.2484 0.0000
vt 0.8675 0.0297 0.0000
vt 0.8427 0.0512 0.0000
vt 0.8383 0.0457 0.0000
vt 0.8801 0.1015 0.0000
vt 0.8759 0.0761 0.0000
vt 0.8842 0.0840 0.0000
vt 0.8840 0.1315 0.0000
vt 0.8895 0.1161 0.0000
vt 0.8818 0.1690 0.0000
vt 0.8780 0.1412 0.0000
vt 0.8298 0.2166 0.0000
vt 0.8350 0.2135 0.0000
vt 0.8354 0.2281 0.0000
vt 0.8417 0.2357 0.0000
vt 0.8448 0.2266 0.0000
vt 0.8485 0.2385 0.0000
vt 0.8293 0.2274 0.0000
vt 0.8491 0.2470 0.0000
vt 0.8401 0.2430 0.0000
vt 0.8430 0.2562 0.0000
vt 0.8546 0.2669 0.0000
vt 0.8440 0.3805 0.0000
vt 0.8470 0.3513 0.0000
vt 0.8848 0.2077 0.0000
vt 0.8701 0.1690 0.0000
vt 0.8732 0.1592 0.0000
vt 0.8761 0.1751 0.0000
vt 0.8713 0.1860 0.0000
vt 0.8765 0.0551 0.0000
vt 0.8693 0.0779 0.0000
vt 0.8648 0.1770 0.0000
vt 0.8483 0.2933 0.0000
vt 0.8375 0.2765 0.0000
vt 0.8529 0.3004 0.0000
vt 0.8486 0.3285 0.0000
vt 0.8458 0.2099 0.0000
vt 0.8611 0.2730 0.0000
vt 0.8695 0.2225 0.0000
vt 0.8718 0.2249 0.0000
vt 0.8870 0.2063 0.0000
vt 0.8826 0.2221 0.0000
vt 0.8186 0.1353 0.0000
vt 0.8379 0.1163 0.0000
vt 0.8223 0.1016 0.0000
vt 0.8414 0.4088 0.0000
vt 0.8270 0.4362 0.0000
vt 0.8357 0.0714 0.0000
vt 0.8394 0.0782 0.0000
vt 0.8310 0.0650 0.0000
vt 0.8334 0.4860 0.0000
vt 0.8494 0.1973 0.0000
vt 0.8500 0.1741 0.0000
vt 0.8432 0.1831 0.0000
vt 0.8385 0.1624 0.0000
vt 0.8444 0.1685 0.0000
vt 0.8382 0.1399 0.0000
vt 0.8405 0.1255 0.0000
vt 0.8429 0.0866 0.0000
vt 0.8468 0.1001 0.0000
vt 0.8568 0.0858 0.0000
vt 0.8637 0.0827 0.0000
vt 0.8652 0.0841 0.0000
vt 0.8694 0.0917 0.0000
vt 0.8665 0.0972 0.0000
vt 0.8713 0.1039 0.0000
vt 0.8683 0.1092 0.0000
vt 0.8754 0.1193 0.0000
vt 0.8710 0.1249 0.0000
vt 0.8755 0.0975 0.0000
vt 0.8734 0.1335 0.0000
vt 0.8664 0.1432 0.0000
vt 0.8633 0.1530 0.0000
vt 0.8559 0.1398 0.0000
vt 0.8465 0.1363 0.0000
vt 0.8475 0.1488 0.0000
vt 0.8582 0.1039 0.0000
vt 0.8521 0.1160 0.0000
vt 0.8525 0.1578 0.0000
vt 0.8613 0.1637 0.0000
vt 0.8495 0.1282 0.0000
vt 0.8573 0.1292 0.0000
vt 0.8573 0.1204 0.0000
vt 0.8692 0.1234 0.0000
vt 0.8669 0.1107 0.0000
vt 0.8647 0.0988 0.0000
vt 0.8618 0.1005 0.0000
vt 0.8629 0.1147 0.0000
vt 0.8666 0.1240 0.0000
vt 0.8622 0.1240 0.0000
vt 0.8629 0.0895 0.0000
vt 0.8699 0.1314 0.0000
vt 0.8679 0.1295 0.0000
vt 0.8642 0.1368 0.0000
vt 0.8626 0.1309 0.0000
vt 0.8718 0.0399 0.0000
vt 0.7424 0.1546 0.0000
vt 0.7428 0.1834 0.0000
vt 0.7356 0.1766 0.0000
vt 0.7356 0.1410 0.0000
vt 0.7664 0.0400 0.0000
vt 0.7651 0.0680 0.0000
vt 0.7584 0.0487 0.0000
vt 0.7603 0.2008 0.0000
vt 0.7634 0.2008 0.0000
vt 0.7625 0.2118 0.0000
vt 0.7576 0.2012 0.0000
vt 0.7542 0.1878 0.0000
vt 0.7549 0.2029 0.0000
vt 0.7477 0.1886 0.0000
vt 0.8023 0.1591 0.0000
vt 0.7961 0.1576 0.0000
vt 0.7955 0.1331 0.0000
vt 0.8017 0.1307 0.0000
vt 0.7993 0.1853 0.0000
vt 0.7900 0.1835 0.0000
vt 0.7804 0.0487 0.0000
vt 0.7767 0.0587 0.0000
vt 0.7695 0.0284 0.0000
vt 0.7733 0.2032 0.0000
vt 0.7734 0.2152 0.0000
vt 0.7658 0.1933 0.0000
vt 0.8062 0.1728 0.0000
vt 0.8037 0.1927 0.0000
vt 0.7739 0.2276 0.0000
vt 0.7680 0.2210 0.0000
vt 0.7731 0.2314 0.0000
vt 0.7666 0.2246 0.0000
vt 0.8078 0.1946 0.0000
vt 0.8114 0.1619 0.0000
vt 0.8070 0.1516 0.0000
vt 0.7972 0.1032 0.0000
vt 0.8018 0.0997 0.0000
vt 0.8060 0.1305 0.0000
vt 0.7944 0.4596 0.0000
vt 0.7996 0.4547 0.0000
vt 0.7996 0.4680 0.0000
vt 0.7955 0.4765 0.0000
vt 0.7889 0.3391 0.0000
vt 0.7972 0.3281 0.0000
vt 0.8002 0.3598 0.0000
vt 0.7922 0.3682 0.0000
vt 0.7855 0.3111 0.0000
vt 0.7951 0.2970 0.0000
vt 0.7720 0.2352 0.0000
vt 0.7592 0.2392 0.0000
vt 0.7642 0.2280 0.0000
vt 0.7906 0.4628 0.0000
vt 0.7888 0.4345 0.0000
vt 0.7940 0.4334 0.0000
vt 0.7811 0.0195 0.0000
vt 0.7730 0.0220 0.0000
vt 0.7674 0.0141 0.0000
vt 0.7789 0.0108 0.0000
vt 0.7850 0.0298 0.0000
vt 0.7814 0.0338 0.0000
vt 0.8005 0.3927 0.0000
vt 0.7939 0.3978 0.0000
vt 0.7460 0.1997 0.0000
vt 0.7515 0.2046 0.0000
vt 0.7500 0.2158 0.0000
vt 0.7572 0.2406 0.0000
vt 0.7479 0.2147 0.0000
vt 0.7618 0.0228 0.0000
vt 0.7864 0.0442 0.0000
vt 0.7908 0.0388 0.0000
vt 0.7489 0.0948 0.0000
vt 0.7448 0.0769 0.0000
vt 0.7532 0.0693 0.0000
vt 0.7449 0.1245 0.0000
vt 0.7393 0.1091 0.0000
vt 0.7471 0.1619 0.0000
vt 0.7509 0.1342 0.0000
vt 0.7988 0.2095 0.0000
vt 0.7931 0.2206 0.0000
vt 0.7936 0.2064 0.0000
vt 0.7871 0.2285 0.0000
vt 0.7802 0.2313 0.0000
vt 0.7839 0.2192 0.0000
vt 0.7993 0.2204 0.0000
vt 0.7886 0.2354 0.0000
vt 0.7797 0.2397 0.0000
vt 0.7859 0.2492 0.0000
vt 0.7742 0.2595 0.0000
vt 0.7842 0.3732 0.0000
vt 0.7819 0.3442 0.0000
vt 0.7436 0.1979 0.0000
vt 0.7587 0.1620 0.0000
vt 0.7576 0.1791 0.0000
vt 0.7529 0.1680 0.0000
vt 0.7556 0.1523 0.0000
vt 0.7526 0.0481 0.0000
vt 0.7597 0.0712 0.0000
vt 0.7638 0.1700 0.0000
vt 0.7808 0.2860 0.0000
vt 0.7915 0.2693 0.0000
vt 0.7765 0.2928 0.0000
vt 0.7809 0.3210 0.0000
vt 0.7829 0.2026 0.0000
vt 0.7680 0.2649 0.0000
vt 0.7601 0.2154 0.0000
vt 0.7571 0.2177 0.0000
vt 0.8103 0.1284 0.0000
vt 0.7908 0.1095 0.0000
vt 0.8067 0.0946 0.0000
vt 0.7859 0.4020 0.0000
vt 0.7997 0.4319 0.0000
vt 0.7895 0.0717 0.0000
vt 0.7932 0.0647 0.0000
vt 0.7981 0.0580 0.0000
vt 0.7915 0.4806 0.0000
vt 0.7785 0.1675 0.0000
vt 0.7792 0.1904 0.0000
vt 0.7849 0.1685 0.0000
vt 0.7904 0.1554 0.0000
vt 0.7906 0.1330 0.0000
vt 0.7882 0.1188 0.0000
vt 0.7820 0.0934 0.0000
vt 0.7859 0.0800 0.0000
vt 0.7728 0.0759 0.0000
vt 0.7712 0.0827 0.0000
vt 0.7651 0.0761 0.0000
vt 0.7636 0.0774 0.0000
vt 0.7623 0.0907 0.0000
vt 0.7585 0.0866 0.0000
vt 0.7604 0.1031 0.0000
vt 0.7566 0.0978 0.0000
vt 0.7577 0.1181 0.0000
vt 0.7535 0.1124 0.0000
vt 0.7534 0.0912 0.0000
vt 0.7554 0.1265 0.0000
vt 0.7623 0.1366 0.0000
vt 0.7653 0.1463 0.0000
vt 0.7727 0.1336 0.0000
vt 0.7813 0.1425 0.0000
vt 0.7822 0.1299 0.0000
vt 0.7766 0.1097 0.0000
vt 0.7705 0.0970 0.0000
vt 0.7672 0.1570 0.0000
vt 0.7759 0.1511 0.0000
vt 0.7792 0.1218 0.0000
vt 0.7713 0.1229 0.0000
vt 0.7713 0.1141 0.0000
vt 0.7618 0.1045 0.0000
vt 0.7594 0.1169 0.0000
vt 0.7639 0.0922 0.0000
vt 0.7658 0.1082 0.0000
vt 0.7668 0.0939 0.0000
vt 0.7620 0.1176 0.0000
vt 0.7664 0.1177 0.0000
vt 0.7659 0.0828 0.0000
vt 0.7608 0.1230 0.0000
vt 0.7589 0.1246 0.0000
vt 0.7660 0.1245 0.0000
vt 0.7644 0.1303 0.0000
vt 0.7574 0.0329 0.0000
vt 0.2325 0.5294 0.0000
vt 0.2172 0.4844 0.0000
vt 0.2173 0.4387 0.0000
vt 0.2146 0.4024 0.0000
vt 0.2109 0.3610 0.0000
vt 0.2057 0.3215 0.0000
vt 0.1978 0.3057 0.0000
vt 0.1938 0.2972 0.0000
vt 0.1912 0.2748 0.0000
vt 0.1818 0.2478 0.0000
vt 0.1773 0.2216 0.0000
vt 0.1697 0.1637 0.0000
vt 0.1725 0.0987 0.0000
vt 0.5450 0.5639 0.0000
vt 0.5616 0.5204 0.0000
vt 0.5630 0.4694 0.0000
vt 0.5661 0.4294 0.0000
vt 0.5683 0.3879 0.0000
vt 0.5770 0.3566 0.0000
vt 0.5854 0.3332 0.0000
vt 0.5929 0.3254 0.0000
vt 0.6010 0.3241 0.0000
vt 0.6068 0.2971 0.0000
vt 0.6124 0.2532 0.0000
vt 0.1552 0.4321 0.0000
vt 0.1560 0.4532 0.0000
vt 0.1594 0.4066 0.0000
vt 0.1654 0.3820 0.0000
vt 0.1658 0.3230 0.0000
vt 0.1735 0.3569 0.0000
vt 0.1822 0.3003 0.0000
vt 0.1817 0.3364 0.0000
vt 0.1889 0.3267 0.0000
vt 0.1968 0.3264 0.0000
vt 0.1985 0.3374 0.0000
vt 0.1994 0.3514 0.0000
vt 0.2004 0.3700 0.0000
vt 0.2011 0.4034 0.0000
vt 0.2019 0.4365 0.0000
vt 0.2018 0.4676 0.0000
vt 0.2074 0.5127 0.0000
vt 0.1975 0.4985 0.0000
vt 0.1969 0.5292 0.0000
vt 0.1903 0.5072 0.0000
vt 0.1851 0.5301 0.0000
vt 0.1854 0.5133 0.0000
vt 0.1751 0.5275 0.0000
vt 0.1757 0.5135 0.0000
vt 0.1625 0.5158 0.0000
vt 0.1663 0.4995 0.0000
vt 0.1591 0.4790 0.0000
vt 0.8731 0.2490 0.0000
vt 0.8539 0.3014 0.0000
vt 0.8618 0.2735 0.0000
vt 0.8499 0.3306 0.0000
vt 0.8488 0.3531 0.0000
vt 0.1757 0.5449 0.0000
vt 0.1899 0.5518 0.0000
vt 0.2013 0.5555 0.0000
vt 0.2171 0.5412 0.0000
vt 0.5802 0.4303 0.0000
vt 0.5814 0.3952 0.0000
vt 0.5785 0.4648 0.0000
vt 0.5783 0.4963 0.0000
vt 0.5826 0.5287 0.0000
vt 0.5708 0.5461 0.0000
vt 0.5819 0.5681 0.0000
vt 0.5893 0.5394 0.0000
vt 0.5945 0.5462 0.0000
vt 0.5950 0.5688 0.0000
vt 0.6046 0.5470 0.0000
vt 0.6051 0.5600 0.0000
vt 0.6139 0.5320 0.0000
vt 0.6158 0.5498 0.0000
vt 0.6215 0.5097 0.0000
vt 0.6254 0.4825 0.0000
vt 0.6266 0.4610 0.0000
vt 0.6239 0.4325 0.0000
vt 0.6189 0.4065 0.0000
vt 0.6110 0.3795 0.0000
vt 0.6181 0.3441 0.0000
vt 0.6031 0.3590 0.0000
vt 0.5966 0.3509 0.0000
vt 0.5881 0.3505 0.0000
vt 0.5843 0.3618 0.0000
vt 0.5826 0.3760 0.0000
vt 0.7465 0.2153 0.0000
vt 0.7559 0.2416 0.0000
vt 0.7752 0.2936 0.0000
vt 0.7794 0.3232 0.0000
vt 0.7668 0.2651 0.0000
vt 0.7414 0.1988 0.0000
vt 0.5590 0.5766 0.0000
vt 0.5719 0.5860 0.0000
vt 0.5862 0.5895 0.0000
vt 0.6130 0.5674 0.0000
vt 0.6009 0.5849 0.0000
vt 0.2946 0.2147 0.0000
vt 0.2958 0.1941 0.0000
vt 0.2956 0.2075 0.0000
vt 0.2960 0.1778 0.0000
vt 0.3287 0.1379 0.0000
vt 0.4577 0.1420 0.0000
vt 0.1747 0.2756 0.0000
vt 0.7064 0.1960 0.0000
vt 0.7162 0.2083 0.0000
vt 0.0601 0.1903 0.0000
vt 0.0708 0.1855 0.0000
vt 0.0874 0.1824 0.0000
vt 0.1067 0.1824 0.0000
vt 0.1262 0.1831 0.0000
vt 0.1132 0.1235 0.0000
vt 0.1356 0.1238 0.0000
vt 0.6825 0.1902 0.0000
vt 0.6580 0.1828 0.0000
vt 0.6344 0.1879 0.0000
vt 0.1425 0.1851 0.0000
vt 0.1504 0.1211 0.0000
vt 0.6211 0.2102 0.0000
vt 0.1583 0.2025 0.0000
vt 0.7701 0.8198 0.0000
vt 0.7870 0.8077 0.0000
vt 0.7921 0.8432 0.0000
vt 0.7732 0.8602 0.0000
vt 0.7953 0.8018 0.0000
vt 0.8009 0.8371 0.0000
vt 0.7469 0.8629 0.0000
vt 0.7452 0.8431 0.0000
vt 0.7682 0.9299 0.0000
vt 0.7647 0.9703 0.0000
vt 0.7462 0.9528 0.0000
vt 0.7513 0.9175 0.0000
vt 0.7349 0.9458 0.0000
vt 0.7406 0.9106 0.0000
vt 0.7929 0.9544 0.0000
vt 0.7910 0.9741 0.0000
vt 0.9429 0.1879 0.0000
vt 0.9594 0.1878 0.0000
vt 0.9589 0.2044 0.0000
vt 0.9433 0.2133 0.0000
vt 0.9582 0.2195 0.0000
vt 0.9595 0.2428 0.0000
vt 0.9444 0.2418 0.0000
vt 0.9609 0.2644 0.0000
vt 0.9474 0.2799 0.0000
vt 0.9628 0.2836 0.0000
vt 0.9688 0.3173 0.0000
vt 0.9548 0.3249 0.0000
vt 0.9723 0.3474 0.0000
vt 0.9580 0.3601 0.0000
vt 0.9669 0.2255 0.0000
vt 0.9669 0.2356 0.0000
vt 0.9681 0.2055 0.0000
vt 0.9676 0.2171 0.0000
vt 0.9683 0.1904 0.0000
vt 0.9681 0.2015 0.0000
vt 0.9687 0.2470 0.0000
vt 0.9699 0.2551 0.0000
vt 0.9697 0.2644 0.0000
vt 0.9720 0.2798 0.0000
vt 0.9754 0.3031 0.0000
vt 0.9814 0.3154 0.0000
vt 0.9852 0.3361 0.0000
vt 0.9653 0.2426 0.0000
vt 0.9692 0.2601 0.0000
vt 0.9771 0.3114 0.0000
vt 0.9632 0.2210 0.0000
vt 0.9657 0.2038 0.0000
vt 0.9693 0.1876 0.0000
vt 0.9689 0.2037 0.0000
vt 0.9682 0.2176 0.0000
vt 0.9691 0.2245 0.0000
vt 0.9693 0.2363 0.0000
vt 0.9028 0.5640 0.0000
vt 0.8981 0.5623 0.0000
vt 0.9007 0.5415 0.0000
vt 0.9083 0.5498 0.0000
vt 0.9761 0.2596 0.0000
vt 0.9793 0.2762 0.0000
vt 0.9840 0.3058 0.0000
vt 0.9669 0.2193 0.0000
vt 0.8832 0.5226 0.0000
vt 0.8818 0.5067 0.0000
vt 0.8934 0.5062 0.0000
vt 0.8956 0.5203 0.0000
vt 0.8845 0.5361 0.0000
vt 0.8925 0.5310 0.0000
vt 0.8902 0.5508 0.0000
vt 0.8876 0.5419 0.0000
vt 0.9706 0.2453 0.0000
vt 0.8950 0.5531 0.0000
vt 0.9151 0.5717 0.0000
vt 0.9178 0.5548 0.0000
vt 0.9332 0.5686 0.0000
vt 0.9290 0.5808 0.0000
vt 0.9072 0.5662 0.0000
vt 0.9739 0.2572 0.0000
vt 0.9057 0.5633 0.0000
vt 0.9714 0.2541 0.0000
vt 0.9907 0.3323 0.0000
vt 0.9421 0.5717 0.0000
vt 0.9432 0.5877 0.0000
vt 0.9433 0.1625 0.0000
vt 0.9587 0.1711 0.0000
vt 0.9580 0.1556 0.0000
vt 0.9594 0.1327 0.0000
vt 0.9441 0.1332 0.0000
vt 0.9608 0.1110 0.0000
vt 0.9473 0.0955 0.0000
vt 0.9627 0.0916 0.0000
vt 0.9547 0.0511 0.0000
vt 0.9687 0.0577 0.0000
vt 0.9718 0.0277 0.0000
vt 0.9569 0.0156 0.0000
vt 0.9668 0.1397 0.0000
vt 0.9668 0.1499 0.0000
vt 0.9673 0.1582 0.0000
vt 0.9680 0.1694 0.0000
vt 0.9680 0.1736 0.0000
vt 0.9683 0.1847 0.0000
vt 0.9698 0.1204 0.0000
vt 0.9687 0.1284 0.0000
vt 0.9719 0.0954 0.0000
vt 0.9697 0.1107 0.0000
vt 0.9752 0.0719 0.0000
vt 0.9848 0.0384 0.0000
vt 0.9813 0.0595 0.0000
vt 0.9651 0.1327 0.0000
vt 0.9692 0.1152 0.0000
vt 0.9770 0.0636 0.0000
vt 0.9629 0.1542 0.0000
vt 0.9656 0.1713 0.0000
vt 0.9688 0.1714 0.0000
vt 0.9679 0.1576 0.0000
vt 0.9692 0.1390 0.0000
vt 0.9690 0.1507 0.0000
vt 0.9028 0.4495 0.0000
vt 0.9082 0.4637 0.0000
vt 0.9006 0.4719 0.0000
vt 0.8981 0.4511 0.0000
vt 0.9792 0.0989 0.0000
vt 0.9761 0.1155 0.0000
vt 0.9838 0.0691 0.0000
vt 0.9670 0.1556 0.0000
vt 0.8832 0.4903 0.0000
vt 0.8955 0.4930 0.0000
vt 0.8845 0.4770 0.0000
vt 0.8924 0.4821 0.0000
vt 0.8875 0.4719 0.0000
vt 0.8902 0.4624 0.0000
vt 0.9702 0.1303 0.0000
vt 0.8950 0.4602 0.0000
vt 0.9153 0.4416 0.0000
vt 0.9290 0.4329 0.0000
vt 0.9333 0.4443 0.0000
vt 0.9178 0.4600 0.0000
vt 0.9073 0.4472 0.0000
vt 0.9738 0.1179 0.0000
vt 0.9057 0.4502 0.0000
vt 0.9716 0.1213 0.0000
vt 0.9903 0.0422 0.0000
vt 0.9428 0.4256 0.0000
vt 0.9423 0.4401 0.0000
vt 0.9672 0.1881 0.0000
vt 0.9168 0.1893 0.0000
vt 0.9174 0.1641 0.0000
vt 0.9276 0.1679 0.0000
vt 0.9271 0.1849 0.0000
vt 0.9050 0.1546 0.0000
vt 0.9034 0.1214 0.0000
vt 0.9165 0.1302 0.0000
vt 0.9168 0.1426 0.0000
vt 0.9002 0.0880 0.0000
vt 0.9152 0.0943 0.0000
vt 0.9167 0.1064 0.0000
vt 0.8963 0.0553 0.0000
vt 0.9133 0.0745 0.0000
vt 0.8986 0.0110 0.0000
vt 0.9084 0.0142 0.0000
vt 0.9083 0.0548 0.0000
vt 0.9241 0.0996 0.0000
vt 0.9248 0.1045 0.0000
vt 0.9225 0.1159 0.0000
vt 0.9291 0.1275 0.0000
vt 0.9219 0.1419 0.0000
vt 0.9165 0.1532 0.0000
vt 0.9229 0.0822 0.0000
vt 0.9139 0.0851 0.0000
vt 0.9220 0.0705 0.0000
vt 0.9206 0.0525 0.0000
vt 0.9219 0.0945 0.0000
vt 0.9176 0.1152 0.0000
vt 0.9283 0.1360 0.0000
vt 0.9050 0.1897 0.0000
vt 0.9275 0.1503 0.0000
vt 0.9274 0.1582 0.0000
vt 0.9199 0.0187 0.0000
vt 0.9337 0.0192 0.0000
vt 0.9327 0.0543 0.0000
vt 0.9285 0.0706 0.0000
vt 0.9302 0.0824 0.0000
vt 0.9294 0.0912 0.0000
vt 0.9316 0.1032 0.0000
vt 0.9293 0.1133 0.0000
vt 0.9318 0.1274 0.0000
vt 0.9312 0.1381 0.0000
vt 0.9268 0.1417 0.0000
vt 0.9302 0.1488 0.0000
vt 0.9302 0.1589 0.0000
vt 0.9284 0.1634 0.0000
vt 0.9299 0.1666 0.0000
vt 0.9292 0.1861 0.0000
vt 0.9276 0.1891 0.0000
vt 0.9184 0.4851 0.0000
vt 0.9416 0.4937 0.0000
vt 0.9329 0.5110 0.0000
vt 0.9164 0.5029 0.0000
vt 0.9418 0.5130 0.0000
vt 0.9472 0.5142 0.0000
vt 0.9544 0.4944 0.0000
vt 0.9515 0.5142 0.0000
vt 0.9575 0.5150 0.0000
vt 0.9607 0.5069 0.0000
vt 0.9662 0.4816 0.0000
vt 0.9715 0.5034 0.0000
vt 0.9680 0.5098 0.0000
vt 0.9733 0.4954 0.0000
vt 0.9777 0.4920 0.0000
vt 0.9691 0.4699 0.0000
vt 0.9796 0.4831 0.0000
vt 0.9817 0.4769 0.0000
vt 0.9711 0.4532 0.0000
vt 0.9838 0.4570 0.0000
vt 0.9822 0.4539 0.0000
vt 0.9272 0.1933 0.0000
vt 0.9279 0.2103 0.0000
vt 0.9177 0.2148 0.0000
vt 0.9055 0.2245 0.0000
vt 0.9175 0.2360 0.0000
vt 0.9172 0.2486 0.0000
vt 0.9042 0.2573 0.0000
vt 0.9174 0.2723 0.0000
vt 0.9160 0.2843 0.0000
vt 0.9008 0.2911 0.0000
vt 0.8970 0.3235 0.0000
vt 0.9140 0.3041 0.0000
vt 0.9091 0.3233 0.0000
vt 0.9094 0.3640 0.0000
vt 0.8997 0.3676 0.0000
vt 0.9248 0.2789 0.0000
vt 0.9255 0.2740 0.0000
vt 0.9233 0.2626 0.0000
vt 0.9183 0.2635 0.0000
vt 0.9171 0.2258 0.0000
vt 0.9281 0.2279 0.0000
vt 0.9226 0.2364 0.0000
vt 0.9234 0.2962 0.0000
vt 0.9225 0.3075 0.0000
vt 0.9145 0.2934 0.0000
vt 0.9213 0.3254 0.0000
vt 0.9226 0.2840 0.0000
vt 0.9290 0.2421 0.0000
vt 0.9298 0.2509 0.0000
vt 0.9279 0.2199 0.0000
vt 0.9208 0.3591 0.0000
vt 0.9345 0.3584 0.0000
vt 0.9334 0.3233 0.0000
vt 0.9307 0.2958 0.0000
vt 0.9289 0.3074 0.0000
vt 0.9299 0.2872 0.0000
vt 0.9322 0.2753 0.0000
vt 0.9300 0.2651 0.0000
vt 0.9325 0.2509 0.0000
vt 0.9319 0.2402 0.0000
vt 0.9275 0.2365 0.0000
vt 0.9308 0.2292 0.0000
vt 0.9307 0.2191 0.0000
vt 0.9288 0.2147 0.0000
vt 0.9304 0.2114 0.0000
vt 0.9292 0.1919 0.0000
vt 0.9193 0.4136 0.0000
vt 0.9182 0.3956 0.0000
vt 0.9349 0.3905 0.0000
vt 0.9428 0.4095 0.0000
vt 0.9439 0.3901 0.0000
vt 0.9494 0.3893 0.0000
vt 0.9536 0.3896 0.0000
vt 0.9561 0.4096 0.0000
vt 0.9596 0.3893 0.0000
vt 0.9627 0.3978 0.0000
vt 0.9672 0.4239 0.0000
vt 0.9701 0.3959 0.0000
vt 0.9734 0.4030 0.0000
vt 0.9749 0.4113 0.0000
vt 0.9791 0.4154 0.0000
vt 0.9806 0.4246 0.0000
vt 0.9697 0.4361 0.0000
vt 0.9825 0.4310 0.0000
vt 0.9838 0.4511 0.0000
vt 0.8887 0.4759 0.0000
vt 0.8887 0.5376 0.0000
# 2737 texture coords

o Alumno2Head
g Alumno2Head
usemtl mat_1_Doctor_body_d_jpg
s 1
f 1/1/1 2/2/2 3/3/3 
f 4/4/4 1/1/1 3/3/3 
f 5/5/5 4/6/6 3/7/7 
f 3/7/7 6/8/8 5/5/5 
f 6/8/8 7/9/9 8/10/10 
f 8/10/10 5/5/5 6/8/8 
f 7/9/9 9/11/11 10/12/12 
f 10/12/12 8/10/10 7/9/9 
f 11/13/13 12/14/14 13/15/15 
f 13/15/15 14/16/16 11/13/13 
f 15/17/17 11/13/13 14/16/16 
f 14/16/16 16/18/18 15/17/17 
f 16/18/18 17/19/19 18/20/20 
f 18/20/20 15/17/17 16/18/18 
f 17/19/19 19/21/21 20/22/22 
f 20/22/22 18/20/20 17/19/19 
f 19/21/21 21/23/23 22/24/24 
f 22/24/24 20/22/22 19/21/21 
f 12/14/14 10/12/12 9/11/11 
f 9/11/11 13/15/15 12/14/14 
f 23/25/25 24/26/26 22/24/24 
f 22/24/24 21/23/23 23/25/25 
f 25/27/27 26/28/28 24/26/26 
f 24/26/26 23/25/25 25/27/27 
f 27/29/29 28/30/30 29/31/31 
f 29/31/31 30/32/32 27/29/29 
f 31/33/33 27/29/29 30/32/32 
f 30/32/32 32/34/34 31/33/33 
f 33/35/35 34/36/36 35/37/37 
f 35/37/37 36/38/38 33/35/35 
f 35/37/37 34/36/36 37/39/39 
f 37/39/39 38/40/40 35/37/37 
f 28/30/30 38/40/40 37/39/39 
f 37/39/39 29/31/31 28/30/30 
f 39/41/41 1/1/1 40/42/42 
f 1/1/1 4/4/4 40/42/42 
f 41/43/43 40/44/44 4/6/6 
f 4/6/6 5/5/5 41/43/43 
f 41/43/43 5/5/5 8/10/10 
f 8/10/10 42/45/45 41/43/43 
f 42/45/45 8/10/10 10/12/12 
f 10/12/12 43/46/46 42/45/45 
f 44/47/47 12/14/14 11/13/13 
f 11/13/13 45/48/48 44/47/47 
f 45/48/48 11/13/13 15/17/17 
f 15/17/17 46/49/49 45/48/48 
f 46/49/49 15/17/17 18/20/20 
f 18/20/20 47/50/50 46/49/49 
f 47/50/50 18/20/20 20/22/22 
f 20/22/22 48/51/51 47/50/50 
f 49/52/52 48/51/51 20/22/22 
f 20/22/22 22/24/24 49/52/52 
f 43/46/46 10/12/12 12/14/14 
f 12/14/14 44/47/47 43/46/46 
f 50/53/53 49/52/52 22/24/24 
f 22/24/24 24/26/26 50/53/53 
f 51/54/54 50/53/53 24/26/26 
f 24/26/26 26/28/28 51/54/54 
f 52/55/55 1/1/1 53/56/56 
f 1/1/1 39/41/41 53/56/56 
f 53/56/56 54/57/57 55/58/58 
f 55/58/58 52/55/55 53/56/56 
f 54/57/57 56/59/59 31/33/33 
f 31/33/33 55/58/58 54/57/57 
f 56/59/59 57/60/60 27/29/29 
f 27/29/29 31/33/33 56/59/59 
f 57/60/60 58/61/61 28/30/30 
f 28/30/30 27/29/29 57/60/60 
f 59/62/62 60/63/63 36/38/38 
f 36/38/38 35/37/37 59/62/62 
f 61/64/64 59/62/62 35/37/37 
f 35/37/37 38/40/40 61/64/64 
f 58/61/61 61/64/64 38/40/40 
f 38/40/40 28/30/30 58/61/61 
f 39/41/41 40/42/42 62/65/65 
f 62/65/65 63/66/66 39/41/41 
f 40/44/44 41/43/43 64/67/67 
f 64/67/67 62/68/68 40/44/44 
f 41/43/43 42/45/45 65/69/69 
f 65/69/69 64/67/67 41/43/43 
f 65/69/69 42/45/45 43/46/46 
f 43/46/46 66/70/70 65/69/69 
f 67/71/71 44/47/47 45/48/48 
f 45/48/48 68/72/72 67/71/71 
f 68/72/72 45/48/48 46/49/49 
f 46/49/49 69/73/73 68/72/72 
f 69/73/73 46/49/49 47/50/50 
f 47/50/50 70/74/74 69/73/73 
f 70/74/74 47/50/50 48/51/51 
f 48/51/51 71/75/75 70/74/74 
f 48/51/51 49/52/52 72/76/76 
f 72/76/76 71/75/75 48/51/51 
f 66/70/70 43/46/46 44/47/47 
f 44/47/47 67/71/71 66/70/70 
f 49/52/52 50/53/53 73/77/77 
f 73/77/77 72/76/76 49/52/52 
f 50/53/53 51/54/54 74/78/78 
f 74/78/78 73/77/77 50/53/53 
f 53/56/56 39/41/41 63/66/66 
f 63/66/66 75/79/79 53/56/56 
f 54/57/57 53/56/56 75/79/79 
f 75/79/79 76/80/80 54/57/57 
f 56/59/59 54/57/57 76/80/80 
f 76/80/80 77/81/81 56/59/59 
f 57/60/60 56/59/59 77/81/81 
f 77/81/81 78/82/82 57/60/60 
f 58/61/61 57/60/60 78/82/82 
f 78/82/82 79/83/83 58/61/61 
f 60/63/63 80/84/84 81/85/85 
f 60/63/63 59/62/62 82/86/86 
f 82/86/86 80/84/84 60/63/63 
f 59/62/62 61/64/64 83/87/87 
f 83/87/87 82/86/86 59/62/62 
f 61/64/64 58/61/61 79/83/83 
f 79/83/83 83/87/87 61/64/64 
f 84/88/88 85/89/89 62/90/90 
f 62/90/90 64/91/91 84/88/88 
f 86/92/92 84/88/88 65/93/93 
f 65/93/93 66/94/94 86/92/92 
f 87/95/95 86/92/92 67/96/96 
f 67/96/96 68/97/97 87/95/95 
f 88/98/98 87/95/95 69/99/99 
f 69/99/99 70/100/100 88/98/98 
f 89/101/101 88/98/98 71/102/102 
f 71/102/102 72/103/103 89/101/101 
f 90/104/104 89/101/101 73/105/105 
f 73/105/105 74/106/106 90/104/104 
f 85/89/89 91/107/107 75/108/108 
f 75/108/108 63/109/109 85/89/89 
f 91/107/107 92/110/110 77/111/111 
f 77/111/111 76/112/112 91/107/107 
f 92/110/110 93/113/113 79/114/114 
f 79/114/114 78/115/115 92/110/110 
f 81/116/116 80/117/117 94/118/118 
f 93/113/113 94/118/118 82/119/119 
f 82/119/119 83/120/120 93/113/113 
f 2/2/2 1/1/1 52/55/55 
f 52/55/55 95/121/121 2/2/2 
f 95/121/121 52/55/55 55/58/58 
f 55/58/58 96/122/122 95/121/121 
f 96/122/122 55/58/58 31/33/33 
f 31/33/33 32/34/34 96/122/122 
f 63/109/109 62/90/90 85/89/89 
f 64/91/91 65/93/93 84/88/88 
f 68/97/97 69/99/99 87/95/95 
f 70/100/100 71/102/102 88/98/98 
f 66/94/94 67/96/96 86/92/92 
f 72/103/103 73/105/105 89/101/101 
f 76/112/112 75/108/108 91/107/107 
f 78/115/115 77/111/111 92/110/110 
f 80/117/117 82/119/119 94/118/118 
f 83/120/120 79/114/114 93/113/113 
f 85/89/89 84/88/88 97/123/123 
f 84/88/88 86/92/92 97/123/123 
f 86/92/92 87/95/95 97/123/123 
f 87/95/95 88/98/98 97/123/123 
f 88/98/98 89/101/101 97/123/123 
f 91/107/107 85/89/89 97/123/123 
f 92/110/110 91/107/107 97/123/123 
f 93/113/113 92/110/110 97/123/123 
f 98/124/124 99/125/125 100/126/126 
f 100/126/126 101/127/127 98/124/124 
f 99/125/125 98/124/124 102/128/128 
f 103/129/129 104/130/130 6/131/131 
f 6/131/131 3/132/132 103/129/129 
f 105/133/133 103/134/134 3/135/135 
f 3/135/135 2/136/136 105/133/133 
f 106/137/137 105/133/133 2/136/136 
f 2/136/136 95/138/138 106/137/137 
f 107/139/139 106/137/137 95/138/138 
f 95/138/138 96/140/140 107/139/139 
f 107/139/139 96/140/140 32/141/141 
f 32/141/141 108/142/142 107/139/139 
f 109/143/143 108/142/142 32/141/141 
f 32/141/141 30/144/144 109/143/143 
f 109/143/143 30/144/144 110/145/145 
f 110/145/145 111/146/146 109/143/143 
f 112/147/147 111/146/146 110/145/145 
f 113/148/148 7/149/149 6/131/131 
f 6/131/131 104/130/130 113/148/148 
f 114/150/150 9/151/151 7/149/149 
f 7/149/149 113/148/148 114/150/150 
f 114/150/150 115/152/152 13/153/153 
f 13/153/153 9/151/151 114/150/150 
f 13/153/153 115/152/152 116/154/154 
f 116/154/154 14/155/155 13/153/153 
f 117/156/156 16/157/157 14/155/155 
f 14/155/155 116/154/154 117/156/156 
f 118/158/158 16/157/157 119/159/159 
f 119/159/159 120/160/160 118/158/158 
f 116/154/154 121/161/161 122/162/162 
f 122/162/162 117/156/156 116/154/154 
f 115/152/152 123/163/163 121/161/161 
f 121/161/161 116/154/154 115/152/152 
f 113/148/148 98/124/124 101/127/127 
f 101/127/127 114/150/150 113/148/148 
f 104/130/130 102/128/128 98/124/124 
f 98/124/124 113/148/148 104/130/130 
f 103/129/129 124/164/164 102/128/128 
f 102/128/128 104/130/130 103/129/129 
f 105/133/133 125/165/165 124/166/166 
f 124/166/166 103/134/134 105/133/133 
f 106/137/137 126/167/167 125/165/165 
f 125/165/165 105/133/133 106/137/137 
f 107/139/139 127/168/168 126/167/167 
f 126/167/167 106/137/137 107/139/139 
f 108/142/142 128/169/169 127/168/168 
f 127/168/168 107/139/139 108/142/142 
f 111/146/146 129/170/170 130/171/171 
f 130/171/171 109/143/143 111/146/146 
f 109/143/143 130/171/171 128/169/169 
f 128/169/169 108/142/142 109/143/143 
f 114/150/150 101/127/127 123/163/163 
f 123/163/163 115/152/152 114/150/150 
f 101/127/127 100/126/126 123/163/163 
f 129/170/170 111/146/146 112/147/147 
f 119/159/159 16/157/157 117/156/156 
usemtl mat_0_Doctor_head_d_jpg
f 131/172/172 132/173/173 133/174/174 
f 134/175/175 131/172/176 133/174/174 
f 135/176/177 131/172/178 134/175/175 
f 134/175/175 136/177/179 135/176/177 
f 137/178/180 138/179/181 132/173/173 
f 132/173/173 131/172/182 137/178/180 
f 137/178/180 131/172/183 139/180/184 
f 131/172/185 135/176/177 139/180/184 
f 140/181/186 141/182/187 142/183/188 
f 142/183/188 143/184/189 140/181/186 
f 144/185/190 145/186/191 141/182/187 
f 141/182/187 140/181/186 144/185/190 
f 141/182/187 135/176/177 136/177/179 
f 136/177/179 142/183/188 141/182/187 
f 145/186/191 139/180/184 135/176/177 
f 135/176/177 141/182/187 145/186/191 
f 146/187/192 147/188/193 148/189/194 
f 148/189/194 149/190/195 146/187/192 
f 150/191/196 146/187/192 149/190/195 
f 149/190/195 151/192/197 150/191/196 
f 145/186/191 144/185/190 147/188/193 
f 147/188/193 146/187/192 145/186/191 
f 139/180/184 145/186/191 146/187/192 
f 146/187/192 150/191/196 139/180/184 
f 152/193/198 153/194/199 154/195/200 
f 154/195/200 155/196/201 152/193/198 
f 138/179/181 137/178/180 153/194/199 
f 153/194/199 152/193/198 138/179/181 
f 153/194/199 150/191/196 151/192/197 
f 151/192/197 154/195/200 153/194/199 
f 137/178/180 139/180/184 150/191/196 
f 150/191/196 153/194/199 137/178/180 
f 156/197/202 157/198/203 143/184/189 
f 143/184/189 142/183/188 156/197/202 
f 158/199/204 156/197/202 142/183/188 
f 142/183/188 136/177/179 158/199/204 
f 159/200/205 160/201/206 157/198/203 
f 157/198/203 156/197/202 159/200/205 
f 161/202/207 159/200/205 156/197/202 
f 156/197/202 158/199/204 161/202/207 
f 162/203/208 163/204/209 134/175/175 
f 134/175/175 133/174/174 162/203/208 
f 164/205/210 165/206/211 163/204/209 
f 163/204/209 162/203/208 164/205/210 
f 163/204/209 158/199/204 136/177/179 
f 136/177/179 134/175/175 163/204/209 
f 165/206/211 161/202/207 158/199/204 
f 158/199/204 163/204/209 165/206/211 
f 166/207/212 167/208/213 148/189/194 
f 148/189/194 147/188/193 166/207/212 
f 168/209/214 166/207/212 147/188/193 
f 147/188/193 144/185/190 168/209/214 
f 169/210/215 170/211/216 167/208/213 
f 167/208/213 166/207/212 169/210/215 
f 171/212/217 169/210/215 166/207/212 
f 166/207/212 168/209/214 171/212/217 
f 157/198/203 172/213/218 140/181/186 
f 140/181/186 143/184/189 157/198/203 
f 160/201/206 173/214/219 172/213/218 
f 172/213/218 157/198/203 160/201/206 
f 172/213/218 168/209/214 144/185/190 
f 144/185/190 140/181/186 172/213/218 
f 173/214/219 171/212/217 168/209/214 
f 168/209/214 172/213/218 173/214/219 
f 174/215/220 175/216/221 155/196/201 
f 155/196/201 154/195/200 174/215/220 
f 176/217/222 174/215/220 154/195/200 
f 154/195/200 151/192/197 176/217/222 
f 177/218/223 178/219/224 175/216/221 
f 175/216/221 174/215/220 177/218/223 
f 179/220/225 177/218/223 174/215/220 
f 174/215/220 176/217/222 179/220/225 
f 167/208/213 180/221/226 149/190/195 
f 149/190/195 148/189/194 167/208/213 
f 170/211/216 181/222/227 180/221/226 
f 180/221/226 167/208/213 170/211/216 
f 180/221/226 176/217/222 151/192/197 
f 151/192/197 149/190/195 180/221/226 
f 181/222/227 179/220/225 176/217/222 
f 176/217/222 180/221/226 181/222/227 
f 182/223/228 162/203/208 133/174/174 
f 133/174/174 132/173/173 182/223/228 
f 183/224/229 182/223/228 132/173/173 
f 132/173/173 138/179/181 183/224/229 
f 184/225/230 164/205/210 162/203/208 
f 162/203/208 182/223/228 184/225/230 
f 185/226/231 184/225/230 182/223/228 
f 182/223/228 183/224/229 185/226/231 
f 175/216/221 186/227/232 152/193/198 
f 152/193/198 155/196/201 175/216/221 
f 178/219/224 187/228/233 186/227/232 
f 186/227/232 175/216/221 178/219/224 
f 186/227/232 183/224/229 138/179/181 
f 138/179/181 152/193/198 186/227/232 
f 187/228/233 185/226/231 183/224/229 
f 183/224/229 186/227/232 187/228/233 
f 188/229/234 189/230/235 190/231/236 
f 190/231/236 191/232/237 188/229/234 
f 192/233/238 193/234/239 189/230/235 
f 189/230/235 188/229/234 192/233/238 
f 194/235/240 188/229/234 191/232/237 
f 191/232/237 195/236/241 194/235/240 
f 196/237/242 192/233/238 188/229/234 
f 188/229/234 194/235/240 196/237/242 
f 197/238/243 198/239/244 199/240/245 
f 199/240/245 200/241/246 197/238/243 
f 201/242/247 197/238/243 200/241/246 
f 200/241/246 202/243/248 201/242/247 
f 200/241/246 199/240/245 193/234/239 
f 193/234/239 192/233/238 200/241/246 
f 202/243/248 200/241/246 192/233/238 
f 192/233/238 196/237/242 202/243/248 
f 203/244/249 204/245/250 205/246/251 
f 205/246/251 206/247/252 203/244/249 
f 207/248/253 208/249/254 204/245/250 
f 204/245/250 203/244/249 207/248/253 
f 202/243/248 203/244/249 206/247/252 
f 206/247/252 201/242/247 202/243/248 
f 196/237/242 207/248/253 203/244/249 
f 203/244/249 202/243/248 196/237/242 
f 209/250/255 210/251/256 211/252/257 
f 211/252/257 212/253/258 209/250/255 
f 195/236/241 209/250/255 212/253/258 
f 212/253/258 194/235/240 195/236/241 
f 212/253/258 211/252/257 208/249/254 
f 208/249/254 207/248/253 212/253/258 
f 194/235/240 212/253/258 207/248/253 
f 207/248/253 196/237/242 194/235/240 
f 213/254/259 199/240/245 198/239/244 
f 198/239/244 214/255/260 213/254/259 
f 215/256/261 193/234/239 199/240/245 
f 199/240/245 213/254/259 215/256/261 
f 216/257/262 213/254/259 214/255/260 
f 214/255/260 217/258/263 216/257/262 
f 218/259/264 215/256/261 213/254/259 
f 213/254/259 216/257/262 218/259/264 
f 219/260/265 190/231/236 189/230/235 
f 189/230/235 220/261/266 219/260/265 
f 221/262/267 219/260/265 220/261/266 
f 220/261/266 222/263/268 221/262/267 
f 220/261/266 189/230/235 193/234/239 
f 193/234/239 215/256/261 220/261/266 
f 222/263/268 220/261/266 215/256/261 
f 215/256/261 218/259/264 222/263/268 
f 223/264/269 206/247/252 205/246/251 
f 205/246/251 224/265/270 223/264/269 
f 225/266/271 201/242/247 206/247/252 
f 206/247/252 223/264/269 225/266/271 
f 226/267/272 223/264/269 224/265/270 
f 224/265/270 227/268/273 226/267/272 
f 228/269/274 225/266/271 223/264/269 
f 223/264/269 226/267/272 228/269/274 
f 214/255/260 198/239/244 197/238/243 
f 197/238/243 229/270/275 214/255/260 
f 217/258/263 214/255/260 229/270/275 
f 229/270/275 230/271/276 217/258/263 
f 229/270/275 197/238/243 201/242/247 
f 201/242/247 225/266/271 229/270/275 
f 230/271/276 229/270/275 225/266/271 
f 225/266/271 228/269/274 230/271/276 
f 231/272/277 211/252/257 210/251/256 
f 210/251/256 232/273/278 231/272/277 
f 233/274/279 208/249/254 211/252/257 
f 211/252/257 231/272/277 233/274/279 
f 234/275/280 231/272/277 232/273/278 
f 232/273/278 235/276/281 234/275/280 
f 236/277/282 233/274/279 231/272/277 
f 231/272/277 234/275/280 236/277/282 
f 224/265/270 205/246/251 204/245/250 
f 204/245/250 237/278/283 224/265/270 
f 227/268/273 224/265/270 237/278/283 
f 237/278/283 238/279/284 227/268/273 
f 237/278/283 204/245/250 208/249/254 
f 208/249/254 233/274/279 237/278/283 
f 238/279/284 237/278/283 233/274/279 
f 233/274/279 236/277/282 238/279/284 
f 239/280/285 191/232/237 190/231/236 
f 190/231/236 219/260/265 239/280/285 
f 240/281/286 195/236/241 191/232/237 
f 191/232/237 239/280/285 240/281/286 
f 241/282/287 239/280/285 219/260/265 
f 219/260/265 221/262/267 241/282/287 
f 242/283/288 240/281/286 239/280/285 
f 239/280/285 241/282/287 242/283/288 
f 232/273/278 210/251/256 209/250/255 
f 209/250/255 243/284/289 232/273/278 
f 235/276/281 232/273/278 243/284/289 
f 243/284/289 244/285/290 235/276/281 
f 243/284/289 209/250/255 195/236/241 
f 195/236/241 240/281/286 243/284/289 
f 244/285/290 243/284/289 240/281/286 
f 240/281/286 242/283/288 244/285/290 
f 245/286/291 246/287/292 247/288/293 
f 248/289/294 245/286/291 247/288/293 
f 249/290/295 245/286/291 248/289/294 
f 248/289/294 250/291/296 249/290/295 
f 251/292/297 249/290/295 250/291/296 
f 250/291/296 252/293/298 251/292/297 
f 252/293/298 253/294/299 251/292/297 
f 254/295/300 255/296/301 256/297/302 
f 256/297/302 257/298/303 254/295/300 
f 258/299/304 254/295/300 257/298/303 
f 257/298/303 259/300/305 258/299/304 
f 260/301/306 258/299/304 259/300/305 
f 259/300/305 261/302/307 260/301/306 
f 262/303/308 260/301/306 261/302/307 
f 261/302/307 263/304/309 262/303/308 
f 255/296/301 264/305/310 265/306/311 
f 265/306/311 256/297/302 255/296/301 
f 266/307/312 265/306/311 264/305/310 
f 264/305/310 267/308/313 266/307/312 
f 246/287/292 266/307/312 267/308/313 
f 267/308/313 247/288/293 246/287/292 
f 268/309/314 269/310/315 257/298/303 
f 257/298/303 256/297/302 268/309/314 
f 269/310/315 270/311/316 259/300/305 
f 259/300/305 257/298/303 269/310/315 
f 270/311/316 271/312/317 261/302/307 
f 261/302/307 259/300/305 270/311/316 
f 269/310/315 268/309/314 272/313/318 
f 272/313/318 273/314/319 269/310/315 
f 271/312/317 274/315/320 263/304/309 
f 263/304/309 261/302/307 271/312/317 
f 275/316/321 274/315/320 276/317/322 
f 276/317/322 277/318/323 275/316/321 
f 274/315/320 271/312/317 278/319/324 
f 278/319/324 276/317/322 274/315/320 
f 271/312/317 270/311/316 279/320/325 
f 279/320/325 278/319/324 271/312/317 
f 270/311/316 269/310/315 273/314/319 
f 273/314/319 279/320/325 270/311/316 
f 280/321/326 272/313/318 268/309/314 
f 268/309/314 281/322/327 280/321/326 
f 274/315/320 275/316/321 263/304/309 
f 256/297/302 265/306/311 281/322/327 
f 281/322/327 268/309/314 256/297/302 
f 282/323/328 281/322/327 265/306/311 
f 265/306/311 266/307/312 282/323/328 
f 282/323/328 266/307/312 246/287/292 
f 246/287/292 283/324/329 282/323/328 
f 280/321/326 281/322/327 282/323/328 
f 282/323/328 284/325/330 280/321/326 
f 284/325/330 282/323/328 283/324/329 
f 283/324/329 285/326/331 284/325/330 
f 286/327/332 287/328/333 285/326/331 
f 285/326/331 283/324/329 286/327/332 
f 288/329/334 286/327/332 283/324/329 
f 283/324/329 246/287/292 288/329/334 
f 289/330/335 288/329/334 246/287/292 
f 246/287/292 245/286/291 289/330/335 
f 289/330/335 245/286/291 290/331/336 
f 245/286/291 249/290/295 290/331/336 
f 291/332/337 290/331/336 249/290/295 
f 249/290/295 251/292/297 291/332/337 
f 292/333/338 293/334/339 291/332/337 
f 291/332/337 251/292/297 292/333/338 
f 253/294/299 294/335/340 292/333/338 
f 292/333/338 251/292/297 253/294/299 
f 295/336/341 296/337/342 297/338/343 
f 297/338/343 298/339/344 295/336/341 
f 299/340/345 300/341/346 301/342/347 
f 301/342/347 302/343/348 299/340/345 
f 303/344/349 304/345/350 305/346/351 
f 305/346/351 306/347/352 303/344/349 
f 303/344/349 306/347/352 307/348/353 
f 307/348/353 308/349/354 303/344/349 
f 309/350/355 303/344/349 308/349/354 
f 308/349/354 310/351/356 309/350/355 
f 311/352/357 309/350/355 310/351/356 
f 310/351/356 312/353/358 311/352/357 
f 304/345/350 303/344/349 309/350/355 
f 309/350/355 313/354/359 304/345/350 
f 313/354/359 309/350/355 311/352/357 
f 311/352/357 314/355/360 313/354/359 
f 315/356/361 316/357/362 317/358/363 
f 317/358/363 318/359/364 315/356/361 
f 319/360/365 320/361/366 316/357/362 
f 316/357/362 315/356/361 319/360/365 
f 316/357/362 321/362/367 297/338/343 
f 297/338/343 317/358/363 316/357/362 
f 320/361/366 322/363/368 321/362/367 
f 321/362/367 316/357/362 320/361/366 
f 304/345/350 318/359/364 323/364/369 
f 323/364/369 305/346/351 304/345/350 
f 324/365/370 311/352/357 312/353/358 
f 312/353/358 325/366/371 324/365/370 
f 326/367/372 324/365/370 325/366/371 
f 325/366/371 327/368/373 326/367/372 
f 314/355/360 311/352/357 324/365/370 
f 324/365/370 328/369/374 314/355/360 
f 328/369/374 324/365/370 326/367/372 
f 326/367/372 329/370/375 328/369/374 
f 330/371/376 331/372/377 320/361/366 
f 320/361/366 319/360/365 330/371/376 
f 322/363/368 320/361/366 331/372/377 
f 331/372/377 332/373/378 322/363/368 
f 295/336/341 333/374/379 334/375/380 
f 334/375/380 296/337/342 295/336/341 
f 333/374/379 335/376/381 336/377/382 
f 336/377/382 334/375/380 333/374/379 
f 337/378/383 336/377/382 335/376/381 
f 335/376/381 338/379/384 337/378/383 
f 339/380/385 340/381/386 341/382/387 
f 342/383/388 343/384/389 344/385/390 
f 344/385/390 345/386/391 342/383/388 
f 299/340/345 346/387/392 347/388/393 
f 347/388/393 348/389/394 299/340/345 
f 288/329/334 289/330/335 349/390/395 
f 349/390/395 350/391/396 288/329/334 
f 289/330/335 290/331/336 351/392/397 
f 351/392/397 349/390/395 289/330/335 
f 290/331/336 291/332/337 352/393/398 
f 352/393/398 351/392/397 290/331/336 
f 292/333/338 294/335/340 353/394/399 
f 353/394/399 293/334/339 292/333/338 
f 312/353/358 310/351/356 350/391/396 
f 350/391/396 349/390/395 312/353/358 
f 354/395/400 355/396/401 293/334/339 
f 293/334/339 353/394/399 354/395/400 
f 349/390/395 351/392/397 325/366/371 
f 325/366/371 312/353/358 349/390/395 
f 327/368/373 325/366/371 351/392/397 
f 351/392/397 352/393/398 327/368/373 
f 356/397/402 357/398/403 358/399/404 
f 358/399/404 359/400/405 356/397/402 
f 360/401/406 359/400/405 358/399/404 
f 358/399/404 361/402/407 360/401/406 
f 362/403/408 360/401/406 361/402/407 
f 361/402/407 363/404/409 362/403/408 
f 360/401/406 364/405/410 365/406/411 
f 365/406/411 359/400/405 360/401/406 
f 366/407/412 367/408/413 368/409/414 
f 368/409/414 369/410/415 366/407/412 
f 370/411/416 366/407/412 369/410/415 
f 369/410/415 371/412/417 370/411/416 
f 372/413/418 373/414/419 374/415/420 
f 374/415/420 364/405/410 372/413/418 
f 375/416/421 373/414/419 372/413/418 
f 372/413/418 376/417/422 375/416/421 
f 376/417/422 372/413/418 367/408/413 
f 367/408/413 366/407/412 376/417/422 
f 377/418/423 375/416/421 376/417/422 
f 376/417/422 378/419/424 377/418/423 
f 378/419/424 376/417/422 366/407/412 
f 366/407/412 370/411/416 378/419/424 
f 379/420/425 365/406/411 364/405/410 
f 364/405/410 374/415/420 379/420/425 
f 372/413/418 364/405/410 360/401/406 
f 360/401/406 362/403/408 372/413/418 
f 380/421/426 356/397/402 359/400/405 
f 359/400/405 365/406/411 380/421/426 
f 375/416/421 377/418/423 381/422/427 
f 381/422/427 382/423/428 375/416/421 
f 375/416/421 382/423/428 383/424/429 
f 383/424/429 373/414/419 375/416/421 
f 383/424/429 384/425/430 374/415/420 
f 374/415/420 373/414/419 383/424/429 
f 374/415/420 384/425/430 385/426/431 
f 385/426/431 379/420/425 374/415/420 
f 357/398/403 386/427/432 387/428/433 
f 387/428/433 358/399/404 357/398/403 
f 388/429/434 389/430/435 371/412/417 
f 371/412/417 369/410/415 388/429/434 
f 388/429/434 390/431/436 389/430/435 
f 361/402/407 358/399/404 387/428/433 
f 387/428/433 391/432/437 361/402/407 
f 392/433/438 363/404/409 361/402/407 
f 361/402/407 391/432/437 392/433/438 
f 393/434/439 394/435/440 395/436/441 
f 396/437/442 397/438/443 394/435/440 
f 394/435/440 390/431/436 396/437/442 
f 388/429/434 369/410/415 368/409/414 
f 368/409/414 398/439/444 388/429/434 
f 398/439/444 399/440/445 388/429/434 
f 400/441/446 401/442/447 386/427/432 
f 342/383/388 402/443/448 403/444/449 
f 403/444/449 404/445/450 342/383/388 
f 405/446/451 406/447/452 392/433/438 
f 392/433/438 391/432/437 405/446/451 
f 407/448/453 405/446/451 391/432/437 
f 391/432/437 387/428/433 407/448/453 
f 408/449/454 403/444/449 402/443/448 
f 402/443/448 397/438/443 408/449/454 
f 409/450/455 408/449/454 397/438/443 
f 397/438/443 396/437/442 409/450/455 
f 395/436/441 340/381/386 339/380/385 
f 339/380/385 393/434/439 395/436/441 
f 410/451/456 411/452/457 412/453/458 
f 412/453/458 413/454/459 410/451/456 
f 414/455/460 415/456/461 416/457/462 
f 416/457/462 287/328/333 414/455/460 
f 417/458/463 418/459/464 272/313/318 
f 273/314/319 419/460/465 279/320/325 
f 279/320/325 420/461/466 278/319/324 
f 413/454/459 421/462/467 422/463/468 
f 422/463/468 410/451/456 413/454/459 
f 421/462/467 423/464/469 424/465/470 
f 424/465/470 422/463/468 421/462/467 
f 412/453/458 411/452/457 415/456/461 
f 415/456/461 414/455/460 412/453/458 
f 278/319/324 425/466/471 276/317/322 
f 426/467/472 427/468/473 276/317/322 
f 428/469/474 414/455/460 287/328/333 
f 287/328/333 286/327/332 428/469/474 
f 350/391/396 428/469/474 286/327/332 
f 286/327/332 288/329/334 350/391/396 
f 412/453/458 414/455/460 428/469/474 
f 428/469/474 429/470/475 412/453/458 
f 429/470/475 428/469/474 350/391/396 
f 350/391/396 310/351/356 429/470/475 
f 413/454/459 412/453/458 429/470/475 
f 429/470/475 430/471/476 413/454/459 
f 430/471/476 429/470/475 310/351/356 
f 310/351/356 308/349/354 430/471/476 
f 423/464/469 421/462/467 431/472/477 
f 431/472/477 432/473/478 423/464/469 
f 433/474/479 434/475/480 435/476/481 
f 435/476/481 436/477/482 433/474/479 
f 272/313/318 280/321/326 437/478/483 
f 437/478/483 417/458/463 272/313/318 
f 423/464/469 438/479/484 439/480/485 
f 439/480/485 424/465/470 423/464/469 
f 433/474/479 440/481/486 441/482/487 
f 441/482/487 434/475/480 433/474/479 
f 442/483/488 443/484/489 444/485/490 
f 444/485/490 445/486/491 442/483/488 
f 440/481/486 442/483/488 445/486/491 
f 445/486/491 441/482/487 440/481/486 
f 446/487/492 438/479/484 447/488/493 
f 447/488/493 448/489/494 446/487/492 
f 449/490/495 439/480/485 438/479/484 
f 438/479/484 446/487/492 449/490/495 
f 435/476/481 434/475/480 449/490/495 
f 449/490/495 446/487/492 435/476/481 
f 450/491/496 451/492/497 448/489/494 
f 448/489/494 447/488/493 450/491/496 
f 451/492/497 385/426/431 436/477/482 
f 436/477/482 448/489/494 451/492/497 
f 437/478/483 280/321/326 284/325/330 
f 284/325/330 452/493/498 437/478/483 
f 452/493/498 284/325/330 285/326/331 
f 285/326/331 453/494/499 452/493/498 
f 416/457/462 453/494/499 285/326/331 
f 285/326/331 287/328/333 416/457/462 
f 421/462/467 413/454/459 430/471/476 
f 430/471/476 431/472/477 421/462/467 
f 431/472/477 430/471/476 308/349/354 
f 308/349/354 307/348/353 431/472/477 
f 432/473/478 431/472/477 307/348/353 
f 307/348/353 454/495/500 432/473/478 
f 438/479/484 423/464/469 432/473/478 
f 432/473/478 447/488/493 438/479/484 
f 294/335/340 455/496/501 456/497/502 
f 456/497/502 353/394/399 294/335/340 
f 457/498/503 354/395/400 353/394/399 
f 353/394/399 456/497/502 457/498/503 
f 455/496/501 294/335/340 253/294/299 
f 253/294/299 458/499/504 455/496/501 
f 458/499/504 459/500/505 460/501/506 
f 454/495/500 450/491/496 447/488/493 
f 447/488/493 432/473/478 454/495/500 
f 461/502/507 462/503/508 306/347/352 
f 306/347/352 305/346/351 461/502/507 
f 454/495/500 307/348/353 306/347/352 
f 306/347/352 462/503/508 454/495/500 
f 463/504/509 323/364/369 464/505/510 
f 464/505/510 465/506/511 463/504/509 
f 462/503/508 466/507/512 450/491/496 
f 450/491/496 454/495/500 462/503/508 
f 348/389/394 467/508/513 300/341/346 
f 300/341/346 299/340/345 348/389/394 
f 318/359/364 304/345/350 313/354/359 
f 313/354/359 315/356/361 318/359/364 
f 315/356/361 313/354/359 314/355/360 
f 314/355/360 319/360/365 315/356/361 
f 318/359/364 317/358/363 464/505/510 
f 464/505/510 323/364/369 318/359/364 
f 319/360/365 314/355/360 328/369/374 
f 328/369/374 330/371/376 319/360/365 
f 463/504/509 461/502/507 305/346/351 
f 305/346/351 323/364/369 463/504/509 
f 385/426/431 384/425/430 433/474/479 
f 433/474/479 436/477/482 385/426/431 
f 384/425/430 383/424/429 440/481/486 
f 440/481/486 433/474/479 384/425/430 
f 443/484/489 442/483/488 382/423/428 
f 382/423/428 381/422/427 443/484/489 
f 383/424/429 382/423/428 442/483/488 
f 442/483/488 440/481/486 383/424/429 
f 385/426/431 451/492/497 468/509/514 
f 450/491/496 468/509/514 451/492/497 
f 469/510/515 470/511/516 443/484/489 
f 443/484/489 381/422/427 469/510/515 
f 378/419/424 471/512/517 472/513/518 
f 472/513/518 377/418/423 378/419/424 
f 341/382/387 337/378/383 473/514/519 
f 473/514/519 474/515/520 341/382/387 
f 339/380/385 341/382/387 474/515/520 
f 389/430/435 475/516/521 476/517/522 
f 476/517/522 371/412/417 389/430/435 
f 477/518/523 478/519/524 300/341/346 
f 300/341/346 467/508/513 477/518/523 
f 478/519/524 479/520/525 301/342/347 
f 301/342/347 300/341/346 478/519/524 
f 400/441/446 343/384/389 342/383/388 
f 342/383/388 404/445/450 400/441/446 
f 322/363/368 480/521/526 321/362/367 
f 321/362/367 480/521/526 298/339/344 
f 298/339/344 297/338/343 321/362/367 
f 296/337/342 464/505/510 317/358/363 
f 317/358/363 297/338/343 296/337/342 
f 344/385/390 464/505/510 296/337/342 
f 296/337/342 334/375/380 344/385/390 
f 345/386/391 344/385/390 334/375/380 
f 334/375/380 336/377/382 345/386/391 
f 341/382/387 345/386/391 336/377/382 
f 336/377/382 337/378/383 341/382/387 
f 337/378/383 338/379/384 481/522/527 
f 481/522/527 473/514/519 337/378/383 
f 482/523/528 483/524/529 386/427/432 
f 386/427/432 357/398/403 482/523/528 
f 356/397/402 484/525/530 482/523/528 
f 482/523/528 357/398/403 356/397/402 
f 466/507/512 484/525/530 356/397/402 
f 356/397/402 380/421/426 466/507/512 
f 485/526/531 468/509/514 466/507/512 
f 466/507/512 380/421/426 485/526/531 
f 468/509/514 379/420/425 385/426/431 
f 485/526/531 365/406/411 379/420/425 
f 466/507/512 462/503/508 461/502/507 
f 484/525/530 461/502/507 463/504/509 
f 463/504/509 482/523/528 484/525/530 
f 461/502/507 484/525/530 466/507/512 
f 486/527/532 487/528/533 488/529/534 
f 488/529/534 489/530/535 486/527/532 
f 490/531/536 491/532/537 488/529/534 
f 488/529/534 487/528/533 490/531/536 
f 492/533/538 493/534/539 491/532/537 
f 491/532/537 490/531/536 492/533/538 
f 494/535/540 275/316/321 277/318/323 
f 277/318/323 489/530/535 494/535/540 
f 491/532/537 493/534/539 494/535/540 
f 494/535/540 488/529/534 491/532/537 
f 263/304/309 275/316/321 494/535/540 
f 494/535/540 495/536/541 263/304/309 
f 496/537/542 495/536/541 494/535/540 
f 494/535/540 493/534/539 496/537/542 
f 497/538/543 492/533/538 498/539/544 
f 499/540/545 262/303/308 263/304/309 
f 263/304/309 495/536/541 499/540/545 
f 500/541/546 499/540/545 495/536/541 
f 495/536/541 496/537/542 500/541/546 
f 500/541/546 496/537/542 497/538/543 
f 501/542/547 502/543/548 503/544/549 
f 503/544/549 504/545/550 501/542/547 
f 504/545/550 503/544/549 505/546/551 
f 505/546/551 506/547/552 504/545/550 
f 506/547/552 505/546/551 507/548/553 
f 507/548/553 508/549/554 506/547/552 
f 508/549/554 509/550/555 510/551/556 
f 511/552/557 512/553/558 513/554/559 
f 513/554/559 514/555/560 511/552/557 
f 515/556/561 516/557/562 512/553/558 
f 512/553/558 511/552/557 515/556/561 
f 517/558/563 518/559/564 516/557/562 
f 516/557/562 515/556/561 517/558/563 
f 519/560/565 520/561/566 518/559/564 
f 518/559/564 517/558/563 519/560/565 
f 520/561/566 519/560/565 521/562/567 
f 521/562/567 522/563/568 520/561/566 
f 514/555/560 513/554/559 523/564/569 
f 523/564/569 524/565/570 514/555/560 
f 524/565/570 523/564/569 525/566/571 
f 525/566/571 526/567/572 524/565/570 
f 526/567/572 525/566/571 502/543/548 
f 502/543/548 501/542/547 526/567/572 
f 512/553/558 527/568/573 528/569/574 
f 528/569/574 513/554/559 512/553/558 
f 516/557/562 529/570/575 527/568/573 
f 527/568/573 512/553/558 516/557/562 
f 518/559/564 530/571/576 529/570/575 
f 529/570/575 516/557/562 518/559/564 
f 520/561/566 531/572/577 530/571/576 
f 530/571/576 518/559/564 520/561/566 
f 532/573/578 533/574/579 534/575/580 
f 534/575/580 531/572/577 532/573/578 
f 535/576/581 530/571/576 531/572/577 
f 531/572/577 534/575/580 535/576/581 
f 536/577/582 537/578/583 528/569/574 
f 528/569/574 538/579/584 536/577/582 
f 531/572/577 520/561/566 532/573/578 
f 513/554/559 528/569/574 537/578/583 
f 537/578/583 523/564/569 513/554/559 
f 523/564/569 537/578/583 539/580/585 
f 539/580/585 525/566/571 523/564/569 
f 539/580/585 540/581/586 502/543/548 
f 502/543/548 525/566/571 539/580/585 
f 536/577/582 541/582/587 539/580/585 
f 539/580/585 537/578/583 536/577/582 
f 541/582/587 542/583/588 540/581/586 
f 540/581/586 539/580/585 541/582/587 
f 543/584/589 544/585/590 540/581/586 
f 540/581/586 542/583/588 543/584/589 
f 544/585/590 545/586/591 502/543/548 
f 502/543/548 540/581/586 544/585/590 
f 502/543/548 545/586/591 546/587/592 
f 546/587/592 503/544/549 502/543/548 
f 503/544/549 546/587/592 547/588/593 
f 547/588/593 505/546/551 503/544/549 
f 505/546/551 547/588/593 548/589/594 
f 548/589/594 507/548/553 505/546/551 
f 548/589/594 549/590/595 550/591/596 
f 550/591/596 507/548/553 548/589/594 
f 509/550/555 507/548/553 550/591/596 
f 550/591/596 551/592/597 509/550/555 
f 552/593/598 553/594/599 554/595/600 
f 554/595/600 555/596/601 552/593/598 
f 556/597/602 557/598/603 479/520/525 
f 479/520/525 478/519/524 556/597/602 
f 558/599/604 559/600/605 560/601/606 
f 560/601/606 561/602/607 558/599/604 
f 558/599/604 562/603/608 563/604/609 
f 563/604/609 559/600/605 558/599/604 
f 562/603/608 558/599/604 564/605/610 
f 564/605/610 565/606/611 562/603/608 
f 565/606/611 564/605/610 566/607/612 
f 566/607/612 567/608/613 565/606/611 
f 561/602/607 568/609/614 564/605/610 
f 564/605/610 558/599/604 561/602/607 
f 568/609/614 569/610/615 566/607/612 
f 566/607/612 564/605/610 568/609/614 
f 570/611/616 571/612/617 572/613/618 
f 572/613/618 573/614/619 570/611/616 
f 574/615/620 570/611/616 573/614/619 
f 573/614/619 575/616/621 574/615/620 
f 573/614/619 572/613/618 554/595/600 
f 554/595/600 576/617/622 573/614/619 
f 575/616/621 573/614/619 576/617/622 
f 576/617/622 577/618/623 575/616/621 
f 561/602/607 560/601/606 578/619/624 
f 578/619/624 571/612/617 561/602/607 
f 567/608/613 566/607/612 579/620/625 
f 579/620/625 580/621/626 567/608/613 
f 569/610/615 581/622/627 579/620/625 
f 579/620/625 566/607/612 569/610/615 
f 582/623/628 574/615/620 575/616/621 
f 575/616/621 583/624/629 582/623/628 
f 577/618/623 584/625/630 583/624/629 
f 583/624/629 575/616/621 577/618/623 
f 552/593/598 555/596/601 585/626/631 
f 585/626/631 586/627/632 552/593/598 
f 586/627/632 585/626/631 587/628/633 
f 587/628/633 588/629/634 586/627/632 
f 473/514/519 481/522/527 588/629/634 
f 588/629/634 587/628/633 473/514/519 
f 339/380/385 474/515/520 589/630/635 
f 590/631/636 591/632/637 592/633/638 
f 592/633/638 593/634/639 590/631/636 
f 556/597/602 594/635/640 595/636/641 
f 595/636/641 596/637/642 556/597/602 
f 546/587/592 545/586/591 597/638/643 
f 597/638/643 598/639/644 546/587/592 
f 599/640/645 547/588/593 546/587/592 
f 546/587/592 598/639/644 599/640/645 
f 600/641/646 548/589/594 547/588/593 
f 547/588/593 599/640/645 600/641/646 
f 550/591/596 549/590/595 601/642/647 
f 601/642/647 551/592/597 550/591/596 
f 600/641/646 602/643/648 549/590/595 
f 549/590/595 548/589/594 600/641/646 
f 567/608/613 598/639/644 597/638/643 
f 597/638/643 565/606/611 567/608/613 
f 603/644/649 602/643/648 600/641/646 
f 600/641/646 604/645/650 603/644/649 
f 605/646/651 601/642/647 549/590/595 
f 549/590/595 602/643/648 605/646/651 
f 580/621/626 599/640/645 598/639/644 
f 598/639/644 567/608/613 580/621/626 
f 604/645/650 600/641/646 599/640/645 
f 599/640/645 580/621/626 604/645/650 
f 606/647/652 607/648/653 608/649/654 
f 608/649/654 609/650/655 606/647/652 
f 610/651/656 611/652/657 608/649/654 
f 608/649/654 607/648/653 610/651/656 
f 612/653/658 613/654/659 611/652/657 
f 611/652/657 610/651/656 612/653/658 
f 610/651/656 607/648/653 614/655/660 
f 614/655/660 615/656/661 610/651/656 
f 616/657/662 617/658/663 618/659/664 
f 618/659/664 619/660/665 616/657/662 
f 620/661/666 476/517/522 617/658/663 
f 617/658/663 616/657/662 620/661/666 
f 621/662/667 615/656/661 622/663/668 
f 622/663/668 623/664/669 621/662/667 
f 624/665/670 625/666/671 621/662/667 
f 621/662/667 623/664/669 624/665/670 
f 625/666/671 616/657/662 619/660/665 
f 619/660/665 621/662/667 625/666/671 
f 472/513/518 471/512/517 625/666/671 
f 625/666/671 624/665/670 472/513/518 
f 471/512/517 620/661/666 616/657/662 
f 616/657/662 625/666/671 471/512/517 
f 626/667/672 622/663/668 615/656/661 
f 615/656/661 614/655/660 626/667/672 
f 621/662/667 612/653/658 610/651/656 
f 610/651/656 615/656/661 621/662/667 
f 627/668/673 614/655/660 607/648/653 
f 607/648/653 606/647/652 627/668/673 
f 624/665/670 628/669/674 469/510/515 
f 469/510/515 472/513/518 624/665/670 
f 624/665/670 623/664/669 629/670/675 
f 629/670/675 628/669/674 624/665/670 
f 629/670/675 623/664/669 622/663/668 
f 622/663/668 630/671/676 629/670/675 
f 622/663/668 626/667/672 631/672/677 
f 631/672/677 630/671/676 622/663/668 
f 609/650/655 608/649/654 632/673/678 
f 632/673/678 633/674/679 609/650/655 
f 634/675/680 617/658/663 476/517/522 
f 476/517/522 475/516/521 634/675/680 
f 635/676/681 634/675/680 390/431/436 
f 611/652/657 636/677/682 632/673/678 
f 632/673/678 608/649/654 611/652/657 
f 637/678/683 636/677/682 611/652/657 
f 611/652/657 613/654/659 637/678/683 
f 393/434/439 638/679/684 394/435/440 
f 635/676/681 390/431/436 394/435/440 
f 394/435/440 639/680/685 635/676/681 
f 634/675/680 640/681/686 618/659/664 
f 618/659/664 617/658/663 634/675/680 
f 640/681/686 641/682/687 642/683/688 
f 642/683/688 643/684/689 640/681/686 
f 644/685/690 633/674/679 645/686/691 
f 590/631/636 646/687/692 647/688/693 
f 647/688/693 648/689/694 590/631/636 
f 649/690/695 650/691/696 636/677/682 
f 636/677/682 637/678/683 649/690/695 
f 650/691/696 645/686/691 632/673/678 
f 632/673/678 636/677/682 650/691/696 
f 651/692/697 639/680/685 648/689/694 
f 648/689/694 647/688/693 651/692/697 
f 652/693/698 635/676/681 639/680/685 
f 639/680/685 651/692/697 652/693/698 
f 339/380/385 589/630/635 638/679/684 
f 638/679/684 393/434/439 339/380/385 
f 653/694/699 654/695/700 655/696/701 
f 655/696/701 656/697/702 653/694/699 
f 657/698/703 543/584/589 658/699/704 
f 658/699/704 659/700/705 657/698/703 
f 660/701/706 538/579/584 661/702/707 
f 654/695/700 653/694/699 662/703/708 
f 662/703/708 663/704/709 654/695/700 
f 663/704/709 662/703/708 664/705/710 
f 664/705/710 665/706/711 663/704/709 
f 656/697/702 655/696/701 657/698/703 
f 657/698/703 659/700/705 656/697/702 
f 535/576/581 666/707/712 667/708/713 
f 533/574/579 668/709/714 669/710/715 
f 669/710/715 670/711/716 533/574/579 
f 657/698/703 671/712/717 544/585/590 
f 544/585/590 543/584/589 657/698/703 
f 544/585/590 671/712/717 597/638/643 
f 597/638/643 545/586/591 544/585/590 
f 655/696/701 672/713/718 671/712/717 
f 671/712/717 657/698/703 655/696/701 
f 672/713/718 565/606/611 597/638/643 
f 597/638/643 671/712/717 672/713/718 
f 654/695/700 673/714/719 672/713/718 
f 672/713/718 655/696/701 654/695/700 
f 673/714/719 562/603/608 565/606/611 
f 565/606/611 672/713/718 673/714/719 
f 674/715/720 663/704/709 665/706/711 
f 665/706/711 675/716/721 674/715/720 
f 676/717/722 677/718/723 678/719/724 
f 678/719/724 679/720/725 676/717/722 
f 680/721/726 536/577/582 538/579/584 
f 538/579/584 660/701/706 680/721/726 
f 665/706/711 664/705/710 681/722/727 
f 681/722/727 682/723/728 665/706/711 
f 676/717/722 679/720/725 683/724/729 
f 683/724/729 684/725/730 676/717/722 
f 470/511/516 685/726/731 686/727/732 
f 686/727/732 687/728/733 470/511/516 
f 685/726/731 684/725/730 683/724/729 
f 683/724/729 686/727/732 685/726/731 
f 682/723/728 681/722/727 688/729/734 
f 688/729/734 689/730/735 682/723/728 
f 678/719/724 689/730/735 688/729/734 
f 688/729/734 679/720/725 678/719/724 
f 631/672/677 690/731/736 691/732/737 
f 691/732/737 677/718/723 631/672/677 
f 680/721/726 692/733/738 541/582/587 
f 541/582/587 536/577/582 680/721/726 
f 692/733/738 693/734/739 542/583/588 
f 542/583/588 541/582/587 692/733/738 
f 658/699/704 543/584/589 542/583/588 
f 542/583/588 693/734/739 658/699/704 
f 663/704/709 674/715/720 673/714/719 
f 673/714/719 654/695/700 663/704/709 
f 562/603/608 673/714/719 674/715/720 
f 674/715/720 563/604/609 562/603/608 
f 563/604/609 674/715/720 675/716/721 
f 675/716/721 694/735/740 563/604/609 
f 695/736/741 696/737/742 551/592/597 
f 551/592/597 601/642/647 695/736/741 
f 697/738/743 695/736/741 601/642/647 
f 601/642/647 605/646/651 697/738/743 
f 696/737/742 698/739/744 509/550/555 
f 509/550/555 551/592/597 696/737/742 
f 698/739/744 510/551/556 509/550/555 
f 699/740/745 560/601/606 559/600/605 
f 559/600/605 700/741/746 699/740/745 
f 694/735/740 700/741/746 559/600/605 
f 559/600/605 563/604/609 694/735/740 
f 701/742/747 702/743/748 592/633/638 
f 703/744/749 704/745/750 700/741/746 
f 700/741/746 694/735/740 703/744/749 
f 594/635/640 556/597/602 478/519/524 
f 478/519/524 477/518/523 594/635/640 
f 571/612/617 570/611/616 568/609/614 
f 568/609/614 561/602/607 571/612/617 
f 570/611/616 574/615/620 569/610/615 
f 569/610/615 568/609/614 570/611/616 
f 571/612/617 578/619/624 701/742/747 
f 701/742/747 572/613/618 571/612/617 
f 574/615/620 582/623/628 581/622/627 
f 581/622/627 569/610/615 574/615/620 
f 705/746/751 578/619/624 560/601/606 
f 560/601/606 699/740/745 705/746/751 
f 630/671/676 631/672/677 677/718/723 
f 677/718/723 676/717/722 630/671/676 
f 629/670/675 630/671/676 676/717/722 
f 676/717/722 684/725/730 629/670/675 
f 470/511/516 469/510/515 628/669/674 
f 628/669/674 685/726/731 470/511/516 
f 628/669/674 629/670/675 684/725/730 
f 684/725/730 685/726/731 628/669/674 
f 631/672/677 706/747/752 690/731/736 
f 703/744/749 706/747/752 704/745/750 
f 472/513/518 469/510/515 381/422/427 
f 381/422/427 377/418/423 472/513/518 
f 389/430/435 390/431/436 475/516/521 
f 476/517/522 620/661/666 370/411/416 
f 370/411/416 371/412/417 476/517/522 
f 707/748/753 646/687/692 590/631/636 
f 590/631/636 593/634/639 707/748/753 
f 577/618/623 576/617/622 708/749/754 
f 576/617/622 554/595/600 553/594/599 
f 553/594/599 708/749/754 576/617/622 
f 555/596/601 554/595/600 572/613/618 
f 572/613/618 701/742/747 555/596/601 
f 592/633/638 585/626/631 555/596/601 
f 555/596/601 701/742/747 592/633/638 
f 591/632/637 587/628/633 585/626/631 
f 585/626/631 592/633/638 591/632/637 
f 474/515/520 473/514/519 587/628/633 
f 587/628/633 591/632/637 474/515/520 
f 633/674/679 709/750/755 710/751/756 
f 710/751/756 609/650/655 633/674/679 
f 606/647/652 609/650/655 710/751/756 
f 710/751/756 711/752/757 606/647/652 
f 704/745/750 627/668/673 606/647/652 
f 606/647/652 711/752/757 704/745/750 
f 712/753/758 627/668/673 704/745/750 
f 704/745/750 706/747/752 712/753/758 
f 706/747/752 626/667/672 712/753/758 
f 712/753/758 614/655/660 627/668/673 
f 704/745/750 699/740/745 700/741/746 
f 711/752/757 710/751/756 705/746/751 
f 705/746/751 699/740/745 711/752/757 
f 699/740/745 704/745/750 711/752/757 
f 668/709/714 713/754/759 714/755/760 
f 714/755/760 669/710/715 668/709/714 
f 715/756/761 716/757/762 717/758/763 
f 717/758/763 718/759/764 715/756/761 
f 718/759/764 719/760/765 720/761/766 
f 720/761/766 715/756/761 718/759/764 
f 668/709/714 721/762/767 722/763/768 
f 722/763/768 713/754/759 668/709/714 
f 718/759/764 717/758/763 722/763/768 
f 722/763/768 719/760/765 718/759/764 
f 722/763/768 721/762/767 522/563/568 
f 522/563/568 723/764/769 719/760/765 
f 719/760/765 722/763/768 522/563/568 
f 724/765/770 720/761/766 719/760/765 
f 719/760/765 723/764/769 724/765/770 
f 725/766/771 723/764/769 522/563/568 
f 522/563/568 521/562/567 725/766/771 
f 726/767/772 724/765/770 723/764/769 
f 723/764/769 725/766/771 726/767/772 
f 444/485/490 443/484/489 470/511/516 
f 470/511/516 687/728/733 444/485/490 
f 370/411/416 620/661/666 471/512/517 
f 471/512/517 378/419/424 370/411/416 
f 363/404/409 368/409/414 367/408/413 
f 367/408/413 362/403/408 363/404/409 
f 362/403/408 367/408/413 372/413/418 
f 392/433/438 398/439/444 368/409/414 
f 368/409/414 363/404/409 392/433/438 
f 398/439/444 392/433/438 406/447/452 
f 406/447/452 727/768/773 398/439/444 
f 612/653/658 619/660/665 618/659/664 
f 618/659/664 613/654/659 612/653/658 
f 621/662/667 619/660/665 612/653/658 
f 613/654/659 618/659/664 640/681/686 
f 640/681/686 637/678/683 613/654/659 
f 643/684/689 649/690/695 637/678/683 
f 637/678/683 640/681/686 643/684/689 
f 691/732/737 690/731/736 703/744/749 
f 703/744/749 728/769/774 691/732/737 
f 728/769/774 703/744/749 694/735/740 
f 694/735/740 675/716/721 728/769/774 
f 682/723/728 728/769/774 675/716/721 
f 675/716/721 665/706/711 682/723/728 
f 728/769/774 682/723/728 689/730/735 
f 689/730/735 691/732/737 728/769/774 
f 464/505/510 344/385/390 465/506/511 
f 463/504/509 465/506/511 483/524/529 
f 483/524/529 482/523/528 463/504/509 
f 343/384/389 483/524/529 465/506/511 
f 465/506/511 344/385/390 343/384/389 
f 705/746/751 702/743/748 701/742/747 
f 701/742/747 578/619/624 705/746/751 
f 709/750/755 702/743/748 705/746/751 
f 705/746/751 710/751/756 709/750/755 
f 702/743/748 709/750/755 593/634/639 
f 593/634/639 592/633/638 702/743/748 
f 593/634/639 729/770/775 707/748/753 
f 553/594/599 730/771/776 731/772/777 
f 731/772/777 708/749/754 553/594/599 
f 577/618/623 732/773/778 733/774/779 
f 733/774/779 584/625/630 577/618/623 
f 708/749/754 731/772/777 732/773/778 
f 732/773/778 577/618/623 708/749/754 
f 552/593/598 734/775/780 730/771/776 
f 730/771/776 553/594/599 552/593/598 
f 586/627/632 735/776/781 734/775/780 
f 734/775/780 552/593/598 586/627/632 
f 588/629/634 736/777/782 735/776/781 
f 735/776/781 586/627/632 588/629/634 
f 481/522/527 737/778/783 736/777/782 
f 736/777/782 588/629/634 481/522/527 
f 738/779/784 739/780/785 740/781/786 
f 740/781/786 741/782/787 738/779/784 
f 742/783/788 743/784/789 739/780/785 
f 739/780/785 738/779/784 742/783/788 
f 744/785/790 745/786/791 743/784/789 
f 743/784/789 742/783/788 744/785/790 
f 746/787/792 747/788/793 745/786/791 
f 745/786/791 744/785/790 746/787/792 
f 748/789/794 749/790/795 747/788/793 
f 747/788/793 746/787/792 748/789/794 
f 750/791/796 751/792/797 749/790/795 
f 749/790/795 748/789/794 750/791/796 
f 752/793/798 753/794/799 731/772/777 
f 731/772/777 730/771/776 752/793/798 
f 732/773/778 754/795/800 733/774/779 
f 753/794/799 754/795/800 732/773/778 
f 732/773/778 731/772/777 753/794/799 
f 755/796/801 752/793/798 730/771/776 
f 730/771/776 734/775/780 755/796/801 
f 756/797/802 755/796/801 734/775/780 
f 734/775/780 735/776/781 756/797/802 
f 736/777/782 757/798/803 756/797/802 
f 756/797/802 735/776/781 736/777/782 
f 737/778/783 758/799/804 757/798/803 
f 757/798/803 736/777/782 737/778/783 
f 755/796/801 759/800/805 760/801/806 
f 760/801/806 752/793/798 755/796/801 
f 757/798/803 761/802/807 762/803/808 
f 762/803/808 756/797/802 757/798/803 
f 763/804/809 761/802/807 757/798/803 
f 757/798/803 758/799/804 763/804/809 
f 760/801/806 764/805/810 753/794/799 
f 753/794/799 752/793/798 760/801/806 
f 764/805/810 765/806/811 766/807/812 
f 766/807/812 753/794/799 764/805/810 
f 765/806/811 767/808/813 768/809/814 
f 768/809/814 766/807/812 765/806/811 
f 756/797/802 762/803/808 759/800/805 
f 759/800/805 755/796/801 756/797/802 
f 767/808/813 741/782/787 740/781/786 
f 740/781/786 768/809/814 767/808/813 
f 769/810/815 770/811/816 750/791/796 
f 750/791/796 748/789/794 769/810/815 
f 771/812/817 769/810/815 748/789/794 
f 748/789/794 746/787/792 771/812/817 
f 772/813/818 771/812/817 746/787/792 
f 746/787/792 744/785/790 772/813/818 
f 773/814/819 772/813/818 744/785/790 
f 744/785/790 742/783/788 773/814/819 
f 774/815/820 773/814/819 742/783/788 
f 742/783/788 738/779/784 774/815/820 
f 775/816/821 774/815/820 738/779/784 
f 738/779/784 741/782/787 775/816/821 
f 776/817/822 777/818/823 760/801/806 
f 760/801/806 759/800/805 776/817/822 
f 778/819/824 779/820/825 762/803/808 
f 762/803/808 761/802/807 778/819/824 
f 780/821/826 778/819/824 761/802/807 
f 761/802/807 763/804/809 780/821/826 
f 777/818/823 781/822/827 764/805/810 
f 764/805/810 760/801/806 777/818/823 
f 781/822/827 782/823/828 765/806/811 
f 765/806/811 764/805/810 781/822/827 
f 782/823/828 783/824/829 767/808/813 
f 767/808/813 765/806/811 782/823/828 
f 779/820/825 776/817/822 759/800/805 
f 759/800/805 762/803/808 779/820/825 
f 783/824/829 775/816/821 741/782/787 
f 741/782/787 767/808/813 783/824/829 
f 784/825/830 785/826/831 770/811/816 
f 770/811/816 769/810/815 784/825/830 
f 786/827/832 784/825/830 769/810/815 
f 769/810/815 771/812/817 786/827/832 
f 787/828/833 786/827/832 771/812/817 
f 771/812/817 772/813/818 787/828/833 
f 788/829/834 787/828/833 772/813/818 
f 772/813/818 773/814/819 788/829/834 
f 789/830/835 788/829/834 773/814/819 
f 773/814/819 774/815/820 789/830/835 
f 790/831/836 789/830/835 774/815/820 
f 774/815/820 775/816/821 790/831/836 
f 791/832/837 792/833/838 777/818/823 
f 777/818/823 776/817/822 791/832/837 
f 793/834/839 794/835/840 779/820/825 
f 779/820/825 778/819/824 793/834/839 
f 795/836/841 793/834/839 778/819/824 
f 778/819/824 780/821/826 795/836/841 
f 792/833/838 796/837/842 781/822/827 
f 781/822/827 777/818/823 792/833/838 
f 781/822/827 796/837/842 797/838/843 
f 797/838/843 782/823/828 781/822/827 
f 782/823/828 797/838/843 798/839/844 
f 798/839/844 783/824/829 782/823/828 
f 794/835/840 791/832/837 776/817/822 
f 776/817/822 779/820/825 794/835/840 
f 798/839/844 790/831/836 775/816/821 
f 775/816/821 783/824/829 798/839/844 
f 298/339/344 480/521/526 799/840/845 
f 799/840/845 800/841/846 298/339/344 
f 332/373/378 801/842/847 802/843/848 
f 802/843/848 803/844/849 332/373/378 
f 322/363/368 332/373/378 803/844/849 
f 803/844/849 804/845/850 322/363/368 
f 480/521/526 322/363/368 804/845/850 
f 804/845/850 799/840/845 480/521/526 
f 295/336/341 298/339/344 800/841/846 
f 800/841/846 805/846/851 295/336/341 
f 333/374/379 295/336/341 805/846/851 
f 805/846/851 806/847/852 333/374/379 
f 335/376/381 333/374/379 806/847/852 
f 806/847/852 807/848/853 335/376/381 
f 338/379/384 335/376/381 807/848/853 
f 807/848/853 808/849/854 338/379/384 
f 809/850/855 810/851/856 811/852/857 
f 811/852/857 812/853/858 809/850/855 
f 813/854/859 809/850/855 812/853/858 
f 812/853/858 814/855/860 813/854/859 
f 815/856/861 813/854/859 814/855/860 
f 814/855/860 816/857/862 815/856/861 
f 817/858/863 815/856/861 816/857/862 
f 816/857/862 818/859/864 817/858/863 
f 819/860/865 817/858/863 818/859/864 
f 818/859/864 820/861/866 819/860/865 
f 821/862/867 819/860/865 820/861/866 
f 820/861/866 822/863/868 821/862/867 
f 799/840/845 823/864/869 824/865/870 
f 824/865/870 800/841/846 799/840/845 
f 804/845/850 803/844/849 825/866/871 
f 804/845/850 825/866/871 823/864/869 
f 823/864/869 799/840/845 804/845/850 
f 800/841/846 824/865/870 826/867/872 
f 826/867/872 805/846/851 800/841/846 
f 805/846/851 826/867/872 827/868/873 
f 827/868/873 806/847/852 805/846/851 
f 807/848/853 806/847/852 827/868/873 
f 827/868/873 828/869/874 807/848/853 
f 808/849/854 807/848/853 828/869/874 
f 828/869/874 829/870/875 808/849/854 
f 826/867/872 824/865/870 830/871/876 
f 830/871/876 831/872/877 826/867/872 
f 828/869/874 827/868/873 832/873/878 
f 832/873/878 833/874/879 828/869/874 
f 834/875/880 829/870/875 828/869/874 
f 828/869/874 833/874/879 834/875/880 
f 830/871/876 824/865/870 823/864/869 
f 823/864/869 835/876/881 830/871/876 
f 835/876/881 823/864/869 836/877/882 
f 836/877/882 837/878/883 835/876/881 
f 837/878/883 836/877/882 838/879/884 
f 838/879/884 839/880/885 837/878/883 
f 827/868/873 826/867/872 831/872/877 
f 831/872/877 832/873/878 827/868/873 
f 811/852/857 838/879/884 803/844/849 
f 803/844/849 802/843/848 811/852/857 
f 839/880/885 838/879/884 811/852/857 
f 811/852/857 810/851/856 839/880/885 
f 840/881/886 819/860/865 821/862/867 
f 821/862/867 841/882/887 840/881/886 
f 842/883/888 817/858/863 819/860/865 
f 819/860/865 840/881/886 842/883/888 
f 843/884/889 815/856/861 817/858/863 
f 817/858/863 842/883/888 843/884/889 
f 844/885/890 813/854/859 815/856/861 
f 815/856/861 843/884/889 844/885/890 
f 845/886/891 809/850/855 813/854/859 
f 813/854/859 844/885/890 845/886/891 
f 846/887/892 810/851/856 809/850/855 
f 809/850/855 845/886/891 846/887/892 
f 847/888/893 831/872/877 830/871/876 
f 830/871/876 848/889/894 847/888/893 
f 849/890/895 833/874/879 832/873/878 
f 832/873/878 850/891/896 849/890/895 
f 851/892/897 834/875/880 833/874/879 
f 833/874/879 849/890/895 851/892/897 
f 848/889/894 830/871/876 835/876/881 
f 835/876/881 852/893/898 848/889/894 
f 852/893/898 835/876/881 837/878/883 
f 837/878/883 853/894/899 852/893/898 
f 853/894/899 837/878/883 839/880/885 
f 839/880/885 854/895/900 853/894/899 
f 850/891/896 832/873/878 831/872/877 
f 831/872/877 847/888/893 850/891/896 
f 854/895/900 839/880/885 810/851/856 
f 810/851/856 846/887/892 854/895/900 
f 855/896/901 840/881/886 841/882/887 
f 841/882/887 856/897/902 855/896/901 
f 857/898/903 842/883/888 840/881/886 
f 840/881/886 855/896/901 857/898/903 
f 858/899/904 843/884/889 842/883/888 
f 842/883/888 857/898/903 858/899/904 
f 859/900/905 844/885/890 843/884/889 
f 843/884/889 858/899/904 859/900/905 
f 860/901/906 845/886/891 844/885/890 
f 844/885/890 859/900/905 860/901/906 
f 861/902/907 846/887/892 845/886/891 
f 845/886/891 860/901/906 861/902/907 
f 862/903/908 847/888/893 848/889/894 
f 848/889/894 863/904/909 862/903/908 
f 864/905/910 849/890/895 850/891/896 
f 850/891/896 865/906/911 864/905/910 
f 866/907/912 851/892/897 849/890/895 
f 849/890/895 864/905/910 866/907/912 
f 863/904/909 848/889/894 852/893/898 
f 852/893/898 867/908/913 863/904/909 
f 852/893/898 853/894/899 868/909/914 
f 868/909/914 867/908/913 852/893/898 
f 853/894/899 854/895/900 869/910/915 
f 869/910/915 868/909/914 853/894/899 
f 865/906/911 850/891/896 847/888/893 
f 847/888/893 862/903/908 865/906/911 
f 869/910/915 854/895/900 846/887/892 
f 846/887/892 861/902/907 869/910/915 
f 780/821/826 851/892/897 866/907/912 
f 866/907/912 795/836/841 780/821/826 
f 780/821/826 763/804/809 834/875/880 
f 834/875/880 851/892/897 780/821/826 
f 763/804/809 758/799/804 829/870/875 
f 829/870/875 834/875/880 763/804/809 
f 808/849/854 829/870/875 758/799/804 
f 758/799/804 737/778/783 808/849/854 
f 737/778/783 481/522/527 338/379/384 
f 338/379/384 808/849/854 737/778/783 
f 750/791/796 821/862/867 822/863/868 
f 822/863/868 751/792/797 750/791/796 
f 770/811/816 841/882/887 821/862/867 
f 821/862/867 750/791/796 770/811/816 
f 785/826/831 856/897/902 841/882/887 
f 841/882/887 770/811/816 785/826/831 
f 784/825/830 870/911/916 871/912/917 
f 871/912/917 785/826/831 784/825/830 
f 784/825/830 786/827/832 870/911/916 
f 787/828/833 872/913/918 870/911/916 
f 870/911/916 786/827/832 787/828/833 
f 787/828/833 788/829/834 872/913/918 
f 789/830/835 873/914/919 872/913/918 
f 872/913/918 788/829/834 789/830/835 
f 790/831/836 874/915/920 873/914/919 
f 873/914/919 789/830/835 790/831/836 
f 875/916/921 792/833/838 791/832/837 
f 876/917/922 794/835/840 793/834/839 
f 793/834/839 795/836/841 877/918/923 
f 877/918/923 876/917/922 793/834/839 
f 796/837/842 792/833/838 875/916/921 
f 875/916/921 878/919/924 796/837/842 
f 797/838/843 796/837/842 878/919/924 
f 878/919/924 879/920/925 797/838/843 
f 798/839/844 797/838/843 879/920/925 
f 879/920/925 880/921/926 798/839/844 
f 791/832/837 794/835/840 876/917/922 
f 876/917/922 875/916/921 791/832/837 
f 798/839/844 880/921/926 874/915/920 
f 874/915/920 790/831/836 798/839/844 
f 855/896/901 856/897/902 871/912/917 
f 871/912/917 881/922/927 855/896/901 
f 881/922/927 857/898/903 855/896/901 
f 858/899/904 857/898/903 881/922/927 
f 881/922/927 882/923/928 858/899/904 
f 882/923/928 859/900/905 858/899/904 
f 860/901/906 859/900/905 882/923/928 
f 882/923/928 883/924/929 860/901/906 
f 861/902/907 860/901/906 883/924/929 
f 883/924/929 884/925/930 861/902/907 
f 862/903/908 863/904/909 885/926/931 
f 864/905/910 865/906/911 886/927/932 
f 864/905/910 886/927/932 877/918/923 
f 877/918/923 866/907/912 864/905/910 
f 867/908/913 887/928/933 885/926/931 
f 885/926/931 863/904/909 867/908/913 
f 868/909/914 888/929/934 887/928/933 
f 887/928/933 867/908/913 868/909/914 
f 869/910/915 889/930/935 888/929/934 
f 888/929/934 868/909/914 869/910/915 
f 862/903/908 885/926/931 886/927/932 
f 886/927/932 865/906/911 862/903/908 
f 861/902/907 884/925/930 889/930/935 
f 889/930/935 869/910/915 861/902/907 
f 795/836/841 866/907/912 877/918/923 
f 856/897/902 785/826/831 871/912/917 
f 871/931/936 870/932/937 890/933/938 
f 870/932/937 872/934/939 890/933/938 
f 872/934/939 873/935/940 890/933/938 
f 874/936/941 891/937/942 890/933/938 
f 890/933/938 873/935/940 874/936/941 
f 876/938/943 877/939/944 892/940/945 
f 878/941/946 875/942/947 892/940/945 
f 878/941/946 892/940/945 893/943/948 
f 893/943/948 879/944/949 878/941/946 
f 891/937/942 880/945/950 893/943/948 
f 875/942/947 876/938/943 892/940/945 
f 881/946/951 871/931/936 890/933/938 
f 882/947/952 881/946/951 890/933/938 
f 883/948/953 882/947/952 890/933/938 
f 890/933/938 894/949/954 884/950/955 
f 884/950/955 883/948/953 890/933/938 
f 877/939/944 886/951/956 892/940/945 
f 885/952/957 887/953/958 892/940/945 
f 895/954/959 892/940/945 887/953/958 
f 887/953/958 888/955/960 895/954/959 
f 888/955/960 889/956/961 895/954/959 
f 886/951/956 885/952/957 892/940/945 
f 896/957/962 890/933/938 891/937/942 
f 896/957/962 893/943/948 892/940/945 
f 896/957/962 891/937/942 893/943/948 
f 896/957/962 894/949/954 890/933/938 
f 896/957/962 892/940/945 895/954/959 
f 896/957/962 895/954/959 894/949/954 
f 803/844/849 838/879/884 836/877/882 
f 836/877/882 825/866/871 803/844/849 
f 825/866/871 836/877/882 823/864/869 
f 753/794/799 766/807/812 754/795/800 
f 766/807/812 768/809/814 733/774/779 
f 733/774/779 754/795/800 766/807/812 
f 340/381/386 342/383/388 345/386/391 
f 402/443/448 342/383/388 340/381/386 
f 340/381/386 395/436/441 402/443/448 
f 397/438/443 402/443/448 395/436/441 
f 340/381/386 345/386/391 341/382/387 
f 474/515/520 591/632/637 589/630/635 
f 589/630/635 590/631/636 648/689/694 
f 648/689/694 638/679/684 589/630/635 
f 638/679/684 648/689/694 639/680/685 
f 591/632/637 590/631/636 589/630/635 
f 638/679/684 639/680/685 394/435/440 
f 394/435/440 397/438/443 395/436/441 
f 404/445/450 403/444/449 897/958/963 
f 403/444/449 898/959/964 897/958/963 
f 408/449/454 409/450/455 898/959/964 
f 409/450/455 899/960/965 898/959/964 
f 899/960/965 727/768/773 900/961/966 
f 406/447/452 405/446/451 901/962/967 
f 405/446/451 902/963/968 901/962/967 
f 401/442/447 903/964/969 902/963/968 
f 902/963/968 407/448/453 401/442/447 
f 400/441/446 404/445/450 903/964/969 
f 652/693/698 904/965/970 905/966/971 
f 905/966/971 642/683/688 652/693/698 
f 643/684/689 642/683/688 905/966/971 
f 644/685/690 645/686/691 906/967/972 
f 646/687/692 907/968/973 908/969/974 
f 908/969/974 647/688/693 646/687/692 
f 650/691/696 649/690/695 909/970/975 
f 645/686/691 909/970/975 906/967/972 
f 651/692/697 647/688/693 908/969/974 
f 651/692/697 908/969/974 904/965/970 
f 904/965/970 652/693/698 651/692/697 
f 646/687/692 707/748/753 907/968/973 
f 727/768/773 406/447/452 900/961/966 
f 649/690/695 905/966/971 909/970/975 
f 707/748/753 906/967/972 907/968/973 
f 900/961/966 901/962/967 910/971/976 
f 901/962/967 902/963/968 910/971/976 
f 902/963/968 903/964/969 910/971/976 
f 903/964/969 897/958/963 910/971/976 
f 897/958/963 898/959/964 910/971/976 
f 898/959/964 900/961/966 910/971/976 
f 905/966/971 904/965/970 911/972/977 
f 904/965/970 908/969/974 911/972/977 
f 908/969/974 907/968/973 911/972/977 
f 907/968/973 906/967/972 911/972/977 
f 906/967/972 909/970/975 911/972/977 
f 909/970/975 905/966/971 911/972/977 
f 406/447/452 901/962/967 900/961/966 
f 899/960/965 900/961/966 898/959/964 
f 403/444/449 408/449/454 898/959/964 
f 400/441/446 386/427/432 483/524/529 
f 483/524/529 343/384/389 400/441/446 
f 649/690/695 643/684/689 905/966/971 
f 645/686/691 650/691/696 909/970/975 
f 405/446/451 407/448/453 902/963/968 
f 899/960/965 399/440/445 398/439/444 
f 398/439/444 727/768/773 899/960/965 
f 399/440/445 899/960/965 409/450/455 
f 409/450/455 396/437/442 399/440/445 
f 652/693/698 642/683/688 641/682/687 
f 641/682/687 635/676/681 652/693/698 
f 640/681/686 634/675/680 641/682/687 
f 396/437/442 388/429/434 399/440/445 
f 634/675/680 475/516/521 390/431/436 
f 633/674/679 632/673/678 645/686/691 
f 407/448/453 387/428/433 386/427/432 
f 386/427/432 401/442/447 407/448/453 
f 401/442/447 400/441/446 903/964/969 
f 404/445/450 897/958/963 903/964/969 
f 707/748/753 644/685/690 906/967/972 
f 709/750/755 644/685/690 729/770/775 
f 593/634/639 709/750/755 729/770/775 
f 644/685/690 707/748/753 729/770/775 
f 644/685/690 709/750/755 633/674/679 
f 880/945/950 879/944/949 893/943/948 
f 891/937/942 874/936/941 880/945/950 
f 889/956/961 894/949/954 895/954/959 
f 889/956/961 884/950/955 894/949/954 
f 418/459/464 273/314/319 272/313/318 
f 418/459/464 912/973/978 273/314/319 
f 273/314/319 912/973/978 419/460/465 
f 419/460/465 913/974/979 279/320/325 
f 279/320/325 913/974/979 420/461/466 
f 420/461/466 914/975/980 278/319/324 
f 278/319/324 914/975/980 425/466/471 
f 425/466/471 426/467/472 276/317/322 
f 915/976/981 916/977/982 418/459/464 
f 418/459/464 417/458/463 915/976/981 
f 917/978/983 913/974/979 419/460/465 
f 419/460/465 918/979/984 917/978/983 
f 919/980/985 914/975/980 420/461/466 
f 420/461/466 920/981/986 919/980/985 
f 921/982/987 426/467/472 425/466/471 
f 425/466/471 922/983/988 921/982/987 
f 417/458/463 437/478/483 923/984/989 
f 923/984/989 915/976/981 417/458/463 
f 924/985/990 918/979/984 925/986/991 
f 925/986/991 926/987/992 924/985/990 
f 927/988/993 919/980/985 920/981/986 
f 920/981/986 928/989/994 927/988/993 
f 926/987/992 925/986/991 916/977/982 
f 916/977/982 929/990/995 926/987/992 
f 930/991/996 915/976/981 923/984/989 
f 923/984/989 931/992/997 930/991/996 
f 932/993/998 921/982/987 922/983/988 
f 922/983/988 933/994/999 932/993/998 
f 916/977/982 925/986/991 912/973/978 
f 912/973/978 418/459/464 916/977/982 
f 916/977/982 915/976/981 930/991/996 
f 930/991/996 929/990/995 916/977/982 
f 419/460/465 912/973/978 925/986/991 
f 925/986/991 918/979/984 419/460/465 
f 934/995/1000 917/978/983 918/979/984 
f 918/979/984 924/985/990 934/995/1000 
f 913/974/979 917/978/983 920/981/986 
f 920/981/986 420/461/466 913/974/979 
f 920/981/986 917/978/983 934/995/1000 
f 934/995/1000 928/989/994 920/981/986 
f 935/996/1001 934/995/1000 924/985/990 
f 924/985/990 936/997/1002 935/996/1001 
f 924/985/990 926/987/992 937/998/1003 
f 937/998/1003 936/997/1002 924/985/990 
f 938/999/1004 937/998/1003 926/987/992 
f 926/987/992 929/990/995 938/999/1004 
f 938/999/1004 929/990/995 930/991/996 
f 930/991/996 939/1000/1005 938/999/1004 
f 939/1000/1005 930/991/996 931/992/997 
f 931/992/997 940/1001/1006 939/1000/1005 
f 941/1002/1007 942/1003/1008 943/1004/1009 
f 943/1004/1009 944/1005/1010 941/1002/1007 
f 944/1005/1010 943/1004/1009 945/1006/1011 
f 945/1006/1011 946/1007/1012 944/1005/1010 
f 947/1008/1013 948/1009/1014 946/1007/1012 
f 946/1007/1012 945/1006/1011 947/1008/1013 
f 934/995/1000 935/996/1001 949/1010/1015 
f 949/1010/1015 928/989/994 934/995/1000 
f 950/1011/1016 927/988/993 928/989/994 
f 928/989/994 949/1010/1015 950/1011/1016 
f 951/1012/1017 952/1013/1018 948/1009/1014 
f 948/1009/1014 947/1008/1013 951/1012/1017 
f 952/1013/1018 951/1012/1017 953/1014/1019 
f 953/1014/1019 954/1015/1020 952/1013/1018 
f 939/1000/1005 955/1016/1021 941/1002/1007 
f 941/1002/1007 938/999/1004 939/1000/1005 
f 956/1017/1022 955/1016/1021 957/1018/1023 
f 914/975/980 919/980/985 922/983/988 
f 922/983/988 425/466/471 914/975/980 
f 919/980/985 927/988/993 933/994/999 
f 933/994/999 922/983/988 919/980/985 
f 933/994/999 927/988/993 950/1011/1016 
f 950/1011/1016 958/1019/1024 933/994/999 
f 959/1020/1025 960/1021/1026 954/1015/1020 
f 954/1015/1020 953/1014/1019 959/1020/1025 
f 933/994/999 958/1019/1024 961/1022/1027 
f 961/1022/1027 932/993/998 933/994/999 
f 962/1023/1028 961/1022/1027 960/1021/1026 
f 960/1021/1026 959/1020/1025 962/1023/1028 
f 936/997/1002 946/1007/1012 948/1009/1014 
f 948/1009/1014 935/996/1001 936/997/1002 
f 937/998/1003 944/1005/1010 946/1007/1012 
f 946/1007/1012 936/997/1002 937/998/1003 
f 935/996/1001 948/1009/1014 952/1013/1018 
f 952/1013/1018 949/1010/1015 935/996/1001 
f 949/1010/1015 952/1013/1018 954/1015/1020 
f 954/1015/1020 950/1011/1016 949/1010/1015 
f 950/1011/1016 954/1015/1020 960/1021/1026 
f 960/1021/1026 958/1019/1024 950/1011/1016 
f 958/1019/1024 960/1021/1026 961/1022/1027 
f 963/1024/1029 964/1025/1030 943/1004/1009 
f 943/1004/1009 942/1003/1008 963/1024/1029 
f 964/1025/1030 965/1026/1031 945/1006/1011 
f 945/1006/1011 943/1004/1009 964/1025/1030 
f 966/1027/1032 947/1008/1013 945/1006/1011 
f 945/1006/1011 965/1026/1031 966/1027/1032 
f 967/1028/1033 951/1012/1017 947/1008/1013 
f 947/1008/1013 966/1027/1032 967/1028/1033 
f 968/1029/1034 953/1014/1019 951/1012/1017 
f 951/1012/1017 967/1028/1033 968/1029/1034 
f 969/1030/1035 959/1020/1025 953/1014/1019 
f 953/1014/1019 968/1029/1034 969/1030/1035 
f 959/1020/1025 969/1030/1035 970/1031/1036 
f 970/1031/1036 962/1023/1028 959/1020/1025 
f 971/1032/1037 963/1024/1029 942/1003/1008 
f 942/1003/1008 956/1017/1022 971/1032/1037 
f 956/1017/1022 957/1018/1023 971/1032/1037 
f 972/1033/1038 973/1034/1039 971/1032/1037 
f 971/1032/1037 957/1018/1023 972/1033/1038 
f 974/1035/1040 975/1036/1041 976/1037/1042 
f 955/1016/1021 939/1000/1005 976/1037/1042 
f 977/1038/1043 978/1039/1044 973/1034/1039 
f 973/1034/1039 972/1033/1038 977/1038/1043 
f 978/1039/1044 977/1038/1043 979/1040/1045 
f 979/1040/1045 980/1041/1046 978/1039/1044 
f 981/1042/1047 980/1041/1046 979/1040/1045 
f 979/1040/1045 982/1043/1048 981/1042/1047 
f 983/1044/1049 984/1045/1050 981/1042/1047 
f 981/1042/1047 982/1043/1048 983/1044/1049 
f 985/1046/1051 984/1045/1050 983/1044/1049 
f 983/1044/1049 986/1047/1052 985/1046/1051 
f 987/1048/1053 988/1049/1054 985/1046/1051 
f 985/1046/1051 986/1047/1052 987/1048/1053 
f 989/1050/1055 988/1049/1054 987/1048/1053 
f 987/1048/1053 990/1051/1056 989/1050/1055 
f 957/1018/1023 975/1036/1041 972/1033/1038 
f 991/1052/1057 977/1038/1043 972/1033/1038 
f 972/1033/1038 992/1053/1058 991/1052/1057 
f 979/1040/1045 977/1038/1043 991/1052/1057 
f 991/1052/1057 993/1054/1059 979/1040/1045 
f 982/1043/1048 979/1040/1045 993/1054/1059 
f 993/1054/1059 994/1055/1060 982/1043/1048 
f 983/1044/1049 982/1043/1048 994/1055/1060 
f 994/1055/1060 995/1056/1061 983/1044/1049 
f 996/1057/1062 986/1047/1052 983/1044/1049 
f 983/1044/1049 995/1056/1061 996/1057/1062 
f 997/1058/1063 987/1048/1053 986/1047/1052 
f 986/1047/1052 996/1057/1062 997/1058/1063 
f 990/1051/1056 987/1048/1053 997/1058/1063 
f 997/1058/1063 998/1059/1064 990/1051/1056 
f 999/1060/1065 989/1050/1055 990/1051/1056 
f 990/1051/1056 1000/1061/1066 999/1060/1065 
f 999/1060/1065 1000/1061/1066 1001/1062/1067 
f 1001/1062/1067 1002/1063/1068 999/1060/1065 
f 1003/1064/1069 1002/1063/1068 1001/1062/1067 
f 1001/1062/1067 1004/1065/1070 1003/1064/1069 
f 1001/1062/1067 1000/1061/1066 1005/1066/1071 
f 1005/1066/1071 1006/1067/1072 1001/1062/1067 
f 1004/1065/1070 1001/1062/1067 1006/1067/1072 
f 1006/1067/1072 1007/1068/1073 1004/1065/1070 
f 1008/1069/1074 1009/1070/1075 1003/1064/1069 
f 1003/1064/1069 1004/1065/1070 1008/1069/1074 
f 1008/1069/1074 1004/1065/1070 1007/1068/1073 
f 1007/1068/1073 1010/1071/1076 1008/1069/1074 
f 1011/1072/1077 1012/1073/1078 962/1023/1028 
f 962/1023/1028 970/1031/1036 1011/1072/1077 
f 1013/1074/1079 1014/1075/1080 1012/1073/1078 
f 1012/1073/1078 1011/1072/1077 1013/1074/1079 
f 1014/1075/1080 1013/1074/1079 1015/1076/1081 
f 1015/1076/1081 1016/1077/1082 1014/1075/1080 
f 1017/1078/1083 1016/1077/1082 1015/1076/1081 
f 1015/1076/1081 1018/1079/1084 1017/1078/1083 
f 1019/1080/1085 1017/1078/1083 1018/1079/1084 
f 1018/1079/1084 1020/1081/1086 1019/1080/1085 
f 1021/1082/1087 1022/1083/1088 1009/1070/1075 
f 1009/1070/1075 1008/1069/1074 1021/1082/1087 
f 1019/1080/1085 1020/1081/1086 1023/1084/1089 
f 1023/1084/1089 1024/1085/1090 1019/1080/1085 
f 1023/1084/1089 1022/1083/1088 1021/1082/1087 
f 1021/1082/1087 1024/1085/1090 1023/1084/1089 
f 1025/1086/1091 961/1022/1027 962/1023/1028 
f 962/1023/1028 1012/1073/1078 1025/1086/1091 
f 1014/1075/1080 1026/1087/1092 1025/1086/1091 
f 1025/1086/1091 1012/1073/1078 1014/1075/1080 
f 1016/1077/1082 1027/1088/1093 1026/1087/1092 
f 1026/1087/1092 1014/1075/1080 1016/1077/1082 
f 1027/1088/1093 1016/1077/1082 1017/1078/1083 
f 1027/1088/1093 1017/1078/1083 1019/1080/1085 
f 1019/1080/1085 1028/1089/1094 1027/1088/1093 
f 1029/1090/1095 1028/1089/1094 1019/1080/1085 
f 1019/1080/1085 1024/1085/1090 1029/1090/1095 
f 1030/1091/1096 1029/1090/1095 1024/1085/1090 
f 1024/1085/1090 1021/1082/1087 1030/1091/1096 
f 1008/1069/1074 1010/1071/1076 1031/1092/1097 
f 1031/1092/1097 1021/1082/1087 1008/1069/1074 
f 1030/1091/1096 1021/1082/1087 1031/1092/1097 
f 1031/1092/1097 1032/1093/1098 1030/1091/1096 
f 452/493/498 1033/1094/1099 923/984/989 
f 923/984/989 437/478/483 452/493/498 
f 931/992/997 923/984/989 1033/1094/1099 
f 940/1001/1006 931/992/997 1033/1094/1099 
f 1033/1094/1099 1034/1095/1100 940/1001/1006 
f 974/1035/1040 940/1001/1006 1034/1095/1100 
f 1034/1095/1100 992/1053/1058 974/1035/1040 
f 1035/1096/1101 991/1052/1057 992/1053/1058 
f 992/1053/1058 1034/1095/1100 1035/1096/1101 
f 1034/1095/1100 1033/1094/1099 1036/1097/1102 
f 1036/1097/1102 1035/1096/1101 1034/1095/1100 
f 452/493/498 453/494/499 1036/1097/1102 
f 1036/1097/1102 1033/1094/1099 452/493/498 
f 1037/1098/1103 993/1054/1059 991/1052/1057 
f 991/1052/1057 1038/1099/1104 1037/1098/1103 
f 993/1054/1059 1037/1098/1103 1039/1100/1105 
f 1039/1100/1105 994/1055/1060 993/1054/1059 
f 994/1055/1060 1039/1100/1105 1040/1101/1106 
f 1040/1101/1106 995/1056/1061 994/1055/1060 
f 995/1056/1061 1040/1101/1106 1041/1102/1107 
f 1041/1102/1107 996/1057/1062 995/1056/1061 
f 996/1057/1062 1041/1102/1107 1042/1103/1108 
f 1042/1103/1108 997/1058/1063 996/1057/1062 
f 997/1058/1063 1042/1103/1108 1043/1104/1109 
f 1043/1104/1109 998/1059/1064 997/1058/1063 
f 998/1059/1064 1043/1104/1109 1044/1105/1110 
f 1044/1105/1110 1005/1066/1071 998/1059/1064 
f 1005/1066/1071 1044/1105/1110 1045/1106/1111 
f 1045/1106/1111 1006/1067/1072 1005/1066/1071 
f 1045/1106/1111 1010/1071/1076 1007/1068/1073 
f 1007/1068/1073 1006/1067/1072 1045/1106/1111 
f 1010/1071/1076 1045/1106/1111 1046/1107/1112 
f 1046/1107/1112 1031/1092/1097 1010/1071/1076 
f 1046/1107/1112 1045/1106/1111 1044/1105/1110 
f 1044/1105/1110 1047/1108/1113 1046/1107/1112 
f 1048/1109/1114 1041/1102/1107 1040/1101/1106 
f 1040/1101/1106 1049/1110/1115 1048/1109/1114 
f 1035/1096/1101 1036/1097/1102 1050/1111/1116 
f 1050/1111/1116 1038/1099/1104 1035/1096/1101 
f 1051/1112/1117 415/456/461 1052/1113/1118 
f 411/452/457 1049/1110/1115 1052/1113/1118 
f 1052/1113/1118 415/456/461 411/452/457 
f 410/451/456 1048/1109/1114 1049/1110/1115 
f 1049/1110/1115 411/452/457 410/451/456 
f 1048/1109/1114 410/451/456 422/463/468 
f 422/463/468 1053/1114/1119 1048/1109/1114 
f 1054/1115/1120 1055/1116/1121 1053/1114/1119 
f 1053/1114/1119 422/463/468 1054/1115/1120 
f 1046/1107/1112 1032/1093/1098 1031/1092/1097 
f 1051/1112/1117 1050/1111/1116 416/457/462 
f 416/457/462 415/456/461 1051/1112/1117 
f 1036/1097/1102 453/494/499 416/457/462 
f 416/457/462 1050/1111/1116 1036/1097/1102 
f 991/1052/1057 1035/1096/1101 1038/1099/1104 
f 1051/1112/1117 1037/1098/1103 1038/1099/1104 
f 1038/1099/1104 1050/1111/1116 1051/1112/1117 
f 992/1053/1058 972/1033/1038 975/1036/1041 
f 975/1036/1041 974/1035/1040 992/1053/1058 
f 990/1051/1056 998/1059/1064 1005/1066/1071 
f 1005/1066/1071 1000/1061/1066 990/1051/1056 
f 1056/1117/1122 660/701/706 661/702/707 
f 661/702/707 1057/1118/1123 1056/1117/1122 
f 1058/1119/1124 1059/1120/1125 1060/1121/1126 
f 1060/1121/1126 667/708/713 1058/1119/1124 
f 1061/1122/1127 1062/1123/1128 666/707/712 
f 666/707/712 1063/1124/1129 1061/1122/1127 
f 660/701/706 1056/1117/1122 1064/1125/1130 
f 1064/1125/1130 680/721/726 660/701/706 
f 1065/1126/1131 1066/1127/1132 1067/1128/1133 
f 1067/1128/1133 1068/1129/1134 1065/1126/1131 
f 1069/1130/1135 1070/1131/1136 1059/1120/1125 
f 1059/1120/1125 1058/1119/1124 1069/1130/1135 
f 1066/1127/1132 1071/1132/1137 1057/1118/1123 
f 1057/1118/1123 1067/1128/1133 1066/1127/1132 
f 1072/1133/1138 1073/1134/1139 1064/1125/1130 
f 1064/1125/1130 1056/1117/1122 1072/1133/1138 
f 1074/1135/1140 1075/1136/1141 1062/1123/1128 
f 1062/1123/1128 1061/1122/1127 1074/1135/1140 
f 1057/1118/1123 1071/1132/1137 1072/1133/1138 
f 1072/1133/1138 1056/1117/1122 1057/1118/1123 
f 1076/1137/1142 1065/1126/1131 1068/1129/1134 
f 1068/1129/1134 1077/1138/1143 1076/1137/1142 
f 1059/1120/1125 1070/1131/1136 1076/1137/1142 
f 1076/1137/1142 1077/1138/1143 1059/1120/1125 
f 1078/1139/1144 1079/1140/1145 1065/1126/1131 
f 1065/1126/1131 1076/1137/1142 1078/1139/1144 
f 1065/1126/1131 1079/1140/1145 1080/1141/1146 
f 1080/1141/1146 1066/1127/1132 1065/1126/1131 
f 1081/1142/1147 1071/1132/1137 1066/1127/1132 
f 1066/1127/1132 1080/1141/1146 1081/1142/1147 
f 1081/1142/1147 1082/1143/1148 1072/1133/1138 
f 1072/1133/1138 1071/1132/1137 1081/1142/1147 
f 1082/1143/1148 1083/1144/1149 1073/1134/1139 
f 1073/1134/1139 1072/1133/1138 1082/1143/1148 
f 1084/1145/1150 1085/1146/1151 1086/1147/1152 
f 1086/1147/1152 1087/1148/1153 1084/1145/1150 
f 1085/1146/1151 1088/1149/1154 1089/1150/1155 
f 1089/1150/1155 1086/1147/1152 1085/1146/1151 
f 1090/1151/1156 1089/1150/1155 1088/1149/1154 
f 1088/1149/1154 1091/1152/1157 1090/1151/1156 
f 1076/1137/1142 1070/1131/1136 1092/1153/1158 
f 1092/1153/1158 1078/1139/1144 1076/1137/1142 
f 1093/1154/1159 1092/1153/1158 1070/1131/1136 
f 1070/1131/1136 1069/1130/1135 1093/1154/1159 
f 1094/1155/1160 1090/1151/1156 1091/1152/1157 
f 1091/1152/1157 1095/1156/1161 1094/1155/1160 
f 1095/1156/1161 1096/1157/1162 1097/1158/1163 
f 1097/1158/1163 1094/1155/1160 1095/1156/1161 
f 1082/1143/1148 1081/1142/1147 1084/1145/1150 
f 1084/1145/1150 1098/1159/1164 1082/1143/1148 
f 1099/1160/1165 1100/1161/1166 1098/1159/1164 
f 667/708/713 666/707/712 1062/1123/1128 
f 1062/1123/1128 1058/1119/1124 667/708/713 
f 1058/1119/1124 1062/1123/1128 1075/1136/1141 
f 1075/1136/1141 1069/1130/1135 1058/1119/1124 
f 1075/1136/1141 1101/1162/1167 1093/1154/1159 
f 1093/1154/1159 1069/1130/1135 1075/1136/1141 
f 1102/1163/1168 1097/1158/1163 1096/1157/1162 
f 1096/1157/1162 1103/1164/1169 1102/1163/1168 
f 1075/1136/1141 1074/1135/1140 1104/1165/1170 
f 1104/1165/1170 1101/1162/1167 1075/1136/1141 
f 1105/1166/1171 1102/1163/1168 1103/1164/1169 
f 1103/1164/1169 1104/1165/1170 1105/1166/1171 
f 1079/1140/1145 1078/1139/1144 1091/1152/1157 
f 1091/1152/1157 1088/1149/1154 1079/1140/1145 
f 1080/1141/1146 1079/1140/1145 1088/1149/1154 
f 1088/1149/1154 1085/1146/1151 1080/1141/1146 
f 1078/1139/1144 1092/1153/1158 1095/1156/1161 
f 1095/1156/1161 1091/1152/1157 1078/1139/1144 
f 1092/1153/1158 1093/1154/1159 1096/1157/1162 
f 1096/1157/1162 1095/1156/1161 1092/1153/1158 
f 1093/1154/1159 1101/1162/1167 1103/1164/1169 
f 1103/1164/1169 1096/1157/1162 1093/1154/1159 
f 1101/1162/1167 1104/1165/1170 1103/1164/1169 
f 1106/1167/1172 1087/1148/1153 1086/1147/1152 
f 1086/1147/1152 1107/1168/1173 1106/1167/1172 
f 1107/1168/1173 1086/1147/1152 1089/1150/1155 
f 1089/1150/1155 1108/1169/1174 1107/1168/1173 
f 1109/1170/1175 1108/1169/1174 1089/1150/1155 
f 1089/1150/1155 1090/1151/1156 1109/1170/1175 
f 1110/1171/1176 1109/1170/1175 1090/1151/1156 
f 1090/1151/1156 1094/1155/1160 1110/1171/1176 
f 1111/1172/1177 1110/1171/1176 1094/1155/1160 
f 1094/1155/1160 1097/1158/1163 1111/1172/1177 
f 1112/1173/1178 1111/1172/1177 1097/1158/1163 
f 1097/1158/1163 1102/1163/1168 1112/1173/1178 
f 1102/1163/1168 1105/1166/1171 1113/1174/1179 
f 1113/1174/1179 1112/1173/1178 1102/1163/1168 
f 1114/1175/1180 1099/1160/1165 1087/1148/1153 
f 1087/1148/1153 1106/1167/1172 1114/1175/1180 
f 1099/1160/1165 1114/1175/1180 1100/1161/1166 
f 1115/1176/1181 1100/1161/1166 1114/1175/1180 
f 1114/1175/1180 1116/1177/1182 1115/1176/1181 
f 1117/1178/1183 1118/1179/1184 1119/1180/1185 
f 1098/1159/1164 1118/1179/1184 1082/1143/1148 
f 1120/1181/1186 1115/1176/1181 1116/1177/1182 
f 1116/1177/1182 1121/1182/1187 1120/1181/1186 
f 1121/1182/1187 1122/1183/1188 1123/1184/1189 
f 1123/1184/1189 1120/1181/1186 1121/1182/1187 
f 1124/1185/1190 1125/1186/1191 1123/1184/1189 
f 1123/1184/1189 1122/1183/1188 1124/1185/1190 
f 1126/1187/1192 1125/1186/1191 1124/1185/1190 
f 1124/1185/1190 1127/1188/1193 1126/1187/1192 
f 1128/1189/1194 1129/1190/1195 1126/1187/1192 
f 1126/1187/1192 1127/1188/1193 1128/1189/1194 
f 1130/1191/1196 1129/1190/1195 1128/1189/1194 
f 1128/1189/1194 1131/1192/1197 1130/1191/1196 
f 1132/1193/1198 1133/1194/1199 1130/1191/1196 
f 1130/1191/1196 1131/1192/1197 1132/1193/1198 
f 1100/1161/1166 1115/1176/1181 1119/1180/1185 
f 1134/1195/1200 1135/1196/1201 1115/1176/1181 
f 1115/1176/1181 1120/1181/1186 1134/1195/1200 
f 1123/1184/1189 1136/1197/1202 1134/1195/1200 
f 1134/1195/1200 1120/1181/1186 1123/1184/1189 
f 1125/1186/1191 1137/1198/1203 1136/1197/1202 
f 1136/1197/1202 1123/1184/1189 1125/1186/1191 
f 1126/1187/1192 1138/1199/1204 1137/1198/1203 
f 1137/1198/1203 1125/1186/1191 1126/1187/1192 
f 1139/1200/1205 1138/1199/1204 1126/1187/1192 
f 1126/1187/1192 1129/1190/1195 1139/1200/1205 
f 1140/1201/1206 1139/1200/1205 1129/1190/1195 
f 1129/1190/1195 1130/1191/1196 1140/1201/1206 
f 1133/1194/1199 1141/1202/1207 1140/1201/1206 
f 1140/1201/1206 1130/1191/1196 1133/1194/1199 
f 1142/1203/1208 1143/1204/1209 1133/1194/1199 
f 1133/1194/1199 1132/1193/1198 1142/1203/1208 
f 1142/1203/1208 1144/1205/1210 1145/1206/1211 
f 1145/1206/1211 1143/1204/1209 1142/1203/1208 
f 1146/1207/1212 1147/1208/1213 1145/1206/1211 
f 1145/1206/1211 1144/1205/1210 1146/1207/1212 
f 1145/1206/1211 1148/1209/1214 1149/1210/1215 
f 1149/1210/1215 1143/1204/1209 1145/1206/1211 
f 1147/1208/1213 1150/1211/1216 1148/1209/1214 
f 1148/1209/1214 1145/1206/1211 1147/1208/1213 
f 1151/1212/1217 1147/1208/1213 1146/1207/1212 
f 1146/1207/1212 1152/1213/1218 1151/1212/1217 
f 1151/1212/1217 1153/1214/1219 1150/1211/1216 
f 1150/1211/1216 1147/1208/1213 1151/1212/1217 
f 1154/1215/1220 1113/1174/1179 1105/1166/1171 
f 1105/1166/1171 1155/1216/1221 1154/1215/1220 
f 1156/1217/1222 1154/1215/1220 1155/1216/1221 
f 1155/1216/1221 1157/1218/1223 1156/1217/1222 
f 1157/1218/1223 1158/1219/1224 1159/1220/1225 
f 1159/1220/1225 1156/1217/1222 1157/1218/1223 
f 1160/1221/1226 1161/1222/1227 1159/1220/1225 
f 1159/1220/1225 1158/1219/1224 1160/1221/1226 
f 1162/1223/1228 1163/1224/1229 1161/1222/1227 
f 1161/1222/1227 1160/1221/1226 1162/1223/1228 
f 1164/1225/1230 1151/1212/1217 1152/1213/1218 
f 1152/1213/1218 1165/1226/1231 1164/1225/1230 
f 1162/1223/1228 1166/1227/1232 1167/1228/1233 
f 1167/1228/1233 1163/1224/1229 1162/1223/1228 
f 1167/1228/1233 1166/1227/1232 1164/1225/1230 
f 1164/1225/1230 1165/1226/1231 1167/1228/1233 
f 1168/1229/1234 1155/1216/1221 1105/1166/1171 
f 1105/1166/1171 1104/1165/1170 1168/1229/1234 
f 1168/1229/1234 1169/1230/1235 1157/1218/1223 
f 1157/1218/1223 1155/1216/1221 1168/1229/1234 
f 1169/1230/1235 1170/1231/1236 1158/1219/1224 
f 1158/1219/1224 1157/1218/1223 1169/1230/1235 
f 1170/1231/1236 1171/1232/1237 1160/1221/1226 
f 1160/1221/1226 1158/1219/1224 1170/1231/1236 
f 1171/1232/1237 1172/1233/1238 1162/1223/1228 
f 1162/1223/1228 1160/1221/1226 1171/1232/1237 
f 1173/1234/1239 1166/1227/1232 1162/1223/1228 
f 1162/1223/1228 1172/1233/1238 1173/1234/1239 
f 1174/1235/1240 1164/1225/1230 1166/1227/1232 
f 1166/1227/1232 1173/1234/1239 1174/1235/1240 
f 1151/1212/1217 1164/1225/1230 1175/1236/1241 
f 1175/1236/1241 1153/1214/1219 1151/1212/1217 
f 1174/1235/1240 1176/1237/1242 1175/1236/1241 
f 1175/1236/1241 1164/1225/1230 1174/1235/1240 
f 1064/1125/1130 1177/1238/1243 692/733/738 
f 692/733/738 680/721/726 1064/1125/1130 
f 1064/1125/1130 1073/1134/1139 1177/1238/1243 
f 1177/1238/1243 1073/1134/1139 1083/1144/1149 
f 1083/1144/1149 1178/1239/1244 1177/1238/1243 
f 1117/1178/1183 1135/1196/1201 1178/1239/1244 
f 1178/1239/1244 1083/1144/1149 1117/1178/1183 
f 1179/1240/1245 1178/1239/1244 1135/1196/1201 
f 1135/1196/1201 1134/1195/1200 1179/1240/1245 
f 1178/1239/1244 1179/1240/1245 1180/1241/1246 
f 1180/1241/1246 1177/1238/1243 1178/1239/1244 
f 692/733/738 1177/1238/1243 1180/1241/1246 
f 1180/1241/1246 693/734/739 692/733/738 
f 1181/1242/1247 1182/1243/1248 1134/1195/1200 
f 1134/1195/1200 1136/1197/1202 1181/1242/1247 
f 1136/1197/1202 1137/1198/1203 1183/1244/1249 
f 1183/1244/1249 1181/1242/1247 1136/1197/1202 
f 1137/1198/1203 1138/1199/1204 1184/1245/1250 
f 1184/1245/1250 1183/1244/1249 1137/1198/1203 
f 1138/1199/1204 1139/1200/1205 1185/1246/1251 
f 1185/1246/1251 1184/1245/1250 1138/1199/1204 
f 1139/1200/1205 1140/1201/1206 1186/1247/1252 
f 1186/1247/1252 1185/1246/1251 1139/1200/1205 
f 1140/1201/1206 1141/1202/1207 1187/1248/1253 
f 1187/1248/1253 1186/1247/1252 1140/1201/1206 
f 1141/1202/1207 1149/1210/1215 1188/1249/1254 
f 1188/1249/1254 1187/1248/1253 1141/1202/1207 
f 1149/1210/1215 1148/1209/1214 1189/1250/1255 
f 1189/1250/1255 1188/1249/1254 1149/1210/1215 
f 1189/1250/1255 1148/1209/1214 1150/1211/1216 
f 1150/1211/1216 1153/1214/1219 1189/1250/1255 
f 1153/1214/1219 1175/1236/1241 1190/1251/1256 
f 1190/1251/1256 1189/1250/1255 1153/1214/1219 
f 1190/1251/1256 1191/1252/1257 1188/1249/1254 
f 1188/1249/1254 1189/1250/1255 1190/1251/1256 
f 1192/1253/1258 1187/1248/1253 1188/1249/1254 
f 1188/1249/1254 1191/1252/1257 1192/1253/1258 
f 1193/1254/1259 1194/1255/1260 1184/1245/1250 
f 1184/1245/1250 1185/1246/1251 1193/1254/1259 
f 1179/1240/1245 1182/1243/1248 1195/1256/1261 
f 1195/1256/1261 1180/1241/1246 1179/1240/1245 
f 1196/1257/1262 1197/1258/1263 659/700/705 
f 1197/1258/1263 1194/1255/1260 656/697/702 
f 656/697/702 659/700/705 1197/1258/1263 
f 1194/1255/1260 1193/1254/1259 653/694/699 
f 653/694/699 656/697/702 1194/1255/1260 
f 1190/1251/1256 1175/1236/1241 1176/1237/1242 
f 1196/1257/1262 659/700/705 658/699/704 
f 658/699/704 1195/1256/1261 1196/1257/1262 
f 1180/1241/1246 1195/1256/1261 658/699/704 
f 658/699/704 693/734/739 1180/1241/1246 
f 1134/1195/1200 1182/1243/1248 1179/1240/1245 
f 1196/1257/1262 1195/1256/1261 1182/1243/1248 
f 1182/1243/1248 1181/1242/1247 1196/1257/1262 
f 1119/1180/1185 1115/1176/1181 1135/1196/1201 
f 1135/1196/1201 1117/1178/1183 1119/1180/1185 
f 1133/1194/1199 1143/1204/1209 1149/1210/1215 
f 1149/1210/1215 1141/1202/1207 1133/1194/1199 
f 535/576/581 667/708/713 1060/1121/1126 
f 1198/1259/1264 529/570/575 530/571/576 
f 530/571/576 535/576/581 1198/1259/1264 
f 538/579/584 528/569/574 527/568/573 
f 527/568/573 1199/1260/1265 538/579/584 
f 661/702/707 538/579/584 1199/1260/1265 
f 1200/1261/1266 1201/1262/1267 1199/1260/1265 
f 661/702/707 1199/1260/1265 1201/1262/1267 
f 1067/1128/1133 1057/1118/1123 661/702/707 
f 661/702/707 1201/1262/1267 1067/1128/1133 
f 1200/1261/1266 1068/1129/1134 1067/1128/1133 
f 1067/1128/1133 1201/1262/1267 1200/1261/1266 
f 1200/1261/1266 1199/1260/1265 1198/1259/1264 
f 1198/1259/1264 1202/1263/1268 1200/1261/1266 
f 1202/1263/1268 1060/1121/1126 1059/1120/1125 
f 1059/1120/1125 1077/1138/1143 1202/1263/1268 
f 1077/1138/1143 1068/1129/1134 1200/1261/1266 
f 1200/1261/1266 1202/1263/1268 1077/1138/1143 
f 1199/1260/1265 527/568/573 529/570/575 
f 529/570/575 1198/1259/1264 1199/1260/1265 
f 1198/1259/1264 535/576/581 1060/1121/1126 
f 1198/1259/1264 1060/1121/1126 1202/1263/1268 
f 816/857/862 814/855/860 1203/1264/1269 
f 1203/1264/1269 1204/1265/1270 816/857/862 
f 820/861/866 818/859/864 1205/1266/1271 
f 1205/1266/1271 1206/1267/1272 820/861/866 
f 818/859/864 816/857/862 1204/1265/1270 
f 1204/1265/1270 1205/1266/1271 818/859/864 
f 1206/1267/1272 302/343/348 301/342/347 
f 301/342/347 1207/1268/1273 1206/1267/1272 
f 822/863/868 820/861/866 1206/1267/1272 
f 1206/1267/1272 1207/1268/1273 822/863/868 
f 1207/1268/1273 301/342/347 479/520/525 
f 479/520/525 1208/1269/1274 1207/1268/1273 
f 1208/1269/1274 1209/1270/1275 749/790/795 
f 749/790/795 751/792/797 1208/1269/1274 
f 1208/1269/1274 751/792/797 822/863/868 
f 822/863/868 1207/1268/1273 1208/1269/1274 
f 1208/1269/1274 479/520/525 557/598/603 
f 557/598/603 1209/1270/1275 1208/1269/1274 
f 1209/1270/1275 1210/1271/1276 747/788/793 
f 747/788/793 749/790/795 1209/1270/1275 
f 745/786/791 747/788/793 1210/1271/1276 
f 1210/1271/1276 1211/1272/1277 745/786/791 
f 1211/1272/1277 1212/1273/1278 743/784/789 
f 743/784/789 745/786/791 1211/1272/1277 
f 1213/1274/1279 1214/1275/1280 1215/1276/1281 
f 1216/1277/1282 347/388/393 346/387/392 
f 346/387/392 1215/1276/1281 1216/1277/1282 
f 1215/1276/1281 346/387/392 1213/1274/1279 
f 302/343/348 1206/1267/1272 1205/1266/1271 
f 1205/1266/1271 1213/1274/1279 302/343/348 
f 1213/1274/1279 1205/1266/1271 1204/1265/1270 
f 1204/1265/1270 1214/1275/1280 1213/1274/1279 
f 346/387/392 299/340/345 302/343/348 
f 302/343/348 1213/1274/1279 346/387/392 
f 1217/1278/1283 1218/1279/1284 1219/1280/1285 
f 596/637/642 595/636/641 1220/1281/1286 
f 1220/1281/1286 1217/1278/1283 596/637/642 
f 1219/1280/1285 596/637/642 1217/1278/1283 
f 1210/1271/1276 1209/1270/1275 557/598/603 
f 557/598/603 1219/1280/1285 1210/1271/1276 
f 1219/1280/1285 557/598/603 556/597/602 
f 556/597/602 596/637/642 1219/1280/1285 
f 1218/1279/1284 1211/1272/1277 1210/1271/1276 
f 1210/1271/1276 1219/1280/1285 1218/1279/1284 
f 581/622/627 582/623/628 1221/1282/1287 
f 1221/1282/1287 1222/1283/1288 581/622/627 
f 579/620/625 581/622/627 1222/1283/1288 
f 1222/1283/1288 1223/1284/1289 579/620/625 
f 1224/1285/1290 1223/1284/1289 1222/1283/1288 
f 1222/1283/1288 1225/1286/1291 1224/1285/1290 
f 1223/1284/1289 1226/1287/1292 603/644/649 
f 603/644/649 604/645/650 1223/1284/1289 
f 1224/1285/1290 1226/1287/1292 1223/1284/1289 
f 1223/1284/1289 604/645/650 580/621/626 
f 580/621/626 579/620/625 1223/1284/1289 
f 1227/1288/1293 327/368/373 352/393/398 
f 352/393/398 355/396/401 1227/1288/1293 
f 1228/1289/1294 331/372/377 330/371/376 
f 330/371/376 1229/1290/1295 1228/1289/1294 
f 330/371/376 328/369/374 329/370/375 
f 329/370/375 1229/1290/1295 330/371/376 
f 1230/1291/1296 1228/1289/1294 1229/1290/1295 
f 332/373/378 331/372/377 1228/1289/1294 
f 1228/1289/1294 801/842/847 332/373/378 
f 812/853/858 811/852/857 802/843/848 
f 802/843/848 1231/1292/1297 812/853/858 
f 1214/1275/1280 1204/1265/1270 1203/1264/1269 
f 1203/1264/1269 1232/1293/1298 1214/1275/1280 
f 1215/1276/1281 1214/1275/1280 1232/1293/1298 
f 1232/1293/1298 1233/1294/1299 1215/1276/1281 
f 1234/1295/1300 1235/1296/1301 1236/1297/1302 
f 1234/1295/1300 1233/1294/1299 1232/1293/1298 
f 1232/1293/1298 1237/1298/1303 1234/1295/1300 
f 801/842/847 1228/1289/1294 1238/1299/1304 
f 1238/1299/1304 1228/1289/1294 1230/1291/1296 
f 1230/1291/1296 1235/1296/1301 1238/1299/1304 
f 1238/1299/1304 1237/1298/1303 1231/1292/1297 
f 1231/1292/1297 801/842/847 1238/1299/1304 
f 1235/1296/1301 1234/1295/1300 1237/1298/1303 
f 1237/1298/1303 1238/1299/1304 1235/1296/1301 
f 802/843/848 801/842/847 1231/1292/1297 
f 1237/1298/1303 1232/1293/1298 1203/1264/1269 
f 1203/1264/1269 1231/1292/1297 1237/1298/1303 
f 1231/1292/1297 1203/1264/1269 814/855/860 
f 814/855/860 812/853/858 1231/1292/1297 
f 1239/1300/1305 1236/1297/1302 1235/1296/1301 
f 1235/1296/1301 1230/1291/1296 1239/1300/1305 
f 1230/1291/1296 1229/1290/1295 329/370/375 
f 329/370/375 1239/1300/1305 1230/1291/1296 
f 1239/1300/1305 329/370/375 326/367/372 
f 326/367/372 1240/1301/1306 1239/1300/1305 
f 1240/1301/1306 326/367/372 327/368/373 
f 327/368/373 1227/1288/1293 1240/1301/1306 
f 1240/1301/1306 1227/1288/1293 1241/1302/1307 
f 1241/1302/1307 1242/1303/1308 1240/1301/1306 
f 1243/1304/1309 1233/1294/1299 1234/1295/1300 
f 1234/1295/1300 1236/1297/1302 1243/1304/1309 
f 1216/1277/1282 1215/1276/1281 1233/1294/1299 
f 1233/1294/1299 1243/1304/1309 1216/1277/1282 
f 1242/1303/1308 1236/1297/1302 1239/1300/1305 
f 1239/1300/1305 1240/1301/1306 1242/1303/1308 
f 1244/1305/1310 1243/1304/1309 1236/1297/1302 
f 1236/1297/1302 1242/1303/1308 1244/1305/1310 
f 1245/1306/1311 1246/1307/1312 1226/1287/1292 
f 1226/1287/1292 1224/1285/1290 1245/1306/1311 
f 1247/1308/1313 733/774/779 768/809/814 
f 768/809/814 740/781/786 1247/1308/1313 
f 1248/1309/1314 584/625/630 733/774/779 
f 733/774/779 1247/1308/1313 1248/1309/1314 
f 1249/1310/1315 1248/1309/1314 1247/1308/1313 
f 583/624/629 584/625/630 1248/1309/1314 
f 1248/1309/1314 1250/1311/1316 583/624/629 
f 1221/1282/1287 582/623/628 583/624/629 
f 583/624/629 1250/1311/1316 1221/1282/1287 
f 1250/1311/1316 1248/1309/1314 1249/1310/1315 
f 1249/1310/1315 1251/1312/1317 1250/1311/1316 
f 1252/1313/1318 1218/1279/1284 1217/1278/1283 
f 1217/1278/1283 1253/1314/1319 1252/1313/1318 
f 1217/1278/1283 1220/1281/1286 1254/1315/1320 
f 1254/1315/1320 1253/1314/1319 1217/1278/1283 
f 1245/1306/1311 1224/1285/1290 1225/1286/1291 
f 1225/1286/1291 1255/1316/1321 1245/1306/1311 
f 1256/1317/1322 1221/1282/1287 1250/1311/1316 
f 1250/1311/1316 1251/1312/1317 1256/1317/1322 
f 1257/1318/1323 1252/1313/1318 1253/1314/1319 
f 1253/1314/1319 1258/1319/1324 1257/1318/1323 
f 1256/1317/1322 1225/1286/1291 1222/1283/1288 
f 1222/1283/1288 1221/1282/1287 1256/1317/1322 
f 1255/1316/1321 1225/1286/1291 1256/1317/1322 
f 1256/1317/1322 1251/1312/1317 1257/1318/1323 
f 1257/1318/1323 1258/1319/1324 1256/1317/1322 
f 1256/1317/1322 1258/1319/1324 1255/1316/1321 
f 1258/1319/1324 1253/1314/1319 1254/1315/1320 
f 1254/1315/1320 1255/1316/1321 1258/1319/1324 
f 1255/1316/1321 1254/1315/1320 1259/1320/1325 
f 1259/1320/1325 1245/1306/1311 1255/1316/1321 
f 1260/1321/1326 1247/1308/1313 740/781/786 
f 740/781/786 739/780/785 1260/1321/1326 
f 1260/1321/1326 1257/1318/1323 1251/1312/1317 
f 1251/1312/1317 1249/1310/1315 1260/1321/1326 
f 1212/1273/1278 1252/1313/1318 1257/1318/1323 
f 1257/1318/1323 1260/1321/1326 1212/1273/1278 
f 1249/1310/1315 1247/1308/1313 1260/1321/1326 
f 739/780/785 743/784/789 1212/1273/1278 
f 1212/1273/1278 1260/1321/1326 739/780/785 
f 1211/1272/1277 1218/1279/1284 1252/1313/1318 
f 1252/1313/1318 1212/1273/1278 1211/1272/1277 
f 1261/1322/1327 1216/1277/1282 1243/1304/1309 
f 1243/1304/1309 1244/1305/1310 1261/1322/1327 
f 1262/1323/1328 347/388/393 1216/1277/1282 
f 1216/1277/1282 1261/1322/1327 1262/1323/1328 
f 1263/1324/1329 1262/1323/1328 1261/1322/1327 
f 1261/1322/1327 1264/1325/1330 1263/1324/1329 
f 1265/1326/1331 348/389/394 347/388/393 
f 347/388/393 1262/1323/1328 1265/1326/1331 
f 1266/1327/1332 1263/1324/1329 1267/1328/1333 
f 1267/1328/1333 1268/1329/1334 1266/1327/1332 
f 1266/1327/1332 1265/1326/1331 1262/1323/1328 
f 1262/1323/1328 1263/1324/1329 1266/1327/1332 
f 467/508/513 348/389/394 1265/1326/1331 
f 1265/1326/1331 1269/1330/1335 467/508/513 
f 1270/1331/1336 1271/1332/1337 1266/1327/1332 
f 1266/1327/1332 1268/1329/1334 1270/1331/1336 
f 1269/1330/1335 1265/1326/1331 1266/1327/1332 
f 1266/1327/1332 1271/1332/1337 1269/1330/1335 
f 477/518/523 467/508/513 1269/1330/1335 
f 1269/1330/1335 1272/1333/1338 477/518/523 
f 1273/1334/1339 1274/1335/1340 1271/1332/1337 
f 1271/1332/1337 1270/1331/1336 1273/1334/1339 
f 1272/1333/1338 1269/1330/1335 1271/1332/1337 
f 1271/1332/1337 1274/1335/1340 1272/1333/1338 
f 594/635/640 477/518/523 1272/1333/1338 
f 1272/1333/1338 1275/1336/1341 594/635/640 
f 1276/1337/1342 1274/1335/1340 1273/1334/1339 
f 1273/1334/1339 1277/1338/1343 1276/1337/1342 
f 1275/1336/1341 1272/1333/1338 1274/1335/1340 
f 1274/1335/1340 1276/1337/1342 1275/1336/1341 
f 595/636/641 594/635/640 1275/1336/1341 
f 1275/1336/1341 1278/1339/1344 595/636/641 
f 1279/1340/1345 1276/1337/1342 1277/1338/1343 
f 1277/1338/1343 1280/1341/1346 1279/1340/1345 
f 1278/1339/1344 1275/1336/1341 1276/1337/1342 
f 1276/1337/1342 1279/1340/1345 1278/1339/1344 
f 1259/1320/1325 1254/1315/1320 1220/1281/1286 
f 1220/1281/1286 1281/1342/1347 1259/1320/1325 
f 1279/1340/1345 1280/1341/1346 1282/1343/1348 
f 1282/1343/1348 1283/1344/1349 1279/1340/1345 
f 1241/1302/1307 1227/1288/1293 1284/1345/1350 
f 1264/1325/1330 1285/1346/1351 1286/1347/1352 
f 1286/1347/1352 1287/1348/1353 1264/1325/1330 
f 1264/1325/1330 1287/1348/1353 1267/1328/1333 
f 1267/1328/1333 1263/1324/1329 1264/1325/1330 
f 1264/1325/1330 1288/1349/1354 1285/1346/1351 
f 1289/1350/1355 1290/1351/1356 1283/1344/1349 
f 1283/1344/1349 1282/1343/1348 1289/1350/1355 
f 1291/1352/1357 1259/1320/1325 1281/1342/1347 
f 1281/1342/1347 1283/1344/1349 1291/1352/1357 
f 1281/1342/1347 1220/1281/1286 595/636/641 
f 595/636/641 1278/1339/1344 1281/1342/1347 
f 1281/1342/1347 1278/1339/1344 1279/1340/1345 
f 1279/1340/1345 1283/1344/1349 1281/1342/1347 
f 1227/1288/1293 355/396/401 354/395/400 
f 354/395/400 1284/1345/1350 1227/1288/1293 
f 1292/1353/1358 1284/1345/1350 1293/1354/1359 
f 1293/1354/1359 1294/1355/1360 1292/1353/1358 
f 1288/1349/1354 1241/1302/1307 1292/1353/1358 
f 1292/1353/1358 1285/1346/1351 1288/1349/1354 
f 1288/1349/1354 1244/1305/1310 1242/1303/1308 
f 1242/1303/1308 1241/1302/1307 1288/1349/1354 
f 1288/1349/1354 1264/1325/1330 1261/1322/1327 
f 1261/1322/1327 1244/1305/1310 1288/1349/1354 
f 1246/1307/1312 1245/1306/1311 1259/1320/1325 
f 1259/1320/1325 1291/1352/1357 1246/1307/1312 
f 1290/1351/1356 1295/1356/1361 1291/1352/1357 
f 1291/1352/1357 1283/1344/1349 1290/1351/1356 
f 1246/1307/1312 1296/1357/1362 603/644/649 
f 603/644/649 1226/1287/1292 1246/1307/1312 
f 1296/1357/1362 605/646/651 602/643/648 
f 602/643/648 603/644/649 1296/1357/1362 
f 1295/1356/1361 1290/1351/1356 1289/1350/1355 
f 1289/1350/1355 1297/1358/1363 1295/1356/1361 
f 724/765/770 1298/1359/1364 720/761/766 
f 715/756/761 720/761/766 1298/1359/1364 
f 1298/1359/1364 1299/1360/1365 715/756/761 
f 716/757/762 715/756/761 1299/1360/1365 
f 1299/1360/1365 1300/1361/1366 716/757/762 
f 669/710/715 714/755/760 1301/1362/1367 
f 1301/1362/1367 1302/1363/1368 669/710/715 
f 1303/1364/1369 670/711/716 669/710/715 
f 669/710/715 1302/1363/1368 1303/1364/1369 
f 1304/1365/1370 1063/1124/1129 666/707/712 
f 535/576/581 534/575/580 1304/1365/1370 
f 535/576/581 1304/1365/1370 666/707/712 
f 724/765/770 726/767/772 1305/1366/1371 
f 1298/1359/1364 1305/1366/1371 1306/1367/1372 
f 497/538/543 1305/1366/1371 726/767/772 
f 726/767/772 500/541/546 497/538/543 
f 1306/1367/1372 1305/1366/1371 497/538/543 
f 497/538/543 498/539/544 1306/1367/1372 
f 427/468/473 277/318/323 276/317/322 
f 426/467/472 1307/1368/1373 427/468/473 
f 1308/1369/1374 486/527/532 427/468/473 
f 427/468/473 1307/1368/1373 1308/1369/1374 
f 1309/1370/1375 490/531/536 487/528/533 
f 487/528/533 1310/1371/1376 1309/1370/1375 
f 498/539/544 492/533/538 490/531/536 
f 490/531/536 1309/1370/1375 498/539/544 
f 493/534/539 492/533/538 497/538/543 
f 497/538/543 496/537/542 493/534/539 
f 498/539/544 1309/1370/1375 1311/1372/1377 
f 1311/1372/1377 1306/1367/1372 498/539/544 
f 1312/1373/1378 1299/1360/1365 1298/1359/1364 
f 1298/1359/1364 1306/1367/1372 1312/1373/1378 
f 1306/1367/1372 1311/1372/1377 1312/1373/1378 
f 1313/1374/1379 1302/1363/1368 1301/1362/1367 
f 1301/1362/1367 1314/1375/1380 1313/1374/1379 
f 1303/1364/1369 1302/1363/1368 1313/1374/1379 
f 1313/1374/1379 1315/1376/1381 1303/1364/1369 
f 426/467/472 921/982/987 1316/1377/1382 
f 1316/1377/1382 1307/1368/1373 426/467/472 
f 921/982/987 932/993/998 1317/1378/1383 
f 1317/1378/1383 1316/1377/1382 921/982/987 
f 1315/1376/1381 1313/1374/1379 1318/1379/1384 
f 1318/1379/1384 1319/1380/1385 1315/1376/1381 
f 1320/1381/1386 1321/1382/1387 1322/1383/1388 
f 1322/1383/1388 1323/1384/1389 1320/1381/1386 
f 1324/1385/1390 1325/1386/1391 1323/1384/1389 
f 1323/1384/1389 1322/1383/1388 1324/1385/1390 
f 1320/1381/1386 1326/1387/1392 1327/1388/1393 
f 1327/1388/1393 1321/1382/1387 1320/1381/1386 
f 1321/1382/1387 1328/1389/1394 1329/1390/1395 
f 1329/1390/1395 1322/1383/1388 1321/1382/1387 
f 1327/1388/1393 1330/1391/1396 1328/1389/1394 
f 1328/1389/1394 1321/1382/1387 1327/1388/1393 
f 1331/1392/1397 1324/1385/1390 1322/1383/1388 
f 1322/1383/1388 1329/1390/1395 1331/1392/1397 
f 1328/1389/1394 444/485/490 687/728/733 
f 687/728/733 1329/1390/1395 1328/1389/1394 
f 445/486/491 444/485/490 1328/1389/1394 
f 1328/1389/1394 1330/1391/1396 445/486/491 
f 1329/1390/1395 687/728/733 686/727/732 
f 686/727/732 1331/1392/1397 1329/1390/1395 
f 1332/1393/1398 441/482/487 445/486/491 
f 445/486/491 1330/1391/1396 1332/1393/1398 
f 1330/1391/1396 1327/1388/1393 1333/1394/1399 
f 1333/1394/1399 1332/1393/1398 1330/1391/1396 
f 1327/1388/1393 1326/1387/1392 1334/1395/1400 
f 1334/1395/1400 1333/1394/1399 1327/1388/1393 
f 686/727/732 683/724/729 1335/1396/1401 
f 1335/1396/1401 1331/1392/1397 686/727/732 
f 1336/1397/1402 1324/1385/1390 1331/1392/1397 
f 1331/1392/1397 1335/1396/1401 1336/1397/1402 
f 1337/1398/1403 1325/1386/1391 1324/1385/1390 
f 1324/1385/1390 1336/1397/1402 1337/1398/1403 
f 1338/1399/1404 1333/1394/1399 1334/1395/1400 
f 1334/1395/1400 1339/1400/1405 1338/1399/1404 
f 1340/1401/1406 1332/1393/1398 1333/1394/1399 
f 1333/1394/1399 1338/1399/1404 1340/1401/1406 
f 1340/1401/1406 434/475/480 441/482/487 
f 441/482/487 1332/1393/1398 1340/1401/1406 
f 1337/1398/1403 1336/1397/1402 1341/1402/1407 
f 1341/1402/1407 1342/1403/1408 1337/1398/1403 
f 1343/1404/1409 1341/1402/1407 1336/1397/1402 
f 1336/1397/1402 1335/1396/1401 1343/1404/1409 
f 683/724/729 679/720/725 1343/1404/1409 
f 1343/1404/1409 1335/1396/1401 683/724/729 
f 427/468/473 486/527/532 489/530/535 
f 489/530/535 277/318/323 427/468/473 
f 489/530/535 488/529/534 494/535/540 
f 486/527/532 1308/1369/1374 1310/1371/1376 
f 1310/1371/1376 487/528/533 486/527/532 
f 1344/1405/1410 1308/1369/1374 1307/1368/1373 
f 1307/1368/1373 1316/1377/1382 1344/1405/1410 
f 1345/1406/1411 1344/1405/1410 1316/1377/1382 
f 1316/1377/1382 1317/1378/1383 1345/1406/1411 
f 716/757/762 714/755/760 713/754/759 
f 713/754/759 717/758/763 716/757/762 
f 722/763/768 717/758/763 713/754/759 
f 1300/1361/1366 1301/1362/1367 714/755/760 
f 714/755/760 716/757/762 1300/1361/1366 
f 1313/1374/1379 1314/1375/1380 1346/1407/1412 
f 1346/1407/1412 1318/1379/1384 1313/1374/1379 
f 533/574/579 532/573/578 721/762/767 
f 721/762/767 668/709/714 533/574/579 
f 532/573/578 520/561/566 522/563/568 
f 522/563/568 721/762/767 532/573/578 
f 533/574/579 670/711/716 1304/1365/1370 
f 1304/1365/1370 534/575/580 533/574/579 
f 1304/1365/1370 670/711/716 1303/1364/1369 
f 1303/1364/1369 1063/1124/1129 1304/1365/1370 
f 1063/1124/1129 1303/1364/1369 1315/1376/1381 
f 1315/1376/1381 1061/1122/1127 1063/1124/1129 
f 1061/1122/1127 1315/1376/1381 1319/1380/1385 
f 1319/1380/1385 1074/1135/1140 1061/1122/1127 
f 1345/1406/1411 1347/1408/1413 1348/1409/1414 
f 1348/1409/1414 1344/1405/1410 1345/1406/1411 
f 1314/1375/1380 1349/1410/1415 1350/1411/1416 
f 1350/1411/1416 1346/1407/1412 1314/1375/1380 
f 1351/1412/1417 1308/1369/1374 1344/1405/1410 
f 1344/1405/1410 1348/1409/1414 1351/1412/1417 
f 1314/1375/1380 1301/1362/1367 1352/1413/1418 
f 1352/1413/1418 1349/1410/1415 1314/1375/1380 
f 1351/1412/1417 1353/1414/1419 1310/1371/1376 
f 1310/1371/1376 1308/1369/1374 1351/1412/1417 
f 1309/1370/1375 1310/1371/1376 1353/1414/1419 
f 1353/1414/1419 1354/1415/1420 1309/1370/1375 
f 1352/1413/1418 1301/1362/1367 1300/1361/1366 
f 1300/1361/1366 1355/1416/1421 1352/1413/1418 
f 1299/1360/1365 1312/1373/1378 1355/1416/1421 
f 1355/1416/1421 1300/1361/1366 1299/1360/1365 
f 1354/1415/1420 1311/1372/1377 1309/1370/1375 
f 1354/1415/1420 1356/1417/1422 1311/1372/1377 
f 1357/1418/1423 1312/1373/1378 1311/1372/1377 
f 1311/1372/1377 1356/1417/1422 1357/1418/1423 
f 1357/1418/1423 1355/1416/1421 1312/1373/1378 
f 1339/1400/1405 1334/1395/1400 1348/1409/1414 
f 1348/1409/1414 1347/1408/1413 1339/1400/1405 
f 1334/1395/1400 1326/1387/1392 1353/1414/1419 
f 1353/1414/1419 1351/1412/1417 1334/1395/1400 
f 1326/1387/1392 1354/1415/1420 1353/1414/1419 
f 1356/1417/1422 1354/1415/1420 1320/1381/1386 
f 1351/1412/1417 1348/1409/1414 1334/1395/1400 
f 1356/1417/1422 1320/1381/1386 1323/1384/1389 
f 1323/1384/1389 1357/1418/1423 1356/1417/1422 
f 1357/1418/1423 1323/1384/1389 1325/1386/1391 
f 1325/1386/1391 1355/1416/1421 1357/1418/1423 
f 1349/1410/1415 1337/1398/1403 1342/1403/1408 
f 1342/1403/1408 1350/1411/1416 1349/1410/1415 
f 1337/1398/1403 1349/1410/1415 1352/1413/1418 
f 1352/1413/1418 1355/1416/1421 1325/1386/1391 
f 1325/1386/1391 1337/1398/1403 1352/1413/1418 
f 1326/1387/1392 1320/1381/1386 1354/1415/1420 
f 932/993/998 961/1022/1027 1358/1419/1424 
f 1358/1419/1424 1317/1378/1383 932/993/998 
f 961/1022/1027 1025/1086/1091 1358/1419/1424 
f 1317/1378/1383 1358/1419/1424 1359/1420/1425 
f 1359/1420/1425 1345/1406/1411 1317/1378/1383 
f 1360/1421/1426 1347/1408/1413 1345/1406/1411 
f 1345/1406/1411 1359/1420/1425 1360/1421/1426 
f 1361/1422/1427 1339/1400/1405 1347/1408/1413 
f 1347/1408/1413 1360/1421/1426 1361/1422/1427 
f 1362/1423/1428 1338/1399/1404 1339/1400/1405 
f 1339/1400/1405 1361/1422/1427 1362/1423/1428 
f 1338/1399/1404 1362/1423/1428 1363/1424/1429 
f 1363/1424/1429 1340/1401/1406 1338/1399/1404 
f 1358/1419/1424 1025/1086/1091 1026/1087/1092 
f 1026/1087/1092 1359/1420/1425 1358/1419/1424 
f 1026/1087/1092 1027/1088/1093 1359/1420/1425 
f 1027/1088/1093 1028/1089/1094 1360/1421/1426 
f 1027/1088/1093 1360/1421/1426 1359/1420/1425 
f 1361/1422/1427 1360/1421/1426 1028/1089/1094 
f 1028/1089/1094 1029/1090/1095 1361/1422/1427 
f 1361/1422/1427 1029/1090/1095 1030/1091/1096 
f 1030/1091/1096 1362/1423/1428 1361/1422/1427 
f 1362/1423/1428 1030/1091/1096 1032/1093/1098 
f 1032/1093/1098 1363/1424/1429 1362/1423/1428 
f 1032/1093/1098 1046/1107/1112 1364/1425/1430 
f 1364/1425/1430 1363/1424/1429 1032/1093/1098 
f 1365/1426/1431 449/490/495 1340/1401/1406 
f 1365/1426/1431 1340/1401/1406 1363/1424/1429 
f 1363/1424/1429 1364/1425/1430 1365/1426/1431 
f 1366/1427/1432 439/480/485 449/490/495 
f 449/490/495 1365/1426/1431 1366/1427/1432 
f 1367/1428/1433 1366/1427/1432 1365/1426/1431 
f 1365/1426/1431 1364/1425/1430 1367/1428/1433 
f 1366/1427/1432 1367/1428/1433 1054/1115/1120 
f 424/465/470 439/480/485 1366/1427/1432 
f 1366/1427/1432 1054/1115/1120 424/465/470 
f 422/463/468 424/465/470 1054/1115/1120 
f 1368/1429/1434 1104/1165/1170 1074/1135/1140 
f 1074/1135/1140 1319/1380/1385 1368/1429/1434 
f 1319/1380/1385 1318/1379/1384 1369/1430/1435 
f 1369/1430/1435 1368/1429/1434 1319/1380/1385 
f 1318/1379/1384 1346/1407/1412 1370/1431/1436 
f 1370/1431/1436 1369/1430/1435 1318/1379/1384 
f 1370/1431/1436 1346/1407/1412 1350/1411/1416 
f 1350/1411/1416 1371/1432/1437 1370/1431/1436 
f 1350/1411/1416 1342/1403/1408 1372/1433/1438 
f 1372/1433/1438 1371/1432/1437 1350/1411/1416 
f 1342/1403/1408 1341/1402/1407 1373/1434/1439 
f 1373/1434/1439 1372/1433/1438 1342/1403/1408 
f 1374/1435/1440 1373/1434/1439 1341/1402/1407 
f 1341/1402/1407 1343/1404/1409 1374/1435/1440 
f 679/720/725 688/729/734 1343/1404/1409 
f 1368/1429/1434 1168/1229/1234 1104/1165/1170 
f 1169/1230/1235 1168/1229/1234 1368/1429/1434 
f 1368/1429/1434 1369/1430/1435 1169/1230/1235 
f 1170/1231/1236 1169/1230/1235 1369/1430/1435 
f 1369/1430/1435 1370/1431/1436 1170/1231/1236 
f 1370/1431/1436 1171/1232/1237 1170/1231/1236 
f 1172/1233/1238 1171/1232/1237 1370/1431/1436 
f 1370/1431/1436 1371/1432/1437 1172/1233/1238 
f 1173/1234/1239 1172/1233/1238 1371/1432/1437 
f 1371/1432/1437 1372/1433/1438 1173/1234/1239 
f 1174/1235/1240 1173/1234/1239 1372/1433/1438 
f 1372/1433/1438 1373/1434/1439 1174/1235/1240 
f 1343/1404/1409 1375/1436/1441 1374/1435/1440 
f 1176/1237/1242 1174/1235/1240 1373/1434/1439 
f 1373/1434/1439 1374/1435/1440 1176/1237/1242 
f 1190/1251/1256 1176/1237/1242 1374/1435/1440 
f 1374/1435/1440 1375/1436/1441 1190/1251/1256 
f 688/729/734 1376/1437/1442 1375/1436/1441 
f 1377/1438/1443 1192/1253/1258 1191/1252/1257 
f 1191/1252/1257 1376/1437/1442 1377/1438/1443 
f 1192/1253/1258 1377/1438/1443 664/705/710 
f 1377/1438/1443 681/722/727 664/705/710 
f 681/722/727 1377/1438/1443 1376/1437/1442 
f 1376/1437/1442 688/729/734 681/722/727 
f 1375/1436/1441 1376/1437/1442 1191/1252/1257 
f 1191/1252/1257 1190/1251/1256 1375/1436/1441 
f 955/1016/1021 976/1037/1042 975/1036/1041 
f 975/1036/1041 957/1018/1023 955/1016/1021 
f 974/1035/1040 976/1037/1042 939/1000/1005 
f 939/1000/1005 940/1001/1006 974/1035/1040 
f 1119/1180/1185 1118/1179/1184 1098/1159/1164 
f 1098/1159/1164 1100/1161/1166 1119/1180/1185 
f 1082/1143/1148 1118/1179/1184 1117/1178/1183 
f 1117/1178/1183 1083/1144/1149 1082/1143/1148 
f 1085/1146/1151 1084/1145/1150 1081/1142/1147 
f 1081/1142/1147 1080/1141/1146 1085/1146/1151 
f 1099/1160/1165 1098/1159/1164 1084/1145/1150 
f 1084/1145/1150 1087/1148/1153 1099/1160/1165 
f 941/1002/1007 955/1016/1021 956/1017/1022 
f 956/1017/1022 942/1003/1008 941/1002/1007 
f 938/999/1004 941/1002/1007 944/1005/1010 
f 944/1005/1010 937/998/1003 938/999/1004 
f 1378/1439/1444 1379/1440/1445 964/1025/1030 
f 964/1025/1030 963/1024/1029 1378/1439/1444 
f 1379/1440/1445 1380/1441/1446 965/1026/1031 
f 965/1026/1031 964/1025/1030 1379/1440/1445 
f 1380/1441/1446 1381/1442/1447 966/1027/1032 
f 966/1027/1032 965/1026/1031 1380/1441/1446 
f 1381/1442/1447 1382/1443/1448 967/1028/1033 
f 967/1028/1033 966/1027/1032 1381/1442/1447 
f 1382/1443/1448 1383/1444/1449 968/1029/1034 
f 968/1029/1034 967/1028/1033 1382/1443/1448 
f 1383/1444/1449 1384/1445/1450 969/1030/1035 
f 969/1030/1035 968/1029/1034 1383/1444/1449 
f 1384/1445/1450 1385/1446/1451 970/1031/1036 
f 970/1031/1036 969/1030/1035 1384/1445/1450 
f 1386/1447/1452 1378/1439/1444 963/1024/1029 
f 963/1024/1029 971/1032/1037 1386/1447/1452 
f 971/1032/1037 1387/1448/1453 1386/1447/1452 
f 1388/1449/1454 1387/1448/1453 971/1032/1037 
f 971/1032/1037 973/1034/1039 1388/1449/1454 
f 1389/1450/1455 1388/1449/1454 973/1034/1039 
f 973/1034/1039 978/1039/1044 1389/1450/1455 
f 1390/1451/1456 1389/1450/1455 978/1039/1044 
f 978/1039/1044 980/1041/1046 1390/1451/1456 
f 1391/1452/1457 1390/1451/1456 980/1041/1046 
f 980/1041/1046 981/1042/1047 1391/1452/1457 
f 1392/1453/1458 1391/1452/1457 981/1042/1047 
f 981/1042/1047 984/1045/1050 1392/1453/1458 
f 1393/1454/1459 1392/1453/1458 984/1045/1050 
f 984/1045/1050 985/1046/1051 1393/1454/1459 
f 1394/1455/1460 1393/1454/1459 985/1046/1051 
f 985/1046/1051 988/1049/1054 1394/1455/1460 
f 1395/1456/1461 1394/1455/1460 988/1049/1054 
f 988/1049/1054 989/1050/1055 1395/1456/1461 
f 1396/1457/1462 1395/1456/1461 989/1050/1055 
f 989/1050/1055 999/1060/1065 1396/1457/1462 
f 1397/1458/1463 1396/1457/1462 999/1060/1065 
f 999/1060/1065 1002/1063/1068 1397/1458/1463 
f 1398/1459/1464 1397/1458/1463 1002/1063/1068 
f 1002/1063/1068 1003/1064/1069 1398/1459/1464 
f 1385/1446/1451 1399/1460/1465 1011/1072/1077 
f 1011/1072/1077 970/1031/1036 1385/1446/1451 
f 1399/1460/1465 1400/1461/1466 1013/1074/1079 
f 1013/1074/1079 1011/1072/1077 1399/1460/1465 
f 1400/1461/1466 1401/1462/1467 1015/1076/1081 
f 1015/1076/1081 1013/1074/1079 1400/1461/1466 
f 1401/1462/1467 1402/1463/1468 1018/1079/1084 
f 1018/1079/1084 1015/1076/1081 1401/1462/1467 
f 1403/1464/1469 1020/1081/1086 1018/1079/1084 
f 1018/1079/1084 1402/1463/1468 1403/1464/1469 
f 1003/1064/1069 1009/1070/1075 1404/1465/1470 
f 1404/1465/1470 1398/1459/1464 1003/1064/1069 
f 1020/1081/1086 1403/1464/1469 1405/1466/1471 
f 1405/1466/1471 1023/1084/1089 1020/1081/1086 
f 1009/1070/1075 1022/1083/1088 1405/1466/1471 
f 1405/1466/1471 1404/1465/1470 1009/1070/1075 
f 1022/1083/1088 1023/1084/1089 1405/1466/1471 
f 1398/1459/1464 1404/1465/1470 1406/1467/1472 
f 1406/1467/1472 1407/1468/1473 1398/1459/1464 
f 1402/1463/1468 1408/1469/1474 1409/1470/1475 
f 1409/1470/1475 1403/1464/1469 1402/1463/1468 
f 1406/1467/1472 1409/1470/1475 1408/1469/1474 
f 1408/1469/1474 1407/1468/1473 1406/1467/1472 
f 1409/1470/1475 1405/1466/1471 1403/1464/1469 
f 1404/1465/1470 1405/1466/1471 1406/1467/1472 
f 1409/1470/1475 1406/1467/1472 1405/1466/1471 
f 1410/1471/1476 1397/1458/1463 1398/1459/1464 
f 1398/1459/1464 1407/1468/1473 1410/1471/1476 
f 1402/1463/1468 1401/1462/1467 1411/1472/1477 
f 1411/1472/1477 1408/1469/1474 1402/1463/1468 
f 1410/1471/1476 1407/1468/1473 1408/1469/1474 
f 1408/1469/1474 1411/1472/1477 1410/1471/1476 
f 1396/1457/1462 1397/1458/1463 1410/1471/1476 
f 1411/1472/1477 1401/1462/1467 1400/1461/1466 
f 1379/1440/1445 1378/1439/1444 1412/1473/1478 
f 1380/1441/1446 1379/1440/1445 1412/1473/1478 
f 1381/1442/1447 1380/1441/1446 1412/1473/1478 
f 1382/1443/1448 1381/1442/1447 1412/1473/1478 
f 1383/1444/1449 1382/1443/1448 1412/1473/1478 
f 1384/1445/1450 1383/1444/1449 1412/1473/1478 
f 1385/1446/1451 1384/1445/1450 1412/1473/1478 
f 1378/1439/1444 1386/1447/1452 1412/1473/1478 
f 1386/1447/1452 1387/1448/1453 1412/1473/1478 
f 1387/1448/1453 1388/1449/1454 1412/1473/1478 
f 1388/1449/1454 1389/1450/1455 1412/1473/1478 
f 1389/1450/1455 1390/1451/1456 1412/1473/1478 
f 1390/1451/1456 1391/1452/1457 1412/1473/1478 
f 1391/1452/1457 1392/1453/1458 1412/1473/1478 
f 1392/1453/1458 1393/1454/1459 1412/1473/1478 
f 1393/1454/1459 1394/1455/1460 1412/1473/1478 
f 1394/1455/1460 1395/1456/1461 1412/1473/1478 
f 1395/1456/1461 1396/1457/1462 1412/1473/1478 
f 1399/1460/1465 1385/1446/1451 1412/1473/1478 
f 1400/1461/1466 1399/1460/1465 1412/1473/1478 
f 1410/1471/1476 1411/1472/1477 1412/1473/1478 
f 1396/1457/1462 1410/1471/1476 1412/1473/1478 
f 1411/1472/1477 1400/1461/1466 1412/1473/1478 
f 1413/1474/1479 1106/1167/1172 1107/1168/1173 
f 1107/1168/1173 1414/1475/1480 1413/1474/1479 
f 1414/1475/1480 1107/1168/1173 1108/1169/1174 
f 1108/1169/1174 1415/1476/1481 1414/1475/1480 
f 1415/1476/1481 1108/1169/1174 1109/1170/1175 
f 1109/1170/1175 1416/1477/1482 1415/1476/1481 
f 1416/1477/1482 1109/1170/1175 1110/1171/1176 
f 1110/1171/1176 1417/1478/1483 1416/1477/1482 
f 1417/1478/1483 1110/1171/1176 1111/1172/1177 
f 1111/1172/1177 1418/1479/1484 1417/1478/1483 
f 1418/1479/1484 1111/1172/1177 1112/1173/1178 
f 1112/1173/1178 1419/1480/1485 1418/1479/1484 
f 1419/1480/1485 1112/1173/1178 1113/1174/1179 
f 1113/1174/1179 1420/1481/1486 1419/1480/1485 
f 1421/1482/1487 1114/1175/1180 1106/1167/1172 
f 1106/1167/1172 1413/1474/1479 1421/1482/1487 
f 1114/1175/1180 1421/1482/1487 1422/1483/1488 
f 1423/1484/1489 1116/1177/1182 1114/1175/1180 
f 1114/1175/1180 1422/1483/1488 1423/1484/1489 
f 1424/1485/1490 1121/1182/1187 1116/1177/1182 
f 1116/1177/1182 1423/1484/1489 1424/1485/1490 
f 1425/1486/1491 1122/1183/1188 1121/1182/1187 
f 1121/1182/1187 1424/1485/1490 1425/1486/1491 
f 1426/1487/1492 1124/1185/1190 1122/1183/1188 
f 1122/1183/1188 1425/1486/1491 1426/1487/1492 
f 1427/1488/1493 1127/1188/1193 1124/1185/1190 
f 1124/1185/1190 1426/1487/1492 1427/1488/1493 
f 1428/1489/1494 1128/1189/1194 1127/1188/1193 
f 1127/1188/1193 1427/1488/1493 1428/1489/1494 
f 1429/1490/1495 1131/1192/1197 1128/1189/1194 
f 1128/1189/1194 1428/1489/1494 1429/1490/1495 
f 1430/1491/1496 1132/1193/1198 1131/1192/1197 
f 1131/1192/1197 1429/1490/1495 1430/1491/1496 
f 1431/1492/1497 1142/1203/1208 1132/1193/1198 
f 1132/1193/1198 1430/1491/1496 1431/1492/1497 
f 1432/1493/1498 1144/1205/1210 1142/1203/1208 
f 1142/1203/1208 1431/1492/1497 1432/1493/1498 
f 1433/1494/1499 1146/1207/1212 1144/1205/1210 
f 1144/1205/1210 1432/1493/1498 1433/1494/1499 
f 1420/1481/1486 1113/1174/1179 1154/1215/1220 
f 1154/1215/1220 1434/1495/1500 1420/1481/1486 
f 1434/1495/1500 1154/1215/1220 1156/1217/1222 
f 1156/1217/1222 1435/1496/1501 1434/1495/1500 
f 1435/1496/1501 1156/1217/1222 1159/1220/1225 
f 1159/1220/1225 1436/1497/1502 1435/1496/1501 
f 1436/1497/1502 1159/1220/1225 1161/1222/1227 
f 1161/1222/1227 1437/1498/1503 1436/1497/1502 
f 1438/1499/1504 1437/1498/1503 1161/1222/1227 
f 1161/1222/1227 1163/1224/1229 1438/1499/1504 
f 1146/1207/1212 1433/1494/1499 1439/1500/1505 
f 1439/1500/1505 1152/1213/1218 1146/1207/1212 
f 1163/1224/1229 1167/1228/1233 1440/1501/1506 
f 1440/1501/1506 1438/1499/1504 1163/1224/1229 
f 1152/1213/1218 1439/1500/1505 1440/1501/1506 
f 1440/1501/1506 1165/1226/1231 1152/1213/1218 
f 1165/1226/1231 1440/1501/1506 1167/1228/1233 
f 1433/1494/1499 1441/1502/1507 1442/1503/1508 
f 1442/1503/1508 1439/1500/1505 1433/1494/1499 
f 1437/1498/1503 1438/1499/1504 1443/1504/1509 
f 1443/1504/1509 1444/1505/1510 1437/1498/1503 
f 1442/1503/1508 1441/1502/1507 1444/1505/1510 
f 1444/1505/1510 1443/1504/1509 1442/1503/1508 
f 1443/1504/1509 1438/1499/1504 1440/1501/1506 
f 1439/1500/1505 1442/1503/1508 1440/1501/1506 
f 1443/1504/1509 1440/1501/1506 1442/1503/1508 
f 1445/1506/1511 1441/1502/1507 1433/1494/1499 
f 1433/1494/1499 1432/1493/1498 1445/1506/1511 
f 1437/1498/1503 1444/1505/1510 1446/1507/1512 
f 1446/1507/1512 1436/1497/1502 1437/1498/1503 
f 1445/1506/1511 1446/1507/1512 1444/1505/1510 
f 1444/1505/1510 1441/1502/1507 1445/1506/1511 
f 1431/1492/1497 1445/1506/1511 1432/1493/1498 
f 1446/1507/1512 1435/1496/1501 1436/1497/1502 
f 1414/1475/1480 1447/1508/1513 1413/1474/1479 
f 1415/1476/1481 1447/1508/1513 1414/1475/1480 
f 1416/1477/1482 1447/1508/1513 1415/1476/1481 
f 1417/1478/1483 1447/1508/1513 1416/1477/1482 
f 1418/1479/1484 1447/1508/1513 1417/1478/1483 
f 1419/1480/1485 1447/1508/1513 1418/1479/1484 
f 1420/1481/1486 1447/1508/1513 1419/1480/1485 
f 1413/1474/1479 1447/1508/1513 1421/1482/1487 
f 1421/1482/1487 1447/1508/1513 1422/1483/1488 
f 1422/1483/1488 1447/1508/1513 1423/1484/1489 
f 1423/1484/1489 1447/1508/1513 1424/1485/1490 
f 1424/1485/1490 1447/1508/1513 1425/1486/1491 
f 1425/1486/1491 1447/1508/1513 1426/1487/1492 
f 1426/1487/1492 1447/1508/1513 1427/1488/1493 
f 1427/1488/1493 1447/1508/1513 1428/1489/1494 
f 1428/1489/1494 1447/1508/1513 1429/1490/1495 
f 1429/1490/1495 1447/1508/1513 1430/1491/1496 
f 1430/1491/1496 1447/1508/1513 1431/1492/1497 
f 1434/1495/1500 1447/1508/1513 1420/1481/1486 
f 1435/1496/1501 1447/1508/1513 1434/1495/1500 
f 1445/1506/1511 1447/1508/1513 1446/1507/1512 
f 1431/1492/1497 1447/1508/1513 1445/1506/1511 
f 1446/1507/1512 1447/1508/1513 1435/1496/1501 
f 460/501/506 1448/1509/1514 1449/1510/1515 
f 1449/1510/1515 1450/1511/1516 460/501/506 
f 1449/1510/1515 1451/1512/1517 1452/1513/1518 
f 1452/1513/1518 1450/1511/1516 1449/1510/1515 
f 1452/1513/1518 1451/1512/1517 1453/1514/1519 
f 1453/1514/1519 1454/1515/1520 1452/1513/1518 
f 1454/1515/1520 1453/1514/1519 1455/1516/1521 
f 1455/1516/1521 1456/1517/1522 1454/1515/1520 
f 1457/1518/1523 1458/1519/1524 1459/1520/1525 
f 1459/1520/1525 1460/1521/1526 1457/1518/1523 
f 1461/1522/1527 1460/1521/1526 1459/1520/1525 
f 1287/1348/1353 1461/1522/1527 1462/1523/1528 
f 1462/1523/1528 1267/1328/1333 1287/1348/1353 
f 1463/1524/1529 1268/1329/1334 1267/1328/1333 
f 1267/1328/1333 1462/1523/1528 1463/1524/1529 
f 1277/1338/1343 1464/1525/1530 1465/1526/1531 
f 1465/1526/1531 1280/1341/1346 1277/1338/1343 
f 1280/1341/1346 1465/1526/1531 1466/1527/1532 
f 1466/1527/1532 1282/1343/1348 1280/1341/1346 
f 1282/1343/1348 1467/1528/1533 1289/1350/1355 
f 1468/1529/1534 1469/1530/1535 1470/1531/1536 
f 1470/1531/1536 1471/1532/1537 1468/1529/1534 
f 1471/1532/1537 1472/1533/1538 1473/1534/1539 
f 1473/1534/1539 1468/1529/1534 1471/1532/1537 
f 1473/1534/1539 1472/1533/1538 1474/1535/1540 
f 1474/1535/1540 1475/1536/1541 1473/1534/1539 
f 1475/1536/1541 1474/1535/1540 1476/1537/1542 
f 1476/1537/1542 1477/1538/1543 1475/1536/1541 
f 1477/1538/1543 1476/1537/1542 1478/1539/1544 
f 1478/1539/1544 1479/1540/1545 1477/1538/1543 
f 1478/1539/1544 1480/1541/1546 1481/1542/1547 
f 1481/1542/1547 1479/1540/1545 1478/1539/1544 
f 1448/1509/1514 1482/1543/1548 1483/1544/1549 
f 1483/1544/1549 1449/1510/1515 1448/1509/1514 
f 1484/1545/1550 1451/1512/1517 1449/1510/1515 
f 1449/1510/1515 1483/1544/1549 1484/1545/1550 
f 1485/1546/1551 1453/1514/1519 1451/1512/1517 
f 1451/1512/1517 1484/1545/1550 1485/1546/1551 
f 1486/1547/1552 1455/1516/1521 1453/1514/1519 
f 1453/1514/1519 1485/1546/1551 1486/1547/1552 
f 1458/1519/1524 1487/1548/1553 1459/1520/1525 
f 1459/1520/1525 1487/1548/1553 1488/1549/1554 
f 1488/1549/1554 1461/1522/1527 1459/1520/1525 
f 1489/1550/1555 1462/1523/1528 1461/1522/1527 
f 1461/1522/1527 1488/1549/1554 1489/1550/1555 
f 1490/1551/1556 1463/1524/1529 1462/1523/1528 
f 1462/1523/1528 1489/1550/1555 1490/1551/1556 
f 1464/1525/1530 1491/1552/1557 1492/1553/1558 
f 1492/1553/1558 1465/1526/1531 1464/1525/1530 
f 1465/1526/1531 1492/1553/1558 1493/1554/1559 
f 1493/1554/1559 1466/1527/1532 1465/1526/1531 
f 1494/1555/1560 1495/1556/1561 1466/1527/1532 
f 1466/1527/1532 1493/1554/1559 1494/1555/1560 
f 1494/1555/1560 1496/1557/1562 1471/1532/1537 
f 1471/1532/1537 1470/1531/1536 1494/1555/1560 
f 1471/1532/1537 1496/1557/1562 1497/1558/1563 
f 1497/1558/1563 1472/1533/1538 1471/1532/1537 
f 1498/1559/1564 1474/1535/1540 1472/1533/1538 
f 1472/1533/1538 1497/1558/1563 1498/1559/1564 
f 1499/1560/1565 1476/1537/1542 1474/1535/1540 
f 1474/1535/1540 1498/1559/1564 1499/1560/1565 
f 1478/1539/1544 1476/1537/1542 1499/1560/1565 
f 1454/1515/1520 1456/1517/1522 457/498/503 
f 457/498/503 456/497/502 1454/1515/1520 
f 455/496/501 1452/1513/1518 1454/1515/1520 
f 1454/1515/1520 456/497/502 455/496/501 
f 1450/1511/1516 1452/1513/1518 455/496/501 
f 455/496/501 458/499/504 1450/1511/1516 
f 460/501/506 1450/1511/1516 458/499/504 
f 1479/1540/1545 1481/1542/1547 510/551/556 
f 510/551/556 698/739/744 1479/1540/1545 
f 1477/1538/1543 1479/1540/1545 698/739/744 
f 698/739/744 696/737/742 1477/1538/1543 
f 695/736/741 1475/1536/1541 1477/1538/1543 
f 1477/1538/1543 696/737/742 695/736/741 
f 697/738/743 1473/1534/1539 1475/1536/1541 
f 1475/1536/1541 695/736/741 697/738/743 
f 1473/1534/1539 697/738/743 1500/1561/1566 
f 1500/1561/1566 1468/1529/1534 1473/1534/1539 
f 1501/1562/1567 1270/1331/1336 1268/1329/1334 
f 1268/1329/1334 1463/1524/1529 1501/1562/1567 
f 1502/1563/1568 1273/1334/1339 1270/1331/1336 
f 1270/1331/1336 1501/1562/1567 1502/1563/1568 
f 1277/1338/1343 1273/1334/1339 1502/1563/1568 
f 1502/1563/1568 1464/1525/1530 1277/1338/1343 
f 1463/1524/1529 1490/1551/1556 1503/1564/1569 
f 1503/1564/1569 1501/1562/1567 1463/1524/1529 
f 1501/1562/1567 1503/1564/1569 1504/1565/1570 
f 1504/1565/1570 1502/1563/1568 1501/1562/1567 
f 1491/1552/1557 1464/1525/1530 1502/1563/1568 
f 1502/1563/1568 1504/1565/1570 1491/1552/1557 
f 1505/1566/1571 1506/1567/1572 1507/1568/1573 
f 1507/1568/1573 1508/1569/1574 1505/1566/1571 
f 1508/1569/1574 1507/1568/1573 1509/1570/1575 
f 1509/1570/1575 1510/1571/1576 1508/1569/1574 
f 1511/1572/1577 1512/1573/1578 1509/1570/1575 
f 1492/1553/1558 1491/1552/1557 1513/1574/1579 
f 1513/1574/1579 1514/1575/1580 1492/1553/1558 
f 1515/1576/1581 1516/1577/1582 1517/1578/1583 
f 1517/1578/1583 1514/1575/1580 1515/1576/1581 
f 1518/1579/1584 1519/1580/1585 1520/1581/1586 
f 1520/1581/1586 1521/1582/1587 1518/1579/1584 
f 1522/1583/1588 1518/1579/1584 1521/1582/1587 
f 1521/1582/1587 1523/1584/1589 1522/1583/1588 
f 1524/1585/1590 1525/1586/1591 1526/1587/1592 
f 1526/1587/1592 1527/1588/1593 1524/1585/1590 
f 1527/1588/1593 1526/1587/1592 1528/1589/1594 
f 1528/1589/1594 1529/1590/1595 1527/1588/1593 
f 1530/1591/1596 1522/1583/1588 1523/1584/1589 
f 1523/1584/1589 1531/1592/1597 1530/1591/1596 
f 1532/1593/1598 1530/1591/1596 1531/1592/1597 
f 1531/1592/1597 1533/1594/1599 1532/1593/1598 
f 1534/1595/1600 1532/1593/1598 1533/1594/1599 
f 1533/1594/1599 1535/1596/1601 1534/1595/1600 
f 1529/1590/1595 1528/1589/1594 1536/1597/1602 
f 1536/1597/1602 1537/1598/1603 1529/1590/1595 
f 1537/1598/1603 1536/1597/1602 1538/1599/1604 
f 1538/1599/1604 1539/1600/1605 1537/1598/1603 
f 1539/1600/1605 1538/1599/1604 1540/1601/1606 
f 1540/1601/1606 1541/1602/1607 1539/1600/1605 
f 1542/1603/1608 1543/1604/1609 1544/1605/1610 
f 1543/1604/1609 1545/1606/1611 1546/1607/1612 
f 1546/1607/1612 1544/1605/1610 1543/1604/1609 
f 1545/1606/1611 1547/1608/1613 1548/1609/1614 
f 1548/1609/1614 1546/1607/1612 1545/1606/1611 
f 1549/1610/1615 1550/1611/1616 1551/1612/1617 
f 1551/1612/1617 1552/1613/1618 1549/1610/1615 
f 1553/1614/1619 1554/1615/1620 1549/1610/1615 
f 1549/1610/1615 1552/1613/1618 1553/1614/1619 
f 1547/1608/1613 1555/1616/1621 1556/1617/1622 
f 1556/1617/1622 1548/1609/1614 1547/1608/1613 
f 1555/1616/1621 1557/1618/1623 1558/1619/1624 
f 1558/1619/1624 1556/1617/1622 1555/1616/1621 
f 1557/1618/1623 1559/1620/1625 1560/1621/1626 
f 1560/1621/1626 1558/1619/1624 1557/1618/1623 
f 1561/1622/1627 1562/1623/1628 1554/1615/1620 
f 1554/1615/1620 1553/1614/1619 1561/1622/1627 
f 1563/1624/1629 1564/1625/1630 1562/1623/1628 
f 1562/1623/1628 1561/1622/1627 1563/1624/1629 
f 1565/1626/1631 1566/1627/1632 1564/1625/1630 
f 1564/1625/1630 1563/1624/1629 1565/1626/1631 
f 1542/1603/1608 1567/1628/1633 1507/1568/1573 
f 1507/1568/1573 1506/1567/1572 1542/1603/1608 
f 1567/1628/1633 1568/1629/1634 1509/1570/1575 
f 1509/1570/1575 1507/1568/1573 1567/1628/1633 
f 1569/1630/1635 1515/1576/1581 1511/1572/1577 
f 1511/1572/1577 1568/1629/1634 1569/1630/1635 
f 1515/1576/1581 1569/1630/1635 1570/1631/1636 
f 1570/1631/1636 1516/1577/1582 1515/1576/1581 
f 1545/1606/1611 1543/1604/1609 1519/1580/1585 
f 1519/1580/1585 1518/1579/1584 1545/1606/1611 
f 1547/1608/1613 1545/1606/1611 1518/1579/1584 
f 1518/1579/1584 1522/1583/1588 1547/1608/1613 
f 1550/1611/1616 1549/1610/1615 1526/1587/1592 
f 1526/1587/1592 1525/1586/1591 1550/1611/1616 
f 1526/1587/1592 1549/1610/1615 1554/1615/1620 
f 1554/1615/1620 1528/1589/1594 1526/1587/1592 
f 1555/1616/1621 1547/1608/1613 1522/1583/1588 
f 1522/1583/1588 1530/1591/1596 1555/1616/1621 
f 1556/1617/1622 1558/1619/1624 1571/1632/1637 
f 1557/1618/1623 1555/1616/1621 1530/1591/1596 
f 1530/1591/1596 1532/1593/1598 1557/1618/1623 
f 1558/1619/1624 1560/1621/1626 1572/1633/1638 
f 1572/1633/1638 1571/1632/1637 1558/1619/1624 
f 1559/1620/1625 1557/1618/1623 1532/1593/1598 
f 1532/1593/1598 1534/1595/1600 1559/1620/1625 
f 1528/1589/1594 1554/1615/1620 1562/1623/1628 
f 1562/1623/1628 1536/1597/1602 1528/1589/1594 
f 1536/1597/1602 1562/1623/1628 1564/1625/1630 
f 1564/1625/1630 1538/1599/1604 1536/1597/1602 
f 1566/1627/1632 1540/1601/1606 1538/1599/1604 
f 1538/1599/1604 1564/1625/1630 1566/1627/1632 
f 1487/1548/1553 1573/1634/1639 1505/1566/1571 
f 1505/1566/1571 1488/1549/1554 1487/1548/1553 
f 1488/1549/1554 1505/1566/1571 1508/1569/1574 
f 1508/1569/1574 1489/1550/1555 1488/1549/1554 
f 1489/1550/1555 1508/1569/1574 1510/1571/1576 
f 1510/1571/1576 1490/1551/1556 1489/1550/1555 
f 1514/1575/1580 1517/1578/1583 1493/1554/1559 
f 1493/1554/1559 1492/1553/1558 1514/1575/1580 
f 1517/1578/1583 1574/1635/1640 1494/1555/1560 
f 1494/1555/1560 1493/1554/1559 1517/1578/1583 
f 1574/1635/1640 1524/1585/1590 1496/1557/1562 
f 1496/1557/1562 1494/1555/1560 1574/1635/1640 
f 1523/1584/1589 1521/1582/1587 1486/1547/1552 
f 1486/1547/1552 1485/1546/1551 1523/1584/1589 
f 1496/1557/1562 1524/1585/1590 1527/1588/1593 
f 1527/1588/1593 1497/1558/1563 1496/1557/1562 
f 1497/1558/1563 1527/1588/1593 1529/1590/1595 
f 1529/1590/1595 1498/1559/1564 1497/1558/1563 
f 1531/1592/1597 1523/1584/1589 1485/1546/1551 
f 1485/1546/1551 1484/1545/1550 1531/1592/1597 
f 1533/1594/1599 1531/1592/1597 1484/1545/1550 
f 1484/1545/1550 1483/1544/1549 1533/1594/1599 
f 1535/1596/1601 1533/1594/1599 1483/1544/1549 
f 1483/1544/1549 1482/1543/1548 1535/1596/1601 
f 1498/1559/1564 1529/1590/1595 1537/1598/1603 
f 1537/1598/1603 1499/1560/1565 1498/1559/1564 
f 1499/1560/1565 1537/1598/1603 1539/1600/1605 
f 1539/1600/1605 1478/1539/1544 1499/1560/1565 
f 1478/1539/1544 1539/1600/1605 1541/1602/1607 
f 1541/1602/1607 1480/1541/1546 1478/1539/1544 
f 1460/1521/1526 1575/1636/1641 1576/1637/1642 
f 1576/1637/1642 1457/1518/1523 1460/1521/1526 
f 1287/1348/1353 1575/1636/1641 1460/1521/1526 
f 1460/1521/1526 1461/1522/1527 1287/1348/1353 
f 1512/1573/1578 1503/1564/1569 1490/1551/1556 
f 1490/1551/1556 1510/1571/1576 1512/1573/1578 
f 1515/1576/1581 1513/1574/1579 1577/1638/1643 
f 1577/1638/1643 1511/1572/1577 1515/1576/1581 
f 255/296/301 1578/1639/1644 1579/1640/1645 
f 1579/1640/1645 264/305/310 255/296/301 
f 255/296/301 254/295/300 1580/1641/1646 
f 1580/1641/1646 1578/1639/1644 255/296/301 
f 254/295/300 258/299/304 1581/1642/1647 
f 1581/1642/1647 1580/1641/1646 254/295/300 
f 258/299/304 260/301/306 1582/1643/1648 
f 1582/1643/1648 1581/1642/1647 258/299/304 
f 260/301/306 262/303/308 1583/1644/1649 
f 1583/1644/1649 1582/1643/1648 260/301/306 
f 262/303/308 499/540/545 1584/1645/1650 
f 1584/1645/1650 1583/1644/1649 262/303/308 
f 1584/1645/1650 499/540/545 500/541/546 
f 1584/1645/1650 500/541/546 726/767/772 
f 726/767/772 1585/1646/1651 1584/1645/1650 
f 725/766/771 1585/1646/1651 726/767/772 
f 725/766/771 521/562/567 1586/1647/1652 
f 1586/1647/1652 1585/1646/1651 725/766/771 
f 521/562/567 519/560/565 1587/1648/1653 
f 1587/1648/1653 1586/1647/1652 521/562/567 
f 519/560/565 517/558/563 1588/1649/1654 
f 1588/1649/1654 1587/1648/1653 519/560/565 
f 517/558/563 515/556/561 1589/1650/1655 
f 1589/1650/1655 1588/1649/1654 517/558/563 
f 515/556/561 511/552/557 1590/1651/1656 
f 1590/1651/1656 1589/1650/1655 515/556/561 
f 511/552/557 514/555/560 1591/1652/1657 
f 1591/1652/1657 1590/1651/1656 511/552/557 
f 514/555/560 524/565/570 1592/1653/1658 
f 1592/1653/1658 1591/1652/1657 514/555/560 
f 1593/1654/1659 1579/1640/1645 1578/1639/1644 
f 1578/1639/1644 1594/1655/1660 1593/1654/1659 
f 1595/1656/1661 1594/1655/1660 1578/1639/1644 
f 1578/1639/1644 1580/1641/1646 1595/1656/1661 
f 1596/1657/1662 1595/1656/1661 1580/1641/1646 
f 1580/1641/1646 1581/1642/1647 1596/1657/1662 
f 1597/1658/1663 1596/1657/1662 1581/1642/1647 
f 1581/1642/1647 1582/1643/1648 1597/1658/1663 
f 1598/1659/1664 1597/1658/1663 1582/1643/1648 
f 1582/1643/1648 1583/1644/1649 1598/1659/1664 
f 1599/1660/1665 1598/1659/1664 1583/1644/1649 
f 1583/1644/1649 1584/1645/1650 1599/1660/1665 
f 1600/1661/1666 1599/1660/1665 1584/1645/1650 
f 1584/1645/1650 1585/1646/1651 1600/1661/1666 
f 1600/1661/1666 1585/1646/1651 1586/1647/1652 
f 1586/1647/1652 1601/1662/1667 1600/1661/1666 
f 1601/1662/1667 1586/1647/1652 1587/1648/1653 
f 1587/1648/1653 1602/1663/1668 1601/1662/1667 
f 1602/1663/1668 1587/1648/1653 1588/1649/1654 
f 1588/1649/1654 1603/1664/1669 1602/1663/1668 
f 1603/1664/1669 1588/1649/1654 1589/1650/1655 
f 1589/1650/1655 1604/1665/1670 1603/1664/1669 
f 1604/1665/1670 1589/1650/1655 1590/1651/1656 
f 1590/1651/1656 1605/1666/1671 1604/1665/1670 
f 1605/1666/1671 1590/1651/1656 1591/1652/1657 
f 1591/1652/1657 1606/1667/1672 1605/1666/1671 
f 1607/1668/1673 1606/1667/1672 1591/1652/1657 
f 1591/1652/1657 1592/1653/1658 1607/1668/1673 
f 1593/1654/1659 1594/1655/1660 1608/1669/1674 
f 1608/1669/1674 1609/1670/1675 1593/1654/1659 
f 1594/1655/1660 1595/1656/1661 1610/1671/1676 
f 1610/1671/1676 1608/1669/1674 1594/1655/1660 
f 1595/1656/1661 1596/1657/1662 1611/1672/1677 
f 1611/1672/1677 1610/1671/1676 1595/1656/1661 
f 1596/1657/1662 1597/1658/1663 1612/1673/1678 
f 1612/1673/1678 1611/1672/1677 1596/1657/1662 
f 1612/1673/1678 1597/1658/1663 1598/1659/1664 
f 1598/1659/1664 1613/1674/1679 1612/1673/1678 
f 1598/1659/1664 1599/1660/1665 1614/1675/1680 
f 1614/1675/1680 1613/1674/1679 1598/1659/1664 
f 1599/1660/1665 1600/1661/1666 1615/1676/1681 
f 1615/1676/1681 1614/1675/1680 1599/1660/1665 
f 1615/1676/1681 1600/1661/1666 1601/1662/1667 
f 1601/1662/1667 1616/1677/1682 1615/1676/1681 
f 1616/1677/1682 1601/1662/1667 1602/1663/1668 
f 1602/1663/1668 1617/1678/1683 1616/1677/1682 
f 1617/1678/1683 1602/1663/1668 1603/1664/1669 
f 1603/1664/1669 1618/1679/1684 1617/1678/1683 
f 1618/1679/1684 1603/1664/1669 1604/1665/1670 
f 1604/1665/1670 1619/1680/1685 1618/1679/1684 
f 1604/1665/1670 1605/1666/1671 1620/1681/1686 
f 1620/1681/1686 1619/1680/1685 1604/1665/1670 
f 1620/1681/1686 1605/1666/1671 1606/1667/1672 
f 1606/1667/1672 1621/1682/1687 1620/1681/1686 
f 1606/1667/1672 1607/1668/1673 1622/1683/1688 
f 1622/1683/1688 1621/1682/1687 1606/1667/1672 
f 1051/1112/1117 1052/1113/1118 1039/1100/1105 
f 1039/1100/1105 1037/1098/1103 1051/1112/1117 
f 1039/1100/1105 1052/1113/1118 1049/1110/1115 
f 1049/1110/1115 1040/1101/1106 1039/1100/1105 
f 1041/1102/1107 1048/1109/1114 1053/1114/1119 
f 1053/1114/1119 1042/1103/1108 1041/1102/1107 
f 1042/1103/1108 1053/1114/1119 1055/1116/1121 
f 1055/1116/1121 1043/1104/1109 1042/1103/1108 
f 1043/1104/1109 1055/1116/1121 1047/1108/1113 
f 1047/1108/1113 1044/1105/1110 1043/1104/1109 
f 1055/1116/1121 1054/1115/1120 1367/1428/1433 
f 1367/1428/1433 1047/1108/1113 1055/1116/1121 
f 1046/1107/1112 1047/1108/1113 1367/1428/1433 
f 1367/1428/1433 1364/1425/1430 1046/1107/1112 
f 1183/1244/1249 1197/1258/1263 1196/1257/1262 
f 1196/1257/1262 1181/1242/1247 1183/1244/1249 
f 1194/1255/1260 1197/1258/1263 1183/1244/1249 
f 1183/1244/1249 1184/1245/1250 1194/1255/1260 
f 1623/1684/1689 1193/1254/1259 1185/1246/1251 
f 1185/1246/1251 1186/1247/1252 1623/1684/1689 
f 1192/1253/1258 1623/1684/1689 1186/1247/1252 
f 1186/1247/1252 1187/1248/1253 1192/1253/1258 
f 662/703/708 1623/1684/1689 1192/1253/1258 
f 1192/1253/1258 664/705/710 662/703/708 
f 1193/1254/1259 1623/1684/1689 662/703/708 
f 662/703/708 653/694/699 1193/1254/1259 
f 1298/1359/1364 724/765/770 1305/1366/1371 
f 1624/1685/1690 1625/1686/1691 1626/1687/1692 
f 1626/1687/1692 1627/1688/1693 1624/1685/1690 
f 1628/1689/1694 1624/1685/1690 1627/1688/1693 
f 1627/1688/1693 1629/1690/1695 1628/1689/1694 
f 1630/1691/1696 1631/1692/1697 1632/1693/1698 
f 1632/1693/1698 1633/1694/1699 1630/1691/1696 
f 1634/1695/1700 1631/1692/1697 1630/1691/1696 
f 1630/1691/1696 1635/1696/1701 1634/1695/1700 
f 1628/1689/1694 1629/1690/1695 1633/1694/1699 
f 1633/1694/1699 1632/1693/1698 1628/1689/1694 
f 1636/1697/1702 1637/1698/1703 1638/1699/1704 
f 1638/1699/1704 1639/1700/1705 1636/1697/1702 
f 1637/1701/1706 1640/1702/1707 1641/1703/1708 
f 1641/1703/1708 1638/1704/1709 1637/1701/1706 
f 1642/1705/1710 1643/1706/1711 1644/1707/1712 
f 1639/1700/1705 1643/1706/1711 1645/1708/1713 
f 1645/1708/1713 1636/1697/1702 1639/1700/1705 
f 1646/1709/1714 1647/1710/1715 1648/1711/1716 
f 1649/1712/1717 1650/1713/1718 1651/1714/1719 
f 1651/1714/1719 1652/1715/1720 1649/1712/1717 
f 1652/1715/1720 1646/1709/1714 1648/1711/1716 
f 1648/1711/1716 1649/1712/1717 1652/1715/1720 
f 1653/1716/1721 1654/1717/1722 1655/1718/1723 
f 1655/1718/1723 1656/1719/1724 1653/1716/1721 
f 1656/1719/1724 1655/1718/1723 1651/1714/1719 
f 1651/1714/1719 1650/1713/1718 1656/1719/1724 
f 1657/1720/1725 1658/1721/1726 1659/1722/1727 
f 1659/1722/1727 1660/1723/1728 1657/1720/1725 
f 1661/1724/1729 1662/1725/1730 1658/1721/1726 
f 1658/1721/1726 1657/1720/1725 1661/1724/1729 
f 1641/1703/1708 1640/1702/1707 1662/1725/1730 
f 1662/1725/1730 1661/1724/1729 1641/1703/1708 
f 1663/1726/1731 1664/1727/1732 1665/1728/1733 
f 1665/1728/1733 1666/1729/1734 1663/1726/1731 
f 1666/1729/1734 1660/1723/1728 1659/1722/1727 
f 1659/1722/1727 1663/1726/1731 1666/1729/1734 
f 1667/1730/1735 1668/1731/1736 1643/1706/1711 
f 1643/1706/1711 1639/1700/1705 1667/1730/1735 
f 1653/1716/1721 1656/1719/1724 1622/1683/1688 
f 1622/1683/1688 1607/1668/1673 1653/1716/1721 
f 1650/1713/1718 1669/1732/1737 1622/1683/1688 
f 1622/1683/1688 1656/1719/1724 1650/1713/1718 
f 1650/1713/1718 1649/1712/1717 1670/1733/1738 
f 1670/1733/1738 1669/1732/1737 1650/1713/1718 
f 1671/1734/1739 1648/1711/1716 1647/1710/1715 
f 1647/1710/1715 1672/1735/1740 1671/1734/1739 
f 1671/1734/1739 1670/1733/1738 1649/1712/1717 
f 1649/1712/1717 1648/1711/1716 1671/1734/1739 
f 1644/1707/1712 1668/1731/1736 1672/1735/1740 
f 1639/1700/1705 1638/1699/1704 1673/1736/1741 
f 1673/1736/1741 1667/1730/1735 1639/1700/1705 
f 1674/1737/1742 1675/1738/1743 1676/1739/1744 
f 1676/1739/1744 1677/1740/1745 1674/1737/1742 
f 1674/1737/1742 1677/1740/1745 1666/1729/1734 
f 1666/1729/1734 1665/1728/1733 1674/1737/1742 
f 1660/1723/1728 1678/1741/1746 1679/1742/1747 
f 1679/1742/1747 1657/1720/1725 1660/1723/1728 
f 1680/1743/1748 1677/1740/1745 1676/1739/1744 
f 1676/1739/1744 1681/1744/1749 1680/1743/1748 
f 1661/1724/1729 1682/1745/1750 1683/1746/1751 
f 1683/1746/1751 1641/1703/1708 1661/1724/1729 
f 1657/1720/1725 1679/1742/1747 1682/1745/1750 
f 1682/1745/1750 1661/1724/1729 1657/1720/1725 
f 1638/1704/1709 1641/1703/1708 1683/1746/1751 
f 1683/1746/1751 1673/1747/1752 1638/1704/1709 
f 1684/1748/1753 1579/1640/1645 1593/1654/1659 
f 1593/1654/1659 1685/1749/1754 1684/1748/1753 
f 1686/1750/1755 1687/1751/1756 1688/1752/1757 
f 1688/1752/1757 1685/1749/1754 1686/1750/1755 
f 1686/1750/1755 1609/1670/1675 1689/1753/1758 
f 1689/1753/1758 1690/1754/1759 1686/1750/1755 
f 1685/1749/1754 1593/1654/1659 1609/1670/1675 
f 1609/1670/1675 1686/1750/1755 1685/1749/1754 
f 1690/1754/1759 1691/1755/1760 1687/1751/1756 
f 1687/1751/1756 1686/1750/1755 1690/1754/1759 
f 1674/1737/1742 1665/1728/1733 1692/1756/1761 
f 1693/1757/1762 1694/1758/1763 1691/1755/1760 
f 1691/1755/1760 1690/1754/1759 1693/1757/1762 
f 1692/1756/1761 1695/1759/1764 1694/1758/1763 
f 1694/1758/1763 1693/1757/1762 1692/1756/1761 
f 1693/1757/1762 1690/1754/1759 1689/1753/1758 
f 1689/1753/1758 1696/1760/1765 1693/1757/1762 
f 1696/1760/1765 1697/1761/1766 1693/1757/1762 
f 1692/1756/1761 1665/1728/1733 1664/1727/1732 
f 1664/1727/1732 1695/1759/1764 1692/1756/1761 
f 1697/1761/1766 1675/1738/1743 1674/1737/1742 
f 1674/1737/1742 1692/1756/1761 1697/1761/1766 
f 1684/1748/1753 1685/1749/1754 1688/1752/1757 
f 1688/1752/1757 1698/1762/1767 1684/1748/1753 
f 1642/1705/1710 1699/1763/1768 1700/1764/1769 
f 1700/1764/1769 1701/1765/1770 1642/1705/1710 
f 1702/1766/1771 1703/1767/1772 1704/1768/1773 
f 1704/1768/1773 1705/1769/1774 1702/1766/1771 
f 1706/1770/1775 1707/1771/1776 1708/1772/1777 
f 1708/1772/1777 1709/1773/1778 1706/1770/1775 
f 1710/1774/1779 1651/1714/1719 1655/1718/1723 
f 1655/1718/1723 1711/1775/1780 1710/1774/1779 
f 1711/1775/1780 1655/1718/1723 1654/1717/1722 
f 1654/1717/1722 1712/1776/1781 1711/1775/1780 
f 1710/1774/1779 1713/1777/1782 1652/1715/1720 
f 1652/1715/1720 1651/1714/1719 1710/1774/1779 
f 1714/1778/1783 1715/1779/1784 1716/1780/1785 
f 1716/1780/1785 1700/1764/1769 1714/1778/1783 
f 1714/1778/1783 1700/1764/1769 1699/1763/1768 
f 1699/1763/1768 1646/1709/1714 1714/1778/1783 
f 1646/1709/1714 1652/1715/1720 1713/1777/1782 
f 1713/1777/1782 1714/1778/1783 1646/1709/1714 
f 1701/1765/1770 1717/1781/1786 1645/1708/1713 
f 1645/1708/1713 1642/1705/1710 1701/1765/1770 
f 1718/1782/1787 1636/1697/1702 1645/1708/1713 
f 1645/1708/1713 1717/1781/1786 1718/1782/1787 
f 1719/1783/1788 1637/1698/1703 1636/1697/1702 
f 1636/1697/1702 1718/1782/1787 1719/1783/1788 
f 1720/1784/1789 1721/1785/1790 1719/1783/1788 
f 1719/1783/1788 1718/1782/1787 1720/1784/1789 
f 1718/1782/1787 1717/1781/1786 1722/1786/1791 
f 1722/1786/1791 1720/1784/1789 1718/1782/1787 
f 1723/1787/1792 1694/1758/1763 1704/1768/1773 
f 1724/1788/1793 1691/1755/1760 1694/1758/1763 
f 1694/1758/1763 1723/1787/1792 1724/1788/1793 
f 1704/1768/1773 1703/1767/1772 1723/1787/1792 
f 1725/1789/1794 1687/1751/1756 1691/1755/1760 
f 1691/1755/1760 1724/1788/1793 1725/1789/1794 
f 1726/1790/1795 1688/1752/1757 1687/1751/1756 
f 1687/1751/1756 1725/1789/1794 1726/1790/1795 
f 1705/1769/1774 1664/1727/1732 1663/1726/1731 
f 1663/1726/1731 1727/1791/1796 1705/1769/1774 
f 1704/1768/1773 1695/1759/1764 1664/1727/1732 
f 1664/1727/1732 1705/1769/1774 1704/1768/1773 
f 1728/1792/1797 1659/1722/1727 1658/1721/1726 
f 1658/1721/1726 1708/1772/1777 1728/1792/1797 
f 1727/1791/1796 1663/1726/1731 1659/1722/1727 
f 1659/1722/1727 1728/1792/1797 1727/1791/1796 
f 1728/1792/1797 1708/1772/1777 1707/1771/1776 
f 1707/1771/1776 1729/1793/1798 1728/1792/1797 
f 1708/1772/1777 1658/1721/1726 1662/1725/1730 
f 1662/1725/1730 1709/1773/1778 1708/1772/1777 
f 1709/1773/1778 1662/1725/1730 1640/1702/1707 
f 1640/1702/1707 1730/1794/1799 1709/1773/1778 
f 1730/1794/1799 1640/1702/1707 1637/1701/1706 
f 1637/1701/1706 1719/1795/1800 1730/1794/1799 
f 1722/1786/1791 1717/1781/1786 1701/1765/1770 
f 1701/1765/1770 1731/1796/1801 1722/1786/1791 
f 1701/1765/1770 1700/1764/1769 1716/1780/1785 
f 1716/1780/1785 1731/1796/1801 1701/1765/1770 
f 1732/1797/1802 1706/1770/1775 1709/1773/1778 
f 1709/1773/1778 1730/1794/1799 1732/1797/1802 
f 1732/1797/1802 1730/1794/1799 1719/1795/1800 
f 1719/1795/1800 1721/1798/1803 1732/1797/1802 
f 1733/1799/1804 1702/1766/1771 1705/1769/1774 
f 1705/1769/1774 1727/1791/1796 1733/1799/1804 
f 1733/1799/1804 1727/1791/1796 1728/1792/1797 
f 1728/1792/1797 1729/1793/1798 1733/1799/1804 
f 1734/1800/1805 1720/1784/1789 1722/1786/1791 
f 1722/1786/1791 1735/1801/1806 1734/1800/1805 
f 1726/1790/1795 1736/1802/1807 1737/1803/1808 
f 1738/1804/1809 1735/1801/1806 1722/1786/1791 
f 1722/1786/1791 1731/1796/1801 1738/1804/1809 
f 1731/1796/1801 1716/1780/1785 1739/1805/1810 
f 1739/1805/1810 1738/1804/1809 1731/1796/1801 
f 1740/1806/1811 1721/1785/1790 1720/1784/1789 
f 1720/1784/1789 1734/1800/1805 1740/1806/1811 
f 1734/1800/1805 1735/1801/1806 1741/1807/1812 
f 1740/1806/1811 1734/1800/1805 1742/1808/1813 
f 1743/1809/1814 1724/1788/1793 1723/1787/1792 
f 1723/1787/1792 1744/1810/1815 1743/1809/1814 
f 1744/1810/1815 1723/1787/1792 1703/1767/1772 
f 1703/1767/1772 1745/1811/1816 1744/1810/1815 
f 1725/1789/1794 1724/1788/1793 1743/1809/1814 
f 1743/1809/1814 1736/1802/1807 1725/1789/1794 
f 1745/1811/1816 1703/1767/1772 1702/1766/1771 
f 1702/1766/1771 1746/1812/1817 1745/1811/1816 
f 1746/1812/1817 1702/1766/1771 1733/1799/1804 
f 1733/1799/1804 1747/1813/1818 1746/1812/1817 
f 1748/1814/1819 1729/1793/1798 1707/1771/1776 
f 1707/1771/1776 1749/1815/1820 1748/1814/1819 
f 1747/1813/1818 1733/1799/1804 1729/1793/1798 
f 1729/1793/1798 1748/1814/1819 1747/1813/1818 
f 1750/1816/1821 1751/1817/1822 1747/1813/1818 
f 1747/1813/1818 1748/1814/1819 1750/1816/1821 
f 1749/1815/1820 1707/1771/1776 1706/1770/1775 
f 1706/1770/1775 1752/1818/1823 1749/1815/1820 
f 1752/1818/1823 1706/1770/1775 1732/1797/1802 
f 1732/1797/1802 1753/1819/1824 1752/1818/1823 
f 1740/1820/1825 1753/1819/1824 1732/1797/1802 
f 1732/1797/1802 1721/1798/1803 1740/1820/1825 
f 1741/1807/1812 1735/1801/1806 1738/1804/1809 
f 1738/1804/1809 1754/1821/1826 1741/1807/1812 
f 1737/1803/1808 1736/1802/1807 1755/1822/1827 
f 1744/1810/1815 1745/1811/1816 1756/1823/1828 
f 1756/1823/1828 1757/1824/1829 1744/1810/1815 
f 1751/1817/1822 1756/1823/1828 1745/1811/1816 
f 1745/1811/1816 1746/1812/1817 1751/1817/1822 
f 1746/1812/1817 1747/1813/1818 1751/1817/1822 
f 1753/1819/1824 1740/1820/1825 1742/1825/1830 
f 1742/1825/1830 1758/1826/1831 1753/1819/1824 
f 1753/1819/1824 1758/1826/1831 1752/1818/1823 
f 1749/1815/1820 1752/1818/1823 1758/1826/1831 
f 1758/1826/1831 1759/1827/1832 1749/1815/1820 
f 1759/1827/1832 1750/1816/1821 1748/1814/1819 
f 1748/1814/1819 1749/1815/1820 1759/1827/1832 
f 1760/1828/1833 1755/1822/1827 1736/1802/1807 
f 1736/1802/1807 1743/1809/1814 1760/1828/1833 
f 1760/1828/1833 1743/1809/1814 1744/1810/1815 
f 1744/1810/1815 1757/1824/1829 1760/1828/1833 
f 1761/1829/1834 1754/1821/1826 1738/1804/1809 
f 1738/1804/1809 1739/1805/1810 1761/1829/1834 
f 1757/1824/1829 1756/1823/1828 1762/1830/1835 
f 1763/1831/1836 1764/1832/1837 1765/1833/1838 
f 1764/1832/1837 1763/1831/1836 1766/1834/1839 
f 1766/1834/1839 1767/1835/1840 1764/1832/1837 
f 1767/1835/1840 1766/1834/1839 1768/1836/1841 
f 1768/1836/1841 1769/1837/1842 1767/1835/1840 
f 1767/1835/1840 1769/1837/1842 1741/1807/1812 
f 1741/1807/1812 1754/1821/1826 1767/1835/1840 
f 1754/1821/1826 1761/1829/1834 1767/1835/1840 
f 1770/1838/1843 1742/1808/1813 1741/1807/1812 
f 1741/1807/1812 1769/1837/1842 1770/1838/1843 
f 1755/1822/1827 1760/1828/1833 1771/1839/1844 
f 1771/1839/1844 1772/1840/1845 1755/1822/1827 
f 1772/1840/1845 1773/1841/1846 1737/1803/1808 
f 1737/1803/1808 1755/1822/1827 1772/1840/1845 
f 1762/1830/1835 1771/1839/1844 1760/1828/1833 
f 1760/1828/1833 1757/1824/1829 1762/1830/1835 
f 1756/1823/1828 1774/1842/1847 1762/1830/1835 
f 1750/1816/1821 1759/1827/1832 1775/1843/1848 
f 1774/1842/1847 1751/1817/1822 1750/1816/1821 
f 1750/1816/1821 1775/1843/1848 1774/1842/1847 
f 1775/1843/1848 1759/1827/1832 1758/1826/1831 
f 1758/1826/1831 1776/1844/1849 1775/1843/1848 
f 1776/1844/1849 1758/1826/1831 1742/1825/1830 
f 1742/1825/1830 1770/1845/1850 1776/1844/1849 
f 1777/1846/1851 1778/1847/1852 1776/1844/1849 
f 1776/1844/1849 1770/1845/1850 1777/1846/1851 
f 1779/1848/1853 1780/1849/1854 1774/1842/1847 
f 1774/1842/1847 1775/1843/1848 1779/1848/1853 
f 1780/1849/1854 1781/1850/1855 1762/1830/1835 
f 1762/1830/1835 1774/1842/1847 1780/1849/1854 
f 1781/1850/1855 1782/1851/1856 1771/1839/1844 
f 1771/1839/1844 1762/1830/1835 1781/1850/1855 
f 1772/1840/1845 1771/1839/1844 1782/1851/1856 
f 1772/1840/1845 1782/1851/1856 1773/1841/1846 
f 1770/1838/1843 1769/1837/1842 1768/1836/1841 
f 1768/1836/1841 1777/1852/1857 1770/1838/1843 
f 1775/1843/1848 1776/1844/1849 1778/1847/1852 
f 1778/1847/1852 1779/1848/1853 1775/1843/1848 
f 1783/1853/1858 1784/1854/1859 1779/1848/1853 
f 1779/1848/1853 1778/1847/1852 1783/1853/1858 
f 1785/1855/1860 1786/1856/1861 1787/1857/1862 
f 1787/1857/1862 1788/1858/1863 1785/1855/1860 
f 1785/1855/1860 1788/1858/1863 1777/1852/1857 
f 1777/1852/1857 1768/1836/1841 1785/1855/1860 
f 1785/1855/1860 1768/1836/1841 1766/1834/1839 
f 1766/1834/1839 1789/1859/1864 1785/1855/1860 
f 1790/1860/1865 1786/1856/1861 1785/1855/1860 
f 1785/1855/1860 1789/1859/1864 1790/1860/1865 
f 1789/1859/1864 1766/1834/1839 1763/1831/1836 
f 1763/1831/1836 1791/1861/1866 1789/1859/1864 
f 1789/1859/1864 1791/1861/1866 1792/1862/1867 
f 1792/1862/1867 1790/1860/1865 1789/1859/1864 
f 1791/1861/1866 1763/1831/1836 1765/1833/1838 
f 1765/1833/1838 1793/1863/1868 1791/1861/1866 
f 1792/1862/1867 1791/1861/1866 1793/1863/1868 
f 1793/1863/1868 1765/1833/1838 1794/1864/1869 
f 1794/1864/1869 1795/1865/1870 1793/1863/1868 
f 1783/1853/1858 1778/1847/1852 1777/1846/1851 
f 1777/1846/1851 1788/1866/1871 1783/1853/1858 
f 1784/1854/1859 1796/1867/1872 1780/1849/1854 
f 1780/1849/1854 1779/1848/1853 1784/1854/1859 
f 1796/1867/1872 1797/1868/1873 1781/1850/1855 
f 1781/1850/1855 1780/1849/1854 1796/1867/1872 
f 1797/1868/1873 1798/1869/1874 1782/1851/1856 
f 1782/1851/1856 1781/1850/1855 1797/1868/1873 
f 1798/1869/1874 1799/1870/1875 1773/1841/1846 
f 1773/1841/1846 1782/1851/1856 1798/1869/1874 
f 1800/1871/1876 1797/1868/1873 1796/1867/1872 
f 1796/1867/1872 1801/1872/1877 1800/1871/1876 
f 1783/1853/1858 1788/1866/1871 1787/1873/1878 
f 1787/1873/1878 1802/1874/1879 1783/1853/1858 
f 1784/1854/1859 1783/1853/1858 1802/1874/1879 
f 1802/1874/1879 1803/1875/1880 1784/1854/1859 
f 1796/1867/1872 1784/1854/1859 1803/1875/1880 
f 1803/1875/1880 1801/1872/1877 1796/1867/1872 
f 1800/1871/1876 1798/1869/1874 1797/1868/1873 
f 1804/1876/1881 1805/1877/1882 1802/1874/1879 
f 1802/1874/1879 1787/1873/1878 1804/1876/1881 
f 1806/1878/1883 1807/1879/1884 1800/1871/1876 
f 1800/1871/1876 1801/1872/1877 1806/1878/1883 
f 1807/1879/1884 1808/1880/1885 1798/1869/1874 
f 1798/1869/1874 1800/1871/1876 1807/1879/1884 
f 1804/1881/1886 1787/1857/1862 1786/1856/1861 
f 1786/1856/1861 1809/1882/1887 1804/1881/1886 
f 1810/1883/1888 1811/1884/1889 1804/1881/1886 
f 1804/1881/1886 1809/1882/1887 1810/1883/1888 
f 1809/1882/1887 1786/1856/1861 1790/1860/1865 
f 1790/1860/1865 1812/1885/1890 1809/1882/1887 
f 1813/1886/1891 1810/1883/1888 1809/1882/1887 
f 1809/1882/1887 1812/1885/1890 1813/1886/1891 
f 1812/1885/1890 1790/1860/1865 1792/1862/1867 
f 1792/1862/1867 1814/1887/1892 1812/1885/1890 
f 1814/1887/1892 1792/1862/1867 1793/1863/1868 
f 1793/1863/1868 1815/1888/1893 1814/1887/1892 
f 1814/1887/1892 1815/1888/1893 1816/1889/1894 
f 1816/1889/1894 1817/1890/1895 1814/1887/1892 
f 1815/1888/1893 1793/1863/1868 1795/1865/1870 
f 1795/1865/1870 1818/1891/1896 1815/1888/1893 
f 1815/1888/1893 1818/1891/1896 1816/1889/1894 
f 1805/1877/1882 1819/1892/1897 1820/1893/1898 
f 1820/1893/1898 1821/1894/1899 1805/1877/1882 
f 1805/1877/1882 1821/1894/1899 1803/1875/1880 
f 1803/1875/1880 1802/1874/1879 1805/1877/1882 
f 1821/1894/1899 1806/1878/1883 1801/1872/1877 
f 1801/1872/1877 1803/1875/1880 1821/1894/1899 
f 1808/1880/1885 1822/1895/1900 1799/1870/1875 
f 1799/1870/1875 1798/1869/1874 1808/1880/1885 
f 1812/1885/1890 1814/1887/1892 1817/1890/1895 
f 1817/1890/1895 1813/1886/1891 1812/1885/1890 
f 1823/1896/1901 1808/1880/1885 1807/1879/1884 
f 1807/1879/1884 1824/1897/1902 1823/1896/1901 
f 1824/1897/1902 1807/1879/1884 1806/1878/1883 
f 1806/1878/1883 1825/1898/1903 1824/1897/1902 
f 1822/1895/1900 1808/1880/1885 1823/1896/1901 
f 1819/1892/1897 1805/1877/1882 1804/1876/1881 
f 1804/1876/1881 1811/1899/1904 1819/1892/1897 
f 1806/1878/1883 1821/1894/1899 1820/1893/1898 
f 1820/1893/1898 1825/1898/1903 1806/1878/1883 
f 1813/1886/1891 1817/1890/1895 1826/1900/1905 
f 1826/1900/1905 1827/1901/1906 1813/1886/1891 
f 1826/1900/1905 1817/1890/1895 1816/1889/1894 
f 1816/1889/1894 1828/1902/1907 1826/1900/1905 
f 1828/1902/1907 1816/1889/1894 1818/1891/1896 
f 1818/1891/1896 1829/1903/1908 1828/1902/1907 
f 1830/1904/1909 1810/1883/1888 1813/1886/1891 
f 1813/1886/1891 1827/1901/1906 1830/1904/1909 
f 1831/1905/1910 1811/1884/1889 1810/1883/1888 
f 1810/1883/1888 1830/1904/1909 1831/1905/1910 
f 1832/1906/1911 1833/1907/1912 1823/1896/1901 
f 1823/1896/1901 1824/1897/1902 1832/1906/1911 
f 1834/1908/1913 1832/1906/1911 1824/1897/1902 
f 1824/1897/1902 1825/1898/1903 1834/1908/1913 
f 1833/1907/1912 1835/1909/1914 1822/1895/1900 
f 1822/1895/1900 1823/1896/1901 1833/1907/1912 
f 1834/1908/1913 1825/1898/1903 1820/1893/1898 
f 1820/1893/1898 1836/1910/1915 1834/1908/1913 
f 1836/1910/1915 1820/1893/1898 1819/1892/1897 
f 1819/1892/1897 1837/1911/1916 1836/1910/1915 
f 1831/1912/1917 1837/1911/1916 1819/1892/1897 
f 1819/1892/1897 1811/1899/1904 1831/1912/1917 
f 1838/1913/1918 1839/1914/1919 1832/1906/1911 
f 1832/1906/1911 1834/1908/1913 1838/1913/1918 
f 1840/1915/1920 1841/1916/1921 1828/1902/1907 
f 1828/1902/1907 1829/1903/1908 1840/1915/1920 
f 1841/1916/1921 1842/1917/1922 1826/1900/1905 
f 1826/1900/1905 1828/1902/1907 1841/1916/1921 
f 1842/1917/1922 1843/1918/1923 1827/1901/1906 
f 1827/1901/1906 1826/1900/1905 1842/1917/1922 
f 1843/1918/1923 1844/1919/1924 1830/1904/1909 
f 1830/1904/1909 1827/1901/1906 1843/1918/1923 
f 1844/1919/1924 1845/1920/1925 1831/1905/1910 
f 1831/1905/1910 1830/1904/1909 1844/1919/1924 
f 1846/1921/1926 1835/1909/1914 1833/1907/1912 
f 1833/1907/1912 1847/1922/1927 1846/1921/1926 
f 1847/1922/1927 1833/1907/1912 1832/1906/1911 
f 1832/1906/1911 1839/1914/1919 1847/1922/1927 
f 1838/1913/1918 1834/1908/1913 1836/1910/1915 
f 1836/1910/1915 1848/1923/1928 1838/1913/1918 
f 1848/1923/1928 1836/1910/1915 1837/1911/1916 
f 1837/1911/1916 1849/1924/1929 1848/1923/1928 
f 1845/1925/1930 1849/1924/1929 1837/1911/1916 
f 1837/1911/1916 1831/1912/1917 1845/1925/1930 
f 1850/1926/1931 1851/1927/1932 1852/1928/1933 
f 1852/1928/1933 1853/1929/1934 1850/1926/1931 
f 1854/1930/1935 1855/1931/1936 1850/1926/1931 
f 1850/1926/1931 1853/1929/1934 1854/1930/1935 
f 1856/1932/1937 1857/1933/1938 1858/1934/1939 
f 1858/1934/1939 1859/1935/1940 1856/1932/1937 
f 1634/1936/1941 1635/1937/1942 1860/1938/1943 
f 1860/1938/1943 1861/1939/1944 1634/1936/1941 
f 1856/1932/1937 1861/1939/1944 1860/1938/1943 
f 1860/1938/1943 1857/1933/1938 1856/1932/1937 
f 1854/1930/1935 1859/1935/1940 1858/1934/1939 
f 1858/1934/1939 1855/1931/1936 1854/1930/1935 
f 1631/1692/1697 1634/1695/1700 1845/1920/1925 
f 1845/1920/1925 1844/1919/1924 1631/1692/1697 
f 1853/1929/1934 1847/1922/1927 1839/1914/1919 
f 1839/1914/1919 1854/1930/1935 1853/1929/1934 
f 1854/1930/1935 1839/1914/1919 1838/1913/1918 
f 1838/1913/1918 1859/1935/1940 1854/1930/1935 
f 1624/1685/1690 1841/1916/1921 1840/1915/1920 
f 1840/1915/1920 1625/1686/1691 1624/1685/1690 
f 1624/1685/1690 1628/1689/1694 1842/1917/1922 
f 1842/1917/1922 1841/1916/1921 1624/1685/1690 
f 1628/1689/1694 1632/1693/1698 1843/1918/1923 
f 1843/1918/1923 1842/1917/1922 1628/1689/1694 
f 1632/1693/1698 1631/1692/1697 1844/1919/1924 
f 1844/1919/1924 1843/1918/1923 1632/1693/1698 
f 1852/1928/1933 1846/1921/1926 1847/1922/1927 
f 1847/1922/1927 1853/1929/1934 1852/1928/1933 
f 1859/1935/1940 1838/1913/1918 1848/1923/1928 
f 1848/1923/1928 1856/1932/1937 1859/1935/1940 
f 1856/1932/1937 1848/1923/1928 1849/1924/1929 
f 1849/1924/1929 1861/1939/1944 1856/1932/1937 
f 1634/1936/1941 1861/1939/1944 1849/1924/1929 
f 1849/1924/1929 1845/1925/1930 1634/1936/1941 
f 1739/1805/1810 1716/1780/1785 1715/1779/1784 
f 1715/1779/1784 1862/1940/1945 1739/1805/1810 
f 1767/1835/1840 1761/1829/1834 1863/1941/1946 
f 1715/1779/1784 1714/1778/1783 1713/1777/1782 
f 1863/1941/1946 1761/1829/1834 1739/1805/1810 
f 1739/1805/1810 1862/1940/1945 1863/1941/1946 
f 1862/1940/1945 1715/1779/1784 1713/1777/1782 
f 1713/1777/1782 1864/1942/1947 1862/1940/1945 
f 1863/1941/1946 1862/1940/1945 1864/1942/1947 
f 1764/1832/1837 1767/1835/1840 1863/1941/1946 
f 1863/1941/1946 1865/1943/1948 1764/1832/1837 
f 1864/1942/1947 1713/1777/1782 1710/1774/1779 
f 1710/1774/1779 1865/1943/1948 1864/1942/1947 
f 1864/1942/1947 1865/1943/1948 1863/1941/1946 
f 1765/1833/1838 1764/1832/1837 1865/1943/1948 
f 1865/1943/1948 1866/1944/1949 1765/1833/1838 
f 1866/1944/1949 1865/1943/1948 1710/1774/1779 
f 1710/1774/1779 1711/1775/1780 1866/1944/1949 
f 1867/1945/1950 1794/1864/1869 1765/1833/1838 
f 1765/1833/1838 1866/1944/1949 1867/1945/1950 
f 1866/1944/1949 1711/1775/1780 1712/1776/1781 
f 1712/1776/1781 1867/1945/1950 1866/1944/1949 
f 1653/1716/1721 1607/1668/1673 1592/1653/1658 
f 1592/1653/1658 1868/1946/1951 1653/1716/1721 
f 1654/1717/1722 1653/1716/1721 1868/1946/1951 
f 1868/1946/1951 1869/1947/1952 1654/1717/1722 
f 1712/1776/1781 1654/1717/1722 1869/1947/1952 
f 1869/1947/1952 1870/1948/1953 1712/1776/1781 
f 1867/1945/1950 1712/1776/1781 1870/1948/1953 
f 1870/1948/1953 1871/1949/1954 1867/1945/1950 
f 1794/1864/1869 1867/1945/1950 1871/1949/1954 
f 1871/1949/1954 1872/1950/1955 1794/1864/1869 
f 1795/1865/1870 1794/1864/1869 1872/1950/1955 
f 1872/1950/1955 1873/1951/1956 1795/1865/1870 
f 1818/1891/1896 1795/1865/1870 1873/1951/1956 
f 1873/1951/1956 1874/1952/1957 1818/1891/1896 
f 1829/1903/1908 1818/1891/1896 1874/1952/1957 
f 1874/1952/1957 1875/1953/1958 1829/1903/1908 
f 1876/1954/1959 1840/1915/1920 1829/1903/1908 
f 1829/1903/1908 1875/1953/1958 1876/1954/1959 
f 1877/1955/1960 1626/1687/1692 1625/1686/1691 
f 1625/1686/1691 1878/1956/1961 1877/1955/1960 
f 1878/1956/1961 1625/1686/1691 1840/1915/1920 
f 1840/1915/1920 1876/1954/1959 1878/1956/1961 
f 1852/1928/1933 1851/1927/1932 1879/1957/1962 
f 1879/1957/1962 1880/1958/1963 1852/1928/1933 
f 1846/1921/1926 1852/1928/1933 1880/1958/1963 
f 1880/1958/1963 1881/1959/1964 1846/1921/1926 
f 1882/1960/1965 1835/1909/1914 1846/1921/1926 
f 1846/1921/1926 1881/1959/1964 1882/1960/1965 
f 1883/1961/1966 1822/1895/1900 1835/1909/1914 
f 1835/1909/1914 1882/1960/1965 1883/1961/1966 
f 1884/1962/1967 1799/1870/1875 1822/1895/1900 
f 1822/1895/1900 1883/1961/1966 1884/1962/1967 
f 1885/1963/1968 1773/1841/1846 1799/1870/1875 
f 1799/1870/1875 1884/1962/1967 1885/1963/1968 
f 1886/1964/1969 1737/1803/1808 1773/1841/1846 
f 1773/1841/1846 1885/1963/1968 1886/1964/1969 
f 1887/1965/1970 1726/1790/1795 1737/1803/1808 
f 1737/1803/1808 1886/1964/1969 1887/1965/1970 
f 1698/1762/1767 1688/1752/1757 1726/1790/1795 
f 1726/1790/1795 1887/1965/1970 1698/1762/1767 
f 1683/1746/1751 1682/1745/1750 1888/1966/1971 
f 1888/1966/1971 1889/1967/1972 1683/1746/1751 
f 1888/1966/1971 1890/1968/1973 1891/1969/1974 
f 1891/1969/1974 1889/1967/1972 1888/1966/1971 
f 1892/1970/1975 1893/1971/1976 1894/1972/1977 
f 1894/1972/1977 1895/1973/1978 1892/1970/1975 
f 1896/1974/1979 1673/1747/1752 1683/1746/1751 
f 1683/1746/1751 1889/1967/1972 1896/1974/1979 
f 1891/1969/1974 1897/1975/1980 1896/1974/1979 
f 1896/1974/1979 1889/1967/1972 1891/1969/1974 
f 1891/1969/1974 1898/1976/1981 1897/1975/1980 
f 1897/1977/1982 1898/1978/1983 1899/1979/1984 
f 1900/1980/1985 1667/1730/1735 1673/1736/1741 
f 1673/1736/1741 1896/1981/1986 1900/1980/1985 
f 1896/1981/1986 1897/1977/1982 1901/1982/1987 
f 1901/1982/1987 1900/1980/1985 1896/1981/1986 
f 1901/1982/1987 1899/1979/1984 1902/1983/1988 
f 1668/1731/1736 1667/1730/1735 1900/1980/1985 
f 1900/1980/1985 1903/1984/1989 1668/1731/1736 
f 1900/1980/1985 1901/1982/1987 1903/1984/1989 
f 1904/1985/1990 1905/1986/1991 1906/1987/1992 
f 1906/1987/1992 1907/1988/1993 1904/1985/1990 
f 1908/1989/1994 1672/1735/1740 1668/1731/1736 
f 1668/1731/1736 1903/1984/1989 1908/1989/1994 
f 1909/1990/1995 1671/1734/1739 1672/1735/1740 
f 1672/1735/1740 1908/1989/1994 1909/1990/1995 
f 1682/1745/1750 1679/1742/1747 1910/1991/1996 
f 1910/1991/1996 1888/1966/1971 1682/1745/1750 
f 1678/1741/1746 1911/1992/1997 1910/1991/1996 
f 1910/1991/1996 1679/1742/1747 1678/1741/1746 
f 1912/1993/1998 1911/1992/1997 1678/1741/1746 
f 1678/1741/1746 1681/1744/1749 1912/1993/1998 
f 1913/1994/1999 1914/1995/2000 1915/1996/2001 
f 1915/1996/2001 1916/1997/2002 1913/1994/1999 
f 1917/1998/2003 1890/1968/1973 1888/1966/1971 
f 1888/1966/1971 1910/1991/1996 1917/1998/2003 
f 1917/1998/2003 1910/1991/1996 1911/1992/1997 
f 1911/1992/1997 1918/1999/2004 1917/1998/2003 
f 1911/1992/1997 1912/1993/1998 1919/2000/2005 
f 1919/2000/2005 1918/1999/2004 1911/1992/1997 
f 1914/1995/2000 1913/1994/1999 1920/2001/2006 
f 1920/2001/2006 1919/2000/2005 1914/1995/2000 
f 1920/2001/2006 1921/2002/2007 1922/2003/2008 
f 1922/2003/2008 1919/2000/2005 1920/2001/2006 
f 1892/1970/1975 1890/1968/1973 1917/1998/2003 
f 1917/1998/2003 1923/2004/2009 1892/1970/1975 
f 1923/2004/2009 1922/2003/2008 1921/2002/2007 
f 1921/2002/2007 1924/2005/2010 1923/2004/2009 
f 1922/2003/2008 1918/1999/2004 1919/2000/2005 
f 1918/1999/2004 1922/2003/2008 1923/2004/2009 
f 1923/2004/2009 1917/1998/2003 1918/1999/2004 
f 1893/1971/1976 1892/1970/1975 1923/2004/2009 
f 1923/2004/2009 1924/2005/2010 1893/1971/1976 
f 1890/1968/1973 1892/1970/1975 1895/1973/1978 
f 1895/1973/1978 1891/1969/1974 1890/1968/1973 
f 1925/2006/2011 1898/1976/1981 1895/1973/1978 
f 1895/1973/1978 1894/1972/1977 1925/2006/2011 
f 1926/2007/2012 1899/1979/1984 1898/1978/1983 
f 1898/1978/1983 1925/2006/2011 1926/2007/2012 
f 1902/1983/1988 1899/1979/1984 1926/2007/2012 
f 1926/2007/2012 1927/2008/2013 1902/1983/1988 
f 1893/1971/1976 1613/1674/1679 1614/1675/1680 
f 1614/1675/1680 1894/1972/1977 1893/1971/1976 
f 1894/1972/1977 1614/1675/1680 1615/1676/1681 
f 1615/1676/1681 1925/2006/2011 1894/1972/1977 
f 1925/2006/2011 1615/1676/1681 1616/1677/1682 
f 1616/1677/1682 1926/2007/2012 1925/2006/2011 
f 1926/2007/2012 1616/1677/1682 1617/1678/1683 
f 1617/1678/1683 1927/2008/2013 1926/2007/2012 
f 1927/2008/2013 1617/1678/1683 1618/1679/1684 
f 1618/1679/1684 1904/1985/1990 1927/2008/2013 
f 1928/2009/2014 1670/1733/1738 1671/1734/1739 
f 1671/1734/1739 1909/1990/1995 1928/2009/2014 
f 1929/2010/2015 1669/1732/1737 1670/1733/1738 
f 1670/1733/1738 1928/2009/2014 1929/2010/2015 
f 1619/1680/1685 1620/1681/1686 1930/2011/2016 
f 1929/2010/2015 1621/1682/1687 1622/1683/1688 
f 1622/1683/1688 1669/1732/1737 1929/2010/2015 
f 1620/1681/1686 1929/2010/2015 1928/2009/2014 
f 1905/1986/1991 1930/2011/2016 1909/1990/1995 
f 1905/1986/1991 1909/1990/1995 1908/1989/1994 
f 1908/1989/1994 1906/1987/1992 1905/1986/1991 
f 1907/1988/1993 1903/1984/1989 1901/1982/1987 
f 1901/1982/1987 1902/1983/1988 1907/1988/1993 
f 1905/1986/1991 1904/1985/1990 1618/1679/1684 
f 1618/1679/1684 1619/1680/1685 1905/1986/1991 
f 1927/2008/2013 1904/1985/1990 1907/1988/1993 
f 1907/1988/1993 1902/1983/1988 1927/2008/2013 
f 1903/1984/1989 1907/1988/1993 1906/1987/1992 
f 1906/1987/1992 1908/1989/1994 1903/1984/1989 
f 1647/1710/1715 1644/1707/1712 1672/1735/1740 
f 1699/1763/1768 1644/1707/1712 1647/1710/1715 
f 1924/2005/2010 1612/1673/1678 1613/1674/1679 
f 1613/1674/1679 1893/1971/1976 1924/2005/2010 
f 1612/1673/1678 1924/2005/2010 1921/2002/2007 
f 1609/1670/1675 1608/1669/1674 1931/2012/2017 
f 1931/2012/2017 1689/1753/1758 1609/1670/1675 
f 1610/1671/1676 1932/2013/2018 1931/2012/2017 
f 1931/2012/2017 1608/1669/1674 1610/1671/1676 
f 1611/1672/1677 1933/2014/2019 1932/2013/2018 
f 1932/2013/2018 1610/1671/1676 1611/1672/1677 
f 1933/2014/2019 1611/1672/1677 1612/1673/1678 
f 1612/1673/1678 1921/2002/2007 1933/2014/2019 
f 1696/1760/1765 1689/1753/1758 1931/2012/2017 
f 1696/1760/1765 1931/2012/2017 1934/2015/2020 
f 1934/2015/2020 1697/1761/1766 1696/1760/1765 
f 1931/2012/2017 1932/2013/2018 1934/2015/2020 
f 1913/1994/1999 1932/2013/2018 1933/2014/2019 
f 1933/2014/2019 1920/2001/2006 1913/1994/1999 
f 1933/2014/2019 1921/2002/2007 1920/2001/2006 
f 1934/2015/2020 1916/1997/2002 1675/1738/1743 
f 1675/1738/1743 1697/1761/1766 1934/2015/2020 
f 1913/1994/1999 1916/1997/2002 1934/2015/2020 
f 1934/2015/2020 1932/2013/2018 1913/1994/1999 
f 1916/1997/2002 1915/1996/2001 1676/1739/1744 
f 1676/1739/1744 1675/1738/1743 1916/1997/2002 
f 1912/1993/1998 1914/1995/2000 1919/2000/2005 
f 1681/1744/1749 1915/1996/2001 1912/1993/1998 
f 1660/1723/1728 1680/1743/1748 1681/1744/1749 
f 1681/1744/1749 1678/1741/1746 1660/1723/1728 
f 1666/1729/1734 1677/1740/1745 1680/1743/1748 
f 1660/1723/1728 1666/1729/1734 1680/1743/1748 
f 1681/1744/1749 1676/1739/1744 1915/1996/2001 
f 1915/1996/2001 1914/1995/2000 1912/1993/1998 
f 1699/1763/1768 1642/1705/1710 1644/1707/1712 
f 1644/1707/1712 1643/1706/1711 1668/1731/1736 
f 1642/1705/1710 1645/1708/1713 1643/1706/1711 
f 1646/1709/1714 1699/1763/1768 1647/1710/1715 
f 1697/1761/1766 1692/1756/1761 1693/1757/1762 
f 1694/1758/1763 1695/1759/1764 1704/1768/1773 
f 703/744/749 690/731/736 706/747/752 
f 450/491/496 466/507/512 468/509/514 
f 1935/2016/2021 1936/2017/2022 1937/2018/2023 
f 1937/2018/2023 1938/2019/2024 1935/2016/2021 
f 1939/2020/2025 1940/2021/2026 1941/2022/2027 
f 1942/2023/2028 1943/2024/2029 1944/2025/2030 
f 1945/2026/2031 1946/2027/2032 1943/2024/2029 
f 1947/2028/2033 1948/2029/2034 1949/2030/2035 
f 1949/2030/2035 1950/2031/2036 1947/2028/2033 
f 1951/2032/2037 1947/2028/2033 1950/2031/2036 
f 1950/2031/2036 1952/2033/2038 1951/2032/2037 
f 1953/2034/2039 1954/2035/2040 1939/2020/2025 
f 1939/2020/2025 1955/2036/2041 1953/2034/2039 
f 1956/2037/2042 1957/2038/2043 1942/2023/2028 
f 1942/2023/2028 1958/2039/2044 1956/2037/2042 
f 1951/2032/2037 1959/2040/2045 1960/2041/2046 
f 1960/2041/2046 1947/2028/2033 1951/2032/2037 
f 1961/2042/2047 1958/2039/2044 1962/2043/2048 
f 1963/2044/2049 1961/2042/2047 1962/2043/2048 
f 1962/2043/2048 1964/2045/2050 1963/2044/2049 
f 1965/2046/2051 1966/2047/2052 1960/2041/2046 
f 1960/2041/2046 1959/2040/2045 1965/2046/2051 
f 1960/2041/2046 1966/2047/2052 1967/2048/2053 
f 1947/2028/2033 1960/2041/2046 1967/2048/2053 
f 1948/2029/2034 1968/2049/2054 1969/2050/2055 
f 1969/2050/2055 1970/2051/2056 1948/2029/2034 
f 1971/2052/2057 1972/2053/2058 1973/2054/2059 
f 1973/2054/2059 1974/2055/2060 1971/2052/2057 
f 1975/2056/2061 1976/2057/2062 1977/2058/2063 
f 1977/2058/2063 1966/2059/2064 1975/2056/2061 
f 1978/2060/2065 1975/2056/2061 1966/2059/2064 
f 1966/2059/2064 1965/2061/2066 1978/2060/2065 
f 1979/2062/2067 1980/2063/2068 1981/2064/2069 
f 1982/2065/2070 1971/2052/2057 1983/2066/2071 
f 1983/2066/2071 1984/2067/2072 1982/2065/2070 
f 1985/2068/2073 1986/2069/2074 1972/2070/2075 
f 1972/2070/2075 1987/2071/2076 1985/2068/2073 
f 1972/2070/2075 1986/2069/2074 1988/2072/2077 
f 1988/2072/2077 1973/2073/2078 1972/2070/2075 
f 1989/2074/2079 1977/2058/2063 1976/2057/2062 
f 1976/2057/2062 1990/2075/2080 1989/2074/2079 
f 1991/2076/2081 1992/2077/2082 1993/2078/2083 
f 1993/2078/2083 1936/2017/2022 1991/2076/2081 
f 1994/2079/2084 1995/2080/2085 1996/2081/2086 
f 1996/2081/2086 1981/2064/2069 1994/2079/2084 
f 1954/2035/2040 1986/2069/2074 1985/2068/2073 
f 1985/2068/2073 1997/2082/2087 1954/2035/2040 
f 1988/2072/2077 1986/2069/2074 1954/2035/2040 
f 1954/2035/2040 1953/2034/2039 1988/2072/2077 
f 1988/2072/2077 1953/2034/2039 1998/2083/2088 
f 1998/2083/2088 1974/2084/2089 1973/2073/2078 
f 1973/2073/2078 1988/2072/2077 1998/2083/2088 
f 1999/2085/2090 2000/2086/2091 2001/2087/2092 
f 2002/2088/2093 2003/2089/2094 1938/2019/2024 
f 1938/2019/2024 1937/2018/2023 2002/2088/2093 
f 2004/2090/2095 2005/2091/2096 2002/2088/2093 
f 2002/2088/2093 1937/2018/2023 2004/2090/2095 
f 1999/2085/2090 2001/2087/2092 2003/2089/2094 
f 2003/2089/2094 2002/2088/2093 1999/2085/2090 
f 2006/2092/2097 2007/2093/2098 2008/2094/2099 
f 2009/2095/2100 2010/2096/2101 2011/2097/2102 
f 2006/2092/2097 2008/2094/2099 2012/2098/2103 
f 2011/2097/2102 2013/2099/2104 2014/2100/2105 
f 2014/2100/2105 2009/2095/2100 2011/2097/2102 
f 2014/2101/2106 2013/2099/2104 2015/2102/2107 
f 2016/2103/2108 1976/2057/2062 1975/2056/2061 
f 1975/2056/2061 2017/2104/2109 2016/2103/2108 
f 1936/2017/2022 2018/2105/2110 1991/2076/2081 
f 2019/2106/2111 2020/2107/2112 2021/2108/2113 
f 2021/2108/2113 2022/2109/2114 2019/2106/2111 
f 2021/2108/2113 1945/2026/2031 2022/2109/2114 
f 2020/2107/2112 2005/2091/2096 2004/2090/2095 
f 2004/2090/2095 2021/2108/2113 2020/2107/2112 
f 2021/2108/2113 2004/2090/2095 1993/2078/2083 
f 1993/2078/2083 1945/2026/2031 2021/2108/2113 
f 1993/2078/2083 2004/2090/2095 1937/2018/2023 
f 1937/2018/2023 1936/2017/2022 1993/2078/2083 
f 1940/2021/2026 2023/2110/2115 2000/2086/2091 
f 1940/2021/2026 2000/2086/2091 2024/2111/2116 
f 2024/2111/2116 1941/2022/2027 1940/2021/2026 
f 2000/2086/2091 2023/2110/2115 2001/2087/2092 
f 1957/2038/2043 2025/2112/2117 2022/2109/2114 
f 2022/2109/2114 1942/2023/2028 1957/2038/2043 
f 2019/2106/2111 2022/2109/2114 2025/2112/2117 
f 1952/2033/2038 2007/2093/2098 1951/2032/2037 
f 1959/2040/2045 1951/2032/2037 2007/2093/2098 
f 2007/2093/2098 2006/2092/2097 1959/2040/2045 
f 2012/2098/2103 1965/2046/2051 1959/2040/2045 
f 1959/2040/2045 2006/2092/2097 2012/2098/2103 
f 2026/2113/2118 1978/2060/2065 1965/2061/2066 
f 1965/2061/2066 2012/2114/2119 2026/2113/2118 
f 2027/2115/2120 2028/2116/2121 1978/2060/2065 
f 1978/2060/2065 2026/2113/2118 2027/2115/2120 
f 2007/2093/2098 1952/2033/2038 2029/2117/2122 
f 2007/2093/2098 2029/2117/2122 2010/2096/2101 
f 2008/2094/2099 2007/2093/2098 2010/2096/2101 
f 2010/2096/2101 2009/2095/2100 2008/2094/2099 
f 2014/2100/2105 2012/2098/2103 2008/2094/2099 
f 2008/2094/2099 2009/2095/2100 2014/2100/2105 
f 2015/2102/2107 2026/2113/2118 2012/2114/2119 
f 2012/2114/2119 2014/2101/2106 2015/2102/2107 
f 2030/2118/2123 2027/2115/2120 2026/2113/2118 
f 2026/2113/2118 2015/2102/2107 2030/2118/2123 
f 2010/2096/2101 2029/2117/2122 1956/2037/2042 
f 1956/2037/2042 1958/2039/2044 2010/2096/2101 
f 2011/2097/2102 2010/2096/2101 1958/2039/2044 
f 1958/2039/2044 1961/2042/2047 2011/2097/2102 
f 2013/2099/2104 2011/2097/2102 1961/2042/2047 
f 1961/2042/2047 1963/2044/2049 2013/2099/2104 
f 2015/2102/2107 2013/2099/2104 1979/2062/2067 
f 1979/2062/2067 1981/2064/2069 2015/2102/2107 
f 2030/2118/2123 2015/2102/2107 1981/2064/2069 
f 1981/2064/2069 1996/2081/2086 2030/2118/2123 
f 1944/2025/2030 1962/2043/2048 1958/2039/2044 
f 1958/2039/2044 1942/2023/2028 1944/2025/2030 
f 1964/2045/2050 1962/2043/2048 1944/2025/2030 
f 1944/2025/2030 2031/2119/2124 1964/2045/2050 
f 1981/2064/2069 1980/2063/2068 2032/2120/2125 
f 2032/2120/2125 1994/2079/2084 1981/2064/2069 
f 1945/2026/2031 1943/2024/2029 1942/2023/2028 
f 1942/2023/2028 2022/2109/2114 1945/2026/2031 
f 1992/2077/2082 2031/2119/2124 1946/2027/2032 
f 1992/2077/2082 1991/2076/2081 1994/2079/2084 
f 1994/2079/2084 2032/2120/2125 1992/2077/2082 
f 1995/2080/2085 2018/2105/2110 2033/2121/2126 
f 2033/2121/2126 2034/2122/2127 1995/2080/2085 
f 1968/2049/2054 1967/2048/2053 1966/2047/2052 
f 1966/2047/2052 1977/2123/2128 1968/2049/2054 
f 1947/2028/2033 1967/2048/2053 1968/2049/2054 
f 1968/2049/2054 1948/2029/2034 1947/2028/2033 
f 1970/2051/2056 2035/2124/2129 1949/2030/2035 
f 1949/2030/2035 1948/2029/2034 1970/2051/2056 
f 1977/2123/2128 1989/2125/2130 1969/2050/2055 
f 1969/2050/2055 1968/2049/2054 1977/2123/2128 
f 2016/2103/2108 2036/2126/2131 1990/2075/2080 
f 1990/2075/2080 1976/2057/2062 2016/2103/2108 
f 1990/2075/2080 1983/2066/2071 2037/2127/2132 
f 2037/2127/2132 1989/2074/2079 1990/2075/2080 
f 2036/2126/2131 1984/2067/2072 1983/2066/2071 
f 1983/2066/2071 1990/2075/2080 2036/2126/2131 
f 1969/2050/2055 2038/2128/2133 2039/2129/2134 
f 2039/2129/2134 1970/2051/2056 1969/2050/2055 
f 1989/2125/2130 2037/2130/2135 2038/2128/2133 
f 2038/2128/2133 1969/2050/2055 1989/2125/2130 
f 1983/2066/2071 1971/2052/2057 1974/2055/2060 
f 1974/2055/2060 2037/2127/2132 1983/2066/2071 
f 1972/2053/2058 1971/2052/2057 1982/2065/2070 
f 1982/2065/2070 1987/2131/2136 1972/2053/2058 
f 2038/2128/2133 1998/2083/2088 1953/2034/2039 
f 1953/2034/2039 2039/2129/2134 2038/2128/2133 
f 1974/2084/2089 1998/2083/2088 2038/2128/2133 
f 2038/2128/2133 2037/2130/2135 1974/2084/2089 
f 2025/2112/2117 1957/2038/2043 2040/2132/2137 
f 2040/2132/2137 2041/2133/2138 2025/2112/2117 
f 2040/2132/2137 1957/2038/2043 1956/2037/2042 
f 1956/2037/2042 2029/2117/2122 2040/2132/2137 
f 2040/2132/2137 2029/2117/2122 1952/2033/2038 
f 2040/2132/2137 1952/2033/2038 2042/2134/2139 
f 1950/2031/2036 2043/2135/2140 2042/2134/2139 
f 2042/2134/2139 1952/2033/2038 1950/2031/2036 
f 2040/2132/2137 2042/2134/2139 2044/2136/2141 
f 2044/2136/2141 2041/2133/2138 2040/2132/2137 
f 2044/2136/2141 2042/2134/2139 2043/2135/2140 
f 1949/2030/2035 2045/2137/2142 2043/2135/2140 
f 2043/2135/2140 1950/2031/2036 1949/2030/2035 
f 1949/2030/2035 2035/2124/2129 2046/2138/2143 
f 2046/2138/2143 2045/2137/2142 1949/2030/2035 
f 2028/2116/2121 2017/2104/2109 1975/2056/2061 
f 1975/2056/2061 1978/2060/2065 2028/2116/2121 
f 2035/2124/2129 2047/2139/2144 2048/2140/2145 
f 2048/2140/2145 2046/2138/2143 2035/2124/2129 
f 2047/2139/2144 1955/2036/2041 2049/2141/2146 
f 2049/2141/2146 2048/2140/2145 2047/2139/2144 
f 1955/2036/2041 1939/2020/2025 1941/2022/2027 
f 1941/2022/2027 2049/2141/2146 1955/2036/2041 
f 2050/2142/2147 2049/2141/2146 1941/2022/2027 
f 1941/2022/2027 2024/2111/2116 2051/2143/2148 
f 2051/2143/2148 2050/2142/2147 1941/2022/2027 
f 2024/2111/2116 2052/2144/2149 2053/2145/2150 
f 2053/2145/2150 2051/2143/2148 2024/2111/2116 
f 2052/2144/2149 2054/2146/2151 2055/2147/2152 
f 2055/2147/2152 2053/2145/2150 2052/2144/2149 
f 2055/2147/2152 2054/2146/2151 2056/2148/2153 
f 2056/2148/2153 2057/2149/2154 2055/2147/2152 
f 2058/2150/2155 2024/2111/2116 2000/2086/2091 
f 2000/2086/2091 1999/2085/2090 2058/2150/2155 
f 2054/2146/2151 2052/2144/2149 2058/2150/2155 
f 2056/2148/2153 2058/2150/2155 1999/2085/2090 
f 2058/2150/2155 2052/2144/2149 2024/2111/2116 
f 2056/2148/2153 2054/2146/2151 2058/2150/2155 
f 2002/2088/2093 2005/2091/2096 2056/2148/2153 
f 2056/2148/2153 1999/2085/2090 2002/2088/2093 
f 2059/2151/2156 2056/2148/2153 2005/2091/2096 
f 2005/2091/2096 2020/2107/2112 2060/2152/2157 
f 2060/2152/2157 2059/2151/2156 2005/2091/2096 
f 2020/2107/2112 2019/2106/2111 2061/2153/2158 
f 2061/2153/2158 2060/2152/2157 2020/2107/2112 
f 2062/2154/2159 2060/2152/2157 2061/2153/2158 
f 2045/2137/2142 2063/2155/2160 2064/2156/2161 
f 2064/2156/2161 2043/2135/2140 2045/2137/2142 
f 2045/2137/2142 2046/2138/2143 2063/2155/2160 
f 2049/2141/2146 2065/2157/2162 2066/2158/2163 
f 2066/2158/2163 2048/2140/2145 2049/2141/2146 
f 2044/2136/2141 2043/2135/2140 2064/2156/2161 
f 2067/2159/2164 2041/2133/2138 2044/2136/2141 
f 2044/2136/2141 2064/2156/2161 2067/2159/2164 
f 2068/2160/2165 2025/2112/2117 2041/2133/2138 
f 2041/2133/2138 2067/2159/2164 2068/2160/2165 
f 2019/2106/2111 2068/2160/2165 2061/2153/2158 
f 2062/2154/2159 2061/2153/2158 2068/2160/2165 
f 2068/2160/2165 2067/2159/2164 2062/2154/2159 
f 2062/2154/2159 2067/2159/2164 2064/2156/2161 
f 2062/2154/2159 2064/2156/2161 2063/2155/2160 
f 2046/2138/2143 2069/2161/2166 2063/2155/2160 
f 2069/2161/2166 2070/2162/2167 2062/2154/2159 
f 2069/2161/2166 2062/2154/2159 2063/2155/2160 
f 2066/2158/2163 2069/2161/2166 2046/2138/2143 
f 2046/2138/2143 2048/2140/2145 2066/2158/2163 
f 2071/2163/2168 2070/2162/2167 2069/2161/2166 
f 2069/2161/2166 2066/2158/2163 2071/2163/2168 
f 2066/2158/2163 2065/2157/2162 2071/2163/2168 
f 2057/2149/2154 2072/2164/2169 2073/2165/2170 
f 2073/2165/2170 2055/2147/2152 2057/2149/2154 
f 2074/2166/2171 2053/2145/2150 2055/2147/2152 
f 2055/2147/2152 2073/2165/2170 2074/2166/2171 
f 2071/2163/2168 2065/2157/2162 2075/2167/2172 
f 2075/2167/2172 2076/2168/2173 2071/2163/2168 
f 2077/2169/2174 2078/2170/2175 2076/2168/2173 
f 2079/2171/2176 2051/2143/2148 2053/2145/2150 
f 2053/2145/2150 2074/2166/2171 2079/2171/2176 
f 2049/2141/2146 2050/2142/2147 2079/2171/2176 
f 2079/2171/2176 2065/2157/2162 2049/2141/2146 
f 2050/2142/2147 2051/2143/2148 2079/2171/2176 
f 2079/2171/2176 2075/2167/2172 2065/2157/2162 
f 2073/2165/2170 2076/2168/2173 2075/2167/2172 
f 2075/2167/2172 2074/2166/2171 2073/2165/2170 
f 2074/2166/2171 2075/2167/2172 2079/2171/2176 
f 2076/2168/2173 2073/2165/2170 2072/2164/2169 
f 2072/2164/2169 2077/2169/2174 2076/2168/2173 
f 2072/2164/2169 2057/2149/2154 2080/2172/2177 
f 2080/2172/2177 2081/2173/2178 2072/2164/2169 
f 2081/2173/2178 2080/2172/2177 2082/2174/2179 
f 2082/2174/2179 2083/2175/2180 2081/2173/2178 
f 2082/2174/2179 2070/2162/2167 2083/2175/2180 
f 2060/2152/2157 2062/2154/2159 2082/2174/2179 
f 2077/2169/2174 2072/2164/2169 2081/2173/2178 
f 2078/2170/2175 2071/2163/2168 2076/2168/2173 
f 2078/2170/2175 2077/2169/2174 2081/2173/2178 
f 2081/2173/2178 2083/2175/2180 2078/2170/2175 
f 2078/2170/2175 2083/2175/2180 2070/2162/2167 
f 2070/2162/2167 2071/2163/2168 2078/2170/2175 
f 2080/2172/2177 2059/2151/2156 2060/2152/2157 
f 2060/2152/2157 2082/2174/2179 2080/2172/2177 
f 2057/2149/2154 2056/2148/2153 2059/2151/2156 
f 2059/2151/2156 2080/2172/2177 2057/2149/2154 
f 2084/2176/2181 1939/2020/2025 1997/2082/2087 
f 2084/2176/2181 1940/2021/2026 1939/2020/2025 
f 2084/2176/2181 2023/2110/2115 1940/2021/2026 
f 1955/2036/2041 2047/2139/2144 2039/2129/2134 
f 2039/2129/2134 1953/2034/2039 1955/2036/2041 
f 2035/2124/2129 1970/2051/2056 2047/2139/2144 
f 1970/2051/2056 2039/2129/2134 2047/2139/2144 
f 2085/2177/2182 2086/2178/2183 2087/2179/2184 
f 2087/2179/2184 2088/2180/2185 2085/2177/2182 
f 2089/2181/2186 2090/2182/2187 2091/2183/2188 
f 2092/2184/2189 2093/2185/2190 2094/2186/2191 
f 2094/2186/2191 2095/2187/2192 2092/2184/2189 
f 2096/2188/2193 2097/2189/2194 2098/2190/2195 
f 2099/2191/2196 2100/2192/2197 2101/2193/2198 
f 2101/2193/2198 2102/2194/2199 2099/2191/2196 
f 2103/2195/2200 2104/2196/2201 2100/2192/2197 
f 2100/2192/2197 2099/2191/2196 2103/2195/2200 
f 2105/2197/2202 2106/2198/2203 2089/2181/2186 
f 2089/2181/2186 2107/2199/2204 2105/2197/2202 
f 2108/2200/2205 2109/2201/2206 2093/2185/2190 
f 2093/2185/2190 2110/2202/2207 2108/2200/2205 
f 2103/2195/2200 2099/2191/2196 2111/2203/2208 
f 2111/2203/2208 2112/2204/2209 2103/2195/2200 
f 2113/2205/2210 2114/2206/2211 2109/2201/2206 
f 2114/2206/2211 2113/2205/2210 2115/2207/2212 
f 2115/2207/2212 2116/2208/2213 2114/2206/2211 
f 2117/2209/2214 2112/2204/2209 2111/2203/2208 
f 2111/2203/2208 2118/2210/2215 2117/2209/2214 
f 2111/2203/2208 2119/2211/2216 2118/2210/2215 
f 2099/2191/2196 2119/2211/2216 2111/2203/2208 
f 2102/2194/2199 2120/2212/2217 2121/2213/2218 
f 2121/2213/2218 2122/2214/2219 2102/2194/2199 
f 2123/2215/2220 2124/2216/2221 2125/2217/2222 
f 2125/2217/2222 2126/2218/2223 2123/2215/2220 
f 2127/2219/2224 2118/2220/2225 2128/2221/2226 
f 2128/2221/2226 2129/2222/2227 2127/2219/2224 
f 2130/2223/2228 2117/2224/2229 2118/2220/2225 
f 2118/2220/2225 2127/2219/2224 2130/2223/2228 
f 2131/2225/2230 2132/2226/2231 2133/2227/2232 
f 2134/2228/2233 2135/2229/2234 2136/2230/2235 
f 2136/2230/2235 2123/2215/2220 2134/2228/2233 
f 2126/2231/2236 2137/2232/2237 2138/2233/2238 
f 2138/2233/2238 2139/2234/2239 2126/2231/2236 
f 2126/2231/2236 2125/2235/2240 2140/2236/2241 
f 2140/2236/2241 2137/2232/2237 2126/2231/2236 
f 2141/2237/2242 2142/2238/2243 2129/2222/2227 
f 2129/2222/2227 2128/2221/2226 2141/2237/2242 
f 2143/2239/2244 2086/2178/2183 2098/2190/2195 
f 2098/2190/2195 2144/2240/2245 2143/2239/2244 
f 2145/2241/2246 2132/2226/2231 2146/2242/2247 
f 2146/2242/2247 2147/2243/2248 2145/2241/2246 
f 2107/2199/2204 2148/2244/2249 2138/2233/2238 
f 2138/2233/2238 2137/2232/2237 2107/2199/2204 
f 2140/2236/2241 2105/2197/2202 2107/2199/2204 
f 2107/2199/2204 2137/2232/2237 2140/2236/2241 
f 2140/2236/2241 2149/2245/2250 2105/2197/2202 
f 2149/2245/2250 2140/2236/2241 2125/2235/2240 
f 2125/2235/2240 2124/2246/2251 2149/2245/2250 
f 2150/2247/2252 2151/2248/2253 2152/2249/2254 
f 2153/2250/2255 2085/2177/2182 2088/2180/2185 
f 2088/2180/2185 2154/2251/2256 2153/2250/2255 
f 2155/2252/2257 2085/2177/2182 2153/2250/2255 
f 2153/2250/2255 2156/2253/2258 2155/2252/2257 
f 2150/2247/2252 2153/2250/2255 2154/2251/2256 
f 2154/2251/2256 2151/2248/2253 2150/2247/2252 
f 2157/2254/2259 2158/2255/2260 2159/2256/2261 
f 2160/2257/2262 2161/2258/2263 2162/2259/2264 
f 2163/2260/2265 2158/2255/2260 2157/2254/2259 
f 2161/2258/2263 2160/2257/2262 2164/2261/2266 
f 2164/2261/2266 2165/2262/2267 2161/2258/2263 
f 2164/2263/2268 2166/2264/2269 2165/2262/2267 
f 2167/2265/2270 2168/2266/2271 2127/2219/2224 
f 2127/2219/2224 2129/2222/2227 2167/2265/2270 
f 2086/2178/2183 2169/2267/2272 2087/2179/2184 
f 2170/2268/2273 2171/2269/2274 2172/2270/2275 
f 2172/2270/2275 2173/2271/2276 2170/2268/2273 
f 2172/2270/2275 2171/2269/2274 2096/2188/2193 
f 2173/2271/2276 2172/2270/2275 2155/2252/2257 
f 2155/2252/2257 2156/2253/2258 2173/2271/2276 
f 2172/2270/2275 2096/2188/2193 2098/2190/2195 
f 2098/2190/2195 2155/2252/2257 2172/2270/2275 
f 2098/2190/2195 2086/2178/2183 2085/2177/2182 
f 2085/2177/2182 2155/2252/2257 2098/2190/2195 
f 2091/2183/2188 2152/2249/2254 2174/2272/2277 
f 2091/2183/2188 2090/2182/2187 2175/2273/2278 
f 2175/2273/2278 2152/2249/2254 2091/2183/2188 
f 2152/2249/2254 2151/2248/2253 2174/2272/2277 
f 2110/2202/2207 2093/2185/2190 2171/2269/2274 
f 2171/2269/2274 2176/2274/2279 2110/2202/2207 
f 2170/2268/2273 2176/2274/2279 2171/2269/2274 
f 2104/2196/2201 2103/2195/2200 2159/2256/2261 
f 2112/2204/2209 2157/2254/2259 2159/2256/2261 
f 2159/2256/2261 2103/2195/2200 2112/2204/2209 
f 2163/2260/2265 2157/2254/2259 2112/2204/2209 
f 2112/2204/2209 2117/2209/2214 2163/2260/2265 
f 2177/2275/2280 2163/2276/2281 2117/2224/2229 
f 2117/2224/2229 2130/2223/2228 2177/2275/2280 
f 2178/2277/2282 2177/2275/2280 2130/2223/2228 
f 2130/2223/2228 2179/2278/2283 2178/2277/2282 
f 2159/2256/2261 2162/2259/2264 2180/2279/2284 
f 2180/2279/2284 2104/2196/2201 2159/2256/2261 
f 2158/2255/2260 2160/2257/2262 2162/2259/2264 
f 2162/2259/2264 2159/2256/2261 2158/2255/2260 
f 2164/2261/2266 2160/2257/2262 2158/2255/2260 
f 2158/2255/2260 2163/2260/2265 2164/2261/2266 
f 2166/2264/2269 2164/2263/2268 2163/2276/2281 
f 2163/2276/2281 2177/2275/2280 2166/2264/2269 
f 2181/2280/2285 2166/2264/2269 2177/2275/2280 
f 2177/2275/2280 2178/2277/2282 2181/2280/2285 
f 2162/2259/2264 2109/2201/2206 2108/2200/2205 
f 2108/2200/2205 2180/2279/2284 2162/2259/2264 
f 2161/2258/2263 2113/2205/2210 2109/2201/2206 
f 2109/2201/2206 2162/2259/2264 2161/2258/2263 
f 2161/2258/2263 2115/2207/2212 2113/2205/2210 
f 2166/2264/2269 2132/2226/2231 2131/2225/2230 
f 2131/2225/2230 2165/2262/2267 2166/2264/2269 
f 2181/2280/2285 2146/2242/2247 2132/2226/2231 
f 2132/2226/2231 2166/2264/2269 2181/2280/2285 
f 2109/2201/2206 2114/2206/2211 2094/2186/2191 
f 2094/2186/2191 2093/2185/2190 2109/2201/2206 
f 2094/2186/2191 2114/2206/2211 2116/2208/2213 
f 2116/2208/2213 2182/2281/2286 2094/2186/2191 
f 2132/2226/2231 2145/2241/2246 2183/2282/2287 
f 2183/2282/2287 2133/2227/2232 2132/2226/2231 
f 2096/2188/2193 2171/2269/2274 2093/2185/2190 
f 2093/2185/2190 2092/2184/2189 2096/2188/2193 
f 2096/2188/2193 2092/2184/2189 2095/2187/2192 
f 2183/2282/2287 2144/2240/2245 2097/2189/2194 
f 2097/2189/2194 2182/2281/2286 2183/2282/2287 
f 2144/2240/2245 2183/2282/2287 2145/2241/2246 
f 2145/2241/2246 2143/2239/2244 2144/2240/2245 
f 2143/2239/2244 2145/2241/2246 2147/2243/2248 
f 2147/2243/2248 2169/2267/2272 2143/2239/2244 
f 2122/2214/2219 2128/2283/2288 2118/2210/2215 
f 2118/2210/2215 2119/2211/2216 2122/2214/2219 
f 2099/2191/2196 2102/2194/2199 2122/2214/2219 
f 2122/2214/2219 2119/2211/2216 2099/2191/2196 
f 2120/2212/2217 2102/2194/2199 2101/2193/2198 
f 2101/2193/2198 2184/2284/2289 2120/2212/2217 
f 2128/2283/2288 2122/2214/2219 2121/2213/2218 
f 2121/2213/2218 2141/2285/2290 2128/2283/2288 
f 2167/2265/2270 2129/2222/2227 2142/2238/2243 
f 2142/2238/2243 2185/2286/2291 2167/2265/2270 
f 2142/2238/2243 2141/2237/2242 2186/2287/2292 
f 2186/2287/2292 2136/2230/2235 2142/2238/2243 
f 2185/2286/2291 2142/2238/2243 2136/2230/2235 
f 2136/2230/2235 2135/2229/2234 2185/2286/2291 
f 2121/2213/2218 2120/2212/2217 2187/2288/2293 
f 2187/2288/2293 2188/2289/2294 2121/2213/2218 
f 2141/2285/2290 2121/2213/2218 2188/2289/2294 
f 2188/2289/2294 2186/2290/2295 2141/2285/2290 
f 2136/2230/2235 2186/2287/2292 2124/2216/2221 
f 2124/2216/2221 2123/2215/2220 2136/2230/2235 
f 2126/2218/2223 2139/2291/2296 2134/2228/2233 
f 2134/2228/2233 2123/2215/2220 2126/2218/2223 
f 2188/2289/2294 2187/2288/2293 2105/2197/2202 
f 2105/2197/2202 2149/2245/2250 2188/2289/2294 
f 2124/2246/2251 2186/2290/2295 2188/2289/2294 
f 2188/2289/2294 2149/2245/2250 2124/2246/2251 
f 2176/2274/2279 2189/2292/2297 2190/2293/2298 
f 2190/2293/2298 2110/2202/2207 2176/2274/2279 
f 2190/2293/2298 2180/2279/2284 2108/2200/2205 
f 2108/2200/2205 2110/2202/2207 2190/2293/2298 
f 2104/2196/2201 2180/2279/2284 2190/2293/2298 
f 2190/2293/2298 2191/2294/2299 2104/2196/2201 
f 2100/2192/2197 2104/2196/2201 2191/2294/2299 
f 2191/2294/2299 2192/2295/2300 2100/2192/2197 
f 2191/2294/2299 2190/2293/2298 2189/2292/2297 
f 2101/2193/2198 2100/2192/2197 2192/2295/2300 
f 2192/2295/2300 2193/2296/2301 2101/2193/2198 
f 2101/2193/2198 2193/2296/2301 2194/2297/2302 
f 2194/2297/2302 2184/2284/2289 2101/2193/2198 
f 2127/2219/2224 2179/2278/2283 2130/2223/2228 
f 2184/2284/2289 2194/2297/2302 2195/2298/2303 
f 2195/2298/2303 2196/2299/2304 2184/2284/2289 
f 2196/2299/2304 2195/2298/2303 2197/2300/2305 
f 2197/2300/2305 2106/2198/2203 2196/2299/2304 
f 2198/2301/2306 2197/2300/2305 2195/2298/2303 
f 2106/2198/2203 2197/2300/2305 2090/2182/2187 
f 2090/2182/2187 2089/2181/2186 2106/2198/2203 
f 2197/2300/2305 2198/2301/2306 2199/2302/2307 
f 2199/2302/2307 2090/2182/2187 2197/2300/2305 
f 2090/2182/2187 2199/2302/2307 2200/2303/2308 
f 2200/2303/2308 2175/2273/2278 2090/2182/2187 
f 2175/2273/2278 2200/2303/2308 2201/2304/2309 
f 2201/2304/2309 2202/2305/2310 2175/2273/2278 
f 2202/2305/2310 2201/2304/2309 2203/2306/2311 
f 2203/2306/2311 2204/2307/2312 2202/2305/2310 
f 2203/2306/2311 2205/2308/2313 2206/2309/2314 
f 2206/2309/2314 2204/2307/2312 2203/2306/2311 
f 2207/2310/2315 2150/2247/2252 2152/2249/2254 
f 2152/2249/2254 2175/2273/2278 2207/2310/2315 
f 2204/2307/2312 2207/2310/2315 2202/2305/2310 
f 2206/2309/2314 2150/2247/2252 2207/2310/2315 
f 2207/2310/2315 2175/2273/2278 2202/2305/2310 
f 2206/2309/2314 2207/2310/2315 2204/2307/2312 
f 2153/2250/2255 2150/2247/2252 2206/2309/2314 
f 2206/2309/2314 2156/2253/2258 2153/2250/2255 
f 2208/2311/2316 2156/2253/2258 2206/2309/2314 
f 2156/2253/2258 2208/2311/2316 2209/2312/2317 
f 2209/2312/2317 2173/2271/2276 2156/2253/2258 
f 2173/2271/2276 2209/2312/2317 2210/2313/2318 
f 2210/2313/2318 2170/2268/2273 2173/2271/2276 
f 2211/2314/2319 2210/2313/2318 2209/2312/2317 
f 2193/2296/2301 2192/2295/2300 2212/2315/2320 
f 2212/2315/2320 2213/2316/2321 2193/2296/2301 
f 2193/2296/2301 2213/2316/2321 2194/2297/2302 
f 2198/2301/2306 2195/2298/2303 2214/2317/2322 
f 2214/2317/2322 2215/2318/2323 2198/2301/2306 
f 2191/2294/2299 2212/2315/2320 2192/2295/2300 
f 2191/2294/2299 2189/2292/2297 2212/2315/2320 
f 2216/2319/2324 2217/2320/2325 2189/2292/2297 
f 2189/2292/2297 2176/2274/2279 2216/2319/2324 
f 2216/2319/2324 2176/2274/2279 2170/2268/2273 
f 2170/2268/2273 2210/2313/2318 2216/2319/2324 
f 2211/2314/2319 2217/2320/2325 2216/2319/2324 
f 2216/2319/2324 2210/2313/2318 2211/2314/2319 
f 2211/2314/2319 2212/2315/2320 2217/2320/2325 
f 2211/2314/2319 2213/2316/2321 2212/2315/2320 
f 2194/2297/2302 2213/2316/2321 2218/2321/2326 
f 2218/2321/2326 2211/2314/2319 2219/2322/2327 
f 2218/2321/2326 2213/2316/2321 2211/2314/2319 
f 2214/2317/2322 2195/2298/2303 2194/2297/2302 
f 2194/2297/2302 2218/2321/2326 2214/2317/2322 
f 2220/2323/2328 2214/2317/2322 2218/2321/2326 
f 2218/2321/2326 2219/2322/2327 2220/2323/2328 
f 2214/2317/2322 2220/2323/2328 2215/2318/2323 
f 2205/2308/2313 2203/2306/2311 2221/2324/2329 
f 2221/2324/2329 2222/2325/2330 2205/2308/2313 
f 2223/2326/2331 2221/2324/2329 2203/2306/2311 
f 2203/2306/2311 2201/2304/2309 2223/2326/2331 
f 2220/2323/2328 2224/2327/2332 2225/2328/2333 
f 2225/2328/2333 2215/2318/2323 2220/2323/2328 
f 2226/2329/2334 2224/2327/2332 2227/2330/2335 
f 2228/2331/2336 2223/2326/2331 2201/2304/2309 
f 2201/2304/2309 2200/2303/2308 2228/2331/2336 
f 2198/2301/2306 2228/2331/2336 2199/2302/2307 
f 2228/2331/2336 2198/2301/2306 2215/2318/2323 
f 2199/2302/2307 2228/2331/2336 2200/2303/2308 
f 2228/2331/2336 2215/2318/2323 2225/2328/2333 
f 2221/2324/2329 2223/2326/2331 2225/2328/2333 
f 2225/2328/2333 2224/2327/2332 2221/2324/2329 
f 2223/2326/2331 2228/2331/2336 2225/2328/2333 
f 2224/2327/2332 2226/2329/2334 2222/2325/2330 
f 2222/2325/2330 2221/2324/2329 2224/2327/2332 
f 2222/2325/2330 2229/2332/2337 2230/2333/2338 
f 2230/2333/2338 2205/2308/2313 2222/2325/2330 
f 2229/2332/2337 2231/2334/2339 2232/2335/2340 
f 2232/2335/2340 2230/2333/2338 2229/2332/2337 
f 2219/2322/2327 2211/2314/2319 2232/2335/2340 
f 2232/2335/2340 2231/2334/2339 2219/2322/2327 
f 2209/2312/2317 2232/2335/2340 2211/2314/2319 
f 2226/2329/2334 2229/2332/2337 2222/2325/2330 
f 2227/2330/2335 2224/2327/2332 2220/2323/2328 
f 2227/2330/2335 2231/2334/2339 2229/2332/2337 
f 2229/2332/2337 2226/2329/2334 2227/2330/2335 
f 2227/2330/2335 2220/2323/2328 2219/2322/2327 
f 2219/2322/2327 2231/2334/2339 2227/2330/2335 
f 2230/2333/2338 2232/2335/2340 2209/2312/2317 
f 2209/2312/2317 2208/2311/2316 2230/2333/2338 
f 2205/2308/2313 2230/2333/2338 2208/2311/2316 
f 2208/2311/2316 2206/2309/2314 2205/2308/2313 
f 2233/2336/2341 2148/2244/2249 2089/2181/2186 
f 2233/2336/2341 2089/2181/2186 2091/2183/2188 
f 2233/2336/2341 2091/2183/2188 2174/2272/2277 
f 2106/2198/2203 2105/2197/2202 2187/2288/2293 
f 2187/2288/2293 2196/2299/2304 2106/2198/2203 
f 2184/2284/2289 2196/2299/2304 2120/2212/2217 
f 2120/2212/2217 2196/2299/2304 2187/2288/2293 
f 1992/2077/2082 1946/2027/2032 1945/2026/2031 
f 1945/2026/2031 1993/2078/2083 1992/2077/2082 
f 1943/2024/2029 1946/2027/2032 2031/2119/2124 
f 2031/2119/2124 1944/2025/2030 1943/2024/2029 
f 1980/2063/2068 1964/2045/2050 2031/2119/2124 
f 2031/2119/2124 2032/2120/2125 1980/2063/2068 
f 1979/2062/2067 1963/2044/2049 1964/2045/2050 
f 1964/2045/2050 1980/2063/2068 1979/2062/2067 
f 1963/2044/2049 1979/2062/2067 2013/2099/2104 
f 1992/2077/2082 2032/2120/2125 2031/2119/2124 
f 2097/2189/2194 2144/2240/2245 2098/2190/2195 
f 2182/2281/2286 2097/2189/2194 2095/2187/2192 
f 2095/2187/2192 2094/2186/2191 2182/2281/2286 
f 2182/2281/2286 2116/2208/2213 2133/2227/2232 
f 2133/2227/2232 2183/2282/2287 2182/2281/2286 
f 2116/2208/2213 2115/2207/2212 2131/2225/2230 
f 2131/2225/2230 2133/2227/2232 2116/2208/2213 
f 2165/2262/2267 2131/2225/2230 2115/2207/2212 
f 2161/2258/2263 2165/2262/2267 2115/2207/2212 
f 2096/2188/2193 2095/2187/2192 2097/2189/2194 
f 2234/2337/2342 267/308/313 264/305/310 
f 264/305/310 1579/1640/1645 2234/2337/2342 
f 2235/2338/2343 247/288/293 267/308/313 
f 267/308/313 2234/2337/2342 2235/2338/2343 
f 2236/2339/2344 248/289/294 247/288/293 
f 247/288/293 2235/2338/2343 2236/2339/2344 
f 2237/2340/2345 250/291/296 248/289/294 
f 248/289/294 2236/2339/2344 2237/2340/2345 
f 2238/2341/2346 252/293/298 250/291/296 
f 250/291/296 2237/2340/2345 2238/2341/2346 
f 2239/2342/2347 459/500/505 252/293/298 
f 252/293/298 2238/2341/2346 2239/2342/2347 
f 2239/2342/2347 460/501/506 459/500/505 
f 2240/2343/2348 1448/1509/1514 460/501/506 
f 460/501/506 2239/2342/2347 2240/2343/2348 
f 2241/2344/2349 1482/1543/1548 1448/1509/1514 
f 1448/1509/1514 2240/2343/2348 2241/2344/2349 
f 2242/2345/2350 1535/1596/1601 1482/1543/1548 
f 1482/1543/1548 2241/2344/2349 2242/2345/2350 
f 2243/2346/2351 1534/1595/1600 1535/1596/1601 
f 1535/1596/1601 2242/2345/2350 2243/2346/2351 
f 2244/2347/2352 1559/1620/1625 1534/1595/1600 
f 1534/1595/1600 2243/2346/2351 2244/2347/2352 
f 2245/2348/2353 1560/1621/1626 1559/1620/1625 
f 1559/1620/1625 2244/2347/2352 2245/2348/2353 
f 2246/2349/2354 1572/1633/1638 1560/1621/1626 
f 1560/1621/1626 2245/2348/2353 2246/2349/2354 
f 526/567/572 2247/2350/2355 1592/1653/1658 
f 1592/1653/1658 524/565/570 526/567/572 
f 2247/2350/2355 526/567/572 501/542/547 
f 501/542/547 2248/2351/2356 2247/2350/2355 
f 504/545/550 2249/2352/2357 2248/2351/2356 
f 2248/2351/2356 501/542/547 504/545/550 
f 504/545/550 506/547/552 2250/2353/2358 
f 2250/2353/2358 2249/2352/2357 504/545/550 
f 506/547/552 508/549/554 2251/2354/2359 
f 2251/2354/2359 2250/2353/2358 506/547/552 
f 508/549/554 510/551/556 2252/2355/2360 
f 2252/2355/2360 2251/2354/2359 508/549/554 
f 1481/1542/1547 2253/2356/2361 2252/2355/2360 
f 2252/2355/2360 510/551/556 1481/1542/1547 
f 1481/1542/1547 1480/1541/1546 2254/2357/2362 
f 2254/2357/2362 2253/2356/2361 1481/1542/1547 
f 2254/2357/2362 1480/1541/1546 1541/1602/1607 
f 1541/1602/1607 2255/2358/2363 2254/2357/2362 
f 1541/1602/1607 1540/1601/1606 2256/2359/2364 
f 2256/2359/2364 2255/2358/2363 1541/1602/1607 
f 2257/2360/2365 2256/2359/2364 1540/1601/1606 
f 1540/1601/1606 1566/1627/1632 2257/2360/2365 
f 2258/2361/2366 2259/2362/2367 1883/1961/1966 
f 1883/1961/1966 1882/1960/1965 2258/2361/2366 
f 1881/1959/1964 2016/2363/2368 2258/2361/2366 
f 2258/2361/2366 1882/1960/1965 1881/1959/1964 
f 2036/2364/2369 2016/2363/2368 1881/1959/1964 
f 2260/2365/2370 1984/2366/2371 2036/2364/2369 
f 2036/2364/2369 1881/1959/1964 2260/2365/2370 
f 2261/2367/2372 1982/2368/2373 1984/2366/2371 
f 1984/2366/2371 2260/2365/2370 2261/2367/2372 
f 2241/2344/2349 1987/2369/2374 1982/2368/2373 
f 1982/2368/2373 2261/2367/2372 2241/2344/2349 
f 1987/2369/2374 2241/2344/2349 2240/2343/2348 
f 2240/2343/2348 1985/2370/2375 1987/2369/2374 
f 2239/2342/2347 1997/2371/2376 1985/2370/2375 
f 1985/2370/2375 2240/2343/2348 2239/2342/2347 
f 2238/2341/2346 2084/2372/2377 1997/2371/2376 
f 1997/2371/2376 2239/2342/2347 2238/2341/2346 
f 2238/2341/2346 2023/2373/2378 2084/2372/2377 
f 2237/2340/2345 2001/2374/2379 2023/2373/2378 
f 2023/2373/2378 2238/2341/2346 2237/2340/2345 
f 2236/2339/2344 2003/2375/2380 2001/2374/2379 
f 2001/2374/2379 2237/2340/2345 2236/2339/2344 
f 2235/2338/2343 1938/2376/2381 2003/2375/2380 
f 2003/2375/2380 2236/2339/2344 2235/2338/2343 
f 1938/2376/2381 2235/2338/2343 2262/2377/2382 
f 2262/2377/2382 1935/2378/2383 1938/2376/2381 
f 2263/2379/2384 2033/2380/2385 1935/2378/2383 
f 1935/2378/2383 2262/2377/2382 2263/2379/2384 
f 2264/2381/2386 2034/2382/2387 2033/2380/2385 
f 2033/2380/2385 2263/2379/2384 2264/2381/2386 
f 2034/2382/2387 2264/2381/2386 2265/2383/2388 
f 2265/2383/2388 2266/2384/2389 2034/2382/2387 
f 2267/2385/2390 2268/2386/2391 2266/2384/2389 
f 2266/2384/2389 2265/2383/2388 2267/2385/2390 
f 1884/1962/1967 2269/2387/2392 2268/2386/2391 
f 2268/2386/2391 2267/2385/2390 1884/1962/1967 
f 1883/1961/1966 2259/2362/2367 2269/2387/2392 
f 2269/2387/2392 1884/1962/1967 1883/1961/1966 
f 2266/2388/2393 1996/2081/2086 1995/2080/2085 
f 1995/2080/2085 2034/2122/2127 2266/2388/2393 
f 2269/2389/2394 2027/2115/2120 2030/2118/2123 
f 2030/2118/2123 2268/2390/2395 2269/2389/2394 
f 2268/2390/2395 2030/2118/2123 1996/2081/2086 
f 1996/2081/2086 2266/2388/2393 2268/2390/2395 
f 2259/2391/2396 2028/2116/2121 2027/2115/2120 
f 2027/2115/2120 2269/2389/2394 2259/2391/2396 
f 2258/2392/2397 2017/2104/2109 2028/2116/2121 
f 2028/2116/2121 2259/2391/2396 2258/2392/2397 
f 2017/2104/2109 2258/2392/2397 2016/2103/2108 
f 1936/2017/2022 1935/2016/2021 2018/2105/2110 
f 1995/2080/2085 1991/2076/2081 2018/2105/2110 
f 1935/2016/2021 2033/2121/2126 2018/2105/2110 
f 1884/1962/1967 2267/2385/2390 1885/1963/1968 
f 2267/2385/2390 2265/2383/2388 1885/1963/1968 
f 1886/1964/1969 1885/1963/1968 2270/2393/2398 
f 1885/1963/1968 2265/2383/2388 2270/2393/2398 
f 2271/2394/2399 1887/1965/1970 1886/1964/1969 
f 1886/1964/1969 2270/2393/2398 2271/2394/2399 
f 2264/2381/2386 2271/2394/2399 2270/2393/2398 
f 2270/2393/2398 2265/2383/2388 2264/2381/2386 
f 2272/2395/2400 1698/1762/1767 1887/1965/1970 
f 1887/1965/1970 2271/2394/2399 2272/2395/2400 
f 2263/2379/2384 2272/2395/2400 2271/2394/2399 
f 2271/2394/2399 2264/2381/2386 2263/2379/2384 
f 2263/2379/2384 2262/2377/2382 2273/2396/2401 
f 2273/2396/2401 2272/2395/2400 2263/2379/2384 
f 2273/2396/2401 1684/1748/1753 1698/1762/1767 
f 1698/1762/1767 2272/2395/2400 2273/2396/2401 
f 1684/1748/1753 2273/2396/2401 2234/2337/2342 
f 2234/2337/2342 1579/1640/1645 1684/1748/1753 
f 2273/2396/2401 2262/2377/2382 2235/2338/2343 
f 2235/2338/2343 2234/2337/2342 2273/2396/2401 
f 2151/2397/2402 2250/2353/2358 2251/2354/2359 
f 2251/2354/2359 2174/2398/2403 2151/2397/2402 
f 2151/2397/2402 2154/2399/2404 2249/2352/2357 
f 2249/2352/2357 2250/2353/2358 2151/2397/2402 
f 2088/2400/2405 2248/2351/2356 2249/2352/2357 
f 2249/2352/2357 2154/2399/2404 2088/2400/2405 
f 2088/2400/2405 2087/2401/2406 2274/2402/2407 
f 2274/2402/2407 2248/2351/2356 2088/2400/2405 
f 2275/2403/2408 2274/2402/2407 2087/2401/2406 
f 2087/2401/2406 2276/2404/2409 2275/2403/2408 
f 2276/2404/2409 2277/2405/2410 2278/2406/2411 
f 2278/2406/2411 2275/2403/2408 2276/2404/2409 
f 2278/2406/2411 2277/2405/2410 2279/2407/2412 
f 2279/2407/2412 2280/2408/2413 2278/2406/2411 
f 2279/2407/2412 2281/2409/2414 2282/2410/2415 
f 2282/2410/2415 2280/2408/2413 2279/2407/2412 
f 2281/2409/2414 2283/2411/2416 1873/1951/1956 
f 1873/1951/1956 2282/2410/2415 2281/2409/2414 
f 2283/2411/2416 2284/2412/2417 1874/1952/1957 
f 1874/1952/1957 1873/1951/1956 2283/2411/2416 
f 2284/2412/2417 2168/2413/2418 1875/1953/1958 
f 1875/1953/1958 1874/1952/1957 2284/2412/2417 
f 1875/1953/1958 2167/2414/2419 1876/1954/1959 
f 2185/2415/2420 2135/2416/2421 2285/2417/2422 
f 2285/2417/2422 1876/1954/1959 2185/2415/2420 
f 2134/2418/2423 2255/2358/2363 2285/2417/2422 
f 2285/2417/2422 2135/2416/2421 2134/2418/2423 
f 2254/2357/2362 2255/2358/2363 2134/2418/2423 
f 2134/2418/2423 2139/2419/2424 2254/2357/2362 
f 2139/2419/2424 2138/2420/2425 2253/2356/2361 
f 2253/2356/2361 2254/2357/2362 2139/2419/2424 
f 2138/2420/2425 2148/2421/2426 2252/2355/2360 
f 2252/2355/2360 2253/2356/2361 2138/2420/2425 
f 2148/2421/2426 2233/2422/2427 2252/2355/2360 
f 2174/2398/2403 2251/2354/2359 2252/2355/2360 
f 2252/2355/2360 2233/2422/2427 2174/2398/2403 
f 2277/2423/2428 2147/2243/2248 2146/2242/2247 
f 2146/2242/2247 2279/2424/2429 2277/2423/2428 
f 2283/2425/2430 2178/2277/2282 2179/2278/2283 
f 2179/2278/2283 2284/2426/2431 2283/2425/2430 
f 2281/2427/2432 2181/2280/2285 2178/2277/2282 
f 2178/2277/2282 2283/2425/2430 2281/2427/2432 
f 2279/2424/2429 2146/2242/2247 2181/2280/2285 
f 2181/2280/2285 2281/2427/2432 2279/2424/2429 
f 2276/2428/2433 2169/2267/2272 2147/2243/2248 
f 2147/2243/2248 2277/2423/2428 2276/2428/2433 
f 2168/2266/2271 2284/2426/2431 2179/2278/2283 
f 2127/2219/2224 2168/2266/2271 2179/2278/2283 
f 2087/2179/2184 2169/2267/2272 2276/2428/2433 
f 2086/2178/2183 2143/2239/2244 2169/2267/2272 
f 2167/2414/2419 2185/2415/2420 1876/1954/1959 
f 1875/1953/1958 2168/2413/2418 2167/2414/2419 
f 2286/2429/2434 2247/2350/2355 2248/2351/2356 
f 2248/2351/2356 2274/2402/2407 2286/2429/2434 
f 2274/2402/2407 2275/2403/2408 2287/2430/2435 
f 2287/2430/2435 2286/2429/2434 2274/2402/2407 
f 2287/2430/2435 2275/2403/2408 2288/2431/2436 
f 2289/2432/2437 1872/1950/1955 1871/1949/1954 
f 1871/1949/1954 2290/2433/2438 2289/2432/2437 
f 2280/2408/2413 2282/2410/2415 2289/2432/2437 
f 2282/2410/2415 1873/1951/1956 1872/1950/1955 
f 2288/2431/2436 2275/2403/2408 2278/2406/2411 
f 2278/2406/2411 2290/2433/2438 2288/2431/2436 
f 2288/2431/2436 2290/2433/2438 1871/1949/1954 
f 1871/1949/1954 1870/1948/1953 2288/2431/2436 
f 2280/2408/2413 2289/2432/2437 2290/2433/2438 
f 2290/2433/2438 2278/2406/2411 2280/2408/2413 
f 2282/2410/2415 1872/1950/1955 2289/2432/2437 
f 2287/2430/2435 2288/2431/2436 1870/1948/1953 
f 1870/1948/1953 1869/1947/1952 2287/2430/2435 
f 1868/1946/1951 2286/2429/2434 2287/2430/2435 
f 2287/2430/2435 1869/1947/1952 1868/1946/1951 
f 2247/2350/2355 2286/2429/2434 1868/1946/1951 
f 1868/1946/1951 1592/1653/1658 2247/2350/2355 
f 1991/2076/2081 1995/2080/2085 1994/2079/2084 
f 1939/2020/2025 1954/2035/2040 1997/2082/2087 
f 2148/2244/2249 2107/2199/2204 2089/2181/2186 
f 354/395/400 1293/1354/1359 1284/1345/1350 
f 1293/1354/1359 457/498/503 2291/2434/2439 
f 1455/1516/1521 2292/2435/2440 2293/2436/2441 
f 2293/2436/2441 1456/1517/1522 1455/1516/1521 
f 2294/2437/2442 2292/2435/2440 1455/1516/1521 
f 1455/1516/1521 1486/1547/1552 2294/2437/2442 
f 1285/1346/1351 1292/1353/1358 1294/1355/1360 
f 1294/1355/1360 1286/1347/1352 1285/1346/1351 
f 1294/1355/1360 1293/1354/1359 2291/2434/2439 
f 2291/2434/2439 1576/1637/1642 1294/1355/1360 
f 1458/1519/1524 1457/1518/1523 2293/2436/2441 
f 2293/2436/2441 2292/2435/2440 1458/1519/1524 
f 1487/1548/1553 1458/1519/1524 2292/2435/2440 
f 2292/2435/2440 2294/2437/2442 1487/1548/1553 
f 1241/1302/1307 1284/1345/1350 1292/1353/1358 
f 1521/1582/1587 1520/1581/1586 2294/2437/2442 
f 2294/2437/2442 1486/1547/1552 1521/1582/1587 
f 1520/1581/1586 1573/1634/1639 1487/1548/1553 
f 1487/1548/1553 2294/2437/2442 1520/1581/1586 
f 2295/2438/2443 1506/1567/1572 1505/1566/1571 
f 1505/1566/1571 1573/1634/1639 2295/2438/2443 
f 1519/1580/1585 2295/2438/2443 1573/1634/1639 
f 1573/1634/1639 1520/1581/1586 1519/1580/1585 
f 605/646/651 1296/1357/1362 1500/1561/1566 
f 1500/1561/1566 697/738/743 605/646/651 
f 1246/1307/1312 1291/1352/1357 1295/1356/1361 
f 1295/1356/1361 1296/1357/1362 1246/1307/1312 
f 1295/1356/1361 1297/1358/1363 1500/1561/1566 
f 1500/1561/1566 1296/1357/1362 1295/1356/1361 
f 1289/1350/1355 1467/1528/1533 1469/1530/1535 
f 1469/1530/1535 1297/1358/1363 1289/1350/1355 
f 1470/1531/1536 1495/1556/1561 1494/1555/1560 
f 1574/1635/1640 2296/2439/2444 1525/1586/1591 
f 1525/1586/1591 1524/1585/1590 1574/1635/1640 
f 2296/2439/2444 1574/1635/1640 1517/1578/1583 
f 1517/1578/1583 1516/1577/1582 2296/2439/2444 
f 1282/1343/1348 1466/1527/1532 1467/1528/1533 
f 1495/1556/1561 1470/1531/1536 1469/1530/1535 
f 1469/1530/1535 1467/1528/1533 1495/1556/1561 
f 1500/1561/1566 1297/1358/1363 1469/1530/1535 
f 1469/1530/1535 1468/1529/1534 1500/1561/1566 
f 1466/1527/1532 1495/1556/1561 1467/1528/1533 
f 457/498/503 1456/1517/1522 2291/2434/2439 
f 2293/2436/2441 1457/1518/1523 1576/1637/1642 
f 1576/1637/1642 2291/2434/2439 2293/2436/2441 
f 1286/1347/1352 1294/1355/1360 1576/1637/1642 
f 1576/1637/1642 1575/1636/1641 1286/1347/1352 
f 1287/1348/1353 1286/1347/1352 1575/1636/1641 
f 1456/1517/1522 2293/2436/2441 2291/2434/2439 
f 2261/2367/2372 2242/2345/2350 2241/2344/2349 
f 2260/2365/2370 1881/1959/1964 1880/1958/1963 
f 2260/2365/2370 1880/1958/1963 1879/1957/1962 
f 1879/1957/1962 2297/2440/2445 2260/2365/2370 
f 2297/2440/2445 2261/2367/2372 2260/2365/2370 
f 2297/2440/2445 2242/2345/2350 2261/2367/2372 
f 2285/2417/2422 1878/1956/1961 1876/1954/1959 
f 2256/2359/2364 2285/2417/2422 2255/2358/2363 
f 1878/1956/1961 2285/2417/2422 1877/1955/1960 
f 2298/2441/2446 2299/2442/2447 1635/1696/1701 
f 1635/1696/1701 1630/1691/1696 2298/2441/2446 
f 1635/1937/1942 2299/2443/2448 2300/2444/2449 
f 2300/2444/2449 1860/1938/1943 1635/1937/1942 
f 1860/1938/1943 2300/2444/2449 2301/2445/2450 
f 2301/2445/2450 1857/1933/1938 1860/1938/1943 
f 1857/1933/1938 2301/2445/2450 2302/2446/2451 
f 2302/2446/2451 1858/1934/1939 1857/1933/1938 
f 1858/1934/1939 2302/2446/2451 2303/2447/2452 
f 2303/2447/2452 1855/1931/1936 1858/1934/1939 
f 2303/2447/2452 2302/2446/2451 2304/2448/2453 
f 2304/2448/2453 2305/2449/2454 2303/2447/2452 
f 1633/1694/1699 2306/2450/2455 2298/2441/2446 
f 2298/2441/2446 1630/1691/1696 1633/1694/1699 
f 2307/2451/2456 2306/2450/2455 1633/1694/1699 
f 1633/1694/1699 1629/1690/1695 2307/2451/2456 
f 2308/2452/2457 2307/2451/2456 1629/1690/1695 
f 1629/1690/1695 1627/1688/1693 2308/2452/2457 
f 1855/1931/1936 2303/2447/2452 2309/2453/2458 
f 2309/2453/2458 1850/1926/1931 1855/1931/1936 
f 2310/2454/2459 2309/2453/2458 2303/2447/2452 
f 2303/2447/2452 2305/2449/2454 2310/2454/2459 
f 1627/1688/1693 1626/1687/1692 2311/2455/2460 
f 2311/2455/2460 2308/2452/2457 1627/1688/1693 
f 2245/2348/2353 2309/2453/2458 2310/2454/2459 
f 2310/2454/2459 2246/2349/2354 2245/2348/2353 
f 2309/2453/2458 2245/2348/2353 2312/2456/2461 
f 2312/2456/2461 1851/1927/1932 1850/1926/1931 
f 1850/1926/1931 2309/2453/2458 2312/2456/2461 
f 2243/2346/2351 2297/2440/2445 1879/1957/1962 
f 1879/1957/1962 2244/2347/2352 2243/2346/2351 
f 1879/1957/1962 1851/1927/1932 2312/2456/2461 
f 2312/2456/2461 2244/2347/2352 1879/1957/1962 
f 2245/2348/2353 2244/2347/2352 2312/2456/2461 
f 2311/2455/2460 1626/1687/1692 1877/1955/1960 
f 1877/1955/1960 2257/2360/2365 2311/2455/2460 
f 2297/2440/2445 2243/2346/2351 2242/2345/2350 
f 458/499/504 253/294/299 459/500/505 
f 1566/1627/1632 2311/2455/2460 2257/2360/2365 
f 1877/1955/1960 2256/2359/2364 2257/2360/2365 
f 1566/1627/1632 1565/1626/1631 2311/2455/2460 
f 1565/1626/1631 2308/2452/2457 2311/2455/2460 
f 2285/2417/2422 2256/2359/2364 1877/1955/1960 
f 396/437/442 390/431/436 388/429/434 
f 635/676/681 641/682/687 634/675/680 
f 1891/1969/1974 1895/1973/1978 1898/1976/1981 
f 1901/1982/1987 1897/1977/1982 1899/1979/1984 
f 1734/1800/1805 1741/1807/1812 1742/1808/1813 
f 354/395/400 457/498/503 1293/1354/1359 
f 293/334/339 355/396/401 352/393/398 
f 352/393/398 291/332/337 293/334/339 
f 508/549/554 507/548/553 509/550/555 
f 252/293/298 459/500/505 253/294/299 
f 1542/1603/1608 1506/1567/1572 2295/2438/2443 
f 1570/1631/1636 2296/2439/2444 1516/1577/1582 
f 2296/2439/2444 1570/1631/1636 1550/1611/1616 
f 1550/1611/1616 1525/1586/1591 2296/2439/2444 
f 2295/2438/2443 1519/1580/1585 1543/1604/1609 
f 1543/1604/1609 1542/1603/1608 2295/2438/2443 
f 1511/1572/1577 1509/1570/1575 1568/1629/1634 
f 1515/1576/1581 1514/1575/1580 1513/1574/1579 
f 1491/1552/1557 1504/1565/1570 1577/1638/1643 
f 1577/1638/1643 1513/1574/1579 1491/1552/1557 
f 1512/1573/1578 1510/1571/1576 1509/1570/1575 
f 1577/1638/1643 1504/1565/1570 1503/1564/1569 
f 1503/1564/1569 1512/1573/1578 1577/1638/1643 
f 1511/1572/1577 1577/1638/1643 1512/1573/1578 
f 2082/2174/2179 2062/2154/2159 2070/2162/2167 
f 1726/1790/1795 1725/1789/1794 1736/1802/1807 
f 1756/1823/1828 1751/1817/1822 1774/1842/1847 
f 712/753/758 626/667/672 614/655/660 
f 485/526/531 380/421/426 365/406/411 
f 468/509/514 485/526/531 379/420/425 
f 706/747/752 631/672/677 626/667/672 
f 446/487/492 448/489/494 436/477/482 
f 436/477/482 435/476/481 446/487/492 
f 677/718/723 691/732/737 689/730/735 
f 689/730/735 678/719/724 677/718/723 
f 449/490/495 434/475/480 1340/1401/1406 
f 688/729/734 1375/1436/1441 1343/1404/1409 
f 1620/1681/1686 1621/1682/1687 1929/2010/2015 
f 1905/1986/1991 1619/1680/1685 1930/2011/2016 
f 1620/1681/1686 1928/2009/2014 1930/2011/2016 
f 1930/2011/2016 1928/2009/2014 1909/1990/1995 
f 2189/2292/2297 2217/2320/2325 2212/2315/2320 
f 2019/2106/2111 2025/2112/2117 2068/2160/2165 
f 2313/2457/2462 2314/2458/2463 2315/2459/2464 
f 2315/2459/2464 2316/2460/2465 2313/2457/2462 
f 2314/2458/2463 2317/2461/2466 2318/2462/2467 
f 2318/2462/2467 2315/2459/2464 2314/2458/2463 
f 2316/2460/2465 2319/2463/2468 2320/2464/2469 
f 2320/2464/2469 2313/2457/2462 2316/2460/2465 
f 2321/2465/2470 2322/2466/2471 2323/2467/2472 
f 2323/2467/2472 2324/2468/2473 2321/2465/2470 
f 2324/2468/2473 2323/2467/2472 2325/2469/2474 
f 2325/2469/2474 2326/2470/2475 2324/2468/2473 
f 2322/2466/2471 2321/2465/2470 2327/2471/2476 
f 2327/2471/2476 2328/2472/2477 2322/2466/2471 
f 2329/2473/2478 2330/2474/2479 2331/2475/2480 
f 2331/2475/2480 2332/2476/2481 2329/2473/2478 
f 2333/2477/2482 2332/2476/2481 2331/2475/2480 
f 2334/2478/2483 2335/2479/2484 2332/2476/2481 
f 2332/2476/2481 2333/2477/2482 2334/2478/2483 
f 2336/2480/2485 2337/2481/2486 2335/2479/2484 
f 2335/2479/2484 2334/2478/2483 2336/2480/2485 
f 2338/2482/2487 2337/2481/2486 2336/2480/2485 
f 2338/2482/2487 2339/2483/2488 2340/2484/2489 
f 2340/2484/2489 2337/2481/2486 2338/2482/2487 
f 2341/2485/2490 2342/2486/2491 2340/2484/2489 
f 2340/2484/2489 2339/2483/2488 2341/2485/2490 
f 2333/2477/2482 2343/2487/2492 2344/2488/2493 
f 2344/2488/2493 2334/2478/2483 2333/2477/2482 
f 2333/2477/2482 2331/2475/2480 2345/2489/2494 
f 2345/2489/2494 2346/2490/2495 2333/2477/2482 
f 2331/2475/2480 2330/2474/2479 2347/2491/2496 
f 2347/2491/2496 2348/2492/2497 2331/2475/2480 
f 2336/2480/2485 2334/2478/2483 2349/2493/2498 
f 2349/2493/2498 2350/2494/2499 2336/2480/2485 
f 2338/2482/2487 2336/2480/2485 2351/2495/2500 
f 2351/2495/2500 2352/2496/2501 2338/2482/2487 
f 2339/2483/2488 2338/2482/2487 2352/2496/2501 
f 2352/2496/2501 2353/2497/2502 2339/2483/2488 
f 2339/2483/2488 2354/2498/2503 2355/2499/2504 
f 2355/2499/2504 2341/2485/2490 2339/2483/2488 
f 2334/2478/2483 2356/2500/2505 2349/2493/2498 
f 2336/2480/2485 2357/2501/2506 2351/2495/2500 
f 2339/2483/2488 2358/2502/2507 2354/2498/2503 
f 2346/2490/2495 2359/2503/2508 2333/2477/2482 
f 2348/2492/2497 2360/2504/2509 2331/2475/2480 
f 2359/2503/2508 2343/2487/2492 2333/2477/2482 
f 2360/2504/2509 2345/2489/2494 2331/2475/2480 
f 2334/2478/2483 2344/2488/2493 2356/2500/2505 
f 2336/2480/2485 2350/2494/2499 2357/2501/2506 
f 2339/2483/2488 2353/2497/2502 2358/2502/2507 
f 2348/2492/2497 2347/2491/2496 2361/2505/2510 
f 2361/2505/2510 2362/2506/2511 2348/2492/2497 
f 2362/2506/2511 2363/2507/2512 2346/2490/2495 
f 2346/2490/2495 2345/2489/2494 2362/2506/2511 
f 2344/2488/2493 2343/2487/2492 2364/2508/2513 
f 2364/2508/2513 2365/2509/2514 2344/2488/2493 
f 2366/2510/2515 2367/2511/2516 2368/2512/2517 
f 2368/2512/2517 2369/2513/2518 2366/2510/2515 
f 2352/2496/2501 2351/2495/2500 2370/2514/2519 
f 2370/2514/2519 2371/2515/2520 2352/2496/2501 
f 2353/2497/2502 2352/2496/2501 2371/2515/2520 
f 2371/2515/2520 2372/2516/2521 2353/2497/2502 
f 2363/2507/2512 2359/2503/2508 2346/2490/2495 
f 2343/2487/2492 2359/2503/2508 2373/2517/2522 
f 2373/2517/2522 2364/2508/2513 2343/2487/2492 
f 2345/2489/2494 2360/2504/2509 2362/2506/2511 
f 2362/2506/2511 2360/2504/2509 2348/2492/2497 
f 2362/2518/2523 2361/2519/2524 2374/2520/2525 
f 2374/2520/2525 2375/2521/2526 2362/2518/2523 
f 2363/2522/2527 2362/2518/2523 2375/2521/2526 
f 2375/2521/2526 2373/2523/2528 2363/2522/2527 
f 2368/2512/2517 2365/2524/2529 2364/2525/2530 
f 2364/2525/2530 2373/2523/2528 2368/2512/2517 
f 2365/2509/2514 2356/2500/2505 2344/2488/2493 
f 2349/2493/2498 2356/2500/2505 2367/2526/2531 
f 2356/2527/2532 2365/2524/2529 2368/2512/2517 
f 2358/2502/2507 2353/2497/2502 2372/2516/2521 
f 2354/2498/2503 2358/2502/2507 2372/2516/2521 
f 2371/2528/2533 2376/2529/2534 2377/2530/2535 
f 2377/2530/2535 2372/2531/2536 2371/2528/2533 
f 2371/2528/2533 2370/2532/2537 2369/2513/2518 
f 2369/2513/2518 2376/2529/2534 2371/2528/2533 
f 2351/2495/2500 2357/2501/2506 2378/2533/2538 
f 2378/2533/2538 2370/2514/2519 2351/2495/2500 
f 2369/2513/2518 2370/2532/2537 2378/2534/2539 
f 2356/2527/2532 2368/2512/2517 2367/2511/2516 
f 2367/2526/2531 2366/2535/2540 2350/2494/2499 
f 2350/2494/2499 2349/2493/2498 2367/2526/2531 
f 2357/2501/2506 2350/2494/2499 2366/2535/2540 
f 2366/2535/2540 2378/2533/2538 2357/2501/2506 
f 2369/2513/2518 2378/2534/2539 2366/2510/2515 
f 2379/2536/2541 2355/2499/2504 2354/2498/2503 
f 2354/2498/2503 2372/2516/2521 2379/2536/2541 
f 2372/2531/2536 2377/2530/2535 2380/2537/2542 
f 2380/2537/2542 2379/2538/2543 2372/2531/2536 
f 2368/2512/2517 2373/2523/2528 2375/2521/2526 
f 2329/2473/2478 2381/2539/2544 2382/2540/2545 
f 2382/2540/2545 2330/2474/2479 2329/2473/2478 
f 2383/2541/2546 2382/2540/2545 2381/2539/2544 
f 2384/2542/2547 2383/2541/2546 2381/2539/2544 
f 2381/2539/2544 2385/2543/2548 2384/2542/2547 
f 2386/2544/2549 2384/2542/2547 2385/2543/2548 
f 2385/2543/2548 2387/2545/2550 2386/2544/2549 
f 2388/2546/2551 2386/2544/2549 2387/2545/2550 
f 2388/2546/2551 2387/2545/2550 2389/2547/2552 
f 2389/2547/2552 2390/2548/2553 2388/2546/2551 
f 2391/2549/2554 2390/2548/2553 2389/2547/2552 
f 2389/2547/2552 2392/2550/2555 2391/2549/2554 
f 2383/2541/2546 2384/2542/2547 2393/2551/2556 
f 2393/2551/2556 2394/2552/2557 2383/2541/2546 
f 2383/2541/2546 2395/2553/2558 2396/2554/2559 
f 2396/2554/2559 2382/2540/2545 2383/2541/2546 
f 2382/2540/2545 2397/2555/2560 2398/2556/2561 
f 2398/2556/2561 2330/2474/2479 2382/2540/2545 
f 2386/2544/2549 2399/2557/2562 2400/2558/2563 
f 2400/2558/2563 2384/2542/2547 2386/2544/2549 
f 2388/2546/2551 2401/2559/2564 2402/2560/2565 
f 2402/2560/2565 2386/2544/2549 2388/2546/2551 
f 2390/2548/2553 2403/2561/2566 2401/2559/2564 
f 2401/2559/2564 2388/2546/2551 2390/2548/2553 
f 2390/2548/2553 2391/2549/2554 2404/2562/2567 
f 2404/2562/2567 2405/2563/2568 2390/2548/2553 
f 2384/2542/2547 2400/2558/2563 2406/2564/2569 
f 2386/2544/2549 2402/2560/2565 2407/2565/2570 
f 2390/2548/2553 2405/2563/2568 2408/2566/2571 
f 2395/2553/2558 2383/2541/2546 2409/2567/2572 
f 2397/2555/2560 2382/2540/2545 2410/2568/2573 
f 2409/2567/2572 2383/2541/2546 2394/2552/2557 
f 2410/2568/2573 2382/2540/2545 2396/2554/2559 
f 2384/2542/2547 2406/2564/2569 2393/2551/2556 
f 2386/2544/2549 2407/2565/2570 2399/2557/2562 
f 2390/2548/2553 2408/2566/2571 2403/2561/2566 
f 2397/2555/2560 2411/2569/2574 2361/2505/2510 
f 2361/2505/2510 2398/2556/2561 2397/2555/2560 
f 2411/2569/2574 2396/2554/2559 2395/2553/2558 
f 2395/2553/2558 2412/2570/2575 2411/2569/2574 
f 2393/2551/2556 2413/2571/2576 2414/2572/2577 
f 2414/2572/2577 2394/2552/2557 2393/2551/2556 
f 2415/2573/2578 2416/2574/2579 2417/2575/2580 
f 2417/2575/2580 2418/2576/2581 2415/2573/2578 
f 2401/2559/2564 2419/2577/2582 2420/2578/2583 
f 2420/2578/2583 2402/2560/2565 2401/2559/2564 
f 2403/2561/2566 2421/2579/2584 2419/2577/2582 
f 2419/2577/2582 2401/2559/2564 2403/2561/2566 
f 2412/2570/2575 2395/2553/2558 2409/2567/2572 
f 2394/2552/2557 2414/2572/2577 2422/2580/2585 
f 2422/2580/2585 2409/2567/2572 2394/2552/2557 
f 2396/2554/2559 2411/2569/2574 2410/2568/2573 
f 2411/2569/2574 2397/2555/2560 2410/2568/2573 
f 2411/2581/2586 2423/2582/2587 2374/2520/2525 
f 2374/2520/2525 2361/2519/2524 2411/2581/2586 
f 2423/2582/2587 2411/2581/2586 2412/2583/2588 
f 2412/2583/2588 2422/2584/2589 2423/2582/2587 
f 2417/2575/2580 2422/2584/2589 2414/2585/2590 
f 2414/2585/2590 2413/2586/2591 2417/2575/2580 
f 2413/2571/2576 2393/2551/2556 2406/2564/2569 
f 2400/2558/2563 2418/2587/2592 2406/2564/2569 
f 2406/2588/2593 2417/2575/2580 2413/2586/2591 
f 2421/2579/2584 2403/2561/2566 2408/2566/2571 
f 2421/2579/2584 2408/2566/2571 2405/2563/2568 
f 2419/2589/2594 2421/2590/2595 2424/2591/2596 
f 2424/2591/2596 2425/2592/2597 2419/2589/2594 
f 2419/2589/2594 2425/2592/2597 2416/2574/2579 
f 2416/2574/2579 2420/2593/2598 2419/2589/2594 
f 2402/2560/2565 2420/2578/2583 2426/2594/2599 
f 2426/2594/2599 2407/2565/2570 2402/2560/2565 
f 2416/2574/2579 2426/2595/2600 2420/2593/2598 
f 2406/2588/2593 2418/2576/2581 2417/2575/2580 
f 2418/2587/2592 2400/2558/2563 2399/2557/2562 
f 2399/2557/2562 2415/2596/2601 2418/2587/2592 
f 2407/2565/2570 2426/2594/2599 2415/2596/2601 
f 2415/2596/2601 2399/2557/2562 2407/2565/2570 
f 2416/2574/2579 2415/2573/2578 2426/2595/2600 
f 2427/2597/2602 2421/2579/2584 2405/2563/2568 
f 2405/2563/2568 2404/2562/2567 2427/2597/2602 
f 2421/2590/2595 2427/2598/2603 2428/2599/2604 
f 2428/2599/2604 2424/2591/2596 2421/2590/2595 
f 2417/2575/2580 2423/2582/2587 2422/2584/2589 
f 2361/2505/2510 2347/2491/2496 2429/2600/2605 
f 2398/2556/2561 2361/2505/2510 2429/2600/2605 
f 2330/2474/2479 2398/2556/2561 2429/2600/2605 
f 2347/2491/2496 2330/2474/2479 2429/2600/2605 
f 2430/2601/2606 2431/2602/2607 2432/2603/2608 
f 2432/2603/2608 2433/2604/2609 2430/2601/2606 
f 2434/2605/2610 2435/2606/2611 2436/2607/2612 
f 2436/2607/2612 2437/2608/2613 2434/2605/2610 
f 2435/2606/2611 2438/2609/2614 2439/2610/2615 
f 2439/2610/2615 2440/2611/2616 2435/2606/2611 
f 2441/2612/2617 2442/2613/2618 2438/2609/2614 
f 2441/2612/2617 2443/2614/2619 2444/2615/2620 
f 2444/2615/2620 2445/2616/2621 2441/2612/2617 
f 2446/2617/2622 2447/2618/2623 2440/2611/2616 
f 2448/2619/2624 2440/2611/2616 2447/2618/2623 
f 2436/2607/2612 2448/2619/2624 2449/2620/2625 
f 2437/2608/2613 2450/2621/2626 2451/2622/2627 
f 2452/2623/2628 2453/2624/2629 2442/2613/2618 
f 2442/2613/2618 2454/2625/2630 2452/2623/2628 
f 2441/2612/2617 2445/2616/2621 2442/2613/2618 
f 2438/2609/2614 2453/2624/2629 2439/2610/2615 
f 2445/2616/2621 2455/2626/2631 2442/2613/2618 
f 2453/2624/2629 2438/2609/2614 2442/2613/2618 
f 2453/2624/2629 2452/2623/2628 2456/2627/2632 
f 2456/2627/2632 2439/2610/2615 2453/2624/2629 
f 2440/2611/2616 2456/2627/2632 2446/2617/2622 
f 2457/2628/2633 2435/2606/2611 2440/2611/2616 
f 2457/2628/2633 2436/2607/2612 2435/2606/2611 
f 2436/2607/2612 2449/2620/2625 2458/2629/2634 
f 2450/2621/2626 2436/2607/2612 2458/2629/2634 
f 2431/2602/2607 2434/2605/2610 2451/2622/2627 
f 2434/2605/2610 2431/2602/2607 2430/2601/2606 
f 2430/2601/2606 2459/2630/2635 2434/2605/2610 
f 2460/2631/2636 2461/2632/2637 2451/2622/2627 
f 2434/2605/2610 2437/2608/2613 2451/2622/2627 
f 2461/2632/2637 2431/2602/2607 2451/2622/2627 
f 2445/2616/2621 2444/2615/2620 2462/2633/2638 
f 2462/2633/2638 2455/2626/2631 2445/2616/2621 
f 2463/2634/2639 2464/2635/2640 2455/2626/2631 
f 2455/2626/2631 2462/2633/2638 2463/2634/2639 
f 2455/2626/2631 2464/2635/2640 2454/2625/2630 
f 2454/2625/2630 2465/2636/2641 2466/2637/2642 
f 2466/2637/2642 2452/2623/2628 2454/2625/2630 
f 2452/2623/2628 2466/2637/2642 2467/2638/2643 
f 2467/2638/2643 2456/2627/2632 2452/2623/2628 
f 2446/2617/2622 2456/2627/2632 2467/2638/2643 
f 2446/2617/2622 2467/2638/2643 2468/2639/2644 
f 2468/2639/2644 2447/2618/2623 2446/2617/2622 
f 2469/2640/2645 2447/2618/2623 2468/2639/2644 
f 2470/2641/2646 2449/2620/2625 2469/2640/2645 
f 2449/2620/2625 2470/2641/2646 2471/2642/2647 
f 2471/2642/2647 2458/2629/2634 2449/2620/2625 
f 2472/2643/2648 2458/2629/2634 2471/2642/2647 
f 2473/2644/2649 2460/2631/2636 2472/2643/2648 
f 2460/2631/2636 2473/2644/2649 2474/2645/2650 
f 2474/2645/2650 2461/2632/2637 2460/2631/2636 
f 2475/2646/2651 2461/2632/2637 2474/2645/2650 
f 2476/2647/2652 2432/2603/2608 2475/2646/2651 
f 2432/2603/2608 2476/2647/2652 2477/2648/2653 
f 2477/2648/2653 2433/2604/2609 2432/2603/2608 
f 2433/2604/2609 2478/2649/2654 2430/2601/2606 
f 2433/2604/2609 2477/2648/2653 2478/2649/2654 
f 2475/2646/2651 2431/2602/2607 2461/2632/2637 
f 2432/2603/2608 2431/2602/2607 2475/2646/2651 
f 2472/2643/2648 2450/2621/2626 2458/2629/2634 
f 2460/2631/2636 2450/2621/2626 2472/2643/2648 
f 2469/2640/2645 2448/2619/2624 2447/2618/2623 
f 2449/2620/2625 2448/2619/2624 2469/2640/2645 
f 2479/2650/2655 2480/2651/2656 2464/2652/2657 
f 2464/2652/2657 2481/2653/2658 2479/2650/2655 
f 2482/2654/2659 2464/2652/2657 2480/2651/2656 
f 2480/2651/2656 2483/2655/2660 2482/2654/2659 
f 2483/2655/2660 2480/2651/2656 2484/2656/2661 
f 2484/2656/2661 2485/2657/2662 2483/2655/2660 
f 2486/2658/2663 2485/2657/2662 2484/2656/2661 
f 2487/2659/2664 2486/2658/2663 2484/2656/2661 
f 2488/2660/2665 2489/2661/2666 2490/2662/2667 
f 2490/2662/2667 2484/2656/2661 2488/2660/2665 
f 2484/2656/2661 2490/2662/2667 2487/2659/2664 
f 2491/2663/2668 2489/2661/2666 2488/2660/2665 
f 2492/2664/2669 2491/2663/2668 2488/2660/2665 
f 2492/2664/2669 2488/2660/2665 2493/2665/2670 
f 2493/2665/2670 2494/2666/2671 2492/2664/2669 
f 2495/2667/2672 2494/2666/2671 2493/2665/2670 
f 2495/2667/2672 2493/2665/2670 2496/2668/2673 
f 2496/2668/2673 2497/2669/2674 2495/2667/2672 
f 2496/2668/2673 2498/2670/2675 2497/2669/2674 
f 2430/2601/2606 2499/2671/2676 2500/2672/2677 
f 2500/2672/2677 2501/2673/2678 2430/2601/2606 
f 2502/2674/2679 2503/2675/2680 2504/2676/2681 
f 2504/2676/2681 2505/2677/2682 2502/2674/2679 
f 2505/2677/2682 2506/2678/2683 2507/2679/2684 
f 2507/2679/2684 2508/2680/2685 2505/2677/2682 
f 2509/2681/2686 2508/2680/2685 2510/2682/2687 
f 2509/2681/2686 2511/2683/2688 2512/2684/2689 
f 2512/2684/2689 2513/2685/2690 2509/2681/2686 
f 2514/2686/2691 2506/2678/2683 2515/2687/2692 
f 2516/2688/2693 2506/2678/2683 2517/2689/2694 
f 2504/2676/2681 2516/2688/2693 2517/2689/2694 
f 2503/2675/2680 2518/2690/2695 2519/2691/2696 
f 2519/2691/2696 2520/2692/2697 2503/2675/2680 
f 2521/2693/2698 2522/2694/2699 2523/2695/2700 
f 2509/2681/2686 2510/2682/2687 2511/2683/2688 
f 2508/2680/2685 2507/2679/2684 2523/2695/2700 
f 2511/2683/2688 2510/2682/2687 2522/2694/2699 
f 2522/2694/2699 2524/2696/2701 2511/2683/2688 
f 2523/2695/2700 2510/2682/2687 2508/2680/2685 
f 2523/2695/2700 2525/2697/2702 2521/2693/2698 
f 2506/2678/2683 2525/2697/2702 2507/2679/2684 
f 2517/2689/2694 2506/2678/2683 2505/2677/2682 
f 2517/2689/2694 2505/2677/2682 2504/2676/2681 
f 2504/2676/2681 2526/2698/2703 2527/2699/2704 
f 2520/2692/2697 2526/2698/2703 2504/2676/2681 
f 2504/2676/2681 2503/2675/2680 2520/2692/2697 
f 2501/2673/2678 2518/2690/2695 2502/2674/2679 
f 2502/2674/2679 2459/2630/2635 2430/2601/2606 
f 2430/2601/2606 2501/2673/2678 2502/2674/2679 
f 2519/2691/2696 2518/2690/2695 2528/2700/2705 
f 2502/2674/2679 2518/2690/2695 2503/2675/2680 
f 2528/2700/2705 2518/2690/2695 2501/2673/2678 
f 2511/2683/2688 2524/2696/2701 2529/2701/2706 
f 2529/2701/2706 2512/2684/2689 2511/2683/2688 
f 2530/2702/2707 2529/2701/2706 2524/2696/2701 
f 2524/2696/2701 2531/2703/2708 2530/2702/2707 
f 2524/2696/2701 2522/2694/2699 2531/2703/2708 
f 2522/2694/2699 2521/2693/2698 2532/2704/2709 
f 2532/2704/2709 2533/2705/2710 2522/2694/2699 
f 2521/2693/2698 2525/2697/2702 2532/2704/2709 
f 2514/2686/2691 2534/2706/2711 2525/2697/2702 
f 2514/2686/2691 2515/2687/2692 2535/2707/2712 
f 2535/2707/2712 2534/2706/2711 2514/2686/2691 
f 2536/2708/2713 2535/2707/2712 2515/2687/2692 
f 2537/2709/2714 2536/2708/2713 2527/2699/2704 
f 2527/2699/2704 2526/2698/2703 2538/2710/2715 
f 2538/2710/2715 2537/2709/2714 2527/2699/2704 
f 2539/2711/2716 2538/2710/2715 2526/2698/2703 
f 2540/2712/2717 2539/2711/2716 2519/2691/2696 
f 2519/2691/2696 2528/2700/2705 2541/2713/2718 
f 2541/2713/2718 2540/2712/2717 2519/2691/2696 
f 2542/2714/2719 2541/2713/2718 2528/2700/2705 
f 2543/2715/2720 2542/2714/2719 2500/2672/2677 
f 2500/2672/2677 2499/2671/2676 2544/2716/2721 
f 2544/2716/2721 2543/2715/2720 2500/2672/2677 
f 2499/2671/2676 2430/2601/2606 2478/2649/2654 
f 2499/2671/2676 2478/2649/2654 2544/2716/2721 
f 2542/2714/2719 2528/2700/2705 2501/2673/2678 
f 2500/2672/2677 2542/2714/2719 2501/2673/2678 
f 2539/2711/2716 2526/2698/2703 2520/2692/2697 
f 2519/2691/2696 2539/2711/2716 2520/2692/2697 
f 2536/2708/2713 2515/2687/2692 2516/2688/2693 
f 2527/2699/2704 2536/2708/2713 2516/2688/2693 
f 2545/2717/2722 2546/2718/2723 2531/2719/2724 
f 2531/2719/2724 2547/2720/2725 2545/2717/2722 
f 2548/2721/2726 2547/2720/2725 2531/2719/2724 
f 2547/2720/2725 2548/2721/2726 2549/2722/2727 
f 2549/2722/2727 2550/2723/2728 2551/2724/2729 
f 2551/2724/2729 2547/2720/2725 2549/2722/2727 
f 2551/2724/2729 2550/2723/2728 2552/2725/2730 
f 2553/2726/2731 2551/2724/2729 2552/2725/2730 
f 2554/2727/2732 2551/2724/2729 2555/2728/2733 
f 2555/2728/2733 2556/2729/2734 2554/2727/2732 
f 2551/2724/2729 2553/2726/2731 2555/2728/2733 
f 2557/2730/2735 2554/2727/2732 2556/2729/2734 
f 2558/2731/2736 2554/2727/2732 2557/2730/2735 
f 2558/2731/2736 2559/2732/2737 2560/2733/2738 
f 2560/2733/2738 2554/2727/2732 2558/2731/2736 
f 2561/2734/2739 2560/2733/2738 2559/2732/2737 
f 2561/2734/2739 2562/2735/2740 2496/2668/2673 
f 2496/2668/2673 2560/2733/2738 2561/2734/2739 
f 2496/2668/2673 2562/2735/2740 2498/2670/2675 
f 2436/2607/2612 2457/2628/2633 2448/2619/2624 
f 2450/2621/2626 2437/2608/2613 2436/2607/2612 
f 2516/2688/2693 2515/2687/2692 2506/2678/2683 
f 2506/2678/2683 2514/2686/2691 2525/2697/2702 
f 2525/2697/2702 2534/2706/2711 2532/2704/2709 
f 2504/2676/2681 2527/2699/2704 2516/2688/2693 
f 2523/2695/2700 2507/2679/2684 2525/2697/2702 
f 2522/2694/2699 2510/2682/2687 2523/2695/2700 
f 2450/2621/2626 2460/2631/2636 2451/2622/2627 
f 2448/2619/2624 2457/2628/2633 2440/2611/2616 
f 2440/2611/2616 2439/2610/2615 2456/2627/2632 
f 2455/2626/2631 2454/2625/2630 2442/2613/2618 
f 2464/2635/2640 2465/2636/2641 2454/2625/2630 
f 2522/2694/2699 2533/2705/2710 2531/2703/2708 
f 2412/2583/2588 2409/2736/2741 2422/2584/2589 
f 2373/2523/2528 2359/2737/2742 2363/2522/2527 
# 0 polygons - 4875 triangles

