# 3ds Max Wavefront OBJ Exporter v0.99 - (c)2007 guruware
# File Created: 28.04.2025 14:05:20

mtllib Mouse.mtl

#
# object Mouse
#

v  -0.0160 0.1462 0.3140
v  0.0339 0.1071 0.4239
v  0.0590 0.1520 0.2820
v  0.2155 -0.1579 0.1858
v  0.0671 -0.1510 -0.0314
v  0.4304 -0.1508 -0.0267
v  0.0938 0.1492 0.2608
v  0.1330 0.1381 0.2440
v  0.0760 0.1643 0.1475
v  -0.3118 -0.1452 -0.1959
v  -0.0773 -0.1479 -0.1278
v  -0.3183 -0.1476 -0.1278
v  -0.0762 -0.0849 0.6264
v  -0.1356 -0.1534 0.6415
v  -0.1029 -0.1532 0.6484
v  -0.3652 -0.1392 -0.3816
v  -0.2969 -0.1382 -0.4302
v  -0.2456 0.1010 0.1654
v  -0.1445 0.1469 0.1450
v  -0.0990 0.1698 0.1003
v  0.2766 0.0516 0.0186
v  0.2964 0.0147 0.0594
v  0.3012 0.0153 0.0168
v  0.2355 0.1007 0.0210
v  0.0703 0.1676 0.0992
v  0.1699 0.1264 0.1495
v  0.1771 0.0420 0.4334
v  0.1704 0.0300 0.4636
v  0.2194 -0.0073 0.4241
v  0.0044 0.0105 0.5792
v  -0.0343 -0.0174 0.5992
v  0.0031 -0.0173 0.5993
v  -0.0635 -0.1596 0.2391
v  -0.0533 -0.1643 0.3831
v  -0.3324 -0.1660 0.4378
v  0.1444 -0.1350 -0.5298
v  0.0673 -0.1461 -0.1843
v  -0.1017 0.1441 -0.1967
v  -0.0995 0.1355 -0.2508
v  -0.1623 0.1153 -0.1987
v  0.2452 -0.1391 -0.3950
v  -0.0711 0.0436 -0.5014
v  -0.0713 0.0035 -0.4252
v  -0.0723 0.1078 -0.2537
v  0.1460 0.0766 -0.3580
v  0.1926 0.0385 -0.4477
v  0.1616 0.0474 -0.4494
v  0.3669 -0.1315 0.2946
v  0.4030 -0.1242 0.1764
v  0.3832 -0.1040 0.2411
v  -0.3678 -0.1412 -0.3324
v  0.2724 0.0480 -0.1749
v  0.0464 0.1207 -0.1332
v  0.0468 0.1057 -0.2162
v  0.4196 -0.0902 0.0931
v  0.4000 -0.0877 0.1790
v  0.4132 -0.0951 0.1361
v  0.3139 -0.0703 -0.2951
v  0.3465 -0.0097 -0.2290
v  0.3481 -0.0758 -0.2389
v  0.0363 0.0448 -0.5076
v  0.0376 0.1103 -0.2524
v  0.0386 0.0041 -0.4313
v  -0.0443 0.1421 0.3227
v  -0.0691 0.1372 0.3333
v  -0.0831 0.1162 0.3388
v  -0.1690 0.1287 0.2108
v  -0.2329 0.0984 0.2169
v  -0.2270 0.0931 0.2607
v  -0.3114 0.0222 -0.3108
v  -0.0734 0.0759 -0.3576
v  -0.0735 0.0873 -0.3064
v  -0.3509 -0.0757 0.2504
v  -0.3303 -0.0440 0.2224
v  -0.3631 -0.0658 0.0641
v  -0.3405 -0.0342 0.0462
v  0.2150 0.0937 0.2267
v  0.2370 0.0190 0.3294
v  0.2599 0.0505 0.1811
v  -0.1123 -0.1535 0.0570
v  -0.4243 -0.1530 0.0409
v  0.1122 0.1487 -0.0005
v  0.2250 0.1027 -0.0566
v  0.0968 0.1553 -0.0225
v  0.1871 0.1110 -0.1236
v  -0.2548 0.0009 0.4121
v  -0.2012 0.0280 0.4725
v  -0.2058 0.0483 0.4353
v  -0.0401 0.0853 0.4799
v  -0.0392 0.0712 0.5065
v  0.0078 0.0714 0.5066
v  -0.2718 0.0917 -0.0925
v  -0.2715 0.0939 -0.0393
v  -0.2144 0.1159 -0.0418
v  -0.2845 -0.0800 0.4859
v  -0.2490 -0.0331 0.4709
v  -0.2730 -0.0577 0.4708
v  -0.2128 0.0800 -0.0948
v  -0.3062 0.0566 -0.0391
v  -0.3089 0.0536 -0.0939
v  0.2731 0.0128 -0.3622
v  0.0467 0.0617 -0.4077
v  0.2789 -0.0089 -0.4456
v  -0.2345 -0.0310 -0.5801
v  -0.2953 -0.0354 -0.5516
v  -0.2252 -0.0035 -0.5848
v  0.0132 0.1448 -0.0755
v  -0.0690 0.1427 -0.0382
v  -0.0688 0.0757 -0.0255
v  0.0860 -0.0890 0.6184
v  0.1280 -0.1533 0.6331
v  0.1409 -0.0965 0.6004
v  -0.0156 -0.1589 0.6499
v  -0.0302 -0.1526 0.6375
v  0.0400 -0.1524 0.6347
v  0.0401 -0.1648 0.3973
v  0.1047 -0.1704 0.5715
v  0.0878 -0.1691 0.5333
v  -0.0541 -0.1638 0.3669
v  0.3352 -0.0863 0.3430
v  0.2900 -0.0698 0.4060
v  0.2912 -0.0799 0.4177
v  0.3219 -0.0081 0.1863
v  0.3018 -0.0056 0.2277
v  0.3207 -0.0356 0.2255
v  -0.3141 -0.1447 -0.1949
v  -0.3469 -0.0470 -0.0079
v  -0.3291 -0.0160 0.0358
v  -0.3377 -0.0355 -0.0144
v  0.0365 0.0636 -0.4431
v  0.0160 0.0697 -0.4257
v  0.0350 0.0949 -0.3263
v  -0.0565 0.0224 -0.5657
v  0.0226 -0.0316 -0.5630
v  -0.0682 -0.0318 -0.5503
v  -0.0715 0.0361 -0.2945
v  -0.3924 -0.1036 -0.4057
v  0.1690 -0.0280 -0.5952
v  0.1619 -0.0002 -0.6005
v  0.1928 -0.0033 -0.5855
v  0.0658 0.1013 -0.4049
v  0.0424 0.0867 -0.4065
v  0.0435 0.1005 -0.3568
v  0.3854 -0.0461 0.0119
v  0.3880 -0.0601 0.0533
v  0.3978 -0.0651 0.0089
v  0.3059 -0.0080 -0.2837
v  0.3257 -0.0055 -0.2251
v  0.3448 -0.0075 -0.2284
v  0.3091 -0.0778 -0.3007
v  0.3502 -0.1121 -0.2483
v  0.3090 -0.1076 -0.3172
v  0.0420 0.0510 -0.4564
v  0.0418 0.1171 -0.1738
v  0.0415 0.1449 -0.1364
v  -0.0530 0.1686 0.1581
v  0.0112 0.1670 0.1775
v  0.0607 0.1693 0.1038
v  0.0710 0.1685 0.0192
v  0.2226 0.1005 -0.0553
v  0.0741 0.1508 0.0157
v  0.2403 -0.0905 0.4963
v  0.2081 -0.0731 0.5119
v  0.2159 -0.1126 0.5396
v  -0.2235 -0.0798 0.5436
v  -0.1875 -0.0708 0.5760
v  -0.1836 -0.0430 0.5618
v  -0.3863 -0.0903 0.0812
v  -0.4201 -0.1050 0.2442
v  -0.3748 -0.0981 0.2295
v  -0.3542 -0.1023 0.4281
v  -0.4138 -0.1432 0.3670
v  -0.3535 -0.1465 0.4260
v  0.0431 0.1627 0.2087
v  0.0649 0.1663 0.1526
v  -0.0195 0.1478 0.3110
v  -0.0671 0.1570 0.2590
v  -0.0613 0.1403 0.3286
v  -0.1621 0.1052 0.1247
v  -0.1242 0.1543 0.1100
v  -0.2003 0.1204 0.1419
v  0.0585 -0.0995 -0.6027
v  0.2631 -0.0639 -0.5446
v  0.2622 -0.1024 -0.5109
v  0.2933 0.0269 -0.1644
v  0.3049 0.0122 -0.1670
v  0.2891 0.0182 -0.2460
v  -0.0592 0.0065 -0.5542
v  0.0396 -0.0331 -0.4103
v  0.0382 0.0086 -0.5700
v  0.2469 -0.0662 -0.3924
v  0.0587 -0.0589 -0.5057
v  0.0714 -0.0659 -0.3921
v  0.2821 0.0388 -0.2369
v  0.2803 0.0026 -0.4060
v  0.2547 0.0467 -0.3598
v  0.2184 0.0975 0.2020
v  0.2687 0.0557 0.0976
v  0.2351 0.0988 0.0707
v  0.0599 0.1298 0.0220
v  -0.0630 0.1309 0.0186
v  0.0374 0.1304 -0.0677
v  0.1170 -0.0081 0.5570
v  0.0841 -0.0257 0.5869
v  0.1373 -0.0411 0.5701
v  0.0886 0.0768 0.4674
v  0.0686 0.0660 0.4989
v  0.1021 0.0582 0.4898
v  0.0547 0.0825 0.2744
v  0.0622 -0.0766 0.2609
v  -0.0413 -0.0788 0.3051
v  -0.0705 0.0757 -0.0251
v  -0.0721 0.1407 -0.0394
v  0.0371 0.1404 -0.1017
v  0.0389 0.0471 -0.2577
v  0.1922 -0.0798 0.5422
v  0.2001 -0.0600 0.5170
v  0.1469 -0.0434 0.5647
v  -0.2235 0.0706 0.3464
v  -0.2733 0.0198 0.3240
v  -0.2576 -0.0019 0.4080
v  0.0690 -0.1480 -0.1233
v  -0.0778 -0.1458 -0.1944
v  0.0572 -0.1365 -0.4817
v  -0.4092 -0.1635 0.3598
v  -0.0996 0.1253 -0.3036
v  -0.1489 0.0897 -0.3562
v  -0.0737 0.1112 -0.3047
v  -0.0739 0.1204 -0.0968
v  -0.0733 0.0891 -0.3062
v  -0.0500 0.1010 -0.2981
v  -0.0486 -0.0083 -0.3910
v  -0.0497 0.0692 -0.4219
v  0.0147 0.1020 -0.2991
v  0.0155 0.0735 -0.4090
v  0.0169 0.0050 -0.3434
v  0.3954 -0.0559 -0.0524
v  0.3873 -0.0365 -0.0490
v  0.3862 -0.0424 -0.1330
v  0.3753 -0.0537 -0.1814
v  0.3718 -0.0128 -0.1757
v  -0.0420 0.1483 -0.0866
v  0.0069 0.1466 -0.1137
v  0.0061 0.1328 -0.1902
v  0.0134 0.0225 -0.2759
v  -0.3346 -0.0046 -0.2860
v  -0.3701 -0.0221 -0.3499
v  -0.3716 -0.0162 -0.3176
v  0.4326 -0.0962 0.0034
v  0.4299 -0.1239 0.0459
v  0.4321 -0.1211 0.0008
v  0.1563 -0.0537 -0.5951
v  -0.1892 -0.0994 -0.5544
v  -0.2984 -0.0625 -0.5389
v  -0.0907 -0.0568 -0.6308
v  -0.3671 -0.0295 -0.4314
v  -0.3720 -0.0065 -0.3316
v  -0.3750 0.0203 -0.3356
v  -0.3380 0.0171 -0.2291
v  -0.3418 0.0106 -0.4004
v  -0.3418 0.0414 -0.2337
v  -0.4046 -0.1446 0.3744
v  -0.4090 -0.1230 0.0247
v  -0.2619 -0.1469 0.4048
v  0.2289 -0.0257 0.4289
v  0.2714 -0.0213 0.3041
v  0.2565 -0.0066 0.3116
v  0.2786 -0.0589 -0.4712
v  0.2804 -0.0083 -0.4202
v  0.2851 -0.0650 -0.3816
v  0.3126 -0.0124 -0.2857
v  0.0481 -0.0579 -0.6403
v  0.0087 0.0805 0.2940
v  -0.0676 0.0705 0.3277
v  -0.1700 0.0340 0.3714
v  -0.1337 0.1141 0.3623
v  -0.1257 0.0546 0.3529
v  -0.0762 -0.0651 -0.3930
v  -0.0785 -0.0539 -0.5956
v  -0.3065 -0.0581 -0.5059
v  0.0629 -0.1514 0.0460
v  -0.0464 -0.1317 0.0953
v  -0.0934 -0.1514 0.0460
v  -0.1334 -0.0045 0.5614
v  -0.1689 -0.0397 0.5699
v  -0.1141 -0.0267 0.5869
v  -0.1643 0.0449 0.4829
v  -0.2019 0.0511 0.4355
v  -0.1926 0.0330 0.4764
v  -0.0490 0.0667 -0.4137
v  -0.0499 0.0094 -0.3431
v  -0.0493 0.0859 -0.3945
v  -0.2866 0.0656 -0.2557
v  -0.3131 0.0341 -0.2579
v  -0.3104 0.0500 -0.1489
v  -0.2402 0.0457 -0.4046
v  -0.2824 0.0113 -0.5035
v  -0.2859 0.0469 -0.3583
v  -0.1464 -0.0302 -0.5490
v  -0.0838 -0.0265 -0.5275
v  -0.0939 -0.0359 -0.6291
v  -0.2851 -0.0233 -0.1134
v  -0.3141 -0.0159 -0.1158
v  -0.3216 -0.0018 -0.0617
v  -0.3132 0.0386 -0.0896
v  -0.2818 0.0297 -0.0903
v  -0.2795 0.0329 -0.0153
v  -0.3109 0.0417 -0.0144
v  -0.2920 -0.0093 -0.0627
v  -0.3647 -0.1358 -0.4052
v  -0.3117 -0.1022 -0.4674
v  -0.3192 -0.1368 -0.4423
v  -0.3114 -0.1367 -0.4461
v  0.2790 -0.0703 -0.4409
v  0.2842 -0.0749 -0.3657
v  0.2815 -0.1060 -0.3998
v  0.0602 0.1328 0.0228
v  0.2739 0.0598 -0.0833
v  0.0501 0.1692 -0.0552
v  -0.0552 0.1703 0.0765
v  0.0597 0.1669 0.0247
v  -0.1349 -0.1580 0.6369
v  -0.0824 -0.1523 0.6337
v  -0.2208 -0.1024 0.5615
v  -0.2108 -0.1459 0.5813
v  -0.2094 -0.1560 0.6065
v  -0.0714 0.0834 -0.3618
v  -0.0526 0.1036 -0.2892
v  -0.0492 0.0671 -0.4319
v  0.0351 0.0240 -0.5738
v  -0.0730 -0.0347 -0.4077
v  -0.0575 0.1683 -0.0128
v  0.0272 0.1541 -0.0761
v  -0.0696 0.1518 -0.0314
v  0.3176 -0.0854 -0.1941
v  0.3451 -0.1115 -0.1161
v  0.3937 -0.1103 -0.1192
v  -0.3981 0.0060 -0.3524
v  -0.4045 -0.0692 -0.2563
v  -0.4024 0.0213 -0.2500
v  -0.3156 0.0201 0.0555
v  -0.2827 0.0117 0.1088
v  -0.3162 0.0234 0.1124
v  -0.2830 0.0342 0.0218
v  -0.3106 0.0420 0.0439
v  -0.3031 0.0381 0.1037
v  -0.3367 -0.0654 -0.0685
v  -0.3170 -0.0494 -0.1098
v  -0.3209 -0.1123 -0.1188
v  -0.3145 0.0427 -0.1712
v  -0.3200 -0.1103 -0.1226
v  -0.3151 -0.0317 -0.1142
v  0.3833 -0.0972 -0.1616
v  0.3992 -0.1105 -0.1192
v  0.4004 -0.1377 -0.1309
v  0.4099 -0.1559 0.1309
v  0.3631 -0.1609 0.2873
v  -0.3701 -0.0026 -0.4354
v  -0.3370 -0.0161 -0.3963
v  -0.3032 -0.0055 -0.0733
v  -0.3266 0.0042 -0.0505
v  -0.3187 -0.0110 -0.1121
v  -0.2981 0.0277 -0.1420
v  -0.3216 0.0366 -0.1015
v  -0.2962 0.0346 -0.0736
v  -0.3210 -0.1211 -0.1128
v  -0.3612 -0.1204 -0.0492
v  -0.3183 -0.1157 -0.1184
v  0.0624 -0.0496 -0.6385
v  0.1837 -0.0537 -0.5827
v  0.1389 -0.0597 -0.4771
v  0.0561 -0.0600 -0.4726
v  0.2244 0.1055 -0.0552
v  0.2762 0.0576 -0.0243
v  0.2791 0.0558 -0.0821
v  0.2466 0.0947 -0.0636
v  -0.3963 -0.1057 -0.3392
v  -0.3715 -0.1429 -0.2662
v  -0.3986 -0.1076 -0.2721
v  0.2442 0.0098 0.3128
v  0.2433 0.0112 0.3129
v  0.2239 -0.0193 0.4293
v  0.3033 0.0075 0.0590
v  0.2639 -0.0355 -0.5520
v  -0.0443 0.0670 -0.4307
v  0.0095 -0.0131 -0.4131
v  0.0088 0.0677 -0.4309
v  -0.0489 0.1429 -0.0770
v  -0.0419 0.1362 -0.1683
v  -0.0486 0.1297 -0.1716
v  -0.3338 -0.0242 -0.3806
v  -0.1583 0.1062 0.3534
v  -0.1192 0.1462 0.2599
v  -0.1586 0.0876 0.3711
v  -0.3977 -0.1212 0.0073
v  -0.4301 -0.1244 0.0572
v  -0.4099 -0.0963 0.0339
v  0.1428 0.0720 0.4208
v  0.1690 0.0471 0.4383
v  0.1799 0.0550 0.4047
v  -0.3282 -0.1104 -0.2108
v  -0.3176 -0.0667 -0.3786
v  -0.0736 0.0973 -0.2538
v  -0.3137 0.0324 -0.2580
v  -0.0813 -0.1522 0.0074
v  0.0090 0.1042 -0.2902
v  -0.0432 0.0222 -0.2727
v  -0.0450 0.1034 -0.2893
v  -0.0466 0.0216 -0.2749
v  -0.3937 -0.0586 -0.4526
v  -0.0565 0.1708 0.0794
v  -0.0950 0.1704 0.0975
v  -0.0953 0.1533 0.0959
v  -0.2319 0.1081 0.1584
v  -0.0714 0.0088 -0.5627
v  -0.0747 -0.0534 -0.5664
v  -0.0739 -0.0378 -0.4063
v  -0.0749 -0.1343 -0.5427
v  0.0485 -0.1338 -0.5598
v  -0.1412 0.1103 0.0315
v  -0.1918 0.0920 0.0010
v  0.0664 0.1258 -0.0390
v  0.0459 0.1266 -0.0942
v  0.1282 -0.0324 -0.5690
v  0.1833 -0.0388 -0.5806
v  0.0483 -0.0330 -0.6383
v  0.3247 -0.0034 0.0162
v  0.3187 -0.0033 0.0586
v  0.3447 -0.0099 -0.0049
v  0.3769 -0.0142 -0.0251
v  0.3494 -0.0105 -0.0871
v  0.2546 0.0173 -0.4771
v  0.1461 0.0305 -0.5273
v  0.1771 0.0219 -0.5207
v  -0.3088 0.0436 0.0188
v  -0.2774 0.0349 0.0182
v  -0.2651 0.0240 0.1898
v  -0.3073 0.0189 0.1279
v  -0.2838 0.0083 0.0320
v  -0.3153 0.0173 0.0310
v  -0.3953 -0.0614 -0.4229
v  -0.3157 -0.0776 -0.1800
v  -0.4042 -0.0714 -0.2581
v  0.2656 -0.0695 -0.3162
v  0.3456 -0.0762 -0.2387
v  0.3058 -0.0766 -0.2350
v  -0.2908 -0.0289 0.3728
v  -0.2862 0.0280 0.2570
v  -0.2986 0.0003 0.2600
v  0.0489 -0.1581 0.2045
v  0.0978 -0.1534 0.0568
v  -0.0556 -0.0532 -0.5944
v  0.0274 -0.0040 -0.6476
v  0.0231 -0.0528 -0.6063
v  -0.0734 0.0738 -0.4553
v  -0.0995 0.0886 -0.4528
v  -0.0995 0.1017 -0.4047
v  0.0397 0.0109 -0.5739
v  0.0422 -0.0346 -0.4096
v  0.0433 -0.0525 -0.5821
v  0.0534 -0.1596 0.2380
v  -0.0652 -0.1583 0.2118
v  -0.2787 0.0110 0.0900
v  -0.2967 0.0316 0.1926
v  -0.3343 0.0117 -0.0564
v  -0.3228 0.0320 -0.1427
v  -0.3373 -0.0012 -0.1201
v  -0.2373 0.0916 0.2412
v  -0.2517 0.0966 0.1697
v  -0.2935 0.0476 0.1839
v  -0.0748 -0.0609 -0.5917
v  0.0443 -0.0597 -0.6117
v  0.0438 -0.1003 -0.5769
v  0.0398 0.0115 -0.6087
v  -0.0705 -0.0022 -0.6281
v  -0.0593 0.0200 -0.5674
v  -0.2362 -0.0583 -0.4946
v  -0.0939 -0.0489 -0.6300
v  -0.1364 -0.0582 -0.4945
v  -0.0981 0.1620 -0.0460
v  -0.0747 0.1526 0.0202
v  -0.0743 0.1474 -0.0498
v  0.0464 0.0174 -0.5467
v  0.2653 -0.0233 -0.5046
v  0.0467 0.0477 -0.4562
v  -0.0451 0.1429 -0.0716
v  -0.0472 0.1066 -0.0666
v  0.0131 0.1055 -0.0973
v  -0.1310 -0.1596 0.2364
v  -0.2892 0.0083 0.0353
v  -0.2716 0.0237 0.1810
v  0.0140 0.1040 -0.3452
v  0.0140 0.1029 -0.3278
v  0.0146 0.0094 -0.3431
v  -0.0408 0.0972 0.4533
v  0.0098 0.1078 0.4263
v  -0.1739 0.0668 0.4350
v  -0.1388 0.0693 0.4630
v  -0.1250 0.0864 0.4400
v  0.0761 0.1513 0.2690
v  0.1163 0.1275 0.2503
v  0.1522 0.1311 0.2354
v  -0.3778 0.0285 -0.2664
v  -0.3518 0.0404 -0.2864
v  -0.3657 0.0157 -0.3963
v  -0.3696 0.0345 -0.3030
v  0.2325 -0.0258 0.4217
v  0.3006 -0.0443 0.3065
v  0.2976 -0.0403 0.2937
v  0.3756 -0.0723 0.1807
v  0.3734 -0.0722 0.2329
v  0.4061 -0.0857 0.1369
v  -0.3166 -0.0742 -0.1793
v  -0.3145 0.0503 -0.1721
v  -0.3053 0.0584 -0.0390
v  -0.2782 0.0875 -0.0926
v  0.1456 -0.1569 0.6206
v  0.0620 -0.1585 0.6445
v  0.1177 -0.1512 0.6186
v  0.1670 -0.0996 0.5809
v  0.1780 -0.1526 0.6044
v  0.1899 -0.1023 0.5592
v  -0.0715 0.1093 -0.2547
v  0.0140 0.1048 -0.2901
v  -0.0698 0.1153 -0.2289
v  0.0968 -0.1534 0.6423
v  -0.0496 -0.0502 0.6153
v  0.0185 -0.0500 0.6154
v  -0.4313 -0.0973 0.0634
v  0.1805 -0.1702 0.5797
v  0.3070 -0.1652 0.4213
v  -0.3882 -0.1025 -0.4277
v  -0.2512 -0.1092 0.5485
v  -0.2617 -0.1085 0.5389
v  -0.2372 -0.1517 0.5837
v  0.1473 0.0620 0.2328
v  0.1049 -0.0741 0.2429
v  0.1106 0.0753 0.2505
v  0.3086 -0.1494 0.4183
v  0.3544 -0.1318 0.1387
v  0.2945 -0.1447 0.3448
v  -0.3812 0.0268 -0.2592
v  -0.3178 0.0518 -0.1792
v  -0.3372 0.0425 -0.2193
v  -0.0542 0.1341 0.0743
v  -0.3222 0.0133 -0.0027
v  -0.2944 0.0370 -0.0180
v  -0.3156 0.0399 -0.0171
v  -0.0567 0.1693 -0.0104
v  -0.0705 0.1518 -0.0292
v  -0.0698 0.1550 0.0807
v  0.1743 0.1051 -0.1840
v  0.1294 0.1154 -0.2170
v  0.1127 0.1384 -0.1328
v  0.0657 0.1250 -0.3061
v  0.0167 0.1386 -0.1053
v  0.0351 0.1124 -0.2528
v  0.0172 0.1206 -0.2077
v  -0.0469 0.1239 -0.1858
v  0.0116 0.1197 -0.2125
v  0.2701 -0.1170 0.4776
v  0.2369 -0.1208 0.5230
v  0.2405 -0.1405 0.5276
v  0.3505 -0.1261 0.3353
v  0.3518 -0.1038 0.3243
v  0.3205 -0.1180 0.3965
v  0.1227 0.0133 0.5329
v  0.1432 -0.0176 0.5479
v  0.1534 0.0009 0.5214
v  0.1828 -0.0146 0.4968
v  0.1517 -0.0206 0.5428
v  0.2053 -0.0439 0.4955
v  0.0699 -0.0185 -0.6389
v  0.0462 0.0115 -0.6525
v  0.0659 0.0266 -0.6450
v  -0.0748 -0.1009 -0.5589
v  0.2536 -0.1501 0.4546
v  0.3252 -0.1455 0.3912
v  0.2388 -0.1539 0.5309
v  -0.0894 0.0052 0.5725
v  -0.0549 0.0093 0.5778
v  -0.3153 0.0320 -0.1494
v  -0.2815 -0.0008 -0.1351
v  -0.2826 0.0182 -0.1481
v  -0.2824 0.0153 -0.0976
v  0.0741 0.0818 0.2663
v  0.0332 0.0820 0.2835
v  0.1225 0.1416 0.2514
v  -0.0432 0.1421 0.3233
v  0.2379 -0.1358 -0.4895
v  0.2766 -0.0621 -0.4780
v  0.2781 -0.1053 -0.4215
v  0.2661 -0.1026 -0.5063
v  0.2026 -0.0582 0.4855
v  0.1923 -0.0955 0.5408
v  0.2331 0.0069 0.3608
v  0.2142 -0.0287 0.4045
v  0.2489 0.0291 0.2655
v  -0.0461 -0.0134 -0.4107
v  0.3716 -0.1192 -0.0421
v  0.4187 -0.1177 -0.0624
v  0.4288 -0.1217 0.0008
v  -0.0522 0.1253 -0.1759
v  -0.0492 0.0824 -0.0578
v  -0.0501 0.0669 -0.1685
v  -0.0485 0.0660 -0.1749
v  0.0136 0.0613 -0.2051
v  0.0185 0.0802 -0.0980
v  0.0106 0.1400 -0.0945
v  0.0165 0.0812 -0.0913
v  -0.0459 0.0826 -0.0577
v  -0.2003 -0.1665 0.6043
v  -0.2226 -0.1701 0.5755
v  -0.2003 -0.1706 0.5905
v  -0.1595 -0.0822 0.3589
v  -0.2112 -0.0782 0.4006
v  -0.1772 -0.0598 0.3707
v  -0.0156 0.0345 0.5572
v  0.0283 0.0534 0.5309
v  -0.0382 0.0542 0.5322
v  0.0823 0.0460 0.5211
v  0.2349 0.0107 0.1863
v  0.1668 0.1224 0.2296
v  0.2606 0.0466 0.1774
v  -0.3103 -0.0057 0.1978
v  -0.3164 0.0164 0.0308
v  -0.3221 -0.0002 0.0265
v  -0.1830 0.0844 0.3854
v  0.0075 0.1075 -0.3362
v  0.0371 -0.0305 -0.5613
v  -0.0765 -0.0557 -0.5002
v  -0.0767 -0.0354 -0.6274
v  -0.0765 -0.0271 -0.4982
v  -0.0767 -0.0508 -0.6340
v  -0.0763 -0.0544 -0.5983
v  -0.1022 0.0750 -0.4989
v  -0.1642 0.0706 -0.4050
v  -0.1022 0.1016 -0.4046
v  -0.1643 0.0074 -0.6137
v  -0.1022 0.0277 -0.6425
v  0.3796 -0.1542 0.2461
v  0.4099 -0.1323 0.1399
v  0.3798 -0.1388 0.2440
v  0.2850 -0.1563 0.4642
v  0.2272 -0.1578 0.5433
v  0.2660 -0.1628 0.4863
v  0.2903 -0.0156 -0.3347
v  0.2989 -0.0150 -0.3120
v  0.3001 -0.0688 -0.3207
v  0.2878 0.0040 -0.3067
v  0.2991 0.0100 -0.2187
v  0.2934 0.0030 -0.2795
v  0.0130 0.1416 -0.1086
v  0.0138 0.0873 -0.2015
v  0.0139 0.1244 -0.2010
v  -0.0993 0.1443 -0.1967
v  -0.0741 0.1303 -0.1982
v  -0.0736 0.0998 -0.3561
v  -0.3585 -0.1219 -0.0206
v  -0.3173 -0.1196 -0.0576
v  -0.2897 -0.1169 -0.1010
v  -0.3570 -0.0954 0.4181
v  -0.4117 -0.0999 0.3707
v  -0.3472 -0.0976 0.4315
v  -0.3054 -0.0772 0.4507
v  -0.3191 -0.0902 0.4537
v  -0.3384 0.0303 -0.2871
v  -0.3381 0.0099 -0.3822
v  -0.0441 0.1054 -0.3274
v  -0.0493 0.1040 -0.3452
v  -0.0493 0.1029 -0.3278
v  -0.3143 -0.0848 -0.1709
v  -0.3141 -0.1109 -0.1995
v  -0.2347 0.1099 0.0526
v  -0.0992 0.1668 0.0538
v  -0.0974 0.1663 0.0270
v  -0.0977 0.1648 -0.0061
v  -0.0908 0.1650 0.0939
v  0.1933 -0.0186 -0.4718
v  0.0727 -0.0040 -0.4219
v  0.2469 -0.0072 -0.4204
v  0.2513 0.0249 -0.2718
v  0.2800 0.0445 -0.1616
v  0.2807 0.0030 -0.3736
v  0.4243 -0.1190 -0.0425
v  0.4308 -0.1198 -0.0212
v  0.4151 -0.0861 -0.0785
v  0.4148 -0.1155 -0.0816
v  0.3761 -0.0683 -0.1834
v  0.4294 -0.1524 0.0220
v  0.4304 -0.1223 -0.0174
v  0.4294 -0.1255 0.0311
v  0.3579 -0.1418 0.2958
v  0.4043 -0.1321 0.1398
v  0.3652 -0.1285 0.0856
v  0.4235 -0.1253 0.0312
v  0.2681 -0.0716 -0.2906
v  0.3263 -0.0738 -0.2637
v  0.3050 -0.0714 -0.2995
v  -0.0654 -0.1564 0.2006
v  -0.0356 -0.1336 0.1529
v  0.0042 -0.1336 0.1529
v  -0.3119 -0.0613 -0.4462
v  -0.3236 0.0302 -0.1427
v  -0.2974 -0.0148 -0.1114
v  -0.3268 -0.0005 -0.0747
v  -0.3381 -0.0025 -0.1178
v  -0.2859 0.0174 -0.4767
v  -0.3127 0.0132 -0.3605
v  0.0173 0.0614 -0.2050
v  0.0154 0.1197 -0.2124
v  -0.0512 0.1408 -0.0650
v  -0.0428 0.0889 -0.3965
v  0.0097 0.0230 -0.2736
v  -0.1712 -0.0680 0.5862
v  -0.1759 -0.1570 0.6226
v  -0.2076 -0.1572 0.6105
v  -0.2088 -0.1481 0.5842
v  -0.3496 0.0171 -0.3984
v  -0.3687 -0.0028 -0.4372
v  -0.3420 -0.0022 -0.4510
v  -0.3717 -0.0087 -0.4375
v  -0.3750 0.0093 -0.3512
v  -0.3714 -0.0090 -0.4408
v  -0.3658 -0.0416 -0.4380
v  -0.3319 -0.0410 -0.4563
v  0.2260 -0.0095 0.3196
v  0.0398 0.0201 -0.5808
v  -0.3445 -0.1176 -0.0637
v  -0.0450 -0.0039 -0.6351
v  -0.0959 0.1265 0.0682
v  -0.0953 0.1226 0.0221
v  -0.0733 0.1198 0.0424
v  0.2372 -0.0654 0.4732
v  0.2734 -0.0719 0.4352
v  -0.2389 -0.0282 0.4773
v  0.0075 0.0986 -0.3806
v  0.0037 0.0984 -0.3911
v  0.0032 0.1070 -0.3736
v  0.0088 0.0680 -0.4153
v  0.0032 0.0545 -0.4302
v  0.0037 0.0795 -0.4136
v  -0.3176 0.0409 0.0586
v  -0.3194 0.0246 0.0607
v  -0.3155 0.0181 0.0379
v  -0.3112 0.0422 0.0257
v  0.3502 -0.0847 -0.2321
v  -0.0939 -0.0503 -0.6309
v  -0.4226 -0.1060 0.2449
v  -0.4326 -0.1248 0.0629
v  -0.4175 -0.1405 0.3468
v  0.0098 0.0673 -0.4345
v  0.0552 0.1676 -0.0679
v  -0.3242 -0.1444 -0.2060
v  -0.2111 -0.0509 0.3940
v  -0.2431 -0.0317 0.4086
v  0.2372 0.0497 0.1032
v  0.2338 0.0448 0.1456
v  0.2635 0.0442 0.1462
v  0.1648 -0.1141 0.5713
v  0.2037 -0.0642 0.5091
v  0.1835 -0.0499 0.4887
v  0.3626 -0.0860 -0.1980
v  0.1789 -0.1512 0.5882
v  0.1444 -0.1504 0.6073
v  0.1762 -0.1488 0.5840
v  0.2483 0.0521 0.1063
v  0.2464 0.0547 0.0361
v  0.2349 0.0450 0.1880
v  0.2532 0.0462 0.1793
v  0.1197 -0.1579 0.6340
v  -0.1108 -0.1550 0.5919
v  -0.1103 -0.1585 0.6437
v  -0.0336 0.1147 -0.3454
v  -0.0017 0.1147 -0.3454
v  -0.0017 0.1118 -0.3648
v  -0.0336 0.0809 -0.4150
v  -0.0017 0.0946 -0.4003
v  -0.0017 0.0644 -0.4270
v  0.2705 0.0522 0.0613
v  0.2498 0.0451 -0.1618
v  0.1635 0.1139 0.2716
v  0.1398 0.1160 0.3071
v  0.2060 0.0850 0.2749
v  0.0764 0.1134 0.3877
v  0.0580 0.1338 0.3385
v  0.0540 0.0950 0.4483
v  -0.0442 0.1274 -0.1811
v  0.0089 0.1236 -0.2053
v  -0.2140 -0.1610 0.6035
v  -0.2295 -0.1603 0.5910
v  -0.2226 -0.1660 0.5890
v  -0.3019 -0.1511 0.4848
v  -0.3352 -0.1600 0.4471
v  -0.3024 -0.1598 0.4830
v  -0.2457 0.0966 0.1641
v  -0.2797 0.0518 0.1752
v  -0.2908 0.0480 0.1810
v  -0.2865 0.0380 0.2361
v  -0.2654 0.0471 0.1707
v  -0.2535 0.0248 0.2946
v  0.2768 0.0586 -0.0865
v  0.2510 0.0782 -0.1987
v  0.2432 0.0944 -0.0685
v  -0.1103 -0.1716 0.6213
v  0.0465 -0.1717 0.6248
v  0.0141 -0.1677 0.6417
v  -0.0915 -0.1500 0.0494
v  0.4220 -0.0875 -0.0590
v  0.4237 -0.0870 0.0494
v  0.4009 -0.0737 0.0515
v  0.3853 -0.0746 0.1381
v  -0.3364 -0.0096 -0.4589
v  0.0380 -0.1561 0.1913
v  0.0091 -0.1316 0.1241
v  0.0636 -0.1517 0.0554
v  0.3117 -0.0706 -0.2948
v  -0.0854 0.1644 0.1733
v  -0.0718 0.1618 0.1666
v  -0.0734 0.1590 0.1257
v  -0.0752 0.1588 0.0874
v  -0.0716 0.1434 0.0841
v  -0.1368 -0.0215 -0.4919
v  -0.2342 -0.0320 -0.5319
v  -0.2366 -0.0225 -0.4921
v  -0.2991 0.0026 -0.3892
v  -0.3131 -0.0104 -0.4427
v  -0.3154 0.0254 -0.2808
v  0.0327 -0.1213 0.6049
v  0.0925 -0.1066 0.5761
v  0.0347 -0.1002 0.5724
v  0.3833 -0.1265 -0.1774
v  0.2579 -0.1390 -0.3890
v  0.3676 -0.1444 -0.2097
v  0.4245 -0.1497 -0.0612
v  0.1878 0.0433 0.2123
v  0.0136 0.0780 -0.0617
v  0.3273 -0.1437 0.3915
v  -0.3112 0.0403 -0.0117
v  -0.2791 0.0300 -0.0121
v  -0.2815 0.0180 -0.0053
v  -0.3350 -0.0083 -0.4617
v  -0.3164 -0.0141 -0.4914
v  -0.3891 -0.0152 -0.4525
v  -0.3194 0.0234 -0.3341
v  -0.3369 0.0108 -0.3827
v  -0.3376 0.0307 -0.2868
v  0.0056 -0.1334 0.1492
v  -0.0401 -0.1314 0.1241
v  0.0158 -0.1318 0.0989
v  0.0683 0.1139 -0.3555
v  0.1306 0.0593 -0.4508
v  0.0683 0.1016 -0.4048
v  0.1152 0.0124 -0.6222
v  0.1262 -0.0753 0.2391
v  0.1265 -0.0784 0.2894
v  0.0085 -0.0785 0.2877
v  0.2376 0.0103 0.1899
v  0.1792 -0.0764 0.2721
v  0.1785 -0.0731 0.2147
v  -0.1130 -0.1591 0.6474
v  -0.0156 -0.0825 0.6307
v  -0.0470 -0.0831 0.6296
v  -0.0288 -0.1526 0.6544
v  -0.3023 -0.0627 -0.5354
v  -0.2988 -0.1363 -0.4732
v  -0.3023 -0.1358 -0.4719
v  -0.3087 -0.1366 -0.4478
v  -0.1562 -0.1511 0.6171
v  -0.1262 -0.1518 0.6258
v  -0.3140 -0.0139 -0.1186
v  -0.1843 0.0892 0.3646
v  -0.2235 0.0778 0.3279
v  -0.2048 0.0690 0.3888
v  -0.2106 0.0645 0.3904
v  -0.4160 -0.1036 0.3224
v  -0.3617 -0.0956 0.3399
v  -0.3136 -0.0667 0.3953
v  -0.2642 -0.0041 0.3990
v  0.3815 -0.0174 -0.1292
v  0.3796 -0.0138 -0.0860
v  0.3702 -0.0083 -0.1750
v  0.3420 -0.0067 -0.1723
v  -0.3802 -0.1441 0.3374
v  -0.4020 -0.1257 0.0407
v  -0.4149 -0.1459 0.3625
v  -0.3117 -0.1506 0.4540
v  -0.3345 -0.1503 0.4455
v  0.2106 0.0986 0.2068
v  -0.0844 -0.1679 0.4945
v  -0.1028 -0.1692 0.5344
v  -0.2759 -0.1680 0.5105
v  0.3920 -0.1022 -0.1407
v  0.3761 -0.0864 -0.1858
v  -0.0715 0.1196 -0.2026
v  -0.0530 0.1408 -0.0684
v  -0.0506 0.1244 -0.1823
v  0.2976 0.0237 -0.0252
v  0.3070 0.0139 -0.0876
v  0.2935 0.0313 -0.0873
v  0.3403 -0.0081 -0.0873
v  -0.3744 0.0041 -0.2621
v  0.0216 0.0230 -0.5753
v  0.1815 -0.1561 0.5743
v  0.1253 -0.1570 0.6269
v  0.1004 -0.1571 0.5868
v  -0.2518 0.0963 0.1647
v  -0.2633 0.0969 0.0586
v  -0.2991 0.0577 0.0649
v  0.2639 0.0612 -0.0782
v  0.3547 -0.1135 -0.1011
v  0.0140 0.0421 -0.4263
v  0.0140 0.0736 -0.4077
v  0.4022 -0.0955 0.1784
v  0.4033 -0.1120 0.1772
v  0.3317 -0.0721 0.3320
v  0.3563 -0.0849 0.2987
v  0.3366 -0.0598 0.3035
v  -0.2606 -0.0079 -0.4827
v  -0.2515 -0.0346 -0.5721
v  -0.0734 0.0190 -0.5461
v  0.3260 -0.1383 0.2642
v  0.4100 -0.1299 0.1336
v  0.3668 -0.1274 0.0897
v  0.1560 0.1170 0.2329
v  0.2310 0.1016 0.0728
v  0.1864 0.1172 0.2014
v  0.2268 0.1007 0.1209
v  -0.0742 0.1540 0.0860
v  -0.0723 0.1206 0.0826
v  -0.3796 -0.0647 -0.3805
v  -0.3908 -0.0599 -0.4581
v  -0.4013 -0.0725 -0.2571
v  -0.3115 -0.0585 -0.4988
v  -0.2187 0.0820 0.0848
v  -0.1640 0.1016 0.1238
v  -0.2886 0.0495 0.1793
v  -0.3920 -0.0193 -0.4546
v  -0.3134 -0.0169 -0.4961
v  -0.3130 -0.0244 -0.4972
v  -0.3165 0.0218 -0.3342
v  -0.3154 0.0029 -0.3891
v  -0.3070 0.0558 -0.0031
v  -0.3121 0.0494 -0.1194
v  -0.3098 0.0442 0.0153
v  -0.2950 0.0453 0.1814
v  0.0412 0.1509 -0.1083
v  0.0595 0.1662 -0.0785
v  0.0656 0.1353 -0.2570
v  -0.1548 -0.0836 0.3737
v  0.0896 -0.1330 0.6124
v  0.0582 -0.1511 0.6404
v  0.1011 -0.1542 0.6350
v  -0.1103 -0.1675 0.6365
v  -0.1551 -0.1672 0.6254
v  -0.1409 -0.1713 0.6149
v  -0.2003 -0.1616 0.6122
v  -0.1683 -0.1578 0.6290
v  -0.1908 -0.1569 0.6170
v  0.1885 -0.1159 0.5675
v  0.1310 -0.1107 0.5750
v  0.1261 -0.1381 0.6091
v  0.1767 -0.1448 0.5973
v  -0.2144 0.0742 -0.1479
v  -0.1165 0.1143 0.3775
v  -0.0867 0.0936 0.4482
v  -0.0844 0.1237 0.3701
v  0.0343 -0.1575 0.2048
v  -0.1107 0.1457 0.2776
v  -0.1345 0.1137 0.3605
v  -0.0995 0.1283 0.3457
v  -0.1574 0.1015 0.3701
v  -0.2965 0.0350 0.1956
v  -0.2818 0.0767 -0.2015
v  -0.2244 0.0720 -0.3073
v  -0.3880 -0.0571 -0.4604
v  -0.0466 0.0916 -0.1739
v  -0.1041 0.0785 0.4709
v  -0.1181 0.0604 0.4939
v  -0.0822 0.0675 0.5017
v  -0.0935 0.0282 0.5493
v  -0.0973 0.0477 0.5243
v  -0.1248 0.0211 0.5415
v  0.4231 -0.1266 0.0902
v  0.4133 -0.1292 0.1337
v  0.4235 -0.0992 0.0923
v  0.4301 -0.0982 0.0482
v  -0.2123 0.0519 0.3923
v  -0.3335 0.0075 -0.2217
v  -0.3744 -0.0073 -0.2585
v  -0.3379 0.0411 -0.2220
v  0.0422 -0.0564 -0.5056
v  0.0448 -0.0338 -0.6318
v  0.0467 -0.0495 -0.6403
v  -0.3117 0.0409 -0.0114
v  -0.3179 0.0129 0.0027
v  -0.3015 0.0085 -0.0025
v  0.1805 -0.1660 0.5905
v  0.1805 -0.1607 0.5983
v  0.1450 -0.1623 0.6240
v  0.2272 -0.1687 0.5329
v  0.0930 -0.1674 0.6343
v  0.0930 -0.1706 0.6201
v  0.1201 -0.1672 0.6268
v  0.2802 0.0512 -0.0455
v  0.3087 -0.1410 -0.3125
v  0.2548 -0.1378 -0.4126
v  0.2447 -0.1354 -0.4843
v  -0.0715 0.1285 -0.1451
v  -0.0569 0.1435 -0.0447
v  -0.0478 0.1410 -0.0649
v  0.0154 0.1444 -0.0823
v  -0.4010 -0.0737 -0.2606
v  -0.3920 -0.0685 -0.4276
v  -0.3033 -0.0553 -0.5394
v  -0.2999 -0.0779 -0.1800
v  -0.3104 -0.0585 -0.4907
v  -0.2948 -0.0586 -0.4907
v  0.3442 -0.1497 0.3469
v  0.3194 -0.1534 0.4056
v  0.3265 -0.1639 0.3812
v  0.1450 -0.1669 0.6160
v  0.1450 -0.1701 0.6032
v  -0.3110 -0.0282 -0.5031
v  -0.3032 -0.0441 -0.5387
v  -0.3131 -0.0571 -0.4978
v  0.0613 -0.1551 0.5937
v  -0.3093 0.0423 0.0180
v  -0.2813 0.0127 0.0280
v  -0.2771 0.0322 0.0179
v  -0.2752 0.0169 0.0866
v  -0.2767 0.0333 0.0188
v  -0.4155 -0.1014 0.3654
v  -0.4191 -0.1056 0.3071
v  -0.3669 -0.0957 0.3682
v  -0.0441 0.1038 -0.3631
v  -0.0390 0.1125 -0.3358
v  -0.0390 0.1116 -0.3549
v  -0.0441 0.0976 -0.3802
v  -0.0390 0.1068 -0.3736
v  -0.3315 -0.0440 -0.0609
v  -0.4143 -0.1632 0.3579
v  0.2853 -0.0665 -0.3623
v  0.2424 -0.0598 -0.4727
v  0.2760 -0.0598 -0.4714
v  0.2547 -0.0668 -0.3598
v  -0.2560 -0.1263 0.5528
v  -0.2762 -0.1486 0.5210
v  -0.2570 -0.1498 0.5516
v  -0.0560 0.1534 0.0774
v  -0.0716 0.1583 0.0853
v  -0.0638 0.1650 0.1630
v  -0.2907 0.0513 0.1793
v  -0.1265 -0.0907 0.6166
v  -0.1901 -0.1223 0.6031
v  -0.1776 -0.1531 0.6268
v  0.0323 0.1442 -0.0884
v  0.2523 -0.0527 0.4384
v  0.3075 -0.0511 0.3417
v  0.2640 -0.0494 0.4156
v  -0.4137 -0.1012 0.3699
v  -0.1987 0.0170 0.3833
v  -0.2553 -0.0099 0.4110
v  -0.4322 -0.1276 0.0641
v  0.2136 0.0117 0.3122
v  0.2202 -0.0209 0.4350
v  0.2410 0.0117 0.3128
v  -0.1218 -0.0364 -0.6171
v  -0.3033 -0.0545 -0.5394
v  -0.1040 -0.0187 -0.6376
v  -0.0738 0.0096 -0.6543
v  -0.4161 -0.1630 0.3535
v  -0.4322 -0.1536 0.0605
v  0.0354 0.1520 0.2888
v  0.4097 -0.1509 0.1418
v  0.4221 -0.1542 0.0772
v  0.1035 -0.1547 0.5865
v  0.1568 -0.1568 0.6165
v  0.1895 -0.1540 0.5741
v  -0.0336 0.1050 -0.3833
v  -0.0336 0.1118 -0.3648
v  -0.0017 0.1050 -0.3833
v  0.0446 -0.0520 -0.6410
v  0.0446 -0.1325 -0.5763
v  0.0443 -0.1003 -0.5788
v  -0.2818 -0.0051 -0.5558
v  0.2536 -0.0699 -0.3282
v  0.2812 -0.0685 -0.3651
v  0.2477 -0.0681 -0.3614
v  0.2610 -0.0572 -0.5470
v  0.0088 0.1056 -0.3542
v  0.0037 0.1126 -0.3454
v  -0.2756 -0.1517 0.5215
v  -0.2374 -0.1597 0.5819
v  -0.3057 -0.1017 -0.4855
v  -0.3098 -0.0647 -0.5027
v  0.4084 -0.0730 -0.0560
v  0.4259 -0.0859 -0.0386
v  0.4107 -0.0779 -0.0770
v  0.3885 -0.0388 -0.0899
v  0.3958 -0.0595 -0.0935
v  -0.1642 0.0467 -0.4920
v  -0.1061 0.0276 -0.6396
v  -0.2402 0.0090 -0.5368
v  -0.2250 0.0382 -0.4474
v  -0.2541 -0.0969 0.5365
v  -0.2609 -0.0862 0.5202
v  0.0075 0.1428 -0.0990
v  -0.3541 -0.0529 0.0348
v  -0.2587 -0.0023 0.3991
v  -0.2470 -0.0016 0.3985
v  -0.2541 0.0095 0.3563
v  -0.2423 -0.0495 0.4973
v  -0.2187 -0.0704 0.5248
v  -0.2302 -0.0364 0.4792
v  0.1786 -0.1557 0.6023
v  0.1797 -0.1457 0.5779
v  -0.3103 -0.0789 -0.1808
v  -0.3147 -0.1155 -0.1184
v  -0.2817 -0.1153 -0.1189
v  0.3581 -0.0706 0.2762
v  0.3783 -0.0825 0.2424
v  0.3237 -0.0527 0.3071
v  0.0836 -0.0166 -0.4724
v  0.4245 -0.1196 -0.0518
v  0.3948 -0.1111 -0.1157
v  -0.3360 -0.1012 0.4466
v  -0.3180 -0.1477 0.4652
v  -0.3079 -0.1024 0.4796
v  -0.2780 -0.1029 0.5169
v  -0.2121 -0.1539 0.5732
v  -0.1475 -0.1545 0.5831
v  0.3425 -0.1029 -0.1404
v  0.3891 -0.1027 -0.1408
v  0.4038 -0.1133 -0.1008
v  0.3698 -0.1219 -0.0175
v  0.3703 -0.1251 0.0312
v  -0.3504 -0.1476 0.4275
v  -0.2488 -0.1504 0.4646
v  -0.3265 -0.1489 0.4492
v  -0.3803 0.0266 -0.2595
v  -0.0767 -0.1327 -0.5697
v  -0.1032 -0.1338 -0.5595
v  -0.2777 0.0090 0.1713
v  -0.3080 0.0344 0.1832
v  -0.3111 0.0211 0.1751
v  -0.3138 0.0396 0.1062
v  0.1334 -0.1536 0.6237
v  0.1289 -0.1435 0.6141
v  0.0427 -0.0422 -0.5889
v  0.0401 -0.0009 -0.6374
v  0.0731 0.0925 0.4443
v  0.0711 0.0802 0.4720
v  0.0317 0.0845 0.4784
v  -0.3137 0.0374 -0.1058
v  -0.3159 0.0304 -0.1507
v  -0.4161 -0.1461 0.3621
v  -0.4327 -0.1487 0.0726
v  0.0449 0.0318 0.5530
v  0.0478 0.0517 0.5284
v  0.0584 0.0064 0.5729
v  0.0892 0.0004 0.5655
v  0.0279 -0.1137 0.6397
v  0.0620 -0.1529 0.6492
v  0.0596 -0.0856 0.6241
v  0.0109 -0.1526 0.6540
v  -0.0336 0.0992 -0.2898
v  -0.0017 0.0992 -0.2898
v  -0.0017 0.1082 -0.3073
v  0.2769 -0.0204 -0.4685
v  -0.2234 0.0830 -0.2545
v  -0.2804 0.0693 -0.2555
v  -0.2050 0.1075 -0.1457
v  -0.2481 0.0938 -0.1464
v  -0.2172 0.1102 -0.0927
v  -0.0428 0.0607 -0.4214
v  -0.0390 0.0717 -0.4198
v  -0.0390 0.0451 -0.4339
v  -0.0688 0.0087 -0.5567
v  0.0275 0.0092 -0.5708
v  -0.0680 0.0172 -0.5706
v  -0.3242 0.0144 -0.0170
v  -0.3232 0.0337 -0.0331
v  -0.3306 0.0195 -0.0255
v  0.2297 0.0381 0.1878
v  -0.3078 -0.0154 -0.4771
v  0.2501 0.0530 -0.0695
v  0.2762 0.0556 -0.0826
v  -0.3358 -0.0287 -0.4473
v  -0.0441 0.0922 -0.2940
v  -0.0390 0.0917 -0.2831
v  -0.0390 0.1022 -0.2992
v  -0.0496 0.0782 -0.2820
v  0.0424 0.0586 -0.5042
v  0.0658 0.0743 -0.5005
v  0.1151 0.0419 -0.5337
v  0.0683 0.0280 -0.6431
v  0.0683 0.0613 -0.5432
v  -0.2781 -0.0785 -0.1817
v  0.2982 -0.0024 -0.2813
v  0.3199 -0.0040 -0.2240
v  0.3224 0.0006 -0.1273
v  0.3205 0.0012 -0.0258
v  0.0075 0.1016 -0.3097
v  0.0088 0.0869 -0.2866
v  0.0137 0.0903 -0.2951
v  0.0137 0.0792 -0.2812
v  -0.0336 0.0644 -0.4270
v  -0.0561 0.1617 0.2324
v  0.0284 0.1565 0.2633
v  -0.0904 0.1639 0.2000
v  0.2631 -0.0996 0.4760
v  0.2936 -0.1009 0.4331
v  0.2705 -0.0853 0.4538
v  0.2926 -0.1477 0.4546
v  0.3146 -0.1275 0.4120
v  -0.3723 -0.0090 -0.4414
v  -0.3952 0.0085 -0.3522
v  -0.3786 0.0182 -0.3194
v  -0.3757 0.0054 -0.3840
v  -0.0732 0.0512 -0.4559
v  0.2742 -0.1337 0.4791
v  0.2407 -0.1527 0.5305
v  0.2740 -0.1511 0.4806
v  0.0822 0.1645 0.0138
v  0.0063 0.1714 0.0499
v  -0.0536 0.1716 0.0790
v  -0.2984 -0.0366 -0.5481
v  -0.1084 0.0605 0.3455
v  -0.1416 0.0481 0.3596
v  0.2085 -0.1545 0.5322
v  0.1916 -0.1561 0.5838
v  -0.1477 -0.0332 -0.5719
v  -0.2318 -0.0397 -0.5652
v  0.3442 -0.1626 0.3383
v  -0.3967 0.0145 -0.3186
v  -0.2300 -0.0858 0.5416
v  -0.2348 -0.0707 0.5246
v  0.3072 -0.0077 0.1865
v  0.2800 -0.0022 0.2289
v  0.2889 -0.0038 0.2284
v  0.2893 0.0048 0.1444
v  0.2837 0.0110 0.1447
v  -0.2102 -0.0854 0.4149
v  -0.2429 -0.0304 0.4177
v  -0.2106 -0.0849 0.4063
v  0.3499 -0.0616 0.2228
v  0.3841 -0.0656 0.0961
v  0.3790 -0.0461 0.0550
v  0.3742 -0.0531 0.0974
v  0.0425 0.0880 -0.3095
v  -0.0948 0.1665 0.0972
v  0.2433 0.0542 0.0181
v  0.2736 0.0535 0.0186
v  0.2725 0.0532 -0.0666
v  -0.2646 0.0222 0.1906
v  -0.2698 0.0095 0.1816
v  -0.2416 0.1013 0.1613
v  -0.2894 0.0516 0.1799
v  0.1925 0.0609 -0.3590
v  0.2375 0.0975 -0.0638
v  -0.2814 0.0205 -0.0490
v  -0.2867 0.0035 0.0003
v  -0.3315 -0.0250 -0.0195
v  -0.3211 0.0045 -0.0320
v  -0.3148 -0.0162 -0.1160
v  -0.3248 -0.0224 -0.0664
v  -0.3213 -0.0056 -0.0758
v  -0.2281 -0.0775 0.5268
v  -0.2336 -0.0586 0.4876
v  -0.2409 -0.0359 0.4762
v  -0.2409 -0.0351 0.4320
v  -0.2810 0.0459 0.1811
v  -0.2970 0.0476 0.1556
v  -0.2658 0.0087 0.3570
v  -0.2789 0.0176 0.3071
v  -0.0423 0.1253 0.3209
v  0.0350 0.1344 0.2859
v  -0.0574 0.0329 0.5551
v  -0.0597 0.0529 0.5306
v  0.4054 -0.0728 0.0075
v  0.4227 -0.0821 -0.0165
v  -0.4293 -0.0973 0.0591
v  -0.1100 -0.1705 0.5758
v  -0.3730 -0.1595 0.4032
v  -0.3722 -0.1534 0.4073
v  0.2154 -0.0251 0.4499
v  0.2137 -0.0170 0.4508
v  -0.2551 -0.0089 0.4129
v  0.2507 0.0465 0.1701
v  0.2630 0.0490 0.1726
v  -0.0767 -0.0480 -0.6283
v  0.1017 0.1472 0.2640
v  0.1140 0.1052 0.3750
v  0.1231 0.1413 0.2544
v  -0.3051 0.0075 0.2015
v  -0.3035 0.0168 0.1824
v  -0.3104 0.0188 0.0912
v  -0.3175 0.0335 -0.2807
v  -0.3098 -0.1022 -0.4697
v  -0.3073 -0.1360 -0.4659
v  0.1201 -0.1630 0.6348
v  0.0783 -0.1589 0.6455
v  0.0783 -0.1636 0.6449
v  -0.0466 -0.1592 0.6503
v  -0.0783 -0.1638 0.6482
v  0.0141 -0.1639 0.6497
v  0.0088 0.0932 -0.3883
v  0.0088 0.0821 -0.4030
v  0.0037 0.0929 -0.3992
v  0.0140 0.0859 -0.3945
v  0.0427 -0.0523 -0.5992
v  0.0382 -0.0034 -0.6477
v  0.0435 -0.0533 -0.5882
v  0.0598 -0.0643 -0.4161
v  -0.0450 -0.1312 0.0988
v  -0.1969 0.0151 0.4944
v  -0.1951 -0.0229 0.5344
v  -0.1526 0.0128 0.5335
v  -0.1587 0.0303 0.5083
v  -0.1870 0.0198 0.4997
v  0.3352 -0.0092 0.0586
v  0.3634 -0.0124 0.0588
v  0.3656 -0.0375 0.0990
v  0.2491 0.0498 -0.1245
v  -0.3171 0.0211 0.0379
v  -0.3113 0.0417 0.0388
v  -0.3028 0.0170 0.1821
v  -0.0783 -0.1676 0.6402
v  0.1869 -0.0284 -0.5176
v  0.0775 -0.0257 -0.5289
v  -0.3369 -0.0774 0.3439
v  -0.3241 -0.0481 0.2846
v  -0.3535 -0.0869 0.3048
v  -0.3346 -0.0882 0.4292
v  0.1564 -0.1221 0.6029
v  0.1467 -0.1530 0.6251
v  -0.2129 -0.1526 0.6033
v  -0.2856 -0.1496 0.5046
v  -0.2308 -0.1512 0.5406
v  0.2872 -0.0662 -0.3624
v  0.2917 -0.0674 -0.3426
v  -0.0558 0.1690 0.0780
v  -0.0694 0.1363 0.0821
v  0.3408 -0.0762 -0.2481
v  0.3091 -0.0719 -0.3006
v  0.2367 0.0445 0.1761
v  0.2093 -0.1403 0.5638
v  0.1986 -0.1552 0.5804
v  0.2017 -0.0905 0.5333
v  0.1815 -0.1479 0.5944
v  0.2076 -0.1326 0.5614
v  -0.1048 0.1577 0.2307
v  -0.0930 0.1513 0.2703
v  -0.3141 -0.0847 -0.1832
v  0.2891 -0.0114 -0.3339
v  0.2928 -0.0056 -0.3093
v  0.2856 -0.0137 -0.3553
v  0.0428 0.0112 -0.6478
v  0.0439 0.0104 -0.6520
v  0.2494 0.0544 -0.0720
v  0.1834 -0.0414 -0.5829
v  0.1772 -0.0011 -0.5924
v  -0.3176 -0.1140 -0.1179
v  -0.3024 -0.1139 -0.1182
v  -0.2689 -0.1336 0.1895
v  -0.2643 -0.1460 0.3890
v  -0.2511 -0.1500 0.4546
v  -0.2339 -0.1499 0.4544
v  -0.2149 -0.1512 0.5409
v  -0.2417 -0.1477 0.4169
v  -0.2588 -0.0134 0.4268
v  -0.2509 -0.0290 0.4626
v  -0.2417 -0.0112 0.4265
v  0.2346 0.0046 0.2308
v  -0.0716 0.0558 -0.2039
v  0.2048 0.0991 0.2096
v  0.1971 0.1097 0.2142
v  -0.0441 0.1005 -0.3100
v  -0.0349 0.1115 -0.3263
v  -0.0349 0.1127 -0.3454
v  -0.4314 -0.1273 0.0628
v  -0.0709 0.1298 -0.0326
v  0.0269 0.1327 -0.0779
v  0.3289 -0.0879 -0.1838
v  -0.3165 -0.0232 0.2231
v  0.4275 -0.1185 -0.0424
v  0.4314 -0.0951 -0.0185
v  -0.0923 0.1299 0.3448
v  -0.2427 -0.1696 0.5546
v  -0.3001 0.0558 0.0650
v  -0.2434 0.0744 -0.0424
v  0.3083 -0.1090 0.4142
v  0.3656 -0.1125 0.2963
v  -0.2424 -0.0018 0.4039
v  -0.2559 -0.0022 0.4089
v  -0.2443 -0.0021 0.4018
v  -0.0949 -0.0546 0.6087
v  -0.0693 -0.0197 0.5960
v  -0.0753 0.1445 -0.0948
v  -0.0985 0.1576 -0.0923
v  -0.1013 0.1515 -0.1432
v  -0.1739 0.1264 -0.0926
v  -0.2433 -0.0280 0.4079
v  0.2537 0.0660 -0.2711
v  0.0645 -0.0538 0.6088
v  0.0382 -0.0191 0.5962
v  0.1318 -0.0680 0.5898
v  -0.3131 -0.0126 -0.4797
v  -0.3186 0.0116 -0.3876
v  0.3029 -0.0781 -0.2241
v  -0.3719 0.0387 -0.2707
v  -0.3775 0.0309 -0.2670
v  -0.3428 0.0433 -0.2356
v  -0.3701 0.0280 -0.3332
v  -0.2845 -0.0555 -0.5472
v  -0.0635 0.0840 0.4780
v  -0.0618 0.0698 0.5047
v  -0.0649 0.0958 0.4514
v  0.0037 0.1114 -0.3264
v  -0.0002 0.1125 -0.3358
v  -0.0002 0.1093 -0.3171
v  0.0519 -0.0494 -0.6419
v  0.0519 -0.0347 -0.6409
v  -0.3804 -0.0794 0.0028
v  -0.3652 -0.0663 0.0418
v  -0.3698 -0.0711 -0.0037
v  -0.3807 -0.0889 0.0889
v  -0.3638 -0.0931 0.2680
v  -0.3713 -0.0966 0.2285
v  0.0623 -0.0352 -0.6375
v  -0.4325 -0.0983 0.0647
v  0.4185 -0.1194 -0.0520
v  -0.0737 0.1248 -0.0133
v  -0.2299 -0.1552 0.5907
v  -0.2351 -0.1534 0.5654
v  -0.2645 -0.1517 0.5264
v  -0.2479 -0.1521 0.5335
v  0.1085 0.0845 0.4337
v  0.1223 0.0666 0.4564
v  0.0933 0.1000 0.4109
v  0.0375 0.1311 -0.0934
v  0.0378 0.1525 -0.0917
v  0.0435 0.1224 -0.2598
v  0.2962 -0.1506 0.4404
v  0.2308 -0.1519 0.4865
v  0.4026 -0.0672 -0.0343
v  -0.0706 -0.0303 -0.5450
v  -0.0713 0.0230 -0.5576
v  0.0671 0.1528 -0.1642
v  0.0654 0.1667 -0.0082
v  0.0629 0.1671 -0.0713
v  -0.0441 0.0680 -0.4153
v  -0.0349 0.1032 -0.3826
v  -0.0349 0.0930 -0.3992
v  -0.0390 0.0929 -0.3992
v  0.3734 -0.0151 0.0162
v  0.3789 -0.0159 -0.0253
v  0.0385 0.0757 -0.0901
v  0.3070 -0.1502 0.4298
v  0.3265 -0.1478 0.3898
v  0.2850 -0.1518 0.4642
v  0.2028 -0.1542 0.5728
v  0.1953 -0.0186 0.4287
v  0.2127 -0.0389 0.4704
v  0.1281 0.0316 0.5068
v  0.1333 0.0472 0.4793
v  0.0982 0.0419 0.5166
v  -0.0738 -0.0178 -0.6501
v  0.1789 -0.0728 0.2146
v  0.1778 -0.0729 0.2102
v  -0.1562 -0.0825 0.3573
v  -0.0336 0.1135 -0.3260
v  -0.0336 0.1082 -0.3073
v  -0.0017 0.1135 -0.3260
v  -0.0708 0.1360 0.0756
v  -0.0704 0.1537 0.0810
v  -0.0738 0.0459 -0.5477
v  -0.3170 0.0218 0.0561
v  0.1593 -0.1544 0.6113
v  0.1785 -0.1554 0.6007
v  0.1762 -0.1486 0.5995
v  -0.2911 0.0572 -0.0034
v  -0.2965 0.0500 -0.1203
v  -0.3114 0.0509 -0.1010
v  0.2781 -0.0277 0.3036
v  0.3328 -0.0487 0.2245
v  0.2475 -0.0044 -0.5576
v  0.2081 0.0089 -0.5382
v  0.2511 0.0111 -0.5042
v  0.0261 0.0333 0.5553
v  0.0417 0.0083 0.5758
v  0.3392 -0.1450 0.3468
v  0.3729 -0.0876 -0.1858
v  0.2981 -0.0690 -0.3204
v  -0.3956 0.0001 -0.3862
v  -0.3933 -0.0172 -0.4504
v  0.3502 -0.1432 -0.2436
v  -0.0748 -0.1332 -0.5542
v  0.2720 0.0582 0.0501
v  -0.3492 0.0062 -0.4419
v  -0.3648 0.0061 -0.4329
v  -0.3118 -0.0782 -0.1840
v  -0.3138 -0.0768 -0.2003
v  -0.3848 -0.0724 -0.2538
v  0.4245 -0.1435 -0.0668
v  0.0443 -0.1326 -0.5725
v  0.0801 0.1512 0.2700
v  0.1457 0.1326 0.2437
v  -0.3128 0.0412 -0.2039
v  -0.0737 0.1060 -0.2000
v  -0.3504 0.0462 -0.2513
v  -0.2242 -0.1522 0.5955
v  0.0447 -0.0650 -0.3937
v  0.4145 -0.1090 0.1351
v  -0.2981 -0.1165 -0.1079
v  -0.0994 0.0308 -0.6359
v  -0.0994 0.0617 -0.5419
v  0.0348 -0.1249 0.6095
v  -0.1551 -0.0828 0.3598
v  -0.2110 -0.0846 0.4066
v  0.2272 -0.1531 0.5434
v  0.1801 -0.1557 0.5984
v  0.1570 -0.1571 0.6175
v  -0.3997 -0.0791 -0.2558
v  -0.2078 0.0606 0.3907
v  -0.1821 0.0852 0.3803
v  -0.4029 -0.0894 0.0272
v  -0.3639 -0.0800 -0.0253
v  -0.1664 -0.0954 0.6035
v  -0.1439 -0.0633 0.5966
v  -0.3169 0.0399 -0.0346
v  0.3634 -0.1396 0.2939
v  0.3574 -0.1397 0.3186
v  0.4018 -0.1317 0.1758
v  0.3663 -0.1383 0.2940
v  0.4069 -0.1128 -0.1007
v  -0.0734 0.1217 0.0179
v  -0.1095 0.1096 -0.0958
v  -0.0739 0.1132 -0.1471
v  -0.0740 0.1216 -0.0517
v  -0.1748 -0.1505 0.6091
v  -0.0424 0.1482 -0.0845
v  -0.0490 0.0956 -0.3794
v  0.0680 0.1357 -0.2569
v  0.1305 0.0832 -0.3575
v  -0.2400 -0.1520 0.5796
v  0.1434 -0.0697 0.5840
v  0.3361 -0.0330 0.1842
v  0.3435 -0.0154 0.1437
v  0.3396 -0.0104 0.1441
v  0.3551 -0.0133 0.1014
v  -0.3554 -0.1175 -0.0579
v  -0.2423 -0.0908 0.5399
v  -0.2447 -0.0433 0.4882
v  -0.2335 -0.0952 0.5487
v  -0.2419 -0.1057 0.5527
v  -0.2098 0.0218 -0.5194
v  -0.1794 0.0302 -0.5258
v  -0.1795 0.0043 -0.6057
v  -0.1950 -0.0005 -0.5996
v  0.0636 -0.0341 -0.6367
v  -0.0002 0.1030 -0.3825
v  -0.3892 -0.0663 -0.4601
v  0.2150 -0.0396 0.4706
v  0.2136 -0.0585 0.4910
v  0.2915 -0.1072 -0.3524
v  0.2716 -0.1389 -0.3776
v  0.2837 -0.1065 -0.3823
v  0.0088 0.0430 -0.4286
v  0.3673 -0.0175 0.0583
v  -0.0441 0.0808 -0.2798
v  -0.0390 0.0852 -0.2758
v  -0.0753 -0.0601 -0.3967
v  -0.0773 -0.0668 -0.3776
v  -0.1975 -0.1526 0.6043
v  -0.2120 -0.0935 0.5502
v  0.2412 -0.1353 -0.4883
v  0.0441 -0.0600 -0.3980
v  -0.2836 0.0073 -0.0919
v  -0.2812 -0.0155 -0.1244
v  -0.2889 -0.0127 -0.0773
v  -0.2879 -0.0017 -0.0346
v  -0.1683 -0.1626 0.6284
v  -0.1103 -0.1589 0.6452
v  -0.0735 0.1623 0.1919
v  -0.0529 0.1648 0.2073
v  -0.0902 0.1567 0.2476
v  -0.0792 0.1613 0.2193
v  -0.1927 -0.0847 0.3957
v  -0.2056 -0.0855 0.4103
v  -0.0770 -0.0202 -0.4811
v  0.1835 -0.1396 0.5904
v  0.2847 -0.0690 -0.3656
v  0.2733 -0.0614 -0.4798
v  0.2670 -0.0642 -0.5399
v  -0.2118 -0.0260 0.3916
v  -0.0974 0.1296 0.0958
v  -0.1013 0.1310 0.0980
v  -0.2799 0.0529 0.1770
v  -0.0724 0.1168 0.0821
v  -0.0946 0.1324 0.0949
v  -0.0947 0.1296 0.0945
v  0.0872 -0.1518 0.6267
v  -0.2751 0.0121 0.3326
v  -0.0431 0.0746 0.3168
v  0.2062 -0.0474 0.4594
v  0.1915 0.0411 0.2103
v  0.2343 0.0080 0.1865
v  0.1780 -0.0720 0.2093
v  0.0332 -0.1587 0.6322
v  0.0356 -0.1575 0.5912
v  -0.2378 -0.1547 0.5818
v  0.0436 -0.0170 -0.6474
v  -0.3143 0.0439 -0.1713
v  -0.3149 0.0513 -0.1729
v  0.0367 0.0238 -0.5701
v  0.0302 0.0703 0.5050
v  0.0503 0.0685 0.5024
v  0.3156 -0.0089 0.1440
v  0.2720 0.0020 0.2292
v  0.2525 0.0729 -0.2326
v  0.1917 0.0823 -0.2668
v  0.2191 0.0893 -0.1926
v  -0.1816 -0.0182 0.5442
v  -0.1869 0.0014 0.5209
v  0.0032 0.1024 -0.2992
v  0.0037 0.0852 -0.2758
v  0.2748 -0.0201 -0.4686
v  0.2734 -0.0311 -0.5069
v  0.2686 -0.0549 -0.5489
v  0.2678 -0.0431 -0.5473
v  0.2700 0.0472 0.1037
v  0.2661 0.0425 0.1461
v  0.2849 0.0211 0.1024
v  0.2614 0.0362 0.1883
v  0.2529 0.0248 0.2502
v  0.2711 0.0159 0.1877
v  -0.2648 0.0492 0.1675
v  -0.1794 0.0524 -0.4496
v  -0.0836 -0.0487 -0.6321
v  -0.0797 -0.0529 -0.5653
v  -0.1573 -0.1533 0.6348
v  -0.1564 -0.1586 0.6360
v  -0.1039 0.1607 -0.0457
v  -0.2382 0.1086 0.0084
v  0.4164 -0.1288 0.0862
v  0.4221 -0.1290 0.0863
v  -0.2888 -0.0772 -0.1943
v  -0.3995 0.0237 -0.2512
v  -0.0441 0.0430 -0.4286
v  -0.0493 0.0421 -0.4263
v  0.2741 -0.0223 -0.5026
v  0.2672 -0.0351 -0.5486
v  0.2533 -0.0045 -0.5527
v  0.3547 -0.1411 0.3184
v  0.0055 0.1473 -0.1089
v  -0.0733 -0.0419 -0.5952
v  -0.0688 -0.0451 -0.5961
v  0.2637 -0.0372 -0.5522
v  0.2559 -0.0374 -0.5555
v  0.0464 -0.0193 -0.6473
v  0.2670 -0.0368 -0.5488
v  0.4198 -0.1272 0.0902
v  0.4265 -0.1245 0.0459
v  0.0438 -0.0535 -0.6069
v  0.0624 -0.1522 0.0417
v  0.0736 -0.1523 0.0091
v  0.0141 -0.1592 0.6503
v  -0.1022 0.1138 -0.3549
v  -0.0681 0.1361 0.3366
v  0.0359 0.1515 0.2916
v  -0.3245 0.0107 -0.0172
v  0.4068 -0.0812 -0.0974
v  0.3891 -0.0568 -0.1351
v  0.4009 -0.0660 -0.0745
v  0.4012 -0.0701 -0.0954
v  -0.0002 0.0917 -0.2831
v  -0.0002 0.1062 -0.3080
v  0.0037 0.1093 -0.3171
v  0.1201 -0.1582 0.6353
v  -0.0157 0.0977 0.4538
v  0.0329 0.0966 0.4513
v  0.2050 -0.1635 0.5634
v  0.2043 -0.1695 0.5579
v  0.0403 0.0116 -0.5751
v  0.3728 -0.1247 0.0457
v  -0.0695 0.1544 0.0831
v  -0.3033 -0.0440 -0.5386
v  -0.0002 0.0866 -0.4067
v  0.2709 -0.0305 -0.5072
v  0.2655 -0.0427 -0.5483
v  0.2335 -0.0363 -0.5400
v  0.2656 -0.0451 -0.5497
v  0.2662 -0.0557 -0.5498
v  0.0403 0.1271 -0.1092
v  0.0380 0.1299 -0.0919
v  -0.2952 -0.0229 -0.4882
v  0.0347 0.1435 -0.0937
v  0.0344 0.0777 -0.0755
v  0.2491 0.0090 0.3062
v  -0.2980 0.0442 -0.1715
v  -0.2999 0.0253 -0.2808
v  0.3072 -0.1462 0.4305
v  -0.2563 -0.0038 0.4128
v  -0.2145 0.0602 0.3975
v  -0.2153 0.0606 0.3952
v  -0.1508 0.1047 0.3723
v  -0.1839 0.0849 0.3828
v  -0.2906 0.0495 0.1803
v  -0.2798 0.0554 0.1773
v  -0.3547 -0.0925 0.3409
v  -0.3241 -0.0766 0.3917
v  -0.2952 -0.0666 0.4466
v  -0.2765 -0.0553 0.4614
v  -0.2966 -0.0575 0.4218
v  -0.1683 -0.1711 0.6061
v  -0.0970 0.1640 0.2030
v  0.2918 -0.0705 -0.3357
v  0.3718 -0.0731 0.2445
v  0.3847 -0.0785 0.2165
v  0.2213 0.0929 0.2051
v  0.0374 -0.1579 0.6483
v  0.0901 -0.1576 0.6386
v  -0.0336 0.0868 -0.2744
v  -0.3254 -0.0833 0.4261
v  -0.3164 -0.0790 0.4302
v  -0.3413 -0.0882 0.4113
v  -0.0847 0.0817 0.4748
v  -0.1066 0.0904 0.4442
v  0.2983 -0.0897 0.4162
v  -0.0545 -0.1593 0.6540
v  -0.0797 -0.1529 0.6514
v  -0.2950 -0.0558 -0.5418
v  -0.1143 -0.0508 -0.6224
v  0.2059 -0.0650 0.5094
v  0.2002 -0.0816 0.5301
v  0.2808 0.0356 -0.2126
v  0.2836 0.0227 -0.2746
v  0.2826 0.0025 -0.3738
v  -0.0653 -0.1668 0.4611
v  -0.3095 0.0008 -0.4061
v  -0.3054 -0.0173 -0.4776
v  -0.0734 0.0492 -0.4560
v  -0.3132 0.0115 -0.3606
v  -0.3099 -0.0072 -0.4453
v  0.1226 -0.0744 0.2355
v  0.1228 -0.0752 0.2366
v  -0.2142 -0.1560 0.6031
v  -0.2118 -0.0844 0.4039
v  0.0478 -0.1330 -0.5746
v  0.1201 -0.1713 0.6125
v  -0.1766 -0.1581 0.6281
v  -0.2007 -0.1529 0.6140
v  -0.2087 -0.1528 0.6085
v  0.0939 0.0228 0.5419
v  -0.1927 -0.0856 0.4105
v  0.0448 -0.0331 -0.6317
v  0.0441 -0.0280 -0.5357
v  0.0446 -0.0994 -0.6061
v  0.0446 -0.0579 -0.6399
v  0.0617 -0.0517 -0.6366
v  -0.2567 -0.0175 0.4370
v  0.2576 0.0401 0.1784
v  0.2609 0.0462 0.1803
v  0.2596 0.0508 0.1782
v  0.2777 0.0569 -0.0870
v  0.2312 0.0108 0.3622
v  -0.0691 0.1351 0.0819
v  -0.0715 0.1284 -0.0300
v  -0.3117 -0.0649 -0.5003
v  0.1819 0.0664 0.3748
v  0.1932 0.0716 0.3393
v  -0.2310 -0.0599 0.5180
v  -0.2412 -0.0312 0.4755
v  -0.1043 0.1156 -0.0496
v  -0.0972 0.1202 -0.0106
v  -0.0738 0.1225 -0.0134
v  0.0335 0.1324 -0.0835
v  0.0338 0.1538 -0.0818
v  -0.0757 -0.0633 -0.3954
v  -0.0748 -0.0545 -0.5898
v  -0.3059 -0.0142 0.2612
v  -0.3070 -0.0367 0.3287
v  -0.0472 -0.1588 0.6487
v  0.2734 0.0503 0.0612
v  0.1120 0.1438 -0.0985
v  -0.3045 -0.0001 -0.0495
v  0.2043 -0.1592 0.5723
v  0.1599 0.0180 0.4948
v  0.1625 0.0347 0.4683
v  0.2512 0.0376 -0.4040
v  0.2106 -0.0310 0.4732
v  0.0440 -0.0186 -0.6470
v  0.0420 0.0205 -0.5476
v  0.0461 -0.0176 -0.6478
v  -0.2691 0.0655 0.0585
v  -0.3032 0.0570 0.0149
v  -0.3022 0.0589 0.0149
v  -0.3174 0.0406 0.0530
v  -0.3129 0.0413 0.0459
v  0.3927 -0.0738 0.0951
v  0.3520 -0.0545 0.1824
v  -0.0783 -0.1591 0.6488
v  0.0911 0.0891 0.4394
v  -0.2846 -0.0043 -0.5520
v  -0.2873 -0.0046 -0.5457
v  -0.3821 -0.0839 0.0521
v  -0.3597 -0.0650 -0.0180
v  -0.3361 -0.0405 -0.0397
v  0.3069 0.0131 -0.1264
v  0.2822 0.0474 -0.1240
v  -0.1945 0.0701 -0.3573
v  -0.1933 0.0928 -0.2538
v  0.2742 -0.0574 -0.5088
v  0.3648 -0.1192 -0.0539
v  0.0892 0.1221 0.0079
v  0.2821 0.0422 -0.2045
v  0.2742 0.0320 -0.2742
v  -0.2625 0.0529 0.1668
v  0.3570 -0.0441 0.1411
v  -0.0349 0.0796 -0.4137
v  -0.0349 0.0634 -0.4254
v  -0.1520 0.1049 0.3699
v  -0.1129 0.1223 0.3557
v  0.0925 0.0794 0.2585
v  0.0324 0.1535 0.2876
v  0.0595 0.1541 0.2755
v  -0.2715 0.0084 0.1791
v  -0.2757 0.0111 0.1268
v  -0.3352 -0.1657 0.4367
v  0.3676 -0.0865 -0.1984
v  0.3676 -0.1180 -0.2146
v  0.3455 -0.0783 -0.2311
v  -0.3184 0.0112 0.0018
v  -0.2862 -0.1511 0.4903
v  -0.2565 -0.1633 0.5459
v  0.3086 0.0078 0.0165
v  0.3124 0.0074 -0.0257
v  0.0515 -0.0514 -0.6402
v  0.0454 -0.0534 -0.6084
v  0.0532 -0.0546 -0.5790
v  0.3116 0.0061 -0.1683
v  -0.0718 0.1589 0.0867
v  -0.0567 0.1691 0.1373
v  -0.3080 -0.0171 -0.4772
v  -0.2986 -0.0349 -0.5479
v  -0.2927 -0.0376 -0.5527
v  -0.2789 -0.0345 -0.5601
v  -0.4134 -0.1580 0.3635
v  -0.0743 -0.0533 -0.5823
v  -0.3213 0.0377 -0.0746
v  -0.3185 0.0384 -0.0742
v  0.1965 -0.0755 0.4950
v  0.3340 -0.0052 -0.1715
v  0.2615 -0.1385 -0.3891
v  -0.3908 -0.0166 -0.4537
v  0.2506 0.0040 -0.3727
v  0.3794 -0.0120 -0.1284
v  0.3814 -0.0151 -0.0861
v  0.0612 0.1705 0.0248
v  0.0675 0.1285 0.0184
v  0.2850 -0.1663 0.4557
v  0.3005 -0.1553 0.4406
v  -0.0349 0.1063 -0.3079
v  -0.0390 0.1093 -0.3171
v  -0.0349 0.0975 -0.2908
v  0.2880 -0.0700 -0.3350
v  0.3530 -0.0656 0.2779
v  -0.0955 0.1666 0.1782
v  -0.0924 0.1681 0.1356
v  0.0491 -0.0207 -0.4865
v  -0.3091 -0.0288 -0.5048
v  0.0427 -0.0534 -0.6083
v  -0.0802 -0.0566 -0.6342
v  -0.0767 -0.0568 -0.6330
v  -0.0802 -0.0503 -0.6328
v  -0.2304 0.0853 0.2867
v  0.0806 0.1507 0.2730
v  0.1011 0.1477 0.2610
v  0.2586 -0.0681 -0.3389
v  0.4243 -0.1221 -0.0174
v  -0.3055 -0.0221 -0.5020
v  -0.3302 -0.0292 -0.0461
v  -0.3204 -0.1137 -0.1181
v  -0.2015 -0.0998 0.5806
v  0.2564 0.0022 -0.5232
v  -0.1103 -0.1636 0.6445
v  0.0736 -0.1529 0.0425
v  0.0599 -0.1503 0.0587
v  -0.0002 0.1097 -0.3643
v  -0.0002 0.1116 -0.3549
v  -0.2855 -0.1187 -0.0710
v  -0.1336 0.1220 0.3339
v  0.2355 0.0434 0.1860
v  -0.3118 -0.0590 -0.5002
v  0.2568 0.0660 -0.0737
v  0.2655 -0.0431 -0.5490
v  -0.3367 0.0426 -0.2192
v  0.0403 -0.0534 -0.6087
v  -0.2569 -0.0036 0.4114
v  -0.2445 -0.0291 0.4100
v  0.2897 -0.0677 -0.3424
v  -0.0802 -0.0476 -0.6334
v  -0.0802 -0.0359 -0.6326
v  -0.0765 -0.0250 -0.4964
v  0.2830 0.0304 -0.2746
v  0.2825 0.0320 -0.2745
v  0.2828 0.0215 -0.3174
v  0.2786 -0.0072 -0.4455
v  0.0146 0.0701 -0.4222
v  0.0152 -0.0108 -0.4044
v  -0.0705 0.1427 -0.0379
v  0.0682 0.1253 -0.3060
v  0.3631 -0.1420 0.2960
v  0.0420 0.0650 -0.4076
v  -0.0428 0.1075 -0.3362
v  0.0681 -0.1336 -0.5661
v  -0.0802 -0.1327 -0.5694
v  -0.3678 -0.1473 0.3890
v  0.0160 -0.0829 0.6296
v  0.2896 -0.1455 0.3796
v  -0.0426 0.1417 0.3256
v  0.3001 -0.0041 0.2278
v  0.2210 0.0927 0.2026
v  0.4287 -0.0869 -0.0175
v  0.4296 -0.0880 0.0044
v  -0.3136 0.0441 -0.1714
v  -0.1700 0.1004 0.0702
v  -0.1038 0.1250 0.0510
v  -0.2069 0.0981 -0.1999
v  -0.2849 0.0062 0.0004
v  -0.2826 -0.0232 -0.1173
v  -0.2318 -0.0622 0.5161
v  -0.0892 0.0658 0.3371
v  0.0137 0.1017 -0.3626
v  -0.0739 -0.0198 -0.6490
v  0.0683 0.0885 -0.4533
v  -0.2837 0.0229 -0.1499
v  0.0690 -0.1526 0.0508
v  -0.0762 0.0309 0.5526
v  -0.0700 0.1300 -0.0337
v  -0.0490 0.0985 -0.3108
v  -0.0490 0.0851 -0.2879
v  0.0132 -0.0125 -0.4109
v  -0.3618 -0.0924 0.4016
v  -0.0849 0.1333 0.3396
v  -0.0978 0.1671 0.0963
v  -0.0349 0.1098 -0.3644
v  -0.3106 -0.0843 -0.1708
v  0.1769 -0.1569 0.6062
v  0.1462 -0.1580 0.6261
v  0.0957 -0.1589 0.6433
v  -0.0490 0.1035 -0.3540
v  0.0355 -0.0310 -0.5629
v  0.0337 0.0235 -0.5752
v  -0.2673 0.0961 0.0118
v  0.2184 -0.0468 0.4718
v  -0.0479 0.0675 -0.4285
v  0.1298 0.0890 0.3975
v  -0.3954 -0.0869 0.0256
v  0.0612 -0.1591 0.6500
v  0.0137 0.0956 -0.3794
v  0.2213 -0.0186 0.4293
v  0.2681 -0.0582 -0.5406
v  0.2641 -0.0579 -0.5453
v  0.3039 0.0005 0.1014
v  -0.0699 0.0232 -0.5613
v  -0.0684 0.0227 -0.5629
v  0.3751 -0.1219 0.0010
v  0.0137 0.0590 -0.4187
v  -0.2469 -0.0378 0.4793
v  -0.2789 0.0840 -0.1468
v  0.3672 -0.0583 0.1398
v  -0.3634 -0.1379 -0.4059
v  -0.3206 -0.0778 -0.1895
v  0.3798 -0.1592 0.2352
v  -0.0002 0.0717 -0.4198
v  0.1517 0.1328 0.2184
v  -0.2853 0.0577 -0.3083
v  -0.3111 0.0483 -0.1490
v  -0.3081 0.0553 -0.0938
v  -0.3177 -0.0360 -0.1025
v  0.2537 0.0299 0.2298
v  -0.0651 0.0067 -0.5537
v  -0.0742 0.1181 0.0602
v  -0.0736 0.1079 -0.1999
v  -0.0655 -0.0029 -0.6304
v  -0.0802 -0.0506 -0.6353
v  -0.0002 0.0974 -0.2909
v  -0.0017 0.0934 -0.2818
v  -0.0002 0.0852 -0.2758
v  0.2207 0.0923 0.2117
v  0.1677 0.1226 0.2328
v  0.2175 0.0961 0.2073
v  0.0127 0.1037 -0.2925
v  -0.0734 0.0992 -0.2537
v  -0.0733 0.0777 -0.3575
v  0.0137 0.0985 -0.3108
v  -0.3475 -0.0519 -0.0250
v  -0.3576 -0.0584 -0.0006
v  -0.0732 0.0210 -0.5462
v  -0.3058 -0.0377 -0.5256
v  0.3820 -0.0189 -0.0460
v  0.2792 0.0492 -0.1239
v  0.0525 -0.0656 -0.3948
v  -0.3464 -0.1166 -0.0728
v  -0.3227 -0.1134 -0.1148
v  -0.0994 0.0273 -0.6438
v  0.3144 0.0063 -0.1269
v  0.2783 0.0518 -0.0868
v  -0.2657 -0.1492 0.5373
v  -0.2885 -0.1482 0.5033
v  -0.3350 -0.1473 0.4455
v  0.4219 -0.1172 -0.0624
v  0.0523 -0.1345 -0.5403
v  0.2421 0.0132 0.3064
v  0.2590 0.0377 0.1883
v  -0.0724 -0.1572 0.1960
v  -0.0934 -0.1549 0.1237
v  -0.0750 -0.1350 -0.5254
v  -0.3008 0.0333 0.1834
v  0.0422 -0.0277 -0.5036
v  0.0146 -0.1588 0.6487
v  0.0784 -0.1585 0.6440
v  0.0443 -0.0538 -0.6116
v  0.0481 -0.0515 -0.6397
v  0.2829 0.0428 -0.1618
v  0.2676 -0.1491 0.4165
v  0.0365 -0.1592 0.6529
v  -0.3114 -0.1346 -0.4460
v  -0.3751 -0.1464 0.3746
v  -0.0739 0.1237 -0.0516
v  -0.4330 -0.1538 0.0649
v  0.4283 -0.0940 -0.0397
v  -0.0484 0.1028 -0.2915
v  -0.0748 -0.0550 -0.5916
v  0.1808 -0.1439 0.5950
v  0.0467 -0.0342 -0.6392
v  0.2399 0.0986 -0.0619
v  -0.2485 0.0986 0.1631
v  -0.0349 0.0451 -0.4340
v  0.0485 -0.0201 -0.6456
v  -0.0734 -0.1510 -0.0317
v  -0.3141 -0.0788 -0.1830
v  -0.0712 0.0622 -0.4407
v  0.0403 -0.0523 -0.6064
v  -0.0009 0.1143 -0.3454
v  -0.0017 0.1146 -0.3357
v  -0.0721 -0.0533 -0.5896
v  0.2373 0.0106 0.1866
v  -0.0336 0.1146 -0.3357
v  -0.0349 0.1126 -0.3358
v  -0.0349 0.1094 -0.3170
v  -0.2098 -0.1514 0.5920
v  -0.0336 0.0730 -0.4214
v  -0.0336 0.0946 -0.4003
v  -0.0336 0.0881 -0.4080
v  -0.0349 0.0867 -0.4068
v  -0.3108 -0.0232 -0.4889
v  0.3894 -0.0868 0.2154
v  -0.0002 0.0450 -0.4339
v  -0.0002 0.0633 -0.4253
v  0.0037 0.0451 -0.4339
v  -0.0002 0.1114 -0.3264
v  -0.0009 0.1078 -0.3074
v  -0.3889 -0.0840 0.0116
v  -0.3776 -0.0772 0.0276
v  0.0146 0.1396 -0.0986
v  -0.2439 -0.0291 0.4114
v  -0.3712 -0.1487 0.4078
v  -0.4143 -0.1464 0.3665
v  0.0368 0.1119 -0.2527
v  -0.3030 -0.1013 -0.4980
v  -0.3904 -0.0604 -0.4594
v  -0.0017 0.0458 -0.4358
v  -0.0336 0.0934 -0.2818
v  -0.0347 0.0985 -0.2903
v  -0.0349 0.0853 -0.2757
v  -0.2888 -0.1207 -0.0176
v  -0.3023 -0.0567 -0.5364
v  0.0691 0.1587 -0.1227
v  0.3051 -0.1479 0.4303
v  0.0784 0.1340 0.2667
v  -0.3920 -0.0584 -0.4563
v  -0.3449 -0.0703 -0.0537
v  0.2837 -0.1609 0.4588
v  -0.0802 -0.0491 -0.6269
v  0.0115 0.1416 -0.1022
v  -0.2057 -0.0858 0.4159
v  0.2672 0.0491 0.1038
v  -0.3039 -0.0545 -0.5387
v  -0.3073 -0.0567 -0.5181
v  -0.0009 0.1046 -0.3831
v  -0.0017 0.1002 -0.3920
v  0.0126 0.0684 -0.4288
v  0.0161 0.0792 -0.3870
v  -0.4157 -0.1430 0.3625
v  -0.1545 -0.1578 0.6326
v  0.0420 0.0893 -0.3094
v  -0.2613 -0.0089 0.4144
v  -0.3658 -0.0418 -0.4354
v  -0.0733 0.1582 0.1022
v  -0.2574 0.0478 0.1644
v  0.4267 -0.0897 0.0490
v  -0.2725 -0.1066 0.5260
v  0.2079 -0.1555 0.5688
v  -0.2899 -0.0092 -0.0632
v  -0.0347 0.1109 -0.3646
v  0.2216 -0.0108 0.4224
v  -0.0651 0.0189 -0.5657
v  0.0075 0.0816 -0.2790
v  0.0450 -0.0660 -0.3881
v  -0.3406 -0.0018 -0.4504
v  -0.3396 -0.0043 -0.4511
v  0.0491 -0.1669 0.4624
v  -0.0336 0.0553 -0.4318
v  -0.2988 -0.0561 -0.5383
v  -0.0017 0.0881 -0.4080
v  -0.0017 0.0730 -0.4214
v  -0.0713 0.1424 -0.0403
v  -0.3087 -0.0583 -0.5016
v  0.0743 0.1636 0.0169
v  0.0451 0.1546 0.2810
v  0.2480 0.0529 -0.0702
v  -0.0009 0.0456 -0.4354
v  -0.0728 -0.1496 -0.0753
v  0.2805 0.0477 -0.1763
v  -0.3798 0.0261 -0.2596
v  0.0413 -0.1661 0.4384
v  0.2684 -0.0556 -0.5486
v  -0.0017 0.0868 -0.2744
v  -0.4010 -0.0731 -0.2559
v  -0.4019 -0.0722 -0.2618
v  -0.3731 -0.0083 -0.4384
v  0.1809 -0.1435 0.5948
v  -0.0336 0.0458 -0.4358
v  -0.4044 -0.0706 -0.2565
v  0.0123 0.1236 -0.2052
v  -0.0802 -0.0980 -0.6004
v  -0.4143 -0.1509 0.3665
v  -0.0481 0.1427 -0.0718
v  0.2649 -0.0575 -0.5424
v  -0.3147 0.0026 -0.3891
v  -0.0475 0.1279 -0.1779
v  -0.3706 -0.0102 -0.4402
v  -0.0766 -0.0587 -0.4838
v  -0.0748 -0.0543 -0.5720
v  -0.3922 -0.0606 -0.4481
v  -0.2277 -0.0934 0.5494
v  -0.0017 0.0553 -0.4318
v  -0.2892 0.0330 0.2342
v  -0.0765 -0.0570 -0.4987
v  -0.1677 -0.1575 0.6277
# 2154 vertices

vn 0.0594 0.9487 0.3106
vn 0.0009 -0.9995 -0.0326
vn 0.3015 0.9502 0.0794
vn -0.0013 -0.9994 -0.0347
vn -0.1949 0.3687 0.9089
vn -0.0049 -0.9996 -0.0286
vn -0.4026 0.9135 0.0585
vn 0.8268 0.5535 0.1004
vn 0.3790 0.9254 0.0083
vn 0.7349 0.5586 0.3846
vn -0.0029 0.5855 0.8106
vn -0.0004 -0.9995 -0.0325
vn 0.0008 -0.9995 -0.0320
vn -0.4184 0.8943 -0.1587
vn 0.0055 -0.9994 -0.0347
vn -1.0000 -0.0021 -0.0045
vn 0.2803 0.9273 -0.2480
vn 0.9563 0.0025 0.2924
vn 0.0050 -0.9992 -0.0398
vn -0.2732 -0.9469 0.1697
vn 0.8615 0.4735 0.1833
vn 0.8541 0.0977 -0.5109
vn 0.9994 0.0317 -0.0133
vn 0.3957 -0.0216 0.9181
vn -0.4096 0.8973 0.1645
vn 0.2542 -0.9441 0.2101
vn -0.7985 0.5962 0.0837
vn -0.7892 0.6089 0.0801
vn 0.7889 0.5648 0.2421
vn 0.0002 -0.9995 -0.0328
vn 0.3812 0.9244 0.0072
vn 0.3584 0.9295 -0.0866
vn -0.7290 0.5587 0.3956
vn -0.0053 0.8825 0.4703
vn -0.3605 0.9320 -0.0373
vn -0.6434 0.6276 0.4383
vn 0.2654 -0.9633 0.0397
vn -0.2491 -0.9413 0.2279
vn -0.4238 -0.0120 -0.9057
vn 0.4032 0.1714 0.8989
vn 0.3352 0.4124 0.8471
vn -0.0145 -0.9002 -0.4353
vn 0.0002 -0.9995 -0.0321
vn -0.0000 -0.9995 -0.0321
vn 0.7460 0.5373 0.3935
vn 0.8015 0.4775 0.3600
vn -0.2281 -0.9721 -0.0552
vn -0.8044 0.5873 -0.0895
vn 0.0662 0.9640 -0.2574
vn -0.1343 -0.2446 -0.9603
vn -0.9999 -0.0114 0.0012
vn -0.7703 -0.6342 -0.0661
vn 0.4322 -0.0617 -0.8997
vn -0.5045 0.8348 -0.2203
vn 0.8396 0.5282 0.1269
vn 0.0910 0.9932 -0.0730
vn 0.8349 0.2664 -0.4817
vn -0.9999 -0.0145 0.0026
vn 0.0125 0.9991 0.0393
vn -0.3978 0.1119 -0.9106
vn 0.5843 0.5408 0.6051
vn -0.6650 0.4132 0.6221
vn -0.1304 0.9895 0.0622
vn -0.7000 -0.0453 0.7127
vn 0.0517 0.9951 0.0837
vn -0.0734 0.9684 0.2383
vn 0.3999 -0.0333 0.9159
vn 0.3117 -0.6288 -0.7124
vn 0.7714 0.6274 -0.1063
vn 0.0209 0.9675 0.2520
vn 0.0020 0.9981 0.0616
vn 0.7877 0.6005 -0.1373
vn 0.7522 0.6510 0.1020
vn -0.0092 -0.9999 -0.0047
vn 0.3908 0.5367 0.7478
vn 0.3195 0.8157 0.4822
vn -0.3926 0.0590 -0.9178
vn -0.9997 -0.0231 0.0047
vn 0.9998 0.0201 -0.0006
vn 0.6656 0.4701 0.5796
vn -0.7443 0.5996 0.2940
vn 0.0000 -0.9995 -0.0321
vn 0.0009 -0.9995 -0.0329
vn -0.4419 0.8787 -0.1807
vn 0.9998 0.0195 -0.0001
vn 0.9999 0.0140 -0.0008
vn -0.9998 -0.0216 -0.0018
vn 0.9244 0.3714 0.0866
vn 0.9628 0.1172 -0.2436
vn -0.0622 0.9824 -0.1759
vn -0.9987 0.0012 -0.0517
vn -0.1439 0.9718 -0.1866
vn 0.9986 -0.0222 0.0485
vn 0.0026 0.9982 0.0607
vn -0.3086 -0.6046 -0.7343
vn -0.9931 -0.1149 -0.0223
vn 0.9885 0.1484 -0.0276
vn -0.0031 -0.9981 -0.0617
vn 0.7408 0.6134 0.2738
vn 0.9970 0.0349 -0.0693
vn 0.8518 0.1021 -0.5138
vn 0.3138 -0.5928 -0.7417
vn -0.4095 0.0655 -0.9100
vn -0.4178 0.0866 -0.9044
vn 0.0034 0.9985 0.0547
vn 0.0000 -0.9287 0.3709
vn -0.3631 0.5477 0.7538
vn -0.4332 0.7837 0.4452
vn -0.9999 -0.0035 -0.0156
vn -0.7613 0.6440 -0.0755
vn -0.2149 0.9473 -0.2374
vn -0.0294 0.9956 -0.0894
vn 0.2601 0.9425 -0.2098
vn -0.2734 -0.9607 0.0491
vn -0.2686 -0.9621 0.0468
vn 0.2340 0.9448 -0.2293
vn -0.5873 -0.3891 -0.7098
vn -0.0313 -0.9974 -0.0657
vn 0.9976 -0.0087 -0.0692
vn 0.4253 -0.0670 0.9026
vn 0.0396 0.9990 0.0230
vn 0.0550 -0.8266 -0.5601
vn -0.9684 -0.2449 -0.0477
vn -0.0762 0.9655 -0.2488
vn -0.0353 0.9503 -0.3093
vn -0.0077 0.9627 0.2704
vn -0.2677 0.7995 -0.5378
vn -0.0034 0.9480 0.3183
vn -0.9986 0.0269 -0.0459
vn -0.3252 -0.9442 0.0522
vn 0.2897 0.9568 0.0250
vn -0.9135 0.1115 -0.3912
vn -0.9964 0.0559 0.0639
vn 0.9393 0.1695 -0.2982
vn -0.0003 -0.9995 -0.0322
vn -0.9931 -0.1156 -0.0219
vn 0.9846 0.1723 -0.0284
vn -0.1934 -0.9581 0.2113
vn 0.1901 0.9762 -0.1043
vn -0.8407 -0.1125 -0.5296
vn -0.0013 -0.9995 -0.0330
vn -0.0064 -0.9982 -0.0595
vn -0.0003 -0.9981 -0.0624
vn -0.3761 0.1622 -0.9123
vn 0.7710 0.6365 0.0193
vn -0.7898 -0.6118 -0.0438
vn 0.8132 0.5153 0.2706
vn 0.7187 0.6895 0.0899
vn 0.4114 -0.0373 -0.9107
vn 0.0007 0.2154 0.9765
vn -0.6639 0.7404 -0.1055
vn -0.1163 0.9724 -0.2021
vn -0.4320 0.8804 0.1954
vn 0.4013 -0.0259 0.9156
vn -0.8327 0.1577 -0.5307
vn 0.5107 0.7844 0.3521
vn -0.6212 -0.3588 0.6966
vn -0.0028 0.9977 0.0674
vn 0.2530 -0.9479 0.1935
vn -0.0001 -0.9997 -0.0257
vn -0.0135 -0.2003 -0.9796
vn 0.9990 0.0356 -0.0263
vn -0.9984 0.0162 -0.0543
vn -0.4232 0.1053 -0.8999
vn -0.4389 0.0903 -0.8940
vn -0.9986 0.0530 -0.0008
vn -0.0005 -0.9994 -0.0349
vn 0.3132 -0.9484 0.0494
vn -0.2952 -0.9505 0.0971
vn 0.0913 0.9894 -0.1132
vn 0.3577 0.9325 0.0496
vn 0.1332 0.9911 0.0010
vn 0.7762 0.6114 -0.1540
vn 0.3091 0.9111 -0.2728
vn -0.2687 -0.9623 -0.0416
vn 0.2736 0.9611 -0.0388
vn -0.0156 -0.9980 -0.0617
vn 0.0022 -0.9961 -0.0881
vn -0.8919 0.4190 0.1702
vn -0.0028 -0.9995 -0.0322
vn -0.1125 -0.6359 -0.7635
vn 0.4656 0.8543 -0.2310
vn 0.9984 0.0564 0.0005
vn -0.0036 -0.9994 -0.0354
vn 0.1892 0.9800 -0.0615
vn -0.2385 -0.9699 -0.0502
vn -0.9247 0.3791 -0.0335
vn -0.7188 0.6681 0.1924
vn -0.1198 -0.6453 -0.7545
vn -0.0588 0.9411 -0.3330
vn 0.0011 -0.9977 -0.0684
vn 0.5150 0.8551 -0.0609
vn -0.2313 -0.9223 0.3097
vn 0.4535 0.0966 0.8860
vn -0.0026 -0.9994 -0.0344
vn -0.3578 -0.9308 0.0745
vn 0.3384 0.9402 0.0377
vn 1.0000 0.0057 0.0004
vn -0.0234 0.9443 0.3282
vn -0.3756 0.8378 0.3963
vn 0.3886 -0.0640 0.9192
vn -0.0027 -0.9995 -0.0300
vn -0.6780 0.0350 0.7342
vn -0.1369 0.9700 -0.2008
vn 0.4882 0.8596 0.1508
vn 0.4238 0.9056 0.0170
vn -0.6572 -0.0325 0.7530
vn -0.7242 0.6895 0.0083
vn -0.1325 -0.8438 -0.5200
vn 0.6515 0.4168 0.6339
vn -0.1355 0.9630 -0.2328
vn -0.0268 0.9787 -0.2035
vn 0.2614 0.3740 0.8898
vn -0.0023 0.4402 0.8979
vn -0.1748 0.9832 0.0524
vn 0.0049 -0.9996 -0.0275
vn -0.9987 0.0211 -0.0460
vn -0.3364 -0.6789 -0.6527
vn -0.6117 0.3756 0.6962
vn -0.4136 0.0616 -0.9084
vn 0.0047 0.9980 0.0634
vn -0.2526 0.9623 -0.1010
vn -0.0110 -0.9982 0.0596
vn 0.0988 0.4553 0.8849
vn -0.9043 0.4265 -0.0197
vn -0.7785 0.6275 -0.0140
vn -0.0030 0.9999 -0.0110
vn 0.3463 0.9201 -0.1830
vn -0.4742 0.8560 -0.2060
vn 0.0165 0.9848 -0.1730
vn -0.0150 0.9821 -0.1877
vn 0.7655 0.2738 0.5823
vn 0.8951 0.1557 0.4178
vn 0.4819 0.6199 0.6192
vn 0.6841 0.5014 0.5297
vn 0.4103 -0.0864 -0.9079
vn -0.1132 -0.6306 -0.7678
vn 0.0241 -0.9987 -0.0453
vn -0.3162 0.5827 0.7487
vn -0.0315 0.6111 0.7909
vn 0.2043 0.5591 0.8035
vn -0.9984 -0.0572 0.0013
vn -0.3852 0.0820 -0.9192
vn -0.4169 0.0868 -0.9048
vn 0.0065 -0.9994 -0.0354
vn 0.9778 -0.1534 -0.1425
vn 0.9765 -0.2122 0.0383
vn 0.9076 -0.4165 0.0527
vn 0.0410 0.2409 0.9697
vn 0.0048 -0.9980 -0.0627
vn 0.9994 0.0335 -0.0131
vn 0.4415 0.1549 0.8838
vn -0.9995 -0.0322 0.0008
vn -0.4744 -0.0953 -0.8752
vn -0.2075 -0.9379 0.2781
vn -0.6295 -0.0908 -0.7717
vn 0.0225 0.7945 0.6068
vn 0.3235 0.7933 0.5158
vn -0.4314 0.0850 -0.8981
vn -0.9503 0.3023 0.0748
vn -0.3773 0.8487 0.3705
vn 0.5360 0.8426 0.0524
vn 0.9996 0.0231 -0.0179
vn 1.0000 0.0001 -0.0013
vn 0.9997 0.0237 -0.0087
vn -0.4324 0.8679 -0.2445
vn -0.4026 -0.0635 -0.9132
vn 0.9600 0.0249 0.2788
vn 0.7592 -0.3503 0.5486
vn -0.0001 -0.9995 -0.0324
vn 0.9312 0.0779 -0.3562
vn 0.8051 0.5756 -0.1432
vn 1.0000 -0.0010 0.0099
vn 0.6269 0.7655 -0.1449
vn 0.4750 0.8682 -0.1437
vn 0.4786 0.8496 -0.2217
vn -0.0002 0.9981 0.0618
vn -0.4632 0.7559 0.4626
vn -0.6216 0.7243 0.2983
vn -0.9939 -0.1087 0.0196
vn -0.4343 0.8990 0.0559
vn -0.9986 0.0362 -0.0398
vn -0.3866 0.9212 -0.0445
vn 0.4985 0.8661 -0.0363
vn 0.0200 0.9715 -0.2363
vn 0.0662 0.9793 -0.1913
vn 0.1215 -0.9898 -0.0741
vn 0.9383 0.0257 -0.3448
vn 0.9998 -0.0066 0.0192
vn 0.0037 0.9980 0.0631
vn 0.0036 0.9980 0.0629
vn 0.0107 0.9982 0.0596
vn 0.0000 -0.9023 -0.4311
vn -0.0166 -0.9980 -0.0613
vn -0.0214 -0.5787 -0.8152
vn -0.4323 -0.8884 0.1545
vn -0.7675 0.6221 -0.1549
vn -0.9999 -0.0023 0.0118
vn 0.3961 0.1022 0.9125
vn 0.9994 0.0325 -0.0134
vn -0.4276 -0.1515 -0.8912
vn -0.4717 0.6187 -0.6283
vn -0.5280 0.4452 0.7231
vn 0.1297 -0.9355 -0.3288
vn -0.1097 0.9726 -0.2048
vn -0.4454 -0.2146 -0.8692
vn 0.9881 0.1535 0.0056
vn 0.4667 0.1569 0.8704
vn 0.8634 -0.5045 0.0050
vn -0.0412 0.9550 -0.2938
vn -0.0020 -0.9981 -0.0621
vn -0.1356 -0.6130 -0.7783
vn -0.1970 -0.9771 0.0806
vn 0.6465 0.5579 0.5203
vn -0.7382 0.5307 0.4164
vn 0.7391 0.6119 -0.2815
vn 0.6814 0.3950 -0.6162
vn -0.9908 0.1189 0.0646
vn -0.2357 -0.4050 -0.8834
vn 0.8353 0.2804 -0.4729
vn 0.0188 0.9954 0.0939
vn -0.9985 0.0135 0.0539
vn -0.0168 0.9540 -0.2994
vn -0.2457 0.8221 -0.5135
vn -0.1584 -0.9820 0.1027
vn -0.7862 -0.0047 0.6179
vn -0.5046 -0.2009 -0.8396
vn 0.0159 0.9931 0.1165
vn -0.0526 0.7941 0.6055
vn 0.0360 0.9588 0.2818
vn -0.2255 -0.9007 -0.3713
vn 0.1571 -0.9867 -0.0409
vn 0.4303 -0.1046 0.8966
vn 0.0003 0.9977 0.0684
vn 0.0000 0.9888 -0.1494
vn 0.0623 0.6606 -0.7481
vn 0.0479 0.9941 0.0971
vn 0.0217 0.9833 -0.1805
vn 0.5202 0.7992 0.3011
vn 0.1370 0.9324 0.3344
vn -0.1860 0.8224 -0.5376
vn -0.4533 -0.7253 0.5182
vn -0.7344 -0.0935 0.6723
vn -0.5024 0.1719 -0.8474
vn -0.0966 -0.9812 -0.1671
vn 0.7168 0.6959 -0.0438
vn -0.0057 -0.9754 0.2202
vn 0.4761 -0.8713 -0.1193
vn 0.9433 0.0242 -0.3311
vn 0.5085 0.8552 0.1001
vn -0.9924 -0.1219 0.0175
vn 0.4551 0.1380 0.8797
vn -0.4709 -0.8744 -0.1167
vn 0.0280 -0.9930 -0.1145
vn 0.1541 0.9853 -0.0737
vn -0.4047 0.1025 -0.9087
vn -0.0094 0.9725 -0.2327
vn -0.0769 0.9733 -0.2163
vn 0.0581 0.8359 0.5459
vn -0.6593 -0.0359 0.7510
vn 0.9382 0.1639 -0.3049
vn 0.0229 -0.9988 -0.0442
vn -0.4216 0.0786 -0.9034
vn 0.3908 0.1877 0.9011
vn 0.8954 0.1520 0.4185
vn -0.1585 -0.4646 -0.8712
vn -0.9991 0.0269 0.0341
vn -0.1684 0.9420 -0.2901
vn -0.1317 0.9705 -0.2021
vn -1.0000 0.0057 0.0004
vn 0.9880 0.1539 0.0159
vn -0.0160 0.9818 -0.1893
vn 0.0066 0.9689 -0.2472
vn -0.0023 -0.9971 -0.0754
vn -0.0211 -0.9437 0.3302
vn 0.4335 0.8744 -0.2182
vn 0.3965 -0.0884 -0.9138
vn 0.0025 -0.9981 -0.0617
vn 0.8089 -0.5864 -0.0433
vn 0.0051 -0.9933 -0.1151
vn -0.0393 0.3271 0.9442
vn -0.3292 -0.6188 -0.7132
vn -0.0711 -0.9966 -0.0403
vn -0.3139 -0.6305 -0.7099
vn 0.1039 -0.8998 -0.4237
vn 0.1918 0.5503 0.8126
vn -0.4959 0.8250 0.2710
vn -0.7381 0.6034 0.3019
vn -0.1447 0.9895 -0.0053
vn -0.7713 0.5971 0.2204
vn 0.9616 0.2053 -0.1823
vn 0.0620 0.9965 0.0558
vn -0.0068 0.9980 0.0625
vn 0.0063 0.9999 0.0140
vn -0.4007 0.1291 -0.9071
vn -0.0022 -0.9994 -0.0331
vn 0.8936 -0.2174 -0.3927
vn -0.0881 0.9857 -0.1437
vn -0.0158 0.9819 -0.1886
vn 0.7894 0.6134 0.0226
vn 0.3156 0.9489 0.0045
vn -0.1168 -0.2195 -0.9686
vn 0.0112 -0.9999 -0.0053
vn -0.3873 0.9210 0.0413
vn -0.7293 0.6792 0.0826
vn -0.2908 -0.9511 0.1041
vn -0.0087 -0.9955 -0.0939
vn 1.0000 0.0031 -0.0052
vn 0.9547 0.0384 0.2950
vn 0.7649 0.5337 0.3608
vn -0.9977 0.0191 -0.0646
vn 0.2344 -0.9247 0.3000
vn 0.0116 -0.9983 -0.0568
vn 0.0054 -0.9981 -0.0608
vn 0.3884 -0.0610 0.9195
vn 0.4758 0.8776 0.0592
vn 0.9984 0.0559 -0.0036
vn -0.0003 0.9980 0.0625
vn 0.0183 0.9974 0.0690
vn 0.3669 -0.9290 -0.0483
vn -0.4673 0.1009 -0.8783
vn 0.9887 0.1471 -0.0300
vn -0.9705 0.2394 0.0290
vn -0.9324 0.3522 0.0808
vn -0.4578 0.8733 -0.1663
vn 0.0024 -0.9985 -0.0543
vn 0.1339 0.7568 0.6398
vn -0.0772 -0.9572 0.2788
vn -0.4681 0.0529 0.8821
vn 0.1638 0.7163 0.6783
vn 0.2427 0.7384 0.6292
vn 0.2649 -0.9593 0.0979
vn -0.1857 0.8243 -0.5348
vn 0.0034 0.9892 -0.1465
vn -0.1890 0.9180 0.3486
vn 0.0078 -0.9066 -0.4218
vn -0.2660 0.9223 0.2803
vn 0.3731 0.0337 0.9272
vn -0.8864 0.4193 0.1960
vn -0.7448 0.6637 -0.0689
vn -0.2021 0.9532 -0.2249
vn -0.4688 0.0845 -0.8792
vn -0.4196 -0.1501 -0.8952
vn -0.2701 0.8304 0.4873
vn -0.3171 0.7229 0.6139
vn 0.1986 -0.9800 -0.0138
vn 0.9888 -0.0230 0.1475
vn 0.5322 0.8103 0.2453
vn 0.7815 0.5721 0.2490
vn -0.4133 0.0843 -0.9067
vn 0.6518 0.0783 -0.7543
vn -0.9942 -0.1002 -0.0382
vn -0.9607 0.2729 0.0507
vn -0.9738 0.2264 0.0223
vn 0.0958 0.4581 0.8837
vn 0.4036 -0.7587 0.5115
vn 0.6965 -0.4961 0.5184
vn 0.0693 -0.9733 0.2189
vn 0.8410 0.5410 0.0104
vn 0.8531 -0.0813 -0.5154
vn 0.7883 -0.6014 -0.1296
vn -0.1136 0.9848 -0.1311
vn -0.0976 0.9813 -0.1658
vn -0.9983 -0.0213 -0.0547
vn 0.0009 -0.9976 -0.0687
vn -0.0050 -0.9981 -0.0622
vn 0.8999 -0.2386 0.3651
vn 0.1950 -0.9510 0.2401
vn -0.9739 0.0292 -0.2251
vn -0.0001 0.9975 0.0704
vn 0.1379 0.4318 0.8914
vn -0.9634 0.2551 0.0828
vn -0.9979 0.0224 0.0607
vn -0.1397 0.9900 -0.0209
vn -0.8251 0.5644 -0.0258
vn -0.7845 0.5824 -0.2130
vn -0.8967 0.3247 -0.3009
vn -0.0733 -0.9965 0.0402
vn 0.0032 -0.9981 -0.0615
vn 0.0048 -0.9981 -0.0621
vn -0.8461 0.0055 0.5331
vn -0.4251 0.0940 -0.9003
vn -0.4156 0.0761 -0.9064
vn -0.3892 0.9199 -0.0487
vn -0.7385 0.6681 0.0912
vn -0.2195 0.3871 0.8955
vn -0.4742 0.4072 0.7806
vn -0.1296 0.9488 -0.2882
vn -0.1457 0.9708 -0.1907
vn 0.6244 0.6078 0.4907
vn 0.6545 0.6597 0.3694
vn -0.2984 0.9533 -0.0462
vn -0.5770 0.5535 0.6006
vn -0.4597 0.0522 -0.8865
vn -0.8305 0.2116 -0.5152
vn -0.0059 0.9665 0.2566
vn -0.3978 0.0617 -0.9154
vn -0.4248 -0.0783 -0.9019
vn -0.0361 -0.9989 -0.0302
vn -0.3854 0.0823 -0.9191
vn 0.9606 0.0181 0.2775
vn 0.9906 -0.0441 0.1293
vn 0.0001 -0.9995 -0.0324
vn 0.0022 0.9977 0.0680
vn 0.0000 0.9391 -0.3435
vn -0.9998 -0.0128 -0.0159
vn -0.4559 0.0785 -0.8866
vn 0.0162 0.9986 0.0497
vn 0.0178 0.9981 0.0598
vn 0.6966 0.7016 -0.1500
vn -0.8253 0.1589 0.5419
vn -0.9496 -0.2120 -0.2307
vn -0.9986 -0.0526 0.0016
vn 0.6533 0.7502 -0.1019
vn 0.9365 0.3416 -0.0798
vn -0.4233 0.8624 -0.2778
vn -0.1693 0.9451 -0.2796
vn -0.9989 -0.0472 0.0028
vn -0.6128 0.5227 0.5927
vn -0.7206 0.6933 0.0047
vn 0.4592 0.1085 0.8817
vn -0.7925 0.6077 -0.0510
vn -0.1326 -0.4355 -0.8904
vn -0.9997 0.0224 -0.0082
vn -0.0402 0.9647 0.2601
vn 0.0162 0.8040 0.5945
vn 0.9645 -0.2558 -0.0651
vn 0.0015 0.8624 0.5063
vn -0.0094 0.9985 0.0539
vn 0.8316 0.4364 0.3436
vn 0.3853 0.9227 0.0153
vn 0.0191 0.9710 -0.2384
vn 0.9849 0.0534 -0.1646
vn 0.0809 0.9618 0.2614
vn -0.7615 -0.0366 0.6471
vn -0.6364 0.5511 0.5397
vn -0.0011 0.9977 0.0684
vn 0.0032 -0.9659 -0.2588
vn 0.0035 0.9978 0.0658
vn -0.0092 -0.9988 -0.0488
vn 0.6429 0.0898 -0.7606
vn -0.4190 -0.1513 -0.8953
vn 0.9979 -0.0403 -0.0513
vn -0.0061 -0.9990 -0.0432
vn -0.9983 0.0543 -0.0228
vn -0.0841 -0.5041 0.8595
vn -0.9810 0.1755 0.0827
vn 0.1606 0.7148 0.6806
vn 0.9983 0.0579 -0.0056
vn 0.2775 0.8700 0.4077
vn 0.0191 0.8999 0.4356
vn -0.9872 0.1579 0.0232
vn -0.9757 -0.1542 -0.1559
vn -0.9979 -0.0291 0.0572
vn 0.1737 0.9782 -0.1142
vn -0.0340 -0.5835 -0.8114
vn 0.2537 0.7373 0.6261
vn 0.2945 0.5702 0.7669
vn 0.1450 0.3503 0.9254
vn 0.0111 0.3188 0.9478
vn 0.0000 0.8882 0.4595
vn 0.9951 0.0503 -0.0846
vn -0.2290 0.9638 -0.1367
vn -0.2987 0.9472 -0.1167
vn -0.7007 0.3338 -0.6306
vn -0.9731 0.2303 -0.0022
vn 0.1083 0.6322 0.7672
vn -0.9454 0.3191 -0.0667
vn -0.6650 -0.7175 0.2072
vn -0.4346 0.5890 0.6813
vn -0.0048 0.9782 0.2074
vn -0.8190 0.5481 -0.1695
vn 0.1107 -0.9932 0.0361
vn -0.3440 0.1508 -0.9268
vn -0.4380 -0.2227 -0.8710
vn -0.7350 0.5682 0.3700
vn -1.0000 0.0062 -0.0031
vn -0.5054 0.8194 -0.2705
vn 0.4169 0.8624 -0.2872
vn 0.0025 0.8626 0.5059
vn 0.5203 0.8361 -0.1741
vn 0.4299 0.9029 0.0030
vn 0.2912 0.8141 0.5024
vn 0.9999 0.0041 0.0099
vn -0.6991 -0.0476 0.7134
vn 0.0000 0.5858 -0.8105
vn -0.0036 0.9848 0.1735
vn 0.2178 0.9741 0.0605
vn 0.7465 0.4179 0.5178
vn 0.8243 0.2109 0.5253
vn -0.1666 0.9466 -0.2762
vn -0.1706 0.9649 -0.1998
vn 1.0000 0.0081 0.0001
vn 0.8190 0.0894 0.5669
vn 0.5771 -0.7315 0.3631
vn 0.3835 0.9233 0.0195
vn 0.0150 0.9996 0.0250
vn 0.1933 -0.9345 0.2988
vn -0.4119 0.0652 -0.9089
vn 0.0165 -0.9988 -0.0467
vn 0.0100 -0.9999 -0.0066
vn -0.0860 0.9890 -0.1206
vn 0.8995 -0.2435 0.3629
vn -0.0002 -0.9995 -0.0322
vn -0.2075 0.9615 -0.1801
vn -0.0278 0.7428 0.6689
vn 0.1736 0.9847 -0.0162
vn 0.7408 0.6475 0.1788
vn 0.1372 0.4313 0.8917
vn -0.8598 -0.5106 0.0027
vn 0.5259 0.8396 0.1357
vn 0.7808 0.5963 0.1865
vn -0.2508 -0.9378 0.2399
vn -0.0021 0.9977 0.0684
vn -0.4471 0.0177 -0.8943
vn 0.4438 -0.0662 0.8937
vn 0.0207 0.9998 -0.0036
vn 0.1097 0.5466 -0.8302
vn -0.9608 0.2638 0.0849
vn 0.4199 -0.0654 0.9052
vn 0.3093 0.9292 -0.2024
vn 0.3637 0.9266 -0.0961
vn -0.0026 -1.0000 0.0096
vn -0.9799 0.1994 0.0107
vn 0.2354 0.9483 -0.2130
vn -0.9416 0.3365 0.0113
vn -0.9777 0.1011 -0.1840
vn -0.9785 -0.1946 0.0681
vn -0.9497 -0.3130 -0.0064
vn 0.0257 0.9984 0.0502
vn -0.4726 0.8377 0.2737
vn 0.4208 -0.1211 0.8990
vn -0.0617 0.7556 0.6521
vn -0.2075 0.7548 0.6223
vn 0.9985 -0.0149 0.0532
vn 0.5323 0.8447 0.0559
vn -0.9975 0.0424 0.0565
vn -0.7921 0.0654 -0.6069
vn -0.0039 -0.9996 -0.0282
vn -0.0600 -0.9649 0.2558
vn -0.2364 -0.4039 -0.8837
vn -0.6523 -0.3542 0.6701
vn 0.9608 -0.2563 0.1062
vn 0.7320 0.5750 0.3656
vn -0.8760 -0.4823 -0.0094
vn 0.1714 -0.9818 -0.0820
vn 0.7655 0.6330 0.1157
vn 0.7888 -0.6007 -0.1303
vn 0.3737 0.8805 0.2918
vn -0.9467 0.3135 0.0742
vn -0.9346 0.3465 0.0801
vn -0.0795 0.9809 -0.1777
vn -0.9428 -0.2203 -0.2500
vn -0.0624 -0.9974 -0.0369
vn 0.2360 -0.1241 0.9638
vn -0.0156 -0.3234 0.9461
vn 0.7808 0.4984 -0.3767
vn 1.0000 0.0043 -0.0040
vn 0.9978 0.0469 -0.0462
vn 0.0382 0.9975 0.0600
vn -0.9976 -0.0598 -0.0353
vn 0.4807 -0.8683 -0.1222
vn -0.7117 0.4922 0.5012
vn -0.4319 0.6882 0.5830
vn 0.1138 0.9935 -0.0035
vn 0.8699 0.4615 0.1742
vn -0.0648 0.9974 -0.0330
vn -0.9618 0.2737 0.0013
vn 0.2730 0.9620 0.0022
vn 0.1103 0.5471 -0.8297
vn -0.0039 -0.9777 0.2098
vn 0.0463 0.9756 -0.2148
vn -0.4678 -0.8765 -0.1136
vn -0.7450 0.6478 0.1594
vn -0.5731 0.7021 0.4226
vn 0.5026 0.3939 0.7696
vn -0.2440 -0.8810 -0.4053
vn 0.0025 0.9977 0.0673
vn 0.4108 -0.0969 0.9065
vn -0.0188 -0.9997 -0.0167
vn 0.9740 0.0596 -0.2187
vn 0.4138 -0.0591 0.9085
vn 0.4182 -0.0433 0.9073
vn -0.0167 0.9526 0.3039
vn 0.1215 0.9926 0.0081
vn 0.1159 -0.9910 -0.0673
vn 0.7487 0.1733 0.6399
vn 0.5386 0.5180 0.6646
vn -0.4396 0.8896 0.1241
vn -0.1071 0.9648 0.2402
vn -0.6113 -0.3990 0.6834
vn 0.8332 0.4966 -0.2431
vn 0.9965 0.0291 -0.0779
vn -0.9999 0.0112 -0.0063
vn -0.5134 0.8143 -0.2707
vn -0.3678 0.1196 -0.9222
vn 0.4178 -0.0022 -0.9086
vn 0.2304 0.9145 -0.3326
vn 0.4164 0.8626 -0.2871
vn -0.0028 -0.8639 -0.5037
vn -0.0106 -0.9980 -0.0618
vn 0.0007 -0.9999 -0.0147
vn -0.0000 -0.9981 -0.0620
vn -0.1059 0.9026 0.4173
vn 0.8208 -0.5709 -0.0185
vn -1.0000 -0.0065 0.0070
vn 1.0000 0.0054 0.0062
vn 0.4752 -0.0849 0.8758
vn 0.4820 -0.0281 0.8757
vn -0.6677 0.7165 0.2020
vn 0.0896 0.9941 0.0618
vn -0.0082 0.9980 0.0625
vn -0.0162 0.9985 0.0519
vn -0.4202 0.0795 -0.9040
vn 0.0027 -0.9450 -0.3269
vn -0.9186 0.3945 -0.0246
vn -0.8934 0.4427 0.0771
vn 0.9880 -0.0067 -0.1541
vn 0.1592 -0.9835 -0.0856
vn -0.4179 0.0910 -0.9039
vn -0.0189 -0.9998 -0.0041
vn -0.3938 -0.8455 0.3605
vn 0.3243 -0.9422 -0.0842
vn 0.2750 -0.9598 0.0572
vn 0.8379 0.3421 0.4254
vn 0.8935 0.2679 0.3605
vn 0.3472 0.0152 0.9377
vn -0.1166 -0.9665 -0.2286
vn -0.1711 0.4458 0.8786
vn -0.0025 0.4404 0.8978
vn 0.4804 0.8695 -0.1146
vn -0.4083 0.9022 -0.1389
vn -0.3971 -0.1055 -0.9117
vn 0.3066 0.9230 -0.2325
vn 0.7609 0.6359 -0.1290
vn 0.1631 0.4425 0.8818
vn 0.3276 0.4278 0.8424
vn 0.9993 -0.0239 0.0292
vn -0.0831 0.9669 -0.2414
vn -0.0093 0.9947 0.1023
vn -0.6237 0.6516 0.4318
vn -0.8085 0.5643 -0.1670
vn 0.0003 0.9980 0.0625
vn -0.0897 0.8774 0.4713
vn -0.1465 0.9244 0.3522
vn 0.4905 0.8581 -0.1522
vn 0.9998 0.0209 -0.0002
vn -0.0011 -0.9999 -0.0140
vn -0.1295 0.9773 0.1678
vn 0.3820 0.9014 0.2037
vn 0.3098 0.0670 -0.9484
vn -0.0006 -0.9981 -0.0624
vn -0.6266 0.7791 -0.0183
vn -0.7482 0.6582 0.0838
vn -0.7502 0.6537 0.0995
vn -0.7581 0.6464 0.0866
vn 0.3106 0.0676 -0.9481
vn -0.9985 0.0017 0.0551
vn -0.0159 0.9901 0.1391
vn 0.9999 0.0041 -0.0141
vn -0.4159 0.0909 -0.9049
vn -0.0463 0.9956 0.0814
vn 0.0106 0.9993 0.0362
vn -0.9786 0.1872 0.0859
vn -0.8989 0.3924 0.1950
vn 0.4396 0.8160 0.3754
vn 0.3060 0.9011 0.3071
vn -0.9961 0.0234 -0.0846
vn -0.4825 0.8595 -0.1689
vn -0.0060 0.9998 0.0209
vn 0.4950 0.8687 0.0198
vn 0.8402 0.5381 0.0668
vn -0.0450 0.9456 -0.3223
vn -0.9999 -0.0116 0.0095
vn -0.2793 0.9446 -0.1725
vn 0.0675 0.9977 0.0027
vn 0.8260 0.5277 0.1980
vn -0.7501 0.4673 -0.4679
vn -0.0360 0.8532 -0.5204
vn 0.6401 0.7651 0.0696
vn 0.9229 0.3850 0.0070
vn 0.9998 0.0207 -0.0009
vn 0.1186 -0.9627 0.2430
vn 0.0357 0.9964 0.0774
vn 0.0935 0.9913 0.0928
vn -0.0313 0.8934 0.4481
vn 0.4811 0.7830 0.3943
vn 0.4229 0.7524 0.5050
vn -0.3744 -0.1406 -0.9166
vn 0.7720 -0.6041 -0.1976
vn -0.0001 -0.9981 -0.0611
vn 0.0000 0.9625 0.2714
vn -0.9998 0.0207 -0.0001
vn 0.9999 0.0112 -0.0069
vn -0.3395 -0.9352 0.1010
vn -0.9618 0.2739 -0.0034
vn -0.2395 -0.9290 0.2822
vn 0.4685 0.3125 0.8264
vn -0.0182 0.9980 -0.0605
vn 0.6014 0.7704 0.2117
vn 0.7861 0.4642 0.4080
vn 0.4536 0.0798 -0.8877
vn 0.1719 0.9445 -0.2798
vn 0.0503 0.7702 0.6358
vn 0.1084 0.5785 0.8084
vn 0.0336 0.9965 0.0760
vn 0.0259 0.9972 0.0695
vn 0.3335 -0.8515 -0.4046
vn 0.1318 -0.9780 -0.1616
vn -0.2211 0.9452 -0.2402
vn -0.9986 0.0119 -0.0516
vn 0.9183 -0.1396 -0.3704
vn 0.8527 -0.0784 -0.5164
vn 0.9928 -0.0172 -0.1187
vn 0.7502 0.6597 0.0438
vn 0.3843 0.9232 0.0019
vn -0.4237 0.5339 -0.7317
vn -0.8146 0.5554 -0.1673
vn 0.8011 0.5678 -0.1895
vn 1.0000 0.0056 -0.0021
vn 0.9768 -0.2074 0.0537
vn 0.9790 -0.1951 0.0585
vn -0.0290 -0.8776 -0.4786
vn 0.0894 0.3074 0.9474
vn -0.0025 0.9963 0.0857
vn 0.9881 0.0816 -0.1304
vn 0.0023 -0.9995 -0.0330
vn -0.1477 -0.1350 -0.9798
vn -0.0961 -0.9813 -0.1670
vn -0.7288 0.6497 0.2162
vn -0.3848 0.0862 -0.9190
vn 0.4409 0.8201 0.3648
vn 0.2566 -0.9547 0.1509
vn 0.6089 0.7788 -0.1507
vn -0.6147 0.6662 0.4224
vn -0.6139 0.3740 0.6952
vn -0.4115 0.4871 -0.7703
vn 0.6124 0.7761 -0.1504
vn 0.0417 0.9973 0.0597
vn -0.1019 -0.5200 0.8480
vn 0.9735 -0.0749 0.2161
vn 0.9520 -0.0381 0.3037
vn -0.0052 0.9949 0.1004
vn -0.4245 0.8616 -0.2782
vn 0.4591 0.8439 -0.2776
vn 0.0858 0.7899 0.6072
vn -0.0530 -0.9934 -0.1015
vn -0.0224 -0.9932 -0.1141
vn 0.8075 -0.0156 0.5896
vn 0.6353 0.0517 0.7705
vn -0.6043 -0.4141 0.6807
vn -0.0672 0.2413 0.9681
vn 0.2706 0.1211 0.9550
vn -0.8022 0.2174 -0.5561
vn 0.8981 0.1361 -0.4183
vn 0.0558 0.9984 -0.0114
vn -0.4836 0.4055 0.7757
vn -0.3620 0.5019 0.7855
vn -0.9459 0.3172 0.0677
vn 0.1363 0.9906 -0.0102
vn 0.3636 -0.9275 0.0868
vn 0.1264 -0.9918 -0.0178
vn -0.1229 -0.9884 -0.0893
vn -0.0533 -0.9956 -0.0775
vn 0.2231 -0.9710 0.0863
vn 0.2316 -0.8847 -0.4045
vn 0.2144 0.8864 0.4103
vn -1.0000 0.0056 -0.0021
vn -0.4016 0.8601 -0.3146
vn 0.0300 0.9968 0.0736
vn 0.4029 0.9008 -0.1623
vn 0.4249 0.8768 -0.2252
vn -0.0345 0.9774 0.2084
vn 0.0142 -0.9991 -0.0410
vn 0.3878 0.4913 0.7799
vn 0.6435 0.3957 0.6553
vn 0.7533 0.6550 -0.0593
vn 0.8272 0.4451 0.3431
vn 0.4678 0.8770 0.1101
vn 0.4099 -0.0482 0.9108
vn -0.0038 0.9841 0.1774
vn -0.8572 0.2134 -0.4688
vn -0.4656 0.6413 0.6099
vn -0.3576 0.5738 0.7368
vn -0.3116 0.9039 -0.2931
vn -0.4398 -0.0053 -0.8981
vn 0.7751 0.5787 -0.2537
vn 0.4533 0.8293 -0.3268
vn 0.0787 0.9934 -0.0833
vn 0.9986 -0.0120 -0.0520
vn 0.7983 0.5693 -0.1964
vn 0.1013 0.8929 -0.4387
vn 0.7249 0.5047 -0.4689
vn -0.3567 -0.6282 -0.6914
vn 0.1987 0.7994 0.5670
vn 0.5864 0.5822 0.5632
vn 0.8972 -0.3695 -0.2418
vn 0.9618 0.1145 -0.2485
vn -0.4368 0.0813 -0.8959
vn -0.5543 0.2373 -0.7978
vn 0.7728 0.2970 -0.5609
vn 0.9333 0.3492 0.0833
vn 0.9135 0.3489 0.2093
vn -0.7596 0.5069 0.4075
vn -0.9983 0.0587 -0.0013
vn -0.0001 0.9936 0.1130
vn -0.0753 0.6631 0.7448
vn 0.0808 -0.9958 -0.0433
vn 0.3002 -0.6608 -0.6879
vn 0.3271 -0.6680 -0.6684
vn 0.9975 0.0709 -0.0010
vn -0.9763 0.1369 -0.1678
vn -0.9570 0.2897 0.0159
vn -0.2683 -0.1169 0.9562
vn -0.1784 0.9811 0.0751
vn -0.0882 0.9883 0.1247
vn 0.9815 -0.1157 -0.1524
vn -0.0544 -0.9924 -0.1103
vn -0.0447 -0.9946 -0.0941
vn -0.0143 0.9911 -0.1325
vn 0.6926 0.7103 -0.1256
vn 0.9715 -0.1327 0.1964
vn 0.1756 0.9833 0.0480
vn 0.9777 -0.1509 -0.1460
vn -0.4584 -0.0319 -0.8882
vn -0.5807 -0.0299 -0.8136
vn 0.4512 -0.1399 0.8814
vn 0.4081 -0.1609 0.8986
vn -0.0606 -0.9037 -0.4238
vn -0.9998 -0.0131 -0.0162
vn -0.7831 0.5623 0.2655
vn -0.4066 0.0861 -0.9096
vn 0.9257 -0.3782 0.0063
vn -0.4481 0.0619 -0.8918
vn 0.0228 -0.9995 -0.0202
vn 0.0878 0.8023 0.5904
vn 0.0170 -0.9994 -0.0289
vn -0.6271 -0.0076 0.7789
vn -0.8474 -0.0416 0.5294
vn -0.9995 -0.0312 0.0025
vn -0.0932 0.9687 -0.2299
vn -0.0478 0.9885 -0.1433
vn -0.0871 0.9940 0.0659
vn -0.0891 0.9950 -0.0456
vn 0.9967 0.0780 -0.0246
vn -0.0190 0.9538 -0.2998
vn 1.0000 0.0085 0.0027
vn 0.0748 0.8781 0.4725
vn 0.2470 0.8016 0.5444
vn 0.3500 0.9339 0.0733
vn 0.6935 0.7014 0.1645
vn -0.4198 0.0775 -0.9043
vn 0.2498 0.9509 -0.1827
vn 0.2363 0.9502 -0.2032
vn -0.4159 0.5867 0.6948
vn -0.4410 0.6764 0.5899
vn 0.6945 0.5866 0.4166
vn 0.1441 0.9574 -0.2501
vn 0.9832 0.0858 -0.1614
vn 0.8642 0.4852 0.1332
vn 0.8863 0.4181 0.1992
vn -0.4601 -0.0133 -0.8877
vn -0.4365 0.8757 -0.2062
vn -0.2985 0.9151 -0.2712
vn -0.6986 0.7076 -0.1058
vn -0.0009 -0.9981 -0.0619
vn -0.3344 0.4068 0.8501
vn -0.2545 -0.0055 0.9671
vn -0.3843 0.9181 -0.0966
vn -0.3765 0.9253 -0.0445
vn -0.9980 -0.0086 -0.0626
vn 0.0316 0.9973 0.0665
vn 0.0323 0.9969 0.0716
vn -0.9998 0.0220 0.0001
vn 0.0032 0.9980 0.0631
vn 0.0022 0.9948 0.1021
vn -0.2212 0.9669 -0.1274
vn -0.7465 0.2951 -0.5964
vn -0.9999 0.0151 -0.0005
vn 0.8954 0.3758 -0.2390
vn -0.0504 0.8895 0.4541
vn -0.0019 -0.9981 -0.0612
vn 0.7413 0.3525 0.5712
vn 0.7659 0.3591 0.5333
vn 0.2042 0.9072 0.3677
vn -0.5171 -0.5247 -0.6762
vn 0.3876 -0.1388 -0.9113
vn -0.2125 -0.9368 0.2779
vn 0.1754 -0.9843 -0.0211
vn 0.1641 -0.9850 -0.0525
vn 0.3524 0.9358 -0.0020
vn -0.0004 -1.0000 0.0004
vn 0.0737 -0.1293 0.9889
vn 0.4456 0.8718 -0.2032
vn -0.4477 0.8771 -0.1741
vn -0.9802 -0.0072 -0.1979
vn -0.9912 0.0849 0.1018
vn 0.0022 0.9122 0.4097
vn 0.0931 0.9793 0.1795
vn -0.0624 0.6881 0.7230
vn -0.3197 0.6444 0.6947
vn -0.2216 -0.9525 0.2089
vn -0.9367 0.3146 0.1534
vn 0.9264 0.2746 -0.2576
vn 0.8521 0.5159 -0.0882
vn -0.0048 -0.9998 0.0188
vn -0.3227 0.8179 0.4764
vn 0.1028 0.9277 0.3589
vn 0.4290 0.1269 0.8944
vn 0.5587 -0.3510 0.7515
vn 0.1551 0.9297 0.3341
vn 0.0417 0.9251 0.3775
vn -0.1494 -0.1417 -0.9786
vn 0.6177 -0.5651 0.5469
vn 0.0020 -0.9996 -0.0299
vn 0.1060 0.6069 0.7877
vn 0.9987 0.0492 -0.0156
vn 0.0049 -0.9981 -0.0613
vn 0.3415 0.9385 0.0513
vn 0.3432 0.9392 -0.0045
vn 0.3994 -0.0523 0.9153
vn -0.3986 0.0747 -0.9141
vn 0.1267 0.7267 -0.6752
vn 0.1131 0.9482 -0.2968
vn 0.3751 0.0307 -0.9265
vn -0.5420 -0.8323 0.1161
vn -0.1063 -0.9941 0.0197
vn 0.0455 0.9680 -0.2469
vn -0.1043 0.9760 -0.1910
vn 0.9119 0.1053 0.3968
vn 0.1701 0.9826 -0.0748
vn 0.7366 0.5421 0.4044
vn 0.0014 0.9853 -0.1706
vn 0.8814 0.1025 0.4611
vn 0.6107 -0.7637 0.2095
vn -0.7400 0.5694 0.3580
vn -0.1205 0.6147 0.7795
vn 0.2586 -0.9596 0.1112
vn -0.9950 -0.0604 0.0791
vn 0.4484 -0.1306 0.8842
vn -0.7463 0.6654 -0.0160
vn -0.0106 -0.9989 -0.0451
vn -0.6528 0.7400 0.1622
vn -0.6521 0.6999 0.2914
vn -0.0283 0.9932 0.1125
vn -0.0176 0.9981 0.0594
vn -0.0262 0.8995 0.4361
vn -0.4512 -0.1082 0.8858
vn -0.1518 -0.9434 0.2949
vn -0.1429 0.9732 0.1803
vn 0.0034 0.9871 0.1600
vn 0.9594 0.1092 -0.2600
vn 0.1565 0.9864 0.0501
vn -0.7321 0.5832 0.3521
vn -0.4808 0.8028 0.3526
vn 0.8121 0.4931 0.3121
vn 0.7604 0.6306 0.1555
vn 0.0000 0.8537 -0.5207
vn 0.5360 0.8182 0.2081
vn 0.1606 0.4311 0.8879
vn 0.3934 -0.5054 0.7679
vn 0.0000 0.7794 0.6266
vn -0.3019 0.8850 0.3544
vn -0.4559 0.8879 0.0617
vn -0.2248 0.9737 -0.0369
vn -0.2356 0.8506 0.4700
vn -0.2799 0.8901 0.3597
vn 0.8134 0.2574 0.5216
vn 0.8199 0.3779 0.4300
vn 0.0037 -0.9983 -0.0573
vn -0.0581 0.3224 0.9448
vn -0.3955 -0.1906 -0.8985
vn 0.8325 0.3536 0.4265
vn -0.4218 0.7301 0.5376
vn 0.7245 0.5437 0.4237
vn 0.7639 0.5840 0.2744
vn -0.9736 0.0229 -0.2271
vn 0.0860 0.9761 -0.1995
vn 0.9942 0.0779 -0.0736
vn 0.2450 -0.9364 0.2513
vn -0.9544 0.2814 -0.0998
vn -0.4295 0.0598 -0.9011
vn 0.0145 -0.9983 -0.0564
vn -0.0049 0.9975 0.0702
vn -0.0089 -0.9986 -0.0526
vn -0.8310 -0.5123 0.2165
vn 0.2369 -0.1169 0.9645
vn 0.2963 -0.6670 -0.6836
vn 0.0539 -0.9601 0.2743
vn -0.4898 0.0888 0.8673
vn -0.9597 0.0313 0.2791
vn 0.2759 0.7151 0.6423
vn 0.4269 0.6955 0.5780
vn -0.0080 -0.9981 -0.0619
vn -0.0575 0.9969 -0.0539
vn -0.0731 -0.6304 -0.7728
vn 0.3795 -0.3097 -0.8718
vn -0.6444 0.6285 0.4355
vn -0.7274 0.5986 0.3354
vn 0.8476 -0.5065 0.1581
vn 0.7305 0.6823 -0.0282
vn -0.0189 0.9899 0.1403
vn 0.9258 0.2005 -0.3204
vn -0.2311 -0.9665 0.1115
vn -0.7222 -0.6697 -0.1728
vn -0.9749 -0.1086 -0.1946
vn 0.9404 0.2623 0.2163
vn 0.7488 0.5841 0.3134
vn 0.3725 -0.3991 0.8378
vn -0.0325 -0.9976 0.0604
vn -0.3532 -0.6186 -0.7019
vn -0.0113 0.9985 0.0541
vn 0.8865 0.0900 -0.4539
vn 0.9419 0.0951 -0.3221
vn 0.5078 0.7930 0.3365
vn 0.7534 0.5843 0.3017
vn -0.7186 0.4748 0.5081
vn -0.9767 -0.0102 0.2144
vn 0.1468 -0.9853 0.0873
vn 0.1087 -0.9895 0.0948
vn -0.9238 0.0457 -0.3801
vn 0.2418 0.5440 0.8035
vn 0.2409 0.4863 0.8399
vn -0.9913 0.1315 0.0014
vn -0.1574 0.9865 -0.0452
vn -0.2588 0.8483 -0.4620
vn 1.0000 0.0003 -0.0002
vn 0.4832 0.8288 -0.2821
vn -0.8797 0.4552 0.1374
vn -0.9011 0.4269 0.0754
vn -0.0000 0.9981 0.0620
vn 0.8394 0.5376 0.0800
vn 0.3575 0.9238 -0.1374
vn 0.0580 0.9871 -0.1492
vn -0.0169 -0.8620 -0.5066
vn -0.0179 -0.9979 -0.0617
vn 0.9998 0.0198 -0.0045
vn -0.2103 -0.9590 0.1900
vn 0.9836 -0.1791 -0.0203
vn 0.7860 -0.0163 0.6180
vn 0.5232 -0.7522 0.4005
vn 0.7152 0.5373 0.4469
vn 0.4929 0.7145 0.4965
vn 0.1942 0.9512 -0.2398
vn 0.2018 0.9470 -0.2500
vn 0.7103 0.5241 0.4698
vn 0.9798 -0.0905 0.1785
vn 0.0050 -0.9982 -0.0604
vn -0.5847 -0.7588 0.2869
vn 0.3780 -0.2072 -0.9023
vn 0.2937 -0.9548 -0.0447
vn -0.4870 0.8702 0.0741
vn 0.2777 0.6800 0.6786
vn 0.1070 0.6687 0.7358
vn -0.8214 -0.1617 -0.5470
vn -0.0848 0.9959 0.0325
vn 0.1522 0.9883 0.0131
vn 0.4728 0.8792 0.0593
vn 0.6824 0.7130 0.1609
vn 0.0051 -0.9932 -0.1165
vn -0.4415 0.0926 -0.8925
vn 0.9924 0.1229 0.0014
vn -0.0469 -0.1294 0.9905
vn -0.0050 0.9963 0.0860
vn -0.1129 -0.9918 -0.0593
vn 0.6849 0.2631 0.6794
vn -0.3585 0.7382 0.5714
vn -0.4116 0.7952 0.4452
vn 0.2698 0.8923 0.3620
vn 0.3720 0.8639 0.3396
vn -0.1753 0.9396 -0.2941
vn -0.8207 0.5491 -0.1579
vn -0.1821 0.9806 0.0721
vn -0.6777 0.7246 0.1254
vn 0.3323 0.9404 0.0730
vn 0.1136 0.9933 0.0225
vn 0.3055 0.9429 -0.1329
vn 0.7479 0.6602 -0.0691
vn 0.7680 0.6405 0.0069
vn -0.7706 0.4390 -0.4620
vn -0.8110 0.4225 -0.4047
vn 0.8052 0.5880 -0.0771
vn -0.0445 0.6724 0.7388
vn -0.2798 0.9384 -0.2028
vn -0.3376 0.9317 -0.1342
vn 0.9899 0.0396 -0.1360
vn 0.0940 -0.9933 -0.0678
vn -0.0006 0.9925 0.1219
vn 0.3912 -0.2805 0.8765
vn 0.0620 -0.7508 0.6576
vn -0.1034 -0.9823 0.1565
vn -0.2705 -0.9512 0.1486
vn -0.4438 0.0921 -0.8914
vn 0.1423 0.5386 0.8305
vn 0.7065 0.6305 0.3215
vn 0.7908 0.5642 0.2374
vn -0.2897 0.4577 0.8406
vn -0.3268 0.4090 0.8520
vn -0.2644 0.6728 -0.6909
vn -0.2497 0.4530 -0.8558
vn -0.4172 0.8579 0.3000
vn -0.3950 0.9117 -0.1126
vn -0.9933 -0.0828 -0.0807
vn 0.3645 0.0129 0.9311
vn -0.3832 0.0598 -0.9217
vn 0.3940 0.1440 0.9078
vn 0.1854 0.9770 0.1054
vn -0.9392 0.3341 0.0791
vn 0.2406 0.9702 0.0298
vn -0.0007 -0.9996 -0.0271
vn -0.1247 -0.9898 0.0693
vn 0.8707 0.2241 -0.4378
vn 0.2981 0.9538 0.0363
vn 0.2206 0.9536 -0.2051
vn -0.0314 0.9972 0.0677
vn -0.0026 0.9999 0.0169
vn -0.7133 -0.4215 0.5600
vn -0.5693 -0.7320 0.3744
vn 0.7077 0.7004 0.0925
vn 0.7406 0.6719 0.0060
vn -0.0476 0.9975 0.0526
vn -0.0008 0.9987 0.0513
vn 0.7792 0.6244 -0.0546
vn 0.4078 0.9129 0.0152
vn -0.6055 0.7956 0.0219
vn 0.0121 0.9992 0.0385
vn -0.9883 -0.1130 -0.1023
vn -0.3723 -0.3807 -0.8464
vn 0.1108 0.9793 0.1693
vn -0.2040 0.8004 0.5637
vn -0.0053 0.8355 0.5495
vn -0.6636 -0.3475 0.6624
vn -0.1382 -0.9846 0.1072
vn -0.9978 0.0624 -0.0213
vn 0.7454 0.5803 -0.3279
vn 0.5949 0.7691 -0.2337
vn -0.8865 0.4627 0.0030
vn 0.1599 0.9862 -0.0430
vn 0.9247 -0.3724 -0.0793
vn 0.0648 -0.9971 -0.0398
vn 0.0273 -0.9985 -0.0465
vn 0.4365 0.8945 -0.0967
vn 0.1021 0.9947 -0.0090
vn 0.7874 -0.5658 -0.2448
vn 0.0326 -0.9978 -0.0574
vn -0.9101 0.3542 -0.2153
vn -0.5145 0.8229 -0.2410
vn -0.4283 0.4488 -0.7843
vn -0.0124 -0.9996 -0.0235
vn 0.0237 0.9710 -0.2380
vn 0.1900 0.9809 0.0413
vn 0.5713 0.8200 0.0342
vn 0.2220 0.9704 0.0946
vn 0.1746 0.9845 0.0158
vn 0.3201 -0.3580 0.8771
vn -0.2283 -0.9724 0.0490
vn 0.0806 0.9837 -0.1610
vn 0.1345 0.9646 -0.2266
vn -0.9950 -0.0191 -0.0976
vn -0.0056 -0.9994 -0.0353
vn 0.7673 -0.4290 0.4767
vn -0.3793 -0.9042 -0.1964
vn 0.4059 -0.0550 0.9123
vn 0.4099 0.9116 0.0322
vn 0.1310 0.9895 0.0615
vn 0.8379 0.5323 0.1203
vn -0.6198 0.0247 0.7844
vn -0.2476 0.5513 0.7967
vn -0.2460 0.4861 0.8385
vn -0.1524 0.9189 0.3638
vn -0.1513 0.8284 0.5394
vn 0.8459 -0.3033 0.4387
vn 0.8072 -0.0059 0.5902
vn 0.7770 -0.3714 0.5082
vn 0.5985 -0.7570 0.2622
vn 0.8140 0.5796 0.0380
vn 0.8046 0.5849 -0.1024
vn 0.1156 0.9932 -0.0158
vn 0.1393 0.9901 0.0178
vn 0.6447 0.3594 0.6747
vn 0.6494 0.4898 0.5817
vn -0.0044 -0.9996 -0.0265
vn -0.7718 -0.6330 -0.0608
vn 0.4747 0.8758 0.0876
vn 0.7575 0.5220 0.3920
vn 0.1822 0.9822 0.0468
vn 0.5109 0.8595 0.0169
vn -0.9913 -0.1111 -0.0706
vn -0.9968 -0.0580 -0.0557
vn -0.0391 0.9892 -0.1411
vn 0.0190 0.9868 -0.1607
vn -0.0962 0.9718 -0.2152
vn 0.5768 0.7979 -0.1751
vn -0.0646 0.9558 -0.2870
vn -0.2999 0.9267 -0.2264
vn -0.2861 0.9357 -0.2065
vn -0.1532 0.4363 -0.8867
vn 0.8863 0.4312 0.1691
vn 0.7413 0.6481 0.1745
vn 0.0009 -0.9995 -0.0321
vn -0.1027 -0.9926 -0.0651
vn -0.9439 0.3208 0.0780
vn 0.2162 -0.6253 -0.7498
vn 0.1717 0.9805 0.0954
vn -0.7730 0.6190 0.1392
vn -0.7839 0.6031 0.1476
vn 0.2453 -0.9358 0.2534
vn -0.4649 0.8539 0.2340
vn -0.7426 0.6255 0.2395
vn 0.1211 0.9251 0.3599
vn 0.1667 0.8866 0.4315
vn 0.2350 0.9527 -0.1929
vn 0.2294 0.9423 -0.2438
vn 0.0915 0.9801 0.1761
vn 0.3149 0.9435 0.1033
vn -0.4430 0.6337 0.6342
vn -0.6926 0.4125 0.5917
vn 0.0047 -0.9980 -0.0635
vn 0.0299 0.9973 0.0669
vn 0.0298 0.9968 0.0736
vn 0.1471 -0.9511 0.2717
vn 0.1111 -0.9787 0.1725
vn 0.5548 0.1710 0.8142
vn -0.0820 0.9654 -0.2475
vn -0.9740 -0.2264 0.0115
vn -0.8507 -0.5253 0.0200
vn 0.6449 0.6431 0.4129
vn 0.6910 0.5778 0.4344
vn -0.1813 -0.9614 0.2070
vn -0.1117 -0.7238 -0.6809
vn 0.8671 0.3800 0.3221
vn 0.9030 0.3695 0.2190
vn 0.1347 -0.9884 -0.0705
vn 0.0880 -0.9926 -0.0838
vn 0.0156 0.9992 0.0381
vn 0.0199 0.9965 0.0816
vn -0.8158 0.5553 -0.1617
vn -0.9508 0.2951 -0.0940
vn -0.1029 -0.9668 -0.2338
vn -0.9979 0.0279 -0.0590
vn 0.6987 -0.3506 -0.6236
vn 0.1318 -0.9803 -0.1470
vn -0.4150 0.0622 -0.9077
vn -0.1272 -0.9299 -0.3451
vn -0.0037 -0.9995 -0.0327
vn -0.9260 0.0524 -0.3740
vn 0.0294 -0.9585 0.2837
vn 0.0736 -0.1274 0.9891
vn -1.0000 -0.0000 -0.0000
vn 0.8814 0.1105 -0.4593
vn 0.3409 -0.8711 -0.3534
vn -0.7675 -0.5980 -0.2310
vn -0.4334 0.4318 0.7910
vn -0.6627 0.4186 0.6210
vn 0.8518 0.5064 -0.1339
vn 0.1633 0.9446 -0.2847
vn -0.2677 -0.1236 0.9555
vn -0.0557 -0.9983 -0.0186
vn -0.3931 -0.9194 -0.0100
vn 0.2492 0.0304 -0.9680
vn -0.1959 0.9209 -0.3369
vn 0.2342 0.9532 -0.1911
vn 0.4096 -0.9100 0.0637
vn 0.3978 -0.1104 0.9108
vn 0.4631 0.8473 0.2601
vn -0.4475 0.8771 -0.1746
vn -0.5054 0.8433 -0.1831
vn 0.4198 -0.0432 0.9066
vn 0.0624 0.9980 0.0036
vn -0.0001 0.9981 0.0619
vn 0.0283 0.9925 0.1188
vn -0.3841 -0.2669 -0.8839
vn -0.4033 0.8906 0.2101
vn 0.3825 0.0072 0.9239
vn 0.9134 0.3802 0.1457
vn 0.4731 0.8772 0.0817
vn 0.1473 0.6730 0.7248
vn 0.1201 -0.9887 -0.0896
vn -0.9466 -0.2249 -0.2308
vn 0.9986 -0.0416 0.0322
vn 0.5390 -0.0015 0.8423
vn 0.2958 -0.3891 0.8724
vn 0.2221 0.9259 -0.3055
vn 0.5731 0.1452 -0.8066
vn 0.1375 -0.9903 0.0203
vn 0.0126 -0.9978 -0.0649
vn 0.2827 -0.6418 -0.7128
vn 0.0780 0.8313 0.5504
vn 0.0222 0.8120 0.5832
vn -0.0070 -0.9981 -0.0608
vn -0.4369 0.8894 0.1347
vn -0.1772 0.9617 0.2093
vn 0.4397 0.8815 -0.1719
vn -0.0940 -0.7795 -0.6193
vn -0.5504 -0.6009 -0.5796
vn -0.7335 0.5690 0.3718
vn -0.5044 -0.3250 0.7999
vn 0.0054 0.9883 -0.1522
vn 0.4469 0.5533 0.7029
vn 0.6722 0.4352 0.5990
vn 0.3949 -0.0856 -0.9147
vn -0.2455 0.0679 -0.9670
vn -0.0158 0.9967 -0.0797
vn 0.9493 0.3120 -0.0396
vn 0.4903 0.8470 -0.2056
vn -0.4394 0.0788 -0.8948
vn -0.9975 0.0075 0.0696
vn 0.9323 0.0790 -0.3530
vn -0.0108 -0.9938 0.1105
vn 0.1686 0.8906 0.4224
vn -0.7619 0.1212 0.6362
vn -0.0487 -0.9980 -0.0412
vn 0.0169 -0.9993 -0.0337
vn 0.0397 0.9778 0.2056
vn 0.3591 0.9183 -0.1665
vn 0.3004 0.9409 -0.1561
vn -0.4799 0.8581 -0.1826
vn 0.4410 0.8785 -0.1838
vn -0.9984 0.0499 -0.0264
vn 0.0343 0.9966 0.0753
vn 0.9265 -0.2097 0.3125
vn -0.5853 -0.7684 0.2589
vn -0.5576 -0.8077 0.1919
vn -0.7869 0.6152 -0.0491
vn -0.8238 0.5271 0.2086
vn 0.0821 -0.9742 -0.2101
vn -0.0050 -0.9978 -0.0661
vn 0.0266 -0.9990 -0.0353
vn -0.0593 -0.6469 -0.7603
vn -0.0105 0.9982 0.0592
vn -0.0091 -0.9952 -0.0975
vn 0.1379 0.3836 0.9132
vn -0.0023 0.4281 0.9037
vn 0.7596 0.6436 -0.0938
vn 0.7336 0.1563 0.6614
vn 0.0168 -0.9982 -0.0567
vn -0.1636 0.9585 0.2335
vn -0.0546 0.9426 0.3293
vn 0.2937 0.6635 0.6881
vn 0.4500 0.6133 0.6491
vn -0.4092 0.0823 -0.9087
vn -0.2251 0.9443 -0.2399
vn 0.2415 0.3729 0.8959
vn 0.1627 0.4085 0.8981
vn -0.6446 0.7472 -0.1620
vn 0.2735 0.8200 0.5028
vn 0.0637 0.9980 -0.0057
vn 0.0278 0.9963 -0.0810
vn -0.0043 -0.9984 -0.0559
vn 0.4729 0.8811 -0.0081
vn 0.6895 0.7120 -0.1330
vn 0.9458 0.3232 -0.0321
vn 0.9403 0.3339 0.0654
vn 0.5285 -0.5388 -0.6560
vn 0.2624 0.9577 0.1181
vn -0.4192 0.9031 0.0927
vn -0.8006 -0.0126 0.5990
vn -0.4113 0.0607 -0.9095
vn -0.1902 -0.9638 -0.1868
vn -0.9627 -0.1000 -0.2513
vn -0.0094 0.9856 -0.1689
vn 0.3629 -0.9313 0.0325
vn 0.0600 -0.9939 0.0923
vn -0.2673 0.9465 -0.1809
vn -0.3014 0.9385 -0.1684
vn -0.0520 0.9759 0.2121
vn -0.0485 0.9646 0.2592
vn -0.7142 0.5514 -0.4312
vn -0.8340 0.5502 -0.0425
vn -0.0520 0.0774 -0.9956
vn 0.1617 0.6527 0.7401
vn -0.9861 0.0312 -0.1631
vn -0.6067 -0.7828 0.1387
vn -0.9984 0.0155 0.0546
vn -0.1468 0.9891 0.0113
vn -0.9809 -0.1766 0.0815
vn -0.6843 0.4633 0.5631
vn 0.0312 0.9741 0.2239
vn 0.9919 0.0460 -0.1185
vn 0.8281 -0.5483 -0.1165
vn 0.2745 0.7221 0.6350
vn 0.2438 0.7297 0.6388
vn -0.4176 0.0875 -0.9044
vn 0.4058 0.9114 -0.0690
vn 0.9956 0.0884 -0.0323
vn -0.9035 -0.1014 -0.4165
vn -0.7472 -0.6638 0.0314
vn -0.0021 -0.9776 -0.2106
vn 0.2244 -0.9122 0.3428
vn -0.4002 0.0529 -0.9149
vn 0.1642 0.9448 -0.2835
vn 0.0487 0.9715 -0.2318
vn 0.5692 0.8183 0.0798
vn 0.6121 0.7907 0.0070
vn 0.0131 0.9953 0.0964
vn 0.3352 -0.9421 0.0091
vn 0.3310 -0.9436 0.0106
vn 0.2647 0.9643 0.0118
vn -0.5093 0.7683 0.3877
vn -0.6073 0.5840 0.5387
vn -0.5019 0.8323 -0.2351
vn 0.4154 0.8708 -0.2631
vn -0.2729 -0.9549 0.1173
vn -0.9992 0.0406 0.0069
vn -0.0004 0.9986 0.0532
vn -0.0342 -0.9993 0.0178
vn -0.6854 0.2999 0.6635
vn -0.6166 0.5208 0.5903
vn 0.0032 -0.9978 -0.0659
vn 0.8961 0.4026 -0.1870
vn 0.9749 0.0577 -0.2152
vn -0.1897 0.5215 0.8319
vn -0.1900 0.6607 0.7262
vn 0.8385 -0.5449 -0.0076
vn 0.9794 -0.0302 0.1997
vn 0.9653 0.0740 0.2503
vn 0.4187 0.8699 -0.2607
vn 0.2801 0.9248 -0.2573
vn 0.0125 0.9988 0.0470
vn 0.8297 0.5394 -0.1439
vn 0.9636 0.2551 -0.0801
vn 0.3618 0.9088 -0.2077
vn 0.4215 0.8847 -0.1992
vn 0.0516 0.6984 0.7139
vn -0.0315 0.6615 0.7493
vn -0.1732 -0.8836 -0.4350
vn -0.7669 0.6404 -0.0410
vn -0.4056 0.8798 0.2480
vn -0.5284 0.7337 0.4273
vn -0.2414 0.8021 -0.5462
vn -0.3745 0.9264 -0.0384
vn 0.5219 0.8506 -0.0639
vn 0.1593 -0.9845 -0.0738
vn 0.1239 -0.9883 -0.0885
vn -0.0718 -0.9956 -0.0609
vn -0.7755 0.4405 -0.4523
vn -0.6991 0.6279 -0.3419
vn 0.0029 0.9981 0.0615
vn -0.9593 0.0534 0.2774
vn -0.4252 0.8968 0.1221
vn -0.2409 0.9666 0.0878
vn 0.1761 0.6681 0.7229
vn -0.1576 0.9512 0.2652
vn -0.4866 0.6324 0.6027
vn -0.5939 0.6125 0.5217
vn -0.0423 0.7439 0.6669
vn 0.1525 0.9883 -0.0087
vn 0.1709 0.8653 0.4712
vn 0.2195 0.7880 0.5753
vn 0.0821 0.9854 -0.1489
vn -0.0386 0.8597 0.5094
vn -0.0522 0.9980 0.0345
vn 0.5363 0.1210 0.8353
vn 0.3217 -0.1482 0.9352
vn 0.8947 0.2687 0.3569
vn 0.9034 0.0732 0.4224
vn -0.7710 0.6244 -0.1255
vn -0.2974 0.9473 -0.1188
vn -0.5049 0.8629 -0.0216
vn 0.4187 0.9078 -0.0254
vn -0.5277 0.8112 -0.2519
vn -0.2890 0.9500 -0.1182
vn 0.7108 -0.1329 -0.6907
vn -0.0413 0.9598 -0.2776
vn 0.9016 -0.2481 -0.3542
vn 0.9256 0.1832 -0.3312
vn 0.8204 -0.2321 -0.5225
vn 0.1309 -0.9852 -0.1106
vn 0.2015 0.9294 0.3092
vn -0.7239 0.6893 0.0292
vn -0.3605 0.9321 -0.0359
vn -0.4151 0.6189 0.6668
vn -0.3165 0.6479 0.6929
vn 0.3351 0.4189 0.8439
vn 0.5586 0.4307 0.7088
vn -0.0620 0.9936 -0.0941
vn 0.5801 0.6657 0.4694
vn 0.6112 0.7135 0.3426
vn 0.8928 0.2179 -0.3942
vn 0.1306 0.9911 -0.0250
vn 0.9671 0.0753 0.2430
vn -0.0356 0.7321 -0.6802
vn 0.4855 0.8213 0.2995
vn 0.4004 0.8691 0.2904
vn -0.4691 0.8725 0.1370
vn 0.1894 0.1016 0.9766
vn 0.2806 0.1186 0.9525
vn 0.0796 0.8854 0.4580
vn 0.3578 0.7449 -0.5631
vn 0.4652 0.8313 -0.3041
vn 0.2382 0.8502 0.4694
vn 0.2590 0.9228 0.2852
vn -0.1952 0.9234 -0.3305
vn -0.7534 0.2647 -0.6020
vn 0.9249 0.0310 0.3790
vn 0.4080 -0.9077 0.0977
vn 0.6393 -0.5139 -0.5720
vn -0.2734 0.8072 0.5232
vn -0.3579 0.7494 0.5570
vn 0.3314 -0.0634 0.9413
vn 0.2016 0.7644 0.6125
vn 0.6259 0.7659 0.1474
vn 0.5147 0.8513 0.1016
vn -0.8955 0.4324 -0.1054
vn -0.0659 0.9839 -0.1662
vn -0.2094 0.9676 -0.1410
vn -0.8216 0.5577 -0.1182
vn -0.9904 -0.1374 -0.0141
vn -0.0724 0.9871 0.1426
vn -0.0520 0.9448 -0.3236
vn -0.2346 -0.2193 -0.9470
vn 0.8231 0.5141 -0.2414
vn 0.8800 0.4609 -0.1152
vn 0.0046 -0.9980 -0.0624
vn -0.1130 -0.1287 0.9852
vn -0.0078 -0.9024 0.4309
vn -0.4573 -0.0918 -0.8845
vn -0.1704 0.4166 0.8930
vn -0.0398 0.3953 0.9177
vn 0.0000 -0.1296 0.9916
vn -0.5016 0.8073 0.3109
vn -0.4301 0.1107 -0.8960
vn -0.9144 -0.1050 -0.3910
vn -0.7577 0.1574 0.6333
vn 0.2391 0.4543 -0.8582
vn 0.9847 0.0885 -0.1504
vn 0.2053 0.9786 0.0118
vn -0.4253 0.0644 -0.9028
vn -0.0652 0.8278 0.5572
vn 0.1096 0.8939 -0.4346
vn -0.2703 0.9537 -0.1317
vn -0.7309 0.6804 -0.0529
vn 0.6861 0.7130 0.1447
vn 0.6867 0.7154 0.1289
vn 0.0004 0.9995 0.0317
vn 0.8268 0.5561 -0.0847
vn -0.2319 -0.9663 0.1115
vn -0.0175 -0.9984 -0.0542
vn -0.7901 -0.6065 -0.0886
vn -0.9273 0.1064 -0.3590
vn -0.8320 0.2051 -0.5154
vn -0.2958 0.9209 0.2537
vn -0.1089 0.9919 -0.0661
vn -0.5074 0.4605 0.7283
vn -0.3807 0.4845 0.7876
vn 0.4493 0.8934 -0.0030
vn 0.1093 0.9934 0.0349
vn 0.9998 -0.0063 0.0194
vn -0.0009 -0.9995 -0.0323
vn 0.2370 -0.9210 0.3092
vn -0.0096 0.9959 0.0897
vn 0.8534 -0.4673 0.2310
vn 0.9790 -0.0691 0.1919
vn -0.1244 0.6557 -0.7447
vn 0.2251 0.5354 -0.8141
vn -0.8868 0.4618 0.0181
vn -0.7711 -0.6333 -0.0654
vn -0.9983 -0.0030 -0.0585
vn -0.4071 0.0905 -0.9089
vn 0.2755 0.9256 -0.2595
vn 0.3392 0.9391 0.0541
vn 0.4428 0.8931 0.0797
vn -0.7717 0.6235 -0.1250
vn -0.2204 0.9540 -0.2032
vn -0.9110 0.4124 -0.0015
vn -0.6149 0.7823 -0.0994
vn -0.9027 0.4157 -0.1111
vn -0.9076 0.3436 -0.2413
vn 0.0193 0.8957 0.4443
vn -0.0864 0.9092 0.4073
vn 0.0029 0.9969 0.0782
vn 0.7433 0.6173 0.2577
vn 0.8021 0.5223 0.2896
vn 0.9207 0.3581 0.1549
vn 0.4894 0.8700 0.0593
vn 0.2326 0.7858 0.5730
vn -0.7662 -0.5946 0.2436
vn -0.8953 0.4454 -0.0051
vn -0.8317 0.5434 -0.1137
vn -0.9930 -0.1154 -0.0262
vn -0.2045 0.1866 0.9609
vn -0.1131 -0.0358 0.9929
vn -0.0098 0.9986 0.0516
vn 0.0176 0.9930 0.1171
vn 0.3912 0.2336 0.8902
vn 0.0352 0.9842 0.1733
vn -0.9581 0.2797 -0.0613
vn -0.9377 0.3451 -0.0400
vn 0.2548 0.9214 0.2933
vn 0.0666 0.8696 0.4893
vn -0.1501 -0.8950 -0.4201
vn -0.8868 0.4365 0.1517
vn -0.9349 0.3246 0.1434
vn -0.4949 0.8477 0.1909
vn -0.7105 0.6565 0.2536
vn -0.3161 -0.9402 0.1266
vn -0.5347 -0.8426 0.0642
vn -0.5029 -0.8643 -0.0107
vn 0.9997 -0.0092 -0.0240
vn 0.9970 -0.0759 0.0134
vn -0.0478 0.9228 -0.3823
vn 0.3138 -0.1730 -0.9336
vn -0.3883 0.8797 -0.2746
vn -0.9238 0.0458 -0.3802
vn 0.8632 0.3935 0.3163
vn -0.5140 0.8244 -0.2371
vn -0.9998 0.0182 -0.0052
vn 0.7901 0.5611 0.2469
vn 0.5292 0.8308 0.1722
vn 0.8268 0.5297 -0.1892
vn -0.9609 -0.0631 -0.2694
vn 0.0130 0.9981 0.0603
vn -0.2794 -0.8186 0.5018
vn -0.3478 -0.8039 0.4824
vn 0.9727 -0.1567 -0.1714
vn 0.8742 -0.3275 -0.3584
vn -0.3988 0.5927 0.6997
vn -0.5645 0.5035 0.6541
vn -0.1184 0.8593 0.4975
vn -0.9998 0.0097 -0.0157
vn 0.1756 -0.9839 -0.0333
vn 0.9884 -0.0264 0.1493
vn -0.0668 0.9284 -0.3654
vn -0.7515 -0.1515 -0.6421
vn 0.9970 -0.0760 0.0156
vn 0.9921 -0.1225 0.0268
vn 0.0003 -0.9997 -0.0231
vn -0.4519 0.2288 -0.8622
vn 0.4674 0.7852 0.4062
vn 0.9994 0.0266 0.0214
vn -0.1300 0.9915 0.0086
vn 0.1267 0.9900 0.0619
vn -0.7841 0.6043 -0.1410
vn -0.7128 0.7002 -0.0404
vn -0.9947 0.0785 -0.0667
vn 1.0000 -0.0024 -0.0025
vn -0.1516 -0.9476 0.2810
vn -0.0033 -0.9997 -0.0242
vn 0.9790 0.1917 -0.0698
vn 0.5713 0.8201 0.0324
vn 0.9976 -0.0656 0.0200
vn 0.9976 -0.0654 0.0221
vn -0.0634 0.9555 -0.2879
vn -0.1085 0.9071 -0.4067
vn -0.0433 -0.9832 -0.1772
vn -0.4821 -0.8761 0.0079
vn 0.7505 0.6260 0.2118
vn 0.7994 0.5526 0.2356
vn 0.0305 0.9973 0.0664
vn 0.9907 -0.0461 0.1281
vn 0.9925 -0.1204 -0.0195
vn 0.0945 -0.9952 -0.0246
vn -0.2581 -0.9469 0.1918
vn -0.4248 -0.8856 0.1878
vn 0.4860 0.7677 0.4177
vn 0.3878 0.8113 0.4375
vn -0.0926 0.8307 0.5489
vn -0.0952 0.7670 0.6345
vn -0.8800 0.4727 0.0461
vn -0.8788 0.4726 0.0660
vn 0.9581 0.2861 0.0137
vn 0.9598 0.2537 0.1203
vn 0.0218 0.9921 -0.1234
vn 0.0884 0.9919 0.0910
vn 0.0198 0.9606 -0.2772
vn 0.0069 0.9980 0.0633
vn -0.8166 0.2626 -0.5140
vn 0.4002 -0.1759 -0.8994
vn -0.7106 -0.5459 -0.4439
vn 0.0059 -0.9980 -0.0635
vn -0.2618 0.9169 -0.3013
vn -0.4210 -0.0710 -0.9043
vn 0.1209 -0.9554 -0.2693
vn 0.0302 0.9979 0.0581
vn -0.3845 0.0813 -0.9195
vn 0.3358 -0.9402 -0.0575
vn -0.4590 -0.7799 0.4256
vn -0.6180 -0.5032 0.6040
vn -0.4632 0.8569 0.2263
vn -0.3564 0.8938 0.2721
vn 0.6748 0.7362 -0.0520
vn 0.7358 0.6772 0.0070
vn -0.4139 0.9092 0.0450
vn -0.4137 0.9094 0.0434
vn 0.5478 0.8339 0.0670
vn 0.3202 0.9474 -0.0018
vn -0.0019 -0.9997 -0.0231
vn 0.8426 -0.0054 0.5385
vn 0.0276 0.9977 0.0622
vn -0.8535 0.0270 0.5204
vn -0.5254 -0.7453 0.4105
vn 0.8423 0.4858 0.2336
vn 0.9250 0.0389 0.3779
vn -0.5915 0.6788 0.4351
vn -0.5802 0.6132 0.5361
vn -0.5465 0.3880 -0.7422
vn -0.3918 0.6297 -0.6708
vn 0.1607 -0.9813 -0.1059
vn 0.9627 0.0281 -0.2693
vn 0.1671 0.6753 0.7184
vn 0.0016 -0.9986 -0.0532
vn 0.8233 0.3105 0.4751
vn 0.7848 0.3233 0.5287
vn 0.1494 0.9409 -0.3038
vn -0.0252 -0.9983 -0.0534
vn -0.3766 0.9199 -0.1094
vn -0.3482 0.9288 -0.1270
vn -0.0043 0.9981 0.0609
vn 0.6643 0.7467 0.0338
vn 0.3943 0.9188 0.0174
vn 0.0174 0.9785 0.2055
vn 0.1172 0.9565 0.2670
vn 0.1451 -0.9873 0.0653
vn 0.1067 -0.9923 -0.0632
vn -0.6597 0.5279 0.5348
vn -0.8234 -0.0594 0.5643
vn 0.3301 -0.1296 0.9350
vn 0.3271 -0.9342 -0.1425
vn -0.0009 -0.9994 -0.0354
vn 0.0004 -0.9995 -0.0324
vn -0.3835 0.9030 -0.1939
vn -0.3795 0.8957 -0.2319
vn -0.0648 -0.9932 0.0962
vn -0.1493 -0.9877 -0.0463
vn 0.1503 0.9876 0.0444
vn -0.0992 -0.5121 0.8532
vn -0.0042 -0.9990 -0.0449
vn 0.5085 0.8508 0.1326
vn 0.4920 0.8491 0.1921
vn 0.1008 0.4768 0.8732
vn 0.1003 0.5865 0.8037
vn -0.6488 0.7596 -0.0450
vn -0.6525 0.7565 -0.0452
vn -0.9953 0.0908 -0.0348
vn -0.3512 0.6358 -0.6874
vn 0.1502 -0.9150 -0.3745
vn 0.1632 -0.9709 -0.1752
vn 0.2300 -0.9075 0.3515
vn 0.4462 -0.8345 0.3232
vn 0.7930 0.4468 0.4141
vn 0.6245 0.5522 0.5524
vn -0.1602 0.9853 0.0592
vn 0.4131 0.0651 -0.9084
vn -0.7411 -0.0191 0.6712
vn 0.6029 0.7861 -0.1362
vn 0.1889 0.9712 -0.1453
vn 0.9452 -0.1766 0.2744
vn 0.9676 -0.0763 0.2405
vn -0.9602 0.2760 -0.0424
vn 0.0044 0.9980 0.0635
vn -0.4253 0.8727 -0.2396
vn -0.3085 0.9133 -0.2661
vn 0.0035 0.9980 0.0627
vn 0.0128 -0.1128 0.9935
vn 0.0914 0.1968 0.9762
vn 0.3057 0.6445 -0.7008
vn 0.3482 0.6356 -0.6890
vn 0.0019 0.9977 0.0676
vn -0.9246 0.3717 -0.0833
vn -0.9681 0.2432 -0.0606
vn 0.1518 0.6204 0.7695
vn -0.8465 0.5299 0.0509
vn -0.7004 -0.3986 -0.5920
vn -0.0256 -0.9972 -0.0708
vn -0.0094 -0.9771 -0.2127
vn -0.7358 0.6754 0.0484
vn -0.9887 0.0787 -0.1279
vn -0.9500 0.1090 -0.2926
vn -0.0075 0.9978 0.0658
vn 0.0371 0.3937 0.9185
vn 0.0391 0.3281 0.9438
vn 1.0000 0.0001 -0.0002
vn 0.9907 -0.1344 0.0192
vn -0.1489 0.9722 -0.1808
vn -0.9935 -0.1081 0.0363
vn -0.3711 0.9286 0.0021
vn -0.7333 0.6779 0.0517
vn 0.4861 0.6402 -0.5948
vn 0.7772 0.4158 -0.4723
vn -0.9864 0.0228 -0.1625
vn -0.9039 -0.4245 -0.0527
vn -0.2796 -0.9498 0.1403
vn 0.6208 0.7826 -0.0454
vn 0.9478 0.2989 -0.1112
vn -0.3318 -0.9433 -0.0129
vn 0.9726 -0.0253 -0.2310
vn -0.1095 0.9232 0.3684
vn -0.7442 0.6229 0.2412
vn -0.0440 -0.9795 -0.1964
vn 0.9307 0.3061 -0.2002
vn 0.9514 0.0053 -0.3079
vn -0.3977 0.7780 -0.4864
vn -0.9956 0.0884 -0.0323
vn -0.3266 -0.4544 -0.8288
vn 0.0439 -0.9747 0.2193
vn 0.0468 -0.9673 0.2494
vn 0.5225 0.8476 -0.0923
vn 0.6629 0.7485 -0.0196
vn -0.4310 0.7374 0.5201
vn -0.3797 0.7628 0.5234
vn 0.9777 0.0049 -0.2101
vn -0.1661 0.7565 0.6325
vn -0.1689 0.6736 0.7195
vn 0.3086 0.4323 0.8473
vn 0.4730 0.3135 0.8234
vn 0.6738 0.6757 0.2992
vn 0.6810 0.6861 0.2559
vn -0.0023 -0.9995 -0.0324
vn 0.0311 0.8340 0.5509
vn 0.8795 -0.0867 -0.4679
vn 0.8791 0.2431 -0.4099
vn -0.0160 0.9998 0.0102
vn -0.4175 -0.9082 0.0301
vn 0.4814 0.6790 0.5542
vn 0.7160 0.5319 0.4522
vn -0.6203 0.4864 0.6153
vn -0.4996 0.5278 0.6869
vn -0.3915 0.0613 -0.9181
vn -0.2061 -0.8404 -0.5012
vn 0.5056 0.8628 0.0048
vn 0.0522 0.4677 -0.8824
vn -0.3965 0.9171 0.0415
vn 0.1754 0.1922 0.9655
vn -0.0348 0.4268 -0.9037
vn -0.3803 -0.8674 0.3210
vn -0.2248 -0.9126 0.3414
vn -0.0006 -0.9995 -0.0308
vn 0.0761 -0.9793 -0.1875
vn -0.3561 0.1364 0.9244
vn -0.2094 0.9533 0.2175
vn -0.1865 0.9455 0.2671
vn -0.1433 -0.9392 -0.3120
vn 0.9643 0.0106 0.2647
vn 0.5693 0.8183 0.0789
vn 0.5711 0.8087 0.1411
vn -0.3005 -0.6480 -0.6999
vn -0.9948 -0.0964 0.0344
vn -0.2251 -0.7400 -0.6339
vn 0.9782 0.1686 -0.1212
vn 0.9838 0.1653 -0.0691
vn -0.1966 -0.9601 0.1988
vn -0.8751 -0.4618 0.1447
vn -0.1127 0.6321 0.7666
vn -0.1123 0.4786 0.8708
vn 0.2742 -0.9567 0.0973
vn 0.2776 -0.9567 0.0877
vn 0.0160 -0.9984 -0.0544
vn 0.8902 -0.4554 0.0134
vn 0.8973 0.3472 0.2726
vn -0.9999 0.0004 -0.0157
vn 0.6930 0.4045 0.5967
vn 0.6804 0.4919 0.5433
vn -0.2858 0.9145 -0.2862
vn -0.2421 0.9338 -0.2635
vn -0.0943 0.9520 -0.2913
vn -0.9937 0.1074 -0.0329
vn -0.0085 0.4643 0.8856
vn 0.1873 0.9813 0.0435
vn 0.0394 0.9976 0.0573
vn -0.9912 -0.1295 0.0287
vn -0.6570 0.7444 -0.1195
vn -0.2675 0.3885 0.8817
vn -0.2880 0.1535 0.9452
vn 0.9189 -0.2312 -0.3197
vn 0.0890 0.9861 -0.1400
vn -0.3803 0.8460 0.3738
vn 0.8970 0.4222 -0.1311
vn -0.5937 0.8009 -0.0785
vn -0.1760 0.8475 0.5008
vn 0.9965 -0.0789 0.0263
vn 0.9967 -0.0788 0.0216
vn -0.2158 -0.9757 0.0373
vn -0.8795 0.4755 -0.0166
vn -0.3965 0.9104 -0.1180
vn -0.0553 -0.9984 -0.0091
vn -0.9255 -0.1720 0.3374
vn -0.2072 0.9673 -0.1464
vn 0.0200 0.9993 0.0329
vn -0.0001 -0.9995 -0.0310
vn -0.2569 -0.9496 0.1799
vn 0.9469 0.3137 -0.0710
vn 0.5280 -0.5550 -0.6428
vn 0.5616 0.0149 0.8273
vn 0.2294 -0.9708 -0.0697
vn 0.0689 -0.8921 -0.4466
vn -0.5856 0.8068 -0.0791
vn -0.8857 0.4576 0.0786
vn 0.9641 0.2651 -0.0137
vn 0.5446 0.8384 -0.0217
vn -0.7305 0.6528 0.2006
vn -0.4434 0.8726 0.2049
vn 0.3817 0.9222 -0.0625
vn 0.3391 0.9407 -0.0084
vn 0.9954 0.0924 -0.0265
vn 0.4176 -0.8528 -0.3135
vn -0.9445 0.3282 0.0105
vn -0.9477 0.3192 0.0059
vn 0.1835 0.6320 -0.7529
vn 0.4840 0.8664 -0.1228
vn 0.2913 0.9205 -0.2604
vn -0.8755 0.2830 -0.3916
vn -0.8264 0.4317 -0.3616
vn -0.9677 -0.1831 -0.1735
vn 0.3824 0.8711 -0.3081
vn -0.9914 0.1277 0.0300
vn -0.1661 0.9414 -0.2935
vn -0.0976 0.9683 -0.2301
vn 0.7157 0.6844 0.1395
vn 0.6868 0.7083 0.1634
vn 0.4660 0.8470 -0.2557
vn -0.2786 0.9123 -0.3002
vn -0.2934 0.9249 0.2418
vn 0.2779 0.8700 0.4074
vn 0.3845 0.8243 0.4155
vn 0.6768 0.5957 -0.4325
vn 0.7234 0.6043 -0.3338
vn -0.8091 0.5528 0.1992
vn -0.7883 0.5867 0.1856
vn 0.8582 0.4545 0.2385
vn 0.9467 0.1108 0.3023
vn -0.1882 0.4194 -0.8881
vn 0.7471 0.2786 -0.6035
vn 0.8377 0.5436 0.0530
vn 0.8148 0.5638 0.1352
vn -0.3098 0.9496 0.0484
vn -0.6655 0.7464 0.0079
vn 0.3839 -0.9233 -0.0085
vn 0.3793 -0.9250 -0.0212
vn 0.9634 0.0670 0.2595
vn -0.3614 0.8994 -0.2458
vn -0.8553 -0.5163 0.0429
vn 0.9005 0.2687 0.3420
vn 0.8232 0.2209 0.5230
vn 0.4968 0.8638 0.0843
vn 0.8245 0.3975 0.4029
vn 0.0000 0.7326 -0.6807
vn -0.4163 0.5940 0.6884
vn -0.6915 0.7214 0.0366
vn -0.0006 -0.9995 -0.0323
vn 0.8453 -0.3545 0.3996
vn 0.0234 -0.9983 -0.0540
vn -0.5767 -0.7158 0.3937
vn -0.7500 0.6279 0.2080
vn -0.7091 0.6822 0.1782
vn -0.7137 0.0799 0.6959
vn -0.9139 -0.1653 0.3707
vn -0.2295 0.8797 0.4165
vn -0.1523 0.8995 0.4096
vn -0.4322 0.7846 0.4445
vn -0.4493 0.8127 0.3710
vn 0.9300 0.3401 0.1392
vn 0.8416 0.5253 0.1258
vn -0.0019 -0.9982 -0.0605
vn 0.1422 0.7593 0.6350
vn 0.1460 0.6793 0.7192
vn -0.0135 0.9796 0.2003
vn -0.0422 -0.9983 -0.0398
vn -0.0436 -0.9926 -0.1138
vn -0.9885 0.1505 0.0165
vn 0.1900 0.9342 -0.3020
vn 0.3111 0.9052 -0.2896
vn -0.8972 0.4416 -0.0060
vn 0.2563 -0.9632 0.0813
vn 0.9269 0.3131 0.2069
vn 0.9302 0.3534 0.0996
vn 0.7077 0.6847 -0.1744
vn 0.2883 0.9399 -0.1831
vn -0.2273 -0.3234 -0.9185
vn -0.0609 0.9870 -0.1489
vn 0.2823 0.9593 -0.0074
vn 0.2864 0.8360 0.4681
vn 0.2092 0.8565 0.4718
vn 0.0214 -0.9986 0.0483
vn -0.9742 -0.0771 -0.2120
vn -0.9591 -0.1875 -0.2123
vn -0.4474 0.0248 -0.8940
vn -0.6541 0.5368 0.5329
vn -0.6191 0.6330 0.4648
vn -0.5290 0.4517 0.7185
vn -0.5322 0.4143 0.7383
vn 0.7930 0.5987 -0.1128
vn 0.5461 0.8348 -0.0695
vn 0.0000 0.4271 -0.9042
vn -0.5203 -0.0064 -0.8540
vn -0.5893 -0.1878 -0.7858
vn 0.5946 0.7778 -0.2040
vn 0.8593 0.4867 -0.1573
vn 0.3460 0.0845 -0.9344
vn -0.4262 0.8884 -0.1704
vn 0.4667 0.8683 -0.1681
vn -0.8373 0.4106 0.3611
vn 0.1424 0.8553 0.4982
vn 0.6020 0.7757 -0.1897
vn -0.1432 0.9594 -0.2429
vn 0.1591 -0.9816 -0.1052
vn 0.9997 0.0242 -0.0017
vn 0.4783 0.8708 -0.1141
vn -0.6479 -0.0178 0.7615
vn 0.4515 -0.0302 0.8918
vn -0.6251 -0.7782 0.0598
vn -0.0088 -0.9960 -0.0892
vn 0.0044 -0.9977 -0.0676
vn 0.1759 -0.6644 -0.7264
vn 0.1823 -0.6342 -0.7514
vn 0.0239 0.9884 -0.1499
vn -0.4216 0.8985 -0.1219
vn 0.1474 0.9810 -0.1265
vn -0.0627 0.8729 0.4838
vn -0.2807 0.9545 -0.1008
vn -0.5859 -0.0535 -0.8086
vn 0.0991 -0.3295 -0.9390
vn -0.4544 0.0669 -0.8883
vn 0.9655 0.2481 -0.0794
vn -0.4050 0.9126 0.0556
vn -0.4240 0.9012 0.0904
vn -0.7498 0.1877 0.6345
vn -0.3780 -0.8618 0.3383
vn 0.0532 0.9711 -0.2325
vn 0.0837 0.9814 -0.1727
vn 0.3920 0.9101 -0.1346
vn 0.3989 0.9016 -0.1675
vn 0.1871 0.3491 0.9182
vn 0.1949 0.1382 0.9710
vn 0.6273 -0.7283 0.2758
vn 0.0202 0.9931 0.1156
vn 0.0014 0.9971 0.0756
vn -0.1019 0.9661 -0.2370
vn 0.4047 -0.0692 0.9118
vn 0.8943 0.3613 0.2640
vn 0.7767 0.5814 0.2424
vn -0.5430 0.7799 0.3113
vn -0.3957 -0.0808 -0.9148
vn 0.2104 0.9527 -0.2194
vn 0.2024 0.9543 -0.2199
vn 0.0248 0.9666 0.2550
vn -0.2143 -0.9349 0.2830
vn -0.5807 -0.7792 0.2359
vn 0.6978 0.3518 0.6240
vn 0.4182 0.9041 -0.0875
vn 0.1593 -0.9858 -0.0532
vn 0.8573 0.5144 -0.0202
vn 0.9426 0.3334 -0.0200
vn 0.2947 -0.1906 -0.9364
vn -0.1188 -0.9851 -0.1245
vn -0.0752 -0.8589 -0.5066
vn 0.2226 0.8546 0.4692
vn 0.3701 -0.0039 -0.9290
vn -0.4679 -0.7723 0.4296
vn -0.1043 -0.9927 -0.0601
vn 0.6500 -0.5092 -0.5641
vn 0.5481 -0.6823 -0.4837
vn 0.0050 -0.9981 -0.0613
vn -0.6779 0.5167 0.5230
vn -0.6138 0.5297 0.5854
vn -0.9524 0.0147 -0.3045
vn -0.7417 0.4751 -0.4733
vn 0.7593 0.5040 0.4117
vn 0.6893 0.6238 0.3685
vn 0.4721 0.8677 -0.1554
vn -0.8430 0.2318 -0.4854
vn -0.8123 0.4257 -0.3986
vn 0.7504 -0.1889 0.6334
vn 0.6586 -0.5831 0.4756
vn -0.1293 0.9906 -0.0454
vn -0.0046 0.9984 0.0560
vn 0.2617 0.9222 -0.2847
vn 0.6362 0.2012 -0.7448
vn -0.2706 -0.9557 0.1159
vn 0.9744 0.0704 0.2135
vn 0.5993 0.7901 0.1291
vn -0.6567 -0.1296 -0.7429
vn -0.5343 -0.5606 -0.6327
vn -0.1413 0.0231 -0.9897
vn -0.0301 -0.1008 0.9944
vn -0.9076 -0.4180 0.0387
vn 0.1626 0.7209 0.6737
vn -0.0733 -0.9954 -0.0624
vn 0.7594 0.5000 0.4162
vn 0.7797 0.5618 0.2764
vn 0.5033 0.8347 0.2235
vn 0.2699 0.9504 0.1547
vn -0.3209 0.8426 0.4325
vn -0.2867 0.8636 0.4147
vn 0.9626 0.0671 0.2627
vn 0.5302 0.8329 -0.1587
vn -0.5896 -0.7872 -0.1807
vn 0.9942 -0.0713 -0.0802
vn 0.9960 -0.0483 -0.0752
vn 0.1277 -0.9858 -0.1091
vn 0.1297 -0.9874 -0.0903
vn 0.5319 0.8422 0.0880
vn 0.7740 0.6245 0.1045
vn -0.3503 0.9194 -0.1788
vn -0.3493 0.9197 -0.1795
vn 0.1870 0.9820 0.0263
vn 0.7287 0.2774 0.6262
vn 0.6583 0.4003 0.6375
vn -0.0553 -0.9010 0.4302
vn -0.5672 0.7585 -0.3208
vn 0.8771 0.3931 -0.2760
vn -0.6002 -0.5391 0.5908
vn -0.1647 0.9578 -0.2357
vn 0.0384 0.9570 -0.2875
vn 0.7519 -0.6531 0.0901
vn 0.7175 -0.0207 -0.6962
vn 0.0148 -0.9992 -0.0367
vn 0.0005 -0.9995 -0.0313
vn -0.3200 0.9418 -0.1028
vn -0.7321 0.6803 -0.0341
vn 0.4545 0.4329 0.7785
vn 0.4507 0.4653 0.7618
vn -0.3266 0.4141 0.8496
vn -0.3824 0.4447 0.8100
vn -0.9234 -0.0234 0.3831
vn -0.8333 0.5471 0.0792
vn -0.8307 0.5441 0.1178
vn -0.3517 -0.0682 -0.9336
vn -0.3271 0.7365 0.5921
vn -0.9762 0.1873 0.1091
vn 0.0687 -0.9951 -0.0711
vn 0.8577 -0.1450 -0.4933
vn 0.6271 0.7777 -0.0437
vn 0.5525 0.8317 0.0546
vn 0.5913 0.4930 0.6382
vn -0.5749 -0.7942 0.1968
vn -0.9577 -0.0658 -0.2802
vn -0.8199 0.5487 -0.1635
vn -0.1152 0.9599 -0.2554
vn -0.7680 0.6271 -0.1300
vn 0.2294 -0.9114 0.3417
vn 0.2268 -0.9332 0.2788
vn -0.4340 0.8799 -0.1935
vn -0.5195 0.8541 0.0259
vn -0.6720 0.7213 -0.1677
vn -0.7026 0.7046 -0.0992
vn 0.2796 0.9567 0.0803
vn 0.2413 0.9693 0.0472
vn -0.4884 0.8367 -0.2478
vn -0.1559 0.7076 -0.6892
vn 0.8272 0.0394 -0.5605
vn 0.2215 -0.9529 -0.2070
vn 0.0029 0.9978 0.0664
vn 0.9962 -0.0845 0.0198
vn 0.9961 -0.0847 0.0231
vn -0.1982 0.6301 0.7508
vn -0.0442 0.9855 0.1639
vn 0.1330 -0.8592 0.4940
vn 0.0322 -0.9251 0.3783
vn 0.0305 0.9973 0.0669
vn -0.3085 0.9500 0.0491
vn -0.2958 0.9493 0.1065
vn -0.6354 -0.3138 -0.7055
vn -0.6088 -0.3258 -0.7233
vn -0.9352 0.3465 -0.0735
vn -0.0397 -0.8784 -0.4763
vn -0.2576 -0.5845 -0.7694
vn -0.2181 0.6388 -0.7378
vn -0.9398 -0.3316 0.0822
vn -0.9413 -0.3309 0.0661
vn 0.3549 0.9092 -0.2176
vn -0.3422 0.7050 -0.6212
vn 0.2150 0.1823 0.9595
vn 0.8384 0.3569 0.4120
vn 0.7799 0.4909 0.3883
vn -0.0127 -0.9997 -0.0186
vn -0.5557 -0.7886 0.2634
vn -0.7528 0.5767 0.3174
vn -0.0469 0.9958 -0.0788
vn 0.8272 0.0393 -0.5605
vn -0.9575 -0.0659 -0.2807
vn 0.9841 0.1772 0.0093
vn -0.1390 0.9636 -0.2283
vn -0.0431 0.9980 0.0467
vn -0.4952 0.0722 -0.8658
vn 0.8759 -0.1294 0.4648
vn 0.8903 0.1157 0.4405
vn -0.5125 0.1807 0.8395
vn -0.7887 0.6059 0.1041
vn -0.1576 0.9732 0.1671
vn -0.0006 -0.9984 -0.0570
vn -0.1599 -0.9366 -0.3118
vn 0.2802 0.9092 0.3082
vn 0.1526 0.9867 0.0553
vn -0.9805 0.1766 0.0860
vn -0.0010 -0.9962 -0.0871
vn -0.0005 -0.9954 -0.0961
vn 0.9289 0.3633 0.0724
vn 0.9231 0.3529 0.1528
vn -0.0934 -0.9615 0.2585
vn -0.7745 0.1781 0.6070
vn -0.7180 0.2718 0.6408
vn 0.5078 0.8585 0.0712
vn 0.7289 0.6793 0.0852
vn -0.9759 -0.0096 0.2178
vn -0.9536 -0.3005 0.0211
vn -0.0000 -0.9995 -0.0307
vn 0.1566 -0.9868 -0.0407
vn 0.7586 0.6459 0.0858
vn -0.2088 -0.8838 0.4188
vn -0.1630 -0.8289 0.5351
vn 0.5370 -0.6814 -0.4974
vn 0.2081 -0.9542 -0.2149
vn 0.5685 -0.6986 0.4344
vn 0.9244 -0.0042 0.3814
vn 0.9467 0.0983 0.3069
vn -0.9452 0.3259 -0.0202
vn -0.6016 0.7886 -0.1273
vn -0.7105 -0.0450 0.7022
vn -0.6021 0.5506 0.5782
vn -0.1517 0.9574 -0.2458
vn -0.7359 0.6559 -0.1684
vn -0.0164 0.9441 0.3293
vn -0.9065 0.0042 -0.4221
vn 0.3278 0.4306 0.8409
vn 0.2422 0.3912 0.8878
vn -0.3598 -0.0313 -0.9325
vn -0.8895 -0.2623 0.3743
vn 0.7687 0.4432 0.4612
vn 0.5945 0.6384 0.4889
vn -0.9838 -0.1168 0.1358
vn -0.0829 0.9083 0.4100
vn -0.0792 0.9369 0.3404
vn 0.0045 -0.9997 -0.0238
vn -0.8305 0.5141 -0.2146
vn -0.9125 0.3381 -0.2302
vn -0.2890 0.0667 -0.9550
vn 0.9775 -0.1600 0.1372
vn 0.9804 -0.0734 0.1829
vn -0.0710 0.9955 0.0635
vn 0.9363 0.1425 0.3210
vn 0.9502 0.0389 0.3093
vn 0.0196 0.9995 0.0236
vn 0.0564 0.9931 0.1030
vn -0.5054 -0.2030 -0.8386
vn 0.1687 0.9599 -0.2240
vn -0.0566 0.9636 -0.2615
vn 0.2935 0.9270 -0.2334
vn -0.0010 0.9975 0.0704
vn -0.9471 -0.0215 -0.3203
vn -0.0055 -0.9981 -0.0620
vn 0.0266 -0.9965 0.0797
vn 0.3880 0.1478 0.9097
vn 0.3549 0.4052 0.8425
vn 0.5139 0.8125 0.2753
vn 0.7640 0.5842 0.2737
vn -0.1294 0.8133 0.5673
vn -0.5337 0.2405 -0.8108
vn -0.7006 0.7073 0.0946
vn -0.8434 0.5350 0.0496
vn 0.5133 0.5185 0.6839
vn 0.5198 0.4598 0.7200
vn 0.1035 0.6348 0.7657
vn -0.1804 0.9341 -0.3082
vn 0.4399 0.8458 0.3017
vn 0.3959 0.8537 0.3382
vn 0.0570 0.9626 -0.2649
vn -0.4277 0.0665 -0.9015
vn -0.3876 0.9215 0.0251
vn -0.3736 0.9245 0.0761
vn 0.4689 0.6884 0.5534
vn 0.4644 0.6883 0.5573
vn 0.0993 0.9804 0.1702
vn 0.9699 0.0637 0.2352
vn 0.3966 -0.1062 0.9118
vn 0.9988 -0.0497 0.0053
vn -0.6470 -0.0053 0.7625
vn 0.4104 -0.0481 0.9106
vn -0.0002 -0.9993 -0.0380
vn 0.0001 -0.9995 -0.0322
vn 0.0051 0.9841 -0.1774
vn -0.4032 -0.0623 -0.9130
vn -0.3383 0.8952 -0.2902
vn 0.6941 0.7198 -0.0069
vn 0.7667 0.6411 0.0333
vn 0.9981 -0.0173 -0.0591
vn 0.1593 -0.9847 -0.0702
vn 0.9921 0.0586 0.1113
vn 0.3623 0.0349 0.9314
vn -0.4544 0.8504 0.2651
vn 0.4215 0.3778 -0.8244
vn 0.8765 -0.4806 0.0276
vn 0.9675 0.1839 0.1737
vn -0.7074 0.2204 -0.6715
vn 0.0014 0.9786 -0.2056
vn -0.1244 -0.1611 -0.9791
vn -0.4732 0.8011 -0.3665
vn -0.8736 0.0390 -0.4851
vn -0.9127 0.0547 -0.4050
vn -0.3181 0.9479 -0.0157
vn -0.0856 0.9956 0.0391
vn 0.0636 0.7606 -0.6461
vn -0.1953 -0.1792 -0.9642
vn 0.3558 0.9052 -0.2325
vn 0.3541 0.8966 -0.2659
vn 0.0370 0.9921 -0.1201
vn 0.0603 0.9940 -0.0911
vn 0.3101 0.1557 0.9378
vn -0.4787 0.7591 -0.4412
vn -0.7820 0.5234 -0.3383
vn 0.8870 -0.0693 -0.4566
vn 0.0243 -0.9986 -0.0475
vn 0.3329 0.9401 0.0740
vn 0.5509 0.8224 0.1421
vn 0.5385 0.1928 0.8203
vn -0.6080 0.7013 0.3721
vn 0.3348 0.6296 0.7010
vn 0.4137 0.6920 0.5916
vn 0.4136 0.6178 0.6688
vn 0.6548 -0.7551 -0.0331
vn 0.0011 0.9971 0.0757
vn -0.0003 -0.9995 -0.0320
vn -0.3686 -0.4930 -0.7880
vn 0.0344 0.9967 0.0730
vn 0.9454 -0.1367 0.2958
vn 0.9572 0.2892 -0.0128
vn 0.9583 0.2853 0.0142
vn -0.9805 0.1767 0.0860
vn -0.3386 -0.9409 -0.0079
vn 0.8013 0.5982 -0.0088
vn 0.7556 0.6538 0.0406
vn 0.0364 -0.9536 -0.2990
vn -0.9154 -0.0563 0.3985
vn 0.3195 0.9401 -0.1188
vn 0.7005 0.6863 -0.1958
vn 0.6875 0.2199 -0.6921
vn -0.5217 -0.1751 -0.8349
vn -0.5322 0.5044 -0.6800
vn -0.1121 0.9927 0.0455
vn -0.8445 -0.0558 -0.5327
vn 0.0430 0.9122 0.4074
vn 0.1262 0.9044 0.4077
vn -0.8113 -0.0708 0.5804
vn 0.0175 -0.6447 -0.7642
vn -0.1419 -0.2915 -0.9460
vn -0.0966 -0.1726 -0.9803
vn -0.2905 0.9148 0.2805
vn 0.4173 0.0188 0.9086
vn -0.6521 0.7036 0.2824
vn -0.9119 -0.0280 0.4095
vn -0.6424 0.7492 -0.1617
vn -0.9290 0.3473 -0.1276
vn 0.0208 0.9975 -0.0677
vn 0.4553 0.8903 -0.0092
vn -0.4538 0.1354 -0.8808
vn -0.5032 0.1101 -0.8571
vn 0.6856 0.4934 0.5353
vn 0.9723 -0.0026 0.2336
vn 0.4187 -0.1605 0.8938
vn 0.0768 -0.9905 0.1139
vn -0.8526 0.5221 -0.0236
vn -0.8237 0.5618 0.0770
vn 0.4626 0.8810 0.0991
vn 0.4626 0.8837 0.0707
vn 0.0824 0.9592 0.2704
vn 0.0001 -0.9981 -0.0620
vn -0.5820 0.7637 -0.2794
vn -0.5835 0.8083 -0.0791
vn -0.9659 -0.0445 -0.2552
vn -0.0009 0.9932 -0.1163
vn 0.0000 -0.9995 -0.0320
vn -0.0573 -0.9983 0.0050
vn 0.9992 -0.0392 -0.0043
vn 0.9992 -0.0387 -0.0116
vn 0.3144 -0.7748 0.5485
vn -0.6190 -0.3696 -0.6930
vn 0.0001 -0.9995 -0.0321
vn -0.7327 0.3456 -0.5863
vn -0.4126 0.0648 -0.9086
vn 0.0010 0.9980 0.0628
vn -0.0011 -0.9981 -0.0609
vn 0.8062 0.4720 -0.3568
vn 0.8028 0.3940 -0.4475
vn 0.0903 0.9949 0.0451
vn 0.1639 0.7569 0.6327
vn -0.2300 -0.9260 0.2995
vn -0.1187 -0.9509 0.2858
vn -0.3280 0.9091 -0.2568
vn 0.4205 0.8758 -0.2371
vn 0.0003 0.9983 0.0583
vn -0.1178 0.9844 -0.1304
vn -0.0956 0.9939 -0.0553
vn -0.5034 0.8543 -0.1291
vn -0.7569 0.6431 -0.1163
vn 0.0464 -0.9989 0.0004
vn -0.1915 0.9814 0.0099
vn -0.9531 0.3008 0.0337
vn 0.0296 -0.8787 -0.4765
vn -0.0802 0.9866 0.1421
vn -0.1175 0.9687 0.2185
vn -0.3227 0.8299 0.4551
vn -0.3790 0.7904 0.4813
vn -0.9772 -0.2052 0.0554
vn 0.1231 0.3776 0.9177
vn 0.3719 0.9282 0.0149
vn 0.4992 0.3337 0.7996
vn 0.3532 -0.8123 0.4641
vn 0.2319 -0.8446 0.4825
vn -0.3480 0.6484 0.6770
vn 0.0173 0.9980 0.0604
vn 0.0000 0.9981 0.0620
vn -0.0074 0.9881 0.1533
vn -0.1535 0.1701 0.9734
vn 0.9997 -0.0229 0.0030
vn 0.0037 0.9980 0.0628
vn -0.4758 0.7436 0.4697
vn -0.4199 0.8636 0.2791
vn 0.1621 0.9830 -0.0862
vn 0.2462 0.9601 -0.1328
vn 0.1023 0.9894 0.1030
vn 0.0766 0.9910 0.1096
vn -0.2550 -0.6417 -0.7234
vn -0.7476 0.6393 0.1802
vn -0.8990 0.4033 0.1705
vn 0.7677 0.3669 0.5255
vn 0.5739 0.5438 0.6123
vn -0.0009 -0.9995 -0.0321
vn -0.7527 -0.0323 0.6576
vn -0.4031 -0.8648 0.2995
vn 0.7736 0.5442 0.3246
vn 0.8283 0.4461 0.3389
vn -0.8728 -0.4877 -0.0214
vn 0.4698 0.2992 -0.8305
vn -0.3062 0.9032 -0.3009
vn -0.0046 0.9991 0.0413
vn 0.0791 0.9362 -0.3425
vn 0.7350 0.0608 0.6753
vn 0.5545 -0.6900 0.4652
vn 0.0018 -0.9995 -0.0316
vn 0.0019 -0.9995 -0.0317
vn -0.9902 -0.1388 0.0135
vn -0.8304 0.5352 -0.1549
vn 0.2196 0.9516 -0.2151
vn 0.4685 0.8568 -0.2153
vn 0.0812 0.7768 0.6245
vn -0.7546 0.5663 0.3315
vn 0.9221 0.1833 -0.3409
vn 0.1153 0.9657 0.2326
vn 0.5868 0.7949 -0.1540
vn -0.1835 0.9713 -0.1514
vn 0.7988 0.2939 -0.5249
vn -0.7157 0.6935 0.0831
vn -0.6518 0.7525 0.0943
vn -0.9129 0.3755 -0.1597
vn 0.0896 0.8069 0.5839
vn -0.6488 0.7358 -0.1940
vn 0.8373 0.5332 0.1210
vn -0.0014 0.9752 0.2213
vn -0.8650 0.3479 0.3617
vn 0.3724 0.8806 -0.2931
vn 0.4044 -0.0711 -0.9118
vn 0.4846 0.7671 0.4204
vn 0.6466 0.6489 0.4010
vn -0.7863 0.5488 0.2839
vn -0.4036 0.8126 0.4204
vn 0.6663 0.3044 0.6807
vn 0.9015 -0.0016 0.4327
vn 0.4640 0.8650 -0.1908
vn 0.9997 -0.0218 0.0075
vn 0.0316 0.9971 0.0692
vn 0.9747 0.0123 0.2231
vn 0.6643 -0.6417 0.3832
vn 0.8392 -0.1109 0.5324
vn 0.5483 0.8359 0.0256
vn 0.8292 0.5573 0.0426
vn 0.0820 -0.9956 -0.0445
vn 0.0327 -0.9990 -0.0307
vn -0.3024 0.8675 -0.3950
vn -0.6499 0.0714 -0.7566
vn 0.0114 0.9762 0.2166
vn 0.0380 0.9754 0.2170
vn 0.0788 0.5839 -0.8080
vn -0.9915 0.1286 -0.0200
vn -0.0268 0.9879 -0.1525
vn 0.9800 -0.1160 -0.1615
vn 0.7844 -0.6030 -0.1456
vn 0.5057 0.8592 0.0780
vn 0.4712 0.8744 0.1159
vn -0.0016 0.9937 0.1120
vn -0.0370 0.9888 0.1448
vn -0.1874 -0.4539 -0.8711
vn -0.9632 -0.2640 0.0508
vn 0.2553 0.9668 0.0081
vn 0.2551 0.9668 0.0142
vn -0.2723 0.9620 -0.0221
vn -0.4151 0.8969 0.1522
vn -0.4049 0.9130 0.0490
vn -0.4105 0.9117 0.0195
vn -0.5740 -0.4323 0.6954
vn -0.6248 0.0368 0.7799
vn -0.0267 -0.9996 -0.0047
vn -0.1247 -0.9877 -0.0941
vn 0.0633 0.9308 0.3601
vn 0.0590 0.9487 0.3107
vn -0.0217 0.9721 -0.2334
vn 0.6118 0.7895 0.0483
vn 0.7089 0.7030 0.0578
vn 0.6441 0.7161 0.2690
vn 0.6398 0.7088 0.2971
vn -0.3821 0.8941 -0.2336
vn -0.3506 0.9031 -0.2480
vn 0.7144 0.6507 0.2574
vn 0.7115 0.6290 0.3133
vn 0.8361 0.2454 0.4906
vn 0.7815 0.2400 0.5759
vn 0.5142 0.5241 0.6789
vn 0.7187 0.3526 0.5993
vn -0.9996 0.0051 0.0262
vn -0.1224 0.3470 0.9298
vn -0.1231 0.3870 0.9138
vn -0.6044 0.7203 -0.3403
vn -0.0185 -0.9981 -0.0592
vn 0.4564 0.8306 -0.3191
vn 0.8794 0.0946 -0.4667
vn -0.1593 0.9274 -0.3384
vn -0.8043 0.5931 0.0370
vn -0.4299 -0.8937 0.1282
vn -0.4243 -0.8961 0.1302
vn -0.9352 0.0140 0.3538
vn 0.7575 0.5399 -0.3670
vn -0.2451 0.8018 -0.5450
vn -0.6382 0.7177 0.2784
vn -0.6432 0.7179 0.2664
vn 0.2723 -0.9622 -0.0072
vn -0.8862 0.4609 0.0461
vn 0.2700 0.6371 0.7220
vn 0.8173 0.5042 0.2788
vn 0.6337 0.7597 0.1456
vn 0.5446 -0.1562 -0.8240
vn -0.5972 0.6166 0.5130
vn -0.0028 0.9975 0.0703
vn 0.1285 -0.9833 -0.1292
vn 0.8790 0.0951 -0.4673
vn -0.2514 0.9675 -0.0253
vn -0.8960 0.4440 -0.0077
vn -0.2889 0.4389 0.8508
vn -0.2196 0.3877 0.8953
vn -0.2242 0.9380 -0.2642
vn 0.1037 0.9521 -0.2877
vn 0.9988 0.0347 -0.0342
vn -0.5037 0.4916 0.7104
vn -0.5993 0.8000 0.0290
vn 0.5410 0.0129 0.8409
vn 0.8944 0.4469 -0.0178
vn 0.0127 0.9988 0.0473
vn 0.8508 0.3597 -0.3830
vn 0.9235 0.3487 -0.1601
vn 0.8154 0.5632 0.1337
vn 0.8348 0.5315 0.1436
vn -0.5127 0.8069 -0.2932
vn -0.1125 0.9628 -0.2457
vn 0.2908 0.9364 -0.1965
vn 0.3001 0.9410 -0.1563
vn 0.4963 0.6582 0.5661
vn 0.4937 0.7136 0.4971
vn -0.0167 -0.9974 -0.0704
vn -1.0000 -0.0030 -0.0050
vn -0.0023 -0.9999 0.0103
vn 0.4689 0.5233 -0.7115
vn 0.3541 0.6180 -0.7019
vn -0.1222 0.8917 0.4358
vn 0.2554 -0.9543 0.1555
vn 0.9966 -0.0809 0.0162
vn -0.3967 0.8924 0.2152
vn -0.3457 0.9186 0.1914
vn 0.0015 -0.9984 -0.0559
vn -0.6521 -0.5012 -0.5689
vn -0.6908 -0.4045 -0.5994
vn 0.4618 0.7589 -0.4593
vn 0.7590 0.5837 -0.2884
vn -0.5212 0.8203 0.2355
vn -0.9759 -0.2092 0.0625
vn -0.2212 -0.3342 -0.9162
vn -0.9248 -0.0236 0.3797
vn -0.5707 0.7984 0.1923
vn 0.5469 0.1750 0.8187
vn 0.8027 0.1477 0.5778
vn 0.7481 0.1622 0.6434
vn -0.9248 0.2864 -0.2504
vn -0.8877 0.3814 -0.2578
vn 0.7908 0.6017 -0.1123
vn 0.9710 0.2390 0.0020
vn 0.6391 0.7684 0.0333
vn 0.1102 0.9938 0.0114
vn -0.9647 0.2628 0.0173
vn 1.0000 0.0000 0.0000
vn 0.2991 -0.1640 -0.9400
vn 0.0064 0.9991 0.0418
vn 0.2550 -0.9424 0.2163
vn 0.2585 -0.9464 0.1935
vn -0.6977 0.2794 0.6596
vn 0.9149 0.3969 -0.0735
vn -0.1214 0.9711 -0.2053
vn -0.2986 0.9279 -0.2231
vn -0.9705 -0.1580 -0.1821
vn -0.6845 -0.4476 -0.5754
vn -0.5922 0.7982 0.1106
vn -0.6962 0.7138 0.0758
vn -0.7507 -0.0250 0.6602
vn -0.0785 0.9931 -0.0871
vn -0.1685 0.9831 -0.0721
vn -0.9999 0.0001 -0.0127
vn 0.3794 0.8983 -0.2219
vn 0.3814 0.9018 -0.2034
vn -0.9068 0.4111 -0.0931
vn -0.4970 0.8464 -0.1914
vn -0.0253 -0.9964 -0.0814
vn -0.2091 -0.9750 -0.0754
vn 0.6037 0.7792 0.1684
vn 0.7209 0.6502 0.2396
vn -0.0538 0.9145 -0.4009
vn 0.4234 0.8291 -0.3652
vn -0.3274 0.8973 -0.2961
vn 0.9251 0.3792 -0.0176
vn 0.9082 0.3916 -0.1477
vn 0.4602 0.8494 -0.2583
vn 0.9999 0.0083 -0.0068
vn 0.9198 -0.0852 0.3831
vn 0.9107 0.1894 0.3671
vn -0.1711 0.8191 0.5475
vn -0.1654 0.8662 0.4715
vn 0.9976 -0.0670 -0.0153
vn -0.0550 0.9334 -0.3545
vn -0.6873 0.2637 0.6768
vn 0.8424 0.5361 -0.0543
vn 0.9867 0.1613 0.0221
vn -0.6946 0.4197 -0.5843
vn -0.1374 -0.9571 -0.2550
vn 0.4770 0.7463 -0.4642
vn 0.1020 0.8007 0.5903
vn 0.8474 0.3139 0.4283
vn 0.8430 0.1174 0.5250
vn 0.1921 -0.9788 -0.0716
vn 0.0390 0.9746 0.2205
vn -0.8824 -0.4699 0.0241
vn -0.5492 -0.2961 -0.7815
vn 0.3374 -0.9397 -0.0551
vn 0.3478 -0.9374 -0.0174
vn 0.7650 0.4983 0.4080
vn 0.7366 0.4655 0.4906
vn 0.1605 -0.9374 -0.3091
vn 0.5385 -0.7936 0.2832
vn 0.1866 0.9821 0.0277
vn 0.1810 0.9831 -0.0264
vn -0.8378 0.5452 -0.0305
vn -0.8034 0.4448 0.3958
vn -0.0363 0.7466 0.6643
vn -0.4545 -0.8902 -0.0296
vn -0.7588 0.4456 0.4751
vn -0.9568 0.2902 0.0155
vn -0.1418 -0.3960 -0.9072
vn 0.0425 -0.9035 0.4265
vn -0.0073 -0.9043 0.4268
vn -0.0029 -0.9998 -0.0218
vn -0.5004 0.1479 0.8531
vn -0.3701 0.9289 0.0069
vn -0.0142 0.9925 -0.1216
vn 0.6623 0.7112 -0.2358
vn 0.9223 -0.0544 -0.3825
vn 0.3841 0.8201 0.4242
vn -0.0336 0.9412 -0.3363
vn 0.0176 -0.2199 -0.9754
vn -0.0693 0.8751 0.4790
vn -0.9929 0.0995 -0.0658
vn -0.9648 0.2612 -0.0318
vn 0.1016 0.9577 0.2694
vn 0.1576 0.9524 0.2611
vn -0.0003 -0.9978 -0.0669
vn -0.9855 0.1619 -0.0503
vn -0.4057 0.9114 -0.0691
vn -0.9175 0.0291 -0.3967
vn 0.8920 -0.0721 -0.4463
vn 0.8792 0.1902 -0.4368
vn -0.1534 0.9640 -0.2173
vn 0.9875 0.1361 -0.0795
vn -0.0306 0.9773 0.2095
vn -0.0016 -0.9991 -0.0419
vn -0.9779 -0.2064 0.0341
vn -0.8410 -0.5350 -0.0810
vn -0.0013 0.3681 -0.9298
vn 0.0065 -1.0000 -0.0025
vn -0.5599 -0.7961 0.2297
vn -0.2399 -0.9329 0.2686
vn 0.1360 -0.8816 -0.4519
vn 0.0332 -0.9845 -0.1725
vn -0.3946 0.0604 -0.9169
vn 0.0170 -0.9979 -0.0618
vn -0.0042 -0.9986 -0.0519
vn -0.2882 0.0670 -0.9552
vn 0.0347 0.9419 0.3341
vn -0.5961 0.7714 0.2226
vn 0.7565 0.1655 0.6327
vn -0.1991 0.9714 -0.1291
vn 0.3501 -0.6714 0.6532
vn 0.3763 0.9226 0.0847
vn 0.3961 -0.0330 0.9176
vn 0.0052 -0.9981 -0.0607
vn 0.9003 0.3576 0.2479
vn 0.7632 0.5823 0.2801
vn 0.8328 0.2763 0.4797
vn 0.6526 0.4126 0.6355
vn -0.1053 0.9633 -0.2469
vn 0.6747 0.7246 -0.1404
vn 0.0046 -0.9981 -0.0618
vn -0.4326 0.8990 0.0683
vn -0.4309 0.8986 0.0831
vn -0.2010 0.9291 0.3104
vn -0.2988 0.9101 0.2873
vn 0.7053 0.5528 0.4439
vn 0.8983 0.3056 0.3158
vn -0.2226 0.8607 -0.4579
vn 0.9857 -0.1259 -0.1123
vn -0.9101 0.4136 -0.0270
vn 0.2549 -0.9598 0.1179
vn -0.0595 0.1742 0.9829
vn 0.0116 -0.1012 0.9948
vn 0.3706 -0.2810 0.8853
vn -0.1525 -0.9879 0.0286
vn 0.6309 0.5806 0.5146
vn 0.3456 0.9383 -0.0155
vn 0.6884 0.6159 0.3832
vn 0.5176 0.8307 0.2048
vn 0.9139 0.2222 0.3398
vn 0.8511 0.4453 0.2781
vn -0.7645 0.6420 0.0571
vn -0.8113 0.5846 0.0092
vn -0.3919 -0.9138 -0.1071
vn 0.2544 -0.9638 -0.0796
vn 0.3872 0.1794 0.9044
vn 0.1494 0.7309 0.6659
vn 0.3796 0.4111 0.8288
vn 0.2714 0.6393 0.7195
vn 0.8071 0.1231 0.5774
vn 0.5486 -0.1558 -0.8214
vn -0.1554 -0.5460 -0.8232
vn -0.0731 0.9724 -0.2214
vn -0.4606 0.8706 -0.1728
vn 0.9379 0.0366 -0.3448
vn 0.1605 -0.9762 -0.1457
vn 0.2223 -0.9524 -0.2084
vn -0.0065 0.9745 0.2243
vn -0.7692 0.6321 0.0941
vn -0.7804 0.6141 0.1174
vn 0.3460 0.4859 -0.8026
vn 0.9387 0.3442 -0.0215
vn 0.6332 0.7739 0.0115
vn -0.7432 0.6142 0.2654
vn -0.7557 0.5914 0.2813
vn 0.4778 0.8338 0.2767
vn 0.6375 0.1294 0.7595
vn 0.5455 -0.7388 0.3958
vn 0.6382 -0.5322 0.5562
vn 0.4047 0.0324 -0.9139
vn 0.7179 -0.0189 -0.6959
vn 0.2124 0.9690 0.1260
vn -0.8348 -0.5139 0.1974
vn 0.3827 0.8789 -0.2848
vn 0.3804 0.8883 -0.2574
vn -0.3358 -0.9358 0.1072
vn 0.0343 -0.9984 0.0459
vn -0.2138 0.9271 -0.3080
vn -0.1873 0.9348 -0.3017
vn 0.2004 0.9787 0.0448
vn 0.3655 0.9305 0.0222
vn 0.0300 0.9726 -0.2307
vn 0.2886 0.9316 -0.2212
vn 0.1354 -0.9866 -0.0916
vn -0.0439 -0.9822 -0.1826
vn -0.3620 0.4700 0.8050
vn 0.0044 0.9980 0.0630
vn 0.2036 0.5685 0.7971
vn 0.2014 0.6685 0.7159
vn -0.0418 0.9929 -0.1110
vn 0.1769 0.1845 0.9668
vn 0.8152 0.5752 0.0676
vn -0.9396 -0.2657 0.2157
vn -0.3148 0.9442 -0.0971
vn 0.4841 0.8707 -0.0866
vn 0.9701 0.0637 0.2342
vn 0.0928 0.9956 -0.0105
vn -0.3864 0.9214 -0.0411
vn -0.5447 0.8380 -0.0322
vn -0.5442 0.8377 -0.0465
vn -0.9539 -0.2243 -0.1993
vn -0.0228 -0.9979 -0.0598
vn 0.4302 -0.1257 0.8940
vn 0.9104 0.3531 0.2156
vn 0.2350 0.9419 0.2398
vn -0.6352 -0.3069 0.7088
vn 0.6242 0.7730 0.1135
vn 0.2767 0.9609 -0.0129
vn 0.1362 -0.8755 0.4637
vn -0.9800 0.0811 -0.1817
vn 0.8824 0.3204 -0.3445
vn 0.9352 0.3032 -0.1828
vn -0.4896 0.4815 0.7269
vn -0.4749 0.8654 0.1600
vn -0.3854 0.9120 0.1404
vn 0.4564 0.8305 -0.3194
vn 0.9359 0.0045 -0.3522
vn -0.0001 -0.9995 -0.0321
vn 0.9032 -0.3833 0.1933
vn 0.0046 -0.9979 -0.0642
vn -0.9855 0.0913 0.1428
vn -0.7826 0.0517 0.6203
vn 0.7414 -0.2023 -0.6398
vn 0.1699 0.5576 0.8125
vn 0.7970 0.5852 0.1498
vn 0.7955 0.5822 0.1678
vn -0.0167 -0.9934 -0.1137
vn -0.0163 -0.9946 -0.1020
vn 0.0006 0.9981 0.0618
vn -0.8981 -0.2439 0.3660
vn -0.9466 0.1520 -0.2842
vn -0.2298 -0.5470 -0.8050
vn 0.8733 0.3984 -0.2803
vn 0.7882 0.5840 -0.1942
vn 0.6570 0.7467 -0.1037
vn 0.6655 0.7448 -0.0486
vn 0.0101 0.9993 0.0350
vn -0.2271 -0.6161 -0.7543
vn -0.2926 -0.1742 -0.9402
vn 0.0263 0.9921 0.1231
vn -0.0165 0.9692 -0.2456
vn -0.0567 0.9867 -0.1526
vn -0.9773 -0.2091 0.0341
vn 0.4008 0.9144 -0.0575
vn 0.3780 0.9200 -0.1036
vn -0.4216 0.3675 -0.8289
vn -0.8531 0.2580 0.4535
vn -0.7005 0.3902 0.5976
vn 0.0029 -0.9986 -0.0528
vn -0.2997 0.9349 -0.1899
vn -0.2258 0.9544 -0.1953
vn 0.5700 0.8210 0.0315
vn 0.5208 0.8527 0.0399
vn -0.4836 0.5643 0.6691
vn -0.4955 0.6201 0.6083
vn -0.2929 -0.6363 -0.7137
vn -0.2995 -0.6158 -0.7288
vn 0.9984 0.0566 -0.0011
vn 0.9358 -0.1191 0.3318
vn 0.9519 -0.1160 0.2838
vn 0.4558 0.8823 -0.1173
vn -0.1373 0.4016 -0.9054
vn -0.8936 0.4462 -0.0485
vn -0.1604 -0.8179 -0.5525
vn 0.1669 0.9849 -0.0461
vn 0.8595 0.4484 0.2454
vn 0.8857 0.3959 0.2426
vn 0.7397 0.6690 0.0722
vn 0.8290 0.5577 0.0423
vn 0.4171 0.8895 -0.1865
vn 0.7714 0.6244 -0.1224
vn 0.7678 0.5704 0.2916
vn 0.0286 0.9987 -0.0421
vn -0.0279 0.9069 -0.4204
vn -0.2491 0.9185 -0.3070
vn -0.8345 0.5472 0.0643
vn -0.9520 0.2753 0.1338
vn -0.8046 -0.1479 0.5750
vn 0.2390 0.9696 -0.0518
vn 0.2309 0.9686 -0.0919
vn -0.0039 -0.9862 -0.1654
vn 0.0057 -0.9649 -0.2624
vn -0.4151 0.0858 -0.9057
vn -0.3881 0.8795 -0.2753
vn 0.0101 0.9918 -0.1273
vn -0.5432 0.8372 0.0635
vn -0.6599 -0.3589 0.6601
vn -0.6957 -0.0069 0.7183
vn -0.2489 -0.5841 -0.7726
vn 0.6477 0.7413 0.1760
vn 0.7434 0.6676 0.0411
vn -0.0335 0.9832 -0.1794
vn -0.0009 -0.9998 -0.0218
vn -0.0549 0.1407 0.9885
vn -0.0759 0.9274 0.3663
vn -0.8348 0.3978 0.3805
vn -0.8255 0.3570 0.4373
vn -0.9924 -0.1227 0.0023
vn -0.1566 0.9633 -0.2179
vn 0.3486 0.7764 0.5250
vn 0.3547 0.7168 0.6003
vn -0.7911 -0.6098 -0.0477
vn -0.7709 -0.6335 0.0659
vn 0.0124 0.9976 0.0687
vn -0.0007 0.9981 0.0621
vn 0.6028 0.7688 0.2136
vn 0.6043 0.7656 0.2206
vn -0.7316 0.4505 -0.5116
vn -0.0556 0.9875 -0.1477
vn 0.4296 0.7800 0.4550
vn 0.4351 0.7388 0.5146
vn 0.3179 0.9209 -0.2255
vn 0.3213 0.9272 -0.1924
vn 0.1827 -0.7979 -0.5744
vn -0.2758 -0.9555 -0.1047
vn -0.6976 0.2772 0.6606
vn -0.9923 0.1122 -0.0530
vn 0.3839 -0.0730 0.9205
vn -0.9859 -0.0421 -0.1617
vn -0.5688 0.7554 -0.3254
vn 0.8774 0.4703 -0.0948
vn 0.8875 0.4497 -0.1001
vn -0.0022 -0.9994 -0.0334
vn 0.9277 -0.1565 0.3389
vn 0.9343 0.1642 0.3165
vn 0.0709 0.9949 -0.0720
vn -0.0602 0.9625 -0.2644
vn -0.9836 0.1679 -0.0663
vn -0.0014 0.9472 0.3206
vn 0.8263 0.5554 -0.0936
vn 0.8320 0.5523 -0.0516
vn 0.1984 0.8899 0.4106
vn 0.1892 0.9177 0.3493
vn -0.4345 0.8694 0.2351
vn -0.9939 0.0999 0.0473
vn -0.7608 -0.5838 0.2837
vn -0.9212 -0.1033 -0.3752
vn -0.7080 0.6638 -0.2408
vn 0.9996 0.0270 -0.0031
vn 0.0048 0.9984 0.0568
vn 0.2174 0.9564 -0.1950
vn -0.4059 0.0851 -0.9099
vn -0.3607 0.9316 -0.0443
vn -0.2753 0.9592 -0.0650
vn -0.4538 0.8541 -0.2542
vn -0.1493 0.9595 -0.2388
vn -0.0243 -0.9958 -0.0888
vn -0.9985 0.0037 -0.0539
vn -0.9605 -0.2718 -0.0589
vn 0.9355 0.3318 -0.1214
vn 0.9890 -0.0137 -0.1474
vn -0.0858 -0.9787 -0.1866
vn -0.0363 -0.9805 -0.1930
vn 0.0924 0.9865 -0.1355
vn 0.5637 0.8048 -0.1860
vn 0.9845 0.1753 -0.0088
vn 0.9998 0.0206 -0.0067
vn 0.4445 0.8552 0.2665
vn 0.6507 0.6939 0.3085
vn -0.2228 0.9473 -0.2301
vn -0.6401 0.7478 -0.1765
vn 0.6117 0.6738 0.4146
vn 0.6507 0.6272 0.4280
vn 0.5803 0.8144 0.0023
vn 0.5782 0.8147 -0.0429
vn 0.0215 0.9921 -0.1237
vn 0.2413 0.9060 0.3479
vn 0.2992 0.9043 0.3046
vn -0.9994 0.0284 0.0214
vn -0.9980 -0.0257 0.0573
vn -0.3626 0.1751 0.9153
vn -0.4781 0.1413 0.8669
vn 0.8775 0.4647 -0.1190
vn 0.8776 0.4706 -0.0910
vn -0.2981 -0.9520 0.0693
vn -0.2590 -0.9646 0.0493
vn 0.9988 -0.0490 -0.0046
vn 0.1945 -0.9807 0.0206
vn -0.3254 -0.0029 -0.9456
vn 0.8883 -0.4333 -0.1523
vn 0.3448 0.9354 -0.0782
vn 0.5215 0.0640 0.8509
vn -0.6807 0.7187 -0.1418
vn -0.2085 0.9571 -0.2012
vn -0.8276 0.4792 -0.2923
vn 0.9570 0.2708 0.1043
vn 0.8251 0.5634 0.0419
vn -0.0128 0.9996 0.0256
vn 0.8836 0.1307 -0.4496
vn 0.8563 -0.0255 -0.5158
vn -0.6212 0.7787 0.0881
vn 0.1834 0.8463 -0.5002
vn 0.7202 0.5030 0.4778
vn -0.0677 0.9831 -0.1699
vn -0.5022 0.8531 -0.1415
vn -0.2212 0.9565 -0.1902
vn 0.6419 0.6726 0.3683
vn 0.7580 0.5627 0.3298
vn -0.0095 0.9972 0.0740
vn -0.1200 0.9713 -0.2053
vn -0.1216 0.9759 -0.1811
vn -0.0007 -0.9994 -0.0337
vn 0.3024 -0.9530 0.0203
vn 0.2903 -0.9560 -0.0418
vn -0.3203 0.9432 -0.0882
vn -0.3498 0.9329 -0.0854
vn -0.5457 0.7894 0.2811
vn 0.1135 0.1934 0.9745
vn 0.0583 0.9948 0.0832
vn -0.0299 0.1253 0.9917
vn -0.6113 0.5407 -0.5779
vn -0.7700 -0.1782 -0.6127
vn -0.9539 0.2807 0.1066
vn -0.9527 0.1506 0.2641
vn 0.4897 0.8115 0.3188
vn 0.4365 0.8252 0.3585
vn -0.8657 0.3483 -0.3595
vn -0.6067 0.7609 -0.2299
vn -0.0243 -0.9969 0.0745
vn -0.2375 -0.9677 0.0848
vn 0.2088 0.5349 -0.8187
vn 0.4692 0.8522 0.2314
vn 0.9956 0.0831 0.0430
vn -0.0820 0.9901 0.1137
vn 0.0200 0.9917 0.1271
vn -0.1648 -0.9654 0.2021
vn -0.1679 -0.9723 0.1623
vn -0.5123 0.8588 -0.0074
vn -0.2810 0.9570 0.0724
vn -0.0105 0.7373 0.6755
vn -0.8343 0.5513 0.0040
vn -0.2091 0.9384 0.2750
vn 0.3453 0.1183 0.9310
vn -0.4953 0.8684 -0.0221
vn 0.0251 0.9788 -0.2031
vn 0.3380 0.9411 0.0125
vn -0.4439 -0.0225 -0.8958
vn -0.9385 0.3364 0.0778
vn 0.5140 0.8552 -0.0671
vn 0.9057 0.4212 -0.0476
vn 0.9667 -0.2483 -0.0619
vn -0.0429 -0.9514 -0.3050
vn 0.8507 0.4681 -0.2392
vn 0.7220 0.6873 -0.0798
vn 0.7950 0.5881 0.1487
vn 0.7864 0.5998 0.1474
vn 0.2407 0.9565 -0.1648
vn 0.7446 0.6606 -0.0958
vn 0.7609 0.6478 0.0376
vn 0.1267 -0.9918 0.0149
vn 0.2301 0.9551 0.1869
vn -0.5244 0.7997 -0.2923
vn -0.8085 0.5403 0.2331
vn -0.5524 -0.8012 0.2301
vn -0.0409 -0.9708 0.2363
vn -0.0369 -0.9646 0.2611
vn 0.0055 0.8536 -0.5209
vn 0.0293 -0.0990 -0.9947
vn -0.7027 -0.0944 -0.7052
vn -0.3587 0.7976 -0.4849
vn -0.9585 0.0537 0.2800
vn -0.1863 0.9505 -0.2486
vn 0.2649 -0.9572 0.1163
vn 0.2644 -0.9557 0.1293
vn 0.7934 -0.5894 -0.1519
vn 0.0628 0.4339 -0.8988
vn 0.7841 -0.6017 -0.1520
vn -0.3070 0.8843 0.3518
vn -0.3125 0.9052 0.2881
vn 0.4722 0.8482 0.2399
vn 0.5281 0.8150 0.2385
vn 0.0000 0.9778 0.2096
vn -0.0071 0.9773 0.2118
vn 0.2104 0.7929 0.5718
vn 0.0050 -0.9975 -0.0709
vn -0.5164 0.1799 0.8373
vn -0.1493 0.9547 0.2575
vn 0.5135 0.3876 0.7656
vn 0.5404 0.4013 0.7395
vn -0.9590 0.1951 -0.2055
vn -0.2926 0.9562 -0.0103
vn -0.8248 0.3941 -0.4055
vn -0.9342 0.3473 0.0818
vn -0.9317 0.3625 0.0234
vn -0.5256 -0.1749 -0.8326
vn 0.0069 0.9982 0.0588
vn 0.1485 -0.9086 -0.3904
vn -0.6136 0.7368 0.2840
vn -0.7488 0.6184 0.2384
vn 0.2158 0.7323 0.6459
vn 0.2450 0.7838 0.5706
vn -0.4479 0.8487 -0.2812
vn -0.9666 -0.0332 -0.2543
vn 0.3021 -0.9529 0.0267
vn 0.2773 -0.9590 0.0586
vn -0.0014 -0.9981 -0.0620
vn 0.1639 -0.9858 -0.0361
vn 0.1421 0.8232 0.5497
vn 0.1472 0.7605 0.6324
vn -0.9236 0.3469 -0.1634
vn 0.7094 0.5139 0.4823
vn 0.6294 0.5796 0.5176
vn 0.0324 0.9971 0.0693
vn 0.4372 -0.4005 -0.8053
vn 0.9455 -0.2891 -0.1499
vn -0.2162 -0.9300 -0.2971
vn -0.4119 0.1789 -0.8935
vn -0.7240 0.5818 0.3706
vn 0.5959 0.8019 -0.0430
vn -0.3857 0.9218 -0.0382
vn 0.0174 -0.9995 -0.0273
vn 0.0323 -0.6471 -0.7617
vn -0.0588 0.9837 -0.1698
vn 0.6045 0.7941 0.0631
vn 0.5905 0.5845 0.5565
vn 0.5782 0.6246 0.5249
vn -0.4838 0.8279 0.2838
vn -0.4365 0.8538 0.2836
vn -0.5098 -0.7983 0.3207
vn -0.1252 0.9625 -0.2405
vn -0.1239 0.9578 -0.2593
vn -0.4174 0.0737 -0.9057
vn -0.6295 -0.1142 -0.7686
vn 0.3319 0.9163 -0.2242
vn -0.7219 -0.5225 -0.4537
vn 0.0274 0.9695 -0.2436
vn 0.0263 0.9769 -0.2123
vn -0.0288 0.9128 0.4074
vn -0.0276 0.9466 0.3212
vn 0.2235 0.9745 0.0171
vn 0.0638 0.9979 -0.0151
vn -0.3347 0.9393 0.0754
vn -0.3894 0.9133 0.1197
vn 0.8248 0.5654 -0.0065
vn 0.8104 0.5858 0.0069
vn 0.0919 0.4902 -0.8667
vn 0.0705 -0.9958 -0.0588
vn -0.1122 0.9632 -0.2442
vn -0.9776 0.1775 -0.1128
vn 0.7135 0.6850 -0.1472
vn 0.6930 0.6888 -0.2126
vn -0.1296 -0.5283 0.8391
vn -0.9995 -0.0309 0.0065
vn -0.1093 0.9599 -0.2580
vn 0.9237 -0.0722 0.3762
vn 0.5366 0.2100 0.8173
vn 0.2224 0.9286 -0.2972
vn 0.2432 0.9334 -0.2639
vn 0.8721 0.4018 0.2794
vn 0.8678 0.3775 0.3231
vn -0.0028 0.9978 0.0662
vn 0.8405 0.5224 0.1439
vn 0.7275 0.6689 0.1527
vn -0.4500 -0.8837 -0.1291
vn 0.4228 0.9058 0.0271
vn 0.3769 0.9262 0.0132
vn -0.1841 0.9828 0.0125
vn -0.0070 -0.9491 -0.3149
vn -0.5501 0.7519 0.3633
vn -0.5289 0.7153 0.4567
vn -0.1125 -0.8678 -0.4839
vn -0.9918 -0.1122 -0.0612
vn -0.3744 -0.8562 0.3561
vn -0.6645 0.4161 0.6207
vn -0.5974 0.3960 0.6973
vn 0.1250 -0.9894 -0.0738
vn 0.9935 0.0433 -0.1056
vn 0.8692 -0.2908 -0.3999
vn 0.1534 -0.9394 -0.3064
vn 0.6360 0.4361 0.6367
vn 0.5973 0.3995 0.6955
vn -0.9427 0.0071 -0.3337
vn 0.5910 0.7592 -0.2725
vn -0.4997 0.4389 0.7468
vn -0.5437 0.2254 0.8084
vn 0.3462 -0.9371 0.0456
vn 0.3579 -0.9335 0.0205
vn 0.9372 0.2283 -0.2638
vn 0.9661 0.2156 -0.1418
vn 0.0283 0.9963 -0.0809
vn 0.0247 0.9884 -0.1499
vn -0.9775 0.0586 -0.2028
vn -0.9760 0.0182 -0.2172
vn 0.7387 0.4347 0.5151
vn -0.7768 0.2230 -0.5889
vn -0.7802 0.2356 -0.5794
vn -0.9212 0.0797 -0.3808
vn -0.6157 0.7430 -0.2624
vn -0.4157 -0.3641 -0.8335
vn 0.0541 -0.1201 -0.9913
vn -0.0038 -0.9974 -0.0726
vn -0.9691 0.1132 -0.2192
vn -0.9626 0.1928 -0.1905
vn 0.9365 0.2510 0.2447
vn 0.9318 0.2481 0.2648
vn 0.2252 0.9628 0.1494
vn -0.3644 0.1698 -0.9156
vn -0.7687 0.6395 0.0111
vn -0.7557 0.6525 0.0561
vn -0.5819 -0.7006 0.4130
vn -0.6500 -0.6199 0.4395
vn 0.8919 0.4220 0.1625
vn 0.5076 0.8421 0.1824
vn 0.0436 0.9960 0.0784
vn -0.6697 0.7421 -0.0279
vn 0.5332 0.8454 -0.0303
vn -0.2423 0.9375 -0.2498
vn -0.2094 0.9479 -0.2399
vn -0.3956 0.9184 -0.0073
vn -0.3944 0.9189 0.0042
vn 0.0021 -0.9996 -0.0297
vn 0.5538 -0.5925 0.5850
vn -0.9872 -0.0014 0.1597
vn -0.5114 0.8519 0.1130
vn 0.0101 0.9970 0.0763
vn -0.2242 -0.9468 0.2310
vn -0.2520 -0.9386 0.2355
vn -0.9495 0.3124 0.0277
vn -1.0000 0.0000 0.0000
vn 0.0467 0.9635 -0.2638
vn 0.1157 0.9629 -0.2436
vn -0.9840 0.1782 0.0034
vn -0.0564 0.9695 -0.2384
vn -0.4432 0.8705 -0.2140
vn -0.4508 0.8768 0.1675
vn -0.4923 0.8491 0.1915
vn 0.0156 0.9572 -0.2892
vn -0.4073 0.8673 -0.2862
vn 0.6981 0.4751 0.5357
vn 0.6925 0.5183 0.5019
vn 0.4322 0.9018 0.0060
vn 0.2320 0.9714 0.0500
vn -0.2735 -0.7912 -0.5470
vn -0.7122 0.0318 -0.7013
vn 0.8364 0.5467 -0.0402
vn 0.9217 0.3675 -0.1245
vn -0.7930 0.1450 -0.5917
vn -0.5802 0.8117 0.0670
vn -0.0352 0.9436 0.3291
vn -0.0972 0.9823 -0.1598
vn -0.0977 0.9858 -0.1364
vn -0.8373 0.5424 0.0691
vn 0.2389 0.9708 -0.0222
vn 0.4182 -0.0555 0.9066
vn -0.5000 0.3943 -0.7710
vn 0.9201 0.1784 -0.3487
vn 0.9120 -0.0748 -0.4033
vn 0.5691 0.7874 -0.2370
vn 0.8641 0.4641 -0.1947
vn -0.4336 0.7219 -0.5393
vn -0.4371 0.3811 -0.8146
vn -0.3418 0.9006 0.2684
vn -0.4087 0.0638 -0.9105
vn 0.9262 0.3116 -0.2121
vn 0.9277 0.3602 -0.0980
vn 0.0514 0.9877 -0.1480
vn -0.0024 0.9999 0.0162
vn -0.9999 -0.0116 0.0016
vn 0.0164 0.8549 0.5185
vn -0.8673 0.4959 -0.0432
vn -0.8794 0.4533 -0.1455
vn -0.1218 -0.9877 -0.0976
vn -0.0305 0.9009 -0.4330
vn 0.7803 0.5635 -0.2713
vn -0.2502 0.9676 -0.0354
vn 0.1675 0.9823 -0.0833
vn 0.3328 0.9422 0.0384
vn 0.1378 0.9904 0.0086
vn -0.6160 0.7814 0.1000
vn -0.7000 0.7111 0.0653
vn -0.3289 0.1680 -0.9293
vn 0.4058 0.9140 -0.0018
vn 0.9932 0.0516 -0.1046
vn 0.1438 0.9496 -0.2785
vn 0.5962 0.7999 0.0683
vn 0.5861 0.8095 0.0357
vn -0.0551 -0.9913 0.1199
vn 0.1113 0.9830 -0.1461
vn 0.3884 0.9094 -0.1488
vn 0.2722 0.9069 -0.3216
vn 0.3753 0.6808 -0.6290
vn -0.2590 0.9236 0.2828
vn -0.3590 0.8934 0.2701
vn -0.7397 -0.0196 -0.6727
vn -0.2759 -0.8431 -0.4616
vn -0.4312 0.7372 0.5202
vn -0.5928 0.6322 0.4989
vn -0.2967 0.9427 -0.1529
vn -0.3529 0.9239 -0.1477
vn 0.9928 -0.0944 -0.0741
vn 0.9684 -0.0884 -0.2331
vn -0.3826 0.6455 0.6610
vn -0.3818 0.7129 0.5882
vn -0.0806 0.9867 -0.1413
vn 0.0044 0.9980 0.0636
vn -0.9898 0.1407 -0.0213
vn -0.9896 0.1348 -0.0493
vn 0.0010 -0.9996 -0.0273
vn -0.9897 0.1304 0.0594
vn -0.9896 0.1121 0.0901
vn -0.0073 -0.9924 -0.1225
vn -0.2888 -0.6134 -0.7351
vn 0.0782 -0.9962 -0.0391
vn 0.0048 -0.9980 -0.0629
vn 0.9865 0.1620 0.0223
vn -0.2123 0.9650 -0.1539
vn 0.2101 -0.8640 0.4576
vn 0.0315 -0.9976 -0.0622
vn -0.9502 -0.1961 -0.2421
vn -0.9691 -0.0475 -0.2420
vn -0.5351 0.7901 0.2992
vn 0.9724 -0.1835 -0.1441
vn 0.7418 -0.2030 -0.6392
vn 0.8117 0.5836 0.0234
vn 0.6556 0.0475 -0.7537
vn -0.9980 -0.0500 -0.0379
vn 0.1677 0.5856 0.7931
vn 0.0207 0.9514 -0.3074
vn 0.0674 0.8707 0.4872
vn 0.0524 0.9599 0.2753
vn -0.2221 0.8836 0.4123
vn -0.2150 0.9091 0.3569
vn 0.2537 0.9352 -0.2470
vn 0.4515 0.8552 -0.2545
vn 0.6900 -0.6043 -0.3985
vn -0.2928 -0.6724 -0.6799
vn -0.0383 0.9952 0.0903
vn 0.0047 -0.9980 -0.0628
vn 0.1984 -0.9801 -0.0033
vn 0.9525 -0.1760 0.2486
vn 0.9966 -0.0810 0.0174
vn 0.2561 -0.9493 0.1824
vn 0.7840 0.4413 0.4366
vn -0.3942 -0.9010 -0.1814
vn 0.0000 -0.9996 -0.0289
vn -0.3968 0.0643 -0.9156
vn -0.0668 0.9917 -0.1097
vn -0.8658 0.3404 -0.3668
vn -0.8811 0.2338 -0.4110
vn -0.3925 0.0616 -0.9177
vn -0.3483 -0.9116 0.2186
vn 0.0000 -0.9819 0.1895
vn 0.7508 0.6534 0.0974
vn 0.5938 0.7952 0.1230
vn 0.1465 -0.9796 0.1376
vn 0.7177 -0.3773 0.5853
vn -0.6172 0.4619 0.6370
vn -0.6267 0.5122 0.5873
vn -0.1832 -0.8429 -0.5059
vn 0.0056 -0.9990 -0.0443
vn 0.4236 -0.1547 0.8925
vn 0.3950 0.4617 0.7943
vn -0.0650 0.9961 0.0590
vn -0.9828 0.1827 -0.0269
vn -0.8925 0.4423 -0.0881
vn -0.0092 0.9937 -0.1118
vn -0.0066 0.9980 0.0629
vn -0.7232 0.5235 0.4506
vn -0.5759 0.6502 0.4955
vn -0.1763 0.9469 -0.2690
vn 0.6332 0.6578 0.4078
vn 0.6387 0.6217 0.4534
vn 0.6161 -0.7186 0.3225
vn 0.8396 0.1726 0.5151
vn -0.7737 0.5517 -0.3114
vn -0.7509 0.6561 -0.0752
vn -0.2983 0.6617 0.6879
vn -0.2879 0.6044 0.7428
vn -0.7053 0.4389 -0.5567
vn -0.4997 0.8511 0.1609
vn 0.7131 0.6997 0.0446
vn 0.7149 0.6936 0.0891
vn -0.1205 0.9674 -0.2228
vn 0.4277 0.8810 -0.2020
vn 0.0140 -0.9983 -0.0571
vn 0.0113 0.9770 0.2131
vn 0.2380 0.9706 0.0343
vn 0.3402 0.9403 -0.0057
vn -0.6133 0.5260 0.5892
vn -0.7269 0.3568 0.5868
vn -0.4129 0.8658 -0.2826
vn -0.5054 0.7169 0.4801
vn 0.0133 -0.9983 -0.0559
vn 0.3981 -0.4871 0.7773
vn -0.2520 0.9144 -0.3167
vn -0.4911 0.5776 -0.6521
vn 0.7793 0.5936 0.2009
vn 0.8042 0.5594 0.2009
vn 0.6770 0.7359 -0.0154
vn 0.7893 0.6139 -0.0134
vn -0.7814 0.5639 0.2674
vn -0.2268 0.9531 -0.2002
vn -0.0905 0.8776 0.4707
vn -0.0938 0.8301 0.5496
vn 0.6547 0.7527 0.0697
vn 0.6549 0.7470 0.1145
vn -0.0443 0.9912 -0.1246
vn -0.0803 0.9892 -0.1223
vn -0.8522 0.0063 0.5232
vn 0.9719 0.0767 0.2226
vn 0.9093 0.3755 0.1794
vn 0.5083 -0.8560 -0.0948
vn 0.9926 0.0383 -0.1149
vn -0.3914 0.9201 0.0146
vn -0.3784 0.9235 0.0625
vn 0.9974 0.0680 -0.0226
vn 0.0413 0.9592 -0.2796
vn 0.2735 0.3527 -0.8949
vn 0.9149 0.3963 -0.0765
vn 0.3961 0.6392 0.6592
vn 0.3916 0.5357 0.7481
vn 0.0370 0.3254 0.9448
vn 0.1376 0.3576 0.9237
vn -0.0507 0.9980 -0.0364
vn 0.5480 0.7944 0.2620
vn -0.0638 0.9032 0.4244
vn -0.0057 0.9832 -0.1824
vn 0.4358 -0.1809 0.8817
vn 0.1137 0.1125 0.9871
vn -0.0095 -0.9936 -0.1127
vn -0.7471 0.1586 0.6455
vn -0.4945 -0.7629 0.4164
vn -0.1164 -0.8915 0.4378
vn -0.1132 0.9787 -0.1711
vn 0.5253 0.8497 -0.0459
vn -0.2672 0.9632 0.0280
vn -0.3029 0.7167 -0.6281
vn -0.8892 -0.4531 0.0633
vn -0.0625 -0.9930 -0.1000
vn -0.0563 -0.9933 -0.1014
vn 0.5107 0.8263 -0.2376
vn 0.9061 0.2148 -0.3644
vn -0.8976 0.4404 0.0207
vn -0.6718 0.6376 -0.3770
vn -0.1371 0.8938 -0.4269
vn 0.7101 -0.1330 -0.6914
vn 0.3438 0.7655 0.5439
vn 0.4315 0.1862 0.8827
vn 0.9659 0.2378 -0.1025
vn 0.0556 0.9958 0.0729
vn 0.0804 -0.9916 0.1018
vn 0.2345 -0.9472 0.2187
vn 0.1438 0.8235 0.5487
vn 0.1348 0.8907 0.4341
vn 0.8845 0.4156 0.2121
vn 0.7865 0.5956 0.1632
vn 0.0098 0.9985 0.0535
vn 0.9819 0.1895 0.0064
vn -0.0193 -0.9998 0.0021
vn -0.1265 -0.9886 0.0812
vn -0.5427 0.8029 0.2467
vn 0.8045 0.3660 0.4678
vn 0.7457 0.4401 0.5002
vn -0.5070 0.4705 0.7222
vn -0.5095 0.5357 0.6734
vn 0.9652 0.2614 0.0034
vn 0.6868 0.7199 -0.1007
vn -0.5934 0.7872 0.1681
vn -0.6708 0.7196 0.1795
vn -0.9656 -0.2214 0.1367
vn -0.6482 -0.5036 -0.5712
vn -0.7666 0.0117 -0.6420
vn -0.9141 0.4022 -0.0512
vn -0.8390 0.5075 0.1960
vn -0.5491 0.0209 -0.8355
vn -0.2994 0.9475 -0.1120
vn -0.3002 0.9492 -0.0938
vn 0.4365 0.8659 0.2441
vn 0.4318 0.7794 0.4540
vn -0.1639 0.8670 0.4707
vn -0.1585 0.8966 0.4135
vn -0.5218 -0.2021 -0.8288
vn -0.0279 0.7855 0.6182
vn -0.7110 -0.1094 -0.6947
vn 0.8283 0.1088 0.5496
vn 0.6453 -0.6527 0.3969
vn 0.5530 0.8268 0.1030
vn 0.8666 0.4881 0.1041
vn 0.9405 0.0445 -0.3369
vn 0.8880 0.0599 -0.4559
vn 0.9957 -0.0757 -0.0525
vn 0.0238 -0.2184 -0.9756
vn -0.7867 -0.5103 -0.3473
vn -0.6680 -0.2109 -0.7137
vn -0.8755 -0.4831 -0.0108
vn 0.1992 -0.9742 0.1065
vn 0.2742 -0.9569 0.0959
vn -0.7486 0.3418 -0.5681
vn -0.3923 0.5442 -0.7415
vn -0.2620 0.8946 -0.3620
vn 0.2623 0.7368 0.6232
vn -0.6872 0.0713 0.7230
vn -0.7942 0.3377 0.5052
vn -0.1797 -0.9670 0.1806
vn 0.5656 0.5574 0.6077
vn 0.5711 0.5036 0.6483
vn 0.4473 0.8664 0.2219
vn 0.3555 0.8435 0.4027
vn 0.3471 0.8667 0.3582
vn -0.7425 -0.6562 0.1346
vn -0.3440 -0.9210 0.1828
vn 0.8561 0.0097 -0.5168
vn 0.8977 0.0077 -0.4406
vn -0.6430 0.6502 0.4046
vn -0.6735 0.6168 0.4075
vn 0.4378 0.8677 -0.2353
vn 0.9980 0.0535 -0.0321
vn 0.0358 0.9510 0.3071
vn 0.1835 0.9347 0.3043
vn -0.2381 0.6686 0.7045
vn -0.2330 0.7691 0.5951
vn 0.8250 -0.5074 0.2489
vn -0.7402 0.6715 -0.0332
vn -0.7671 0.6244 -0.1474
vn -0.9889 0.1482 0.0041
vn -0.9609 0.2768 -0.0103
vn -0.8334 -0.5525 0.0138
vn -0.9932 -0.0045 0.1166
vn 0.1505 -0.8966 -0.4165
vn 0.0150 0.9874 0.1573
vn -0.9501 0.1221 0.2871
vn 0.0000 -0.9982 -0.0600
vn -0.2347 0.9680 -0.0894
vn -0.2340 0.9701 -0.0649
vn -0.9760 -0.0439 0.2132
vn -0.5164 0.5850 0.6254
vn -0.8593 0.4498 0.2433
vn -0.9083 0.4183 -0.0071
vn -0.7358 0.0917 0.6710
vn -0.0691 -0.9971 0.0304
vn -0.1246 0.3486 0.9289
vn -0.1295 0.0546 0.9901
vn -0.5809 -0.0968 -0.8082
vn -0.4528 -0.1006 -0.8859
vn 0.0249 0.9996 0.0150
vn -0.3597 0.4729 -0.8043
vn -0.9318 0.3556 -0.0726
vn 0.0234 -0.0376 -0.9990
vn 0.9885 0.1507 -0.0143
vn -0.2886 0.7960 -0.5321
vn -0.5141 0.8235 -0.2397
vn -0.3497 -0.9294 0.1176
vn -0.3542 -0.9295 0.1028
vn -0.0533 -0.8963 0.4402
vn -0.0327 -0.9661 0.2561
vn 0.2785 -0.9585 -0.0617
vn -0.4658 0.0336 -0.8843
vn 0.9186 -0.3934 -0.0362
vn -0.0204 0.9969 -0.0757
vn -0.0571 0.9945 -0.0876
vn -0.1682 -0.9626 0.2124
vn 0.5993 -0.7671 0.2288
vn 0.9646 0.0414 0.2603
vn 0.9662 -0.0349 0.2553
vn 0.0529 -0.9802 -0.1911
vn 0.0328 -0.9862 -0.1625
vn -0.3857 0.0291 -0.9221
vn -0.3868 -0.0405 -0.9213
vn -0.4113 0.9115 0.0087
vn 0.1923 0.9812 -0.0127
vn 0.9251 0.3786 -0.0284
vn -0.7581 0.6464 0.0865
vn -0.6075 0.7930 0.0453
vn -0.2220 0.9736 0.0530
vn -0.3747 0.6371 -0.6735
vn -0.8807 0.4530 0.1382
vn -0.8810 0.4530 0.1366
vn -0.9542 0.0678 0.2915
vn -0.9567 0.0781 0.2804
vn 0.3350 0.1516 0.9299
vn 0.0177 0.8272 0.5616
vn -0.9936 0.1053 -0.0409
vn -0.2736 0.9599 -0.0607
vn 0.1791 -0.9796 -0.0916
vn 0.1656 -0.9837 -0.0704
vn 0.4203 -0.0521 0.9059
vn -0.1966 -0.9582 0.2080
vn -0.3292 0.8988 -0.2896
vn -0.3853 0.8860 -0.2581
vn -0.0778 0.9801 -0.1829
vn 0.5171 0.8374 -0.1768
vn -0.6500 0.0714 -0.7566
vn -0.9689 0.0170 -0.2468
vn 0.3175 0.9471 0.0475
vn 0.1463 0.9877 0.0549
vn 0.7026 0.1135 0.7025
vn -0.4077 0.0612 -0.9110
vn -0.3466 -0.7997 0.4902
vn -0.5390 0.0329 0.8417
# 3671 vertex normals

o Mouse
g Mouse
usemtl Material_002
s off
f 1//1 2//1 3//1 
f 4//2 5//2 6//2 
f 7//3 8//3 9//3 
f 10//4 11//4 12//4 
f 13//5 14//5 15//5 
f 11//6 16//6 17//6 
f 18//7 19//7 20//7 
f 21//8 22//8 23//8 
f 24//9 25//9 26//9 
f 27//10 28//10 29//10 
f 30//11 31//11 32//11 
f 33//12 34//12 35//12 
f 36//13 6//13 37//13 
f 38//14 39//14 40//14 
f 41//15 6//15 36//15 
f 42//16 43//16 44//16 
f 45//17 46//17 47//17 
f 48//18 49//18 50//18 
f 16//19 11//19 51//19 
f 52//20 53//20 54//20 
f 55//21 56//21 57//21 
f 58//22 59//22 60//22 
f 61//23 62//23 63//23 
f 64//24 65//24 66//24 
f 67//25 68//25 69//25 
f 70//26 71//26 72//26 
f 73//27 74//27 75//27 
f 75//28 74//28 76//28 
f 77//29 78//29 79//29 
f 80//30 35//30 81//30 
f 82//31 83//31 84//31 
f 83//32 85//32 84//32 
f 86//33 87//33 88//33 
f 89//34 90//34 91//34 
f 92//35 93//35 94//35 
f 95//36 96//36 97//36 
f 98//37 99//37 100//37 
f 101//38 102//38 103//38 
f 104//39 105//39 106//39 
f 107//40 108//40 109//40 
f 110//41 111//41 112//41 
f 113//42 114//42 115//42 
f 116//43 4//43 117//43 
f 118//44 119//44 116//44 
f 120//45 121//45 122//45 
f 123//46 124//46 125//46 
f 12//47 126//47 10//47 
f 127//48 128//48 129//48 
f 130//49 131//49 132//49 
f 133//50 134//50 135//50 
f 44//51 43//51 136//51 
f 137//52 16//52 51//52 
f 138//53 139//53 140//53 
f 141//54 142//54 143//54 
f 144//55 145//55 146//55 
f 147//56 148//56 149//56 
f 150//57 151//57 152//57 
f 153//58 154//58 155//58 
f 156//59 157//59 158//59 
f 159//60 160//60 161//60 
f 162//61 163//61 164//61 
f 165//62 166//62 167//62 
f 168//63 169//63 170//63 
f 171//64 172//64 173//64 
f 174//65 175//65 157//65 
f 176//66 177//66 178//66 
f 179//67 180//67 181//67 
f 182//68 183//68 184//68 
f 185//69 186//69 187//69 
f 188//70 189//70 190//70 
f 191//71 192//71 193//71 
f 194//72 195//72 196//72 
f 197//73 198//73 199//73 
f 200//74 201//74 202//74 
f 203//75 204//75 205//75 
f 206//76 207//76 208//76 
f 209//77 210//77 211//77 
f 44//78 212//78 213//78 
f 62//79 214//79 215//79 
f 216//80 217//80 218//80 
f 219//81 220//81 221//81 
f 222//82 223//82 224//82 
f 35//83 225//83 81//83 
f 226//84 227//84 40//84 
f 228//85 229//85 230//85 
f 231//86 232//86 233//86 
f 234//87 235//87 236//87 
f 144//88 237//88 238//88 
f 239//89 240//89 241//89 
f 242//90 243//90 244//90 
f 234//91 236//91 245//91 
f 246//92 247//92 248//92 
f 249//93 250//93 251//93 
f 191//94 252//94 192//94 
f 253//95 254//95 255//95 
f 256//96 257//96 258//96 
f 259//97 260//97 261//97 
f 262//98 263//98 264//98 
f 265//99 266//99 267//99 
f 268//100 269//100 270//100 
f 58//101 271//101 59//101 
f 182//102 272//102 183//102 
f 273//103 211//103 274//103 
f 275//104 276//104 277//104 
f 278//105 279//105 280//105 
f 281//106 282//106 283//106 
f 284//107 285//107 286//107 
f 287//108 288//108 289//108 
usemtl Material__31744
f 290//109 291//109 292//109 
usemtl Material_002
f 293//110 294//110 295//110 
f 296//111 297//111 298//111 
f 299//112 300//112 301//112 
f 302//113 303//113 304//113 
f 305//114 306//114 307//114 
f 305//115 307//115 308//115 
f 302//116 304//116 309//116 
f 310//117 311//117 312//117 
f 16//118 313//118 17//118 
f 314//119 315//119 316//119 
f 317//120 318//120 82//120 
f 319//121 320//121 321//121 
f 113//122 322//122 323//122 
f 324//123 325//123 326//123 
f 327//124 328//124 329//124 
f 330//125 42//125 329//125 
f 188//126 331//126 189//126 
f 332//127 333//127 334//127 
f 335//128 336//128 337//128 
f 338//129 339//129 340//129 
f 341//130 342//130 343//130 
f 344//131 345//131 346//131 
f 347//132 348//132 349//132 
f 350//133 351//133 352//133 
f 353//134 354//134 355//134 
f 356//135 357//135 6//135 
f 256//136 258//136 358//136 
f 259//137 359//137 260//137 
f 360//138 361//138 362//138 
f 363//139 364//139 365//139 
f 366//140 367//140 368//140 
f 12//141 11//141 81//141 
f 369//142 370//142 371//142 
f 369//143 371//143 372//143 
f 159//144 373//144 160//144 
f 374//145 375//145 376//145 
f 377//146 378//146 379//146 
f 380//147 381//147 382//147 
f 23//148 22//148 383//148 
f 140//149 384//149 138//149 
f 385//150 386//150 387//150 
f 388//151 389//151 390//151 
f 247//152 246//152 391//152 
f 392//153 393//153 69//153 
f 65//154 394//154 66//154 
f 395//155 396//155 397//155 
f 398//156 399//156 400//156 
f 378//157 401//157 379//157 
f 402//158 278//158 280//158 
f 70//159 403//159 404//159 
f 405//160 80//160 81//160 
f 406//161 407//161 408//161 
f 231//162 409//162 232//162 
f 338//163 410//163 339//163 
f 411//164 159//164 161//164 
f 412//165 413//165 414//165 
f 415//166 416//166 417//166 
f 418//167 419//167 224//167 
f 420//168 421//168 98//168 
f 422//169 423//169 52//169 
f 424//170 425//170 426//170 
f 427//171 428//171 429//171 
f 430//172 431//172 429//172 
f 195//173 432//173 196//173 
f 433//174 46//174 434//174 
f 435//175 436//175 437//175 
f 438//176 439//176 440//176 
f 441//177 442//177 443//177 
f 444//178 445//178 446//178 
f 447//179 448//179 449//179 
f 4//180 450//180 451//180 
f 452//181 453//181 454//181 
f 455//182 456//182 457//182 
f 458//183 459//183 460//183 
f 461//184 119//184 462//184 
f 438//185 463//185 439//185 
f 435//186 437//186 464//186 
f 465//187 466//187 467//187 
f 468//188 469//188 470//188 
f 471//189 472//189 473//189 
f 474//190 475//190 476//190 
f 477//191 478//191 479//191 
f 480//192 481//192 482//192 
f 483//193 484//193 485//193 
f 486//194 487//194 488//194 
f 80//195 489//195 35//195 
f 341//196 490//196 342//196 
f 491//197 344//197 346//197 
usemtl Material__31744
f 492//198 493//198 494//198 
usemtl Material_002
f 1//199 495//199 496//199 
f 497//200 498//200 499//200 
f 500//201 501//201 502//201 
f 10//202 378//202 11//202 
f 259//203 261//203 503//203 
f 504//204 505//204 506//204 
f 507//205 508//205 509//205 
f 510//206 511//206 512//206 
f 340//207 513//207 514//207 
f 515//208 93//208 516//208 
f 517//209 518//209 519//209 
f 520//210 521//210 522//210 
f 523//211 328//211 327//211 
f 524//212 408//212 525//212 
f 110//213 526//213 111//213 
f 527//214 528//214 32//214 
f 168//215 529//215 169//215 
f 530//216 117//216 531//216 
f 351//217 350//217 513//217 
f 310//218 532//218 311//218 
f 533//219 534//219 535//219 
f 536//220 537//220 538//220 
f 539//221 540//221 541//221 
f 542//222 543//222 544//222 
f 200//223 545//223 201//223 
f 546//224 547//224 548//224 
f 364//225 466//225 465//225 
f 549//226 550//226 551//226 
f 549//227 320//227 319//227 
f 552//228 553//228 554//228 
f 141//229 143//229 555//229 
f 556//230 557//230 558//230 
f 557//231 559//231 560//231 
f 561//232 562//232 563//232 
f 564//233 565//233 566//233 
f 567//234 568//234 569//234 
f 570//235 571//235 572//235 
f 573//236 574//236 575//236 
f 471//237 473//237 576//237 
f 577//238 578//238 579//238 
f 580//239 284//239 286//239 
f 30//240 581//240 31//240 
f 582//241 583//241 584//241 
f 583//242 585//242 584//242 
f 586//243 587//243 588//243 
f 277//244 276//244 589//244 
f 36//245 590//245 41//245 
f 591//246 592//246 593//246 
f 594//247 572//247 595//247 
f 596//248 597//248 598//248 
f 385//249 599//249 386//249 
f 600//250 601//250 602//250 
f 603//251 604//251 605//251 
f 559//252 606//252 607//252 
f 558//253 608//253 556//253 
f 609//254 610//254 611//254 
f 612//255 613//255 614//255 
f 615//256 616//256 617//256 
f 618//257 619//257 620//257 
f 621//258 208//258 207//258 
f 622//259 623//259 624//259 
f 625//260 626//260 627//260 
f 497//261 499//261 628//261 
usemtl Material__31744
f 492//262 629//262 493//262 
usemtl Material_002
f 630//263 61//263 63//263 
f 631//264 632//264 633//264 
f 576//265 634//265 635//265 
f 636//266 637//266 638//266 
f 104//267 639//267 640//267 
f 641//268 642//268 643//268 
f 644//269 645//269 646//269 
f 461//270 4//270 116//270 
f 647//271 648//271 649//271 
f 650//272 651//272 652//272 
f 653//273 654//273 655//273 
f 655//274 244//274 243//274 
f 39//275 656//275 657//275 
f 455//276 457//276 658//276 
f 659//277 660//277 661//277 
f 662//278 663//278 664//278 
f 665//279 666//279 97//279 
f 246//280 667//280 668//280 
usemtl Material__31744
f 669//281 670//281 671//281 
usemtl Material_002
f 672//282 673//282 12//282 
f 674//283 675//283 676//283 
f 481//284 677//284 678//284 
f 679//285 680//285 681//285 
f 682//286 683//286 684//286 
f 602//287 685//287 686//287 
f 687//288 688//288 689//288 
f 690//289 691//289 692//289 
f 540//290 693//290 694//290 
f 695//291 694//291 696//291 
f 697//292 698//292 699//292 
f 700//293 701//293 702//293 
f 703//294 442//294 441//294 
f 704//295 705//295 467//295 
f 362//296 706//296 707//296 
f 708//297 709//297 298//297 
f 558//298 710//298 608//298 
f 559//299 607//299 711//299 
f 604//300 603//300 712//300 
f 609//301 611//301 712//301 
usemtl Material__31744
f 713//302 290//302 292//302 
usemtl Material_002
f 406//161 714//161 407//161 
f 715//303 167//303 166//303 
f 716//304 717//304 718//304 
f 504//305 719//305 505//305 
f 256//306 720//306 721//306 
f 722//307 723//307 247//307 
f 724//308 725//308 726//308 
f 597//309 727//309 598//309 
f 474//310 476//310 728//310 
f 264//311 263//311 729//311 
f 452//312 730//312 453//312 
f 731//313 732//313 733//313 
f 734//314 162//314 735//314 
f 736//315 87//315 86//315 
usemtl Material__31744
f 737//316 738//316 739//316 
f 740//317 741//317 742//317 
usemtl Material_002
f 343//318 743//318 744//318 
f 344//319 745//319 746//319 
f 150//320 747//320 151//320 
f 748//321 280//321 279//321 
f 749//322 750//322 751//322 
f 330//323 329//323 752//323 
f 332//324 753//324 333//324 
f 378//325 10//325 126//325 
f 378//326 754//326 401//326 
f 755//327 616//327 756//327 
f 757//328 758//328 759//328 
f 760//329 761//329 762//329 
f 335//330 337//330 763//330 
f 764//331 765//331 766//331 
f 198//332 767//332 768//332 
f 197//333 769//333 770//333 
f 771//334 772//334 773//334 
f 774//335 775//335 776//335 
f 777//336 778//336 779//336 
f 757//337 759//337 780//337 
f 682//338 781//338 683//338 
f 782//339 783//339 784//339 
f 785//340 786//340 787//340 
f 788//341 244//341 789//341 
f 790//342 791//342 792//342 
f 793//343 794//343 795//343 
f 796//344 797//344 798//344 
f 799//345 800//345 801//345 
f 802//346 803//346 804//346 
f 805//347 806//347 807//347 
f 701//348 700//348 808//348 
f 688//349 687//349 809//349 
f 810//350 811//350 812//350 
f 246//351 668//351 391//351 
f 724//352 726//352 813//352 
f 814//353 815//353 816//353 
f 444//354 817//354 445//354 
f 818//355 819//355 820//355 
f 821//356 822//356 412//356 
f 823//357 824//357 825//357 
f 826//358 827//358 828//358 
f 829//359 830//359 831//359 
f 340//360 339//360 513//360 
f 353//361 355//361 832//361 
f 833//362 834//362 835//362 
f 536//363 588//363 836//363 
f 107//364 109//364 837//364 
f 564//365 566//365 838//365 
f 839//366 840//366 841//366 
f 840//367 306//367 585//367 
f 842//368 843//368 844//368 
f 845//369 846//369 847//369 
usemtl Material__31744
f 670//370 291//370 671//370 
usemtl Material_002
f 723//371 248//371 247//371 
f 525//372 557//372 524//372 
f 234//373 132//373 131//373 
f 848//374 849//374 815//374 
f 281//375 850//375 282//375 
f 851//376 852//376 853//376 
f 573//377 575//377 854//377 
f 855//378 856//378 857//378 
f 858//379 859//379 860//379 
f 861//380 322//380 113//380 
f 862//381 863//381 864//381 
f 865//382 866//382 867//382 
f 17//383 868//383 866//383 
f 866//384 254//384 253//384 
f 322//385 869//385 870//385 
f 582//386 871//386 583//386 
f 872//387 873//387 874//387 
f 219//388 221//388 875//388 
f 170//389 876//389 877//389 
f 447//390 878//390 879//390 
f 239//391 241//391 880//391 
f 881//392 882//392 883//392 
f 884//393 885//393 886//393 
f 887//394 888//394 793//394 
f 889//395 624//395 623//395 
f 890//396 891//396 892//396 
f 688//397 893//397 894//397 
f 895//398 896//398 897//398 
f 559//399 557//399 525//399 
f 898//400 899//400 900//400 
f 427//401 429//401 901//401 
f 259//203 503//203 902//203 
f 133//402 903//402 134//402 
f 904//403 905//403 906//403 
f 181//404 675//404 674//404 
f 907//405 908//405 909//405 
f 422//406 52//406 910//406 
f 911//407 601//407 600//407 
usemtl Material__31744
f 912//408 913//408 494//408 
usemtl Material_002
f 914//409 50//409 915//409 
f 916//410 917//410 918//410 
f 12//411 368//411 672//411 
f 919//412 920//412 921//412 
f 922//413 923//413 578//413 
f 924//414 923//414 922//414 
f 502//415 501//415 925//415 
f 926//416 927//416 928//416 
f 929//417 930//417 482//417 
f 931//418 932//418 933//418 
f 932//419 402//419 934//419 
f 935//420 936//420 937//420 
f 938//421 939//421 940//421 
f 941//422 828//422 942//422 
f 308//423 943//423 944//423 
f 943//424 945//424 946//424 
f 947//425 948//425 949//425 
f 950//426 857//426 856//426 
f 951//427 952//427 953//427 
f 954//428 955//428 956//428 
f 957//429 958//429 959//429 
f 760//430 960//430 761//430 
f 961//431 962//431 963//431 
f 964//432 98//432 100//432 
f 788//433 389//433 244//433 
f 242//434 244//434 389//434 
f 223//44 222//44 11//44 
f 965//435 966//435 967//435 
f 118//82 891//82 119//82 
f 700//436 702//436 968//436 
f 969//437 970//437 971//437 
f 972//438 394//438 65//438 
f 449//439 448//439 973//439 
f 293//440 295//440 974//440 
f 975//441 296//441 298//441 
f 940//442 976//442 938//442 
f 789//443 654//443 977//443 
f 978//444 979//444 980//444 
f 981//445 982//445 983//445 
f 984//446 985//446 923//446 
f 986//447 250//447 987//447 
f 782//448 784//448 77//448 
f 784//449 78//449 77//449 
f 275//450 988//450 276//450 
f 989//451 990//451 991//451 
f 992//452 993//452 994//452 
f 943//453 995//453 626//453 
f 995//454 996//454 626//454 
f 546//455 997//455 547//455 
f 998//456 999//456 1000//456 
f 1001//457 646//457 645//457 
f 1002//458 1003//458 1004//458 
f 900//459 1005//459 898//459 
f 151//460 1006//460 152//460 
f 592//461 1007//461 1008//461 
f 1009//462 1010//462 896//462 
f 1011//463 1010//463 1012//463 
f 137//464 1013//464 1014//464 
f 1015//465 478//465 477//465 
f 1016//466 1017//466 1018//466 
f 1019//467 1020//467 1021//467 
f 1022//468 1023//468 998//468 
f 1024//469 1025//469 1026//469 
f 771//470 1027//470 772//470 
f 1028//471 1029//471 1030//471 
f 1029//472 1031//472 1032//472 
f 1033//473 1034//473 751//473 
f 1035//474 877//474 876//474 
usemtl Material__31744
f 1036//475 1037//475 1038//475 
f 1039//476 1036//476 1040//476 
usemtl Material_002
f 1041//477 348//477 347//477 
f 1042//478 225//478 35//478 
f 1043//479 1044//479 1045//479 
f 1043//480 1046//480 1044//480 
f 1047//481 1048//481 1049//481 
f 411//482 161//482 1050//482 
f 411//483 822//483 1051//483 
f 1052//484 820//484 819//484 
f 907//485 909//485 1053//485 
f 13//486 1054//486 14//486 
f 715//487 1055//487 1056//487 
f 1011//488 1012//488 609//488 
f 556//489 1057//489 557//489 
f 734//490 735//490 1058//490 
f 1059//491 1060//491 121//491 
f 1033//492 663//492 876//492 
f 171//493 663//493 1061//493 
f 1062//494 1063//494 988//494 
f 1064//495 12//495 81//495 
f 1065//496 1066//496 1067//496 
f 1068//497 478//497 1069//497 
f 1070//498 640//498 1071//498 
f 1072//499 1073//499 225//499 
f 588//500 587//500 1074//500 
f 641//501 1075//501 642//501 
f 692//502 1076//502 690//502 
f 119//503 461//503 116//503 
f 1077//504 1078//504 1079//504 
f 1080//505 1081//505 1082//505 
f 1083//506 1084//506 1085//506 
f 105//507 1086//507 106//507 
f 1087//508 1088//508 1089//508 
f 1090//509 191//509 1088//509 
usemtl Material__31744
f 1091//510 739//510 1092//510 
usemtl Material_002
f 1093//511 795//511 1094//511 
f 1095//512 1096//512 865//512 
f 390//513 977//513 487//513 
f 1097//514 1098//514 1099//514 
f 239//515 1100//515 1101//515 
f 1102//516 1103//516 639//516 
f 1104//517 297//517 1105//517 
f 390//518 487//518 388//518 
f 1106//519 1107//519 534//519 
f 551//520 320//520 549//520 
f 486//521 488//521 1108//521 
f 1109//522 76//522 127//522 
f 839//523 841//523 996//523 
f 153//524 155//524 142//524 
f 1110//525 1111//525 1112//525 
f 1113//526 1114//526 1115//526 
f 522//527 1116//527 1117//527 
f 1118//528 1119//528 1120//528 
f 659//529 661//529 367//529 
f 1121//530 917//530 1122//530 
f 1123//531 511//531 510//531 
f 680//532 679//532 1124//532 
f 1125//533 691//533 6//533 
f 763//534 1126//534 354//534 
f 1127//535 1128//535 1129//535 
f 95//536 1130//536 1107//536 
f 1131//537 959//537 1132//537 
f 1133//538 1134//538 1135//538 
f 696//539 1136//539 1137//539 
f 1138//540 1139//540 1140//540 
f 1141//541 991//541 990//541 
f 789//542 977//542 788//542 
f 576//543 1142//543 634//543 
f 17//544 866//544 1143//544 
f 415//545 475//545 416//545 
f 1144//546 1145//546 1146//546 
f 343//547 1147//547 743//547 
f 1148//548 1149//548 951//548 
f 1150//549 1151//549 458//549 
f 1152//550 1153//550 206//550 
f 89//551 91//551 1154//551 
f 944//552 1155//552 308//552 
f 350//553 871//553 1156//553 
f 1157//554 1158//554 1072//554 
f 363//555 466//555 364//555 
f 363//556 705//556 704//556 
f 1159//557 621//557 1160//557 
f 1161//558 204//558 1162//558 
f 1163//559 1164//559 1165//559 
f 862//560 864//560 1166//560 
f 1167//561 1168//561 1169//561 
f 268//562 1170//562 269//562 
f 974//563 1171//563 1172//563 
f 1173//564 1174//564 1175//564 
usemtl Material__31744
f 1176//565 1177//565 1178//565 
usemtl Material_002
f 945//566 943//566 626//566 
f 476//567 1179//567 1180//567 
f 475//568 415//568 1181//568 
f 706//569 465//569 707//569 
f 1182//570 1183//570 1184//570 
f 1065//571 1067//571 1185//571 
f 708//572 1186//572 709//572 
f 374//573 1187//573 375//573 
f 160//574 373//574 1188//574 
f 256//575 721//575 1189//575 
usemtl Material__31744
f 1190//576 1191//576 1192//576 
f 671//577 291//577 1193//577 
usemtl Material_002
f 575//578 1194//578 1195//578 
f 1196//579 1197//579 1198//579 
f 1199//580 1118//580 1120//580 
f 1200//581 651//581 1201//581 
f 1202//582 1203//582 901//582 
usemtl Material__31744
f 1204//583 1205//583 1206//583 
f 493//584 1207//584 494//584 
usemtl Material_002
f 171//585 1061//585 172//585 
f 1208//586 777//586 779//586 
f 1209//587 177//587 1210//587 
f 818//588 1211//588 819//588 
f 1212//589 1213//589 1214//589 
f 1215//590 1216//590 561//590 
f 842//591 844//591 1217//591 
f 1218//592 1219//592 1220//592 
f 455//593 228//593 1221//593 
f 1222//594 1223//594 1215//594 
f 1224//595 1223//595 579//595 
f 24//596 1225//596 25//596 
f 158//597 1226//597 1227//597 
f 920//598 919//598 1228//598 
f 1229//599 211//599 1230//599 
f 577//600 579//600 1231//600 
f 1232//601 905//601 904//601 
f 1233//602 1068//602 1234//602 
f 1019//603 1021//603 1235//603 
f 6//604 357//604 531//604 
f 1219//605 1218//605 1236//605 
f 1237//606 1114//606 1238//606 
f 1239//607 1240//607 1241//607 
f 380//608 1242//608 1243//608 
f 440//609 1029//609 1028//609 
f 1244//610 1245//610 1246//610 
f 1247//611 509//611 508//611 
f 1248//612 1249//612 1250//612 
f 101//613 1251//613 102//613 
f 772//614 959//614 773//614 
f 1026//615 976//615 940//615 
f 1252//616 930//616 929//616 
f 1253//617 1254//617 1255//617 
f 464//618 1256//618 1257//618 
f 1031//619 1256//619 1032//619 
f 179//620 1258//620 1259//620 
f 45//621 552//621 1260//621 
f 1261//622 803//622 85//622 
f 849//623 282//623 850//623 
f 1262//624 841//624 840//624 
f 304//625 1263//625 309//625 
f 1264//626 627//626 1265//626 
f 1266//627 1267//627 1268//627 
f 324//628 1269//628 325//628 
f 1270//629 1271//629 1272//629 
f 1273//630 943//630 1274//630 
f 1275//631 1276//631 879//631 
f 500//632 1277//632 1278//632 
f 618//633 620//633 1279//633 
f 981//634 1280//634 982//634 
f 249//635 987//635 250//635 
f 1281//636 810//636 1282//636 
f 1158//637 1157//637 1064//637 
f 396//638 1283//638 397//638 
f 1284//639 614//639 892//639 
f 954//640 956//640 805//640 
f 344//641 490//641 745//641 
f 1285//642 888//642 1286//642 
f 594//643 1287//643 572//643 
f 1288//644 29//644 28//644 
f 1272//645 1271//645 1289//645 
f 770//646 1290//646 198//646 
f 197//647 1291//647 198//647 
f 592//648 1008//648 593//648 
f 1292//264 632//264 631//264 
f 1293//649 1294//649 1295//649 
f 1296//650 973//650 1297//650 
f 626//651 625//651 1298//651 
f 1299//652 847//652 543//652 
f 1095//653 1300//653 1096//653 
f 1301//654 866//654 868//654 
f 1302//655 1303//655 1304//655 
f 1305//656 1306//656 1307//656 
usemtl Material__31744
f 1308//657 1309//657 1310//657 
f 913//658 1311//658 494//658 
usemtl Material_002
f 1150//659 1312//659 1313//659 
f 1314//660 1315//660 192//660 
f 1013//661 377//661 379//661 
f 701//662 808//662 1316//662 
f 1317//663 736//663 1318//663 
f 1319//664 1320//664 1321//664 
f 430//665 1322//665 1323//665 
f 1249//666 1324//666 1250//666 
f 1325//667 1253//667 1255//667 
f 1326//668 1327//668 746//668 
f 746//669 345//669 344//669 
f 464//670 1257//670 1328//670 
f 805//671 807//671 1329//671 
f 679//672 1330//672 1331//672 
f 816//673 815//673 850//673 
f 1332//674 1333//674 1334//674 
f 665//675 1335//675 666//675 
f 1336//676 1337//676 521//676 
f 764//677 517//677 765//677 
f 1077//678 771//678 1078//678 
f 318//679 83//679 82//679 
f 1338//680 1339//680 1340//680 
f 1341//681 647//681 1342//681 
f 1343//682 1344//682 317//682 
f 1343//683 317//683 321//683 
f 763//684 354//684 353//684 
f 699//685 1345//685 1346//685 
f 1347//686 1290//686 770//686 
f 1348//687 1349//687 1223//687 
f 1350//688 1351//688 1352//688 
f 67//689 69//689 1353//689 
f 1354//690 178//690 177//690 
f 1355//691 379//691 401//691 
f 1356//692 650//692 1357//692 
f 1358//693 270//693 269//693 
f 153//694 1194//694 1359//694 
f 575//695 1360//695 1194//695 
f 160//696 1188//696 1361//696 
f 370//697 369//697 1362//697 
f 433//698 1363//698 139//698 
f 1196//699 854//699 1197//699 
f 1364//700 1016//700 1365//700 
f 1364//701 1366//701 1367//701 
f 1368//702 1369//702 1370//702 
f 1367//703 1366//703 1371//703 
f 1372//704 1373//704 1374//704 
f 1375//705 859//705 858//705 
f 44//706 1376//706 212//706 
f 653//707 488//707 654//707 
f 197//708 1377//708 769//708 
f 1378//709 1377//709 197//709 
usemtl Material__31744
f 669//710 1379//710 1192//710 
f 1380//711 1381//711 1037//711 
usemtl Material_002
f 885//712 1382//712 886//712 
f 885//713 367//713 1382//713 
f 1383//714 333//714 1384//714 
f 1134//715 1133//715 1385//715 
f 1264//716 128//716 627//716 
f 128//717 1386//717 627//717 
f 686//718 1387//718 1388//718 
f 685//719 1387//719 686//719 
f 589//720 276//720 1389//720 
f 1390//721 614//721 613//721 
f 791//722 1390//722 613//722 
f 937//723 1391//723 935//723 
f 98//724 1392//724 99//724 
f 120//725 1393//725 565//725 
f 1394//726 1122//726 917//726 
f 1395//727 874//727 1396//727 
f 221//728 220//728 1397//728 
f 1398//729 527//729 1399//729 
f 527//730 32//730 31//730 
f 1400//731 656//731 1401//731 
f 1402//732 40//732 1403//732 
f 1062//733 1404//733 1063//733 
f 45//734 1260//734 46//734 
f 194//735 196//735 1405//735 
f 1406//736 1407//736 528//736 
f 1408//737 204//737 1406//737 
f 942//738 1409//738 941//738 
f 842//739 1410//739 843//739 
f 697//740 1411//740 698//740 
f 1412//741 1413//741 1414//741 
f 258//742 1415//742 505//742 
f 748//743 1416//743 280//743 
f 89//744 1417//744 1418//744 
f 967//745 966//745 1419//745 
f 39//746 657//746 228//746 
f 228//747 657//747 229//747 
f 1340//748 1368//748 1370//748 
usemtl Material__31744
f 1420//749 1421//749 1422//749 
f 629//750 1204//750 493//750 
usemtl Material_002
f 1423//751 1424//751 369//751 
f 372//752 1423//752 369//752 
f 1425//753 1426//753 1427//753 
f 73//754 75//754 1428//754 
f 73//755 1429//755 1334//755 
f 1428//756 1430//756 73//756 
f 1424//757 1431//757 369//757 
f 749//758 1432//758 750//758 
f 1433//759 337//759 336//759 
f 482//760 930//760 1434//760 
f 822//761 413//761 412//761 
f 1093//762 1435//762 1436//762 
f 1437//763 1436//763 1438//763 
f 945//764 464//764 946//764 
f 946//765 973//765 448//765 
f 398//766 1439//766 1440//766 
f 1293//767 1441//767 1294//767 
f 1442//768 1443//768 155//768 
f 949//769 1444//769 947//769 
f 1079//770 1445//770 1446//770 
f 1282//771 1097//771 1281//771 
f 146//772 1447//772 144//772 
f 330//773 133//773 42//773 
f 1448//774 42//774 1449//774 
f 1450//775 949//775 948//775 
f 1451//776 1452//776 753//776 
f 380//777 1243//777 381//777 
usemtl Material__31744
f 713//778 1177//778 1453//778 
f 1454//779 1455//779 1456//779 
usemtl Material_002
f 430//780 1457//780 1458//780 
f 237//781 1100//781 238//781 
f 214//782 1459//782 215//782 
f 1023//783 1022//783 1004//783 
f 539//784 1460//784 1461//784 
f 1462//785 1445//785 1463//785 
f 1464//786 1465//786 1066//786 
f 398//787 1440//787 399//787 
f 1466//788 1467//788 1468//788 
f 1070//789 1071//789 1469//789 
f 858//790 1470//790 1471//790 
f 855//791 1472//791 210//791 
f 1473//792 1474//792 1475//792 
f 550//793 1476//793 1477//793 
f 1221//794 1469//794 1478//794 
f 490//795 341//795 745//795 
f 1326//796 1479//796 1327//796 
f 484//797 103//797 485//797 
f 1480//798 1481//798 1482//798 
f 1483//799 1484//799 1485//799 
f 1486//800 1247//800 1487//800 
f 266//801 125//801 124//801 
f 384//802 140//802 1488//802 
f 1489//803 46//803 1490//803 
f 618//804 1491//804 619//804 
f 30//805 32//805 1492//805 
f 539//806 1461//806 1493//806 
f 643//807 642//807 693//807 
f 1134//808 1494//808 894//808 
f 1495//809 60//809 445//809 
f 1496//810 1220//810 844//810 
f 338//811 1497//811 410//811 
f 355//812 834//812 832//812 
f 151//813 1498//813 1006//813 
f 576//814 1499//814 1142//814 
f 199//815 1500//815 376//815 
f 1225//816 24//816 373//816 
f 1501//817 720//817 1502//817 
f 358//818 258//818 505//818 
usemtl Material__31744
f 737//819 739//819 1091//819 
f 1311//820 492//820 494//820 
usemtl Material_002
f 522//821 1117//821 595//821 
f 522//822 595//822 572//822 
f 518//823 113//823 115//823 
f 1163//824 1166//824 1164//824 
f 1503//825 1504//825 1505//825 
f 1125//826 6//826 1506//826 
f 41//827 835//827 6//827 
f 1507//828 576//828 473//828 
f 470//829 800//829 799//829 
f 468//830 470//830 799//830 
f 1508//831 588//831 1074//831 
f 1509//832 588//832 1293//832 
f 1510//833 404//833 1511//833 
f 719//834 1512//834 1414//834 
f 1412//835 1414//835 1512//835 
f 533//836 535//836 1513//836 
f 1501//837 721//837 720//837 
f 719//838 1414//838 260//838 
f 1314//839 1514//839 1315//839 
f 1144//840 491//840 1145//840 
f 984//841 1515//841 985//841 
f 915//842 50//842 49//842 
f 1119//843 1516//843 1120//843 
f 1102//844 636//844 1103//844 
f 1478//845 1517//845 1518//845 
f 1519//846 952//846 951//846 
f 1520//847 1521//847 1472//847 
f 1520//848 1472//848 855//848 
f 1522//849 645//849 1462//849 
f 999//850 1523//850 1524//850 
f 1355//851 1525//851 379//851 
f 1395//852 1526//852 874//852 
f 1527//853 874//853 1526//853 
f 395//854 1528//854 1529//854 
f 59//855 241//855 240//855 
f 883//856 882//856 149//856 
f 1530//857 715//857 1056//857 
f 1531//858 286//858 285//858 
f 548//859 1532//859 1182//859 
f 547//860 1532//860 548//860 
f 578//861 1533//861 1534//861 
f 923//862 1535//862 1536//862 
f 601//863 1537//863 688//863 
f 733//864 732//864 1538//864 
f 1539//865 1540//865 1541//865 
f 716//866 718//866 1542//866 
f 1108//867 1543//867 486//867 
usemtl Material__31744
f 292//868 291//868 670//868 
f 1039//869 1544//869 1036//869 
usemtl Material_002
f 1433//870 691//870 1125//870 
f 1450//871 553//871 1545//871 
f 1546//872 852//872 851//872 
f 946//873 1112//873 1273//873 
f 1338//874 1547//874 1339//874 
f 1408//875 205//875 204//875 
f 216//876 218//876 1548//876 
f 802//877 194//877 803//877 
f 1549//878 1550//878 123//878 
f 1323//879 1551//879 1552//879 
f 500//880 64//880 1277//880 
f 1210//881 177//881 176//881 
f 347//882 349//882 1553//882 
f 1554//883 1238//883 1555//883 
f 1556//884 1557//884 1338//884 
f 1558//885 1559//885 1560//885 
f 104//886 106//886 1561//886 
f 1356//887 1357//887 648//887 
f 149//888 271//888 147//888 
f 425//889 1562//889 426//889 
f 251//890 1388//890 249//890 
f 1099//891 1098//891 809//891 
usemtl Material__31744
f 739//892 738//892 1563//892 
f 1309//893 742//893 1310//893 
usemtl Material_002
f 1564//894 311//894 532//894 
f 1465//895 761//895 1565//895 
f 1566//896 163//896 162//896 
f 1567//897 1568//897 1569//897 
f 315//898 1567//898 1569//898 
f 414//899 413//899 796//899 
f 796//900 798//900 18//900 
usemtl Material__31744
f 1570//901 741//901 740//901 
usemtl Material_002
f 1457//902 144//902 238//902 
f 1324//903 1249//903 1571//903 
usemtl Material__31744
f 1190//904 1572//904 1573//904 
usemtl Material_002
f 417//905 416//905 1574//905 
f 278//906 402//906 1575//906 
f 1237//907 1576//907 1577//907 
f 1008//908 1007//908 590//908 
f 590//909 182//909 184//909 
f 184//910 1578//910 590//910 
f 460//911 459//911 1579//911 
f 1580//912 1581//912 1582//912 
f 1583//913 841//913 1262//913 
f 1584//914 1585//914 958//914 
f 1586//915 1587//915 156//915 
f 1588//916 1209//916 1589//916 
f 1150//917 1313//917 1151//917 
f 1590//918 1246//918 1520//918 
f 1590//919 1591//919 1246//919 
f 299//920 1592//920 300//920 
f 655//921 243//921 653//921 
f 1350//922 1593//922 1351//922 
f 1594//923 591//923 1595//923 
f 593//924 1596//924 591//924 
f 1597//925 1404//925 1062//925 
f 1062//926 615//926 617//926 
f 1598//927 1599//927 1600//927 
f 1601//928 1602//928 1603//928 
f 518//929 115//929 1604//929 
f 1085//930 472//930 1083//930 
f 447//931 879//931 1605//931 
f 1606//932 589//932 587//932 
f 1607//933 597//933 1287//933 
f 1608//934 1609//934 1610//934 
f 904//935 579//935 1232//935 
f 829//936 951//936 830//936 
f 905//937 1611//937 1612//937 
f 1435//938 791//938 790//938 
f 1093//939 1094//939 1613//939 
f 153//940 1359//940 1614//940 
f 1233//941 1234//941 824//941 
f 823//942 299//942 824//942 
f 1273//943 1483//943 943//943 
f 1485//944 943//944 1483//944 
f 1615//945 941//945 1616//945 
f 752//946 61//946 330//946 
f 630//947 1617//947 61//947 
f 1154//948 91//948 1618//948 
f 621//949 1619//949 1160//949 
f 428//950 1240//950 1620//950 
f 380//951 1621//951 1242//951 
f 1383//952 334//952 333//952 
f 1622//953 1623//953 1624//953 
f 1623//954 1405//954 196//954 
f 284//955 1625//955 285//955 
f 1319//956 1321//956 1626//956 
usemtl Material__31744
f 1205//957 1627//957 1628//957 
usemtl Material_002
f 1629//958 269//958 1170//958 
f 1630//959 1631//959 1632//959 
f 1633//960 1634//960 1635//960 
f 1636//961 1637//961 1638//961 
f 797//962 1639//962 798//962 
f 227//963 638//963 637//963 
f 1640//964 1558//964 1105//964 
f 388//965 242//965 389//965 
f 1641//966 1642//966 478//966 
f 1530//967 1056//967 1643//967 
f 1644//968 861//968 14//968 
f 1403//969 1645//969 1402//969 
f 1646//970 1645//970 94//970 
f 126//971 12//971 673//971 
f 696//972 1647//972 1648//972 
f 694//973 693//973 642//973 
f 550//974 1383//974 1476//974 
f 540//975 539//975 693//975 
f 1503//976 1199//976 1649//976 
f 542//977 1650//977 543//977 
usemtl Material__31744
f 1176//978 1178//978 1651//978 
f 1652//979 291//979 290//979 
usemtl Material_002
f 1653//980 1654//980 1655//980 
f 762//981 1465//981 1464//981 
f 1656//982 578//982 923//982 
f 1212//983 562//983 561//983 
f 1212//984 561//984 1213//984 
f 1108//985 1657//985 1543//985 
f 1658//986 475//986 1659//986 
f 1660//987 1661//987 1662//987 
f 103//988 484//988 1663//988 
f 984//989 923//989 1664//989 
f 251//990 250//990 1665//990 
f 192//991 1666//991 1314//991 
f 1667//992 405//992 1668//992 
f 1669//993 1307//993 1303//993 
f 658//994 457//994 226//994 
f 227//995 226//995 1670//995 
f 1267//996 1266//996 352//996 
f 350//997 352//997 871//997 
f 1//998 589//998 1671//998 
f 1672//999 1508//999 1074//999 
f 618//1000 1279//1000 581//1000 
f 981//1001 983//1001 580//1001 
f 1673//1002 997//1002 546//1002 
f 548//1003 1182//1003 546//1003 
f 1674//1004 240//1004 1675//1004 
f 1675//1005 1676//1005 1677//1005 
f 1667//1006 283//1006 405//1006 
usemtl Material__31744
f 1678//1007 1627//1007 1679//1007 
f 1627//1008 1680//1008 1679//1008 
usemtl Material_002
f 1000//1009 1524//1009 1681//1009 
f 1000//1010 999//1010 1524//1010 
f 786//1011 2//1011 787//1011 
f 1682//1012 1683//1012 496//1012 
f 1507//1013 1499//1013 576//1013 
f 1001//1014 1684//1014 1685//1014 
f 531//1015 1001//1015 530//1015 
f 476//1016 1180//1016 728//1016 
f 1686//1017 474//1017 728//1017 
f 924//1018 1687//1018 602//1018 
f 507//1019 1123//1019 508//1019 
f 1123//1020 510//1020 508//1020 
f 1344//1021 1343//1021 1688//1021 
f 1069//1022 1689//1022 1068//1022 
usemtl Material__31744
f 1690//1023 1310//1023 742//1023 
usemtl Material_002
f 1691//1024 1692//1024 1693//1024 
f 1362//1025 1694//1025 1695//1025 
f 1696//1026 1442//1026 154//1026 
f 202//1027 1697//1027 200//1027 
f 827//1028 826//1028 1698//1028 
f 1699//1029 557//1029 1057//1029 
f 1057//1030 1700//1030 1699//1030 
f 1701//1031 1241//1031 1240//1031 
f 266//1032 124//1032 267//1032 
f 828//1033 1702//1033 1703//1033 
f 1216//1034 1704//1034 838//1034 
f 578//1035 1534//1035 838//1035 
f 1705//1036 1706//1036 1707//1036 
f 1708//1037 1709//1037 1706//1037 
f 964//1038 1510//1038 1511//1038 
f 1391//1039 1710//1039 1053//1039 
f 1600//1040 1599//1040 1711//1040 
f 516//1041 295//1041 515//1041 
f 1138//1042 262//1042 1139//1042 
f 1332//1043 1712//1043 1713//1043 
f 1714//1044 1715//1044 1716//1044 
f 1505//1045 933//1045 1503//1045 
f 1505//1046 931//1046 933//1046 
f 1373//1047 1115//1047 1374//1047 
f 957//1048 1584//1048 958//1048 
f 1717//1049 955//1049 612//1049 
f 1588//1050 1718//1050 1353//1050 
f 1588//1051 1589//1051 1718//1051 
f 315//1052 1719//1052 1567//1052 
f 1595//1053 1088//1053 1594//1053 
f 1706//1054 86//1054 88//1054 
f 628//1055 1706//1055 288//1055 
f 1122//1056 1720//1056 1121//1056 
f 56//1057 55//1057 1721//1057 
f 1080//1058 1082//1058 778//1058 
f 1509//1059 1722//1059 623//1059 
f 953//1060 1723//1060 1724//1060 
f 1480//1061 905//1061 1481//1061 
f 1167//1062 1725//1062 1168//1062 
f 499//1063 965//1063 1708//1063 
f 1726//1064 1727//1064 1712//1064 
f 877//1065 1035//1065 1728//1065 
f 978//1066 980//1066 1729//1066 
f 1730//1067 965//1067 499//1067 
f 1213//1068 561//1068 1393//1068 
f 120//1069 1731//1069 1393//1069 
f 1732//1070 861//1070 113//1070 
f 863//1071 1733//1071 864//1071 
f 254//1072 1734//1072 1735//1072 
f 1565//1073 1736//1073 163//1073 
f 960//1074 1737//1074 761//1074 
f 1565//1075 265//1075 382//1075 
f 267//1076 382//1076 265//1076 
f 1069//1077 1026//1077 1025//1077 
f 1738//1078 1739//1078 1740//1078 
f 650//1079 1358//1079 269//1079 
f 35//135 34//135 1741//135 
f 1742//1080 1743//1080 1744//1080 
f 1745//1081 709//1081 1746//1081 
f 1608//1082 1610//1082 1747//1082 
f 855//1083 1748//1083 1471//1083 
f 1131//1084 1749//1084 959//1084 
f 1472//1085 1521//1085 1750//1085 
f 756//1086 1750//1086 1521//1086 
f 1302//1087 1681//1087 1303//1087 
f 182//1088 590//1088 1751//1088 
f 1752//44 806//44 805//44 
f 1004//1089 1003//1089 1752//1089 
f 717//1090 1753//1090 1754//1090 
f 324//1091 326//1091 1755//1091 
f 1159//1092 1756//1092 621//1092 
f 567//1093 1466//1093 1468//1093 
f 1590//1094 1757//1094 1591//1094 
f 1331//1095 1758//1095 1759//1095 
f 1760//1096 1761//1096 272//1096 
f 272//1097 1762//1097 183//1097 
f 97//1098 96//1098 1763//1098 
f 1763//1099 1716//1099 1715//1099 
f 858//1100 1764//1100 1765//1100 
f 1722//1101 79//1101 1766//1101 
f 1125//1102 354//1102 1126//1102 
f 1506//1103 354//1103 1125//1103 
f 52//1104 1767//1104 910//1104 
f 532//1105 16//1105 137//1105 
f 1014//1106 532//1106 137//1106 
f 596//1107 598//1107 78//1107 
f 1768//1108 27//1108 29//1108 
f 317//1109 1344//1109 545//1109 
f 545//1110 1769//1110 1770//1110 
f 1564//1111 1771//1111 311//1111 
f 659//1112 367//1112 885//1112 
f 240//1113 60//1113 59//1113 
f 689//1114 240//1114 1674//1114 
f 398//1115 400//1115 1772//1115 
f 1768//1116 1773//1116 400//1116 
f 1318//1117 736//1117 1774//1117 
f 1775//1118 1289//1118 1271//1118 
f 1598//1119 1776//1119 1777//1119 
f 1778//1120 1777//1120 1776//1120 
f 1442//1121 1779//1121 1780//1121 
f 1161//1122 1407//1122 204//1122 
f 1406//1123 204//1123 1407//1123 
f 1781//1124 1574//1124 1782//1124 
usemtl Material__31744
f 1381//1125 1038//1125 1037//1125 
f 1454//1126 1456//1126 1040//1126 
usemtl Material_002
f 1478//1127 1469//1127 1071//1127 
f 1071//1128 1517//1128 1478//1128 
f 1783//1129 1386//1129 1784//1129 
f 627//1130 1386//1130 625//1130 
f 771//1131 773//1131 1785//1131 
f 21//1132 1786//1132 22//1132 
f 85//1133 554//1133 1787//1133 
f 1450//1134 948//1134 1452//1134 
f 1364//1135 442//1135 1016//1135 
f 1016//1136 442//1136 1017//1136 
f 228//1137 230//1137 1221//1137 
f 1788//1138 997//1138 1673//1138 
f 1538//1139 930//1139 733//1139 
f 1789//1140 645//1140 1522//1140 
f 1789//1141 998//1141 1684//1141 
f 1288//1142 28//1142 1790//1142 
f 1466//1143 1791//1143 1467//1143 
f 1260//1144 1792//1144 46//1144 
f 46//1145 1792//1145 1490//1145 
f 570//1146 572//1146 1793//1146 
f 1793//1147 572//1147 1287//1147 
f 924//1148 1664//1148 923//1148 
f 1794//1149 483//1149 1795//1149 
f 1660//1150 1662//1150 1796//1150 
f 1797//1151 1798//1151 421//1151 
f 1391//1152 1053//1152 1799//1152 
f 1159//1153 1161//1153 1756//1153 
f 1491//1154 30//1154 1492//1154 
f 744//1155 1800//1155 1801//1155 
f 345//1156 743//1156 1147//1156 
f 1088//1157 1719//1157 1594//1157 
f 512//1158 812//1158 510//1158 
f 1802//1159 1803//1159 1247//1159 
f 911//1160 1135//1160 601//1160 
f 411//1161 1050//1161 822//1161 
f 1579//1162 1514//1162 1314//1162 
f 1306//1163 1305//1163 1804//1163 
f 1503//1164 1649//1164 1504//1164 
f 992//1165 1423//1165 372//1165 
f 1349//1166 1348//1166 1481//1166 
f 983//1167 982//1167 1320//1167 
f 497//1168 287//1168 498//1168 
f 1152//1169 1805//1169 1441//1169 
f 1441//1170 1439//1170 1294//1170 
f 297//1171 106//1171 1806//1171 
f 1807//1172 1186//1172 708//1172 
f 529//1173 168//1173 1528//1173 
f 1808//1174 1428//1174 1426//1174 
f 1620//1175 1322//1175 428//1175 
f 1323//1176 1322//1176 1620//1176 
f 1624//1177 803//1177 1622//1177 
f 194//1178 1622//1178 803//1178 
f 1666//1179 1312//1179 1314//1179 
f 1425//1180 1809//1180 1529//1180 
f 1529//1181 1809//1181 1810//1181 
f 1811//1182 185//1182 1812//1182 
f 1338//1183 1576//1183 1237//1183 
f 1813//1184 975//1184 1814//1184 
f 1173//1185 1403//1185 40//1185 
f 1815//1186 1631//1186 1630//1186 
f 1045//1187 1815//1187 270//1187 
f 1433//1188 336//1188 1816//1188 
f 317//1189 545//1189 200//1189 
f 317//1190 1817//1190 910//1190 
f 1818//1191 52//1191 1819//1191 
f 52//1192 54//1192 1819//1192 
f 797//1193 1820//1193 1639//1193 
f 1723//1194 953//1194 952//1194 
f 1486//1195 1487//1195 125//1195 
f 1821//1196 1549//1196 1803//1196 
f 1531//1197 1398//1197 286//1197 
f 1054//1198 1530//1198 1643//1198 
usemtl Material__31744
f 1822//1199 1177//1199 1456//1199 
f 1823//1200 1178//1200 1177//1200 
usemtl Material_002
f 1708//1201 1824//1201 1709//1201 
f 1825//1202 1389//1202 276//1202 
f 1300//1203 1301//1203 868//1203 
f 1527//1204 1526//1204 394//1204 
f 210//1205 209//1205 1826//1205 
f 500//1206 1827//1206 64//1206 
f 7//1207 175//1207 1828//1207 
f 1031//1208 1257//1208 1256//1208 
f 438//1209 1829//1209 1830//1209 
f 892//1210 35//1210 1741//1210 
f 892//1211 1831//1211 35//1211 
f 747//1212 1832//1212 1833//1212 
f 1834//1213 1832//1213 1345//1213 
f 1835//1214 1263//1214 304//1214 
f 1436//1215 1437//1215 1093//1215 
f 1836//1216 887//1216 793//1216 
f 1831//1217 892//1217 795//1217 
f 1094//1218 795//1218 1837//1218 
f 23//1219 383//1219 1838//1219 
f 898//1220 1839//1220 899//1220 
f 1840//1221 1841//1221 1842//1221 
f 1840//1222 1842//1222 252//1222 
f 1811//1223 186//1223 185//1223 
f 901//1224 1843//1224 1202//1224 
f 1844//1225 1845//1225 411//1225 
f 158//1226 1227//1226 156//1226 
f 1846//1227 1847//1227 1228//1227 
f 920//1228 1848//1228 1849//1228 
f 1834//1229 763//1229 1832//1229 
f 982//1230 1280//1230 980//1230 
f 620//1231 91//1231 90//1231 
f 1286//1232 1850//1232 1285//1232 
f 35//1233 1831//1233 1042//1233 
f 416//1234 1658//1234 1851//1234 
f 147//1235 648//1235 1357//1235 
f 148//1236 147//1236 1357//1236 
f 1184//1237 1183//1237 1852//1237 
f 547//1238 1853//1238 1532//1238 
f 1854//1239 594//1239 595//1239 
f 41//1240 590//1240 1007//1240 
f 835//1241 41//1241 833//1241 
f 1843//1242 1855//1242 1201//1242 
f 883//1243 149//1243 148//1243 
f 316//1244 1856//1244 1007//1244 
f 41//1245 1007//1245 833//1245 
f 1807//1246 1847//1246 1186//1246 
f 844//1247 1497//1247 1496//1247 
f 1857//1248 939//1248 938//1248 
f 451//1249 5//1249 4//1249 
f 1858//1250 684//1250 1629//1250 
f 1859//1251 882//1251 881//1251 
f 881//1252 1458//1252 1860//1252 
f 7//1253 9//1253 175//1253 
f 25//1254 1861//1254 158//1254 
f 1862//1255 1817//1255 317//1255 
f 422//1256 1862//1256 1697//1256 
f 424//1257 1693//1257 425//1257 
f 1692//1258 425//1258 1693//1258 
f 1085//1259 1084//1259 1507//1259 
f 1863//1260 1001//1260 531//1260 
f 1864//1261 1863//1261 531//1261 
f 814//1262 968//1262 702//1262 
f 1378//1263 502//1263 925//1263 
f 26//1264 927//1264 926//1264 
usemtl Material__31744
f 1092//1265 1421//1265 1420//1265 
f 1204//1266 629//1266 1420//1266 
usemtl Material_002
f 1435//1267 790//1267 1749//1267 
f 580//1268 286//1268 1399//1268 
f 1398//1269 1399//1269 286//1269 
usemtl Material__31744
f 1865//1270 1866//1270 1192//1270 
f 1867//1271 1192//1271 1191//1271 
usemtl Material_002
f 531//1272 1020//1272 1864//1272 
f 1462//1273 645//1273 644//1273 
f 1224//1274 1215//1274 1223//1274 
f 578//1275 838//1275 1704//1275 
f 1447//1276 237//1276 144//1276 
f 1676//1277 1097//1277 1677//1277 
f 1346//1278 1868//1278 699//1278 
f 1088//1279 1868//1279 1719//1279 
f 1352//1280 1351//1280 1348//1280 
f 1212//1281 164//1281 562//1281 
f 378//1282 51//1282 11//1282 
f 377//1283 51//1283 378//1283 
f 511//1284 1123//1284 1869//1284 
f 1121//1285 918//1285 917//1285 
f 1870//1286 1871//1286 412//1286 
f 1871//1287 821//1287 412//1287 
f 1014//1288 932//1288 532//1288 
f 1014//1289 1013//1289 932//1289 
f 1331//1290 1759//1290 1872//1290 
f 679//1291 1331//1291 1124//1291 
f 846//1292 845//1292 1410//1292 
f 1409//1293 1410//1293 941//1293 
f 1698//1294 1873//1294 827//1294 
f 1813//1295 1640//1295 1105//1295 
f 1813//1296 296//1296 975//1296 
f 1874//1297 472//1297 471//1297 
f 1638//1298 1635//1298 1634//1298 
f 1635//1299 1243//1299 1242//1299 
f 5//1300 37//1300 6//1300 
f 451//1301 450//1301 814//1301 
f 1296//1302 1297//1302 438//1302 
f 1875//1303 1876//1303 1142//1303 
f 1877//1304 635//1304 634//1304 
f 1332//1305 1784//1305 1333//1305 
f 1333//1306 1784//1306 1386//1306 
f 1744//1307 71//1307 1742//1307 
f 392//1308 1878//1308 873//1308 
f 799//1309 219//1309 1878//1309 
f 787//1310 2//1310 1683//1310 
f 787//1311 1154//1311 1153//1311 
f 1738//1312 1740//1312 684//1312 
f 1629//1313 684//1313 1740//1313 
f 1879//1314 1508//1314 1672//1314 
f 1293//1315 588//1315 1880//1315 
f 1319//1316 1626//1316 1625//1316 
f 1318//1317 1774//1317 167//1317 
f 1881//1318 1495//1318 444//1318 
f 692//1319 691//1319 1882//1319 
f 1433//1320 1882//1320 691//1320 
f 1023//1321 1004//1321 1752//1321 
f 530//1322 1023//1322 1752//1322 
f 837//1323 1057//1323 107//1323 
f 556//1324 1012//1324 1057//1324 
f 1745//1325 1746//1325 1846//1325 
f 1846//1326 1883//1326 1847//1326 
f 121//1327 1058//1327 735//1327 
f 122//1328 121//1328 735//1328 
f 360//1329 362//1329 705//1329 
f 705//1330 362//1330 707//1330 
f 1821//1331 1550//1331 1549//1331 
f 1324//1332 1571//1332 1552//1332 
f 1007//1333 1856//1333 833//1333 
f 1006//1334 834//1334 833//1334 
f 1079//1335 1463//1335 1445//1335 
f 1078//1336 1463//1336 1079//1336 
f 1810//1337 127//1337 129//1337 
f 1265//1338 1884//1338 1264//1338 
f 220//1339 801//1339 1397//1339 
f 351//1340 442//1340 1885//1340 
f 1856//1341 1569//1341 1568//1341 
f 833//1342 1856//1342 1568//1342 
f 1230//1343 211//1343 615//1343 
f 210//1344 1472//1344 211//1344 
f 81//1345 225//1345 1073//1345 
f 1064//1346 81//1346 1073//1346 
f 807//1347 806//1347 1002//1347 
f 1307//1348 1304//1348 1303//1348 
f 1760//1349 1084//1349 1761//1349 
f 689//1350 60//1350 240//1350 
f 1494//1351 60//1351 894//1351 
f 1779//1352 1442//1352 1697//1352 
f 1055//1353 1754//1353 1056//1353 
f 1886//1354 165//1354 1755//1354 
f 1653//1355 1887//1355 432//1355 
f 1490//1356 1488//1356 140//1356 
f 1584//1357 1888//1357 1585//1357 
f 1668//1358 1889//1358 1667//1358 
f 1890//1359 850//1359 281//1359 
f 272//1360 1083//1360 1762//1360 
usemtl Material__31744
f 739//1361 1563//1361 1891//1361 
f 1892//1362 1092//1362 739//1362 
usemtl Material_002
f 1533//1363 923//1363 1536//1363 
f 1000//1364 1681//1364 1302//1364 
f 782//1365 1295//1365 783//1365 
f 1443//1366 948//1366 947//1366 
f 155//1367 1443//1367 947//1367 
f 317//1368 82//1368 321//1368 
f 1451//1369 753//1369 321//1369 
f 660//1370 1893//1370 661//1370 
f 1125//1371 1126//1371 1433//1371 
f 255//1372 254//1372 1735//1372 
f 969//1373 392//1373 1894//1373 
f 972//1374 65//1374 970//1374 
f 986//1375 987//1375 55//1375 
f 810//1376 812//1376 512//1376 
f 961//1377 963//1377 760//1377 
f 1347//1378 770//1378 1895//1378 
f 865//1379 1096//1379 1896//1379 
f 942//1380 940//1380 1409//1380 
f 910//1381 802//1381 1897//1381 
f 317//1382 910//1382 1897//1382 
f 1630//1383 1632//1383 1898//1383 
f 1898//1384 1632//1384 1631//1384 
f 374//1385 768//1385 1187//1385 
f 479//1386 478//1386 1642//1386 
f 1760//1387 1751//1387 1084//1387 
f 619//1388 1618//1388 91//1388 
f 620//1389 619//1389 91//1389 
f 950//1390 1590//1390 1520//1390 
f 393//1391 1353//1391 69//1391 
f 1354//1392 1588//1392 1353//1392 
f 667//1393 1899//1393 846//1393 
f 452//1394 1900//1394 1782//1394 
f 1851//1395 1658//1395 1659//1395 
f 1705//1396 1707//1396 1901//1396 
f 1902//1397 1705//1397 1063//1397 
f 1881//1318 1903//1318 1495//1318 
f 299//1398 823//1398 1592//1398 
f 203//1399 205//1399 568//1399 
f 571//1400 218//1400 217//1400 
f 573//1401 854//1401 138//1401 
f 1904//1402 301//1402 1905//1402 
f 1906//1403 1905//1403 301//1403 
f 1818//1404 1907//1404 1908//1404 
f 1909//1405 1910//1405 1908//1405 
f 622//1406 836//1406 623//1406 
f 235//1407 1911//1407 1912//1407 
f 647//1408 649//1408 1342//1408 
f 1663//1409 1661//1409 1660//1409 
f 1010//1410 108//1410 107//1410 
f 212//1411 1913//1411 213//1411 
f 451//1412 814//1412 816//1412 
f 5//1413 451//1413 1668//1413 
f 1411//1414 763//1414 1834//1414 
f 552//1415 554//1415 85//1415 
f 803//1416 1624//1416 85//1416 
f 949//1417 555//1417 1444//1417 
f 1546//1418 1914//1418 1545//1418 
f 475//1419 1658//1419 416//1419 
f 1461//1420 1915//1420 693//1420 
f 1235//1421 1915//1421 1019//1421 
f 1795//1422 483//1422 485//1422 
f 1916//1423 102//1423 1251//1423 
usemtl Material__31744
f 1036//1424 1917//1424 1037//1424 
f 669//1425 1192//1425 1866//1425 
usemtl Material_002
f 590//1426 36//1426 1918//1426 
f 1017//1427 1015//1427 1018//1427 
f 1142//1428 1499//1428 1143//1428 
f 1142//1429 1919//1429 1875//1429 
f 888//1430 887//1430 1920//1430 
f 419//1431 418//1431 1499//1431 
f 1165//1432 528//1432 1921//1432 
f 862//1433 528//1433 527//1433 
f 723//1434 1220//1434 1219//1434 
f 1523//1435 1789//1435 1463//1435 
f 922//1436 578//1436 1922//1436 
f 967//1437 1923//1437 1825//1437 
f 1923//1438 967//1438 495//1438 
f 1756//1439 1161//1439 1162//1439 
f 567//1440 203//1440 568//1440 
f 589//1441 1074//1441 587//1441 
f 1//1442 1074//1442 589//1442 
f 110//1443 1165//1443 526//1443 
f 1165//1444 1406//1444 528//1444 
f 846//1445 668//1445 667//1445 
f 724//1446 813//1446 842//1446 
f 1620//1447 1551//1447 1323//1447 
f 1239//1448 1924//1448 123//1448 
f 1139//1449 262//1449 264//1449 
f 1722//1450 889//1450 623//1450 
f 1722//1451 1766//1451 1925//1451 
f 249//1452 1388//1452 1926//1452 
f 1927//1453 987//1453 249//1453 
f 576//1454 635//1454 471//1454 
f 818//1455 1870//1455 1718//1455 
f 19//1456 68//1456 67//1456 
f 1128//1457 1048//1457 1129//1457 
f 615//1458 1062//1458 275//1458 
f 1301//1459 867//1459 866//1459 
f 1095//1460 1301//1460 1300//1460 
f 828//1461 1928//1461 1702//1461 
f 420//1462 1598//1462 1929//1462 
f 1930//1463 1776//1463 1598//1463 
f 974//1464 1931//1464 1171//1464 
f 1931//1465 1814//1465 1171//1465 
f 946//1466 1275//1466 1112//1466 
f 1275//1467 1110//1467 1112//1467 
f 1425//1468 1529//1468 1528//1468 
f 309//1469 1263//1469 1932//1469 
f 996//1470 1932//1470 1263//1470 
f 871//1471 1933//1471 1581//1471 
f 1581//1472 1933//1472 1582//1472 
f 154//1473 54//1473 53//1473 
f 1034//1474 749//1474 751//1474 
f 170//1475 169//1475 1034//1475 
f 324//1476 1934//1476 1269//1476 
f 165//1477 167//1477 1774//1477 
f 1411//1478 335//1478 763//1478 
f 1569//1479 316//1479 315//1479 
f 1856//1480 316//1480 1569//1480 
f 1482//1481 1149//1481 1148//1481 
f 962//1482 1149//1482 963//1482 
f 277//1483 589//1483 1935//1483 
usemtl Material__31744
f 1091//1484 629//1484 492//1484 
f 492//1485 1311//1485 1936//1485 
usemtl Material_002
f 1327//1486 1479//1486 744//1486 
f 341//1487 343//1487 744//1487 
f 1385//1488 445//1488 1494//1488 
f 921//1489 920//1489 1937//1489 
f 920//1490 1849//1490 1937//1490 
f 234//1491 524//1491 557//1491 
f 1858//1492 1629//1492 681//1492 
f 427//1493 1838//1493 428//1493 
f 1202//1494 1839//1494 1203//1494 
f 748//1495 279//1495 1877//1495 
f 1929//1496 421//1496 420//1496 
f 1929//1497 1797//1497 421//1497 
f 438//1498 1328//1498 1829//1498 
f 664//1499 666//1499 1335//1499 
f 666//1500 1127//1500 1129//1500 
f 142//1501 141//1501 1195//1501 
f 1196//1502 1198//1502 1938//1502 
f 582//1503 1939//1503 306//1503 
f 306//1504 584//1504 585//1504 
f 886//1505 888//1505 1920//1505 
f 1940//1506 1889//1506 451//1506 
f 535//1507 534//1507 1047//1507 
f 534//1508 1107//1508 1130//1508 
f 462//1509 968//1509 461//1509 
f 1358//1510 650//1510 1356//1510 
f 1341//1511 1358//1511 647//1511 
f 580//1512 31//1512 581//1512 
f 1941//1513 580//1513 581//1513 
f 727//1514 858//1514 1765//1514 
f 986//1515 1515//1515 984//1515 
f 1515//1516 57//1516 914//1516 
f 1196//1517 1938//1517 852//1517 
f 433//1518 47//1518 46//1518 
f 1087//1519 1868//1519 1088//1519 
f 650//1520 187//1520 651//1520 
f 187//1521 650//1521 1740//1521 
f 45//1522 553//1522 552//1522 
f 1546//1523 1545//1523 553//1523 
f 618//1524 30//1524 1491//1524 
f 618//1525 581//1525 30//1525 
f 1942//1526 1384//1526 1770//1526 
f 1942//1527 1770//1527 1476//1527 
usemtl Material__31744
f 1379//1528 669//1528 1943//1528 
f 1190//1529 1943//1529 1944//1529 
f 738//1530 1690//1530 1563//1530 
usemtl Material_002
f 1646//1531 677//1531 1645//1531 
f 480//1532 677//1532 481//1532 
f 1045//1533 270//1533 1043//1533 
f 1043//1534 1341//1534 1342//1534 
f 1244//1535 1246//1535 1591//1535 
usemtl Material__31744
f 713//1536 1456//1536 1177//1536 
f 1039//1537 1040//1537 1456//1537 
usemtl Material_002
f 1090//1538 1088//1538 1595//1538 
f 1911//1539 1945//1539 1912//1539 
f 1335//1540 665//1540 1726//1540 
f 1728//1541 1946//1541 1335//1541 
f 65//1542 64//1542 178//1542 
f 178//1543 1354//1543 1947//1543 
f 1554//1544 1555//1544 1107//1544 
f 95//1545 1107//1545 1555//1545 
f 1948//1546 181//1546 1252//1546 
f 1252//1547 676//1547 675//1547 
f 1153//1548 1154//1548 1618//1548 
f 621//1549 207//1549 1619//1549 
usemtl Material__31744
f 1381//1550 1949//1550 1038//1550 
usemtl Material_002
f 368//1551 1119//1551 1950//1551 
f 1119//1552 368//1552 367//1552 
f 1951//1553 1337//1553 1952//1553 
f 1952//1554 111//1554 1953//1554 
f 565//1555 1394//1555 917//1555 
f 1534//1556 1394//1556 565//1556 
f 1236//1557 338//1557 340//1557 
f 542//1558 1236//1558 340//1558 
f 1844//1559 820//1559 1845//1559 
f 1871//1560 820//1560 821//1560 
usemtl Material__31744
f 1036//1561 1544//1561 1954//1561 
f 1917//1562 1036//1562 1954//1562 
usemtl Material_002
f 1955//1563 1956//1563 330//1563 
f 903//1564 133//1564 330//1564 
f 355//1565 835//1565 834//1565 
f 1506//1566 355//1566 354//1566 
f 1495//1567 58//1567 60//1567 
f 1903//1568 649//1568 1495//1568 
f 1879//1569 786//1569 785//1569 
f 515//1570 1957//1570 93//1570 
f 1646//1571 94//1571 93//1571 
f 1319//1572 1625//1572 284//1572 
f 983//1573 284//1573 580//1573 
f 110//1574 112//1574 1408//1574 
f 520//1575 1336//1575 521//1575 
f 1484//1576 1928//1576 1485//1576 
f 1958//1577 1058//1577 265//1577 
f 1059//1578 265//1578 1060//1578 
f 152//1579 1719//1579 150//1579 
f 1346//1580 1719//1580 1868//1580 
f 233//1581 599//1581 1959//1581 
usemtl Material__31744
f 1455//1582 1822//1582 1456//1582 
usemtl Material_002
f 1960//1583 1772//1583 783//1583 
f 783//1584 1295//1584 1294//1584 
f 1961//1585 1428//1585 1808//1585 
f 1953//1586 1164//1586 1962//1586 
f 1953//1587 111//1587 526//1587 
usemtl Material__31744
f 1867//1588 1865//1588 1192//1588 
f 1309//1589 1308//1589 1311//1589 
f 737//1590 1936//1590 1963//1590 
usemtl Material_002
f 1964//1591 1565//1591 382//1591 
f 1964//1592 382//1592 381//1592 
f 106//1593 1086//1593 1806//1593 
f 1086//1594 1847//1594 1806//1594 
f 1534//1595 48//1595 1394//1595 
f 1533//1596 1536//1596 1534//1596 
f 591//1131 1965//1131 1966//1131 
f 184//1597 183//1597 1596//1597 
f 982//1598 980//1598 979//1598 
f 982//1599 979//1599 1320//1599 
f 1148//1600 953//1600 1724//1600 
f 1148//1601 951//1601 953//1601 
f 1621//1602 428//1602 1967//1602 
f 428//1603 1838//1603 1967//1603 
f 327//1604 44//1604 523//1604 
f 895//1605 897//1605 525//1605 
f 506//1606 1412//1606 1512//1606 
f 258//1607 1412//1607 1415//1607 
f 257//1608 902//1608 503//1608 
f 699//1609 1834//1609 1345//1609 
f 1968//1610 42//1610 133//1610 
f 135//1611 1969//1611 133//1611 
f 1674//1612 1099//1612 809//1612 
f 1674//1613 1675//1613 1677//1613 
f 1970//1614 600//1614 602//1614 
f 1306//1615 1804//1615 1888//1615 
f 1307//1616 1306//1616 1329//1616 
f 1848//1617 105//1617 1849//1617 
f 13//1618 527//1618 1398//1618 
f 862//1619 527//1619 863//1619 
f 1305//1620 1307//1620 1669//1620 
f 1706//1621 1709//1621 1707//1621 
f 1709//1622 276//1622 988//1622 
f 135//1623 1448//1623 1449//1623 
f 793//1624 888//1624 794//1624 
usemtl Material__31744
f 1570//1625 740//1625 1971//1625 
f 912//1626 1971//1626 913//1626 
usemtl Material_002
f 25//1627 159//1627 1861//1627 
f 411//1628 1226//1628 159//1628 
f 1113//1629 1115//1629 1972//1629 
f 426//1630 1562//1630 1424//1630 
f 1174//1631 1931//1631 974//1631 
f 974//1632 295//1632 1973//1632 
f 1248//1633 1974//1633 1802//1633 
f 811//1634 1248//1634 1802//1634 
f 724//1635 842//1635 1217//1635 
f 722//1636 1220//1636 723//1636 
f 52//1637 1818//1637 1767//1637 
f 1975//1638 313//1638 16//1638 
f 532//1639 1975//1639 16//1639 
f 12//1640 366//1640 368//1640 
f 1064//1641 366//1641 12//1641 
f 662//1642 1946//1642 663//1642 
f 1946//1643 876//1643 663//1643 
f 715//1644 285//1644 167//1644 
f 715//1645 1531//1645 285//1645 
f 901//1646 1855//1646 1843//1646 
f 883//1647 431//1647 881//1647 
f 690//1648 6//1648 691//1648 
f 6//1649 690//1649 356//1649 
f 1744//1650 919//1650 921//1650 
f 1503//1651 933//1651 1976//1651 
f 1977//1652 356//1652 1075//1652 
f 1075//1653 1076//1653 1648//1653 
usemtl Material__31744
f 1690//1654 742//1654 1978//1654 
f 1978//1655 742//1655 741//1655 
usemtl Material_002
f 100//1656 99//1656 515//1656 
f 377//1657 137//1657 51//1657 
f 137//1658 377//1658 1013//1658 
f 836//1659 588//1659 623//1659 
f 1509//1660 623//1660 588//1660 
f 9//1661 8//1661 1979//1661 
f 927//1662 1979//1662 502//1662 
f 1980//1663 298//1663 709//1663 
f 975//1664 298//1664 1980//1664 
f 1981//1665 1982//1665 295//1665 
f 1510//1666 295//1666 294//1666 
f 1264//1667 1884//1667 1810//1667 
f 1983//1668 1810//1668 1884//1668 
f 1682//1669 89//1669 1154//1669 
f 495//1670 1417//1670 89//1670 
f 1136//1671 1882//1671 1433//1671 
usemtl Material__31744
f 1204//1672 1680//1672 1627//1672 
f 1204//1673 1627//1673 1205//1673 
usemtl Material_002
f 1457//1674 1571//1674 1249//1674 
f 1323//1675 1457//1675 430//1675 
usemtl Material__31744
f 1678//1676 1628//1676 1627//1676 
usemtl Material_002
f 361//1677 1184//1677 465//1677 
f 1184//1678 1852//1678 465//1678 
f 258//1679 1413//1679 1412//1679 
f 257//1680 503//1680 258//1680 
f 861//1681 15//1681 14//1681 
f 1732//1682 1733//1682 861//1682 
f 1253//1683 757//1683 780//1683 
f 1210//1684 174//1684 1209//1684 
f 1827//1685 500//1685 1828//1685 
f 1185//1686 1984//1686 759//1686 
f 1745//1687 404//1687 709//1687 
f 1510//1688 294//1688 404//1688 
f 417//1689 1985//1689 1179//1689 
f 188//1690 1180//1690 1179//1690 
f 517//1691 519//1691 765//1691 
f 449//1692 1296//1692 1386//1692 
f 449//1693 973//1693 1296//1693 
f 1726//1694 665//1694 1727//1694 
f 878//1695 1713//1695 1714//1695 
f 1603//1696 731//1696 1986//1696 
f 732//1697 731//1697 1598//1697 
f 1603//1698 1986//1698 1601//1698 
f 733//1699 930//1699 1601//1699 
f 1540//1700 1511//1700 1987//1700 
f 1988//1701 475//1701 474//1701 
f 1875//1702 1989//1702 634//1702 
f 1780//1703 948//1703 1443//1703 
f 1442//1704 1780//1704 1443//1704 
f 1990//1705 1991//1705 1992//1705 
f 142//1706 1195//1706 1194//1706 
f 153//1707 142//1707 1194//1707 
f 79//1708 1993//1708 77//1708 
f 1994//1709 77//1709 1995//1709 
f 195//1710 1653//1710 432//1710 
f 234//1711 245//1711 1996//1711 
f 192//1712 1315//1712 193//1712 
f 612//1713 1584//1713 957//1713 
f 790//1714 792//1714 612//1714 
f 6//1715 835//1715 1506//1715 
f 835//1716 355//1716 1506//1716 
f 1557//1717 1556//1717 1554//1717 
f 1106//1718 534//1718 533//1718 
f 1950//1719 672//1719 368//1719 
f 673//1720 672//1720 1355//1720 
f 1664//1721 250//1721 984//1721 
f 984//1722 250//1722 986//1722 
f 1968//1723 133//1723 1969//1723 
f 1969//1724 135//1724 1968//1724 
f 1511//1725 1997//1725 1987//1725 
f 72//1726 1998//1726 1997//1726 
f 1752//1727 805//1727 1284//1727 
f 934//1728 1771//1728 1564//1728 
usemtl Material__31744
f 1204//1729 1206//1729 1999//1729 
f 493//1730 1206//1730 1207//1730 
usemtl Material_002
f 1586//1731 1589//1731 1587//1731 
f 1586//1732 1211//1732 1589//1732 
f 1810//1733 2000//1733 127//1733 
f 1427//1734 1109//1734 2001//1734 
f 154//1735 1442//1735 155//1735 
f 1434//1736 229//1736 657//1736 
f 612//1737 614//1737 1717//1737 
f 956//1738 614//1738 1284//1738 
f 239//1739 880//1739 1100//1739 
f 881//1740 1860//1740 1859//1740 
f 2002//1741 921//1741 1937//1741 
f 2002//1742 1744//1742 921//1742 
f 824//1743 1873//1743 1698//1743 
f 824//1744 2003//1744 1873//1744 
f 202//1745 1770//1745 1384//1745 
f 1697//1746 202//1746 1779//1746 
f 1802//1747 1974//1747 1803//1747 
f 1803//1748 1974//1748 1821//1748 
f 696//1749 1648//1749 692//1749 
f 692//1750 1648//1750 1076//1750 
f 1538//1751 1434//1751 930//1751 
f 1538//1752 1777//1752 1778//1752 
f 1251//1753 1819//1753 54//1753 
f 1251//1754 54//1754 154//1754 
f 1440//1755 1467//1755 1791//1755 
f 1440//1756 206//1756 208//1756 
f 620//1757 1418//1757 1280//1757 
f 1279//1758 620//1758 1280//1758 
f 1798//1759 1799//1759 515//1759 
f 1391//1760 1799//1760 1798//1760 
f 2004//1761 238//1761 1100//1761 
f 1457//1762 238//1762 1458//1762 
f 683//1763 1325//1763 2005//1763 
f 1514//1764 2006//1764 1315//1764 
f 1630//1765 1898//1765 1629//1765 
f 1315//1766 2006//1766 193//1766 
f 395//1767 1529//1767 1553//1767 
f 183//1768 1762//1768 1966//1768 
f 2007//1769 2008//1769 1885//1769 
f 1364//1770 264//1770 729//1770 
f 1517//1771 1103//1771 636//1771 
f 1071//1772 640//1772 2009//1772 
f 1494//1773 445//1773 60//1773 
f 402//1774 932//1774 931//1774 
f 586//1775 588//1775 538//1775 
f 1642//1776 1292//1776 631//1776 
f 1831//1777 795//1777 794//1777 
f 1831//1778 1285//1778 1042//1778 
f 392//1779 873//1779 872//1779 
f 1894//1780 392//1780 972//1780 
f 2010//1781 186//1781 1811//1781 
f 2010//1782 899//1782 1839//1782 
f 877//1783 1726//1783 1712//1783 
f 877//1784 1712//1784 1429//1784 
f 1254//1785 1786//1785 21//1785 
f 2011//1786 1254//1786 1005//1786 
f 956//1787 1284//1787 805//1787 
f 644//1788 1460//1788 1462//1788 
f 1462//1789 1460//1789 1445//1789 
f 2012//1790 1339//1790 1547//1790 
f 2013//1791 2014//1791 1339//1791 
f 598//1792 79//1792 78//1792 
f 1977//1652 1075//1652 641//1652 
f 643//1793 357//1793 641//1793 
f 288//1794 87//1794 289//1794 
f 1626//1795 1321//1795 1317//1795 
usemtl Material__31744
f 1176//1796 1652//1796 290//1796 
f 713//1797 1453//1797 290//1797 
usemtl Material_002
f 601//1798 2015//1798 1387//1798 
f 2015//1799 809//1799 1387//1799 
f 760//1800 963//1800 960//1800 
f 1695//1801 1044//1801 371//1801 
f 1737//1802 1350//1802 1736//1802 
f 1737//1803 1593//1803 1350//1803 
f 590//1804 1918//1804 1751//1804 
f 1918//1805 2016//1805 1507//1805 
f 1403//1806 94//1806 1645//1806 
f 1173//1807 1175//1807 1403//1807 
f 661//1808 1516//1808 367//1808 
f 24//1809 199//1809 376//1809 
f 26//1810 926//1810 24//1810 
f 2017//1811 1637//1811 2018//1811 
f 1964//1812 381//1812 2017//1812 
f 405//1813 283//1813 80//1813 
f 808//1814 2019//1814 2020//1814 
f 1130//1815 666//1815 1129//1815 
f 1048//1816 1047//1816 1129//1816 
f 1710//1817 1600//1817 1711//1817 
f 936//1818 1600//1818 937//1818 
f 17//1819 1143//1819 2021//1819 
f 11//1820 17//1820 2021//1820 
f 1813//1821 1814//1821 227//1821 
f 227//1822 637//1822 1813//1822 
f 1918//1823 1507//1823 1751//1823 
f 1751//1824 1507//1824 1084//1824 
f 346//1825 345//1825 1147//1825 
f 1145//1826 491//1826 2022//1826 
f 450//1827 4//1827 461//1827 
f 1869//1828 1123//1828 918//1828 
f 507//1829 1059//1829 1123//1829 
f 528//1830 1407//1830 32//1830 
f 1492//1831 32//1831 1407//1831 
f 1759//1832 2023//1832 1872//1832 
f 1759//1833 1758//1833 2023//1833 
f 973//1834 946//1834 464//1834 
f 464//1835 1297//1835 973//1835 
f 1134//1836 894//1836 893//1836 
f 601//1837 1135//1837 1537//1837 
f 998//1838 1023//1838 530//1838 
f 530//1839 1684//1839 998//1839 
f 2024//1131 2025//1131 771//1131 
f 1565//1840 1958//1840 265//1840 
f 1565//1841 163//1841 1566//1841 
f 1083//1842 2026//1842 2027//1842 
f 1431//1843 1362//1843 369//1843 
f 1128//1844 1127//1844 173//1844 
f 1738//1845 2028//1845 1739//1845 
f 1738//1846 2005//1846 2028//1846 
f 49//1847 1536//1847 1535//1847 
f 49//1848 985//1848 1515//1848 
f 1265//1849 304//1849 1884//1849 
f 539//1850 541//1850 2029//1850 
f 636//1851 1102//1851 637//1851 
f 1558//1852 1640//1852 1559//1852 
f 695//1853 696//1853 1137//1853 
f 1732//1854 2030//1854 1166//1854 
f 2030//1855 1164//1855 1166//1855 
f 1692//1856 1362//1856 425//1856 
f 1362//1857 1562//1857 425//1857 
f 771//1858 1077//1858 1027//1858 
f 1444//1859 142//1859 155//1859 
f 155//1860 947//1860 1444//1860 
f 440//1861 439//1861 1029//1861 
f 439//1862 1031//1862 1029//1862 
f 1300//1863 868//1863 2031//1863 
f 313//1864 868//1864 17//1864 
f 1385//1865 446//1865 445//1865 
f 515//1866 909//1866 1957//1866 
f 348//1867 352//1867 349//1867 
f 1041//1868 1983//1868 348//1868 
f 2032//1869 886//1869 1920//1869 
f 862//1870 1921//1870 528//1870 
f 862//1871 1166//1871 1163//1871 
f 1540//1872 229//1872 2033//1872 
f 1540//1873 1987//1873 229//1873 
f 248//1874 989//1874 246//1874 
f 989//1875 667//1875 246//1875 
f 674//1876 677//1876 1646//1876 
f 1957//1877 909//1877 908//1877 
usemtl Material__31744
f 1309//1878 1311//1878 913//1878 
f 1309//1879 740//1879 742//1879 
usemtl Material_002
f 1072//135 2034//135 1073//135 
f 1073//1880 2034//1880 1064//1880 
f 1697//1881 1442//1881 1696//1881 
f 53//1882 52//1882 423//1882 
f 1282//1883 1098//1883 1097//1883 
f 1926//1884 2035//1884 1098//1884 
f 342//1885 1144//1885 343//1885 
f 231//1886 2036//1886 409//1886 
f 1372//1887 1374//1887 1110//1887 
f 799//1888 220//1888 219//1888 
f 799//1889 801//1889 220//1889 
f 809//1890 1098//1890 2035//1890 
f 809//1891 2035//1891 1387//1891 
usemtl Material__31744
f 1039//1892 292//1892 1544//1892 
f 670//1893 1544//1893 292//1893 
usemtl Material_002
f 1937//1894 1849//1894 1469//1894 
f 1002//1895 806//1895 1003//1895 
f 1752//1896 1003//1896 806//1896 
f 2005//1897 1812//1897 2028//1897 
f 2011//1898 1005//1898 1812//1898 
f 1320//1899 287//1899 289//1899 
f 1320//1900 979//1900 287//1900 
f 471//1901 635//1901 2037//1901 
f 1941//1902 1279//1902 1280//1902 
f 1941//1903 581//1903 1279//1903 
f 1149//1904 1482//1904 963//1904 
f 1481//1905 2038//1905 1482//1905 
f 266//1906 1486//1906 125//1906 
f 265//1907 1486//1907 266//1907 
f 1284//1908 892//1908 891//1908 
f 762//1909 761//1909 1465//1909 
f 834//1910 151//1910 1833//1910 
f 747//1911 1833//1911 151//1911 
f 424//1912 426//1912 1758//1912 
f 2023//1913 1758//1913 2039//1913 
f 567//1914 569//1914 1790//1914 
f 570//1915 1288//1915 1790//1915 
f 1625//1916 1318//1916 167//1916 
f 1625//1917 167//1917 285//1917 
f 210//1918 538//1918 537//1918 
f 1471//1919 1748//1919 1747//1919 
f 24//1920 376//1920 2040//1920 
f 376//1921 1188//1921 2040//1921 
f 1474//792 1169//792 1475//792 
f 1081//335 774//335 776//335 
f 181//1922 908//1922 2041//1922 
f 1259//1923 1258//1923 2041//1923 
usemtl Material__31744
f 1823//1924 2042//1924 1178//1924 
usemtl Material_002
f 1794//1925 2043//1925 483//1925 
f 2043//1926 1661//1926 483//1926 
f 405//1927 81//1927 2044//1927 
f 717//1928 716//1928 1753//1928 
f 1644//1929 1643//1929 1753//1929 
f 969//1930 1354//1930 1353//1930 
f 969//1931 1947//1931 1354//1931 
f 1951//1932 517//1932 764//1932 
f 522//1933 521//1933 1116//1933 
f 512//1934 511//1934 1721//1934 
f 511//1935 1869//1935 1720//1935 
f 253//1936 1143//1936 866//1936 
f 307//1937 306//1937 840//1937 
f 308//1938 307//1938 840//1938 
f 103//1939 1653//1939 1910//1939 
f 1909//1940 103//1940 1910//1940 
f 1788//1941 1673//1941 361//1941 
f 361//1942 1673//1942 1184//1942 
f 580//1943 1399//1943 31//1943 
f 527//1944 31//1944 1399//1944 
f 964//1945 1539//1945 98//1945 
f 1930//1946 98//1946 1776//1946 
f 1922//1947 578//1947 577//1947 
f 597//1948 596//1948 1287//1948 
f 596//1949 1768//1949 29//1949 
f 1355//1950 672//1950 2045//1950 
f 1212//1951 162//1951 164//1951 
f 1212//1952 1214//1952 162//1952 
f 1558//1953 1560//1953 106//1953 
f 1104//1954 1105//1954 1558//1954 
f 2046//1955 329//1955 42//1955 
f 327//1956 42//1956 44//1956 
f 1710//1957 1711//1957 1053//1957 
f 25//1958 158//1958 175//1958 
f 158//1959 157//1959 175//1959 
f 667//1960 989//1960 991//1960 
f 1899//1961 667//1961 991//1961 
f 1054//1962 1643//1962 14//1962 
f 1644//1963 14//1963 1643//1963 
f 1313//1964 1312//1964 2047//1964 
f 1900//1965 1312//1965 1666//1965 
f 628//1966 499//1966 1708//1966 
f 776//1967 1892//1967 1563//1967 
f 2048//1968 776//1968 2049//1968 
f 1825//1969 276//1969 1708//1969 
f 2002//1970 1221//1970 1744//1970 
f 71//1971 1744//1971 1221//1971 
f 281//1972 1940//1972 1890//1972 
f 1782//1973 416//1973 1851//1973 
f 1782//1974 1851//1974 2050//1974 
f 1042//1975 1072//1975 225//1975 
f 1850//1976 1157//1976 1072//1976 
f 1219//1977 1236//1977 542//1977 
f 1253//1978 780//1978 1254//1978 
f 5//1979 1668//1979 405//1979 
f 1251//1980 1909//1980 1819//1980 
f 1909//1981 1908//1981 1907//1981 
f 2051//1982 1610//1982 1609//1982 
f 197//1983 770//1983 1291//1983 
f 1291//1984 770//1984 198//1984 
f 322//1985 870//1985 323//1985 
f 1081//1986 1381//1986 2052//1986 
f 1473//1987 2053//1987 2054//1987 
f 481//1988 929//1988 482//1988 
f 481//1989 678//1989 929//1989 
f 468//1990 799//1990 1878//1990 
f 392//1991 69//1991 1878//1991 
f 84//1992 85//1992 1787//1992 
f 84//1993 1452//1993 1451//1993 
f 1615//1994 828//1994 941//1994 
f 717//1995 2055//1995 718//1995 
f 1265//1996 627//1996 1835//1996 
f 627//1997 626//1997 1835//1997 
f 2027//1998 1762//1998 1083//1998 
usemtl Material__31744
f 1091//1999 492//1999 1936//1999 
f 737//2000 1091//2000 1936//2000 
usemtl Material_002
f 2056//2001 1823//2001 1822//2001 
f 2057//2002 2058//2002 2059//2002 
f 532//2003 932//2003 1564//2003 
f 1025//2004 1024//2004 2060//2004 
f 350//2005 582//2005 944//2005 
f 1234//2006 1068//2006 1689//2006 
f 2003//2007 824//2007 1234//2007 
f 383//2008 22//2008 1242//2008 
f 1242//2009 1621//2009 1967//2009 
f 1478//2010 1518//2010 456//2010 
f 636//2011 1518//2011 1517//2011 
f 946//2012 1276//2012 1275//2012 
f 1152//2013 206//2013 1805//2013 
f 1439//2014 206//2014 1440//2014 
f 271//2015 149//2015 59//2015 
f 149//2016 882//2016 59//2016 
f 447//2017 449//2017 1784//2017 
f 1784//2018 878//2018 447//2018 
f 56//2019 1721//2019 2061//2019 
f 914//2020 2061//2020 50//2020 
usemtl Material__31744
f 741//2021 2062//2021 2063//2021 
f 1570//2022 2064//2022 741//2022 
usemtl Material_002
f 2048//2023 2049//2023 2065//2023 
f 2065//2024 1475//2024 2066//2024 
f 1961//2025 1808//2025 2067//2025 
f 1425//2026 2068//2026 1426//2026 
f 936//2027 1598//2027 1600//2027 
f 936//2028 1929//2028 1598//2028 
f 1699//2029 1700//2029 1459//2029 
f 1012//2030 556//2030 2069//2030 
f 2070//2031 1246//2031 1245//2031 
f 1904//1402 478//1402 301//1402 
f 838//2032 1393//2032 1216//2032 
f 561//2033 1216//2033 1393//2033 
f 510//2034 1802//2034 1247//2034 
f 508//2035 510//2035 1247//2035 
f 777//2036 2057//2036 778//2036 
f 1182//2037 1532//2037 1183//2037 
f 1532//2038 1852//2038 1183//2038 
f 1235//2039 1021//2039 531//2039 
f 531//2040 1021//2040 1020//2040 
f 1390//2041 892//2041 614//2041 
f 791//2042 1837//2042 1390//2042 
f 1332//2043 878//2043 1784//2043 
f 1332//2044 1713//2044 878//2044 
f 1286//2045 888//2045 2071//2045 
f 1850//2046 2072//2046 1157//2046 
f 2072//1131 1064//1131 1157//1131 
f 1730//2047 978//2047 1729//2047 
f 966//2048 1417//2048 1419//2048 
f 497//2049 288//2049 287//2049 
f 628//2050 288//2050 497//2050 
f 1457//2051 1249//2051 144//2051 
f 144//2052 1249//2052 145//2052 
f 1368//2053 1367//2053 1371//2053 
f 1159//2054 619//2054 1491//2054 
f 1159//2055 1491//2055 1492//2055 
f 1//2056 1672//2056 1074//2056 
f 461//2057 968//2057 450//2057 
f 968//2058 814//2058 450//2058 
f 1155//2059 944//2059 582//2059 
f 1489//2060 1490//2060 140//2060 
f 433//2061 434//2061 1363//2061 
f 1981//2062 100//2062 1982//2062 
f 964//2063 100//2063 1981//2063 
f 1679//2064 2066//2064 1991//2064 
f 2065//2065 2066//2065 1679//2065 
f 130//2066 132//2066 2073//2066 
f 1699//2067 2073//2067 557//2067 
f 1794//2068 1796//2068 1662//2068 
f 549//2069 319//2069 753//2069 
f 321//2070 753//2070 319//2070 
f 1153//2071 207//2071 206//2071 
f 1153//2072 1619//2072 207//2072 
f 905//2073 1723//2073 1611//2073 
f 2074//2074 1301//2074 1095//2074 
f 1095//2075 865//2075 2074//2075 
f 934//2076 1564//2076 2075//2076 
f 95//2077 666//2077 1130//2077 
f 95//2078 97//2078 666//2078 
f 1886//2079 1755//2079 1055//2079 
f 166//2080 1055//2080 715//2080 
f 186//2081 651//2081 187//2081 
f 1843//2082 1201//2082 651//2082 
f 1208//2083 779//2083 2076//2083 
f 1597//2084 1062//2084 617//2084 
f 755//2085 617//2085 616//2085 
f 1200//2086 1201//2086 1357//2086 
f 652//2087 1357//2087 650//2087 
f 1695//2088 1898//2088 1631//2088 
f 226//2089 40//2089 39//2089 
f 228//2090 226//2090 39//2090 
f 2077//2091 2078//2091 2079//2091 
f 2078//2092 2077//2092 1474//2092 
f 1501//2093 719//2093 260//2093 
f 1502//2094 719//2094 1501//2094 
f 601//2095 1387//2095 685//2095 
f 1434//2096 657//2096 482//2096 
f 657//2097 656//2097 1400//2097 
f 933//2098 1355//2098 2045//2098 
f 1344//2099 1769//2099 545//2099 
f 1476//2100 1770//2100 1769//2100 
f 419//2101 1499//2101 1507//2101 
f 1364//2102 1365//2102 2080//2102 
f 182//2103 1751//2103 1760//2103 
f 1760//2104 272//2104 182//2104 
f 523//2105 408//2105 328//2105 
f 1402//2106 38//2106 40//2106 
f 1402//2107 1401//2107 656//2107 
f 1825//2108 1671//2108 1389//2108 
f 1671//2109 589//2109 1389//2109 
f 254//2110 2081//2110 1734//2110 
f 2051//2111 622//2111 1764//2111 
f 1766//2112 624//2112 889//2112 
f 1765//2113 624//2113 1766//2113 
f 20//2114 19//2114 1870//2114 
f 67//2115 1870//2115 19//2115 
f 1339//2116 2014//2116 1138//2116 
f 2014//2117 262//2117 1138//2117 
f 1693//2118 1330//2118 1691//2118 
f 1330//2119 1693//2119 424//2119 
f 2082//2120 1787//2120 554//2120 
f 1450//2121 554//2121 553//2121 
f 526//2122 1165//2122 1164//2122 
f 1953//2123 526//2123 1164//2123 
f 578//2124 1704//2124 2083//2124 
f 174//2125 157//2125 1587//2125 
f 156//2126 1587//2126 157//2126 
f 842//2127 846//2127 1410//2127 
f 500//2128 1278//2128 2084//2128 
f 1552//2129 1550//2129 1324//2129 
f 1552//2130 1551//2130 1550//2130 
f 1650//2131 1616//2131 543//2131 
f 104//2132 640//2132 1070//2132 
f 1623//2133 1792//2133 1260//2133 
f 552//2134 1623//2134 1260//2134 
f 1065//2135 1464//2135 1066//2135 
f 792//2136 613//2136 612//2136 
f 791//2137 613//2137 792//2137 
f 804//2138 1261//2138 318//2138 
f 804//2139 803//2139 1261//2139 
f 251//2140 1665//2140 602//2140 
f 237//2141 1447//2141 1676//2141 
f 237//2142 1101//2142 1100//2142 
f 573//2143 1614//2143 574//2143 
f 729//2144 1885//2144 1364//2144 
f 1364//2145 1885//2145 442//2145 
f 1465//2146 1565//2146 1964//2146 
f 1362//2147 1695//2147 370//2147 
f 172//2148 262//2148 2014//2148 
f 262//2149 172//2149 263//2149 
f 184//2150 1596//2150 593//2150 
f 593//2151 1578//2151 184//2151 
f 924//2152 602//2152 1664//2152 
f 1317//2153 1318//2153 1626//2153 
f 1626//2154 1318//2154 1625//2154 
f 2085//2155 1497//2155 938//2155 
f 938//2156 1497//2156 1857//2156 
f 120//2157 916//2157 121//2157 
f 1059//2158 121//2158 916//2158 
f 543//2159 1616//2159 1299//2159 
f 2086//2160 1553//2160 1529//2160 
f 1529//2161 1810//2161 2086//2161 
f 1864//2162 2087//2162 1863//2162 
f 646//2163 1001//2163 1863//2163 
usemtl Material__31744
f 1092//2164 1892//2164 1421//2164 
usemtl Material_002
f 1642//966 1641//966 2088//966 
f 1078//2165 1523//2165 1463//2165 
f 1655//2166 1488//2166 1490//2166 
f 384//2167 1488//2167 1655//2167 
f 582//2168 306//2168 305//2168 
f 488//2169 653//2169 2089//2169 
f 653//2170 1657//2170 2089//2170 
f 254//2171 865//2171 2081//2171 
f 865//2172 254//2172 866//2172 
f 1874//2173 471//2173 2037//2173 
f 1028//2174 1030//2174 436//2174 
f 1032//2175 437//2175 436//2175 
f 1149//2176 962//2176 951//2176 
f 1244//2177 1591//2177 2090//2177 
f 124//2178 1701//2178 267//2178 
f 267//2179 380//2179 382//2179 
f 2018//2180 1637//2180 1636//2180 
f 2091//2181 2018//2181 1634//2181 
f 499//2182 498//2182 978//2182 
f 1730//2183 499//2183 978//2183 
f 1699//2184 1459//2184 214//2184 
f 214//2185 2073//2185 1699//2185 
f 2092//2186 2093//2186 1026//2186 
f 592//2187 591//2187 314//2187 
f 314//2188 591//2188 1594//2188 
f 1903//2189 1342//2189 649//2189 
f 1043//2190 1342//2190 1903//2190 
f 928//2191 1378//2191 197//2191 
f 928//2192 197//2192 199//2192 
f 1931//2193 40//2193 1814//2193 
f 1814//2194 40//2194 227//2194 
f 1966//2195 1595//2195 591//2195 
f 1348//2196 563//2196 562//2196 
f 1348//2197 562//2197 164//2197 
f 1329//2198 1306//2198 1888//2198 
f 2094//2199 2095//2199 776//2199 
f 2094//2200 1690//2200 2095//2200 
f 1042//2201 1285//2201 1850//2201 
f 131//2202 2096//2202 2097//2202 
f 130//2203 752//2203 131//2203 
f 103//2204 1663//2204 1653//2204 
f 1663//2205 384//2205 1654//2205 
f 2020//2206 2019//2206 489//2206 
f 489//2207 33//2207 35//2207 
f 1174//2208 92//2208 1175//2208 
f 516//2209 1973//2209 295//2209 
f 112//2210 1548//2210 1408//2210 
f 1548//2211 205//2211 1408//2211 
f 1054//2212 1531//2212 1530//2212 
f 1530//2213 1531//2213 715//2213 
f 1033//2214 2098//2214 172//2214 
f 76//2215 74//2215 1386//2215 
f 1333//2216 1386//2216 74//2216 
f 255//2217 1735//2217 1989//2217 
usemtl Material__31744
f 1572//2218 1190//2218 1944//2218 
f 1943//2219 1193//2219 1944//2219 
usemtl Material_002
f 833//2220 1568//2220 1006//2220 
f 1567//2221 1006//2221 1568//2221 
f 1282//2222 1926//2222 1098//2222 
f 1282//2223 810//2223 1927//2223 
f 1737//2224 960//2224 1593//2224 
f 234//2225 131//2225 2097//2225 
f 556//2226 608//2226 610//2226 
f 358//2227 505//2227 1502//2227 
f 719//2228 1502//2228 505//2228 
f 1980//2229 709//2229 294//2229 
f 11//44 222//44 5//44 
f 919//2230 1744//2230 1743//2230 
f 919//2231 1743//2231 1228//2231 
f 1801//2232 1800//2232 345//2232 
f 746//2233 1327//2233 345//2233 
f 1809//2234 1425//2234 1427//2234 
f 2001//2235 2000//2235 1427//2235 
f 1877//2236 279//2236 635//2236 
f 279//2237 2037//2237 635//2237 
f 426//2238 2039//2238 1758//2238 
f 426//2239 1424//2239 2039//2239 
f 632//2240 1292//2240 1904//2240 
f 1641//2241 1292//2241 2088//2241 
f 696//2242 1882//2242 1136//2242 
f 71//2243 1998//2243 72//2243 
f 71//2244 1221//2244 1998//2244 
f 2099//2245 958//2245 1585//2245 
f 959//2246 958//2246 2099//2246 
f 1002//2247 1302//2247 1304//2247 
f 1002//2248 1304//2248 1307//2248 
f 692//2249 1882//2249 696//2249 
f 1961//2250 2067//2250 1528//2250 
f 1961//2251 1528//2251 168//2251 
f 756//2252 616//2252 1750//2252 
f 616//2253 615//2253 1750//2253 
f 404//2254 294//2254 709//2254 
f 764//2255 766//2255 1117//2255 
f 452//2256 1659//2256 475//2256 
f 2050//2257 452//2257 1782//2257 
f 1251//2258 2100//2258 1916//2258 
f 1251//2259 154//2259 2100//2259 
f 1409//2260 843//2260 1410//2260 
f 844//2261 843//2261 939//2261 
f 108//2262 212//2262 109//2262 
f 565//2263 917//2263 120//2263 
f 916//2264 120//2264 917//2264 
f 1668//2265 451//2265 1889//2265 
f 1795//2266 485//2266 153//2266 
f 2101//2267 879//2267 878//2267 
f 1906//2268 632//2268 1905//2268 
f 632//2269 1904//2269 1905//2269 
f 556//2270 610//2270 2069//2270 
f 722//2271 247//2271 725//2271 
f 391//2272 2102//2272 247//2272 
f 2103//2273 1844//2273 821//2273 
f 821//2274 1051//2274 822//2274 
f 1020//2275 1460//2275 1864//2275 
f 1020//2276 1461//2276 1460//2276 
f 387//2277 1945//2277 2096//2277 
usemtl Material__31744
f 1917//2278 1866//2278 1037//2278 
f 1380//2279 1037//2279 1866//2279 
usemtl Material_002
f 371//2280 370//2280 1695//2280 
f 798//2281 2104//2281 800//2281 
f 1879//2282 1441//2282 1293//2282 
f 346//2283 1147//2283 1145//2283 
f 1146//2284 1145//2284 1147//2284 
f 2030//2285 113//2285 518//2285 
f 1732//2286 113//2286 2030//2286 
f 1927//2287 2105//2287 987//2287 
f 55//2288 987//2288 2105//2288 
f 1717//2289 956//2289 955//2289 
f 1717//82 614//82 956//82 
f 2106//2290 1129//2290 1047//2290 
f 2106//2291 1047//2291 534//2291 
f 1281//2292 811//2292 810//2292 
f 146//2293 145//2293 811//2293 
f 1775//2294 1271//2294 1934//2294 
f 1270//2295 1934//2295 1271//2295 
f 5//2296 405//2296 2044//2296 
f 198//2297 768//2297 1500//2297 
f 199//2298 198//2298 1500//2298 
f 955//2299 1584//2299 612//2299 
f 955//2300 1888//2300 1584//2300 
f 593//2301 1008//2301 1578//2301 
f 590//2302 1578//2302 1008//2302 
f 2107//2303 579//2303 1223//2303 
f 564//2304 838//2304 1534//2304 
f 564//2305 1534//2305 565//2305 
f 1583//2306 1580//2306 2108//2306 
f 309//2307 1932//2307 1583//2307 
f 173//2308 1127//2308 171//2308 
f 664//2309 1127//2309 666//2309 
usemtl Material__31744
f 1949//2310 1040//2310 1038//2310 
f 1036//2311 1038//2311 1040//2311 
usemtl Material_002
f 1//2312 1923//2312 495//2312 
f 472//2313 1874//2313 2026//2313 
f 110//2314 1408//2314 1406//2314 
f 1165//2315 110//2315 1406//2315 
f 1901//2316 988//2316 1063//2316 
f 1705//2317 1901//2317 1063//2317 
f 1565//2318 1566//2318 1958//2318 
f 734//2319 1058//2319 1958//2319 
f 379//2320 1525//2320 1013//2320 
f 495//2321 1419//2321 1417//2321 
f 495//2322 967//2322 1419//2322 
f 117//2323 530//2323 1752//2323 
f 2109//2324 1080//2324 1454//2324 
f 2057//2325 2059//2325 1454//2325 
f 2039//2326 1424//2326 1423//2326 
f 2110//2327 1287//2327 596//2327 
f 1793//2328 1287//2328 2110//2328 
f 192//2329 1842//2329 1666//2329 
f 1394//2330 50//2330 2061//2330 
f 48//2331 50//2331 1394//2331 
f 818//2332 1718//2332 1211//2332 
f 1211//2333 1718//2333 1589//2333 
f 755//2334 756//2334 1404//2334 
f 1670//2335 226//2335 457//2335 
f 638//2336 457//2336 456//2336 
f 231//2337 1959//2337 329//2337 
f 385//2338 752//2338 329//2338 
f 352//2339 1266//2339 871//2339 
f 905//2340 1724//2340 1723//2340 
f 1395//2341 221//2341 1397//2341 
f 1952//2342 1337//2342 111//2342 
f 112//2343 111//2343 1337//2343 
f 783//2344 1772//2344 784//2344 
f 78//2345 784//2345 1773//2345 
f 20//2346 414//2346 18//2346 
f 18//2347 414//2347 796//2347 
f 1031//2348 1830//2348 1257//2348 
f 439//2349 463//2349 1031//2349 
f 568//2350 205//2350 218//2350 
f 1548//2351 218//2351 205//2351 
f 1179//2352 476//2352 2111//2352 
f 475//2353 1181//2353 476//2353 
f 1960//2354 783//2354 1294//2354 
f 1960//2355 1294//2355 1439//2355 
f 1330//2356 1629//2356 1691//2356 
f 537//2357 536//2357 1608//2357 
f 1430//2358 170//2358 877//2358 
f 170//2359 1430//2359 1428//2359 
usemtl Material__31744
f 1205//2360 1207//2360 1206//2360 
f 1205//2361 2112//2361 1207//2361 
usemtl Material_002
f 1514//2362 2113//2362 2006//2362 
f 603//2363 606//2363 897//2363 
f 1378//2364 925//2364 1377//2364 
f 1540//2365 2033//2365 1541//2365 
f 933//2366 1525//2366 1355//2366 
f 64//2367 66//2367 1277//2367 
f 36//2368 2016//2368 1918//2368 
f 37//2369 224//2369 36//2369 
f 711//2370 558//2370 557//2370 
f 104//2371 1561//2371 639//2371 
f 1560//2372 1559//2372 639//2372 
f 1097//2373 1676//2373 1447//2373 
f 1281//2374 1097//2374 1447//2374 
f 251//2375 686//2375 1388//2375 
f 602//2376 686//2376 251//2376 
f 232//2377 599//2377 233//2377 
f 1527//2378 394//2378 972//2378 
f 392//2379 1527//2379 972//2379 
usemtl Material__31744
f 1570//2380 1971//2380 912//2380 
usemtl Material_002
f 727//2381 1765//2381 598//2381 
f 598//2382 1765//2382 79//2382 
f 1086//2383 105//2383 1847//2383 
f 828//2384 1703//2384 826//2384 
f 1614//2385 1360//2385 574//2385 
f 574//2386 1360//2386 575//2386 
f 1283//2387 750//2387 1432//2387 
f 1283//2388 396//2388 750//2388 
f 1052//2389 1586//2389 156//2389 
f 156//2390 1227//2390 1845//2390 
f 1501//2391 2114//2391 721//2391 
f 1189//2392 721//2392 2115//2392 
f 47//2393 852//2393 1546//2393 
f 433//2394 852//2394 47//2394 
f 424//2395 1331//2395 1330//2395 
f 424//2396 1758//2396 1331//2396 
f 1148//2397 1724//2397 905//2397 
usemtl Material__31744
f 1039//2398 713//2398 292//2398 
f 713//2399 1039//2399 1456//2399 
usemtl Material_002
f 834//2400 1498//2400 151//2400 
f 1006//2401 1498//2401 834//2401 
f 1254//2402 2091//2402 1786//2402 
f 2091//2403 1634//2403 1633//2403 
f 385//2404 1959//2404 599//2404 
f 1688//2405 1343//2405 320//2405 
f 1343//2406 321//2406 320//2406 
f 567//2407 1468//2407 1756//2407 
f 567//2408 1756//2408 1162//2408 
f 2020//2409 283//2409 808//2409 
f 1136//2410 1433//2410 1816//2410 
f 1975//2411 312//2411 313//2411 
f 312//2412 311//2412 313//2412 
f 693//2413 1915//2413 643//2413 
f 643//2414 1915//2414 357//2414 
f 880//2415 1860//2415 1100//2415 
f 2004//2416 1100//2416 1860//2416 
f 1146//2417 1147//2417 343//2417 
f 1144//2418 1146//2418 343//2418 
usemtl Material__31744
f 629//2419 1091//2419 1092//2419 
f 629//2420 1092//2420 1420//2420 
usemtl Material_002
f 326//2421 2055//2421 717//2421 
f 326//2422 717//2422 1755//2422 
f 1906//2423 301//2423 300//2423 
f 300//2424 1592//2424 1906//2424 
f 384//2425 1655//2425 1654//2425 
f 406//2426 1996//2426 245//2426 
f 414//2427 20//2427 412//2427 
f 1870//2428 412//2428 20//2428 
f 367//2429 366//2429 1064//2429 
f 1682//2430 1154//2430 1683//2430 
f 787//2431 1683//2431 1154//2431 
f 793//2432 795//2432 1093//2432 
f 454//2433 1313//2433 2047//2433 
f 452//2434 454//2434 1900//2434 
f 272//2435 1761//2435 1083//2435 
f 2041//2436 1258//2436 181//2436 
f 179//2437 181//2437 1258//2437 
f 1688//2438 320//2438 551//2438 
f 1477//2439 1344//2439 1688//2439 
f 338//2440 1236//2440 1218//2440 
f 1497//2441 338//2441 1496//2441 
f 1325//2442 1255//2442 2005//2442 
f 2005//2443 1255//2443 1254//2443 
f 1709//2444 988//2444 1707//2444 
f 1901//2445 1707//2445 988//2445 
f 571//2446 217//2446 572//2446 
f 522//2447 572//2447 217//2447 
f 1598//2448 1603//2448 1602//2448 
f 731//2449 1603//2449 1598//2449 
f 127//2450 76//2450 128//2450 
f 76//2451 1386//2451 128//2451 
f 1240//2452 428//2452 1621//2452 
f 380//2453 1240//2453 1621//2453 
usemtl Material__31744
f 1865//2454 1380//2454 1866//2454 
usemtl Material_002
f 685//2455 602//2455 601//2455 
f 2109//2456 1081//2456 1080//2456 
f 1081//2457 2109//2457 1381//2457 
f 865//2458 1896//2458 2081//2458 
f 1841//2459 2026//2459 1874//2459 
f 118//2460 1284//2460 891//2460 
f 1667//2461 1889//2461 1940//2461 
f 1778//2462 2033//2462 1434//2462 
f 1538//2463 1778//2463 1434//2463 
f 920//2464 1228//2464 1848//2464 
f 1228//2465 105//2465 1848//2465 
f 2116//2466 116//2466 117//2466 
f 2117//2467 1823//2467 2056//2467 
f 211//2468 1229//2468 274//2468 
f 2118//2469 280//2469 1416//2469 
f 1520//2470 857//2470 950//2470 
f 2095//2471 1690//2471 2119//2471 
f 2120//2472 2119//2472 1690//2472 
f 1781//2473 1782//2473 279//2473 
f 962//2474 961//2474 951//2474 
f 484//2475 483//2475 1661//2475 
f 1663//2476 484//2476 1661//2476 
f 1938//2477 1195//2477 141//2477 
f 852//2478 1938//2478 853//2478 
f 192//2479 252//2479 1842//2479 
f 2121//2480 1010//2480 1009//2480 
f 108//2481 1010//2481 2121//2481 
f 974//2482 1172//2482 293//2482 
f 293//2483 1980//2483 294//2483 
f 855//2484 1471//2484 1470//2484 
f 2118//2485 1896//2485 2122//2485 
f 1985//2486 417//2486 331//2486 
f 113//2487 323//2487 114//2487 
f 177//2488 1209//2488 1588//2488 
f 1354//2489 177//2489 1588//2489 
f 978//2490 498//2490 979//2490 
f 498//2491 287//2491 979//2491 
f 584//2492 306//2492 1939//2492 
f 582//2493 584//2493 1939//2493 
f 84//2494 2123//2494 82//2494 
f 82//2495 2123//2495 321//2495 
f 998//2496 1000//2496 1022//2496 
f 1022//2497 1000//2497 1302//2497 
f 1554//2498 1556//2498 1238//2498 
f 1088//2499 191//2499 1089//2499 
f 771//2500 1785//2500 2024//2500 
f 1785//2501 773//2501 1804//2501 
f 1888//2502 1804//2502 773//2502 
f 1937//2503 1469//2503 2002//2503 
f 694//2504 695//2504 540//2504 
f 662//2505 664//2505 1335//2505 
f 1335//2506 1946//2506 662//2506 
f 1010//2507 712//2507 896//2507 
f 712//2508 897//2508 896//2508 
f 174//2509 1828//2509 175//2509 
f 174//2510 2124//2510 1828//2510 
f 1188//2511 2125//2511 1361//2511 
f 1474//2512 1473//2512 2054//2512 
f 1474//2513 2054//2513 2078//2513 
f 1350//2514 163//2514 1736//2514 
f 1350//2515 164//2515 163//2515 
f 11//2516 2044//2516 81//2516 
f 1613//2517 1094//2517 791//2517 
f 1837//2518 791//2518 1094//2518 
f 1549//2519 125//2519 1803//2519 
f 123//2520 125//2520 1549//2520 
f 1902//2521 1063//2521 756//2521 
f 1197//2522 854//2522 575//2522 
f 1198//2523 1197//2523 575//2523 
f 1666//2524 1842//2524 1841//2524 
usemtl Material__31744
f 1949//2525 1454//2525 1040//2525 
usemtl Material_002
f 1523//2526 999//2526 1789//2526 
f 1789//2527 999//2527 998//2527 
f 531//2528 4//2528 6//2528 
f 117//2529 4//2529 531//2529 
f 726//2530 668//2530 813//2530 
f 668//2531 842//2531 813//2531 
f 1623//2532 196//2532 1792//2532 
f 196//2533 432//2533 1792//2533 
usemtl Material__31744
f 2079//2534 1867//2534 1191//2534 
usemtl Material_002
f 415//2535 1179//2535 2111//2535 
f 832//2536 1832//2536 353//2536 
f 353//2537 1832//2537 763//2537 
f 719//2538 504//2538 1512//2538 
f 506//2539 1512//2539 504//2539 
f 2126//2540 2120//2540 1978//2540 
f 2120//2472 1690//2472 1978//2472 
f 1712//2541 1334//2541 1429//2541 
f 1332//2542 1334//2542 1712//2542 
f 995//2543 943//2543 308//2543 
f 1519//2544 951//2544 829//2544 
f 668//2545 846//2545 842//2545 
usemtl Material__31744
f 1204//2546 1420//2546 1680//2546 
f 1680//2547 1420//2547 1422//2547 
usemtl Material_002
f 1775//2548 86//2548 1705//2548 
f 139//2549 854//2549 1196//2549 
f 138//2550 854//2550 139//2550 
f 1440//2551 1791//2551 399//2551 
f 399//2552 28//2552 27//2552 
usemtl Material__31744
f 1190//2553 1192//2553 1379//2553 
f 1190//2554 1379//2554 1943//2554 
usemtl Material_002
f 1351//2555 1481//2555 1348//2555 
f 1481//2556 1351//2556 1593//2556 
f 658//2557 226//2557 228//2557 
f 658//2558 228//2558 455//2558 
f 642//2559 1648//2559 1647//2559 
f 1075//2560 1648//2560 642//2560 
f 644//2561 646//2561 2087//2561 
f 646//2562 1863//2562 2087//2562 
f 1254//2563 21//2563 1005//2563 
f 1005//2564 21//2564 898//2564 
f 80//2565 283//2565 2020//2565 
f 2020//2566 489//2566 80//2566 
f 333//2567 753//2567 1780//2567 
f 1779//2568 333//2568 1780//2568 
f 2024//2569 1303//2569 2025//2569 
f 771//2570 2025//2570 1303//2570 
usemtl Material__31744
f 1822//2571 1823//2571 1177//2571 
usemtl Material_002
f 213//2572 1009//2572 895//2572 
f 895//2573 1009//2573 896//2573 
f 314//2574 316//2574 592//2574 
f 1007//2575 592//2575 316//2575 
f 927//2576 1378//2576 928//2576 
f 927//2577 502//2577 1378//2577 
f 174//2578 1210//2578 2124//2578 
f 1210//2579 176//2579 2124//2579 
f 464//2580 437//2580 1256//2580 
f 1032//2581 1256//2581 437//2581 
f 431//2582 901//2582 429//2582 
f 431//2583 1855//2583 901//2583 
f 877//2584 1728//2584 1726//2584 
f 1335//2585 1726//2585 1728//2585 
f 908//2586 181//2586 674//2586 
f 674//2587 1957//2587 908//2587 
f 673//2588 1355//2588 401//2588 
f 754//2589 673//2589 401//2589 
f 1340//2590 1339//2590 1139//2590 
f 1779//2591 202//2591 1384//2591 
f 1683//2592 2//2592 496//2592 
f 1//2593 496//2593 2//2593 
f 824//2594 1698//2594 825//2594 
f 1203//2595 1839//2595 1838//2595 
f 1838//2596 1839//2596 23//2596 
f 123//2597 1924//2597 124//2597 
f 1924//2598 1701//2598 124//2598 
f 1813//2599 637//2599 1640//2599 
f 1102//2600 1640//2600 637//2600 
f 1720//2601 1869//2601 1121//2601 
f 1121//2602 1869//2602 918//2602 
f 1222//2603 1215//2603 561//2603 
f 1222//2604 561//2604 563//2604 
f 1350//2605 1352//2605 164//2605 
f 1352//2606 1348//2606 164//2606 
f 235//2607 1912//2607 236//2607 
f 13//2608 15//2608 863//2608 
f 13//2609 863//2609 527//2609 
f 5//44 2044//44 2127//44 
f 2007//2610 263//2610 750//2610 
f 263//2611 172//2611 750//2611 
f 271//2612 648//2612 147//2612 
f 271//2613 649//2613 648//2613 
f 753//2614 332//2614 549//2614 
f 550//2615 549//2615 332//2615 
f 154//2616 53//2616 1696//2616 
f 1696//2617 53//2617 423//2617 
f 558//2618 711//2618 710//2618 
usemtl Material__31744
f 1308//2619 1310//2619 738//2619 
f 738//2620 1310//2620 1690//2620 
usemtl Material_002
f 1714//2621 1727//2621 665//2621 
f 1714//2622 665//2622 1715//2622 
f 1798//2623 99//2623 1392//2623 
f 1798//2624 515//2624 99//2624 
f 963//2625 2038//2625 960//2625 
f 1122//2626 1721//2626 1720//2626 
f 511//2627 1720//2627 1721//2627 
f 408//2628 409//2628 2036//2628 
f 1555//2629 96//2629 95//2629 
f 1749//2630 1131//2630 1436//2630 
f 1495//2631 649//2631 58//2631 
f 58//2632 649//2632 271//2632 
f 1532//2633 1853//2633 1852//2633 
f 465//2634 1852//2634 364//2634 
f 1054//2635 1398//2635 1531//2635 
f 13//2636 1398//2636 1054//2636 
f 636//2637 638//2637 456//2637 
f 636//2638 456//2638 1518//2638 
f 460//2639 1312//2639 1150//2639 
f 440//2640 1028//2640 626//2640 
f 626//2641 1298//2641 440//2641 
f 1767//2642 802//2642 910//2642 
f 1767//2643 2128//2643 802//2643 
f 1446//2644 1445//2644 2029//2644 
f 59//2645 882//2645 241//2645 
f 880//2646 241//2646 882//2646 
f 22//2647 1635//2647 1242//2647 
f 1635//2648 22//2648 1786//2648 
f 302//2649 309//2649 1582//2649 
f 1583//2650 2108//2650 309//2650 
f 552//2651 1624//2651 1623//2651 
f 1624//2652 552//2652 85//2652 
f 567//2653 1790//2653 1466//2653 
f 1466//2654 1790//2654 1791//2654 
f 2083//2655 579//2655 578//2655 
f 42//2656 1448//2656 43//2656 
f 849//2657 850//2657 815//2657 
usemtl Material__31744
f 740//2658 913//2658 1971//2658 
f 740//2659 1309//2659 913//2659 
usemtl Material_002
f 2045//2660 672//2660 1950//2660 
f 1511//2661 404//2661 403//2661 
f 1511//2662 403//2662 1997//2662 
f 969//2663 393//2663 392//2663 
f 969//2664 1353//2664 393//2664 
f 489//2665 2019//2665 33//2665 
f 311//2666 1096//2666 1300//2666 
f 1300//2667 2031//2667 311//2667 
usemtl Material__31744
f 1308//2668 737//2668 1963//2668 
f 737//2669 1308//2669 738//2669 
usemtl Material_002
f 417//2670 1179//2670 415//2670 
f 1795//2671 1614//2671 1794//2671 
f 1794//2672 1614//2672 1796//2672 
f 1033//2673 172//2673 1061//2673 
f 1061//2674 663//2674 1033//2674 
f 837//2675 1700//2675 1057//2675 
f 1222//2676 563//2676 1223//2676 
f 1223//2677 563//2677 1348//2677 
f 1983//2678 1041//2678 1810//2678 
f 1041//2679 2086//2679 1810//2679 
f 1892//2680 776//2680 2048//2680 
f 2048//2681 2065//2681 1892//2681 
f 881//2682 430//2682 1458//2682 
f 431//2683 430//2683 881//2683 
f 1835//2684 626//2684 996//2684 
f 1142//2685 1876//2685 634//2685 
f 1875//2686 634//2686 1876//2686 
f 699//2687 1087//2687 697//2687 
f 774//2500 1473//2500 775//2500 
f 70//2688 1742//2688 71//2688 
f 1745//2689 70//2689 404//2689 
f 503//2690 261//2690 1414//2690 
f 261//2691 260//2691 1414//2691 
f 1914//2692 555//2692 949//2692 
f 851//2693 141//2693 555//2693 
f 1473//2500 1475//2500 775//2500 
f 867//2694 2074//2694 865//2694 
f 2074//2695 867//2695 1301//2695 
usemtl Material__31744
f 669//2696 1917//2696 670//2696 
f 1917//2697 669//2697 1866//2697 
usemtl Material_002
f 1613//2698 791//2698 1435//2698 
f 1035//2699 876//2699 1946//2699 
f 1728//2700 1035//2700 1946//2700 
f 1083//2701 472//2701 2026//2701 
f 45//2702 47//2702 1546//2702 
f 45//2703 1546//2703 553//2703 
f 142//2704 1444//2704 143//2704 
f 555//2705 143//2705 1444//2705 
f 2085//2706 1026//2706 703//2706 
f 703//2707 1026//2707 2093//2707 
f 1803//2708 1487//2708 1247//2708 
f 1803//2709 125//2709 1487//2709 
f 1517//2710 2009//2710 640//2710 
f 1071//2711 2009//2711 1517//2711 
f 1734//2712 2081//2712 2118//2712 
f 880//2713 1859//2713 1860//2713 
f 880//2714 882//2714 1859//2714 
f 455//2715 1478//2715 456//2715 
f 1221//2716 1478//2716 455//2716 
f 1461//2717 1020//2717 1019//2717 
f 1019//2718 1915//2718 1461//2718 
f 1280//2719 1418//2719 980//2719 
f 1729//2720 980//2720 1418//2720 
f 1686//2721 1313//2721 474//2721 
f 1988//2722 474//2722 1313//2722 
f 340//2723 514//2723 1616//2723 
f 1219//2724 2129//2724 723//2724 
f 723//2725 2129//2725 990//2725 
f 470//2726 18//2726 798//2726 
f 798//2727 800//2727 470//2727 
usemtl Material__31744
f 1308//2728 1963//2728 1311//2728 
f 1936//1485 1311//1485 1963//1485 
usemtl Material_002
f 961//2729 830//2729 951//2729 
f 565//2730 1393//2730 566//2730 
f 838//2731 566//2731 1393//2731 
f 116//44 2116//44 2130//44 
f 1045//2732 2131//2732 1815//2732 
f 771//2733 1303//2733 1681//2733 
f 1326//2734 745//2734 1479//2734 
f 1326//2735 746//2735 745//2735 
f 1929//2736 935//2736 1797//2736 
f 935//2737 1929//2737 936//2737 
f 120//2738 122//2738 1731//2738 
f 1214//2739 1731//2739 122//2739 
f 1134//2740 1537//2740 1135//2740 
f 1224//2741 2083//2741 1215//2741 
f 431//2742 883//2742 1855//2742 
f 883//2743 1201//2743 1855//2743 
f 944//2744 1928//2744 350//2744 
usemtl Material__31744
f 1190//2745 1573//2745 1191//2745 
f 2079//2746 1191//2746 1573//2746 
usemtl Material_002
f 945//2747 435//2747 464//2747 
f 626//2748 1028//2748 945//2748 
f 1583//2749 1932//2749 841//2749 
f 996//2750 841//2750 1932//2750 
f 1307//2751 807//2751 1002//2751 
f 1307//2752 1329//2752 807//2752 
f 11//82 5//82 2127//82 
f 1338//2753 1370//2753 1576//2753 
f 957//2754 959//2754 1749//2754 
f 2096//2755 131//2755 752//2755 
f 385//2756 387//2756 752//2756 
f 1617//2757 330//2757 61//2757 
f 630//2758 330//2758 1617//2758 
f 1679//2759 1991//2759 1990//2759 
f 330//2760 1956//2760 903//2760 
f 1955//2761 903//2761 1956//2761 
f 1373//2762 1972//2762 1115//2762 
f 585//2763 583//2763 1580//2763 
f 1262//2764 1580//2764 1583//2764 
f 1078//2765 1681//2765 1524//2765 
f 1078//2766 1524//2766 1523//2766 
f 477//2767 1018//2767 1015//2767 
usemtl Material__31744
f 1544//2768 670//2768 1954//2768 
f 1917//2769 1954//2769 670//2769 
usemtl Material_002
f 2085//2770 410//2770 1497//2770 
f 1567//2771 152//2771 1006//2771 
f 152//2772 1567//2772 1719//2772 
f 1629//2773 1740//2773 269//2773 
f 650//2774 269//2774 1740//2774 
f 1185//2775 1067//2775 1984//2775 
f 2107//2776 1232//2776 579//2776 
f 1725//1062 2132//1062 1168//1062 
f 1525//2777 2133//2777 1013//2777 
f 2134//2778 932//2778 1013//2778 
usemtl Material__31744
f 741//2779 2064//2779 2062//2779 
usemtl Material_002
f 905//2780 1612//2780 906//2780 
f 153//2781 485//2781 102//2781 
f 102//2782 485//2782 103//2782 
f 322//2783 716//2783 869//2783 
f 1644//2784 322//2784 861//2784 
f 273//2785 209//2785 211//2785 
f 859//2786 856//2786 855//2786 
f 992//2787 994//2787 1423//2787 
f 994//2788 2039//2788 1423//2788 
f 2057//1058 1080//1058 778//1058 
f 188//2789 190//2789 1180//2789 
f 459//2790 458//2790 190//2790 
f 1474//561 1167//561 1169//561 
f 1789//2791 1522//2791 1463//2791 
f 1463//2792 1522//2792 1462//2792 
f 1895//2793 770//2793 769//2793 
f 8//2794 502//2794 1979//2794 
f 8//2795 500//2795 502//2795 
f 2098//2796 750//2796 172//2796 
f 596//2797 78//2797 1768//2797 
f 1768//2798 78//2798 1773//2798 
f 522//2799 217//2799 216//2799 
f 520//2800 522//2800 216//2800 
f 1081//505 776//505 1082//505 
f 1217//2801 2135//2801 1220//2801 
f 1217//2802 1220//2802 722//2802 
f 1970//2803 602//2803 1687//2803 
f 67//2804 1718//2804 1870//2804 
f 67//2805 1353//2805 1718//2805 
f 965//2806 967//2806 1825//2806 
f 1825//2807 1708//2807 965//2807 
f 570//2808 1793//2808 1288//2808 
f 1793//2809 2110//2809 1288//2809 
f 2003//2810 1234//2810 1689//2810 
f 1663//2811 1654//2811 1653//2811 
f 1981//2812 295//2812 1510//2812 
f 964//2813 1981//2813 1510//2813 
f 1732//2814 864//2814 1733//2814 
f 1732//2815 1166//2815 864//2815 
f 200//2816 1862//2816 317//2816 
f 200//2817 1697//2817 1862//2817 
f 678//2818 1252//2818 929//2818 
f 678//2819 676//2819 1252//2819 
f 916//2820 918//2820 1059//2820 
f 1059//2821 918//2821 1123//2821 
f 1394//2822 2061//2822 1122//2822 
f 1122//2823 2061//2823 1721//2823 
f 75//2824 1426//2824 1428//2824 
f 1109//2825 75//2825 76//2825 
f 731//2826 733//2826 1986//2826 
f 733//2827 1601//2827 1986//2827 
f 64//2828 1827//2828 176//2828 
f 64//2829 176//2829 178//2829 
f 2038//2830 963//2830 1482//2830 
f 2136//2831 1593//2831 960//2831 
f 1481//2832 1593//2832 2136//2832 
f 408//2833 407//2833 409//2833 
f 478//2834 1904//2834 1641//2834 
f 523//2835 525//2835 408//2835 
f 523//2836 895//2836 525//2836 
f 688//2837 809//2837 2015//2837 
f 601//2838 688//2838 2015//2838 
f 1641//2839 1904//2839 1292//2839 
f 1118//2840 1199//2840 1503//2840 
f 73//2841 1334//2841 1333//2841 
f 73//2842 1333//2842 74//2842 
f 2137//2083 1208//2083 2076//2083 
f 1692//2843 1694//2843 1362//2843 
f 249//2844 1926//2844 1927//2844 
f 1282//2845 1927//2845 1926//2845 
f 878//2846 1714//2846 1716//2846 
f 1716//2847 2101//2847 878//2847 
f 1108//2848 2089//2848 1657//2848 
f 1108//2849 488//2849 2089//2849 
f 1684//2850 645//2850 1789//2850 
f 1684//2851 1001//2851 645//2851 
f 1660//2852 1796//2852 384//2852 
f 1663//2853 1660//2853 384//2853 
f 1879//2854 1293//2854 1880//2854 
f 756//2855 1521//2855 2070//2855 
f 433//2856 139//2856 1196//2856 
f 1196//2857 852//2857 433//2857 
f 201//2858 545//2858 1770//2858 
f 202//2859 201//2859 1770//2859 
f 106//2860 1104//2860 1558//2860 
f 1104//2861 106//2861 297//2861 
f 25//2862 175//2862 9//2862 
f 25//2863 9//2863 1979//2863 
f 234//2864 557//2864 132//2864 
f 2073//2865 132//2865 557//2865 
f 198//2866 1290//2866 767//2866 
f 1396//2867 221//2867 1395//2867 
f 875//2868 221//2868 1396//2868 
f 696//2869 694//2869 1647//2869 
f 1161//2870 1492//2870 1407//2870 
f 1159//2871 1492//2871 1161//2871 
f 2121//2872 1913//2872 108//2872 
f 108//2873 1913//2873 212//2873 
f 2065//2874 2049//2874 1475//2874 
f 1769//2875 1344//2875 1476//2875 
f 1401//2876 1402//2876 1645//2876 
f 1400//2877 1401//2877 480//2877 
f 603//2878 605//2878 606//2878 
f 819//2879 1211//2879 1586//2879 
f 1052//2880 819//2880 1586//2880 
f 516//2881 93//2881 92//2881 
f 1973//2882 516//2882 92//2882 
f 513//2883 442//2883 351//2883 
f 2080//2884 1366//2884 1364//2884 
f 930//2885 1602//2885 1601//2885 
f 1638//2886 1637//2886 381//2886 
f 2017//2887 381//2887 1637//2887 
f 442//2888 513//2888 2138//2888 
f 810//2889 512//2889 55//2889 
f 55//2890 512//2890 1721//2890 
f 1004//2891 1302//2891 1002//2891 
f 349//2892 352//2892 351//2892 
f 1356//2893 648//2893 647//2893 
f 1358//2894 1356//2894 647//2894 
f 1513//2895 1338//2895 1557//2895 
f 468//2896 68//2896 18//2896 
f 19//2897 18//2897 68//2897 
f 655//2898 2139//2898 244//2898 
f 655//2899 654//2899 2139//2899 
f 356//2900 690//2900 1076//2900 
f 1076//2901 1075//2901 356//2901 
f 444//2902 1495//2902 817//2902 
f 1673//2903 546//2903 1182//2903 
f 1182//2904 1184//2904 1673//2904 
f 183//2905 1966//2905 1965//2905 
f 728//2906 1180//2906 1686//2906 
f 1457//2907 1323//2907 1571//2907 
f 1571//2908 1323//2908 1552//2908 
f 1953//2909 1962//2909 518//2909 
f 1952//2910 1953//2910 518//2910 
f 2027//2911 1841//2911 1840//2911 
f 1072//2912 1042//2912 1850//2912 
f 1851//2913 1659//2913 2050//2913 
f 452//2914 2050//2914 1659//2914 
f 687//2915 1674//2915 809//2915 
f 689//2916 1674//2916 687//2916 
f 1843//2917 651//2917 186//2917 
f 2010//2918 1843//2918 186//2918 
f 699//2919 1868//2919 1087//2919 
f 2140//2920 255//2920 1875//2920 
f 1875//2921 255//2921 1989//2921 
f 1834//2922 698//2922 1411//2922 
f 1872//2923 680//2923 1124//2923 
f 1124//2924 1331//2924 1872//2924 
f 1270//2925 1269//2925 1934//2925 
f 84//2926 1787//2926 1452//2926 
f 2082//2927 1452//2927 1787//2927 
usemtl Material__31744
f 1176//2928 1651//2928 1652//2928 
usemtl Material_002
f 324//2929 165//2929 1774//2929 
f 324//2930 1755//2930 165//2930 
f 1044//2931 1695//2931 1045//2931 
f 975//2932 1171//2932 1814//2932 
f 975//2933 1172//2933 1171//2933 
f 427//2934 1203//2934 1838//2934 
f 427//2935 901//2935 1203//2935 
f 1554//2936 1106//2936 1557//2936 
f 1554//2937 1107//2937 1106//2937 
f 1919//2938 253//2938 2140//2938 
f 253//2939 255//2939 2140//2939 
f 1150//2940 458//2940 460//2940 
f 1534//2941 1536//2941 48//2941 
f 49//2942 48//2942 1536//2942 
f 1722//2943 1925//2943 889//2943 
f 1766//2944 889//2944 1925//2944 
f 467//2945 707//2945 465//2945 
f 705//2946 707//2946 467//2946 
f 365//2947 1853//2947 547//2947 
f 1324//2948 1821//2948 1250//2948 
f 1324//2949 1550//2949 1821//2949 
f 898//2950 23//2950 1839//2950 
f 23//2951 898//2951 21//2951 
f 941//2952 1410//2952 1299//2952 
f 1616//2953 941//2953 1299//2953 
f 1550//2954 1551//2954 123//2954 
f 1551//2955 1239//2955 123//2955 
f 1996//2956 408//2956 524//2956 
f 524//2957 234//2957 1996//2957 
f 1473//2958 2052//2958 2053//2958 
f 1029//2959 1032//2959 1030//2959 
f 436//2960 1030//2960 1032//2960 
f 883//2961 148//2961 1201//2961 
f 148//2962 1357//2962 1201//2962 
f 462//2963 700//2963 968//2963 
f 1133//2964 1135//2964 911//2964 
f 1606//2965 1935//2965 589//2965 
f 1780//2966 753//2966 948//2966 
f 753//2967 1452//2967 948//2967 
f 907//2968 2041//2968 908//2968 
f 1286//2969 2141//2969 1850//2969 
f 2072//2970 2141//2970 1286//2970 
f 452//2971 475//2971 730//2971 
f 1995//2972 77//2972 1993//2972 
f 79//2973 1995//2973 1993//2973 
f 525//2974 897//2974 559//2974 
f 1338//2975 1340//2975 1370//2975 
f 487//2976 486//2976 2142//2976 
f 486//2977 1543//2977 2142//2977 
f 1775//2978 736//2978 86//2978 
f 1775//2979 1774//2979 736//2979 
f 726//2980 391//2980 668//2980 
f 391//2981 726//2981 2102//2981 
f 621//2982 1468//2982 208//2982 
f 1756//2983 1468//2983 621//2983 
f 1479//2984 341//2984 744//2984 
f 745//2985 341//2985 1479//2985 
f 280//2986 934//2986 402//2986 
f 1090//2987 1595//2987 2143//2987 
f 1486//2988 509//2988 1247//2988 
f 507//2989 509//2989 1486//2989 
f 2056//2990 1822//2990 2058//2990 
f 1010//2991 1011//2991 712//2991 
f 1440//2992 208//2992 1467//2992 
f 1468//2993 1467//2993 208//2993 
f 940//2994 942//2994 2144//2994 
f 942//2995 828//2995 2144//2995 
f 1662//2996 1661//2996 2043//2996 
f 1662//2997 2043//2997 1794//2997 
f 503//2998 1414//2998 1413//2998 
f 258//2999 503//2999 1413//2999 
f 500//3000 2084//3000 501//3000 
f 977//3001 390//3001 2145//3001 
f 390//3002 389//3002 2145//3002 
f 185//3003 187//3003 1739//3003 
f 187//3004 1740//3004 1739//3004 
f 890//3005 892//3005 1741//3005 
f 1235//135 531//135 357//135 
f 1235//3006 357//3006 1915//3006 
f 2146//3007 722//3007 725//3007 
f 724//3008 1217//3008 722//3008 
f 1266//3009 1268//3009 304//3009 
f 1267//3010 304//3010 1268//3010 
usemtl Material__31744
f 1680//3011 1422//3011 1679//3011 
usemtl Material_002
f 185//3012 1739//3012 2028//3012 
f 1812//3013 185//3013 2028//3013 
f 1152//3014 787//3014 1153//3014 
f 1152//3015 785//3015 787//3015 
usemtl Material__31744
f 669//3016 671//3016 1943//3016 
f 671//3017 1193//3017 1943//3017 
usemtl Material_002
f 756//3018 2070//3018 1902//3018 
f 135//3019 1449//3019 1968//3019 
f 1449//3020 42//3020 1968//3020 
f 1906//3021 633//3021 632//3021 
f 539//3022 2029//3022 1445//3022 
usemtl Material__31744
f 1892//3023 739//3023 1891//3023 
usemtl Material_002
f 536//3024 538//3024 588//3024 
f 1033//3025 876//3025 1034//3025 
f 170//3026 1034//3026 876//3026 
f 708//3027 297//3027 1806//3027 
f 298//3028 297//3028 708//3028 
f 2085//3029 703//3029 441//3029 
f 410//3030 441//3030 443//3030 
f 2055//3031 326//3031 325//3031 
f 1926//3032 1388//3032 2035//3032 
f 1388//3033 1387//3033 2035//3033 
f 1951//3034 1952//3034 517//3034 
f 1952//3035 518//3035 517//3035 
f 1877//3036 634//3036 1989//3036 
f 1501//3037 260//3037 2114//3037 
f 359//3038 2115//3038 260//3038 
f 63//3039 62//3039 215//3039 
f 1773//3040 784//3040 1772//3040 
f 400//3041 1773//3041 1772//3041 
f 1218//3042 1220//3042 1496//3042 
f 1218//3043 1496//3043 338//3043 
f 1060//3044 265//3044 1058//3044 
f 1060//3045 1058//3045 121//3045 
f 1202//3046 2010//3046 1839//3046 
f 1202//3047 1843//3047 2010//3047 
f 683//3048 781//3048 1325//3048 
f 1152//3049 1441//3049 785//3049 
f 1879//3050 785//3050 1441//3050 
f 2034//3051 1158//3051 1064//3051 
f 2034//3052 1072//3052 1158//3052 
f 1753//3053 1643//3053 1056//3053 
f 1753//3054 1056//3054 1754//3054 
f 62//3055 130//3055 2073//3055 
f 214//3056 62//3056 2073//3056 
f 422//3057 910//3057 1817//3057 
f 1817//3058 1862//3058 422//3058 
f 1778//3059 1541//3059 2033//3059 
f 1778//3060 1776//3060 1541//3060 
f 624//3061 1764//3061 622//3061 
f 1765//3062 1764//3062 624//3062 
f 1261//3063 85//3063 83//3063 
f 318//3064 1261//3064 83//3064 
f 506//3065 1415//3065 1412//3065 
f 506//3066 505//3066 1415//3066 
f 1080//3067 2057//3067 1454//3067 
f 238//3068 2004//3068 1458//3068 
f 1860//3069 1458//3069 2004//3069 
f 793//3070 1093//3070 1437//3070 
f 1832//3071 747//3071 1345//3071 
f 1345//3072 747//3072 150//3072 
f 1257//3073 1830//3073 1829//3073 
f 1328//3074 1257//3074 1829//3074 
f 267//3075 1701//3075 380//3075 
f 1701//3076 1240//3076 380//3076 
f 1980//3077 293//3077 1172//3077 
f 975//3078 1980//3078 1172//3078 
f 400//3079 399//3079 27//3079 
f 1768//3080 400//3080 27//3080 
f 1435//3081 1749//3081 1436//3081 
f 1914//3082 949//3082 1545//3082 
f 1450//3083 1545//3083 949//3083 
f 224//3084 2016//3084 36//3084 
f 1797//3085 935//3085 1391//3085 
f 1797//3086 1391//3086 1798//3086 
f 92//3087 94//3087 1175//3087 
f 1403//3088 1175//3088 94//3088 
f 875//3089 874//3089 873//3089 
f 1396//3090 874//3090 875//3090 
f 1461//3091 693//3091 1493//3091 
f 711//3092 607//3092 710//3092 
f 720//3093 358//3093 1502//3093 
f 256//3094 358//3094 720//3094 
f 350//3095 1156//3095 582//3095 
f 1156//3096 871//3096 582//3096 
f 398//3097 1772//3097 1960//3097 
f 398//3098 1960//3098 1439//3098 
f 1807//3099 1806//3099 1847//3099 
f 708//3100 1806//3100 1807//3100 
f 1538//3101 732//3101 1777//3101 
f 732//3102 1598//3102 1777//3102 
usemtl Material__31744
f 1978//3103 741//3103 2063//3103 
f 1204//3104 1999//3104 493//3104 
f 1206//3105 493//3105 1999//3105 
usemtl Material_002
f 1209//3106 1587//3106 1589//3106 
f 174//3107 1587//3107 1209//3107 
f 1907//3108 1819//3108 1909//3108 
f 1818//3109 1819//3109 1907//3109 
f 1052//3110 1845//3110 820//3110 
f 1052//3111 156//3111 1845//3111 
f 1237//3112 1577//3112 1114//3112 
f 2052//3113 1381//3113 2053//3113 
f 1947//3114 969//3114 971//3114 
f 970//3115 65//3115 971//3115 
f 2067//3116 2068//3116 1425//3116 
f 1858//3117 682//3117 684//3117 
f 25//3118 1225//3118 159//3118 
f 159//3119 1225//3119 373//3119 
f 625//3120 438//3120 1298//3120 
f 1400//3121 480//3121 482//3121 
f 657//3122 1400//3122 482//3122 
f 764//3123 1117//3123 1116//3123 
f 1116//3124 1951//3124 764//3124 
f 1099//3125 1674//3125 1677//3125 
f 1677//3126 1097//3126 1099//3126 
f 510//3127 812//3127 1802//3127 
f 1802//3128 812//3128 811//3128 
f 1622//3129 1405//3129 1623//3129 
f 194//3130 1405//3130 1622//3130 
f 374//3131 376//3131 1500//3131 
f 374//3132 1500//3132 768//3132 
f 303//3133 302//3133 1933//3133 
f 302//3134 1582//3134 1933//3134 
f 447//3135 1605//3135 448//3135 
f 153//3136 102//3136 1916//3136 
f 1745//3137 1846//3137 1743//3137 
f 1846//3138 1228//3138 1743//3138 
f 789//3139 244//3139 2139//3139 
f 654//3140 789//3140 2139//3140 
f 788//3141 977//3141 2145//3141 
f 788//3142 2145//3142 389//3142 
f 1911//3143 2096//3143 1945//3143 
f 844//3144 1220//3144 1217//3144 
f 964//3145 1540//3145 1539//3145 
f 964//3146 1511//3146 1540//3146 
f 858//3147 2051//3147 1764//3147 
f 996//3148 1263//3148 1835//3148 
f 858//3149 1471//3149 2051//3149 
f 1110//3150 879//3150 1372//3150 
f 1275//3151 879//3151 1110//3151 
f 782//3152 1994//3152 1295//3152 
f 782//3153 77//3153 1994//3153 
f 1305//3154 2024//3154 1785//3154 
f 1804//3155 1305//3155 1785//3155 
f 871//3156 303//3156 1933//3156 
f 479//3157 1642//3157 2147//3157 
f 387//3158 386//3158 1945//3158 
f 933//3159 2045//3159 1503//3159 
f 1336//3160 112//3160 1337//3160 
f 1548//3161 112//3161 1336//3161 
f 1327//3162 744//3162 1801//3162 
f 1801//3163 345//3163 1327//3163 
f 2058//3164 1822//3164 2059//3164 
f 1296//3165 438//3165 625//3165 
f 1296//3166 625//3166 1386//3166 
f 406//3167 245//3167 714//3167 
f 191//3168 1090//3168 252//3168 
f 1090//3169 1840//3169 252//3169 
f 873//3170 219//3170 875//3170 
f 873//3171 1878//3171 219//3171 
f 761//3172 1737//3172 1736//3172 
f 761//3173 1736//3173 1565//3173 
f 1359//3174 1194//3174 1360//3174 
f 1614//3175 1359//3175 1360//3175 
f 1798//3176 1392//3176 421//3176 
f 421//3177 1392//3177 98//3177 
f 1664//3178 602//3178 1665//3178 
f 1664//3179 1665//3179 250//3179 
f 1160//3180 1618//3180 619//3180 
f 1159//3181 1160//3181 619//3181 
f 1846//3182 1746//3182 1883//3182 
f 1214//3183 122//3183 735//3183 
f 162//3184 1214//3184 735//3184 
f 642//3185 1647//3185 694//3185 
f 1695//3186 1631//3186 2131//3186 
f 1815//3187 2131//3187 1631//3187 
f 1472//3188 1750//3188 615//3188 
f 211//3189 1472//3189 615//3189 
f 2101//3190 1716//3190 1763//3190 
f 677//3191 676//3191 678//3191 
f 674//3192 676//3192 677//3192 
f 904//3193 1231//3193 579//3193 
f 454//3194 453//3194 1313//3194 
f 242//3195 1657//3195 243//3195 
f 653//3196 243//3196 1657//3196 
f 734//3197 1566//3197 162//3197 
f 734//3198 1958//3198 1566//3198 
f 872//3199 874//3199 1527//3199 
f 872//3200 1527//3200 392//3200 
f 2013//3201 1339//3201 2012//3201 
f 851//3202 853//3202 141//3202 
f 853//3203 1938//3203 141//3203 
f 275//3204 1062//3204 988//3204 
f 310//3205 312//3205 1975//3205 
f 2060//3206 940//3206 2144//3206 
f 351//3207 1885//3207 2008//3207 
f 681//3208 1629//3208 679//3208 
f 1330//3209 679//3209 1629//3209 
f 1682//3210 495//3210 89//3210 
f 1682//3211 496//3211 495//3211 
f 1239//3212 1620//3212 1240//3212 
f 1551//3213 1620//3213 1239//3213 
f 168//3214 170//3214 1428//3214 
f 1961//3215 168//3215 1428//3215 
f 1005//3216 900//3216 1812//3216 
f 1811//3217 1812//3217 900//3217 
f 376//3218 375//3218 1188//3218 
f 1188//3219 375//3219 2125//3219 
f 1582//3220 309//3220 2108//3220 
f 1580//3221 1582//3221 2108//3221 
f 1200//3222 652//3222 651//3222 
f 652//3223 1200//3223 1357//3223 
f 1028//3224 436//3224 435//3224 
f 327//3225 2046//3225 42//3225 
f 327//3226 329//3226 2046//3226 
f 1116//3227 521//3227 1951//3227 
f 1951//3228 521//3228 1337//3228 
f 434//3229 1489//3229 1363//3229 
f 1489//3230 434//3230 46//3230 
f 596//3231 29//3231 2110//3231 
f 2110//3232 29//3232 1288//3232 
f 1132//3233 959//3233 772//3233 
f 1248//3234 145//3234 1249//3234 
f 811//3235 145//3235 1248//3235 
f 814//3236 848//3236 815//3236 
f 26//3237 1979//3237 927//3237 
f 25//3238 1979//3238 26//3238 
f 2118//3239 2081//3239 1896//3239 
f 1134//3240 1385//3240 1494//3240 
f 88//3241 288//3241 1706//3241 
f 288//3242 88//3242 87//3242 
f 518//3243 1604//3243 519//3243 
f 2138//3244 410//3244 443//3244 
f 442//3245 2138//3245 443//3245 
f 1886//3246 166//3246 165//3246 
f 1886//3247 1055//3247 166//3247 
f 1043//3248 270//3248 1341//3248 
f 1341//3249 270//3249 1358//3249 
f 688//3250 1537//3250 893//3250 
f 1134//3251 893//3251 1537//3251 
f 520//3252 216//3252 1548//3252 
f 520//3253 1548//3253 1336//3253 
f 1024//3254 1026//3254 940//3254 
f 1024//3255 940//3255 2060//3255 
f 1055//3256 1755//3256 1754//3256 
f 717//3257 1754//3257 1755//3257 
f 420//3258 1930//3258 1598//3258 
f 1930//3259 420//3259 98//3259 
f 1675//3260 240//3260 239//3260 
f 239//3261 1101//3261 1675//3261 
f 1239//3262 1241//3262 1924//3262 
f 1701//3263 1924//3263 1241//3263 
f 348//3264 1983//3264 352//3264 
f 1983//3265 1884//3265 352//3265 
f 804//3266 318//3266 802//3266 
f 1528//3267 397//3267 1283//3267 
f 395//3268 397//3268 1528//3268 
f 334//3269 1383//3269 550//3269 
f 550//3270 332//3270 334//3270 
f 798//3271 1639//3271 2104//3271 
f 712//3272 611//3272 604//3272 
f 848//3273 701//3273 849//3273 
f 352//3274 1884//3274 1267//3274 
f 1267//3275 1884//3275 304//3275 
f 914//3276 57//3276 56//3276 
f 56//3277 2061//3277 914//3277 
f 1879//3278 1880//3278 1508//3278 
f 1508//3279 1880//3279 588//3279 
f 1427//3280 1426//3280 1109//3280 
f 1109//3281 1426//3281 75//3281 
f 892//3282 1390//3282 1837//3282 
f 892//3283 1837//3283 795//3283 
f 1638//3284 1634//3284 1636//3284 
f 1636//3285 1634//3285 2018//3285 
f 539//3286 1445//3286 1460//3286 
f 1844//3287 2103//3287 820//3287 
f 2103//3288 821//3288 820//3288 
f 1813//3289 1105//3289 296//3289 
f 296//3290 1105//3290 297//3290 
f 1646//3291 93//3291 1957//3291 
f 674//3292 1646//3292 1957//3292 
f 530//3293 1001//3293 1685//3293 
f 530//3294 1685//3294 1684//3294 
f 388//3295 487//3295 2142//3295 
f 388//3296 2142//3296 242//3296 
f 367//3297 1516//3297 1119//3297 
f 1909//3298 101//3298 103//3298 
f 101//3299 1909//3299 1251//3299 
f 279//3300 278//3300 1781//3300 
f 1083//3301 1761//3301 1084//3301 
f 328//3302 2036//3302 231//3302 
f 329//3303 328//3303 231//3303 
f 1574//3304 416//3304 2148//3304 
f 1670//3305 457//3305 638//3305 
f 227//3306 1670//3306 638//3306 
f 468//3307 69//3307 68//3307 
f 468//3308 1878//3308 69//3308 
f 1198//3309 1195//3309 1938//3309 
f 1198//3310 575//3310 1195//3310 
f 570//3311 569//3311 571//3311 
f 570//3312 1790//3312 569//3312 
f 818//3313 820//3313 1871//3313 
f 818//3314 1871//3314 1870//3314 
f 1026//3315 2085//3315 976//3315 
f 938//3316 976//3316 2085//3316 
f 237//3317 1676//3317 1101//3317 
f 1675//3318 1101//3318 1676//3318 
f 1528//3319 1432//3319 529//3319 
f 749//3320 529//3320 1432//3320 
f 1110//3321 1374//3321 1111//3321 
f 38//3322 656//3322 39//3322 
f 1402//3323 656//3323 38//3323 
f 1830//3324 1031//3324 463//3324 
f 438//3325 1830//3325 463//3325 
f 180//3326 1602//3326 1252//3326 
f 180//3327 1252//3327 181//3327 
f 832//3328 1833//3328 1832//3328 
f 834//3329 1833//3329 832//3329 
f 432//3330 1887//3330 1655//3330 
f 1653//3331 1655//3331 1887//3331 
f 1561//3332 1560//3332 639//3332 
f 1560//3333 1561//3333 106//3333 
f 1708//3334 276//3334 1824//3334 
f 276//3335 1709//3335 1824//3335 
f 2094//3336 1563//3336 1690//3336 
f 776//3337 1563//3337 2094//3337 
f 329//3338 1959//3338 385//3338 
f 793//3339 1437//3339 1836//3339 
f 44//3340 136//3340 1376//3340 
f 458//3341 1180//3341 190//3341 
f 1264//3342 129//3342 128//3342 
f 1264//3343 1810//3343 129//3343 
f 441//3344 410//3344 2085//3344 
f 1900//3345 454//3345 2047//3345 
f 1900//3346 2047//3346 1312//3346 
f 1853//3347 364//3347 1852//3347 
f 364//3348 1853//3348 365//3348 
f 429//3349 428//3349 1322//3349 
f 429//3350 1322//3350 430//3350 
f 2067//3351 1808//3351 2068//3351 
f 1808//3352 1426//3352 2068//3352 
f 1188//3353 373//3353 2040//3353 
f 24//3354 2040//3354 373//3354 
f 1630//3355 1170//3355 268//3355 
f 1629//3356 1170//3356 1630//3356 
f 928//3357 199//3357 926//3357 
f 24//3358 926//3358 199//3358 
f 816//3359 1940//3359 451//3359 
f 1450//3360 1452//3360 2082//3360 
f 1450//3361 2082//3361 554//3361 
f 1363//3362 1489//3362 140//3362 
f 139//3363 1363//3363 140//3363 
f 969//3364 1894//3364 970//3364 
f 1894//3365 972//3365 970//3365 
f 1228//3366 1847//3366 105//3366 
f 308//3367 840//3367 839//3367 
f 1320//3368 289//3368 1321//3368 
f 1321//3369 289//3369 87//3369 
f 1173//3370 1931//3370 1174//3370 
f 1173//3371 40//3371 1931//3371 
f 315//3372 314//3372 1594//3372 
f 1719//3373 315//3373 1594//3373 
f 1319//3374 284//3374 983//3374 
f 1319//3375 983//3375 1320//3375 
f 2096//3376 752//3376 387//3376 
f 1493//3377 693//3377 539//3377 
f 1949//3378 1381//3378 2109//3378 
f 2109//3379 1454//3379 1949//3379 
f 1752//3380 1284//3380 118//3380 
f 2054//3381 1867//3381 2078//3381 
f 1867//3382 2079//3382 2078//3382 
f 1142//3383 1143//3383 1919//3383 
f 1919//3384 1143//3384 253//3384 
f 2125//3385 375//3385 1187//3385 
f 1046//3386 1903//3386 1881//3386 
f 723//3387 990//3387 248//3387 
f 989//3388 248//3388 990//3388 
f 1004//3389 1022//3389 1302//3389 
f 1499//3390 2021//3390 1143//3390 
f 473//3391 472//3391 1085//3391 
f 1085//3392 1507//3392 473//3392 
f 1650//3393 340//3393 1616//3393 
f 591//3394 1596//3394 1965//3394 
f 183//3395 1965//3395 1596//3395 
f 2146//3396 724//3396 722//3396 
f 2146//3397 725//3397 724//3397 
f 1580//3398 583//3398 1581//3398 
f 871//3399 1581//3399 583//3399 
f 328//3400 408//3400 2036//3400 
f 188//3401 1179//3401 1985//3401 
f 1985//3402 331//3402 188//3402 
f 1730//3403 1729//3403 966//3403 
f 1730//3404 966//3404 965//3404 
f 432//3405 1490//3405 1792//3405 
f 432//3406 1655//3406 1490//3406 
f 2051//3407 1471//3407 1610//3407 
f 1471//3408 1747//3408 1610//3408 
f 1274//3409 946//3409 1273//3409 
f 1046//3410 1043//3410 1903//3410 
f 923//3411 985//3411 1535//3411 
f 1535//3412 985//3412 49//3412 
f 72//3413 1997//3413 403//3413 
f 70//3414 72//3414 403//3414 
usemtl Material__31744
f 2112//3415 1205//3415 1628//3415 
usemtl Material_002
f 814//3416 702//3416 848//3416 
f 701//3417 848//3417 702//3417 
f 1068//3418 301//3418 478//3418 
f 1233//3419 301//3419 1068//3419 
f 1041//3420 347//3420 2086//3420 
f 1553//3421 2086//3421 347//3421 
f 210//3422 1826//3422 538//3422 
f 281//3423 1667//3423 1940//3423 
f 283//3424 1667//3424 281//3424 
f 1967//3425 1838//3425 383//3425 
f 383//3426 1242//3426 1967//3426 
f 2107//3427 1349//3427 1481//3427 
f 2107//3428 1223//3428 1349//3428 
f 171//3429 664//3429 663//3429 
f 171//3430 1127//3430 664//3430 
f 1748//3431 210//3431 1747//3431 
f 855//3432 210//3432 1748//3432 
f 1148//3433 905//3433 1480//3433 
f 1148//3434 1480//3434 1482//3434 
f 933//3435 932//3435 2149//3435 
f 213//3436 895//3436 44//3436 
f 895//3437 523//3437 44//3437 
f 1484//3438 1702//3438 1928//3438 
f 886//3439 2032//3439 884//3439 
f 736//3440 1317//3440 87//3440 
f 1321//3441 87//3441 1317//3441 
f 1012//3442 2069//3442 609//3442 
f 399//3443 1791//3443 28//3443 
f 1790//3444 28//3444 1791//3444 
f 2083//3445 1704//3445 1215//3445 
f 1215//3446 1704//3446 1216//3446 
f 1809//3447 1427//3447 2000//3447 
f 1809//3448 2000//3448 1810//3448 
f 1238//3449 1556//3449 2150//3449 
f 1556//3450 1338//3450 2150//3450 
f 470//3451 469//3451 18//3451 
f 18//3452 469//3452 468//3452 
f 146//3453 1281//3453 1447//3453 
f 146//3454 811//3454 1281//3454 
f 851//3455 555//3455 1914//3455 
f 1546//3456 851//3456 1914//3456 
f 859//3457 855//3457 860//3457 
f 1305//3154 1669//3154 2024//3154 
f 2024//3458 1669//3458 1303//3458 
f 321//3459 2123//3459 1451//3459 
f 84//3460 1451//3460 2123//3460 
f 534//3461 1130//3461 2106//3461 
f 1129//3462 2106//3462 1130//3462 
f 1266//3463 304//3463 303//3463 
f 1266//3464 303//3464 871//3464 
f 1391//3465 937//3465 1710//3465 
f 1710//3466 937//3466 1600//3466 
f 1517//3467 640//3467 1103//3467 
f 640//3468 639//3468 1103//3468 
f 1250//3469 1974//3469 1248//3469 
f 1250//3470 1821//3470 1974//3470 
f 2010//3471 1811//3471 899//3471 
f 1811//3472 900//3472 899//3472 
f 415//3473 2111//3473 1181//3473 
f 2111//3474 476//3474 1181//3474 
f 89//3475 1418//3475 90//3475 
f 620//3476 90//3476 1418//3476 
f 1927//3477 810//3477 2105//3477 
f 2105//3478 810//3478 55//3478 
f 1233//3479 824//3479 299//3479 
f 299//3480 301//3480 1233//3480 
f 535//3481 1047//3481 1049//3481 
f 986//3482 57//3482 1515//3482 
f 55//3483 57//3483 986//3483 
f 270//3484 1815//3484 268//3484 
f 1630//3485 268//3485 1815//3485 
f 749//3486 1034//3486 169//3486 
f 749//3487 169//3487 529//3487 
f 62//3488 61//3488 130//3488 
f 130//3489 61//3489 752//3489 
f 2114//3490 2115//3490 721//3490 
f 260//3491 2115//3491 2114//3491 
f 567//3492 1162//3492 203//3492 
f 203//3493 1162//3493 204//3493 
f 862//3494 1163//3494 1921//3494 
f 1165//3495 1921//3495 1163//3495 
f 507//3496 1486//3496 265//3496 
f 507//3497 265//3497 1059//3497 
f 2045//3498 1950//3498 1503//3498 
f 711//3499 557//3499 560//3499 
f 1598//3500 1602//3500 1599//3500 
f 2030//3501 1962//3501 1164//3501 
f 2030//3502 518//3502 1962//3502 
f 1285//3503 794//3503 888//3503 
f 1831//3504 794//3504 1285//3504 
f 955//3505 954//3505 1888//3505 
f 543//3506 847//3506 1899//3506 
f 2005//3507 2011//3507 1812//3507 
f 1227//3508 411//3508 1845//3508 
f 1227//3509 1226//3509 411//3509 
f 2133//3510 2134//3510 1013//3510 
f 2007//3511 1885//3511 729//3511 
f 2007//3512 729//3512 263//3512 
f 1782//3513 2037//3513 279//3513 
f 2126//3514 2151//3514 2120//3514 
f 100//3515 515//3515 1982//3515 
f 411//3516 1051//3516 1844//3516 
f 1844//3517 1051//3517 821//3517 
f 1955//3518 330//3518 630//3518 
f 7//3519 1828//3519 500//3519 
f 8//3520 7//3520 500//3520 
f 1765//3521 1766//3521 79//3521 
f 1543//3522 1657//3522 242//3522 
f 1232//3523 1481//3523 905//3523 
f 2107//3524 1481//3524 1232//3524 
f 1160//3525 1619//3525 1618//3525 
f 1153//3526 1618//3526 1619//3526 
f 1638//3527 381//3527 1243//3527 
f 1243//3528 1635//3528 1638//3528 
f 2102//3529 726//3529 725//3529 
f 247//3530 2102//3530 725//3530 
f 1339//3531 1140//3531 1139//3531 
f 1140//3532 1339//3532 1138//3532 
f 946//3533 2152//3533 1276//3533 
f 1731//3534 1213//3534 1393//3534 
f 1214//3535 1213//3535 1731//3535 
f 1557//3536 533//3536 1513//3536 
f 1106//3537 533//3537 1557//3537 
f 1767//3538 1818//3538 2128//3538 
f 1818//3539 1908//3539 2128//3539 
f 1713//3540 1727//3540 1714//3540 
f 1713//3541 1712//3541 1727//3541 
f 1775//3542 1705//3542 1289//3542 
f 311//3543 1771//3543 1096//3543 
f 1771//3544 1896//3544 1096//3544 
f 213//3545 2121//3545 1009//3545 
f 213//3546 1913//3546 2121//3546 
f 2031//3547 868//3547 313//3547 
f 1174//3548 974//3548 1973//3548 
f 1174//3549 1973//3549 92//3549 
f 2066//3550 1475//3550 1169//3550 
f 2066//3551 1169//3551 1991//3551 
f 1729//3552 1418//3552 1417//3552 
f 966//3553 1729//3553 1417//3553 
f 1404//3554 756//3554 1063//3554 
f 1113//3555 1238//3555 1114//3555 
f 609//3556 2069//3556 610//3556 
f 644//3557 1864//3557 1460//3557 
f 2087//3558 1864//3558 644//3558 
f 1633//3559 1786//3559 2091//3559 
f 1635//3560 1786//3560 1633//3560 
f 688//3561 894//3561 689//3561 
f 60//3562 689//3562 894//3562 
f 1642//3563 631//3563 2153//3563 
f 1955//3564 134//3564 903//3564 
f 308//3565 839//3565 995//3565 
f 996//3566 995//3566 839//3566 
f 2070//3567 1272//3567 1289//3567 
f 1539//3568 1541//3568 1776//3568 
f 1539//3569 1776//3569 98//3569 
usemtl Material__31744
f 1176//3570 1453//3570 1177//3570 
f 1453//3571 1176//3571 290//3571 
usemtl Material_002
f 1827//3572 2124//3572 176//3572 
f 2124//3573 1827//3573 1828//3573 
f 2072//3574 1286//3574 2071//3574 
f 2012//3575 1547//3575 535//3575 
f 535//3576 1547//3576 1338//3576 
f 569//3577 568//3577 571//3577 
f 568//3578 218//3578 571//3578 
f 459//3579 190//3579 189//3579 
f 1805//3580 206//3580 1439//3580 
f 1805//3581 1439//3581 1441//3581 
f 706//3582 361//3582 465//3582 
f 362//3583 361//3583 706//3583 
f 1345//3584 150//3584 1346//3584 
f 150//3585 1719//3585 1346//3585 
f 665//3586 97//3586 1715//3586 
f 1715//3587 97//3587 1763//3587 
f 939//3588 843//3588 1409//3588 
f 939//3589 1409//3589 940//3589 
f 786//3590 3//3590 2//3590 
f 1879//3591 3//3591 786//3591 
f 981//3592 580//3592 1941//3592 
f 981//3593 1941//3593 1280//3593 
f 357//3594 1977//3594 641//3594 
f 357//44 356//44 1977//44 
f 2001//3595 1109//3595 127//3595 
f 127//3596 2000//3596 2001//3596 
f 1262//3597 585//3597 1580//3597 
f 585//3598 1262//3598 840//3598 
f 750//3599 2098//3599 751//3599 
f 751//3600 2098//3600 1033//3600 
f 716//3601 1542//3601 869//3601 
f 1185//3602 759//3602 758//3602 
f 945//3603 1028//3603 435//3603 
f 2154//1131 773//1131 959//1131 
f 1368//3604 1371//3604 1369//3604 
f 1401//3605 1645//3605 480//3605 
f 677//3606 480//3606 1645//3606 
f 1477//3607 1476//3607 1344//3607 
usemtl Material__31744
f 1572//3608 1944//3608 1193//3608 
usemtl Material_002
f 1477//3609 1688//3609 551//3609 
f 551//3610 550//3610 1477//3610 
f 754//3611 126//3611 673//3611 
f 754//3612 378//3612 126//3612 
f 863//3613 15//3613 1733//3613 
f 861//3614 1733//3614 15//3614 
f 1597//3615 617//3615 755//3615 
f 1597//3616 755//3616 1404//3616 
f 1226//3617 158//3617 1861//3617 
f 1226//3618 1861//3618 159//3618 
f 704//3619 467//3619 466//3619 
f 363//3620 704//3620 466//3620 
f 359//3621 1189//3621 2115//3621 
f 844//3622 939//3622 1857//3622 
f 1857//3623 1497//3623 844//3623 
f 422//3624 1697//3624 423//3624 
f 423//3625 1697//3625 1696//3625 
f 1329//3626 1888//3626 954//3626 
f 954//3627 805//3627 1329//3627 
f 1642//3628 2088//3628 1292//3628 
f 1608//3629 622//3629 1609//3629 
f 594//3630 1607//3630 1287//3630 
f 107//3631 1057//3631 1012//3631 
f 1010//3632 107//3632 1012//3632 
f 1745//3633 1742//3633 70//3633 
f 1745//3634 1743//3634 1742//3634 
f 915//3635 1515//3635 914//3635 
f 49//3636 1515//3636 915//3636 
f 1644//3637 1753//3637 716//3637 
f 1644//3638 716//3638 322//3638 
f 1608//3639 1747//3639 537//3639 
f 210//3640 537//3640 1747//3640 
f 1948//3641 675//3641 181//3641 
f 1252//3642 675//3642 1948//3642 
f 1312//3643 460//3643 1314//3643 
f 1430//3644 1429//3644 73//3644 
f 1430//3645 877//3645 1429//3645 
f 438//3646 1297//3646 1328//3646 
f 464//3647 1328//3647 1297//3647 
f 449//3648 1386//3648 1783//3648 
f 449//3649 1783//3649 1784//3649 
f 324//3650 1774//3650 1934//3650 
f 1775//3651 1934//3651 1774//3651 
f 65//3652 1947//3652 971//3652 
f 178//3653 1947//3653 65//3653 
f 744//3654 743//3654 1800//3654 
f 743//3655 345//3655 1800//3655 
f 2019//3656 700//3656 33//3656 
f 808//3657 700//3657 2019//3657 
f 1602//3658 180//3658 179//3658 
f 360//3659 1788//3659 361//3659 
f 1102//3660 639//3660 1559//3660 
f 1559//3661 1640//3661 1102//3661 
f 845//3662 847//3662 1299//3662 
f 1299//3663 1410//3663 845//3663 
f 1779//3664 1384//3664 333//3664 
f 2039//3665 994//3665 993//3665 
f 491//3666 346//3666 2022//3666 
f 1145//3667 2022//3667 346//3667 
f 559//3668 897//3668 606//3668 
f 615//3669 275//3669 1230//3669 
f 612//3670 957//3670 790//3670 
f 790//3671 957//3671 1749//3671 
# 3706 faces

