# 3ds Max Wavefront OBJ Exporter v0.99 - (c)2007 guruware
# File Created: 02.05.2025 21:29:39

mtllib tornado.mtl

#
# object Cylinder
#

v  -9.1939 36.7844 -15.5226
v  -22.5033 74.5409 -5.5024
v  -8.6802 36.9344 -15.4564
v  -22.7912 73.9628 -5.0667
v  -33.6722 110.2870 7.8682
v  -32.8291 112.6677 8.9483
v  -39.8548 147.9115 24.9283
v  -37.8246 152.4809 26.2205
v  -39.5009 188.7142 44.2866
v  -39.6176 185.3682 45.1220
v  -34.3642 225.9068 64.0697
v  -29.2924 234.4347 64.6127
v  -25.0888 259.0505 83.3334
v  -22.3100 74.7302 -6.0101
v  -8.2387 37.0067 -15.5243
v  -33.3033 112.3642 7.2977
v  -41.2080 145.4292 23.7111
v  -41.3752 186.4679 43.1926
v  -37.0425 223.2057 63.2053
v  -26.5325 260.2846 82.6176
v  -21.7832 76.1554 -6.2446
v  -7.7776 37.1063 -15.5264
v  -33.7431 111.3175 6.3480
v  -41.5097 146.2978 22.7873
v  -42.9128 185.0818 42.0785
v  -36.7149 227.6773 62.3233
v  -26.8023 263.9770 81.7317
v  -21.1558 77.9632 -6.3798
v  -7.2483 37.3045 -15.3199
v  -34.2575 109.8746 5.3235
v  -41.6749 147.5520 21.9024
v  -42.1198 190.1544 41.3644
v  -37.0619 230.4956 61.4352
v  -28.2097 265.2117 80.9858
v  -20.7764 78.8061 -6.7080
v  -6.7821 37.4315 -15.2388
v  -33.2178 114.4094 5.1184
v  -41.9909 148.2376 20.9550
v  -41.1788 195.6494 40.6736
v  -38.2069 231.3294 60.5225
v  -29.4444 266.7761 80.2002
v  -20.4979 79.2285 -7.1178
v  -6.3501 37.5177 -15.2260
v  -32.3637 118.2125 4.8222
v  -41.3375 152.1322 20.3727
v  -40.8352 228.4977 59.4884
v  -40.3443 200.8481 39.9622
v  -30.3711 268.9605 79.3706
v  7.1484 -0.4671 -18.5151
v  7.6021 -0.5005 -18.3075
v  -9.6695 36.6817 -15.4833
v  -23.0743 73.3709 -4.6239
v  -32.4579 113.1977 9.8001
v  -36.6521 154.1691 27.2315
v  -39.4897 182.6616 45.9859
v  -26.4009 237.6819 65.1246
v  -17.0574 272.0615 82.6192
v  -17.0560 267.5826 83.5576
v  -2.2638 303.3032 99.1331
v  -6.5087 299.6923 99.6839
v  -3.2801 310.9564 97.5365
v  -6.8871 308.4962 97.8503
v  -10.3628 306.3481 97.9824
v  -13.9758 303.9688 98.0209
v  -15.7758 305.1047 97.5082
v  -19.3221 302.8637 97.3306
v  -32.5748 268.3705 78.6184
v  -41.2448 231.0051 58.5675
v  -41.5978 200.0030 38.9100
v  -39.9627 158.4679 20.0562
v  -32.3530 118.6715 4.0928
v  -20.3465 79.0995 -7.6458
v  -5.9492 37.5591 -15.2918
v  10.3261 1.2840 -18.4104
v  10.6980 0.3635 -17.4218
v  9.8795 1.4881 -18.8213
v  9.4069 1.1202 -18.7652
v  8.9403 0.5279 -18.5182
v  8.4895 -0.1628 -18.1816
v  8.0495 -0.5191 -18.1006
v  -5.6338 37.4448 -15.6656
v  -20.5309 76.5517 -9.2580
v  -5.3589 37.2178 -16.2660
v  -20.3274 78.3584 -8.3169
v  -33.2028 115.8243 2.0735
v  -32.6466 117.8401 3.1813
v  -43.2611 150.2026 17.0266
v  -41.8353 153.6550 18.5148
v  -47.0523 189.5137 35.8460
v  -44.6530 193.8717 37.3919
v  -46.7750 224.3429 56.0474
v  -44.2409 227.1469 57.3439
v  -38.7961 263.2250 76.9146
v  -20.5982 75.1811 -10.1090
v  -5.0308 37.0507 -16.7384
v  -33.5935 114.3437 1.0194
v  -42.9257 152.7974 16.3285
v  -48.2083 188.6437 34.5817
v  -45.6692 230.3754 55.3372
v  -20.3525 75.1311 -10.6223
v  -4.5995 37.0982 -16.7569
v  -34.2174 111.7139 -0.2593
v  -42.9526 154.0641 15.4544
v  -48.8897 189.0715 33.4440
v  -46.4558 231.7319 54.3025
v  -40.7323 266.9801 75.0182
v  -20.1615 74.7533 -11.2182
v  -4.1414 37.2310 -16.5855
v  -34.8265 108.9300 -1.6127
v  -43.1151 154.7788 14.5039
v  -48.4754 192.6763 32.6986
v  -51.0996 223.4629 52.3667
v  -44.9647 261.8525 73.7878
v  -19.6155 76.0623 -11.3491
v  -3.7412 37.2003 -16.7458
v  -34.2404 111.3360 -2.0035
v  -42.6111 157.8440 13.9034
v  -49.8343 190.9404 31.2681
v  -53.0202 221.8201 50.9045
v  -46.4046 262.5887 72.7037
v  -19.0004 77.7282 -11.3663
v  -3.3344 37.1743 -16.8866
v  -34.1314 111.5462 -2.7998
v  -44.5034 152.0304 11.9266
v  -51.1168 189.3098 29.7985
v  -52.6176 225.9007 50.0947
v  -46.5543 266.0254 71.7601
v  11.0146 -0.6162 -16.3817
v  -35.0018 267.2656 77.8117
v  -18.1021 309.7512 96.1267
v  -20.3563 309.9192 95.6337
v  -25.9761 303.6509 95.5852
v  -38.4616 267.8918 76.0046
v  -29.7710 300.8921 95.0566
v  -30.4183 304.0134 94.1732
v  -32.1344 305.0928 93.3601
v  -34.3881 305.1231 92.5385
v  -36.3735 305.6187 91.6580
v  -46.8197 269.1878 70.8013
v  -54.4841 224.2263 48.5700
v  -51.3033 190.9101 28.7839
v  -46.0582 147.1550 9.9607
v  -34.2598 110.5536 -3.8327
v  -18.4285 79.1966 -11.4206
v  -2.8879 37.3381 -16.6155
v  12.3511 -4.5427 -11.6187
v  12.6803 -4.3690 -11.4424
v  12.1758 -4.0583 -12.2847
v  12.1026 -2.9577 -13.4218
v  11.9940 -1.7351 -14.6595
v  11.7382 -1.0523 -15.4812
v  11.3708 -0.9332 -15.8580
v  -2.4526 37.5258 -16.2812
v  -17.3278 81.9645 -11.5276
v  -2.0494 37.5486 -16.2867
v  -17.6695 81.6505 -11.1871
v  -33.7966 111.6682 -5.2701
v  -33.6829 112.8003 -4.2118
v  -45.5188 150.9490 8.4249
v  -45.7475 149.2359 9.2220
v  -51.9789 192.9782 26.5771
v  -51.8626 191.2940 27.5789
v  -53.9669 231.4686 46.8669
v  -52.1882 233.0547 48.3693
v  -52.2519 264.7771 68.0169
v  -17.2730 80.6541 -12.3200
v  -1.6462 37.6009 -16.2192
v  -33.6385 111.7413 -6.0800
v  -46.4154 148.0993 6.7431
v  -54.0905 188.2574 24.4598
v  -58.3721 222.9513 44.2222
v  -52.9389 266.8568 66.9287
v  -17.2888 78.7276 -13.3008
v  -1.2499 37.8574 -15.7066
v  -33.8103 109.9961 -7.2862
v  -46.4945 148.3733 5.6605
v  -56.3010 182.9338 22.0779
v  -61.0913 218.5782 41.9881
v  -51.0867 274.4674 66.3802
v  -17.1513 77.4821 -14.0919
v  -0.8786 38.1174 -15.1768
v  -33.3273 111.5502 -7.7617
v  -46.6020 148.4216 4.5297
v  -56.9693 182.4308 20.5840
v  -61.5973 219.9047 40.7322
v  -54.3664 270.7642 64.7060
v  -16.8449 77.1646 -14.6034
v  -0.5201 38.2609 -14.8867
v  -33.0340 112.0363 -8.4647
v  -47.5806 144.5767 2.5313
v  -57.6094 181.8887 19.0611
v  -63.2493 218.0653 38.8336
v  -56.0075 270.5870 63.3266
v  -16.6687 75.7979 -15.4335
v  -0.1717 38.3768 -14.6469
v  -32.7387 112.4498 -9.1754
v  -47.5938 144.7057 1.3943
v  -55.5615 190.4147 19.4957
v  -63.0461 221.1568 37.9194
v  -58.7004 267.9796 61.5672
v  13.1864 -3.5745 -11.7155
v  -47.1502 272.1796 69.8319
v  -41.2236 300.7062 90.6770
v  -44.1904 299.2784 89.5841
v  -42.5128 306.5051 88.7440
v  -49.3676 297.6743 87.1932
v  -49.7844 300.8625 86.1911
v  -51.0538 302.4119 85.0631
v  -58.1013 292.9762 82.7730
v  -58.1498 296.6908 81.7938
v  -60.6973 266.8213 59.9243
v  -62.9623 223.8869 36.9368
v  -55.0704 193.6587 18.8083
v  -47.5413 145.0112 0.2995
v  -32.6065 111.8258 -10.1215
v  -16.3144 75.5497 -15.9142
v  0.1855 38.3933 -14.6097
v  15.2082 -2.4237 -10.4505
v  15.5632 -2.1657 -10.2513
v  14.6282 -3.2888 -10.2127
v  13.9811 -4.3842 -9.7935
v  13.5707 -4.8635 -9.7920
v  13.5514 -4.1758 -10.6190
v  13.5215 -3.4046 -11.5131
v  0.5641 38.3206 -14.7528
v  -15.1948 78.2285 -15.8399
v  0.9116 38.3705 -14.6278
v  -15.6871 77.4026 -15.7229
v  -31.9374 112.6032 -11.5166
v  -32.3272 111.9268 -10.8927
v  -47.4490 145.1945 -1.9862
v  -47.6034 144.6574 -0.9520
v  -56.5055 191.5447 15.6116
v  -55.5648 193.4589 17.4081
v  -63.3713 227.5998 34.6175
v  -62.4728 227.7083 36.1872
v  -67.9133 256.7531 54.9219
v  -14.7489 78.6664 -16.0671
v  1.2516 38.4259 -14.4838
v  -31.8024 111.5522 -12.5558
v  -47.4783 144.7028 -3.2731
v  -55.7820 195.4575 15.1096
v  -65.0078 225.2547 32.5168
v  -69.6120 255.8600 53.0384
v  -14.4282 77.8978 -16.6700
v  1.6578 38.3064 -14.6986
v  -31.6200 110.5960 -13.5733
v  -46.5943 148.6966 -3.4250
v  -57.8752 188.9770 12.1980
v  -64.5814 228.7479 31.7266
v  -68.7728 260.8560 52.4282
v  -14.1643 76.2767 -17.5457
v  2.1314 38.0683 -15.1491
v  -31.1679 111.3477 -14.1509
v  -46.0519 150.9526 -3.9992
v  -60.0421 181.5922 8.8552
v  -64.4327 231.4010 30.7508
v  -69.8600 261.2604 50.8112
v  -13.7736 75.7097 -18.0735
v  2.7410 37.6190 -16.0207
v  -30.8151 111.2856 -14.9266
v  -45.7554 151.8901 -4.8906
v  -58.0185 190.4288 9.7130
v  -64.3605 233.7859 29.7198
v  -65.7026 274.1785 51.8828
v  -13.3180 75.7777 -18.3824
v  3.3581 37.2380 -16.7293
v  -30.3050 112.2984 -15.4120
v  -45.7342 151.2453 -6.1779
v  -57.1357 194.7803 9.3960
v  -65.8553 231.3744 27.5391
v  -69.3018 268.4698 49.0099
v  15.9680 -1.7842 -10.1248
v  -63.7236 263.2151 57.7888
v  -60.5906 295.8082 80.2148
v  -55.6719 309.0359 80.4146
v  -57.3971 309.4668 79.0683
v  -62.4276 303.3718 76.7605
v  -65.3709 301.2287 74.8378
v  -65.9369 303.6952 73.6462
v  -67.9308 303.2634 71.9161
v  -69.2054 304.1959 70.4053
v  -72.2873 263.9829 46.2045
v  -67.6972 227.6436 24.9414
v  -58.6529 189.4267 6.5837
v  -46.0248 148.6104 -7.9968
v  -29.5255 115.3774 -15.3444
v  -12.8894 75.3278 -18.8526
v  3.8334 37.1374 -16.8457
v  18.1792 0.0036 -8.7718
v  18.2957 -0.1782 -8.2126
v  18.0040 0.0983 -9.2752
v  17.6552 -0.1496 -9.5545
v  17.1958 -0.6343 -9.6684
v  16.9510 -0.6398 -10.0839
v  16.4636 -1.1942 -10.1245
v  4.1982 37.2081 -16.6031
v  -12.0415 73.1369 -20.1994
v  4.6771 37.1116 -16.6871
v  -12.4764 74.2993 -19.5074
v  -28.4509 117.7192 -16.1565
v  -28.7725 118.2783 -15.3095
v  -44.6748 154.0219 -8.7811
v  -45.5405 150.2054 -8.6931
v  -58.1612 192.5898 4.5692
v  -58.2211 191.8271 5.7928
v  -68.4225 228.9507 21.9457
v  -68.1358 228.1065 23.3946
v  -73.5567 266.2669 43.1928
v  -11.5639 72.3710 -20.7479
v  5.1936 36.9760 -16.8344
v  -28.3231 115.1902 -17.5229
v  -44.1802 155.6096 -9.4497
v  -59.1917 188.3558 1.9389
v  -69.2071 228.0311 19.9935
v  -74.9926 265.2094 41.0805
v  -11.0065 74.0269 -20.4617
v  5.5175 37.0816 -16.4937
v  -28.1547 112.4326 -18.9646
v  -43.7004 157.0445 -10.1456
v  -58.9003 189.8230 0.9112
v  -68.1985 233.0254 19.7196
v  -74.6290 268.7465 40.2031
v  -10.4055 77.6985 -19.4821
v  5.7182 37.3122 -15.9056
v  -27.7681 111.4002 -19.9363
v  -44.2081 151.8494 -12.6520
v  -58.7402 190.5780 -0.3149
v  -69.4703 230.1956 17.2094
v  -76.2553 266.9487 37.8409
v  -9.8599 80.0334 -18.9445
v  5.9869 37.4431 -15.5090
v  -27.0794 113.6333 -19.9886
v  -44.0525 150.5774 -14.0973
v  -58.2854 192.6558 -1.1432
v  -70.4668 228.0272 14.8338
v  -77.9098 264.8684 35.3294
v  -9.3680 80.9402 -18.8754
v  6.3047 37.5075 -15.2351
v  -26.3828 116.0032 -19.9884
v  -43.2731 153.7232 -14.2719
v  -58.2049 192.7964 -2.5342
v  -71.4476 225.6116 12.3300
v  -78.2217 266.3398 33.8531
v  18.0915 -0.9323 -7.3146
v  -72.5261 266.1593 44.9646
v  -70.3516 305.3235 68.9122
v  -73.0002 303.2840 66.7027
v  -76.2509 299.8368 64.0461
v  -76.2422 303.1277 62.9830
v  -78.3821 301.7838 60.7304
v  -80.6584 299.9965 58.2806
v  -81.2110 301.8755 56.8182
v  -80.5449 306.4258 56.1212
v  -80.1469 263.0979 30.8806
v  -71.7196 225.6168 10.5695
v  -58.7078 189.6552 -4.9283
v  -42.8508 154.1377 -15.2118
v  -25.7957 117.0742 -20.3326
v  -8.9085 80.2975 -19.3156
v  6.4876 37.6957 -14.7240
v  18.1026 -2.3336 -3.8766
v  18.7737 -1.4121 -3.8784
v  17.6876 -2.8497 -4.0560
v  17.9736 -2.1951 -4.8339
v  18.0526 -1.8460 -5.4636
v  18.1094 -1.4992 -6.0993
v  18.0437 -1.3368 -6.6354
v  6.5676 37.9622 -14.0689
v  -7.9238 77.4016 -20.7068
v  6.6479 38.2046 -13.4632
v  -8.4341 78.6878 -20.0713
v  -25.0331 112.5482 -22.8558
v  -25.4708 114.4018 -21.7093
v  -41.9278 155.1183 -17.0125
v  -42.2413 155.9073 -15.7495
v  -59.8898 180.3169 -10.8630
v  -59.4401 184.5880 -7.9872
v  -71.3364 228.8954 8.1236
v  -71.0781 229.0720 9.9349
v  -83.3220 257.6473 25.0034
v  -7.3971 76.7759 -21.1062
v  6.9066 38.2682 -13.1830
v  -24.2349 116.7484 -22.2680
v  -41.9889 150.3383 -19.4612
v  -59.3642 181.9157 -11.7927
v  -71.0792 230.6794 6.9617
v  -82.7444 261.3236 24.2565
v  -6.8704 76.6650 -21.3187
v  7.6581 37.9054 -13.6484
v  -23.5911 118.3559 -22.4021
v  -41.6871 148.1752 -21.1474
v  -58.8362 183.4317 -12.7362
v  -72.9611 223.0000 2.5464
v  -81.5583 266.9077 24.1822
v  -6.3482 76.8260 -21.4267
v  8.6326 37.3840 -14.3540
v  -23.0277 118.3935 -22.9646
v  -41.0957 148.8442 -21.9598
v  -58.1252 186.1659 -13.2551
v  -72.3458 226.0319 1.8317
v  -81.4698 269.0049 22.9009
v  -5.7372 75.1846 -22.1265
v  9.4215 37.0404 -14.7155
v  -22.6215 113.6627 -24.8788
v  -40.3831 150.8886 -22.3338
v  -57.3650 189.2306 -13.6499
v  -71.5751 229.7598 1.3736
v  -84.3182 261.2037 18.0345
v  -5.1407 74.3847 -22.5278
v  9.8110 37.0174 -14.5167
v  -22.0572 110.7599 -26.2705
v  -39.8964 149.7462 -23.6738
v  -56.9766 189.4611 -14.9801
v  -72.0580 227.4146 -1.2313
v  -85.9507 256.8036 14.2472
v  19.1711 -0.9308 -3.6447
v  -82.6563 257.7518 27.0847
v  -82.2024 305.7189 53.9081
v  -83.8582 304.8761 51.6036
v  -83.8937 307.6945 50.4106
v  -87.6693 301.5112 46.2754
v  -88.4441 302.3247 44.3833
v  -88.1048 305.8329 43.4267
v  -90.3608 302.6958 40.1043
v  -83.8769 265.5975 15.5438
v  -71.9358 227.7452 -2.8850
v  -56.6412 188.9975 -16.5359
v  -39.1716 151.7571 -24.0240
v  -21.3828 112.4099 -26.3242
v  -4.6047 74.6936 -22.5446
v  10.1898 36.9994 -14.2998
v  20.5442 0.5616 -1.3637
v  20.6195 0.6290 -0.8842
v  20.2615 0.2094 -1.7250
v  20.3373 0.3926 -2.2986
v  20.4512 0.6574 -2.9128
v  19.9417 0.0007 -3.1163
v  19.4225 -0.6726 -3.2921
v  10.7121 36.8752 -14.2405
v  -3.5711 75.6985 -22.4134
v  11.2164 36.7654 -14.1410
v  -4.0924 75.2869 -22.4548
v  -20.0481 110.2067 -27.9863
v  -20.7335 109.8960 -27.5756
v  -37.9507 151.4239 -26.0263
v  -38.4970 152.9125 -24.6226
v  -55.8872 187.6359 -19.7766
v  -56.2615 188.5515 -18.0788
v  -72.9218 220.4247 -9.2143
v  -72.1286 226.1466 -5.2500
v  -82.6937 272.4705 14.0275
v  -2.8747 74.1645 -22.9950
v  11.7152 36.6601 -14.0179
v  -19.3828 113.6068 -27.4815
v  -37.3938 148.8484 -27.7630
v  -55.3840 187.5794 -21.1667
v  -72.4798 221.6589 -10.5258
v  -83.7040 269.8021 10.9563
v  -2.1369 72.5583 -23.5778
v  12.1525 36.5956 -13.8184
v  -18.7148 115.2013 -27.4891
v  -36.6517 150.3428 -28.2030
v  -55.2033 182.9408 -24.1740
v  -71.9442 223.3727 -11.6374
v  -84.8061 266.2862 7.4886
v  -1.3065 70.4755 -24.2883
v  12.2726 36.7352 -13.3157
v  -18.0567 117.2107 -27.3632
v  -35.9601 149.5910 -29.3348
v  -54.6369 182.1576 -25.8088
v  -71.5264 224.1290 -13.1095
v  -85.3796 264.4632 4.6480
v  -0.6287 69.8766 -24.5020
v  12.3390 36.8986 -12.7829
v  -17.3783 117.3791 -27.7517
v  -35.2490 147.4142 -30.9037
v  -54.0635 180.5637 -27.7264
v  -71.2361 223.6752 -15.0478
v  -84.2498 269.8815 4.7719
v  -0.2389 71.4399 -24.0222
v  12.7365 36.8442 -12.5484
v  -16.6368 115.4803 -28.7162
v  -34.4667 149.6288 -31.0583
v  -53.1011 186.0839 -27.0488
v  -70.9091 223.0898 -17.0328
v  -84.5711 268.8100 2.2509
v  20.5802 0.5523 -0.3509
v  -82.7028 271.1419 15.5703
v  -90.2326 307.9994 37.6023
v  -91.7751 306.2208 34.6857
v  -91.2868 309.8729 33.8282
v  -94.0984 304.0661 29.2455
v  -95.2249 302.7321 26.3588
v  -98.3447 294.6748 20.4796
v  -98.3959 296.1016 18.6943
v  -96.7165 303.3359 19.5128
v  -85.5164 264.2585 -1.7622
v  -70.9367 218.4741 -20.6506
v  -52.1894 190.6384 -26.7196
v  -33.6703 146.2374 -32.9782
v  -15.7878 112.1230 -30.0809
v  0.2001 72.5303 -23.6836
v  13.3943 36.6281 -12.5124
v  19.3796 -0.7956 2.9958
v  18.4804 -1.8560 3.6955
v  19.9744 -0.1017 2.3414
v  20.4619 0.4789 1.6882
v  20.6790 0.7244 1.1119
v  20.9253 1.0319 0.5056
v  20.8727 0.9517 0.0194
v  14.0033 36.4447 -12.4093
v  0.5956 77.8175 -22.0323
v  14.7699 36.1696 -12.3930
v  0.4540 74.8376 -22.9623
v  -14.2493 111.5289 -30.9923
v  -14.9876 111.1155 -30.7496
v  -32.0003 146.1954 -34.6107
v  -32.8441 146.1479 -33.8265
v  -50.5025 197.3643 -26.8816
v  -51.3805 193.3292 -27.0433
v  -69.3883 223.7631 -21.9516
v  -70.6033 216.0944 -23.3768
v  -86.4622 257.4589 -8.9906
v  1.1906 77.4651 -22.1192
v  15.3576 36.0019 -12.2196
v  -13.4227 110.6807 -31.5750
v  -31.1037 145.2417 -35.6927
v  -49.9859 193.1932 -29.5921
v  -68.8188 223.8260 -23.6301
v  -85.5493 261.7502 -9.1907
v  1.9649 75.9994 -22.5229
v  15.1469 36.2894 -11.5151
v  -12.6016 110.1819 -32.0374
v  -30.2616 146.3899 -36.0847
v  -49.3447 187.7582 -32.7658
v  -67.8576 228.5816 -23.3840
v  -84.7441 265.3594 -9.6870
v  2.7294 74.7486 -22.8364
v  14.6344 36.7347 -10.6573
v  -11.8462 110.6446 -32.2099
v  -29.5123 149.7947 -35.7477
v  -48.5239 185.4964 -34.7928
v  -67.0493 231.4221 -23.9037
v  -83.3180 272.8689 -8.4694
v  3.4966 73.5984 -23.0949
v  14.4942 36.9563 -10.0636
v  -11.2204 112.6199 -31.9453
v  -28.7261 152.1214 -35.7381
v  -47.6230 183.3493 -36.7608
v  -66.5738 229.3362 -26.3953
v  -83.1786 272.2363 -10.7994
v  4.0077 73.9067 -22.9160
v  14.6256 37.0179 -9.6431
v  -10.0823 109.0045 -33.2079
v  -28.0629 157.3277 -34.8238
v  -46.7354 184.8212 -37.3891
v  -66.1180 224.7115 -29.9276
v  -83.1417 270.3842 -13.6695
v  17.5626 -2.9089 4.3429
v  -86.2263 259.9529 -5.7508
v  -95.9029 307.6566 19.0326
v  -98.0848 301.3945 13.8324
v  -96.3250 310.3362 13.1065
v  -97.4834 306.9216 9.1496
v  -96.9536 309.9175 8.1445
v  -99.6828 298.2881 0.1324
v  -99.7283 297.9115 -2.5148
v  -82.9286 269.1715 -16.2612
v  -65.4304 222.1549 -32.6113
v  -45.8740 187.6502 -37.5079
v  -27.0743 154.7993 -36.2857
v  -9.0110 106.7338 -34.0650
v  4.2111 75.8055 -22.2809
v  14.2689 37.3395 -8.9741
v  19.0077 -0.0635 6.6576
v  18.2448 -0.8038 7.1695
v  19.5802 0.4570 6.1327
v  19.2899 -0.0902 5.7203
v  18.7959 -0.8848 5.3580
v  18.1767 -1.8309 5.0413
v  17.4999 -2.8451 4.7623
v  13.8452 37.6856 -8.3049
v  4.5882 79.4718 -21.0459
v  13.7778 37.8295 -7.8377
v  4.3570 77.9128 -21.5871
v  -7.5984 108.9857 -33.8719
v  -8.0855 106.0433 -34.4638
v  -24.5033 145.1611 -40.5352
v  -25.8910 150.4069 -38.2961
v  -44.2577 197.9166 -36.0730
v  -64.5982 222.7283 -33.9768
v  -45.0277 190.9774 -37.4347
v  -82.6840 261.8800 -23.6918
v  -63.6734 228.2559 -33.2716
v  4.7951 81.0702 -20.4928
v  13.7012 37.9710 -7.3809
v  -7.1239 111.9274 -33.2744
v  -23.3545 143.7182 -41.5689
v  -43.4140 200.7217 -36.1711
v  -62.7929 231.4283 -33.5319
v  -82.3213 258.0602 -27.5204
v  5.3795 80.6695 -20.4786
v  13.9472 37.9361 -7.0707
v  -6.6967 115.1612 -32.5945
v  -22.3143 143.6336 -42.1596
v  -42.3398 195.4827 -39.0719
v  -61.9084 222.4102 -38.7948
v  -81.1601 265.9730 -25.8318
v  6.2400 78.9636 -20.7894
v  15.0667 37.4430 -7.0863
v  -5.7560 114.0867 -33.0311
v  -21.6720 147.2585 -41.6122
v  -40.8687 186.9436 -43.1245
v  -61.0324 227.2926 -38.2890
v  7.1660 77.0786 -21.1103
v  16.2991 36.8958 -7.0816
v  -4.9293 114.0050 -33.1866
v  -20.9507 150.0603 -41.3034
v  -39.7924 186.9134 -44.1321
v  -60.0834 227.7805 -39.5835
v  -79.4482 272.3644 -26.8467
v  7.8539 76.3415 -21.1112
v  16.8155 36.7184 -6.7887
v  -4.1144 114.0357 -33.2932
v  -20.1134 151.7149 -41.3226
v  -38.6466 186.3657 -45.2949
v  -58.9658 224.3819 -42.4550
v  -79.0322 266.1241 -31.6943
v  17.6006 -1.3793 7.6377
v  -83.1785 262.5656 -21.3272
v  -98.9605 301.5629 -3.1413
v  -97.8057 307.2425 -2.7566
v  -97.4576 308.6328 -4.4803
v  -98.0315 304.3208 -9.0479
v  -97.6636 305.1157 -11.0587
v  -80.2149 270.5144 -25.7258
v  -96.8633 308.6642 -11.6593
v  -96.4326 309.5388 -13.6007
v  -96.8496 302.7145 -19.4984
v  -78.2617 264.6294 -34.3361
v  -57.5024 217.7501 -46.6407
v  -37.7468 188.7959 -45.3888
v  -19.2865 153.4140 -41.3128
v  -3.6836 116.7715 -32.7041
v  7.8907 78.3997 -20.4172
v  17.0428 36.6852 -6.3929
v  17.0410 -0.4410 10.2105
v  16.4121 -0.9069 10.5809
v  17.4890 -0.1894 9.8027
v  16.9607 -1.1372 9.3359
v  16.2821 -2.2587 8.8890
v  16.3495 -2.4407 8.4850
v  16.7961 -2.1393 8.0782
v  17.2048 36.6803 -5.9756
v  9.2549 76.9011 -20.3541
v  17.4091 36.6489 -5.5665
v  8.1968 79.2259 -20.0227
v  -1.9186 115.7926 -33.0905
v  -3.1279 118.5207 -32.3550
v  -16.6266 148.8905 -43.5117
v  -18.0535 151.7040 -42.2733
v  -35.4700 188.8092 -47.1960
v  -36.7851 190.5200 -45.7118
v  -55.8531 226.9545 -45.6549
v  -77.3697 257.0204 -39.8602
v  -56.7111 222.8708 -45.9358
v  9.9172 76.2562 -20.2659
v  17.5623 36.6378 -5.1424
v  -1.5556 118.6847 -32.4375
v  -15.4968 148.5217 -44.0157
v  -34.4453 190.0970 -47.6205
v  -54.7641 227.6211 -46.7506
v  -75.5428 265.9879 -39.3954
v  10.7075 75.1285 -20.2593
v  17.5819 36.6879 -4.6919
v  -1.5382 123.7957 -31.2485
v  -14.6482 150.0997 -43.9497
v  -32.9159 187.2946 -49.4062
v  -53.1384 222.5105 -50.1562
v  -74.4115 261.2915 -43.4552
v  11.8107 72.8750 -20.4508
v  17.6375 36.7146 -4.2510
v  -0.6948 123.3187 -31.3941
v  -14.2017 154.3196 -43.1398
v  -31.4868 185.8114 -50.7027
v  -52.0515 224.0437 -50.8374
v  -73.4999 265.4145 -43.3445
v  12.3529 72.7244 -20.1860
v  17.6626 36.7512 -3.8077
v  0.8458 118.6722 -32.4788
v  -13.1482 154.3979 -43.4598
v  -30.3909 186.9016 -51.1068
v  -50.9884 225.8649 -51.3814
v  -72.5157 267.6249 -44.1160
v  12.4495 74.1424 -19.6116
v  17.4637 36.8931 -3.3427
v  2.7009 112.8886 -33.7347
v  -11.3969 150.2748 -44.8782
v  -29.5868 189.9856 -50.8340
v  -49.6920 225.6969 -52.6932
v  -71.0257 261.4252 -48.7812
v  16.0305 -1.0534 10.9631
v  -96.5489 300.3956 -23.1001
v  -76.4856 266.7808 -37.1474
v  -95.5742 295.1076 -30.6575
v  -94.7155 297.4961 -31.7236
v  -93.8776 298.8140 -33.3448
v  -92.9031 304.4851 -32.6322
v  -92.0694 304.9680 -34.6585
v  -91.1993 304.3936 -37.2234
v  -69.9119 262.6952 -49.9294
v  -49.0228 230.9915 -51.8244
v  -29.0979 195.2146 -49.8531
v  -10.4457 151.1666 -44.9162
v  3.8913 111.0514 -34.0536
v  12.4405 75.8793 -18.9807
v  17.2033 37.0597 -2.8853
v  14.6562 -0.5254 13.3194
v  14.4823 -0.3207 13.7261
v  14.7303 -0.8440 12.8877
v  14.4196 -1.6391 12.3649
v  14.8933 -1.4175 12.0474
v  15.6264 -0.8596 11.7668
v  15.8233 -0.9693 11.3648
v  17.1813 37.1033 -2.4576
v  12.8180 77.7753 -18.0195
v  17.0979 37.1718 -2.0310
v  12.5013 77.3071 -18.4123
v  5.5910 110.9143 -33.8570
v  4.7220 111.0819 -33.9454
v  -8.8248 154.4495 -44.5494
v  -9.8440 154.0265 -44.4235
v  -26.7121 195.8420 -51.0368
v  -27.5720 193.2754 -51.1838
v  -45.7259 226.0060 -56.1142
v  -47.2705 227.3535 -54.4402
v  -67.8541 267.6734 -51.0321
v  13.1555 78.1321 -17.6410
v  16.6531 37.4129 -1.6050
v  6.8484 108.9404 -34.0990
v  -7.0960 151.1115 -45.5939
v  -25.0306 193.3068 -52.4807
v  -44.8486 229.3998 -55.9285
v  -66.6527 268.3738 -52.3728
v  13.3278 79.0204 -17.1685
v  16.3780 37.5656 -1.1996
v  8.0510 107.3091 -34.2302
v  -6.0856 151.6786 -45.6217
v  -23.1619 190.1350 -54.0655
v  -43.4471 229.2954 -57.0612
v  -65.7411 272.1784 -52.2787
v  13.2593 80.6874 -16.5700
v  16.5265 37.5052 -0.7943
v  8.7280 108.0175 -33.8980
v  -4.6259 150.0401 -46.1548
v  -21.5018 188.4564 -55.1333
v  -40.8953 222.7605 -60.5684
v  -63.7162 265.9901 -56.6767
v  13.5280 81.1488 -16.1701
v  16.6600 37.4470 -0.3827
v  9.5022 108.2618 -33.6346
v  -3.0394 147.9464 -46.7460
v  -18.8960 182.5439 -57.3970
v  -39.3081 222.2960 -61.7344
v  -61.1720 258.3301 -61.6670
v  14.6265 78.8018 -16.1811
v  16.4032 37.5766 0.0035
v  9.7453 110.7385 -32.9686
v  -1.7120 147.1532 -46.9911
v  -17.3806 182.0978 -57.9793
v  -39.4371 230.9563 -59.5210
v  14.1932 -0.2524 14.0956
v  -68.9257 265.6843 -50.2587
v  -90.2698 305.4689 -38.8923
v  -89.0994 298.5923 -44.7628
v  -88.2077 303.8088 -44.1754
v  -87.2178 306.3769 -44.9829
v  -85.8260 301.9671 -49.4444
v  -84.8070 304.7782 -50.0689
v  -83.3603 302.5234 -53.3263
v  -60.3558 262.6619 -61.2353
v  -82.4352 306.6133 -53.2361
v  -58.7094 261.9018 -63.0430
v  -38.1322 231.8404 -60.1591
v  -17.2902 188.0154 -56.7154
v  -0.8775 148.5524 -46.7175
v  8.9431 117.7474 -31.5065
v  15.8363 76.1524 -16.1723
v  15.8529 37.8472 0.3472
v  13.2943 1.5860 16.7065
v  12.7406 1.3907 16.9530
v  13.1597 0.8459 16.1171
v  13.0483 0.1629 15.5599
v  13.3096 0.0060 15.1847
v  13.4767 -0.2629 14.7719
v  13.7137 -0.4235 14.3907
v  15.4546 38.0387 0.6855
v  18.8586 69.1637 -16.1098
v  15.3624 38.0743 1.0524
v  17.5002 72.1359 -16.2484
v  9.4842 122.1371 -30.2884
v  8.9409 121.2072 -30.6738
v  0.3249 153.2399 -45.7234
v  -0.5484 152.1262 -45.9559
v  -14.6618 188.7698 -57.3030
v  -14.9586 183.9664 -58.2607
v  -33.7682 225.3867 -64.2473
v  -35.0408 224.0240 -63.8742
v  -55.5225 261.7417 -65.9367
v  19.1154 69.5728 -15.6090
v  15.6124 37.9347 1.4775
v  9.8429 123.8362 -29.7626
v  2.3241 149.5465 -46.4709
v  -14.1881 192.7876 -56.5603
v  -31.9437 224.3473 -65.4234
v  -54.1234 262.8861 -66.8008
v  19.2777 70.2293 -15.0850
v  16.0020 37.7188 1.9471
v  10.2874 125.0891 -29.3082
v  3.8403 148.0287 -46.7055
v  -13.2430 194.7050 -56.3835
v  -30.9155 226.8095 -65.3619
v  -52.4551 262.8037 -68.1533
v  19.0693 71.9693 -14.4782
v  16.2908 37.5466 2.4173
v  11.3608 123.5476 -29.2995
v  5.1345 147.4446 -46.7141
v  -11.2762 192.2866 -57.3352
v  -29.3146 226.8491 -66.0966
v  -49.9150 259.0281 -70.9987
v  18.7917 73.8761 -13.8695
v  16.6054 37.3542 2.9137
v  13.1641 119.0278 -29.6945
v  5.9145 148.8583 -46.3201
v  -9.4916 190.7899 -57.9840
v  -27.8113 227.3474 -66.6415
v  -48.4929 260.4005 -71.6503
v  19.0942 73.9776 -13.4001
v  17.0274 37.0992 3.4633
v  14.7474 115.6096 -29.8359
v  7.4437 147.3595 -46.4333
v  -8.4530 192.2908 -57.8341
v  -25.8099 225.9546 -67.7605
v  -48.3145 267.0443 -70.1327
v  12.0366 0.9867 17.0982
v  -57.2865 262.6638 -64.1424
v  -81.0248 305.8001 -55.6745
v  -79.6324 305.7258 -57.6944
v  -78.3280 306.7003 -59.1422
v  -76.4954 304.2034 -62.3268
v  -73.3904 295.3763 -68.6490
v  -73.7270 306.3334 -64.9573
v  -71.8343 304.7774 -67.5292
v  -68.3499 296.1955 -73.4905
v  -46.4507 266.4863 -71.5306
v  -25.8313 232.4357 -66.3247
v  -6.7318 191.1452 -58.3095
v  8.4804 147.7349 -46.1789
v  15.9995 113.5859 -29.7246
v  19.3284 74.2492 -12.9140
v  17.6376 36.7382 4.1028
v  9.6120 1.3250 18.8484
v  8.5461 0.3588 18.5783
v  10.3233 1.7120 18.7938
v  10.9151 1.9135 18.6285
v  11.1639 1.6090 18.2184
v  11.1312 0.9106 17.6349
v  11.5104 0.8379 17.3258
v  18.1003 36.4428 4.7325
v  20.5428 72.4515 -12.0303
v  18.6030 36.1154 5.4125
v  19.7165 74.0212 -12.4505
v  17.4976 113.3700 -28.9368
v  16.8262 113.2018 -29.3726
v  9.9191 150.7230 -45.2430
v  9.6399 147.6287 -45.9804
v  -4.1121 192.0404 -58.3796
v  -5.5465 192.0597 -58.2491
v  -20.3590 224.5319 -69.9283
v  -23.5036 229.7932 -67.7739
v  -42.0983 263.4723 -74.9112
v  20.6146 73.1004 -11.5050
v  19.2256 35.7116 6.1818
v  18.0276 114.0226 -28.4349
v  10.0809 154.2060 -44.4423
v  -2.8929 192.8036 -58.2999
v  -18.6208 224.4642 -70.4349
v  -40.2697 263.5301 -75.9084
v  20.3393 74.7437 -10.9548
v  19.5968 35.4279 6.8872
v  18.6148 114.4127 -27.9499
v  11.2167 154.0260 -44.2154
v  -0.3484 188.9206 -59.1928
v  -16.7081 223.8607 -71.0504
v  -39.4318 267.1727 -75.5163
v  20.4175 75.2953 -10.4434
v  19.4273 35.4259 7.3670
v  19.5897 113.3360 -27.5881
v  12.0857 154.7952 -43.8196
v  1.2961 188.2670 -59.3241
v  -15.7920 226.5566 -70.6974
v  -36.1334 262.2697 -78.2706
v  20.8651 74.7105 -9.9500
v  19.1923 35.4539 7.8153
v  21.5725 108.6402 -27.4745
v  13.1842 154.6955 -43.5301
v  1.6220 192.0374 -58.5322
v  -15.5328 231.3931 -69.7393
v  -34.8920 264.5001 -78.3424
v  21.4153 73.7857 -9.4405
v  18.8470 35.5381 8.2024
v  22.9959 105.9958 -27.1111
v  15.2856 151.0516 -43.6775
v  3.4990 190.5647 -58.7666
v  -11.6284 224.4156 -71.9668
v  -32.8067 263.9898 -79.3628
v  7.4953 -0.6240 18.2537
v  -45.1297 268.2650 -71.9532
v  -67.6332 300.9863 -72.8338
v  -66.9479 305.9134 -72.1099
v  -64.1351 301.5569 -75.8111
v  -62.0982 300.9081 -77.6741
v  -61.6289 306.4643 -76.6081
v  -58.5878 302.1898 -80.0601
v  -57.6109 305.7205 -79.8913
v  -55.2905 304.5018 -81.8297
v  -28.4468 256.7241 -82.6171
v  -10.9411 227.7300 -71.3896
v  6.2728 186.2801 -59.4462
v  17.0539 148.6545 -43.5796
v  22.9907 108.3058 -26.4120
v  21.3402 74.6787 -8.9202
v  18.0682 35.8628 8.3346
v  4.4197 -1.2423 18.7707
v  3.8836 -1.3932 18.7776
v  4.6045 -1.7667 18.3346
v  4.8164 -2.2086 17.9494
v  5.1417 -2.4157 17.7031
v  5.5718 -2.4206 17.5686
v  6.4970 -1.5632 17.9085
v  17.1579 36.2642 8.3546
v  22.0285 73.8602 -7.8503
v  16.0931 36.7584 8.2361
v  21.6862 74.2835 -8.3916
v  24.1403 108.7171 -25.2423
v  22.9465 110.7014 -25.7129
v  18.5873 150.6010 -42.5006
v  18.7651 146.4892 -43.3858
v  10.5305 182.1514 -59.7338
v  -9.5620 228.8664 -71.3586
v  10.0327 179.2218 -60.4359
v  -27.9615 267.1563 -80.5400
v  -10.2120 236.2962 -69.7241
v  21.8950 74.8125 -7.3391
v  15.0151 37.2675 8.0571
v  24.6282 109.1457 -24.6299
v  19.2588 151.8188 -41.9166
v  9.3430 190.2127 -58.2259
v  -8.2560 235.5251 -70.1511
v  -28.2577 274.0502 -78.9457
v  22.1750 74.4955 -6.7908
v  13.9146 37.7987 7.8087
v  25.6552 107.6644 -24.0687
v  19.9211 153.0155 -41.3244
v  8.9798 195.7923 -57.1052
v  -3.9970 227.9753 -72.0931
v  -27.3253 277.1430 -78.6115
v  22.4927 74.0238 -6.2255
v  13.2343 38.0889 7.8008
v  25.7883 109.2075 -23.3993
v  19.7235 157.0502 -40.4575
v  9.6712 198.0115 -56.5263
v  -1.5444 226.0217 -72.5986
v  -21.3596 265.4001 -82.9367
v  22.8107 73.5076 -5.6454
v  12.9870 38.1202 8.0827
v  24.6147 115.2366 -22.6096
v  20.2908 158.4559 -39.8405
v  11.7375 195.8708 -56.5979
v  -1.5312 230.9958 -71.5774
v  -18.7838 263.9245 -83.8766
v  22.7698 74.0288 -5.1208
v  12.7539 38.1388 8.3729
v  25.1624 115.2323 -22.0035
v  21.2731 158.4113 -39.3402
v  15.0473 190.0432 -57.0790
v  1.2208 228.1926 -72.1697
v  -15.5309 260.7769 -85.2040
v  3.7543 -0.6989 19.3171
v  -28.7238 263.4938 -81.0591
v  -53.7760 306.1699 -82.4391
v  -50.9735 303.6870 -84.8068
v  -48.3121 301.9345 -86.7736
v  -45.9757 301.3409 -88.1825
v  -44.1782 302.3928 -88.8677
v  -41.4078 300.7703 -90.5678
v  -41.1168 306.0457 -89.5248
v  -40.7872 311.2195 -88.5218
v  -14.7255 264.0875 -84.6656
v  2.4462 229.6746 -71.8385
v  16.5643 189.6741 -56.7432
v  22.8307 156.4163 -38.9611
v  26.7339 111.6284 -21.4351
v  22.0243 76.6478 -4.7417
v  12.5199 38.1536 8.6612
v  1.7000 1.4165 21.1498
v  1.1941 1.4540 21.2110
v  2.2465 1.4835 21.1487
v  2.5916 1.0788 20.8116
v  3.0068 0.8646 20.5980
v  3.5025 0.8449 20.5052
v  3.7562 0.3197 20.0709
v  12.4160 38.0805 9.0619
v  21.9342 77.5522 -3.7329
v  12.6144 37.8007 9.7512
v  21.6529 78.1104 -4.3050
v  27.3134 113.1399 -20.1102
v  27.3220 111.3833 -20.7777
v  26.1882 151.6263 -38.0575
v  24.5788 153.7969 -38.5585
v  19.9650 187.8109 -56.0620
v  18.9910 186.6462 -56.6524
v  5.0642 232.0869 -71.2132
v  2.7757 233.6028 -71.0199
v  -8.8890 259.8926 -86.3545
v  22.3462 76.5444 -3.1090
v  12.6546 37.6095 10.3303
v  27.8516 112.9524 -19.4368
v  26.1429 154.7412 -37.2741
v  21.5526 187.1763 -55.6179
v  7.7105 229.6567 -71.4859
v  -6.2667 258.6594 -86.8442
v  22.7157 75.6123 -2.4715
v  12.3378 37.6505 10.5756
v  28.1184 113.6460 -18.7620
v  27.3618 153.7272 -36.6651
v  21.8916 190.0653 -54.8379
v  10.3729 227.2532 -71.6551
v  -6.7183 264.8878 -85.5353
v  22.5074 76.4302 -2.0031
v  12.0016 37.7020 10.7957
v  27.5093 117.3332 -18.1310
v  27.9215 154.7818 -35.9560
v  23.2706 189.9375 -54.2999
v  11.8622 227.9219 -71.2882
v  -4.1397 263.7107 -85.9461
v  22.2081 77.5038 -1.5723
v  11.6410 37.7686 10.9824
v  28.2070 116.4153 -17.4364
v  29.6069 152.1797 -35.3198
v  24.9681 188.8719 -53.7903
v  14.1226 226.5872 -71.1605
v  -2.3032 264.3402 -85.8909
v  21.9360 78.4642 -1.1409
v  11.0996 37.9679 10.9481
v  28.8460 115.6409 -16.7207
v  31.5363 148.7795 -34.6097
v  28.0188 184.0169 -53.4210
v  14.1989 230.8180 -70.2574
v  -0.5144 265.0717 -85.7750
v  0.8394 1.9141 21.5635
v  -13.4399 266.1198 -84.4644
v  -36.5040 305.5341 -91.6343
v  -31.4092 298.3803 -95.0535
v  -29.6304 299.7125 -95.3455
v  -26.3994 303.1509 -95.5753
v  -24.2856 303.6837 -96.0282
v  -24.5203 309.7451 -94.6950
v  -20.0540 304.7854 -96.7813
v  -1.2377 271.7637 -84.3997
v  15.3664 232.2121 -69.7197
v  28.3831 186.5973 -52.6173
v  31.3214 152.1039 -33.8352
v  28.8631 116.9821 -16.0597
v  22.1989 77.6895 -0.5101
v  10.6153 38.1293 10.9546
v  -2.7408 0.2750 20.1990
v  -3.5588 -1.2126 18.9788
v  -2.0798 0.9005 20.7344
v  -1.6279 0.6969 20.6267
v  -1.2048 0.4175 20.4526
v  -0.5862 0.7831 20.7457
v  0.2430 1.7210 21.4366
v  10.2565 38.1963 11.0985
v  23.5203 73.3372 1.2097
v  10.0722 38.1214 11.4692
v  23.0683 74.8868 0.4135
v  29.9020 115.9579 -14.5823
v  29.1724 117.2423 -15.3613
v  32.4497 153.6524 -32.2850
v  31.0832 155.4674 -33.0662
v  31.2068 185.8049 -51.1919
v  31.3501 181.9504 -52.0479
v  23.1159 221.3899 -69.9119
v  19.0101 227.3024 -69.8704
v  7.5038 261.1323 -86.2693
v  23.6475 72.7851 1.8725
v  9.9374 37.9950 11.9264
v  30.9838 113.3533 -13.6907
v  33.8170 151.7779 -31.4475
v  32.2803 186.2666 -50.4083
v  23.6458 224.2399 -69.1143
v  5.7630 269.8605 -84.6121
v  23.4662 73.2178 2.3765
v  9.7073 37.9374 12.2647
v  31.3898 113.0628 -12.9096
v  34.8811 150.8026 -30.5832
v  32.1236 190.0789 -49.5598
v  24.0337 227.4032 -68.2893
v  8.6399 268.0068 -84.7509
v  22.9484 74.7674 2.6811
v  9.3814 37.9565 12.4631
v  32.0618 111.7478 -12.0345
v  35.3670 151.6001 -29.7532
v  32.9025 191.2513 -48.7505
v  26.5889 225.2199 -67.8215
v  12.9256 263.0568 -85.2321
v  22.1652 77.2180 2.8141
v  9.2112 37.8256 12.9228
v  32.9319 109.6295 -11.0554
v  35.7949 152.5208 -28.9213
v  33.6505 192.4563 -47.9291
v  25.8360 231.0896 -66.8137
v  16.3890 260.0321 -85.2672
v  22.1420 77.0302 3.3877
v  9.1262 37.5941 13.5661
v  33.4212 108.7904 -10.1628
v  36.8003 151.5219 -27.9870
v  36.4950 187.7771 -47.0476
v  27.9050 229.9959 -66.2219
v  19.2086 258.4348 -85.0130
v  -4.2056 -2.1782 18.1358
v  1.7633 269.5350 -84.8510
v  -20.4698 311.1335 -95.3718
v  -16.9740 308.5014 -96.6058
v  -14.9823 309.3268 -96.7671
v  -9.9778 303.6264 -98.5844
v  -8.5540 305.7114 -98.2925
v  -5.1679 303.6569 -98.9508
v  0.5539 296.9606 -100.4540
v  -1.0374 305.0969 -98.7873
v  20.2412 260.6577 -84.3045
v  30.5006 227.5918 -65.6151
v  35.8610 192.7014 -46.2322
v  37.6675 150.8903 -27.0412
v  34.0848 107.2201 -9.1690
v  22.6570 74.8707 4.3337
v  8.8319 37.5510 13.8643
v  -6.7405 -1.0757 18.2015
v  -7.1316 -0.2032 18.7250
v  -6.2593 -0.7454 18.6230
v  -5.7539 -0.3593 19.0759
v  -5.2984 -0.4612 19.1311
v  -4.9792 -1.4346 18.4922
v  -4.6603 -2.2444 17.9759
v  8.3729 37.6756 13.8406
v  22.3602 75.0715 5.3935
v  7.8194 37.9133 13.5867
v  22.5493 74.8459 4.8905
v  32.1384 116.0158 -8.5077
v  33.0139 111.9838 -8.8751
v  38.2634 153.0959 -25.3330
v  38.5622 150.0904 -26.0564
v  37.5159 194.2635 -44.4686
v  36.6562 193.6020 -45.3603
v  30.9604 234.1880 -63.8853
v  30.9622 230.3399 -64.7687
v  22.1476 265.3424 -82.8281
v  22.2634 74.9062 5.9728
v  7.3778 38.0377 13.5325
v  31.5931 118.7991 -8.0200
v  38.9265 152.9061 -24.3752
v  38.8806 193.4428 -43.5088
v  33.6328 231.4411 -63.1616
v  22.8864 268.0977 -82.0389
v  21.6169 76.7897 6.1091
v  7.0919 37.9758 13.8277
v  31.2550 120.7734 -7.4599
v  39.8685 151.7157 -23.3109
v  41.6980 188.4757 -42.2889
v  38.1804 224.1486 -62.2935
v  29.3091 258.6657 -82.0242
v  20.9139 78.8937 6.1800
v  6.8955 37.7806 14.3803
v  31.9884 118.6215 -6.4463
v  41.0802 149.5310 -22.1105
v  41.4103 192.1552 -41.4840
v  40.6276 221.8984 -61.2817
v  32.3955 256.3772 -81.3575
v  20.8848 78.3808 6.8018
v  6.7600 37.4635 15.1751
v  33.4313 113.5760 -5.0056
v  40.6452 152.7529 -21.4415
v  40.8749 196.5149 -40.7222
v  39.5373 228.0975 -60.4617
v  21.2468 76.2087 7.8097
v  6.6692 37.0187 16.2307
v  34.4160 110.0963 -3.6764
v  41.9968 149.9004 -20.1188
v  42.8269 193.7370 -39.5234
v  39.7268 231.1945 -59.5653
v  30.4893 268.7072 -79.3809
v  -7.5273 1.0328 19.5287
v  20.8871 263.6800 -83.5076
v  -0.3759 308.6674 -98.0617
v  3.1121 306.4522 -98.4650
v  10.6641 296.3518 -100.0105
v  13.4314 295.7238 -99.8040
v  9.7128 307.6285 -97.7859
v  30.4914 264.5449 -80.2977
v  15.4319 305.7696 -97.4256
v  17.6151 306.1371 -96.9737
v  34.3815 264.5272 -78.7062
v  44.8774 222.1925 -58.1521
v  43.9966 193.1061 -38.4129
v  41.8360 152.0768 -19.3489
v  34.5767 109.7556 -2.7802
v  21.2707 75.2713 8.5515
v  6.5039 36.6143 17.2119
v  -10.2374 -0.0682 17.3368
v  -10.6639 -0.0224 17.1164
v  -9.8149 0.0493 17.6763
v  -9.3938 0.5931 18.3451
v  -8.9415 0.6948 18.6513
v  -8.4822 0.6159 18.8025
v  -8.0040 1.0408 19.3440
v  6.2503 36.2892 18.0347
v  20.8269 75.2483 9.5858
v  5.8858 36.1192 18.5355
v  21.0455 75.3019 9.0609
v  33.8767 113.0421 -1.6317
v  34.6102 109.8427 -1.9482
v  42.4062 153.1858 -17.4249
v  42.6014 151.0118 -18.1846
v  46.5354 191.0120 -36.0031
v  45.1637 192.3995 -37.2606
v  46.7803 224.3301 -56.0464
v  47.8063 218.5103 -56.7628
v  40.0530 260.5774 -76.8806
v  20.5463 75.4171 10.0480
v  5.3895 36.2134 18.4789
v  33.7168 113.8257 -0.9337
v  42.1823 155.4148 -16.6811
v  47.5644 190.5242 -34.7979
v  48.0361 224.5657 -54.9023
v  40.9656 262.5821 -75.9248
v  20.0966 76.3252 10.3085
v  4.8193 36.5218 17.9609
v  34.4907 110.5324 0.4697
v  42.8959 154.2660 -15.4830
v  49.7766 186.4584 -33.1097
v  48.0146 227.8799 -54.0001
v  42.8347 262.5207 -74.8938
v  20.0052 75.5102 11.0143
v  4.2983 36.7613 17.5707
v  34.6611 109.6651 1.4746
v  43.8310 152.1933 -14.1163
v  51.6585 183.2070 -31.4132
v  47.3698 232.7156 -53.2271
v  44.5435 262.7444 -73.8292
v  20.2436 72.8971 12.2221
v  3.8096 36.9598 17.2522
v  34.5522 109.9306 2.2710
v  44.4172 151.2436 -12.8862
v  51.1884 186.8739 -30.6929
v  47.7794 234.9021 -52.2400
v  47.8991 259.4206 -72.5084
v  20.2035 71.4592 13.1239
v  3.3150 37.2566 16.7127
v  34.8429 108.2573 3.4489
v  44.0254 153.8072 -12.2191
v  52.8286 184.1051 -28.9911
v  51.9074 227.6836 -50.3017
v  47.5459 263.9070 -71.6294
v  -11.0688 -0.1308 16.7640
v  38.7902 259.2655 -77.8320
v  21.7615 302.7329 -96.8366
v  19.7901 311.0131 -95.5240
v  22.9438 309.4226 -95.1440
v  27.8635 304.4780 -94.8689
v  34.8062 295.8292 -94.4277
v  35.2576 299.2486 -93.5049
v  36.9726 304.4933 -91.6664
v  44.3125 274.6057 -71.0898
v  57.0382 217.7680 -47.6558
v  52.7368 186.5082 -28.0881
v  44.0820 154.6512 -11.2792
v  35.0857 106.6193 4.6411
v  19.9079 71.2642 13.6707
v  2.8510 37.5332 16.2017
v  -13.0515 -1.6871 13.7742
v  -13.5450 -1.0533 13.9276
v  -12.7673 -1.4189 14.2953
v  -12.4887 -1.0269 14.9063
v  -12.1620 -0.7788 15.4008
v  -11.8373 -0.4036 15.9874
v  -11.4585 -0.2726 16.3759
v  2.4219 37.7430 15.8193
v  19.0123 72.4617 14.2688
v  2.0099 37.9781 15.3718
v  19.5391 71.4124 14.1094
v  35.2921 104.1446 6.9025
v  35.3530 104.6535 5.9248
v  44.5217 154.8396 -9.1407
v  43.7248 156.9924 -10.5960
v  52.9041 190.0751 -26.0930
v  51.1201 193.5934 -27.9389
v  57.3802 222.6896 -45.6013
v  55.4664 224.6954 -47.2847
v  54.5737 259.7642 -67.4972
v  18.5450 73.1468 14.5226
v  1.6229 38.1529 15.0422
v  35.1747 103.7914 7.8455
v  46.5468 147.5687 -6.6361
v  53.6834 189.5565 -24.6950
v  56.6425 227.4444 -44.9353
v  18.1092 73.6133 14.8295
v  1.2519 38.1004 15.1882
v  34.6560 105.4923 8.3076
v  47.0901 145.9113 -5.1451
v  54.1671 189.8748 -23.4302
v  57.3714 228.3553 -43.6772
v  54.2857 267.4467 -65.6722
v  17.8936 72.5366 15.5997
v  0.8592 37.7969 15.8603
v  34.0490 107.6466 8.6500
v  46.8377 147.4292 -4.3179
v  55.4076 187.6069 -21.6487
v  58.9300 226.9956 -42.0230
v  56.8411 265.3085 -64.0491
v  17.6257 71.6263 16.3179
v  0.4309 37.4812 16.5479
v  33.3512 110.2893 8.8646
v  46.4465 149.4791 -3.6156
v  54.8192 191.2627 -21.0219
v  62.3512 220.4939 -39.3252
v  59.1292 263.6590 -62.3974
v  17.0270 73.1159 16.2726
v  -0.0054 37.3174 16.9008
v  32.5481 113.5167 8.9304
v  46.0361 151.5665 -2.9333
v  54.7867 193.0309 -20.0290
v  63.3492 220.3279 -37.7474
v  60.8651 263.1389 -60.8428
v  -14.1202 -0.1547 14.2642
v  50.7833 264.3345 -69.2436
v  41.6414 299.9273 -90.6613
v  39.6754 307.7456 -89.7817
v  44.3679 303.0155 -88.6307
v  52.4749 267.8672 -67.0299
v  44.3799 307.0471 -87.6893
v  47.7359 304.7240 -86.4402
v  50.3532 303.7372 -85.1646
v  50.9696 306.4915 -84.1255
v  54.4620 303.7146 -82.5763
v  60.7385 266.7284 -59.9097
v  63.2135 223.1927 -36.7919
v  55.7054 191.4818 -18.3534
v  45.2786 155.1296 -2.5822
v  32.3197 113.4885 9.7313
v  16.5429 73.7420 16.4851
v  -0.4097 37.3679 16.7875
v  -15.5972 -1.3990 11.1649
v  -15.7563 -1.6789 10.5860
v  -15.6189 -0.5555 12.1431
v  -15.3756 -0.3784 12.6502
v  -15.1112 -0.2179 13.1407
v  -14.9488 0.3383 13.9177
v  -14.5805 0.2576 14.2202
v  -0.8227 37.3680 16.7712
v  15.7068 73.7613 17.2675
v  -1.2778 37.2406 17.0140
v  16.2499 72.7034 17.2180
v  31.3753 116.0408 10.6927
v  31.8110 115.0004 10.1636
v  45.5140 154.3223 -0.1765
v  45.2224 155.5744 -1.5688
v  56.5729 191.3040 -15.5573
v  56.4370 190.4096 -16.7448
v  61.9833 231.5112 -35.4401
v  63.4381 225.0139 -35.6212
v  61.7211 271.0061 -57.5856
v  15.2237 74.2740 17.4796
v  -1.7590 37.0792 17.3154
v  31.2337 115.1968 11.6617
v  45.2498 155.4919 0.6695
v  57.7268 188.3862 -13.4744
v  64.8086 225.8288 -32.6485
v  63.8564 269.2672 -55.7367
v  14.8820 73.2511 18.1819
v  -2.1825 37.0837 17.2564
v  30.4608 118.2347 11.6852
v  46.2766 150.2860 3.0315
v  57.3955 190.7711 -12.6334
v  65.2971 226.6603 -31.2419
v  67.8263 263.0878 -52.9045
v  14.4178 73.3810 18.4973
v  -2.5507 37.1971 16.9608
v  29.9329 119.7156 12.0689
v  46.9787 146.1370 5.2236
v  55.2659 199.8251 -13.3612
v  67.1832 223.2323 -28.7782
v  68.6122 264.2379 -51.4705
v  13.8482 74.7858 18.3785
v  -2.9673 37.1972 16.8918
v  30.0902 116.5160 13.5920
v  45.9830 150.6928 5.1940
v  55.4009 200.4594 -12.1462
v  67.7189 223.6652 -27.2303
v  67.4944 269.8920 -51.0048
v  13.3403 75.4757 18.4825
v  -3.4531 37.0774 17.0584
v  29.9698 114.8424 14.7531
v  45.3295 153.4295 5.6190
v  57.7179 192.4795 -8.8138
v  67.0004 227.8677 -26.6564
v  71.1689 263.9135 -47.9541
v  -16.2155 -1.1813 10.5344
v  59.9142 271.8812 -59.2230
v  56.9360 302.8052 -81.1038
v  62.3395 296.1762 -78.7522
v  61.5662 301.3698 -77.9919
v  59.5261 309.0450 -77.5715
v  61.0310 309.7769 -76.1854
v  66.5315 302.5143 -73.4364
v  65.8362 307.4583 -72.6824
v  66.3773 309.9086 -71.4877
v  70.3307 268.8246 -47.3716
v  67.5014 228.2578 -25.1034
v  58.9022 188.3931 -6.3049
v  44.9574 154.6108 6.4262
v  29.7761 113.4025 15.8595
v  12.8766 75.5247 18.7869
v  -3.8840 37.0588 17.0057
v  -18.4632 0.5761 9.1278
v  -18.4263 0.0764 8.3673
v  -18.1719 0.4476 9.4964
v  -17.8208 0.2054 9.7831
v  -17.2074 -0.6087 9.6851
v  -16.9495 -0.6431 10.0818
v  -16.7734 -0.4618 10.6168
v  -4.1169 37.3259 16.3653
v  11.9547 75.0821 19.5429
v  -4.2788 37.6526 15.6042
v  12.3852 75.9326 18.9597
v  28.7433 115.2418 16.8092
v  29.1361 115.3714 16.0652
v  44.3805 155.7538 8.3240
v  44.8428 154.2525 7.6213
v  59.5843 186.3587 -2.8251
v  59.7630 185.2370 -3.9718
v  70.9890 220.4451 -19.5034
v  68.2013 227.8967 -23.3376
v  74.4356 264.0178 -42.5990
v  11.5149 73.8444 20.2480
v  -4.6035 37.7278 15.3448
v  28.2663 115.7087 17.3841
v  44.4732 153.8143 9.9315
v  58.8622 189.8469 -2.3657
v  70.5748 223.4080 -18.6440
v  75.7150 263.3253 -40.5606
v  11.0580 71.9326 21.1739
v  -4.9353 37.7823 15.1199
v  27.7300 116.6325 17.8234
v  44.8000 149.9295 12.0980
v  58.7328 190.6002 -1.1359
v  69.3330 229.1800 -18.6202
v  75.2812 267.0295 -39.7307
v  10.5283 72.2209 21.3396
v  -5.1397 37.9742 14.6215
v  27.3286 116.1318 18.6344
v  44.8052 147.6280 13.8535
v  59.4417 187.1787 1.3246
v  69.3909 230.4723 -17.2910
v  74.9020 270.5695 -38.8617
v  9.9810 74.2298 20.9065
v  -5.4235 38.0567 14.3327
v  26.7756 117.0327 19.0531
v  44.5739 146.6403 15.2384
v  59.6554 185.7892 3.2118
v  68.0112 236.7297 -17.4172
v  78.0576 264.4605 -35.2062
v  9.4485 76.2419 20.4612
v  -5.7560 38.0769 14.1570
v  26.5099 114.4611 20.4162
v  43.9460 148.5407 15.7688
v  59.2799 187.2356 4.2271
v  69.8511 231.5300 -14.1802
v  77.4451 268.5089 -34.5113
v  -18.3108 -0.5197 7.5585
v  72.9054 265.2054 -44.7234
v  69.1014 307.8742 -69.4298
v  73.5495 302.1476 -66.4447
v  77.3954 297.4288 -63.4401
v  79.0710 297.1074 -61.4266
v  78.0004 302.6048 -60.9467
v  76.7859 308.4207 -60.5425
v  79.0270 306.6964 -58.1652
v  80.5588 306.3948 -56.1125
v  78.0848 269.0098 -32.7472
v  71.5466 226.2867 -10.7873
v  58.6868 189.7684 4.8933
v  43.0354 152.6820 15.6314
v  26.0835 113.2594 21.3985
v  8.9281 78.6017 19.8877
v  -6.0225 38.1575 13.8606
v  -20.5778 1.7120 5.9414
v  -20.4628 1.2985 5.2253
v  -20.9391 2.5868 6.9167
v  -20.7654 2.5920 7.4308
v  -20.2560 2.0191 7.6117
v  -19.7082 1.3721 7.7316
v  -18.8074 0.0630 7.4454
v  -6.3643 38.1560 13.7115
v  7.9359 78.6923 20.2705
v  -6.8721 37.9994 13.8362
v  8.4339 78.8524 20.0157
v  24.8308 115.9393 21.8935
v  25.5290 113.5198 21.9586
v  42.4732 150.2134 18.4604
v  42.4552 154.1646 16.2525
v  58.7310 187.5717 8.4768
v  58.5172 189.9074 6.2916
v  70.2687 233.1705 -9.5171
v  71.7259 226.5108 -9.0970
v  80.2531 267.0098 -28.2058
v  7.4350 78.8331 20.4115
v  -7.4301 37.8077 14.0062
v  24.3249 115.1547 22.7194
v  42.3309 146.7730 20.5443
v  58.5657 187.1448 10.0584
v  71.1155 230.5287 -6.9116
v  81.7062 264.5660 -25.3860
v  6.8782 76.9252 21.2309
v  -7.9480 37.6604 14.0782
v  23.6519 117.2219 22.7225
v  41.8235 146.5900 21.6350
v  57.4667 192.5092 9.7478
v  71.5100 229.4345 -4.7861
v  82.7449 263.1360 -22.8590
v  6.2963 75.5309 21.8625
v  -8.4543 37.5289 14.1050
v  23.0067 118.8267 22.8421
v  40.8597 151.6422 21.1043
v  57.1885 192.6075 11.1273
v  73.0414 222.7776 -0.6691
v  84.5183 258.9846 -19.2845
v  5.7558 75.5513 22.0035
v  -8.9187 37.4350 14.0513
v  22.4625 118.1487 23.5934
v  40.3778 150.9568 22.3129
v  57.3477 189.3567 13.6078
v  72.2612 226.5163 -0.2232
v  84.1230 261.8737 -18.2853
v  5.2485 76.2049 21.9199
v  -9.2004 37.4823 13.7497
v  21.9187 116.6893 24.5560
v  39.8616 150.2532 23.5168
v  56.7678 191.0577 14.4444
v  72.2345 226.5349 1.5498
v  82.3153 269.5727 -19.0639
v  -20.8564 1.7300 4.9338
v  79.9249 265.8945 -29.8147
v  83.8464 301.9679 -52.7732
v  87.1275 297.2320 -49.1457
v  86.3875 301.8103 -48.5226
v  88.5144 299.4533 -45.5681
v  91.2960 295.1895 -41.8245
v  90.0043 301.0506 -41.7299
v  93.9405 293.2840 -36.5291
v  92.7581 298.8439 -36.3947
v  82.6361 269.9788 -17.1785
v  71.6699 229.1127 2.3873
v  56.2389 192.2634 15.4320
v  39.5119 145.9590 25.8368
v  21.3524 114.3724 25.7553
v  4.7543 76.9706 21.7876
v  -9.2057 37.7279 13.1214
v  -19.7820 -0.5262 0.9453
v  -19.8666 -0.4315 0.4940
v  -19.8754 -0.3492 1.5010
v  -19.8519 -0.3207 2.0002
v  -19.8435 -0.2511 2.5169
v  -20.3041 0.5521 3.3657
v  -20.9310 1.6665 4.3905
v  -9.1218 38.0211 12.4256
v  3.6701 76.9306 22.0083
v  -9.0647 38.2769 11.8003
v  4.2418 77.3548 21.7708
v  20.0526 111.0370 27.7438
v  20.7280 112.0176 26.9563
v  38.0222 149.9103 26.5002
v  38.8048 147.1647 26.4194
v  55.2159 193.9262 17.6171
v  55.6250 194.0313 16.2165
v  71.5008 228.8453 6.0141
v  71.9525 227.1146 4.8899
v  84.1507 267.0324 -11.9506
v  3.1152 76.8092 22.1318
v  -8.7285 38.7103 10.9147
v  19.3591 110.8574 28.2811
v  37.3256 150.6649 27.1907
v  54.7891 193.6552 19.0644
v  71.4673 227.9964 8.0943
v  84.6148 266.2344 -9.5568
v  2.6207 77.3711 22.0196
v  -8.5653 39.0039 10.2616
v  18.6884 112.8812 28.1607
v  36.6123 151.5566 27.8210
v  54.1073 195.6133 19.7378
v  72.0143 222.8954 11.8237
v  86.4082 259.4890 -4.7039
v  1.9798 76.4276 22.3818
v  -9.0236 38.8685 10.2485
v  18.0264 114.9673 28.0093
v  36.0002 147.5187 29.9928
v  53.9899 191.1237 22.6209
v  71.4169 224.9107 12.8035
v  85.0820 265.7571 -5.1792
v  1.4514 76.6489 22.3537
v  -9.8368 38.5056 10.5388
v  17.3290 114.9589 28.4474
v  35.2415 148.1800 30.6598
v  53.6711 187.3922 25.2649
v  71.1846 224.0749 14.8896
v  85.8177 262.8282 -1.8564
v  0.8607 76.3246 22.4859
v  -10.5157 38.2398 10.6590
v  16.6669 116.5635 28.4055
v  34.4736 145.7983 32.2790
v  53.0311 187.3605 26.5911
v  70.4492 226.8705 15.5317
v  86.8374 257.7888 2.4318
v  -20.2309 0.0661 0.1797
v  83.5414 268.1151 -14.4336
v  94.6646 295.9394 -32.9351
v  96.4265 293.0805 -29.4011
v  96.5126 294.8820 -27.7816
v  93.8025 304.9305 -29.5966
v  95.6432 303.3484 -24.2646
v  98.0278 297.3451 -19.2534
v  85.8473 262.5651 2.4896
v  69.7363 229.4393 16.2493
v  52.4298 185.7678 28.4632
v  33.6658 145.7894 33.1215
v  15.9666 116.7481 28.7552
v  0.2826 76.1446 22.5573
v  -10.9159 38.1536 10.5129
v  -20.2392 0.3273 -2.7271
v  -20.4174 0.6534 -3.1493
v  -19.7649 -0.3777 -2.4126
v  -19.6330 -0.6236 -1.9943
v  -20.1301 -0.0142 -1.3326
v  -20.1854 0.0250 -0.8260
v  -20.1661 -0.0208 -0.3456
v  -11.4183 38.0046 10.4334
v  -0.6930 77.1170 22.2475
v  -12.1858 37.6992 10.5279
v  -0.0730 77.6539 22.0900
v  14.5822 117.9388 29.1705
v  15.2984 117.9553 28.7968
v  32.1211 153.3982 32.3313
v  32.9049 151.5907 32.0985
v  50.8661 188.9016 29.8817
v  51.5780 189.1660 28.5238
v  69.2416 225.3744 21.2984
v  69.6215 226.5897 19.0975
v  84.8315 266.9807 4.7937
v  -1.4136 75.9664 22.5733
v  -12.5982 37.6080 10.3345
v  13.8408 117.6110 29.6145
v  31.2950 152.3521 33.4423
v  50.0842 189.9950 30.7340
v  68.6096 226.3689 22.5958
v  84.3777 268.7533 6.1143
v  -1.8726 76.5859 22.3477
v  -12.4962 37.8120 9.7890
v  13.1924 119.1361 29.5196
v  30.4423 151.6945 34.4108
v  49.3654 185.8061 33.4729
v  67.4286 233.5564 21.3920
v  84.5068 266.8568 9.0256
v  -2.3147 77.2541 22.0988
v  -12.1035 38.1719 9.0825
v  12.4794 119.4545 29.7483
v  29.4836 149.0909 35.9690
v  48.5243 186.1667 34.5493
v  66.9438 232.7617 23.3665
v  83.6959 270.5120 9.4958
v  -2.9770 76.5618 22.2383
v  -11.7413 38.5012 8.4329
v  11.5784 117.1457 30.6892
v  28.2946 143.8355 38.3381
v  47.6237 183.3954 36.7440
v  66.2952 233.4810 24.7223
v  84.1935 265.1151 13.9645
v  -3.8158 74.9485 22.6203
v  -11.6541 38.6650 7.9759
v  10.5058 113.4669 31.9804
v  27.4148 144.9170 38.6859
v  46.7496 185.5256 37.1334
v  65.8373 230.5472 27.5370
v  83.8171 265.1635 16.0151
v  -20.6485 1.0589 -3.5643
v  84.5740 268.7969 1.9272
v  98.9548 296.9572 -14.2169
v  99.2385 297.0820 -11.8307
v  97.5291 304.6617 -12.9178
v  98.4648 302.1011 -9.3113
v  98.4670 302.9151 -7.2666
v  98.9452 301.4630 -4.1360
v  99.6470 298.4620 -0.2185
v  98.4290 304.3804 -0.6831
v  84.0950 258.4092 21.1953
v  65.1136 231.0852 28.9341
v  45.9343 190.8135 36.3704
v  26.6779 148.0881 38.3645
v  9.7343 113.6790 32.1734
v  -4.7262 73.1094 23.0335
v  -12.0378 38.5615 7.7904
v  -17.6697 -1.7351 -6.7917
v  -18.6670 -0.2775 -7.1362
v  -17.8042 -1.7691 -6.3592
v  -18.5556 -1.0144 -5.8331
v  -19.1366 -0.4542 -5.2974
v  -19.9162 0.3794 -4.6889
v  -20.6185 1.1399 -4.0543
v  -12.6349 38.3409 7.6995
v  -6.1582 71.6721 23.1588
v  -13.1537 38.1636 7.5446
v  -5.4654 72.2583 23.1431
v  8.5184 117.3392 31.6353
v  9.0461 114.7493 32.1156
v  25.1681 153.5467 37.9628
v  25.8589 149.9473 38.4379
v  44.0502 189.7632 38.9691
v  44.9407 187.8158 38.5693
v  63.6662 228.6191 33.1223
v  64.3136 232.8209 29.8262
v  82.6442 262.3691 23.4641
v  -6.9492 70.6633 23.2631
v  -13.9709 37.8281 7.4992
v  7.7414 117.3916 31.8240
v  24.3558 155.3045 38.0396
v  43.1326 191.0738 39.5781
v  62.8505 223.9632 36.6087
v  81.1688 272.7688 20.7128
v  -7.4376 71.0278 22.9945
v  -15.0306 37.3677 7.5115
v  6.7886 115.9446 32.3886
v  23.2655 153.5287 39.1671
v  42.1990 192.1997 40.2323
v  61.8765 220.6674 39.5220
v  80.9321 269.1162 24.3799
v  -7.4868 73.2712 22.2469
v  -16.0385 36.9383 7.4492
v  5.7412 113.9706 33.0612
v  21.8969 149.4177 40.9645
v  41.2057 192.3820 41.1986
v  61.0448 228.2999 37.8741
v  80.8609 258.2727 31.4467
v  -7.5772 75.2518 21.5681
v  -16.6411 36.7198 7.1984
v  4.7361 112.5788 33.5510
v  20.4864 145.9254 42.5324
v  40.3574 195.3473 41.1644
v  60.0914 228.1409 39.4352
v  80.0432 259.0709 33.0532
v  -7.9916 75.7466 21.2568
v  -16.8506 36.7004 6.7997
v  3.8894 112.4492 33.6931
v  18.9992 142.5554 44.0170
v  39.1110 192.1460 43.2679
v  59.0453 226.4246 41.6128
v  79.1338 262.7130 33.2953
v  -19.5849 1.0893 -7.5226
v  83.2687 261.5926 21.7782
v  99.9449 296.1791 5.8522
v  99.3449 298.7344 7.0110
v  99.2355 298.1448 9.7615
v  99.0542 297.5293 12.5246
v  98.3779 300.1011 13.6292
v  99.0852 290.3089 21.2186
v  98.3382 292.6188 22.4188
v  97.1579 299.6362 21.1107
v  78.3014 262.0168 35.5668
v  57.7428 221.4782 45.0963
v  37.9831 191.5224 44.4390
v  17.7769 141.6146 44.7475
v  2.8892 111.3320 34.0583
v  -8.4713 75.9236 21.0139
v  -16.8244 36.7961 6.3304
v  -16.9596 -0.5423 -10.2029
v  -16.7106 -0.5342 -10.6168
v  -17.1752 -0.5792 -9.7816
v  -17.5319 -0.4280 -9.3625
v  -17.9031 -0.2461 -8.9320
v  -18.4055 0.1121 -8.4872
v  -19.3022 0.9744 -8.0052
v  -16.3469 37.1133 5.7511
v  -9.4898 75.9534 20.5699
v  -15.8935 37.4098 5.2074
v  -9.0449 75.6860 20.8567
v  -0.0390 104.1169 35.8708
v  1.6223 108.6905 34.7625
v  17.3879 154.6662 41.8616
v  17.3565 146.3972 43.8033
v  35.6971 190.9849 46.4484
v  36.9142 191.9147 45.2293
v  56.0529 230.2450 44.3166
v  56.8670 225.3617 44.9134
v  76.4858 266.6431 37.2118
v  -10.2739 74.8595 20.5727
v  -15.8393 37.4991 4.7780
v  -1.2395 102.4363 36.2449
v  16.7468 157.7440 41.4084
v  33.9354 185.7688 49.0964
v  55.1033 232.7191 44.6893
v  75.4840 262.5344 41.0187
v  -11.5464 71.9674 20.9200
v  -15.9320 37.5096 4.3846
v  -1.6883 104.7243 35.6956
v  15.7288 157.7905 41.7996
v  32.9467 187.5358 49.3246
v  53.7361 229.3091 47.4092
v  74.5732 266.8308 40.8540
v  -12.2945 71.1089 20.8022
v  -15.8484 37.6029 3.9620
v  -1.7265 109.1092 34.6732
v  14.1767 154.1495 43.1867
v  31.3297 184.6993 51.0746
v  52.6600 230.5056 48.2437
v  73.5730 267.5701 42.3378
v  -12.9019 70.7583 20.5626
v  -15.5843 37.7803 3.5220
v  -1.8579 112.9527 33.7726
v  12.6373 151.1412 44.3447
v  29.8204 183.0999 52.3640
v  51.0611 226.5442 51.1102
v  72.3758 264.6125 45.5206
v  -13.6717 69.8280 20.4103
v  -15.5655 37.8308 3.1274
v  -2.3320 114.8633 33.3007
v  11.5808 151.3690 44.5864
v  28.2298 181.3168 53.6689
v  49.1917 221.6485 54.2989
v  71.0440 261.6829 48.6608
v  -16.7877 -0.1055 -11.0722
v  96.2545 303.6799 21.3763
v  77.3494 268.3701 34.5059
v  95.6517 304.3110 23.4133
v  95.1437 302.9561 26.4792
v  94.6831 298.3395 31.2725
v  93.8129 300.9004 32.2317
v  92.8455 306.1723 31.7411
v  91.8670 311.7110 31.1143
v  91.2024 301.6957 38.6572
v  70.3935 269.6500 46.7069
v  48.3935 225.7728 53.8763
v  27.5010 184.8158 53.2256
v  10.5679 151.8731 44.7305
v  -2.9544 115.9049 33.0117
v  -14.0941 70.0897 20.0253
v  -16.0440 37.6311 2.7828
v  -15.3355 0.3502 -13.5190
v  -14.6665 -0.0815 -13.7854
v  -16.0383 0.8303 -13.2363
v  -16.6982 1.2617 -12.9167
v  -16.7275 0.9056 -12.4455
v  -16.8116 0.6339 -11.9920
v  -17.0294 0.5448 -11.5645
v  -16.5600 37.4090 2.4187
v  -14.4750 72.0661 18.9946
v  -16.7316 37.3519 2.0171
v  -14.3099 71.0169 19.5202
v  -6.3580 107.3080 34.5764
v  -4.8475 110.4675 34.0724
v  8.5538 152.9502 44.9325
v  9.8181 153.8776 44.4622
v  26.0002 191.4023 52.4471
v  26.7339 188.0346 52.8644
v  46.8775 234.5537 52.8084
v  48.2483 235.3515 51.3219
v  67.9297 268.5480 50.6310
v  -14.3370 74.0856 18.3148
v  -16.7804 37.3503 1.6069
v  -7.6075 105.5123 34.7560
v  7.2256 151.7863 45.4257
v  25.5300 196.3308 51.5311
v  45.4907 233.9720 54.1754
v  66.1232 263.2970 54.6932
v  -13.8344 77.2854 17.4536
v  -17.2062 37.1582 1.1912
v  -7.8039 108.4084 34.0246
v  5.1084 146.8672 46.7886
v  23.3778 191.3148 53.7021
v  43.9399 232.5393 55.8294
v  64.7588 263.2558 56.3287
v  -14.0841 77.8794 17.0190
v  -17.8737 36.8416 0.7450
v  -8.0191 111.1568 33.3208
v  3.0554 142.7497 47.8655
v  20.6495 184.2229 56.4066
v  42.6028 232.8262 56.7924
v  64.1271 269.3761 55.1493
v  -14.9771 76.2953 16.9037
v  -18.5049 36.5368 0.2664
v  -8.6955 111.7785 33.0057
v  1.6618 141.8093 48.1433
v  19.2063 183.9795 56.9756
v  40.8077 230.5101 58.6918
v  61.8613 262.8314 59.6495
v  -15.7263 75.1986 16.6828
v  -18.5343 36.5231 -0.1894
v  -9.0236 113.8870 32.4128
v  1.7829 147.4686 46.9202
v  38.9652 228.3762 60.4680
v  18.6077 187.6902 56.3611
v  59.7584 259.0062 62.8596
v  -13.5722 -1.0677 -13.8755
v  68.8934 265.2931 50.4394
v  90.1423 297.7050 43.0266
v  89.0070 296.4018 45.9347
v  87.9360 297.7856 47.3774
v  87.0775 303.3021 46.6058
v  86.0956 306.4118 47.1025
v  84.8118 304.8451 50.0338
v  83.4143 303.1169 53.0154
v  82.4242 306.4941 53.2981
v  58.9452 263.2954 62.4291
v  37.5016 228.5310 61.3592
v  16.7228 185.4601 57.4447
v  1.3092 150.4671 46.2932
v  -9.7065 114.3719 32.1018
v  -16.4100 74.3107 16.4061
v  -17.8270 36.8693 -0.5625
v  -10.7959 -1.9021 -15.3955
v  -10.5389 -1.7252 -15.7274
v  -11.2360 -1.8106 -15.1597
v  -11.2380 -2.3152 -14.7012
v  -10.9510 -3.1950 -14.1220
v  -11.4698 -2.9581 -13.9260
v  -12.5195 -2.0089 -13.9268
v  -17.2753 37.1346 -0.9253
v  -17.8281 72.3444 15.7950
v  -17.3460 37.0859 -1.3637
v  -17.3578 72.5823 16.1987
v  -11.2132 114.6241 31.5547
v  -10.2400 115.4594 31.6745
v  0.5093 156.9602 44.9174
v  1.3483 155.7400 45.1577
v  14.1776 186.6967 57.8730
v  15.3982 185.8495 57.7368
v  32.7500 220.8976 65.8126
v  34.9825 223.7541 63.9699
v  55.7424 262.8900 65.4411
v  -17.3837 74.9134 15.1009
v  -17.6329 36.9232 -1.8488
v  -11.6929 115.8431 31.0820
v  -1.7469 151.9648 45.9731
v  12.2321 184.5697 58.7793
v  31.9564 224.4021 65.4045
v  54.8586 266.6562 65.1889
v  -16.5304 78.7232 14.2910
v  -17.5965 36.9164 -2.2827
v  -12.9168 113.9481 31.0770
v  -2.9268 151.7510 45.9656
v  11.5848 187.7572 58.2357
v  30.3171 224.2896 66.2159
v  53.2446 266.6430 66.5308
v  -16.8694 78.7485 13.8815
v  -17.4370 36.9665 -2.6889
v  -14.4891 110.7327 31.2080
v  -3.8425 152.6137 45.7174
v  10.8838 190.6821 57.7539
v  30.7905 233.1499 63.9772
v  50.2447 260.4599 70.4046
v  -17.4687 77.9356 13.5383
v  -16.8435 37.2330 -2.9763
v  -14.8378 112.3407 30.6334
v  -5.5492 150.2880 46.0542
v  10.5847 195.2067 56.8515
v  30.1879 237.4032 63.3000
v  48.7963 261.6819 71.1249
v  -17.7770 77.9966 13.1037
v  -15.9101 37.6717 -3.1414
v  -15.3375 113.3023 30.1405
v  -7.6931 146.4194 46.5985
v  9.3107 195.7014 56.9769
v  27.5089 232.6888 65.5796
v  47.3393 262.9055 71.8151
v  -10.4587 -1.2781 -16.1688
v  56.4677 258.2669 66.0581
v  80.7433 303.2686 56.9867
v  78.7039 298.6581 61.3406
v  77.9704 304.0319 60.5090
v  76.7580 305.9843 61.4206
v  74.0886 299.1545 66.7438
v  72.5865 299.9452 68.1560
v  69.9401 295.3351 72.2071
v  68.7229 297.8733 72.6696
v  47.4611 270.7819 69.7998
v  25.4165 230.8053 66.8459
v  6.8556 191.6151 58.1958
v  -8.0854 149.2168 45.9247
v  -16.8477 110.3604 30.1151
v  -18.5126 76.7209 12.7554
v  -14.9957 38.1008 -3.2716
v  -9.5359 1.2054 -18.7886
v  -9.1978 1.4079 -19.1210
v  -9.8600 0.9977 -18.4483
v  -9.7710 0.1770 -17.8132
v  -9.4406 -0.9757 -17.0354
v  -9.3681 -1.7035 -16.4699
v  -10.0262 -1.3260 -16.3997
v  -14.6586 38.2316 -3.5527
v  -20.0603 73.8920 11.9714
v  -14.4264 38.3050 -3.8590
v  -19.1928 75.5974 12.3654
v  -18.8270 108.4507 29.4577
v  -18.4520 107.1500 30.0449
v  -11.4914 145.0221 46.1393
v  -9.8379 146.9035 46.0986
v  2.2820 185.5219 59.8486
v  4.4043 187.8683 59.2287
v  22.2463 231.2938 67.8799
v  24.4853 233.5386 66.6001
v  41.3209 260.6272 76.0085
v  -20.9131 72.2129 11.5325
v  -14.1538 38.3965 -4.1430
v  -18.6470 111.7278 28.6715
v  -11.3367 149.5952 45.1659
v  0.5300 184.5545 60.1002
v  18.6046 224.4094 70.4509
v  40.6016 264.7284 75.4521
v  -21.0743 72.5582 11.0112
v  -13.4812 38.6979 -4.2531
v  -19.5032 111.1527 28.2636
v  -11.3724 153.4555 44.3028
v  -1.3645 183.1578 60.3874
v  17.5773 226.7578 70.2226
v  39.8764 268.7860 74.9075
v  -21.3038 72.6622 10.4921
v  -12.8813 38.9615 -4.3651
v  -20.8087 108.9360 27.9670
v  -12.0583 154.8952 43.8048
v  -2.5595 184.0836 60.1614
v  14.9815 223.9177 71.4315
v  37.3593 266.4285 76.7446
v  -22.0354 71.2437 9.9747
v  -12.8688 38.9078 -4.7241
v  -21.5900 108.5783 27.4790
v  -13.8991 152.1483 43.8843
v  -1.8120 191.3951 58.6614
v  12.1898 220.6796 72.6487
v  34.4558 263.0710 78.8554
v  -22.2605 71.2845 9.4341
v  -13.5860 38.4479 -5.4560
v  -22.8996 106.3310 27.0904
v  -13.4827 157.4297 42.8260
v  -2.5062 193.8784 58.1217
v  12.7321 227.8814 71.0515
v  -8.6978 1.3628 -19.3168
v  43.8233 263.1096 73.9895
v  67.8377 301.9142 72.3831
v  65.1556 298.1384 75.8450
v  62.8033 296.2725 78.3099
v  59.8829 292.7077 81.4875
v  58.7792 295.8354 81.5138
v  59.3959 305.1648 78.7008
v  56.5194 301.8563 81.6310
v  33.6944 266.8567 78.3499
v  53.9162 299.8953 83.8645
v  32.9034 270.5199 77.8808
v  11.7880 230.3914 70.6967
v  -2.5965 198.3688 57.1821
v  -14.8911 156.1410 42.6573
v  -23.2310 107.4669 26.4609
v  -21.7179 73.5582 8.9135
v  -14.3601 37.9398 -6.2769
v  -5.8945 1.6031 -20.5295
v  -5.8123 2.4275 -21.1801
v  -6.0707 0.9993 -20.0167
v  -6.2230 0.3876 -19.5012
v  -6.6425 0.2861 -19.2840
v  -7.3446 0.6849 -19.3399
v  -8.0021 0.9961 -19.3242
v  -14.6583 37.6818 -6.8884
v  -21.8310 74.4471 7.8635
v  -14.6833 37.5683 -7.3655
v  -21.5310 74.7445 8.3976
v  -23.3145 111.5970 25.1005
v  -22.9533 110.6772 25.7143
v  -18.9872 149.2608 42.6402
v  -16.0308 155.7951 42.3275
v  -8.0075 189.9211 58.4800
v  -5.1497 194.5300 57.8239
v  8.9323 232.2844 70.7358
v  10.1643 230.7319 70.8855
v  27.4967 265.7575 81.0031
v  -21.9975 74.5074 7.3302
v  -14.6724 37.4671 -7.8347
v  -24.0880 111.0215 24.5511
v  -21.3011 145.0792 42.5496
v  -10.6743 186.1143 58.8702
v  5.0652 225.9421 72.4398
v  25.9694 267.1110 81.2237
v  -22.0835 74.7686 6.8010
v  -14.5881 37.4009 -8.2674
v  -24.1909 112.7344 23.8903
v  -22.0838 145.8984 41.9539
v  -11.5769 187.7326 58.3596
v  3.9822 227.9325 72.1028
v  21.0565 258.9291 84.3740
v  -22.3235 74.5303 6.2492
v  -14.2327 37.4902 -8.5146
v  -24.7647 112.7503 23.2935
v  -20.9447 152.9573 40.8341
v  -13.4281 186.4568 58.2421
v  2.6237 229.0958 71.9316
v  19.6148 260.6130 84.3751
v  -22.9075 73.2169 5.6286
v  -13.7686 37.6437 -8.6698
v  -25.2756 112.9327 22.6785
v  -21.5115 154.3686 40.1979
v  -16.3640 182.0296 58.4564
v  1.7380 231.5887 71.4501
v  18.4887 263.1280 84.1095
v  -23.2652 72.5338 5.0215
v  -13.5396 37.6512 -8.9938
v  -25.0867 115.4965 21.9967
v  -23.2184 151.9777 39.8396
v  -16.0170 187.1751 57.4389
v  -0.6040 229.9136 71.8218
v  17.0351 264.7406 84.0867
v  -5.5233 2.8914 -21.6084
v  29.9257 267.1696 79.8180
v  50.9061 296.9442 86.4397
v  50.8135 303.1806 85.0236
v  48.0492 301.1430 87.1044
v  43.2071 293.5271 91.3430
v  42.3482 297.2705 90.9114
v  39.9654 296.8708 92.0836
v  38.6418 299.3283 92.1122
v  35.8795 298.0395 93.5150
v  16.2228 268.0429 83.5653
v  -3.9161 225.6589 72.6046
v  -16.0810 191.1025 56.5708
v  -24.6015 150.6357 39.3469
v  -25.4330 116.1416 21.3663
v  -23.4761 72.2472 4.4298
v  -13.4555 37.5620 -9.4392
v  -3.2192 5.1382 -23.7350
v  -2.8770 5.7361 -24.2210
v  -3.0965 3.5075 -22.5404
v  -3.4252 3.0006 -22.1166
v  -4.0943 3.2780 -22.2108
v  -4.4844 2.9528 -21.8920
v  -4.8902 2.6852 -21.6041
v  -13.0757 37.6552 -9.6382
v  -24.4391 69.8667 3.0459
v  -12.5147 37.8663 -9.6597
v  -23.9613 71.0761 3.7525
v  -26.0686 117.4654 20.0912
v  -25.8683 116.4207 20.7364
v  -26.6135 150.2644 38.1203
v  -25.8317 149.7551 38.7828
v  -19.1611 190.1337 55.8273
v  -18.1718 189.0193 56.3981
v  -7.7822 224.8120 72.4800
v  -5.3134 226.6674 72.3127
v  10.6616 264.3149 85.2397
v  -24.8908 68.6722 2.3151
v  -12.1805 37.9288 -9.8722
v  -25.7972 120.1098 19.4352
v  -27.1403 151.5340 37.4125
v  -19.9989 191.6424 55.2007
v  -7.5778 230.0101 71.4266
v  10.1454 268.2623 84.4939
v  -25.5379 66.7929 1.4735
v  -12.1505 37.7797 -10.3854
v  -27.0612 117.3214 18.7962
v  -26.8212 155.4684 36.5977
v  -20.9238 192.8520 54.5894
v  -8.0602 233.3638 70.6812
v  9.4679 271.7763 83.8535
v  -25.7137 66.3242 0.7857
v  -12.1531 37.5948 -10.9576
v  -27.6320 116.9051 18.1256
v  -27.4334 156.3542 35.9037
v  -21.8217 194.0935 53.9598
v  -11.5896 228.6282 71.1851
v  6.9346 270.5668 84.3554
v  -25.1282 68.2415 0.4273
v  -12.0235 37.4908 -11.4117
v  -28.1532 116.6028 17.4403
v  -28.0384 157.2069 35.2009
v  -23.7508 192.3260 53.5478
v  -13.3915 228.4587 70.9082
v  6.7891 275.3487 83.3888
v  -24.4286 70.5103 0.1356
v  -11.9653 37.3222 -11.9690
v  -29.2218 114.3295 16.6791
v  -29.3678 155.6711 34.5380
v  -25.1415 192.0727 52.9710
v  -12.7414 234.6006 69.7419
v  2.9042 270.8028 84.5517
v  -1.9321 4.8367 -23.6464
v  11.5144 261.1937 85.7678
v  34.3600 299.9913 93.6678
v  32.3069 300.5990 94.2727
v  31.6652 304.7255 93.6077
v  31.6128 310.3291 92.4229
v  25.7207 301.5432 96.1005
v  23.9257 302.8423 96.2957
v  25.7286 312.6547 93.7572
v  22.8471 311.2647 94.7983
v  -0.9347 266.5870 85.4650
v  -18.2610 224.8888 70.5824
v  -29.5399 183.4014 52.7458
v  -30.5275 154.6323 33.8218
v  -30.7553 110.3685 15.7824
v  -23.7916 72.5647 -0.1671
v  -11.9383 37.1139 -12.5956
v  2.6861 0.5005 -20.3712
v  3.3831 -0.3938 -19.6104
v  1.8736 1.6701 -21.3164
v  1.2171 2.1259 -21.6977
v  0.7163 2.0222 -21.6449
v  -0.1263 2.9595 -22.3427
v  -1.0601 4.0383 -23.1115
v  -11.7931 36.9811 -13.1045
v  -23.5045 73.3893 -1.2017
v  -11.3229 37.1010 -13.1870
v  -23.5934 73.1745 -0.6586
v  -32.0451 108.4140 14.1327
v  -31.7146 108.3300 14.9056
v  -32.4659 153.6007 32.2845
v  -32.0518 152.3794 33.0627
v  -31.2427 185.7060 51.1943
v  -31.1978 182.3668 52.0376
v  -22.6899 222.4286 69.8257
v  -19.6758 225.6435 70.0420
v  -5.8913 264.7878 85.6432
v  -23.1181 74.5552 -1.5907
v  -10.7281 37.3285 -13.0689
v  -31.4491 111.7069 13.5825
v  -32.9162 154.6486 31.4996
v  -31.8668 187.4077 50.3880
v  -23.0998 225.5777 69.0072
v  -5.8362 269.6913 84.6418
v  -22.8295 75.3702 -2.0221
v  -10.2599 37.4550 -13.1059
v  -30.3091 116.9124 13.1660
v  -34.4969 152.0251 30.6200
v  -32.6762 188.5458 49.5825
v  -24.0820 227.2844 68.2983
v  -9.2087 266.7179 84.9568
v  -22.5797 76.0260 -2.4689
v  -10.0397 37.3597 -13.5216
v  -30.2391 118.2798 12.5139
v  -34.6412 153.9201 29.8335
v  -34.1003 187.9288 48.7725
v  -25.0241 229.0476 67.5715
v  -13.2645 262.3087 85.3352
v  -22.5289 75.9646 -3.0300
v  -10.0294 37.0511 -14.3203
v  -30.8348 117.1965 11.6923
v  -36.6862 149.6702 28.7895
v  -35.7061 186.7553 47.9167
v  -26.2103 230.1677 66.8724
v  -15.3374 262.3240 84.9851
v  -22.8072 74.6963 -3.8113
v  -9.9582 36.7692 -15.0796
v  -31.7879 114.7331 10.7274
v  -36.3188 153.0698 28.0660
v  -38.2742 182.8838 46.9430
v  -24.7957 237.7025 65.7483
v  -17.8657 261.3306 84.6986
v  4.0738 -1.4760 -18.6815
v  -5.8101 260.1902 86.5905
v  17.2968 303.9175 97.4965
v  15.5342 305.2903 97.5125
v  13.2963 305.6122 97.7796
v  12.4965 309.0663 97.1758
v  10.7870 310.5107 97.0855
v  8.6047 310.9208 97.2207
v  5.4444 309.2617 97.7895
v  0.3306 303.6554 99.0868
v  6.7649 -1.3946 -17.9481
v  6.4113 -2.3746 -17.3312
v  6.0234 -2.7494 -17.1862
v  5.6395 -3.0759 -17.0706
v  5.2597 -3.3706 -16.9715
v  4.7398 -2.7307 -17.5956
v  -88.9732 308.8116 40.1093
v  -96.7271 307.6210 14.2630
v  -95.4062 307.1283 -21.9434
v  -29.9155 306.0688 -93.9008
v  10.1957 311.3797 -96.9623
v  32.6384 308.4239 -92.4541
v  93.1997 308.7872 -28.8479
v  96.4187 304.3305 -19.9497
# 2304 vertices

vn 0.0448 0.2710 -0.9615
vn -0.8115 -0.0354 -0.5833
vn -0.0006 -0.4130 0.9107
vn 0.3689 -0.4010 0.8385
vn -0.9892 0.0671 0.1306
vn 0.7513 -0.4759 0.4571
vn -0.1780 0.1777 -0.9678
vn -0.9104 -0.1267 -0.3938
vn -0.8795 0.0257 -0.4752
vn -0.0257 -0.4288 0.9030
vn 0.0703 -0.4836 0.8725
vn 0.2388 -0.5027 0.8308
vn -0.0504 0.2138 -0.9756
vn -0.5908 0.0864 -0.8022
vn -0.5008 -0.4567 0.7352
vn -0.9722 -0.1316 0.1938
vn -0.2992 -0.3737 0.8779
vn -0.9575 0.1217 0.2614
vn 0.2519 0.2892 -0.9235
vn -0.5005 0.1095 -0.8588
vn -0.3950 -0.4340 0.8097
vn -0.9929 -0.0577 0.1036
vn -0.9879 0.1477 -0.0479
vn -0.9184 0.0115 0.3954
vn 0.1041 0.2345 -0.9665
vn -0.6699 0.0125 -0.7423
vn -0.7179 0.1337 -0.6832
vn -0.9625 -0.0899 0.2559
vn -0.9803 0.1520 -0.1264
vn -0.6978 -0.2080 0.6854
vn -0.0085 0.1880 -0.9821
vn -0.7967 -0.0583 -0.6015
vn -0.7342 0.1127 -0.6696
vn -0.9590 0.1227 -0.2555
vn -0.9704 0.1277 -0.2052
vn 0.1636 -0.4688 0.8680
vn 0.4180 0.2534 -0.8724
vn -0.1284 0.2247 -0.9659
vn -0.8328 -0.0156 -0.5533
vn -0.7712 -0.3323 0.5430
vn -0.0279 -0.4992 0.8660
vn -0.9391 0.0634 0.3378
vn 0.4277 -0.4996 0.7533
vn -0.8362 0.1122 0.5368
vn 0.8219 -0.4915 0.2878
vn -0.4726 -0.0423 0.8802
vn -0.7526 0.1011 0.6506
vn -0.5395 -0.1108 0.8347
vn -0.6277 -0.1083 0.7709
vn -0.7280 -0.0492 0.6838
vn -0.1949 -0.4088 0.8916
vn -0.9162 -0.0025 0.4008
vn -0.3315 -0.5025 0.7985
vn -0.8786 0.1683 -0.4470
vn -0.9837 -0.1456 -0.1060
vn -0.9500 -0.2237 -0.2177
vn -0.1728 0.1200 -0.9776
vn 0.9129 0.4066 0.0351
vn 0.7143 0.3804 -0.5874
vn -0.1427 0.0324 -0.9892
vn -0.3782 -0.0863 -0.9217
vn -0.4523 -0.1346 -0.8817
vn -0.1746 -0.0082 -0.9846
vn 0.4151 0.2472 -0.8755
vn -0.9060 -0.2955 -0.3031
vn -0.4362 -0.3766 0.8172
vn -0.1778 -0.4358 0.8823
vn 0.0844 -0.4236 0.9019
vn 0.3376 -0.4743 0.8131
vn 0.0925 -0.4855 0.8693
vn -0.8340 -0.2555 -0.4890
vn -0.6078 -0.3971 0.6876
vn -0.4773 -0.4226 0.7705
vn -0.9418 0.0317 -0.3348
vn -0.5663 -0.3391 0.7512
vn -0.9824 0.1840 0.0329
vn -0.0573 0.1358 -0.9891
vn -0.8877 -0.2222 -0.4032
vn -0.2325 -0.3801 0.8952
vn -0.9870 -0.1049 -0.1216
vn -0.8723 -0.1737 0.4571
vn -0.8678 -0.1394 0.4770
vn 0.2749 0.2502 -0.9284
vn -0.9231 -0.3808 -0.0545
vn -0.2974 -0.3640 0.8826
vn -0.9857 -0.1619 0.0468
vn -0.9711 0.0641 -0.2299
vn 0.5534 -0.4715 0.6866
vn -0.3733 -0.0237 -0.9274
vn -0.4007 0.0758 -0.9131
vn -0.7633 0.0818 -0.6409
vn -0.8819 0.0533 -0.4684
vn -0.1747 -0.5411 0.8226
vn -0.3035 -0.4105 0.8599
vn -0.3271 0.0023 -0.9450
vn -0.3056 0.1031 -0.9466
vn -0.9666 -0.1820 -0.1804
vn 0.2467 -0.3830 0.8902
vn -0.3417 -0.4665 0.8158
vn -0.9912 0.1118 0.0704
vn 0.9126 0.3974 0.0965
vn -0.7782 -0.1709 -0.6043
vn -0.8399 -0.3760 0.3913
vn -0.6665 -0.4313 0.6081
vn 0.2843 -0.3910 0.8754
vn 0.5262 -0.4421 0.7264
vn 0.2910 -0.4871 0.8234
vn -0.1543 -0.3387 0.9281
vn 0.2788 -0.4502 0.8483
vn -0.9283 0.1342 0.3469
vn -0.1973 -0.4507 0.8706
vn 0.3899 -0.5064 0.7691
vn -0.6424 -0.1496 0.7516
vn -0.9130 0.0705 0.4018
vn -0.9201 0.0409 0.3895
vn -0.3765 -0.3583 0.8543
vn -0.9943 -0.1051 0.0171
vn 0.0565 -0.3888 0.9196
vn -0.7457 -0.4316 0.5075
vn -0.2968 0.0804 -0.9515
vn 0.4272 0.2659 -0.8642
vn 0.4480 0.0566 -0.8922
vn 0.9355 0.3531 0.0107
vn 0.8777 0.3714 0.3029
vn 0.8772 0.3779 0.2963
vn 0.9179 0.3945 0.0421
vn 0.7286 0.3004 -0.6155
vn 0.8567 0.3718 -0.3576
vn -0.0192 0.1000 -0.9948
vn -0.6095 -0.1751 -0.7732
vn -0.7559 -0.4049 0.5144
vn -0.9523 -0.0147 -0.3049
vn -0.9981 -0.0597 0.0155
vn -0.2408 -0.5114 0.8249
vn 0.1454 0.1415 -0.9792
vn -0.5747 -0.4409 0.6894
vn -0.9435 -0.2584 -0.2075
vn -0.2550 -0.4307 0.8657
vn 0.1833 -0.4694 0.8638
vn 0.4133 -0.4581 0.7869
vn 0.6741 0.3042 -0.6731
vn -0.4663 -0.3983 0.7899
vn -0.5757 -0.4258 0.6981
vn -0.9619 -0.2734 0.0010
vn 0.1758 -0.4620 0.8693
vn -0.1539 -0.3720 0.9154
vn 0.7015 0.3077 -0.6428
vn -0.6985 -0.4370 0.5667
vn -0.6899 -0.0071 -0.7238
vn -0.9432 -0.3234 0.0759
vn -0.8022 -0.3566 0.4789
vn -0.9377 -0.0299 0.3462
vn 0.5518 0.2374 -0.7995
vn -0.8825 -0.3554 -0.3081
vn -0.8427 -0.2090 -0.4962
vn -0.1309 -0.4308 0.8929
vn -0.7960 -0.3811 0.4702
vn -0.5732 -0.2801 0.7701
vn 0.5074 0.2061 -0.8367
vn -0.7421 -0.4152 0.5261
vn -0.8441 -0.2300 -0.4844
vn -0.9856 -0.1688 -0.0077
vn -0.7334 0.2091 -0.6469
vn -0.9966 0.0755 0.0337
vn -0.2188 -0.1896 -0.9572
vn 0.5104 0.2703 -0.8164
vn -0.1530 0.1404 -0.9782
vn -0.6739 0.0487 -0.7372
vn -0.9370 0.0160 -0.3489
vn -0.9124 -0.1881 0.3636
vn -0.9459 0.2410 -0.2174
vn -0.9573 -0.0122 0.2888
vn 0.5420 -0.5329 0.6498
vn -0.8746 -0.0360 0.4834
vn -0.9606 0.2217 -0.1678
vn 0.2723 -0.5862 0.7631
vn -0.5623 -0.4049 0.7210
vn 0.1298 -0.6432 0.7546
vn -0.3250 -0.5405 0.7761
vn -0.9989 0.0395 0.0246
vn -0.8908 0.0389 -0.4527
vn -0.9892 -0.1221 -0.0815
vn -0.8765 -0.4490 0.1737
vn -0.8352 -0.3017 -0.4599
vn 0.1032 0.0109 -0.9946
vn 0.4468 0.0736 -0.8916
vn -0.1600 -0.1605 -0.9740
vn -0.2665 -0.2031 -0.9422
vn 0.1015 -0.0900 -0.9908
vn 0.8978 0.3487 0.2691
vn 0.8889 0.3611 0.2818
vn 0.4841 0.0825 -0.8711
vn 0.3236 0.1022 -0.9407
vn -0.2398 0.0053 -0.9708
vn -0.7453 -0.1659 -0.6457
vn -0.9725 -0.1127 -0.2037
vn -0.4527 -0.4817 0.7503
vn -0.7637 -0.4448 0.4679
vn 0.3721 0.1117 -0.9214
vn -0.3752 -0.0962 -0.9219
vn -0.7889 -0.4804 0.3833
vn -0.9761 -0.1947 0.0966
vn -0.8190 0.0785 -0.5684
vn -0.2116 -0.5661 0.7967
vn -0.5089 -0.2478 -0.8244
vn -0.8714 -0.4711 0.1371
vn -0.8852 -0.4076 0.2243
vn -0.6432 0.1136 -0.7572
vn 0.0764 -0.4291 0.9000
vn -0.9590 0.0541 -0.2781
vn -0.7320 -0.3489 -0.5852
vn -0.7381 -0.4097 0.5361
vn -0.7205 -0.0947 -0.6870
vn -0.6951 -0.0158 -0.7188
vn -0.0313 -0.4045 0.9140
vn -0.9745 -0.0274 -0.2229
vn -0.8378 -0.3841 -0.3880
vn -0.8870 -0.4053 -0.2213
vn -0.8922 -0.2326 -0.3871
vn -0.8957 -0.1231 -0.4273
vn -0.6790 0.2234 -0.6993
vn -0.9979 0.0023 -0.0646
vn -0.7905 -0.3632 -0.4931
vn -0.5333 -0.1808 -0.8264
vn -0.6217 -0.0611 -0.7809
vn -0.9463 -0.2951 0.1322
vn -0.7849 0.1149 -0.6089
vn -0.3616 -0.4920 0.7919
vn 0.2956 0.0033 -0.9553
vn -0.3778 -0.1797 -0.9083
vn -0.0443 0.1174 -0.9921
vn -0.8827 -0.3029 -0.3593
vn -0.9746 -0.1983 0.1044
vn -0.8589 -0.3684 0.3559
vn -0.9764 0.0862 -0.1982
vn 0.1051 -0.5705 0.8145
vn 0.0940 -0.4540 0.8860
vn -0.6839 -0.1866 0.7053
vn -0.9864 0.1624 -0.0266
vn -0.8347 -0.2118 0.5083
vn -0.8494 0.3089 -0.4280
vn 0.2131 -0.5431 0.8122
vn -0.0341 -0.5134 0.8575
vn -0.1515 -0.5134 0.8447
vn -0.0771 -0.4465 0.8915
vn -0.5621 -0.4269 0.7083
vn -0.2558 0.0859 -0.9629
vn -0.8307 -0.3042 -0.4662
vn -0.2676 -0.1671 -0.9489
vn 0.9355 0.3433 -0.0833
vn 0.9149 0.3086 -0.2603
vn 0.5820 0.0915 -0.8080
vn 0.2710 -0.0308 -0.9621
vn 0.8287 0.2671 -0.4918
vn 0.1434 -0.0537 -0.9882
vn 0.0920 -0.0768 -0.9928
vn -0.2065 -0.1894 -0.9599
vn -0.9387 -0.3445 -0.0114
vn -0.9160 -0.3912 -0.0896
vn -0.5365 0.1024 -0.8377
vn -0.9668 -0.1928 -0.1675
vn -0.9791 -0.1840 0.0866
vn -0.3266 -0.2553 -0.9100
vn -0.8895 -0.3239 -0.3223
vn -0.6512 -0.3860 0.6534
vn -0.7045 -0.0776 -0.7055
vn -0.2829 -0.4555 0.8441
vn -0.7682 -0.4021 0.4981
vn 0.6707 0.2240 -0.7071
vn 0.1675 0.1129 -0.9794
vn -0.6976 -0.3650 0.6166
vn -0.7142 -0.0973 -0.6932
vn -0.9382 -0.0531 -0.3419
vn -0.8458 0.1426 -0.5142
vn 0.8579 0.3060 -0.4127
vn 0.3753 0.1811 -0.9090
vn -0.9233 -0.3822 0.0388
vn -0.3015 -0.3902 0.8700
vn -0.9611 -0.1610 -0.2246
vn -0.3946 -0.5041 0.7682
vn 0.7661 0.2369 -0.5974
vn 0.3273 0.1387 -0.9347
vn -0.2314 0.0486 -0.9716
vn -0.8969 -0.3754 0.2338
vn -0.8331 -0.0376 -0.5519
vn -0.5515 -0.4878 0.6766
vn 0.6253 0.1616 -0.7635
vn 0.1044 0.0191 -0.9943
vn -0.1997 0.0588 -0.9781
vn -0.4906 0.0734 -0.8683
vn -0.9370 -0.3381 -0.0884
vn -0.5924 -0.4512 0.6674
vn 0.7608 0.4013 0.5100
vn 0.5228 0.1696 -0.8354
vn -0.9380 -0.3425 -0.0536
vn -0.2408 0.0741 -0.9678
vn -0.7900 -0.0275 -0.6125
vn -0.8739 -0.0030 -0.4861
vn -0.9530 -0.2250 0.2029
vn -0.9899 -0.0297 0.1385
vn -0.8359 -0.2852 0.4689
vn -0.6173 -0.4503 0.6451
vn -0.9849 0.0611 -0.1619
vn -0.4870 -0.5002 0.7160
vn -0.4605 -0.5105 0.7262
vn -0.9882 -0.1326 0.0766
vn -0.4313 -0.4571 0.7778
vn -0.9455 -0.2913 0.1452
vn -0.4680 -0.4871 0.7374
vn -0.8430 -0.2365 -0.4831
vn -0.4138 -0.0650 -0.9080
vn -0.8610 -0.4039 -0.3089
vn 0.8706 0.2704 -0.4110
vn 0.2510 -0.1847 -0.9502
vn 0.4961 -0.0990 -0.8626
vn 0.7223 0.3749 0.5811
vn 0.8801 0.3598 0.3098
vn 0.8884 0.3650 0.2784
vn 0.9496 0.3128 -0.0214
vn 0.8784 0.3808 0.2886
vn 0.9233 0.2985 -0.2418
vn -0.8931 -0.4259 0.1448
vn -0.8745 -0.3872 0.2921
vn -0.7794 -0.5998 0.1813
vn -0.5815 -0.4113 0.7019
vn -0.8705 -0.4622 0.1692
vn 0.7149 0.1239 -0.6882
vn -0.7930 -0.3486 -0.4996
vn 0.0776 0.1237 -0.9893
vn -0.3927 -0.4153 0.8206
vn -0.8616 -0.0118 -0.5075
vn -0.9109 -0.1248 -0.3933
vn -0.6114 -0.3678 -0.7006
vn -0.4007 -0.1840 -0.8975
vn -0.1236 -0.0333 -0.9918
vn -0.7413 -0.4740 0.4753
vn -0.8175 -0.0710 -0.5716
vn -0.1626 -0.4616 0.8721
vn -0.6665 -0.3693 -0.6476
vn -0.1704 -0.1046 -0.9798
vn -0.6466 -0.3615 -0.6718
vn -0.7226 -0.1737 -0.6691
vn -0.6771 0.0366 -0.7350
vn -0.8665 0.0590 -0.4956
vn -0.5129 -0.3556 -0.7813
vn -0.9121 -0.3915 0.1220
vn -0.6127 -0.3411 0.7129
vn -0.4594 -0.0023 -0.8882
vn -0.6395 0.0599 -0.7665
vn -0.7279 0.0666 -0.6825
vn 0.4541 -0.0093 -0.8909
vn -0.8224 -0.4218 -0.3818
vn -0.7770 -0.3885 0.4953
vn -0.9183 -0.3958 0.0039
vn -0.9165 -0.2514 -0.3112
vn -0.5325 -0.5776 0.6187
vn 0.5476 -0.0465 -0.8355
vn 0.9225 0.3049 -0.2368
vn -0.8647 -0.3984 0.3059
vn -0.7370 -0.3782 0.5602
vn -0.5182 -0.0803 -0.8515
vn -0.4000 -0.4306 0.8091
vn -0.7979 0.0377 -0.6016
vn -0.2755 -0.4672 0.8401
vn -0.9335 -0.1840 0.3078
vn -0.9676 0.1054 -0.2294
vn -0.8458 0.1729 -0.5048
vn -0.9775 -0.0784 -0.1958
vn -0.1049 -0.4985 0.8605
vn -0.4750 -0.4662 0.7463
vn -0.7534 0.2663 -0.6012
vn -0.9621 -0.2450 -0.1201
vn -0.9371 -0.3338 -0.1025
vn -0.4121 -0.0101 -0.9111
vn -0.1051 0.0106 -0.9944
vn 0.0210 -0.0904 -0.9957
vn 0.4973 0.0054 -0.8676
vn 0.9611 0.2091 -0.1803
vn 0.7842 0.0070 -0.6205
vn 0.9081 0.3489 0.2315
vn 0.8663 0.3799 0.3245
vn 0.4692 -0.0920 -0.8783
vn 0.4247 -0.0923 -0.9006
vn 0.7773 0.0926 -0.6222
vn 0.1608 -0.1463 -0.9761
vn 0.1480 -0.0884 -0.9850
vn -0.4548 -0.1558 -0.8769
vn -0.8763 -0.4592 0.1459
vn -0.8771 -0.4761 0.0634
vn -0.5452 -0.4250 0.7226
vn 0.2066 -0.1510 -0.9667
vn -0.9178 -0.3916 -0.0660
vn 0.2150 0.1021 -0.9713
vn -0.8050 -0.4414 0.3965
vn -0.8857 -0.3486 -0.3065
vn -0.9297 -0.0542 -0.3643
vn 0.4028 -0.0872 -0.9111
vn -0.9180 -0.3700 -0.1425
vn 0.0167 -0.0118 -0.9998
vn -0.3636 -0.0923 -0.9270
vn -0.5972 -0.4526 0.6622
vn -0.8719 -0.0439 -0.4878
vn 0.9159 0.2728 -0.2945
vn -0.9354 -0.3413 -0.0927
vn 0.1389 0.0165 -0.9902
vn -0.8574 -0.4687 -0.2126
vn -0.9311 -0.3241 -0.1673
vn -0.9234 -0.1646 -0.3466
vn 0.9333 0.2936 -0.2065
vn -0.4670 -0.2232 -0.8556
vn -0.4058 -0.3308 -0.8520
vn -0.8127 -0.4913 0.3133
vn -0.9243 -0.3797 0.0392
vn -0.9681 -0.2340 -0.0902
vn 0.4955 -0.1003 -0.8628
vn 0.5500 0.1166 -0.8270
vn -0.8742 -0.4427 0.1996
vn -0.2037 0.0036 -0.9790
vn -0.2174 0.1562 -0.9635
vn -0.9639 -0.2525 -0.0844
vn 0.9471 0.3005 0.1130
vn 0.0675 -0.1837 -0.9807
vn 0.2171 -0.0399 -0.9753
vn -0.8699 -0.3807 0.3136
vn -0.5403 -0.1163 -0.8334
vn -0.9286 -0.3483 -0.1278
vn -0.8839 -0.3508 0.3092
vn -0.8062 0.1734 -0.5657
vn -0.9738 -0.1693 -0.1515
vn -0.6303 -0.4714 0.6169
vn -0.5050 -0.5206 0.6884
vn -0.7727 -0.4518 0.4459
vn -0.6114 0.1453 -0.7779
vn -0.7398 -0.5801 0.3408
vn -0.4809 -0.5215 0.7048
vn -0.6704 -0.4552 0.5859
vn -0.1637 0.1037 -0.9811
vn -0.8416 -0.4019 0.3608
vn -0.8078 -0.3855 0.4460
vn 0.5042 0.0645 -0.8612
vn -0.0512 -0.3138 -0.9481
vn 0.2165 0.4031 0.8892
vn 0.4165 0.4088 0.8120
vn 0.5144 0.4133 0.7514
vn 0.8046 0.3729 0.4620
vn 0.7643 0.3941 0.5104
vn 0.9711 0.1951 -0.1372
vn 0.7968 -0.0239 -0.6038
vn -0.0681 -0.2469 -0.9666
vn 0.7539 0.1628 -0.6365
vn -0.2013 -0.2031 -0.9583
vn -0.6708 -0.1323 -0.7298
vn -0.1549 0.0732 -0.9852
vn -0.2795 0.2181 -0.9351
vn 0.2412 -0.1466 -0.9593
vn -0.3591 -0.3983 -0.8440
vn -0.7747 -0.4493 -0.4448
vn -0.8453 -0.2745 -0.4585
vn -0.5930 -0.4891 0.6396
vn -0.9062 -0.2788 -0.3179
vn 0.9283 0.3460 0.1364
vn -0.8902 -0.4250 -0.1642
vn -0.6180 -0.3784 -0.6891
vn -0.3318 -0.0776 -0.9401
vn -0.6526 -0.4380 0.6183
vn -0.4324 0.1336 -0.8917
vn 0.8683 0.3757 0.3238
vn -0.8387 -0.4284 -0.3362
vn -0.1328 -0.1485 -0.9800
vn 0.0952 0.0773 -0.9925
vn -0.9212 -0.3850 0.0566
vn -0.6337 0.0390 -0.7726
vn 0.9420 0.3194 0.1031
vn -0.7703 -0.4027 -0.4945
vn 0.2894 0.0364 -0.9565
vn 0.0391 -0.0091 -0.9992
vn -0.9253 -0.3790 -0.0101
vn -0.8962 -0.4092 0.1716
vn 0.9361 0.1560 -0.3153
vn 0.3880 -0.1125 -0.9148
vn -0.9296 -0.3412 0.1392
vn 0.3138 0.1253 -0.9412
vn -0.4897 -0.0755 -0.8686
vn -0.7399 -0.4529 0.4974
vn 0.1769 0.3990 0.8997
vn 0.0937 -0.2330 -0.9680
vn 0.6942 0.1441 -0.7052
vn -0.8339 -0.4528 -0.3157
vn -0.7139 -0.1833 -0.6758
vn -0.2384 -0.0451 -0.9701
vn -0.8743 -0.4135 0.2541
vn -0.6639 -0.4464 0.6000
vn -0.8259 -0.4161 0.3805
vn -0.7579 0.1314 -0.6390
vn -0.7978 0.0962 -0.5951
vn -0.4923 0.2296 -0.8396
vn -0.9313 -0.3618 0.0425
vn -0.7007 -0.6035 0.3804
vn -0.8022 -0.5634 0.1977
vn -0.9126 -0.3863 0.1342
vn -0.2065 0.0218 -0.9782
vn -0.8446 -0.4741 0.2488
vn -0.9127 -0.3525 -0.2068
vn 0.7959 0.1137 -0.5947
vn 0.8880 0.3395 0.3102
vn 0.2110 0.3996 0.8921
vn 0.3861 0.4091 0.8268
vn 0.8689 -0.0946 -0.4860
vn 0.7562 -0.1837 -0.6281
vn 0.7030 -0.2356 -0.6710
vn 0.6774 -0.2630 -0.6870
vn 0.9839 0.1251 0.1279
vn 0.9696 0.2354 0.0675
vn 0.8096 0.0817 -0.5813
vn 0.5182 0.0854 -0.8510
vn -0.8893 -0.3572 0.2856
vn 0.1173 0.1787 -0.9769
vn -0.2073 0.1579 -0.9655
vn 0.9693 0.2282 0.0918
vn 0.8245 0.0868 -0.5592
vn 0.5667 0.0753 -0.8205
vn -0.7927 -0.2253 -0.5664
vn -0.1287 0.0040 -0.9917
vn -0.2913 0.0024 -0.9566
vn 0.7807 -0.0391 -0.6236
vn -0.2515 -0.3980 -0.8823
vn 0.6238 0.0810 -0.7774
vn -0.4975 -0.1412 -0.8559
vn -0.6370 -0.4692 0.6116
vn -0.5694 -0.4553 0.6845
vn -0.1629 -0.3403 -0.9261
vn -0.8787 -0.3941 -0.2696
vn -0.7547 -0.4783 -0.4491
vn 0.2739 0.0960 -0.9570
vn -0.6705 -0.4092 0.6189
vn -0.2946 0.1506 -0.9437
vn -0.1549 -0.3568 -0.9212
vn -0.8778 -0.3820 -0.2890
vn -0.2049 -0.3007 -0.9314
vn 0.2361 0.0462 -0.9706
vn -0.6651 -0.2520 -0.7029
vn -0.7677 -0.1559 -0.6215
vn 0.4222 -0.2222 -0.8789
vn -0.4276 -0.3981 -0.8116
vn -0.1160 -0.2539 -0.9602
vn 0.0983 -0.0613 -0.9933
vn -0.7440 -0.3554 -0.5658
vn -0.8554 -0.4683 0.2213
vn 0.2919 0.3853 0.8754
vn 0.8655 0.3289 0.3779
vn 0.8323 0.1205 -0.5410
vn -0.5526 -0.2893 -0.7816
vn -0.8314 -0.4003 0.3853
vn -0.0992 0.0471 -0.9940
vn -0.7999 -0.1926 -0.5684
vn -0.4790 -0.5227 0.7052
vn -0.9571 -0.2617 -0.1243
vn -0.8574 -0.4026 0.3205
vn -0.3463 0.2441 -0.9058
vn -0.4865 0.1214 -0.8652
vn -0.7505 -0.0859 -0.6552
vn -0.6348 -0.4999 0.5891
vn -0.9013 -0.4329 -0.0180
vn -0.7616 -0.4577 0.4589
vn 0.0044 -0.0402 -0.9992
vn 0.1190 -0.0522 -0.9915
vn 0.6094 0.0740 -0.7894
vn 0.8917 0.1302 -0.4334
vn 0.8677 0.0235 -0.4965
vn 0.2289 0.3974 0.8886
vn 0.5089 0.3607 0.7816
vn 0.8305 -0.2085 -0.5165
vn 0.7639 -0.2206 -0.6065
vn 0.9875 0.1042 0.1180
vn 0.4937 0.3457 0.7980
vn 0.1464 0.3755 0.9152
vn 0.8951 0.0177 -0.4455
vn -0.8801 -0.3558 -0.3143
vn -0.9140 -0.4056 0.0017
vn -0.9006 -0.4306 -0.0594
vn -0.8595 -0.4494 -0.2435
vn -0.1321 0.0956 -0.9866
vn 0.9396 0.0522 -0.3381
vn -0.1845 -0.3168 -0.9304
vn 0.7178 0.0664 -0.6931
vn -0.4665 -0.2852 -0.8372
vn -0.2534 -0.1150 -0.9605
vn -0.6320 -0.1987 -0.7490
vn 0.9865 0.1522 -0.0599
vn -0.4196 -0.2991 -0.8570
vn 0.8118 0.1297 -0.5693
vn 0.1800 -0.0557 -0.9821
vn -0.8669 -0.4970 0.0375
vn -0.7872 -0.4953 0.3675
vn 0.9863 0.1005 -0.1305
vn -0.7416 -0.3126 -0.5936
vn -0.4026 -0.4725 -0.7840
vn 0.5480 0.1014 -0.8303
vn -0.8094 -0.4368 -0.3925
vn -0.4528 -0.0738 -0.8886
vn 0.9910 0.1164 -0.0657
vn 0.4025 -0.1412 -0.9045
vn -0.9365 -0.3348 0.1041
vn -0.2492 -0.3451 -0.9049
vn -0.2288 -0.1277 -0.9651
vn -0.3947 -0.0438 -0.9178
vn 0.9141 0.2593 0.3119
vn 0.9196 0.0921 -0.3820
vn -0.9405 -0.3240 0.1028
vn -0.9109 -0.4080 0.0614
vn 0.1680 0.0433 -0.9848
vn -0.6899 -0.3421 -0.6380
vn 0.6117 0.3081 0.7287
vn 0.9297 0.0780 -0.3600
vn 0.7684 0.0207 -0.6396
vn 0.5447 -0.0057 -0.8386
vn -0.8452 -0.4353 -0.3099
vn -0.1512 -0.0999 -0.9834
vn -0.0524 0.1441 -0.9882
vn -0.6232 -0.5060 0.5963
vn -0.1916 0.2789 -0.9410
vn -0.8350 -0.5249 -0.1651
vn -0.7223 -0.5436 0.4276
vn -0.3102 0.0940 -0.9460
vn -0.5512 -0.0453 -0.8331
vn -0.7522 -0.5020 0.4268
vn -0.6532 -0.1050 -0.7498
vn 0.1303 0.1445 -0.9809
vn 0.3394 0.1427 -0.9298
vn 0.0464 -0.0918 -0.9947
vn -0.7640 -0.4083 -0.4996
vn 0.9520 0.1088 -0.2860
vn 0.8754 0.2729 0.3990
vn 0.9313 0.0892 0.3532
vn 0.9857 0.0010 0.1684
vn 0.9439 -0.1927 -0.2680
vn 0.4125 0.3328 0.8480
vn 0.0469 0.3990 0.9158
vn 0.9038 0.1362 0.4056
vn 0.8909 0.1547 0.4271
vn 0.9724 0.1668 0.1633
vn 0.8240 -0.0878 -0.5597
vn 0.0565 -0.2205 -0.9738
vn -0.0487 -0.1752 -0.9833
vn 0.2275 -0.0204 -0.9736
vn -0.8119 -0.3768 -0.4458
vn 0.7396 0.3007 0.6021
vn 0.8024 -0.1450 -0.5789
vn -0.7265 -0.3937 -0.5632
vn -0.8956 -0.4092 -0.1747
vn -0.8609 -0.4868 -0.1478
vn -0.0445 0.0661 -0.9968
vn 0.8425 0.2465 0.4789
vn 0.9480 -0.0149 -0.3178
vn -0.5825 -0.3712 -0.7231
vn 0.0751 -0.1819 -0.9804
vn -0.8793 -0.4638 -0.1086
vn -0.6210 -0.2396 -0.7462
vn 0.9346 -0.0575 -0.3510
vn 0.9886 0.0852 -0.1241
vn 0.5109 -0.0871 -0.8552
vn -0.6990 -0.4390 -0.5646
vn -0.7655 -0.4974 -0.4081
vn -0.8442 -0.4690 0.2597
vn 0.9483 -0.0455 -0.3140
vn 0.8906 -0.1453 -0.4309
vn 0.3682 -0.1847 -0.9112
vn -0.7821 -0.4806 -0.3968
vn -0.8876 -0.4415 0.1313
vn -0.6177 -0.3735 -0.6921
vn 0.8444 0.2269 0.4853
vn -0.7981 -0.3714 -0.4744
vn 0.8441 0.0604 -0.5328
vn -0.4083 -0.4354 -0.8023
vn -0.4040 -0.2105 -0.8902
vn 0.3830 0.2341 -0.8936
vn 0.7897 0.1947 0.5819
vn 0.9908 0.1302 0.0376
vn 0.9499 0.0798 -0.3021
vn 0.1337 -0.1919 -0.9723
vn 0.4609 0.0556 -0.8857
vn -0.8346 -0.5037 -0.2230
vn -0.8591 -0.4982 0.1173
vn -0.4153 0.0369 -0.9089
vn -0.4317 -0.1153 -0.8946
vn -0.6592 -0.2358 -0.7140
vn -0.2118 0.0749 -0.9744
vn -0.7357 -0.5355 0.4147
vn -0.7965 -0.4928 0.3503
vn -0.1270 0.1220 -0.9844
vn -0.7655 -0.2790 -0.5798
vn -0.2677 -0.2719 -0.9243
vn 0.5037 0.1731 -0.8463
vn 0.4046 -0.0629 -0.9123
vn 0.9469 0.1658 -0.2755
vn -0.7362 -0.3381 -0.5862
vn 0.6093 0.3142 0.7280
vn 0.2602 0.3818 0.8869
vn 0.9899 -0.1203 -0.0750
vn 0.9915 -0.1186 -0.0529
vn 0.8397 0.1503 0.5219
vn 0.9396 0.0694 0.3351
vn 0.8660 0.1361 0.4811
vn 0.4040 0.3354 0.8511
vn 0.9701 0.0242 0.2415
vn -0.5901 -0.3045 -0.7477
vn 0.7134 -0.1315 -0.6883
vn 0.4021 -0.1260 -0.9069
vn 0.5499 0.1305 -0.8249
vn -0.1455 -0.1326 -0.9804
vn 0.7358 -0.3831 -0.5585
vn 0.8804 0.0269 -0.4735
vn 0.8846 -0.0430 -0.4643
vn -0.8600 -0.4018 -0.3146
vn 0.5627 0.0857 -0.8222
vn -0.6461 -0.3952 -0.6530
vn 0.5946 -0.4193 -0.6861
vn 0.9305 0.0587 -0.3617
vn 0.8626 -0.1286 -0.4893
vn -0.4668 -0.3401 -0.8164
vn 0.3347 -0.0784 -0.9391
vn 0.1004 -0.0171 -0.9948
vn 0.7386 -0.3442 -0.5797
vn 0.9898 0.1347 -0.0462
vn -0.7346 -0.5141 -0.4428
vn -0.1297 -0.2732 -0.9532
vn -0.7888 -0.5017 -0.3552
vn -0.3795 -0.3720 -0.8471
vn 0.7410 -0.3165 -0.5922
vn 0.9905 0.1343 0.0310
vn -0.9124 -0.3447 -0.2207
vn 0.5176 -0.0475 -0.8543
vn -0.6179 -0.4606 -0.6372
vn -0.2396 -0.2903 -0.9265
vn 0.6619 -0.3421 -0.6670
vn 0.8461 -0.1169 -0.5200
vn -0.8544 -0.3812 -0.3531
vn -0.4134 -0.3586 -0.8369
vn 0.3085 -0.1192 -0.9437
vn -0.6408 -0.3892 -0.6617
vn -0.0463 0.4081 0.9117
vn 0.6964 0.2853 0.6585
vn -0.7565 -0.3024 -0.5799
vn 0.9191 0.0928 -0.3830
vn 0.7381 0.0749 -0.6705
vn -0.8797 -0.4586 -0.1256
vn -0.8253 -0.4730 0.3084
vn -0.5553 -0.1448 -0.8190
vn -0.7528 -0.3031 -0.5843
vn -0.4617 -0.1010 -0.8813
vn -0.6168 -0.2533 -0.7453
vn -0.8405 -0.5407 -0.0329
vn -0.3637 -0.0644 -0.9293
vn 0.2328 0.2106 -0.9494
vn -0.6119 -0.4919 -0.6194
vn 0.5187 0.1866 -0.8343
vn -0.4691 -0.3724 -0.8008
vn 0.2901 -0.1619 -0.9432
vn -0.6564 -0.4399 -0.6129
vn 0.9159 -0.0897 -0.3912
vn 0.5637 -0.3622 -0.7423
vn -0.5634 0.4231 0.7096
vn -0.1585 0.4176 0.8947
vn 0.1241 0.3855 0.9143
vn 0.8780 0.0821 0.4716
vn 0.9924 -0.1027 0.0673
vn 0.6405 0.2407 0.7293
vn 0.2831 0.3593 0.8892
vn 0.6634 -0.3523 -0.6601
vn -0.2828 -0.3842 -0.8789
vn 0.5696 -0.2290 -0.7893
vn 0.7891 0.0741 -0.6098
vn -0.0890 -0.3728 -0.9236
vn -0.8679 -0.4927 -0.0636
vn 0.6289 -0.3514 -0.6935
vn 0.9900 0.0044 -0.1407
vn 0.7517 -0.1104 -0.6502
vn 0.8355 0.0860 -0.5427
vn 0.2195 -0.2522 -0.9425
vn -0.2785 -0.2829 -0.9178
vn 0.8096 -0.2552 -0.5286
vn 0.9810 0.1110 0.1594
vn 0.6899 -0.1610 -0.7058
vn 0.1287 -0.3548 -0.9260
vn -0.8322 -0.4824 -0.2734
vn -0.3744 -0.2873 -0.8816
vn 0.9354 0.1246 0.3309
vn 0.9925 -0.0315 -0.1178
vn -0.0707 -0.3747 -0.9244
vn 0.5473 -0.2000 -0.8127
vn -0.2177 -0.3659 -0.9048
vn 0.3529 0.0026 -0.9357
vn 0.8775 0.1662 0.4498
vn 0.3456 -0.4363 -0.8308
vn -0.7578 -0.3335 -0.5609
vn 0.2166 -0.3054 -0.9272
vn 0.6847 0.0926 -0.7229
vn 0.5781 0.1286 -0.8058
vn 0.7502 0.2348 0.6181
vn 0.0031 -0.4811 -0.8767
vn -0.4929 -0.3733 -0.7859
vn -0.7587 -0.4173 -0.5002
vn -0.4799 -0.4965 -0.7233
vn -0.8776 -0.4775 -0.0423
vn -0.6024 0.4200 0.6788
vn 0.6810 -0.3285 -0.6544
vn 0.6791 -0.2482 -0.6908
vn 0.2005 -0.3914 -0.8981
vn 0.1454 -0.2169 -0.9653
vn 0.1746 -0.1621 -0.9712
vn -0.7873 -0.4840 -0.3820
vn -0.1445 -0.1258 -0.9815
vn -0.8627 -0.5003 -0.0735
vn -0.4525 -0.2818 -0.8461
vn 0.1865 0.0626 -0.9804
vn -0.8580 -0.4891 -0.1569
vn 0.0113 -0.0384 -0.9992
vn -0.4772 -0.2941 -0.8281
vn -0.8698 -0.4874 -0.0770
vn 0.5689 0.0252 -0.8220
vn -0.7933 -0.4482 -0.4121
vn -0.5753 -0.4522 -0.6815
vn 0.9789 0.0612 -0.1948
vn 0.9927 0.0137 0.1199
vn 0.3021 0.3658 0.8803
vn -0.0704 0.2940 0.9532
vn 0.8211 -0.1651 0.5464
vn 0.7901 -0.1411 0.5965
vn 0.6003 -0.0082 0.7997
vn 0.2965 0.1560 0.9422
vn -0.6297 0.4205 0.6532
vn -0.6228 0.4192 0.6606
vn 0.0770 0.3862 0.9192
vn 0.6175 -0.3808 -0.6882
vn -0.3207 -0.3969 -0.8600
vn 0.9586 0.0989 -0.2670
vn 0.6294 0.0783 -0.7731
vn 0.7440 0.2050 -0.6360
vn 0.0235 0.3756 0.9265
vn 0.9781 0.0262 0.2066
vn 0.8168 -0.1253 -0.5631
vn 0.7420 -0.0906 -0.6643
vn 0.8613 0.2131 -0.4612
vn -0.3355 -0.3718 -0.8655
vn -0.0282 0.3750 0.9266
vn 0.7161 -0.3801 -0.5854
vn -0.0027 -0.3559 -0.9345
vn 0.7282 -0.0654 -0.6822
vn 0.8821 0.1473 -0.4475
vn -0.8744 -0.4415 -0.2011
vn 0.1305 0.3311 0.9345
vn 0.6259 -0.3887 -0.6761
vn 0.9651 0.0296 -0.2601
vn 0.9455 0.1120 -0.3059
vn 0.7591 -0.0676 -0.6475
vn -0.5090 -0.4489 -0.7344
vn 0.7533 0.0454 0.6561
vn 0.7038 -0.2934 -0.6470
vn 0.9707 0.1662 0.1734
vn 0.8120 -0.0737 -0.5789
vn -0.5358 -0.4943 -0.6845
vn 0.7329 0.1350 -0.6668
vn 0.7802 0.0174 0.6253
vn 0.9952 -0.0184 0.0960
vn 0.7264 -0.1987 -0.6579
vn 0.4049 -0.3853 -0.8292
vn -0.8253 -0.4394 -0.3547
vn -0.6655 -0.5458 -0.5091
vn 0.8751 -0.1846 0.4474
vn 0.1863 0.3774 0.9071
vn 0.6449 -0.3463 -0.6812
vn 0.9908 0.0545 -0.1241
vn -0.5521 -0.4963 -0.6700
vn -0.8524 -0.4083 -0.3265
vn 0.1687 -0.1782 -0.9694
vn 0.4226 0.2197 -0.8793
vn 0.2940 0.0739 -0.9530
vn 0.5907 0.2058 -0.7802
vn 0.4249 -0.0303 -0.9047
vn -0.8503 -0.4964 0.1750
vn -0.5227 -0.4522 -0.7227
vn -0.6675 -0.4350 -0.6044
vn 0.2925 0.0838 -0.9526
vn 0.4064 -0.1341 -0.9038
vn 0.1335 -0.3083 -0.9419
vn -0.4394 -0.4865 -0.7551
vn -0.5212 -0.3500 -0.7784
vn 0.8194 0.1533 0.5524
vn 0.7768 0.0272 0.6291
vn 0.1357 0.2828 0.9495
vn -0.0395 0.3389 0.9400
vn 0.7197 0.0363 0.6934
vn 0.5125 0.1499 0.8455
vn 0.1875 0.2715 0.9440
vn 0.8236 -0.0679 0.5631
vn 0.9302 -0.2194 0.2942
vn 0.8621 -0.3320 -0.3828
vn 0.5961 -0.4083 -0.6913
vn 0.9995 0.0158 -0.0287
vn -0.3758 -0.4638 -0.8023
vn 0.5846 -0.0796 -0.8074
vn -0.4478 -0.5904 -0.6715
vn 0.9432 -0.2905 -0.1614
vn 0.2634 -0.4276 -0.8647
vn 0.7226 -0.2462 -0.6460
vn 0.9868 0.0529 -0.1533
vn 0.1412 -0.3057 -0.9416
vn -0.5913 -0.5811 -0.5592
vn 0.6171 0.0996 0.7806
vn 0.3914 -0.4087 -0.8245
vn 0.9567 -0.1034 -0.2720
vn 0.0856 -0.4353 -0.8962
vn 0.8602 0.0364 -0.5087
vn -0.4868 -0.4882 -0.7243
vn 0.5568 0.1206 0.8218
vn 0.9313 0.0293 0.3631
vn 0.9586 0.1137 0.2610
vn 0.8662 -0.1363 -0.4808
vn 0.3216 -0.3044 -0.8966
vn 0.3284 -0.2285 -0.9165
vn 0.4760 0.1474 0.8670
vn 0.8802 0.0564 0.4712
vn 0.2748 -0.4386 -0.8556
vn -0.3967 -0.4523 -0.7988
vn 0.0123 -0.4154 -0.9096
vn -0.2055 -0.4320 -0.8781
vn 0.0408 0.2758 0.9604
vn 0.8792 0.0357 0.4751
vn 0.3452 -0.4674 -0.8139
vn -0.5114 -0.4439 -0.7358
vn -0.5879 -0.4219 -0.6902
vn 0.8257 0.1035 -0.5545
vn 0.7137 0.0136 0.7004
vn 0.9636 -0.1479 0.2228
vn 0.8789 0.0829 0.4698
vn 0.6743 -0.2480 -0.6956
vn -0.5499 -0.4728 -0.6885
vn -0.4738 -0.4032 -0.7830
vn 0.7274 0.0810 -0.6814
vn 0.2245 -0.0457 -0.9734
vn -0.8179 -0.5295 -0.2250
vn -0.3359 -0.3705 -0.8659
vn 0.6298 0.2032 -0.7497
vn -0.3156 -0.3894 -0.8653
vn 0.0969 -0.1972 -0.9756
vn 0.1182 -0.1330 -0.9840
vn 0.7655 0.2079 -0.6089
vn 0.5131 -0.1010 -0.8524
vn 0.8485 0.0444 -0.5273
vn 0.9972 0.0706 -0.0263
vn 0.9975 -0.0409 0.0572
vn 0.5871 -0.3820 -0.7137
vn 0.0965 0.2509 0.9632
vn -0.9157 0.3645 0.1695
vn -0.7754 0.4039 0.4855
vn 0.2897 0.1425 0.9464
vn 0.4254 0.0827 0.9012
vn -0.5743 0.3986 0.7151
vn -0.8112 0.4097 0.4173
vn -0.3102 0.3875 0.8681
vn 0.8899 -0.2241 0.3974
vn 0.2867 -0.3703 -0.8835
vn 0.1902 -0.4278 -0.8836
vn -0.1862 -0.5034 -0.8438
vn 0.9652 0.0904 -0.2454
vn -0.7081 -0.4882 -0.5102
vn 0.9311 -0.3126 0.1880
vn 0.8472 -0.3168 -0.4264
vn -0.2184 -0.3960 -0.8919
vn -0.1303 -0.4821 -0.8664
vn 0.6351 -0.2203 -0.7403
vn 0.7302 0.0549 -0.6810
vn 0.8278 -0.1733 0.5336
vn 0.9280 -0.0425 0.3702
vn 0.7867 -0.3200 -0.5279
vn 0.3381 -0.3901 -0.8565
vn 0.9677 0.0920 -0.2347
vn 0.7974 0.0588 -0.6006
vn 0.5211 0.0346 0.8528
vn 0.7117 0.1012 0.6951
vn 0.3184 -0.4070 -0.8561
vn 0.9063 -0.1355 -0.4003
vn 0.8166 -0.1596 -0.5547
vn -0.2553 -0.4787 -0.8400
vn 0.9314 -0.2350 0.2779
vn 0.5885 0.1449 0.7954
vn 0.0877 -0.3880 -0.9175
vn 0.9297 -0.1164 -0.3494
vn 0.8126 -0.1149 -0.5714
vn 0.9583 0.1632 -0.2346
vn 0.9506 -0.3101 0.0140
vn 0.9277 -0.3643 -0.0817
vn 0.6586 -0.3334 -0.6745
vn 0.3418 -0.4351 -0.8330
vn -0.4929 -0.4409 -0.7501
vn -0.0621 -0.5634 -0.8239
vn -0.8920 0.3658 0.2655
vn 0.3899 0.1294 0.9117
vn -0.0885 -0.3364 -0.9375
vn 0.9213 -0.2004 -0.3333
vn 0.9951 0.0510 0.0851
vn -0.5358 -0.4311 -0.7260
vn -0.6649 -0.4758 -0.5758
vn -0.4406 -0.4342 -0.7857
vn -0.8012 -0.4892 -0.3446
vn 0.8074 0.2615 -0.5290
vn -0.3568 -0.4943 -0.7927
vn -0.6438 -0.5012 -0.5781
vn -0.3996 -0.4483 -0.7996
vn -0.1669 -0.4354 -0.8846
vn 0.5642 0.0011 -0.8257
vn -0.3172 -0.5393 -0.7801
vn 0.9905 0.1332 -0.0342
vn 0.5836 -0.3178 -0.7473
vn 0.3752 -0.3773 -0.8467
vn 0.0321 -0.3946 -0.9183
vn 0.7154 -0.0880 0.6932
vn 0.6323 -0.1700 0.7558
vn -0.7428 0.3716 0.5569
vn -0.7613 0.3827 0.5234
vn -0.0742 0.1980 0.9774
vn 0.7460 -0.1767 0.6420
vn 0.7125 -0.1556 0.6842
vn -0.3542 0.2734 0.8943
vn -0.2828 0.3107 0.9075
vn 0.9186 -0.0887 0.3851
vn 0.8122 0.1244 0.5699
vn 0.9909 0.0710 0.1141
vn 0.7699 -0.1724 -0.6144
vn 0.9450 0.0736 -0.3186
vn -0.0568 0.2225 0.9733
vn 0.9785 -0.1715 0.1146
vn 0.8448 0.0726 0.5302
vn 0.7643 -0.2746 -0.5835
vn 0.3625 -0.3882 -0.8473
vn -0.2996 -0.5048 -0.8096
vn 0.7256 -0.1375 0.6742
vn 0.5559 0.1314 0.8208
vn 0.8707 0.0096 0.4918
vn 0.3678 -0.4410 -0.8187
vn -0.4951 -0.4616 -0.7361
vn -0.6781 -0.4883 -0.5493
vn 0.9332 -0.2712 0.2358
vn 0.4929 0.1357 0.8594
vn -0.0505 -0.4396 -0.8968
vn 0.1518 -0.4100 -0.8994
vn 0.9962 0.0651 0.0584
vn -0.1317 -0.5221 -0.8427
vn 0.9468 -0.3199 0.0338
vn 0.8642 -0.4072 -0.2956
vn -0.2585 -0.3329 -0.9069
vn 0.9736 0.0877 0.2107
vn 0.9896 0.1041 0.0995
vn 0.9792 0.1836 -0.0862
vn 0.9296 -0.3613 -0.0723
vn 0.2029 -0.3842 -0.9007
vn -0.0608 -0.3712 -0.9266
vn 0.0390 -0.4051 -0.9134
vn -0.1449 -0.4761 -0.8674
vn 0.9351 0.0446 -0.3516
vn 0.7143 -0.2062 0.6687
vn 0.0121 0.2297 0.9732
vn 0.9625 -0.2056 0.1770
vn 0.8020 0.1445 0.5796
vn 0.5609 -0.3151 -0.7656
vn 0.8096 -0.1712 -0.5615
vn 0.8798 -0.0013 -0.4754
vn 0.6489 0.0613 -0.7584
vn 0.5414 -0.0680 -0.8380
vn 0.7957 -0.0402 -0.6044
vn -0.7573 -0.5163 -0.3998
vn -0.0306 -0.3174 -0.9478
vn 0.8762 0.2572 -0.4076
vn 0.8621 0.1094 -0.4947
vn -0.4031 -0.4992 -0.7670
vn -0.6321 -0.4596 -0.6239
vn 0.4262 -0.5168 -0.7425
vn 0.9881 0.0190 0.1528
vn 0.9272 -0.2633 -0.2664
vn 0.6666 -0.4520 -0.5927
vn 0.9350 -0.3546 0.0114
vn -0.4327 0.2005 0.8790
vn -0.6462 0.3153 0.6950
vn -0.8849 0.4072 0.2260
vn -0.5788 0.3329 0.7445
vn -0.2670 0.2357 0.9344
vn -0.8194 0.4045 0.4062
vn -0.3420 0.2865 0.8950
vn 0.8233 -0.1922 0.5341
vn 0.9103 -0.2081 0.3577
vn 0.7403 0.1040 0.6642
vn 0.9731 0.0069 0.2303
vn 0.2534 -0.5000 -0.8281
vn 0.9845 0.1752 -0.0131
vn -0.0662 0.2342 0.9699
vn 0.8267 -0.1267 0.5482
vn 0.9492 -0.0778 0.3048
vn 0.9582 0.0008 0.2862
vn 0.6042 -0.4114 -0.6824
vn 0.6768 -0.2558 -0.6903
vn -0.5195 0.3493 0.7798
vn 0.5312 0.0201 0.8470
vn 0.1326 -0.3620 -0.9227
vn 0.4414 -0.5017 -0.7440
vn -0.1562 -0.4501 -0.8792
vn 0.9857 0.0503 -0.1610
vn -0.4652 0.3277 0.8223
vn 0.7837 -0.4545 -0.4233
vn 0.8345 -0.3391 -0.4342
vn 0.1233 -0.5069 -0.8531
vn 0.1500 -0.3877 -0.9095
vn 0.9911 0.1248 0.0459
vn -0.4258 0.3135 0.8487
vn 0.3493 -0.3667 -0.8623
vn 0.9688 -0.1628 0.1867
vn 0.6304 -0.4396 -0.6398
vn 0.9901 0.1097 0.0878
vn 0.9827 -0.1208 -0.1403
vn -0.5790 0.3625 0.7303
vn 0.6358 -0.4227 -0.6458
vn 0.6454 -0.3616 -0.6729
vn 0.8781 0.0097 0.4784
vn 0.1941 -0.4276 -0.8829
vn -0.5070 -0.4818 -0.7147
vn -0.6709 0.2953 0.6802
vn 0.9344 -0.3169 0.1627
vn 0.8874 -0.2192 0.4055
vn 0.9801 -0.1976 -0.0187
vn 0.5850 -0.3691 -0.7222
vn 0.3667 -0.5803 -0.7272
vn -0.2067 -0.4850 -0.8497
vn -0.4497 -0.4998 -0.7402
vn 0.6254 -0.0368 -0.7794
vn 0.7261 -0.0027 -0.6876
vn 0.4627 -0.2411 -0.8531
vn 0.5299 -0.3304 -0.7811
vn -0.1597 -0.4995 -0.8514
vn 0.9409 0.1349 -0.3106
vn 0.9557 0.2851 0.0733
vn -0.4020 -0.4245 -0.8113
vn 0.9846 -0.0273 0.1728
vn 0.9722 -0.2002 0.1213
vn 0.7188 -0.3363 -0.6084
vn 0.8824 -0.2827 0.3762
vn -0.5897 0.3527 0.7265
vn 0.1492 -0.1212 0.9813
vn -0.8864 0.3496 0.3036
vn -0.9092 0.3795 0.1711
vn -0.8525 0.3514 0.3869
vn -0.8888 0.3879 0.2439
vn -0.7314 0.3025 0.6112
vn -0.7253 0.3092 0.6152
vn -0.6061 0.3221 0.7272
vn 0.3537 0.0356 0.9347
vn 0.9809 -0.1906 -0.0381
vn 0.2696 -0.4688 -0.8411
vn -0.0981 -0.5009 -0.8599
vn 0.2389 -0.4803 -0.8439
vn -0.5476 0.2765 0.7897
vn 0.4327 -0.0385 0.9007
vn 0.9698 -0.2420 0.0300
vn -0.1747 -0.3638 -0.9149
vn 0.7549 -0.3539 -0.5521
vn 0.9847 0.1378 0.1070
vn 0.3817 -0.1720 0.9081
vn 0.5083 -0.0886 0.8566
vn 0.7022 0.0208 0.7116
vn 0.6510 -0.3785 -0.6580
vn 0.9265 -0.2327 -0.2957
vn 0.8997 -0.1579 -0.4069
vn 0.8543 -0.4165 0.3110
vn 0.7992 -0.4472 -0.4015
vn 0.6257 0.0526 0.7783
vn 0.9312 -0.0425 0.3620
vn 0.3458 -0.4553 -0.8204
vn 0.4589 -0.4239 -0.7808
vn 0.8436 -0.4226 0.3314
vn 0.9010 -0.3992 -0.1699
vn 0.5538 0.0789 0.8289
vn 0.8888 0.0127 0.4580
vn 0.8837 0.0627 0.4638
vn -0.2256 -0.4723 -0.8521
vn 0.6655 -0.3047 0.6814
vn 0.1880 0.1053 0.9765
vn 0.4798 0.1016 0.8715
vn 0.8756 0.0143 0.4829
vn 0.9562 -0.1297 0.2623
vn 0.8081 -0.2426 -0.5367
vn 0.2919 -0.1660 0.9419
vn -0.5411 0.3147 0.7798
vn 0.7224 -0.1792 0.6679
vn 0.7142 -0.3120 -0.6265
vn 0.9073 0.0158 0.4202
vn 0.8555 0.1850 0.4836
vn 0.9626 0.2092 0.1723
vn -0.6449 -0.5088 -0.5703
vn -0.1397 -0.4525 -0.8808
vn 0.9678 0.2483 0.0408
vn 0.5230 -0.3105 -0.7938
vn 0.1730 -0.4560 -0.8730
vn 0.3163 -0.4153 -0.8529
vn 0.5962 -0.2700 -0.7561
vn 0.9856 0.0742 -0.1518
vn 0.9986 0.0510 -0.0110
vn 0.4386 -0.5271 -0.7279
vn 0.7266 0.0873 0.6815
vn 0.9410 -0.2157 0.2607
vn 0.3990 -0.0026 0.9169
vn -0.2529 0.1259 0.9593
vn -0.9318 0.3527 0.0855
vn -0.8463 0.3939 -0.3585
vn -0.8888 0.3394 0.3080
vn -0.8699 0.3399 0.3576
vn -0.9140 0.3952 -0.0918
vn -0.5861 0.2338 0.7758
vn -0.0878 0.0082 0.9961
vn 0.5085 -0.2422 0.8263
vn 0.2226 0.0687 0.9725
vn 0.7078 -0.0616 0.7038
vn 0.7135 -0.4401 -0.5452
vn 0.9904 -0.1379 -0.0095
vn 0.9198 0.1965 0.3396
vn 0.5743 -0.2656 0.7744
vn 0.3847 -0.0193 0.9229
vn 0.9108 -0.3679 -0.1873
vn 0.8774 -0.1348 0.4604
vn 0.2864 -0.4791 -0.8298
vn -0.0745 -0.4693 -0.8799
vn -0.1375 0.0395 0.9897
vn 0.9438 -0.3299 -0.0213
vn 0.3470 0.0810 0.9344
vn 0.1291 -0.3885 -0.9124
vn 0.9245 -0.0060 0.3811
vn 0.9565 -0.1953 -0.2168
vn -0.5648 0.2312 0.7922
vn 0.5477 -0.0677 0.8339
vn 0.4585 -0.0662 0.8862
vn 0.4590 -0.3531 -0.8153
vn 0.6007 0.2034 0.7732
vn 0.2390 -0.4765 -0.8460
vn -0.1632 0.0340 0.9860
vn 0.0377 0.0994 0.9943
vn 0.3776 -0.3828 -0.8431
vn 0.6358 0.1439 0.7583
vn 0.9061 -0.4080 0.1123
vn 0.9470 -0.1433 -0.2876
vn 0.3604 -0.1915 0.9129
vn 0.2073 0.0051 0.9783
vn 0.7391 -0.4190 -0.5274
vn 0.6856 0.0509 0.7262
vn -0.1408 -0.4160 -0.8984
vn 0.9249 0.1084 0.3644
vn -0.1963 -0.0797 0.9773
vn -0.0394 0.0064 0.9992
vn 0.9202 -0.3630 -0.1465
vn 0.6529 0.0032 0.7574
vn 0.9579 -0.2395 0.1582
vn 0.6511 -0.4607 -0.6032
vn 0.9853 -0.0118 -0.1706
vn 0.9862 0.1478 0.0747
vn 0.3512 -0.6076 -0.7123
vn 0.2568 -0.5382 -0.8027
vn -0.1461 -0.4882 -0.8604
vn 0.9003 -0.0821 -0.4275
vn 0.9623 0.1729 0.2102
vn -0.1006 -0.5006 -0.8598
vn 0.9824 0.1554 0.1037
vn 0.9453 -0.2051 -0.2535
vn 0.2413 -0.4560 -0.8566
vn 0.8179 -0.1260 0.5615
vn 0.8432 -0.3943 -0.3655
vn 0.5279 -0.1713 0.8318
vn -0.1217 0.0071 0.9925
vn -0.8575 0.4098 -0.3109
vn -0.7448 0.1659 0.6463
vn -0.5943 0.0849 0.7998
vn -0.0622 -0.1653 0.9843
vn -0.8105 0.2135 0.5454
vn -0.9228 0.3351 0.1903
vn -0.0459 -0.1487 0.9878
vn -0.8769 0.3451 0.3346
vn 0.9178 -0.3748 0.1309
vn 0.8736 -0.2497 0.4177
vn 0.7151 -0.1034 0.6913
vn 0.9377 -0.1638 0.3064
vn -0.0302 -0.4662 -0.8841
vn -0.5937 0.1579 0.7890
vn 0.9233 -0.3751 -0.0824
vn 0.6934 -0.1574 0.7032
vn 0.6525 -0.4648 -0.5985
vn 0.7411 0.0654 0.6682
vn 0.9515 0.0447 0.3045
vn -0.5456 0.1082 0.8310
vn 0.8890 -0.3534 -0.2910
vn 0.5064 -0.1126 0.8549
vn 0.4361 -0.4101 -0.8010
vn 0.9634 -0.1712 0.2063
vn 0.8208 0.1744 0.5439
vn -0.8391 0.2942 0.4575
vn 0.2753 -0.0462 0.9603
vn 0.8742 -0.4628 0.1469
vn 0.6901 -0.4379 -0.5762
vn 0.4964 -0.4367 -0.7503
vn 0.9928 -0.1049 0.0587
vn -0.6809 0.1601 0.7147
vn -0.2485 0.1390 0.9586
vn 0.4342 -0.1465 0.8888
vn 0.9122 -0.3900 -0.1258
vn 0.9126 -0.2729 -0.3043
vn 0.7185 0.1720 0.6739
vn -0.4648 0.0391 0.8846
vn -0.2931 0.1320 0.9469
vn 0.6322 -0.4129 -0.6556
vn 0.6220 -0.0130 0.7829
vn 0.9122 -0.0487 0.4068
vn 0.1120 -0.4963 -0.8609
vn -0.8168 0.4025 -0.4133
vn -0.8358 0.3276 0.4406
vn 0.2913 -0.0536 0.9551
vn 0.4034 0.0356 0.9143
vn 0.8927 -0.4481 -0.0487
vn 0.4654 -0.4405 -0.7677
vn 0.8486 -0.3396 -0.4058
vn 0.2096 -0.4759 -0.8542
vn 0.6185 -0.4063 -0.6726
vn 0.6954 -0.4237 -0.5804
vn 0.9669 0.0575 0.2487
vn 0.9757 0.0523 0.2127
vn 0.0391 -0.4981 -0.8662
vn 0.9661 0.1058 0.2354
vn 0.9337 -0.2322 -0.2726
vn 0.2371 -0.4726 -0.8488
vn 0.7631 0.0087 0.6462
vn 0.3686 0.1117 0.9229
vn 0.9084 -0.4055 -0.1018
vn -0.3681 0.1422 0.9189
vn -0.7117 0.1612 0.6837
vn -0.8314 0.4128 -0.3718
vn -0.6694 0.4124 -0.6179
vn -0.8956 0.3292 0.2992
vn -0.3632 -0.0289 0.9313
vn -0.2953 -0.0735 0.9526
vn 0.0082 -0.2082 0.9780
vn -0.3140 -0.0839 0.9457
vn 0.3042 -0.2558 0.9176
vn 0.5052 -0.2650 0.8213
vn 0.0907 0.0529 0.9945
vn 0.5014 -0.4203 -0.7563
vn 0.7761 -0.3915 -0.4944
vn 0.6766 0.1929 0.7107
vn 0.3645 -0.2712 0.8908
vn 0.2240 -0.1652 0.9605
vn 0.8690 -0.4903 0.0665
vn 0.6274 -0.4222 -0.6542
vn 0.9631 -0.2675 0.0285
vn 0.4877 -0.5288 -0.6946
vn 0.2025 -0.2490 0.9471
vn 0.8994 -0.3655 -0.2399
vn 0.0408 0.0118 0.9991
vn 0.8999 -0.2072 0.3838
vn 0.4919 0.1504 0.8575
vn 0.7903 -0.4726 -0.3900
vn 0.1137 -0.2409 0.9639
vn 0.9307 -0.3606 0.0614
vn 0.1335 -0.0201 0.9908
vn 0.2264 0.1444 0.9633
vn 0.8970 -0.3898 0.2086
vn 0.1632 -0.4915 -0.8554
vn -0.0782 -0.1747 0.9815
vn 0.2457 -0.1322 0.9603
vn 0.8621 -0.4627 0.2069
vn 0.9161 -0.3695 0.1557
vn 0.5757 -0.4780 -0.6634
vn 0.7544 0.0797 0.6515
vn -0.7159 0.1221 0.6875
vn -0.1604 0.0018 0.9870
vn 0.8573 -0.4651 -0.2209
vn 0.9204 -0.3375 0.1974
vn 0.7380 -0.0781 0.6703
vn 0.9753 -0.2203 0.0170
vn -0.5730 0.0306 0.8190
vn -0.3998 0.0034 0.9166
vn 0.1795 -0.1431 0.9733
vn 0.6590 -0.1716 0.7323
vn 0.6369 -0.0723 0.7676
vn 0.9486 -0.2821 0.1431
vn 0.9684 -0.2390 -0.0710
vn 0.3386 -0.5311 -0.7767
vn 0.9699 -0.2416 -0.0304
vn 0.5156 -0.4980 -0.6973
vn 0.7044 -0.4534 -0.5461
vn 0.3037 -0.5439 -0.7823
vn 0.9564 0.0303 0.2906
vn 0.6422 0.2249 0.7328
vn 0.9239 -0.3749 -0.0764
vn 0.8549 0.0188 0.5184
vn 0.8007 -0.1281 0.5852
vn 0.6900 -0.3867 -0.6118
vn 0.7598 -0.4356 -0.4827
vn -0.2480 0.0073 0.9687
vn -0.9430 0.3072 0.1281
vn -0.9560 0.1943 0.2200
vn -0.9040 0.3393 -0.2600
vn -0.9626 0.2692 0.0299
vn -0.9551 0.2954 -0.0243
vn -0.5928 0.3993 -0.6994
vn -0.5255 0.3966 -0.7527
vn -0.9365 0.3393 0.0889
vn -0.9520 0.3038 0.0373
vn 0.5889 -0.4009 0.7018
vn 0.8800 -0.3985 0.2585
vn 0.3231 0.0643 0.9442
vn 0.9080 -0.3439 0.2394
vn 0.8817 -0.0728 0.4662
vn -0.9221 0.3407 -0.1834
vn 0.2685 -0.2938 0.9174
vn 0.6325 -0.2655 0.7276
vn 0.6348 -0.1134 0.7643
vn 0.9052 -0.3769 0.1964
vn 0.9147 -0.3791 -0.1400
vn -0.9468 0.3063 -0.0989
vn -0.2690 -0.0447 0.9621
vn -0.0636 0.0382 0.9972
vn 0.5945 -0.0894 0.7991
vn 0.5308 -0.1044 0.8410
vn 0.4206 -0.5057 -0.7533
vn 0.0691 -0.3249 0.9432
vn 0.8206 -0.4011 0.4071
vn -0.1517 0.0236 0.9881
vn 0.7487 -0.3985 -0.5298
vn 0.5139 -0.4730 -0.7157
vn 0.8262 -0.0287 0.5627
vn 0.4575 -0.3838 0.8021
vn -0.1009 -0.1154 0.9882
vn 0.5058 -0.3259 0.7988
vn 0.5710 -0.1575 0.8057
vn 0.6465 -0.4771 -0.5953
vn 0.9280 -0.3698 -0.0448
vn 0.2985 -0.3632 0.8826
vn 0.3486 -0.2690 0.8978
vn -0.1533 -0.0375 0.9875
vn 0.8837 -0.4222 -0.2019
vn 0.8702 -0.2679 0.4135
vn 0.6358 -0.0100 0.7718
vn -0.6810 -0.0366 0.7314
vn -0.9481 0.3175 0.0195
vn -0.1057 -0.0978 0.9896
vn 0.8095 -0.4226 -0.4077
vn 0.5951 -0.0388 0.8027
vn 0.6804 -0.0866 0.7277
vn 0.7944 -0.4278 -0.4312
vn 0.5364 -0.6054 -0.5880
vn 0.6723 -0.6038 -0.4283
vn 0.7796 -0.5330 -0.3288
vn 0.3231 -0.4946 -0.8068
vn 0.7663 0.2082 0.6078
vn 0.6700 -0.4770 -0.5688
vn 0.4509 -0.5238 -0.7227
vn 0.7445 0.1464 0.6513
vn 0.6727 -0.0199 0.7397
vn 0.9276 -0.3730 -0.0194
vn 0.7001 -0.2507 0.6686
vn 0.3460 -0.3422 0.8736
vn 0.1863 -0.2182 0.9579
vn -0.2956 -0.2084 0.9323
vn -0.8985 0.0698 0.4333
vn -0.6488 -0.0999 0.7543
vn -0.9256 0.1163 0.3603
vn -0.5386 0.3781 -0.7529
vn -0.9401 0.3164 -0.1271
vn -0.9620 0.2655 0.0640
vn -0.9312 0.3233 -0.1684
vn 0.2476 -0.3417 0.9066
vn 0.4834 -0.3191 0.8151
vn 0.4472 -0.2964 0.8439
vn 0.2013 -0.0388 0.9788
vn 0.8580 -0.3421 0.3832
vn 0.9302 -0.3647 -0.0408
vn -0.3858 -0.1765 0.9056
vn 0.8044 -0.3729 0.4626
vn 0.5928 -0.3763 0.7120
vn 0.8722 -0.4169 0.2559
vn 0.6268 -0.1481 0.7650
vn 0.8532 -0.1200 0.5076
vn -0.9558 0.2852 -0.0720
vn -0.4374 0.0033 0.8993
vn -0.2170 -0.0316 0.9756
vn 0.8017 -0.4334 0.4115
vn 0.8099 -0.4120 -0.4176
vn 0.2823 0.2034 0.9375
vn -0.8864 0.3301 -0.3246
vn -0.4799 0.0092 0.8773
vn 0.1700 -0.2949 0.9403
vn 0.8634 -0.4520 -0.2240
vn 0.7554 -0.1453 0.6389
vn 0.9212 -0.3822 0.0723
vn -0.8866 0.3239 -0.3302
vn 0.5293 -0.3507 0.7726
vn 0.8466 -0.4477 -0.2879
vn 0.7731 -0.3977 -0.4941
vn 0.9275 -0.3651 -0.0804
vn 0.8028 -0.2741 0.5295
vn -0.9643 0.2469 -0.0956
vn 0.8788 -0.3927 0.2713
vn 0.8488 -0.3774 -0.3702
vn 0.2676 -0.0908 0.9592
vn 0.4287 0.0108 0.9034
vn 0.7365 -0.5247 -0.4271
vn -0.8631 0.0245 0.5045
vn -0.0746 -0.2616 0.9623
vn -0.6078 0.1007 0.7877
vn -0.0589 -0.0669 0.9960
vn -0.1266 0.1561 0.9796
vn 0.3446 0.0697 0.9362
vn 0.7893 -0.4497 -0.4181
vn 0.5500 0.1859 0.8142
vn 0.7025 -0.5709 -0.4249
vn 0.8945 -0.0962 0.4366
vn 0.7878 -0.4995 -0.3603
vn 0.6887 0.0598 0.7226
vn 0.4654 -0.5386 -0.7023
vn 0.9196 -0.3508 0.1771
vn 0.5538 -0.4923 -0.6716
vn 0.7568 -0.3739 0.5361
vn 0.0631 0.1521 0.9864
vn -0.0796 0.0822 0.9934
vn 0.1683 -0.2542 0.9524
vn 0.8852 -0.3769 0.2727
vn -0.3417 -0.3179 0.8844
vn -0.5749 -0.2062 0.7918
vn -0.9326 0.2381 -0.2714
vn -0.2572 0.3671 -0.8939
vn -0.3990 0.3828 -0.8332
vn -0.2665 0.3932 -0.8800
vn -0.3278 0.4082 -0.8520
vn -0.9723 0.2327 -0.0211
vn -0.1362 -0.3949 0.9086
vn 0.2322 -0.2491 0.9402
vn -0.4760 0.0657 0.8770
vn -0.2178 0.0865 0.9722
vn 0.3466 -0.0339 0.9374
vn 0.6585 -0.5247 -0.5395
vn 0.1367 -0.4523 0.8813
vn 0.4961 -0.3049 0.8130
vn 0.2128 -0.2482 0.9451
vn 0.0007 -0.0433 0.9991
vn 0.3882 -0.1506 0.9092
vn 0.8154 -0.4317 -0.3857
vn 0.2042 -0.4467 0.8711
vn -0.4957 -0.0246 0.8682
vn 0.8431 -0.4283 0.3251
vn 0.8839 -0.4373 0.1659
vn 0.3606 -0.2267 0.9047
vn 0.9021 -0.4030 -0.1543
vn 0.1130 -0.3975 0.9106
vn -0.8560 0.1465 0.4958
vn 0.8933 -0.4336 0.1186
vn 0.8874 -0.3975 -0.2335
vn 0.6401 -0.2876 0.7124
vn -0.0019 0.2109 0.9775
vn -0.2822 -0.2762 0.9187
vn -0.8632 0.1280 0.4884
vn 0.8168 -0.4743 0.3284
vn 0.9278 -0.3729 0.0040
vn 0.0463 0.0248 0.9986
vn 0.7928 -0.4203 0.4414
vn -0.8854 0.0291 0.4639
vn -0.6394 -0.0529 0.7670
vn 0.2116 -0.4104 0.8870
vn 0.9243 -0.3737 0.0777
vn 0.8288 -0.4946 -0.2617
vn 0.8785 -0.4755 0.0472
vn -0.6151 -0.1972 0.7634
vn 0.0157 -0.4171 0.9087
vn 0.5095 -0.3408 0.7901
vn -0.2035 -0.0781 0.9760
vn 0.0381 -0.0227 0.9990
vn 0.8941 -0.4168 -0.1642
vn 0.5716 -0.1510 0.8065
vn 0.6550 0.0318 0.7549
vn 0.8804 -0.2125 0.4240
vn 0.1845 0.2757 0.9434
vn 0.5729 -0.5989 -0.5595
vn 0.4164 -0.4983 -0.7604
vn 0.7931 -0.2782 0.5419
vn 0.4339 0.0486 0.8996
vn 0.9035 -0.3691 0.2180
vn 0.7747 -0.4875 -0.4026
vn 0.7415 -0.4990 0.4485
vn 0.6317 -0.2512 0.7334
vn 0.7364 -0.5163 0.4372
vn -0.4917 -0.1577 0.8563
vn -0.9770 0.2128 -0.0111
vn -0.8371 0.2240 -0.4991
vn -0.8792 0.2000 -0.4324
vn -0.6622 0.3183 -0.6784
vn -0.6379 0.3370 -0.6925
vn -0.4405 0.3876 -0.8097
vn -0.1063 0.3986 -0.9109
vn -0.7693 0.3505 -0.5341
vn -0.8057 0.3299 -0.4919
vn -0.6150 -0.2070 0.7609
vn 0.9425 -0.3307 0.0483
vn -0.5747 0.1891 0.7962
vn 0.7832 -0.3793 0.4926
vn 0.0988 0.1369 0.9856
vn -0.9795 0.1822 -0.0859
vn 0.7113 -0.5087 0.4850
vn 0.6074 -0.2674 0.7480
vn -0.4562 0.0359 0.8891
vn 0.8765 -0.4176 -0.2396
vn 0.2481 -0.0505 0.9674
vn -0.9732 0.0136 0.2297
vn 0.9024 -0.3707 0.2197
vn -0.5585 0.0884 0.8248
vn 0.3130 -0.3992 0.8618
vn 0.1632 -0.0360 0.9859
vn 0.8392 -0.5024 -0.2080
vn -0.9718 0.1798 -0.1526
vn 0.3280 -0.4031 0.8543
vn -0.7515 0.1436 0.6440
vn 0.8765 -0.4443 -0.1854
vn 0.8975 -0.4075 0.1688
vn 0.4998 -0.1460 0.8538
vn -0.8686 0.2814 -0.4078
vn -0.2375 -0.2331 0.9430
vn -0.7717 0.1200 0.6246
vn 0.8839 -0.4662 -0.0360
vn 0.7993 -0.3773 0.4676
vn 0.8353 -0.5010 -0.2264
vn -0.9962 0.0792 -0.0374
vn 0.1977 -0.3154 0.9281
vn -0.6621 0.0207 0.7491
vn 0.1350 -0.3555 0.9249
vn 0.8094 -0.4270 0.4032
vn 0.8297 -0.4904 -0.2666
vn -0.9911 -0.0449 0.1253
vn -0.8084 0.3409 -0.4798
vn -0.1066 -0.3566 0.9282
vn 0.9073 -0.4054 0.1117
vn -0.4001 0.1435 0.9052
vn 0.4981 -0.2894 0.8174
vn 0.2473 0.1011 0.9637
vn 0.2807 0.1988 0.9390
vn 0.8903 -0.4554 -0.0065
vn 0.7923 -0.5073 -0.3390
vn 0.2969 0.0993 0.9497
vn 0.7367 -0.2579 0.6251
vn 0.8782 -0.4669 -0.1035
vn 0.9281 -0.3690 0.0494
vn 0.0079 0.2388 0.9710
vn 0.0515 0.1117 0.9924
vn -0.1940 0.0834 0.9775
vn 0.0107 -0.2548 0.9669
vn -0.5251 -0.0787 0.8474
vn -0.6862 -0.0390 0.7264
vn -0.4158 -0.4071 0.8133
vn -0.1071 0.3966 -0.9117
vn -0.0903 0.4038 -0.9104
vn -0.1672 0.4089 -0.8971
vn -0.9987 0.0387 -0.0329
vn -0.9876 0.0828 -0.1334
vn -0.8882 0.2095 -0.4090
vn -0.9429 -0.1134 0.3132
vn -0.9032 -0.1398 0.4058
vn -0.9240 0.0449 0.3798
vn 0.8684 -0.3609 0.3402
vn 0.5611 -0.3966 0.7265
vn -0.1847 0.0812 0.9794
vn 0.7648 -0.4437 0.4671
vn -0.9929 0.0124 0.1180
vn -0.9785 0.1227 0.1659
vn 0.6169 -0.3592 0.7003
vn 0.5733 -0.3379 0.7465
vn -0.3754 0.1346 0.9171
vn 0.7042 -0.5043 0.4998
vn -0.6158 -0.2509 0.7468
vn -0.9850 0.1668 0.0451
vn -0.8197 0.0873 0.5661
vn 0.9219 -0.3853 0.0413
vn 0.8901 -0.4374 -0.1281
vn 0.7939 -0.5426 0.2744
vn -0.4285 -0.2986 0.8528
vn -0.8955 -0.0532 0.4418
vn -0.8563 0.0642 0.5125
vn 0.9002 -0.4114 0.1432
vn 0.9008 -0.4056 -0.1550
vn 0.5233 -0.2719 0.8076
vn -0.4789 -0.3024 0.8242
vn 0.6406 -0.4085 0.6502
vn -0.5638 -0.2084 0.7992
vn 0.4018 -0.3448 0.8483
vn 0.3893 -0.2138 0.8959
vn 0.8301 -0.5443 0.1208
vn -0.9970 0.0449 0.0629
vn 0.3415 -0.4042 0.8486
vn -0.8307 0.0271 0.5561
vn -0.7237 0.1605 0.6711
vn -0.3721 0.0929 0.9235
vn 0.8101 -0.5628 0.1642
vn 0.2817 0.3926 -0.8755
vn -0.4123 -0.3911 0.8228
vn -0.8874 0.0435 0.4590
vn 0.9455 -0.3248 0.0225
vn -0.4002 -0.0271 0.9160
vn -0.1683 0.0702 0.9832
vn -0.3096 0.2406 0.9199
vn 0.7378 -0.5673 -0.3657
vn 0.2112 0.0050 0.9774
vn 0.7426 -0.5506 -0.3814
vn 0.7436 -0.2654 0.6137
vn 0.0346 0.1925 0.9807
vn 0.7887 -0.5096 -0.3440
vn 0.8829 -0.4692 0.0193
vn 0.1485 0.1266 0.9808
vn 0.4691 -0.3148 0.8251
vn 0.7700 -0.4155 0.4843
vn -0.6605 0.0523 0.7490
vn -0.5088 -0.1761 0.8427
vn 0.1219 -0.3797 0.9170
vn -0.5666 0.3578 -0.7422
vn -0.8078 0.0771 -0.5845
vn -0.4129 0.2620 -0.8723
vn -0.9812 -0.1278 -0.1447
vn -0.9648 -0.2202 0.1436
vn -0.2036 0.3196 -0.9254
vn 0.3414 0.3768 -0.8611
vn 0.3022 0.3855 -0.8718
vn -0.9810 -0.0956 0.1689
vn -0.5757 -0.2050 0.7916
vn 0.1788 -0.3408 0.9230
vn -0.4768 -0.1576 0.8647
vn -0.0351 -0.2078 0.9775
vn 0.8358 -0.4549 0.3074
vn -0.7977 -0.2413 0.5526
vn -0.9863 0.1569 -0.0507
vn -0.7661 -0.0531 0.6405
vn 0.9135 -0.4053 0.0347
vn 0.7299 -0.4474 0.5168
vn -0.1429 0.0825 0.9863
vn -0.9947 0.0588 -0.0843
vn -0.9686 0.1807 -0.1706
vn 0.6493 -0.4210 0.6334
vn 0.0561 -0.3422 0.9379
vn -0.4768 0.0528 0.8774
vn 0.4435 -0.2465 0.8617
vn -0.9265 0.1496 -0.3454
vn -0.7495 -0.2713 0.6038
vn 0.7947 -0.3690 0.4819
vn -0.3810 -0.1415 0.9137
vn -0.4017 0.0543 0.9142
vn -0.5794 0.2286 0.7823
vn -0.5241 0.3133 -0.7919
vn 0.1004 -0.4489 0.8879
vn -0.8558 -0.0008 0.5173
vn 0.6597 -0.3912 0.6417
vn -0.5485 0.1285 0.8262
vn -0.4672 0.0741 0.8811
vn -0.3171 0.3417 -0.8847
vn -0.8114 -0.2076 0.5464
vn -0.7976 -0.1106 0.5930
vn 0.7966 -0.3747 0.4743
vn 0.0066 -0.2296 0.9733
vn 0.8412 -0.5299 -0.1073
vn -0.9658 -0.0726 -0.2489
vn -0.6252 0.3383 -0.7033
vn 0.4960 -0.3665 0.7872
vn -0.6822 -0.0480 0.7296
vn -0.8025 0.1313 0.5820
vn 0.1438 -0.2325 0.9619
vn 0.8450 -0.5180 -0.1325
vn 0.8707 -0.4855 -0.0782
vn -0.0233 0.1286 0.9914
vn 0.0679 0.0825 0.9943
vn 0.6164 -0.2725 0.7388
vn 0.8249 -0.5275 -0.2032
vn 0.3428 -0.1411 0.9287
vn 0.2748 -0.2029 0.9398
vn -0.4140 0.2316 0.8803
vn 0.7198 -0.4368 0.5396
vn 0.8643 -0.4561 0.2118
vn -0.7313 0.0611 0.6794
vn 0.7469 -0.3881 0.5399
vn 0.3761 -0.4396 0.8157
vn -0.2888 0.3444 -0.8933
vn -0.7398 0.1648 -0.6523
vn -0.7584 0.1405 -0.6365
vn -0.9847 -0.1603 -0.0691
vn -0.9704 -0.2310 0.0699
vn -0.9801 -0.1731 -0.0972
vn 0.1159 0.3732 -0.9205
vn -0.4331 0.2558 -0.8643
vn -0.8049 0.1301 -0.5789
vn 0.4574 -0.4144 0.7868
vn -0.8797 -0.0397 0.4739
vn 0.5029 -0.4257 0.7523
vn 0.6296 -0.3923 0.6706
vn 0.7556 -0.5772 0.3096
vn -0.7372 0.1572 -0.6571
vn 0.3287 -0.3916 0.8594
vn -0.9747 0.1014 0.1993
vn -0.8957 0.1213 0.4277
vn 0.3314 -0.3751 0.8657
vn 0.8790 -0.4759 -0.0293
vn -0.2969 0.3363 -0.8937
vn -0.9654 -0.0726 0.2503
vn -0.2350 -0.3048 0.9230
vn -0.9079 0.0834 0.4108
vn 0.3949 -0.3621 0.8444
vn -0.2107 0.0028 0.9775
vn -0.3074 0.3185 -0.8967
vn -0.9137 -0.1662 0.3708
vn 0.4351 -0.3663 0.8225
vn -0.7430 -0.1265 0.6573
vn -0.2883 -0.1410 0.9471
vn 0.7307 -0.4489 0.5143
vn -0.9611 -0.2760 0.0078
vn 0.1837 -0.4191 0.8892
vn -0.4272 -0.2516 0.8685
vn 0.6722 -0.4331 0.6004
vn -0.8609 0.1852 0.4739
vn 0.7454 -0.4619 0.4807
vn -0.4688 -0.4645 0.7513
vn -0.9098 -0.1998 0.3638
vn 0.3028 -0.3310 0.8937
vn -0.9320 0.1404 0.3342
vn -0.6346 -0.0094 0.7728
vn -0.6186 0.2142 0.7560
vn -0.3186 0.3287 -0.8891
vn -0.6737 0.2190 -0.7059
vn 0.3034 -0.4712 0.8282
vn 0.7422 -0.3829 0.5500
vn 0.6281 -0.4269 0.6506
vn 0.8137 -0.4223 0.3994
vn -0.3232 -0.0250 0.9460
vn 0.8220 -0.5184 -0.2357
vn 0.7873 -0.4987 0.3627
vn -0.2483 0.0873 0.9647
vn -0.3734 0.0576 0.9259
vn 0.7561 -0.5950 0.2725
vn 0.8061 -0.4763 0.3512
vn -0.2566 0.0770 0.9634
vn -0.3352 0.0481 0.9409
vn -0.3346 0.0074 0.9423
vn -0.7978 0.1081 0.5931
vn 0.2378 -0.3771 0.8951
vn -0.8864 -0.0021 0.4629
vn -0.9257 0.1405 -0.3513
vn -0.5129 -0.4242 0.7463
vn -0.9559 -0.1171 -0.2692
vn -0.9283 -0.0427 -0.3693
vn -0.9450 -0.0384 -0.3248
vn -0.4918 0.2432 -0.8361
vn 0.2928 0.3932 -0.8716
vn 0.1649 0.3941 -0.9041
vn 0.2038 0.4046 -0.8915
vn -0.9672 -0.2310 0.1056
vn -0.7487 -0.3034 0.5894
vn -0.9093 -0.0852 0.4073
vn 0.8572 -0.3707 0.3575
vn 0.8007 -0.4383 0.4084
vn -0.2840 -0.1338 0.9495
vn -0.9791 -0.2022 0.0208
vn -0.9441 -0.1833 0.2740
vn -0.2890 -0.4287 0.8560
vn 0.7183 -0.4097 0.5623
vn 0.7310 -0.4605 0.5036
vn 0.8605 -0.4758 0.1820
vn -0.9771 -0.1271 -0.1708
vn -0.9885 -0.1041 0.1093
vn -0.9913 -0.0087 0.1316
vn -0.6755 -0.1159 0.7282
vn -0.5701 -0.0595 0.8194
vn -0.4565 -0.0986 0.8843
vn -0.5919 0.1835 -0.7848
vn -0.8362 -0.2670 0.4790
vn -0.7052 -0.2262 0.6720
vn -0.9807 0.1727 0.0911
vn 0.1940 -0.3653 0.9104
vn -0.2960 -0.2085 0.9322
vn -0.3822 0.2584 -0.8872
vn -0.0784 -0.3972 0.9144
vn -0.7823 -0.1810 0.5961
vn -0.8749 -0.1427 0.4629
vn 0.6594 -0.4066 0.6324
vn -0.5567 -0.0375 0.8299
vn -0.8166 0.0042 -0.5771
vn -0.6249 -0.3097 0.7167
vn -0.9974 0.0656 -0.0297
vn 0.5010 -0.4669 0.7287
vn -0.8664 0.1524 0.4755
vn 0.4702 -0.4954 0.7304
vn -0.8354 0.0132 -0.5495
vn -0.7696 -0.3602 0.5272
vn -0.9757 0.0625 -0.2098
vn -0.9877 0.1110 0.1100
vn -0.1708 -0.3242 0.9304
vn 0.8015 -0.4717 0.3675
vn 0.0561 -0.2663 0.9623
vn 0.7847 -0.5931 0.1805
vn 0.5870 -0.4388 0.6803
vn -0.0054 -0.1669 0.9860
vn 0.8460 -0.5301 -0.0574
vn -0.1189 -0.1024 0.9876
vn -0.3006 -0.0339 0.9532
vn -0.1579 -0.1285 0.9791
vn -0.4772 0.0213 0.8785
vn 0.7264 -0.4739 0.4978
vn -0.8772 0.0900 0.4716
vn 0.0652 -0.4024 0.9131
vn -0.9248 -0.1581 0.3461
vn -0.8887 -0.1990 0.4131
vn -0.9649 -0.2239 -0.1373
vn -0.8161 -0.0028 -0.5779
vn -0.9568 -0.2151 -0.1954
vn -0.7909 0.0014 -0.6119
vn 0.2982 0.4296 -0.8524
vn -0.6749 0.0916 -0.7322
vn -0.6284 0.1271 -0.7675
vn 0.1388 0.4074 -0.9026
vn -0.1541 0.3145 -0.9367
vn -0.4424 -0.3157 0.8394
vn -0.9842 -0.0975 0.1476
vn -0.7007 -0.1761 0.6914
vn -0.6239 -0.1624 0.7644
vn 0.3871 -0.4421 0.8091
vn -0.5475 0.1028 -0.8304
vn -0.5544 -0.2716 0.7867
vn -0.9830 0.0577 -0.1742
vn -0.8581 -0.0727 0.5083
vn -0.6878 -0.0824 0.7213
vn -0.7795 0.1537 0.6073
vn -0.8930 -0.4434 0.0767
vn -0.2558 -0.3204 0.9121
vn 0.4333 -0.3834 0.8156
vn -0.9886 0.1030 0.1101
vn -0.6373 -0.1011 0.7640
vn -0.6842 0.0631 0.7265
vn -0.8669 -0.4733 0.1568
vn -0.9278 -0.1520 0.3407
vn -0.6128 -0.3221 0.7216
vn -0.8243 -0.1399 0.5486
vn -0.6949 -0.1454 0.7043
vn 0.7128 -0.4765 0.5147
vn -0.9274 -0.3217 -0.1910
vn -0.8171 0.1452 -0.5580
vn -0.6980 -0.2853 0.6568
vn -0.8387 -0.1682 0.5180
vn 0.2582 -0.4775 0.8398
vn -0.1302 -0.2023 0.9706
vn -0.9350 -0.3546 0.0096
vn -0.7620 0.1541 -0.6290
vn 0.1851 -0.3892 0.9024
vn 0.0882 -0.4581 0.8845
vn -0.3287 -0.2620 0.9074
vn -0.8637 0.1808 0.4705
vn 0.7382 0.4609 -0.4925
vn -0.4911 0.1814 -0.8520
vn -0.3837 -0.3380 0.8594
vn -0.8447 -0.2541 0.4711
vn -0.1457 -0.3811 0.9130
vn 0.4031 -0.4697 0.7854
vn -0.3343 -0.1963 0.9218
vn 0.8367 -0.5247 0.1571
vn -0.4330 0.0341 0.9007
vn -0.5177 0.0930 0.8505
vn -0.4652 0.0711 0.8823
vn 0.4001 -0.5270 0.7498
vn -0.7115 0.1183 0.6926
vn 0.7262 -0.4999 0.4720
vn 0.6585 -0.4728 0.5854
vn 0.8425 -0.4537 0.2904
vn 0.7875 -0.4114 0.4589
vn -0.0245 -0.5488 0.8356
vn 0.4018 -0.3474 0.8473
vn -0.7480 0.1362 -0.6495
vn -0.9380 -0.3390 0.0724
vn 0.8595 0.4085 -0.3071
vn 0.8782 0.4068 -0.2515
vn 0.6571 0.4267 -0.6214
vn -0.1498 0.2344 -0.9605
vn 0.8086 0.4205 -0.4115
vn 0.8149 0.4224 -0.3969
vn 0.7290 0.4515 -0.5146
vn -0.2259 0.2363 -0.9451
vn -0.9664 -0.1418 -0.2143
vn -0.9139 -0.1586 0.3736
vn -0.9470 -0.1355 0.2913
vn -0.9493 0.0650 0.3077
vn 0.4369 -0.4616 0.7721
vn 0.0677 0.3145 -0.9469
vn -0.7988 0.0651 -0.5981
vn -0.9326 0.1114 -0.3434
vn -0.9326 -0.1574 0.3249
vn -0.8482 -0.0618 0.5261
vn -0.7605 0.0688 0.6456
vn -0.1395 0.2349 -0.9619
vn -0.8582 0.0328 -0.5122
vn -0.8534 0.1469 -0.5002
vn 0.2815 -0.4532 0.8458
vn -0.7813 -0.1224 0.6121
vn -0.6589 -0.0680 0.7492
vn -0.8868 -0.1641 -0.4321
vn -0.8788 0.0098 -0.4770
vn -0.9833 -0.0348 -0.1784
vn -0.9949 -0.0366 0.0942
vn -0.3591 -0.3213 0.8762
vn -0.7251 -0.1070 0.6803
vn -0.9351 -0.3344 0.1172
vn -0.9824 -0.1729 -0.0700
vn -0.2645 -0.4862 0.8329
vn 0.4645 -0.4156 0.7820
vn -0.2314 -0.3463 0.9091
vn -0.6337 -0.2057 0.7457
vn -0.9435 -0.3297 0.0339
vn -0.4554 -0.3924 0.7992
vn 0.1092 -0.3989 0.9105
vn -0.9776 0.0629 -0.2007
vn 0.1997 -0.3615 0.9107
vn -0.9740 0.1990 0.1081
vn 0.8949 0.3984 -0.2013
vn -0.9487 -0.2376 -0.2086
vn -0.9131 -0.0310 -0.4065
vn -0.0346 -0.3811 0.9239
vn 0.3580 -0.5065 0.7844
vn -0.1856 -0.3349 0.9238
vn -0.4523 -0.2311 0.8614
vn 0.7571 -0.5038 0.4160
vn -0.6677 0.1389 0.7313
vn -0.7301 0.1446 0.6679
vn 0.4757 -0.4601 0.7497
vn 0.5516 -0.4469 0.7043
vn -0.1655 -0.1634 0.9726
vn -0.0072 -0.2602 0.9655
vn -0.8495 0.1992 0.4885
vn -0.3238 -0.4211 0.8472
vn -0.5981 -0.1326 0.7904
vn -0.9721 -0.1887 0.1396
vn -0.2884 -0.3997 0.8701
vn -0.4571 -0.3961 0.7963
vn -0.8197 -0.1347 -0.5568
vn -0.6102 -0.2140 -0.7628
vn -0.6442 -0.2274 -0.7303
vn -0.3035 -0.0539 -0.9513
vn -0.2718 -0.0209 -0.9621
vn -0.2500 -0.0033 -0.9682
vn 0.8642 0.3720 -0.3387
vn 0.9161 0.3827 -0.1197
vn -0.7638 -0.1000 -0.6376
vn -0.1374 -0.3685 0.9194
vn 0.2389 -0.3611 0.9014
vn -0.9941 0.0078 -0.1078
vn 0.6004 -0.4011 0.6918
vn 0.7798 -0.4579 0.4270
vn -0.8835 -0.2146 -0.4164
vn -0.7977 -0.0238 -0.6026
vn -0.0472 -0.4189 0.9068
vn -0.0138 -0.4285 0.9034
vn 0.2112 -0.4816 0.8506
vn -0.6023 -0.2684 0.7518
vn -0.4891 0.0374 -0.8714
vn -0.5580 -0.4168 0.7176
vn -0.9624 -0.2632 0.0668
vn -0.2579 -0.4152 0.8724
vn -0.9946 0.0847 0.0599
vn -0.9055 0.0353 0.4229
vn -0.4038 0.0720 -0.9120
vn -0.4076 -0.4276 0.8069
vn -0.9804 -0.1823 -0.0753
vn -0.9518 0.1084 -0.2871
vn -0.9467 -0.0152 0.3217
vn -0.6095 -0.2379 0.7563
vn -0.6093 -0.0342 -0.7922
vn -0.5394 0.0858 -0.8377
vn -0.9583 -0.2497 0.1388
vn -0.9472 0.1251 -0.2954
vn -0.7065 -0.2423 0.6650
vn -0.6986 -0.2075 0.6848
vn -0.7568 -0.1237 -0.6418
vn -0.5800 0.0670 -0.8119
vn -0.8214 0.0529 -0.5680
vn -0.9608 0.1201 -0.2498
vn 0.1924 -0.4892 0.8507
vn -0.8062 -0.1221 0.5790
vn -0.0910 0.0400 -0.9950
vn -0.7741 -0.0977 -0.6255
vn -0.7405 -0.3762 0.5569
vn -0.1948 -0.4008 0.8952
vn -0.9965 -0.0641 -0.0533
vn 0.2598 -0.3718 0.8912
vn -0.9326 0.0737 0.3532
vn 0.0737 -0.4241 0.9026
vn 0.5680 -0.5784 0.5855
vn -0.9131 0.3118 0.2626
vn 0.3525 -0.4095 0.8414
vn 0.3052 -0.4419 0.8435
vn 0.3233 -0.4778 0.8168
vn -0.4083 -0.2508 0.8777
vn 0.2883 -0.5199 0.8041
vn -0.2025 -0.3892 0.8986
vn -0.9847 -0.1118 0.1336
vn -0.4729 -0.3204 0.8208
vn -0.7206 0.1223 -0.6825
vn -0.9565 -0.2405 -0.1654
vn -0.9389 -0.2794 -0.2009
vn -0.1631 0.0116 -0.9865
vn 0.0088 0.1032 -0.9946
vn 0.1288 0.1526 -0.9799
vn 0.2870 0.2077 -0.9351
vn -0.0180 0.0632 -0.9978
vn -0.1524 0.0017 -0.9883
vn 0.0936 0.1160 -0.9888
vn -0.5522 -0.3354 0.7633
vn -0.3745 -0.3651 0.8524
vn -0.0040 -0.3944 0.9189
vn 0.1658 -0.4095 0.8971
vn 0.1308 -0.5110 0.8496
vn 0.3287 -0.4882 0.8085
vn -0.6624 -0.3714 0.6506
vn -0.5391 -0.3894 0.7468
vn -0.8575 -0.0274 -0.5138
vn -0.5148 -0.4101 0.7529
vn -0.9592 0.1475 -0.2411
vn -0.9821 0.1013 0.1586
vn -0.8742 -0.2890 -0.3902
vn -0.3129 -0.3543 0.8812
vn -0.9678 -0.1565 -0.1969
vn -0.8599 -0.3265 0.3923
vn -0.8786 -0.1687 0.4467
vn -0.2019 -0.4425 0.8737
vn -0.9256 -0.3737 -0.0598
vn -0.2994 -0.3634 0.8822
vn -0.9784 -0.2063 0.0121
vn -0.9297 0.0310 -0.3671
vn 0.4093 -0.4195 0.8103
vn 0.3990 -0.5119 0.7608
vn -0.2766 0.0193 -0.9608
vn -0.5504 -0.0015 -0.8349
vn -0.8453 0.0346 -0.5331
vn -0.3120 -0.4467 0.8385
vn -0.1652 -0.5409 0.8247
vn -0.6647 -0.2802 0.6926
vn -0.1881 0.0593 -0.9804
vn -0.9213 -0.3258 -0.2121
vn 0.0037 -0.3230 0.9464
vn -0.3052 -0.4938 0.8143
vn -0.9708 0.0492 -0.2348
vn -0.9688 0.0254 0.2464
vn -0.7709 -0.3133 -0.5546
vn -0.8509 -0.3645 0.3783
vn -0.7119 -0.3894 0.5844
vn 0.1294 -0.3478 0.9286
vn 0.3315 -0.3791 0.8639
vn 0.3296 -0.5083 0.7957
vn -0.0873 -0.4552 0.8861
vn -0.9386 0.2136 0.2710
vn -0.2251 -0.3088 0.9241
vn 0.5384 -0.4880 0.6870
vn 0.2770 -0.5341 0.7988
vn -0.8544 -0.0304 0.5187
vn -0.5259 -0.2163 0.8226
vn -0.3281 -0.3215 0.8882
vn -0.4488 -0.3065 0.8394
vn -0.9633 0.0006 0.2685
vn -0.2587 -0.4766 0.8402
vn -0.9873 -0.1493 -0.0539
vn -0.0640 -0.3556 0.9324
vn -0.7184 -0.4548 0.5263
vn -0.2176 0.0486 -0.9748
vn 0.4965 0.0775 -0.8645
vn -0.3316 -0.2269 -0.9157
vn -0.3772 -0.2232 -0.8988
vn 0.3265 0.0887 -0.9410
vn -0.0373 -0.0493 -0.9981
vn -0.8202 -0.3644 -0.4409
vn -0.8862 -0.3827 -0.2611
vn -0.6363 -0.1317 -0.7601
vn -0.6669 -0.4720 0.5766
vn -0.8684 -0.1092 -0.4838
vn -0.9910 -0.1121 -0.0734
vn -0.3352 -0.4220 0.8423
vn 0.4182 -0.4777 0.7726
vn -0.8068 -0.3300 0.4900
vn -0.8731 -0.4398 -0.2101
vn -0.3363 -0.3979 0.8536
vn -0.0253 -0.3996 0.9163
vn 0.3216 -0.4285 0.8444
vn -0.9392 -0.1483 0.3096
vn -0.7102 -0.3148 0.6297
vn -0.5559 -0.4349 0.7084
vn -0.9449 -0.3272 -0.0138
vn -0.0094 -0.4051 0.9142
vn 0.0686 -0.4874 0.8705
vn -0.9563 0.2187 -0.1941
vn -0.8400 -0.3539 0.4113
vn -0.5079 -0.1038 -0.8552
vn -0.9390 -0.3356 0.0750
vn -0.7523 -0.4445 0.4862
vn -0.9631 -0.2177 0.1580
vn -0.0203 -0.3969 0.9177
vn -0.8823 -0.3563 -0.3075
vn -0.8005 -0.2818 -0.5290
vn -0.2673 -0.3900 0.8812
vn -0.7517 -0.4547 0.4778
vn -0.3837 -0.4736 0.7927
vn -0.6027 -0.2685 0.7515
vn -0.8410 -0.3559 0.4074
vn -0.8131 -0.2885 -0.5056
vn -0.9167 -0.3981 -0.0345
vn -0.5998 0.1838 -0.7787
vn -0.9670 -0.0117 -0.2545
vn -0.2089 -0.3895 0.8970
vn 0.5739 0.1136 -0.8110
vn -0.0422 0.1076 -0.9933
vn -0.4745 -0.0266 -0.8799
vn -0.8387 -0.0667 -0.5405
vn -0.9056 -0.2545 0.3393
vn -0.8471 0.2092 -0.4885
vn -0.9458 0.0007 0.3247
vn 0.3957 -0.5391 0.7435
vn -0.0150 -0.5879 0.8088
vn -0.9740 0.2263 0.0020
vn 0.5056 -0.5142 0.6928
vn -0.9831 -0.0763 0.1662
vn -0.8001 -0.2630 0.5391
vn 0.5029 -0.5395 0.6753
vn -0.9994 -0.0043 0.0333
vn -0.4543 -0.3676 0.8114
vn -0.9592 -0.0692 -0.2742
vn -0.8810 0.0334 -0.4720
vn -0.9158 -0.3733 -0.1481
vn -0.8956 -0.4184 0.1509
vn -0.8282 -0.3739 -0.4174
vn 0.1063 -0.0620 -0.9924
vn 0.5404 0.1031 -0.8350
vn 0.5986 0.1088 -0.7936
vn 0.7624 0.1784 -0.6220
vn 0.7332 0.1788 -0.6561
vn 0.1710 -0.0497 -0.9840
vn -0.0071 -0.1131 -0.9936
vn -0.1145 -0.0722 -0.9908
vn -0.6884 -0.2358 -0.6859
vn -0.8955 -0.3260 -0.3029
vn -0.6067 -0.3647 0.7063
vn -0.7765 -0.4161 0.4732
vn 0.2024 -0.5038 0.8398
vn -0.3207 -0.1580 -0.9339
vn -0.8266 -0.4458 0.3435
vn -0.8612 -0.4679 0.1983
vn -0.7985 0.0710 -0.5978
vn -0.3345 -0.4885 0.8059
vn -0.4718 -0.5522 0.6873
vn -0.9287 -0.3701 -0.0221
vn -0.8376 -0.4650 0.2867
vn -0.4158 0.0575 -0.9076
vn -0.1644 -0.3596 0.9185
vn -0.8826 0.0014 -0.4701
vn -0.9223 0.1097 -0.3705
vn -0.8707 -0.3359 0.3594
vn -0.5906 -0.2375 -0.7712
vn -0.6345 -0.0439 -0.7716
vn -0.1036 -0.3848 0.9172
vn -0.9667 -0.0388 -0.2529
vn -0.8060 -0.3915 0.4440
vn -0.8887 -0.3938 -0.2349
vn -0.8534 -0.3791 -0.3578
vn -0.8509 -0.1947 -0.4878
vn -0.4185 0.1822 -0.8898
vn -0.9905 -0.0282 -0.1346
vn -0.7282 0.2860 -0.6228
vn -0.5133 -0.2665 -0.8158
vn -0.4937 -0.1609 -0.8546
vn -0.9094 -0.3777 0.1742
vn -0.6531 0.0776 -0.7533
vn -0.4524 -0.4274 0.7827
vn 0.0600 -0.4786 0.8760
vn -0.3833 -0.2411 -0.8916
vn 0.1740 0.0427 -0.9838
vn -0.8714 -0.3340 -0.3593
vn -0.8775 -0.4484 0.1703
vn -0.8941 -0.2734 0.3548
vn -0.8980 0.0289 -0.4391
vn -0.0636 -0.4684 0.8812
vn -0.3076 -0.5449 0.7800
vn -0.8734 0.3302 -0.3579
vn -0.6336 -0.2141 0.7434
vn 0.1564 -0.4600 0.8740
vn -0.2280 -0.4578 0.8593
vn -0.9512 -0.0734 0.2998
vn -0.4935 -0.5187 0.6982
vn -0.8123 -0.2980 0.5013
vn -0.0528 -0.5039 0.8621
vn -0.2323 -0.4759 0.8482
vn -0.2710 -0.3864 0.8817
vn -0.6102 -0.4034 0.6819
vn -0.0823 0.0427 -0.9957
vn -0.8351 -0.3785 -0.3991
vn -0.2872 -0.3082 -0.9069
vn -0.7863 -0.4039 -0.4675
vn -0.8359 -0.3953 -0.3809
vn -0.7313 -0.3661 -0.5754
vn -0.5132 -0.2969 -0.8053
vn 0.3833 0.0457 -0.9225
vn 0.3357 0.0203 -0.9417
vn -0.9103 -0.4013 0.1018
vn -0.9333 -0.3330 -0.1346
vn -0.2925 0.0443 -0.9552
vn -0.9559 -0.2259 -0.1877
vn -0.9606 -0.2766 0.0290
vn -0.8182 -0.3521 0.4545
vn -0.8867 -0.4284 -0.1738
vn -0.7703 -0.3328 0.5439
vn -0.6304 -0.1261 -0.7659
vn -0.3821 -0.4188 0.8238
vn -0.7350 -0.4499 0.5073
vn -0.6160 -0.4521 0.6451
vn 0.3298 0.0519 -0.9426
vn -0.7571 -0.3384 0.5588
vn -0.6806 -0.1227 -0.7223
vn -0.8303 -0.1996 -0.5204
vn -0.7418 0.1135 -0.6610
vn -0.9530 0.0230 -0.3021
vn 0.5171 0.1406 -0.8443
vn -0.9096 -0.4090 0.0726
vn -0.5071 -0.3338 0.7946
vn -0.8982 -0.3121 -0.3095
vn -0.5065 -0.4335 0.7453
vn -0.4888 -0.4985 0.7159
vn 0.4476 0.1000 -0.8886
vn -0.0121 -0.0197 -0.9997
vn -0.8771 -0.4034 0.2607
vn -0.7673 -0.0854 -0.6356
vn -0.5938 -0.4545 0.6640
vn -0.4781 -0.4954 0.7253
vn 0.1690 -0.0166 -0.9855
vn 0.0386 -0.0113 -0.9992
vn -0.2908 0.0190 -0.9566
vn -0.9515 -0.2957 -0.0850
vn -0.5345 -0.4939 0.6858
vn -0.9795 -0.2014 0.0063
vn 0.5510 0.0205 -0.8343
vn -0.9159 -0.3985 0.0484
vn -0.1112 0.0408 -0.9930
vn -0.6284 -0.1430 -0.7646
vn -0.8136 -0.0446 -0.5797
vn -0.9362 -0.3052 0.1741
vn -0.9930 -0.1171 -0.0143
vn -0.8475 -0.2245 0.4810
vn -0.3107 -0.4832 0.8185
vn -0.1225 -0.5308 0.8386
vn -0.9992 -0.0101 -0.0395
vn -0.4533 -0.5070 0.7331
vn -0.4028 -0.5197 0.7534
vn -0.9741 -0.1722 0.1469
vn -0.9563 0.0978 -0.2757
vn -0.3993 -0.4794 0.7815
vn -0.8955 -0.4235 0.1371
vn -0.5853 -0.4301 0.6873
vn -0.8181 -0.2911 -0.4960
vn -0.2664 -0.1595 -0.9506
vn -0.8539 -0.3411 -0.3932
vn 0.9094 0.1598 -0.3841
vn 0.6555 -0.0242 -0.7548
vn 0.8106 0.0892 -0.5788
vn 0.9060 0.1837 -0.3812
vn 0.7167 0.0465 -0.6958
vn -0.3404 -0.3468 -0.8740
vn -0.2240 -0.3069 -0.9250
vn -0.9356 -0.3507 -0.0415
vn -0.8628 -0.3972 0.3128
vn -0.9269 -0.3752 0.0043
vn -0.4378 -0.4700 0.7664
vn -0.9362 -0.3109 0.1638
vn -0.8167 -0.5010 0.2864
vn -0.8023 -0.3829 -0.4580
vn 0.2839 0.0798 -0.9555
vn -0.6334 -0.3464 0.6920
vn -0.6024 -0.2439 -0.7600
vn -0.9360 -0.0872 -0.3411
vn -0.8091 0.0077 -0.5877
vn -0.4119 -0.3279 -0.8502
vn -0.0659 -0.0567 -0.9962
vn -0.7801 -0.4487 0.4360
vn -0.6793 -0.2025 -0.7054
vn -0.3335 -0.4071 0.8503
vn -0.6911 0.1374 -0.7095
vn -0.1259 -0.2378 -0.9631
vn -0.6675 -0.2856 -0.6877
vn -0.6065 -0.3378 -0.7197
vn -0.4974 -0.0352 -0.8668
vn -0.7432 -0.0069 -0.6691
vn -0.9738 -0.0872 -0.2100
vn -0.9355 -0.3532 0.0117
vn -0.7784 -0.2918 0.5559
vn -0.2223 -0.0999 -0.9698
vn -0.4572 -0.0012 -0.8894
vn -0.6640 0.0456 -0.7463
vn -0.1994 -0.4652 0.8625
vn -0.8178 -0.4045 -0.4093
vn -0.8567 -0.3487 0.3800
vn -0.9006 -0.4326 0.0417
vn -0.8918 -0.3233 -0.3165
vn -0.7140 -0.4494 0.5369
vn -0.3293 -0.5428 0.7726
vn 0.9475 0.2386 -0.2129
vn -0.9386 -0.3275 0.1084
vn -0.7950 -0.3514 0.4945
vn -0.4791 -0.1000 -0.8721
vn -0.4256 -0.4218 0.8006
vn -0.7466 0.0165 -0.6651
vn -0.2037 -0.5015 0.8409
vn -0.6816 -0.3730 0.6296
vn -0.6982 -0.3444 0.6276
vn -0.9999 -0.0121 0.0013
vn -0.1419 -0.4890 0.8607
vn -0.9180 -0.3155 0.2403
vn -0.9486 0.0055 -0.3164
vn -0.4599 -0.4683 0.7545
vn -0.8390 0.1908 -0.5096
vn -0.4587 0.2345 -0.8571
vn -0.9366 -0.3237 -0.1339
vn -0.9219 -0.3776 -0.0862
vn -0.2817 -0.0652 -0.9573
vn 0.0801 -0.0651 -0.9947
vn 0.0736 -0.1808 -0.9808
vn 0.4841 -0.1674 -0.8589
vn 0.4385 -0.1814 -0.8802
vn -0.5213 -0.4090 -0.7489
vn -0.6685 -0.4087 -0.6213
vn -0.6135 -0.3897 -0.6869
vn 0.7266 0.0597 -0.6844
vn 0.9432 0.2458 -0.2233
vn 0.1853 -0.1367 -0.9731
vn -0.3804 -0.3117 -0.8707
vn -0.9220 -0.3841 0.0484
vn -0.8904 -0.4526 0.0478
vn -0.4726 -0.4567 0.7537
vn -0.9760 -0.1621 -0.1454
vn -0.9202 -0.3740 -0.1154
vn 0.4177 0.0529 -0.9071
vn -0.8689 -0.3918 0.3024
vn -0.8742 -0.3811 -0.3010
vn -0.8162 -0.2574 -0.5173
vn -0.7169 -0.3920 0.5765
vn -0.9177 -0.3826 -0.1071
vn 0.1288 -0.0587 -0.9899
vn -0.2705 -0.1458 -0.9516
vn -0.6785 -0.4180 0.6040
vn -0.7508 -0.1780 -0.6362
vn -0.6333 -0.4337 0.6410
vn -0.9291 -0.3697 -0.0021
vn 0.2106 -0.0078 -0.9775
vn -0.8645 -0.4460 -0.2320
vn -0.8707 -0.4871 -0.0683
vn -0.8900 -0.2503 -0.3812
vn -0.7899 -0.4311 0.4362
vn -0.6079 -0.4560 -0.6500
vn -0.4442 -0.2164 -0.8694
vn -0.8543 -0.4573 0.2473
vn -0.8477 -0.5041 0.1655
vn -0.9320 -0.3582 -0.0557
vn -0.5970 0.1425 -0.7895
vn 0.7173 0.0347 -0.6959
vn -0.9400 -0.3357 -0.0618
vn 0.0369 -0.0826 -0.9959
vn 0.0360 0.1156 -0.9926
vn -0.9327 -0.3573 -0.0483
vn -0.8907 -0.3663 0.2692
vn 0.0259 -0.3394 -0.9403
vn 0.2812 -0.0984 -0.9546
vn -0.8879 -0.3672 0.2771
vn -0.4795 -0.1664 -0.8616
vn -0.9082 -0.4046 -0.1065
vn -0.8117 -0.4511 0.3711
vn -0.6677 0.1449 -0.7302
vn -0.7707 -0.3812 0.5106
vn -0.6054 -0.4958 0.6226
vn -0.9029 0.0199 -0.4294
vn -0.2644 -0.5153 0.8152
vn -0.7288 -0.4674 0.5004
vn -0.2083 -0.5226 0.8267
vn -0.9011 -0.3509 -0.2547
vn -0.5391 0.2172 -0.8138
vn -0.5981 -0.4565 0.6587
vn -0.6393 -0.4720 0.6070
vn -0.0528 0.0825 -0.9952
vn -0.8316 -0.4084 0.3764
vn -0.9225 -0.3206 0.2148
vn 0.6367 -0.0169 -0.7709
vn -0.0788 -0.3924 -0.9164
vn 0.4664 -0.2505 -0.8483
vn 0.9743 0.1506 -0.1678
vn 0.9578 0.1187 -0.2617
vn 0.3668 -0.2683 -0.8908
vn 0.1612 -0.3250 -0.9319
vn 0.1138 -0.3277 -0.9379
vn 0.8185 0.1354 -0.5584
vn -0.1598 -0.2717 -0.9490
vn -0.6193 -0.3762 -0.6892
vn -0.1670 0.0757 -0.9830
vn 0.0243 0.1789 -0.9836
vn -0.7996 -0.4463 0.4018
vn -0.3172 -0.3150 -0.8945
vn -0.7758 -0.4572 -0.4349
vn -0.8392 -0.4600 -0.2900
vn -0.8406 -0.3645 0.4007
vn -0.8029 -0.5199 -0.2918
vn -0.5129 0.0692 -0.8556
vn -0.8720 -0.3735 -0.3164
vn -0.6307 -0.4562 -0.6278
vn -0.1721 -0.2029 -0.9640
vn -0.7940 -0.3737 0.4795
vn -0.1717 0.0855 -0.9814
vn -0.6149 0.0288 -0.7881
vn -0.8141 -0.3896 -0.4307
vn -0.0440 -0.2852 -0.9574
vn 0.2852 0.0320 -0.9579
vn -0.8993 -0.4236 0.1085
vn -0.4880 -0.0208 -0.8726
vn -0.3015 0.2081 -0.9305
vn -0.7686 -0.4005 -0.4989
vn 0.4793 -0.0344 -0.8770
vn 0.1188 -0.0360 -0.9923
vn -0.8759 -0.4694 0.1111
vn -0.9005 -0.4024 0.1650
vn -0.9236 -0.3804 0.0480
vn 0.4236 -0.1880 -0.8861
vn -0.9382 -0.3308 0.1016
vn 0.4275 0.1032 -0.8981
vn -0.3030 -0.2138 -0.9287
vn -0.7822 -0.4250 0.4555
vn -0.8621 -0.4307 0.2668
vn 0.0408 -0.3832 -0.9227
vn 0.7899 0.1021 -0.6047
vn -0.8292 -0.3982 -0.3923
vn -0.6757 -0.4064 -0.6151
vn -0.3421 -0.0102 -0.9396
vn -0.7127 -0.5693 0.4098
vn -0.6477 -0.4576 0.6092
vn -0.8068 0.0870 -0.5844
vn -0.4300 -0.4834 0.7625
vn -0.6781 0.1968 -0.7081
vn -0.9223 -0.0276 -0.3855
vn -0.6512 -0.4697 0.5960
vn -0.8203 -0.0462 -0.5701
vn -0.2554 -0.5072 0.8231
vn -0.8362 -0.5408 0.0913
vn -0.9198 -0.3790 0.1017
vn -0.8615 -0.4591 0.2167
vn 0.0520 -0.0577 -0.9970
vn -0.9365 -0.3494 -0.0290
vn -0.9137 -0.3949 -0.0959
vn 0.8669 0.0721 -0.4932
vn 0.8983 0.2614 0.3532
vn 0.9545 0.0006 -0.2983
vn 0.9687 0.1923 0.1569
vn 0.8822 0.2637 0.3902
vn 0.9609 0.1709 0.2177
vn 0.1571 -0.3883 -0.9080
vn -0.1236 -0.3981 -0.9090
vn 0.8690 0.0422 -0.4929
vn 0.7349 0.0147 -0.6780
vn -0.9075 -0.3433 0.2419
vn 0.2842 0.1542 -0.9463
vn 0.0433 0.1193 -0.9919
vn -0.9126 -0.4021 -0.0743
vn 0.8834 0.0471 -0.4663
vn 0.7430 0.0161 -0.6691
vn -0.8395 -0.4487 -0.3065
vn -0.1743 0.0180 -0.9845
vn -0.1867 -0.0288 -0.9820
vn -0.7078 -0.5325 0.4642
vn -0.1987 -0.3226 -0.9254
vn 0.7690 0.0326 -0.6384
vn -0.4703 -0.4397 -0.7652
vn -0.8950 -0.3421 0.2864
vn -0.6120 -0.4425 0.6555
vn -0.0137 0.2106 -0.9775
vn -0.8085 -0.3175 -0.4954
vn -0.7385 -0.4385 -0.5122
vn 0.5570 0.0267 -0.8301
vn -0.8335 -0.3475 0.4296
vn 0.1021 0.0844 -0.9912
vn -0.3775 0.1000 -0.9206
vn -0.8255 -0.3273 -0.4599
vn -0.2072 -0.3843 -0.8996
vn 0.4474 -0.0166 -0.8942
vn -0.6479 -0.3394 -0.6819
vn -0.7193 -0.2835 -0.6342
vn -0.7173 -0.1188 -0.6866
vn -0.4108 -0.3823 -0.8277
vn -0.1093 -0.3411 -0.9336
vn 0.2175 -0.1214 -0.9685
vn -0.7378 -0.4179 -0.5301
vn -0.8688 -0.4535 0.1986
vn -0.7106 -0.4606 0.5319
vn 0.8707 0.2659 0.4138
vn 0.8950 0.0824 -0.4384
vn -0.6285 -0.4967 -0.5985
vn -0.9211 -0.3372 0.1945
vn 0.0715 0.0038 -0.9974
vn -0.7362 -0.3337 -0.5888
vn -0.6370 -0.4538 0.6231
vn -0.6330 0.0003 -0.7742
vn -0.5407 0.1658 -0.8247
vn -0.9332 -0.1633 -0.3202
vn -0.7246 -0.4533 0.5190
vn -0.9180 -0.2816 -0.2793
vn -0.6307 0.0109 -0.7760
vn -0.8974 -0.2922 -0.3307
vn -0.6023 -0.5006 0.6218
vn -0.9032 -0.4288 -0.0208
vn -0.7784 -0.4488 0.4390
vn 0.0835 -0.0693 -0.9941
vn 0.2322 -0.1074 -0.9667
vn 0.7497 0.0243 -0.6613
vn 0.9399 0.0939 -0.3283
vn 0.8370 -0.2234 -0.4995
vn 0.3552 -0.3779 -0.8550
vn -0.1710 -0.3930 -0.9035
vn -0.1767 -0.3721 -0.9112
vn 0.7577 -0.1949 -0.6228
vn 0.9841 0.1246 0.1264
vn 0.9856 0.1358 0.1005
vn -0.8419 -0.3214 -0.4335
vn -0.9095 -0.3380 -0.2418
vn -0.9018 -0.4265 -0.0700
vn -0.8611 -0.4384 -0.2577
vn 0.0912 0.0493 -0.9946
vn 0.1015 0.2579 -0.9608
vn -0.2493 -0.3781 -0.8916
vn 0.8010 0.0344 -0.5977
vn -0.4822 -0.4508 -0.7512
vn -0.1812 -0.1748 -0.9678
vn -0.5882 -0.2837 -0.7573
vn -0.8838 -0.4095 -0.2262
vn -0.5481 -0.3885 -0.7407
vn 0.8798 0.1049 -0.4637
vn 0.3875 -0.1705 -0.9060
vn -0.9005 -0.4201 -0.1119
vn -0.8384 -0.4607 0.2912
vn -0.7922 -0.4969 0.3541
vn -0.7925 -0.3453 -0.5027
vn -0.3169 -0.2841 -0.9049
vn 0.7441 0.0491 -0.6663
vn -0.8093 -0.4524 -0.3745
vn -0.3070 -0.1961 -0.9313
vn -0.1859 0.0674 -0.9803
vn 0.3349 -0.3398 -0.8789
vn -0.9459 -0.2726 -0.1757
vn -0.2326 -0.4316 -0.8716
vn -0.0805 -0.2743 -0.9583
vn -0.2520 -0.1389 -0.9577
vn -0.4800 -0.0908 -0.8726
vn 0.9695 0.0325 -0.2430
vn -0.9514 -0.2752 -0.1380
vn -0.9251 -0.3768 -0.0469
vn 0.3786 -0.0169 -0.9254
vn -0.6848 -0.3665 -0.6299
vn -0.7945 -0.4753 0.3779
vn 0.9168 -0.1770 -0.3580
vn 0.8095 -0.0197 -0.5868
vn 0.6420 -0.0513 -0.7650
vn -0.8450 -0.4334 -0.3132
vn -0.0659 -0.1481 -0.9868
vn 0.2102 0.1014 -0.9724
vn -0.7280 -0.4566 0.5114
vn -0.8263 -0.5024 0.2545
vn -0.2988 0.2106 -0.9308
vn -0.5058 -0.5017 0.7018
vn -0.5735 -0.1530 -0.8048
vn -0.7693 -0.2395 -0.5923
vn -0.2142 0.1579 -0.9639
vn -0.8415 -0.3328 -0.4256
vn -0.9039 -0.3638 -0.2251
vn -0.5499 -0.2408 -0.7998
vn 0.3034 0.1168 -0.9457
vn 0.5188 0.1105 -0.8477
vn 0.1699 -0.2221 -0.9601
vn -0.7427 -0.3863 -0.5470
vn 0.9852 0.0630 -0.1594
vn 0.8814 0.1354 0.4525
vn 0.9253 0.0912 0.3680
vn 0.9934 -0.1040 -0.0477
vn 0.9857 -0.1210 -0.1170
vn 0.9971 -0.0677 -0.0359
vn 0.9216 -0.1910 -0.3380
vn 0.8639 -0.2284 -0.4489
vn 0.8360 -0.1155 -0.5364
vn 0.0123 -0.4155 -0.9095
vn -0.0189 -0.2430 -0.9698
vn 0.2799 -0.0388 -0.9592
vn -0.7999 -0.4948 -0.3397
vn -0.4077 -0.1317 -0.9036
vn 0.8020 -0.1437 -0.5797
vn -0.7472 -0.4121 -0.5213
vn -0.8830 -0.3649 -0.2953
vn -0.8659 -0.4174 -0.2756
vn 0.2434 -0.0098 -0.9699
vn -0.6490 -0.2573 -0.7160
vn 0.9567 -0.0317 -0.2893
vn -0.6748 -0.4504 -0.5846
vn 0.1025 -0.2299 -0.9678
vn -0.8846 -0.4117 -0.2190
vn -0.5954 -0.3938 -0.7003
vn -0.0829 0.0445 -0.9956
vn 0.9974 0.0566 -0.0435
vn 0.6534 -0.2979 -0.6960
vn -0.6605 -0.3771 -0.6493
vn -0.7567 -0.4418 -0.4819
vn -0.8786 -0.4412 0.1827
vn -0.8415 -0.4676 0.2706
vn 0.8772 -0.1048 -0.4686
vn 0.4103 -0.4388 -0.7994
vn -0.7292 -0.3948 -0.5589
vn -0.9154 -0.4026 -0.0021
vn -0.6107 -0.4486 -0.6526
vn -0.8350 -0.4670 0.2911
vn -0.6471 -0.2996 -0.7010
vn 0.9651 -0.0246 -0.2607
vn -0.3909 -0.3978 -0.8300
vn -0.4321 -0.4403 -0.7870
vn 0.5772 0.2103 -0.7891
vn 0.1780 0.0643 -0.9819
vn 0.9973 -0.0477 0.0561
vn 0.9792 0.0376 -0.1991
vn 0.1334 -0.3628 -0.9223
vn 0.6152 0.0064 -0.7883
vn -0.8355 -0.3964 -0.3804
vn -0.8725 -0.4812 0.0848
vn -0.1691 -0.0526 -0.9842
vn -0.7834 -0.2232 -0.5801
vn -0.7188 -0.5181 0.4636
vn -0.1036 0.1288 -0.9862
vn -0.4794 -0.0897 -0.8730
vn -0.7763 -0.5523 0.3037
vn -0.3968 -0.0597 -0.9160
vn -0.8967 -0.4314 -0.0996
vn -0.2139 0.0699 -0.9744
vn -0.7324 -0.5078 -0.4536
vn -0.3317 -0.1790 -0.9263
vn 0.7452 0.1284 -0.6544
vn 0.5310 -0.1538 -0.8333
vn 0.9909 0.1242 -0.0518
vn -0.6537 -0.3008 -0.6944
vn 0.6057 0.2913 0.7404
vn 0.8458 0.1499 0.5120
vn 0.9158 -0.2296 -0.3295
vn 0.9014 -0.2329 -0.3650
vn 0.8435 0.1527 0.5149
vn 0.7338 0.2154 0.6443
vn 0.9816 0.0061 0.1909
vn -0.6225 -0.3178 -0.7152
vn 0.6793 -0.0954 -0.7276
vn 0.5256 -0.2418 -0.8157
vn 0.7487 0.0848 -0.6574
vn -0.0912 -0.1829 -0.9789
vn -0.7441 -0.4319 -0.5096
vn 0.9291 -0.2533 -0.2696
vn 0.8299 -0.0025 -0.5580
vn -0.8621 -0.4050 -0.3045
vn 0.6864 0.0531 -0.7253
vn -0.6509 -0.4549 -0.6078
vn -0.3510 -0.2519 -0.9019
vn 0.9816 -0.1627 -0.1001
vn 0.7640 -0.0375 -0.6442
vn -0.6304 -0.5442 -0.5537
vn 0.3475 -0.0852 -0.9338
vn 0.2963 -0.1000 -0.9498
vn -0.5963 -0.3687 -0.7131
vn 0.9691 0.0307 0.2449
vn -0.4114 -0.2913 -0.8637
vn -0.2886 -0.6287 -0.7221
vn -0.7403 -0.3852 -0.5510
vn -0.3672 -0.4324 -0.8235
vn -0.8530 -0.5164 -0.0763
vn 0.9617 0.0542 0.2687
vn -0.8008 -0.2729 -0.5332
vn 0.7544 -0.2467 -0.6083
vn -0.5819 -0.3829 -0.7175
vn -0.2168 -0.3447 -0.9133
vn -0.1823 -0.2611 -0.9479
vn 0.8348 -0.2703 -0.4796
vn -0.7200 -0.3078 -0.6220
vn -0.5448 -0.5054 -0.6692
vn 0.3329 -0.1372 -0.9329
vn -0.6566 -0.4689 -0.5907
vn 0.4949 0.1809 -0.8499
vn 0.6937 0.2487 0.6760
vn -0.7067 -0.2805 -0.6496
vn 0.9633 0.0634 -0.2610
vn 0.8642 0.0275 -0.5024
vn -0.8792 -0.4218 -0.2215
vn -0.8993 -0.4175 0.1300
vn -0.4328 -0.3749 -0.8199
vn -0.8521 -0.3712 -0.3690
vn -0.7835 -0.3275 -0.5281
vn -0.6475 -0.2181 -0.7302
vn -0.8766 -0.4590 -0.1445
vn -0.7997 -0.5092 0.3181
vn 0.3855 0.3052 -0.8708
vn -0.8360 -0.4053 -0.3700
vn -0.8059 -0.5217 0.2799
vn -0.6250 -0.3816 -0.6810
vn 0.7012 0.1564 -0.6956
vn -0.4676 -0.3692 -0.8031
vn 0.3458 -0.3710 -0.8618
vn -0.5140 -0.3609 -0.7782
vn 0.9217 -0.2029 -0.3307
vn 0.5222 -0.4260 -0.7388
vn 0.6232 -0.4073 -0.6676
vn 0.7088 -0.3779 -0.5956
vn 0.7306 -0.3595 -0.5805
vn 0.6212 -0.3754 -0.6879
vn 0.7659 -0.3223 -0.5563
vn 0.9701 0.0177 0.2421
vn -0.2911 -0.3875 -0.8747
vn 0.5711 -0.2896 -0.7681
vn 0.9237 0.0080 -0.3832
vn -0.0905 -0.2937 -0.9516
vn -0.8748 -0.4569 -0.1609
vn -0.8647 -0.4952 -0.0838
vn 0.9962 -0.0744 -0.0442
vn 0.7862 -0.1851 -0.5896
vn 0.9360 0.0370 -0.3502
vn 0.2073 -0.2318 -0.9504
vn -0.2672 -0.4386 -0.8581
vn -0.4397 -0.3512 -0.8266
vn 0.9663 0.0799 0.2448
vn 0.7064 -0.2320 -0.6687
vn 0.1311 -0.3444 -0.9296
vn -0.7968 -0.4228 -0.4317
vn -0.4038 -0.4954 -0.7691
vn 0.3011 0.0333 -0.9530
vn 0.9943 -0.0589 -0.0885
vn -0.0978 -0.3955 -0.9132
vn 0.5605 -0.2228 -0.7976
vn -0.2474 -0.4502 -0.8579
vn 0.5022 -0.0577 -0.8628
vn -0.8608 -0.4714 -0.1917
vn 0.4152 -0.3796 -0.8267
vn -0.6934 -0.3086 -0.6511
vn 0.2138 -0.3223 -0.9222
vn 0.8542 0.0351 -0.5187
vn 0.7000 0.1025 -0.7067
vn 0.1566 -0.1187 -0.9805
vn 0.1388 -0.4132 -0.9000
vn -0.5182 -0.3839 -0.7643
vn -0.6572 -0.3520 -0.6665
vn -0.4490 -0.4493 -0.7723
vn -0.8818 -0.4358 -0.1805
vn -0.4780 -0.4720 -0.7408
vn 0.6273 -0.4182 -0.6570
vn 0.6295 -0.3443 -0.6965
vn 0.2139 -0.3685 -0.9047
vn 0.1173 -0.4100 -0.9045
vn 0.2013 -0.1975 -0.9594
vn -0.7798 -0.4460 -0.4393
vn -0.0616 -0.1872 -0.9804
vn 0.2221 0.0997 -0.9699
vn 0.2044 0.1144 -0.9722
vn -0.8630 -0.5009 -0.0663
vn -0.6808 -0.4257 -0.5961
vn 0.3166 0.1529 -0.9361
vn -0.8588 -0.4898 -0.1501
vn 0.1026 0.0192 -0.9945
vn -0.7013 -0.4241 -0.5729
vn -0.8712 -0.4829 -0.0891
vn 0.6530 -0.0035 -0.7574
vn -0.7638 -0.4162 -0.4933
vn -0.4633 -0.3746 -0.8031
vn 0.9981 -0.0160 0.0602
vn 0.9897 -0.0003 0.1434
vn 0.2376 0.1810 0.9543
vn 0.7323 -0.0965 0.6742
vn 0.8617 -0.2039 0.4646
vn 0.9117 -0.2565 0.3210
vn 0.7211 -0.4222 -0.5492
vn 0.5860 -0.4184 -0.6939
vn 0.6218 -0.4192 -0.6616
vn 0.6211 -0.3767 -0.6873
vn -0.3221 -0.3975 -0.8592
vn 0.9925 0.0651 -0.1030
vn 0.8669 -0.0280 -0.4977
vn 0.7916 0.1965 -0.5785
vn 0.4845 0.0231 -0.8745
vn 0.9551 -0.0247 0.2954
vn 0.8369 -0.2842 -0.4679
vn 0.7851 -0.1441 -0.6023
vn 0.9748 0.1705 -0.1437
vn -0.3107 -0.2863 -0.9064
vn 0.7252 0.1846 -0.6634
vn 0.7221 -0.3716 -0.5836
vn -0.1434 -0.4360 -0.8884
vn 0.7900 -0.1422 -0.5963
vn 0.9485 0.1206 -0.2929
vn -0.8633 -0.4120 -0.2915
vn 0.3792 -0.0143 -0.9252
vn 0.6073 -0.4079 -0.6817
vn 0.9954 -0.0943 0.0195
vn 0.9888 0.0761 -0.1286
vn 0.7418 -0.0568 -0.6682
vn -0.5515 -0.5245 -0.6487
vn -0.8987 -0.4344 -0.0602
vn 0.5831 -0.4214 -0.6946
vn 0.8999 0.1203 0.4191
vn 0.8285 -0.0919 -0.5524
vn -0.4620 -0.4198 -0.7812
vn 0.8845 0.0916 -0.4576
vn -0.5229 -0.4527 -0.7222
vn 0.9547 -0.1704 0.2439
vn 0.7086 -0.2918 -0.6424
vn 0.4223 -0.2989 -0.8557
vn -0.7728 -0.3981 -0.4943
vn -0.6314 -0.4936 -0.5980
vn -0.7083 -0.5406 -0.4538
vn 0.1205 0.2251 0.9668
vn 0.6360 -0.3576 -0.6838
vn 0.9965 -0.0058 0.0829
vn -0.4230 -0.4068 -0.8097
vn -0.8410 -0.3963 -0.3684
vn 0.1863 -0.1998 -0.9620
vn 0.7266 0.1822 -0.6624
vn -0.2495 -0.1243 -0.9604
vn -0.7744 -0.4683 -0.4254
vn -0.7029 -0.5017 -0.5042
vn -0.5277 -0.5591 -0.6395
vn -0.0928 -0.4272 -0.8994
vn -0.6462 -0.4921 -0.5833
vn 0.4880 0.1433 -0.8610
vn 0.4133 0.1479 -0.8985
vn 0.5963 -0.0145 -0.8026
vn 0.4541 -0.1805 -0.8725
vn 0.0782 -0.4759 -0.8760
vn -0.2709 -0.3796 -0.8846
vn -0.4304 -0.3207 -0.8437
vn 0.6760 0.0865 0.7318
vn 0.7760 -0.0142 0.6306
vn 0.7796 -0.0052 0.6263
vn 0.7523 0.0152 0.6586
vn 0.1148 0.2946 0.9487
vn -0.0496 0.3370 0.9402
vn -0.0104 0.3121 0.9500
vn 0.0217 0.2770 0.9606
vn 0.6359 -0.3725 -0.6760
vn 0.9781 -0.0697 0.1959
vn -0.2472 -0.3882 -0.8878
vn 0.7018 -0.2484 -0.6677
vn -0.3231 -0.3772 -0.8680
vn -0.8152 -0.5156 -0.2639
vn 0.3698 -0.3750 -0.8501
vn 0.6615 -0.3937 -0.6383
vn 0.9996 0.0197 -0.0204
vn 0.0779 -0.4333 -0.8979
vn -0.4684 -0.4231 -0.7756
vn -0.4064 -0.5858 -0.7012
vn 0.4283 -0.3883 -0.8160
vn 0.9633 -0.2166 -0.1582
vn 0.1366 -0.3842 -0.9131
vn 0.9547 -0.0322 -0.2958
vn -0.4442 -0.4369 -0.7822
vn 0.8632 0.1630 -0.4778
vn 0.8646 -0.0651 0.4982
vn 0.8878 0.0688 0.4550
vn 0.8834 -0.1771 -0.4338
vn 0.3032 -0.3893 -0.8698
vn 0.3509 -0.2935 -0.8893
vn -0.3397 -0.4574 -0.8218
vn 0.7992 -0.0182 0.6008
vn 0.3514 -0.3803 -0.8555
vn -0.3029 -0.4069 -0.8618
vn -0.0264 -0.4652 -0.8848
vn -0.2182 -0.4523 -0.8648
vn 0.1384 -0.3217 -0.9367
vn 0.8120 -0.0318 0.5828
vn 0.4281 -0.3970 -0.8118
vn -0.3970 -0.3980 -0.8270
vn -0.5877 -0.4218 -0.6904
vn 0.9084 0.0715 -0.4119
vn 0.1791 -0.2890 -0.9404
vn 0.9527 -0.2235 0.2062
vn 0.7906 0.0179 0.6121
vn 0.5990 -0.4091 -0.6883
vn -0.3525 -0.3675 -0.8607
vn -0.5610 -0.4700 -0.6814
vn 0.8003 0.0572 -0.5968
vn 0.3804 -0.1503 -0.9125
vn -0.8343 -0.4831 -0.2657
vn -0.8387 -0.5201 -0.1614
vn 0.0035 -0.2185 -0.9758
vn 0.6259 0.1994 -0.7539
vn -0.6717 -0.4910 -0.5547
vn -0.1263 -0.3020 -0.9449
vn 0.6648 0.1849 -0.7238
vn -0.7515 -0.4917 -0.4399
vn 0.8833 0.1841 -0.4312
vn 0.5445 -0.1369 -0.8275
vn 0.9605 -0.0503 -0.2738
vn 0.9825 0.0203 0.1854
vn 0.9771 -0.1039 0.1855
vn 0.6011 -0.3720 -0.7073
vn 0.0826 0.2088 0.9745
vn 0.0291 0.2455 0.9690
vn 0.4678 0.0619 0.8817
vn 0.5501 0.0214 0.8348
vn 0.6124 0.0034 0.7906
vn 0.9094 -0.3721 -0.1860
vn 0.8236 -0.4019 -0.4001
vn 0.3057 -0.3631 -0.8802
vn 0.2900 -0.3704 -0.8824
vn -0.0370 -0.4185 -0.9075
vn 0.9984 0.0260 0.0503
vn -0.6218 -0.4272 -0.6565
vn -0.7835 -0.4658 -0.4113
vn 0.7480 -0.4324 -0.5036
vn -0.0468 -0.3409 -0.9389
vn -0.0260 -0.4235 -0.9055
vn 0.6462 -0.3681 -0.6685
vn 0.8892 -0.0377 -0.4560
vn 0.9240 0.2407 -0.2971
vn 0.8554 -0.1988 0.4784
vn 0.7749 -0.3437 -0.5306
vn 0.3108 -0.4175 -0.8539
vn 0.9991 0.0421 -0.0045
vn 0.9069 -0.0013 -0.4213
vn -0.3067 -0.4117 -0.8581
vn 0.5498 0.0196 0.8350
vn 0.3391 -0.3950 -0.8538
vn 0.9201 -0.2327 -0.3151
vn 0.8317 -0.1932 -0.5206
vn -0.2537 -0.4772 -0.8414
vn -0.6283 -0.4849 -0.6084
vn 0.4201 0.0852 0.9034
vn 0.0897 -0.3872 -0.9176
vn 0.9433 -0.1970 -0.2671
vn 0.8469 -0.1861 -0.4982
vn 0.9871 0.1399 -0.0776
vn -0.4459 -0.5020 -0.7410
vn 0.9423 -0.3276 -0.0691
vn 0.5018 -0.4758 -0.7224
vn 0.4035 -0.3746 -0.8348
vn -0.4205 -0.4082 -0.8103
vn 0.0279 -0.4344 -0.9003
vn -0.2575 -0.5778 -0.7745
vn 0.3800 0.0514 0.9235
vn 0.0628 -0.2947 -0.9535
vn 0.9129 -0.2744 -0.3021
vn 0.9818 0.0265 0.1881
vn -0.5457 -0.4361 -0.7156
vn -0.6010 -0.4252 -0.6768
vn -0.4638 -0.4728 -0.7493
vn 0.7500 0.1898 -0.6336
vn -0.5903 -0.4797 -0.6492
vn 0.0076 -0.2094 -0.9778
vn -0.7445 -0.5202 -0.4184
vn 0.3972 -0.1444 -0.9063
vn -0.4277 -0.4546 -0.7813
vn -0.7172 -0.5050 -0.4802
vn 0.8727 0.2559 -0.4159
vn 0.7752 -0.1658 -0.6096
vn -0.2017 -0.4387 -0.8757
vn 0.9805 0.0980 0.1706
vn 0.5577 -0.3567 -0.7495
vn 0.2289 -0.4497 -0.8634
vn 0.2852 -0.3267 -0.9011
vn 0.7108 -0.2112 0.6709
vn 0.9274 -0.3738 -0.0119
vn 0.9149 -0.3186 0.2480
vn 0.5172 -0.0493 0.8545
vn 0.8231 -0.2245 0.5217
vn 0.9319 -0.3096 0.1890
vn 0.8862 -0.2494 0.3904
vn 0.8728 -0.2292 0.4308
vn 0.6771 0.0803 0.7315
vn 0.9425 0.0133 0.3339
vn 0.7795 -0.2252 -0.5845
vn 0.9788 0.0463 -0.1996
vn 0.6607 -0.2060 -0.7218
vn 0.9339 -0.3533 0.0553
vn 0.7635 0.0366 0.6448
vn 0.7232 -0.3809 -0.5762
vn 0.3631 -0.3873 -0.8474
vn -0.2365 -0.4561 -0.8580
vn 0.8488 -0.0778 -0.5229
vn 0.3477 0.0516 0.9362
vn 0.8434 -0.0080 0.5373
vn 0.3372 -0.4650 -0.8186
vn -0.3401 -0.4017 -0.8503
vn -0.5700 -0.4382 -0.6950
vn -0.7009 -0.4781 -0.5294
vn 0.3111 0.0720 0.9476
vn 0.2625 -0.3365 -0.9043
vn 0.0395 -0.4643 -0.8848
vn 0.9844 0.0395 0.1714
vn -0.0971 -0.4941 -0.8640
vn -0.2116 -0.5255 -0.8241
vn 0.8993 -0.3570 -0.2525
vn -0.0546 -0.2886 -0.9559
vn 0.8572 0.0088 0.5149
vn 0.9757 0.0844 0.2024
vn 0.9722 0.1469 0.1822
vn 0.9730 0.2297 -0.0218
vn 0.4282 -0.3207 -0.8449
vn 0.0683 -0.3391 -0.9383
vn 0.0615 -0.3957 -0.9163
vn -0.0117 -0.4031 -0.9151
vn 0.9933 -0.0282 -0.1124
vn 0.9491 0.0682 -0.3075
vn -0.0148 0.1338 0.9909
vn 0.9376 -0.3045 0.1678
vn 0.6352 0.0955 0.7664
vn 0.5273 -0.3585 -0.7703
vn 0.8203 -0.2089 -0.5324
vn 0.9360 -0.0498 -0.3485
vn 0.8446 -0.0397 -0.5339
vn 0.6226 0.0434 -0.7814
vn -0.3743 -0.4408 -0.8158
vn -0.7606 -0.5066 -0.4059
vn -0.0641 -0.5552 -0.8292
vn 0.9328 0.3196 -0.1668
vn 0.7140 0.0612 -0.6975
vn -0.5769 -0.4841 -0.6579
vn 0.2453 -0.3420 -0.9071
vn -0.4081 -0.5030 -0.7619
vn -0.5524 -0.4283 -0.7151
vn 0.5391 -0.3494 -0.7664
vn 0.9444 -0.0454 0.3255
vn 0.8430 -0.4349 -0.3166
vn 0.7568 -0.3936 -0.5219
vn 0.9096 -0.4152 -0.0178
vn 0.9079 -0.4085 -0.0940
vn 0.9158 -0.4016 -0.0041
vn 0.9101 -0.3663 0.1939
vn 0.7236 -0.2143 0.6561
vn -0.0690 0.1827 0.9807
vn -0.3018 0.2728 0.9135
vn 0.9003 -0.2613 0.3481
vn 0.5569 0.0456 0.8293
vn 0.9335 -0.0407 0.3563
vn 0.3562 -0.4092 -0.8400
vn 0.9447 0.1295 0.3013
vn 0.7103 -0.1928 -0.6770
vn 0.8098 -0.1816 0.5580
vn 0.8919 -0.1855 0.4125
vn 0.9178 -0.0396 0.3950
vn 0.6096 -0.4021 -0.6832
vn 0.6588 -0.3914 -0.6425
vn 0.8456 -0.1393 -0.5153
vn 0.4947 -0.0044 0.8691
vn 0.2220 -0.3376 -0.9147
vn 0.5778 -0.3892 -0.7174
vn -0.1285 -0.4391 -0.8892
vn 0.9997 0.0001 0.0236
vn 0.4392 -0.3708 -0.8183
vn 0.8527 -0.3934 -0.3438
vn 0.7269 -0.4541 -0.5152
vn 0.3850 -0.3807 -0.8407
vn -0.0286 -0.4754 -0.8793
vn 0.9848 0.1098 0.1346
vn 0.5243 -0.3809 -0.7616
vn 0.4794 -0.3318 -0.8125
vn 0.9154 -0.3274 0.2343
vn 0.6899 -0.3756 -0.6188
vn 0.8925 0.0259 0.4504
vn 0.9549 -0.0465 -0.2933
vn -0.2484 -0.5638 -0.7877
vn 0.6878 -0.3994 -0.6062
vn 0.5597 -0.4098 -0.7203
vn 0.8482 -0.0082 0.5297
vn 0.1287 -0.4628 -0.8771
vn -0.3090 -0.4075 -0.8593
vn 0.9947 0.0624 0.0813
vn 0.8998 -0.4220 0.1106
vn 0.8809 -0.2459 0.4043
vn 0.9330 -0.3599 0.0002
vn 0.5721 -0.3822 -0.7257
vn 0.5219 -0.3819 -0.7628
vn -0.2904 -0.5313 -0.7958
vn -0.4180 -0.4785 -0.7722
vn -0.3815 -0.4961 -0.7799
vn 0.9348 0.2608 -0.2411
vn -0.0765 -0.3726 -0.9248
vn -0.4406 -0.4806 -0.7582
vn -0.5941 -0.5087 -0.6232
vn 0.9023 -0.0028 -0.4310
vn 0.9559 0.2822 -0.0811
vn -0.2879 -0.4832 -0.8268
vn 0.9270 0.2669 0.2637
vn -0.3719 -0.4141 -0.8308
vn 0.9390 -0.0890 0.3322
vn 0.9818 -0.1667 0.0907
vn 0.5894 -0.4165 -0.6922
vn 0.8608 -0.3908 0.3260
vn -0.6587 0.2226 0.7187
vn -0.6528 0.2263 0.7229
vn -0.4931 0.1587 0.8554
vn -0.5328 0.1859 0.8256
vn -0.5866 0.2230 0.7786
vn -0.1142 -0.0045 0.9935
vn 0.8010 -0.3966 0.4485
vn 0.1964 -0.0501 0.9792
vn 0.8691 -0.4589 -0.1847
vn 0.5305 -0.3312 -0.7804
vn 0.0643 -0.4379 -0.8967
vn 0.1643 -0.5374 -0.8271
vn -0.2044 -0.4927 -0.8458
vn 0.3213 -0.1284 0.9382
vn 0.8812 -0.4681 -0.0657
vn 0.0577 -0.3107 -0.9487
vn 0.7076 -0.4359 -0.5562
vn 0.9258 0.0923 0.3667
vn 0.9423 0.2300 0.2431
vn 0.4208 -0.1903 0.8870
vn 0.4984 -0.0824 0.8630
vn 0.6416 -0.3859 -0.6629
vn 0.9186 -0.2772 -0.2815
vn 0.9053 -0.2530 -0.3413
vn 0.4985 -0.3756 -0.7813
vn 0.8511 -0.4073 -0.3312
vn 0.4132 -0.0283 0.9102
vn 0.8744 -0.1119 0.4721
vn 0.4231 -0.4052 -0.8104
vn 0.4380 -0.4469 -0.7800
vn 0.1525 -0.4755 -0.8664
vn 0.8753 -0.4308 -0.2196
vn 0.3596 0.0192 0.9329
vn 0.7925 -0.0568 0.6073
vn 0.8487 0.0463 0.5269
vn -0.1469 -0.4441 -0.8839
vn 0.2692 -0.4689 -0.8412
vn -0.0261 0.0199 0.9995
vn 0.3087 0.0575 0.9494
vn 0.7711 -0.0557 0.6343
vn 0.9706 -0.1040 0.2171
vn 0.7092 -0.4963 -0.5008
vn 0.5615 -0.3571 -0.7465
vn -0.5930 0.2061 0.7784
vn 0.6805 -0.2937 0.6713
vn 0.5235 -0.4148 -0.7442
vn 0.8780 -0.0058 0.4787
vn 0.7306 0.1527 0.6656
vn 0.8659 0.1713 0.4699
vn -0.4499 -0.4247 -0.7857
vn -0.4197 -0.5824 -0.6962
vn 0.9696 0.2446 -0.0073
vn -0.2718 -0.4735 -0.8378
vn 0.9624 0.0590 -0.2651
vn -0.0134 -0.4884 -0.8725
vn 0.2587 -0.4313 -0.8643
vn 0.9048 -0.0426 -0.4238
vn 0.0179 -0.4699 -0.8825
vn 0.9987 0.0426 -0.0284
vn 0.9363 -0.0704 0.3440
vn 0.5829 -0.4118 -0.7004
vn 0.5856 0.0447 0.8093
vn 0.9180 -0.3071 0.2510
vn 0.2730 -0.1131 0.9554
vn -0.2733 -0.0324 0.9614
vn 0.6648 -0.3565 0.6565
vn 0.8509 -0.3913 0.3504
vn 0.8618 -0.3856 0.3294
vn 0.3829 -0.1947 0.9031
vn -0.5701 0.2266 0.7897
vn -0.6429 0.2509 0.7237
vn 0.0343 -0.0292 0.9990
vn 0.6473 -0.1124 0.7539
vn 0.7563 -0.3997 -0.5179
vn 0.9589 -0.2684 0.0924
vn 0.7921 0.1609 0.5888
vn 0.5308 -0.3490 -0.7723
vn 0.2751 -0.1346 0.9520
vn 0.9115 -0.3668 -0.1862
vn 0.8482 -0.1710 0.5013
vn 0.3526 -0.4473 -0.8219
vn -0.0046 -0.4428 -0.8966
vn 0.3381 -0.4586 -0.8218
vn 0.8983 -0.4095 -0.1593
vn 0.2259 0.0499 0.9729
vn 0.2956 -0.3458 -0.8905
vn 0.8312 -0.0786 0.5504
vn 0.9483 -0.2671 -0.1714
vn -0.1035 -0.4686 -0.8773
vn 0.4938 -0.2543 0.8315
vn 0.4974 -0.0471 0.8662
vn 0.3336 -0.3956 -0.8557
vn 0.5062 0.1867 0.8419
vn 0.2197 -0.4867 -0.8455
vn 0.9195 -0.2461 -0.3065
vn -0.1437 0.0254 0.9893
vn 0.6276 -0.3093 -0.7145
vn 0.2801 0.0674 0.9576
vn 0.9866 -0.1611 -0.0255
vn 0.8401 -0.5229 -0.1445
vn 0.9277 0.1555 0.3393
vn 0.0932 -0.0810 0.9923
vn 0.8152 -0.3685 -0.4467
vn 0.4950 -0.0167 0.8687
vn 0.1338 -0.3486 -0.9277
vn 0.7457 0.0366 0.6653
vn -0.0058 -0.4574 -0.8893
vn -0.0390 -0.1418 0.9891
vn 0.8808 -0.4125 -0.2324
vn 0.5267 -0.0651 0.8476
vn 0.9548 -0.2491 0.1623
vn 0.6609 -0.4501 -0.6005
vn 0.9796 -0.1792 0.0908
vn 0.9789 0.1364 0.1520
vn 0.3272 -0.4528 -0.8294
vn -0.3648 -0.5610 -0.7432
vn 0.9777 0.1204 0.1718
vn 0.9404 0.2366 0.2445
vn 0.7170 -0.2247 -0.6598
vn -0.2329 -0.4935 -0.8380
vn 0.9844 0.1186 0.1302
vn 0.9493 -0.0591 -0.3088
vn 0.9214 0.1132 0.3719
vn 0.9151 -0.3452 -0.2085
vn 0.3391 -0.4189 -0.8423
vn 0.7793 -0.1672 0.6040
vn 0.8461 -0.3917 -0.3616
vn 0.5118 -0.2543 0.8206
vn -0.1126 -0.1665 0.9796
vn 0.3781 -0.3305 0.8648
vn -0.1621 -0.1231 0.9791
vn -0.6080 0.0838 0.7895
vn -0.1382 -0.1326 0.9815
vn 0.5791 -0.3620 0.7305
vn 0.5146 -0.3333 0.7900
vn 0.9130 -0.3967 0.0954
vn 0.8561 -0.3347 0.3937
vn 0.6882 -0.1227 0.7150
vn 0.8748 -0.2711 0.4015
vn 0.0953 -0.4270 -0.8992
vn 0.5790 -0.4592 -0.6738
vn 0.9163 -0.3862 -0.1063
vn 0.6530 -0.2237 0.7236
vn 0.7507 -0.3999 -0.5258
vn 0.5760 0.0116 0.8173
vn 0.8538 -0.0314 0.5197
vn 0.7275 -0.3654 -0.5807
vn 0.8865 -0.3554 -0.2964
vn 0.4808 -0.1331 0.8667
vn 0.5368 -0.3760 -0.7552
vn 0.9229 -0.2774 0.2670
vn 0.6490 0.1365 0.7485
vn 0.9521 0.0437 0.3028
vn 0.1647 -0.2464 0.9551
vn 0.9125 -0.3214 0.2532
vn 0.6744 -0.4468 -0.5878
vn 0.5282 -0.4209 -0.7375
vn 0.9686 -0.1980 0.1503
vn 0.9496 0.0250 0.3124
vn -0.4906 0.0539 0.8697
vn 0.4635 -0.1233 0.8775
vn 0.8397 -0.4986 -0.2153
vn 0.8076 -0.4275 -0.4063
vn 0.6643 0.1612 0.7299
vn 0.0807 -0.4808 -0.8731
vn -0.5033 0.0576 0.8622
vn 0.8091 -0.3383 -0.4805
vn 0.3981 -0.1222 0.9092
vn 0.8322 -0.1572 0.5318
vn 0.3549 -0.4003 -0.8448
vn 0.8449 0.0362 0.5337
vn -0.8737 0.2454 0.4201
vn 0.2219 -0.1413 0.9648
vn 0.2293 -0.0271 0.9730
vn 0.9372 -0.3486 -0.0146
vn 0.4136 -0.4656 -0.7824
vn 0.8345 -0.3718 -0.4068
vn 0.1996 -0.4822 -0.8530
vn 0.2863 -0.4644 -0.8381
vn -0.0723 -0.5046 -0.8603
vn 0.0121 -0.5300 -0.8479
vn 0.6526 -0.4440 -0.6139
vn 0.9194 0.1472 0.3647
vn 0.9149 0.1654 0.3683
vn 0.4828 -0.4268 -0.7647
vn 0.7085 -0.3926 -0.5864
vn 0.9160 -0.3207 -0.2411
vn 0.3440 -0.4292 -0.8351
vn 0.6644 -0.0407 0.7463
vn 0.1394 0.0634 0.9882
vn 0.9083 -0.4056 -0.1019
vn -0.5488 0.0812 0.8320
vn -0.7175 0.1382 0.6827
vn -0.4660 0.0189 0.8846
vn -0.6820 0.1560 0.7145
vn -0.8502 0.2692 0.4524
vn -0.5539 0.0562 0.8307
vn -0.6133 0.0662 0.7870
vn -0.9117 0.2699 0.3097
vn 0.5100 -0.3098 0.8025
vn -0.1055 -0.0037 0.9944
vn 0.6560 -0.3659 -0.6601
vn 0.6838 -0.4642 -0.5630
vn 0.5175 0.1662 0.8394
vn 0.9734 -0.2251 -0.0426
vn 0.2050 -0.2252 0.9525
vn 0.8969 -0.4136 0.1564
vn 0.6671 -0.4060 -0.6246
vn 0.9156 -0.4019 -0.0128
vn 0.6532 -0.4152 -0.6332
vn 0.4755 -0.5286 -0.7032
vn 0.9397 -0.3228 -0.1131
vn -0.0782 -0.0270 0.9966
vn 0.8346 -0.4538 0.3121
vn 0.3133 0.1187 0.9422
vn 0.8510 -0.3856 -0.3565
vn 0.6576 -0.5071 -0.5572
vn 0.9304 -0.3619 0.0582
vn 0.0457 -0.0559 0.9974
vn -0.0834 0.0884 0.9926
vn 0.9410 -0.2665 0.2087
vn 0.3091 -0.4478 -0.8390
vn 0.3332 -0.5295 -0.7802
vn 0.2325 -0.2804 0.9313
vn 0.8800 -0.3470 0.3242
vn 0.8773 -0.4730 0.0816
vn 0.6880 -0.4186 -0.5928
vn 0.5706 0.0212 0.8210
vn 0.8837 -0.0404 0.4663
vn -0.2772 -0.0928 0.9563
vn 0.9310 -0.3642 -0.0261
vn 0.8750 -0.4740 0.0982
vn 0.6704 -0.1307 0.7304
vn 0.9302 -0.3667 0.0178
vn 0.5699 0.2141 0.7933
vn -0.3989 -0.0581 0.9152
vn 0.1496 -0.1996 0.9684
vn 0.5921 -0.3252 0.7374
vn 0.5626 -0.1223 0.8176
vn 0.9258 -0.3482 0.1469
vn 0.9347 -0.3517 -0.0525
vn 0.4416 -0.4627 -0.7687
vn 0.1337 -0.5316 -0.8364
vn 0.1340 -0.5424 -0.8294
vn 0.9017 0.0881 0.4232
vn 0.4502 -0.5113 -0.7320
vn 0.2500 -0.5416 -0.8026
vn 0.8300 0.1744 0.5297
vn 0.0920 -0.5215 -0.8483
vn 0.7274 0.1384 0.6721
vn 0.9562 -0.2737 -0.1037
vn 0.7229 -0.0651 0.6879
vn 0.7615 -0.1768 0.6236
vn 0.6888 -0.3872 -0.6129
vn 0.8991 -0.3534 -0.2582
vn -0.3518 -0.0658 0.9338
vn -0.9667 0.2354 0.1003
vn -0.7320 -0.0140 0.6812
vn -0.0519 -0.2900 0.9556
vn 0.1346 -0.3274 0.9352
vn 0.2233 -0.3383 0.9142
vn 0.3845 -0.3688 0.8463
vn 0.3220 -0.3409 0.8832
vn 0.5766 -0.3691 0.7289
vn 0.8740 -0.4449 0.1955
vn 0.0558 -0.0135 0.9983
vn 0.9274 -0.2784 0.2500
vn 0.7826 -0.1824 0.5952
vn 0.8257 -0.4140 -0.3831
vn 0.2732 -0.3288 0.9040
vn 0.6225 -0.4110 0.6660
vn 0.5495 -0.2283 0.8037
vn 0.9239 -0.3179 0.2129
vn 0.8687 -0.4633 -0.1751
vn 0.8509 -0.4263 -0.3071
vn -0.3788 -0.1511 0.9131
vn -0.2845 -0.0373 0.9580
vn 0.4959 -0.2007 0.8449
vn 0.5751 -0.0797 0.8142
vn 0.5020 -0.4747 -0.7229
vn 0.3400 -0.4880 -0.8039
vn 0.8083 -0.3748 0.4540
vn -0.3037 -0.0273 0.9524
vn 0.7988 -0.3744 -0.4709
vn 0.7158 -0.3905 -0.5789
vn 0.6206 -0.1864 0.7617
vn 0.5197 0.1734 0.8366
vn -0.1599 -0.2607 0.9521
vn 0.5055 -0.3271 0.7984
vn 0.4635 -0.3066 0.8313
vn 0.7826 -0.4031 -0.4745
vn 0.8734 -0.4778 -0.0942
vn 0.6726 -0.4749 -0.5675
vn 0.3942 -0.3764 0.8384
vn -0.2180 -0.0645 0.9738
vn 0.8592 -0.4467 -0.2495
vn 0.8489 -0.3438 0.4014
vn 0.5687 -0.0391 0.8216
vn 0.5083 -0.4961 -0.7039
vn -0.9629 0.2698 -0.0024
vn -0.1527 -0.1610 0.9751
vn 0.8928 -0.3687 -0.2588
vn 0.3733 -0.2169 0.9020
vn 0.6838 -0.0842 0.7248
vn 0.7458 -0.4769 -0.4650
vn 0.7117 -0.4495 -0.5399
vn 0.3696 -0.6012 -0.7085
vn 0.3873 -0.6128 -0.6888
vn 0.9296 -0.2700 0.2509
vn 0.5304 0.2871 0.7976
vn 0.9056 0.0600 0.4198
vn 0.3609 -0.5008 -0.7867
vn 0.3450 -0.5169 -0.7834
vn 0.6542 0.2227 0.7228
vn 0.5065 0.0946 0.8570
vn 0.6135 -0.0499 0.7881
vn 0.9084 -0.4138 -0.0603
vn 0.6396 -0.4701 0.6082
vn 0.3702 -0.2759 0.8870
vn 0.2212 -0.3489 0.9107
vn -0.2831 -0.2539 0.9249
vn 0.3004 -0.3696 0.8793
vn 0.4550 -0.3729 0.8086
vn 0.0618 -0.3011 0.9516
vn -0.9459 0.3096 -0.0972
vn -0.9251 0.3285 -0.1904
vn -0.9615 0.2736 0.0241
vn 0.5194 -0.3744 0.7681
vn 0.4454 -0.3097 0.8400
vn 0.0318 -0.1141 0.9930
vn 0.8460 -0.3854 0.3685
vn 0.8869 -0.4519 -0.0964
vn 0.8286 -0.4363 -0.3509
vn 0.8040 -0.3723 0.4637
vn 0.5898 -0.3446 0.7304
vn 0.8660 -0.4481 0.2220
vn 0.5481 -0.2340 0.8030
vn 0.7771 -0.2562 0.5749
vn 0.8673 -0.1349 0.4791
vn -0.5487 -0.1046 0.8294
vn -0.2800 -0.0594 0.9582
vn 0.7999 -0.4461 0.4014
vn 0.7886 -0.4256 -0.4439
vn 0.0819 0.1777 0.9807
vn 0.8394 -0.4376 -0.3223
vn -0.5943 -0.0958 0.7985
vn 0.2018 -0.2318 0.9516
vn 0.8791 -0.4373 -0.1897
vn 0.6746 -0.3564 0.6465
vn 0.9388 -0.3305 0.0975
vn 0.5625 0.0185 0.8266
vn 0.5571 -0.3847 0.7360
vn 0.9382 -0.3404 0.0633
vn 0.8189 -0.3794 -0.4307
vn 0.8651 -0.4526 -0.2165
vn 0.8349 -0.2077 0.5096
vn 0.5667 -0.4938 -0.6595
vn 0.8458 -0.3430 0.4086
vn 0.9425 -0.3145 -0.1130
vn 0.0233 -0.2889 0.9571
vn 0.2401 -0.0783 0.9676
vn 0.8808 -0.3921 -0.2653
vn 0.8813 -0.4401 0.1722
vn -0.0511 -0.3304 0.9425
vn -0.7632 0.0202 0.6459
vn -0.1241 -0.1027 0.9869
vn -0.4012 0.1078 0.9096
vn 0.1834 0.0284 0.9826
vn 0.8083 -0.4321 -0.3998
vn 0.4200 0.1663 0.8922
vn 0.3211 -0.5100 -0.7980
vn 0.8691 -0.4884 -0.0778
vn 0.4886 0.2309 0.8414
vn 0.6529 -0.5273 -0.5438
vn 0.9429 -0.3098 0.1223
vn 0.7614 -0.5358 -0.3649
vn 0.6640 -0.5314 -0.5260
vn 0.5072 0.1707 0.8447
vn 0.5294 -0.5025 -0.6836
vn 0.8219 -0.2382 0.5175
vn -0.1648 0.1159 0.9795
vn -0.3782 0.0060 0.9257
vn 0.1571 -0.2880 0.9447
vn 0.8596 -0.3398 0.3817
vn -0.3579 -0.2731 0.8929
vn -0.9747 0.1901 -0.1179
vn -0.8916 0.2817 -0.3544
vn -0.8914 0.2915 -0.3470
vn -0.9687 0.2290 -0.0955
vn -0.3583 -0.2734 0.8927
vn 0.2668 -0.3990 0.8773
vn 0.3977 -0.4485 0.8004
vn -0.5880 0.0301 0.8083
vn -0.4216 0.0387 0.9060
vn 0.2044 -0.1063 0.9731
vn 0.8189 -0.4270 -0.3835
vn 0.7910 -0.3890 0.4722
vn 0.6346 -0.4313 0.6413
vn 0.2133 -0.2441 0.9460
vn -0.1399 -0.1077 0.9843
vn 0.3301 -0.1977 0.9230
vn 0.7787 -0.4577 -0.4290
vn 0.0296 0.2596 0.9653
vn -0.5987 -0.2390 0.7645
vn 0.8058 -0.3419 0.4835
vn 0.8862 -0.4203 0.1950
vn 0.3596 -0.2277 0.9049
vn 0.8035 -0.5095 -0.3077
vn 0.8207 -0.4304 -0.3757
vn -0.9517 0.0781 0.2969
vn 0.8738 -0.3478 0.3399
vn 0.9147 -0.3728 -0.1562
vn 0.6275 -0.3267 0.7068
vn -0.2283 0.1817 0.9565
vn 0.5911 -0.4431 -0.6740
vn -0.9336 0.0773 0.3498
vn 0.7763 -0.3849 0.4991
vn 0.9135 -0.4006 -0.0706
vn -0.0231 0.0049 0.9997
vn 0.7996 -0.4002 0.4476
vn 0.7409 -0.3696 0.5607
vn -0.6784 -0.1112 0.7262
vn 0.2077 -0.3604 0.9094
vn 0.9076 -0.4180 -0.0396
vn 0.9275 -0.3734 -0.0188
vn 0.8569 -0.5154 0.0054
vn 0.2916 0.0092 0.9565
vn -0.0103 -0.3572 0.9340
vn 0.5927 -0.4268 0.6831
vn -0.2672 -0.1202 0.9561
vn -0.1481 -0.1041 0.9835
vn 0.8978 -0.4119 -0.1559
vn 0.5922 -0.1353 0.7944
vn 0.4385 -0.0505 0.8973
vn 0.4717 -0.4945 -0.7300
vn 0.7833 -0.0947 0.6144
vn 0.8969 -0.4383 -0.0583
vn 0.7949 -0.6012 -0.0818
vn 0.6789 -0.1317 0.7223
vn 0.4991 -0.5080 -0.7020
vn 0.6860 -0.1483 0.7124
vn 0.2088 0.2130 0.9545
vn 0.8771 -0.4430 0.1856
vn 0.7902 -0.4781 -0.3833
vn 0.7619 -0.3003 0.5739
vn 0.6961 -0.5193 0.4958
vn 0.6877 -0.4226 0.5903
vn -0.5000 -0.1986 0.8429
vn -0.9984 0.0259 -0.0504
vn -0.8636 -0.1986 0.4635
vn -0.2288 -0.3918 0.8911
vn 0.1166 -0.4053 0.9067
vn 0.1850 -0.4019 0.8968
vn 0.1133 -0.3992 0.9098
vn -0.1568 -0.3484 0.9241
vn -0.6091 -0.1865 0.7708
vn 0.9427 -0.3287 0.0569
vn -0.7448 0.1552 0.6489
vn 0.7829 -0.3524 0.5128
vn -0.1455 0.0961 0.9847
vn 0.9042 -0.4267 0.0162
vn 0.5428 -0.3872 0.7452
vn 0.7882 -0.4763 0.3898
vn -0.4327 0.0425 0.9005
vn 0.8802 -0.4146 -0.2310
vn 0.2211 -0.0618 0.9733
vn 0.7891 -0.5099 -0.3426
vn 0.8367 -0.3143 0.4486
vn -0.8387 -0.0341 0.5435
vn 0.3438 -0.1975 0.9180
vn -0.1205 -0.1932 0.9737
vn 0.9075 -0.4152 -0.0644
vn 0.0941 0.0580 0.9939
vn 0.3757 -0.4394 0.8160
vn -0.9075 0.0879 0.4107
vn 0.9276 -0.3255 0.1834
vn 0.8664 -0.4993 -0.0088
vn 0.4612 -0.1898 0.8668
vn 0.7204 -0.2900 0.6301
vn -0.0993 -0.4384 0.8933
vn -0.8842 0.0777 0.4607
vn 0.8978 -0.3639 0.2482
vn 0.8014 -0.5243 0.2878
vn 0.9013 -0.4249 -0.0845
vn 0.8510 -0.5038 -0.1480
vn 0.3823 -0.4485 0.8079
vn -0.7394 -0.0172 0.6731
vn 0.1466 -0.3152 0.9376
vn 0.8099 -0.5087 0.2920
vn 0.8861 -0.4376 -0.1524
vn 0.8621 -0.4971 -0.0981
vn -0.8095 0.2407 -0.5355
vn -0.1219 -0.3258 0.9375
vn 0.9006 -0.3719 0.2252
vn -0.6863 0.0823 0.7226
vn 0.5304 -0.2097 0.8214
vn -0.0777 0.0294 0.9965
vn 0.1170 0.1806 0.9766
vn 0.5265 0.0619 0.8479
vn 0.8714 -0.3324 0.3609
vn 0.8802 -0.4706 -0.0622
vn 0.7449 -0.5149 -0.4243
vn 0.5664 -0.1133 0.8163
vn 0.2545 0.1358 0.9575
vn 0.3062 0.1603 0.9384
vn 0.6628 -0.4780 -0.5763
vn -0.1354 0.2256 0.9648
vn -0.1630 0.0693 0.9842
vn -0.4903 0.0083 0.8715
vn -0.0093 -0.2921 0.9563
vn -0.5503 -0.0988 0.8291
vn -0.7363 -0.2873 0.6126
vn -0.4377 -0.3672 0.8207
vn -0.9985 0.0320 -0.0435
vn -0.8729 0.2221 -0.4343
vn -0.9800 0.1003 -0.1718
vn -0.9709 -0.0775 0.2267
vn -0.9909 0.0799 -0.1086
vn -0.8064 0.2515 -0.5352
vn -0.9752 -0.0449 0.2166
vn 0.8549 -0.3472 0.3854
vn 0.5478 -0.3652 0.7526
vn -0.4605 0.0097 0.8876
vn 0.7754 -0.3351 0.5352
vn 0.0892 -0.0322 0.9955
vn -0.9978 0.0668 -0.0040
vn 0.6885 -0.4200 0.5912
vn 0.5832 -0.3562 0.7301
vn -0.5676 0.0978 0.8175
vn 0.7274 -0.3568 0.5861
vn 0.7993 -0.5148 -0.3100
vn -0.9849 0.1215 -0.1232
vn -0.9396 0.0225 0.3416
vn 0.9190 -0.3404 0.1989
vn 0.9231 -0.3834 0.0294
vn 0.8114 -0.4560 0.3658
vn 0.6770 -0.4861 0.5526
vn -0.9106 -0.0872 0.4040
vn -0.9453 0.0095 0.3261
vn 0.8918 -0.3806 0.2447
vn 0.9264 -0.3737 -0.0454
vn 0.5149 -0.2983 0.8037
vn -0.2552 0.1575 0.9540
vn 0.5294 -0.3545 0.7707
vn -0.5955 -0.2633 0.7590
vn 0.4810 -0.5001 0.7201
vn 0.3941 -0.3428 0.8528
vn 0.8577 -0.3901 0.3350
vn 0.8139 -0.4931 -0.3074
vn 0.3158 -0.3900 0.8650
vn -0.9107 -0.0258 0.4122
vn -0.9069 0.1075 0.4074
vn -0.5677 0.0445 0.8220
vn 0.8326 -0.4006 0.3824
vn 0.8352 -0.5412 -0.0977
vn -0.4197 -0.3779 0.8253
vn -0.9617 -0.0812 0.2617
vn 0.9360 -0.2858 0.2054
vn -0.5208 -0.0811 0.8498
vn -0.4414 -0.0045 0.8973
vn -0.4344 0.2259 0.8719
vn 0.8635 -0.4649 -0.1957
vn 0.7475 -0.5708 -0.3399
vn 0.8422 -0.5314 0.0907
vn 0.5880 -0.3196 0.7431
vn 0.0902 0.1517 0.9843
vn 0.4186 -0.0128 0.9081
vn 0.8651 -0.4874 0.1184
vn 0.8815 -0.4462 0.1546
vn 0.3469 0.0232 0.9376
vn -0.2009 0.0601 0.9778
vn 0.4684 -0.3176 0.8244
vn 0.7758 -0.4324 0.4596
vn -0.8006 -0.0012 0.5992
vn -0.5367 -0.2364 0.8100
vn 0.1608 -0.4044 0.9003
vn -0.5359 0.2151 -0.8164
vn -0.9747 -0.2126 0.0692
vn -0.4272 -0.3935 0.8140
vn -0.3833 -0.3790 0.8422
vn -0.5631 -0.3607 0.7435
vn -0.9813 -0.1525 0.1173
vn -0.8793 -0.2420 0.4102
vn -0.4831 -0.3818 0.7879
vn 0.1982 -0.3617 0.9110
vn -0.4729 -0.1543 0.8675
vn -0.1260 -0.3318 0.9349
vn 0.8355 -0.4766 0.2734
vn -0.2405 0.0912 0.9664
vn -0.9658 0.1027 -0.2382
vn -0.8069 -0.0913 0.5836
vn 0.8924 -0.3405 0.2960
vn 0.7550 -0.5207 0.3986
vn -0.4126 0.0126 0.9108
vn -0.0740 0.0493 0.9960
vn -0.9396 0.1445 -0.3101
vn 0.5653 -0.3670 0.7388
vn 0.0659 -0.3958 0.9160
vn -0.6655 -0.0078 0.7464
vn 0.4344 -0.3529 0.8287
vn 0.6062 -0.3249 0.7259
vn -0.7575 -0.2238 0.6133
vn 0.7520 -0.3448 0.5618
vn -0.4457 -0.2236 0.8668
vn -0.6181 -0.0187 0.7859
vn -0.7001 0.2099 0.6826
vn 0.8770 -0.4742 -0.0777
vn -0.0329 -0.3681 0.9292
vn -0.9469 -0.0957 0.3068
vn 0.6588 -0.3903 0.6432
vn -0.7488 0.0817 0.6578
vn -0.4465 0.0787 0.8913
vn 0.1725 -0.3404 0.9243
vn -0.8085 -0.2319 0.5409
vn -0.8464 -0.1836 0.4999
vn 0.8045 -0.3818 0.4550
vn 0.0043 -0.2352 0.9719
vn 0.8887 -0.4350 0.1448
vn 0.1133 -0.3824 0.9170
vn -0.6019 0.1910 -0.7754
vn 0.5074 -0.3716 0.7775
vn -0.7606 -0.1225 0.6376
vn -0.8936 0.1008 0.4373
vn 0.1048 -0.3436 0.9333
vn 0.8966 -0.4383 0.0632
vn 0.8447 -0.5168 -0.1393
vn 0.8765 -0.4809 -0.0211
vn 0.8648 -0.4893 -0.1130
vn -0.0509 0.1459 0.9880
vn 0.4261 -0.1518 0.8918
vn 0.8139 -0.5201 -0.2592
vn 0.5745 -0.2813 0.7686
vn 0.8464 -0.5302 -0.0504
vn 0.1422 -0.1110 0.9836
vn -0.5717 0.2116 0.7927
vn 0.7271 -0.4734 0.4973
vn 0.8288 -0.3737 0.4166
vn -0.8932 -0.0171 0.4492
vn 0.6819 -0.3556 0.6392
vn 0.1904 -0.3592 0.9136
vn -0.2852 0.3354 -0.8979
vn -0.3097 0.3223 -0.8945
vn -0.5071 0.2352 -0.8292
vn -0.9271 -0.0552 -0.3708
vn -0.9805 -0.1797 -0.0794
vn -0.7443 -0.3616 0.5614
vn -0.9536 -0.2409 0.1806
vn 0.2772 -0.3479 0.8956
vn -0.9461 -0.1412 0.2916
vn 0.4917 -0.4156 0.7652
vn 0.6547 -0.4274 0.6234
vn 0.7259 -0.4085 0.5534
vn 0.7775 -0.5731 0.2589
vn 0.2476 -0.3608 0.8992
vn -0.9985 0.0487 -0.0258
vn -0.9669 0.0840 0.2410
vn 0.3447 -0.4041 0.8473
vn 0.8960 -0.4174 0.1515
vn -0.4468 0.0429 0.8936
vn -0.9590 -0.2518 0.1297
vn -0.1745 -0.3834 0.9070
vn -0.9545 0.0567 0.2929
vn 0.4645 -0.4765 0.7464
vn -0.3709 -0.0723 0.9259
vn -0.3351 0.0663 0.9398
vn -0.8826 -0.3429 0.3216
vn 0.4593 -0.3780 0.8039
vn -0.7303 -0.1149 0.6734
vn -0.4114 -0.3229 0.8523
vn 0.7249 -0.4354 0.5338
vn 0.7623 -0.4557 0.4597
vn 0.0914 -0.3825 0.9194
vn -0.3446 -0.4036 0.8476
vn 0.5726 -0.3624 0.7354
vn -0.9486 0.1537 0.2766
vn 0.7462 -0.4637 0.4777
vn 0.8056 -0.4693 0.3617
vn -0.8592 -0.3927 0.3281
vn 0.4240 -0.3886 0.8180
vn -0.9799 0.1105 0.1659
vn -0.7102 -0.0458 0.7026
vn -0.8534 0.1733 0.4915
vn -0.3979 0.0424 0.9165
vn -0.6723 0.2015 -0.7123
vn 0.0899 -0.3747 0.9228
vn 0.6901 -0.3586 0.6287
vn 0.6116 -0.4126 0.6751
vn 0.8052 -0.4082 0.4301
vn -0.3562 -0.0374 0.9337
vn 0.8739 -0.4738 -0.1089
vn -0.1734 0.0318 0.9843
vn 0.8486 -0.5215 0.0887
vn 0.7841 -0.4966 0.3724
vn 0.8100 -0.5787 0.0952
vn -0.2180 -0.0851 0.9722
vn -0.5516 0.2740 0.7878
vn 0.8309 -0.4914 0.2609
vn 0.7464 -0.5251 0.4089
vn -0.3856 0.0348 0.9220
vn -0.5330 -0.0814 0.8422
vn -0.8879 0.0770 0.4536
vn 0.1811 -0.3198 0.9300
vn -0.9583 -0.1423 0.2478
vn -0.8038 0.0562 -0.5922
vn -0.5202 -0.4142 0.7469
vn -0.5175 -0.3983 0.7573
vn -0.9860 -0.1665 -0.0094
vn -0.3010 0.3006 -0.9050
vn -0.2882 0.3127 -0.9051
vn -0.7368 0.1467 -0.6600
vn -0.8048 0.1185 -0.5816
vn -0.7005 -0.3792 0.6045
vn -0.9409 -0.1765 0.2890
vn 0.7690 -0.3215 0.5526
vn 0.7731 -0.4106 0.4834
vn -0.3457 -0.1856 0.9198
vn 0.5941 -0.4804 0.6452
vn -0.9237 -0.2848 0.2562
vn -0.3046 -0.4109 0.8593
vn 0.6586 -0.3785 0.6504
vn 0.6838 -0.4177 0.5983
vn 0.8451 -0.4299 0.3179
vn -0.0824 -0.2502 0.9647
vn -0.9753 -0.2145 0.0527
vn -0.9983 -0.0587 0.0032
vn -0.7436 -0.2638 0.6144
vn -0.6523 -0.1282 0.7470
vn -0.4743 -0.1102 0.8734
vn 0.8716 -0.4713 0.1350
vn -0.7891 -0.3592 0.4983
vn -0.6847 -0.3304 0.6496
vn -0.9812 0.1367 -0.1365
vn 0.2219 -0.4038 0.8875
vn -0.2936 -0.2055 0.9336
vn -0.2635 -0.2261 0.9378
vn -0.1022 -0.3875 0.9162
vn -0.7759 -0.2976 0.5562
vn -0.8652 -0.1291 0.4844
vn 0.7092 -0.4438 0.5478
vn -0.5743 -0.0462 0.8173
vn -0.4496 -0.1077 0.8867
vn -0.4776 -0.4305 0.7659
vn -0.9819 0.0223 -0.1883
vn 0.3694 -0.3902 0.8434
vn -0.9862 0.0935 0.1364
vn 0.3951 -0.3653 0.8429
vn -0.2710 -0.2311 0.9344
vn -0.7442 -0.4027 0.5328
vn -0.9208 -0.0242 -0.3893
vn -0.9841 0.0451 -0.1720
vn -0.1870 -0.2812 0.9413
vn 0.7393 -0.4013 0.5408
vn 0.0233 -0.3976 0.9173
vn 0.7897 -0.4832 0.3781
vn 0.7721 -0.5968 0.2186
vn -0.5210 0.1816 0.8340
vn 0.7250 -0.5023 0.4712
vn 0.8400 -0.5424 -0.0150
vn -0.3421 0.0298 0.9392
vn 0.4562 -0.4225 0.7832
vn -0.1866 -0.1119 0.9760
vn 0.5663 -0.5049 0.6514
vn -0.5611 -0.0073 0.8277
vn 0.6998 -0.4414 0.5617
vn -0.9550 0.0491 0.2925
vn 0.1109 -0.4412 0.8905
vn -0.9269 -0.1712 0.3339
vn -0.7793 -0.4083 0.4754
vn -0.9605 -0.2449 -0.1322
vn -0.8162 -0.0205 -0.5774
vn -0.3773 0.2350 -0.8958
vn -0.5891 0.1437 -0.7952
vn -0.9629 -0.2217 -0.1536
vn -0.9578 -0.2849 0.0392
vn -0.9464 -0.2996 0.1208
vn -0.2236 -0.4244 0.8774
vn -0.9842 -0.0970 0.1484
vn -0.7259 -0.3268 0.6052
vn -0.6501 -0.2018 0.7326
vn 0.4063 -0.4700 0.7836
vn -0.5920 -0.0254 0.8056
vn -0.2475 -0.4358 0.8654
vn -0.9744 0.0454 -0.2200
vn -0.9224 -0.1977 0.3318
vn -0.7486 -0.1472 0.6465
vn -0.9150 0.1144 0.3870
vn -0.6494 0.0583 0.7582
vn -0.0623 -0.3900 0.9187
vn 0.2047 -0.3059 0.9298
vn -0.9865 0.0475 -0.1568
vn -0.6974 -0.1831 0.6929
vn -0.8096 0.0140 0.5868
vn -0.6238 0.0221 0.7813
vn -0.6682 -0.5241 0.5280
vn -0.6471 -0.2646 0.7150
vn -0.8526 -0.2166 0.4756
vn -0.7317 -0.1984 0.6521
vn 0.6819 -0.4466 0.5792
vn 0.3751 -0.4492 0.8109
vn -0.6078 0.0373 -0.7932
vn -0.7138 -0.2512 0.6537
vn -0.8527 -0.2111 0.4779
vn 0.2252 -0.4475 0.8654
vn -0.0991 -0.4205 0.9019
vn -0.7331 0.1132 0.6706
vn -0.5715 0.0712 -0.8175
vn 0.0301 -0.3300 0.9435
vn 0.0061 -0.4008 0.9162
vn -0.2824 -0.4169 0.8640
vn -0.9546 0.1499 0.2575
vn 0.6936 -0.4485 0.5637
vn -0.4951 0.2252 -0.8392
vn -0.2236 -0.4169 0.8810
vn -0.8453 -0.2247 0.4847
vn -0.0769 -0.4594 0.8849
vn 0.3584 -0.4285 0.8294
vn -0.3825 -0.2747 0.8822
vn 0.8280 -0.4718 0.3030
vn -0.1702 -0.2080 0.9632
vn 0.1867 -0.3004 0.9354
vn -0.4777 0.0669 0.8760
vn -0.6021 0.1598 0.7823
vn 0.8476 -0.5152 0.1273
vn -0.1093 -0.2938 0.9496
vn -0.8220 0.2794 0.4962
vn 0.4833 -0.4312 0.7619
vn 0.6837 -0.5093 0.5227
vn 0.7905 -0.4099 0.4550
vn 0.7176 -0.3792 0.5842
vn -0.2065 -0.3886 0.8980
vn 0.2766 -0.3128 0.9087
vn -0.5971 0.0673 -0.7994
vn -0.9184 -0.3857 0.0887
vn -0.9310 -0.3648 0.0131
vn -0.9353 -0.2920 -0.2001
vn -0.9207 -0.3702 0.1238
vn -0.9396 -0.3395 0.0438
vn -0.5500 0.1411 -0.8231
vn -0.1633 0.3399 -0.9262
vn -0.9437 -0.2241 -0.2432
vn -0.8743 -0.3506 0.3358
vn -0.9455 -0.1303 0.2986
vn -0.9989 -0.0015 0.0473
vn 0.4137 -0.4414 0.7963
vn -0.8495 0.0921 0.5196
vn -0.7054 -0.0027 -0.7088
vn -0.8172 0.0520 -0.5740
vn -0.9293 -0.1450 0.3395
vn -0.9206 -0.1715 0.3507
vn -0.9039 -0.0065 0.4277
vn -0.8257 0.1218 0.5508
vn -0.7718 -0.0617 -0.6329
vn -0.7362 0.1078 -0.6681
vn 0.1181 -0.3789 0.9179
vn -0.8375 -0.2526 0.4846
vn -0.7378 -0.1514 0.6578
vn 0.4697 -0.4525 0.7580
vn -0.8034 -0.0945 -0.5879
vn -0.9615 -0.0767 -0.2638
vn -0.9943 -0.0952 -0.0470
vn -0.2996 -0.4278 0.8527
vn -0.7564 -0.1408 0.6388
vn 0.5949 -0.4927 0.6351
vn -0.9543 -0.2940 -0.0542
vn -0.4492 -0.3698 0.8133
vn 0.3422 -0.3762 0.8610
vn -0.1108 -0.4822 0.8690
vn -0.6320 -0.2025 0.7480
vn -0.1540 -0.4226 0.8932
vn -0.4769 -0.3828 0.7913
vn -0.0551 -0.3456 0.9368
vn -0.9314 0.0234 -0.3631
vn 0.3446 -0.4375 0.8306
vn -0.9801 0.1917 0.0518
vn 0.1060 -0.5150 0.8506
vn -0.9227 -0.3445 -0.1733
vn -0.8629 -0.1161 -0.4919
vn -0.0115 -0.3905 0.9205
vn 0.0969 -0.3761 0.9215
vn -0.0142 -0.5492 0.8356
vn -0.4567 -0.2437 0.8556
vn 0.7367 -0.4771 0.4792
vn 0.8095 -0.4964 0.3135
vn -0.1281 -0.1758 0.9761
vn 0.0679 -0.3135 0.9472
vn -0.5774 0.0090 0.8164
vn -0.1995 -0.1759 0.9640
vn 0.0143 -0.2435 0.9698
vn 0.3574 -0.3898 0.8488
vn 0.6702 -0.4804 0.5657
vn -0.9744 0.1558 0.1621
vn -0.3503 -0.2257 0.9090
vn -0.4817 -0.4911 0.7258
vn -0.9720 -0.1820 0.1485
vn -0.3161 -0.3857 0.8668
vn -0.4642 -0.3931 0.7937
vn -0.8033 -0.3139 -0.5062
vn -0.9199 -0.3880 0.0577
vn -0.9156 -0.3790 0.1347
vn -0.8692 -0.3027 -0.3910
vn -0.0943 0.0582 -0.9938
vn 0.1323 0.1616 -0.9779
vn -0.1882 0.0645 -0.9800
# 4096 vertex normals

vt 0.9961 0.5625 0.0000
vt 0.9922 0.6250 0.0000
vt 0.9922 0.5625 0.0000
vt 0.9961 0.6250 0.0000
vt 0.9922 0.6875 0.0000
vt 0.9961 0.6875 0.0000
vt 0.9922 0.7500 0.0000
vt 0.9961 0.7500 0.0000
vt 0.9922 0.8125 0.0000
vt 0.9961 0.8125 0.0000
vt 0.9922 0.8750 0.0000
vt 0.9961 0.8750 0.0000
vt 0.9922 0.9375 0.0000
vt 0.9883 0.6250 0.0000
vt 0.9883 0.5625 0.0000
vt 0.9883 0.6875 0.0000
vt 0.9883 0.7500 0.0000
vt 0.9883 0.8125 0.0000
vt 0.9883 0.8750 0.0000
vt 0.9883 0.9375 0.0000
vt 0.9844 0.6250 0.0000
vt 0.9844 0.5625 0.0000
vt 0.9844 0.6875 0.0000
vt 0.9844 0.7500 0.0000
vt 0.9844 0.8125 0.0000
vt 0.9844 0.8750 0.0000
vt 0.9844 0.9375 0.0000
vt 0.9805 0.6250 0.0000
vt 0.9805 0.5625 0.0000
vt 0.9805 0.6875 0.0000
vt 0.9805 0.7500 0.0000
vt 0.9805 0.8125 0.0000
vt 0.9805 0.8750 0.0000
vt 0.9805 0.9375 0.0000
vt 0.9766 0.6250 0.0000
vt 0.9766 0.5625 0.0000
vt 0.9766 0.6875 0.0000
vt 0.9766 0.7500 0.0000
vt 0.9766 0.8125 0.0000
vt 0.9766 0.8750 0.0000
vt 0.9766 0.9375 0.0000
vt 0.9727 0.6250 0.0000
vt 0.9727 0.5625 0.0000
vt 0.9727 0.6875 0.0000
vt 0.9727 0.7500 0.0000
vt 0.9727 0.8750 0.0000
vt 0.9727 0.8125 0.0000
vt 0.9727 0.9375 0.0000
vt 1.0000 0.5000 0.0000
vt 0.9961 0.5000 0.0000
vt 1.0000 0.5625 0.0000
vt 1.0000 0.6250 0.0000
vt 1.0000 0.6875 0.0000
vt 1.0000 0.7500 0.0000
vt 1.0000 0.8125 0.0000
vt 1.0000 0.8750 0.0000
vt 0.9961 0.9375 0.0000
vt 1.0000 0.9375 0.0000
vt 0.9961 1.0000 0.0000
vt 0.9922 1.0000 0.0000
vt 0.9883 1.0000 0.0000
vt 0.9844 1.0000 0.0000
vt 0.9805 1.0000 0.0000
vt 0.9766 1.0000 0.0000
vt 0.9727 1.0000 0.0000
vt 0.9688 1.0000 0.0000
vt 0.9688 0.9375 0.0000
vt 0.9688 0.8750 0.0000
vt 0.9688 0.8125 0.0000
vt 0.9688 0.7500 0.0000
vt 0.9688 0.6875 0.0000
vt 0.9688 0.6250 0.0000
vt 0.9688 0.5625 0.0000
vt 0.9727 0.5000 0.0000
vt 0.9688 0.5000 0.0000
vt 0.9766 0.5000 0.0000
vt 0.9805 0.5000 0.0000
vt 0.9844 0.5000 0.0000
vt 0.9883 0.5000 0.0000
vt 0.9922 0.5000 0.0000
vt 0.9648 0.5625 0.0000
vt 0.9609 0.6250 0.0000
vt 0.9609 0.5625 0.0000
vt 0.9648 0.6250 0.0000
vt 0.9609 0.6875 0.0000
vt 0.9648 0.6875 0.0000
vt 0.9609 0.7500 0.0000
vt 0.9648 0.7500 0.0000
vt 0.9609 0.8125 0.0000
vt 0.9648 0.8125 0.0000
vt 0.9609 0.8750 0.0000
vt 0.9648 0.8750 0.0000
vt 0.9609 0.9375 0.0000
vt 0.9570 0.6250 0.0000
vt 0.9570 0.5625 0.0000
vt 0.9570 0.6875 0.0000
vt 0.9570 0.7500 0.0000
vt 0.9570 0.8125 0.0000
vt 0.9570 0.8750 0.0000
vt 0.9531 0.6250 0.0000
vt 0.9531 0.5625 0.0000
vt 0.9531 0.6875 0.0000
vt 0.9531 0.7500 0.0000
vt 0.9531 0.8125 0.0000
vt 0.9531 0.8750 0.0000
vt 0.9531 0.9375 0.0000
vt 0.9492 0.6250 0.0000
vt 0.9492 0.5625 0.0000
vt 0.9492 0.6875 0.0000
vt 0.9492 0.7500 0.0000
vt 0.9492 0.8125 0.0000
vt 0.9492 0.8750 0.0000
vt 0.9492 0.9375 0.0000
vt 0.9453 0.6250 0.0000
vt 0.9453 0.5625 0.0000
vt 0.9453 0.6875 0.0000
vt 0.9453 0.7500 0.0000
vt 0.9453 0.8125 0.0000
vt 0.9453 0.8750 0.0000
vt 0.9453 0.9375 0.0000
vt 0.9414 0.6250 0.0000
vt 0.9414 0.5625 0.0000
vt 0.9414 0.6875 0.0000
vt 0.9414 0.7500 0.0000
vt 0.9414 0.8125 0.0000
vt 0.9414 0.8750 0.0000
vt 0.9414 0.9375 0.0000
vt 0.9648 0.5000 0.0000
vt 0.9648 0.9375 0.0000
vt 0.9648 1.0000 0.0000
vt 0.9609 1.0000 0.0000
vt 0.9570 1.0000 0.0000
vt 0.9570 0.9375 0.0000
vt 0.9531 1.0000 0.0000
vt 0.9492 1.0000 0.0000
vt 0.9453 1.0000 0.0000
vt 0.9414 1.0000 0.0000
vt 0.9375 1.0000 0.0000
vt 0.9375 0.9375 0.0000
vt 0.9375 0.8750 0.0000
vt 0.9375 0.8125 0.0000
vt 0.9375 0.7500 0.0000
vt 0.9375 0.6875 0.0000
vt 0.9375 0.6250 0.0000
vt 0.9375 0.5625 0.0000
vt 0.9414 0.5000 0.0000
vt 0.9375 0.5000 0.0000
vt 0.9453 0.5000 0.0000
vt 0.9492 0.5000 0.0000
vt 0.9531 0.5000 0.0000
vt 0.9570 0.5000 0.0000
vt 0.9609 0.5000 0.0000
vt 0.9336 0.5625 0.0000
vt 0.9297 0.6250 0.0000
vt 0.9297 0.5625 0.0000
vt 0.9336 0.6250 0.0000
vt 0.9297 0.6875 0.0000
vt 0.9336 0.6875 0.0000
vt 0.9297 0.7500 0.0000
vt 0.9336 0.7500 0.0000
vt 0.9297 0.8125 0.0000
vt 0.9336 0.8125 0.0000
vt 0.9297 0.8750 0.0000
vt 0.9336 0.8750 0.0000
vt 0.9297 0.9375 0.0000
vt 0.9258 0.6250 0.0000
vt 0.9258 0.5625 0.0000
vt 0.9258 0.6875 0.0000
vt 0.9258 0.7500 0.0000
vt 0.9258 0.8125 0.0000
vt 0.9258 0.8750 0.0000
vt 0.9258 0.9375 0.0000
vt 0.9219 0.6250 0.0000
vt 0.9219 0.5625 0.0000
vt 0.9219 0.6875 0.0000
vt 0.9219 0.7500 0.0000
vt 0.9219 0.8125 0.0000
vt 0.9219 0.8750 0.0000
vt 0.9219 0.9375 0.0000
vt 0.9180 0.6250 0.0000
vt 0.9180 0.5625 0.0000
vt 0.9180 0.6875 0.0000
vt 0.9180 0.7500 0.0000
vt 0.9180 0.8125 0.0000
vt 0.9180 0.8750 0.0000
vt 0.9180 0.9375 0.0000
vt 0.9141 0.6250 0.0000
vt 0.9141 0.5625 0.0000
vt 0.9141 0.6875 0.0000
vt 0.9141 0.7500 0.0000
vt 0.9141 0.8125 0.0000
vt 0.9141 0.8750 0.0000
vt 0.9141 0.9375 0.0000
vt 0.9102 0.6250 0.0000
vt 0.9102 0.5625 0.0000
vt 0.9102 0.6875 0.0000
vt 0.9102 0.7500 0.0000
vt 0.9102 0.8125 0.0000
vt 0.9102 0.8750 0.0000
vt 0.9102 0.9375 0.0000
vt 0.9336 0.5000 0.0000
vt 0.9336 0.9375 0.0000
vt 0.9336 1.0000 0.0000
vt 0.9297 1.0000 0.0000
vt 0.9258 1.0000 0.0000
vt 0.9219 1.0000 0.0000
vt 0.9180 1.0000 0.0000
vt 0.9141 1.0000 0.0000
vt 0.9102 1.0000 0.0000
vt 0.9062 1.0000 0.0000
vt 0.9062 0.9375 0.0000
vt 0.9062 0.8750 0.0000
vt 0.9062 0.8125 0.0000
vt 0.9062 0.7500 0.0000
vt 0.9062 0.6875 0.0000
vt 0.9062 0.6250 0.0000
vt 0.9062 0.5625 0.0000
vt 0.9102 0.5000 0.0000
vt 0.9062 0.5000 0.0000
vt 0.9141 0.5000 0.0000
vt 0.9180 0.5000 0.0000
vt 0.9219 0.5000 0.0000
vt 0.9258 0.5000 0.0000
vt 0.9297 0.5000 0.0000
vt 0.9023 0.5625 0.0000
vt 0.8984 0.6250 0.0000
vt 0.8984 0.5625 0.0000
vt 0.9023 0.6250 0.0000
vt 0.8984 0.6875 0.0000
vt 0.9023 0.6875 0.0000
vt 0.8984 0.7500 0.0000
vt 0.9023 0.7500 0.0000
vt 0.8984 0.8125 0.0000
vt 0.9023 0.8125 0.0000
vt 0.8984 0.8750 0.0000
vt 0.9023 0.8750 0.0000
vt 0.8984 0.9375 0.0000
vt 0.8945 0.6250 0.0000
vt 0.8945 0.5625 0.0000
vt 0.8945 0.6875 0.0000
vt 0.8945 0.7500 0.0000
vt 0.8945 0.8125 0.0000
vt 0.8945 0.8750 0.0000
vt 0.8945 0.9375 0.0000
vt 0.8906 0.6250 0.0000
vt 0.8906 0.5625 0.0000
vt 0.8906 0.6875 0.0000
vt 0.8906 0.7500 0.0000
vt 0.8906 0.8125 0.0000
vt 0.8906 0.8750 0.0000
vt 0.8906 0.9375 0.0000
vt 0.8867 0.6250 0.0000
vt 0.8867 0.5625 0.0000
vt 0.8867 0.6875 0.0000
vt 0.8867 0.7500 0.0000
vt 0.8867 0.8125 0.0000
vt 0.8867 0.8750 0.0000
vt 0.8867 0.9375 0.0000
vt 0.8828 0.6250 0.0000
vt 0.8828 0.5625 0.0000
vt 0.8828 0.6875 0.0000
vt 0.8828 0.7500 0.0000
vt 0.8828 0.8125 0.0000
vt 0.8828 0.8750 0.0000
vt 0.8828 0.9375 0.0000
vt 0.8789 0.6250 0.0000
vt 0.8789 0.5625 0.0000
vt 0.8789 0.6875 0.0000
vt 0.8789 0.7500 0.0000
vt 0.8789 0.8125 0.0000
vt 0.8789 0.8750 0.0000
vt 0.8789 0.9375 0.0000
vt 0.9023 0.5000 0.0000
vt 0.9023 0.9375 0.0000
vt 0.9023 1.0000 0.0000
vt 0.8984 1.0000 0.0000
vt 0.8945 1.0000 0.0000
vt 0.8906 1.0000 0.0000
vt 0.8867 1.0000 0.0000
vt 0.8828 1.0000 0.0000
vt 0.8789 1.0000 0.0000
vt 0.8750 1.0000 0.0000
vt 0.8750 0.9375 0.0000
vt 0.8750 0.8750 0.0000
vt 0.8750 0.8125 0.0000
vt 0.8750 0.7500 0.0000
vt 0.8750 0.6875 0.0000
vt 0.8750 0.6250 0.0000
vt 0.8750 0.5625 0.0000
vt 0.8789 0.5000 0.0000
vt 0.8750 0.5000 0.0000
vt 0.8828 0.5000 0.0000
vt 0.8867 0.5000 0.0000
vt 0.8906 0.5000 0.0000
vt 0.8945 0.5000 0.0000
vt 0.8984 0.5000 0.0000
vt 0.8711 0.5625 0.0000
vt 0.8672 0.6250 0.0000
vt 0.8672 0.5625 0.0000
vt 0.8711 0.6250 0.0000
vt 0.8672 0.6875 0.0000
vt 0.8711 0.6875 0.0000
vt 0.8672 0.7500 0.0000
vt 0.8711 0.7500 0.0000
vt 0.8672 0.8125 0.0000
vt 0.8711 0.8125 0.0000
vt 0.8672 0.8750 0.0000
vt 0.8711 0.8750 0.0000
vt 0.8672 0.9375 0.0000
vt 0.8633 0.6250 0.0000
vt 0.8633 0.5625 0.0000
vt 0.8633 0.6875 0.0000
vt 0.8633 0.7500 0.0000
vt 0.8633 0.8125 0.0000
vt 0.8633 0.8750 0.0000
vt 0.8633 0.9375 0.0000
vt 0.8594 0.6250 0.0000
vt 0.8594 0.5625 0.0000
vt 0.8594 0.6875 0.0000
vt 0.8594 0.7500 0.0000
vt 0.8594 0.8125 0.0000
vt 0.8594 0.8750 0.0000
vt 0.8594 0.9375 0.0000
vt 0.8555 0.6250 0.0000
vt 0.8555 0.5625 0.0000
vt 0.8555 0.6875 0.0000
vt 0.8555 0.7500 0.0000
vt 0.8555 0.8125 0.0000
vt 0.8555 0.8750 0.0000
vt 0.8555 0.9375 0.0000
vt 0.8516 0.6250 0.0000
vt 0.8516 0.5625 0.0000
vt 0.8516 0.6875 0.0000
vt 0.8516 0.7500 0.0000
vt 0.8516 0.8125 0.0000
vt 0.8516 0.8750 0.0000
vt 0.8516 0.9375 0.0000
vt 0.8477 0.6250 0.0000
vt 0.8477 0.5625 0.0000
vt 0.8477 0.6875 0.0000
vt 0.8477 0.7500 0.0000
vt 0.8477 0.8125 0.0000
vt 0.8477 0.8750 0.0000
vt 0.8477 0.9375 0.0000
vt 0.8711 0.5000 0.0000
vt 0.8711 0.9375 0.0000
vt 0.8711 1.0000 0.0000
vt 0.8672 1.0000 0.0000
vt 0.8633 1.0000 0.0000
vt 0.8594 1.0000 0.0000
vt 0.8555 1.0000 0.0000
vt 0.8516 1.0000 0.0000
vt 0.8477 1.0000 0.0000
vt 0.8438 1.0000 0.0000
vt 0.8438 0.9375 0.0000
vt 0.8438 0.8750 0.0000
vt 0.8438 0.8125 0.0000
vt 0.8438 0.7500 0.0000
vt 0.8438 0.6875 0.0000
vt 0.8438 0.6250 0.0000
vt 0.8438 0.5625 0.0000
vt 0.8477 0.5000 0.0000
vt 0.8438 0.5000 0.0000
vt 0.8516 0.5000 0.0000
vt 0.8555 0.5000 0.0000
vt 0.8594 0.5000 0.0000
vt 0.8633 0.5000 0.0000
vt 0.8672 0.5000 0.0000
vt 0.8398 0.5625 0.0000
vt 0.8359 0.6250 0.0000
vt 0.8359 0.5625 0.0000
vt 0.8398 0.6250 0.0000
vt 0.8359 0.6875 0.0000
vt 0.8398 0.6875 0.0000
vt 0.8359 0.7500 0.0000
vt 0.8398 0.7500 0.0000
vt 0.8359 0.8125 0.0000
vt 0.8398 0.8125 0.0000
vt 0.8359 0.8750 0.0000
vt 0.8398 0.8750 0.0000
vt 0.8359 0.9375 0.0000
vt 0.8320 0.6250 0.0000
vt 0.8320 0.5625 0.0000
vt 0.8320 0.6875 0.0000
vt 0.8320 0.7500 0.0000
vt 0.8320 0.8125 0.0000
vt 0.8320 0.8750 0.0000
vt 0.8320 0.9375 0.0000
vt 0.8281 0.6250 0.0000
vt 0.8281 0.5625 0.0000
vt 0.8281 0.6875 0.0000
vt 0.8281 0.7500 0.0000
vt 0.8281 0.8125 0.0000
vt 0.8281 0.8750 0.0000
vt 0.8281 0.9375 0.0000
vt 0.8242 0.6250 0.0000
vt 0.8242 0.5625 0.0000
vt 0.8242 0.6875 0.0000
vt 0.8242 0.7500 0.0000
vt 0.8242 0.8125 0.0000
vt 0.8242 0.8750 0.0000
vt 0.8242 0.9375 0.0000
vt 0.8203 0.6250 0.0000
vt 0.8203 0.5625 0.0000
vt 0.8203 0.6875 0.0000
vt 0.8203 0.7500 0.0000
vt 0.8203 0.8125 0.0000
vt 0.8203 0.8750 0.0000
vt 0.8203 0.9375 0.0000
vt 0.8164 0.6250 0.0000
vt 0.8164 0.5625 0.0000
vt 0.8164 0.6875 0.0000
vt 0.8164 0.7500 0.0000
vt 0.8164 0.8125 0.0000
vt 0.8164 0.8750 0.0000
vt 0.8164 0.9375 0.0000
vt 0.8398 0.5000 0.0000
vt 0.8398 0.9375 0.0000
vt 0.8398 1.0000 0.0000
vt 0.8359 1.0000 0.0000
vt 0.8320 1.0000 0.0000
vt 0.8281 1.0000 0.0000
vt 0.8242 1.0000 0.0000
vt 0.8203 1.0000 0.0000
vt 0.8164 1.0000 0.0000
vt 0.8125 0.9375 0.0000
vt 0.8125 0.8750 0.0000
vt 0.8125 0.8125 0.0000
vt 0.8125 0.7500 0.0000
vt 0.8125 0.6875 0.0000
vt 0.8125 0.6250 0.0000
vt 0.8125 0.5625 0.0000
vt 0.8164 0.5000 0.0000
vt 0.8125 0.5000 0.0000
vt 0.8203 0.5000 0.0000
vt 0.8242 0.5000 0.0000
vt 0.8281 0.5000 0.0000
vt 0.8320 0.5000 0.0000
vt 0.8359 0.5000 0.0000
vt 0.8086 0.5625 0.0000
vt 0.8047 0.6250 0.0000
vt 0.8047 0.5625 0.0000
vt 0.8086 0.6250 0.0000
vt 0.8047 0.6875 0.0000
vt 0.8086 0.6875 0.0000
vt 0.8047 0.7500 0.0000
vt 0.8086 0.7500 0.0000
vt 0.8047 0.8125 0.0000
vt 0.8086 0.8125 0.0000
vt 0.8047 0.8750 0.0000
vt 0.8086 0.8750 0.0000
vt 0.8047 0.9375 0.0000
vt 0.8008 0.6250 0.0000
vt 0.8008 0.5625 0.0000
vt 0.8008 0.6875 0.0000
vt 0.8008 0.7500 0.0000
vt 0.8008 0.8125 0.0000
vt 0.8008 0.8750 0.0000
vt 0.8008 0.9375 0.0000
vt 0.7969 0.6250 0.0000
vt 0.7969 0.5625 0.0000
vt 0.7969 0.6875 0.0000
vt 0.7969 0.7500 0.0000
vt 0.7969 0.8125 0.0000
vt 0.7969 0.8750 0.0000
vt 0.7969 0.9375 0.0000
vt 0.7930 0.6250 0.0000
vt 0.7930 0.5625 0.0000
vt 0.7930 0.6875 0.0000
vt 0.7930 0.7500 0.0000
vt 0.7930 0.8125 0.0000
vt 0.7930 0.8750 0.0000
vt 0.7930 0.9375 0.0000
vt 0.7891 0.6250 0.0000
vt 0.7891 0.5625 0.0000
vt 0.7891 0.6875 0.0000
vt 0.7891 0.7500 0.0000
vt 0.7891 0.8125 0.0000
vt 0.7891 0.8750 0.0000
vt 0.7891 0.9375 0.0000
vt 0.7852 0.6250 0.0000
vt 0.7852 0.5625 0.0000
vt 0.7852 0.6875 0.0000
vt 0.7852 0.7500 0.0000
vt 0.7852 0.8125 0.0000
vt 0.7852 0.8750 0.0000
vt 0.7852 0.9375 0.0000
vt 0.8086 0.5000 0.0000
vt 0.8086 0.9375 0.0000
vt 0.8086 1.0000 0.0000
vt 0.8047 1.0000 0.0000
vt 0.8008 1.0000 0.0000
vt 0.7969 1.0000 0.0000
vt 0.7930 1.0000 0.0000
vt 0.7891 1.0000 0.0000
vt 0.7852 1.0000 0.0000
vt 0.7812 1.0000 0.0000
vt 0.7812 0.9375 0.0000
vt 0.7812 0.8750 0.0000
vt 0.7812 0.8125 0.0000
vt 0.7812 0.7500 0.0000
vt 0.7812 0.6875 0.0000
vt 0.7812 0.6250 0.0000
vt 0.7812 0.5625 0.0000
vt 0.7852 0.5000 0.0000
vt 0.7812 0.5000 0.0000
vt 0.7891 0.5000 0.0000
vt 0.7930 0.5000 0.0000
vt 0.7969 0.5000 0.0000
vt 0.8008 0.5000 0.0000
vt 0.8047 0.5000 0.0000
vt 0.7773 0.5625 0.0000
vt 0.7734 0.6250 0.0000
vt 0.7734 0.5625 0.0000
vt 0.7773 0.6250 0.0000
vt 0.7734 0.6875 0.0000
vt 0.7773 0.6875 0.0000
vt 0.7734 0.7500 0.0000
vt 0.7773 0.7500 0.0000
vt 0.7734 0.8125 0.0000
vt 0.7773 0.8125 0.0000
vt 0.7734 0.8750 0.0000
vt 0.7773 0.8750 0.0000
vt 0.7734 0.9375 0.0000
vt 0.7695 0.6250 0.0000
vt 0.7695 0.5625 0.0000
vt 0.7695 0.6875 0.0000
vt 0.7695 0.7500 0.0000
vt 0.7695 0.8125 0.0000
vt 0.7695 0.8750 0.0000
vt 0.7695 0.9375 0.0000
vt 0.7656 0.6250 0.0000
vt 0.7656 0.5625 0.0000
vt 0.7656 0.6875 0.0000
vt 0.7656 0.7500 0.0000
vt 0.7656 0.8125 0.0000
vt 0.7656 0.8750 0.0000
vt 0.7656 0.9375 0.0000
vt 0.7617 0.6250 0.0000
vt 0.7617 0.5625 0.0000
vt 0.7617 0.6875 0.0000
vt 0.7617 0.7500 0.0000
vt 0.7617 0.8125 0.0000
vt 0.7617 0.8750 0.0000
vt 0.7617 0.9375 0.0000
vt 0.7578 0.6250 0.0000
vt 0.7578 0.5625 0.0000
vt 0.7578 0.6875 0.0000
vt 0.7578 0.7500 0.0000
vt 0.7578 0.8125 0.0000
vt 0.7578 0.8750 0.0000
vt 0.7578 0.9375 0.0000
vt 0.7539 0.6250 0.0000
vt 0.7539 0.5625 0.0000
vt 0.7539 0.6875 0.0000
vt 0.7539 0.7500 0.0000
vt 0.7539 0.8125 0.0000
vt 0.7539 0.8750 0.0000
vt 0.7539 0.9375 0.0000
vt 0.7773 0.5000 0.0000
vt 0.7773 0.9375 0.0000
vt 0.7773 1.0000 0.0000
vt 0.7734 1.0000 0.0000
vt 0.7656 1.0000 0.0000
vt 0.7617 1.0000 0.0000
vt 0.7578 1.0000 0.0000
vt 0.7539 1.0000 0.0000
vt 0.7500 1.0000 0.0000
vt 0.7500 0.9375 0.0000
vt 0.7500 0.8750 0.0000
vt 0.7500 0.8125 0.0000
vt 0.7500 0.7500 0.0000
vt 0.7500 0.6875 0.0000
vt 0.7500 0.6250 0.0000
vt 0.7500 0.5625 0.0000
vt 0.7539 0.5000 0.0000
vt 0.7500 0.5000 0.0000
vt 0.7578 0.5000 0.0000
vt 0.7617 0.5000 0.0000
vt 0.7656 0.5000 0.0000
vt 0.7695 0.5000 0.0000
vt 0.7734 0.5000 0.0000
vt 0.7461 0.5625 0.0000
vt 0.7422 0.6250 0.0000
vt 0.7422 0.5625 0.0000
vt 0.7461 0.6250 0.0000
vt 0.7422 0.6875 0.0000
vt 0.7461 0.6875 0.0000
vt 0.7422 0.7500 0.0000
vt 0.7461 0.7500 0.0000
vt 0.7422 0.8125 0.0000
vt 0.7461 0.8750 0.0000
vt 0.7461 0.8125 0.0000
vt 0.7422 0.9375 0.0000
vt 0.7422 0.8750 0.0000
vt 0.7383 0.6250 0.0000
vt 0.7383 0.5625 0.0000
vt 0.7383 0.6875 0.0000
vt 0.7383 0.7500 0.0000
vt 0.7383 0.8125 0.0000
vt 0.7383 0.8750 0.0000
vt 0.7383 0.9375 0.0000
vt 0.7344 0.6250 0.0000
vt 0.7344 0.5625 0.0000
vt 0.7344 0.6875 0.0000
vt 0.7344 0.7500 0.0000
vt 0.7344 0.8125 0.0000
vt 0.7344 0.8750 0.0000
vt 0.7344 0.9375 0.0000
vt 0.7305 0.6250 0.0000
vt 0.7305 0.5625 0.0000
vt 0.7305 0.6875 0.0000
vt 0.7305 0.7500 0.0000
vt 0.7305 0.8125 0.0000
vt 0.7305 0.8750 0.0000
vt 0.7266 0.6250 0.0000
vt 0.7266 0.5625 0.0000
vt 0.7266 0.6875 0.0000
vt 0.7266 0.7500 0.0000
vt 0.7266 0.8125 0.0000
vt 0.7266 0.8750 0.0000
vt 0.7266 0.9375 0.0000
vt 0.7227 0.6250 0.0000
vt 0.7227 0.5625 0.0000
vt 0.7227 0.6875 0.0000
vt 0.7227 0.7500 0.0000
vt 0.7227 0.8125 0.0000
vt 0.7227 0.8750 0.0000
vt 0.7227 0.9375 0.0000
vt 0.7461 0.5000 0.0000
vt 0.7461 0.9375 0.0000
vt 0.7461 1.0000 0.0000
vt 0.7422 1.0000 0.0000
vt 0.7383 1.0000 0.0000
vt 0.7344 1.0000 0.0000
vt 0.7305 1.0000 0.0000
vt 0.7305 0.9375 0.0000
vt 0.7266 1.0000 0.0000
vt 0.7227 1.0000 0.0000
vt 0.7188 1.0000 0.0000
vt 0.7188 0.9375 0.0000
vt 0.7188 0.8750 0.0000
vt 0.7188 0.8125 0.0000
vt 0.7188 0.7500 0.0000
vt 0.7188 0.6875 0.0000
vt 0.7188 0.6250 0.0000
vt 0.7188 0.5625 0.0000
vt 0.7227 0.5000 0.0000
vt 0.7188 0.5000 0.0000
vt 0.7266 0.5000 0.0000
vt 0.7305 0.5000 0.0000
vt 0.7344 0.5000 0.0000
vt 0.7383 0.5000 0.0000
vt 0.7422 0.5000 0.0000
vt 0.7148 0.5625 0.0000
vt 0.7109 0.6250 0.0000
vt 0.7109 0.5625 0.0000
vt 0.7148 0.6250 0.0000
vt 0.7109 0.6875 0.0000
vt 0.7148 0.6875 0.0000
vt 0.7109 0.7500 0.0000
vt 0.7148 0.7500 0.0000
vt 0.7109 0.8125 0.0000
vt 0.7148 0.8125 0.0000
vt 0.7109 0.8750 0.0000
vt 0.7148 0.9375 0.0000
vt 0.7148 0.8750 0.0000
vt 0.7070 0.6250 0.0000
vt 0.7070 0.5625 0.0000
vt 0.7070 0.6875 0.0000
vt 0.7070 0.7500 0.0000
vt 0.7070 0.8125 0.0000
vt 0.7070 0.8750 0.0000
vt 0.7070 0.9375 0.0000
vt 0.7031 0.6250 0.0000
vt 0.7031 0.5625 0.0000
vt 0.7031 0.6875 0.0000
vt 0.7031 0.7500 0.0000
vt 0.7031 0.8125 0.0000
vt 0.7031 0.8750 0.0000
vt 0.7031 0.9375 0.0000
vt 0.6992 0.6250 0.0000
vt 0.6992 0.5625 0.0000
vt 0.6992 0.6875 0.0000
vt 0.6992 0.7500 0.0000
vt 0.6992 0.8125 0.0000
vt 0.6992 0.8750 0.0000
vt 0.6992 0.9375 0.0000
vt 0.6953 0.6250 0.0000
vt 0.6953 0.5625 0.0000
vt 0.6953 0.6875 0.0000
vt 0.6953 0.7500 0.0000
vt 0.6953 0.8125 0.0000
vt 0.6953 0.8750 0.0000
vt 0.6953 0.9375 0.0000
vt 0.6914 0.6250 0.0000
vt 0.6914 0.5625 0.0000
vt 0.6914 0.6875 0.0000
vt 0.6914 0.7500 0.0000
vt 0.6914 0.8125 0.0000
vt 0.6914 0.8750 0.0000
vt 0.6914 0.9375 0.0000
vt 0.7148 0.5000 0.0000
vt 0.7148 1.0000 0.0000
vt 0.7109 0.9375 0.0000
vt 0.7070 1.0000 0.0000
vt 0.7031 1.0000 0.0000
vt 0.6992 1.0000 0.0000
vt 0.6953 1.0000 0.0000
vt 0.6914 1.0000 0.0000
vt 0.6875 1.0000 0.0000
vt 0.6875 0.9375 0.0000
vt 0.6875 0.8750 0.0000
vt 0.6875 0.8125 0.0000
vt 0.6875 0.7500 0.0000
vt 0.6875 0.6875 0.0000
vt 0.6875 0.6250 0.0000
vt 0.6875 0.5625 0.0000
vt 0.6914 0.5000 0.0000
vt 0.6875 0.5000 0.0000
vt 0.6953 0.5000 0.0000
vt 0.6992 0.5000 0.0000
vt 0.7031 0.5000 0.0000
vt 0.7070 0.5000 0.0000
vt 0.7109 0.5000 0.0000
vt 0.6836 0.5625 0.0000
vt 0.6797 0.6250 0.0000
vt 0.6797 0.5625 0.0000
vt 0.6836 0.6250 0.0000
vt 0.6797 0.6875 0.0000
vt 0.6836 0.6875 0.0000
vt 0.6797 0.7500 0.0000
vt 0.6836 0.7500 0.0000
vt 0.6797 0.8125 0.0000
vt 0.6836 0.8125 0.0000
vt 0.6797 0.8750 0.0000
vt 0.6836 0.8750 0.0000
vt 0.6797 0.9375 0.0000
vt 0.6758 0.6250 0.0000
vt 0.6758 0.5625 0.0000
vt 0.6758 0.6875 0.0000
vt 0.6758 0.7500 0.0000
vt 0.6758 0.8125 0.0000
vt 0.6758 0.8750 0.0000
vt 0.6758 0.9375 0.0000
vt 0.6719 0.6250 0.0000
vt 0.6719 0.5625 0.0000
vt 0.6719 0.6875 0.0000
vt 0.6719 0.7500 0.0000
vt 0.6719 0.8125 0.0000
vt 0.6719 0.8750 0.0000
vt 0.6719 0.9375 0.0000
vt 0.6680 0.6250 0.0000
vt 0.6680 0.5625 0.0000
vt 0.6680 0.6875 0.0000
vt 0.6680 0.7500 0.0000
vt 0.6680 0.8125 0.0000
vt 0.6680 0.8750 0.0000
vt 0.6680 0.9375 0.0000
vt 0.6641 0.6250 0.0000
vt 0.6641 0.5625 0.0000
vt 0.6641 0.6875 0.0000
vt 0.6641 0.7500 0.0000
vt 0.6641 0.8125 0.0000
vt 0.6641 0.8750 0.0000
vt 0.6641 0.9375 0.0000
vt 0.6602 0.6250 0.0000
vt 0.6602 0.5625 0.0000
vt 0.6602 0.6875 0.0000
vt 0.6602 0.7500 0.0000
vt 0.6602 0.8125 0.0000
vt 0.6602 0.8750 0.0000
vt 0.6836 0.5000 0.0000
vt 0.6836 0.9375 0.0000
vt 0.6836 1.0000 0.0000
vt 0.6797 1.0000 0.0000
vt 0.6758 1.0000 0.0000
vt 0.6719 1.0000 0.0000
vt 0.6680 1.0000 0.0000
vt 0.6641 1.0000 0.0000
vt 0.6602 1.0000 0.0000
vt 0.6602 0.9375 0.0000
vt 0.6562 1.0000 0.0000
vt 0.6562 0.9375 0.0000
vt 0.6562 0.8750 0.0000
vt 0.6562 0.8125 0.0000
vt 0.6562 0.7500 0.0000
vt 0.6562 0.6875 0.0000
vt 0.6562 0.6250 0.0000
vt 0.6562 0.5625 0.0000
vt 0.6602 0.5000 0.0000
vt 0.6562 0.5000 0.0000
vt 0.6641 0.5000 0.0000
vt 0.6680 0.5000 0.0000
vt 0.6719 0.5000 0.0000
vt 0.6758 0.5000 0.0000
vt 0.6797 0.5000 0.0000
vt 0.6523 0.5625 0.0000
vt 0.6484 0.6250 0.0000
vt 0.6484 0.5625 0.0000
vt 0.6523 0.6250 0.0000
vt 0.6484 0.6875 0.0000
vt 0.6523 0.6875 0.0000
vt 0.6484 0.7500 0.0000
vt 0.6523 0.7500 0.0000
vt 0.6484 0.8125 0.0000
vt 0.6523 0.8125 0.0000
vt 0.6484 0.8750 0.0000
vt 0.6523 0.8750 0.0000
vt 0.6484 0.9375 0.0000
vt 0.6445 0.6250 0.0000
vt 0.6445 0.5625 0.0000
vt 0.6445 0.6875 0.0000
vt 0.6445 0.7500 0.0000
vt 0.6445 0.8125 0.0000
vt 0.6445 0.8750 0.0000
vt 0.6445 0.9375 0.0000
vt 0.6406 0.6250 0.0000
vt 0.6406 0.5625 0.0000
vt 0.6406 0.6875 0.0000
vt 0.6406 0.7500 0.0000
vt 0.6406 0.8125 0.0000
vt 0.6406 0.8750 0.0000
vt 0.6406 0.9375 0.0000
vt 0.6367 0.6250 0.0000
vt 0.6367 0.5625 0.0000
vt 0.6367 0.6875 0.0000
vt 0.6367 0.7500 0.0000
vt 0.6367 0.8125 0.0000
vt 0.6367 0.8750 0.0000
vt 0.6367 0.9375 0.0000
vt 0.6328 0.6250 0.0000
vt 0.6328 0.5625 0.0000
vt 0.6328 0.6875 0.0000
vt 0.6328 0.7500 0.0000
vt 0.6328 0.8125 0.0000
vt 0.6328 0.8750 0.0000
vt 0.6328 0.9375 0.0000
vt 0.6289 0.6250 0.0000
vt 0.6289 0.5625 0.0000
vt 0.6289 0.6875 0.0000
vt 0.6289 0.7500 0.0000
vt 0.6289 0.8125 0.0000
vt 0.6289 0.8750 0.0000
vt 0.6289 0.9375 0.0000
vt 0.6523 0.5000 0.0000
vt 0.6523 0.9375 0.0000
vt 0.6523 1.0000 0.0000
vt 0.6484 1.0000 0.0000
vt 0.6445 1.0000 0.0000
vt 0.6406 1.0000 0.0000
vt 0.6367 1.0000 0.0000
vt 0.6328 1.0000 0.0000
vt 0.6289 1.0000 0.0000
vt 0.6250 1.0000 0.0000
vt 0.6250 0.9375 0.0000
vt 0.6250 0.8750 0.0000
vt 0.6250 0.8125 0.0000
vt 0.6250 0.7500 0.0000
vt 0.6250 0.6875 0.0000
vt 0.6250 0.6250 0.0000
vt 0.6250 0.5625 0.0000
vt 0.6289 0.5000 0.0000
vt 0.6250 0.5000 0.0000
vt 0.6328 0.5000 0.0000
vt 0.6367 0.5000 0.0000
vt 0.6406 0.5000 0.0000
vt 0.6445 0.5000 0.0000
vt 0.6484 0.5000 0.0000
vt 0.6211 0.5625 0.0000
vt 0.6172 0.6250 0.0000
vt 0.6172 0.5625 0.0000
vt 0.6211 0.6250 0.0000
vt 0.6172 0.6875 0.0000
vt 0.6211 0.6875 0.0000
vt 0.6172 0.7500 0.0000
vt 0.6211 0.7500 0.0000
vt 0.6172 0.8125 0.0000
vt 0.6211 0.8125 0.0000
vt 0.6172 0.8750 0.0000
vt 0.6211 0.8750 0.0000
vt 0.6172 0.9375 0.0000
vt 0.6133 0.6250 0.0000
vt 0.6133 0.5625 0.0000
vt 0.6133 0.6875 0.0000
vt 0.6133 0.7500 0.0000
vt 0.6133 0.8125 0.0000
vt 0.6133 0.8750 0.0000
vt 0.6133 0.9375 0.0000
vt 0.6094 0.6250 0.0000
vt 0.6094 0.5625 0.0000
vt 0.6094 0.6875 0.0000
vt 0.6094 0.7500 0.0000
vt 0.6094 0.8125 0.0000
vt 0.6094 0.8750 0.0000
vt 0.6094 0.9375 0.0000
vt 0.6055 0.6250 0.0000
vt 0.6055 0.5625 0.0000
vt 0.6055 0.6875 0.0000
vt 0.6055 0.7500 0.0000
vt 0.6055 0.8125 0.0000
vt 0.6055 0.8750 0.0000
vt 0.6055 0.9375 0.0000
vt 0.6016 0.6250 0.0000
vt 0.6016 0.5625 0.0000
vt 0.6016 0.6875 0.0000
vt 0.6016 0.7500 0.0000
vt 0.6016 0.8125 0.0000
vt 0.6016 0.8750 0.0000
vt 0.6016 0.9375 0.0000
vt 0.5977 0.6250 0.0000
vt 0.5977 0.5625 0.0000
vt 0.5977 0.6875 0.0000
vt 0.5977 0.7500 0.0000
vt 0.5977 0.8125 0.0000
vt 0.5977 0.8750 0.0000
vt 0.5977 0.9375 0.0000
vt 0.6211 0.5000 0.0000
vt 0.6211 0.9375 0.0000
vt 0.6211 1.0000 0.0000
vt 0.6172 1.0000 0.0000
vt 0.6133 1.0000 0.0000
vt 0.6094 1.0000 0.0000
vt 0.6055 1.0000 0.0000
vt 0.6016 1.0000 0.0000
vt 0.5977 1.0000 0.0000
vt 0.5938 1.0000 0.0000
vt 0.5938 0.9375 0.0000
vt 0.5938 0.8750 0.0000
vt 0.5938 0.8125 0.0000
vt 0.5938 0.7500 0.0000
vt 0.5938 0.6875 0.0000
vt 0.5938 0.6250 0.0000
vt 0.5938 0.5625 0.0000
vt 0.5977 0.5000 0.0000
vt 0.5938 0.5000 0.0000
vt 0.6016 0.5000 0.0000
vt 0.6055 0.5000 0.0000
vt 0.6094 0.5000 0.0000
vt 0.6133 0.5000 0.0000
vt 0.6172 0.5000 0.0000
vt 0.5898 0.5625 0.0000
vt 0.5859 0.6250 0.0000
vt 0.5859 0.5625 0.0000
vt 0.5898 0.6250 0.0000
vt 0.5859 0.6875 0.0000
vt 0.5898 0.6875 0.0000
vt 0.5859 0.7500 0.0000
vt 0.5898 0.7500 0.0000
vt 0.5859 0.8125 0.0000
vt 0.5898 0.8750 0.0000
vt 0.5898 0.8125 0.0000
vt 0.5859 0.9375 0.0000
vt 0.5859 0.8750 0.0000
vt 0.5820 0.6250 0.0000
vt 0.5820 0.5625 0.0000
vt 0.5820 0.6875 0.0000
vt 0.5820 0.7500 0.0000
vt 0.5820 0.8125 0.0000
vt 0.5820 0.8750 0.0000
vt 0.5820 0.9375 0.0000
vt 0.5781 0.6250 0.0000
vt 0.5781 0.5625 0.0000
vt 0.5781 0.6875 0.0000
vt 0.5781 0.7500 0.0000
vt 0.5781 0.8125 0.0000
vt 0.5781 0.8750 0.0000
vt 0.5781 0.9375 0.0000
vt 0.5742 0.6250 0.0000
vt 0.5742 0.5625 0.0000
vt 0.5742 0.6875 0.0000
vt 0.5742 0.7500 0.0000
vt 0.5742 0.8125 0.0000
vt 0.5742 0.8750 0.0000
vt 0.5742 0.9375 0.0000
vt 0.5703 0.6250 0.0000
vt 0.5703 0.5625 0.0000
vt 0.5703 0.6875 0.0000
vt 0.5703 0.7500 0.0000
vt 0.5703 0.8125 0.0000
vt 0.5703 0.8750 0.0000
vt 0.5703 0.9375 0.0000
vt 0.5664 0.6250 0.0000
vt 0.5664 0.5625 0.0000
vt 0.5664 0.6875 0.0000
vt 0.5664 0.7500 0.0000
vt 0.5664 0.8125 0.0000
vt 0.5664 0.8750 0.0000
vt 0.5664 0.9375 0.0000
vt 0.5898 0.5000 0.0000
vt 0.5898 0.9375 0.0000
vt 0.5898 1.0000 0.0000
vt 0.5859 1.0000 0.0000
vt 0.5820 1.0000 0.0000
vt 0.5781 1.0000 0.0000
vt 0.5742 1.0000 0.0000
vt 0.5703 1.0000 0.0000
vt 0.5664 1.0000 0.0000
vt 0.5625 1.0000 0.0000
vt 0.5625 0.9375 0.0000
vt 0.5625 0.8750 0.0000
vt 0.5625 0.8125 0.0000
vt 0.5625 0.7500 0.0000
vt 0.5625 0.6875 0.0000
vt 0.5625 0.6250 0.0000
vt 0.5625 0.5625 0.0000
vt 0.5664 0.5000 0.0000
vt 0.5625 0.5000 0.0000
vt 0.5703 0.5000 0.0000
vt 0.5742 0.5000 0.0000
vt 0.5781 0.5000 0.0000
vt 0.5820 0.5000 0.0000
vt 0.5859 0.5000 0.0000
vt 0.5586 0.5625 0.0000
vt 0.5547 0.6250 0.0000
vt 0.5547 0.5625 0.0000
vt 0.5586 0.6250 0.0000
vt 0.5547 0.6875 0.0000
vt 0.5586 0.6875 0.0000
vt 0.5547 0.7500 0.0000
vt 0.5586 0.7500 0.0000
vt 0.5547 0.8125 0.0000
vt 0.5586 0.8125 0.0000
vt 0.5547 0.8750 0.0000
vt 0.5586 0.8750 0.0000
vt 0.5547 0.9375 0.0000
vt 0.5508 0.6250 0.0000
vt 0.5508 0.5625 0.0000
vt 0.5508 0.6875 0.0000
vt 0.5508 0.7500 0.0000
vt 0.5508 0.8125 0.0000
vt 0.5508 0.8750 0.0000
vt 0.5508 0.9375 0.0000
vt 0.5469 0.6250 0.0000
vt 0.5469 0.5625 0.0000
vt 0.5469 0.6875 0.0000
vt 0.5469 0.7500 0.0000
vt 0.5469 0.8125 0.0000
vt 0.5469 0.8750 0.0000
vt 0.5469 0.9375 0.0000
vt 0.5430 0.6250 0.0000
vt 0.5430 0.5625 0.0000
vt 0.5430 0.6875 0.0000
vt 0.5430 0.7500 0.0000
vt 0.5430 0.8125 0.0000
vt 0.5430 0.8750 0.0000
vt 0.5430 0.9375 0.0000
vt 0.5391 0.6250 0.0000
vt 0.5391 0.5625 0.0000
vt 0.5391 0.6875 0.0000
vt 0.5391 0.7500 0.0000
vt 0.5391 0.8125 0.0000
vt 0.5391 0.8750 0.0000
vt 0.5391 0.9375 0.0000
vt 0.5352 0.6250 0.0000
vt 0.5352 0.5625 0.0000
vt 0.5352 0.6875 0.0000
vt 0.5352 0.7500 0.0000
vt 0.5352 0.8125 0.0000
vt 0.5352 0.8750 0.0000
vt 0.5352 0.9375 0.0000
vt 0.5586 0.5000 0.0000
vt 0.5586 0.9375 0.0000
vt 0.5586 1.0000 0.0000
vt 0.5547 1.0000 0.0000
vt 0.5508 1.0000 0.0000
vt 0.5430 1.0000 0.0000
vt 0.5391 1.0000 0.0000
vt 0.5352 1.0000 0.0000
vt 0.5312 1.0000 0.0000
vt 0.5312 0.9375 0.0000
vt 0.5312 0.8750 0.0000
vt 0.5312 0.8125 0.0000
vt 0.5312 0.7500 0.0000
vt 0.5312 0.6875 0.0000
vt 0.5312 0.6250 0.0000
vt 0.5312 0.5625 0.0000
vt 0.5352 0.5000 0.0000
vt 0.5312 0.5000 0.0000
vt 0.5391 0.5000 0.0000
vt 0.5430 0.5000 0.0000
vt 0.5469 0.5000 0.0000
vt 0.5508 0.5000 0.0000
vt 0.5547 0.5000 0.0000
vt 0.5273 0.5625 0.0000
vt 0.5234 0.6250 0.0000
vt 0.5234 0.5625 0.0000
vt 0.5273 0.6250 0.0000
vt 0.5234 0.6875 0.0000
vt 0.5273 0.6875 0.0000
vt 0.5234 0.7500 0.0000
vt 0.5273 0.7500 0.0000
vt 0.5234 0.8125 0.0000
vt 0.5273 0.8125 0.0000
vt 0.5234 0.8750 0.0000
vt 0.5273 0.8750 0.0000
vt 0.5234 0.9375 0.0000
vt 0.5195 0.6250 0.0000
vt 0.5195 0.5625 0.0000
vt 0.5195 0.6875 0.0000
vt 0.5195 0.7500 0.0000
vt 0.5195 0.8125 0.0000
vt 0.5195 0.8750 0.0000
vt 0.5195 0.9375 0.0000
vt 0.5156 0.6250 0.0000
vt 0.5156 0.5625 0.0000
vt 0.5156 0.6875 0.0000
vt 0.5156 0.7500 0.0000
vt 0.5156 0.8125 0.0000
vt 0.5156 0.8750 0.0000
vt 0.5156 0.9375 0.0000
vt 0.5117 0.6250 0.0000
vt 0.5117 0.5625 0.0000
vt 0.5117 0.6875 0.0000
vt 0.5117 0.7500 0.0000
vt 0.5117 0.8125 0.0000
vt 0.5117 0.8750 0.0000
vt 0.5117 0.9375 0.0000
vt 0.5078 0.6250 0.0000
vt 0.5078 0.5625 0.0000
vt 0.5078 0.6875 0.0000
vt 0.5078 0.7500 0.0000
vt 0.5078 0.8125 0.0000
vt 0.5078 0.8750 0.0000
vt 0.5078 0.9375 0.0000
vt 0.5039 0.6250 0.0000
vt 0.5039 0.5625 0.0000
vt 0.5039 0.6875 0.0000
vt 0.5039 0.7500 0.0000
vt 0.5039 0.8125 0.0000
vt 0.5039 0.8750 0.0000
vt 0.5039 0.9375 0.0000
vt 0.5273 0.5000 0.0000
vt 0.5273 0.9375 0.0000
vt 0.5273 1.0000 0.0000
vt 0.5234 1.0000 0.0000
vt 0.5195 1.0000 0.0000
vt 0.5156 1.0000 0.0000
vt 0.5117 1.0000 0.0000
vt 0.5078 1.0000 0.0000
vt 0.5039 1.0000 0.0000
vt 0.5000 1.0000 0.0000
vt 0.5000 0.9375 0.0000
vt 0.5000 0.8750 0.0000
vt 0.5000 0.8125 0.0000
vt 0.5000 0.7500 0.0000
vt 0.5000 0.6875 0.0000
vt 0.5000 0.6250 0.0000
vt 0.5000 0.5625 0.0000
vt 0.5039 0.5000 0.0000
vt 0.5000 0.5000 0.0000
vt 0.5078 0.5000 0.0000
vt 0.5117 0.5000 0.0000
vt 0.5156 0.5000 0.0000
vt 0.5195 0.5000 0.0000
vt 0.5234 0.5000 0.0000
vt 0.4961 0.5625 0.0000
vt 0.4922 0.6250 0.0000
vt 0.4922 0.5625 0.0000
vt 0.4961 0.6250 0.0000
vt 0.4922 0.6875 0.0000
vt 0.4961 0.6875 0.0000
vt 0.4922 0.7500 0.0000
vt 0.4961 0.7500 0.0000
vt 0.4922 0.8125 0.0000
vt 0.4961 0.8125 0.0000
vt 0.4922 0.8750 0.0000
vt 0.4961 0.8750 0.0000
vt 0.4922 0.9375 0.0000
vt 0.4883 0.6250 0.0000
vt 0.4883 0.5625 0.0000
vt 0.4883 0.6875 0.0000
vt 0.4883 0.7500 0.0000
vt 0.4883 0.8125 0.0000
vt 0.4883 0.8750 0.0000
vt 0.4883 0.9375 0.0000
vt 0.4844 0.6250 0.0000
vt 0.4844 0.5625 0.0000
vt 0.4844 0.6875 0.0000
vt 0.4844 0.7500 0.0000
vt 0.4844 0.8125 0.0000
vt 0.4844 0.8750 0.0000
vt 0.4844 0.9375 0.0000
vt 0.4805 0.6250 0.0000
vt 0.4805 0.5625 0.0000
vt 0.4805 0.6875 0.0000
vt 0.4805 0.7500 0.0000
vt 0.4805 0.8125 0.0000
vt 0.4805 0.8750 0.0000
vt 0.4805 0.9375 0.0000
vt 0.4766 0.6250 0.0000
vt 0.4766 0.5625 0.0000
vt 0.4766 0.6875 0.0000
vt 0.4766 0.7500 0.0000
vt 0.4766 0.8125 0.0000
vt 0.4766 0.8750 0.0000
vt 0.4727 0.6250 0.0000
vt 0.4727 0.5625 0.0000
vt 0.4727 0.6875 0.0000
vt 0.4727 0.7500 0.0000
vt 0.4727 0.8125 0.0000
vt 0.4727 0.8750 0.0000
vt 0.4727 0.9375 0.0000
vt 0.4961 0.5000 0.0000
vt 0.4961 0.9375 0.0000
vt 0.4961 1.0000 0.0000
vt 0.4922 1.0000 0.0000
vt 0.4883 1.0000 0.0000
vt 0.4844 1.0000 0.0000
vt 0.4805 1.0000 0.0000
vt 0.4766 0.9375 0.0000
vt 0.4727 1.0000 0.0000
vt 0.4688 1.0000 0.0000
vt 0.4688 0.9375 0.0000
vt 0.4688 0.8750 0.0000
vt 0.4688 0.8125 0.0000
vt 0.4688 0.7500 0.0000
vt 0.4688 0.6875 0.0000
vt 0.4688 0.6250 0.0000
vt 0.4688 0.5625 0.0000
vt 0.4727 0.5000 0.0000
vt 0.4688 0.5000 0.0000
vt 0.4766 0.5000 0.0000
vt 0.4805 0.5000 0.0000
vt 0.4844 0.5000 0.0000
vt 0.4883 0.5000 0.0000
vt 0.4922 0.5000 0.0000
vt 0.4648 0.5625 0.0000
vt 0.4609 0.6250 0.0000
vt 0.4609 0.5625 0.0000
vt 0.4648 0.6250 0.0000
vt 0.4609 0.6875 0.0000
vt 0.4648 0.6875 0.0000
vt 0.4609 0.7500 0.0000
vt 0.4648 0.7500 0.0000
vt 0.4609 0.8125 0.0000
vt 0.4648 0.8125 0.0000
vt 0.4609 0.8750 0.0000
vt 0.4648 0.8750 0.0000
vt 0.4609 0.9375 0.0000
vt 0.4570 0.6250 0.0000
vt 0.4570 0.5625 0.0000
vt 0.4570 0.6875 0.0000
vt 0.4570 0.7500 0.0000
vt 0.4570 0.8125 0.0000
vt 0.4570 0.8750 0.0000
vt 0.4570 0.9375 0.0000
vt 0.4531 0.6250 0.0000
vt 0.4531 0.5625 0.0000
vt 0.4531 0.6875 0.0000
vt 0.4531 0.7500 0.0000
vt 0.4531 0.8125 0.0000
vt 0.4531 0.8750 0.0000
vt 0.4531 0.9375 0.0000
vt 0.4492 0.6250 0.0000
vt 0.4492 0.5625 0.0000
vt 0.4492 0.6875 0.0000
vt 0.4492 0.7500 0.0000
vt 0.4492 0.8125 0.0000
vt 0.4492 0.8750 0.0000
vt 0.4492 0.9375 0.0000
vt 0.4453 0.6250 0.0000
vt 0.4453 0.5625 0.0000
vt 0.4453 0.6875 0.0000
vt 0.4453 0.7500 0.0000
vt 0.4453 0.8125 0.0000
vt 0.4453 0.8750 0.0000
vt 0.4453 0.9375 0.0000
vt 0.4414 0.6250 0.0000
vt 0.4414 0.5625 0.0000
vt 0.4414 0.6875 0.0000
vt 0.4414 0.7500 0.0000
vt 0.4414 0.8125 0.0000
vt 0.4414 0.8750 0.0000
vt 0.4414 0.9375 0.0000
vt 0.4648 0.5000 0.0000
vt 0.4648 0.9375 0.0000
vt 0.4648 1.0000 0.0000
vt 0.4609 1.0000 0.0000
vt 0.4570 1.0000 0.0000
vt 0.4531 1.0000 0.0000
vt 0.4492 1.0000 0.0000
vt 0.4453 1.0000 0.0000
vt 0.4375 1.0000 0.0000
vt 0.4375 0.9375 0.0000
vt 0.4375 0.8750 0.0000
vt 0.4375 0.8125 0.0000
vt 0.4375 0.7500 0.0000
vt 0.4375 0.6875 0.0000
vt 0.4375 0.6250 0.0000
vt 0.4375 0.5625 0.0000
vt 0.4414 0.5000 0.0000
vt 0.4375 0.5000 0.0000
vt 0.4453 0.5000 0.0000
vt 0.4492 0.5000 0.0000
vt 0.4531 0.5000 0.0000
vt 0.4570 0.5000 0.0000
vt 0.4609 0.5000 0.0000
vt 0.4336 0.5625 0.0000
vt 0.4297 0.6250 0.0000
vt 0.4297 0.5625 0.0000
vt 0.4336 0.6250 0.0000
vt 0.4297 0.6875 0.0000
vt 0.4336 0.6875 0.0000
vt 0.4297 0.7500 0.0000
vt 0.4336 0.7500 0.0000
vt 0.4297 0.8125 0.0000
vt 0.4336 0.8125 0.0000
vt 0.4297 0.8750 0.0000
vt 0.4336 0.8750 0.0000
vt 0.4297 0.9375 0.0000
vt 0.4258 0.6250 0.0000
vt 0.4258 0.5625 0.0000
vt 0.4258 0.6875 0.0000
vt 0.4258 0.7500 0.0000
vt 0.4258 0.8125 0.0000
vt 0.4258 0.8750 0.0000
vt 0.4219 0.6250 0.0000
vt 0.4219 0.5625 0.0000
vt 0.4219 0.6875 0.0000
vt 0.4219 0.7500 0.0000
vt 0.4219 0.8125 0.0000
vt 0.4219 0.8750 0.0000
vt 0.4219 0.9375 0.0000
vt 0.4180 0.6250 0.0000
vt 0.4180 0.5625 0.0000
vt 0.4180 0.6875 0.0000
vt 0.4180 0.7500 0.0000
vt 0.4180 0.8125 0.0000
vt 0.4180 0.8750 0.0000
vt 0.4180 0.9375 0.0000
vt 0.4141 0.6250 0.0000
vt 0.4141 0.5625 0.0000
vt 0.4141 0.6875 0.0000
vt 0.4141 0.7500 0.0000
vt 0.4141 0.8125 0.0000
vt 0.4141 0.8750 0.0000
vt 0.4141 0.9375 0.0000
vt 0.4102 0.6250 0.0000
vt 0.4102 0.5625 0.0000
vt 0.4102 0.6875 0.0000
vt 0.4102 0.7500 0.0000
vt 0.4102 0.8125 0.0000
vt 0.4102 0.8750 0.0000
vt 0.4102 0.9375 0.0000
vt 0.4336 0.5000 0.0000
vt 0.4336 0.9375 0.0000
vt 0.4336 1.0000 0.0000
vt 0.4297 1.0000 0.0000
vt 0.4258 1.0000 0.0000
vt 0.4258 0.9375 0.0000
vt 0.4219 1.0000 0.0000
vt 0.4180 1.0000 0.0000
vt 0.4141 1.0000 0.0000
vt 0.4102 1.0000 0.0000
vt 0.4062 1.0000 0.0000
vt 0.4062 0.9375 0.0000
vt 0.4062 0.8750 0.0000
vt 0.4062 0.8125 0.0000
vt 0.4062 0.7500 0.0000
vt 0.4062 0.6875 0.0000
vt 0.4062 0.6250 0.0000
vt 0.4062 0.5625 0.0000
vt 0.4102 0.5000 0.0000
vt 0.4062 0.5000 0.0000
vt 0.4141 0.5000 0.0000
vt 0.4180 0.5000 0.0000
vt 0.4219 0.5000 0.0000
vt 0.4258 0.5000 0.0000
vt 0.4297 0.5000 0.0000
vt 0.4023 0.5625 0.0000
vt 0.3984 0.6250 0.0000
vt 0.3984 0.5625 0.0000
vt 0.4023 0.6250 0.0000
vt 0.3984 0.6875 0.0000
vt 0.4023 0.6875 0.0000
vt 0.3984 0.7500 0.0000
vt 0.4023 0.7500 0.0000
vt 0.3984 0.8125 0.0000
vt 0.4023 0.8125 0.0000
vt 0.3984 0.8750 0.0000
vt 0.4023 0.8750 0.0000
vt 0.3984 0.9375 0.0000
vt 0.3945 0.6250 0.0000
vt 0.3945 0.5625 0.0000
vt 0.3945 0.6875 0.0000
vt 0.3945 0.7500 0.0000
vt 0.3945 0.8125 0.0000
vt 0.3945 0.8750 0.0000
vt 0.3945 0.9375 0.0000
vt 0.3906 0.6250 0.0000
vt 0.3906 0.5625 0.0000
vt 0.3906 0.6875 0.0000
vt 0.3906 0.7500 0.0000
vt 0.3906 0.8125 0.0000
vt 0.3906 0.8750 0.0000
vt 0.3906 0.9375 0.0000
vt 0.3867 0.6250 0.0000
vt 0.3867 0.5625 0.0000
vt 0.3867 0.6875 0.0000
vt 0.3867 0.7500 0.0000
vt 0.3867 0.8125 0.0000
vt 0.3867 0.8750 0.0000
vt 0.3867 0.9375 0.0000
vt 0.3828 0.6250 0.0000
vt 0.3828 0.5625 0.0000
vt 0.3828 0.6875 0.0000
vt 0.3828 0.7500 0.0000
vt 0.3828 0.8125 0.0000
vt 0.3828 0.8750 0.0000
vt 0.3828 0.9375 0.0000
vt 0.3789 0.6250 0.0000
vt 0.3789 0.5625 0.0000
vt 0.3789 0.6875 0.0000
vt 0.3789 0.7500 0.0000
vt 0.3789 0.8125 0.0000
vt 0.3789 0.8750 0.0000
vt 0.3789 0.9375 0.0000
vt 0.4023 0.5000 0.0000
vt 0.4023 0.9375 0.0000
vt 0.4023 1.0000 0.0000
vt 0.3984 1.0000 0.0000
vt 0.3945 1.0000 0.0000
vt 0.3906 1.0000 0.0000
vt 0.3867 1.0000 0.0000
vt 0.3828 1.0000 0.0000
vt 0.3789 1.0000 0.0000
vt 0.3750 1.0000 0.0000
vt 0.3750 0.9375 0.0000
vt 0.3750 0.8750 0.0000
vt 0.3750 0.8125 0.0000
vt 0.3750 0.7500 0.0000
vt 0.3750 0.6875 0.0000
vt 0.3750 0.6250 0.0000
vt 0.3750 0.5625 0.0000
vt 0.3789 0.5000 0.0000
vt 0.3750 0.5000 0.0000
vt 0.3828 0.5000 0.0000
vt 0.3867 0.5000 0.0000
vt 0.3906 0.5000 0.0000
vt 0.3945 0.5000 0.0000
vt 0.3984 0.5000 0.0000
vt 0.3711 0.5625 0.0000
vt 0.3672 0.6250 0.0000
vt 0.3672 0.5625 0.0000
vt 0.3711 0.6250 0.0000
vt 0.3672 0.6875 0.0000
vt 0.3711 0.6875 0.0000
vt 0.3672 0.7500 0.0000
vt 0.3711 0.7500 0.0000
vt 0.3672 0.8125 0.0000
vt 0.3711 0.8125 0.0000
vt 0.3672 0.8750 0.0000
vt 0.3711 0.8750 0.0000
vt 0.3672 0.9375 0.0000
vt 0.3633 0.6250 0.0000
vt 0.3633 0.5625 0.0000
vt 0.3633 0.6875 0.0000
vt 0.3633 0.7500 0.0000
vt 0.3633 0.8125 0.0000
vt 0.3633 0.8750 0.0000
vt 0.3633 0.9375 0.0000
vt 0.3594 0.6250 0.0000
vt 0.3594 0.5625 0.0000
vt 0.3594 0.6875 0.0000
vt 0.3594 0.7500 0.0000
vt 0.3594 0.8125 0.0000
vt 0.3594 0.8750 0.0000
vt 0.3594 0.9375 0.0000
vt 0.3555 0.6250 0.0000
vt 0.3555 0.5625 0.0000
vt 0.3555 0.6875 0.0000
vt 0.3555 0.7500 0.0000
vt 0.3555 0.8125 0.0000
vt 0.3555 0.8750 0.0000
vt 0.3555 0.9375 0.0000
vt 0.3516 0.6250 0.0000
vt 0.3516 0.5625 0.0000
vt 0.3516 0.6875 0.0000
vt 0.3516 0.7500 0.0000
vt 0.3516 0.8125 0.0000
vt 0.3516 0.8750 0.0000
vt 0.3516 0.9375 0.0000
vt 0.3477 0.6250 0.0000
vt 0.3477 0.5625 0.0000
vt 0.3477 0.6875 0.0000
vt 0.3477 0.7500 0.0000
vt 0.3477 0.8125 0.0000
vt 0.3477 0.8750 0.0000
vt 0.3477 0.9375 0.0000
vt 0.3711 0.5000 0.0000
vt 0.3711 0.9375 0.0000
vt 0.3711 1.0000 0.0000
vt 0.3672 1.0000 0.0000
vt 0.3633 1.0000 0.0000
vt 0.3594 1.0000 0.0000
vt 0.3555 1.0000 0.0000
vt 0.3516 1.0000 0.0000
vt 0.3477 1.0000 0.0000
vt 0.3438 1.0000 0.0000
vt 0.3438 0.9375 0.0000
vt 0.3438 0.8750 0.0000
vt 0.3438 0.8125 0.0000
vt 0.3438 0.7500 0.0000
vt 0.3438 0.6875 0.0000
vt 0.3438 0.6250 0.0000
vt 0.3438 0.5625 0.0000
vt 0.3477 0.5000 0.0000
vt 0.3438 0.5000 0.0000
vt 0.3516 0.5000 0.0000
vt 0.3555 0.5000 0.0000
vt 0.3594 0.5000 0.0000
vt 0.3633 0.5000 0.0000
vt 0.3672 0.5000 0.0000
vt 0.3398 0.5625 0.0000
vt 0.3359 0.6250 0.0000
vt 0.3359 0.5625 0.0000
vt 0.3398 0.6250 0.0000
vt 0.3359 0.6875 0.0000
vt 0.3398 0.6875 0.0000
vt 0.3359 0.7500 0.0000
vt 0.3398 0.7500 0.0000
vt 0.3359 0.8125 0.0000
vt 0.3398 0.8125 0.0000
vt 0.3359 0.8750 0.0000
vt 0.3398 0.8750 0.0000
vt 0.3359 0.9375 0.0000
vt 0.3320 0.6250 0.0000
vt 0.3320 0.5625 0.0000
vt 0.3320 0.6875 0.0000
vt 0.3320 0.7500 0.0000
vt 0.3320 0.8125 0.0000
vt 0.3320 0.8750 0.0000
vt 0.3320 0.9375 0.0000
vt 0.3281 0.6250 0.0000
vt 0.3281 0.5625 0.0000
vt 0.3281 0.6875 0.0000
vt 0.3281 0.7500 0.0000
vt 0.3281 0.8125 0.0000
vt 0.3281 0.8750 0.0000
vt 0.3281 0.9375 0.0000
vt 0.3242 0.6250 0.0000
vt 0.3242 0.5625 0.0000
vt 0.3242 0.6875 0.0000
vt 0.3242 0.7500 0.0000
vt 0.3242 0.8125 0.0000
vt 0.3242 0.8750 0.0000
vt 0.3242 0.9375 0.0000
vt 0.3203 0.6250 0.0000
vt 0.3203 0.5625 0.0000
vt 0.3203 0.6875 0.0000
vt 0.3203 0.7500 0.0000
vt 0.3203 0.8125 0.0000
vt 0.3203 0.8750 0.0000
vt 0.3203 0.9375 0.0000
vt 0.3164 0.6250 0.0000
vt 0.3164 0.5625 0.0000
vt 0.3164 0.6875 0.0000
vt 0.3164 0.7500 0.0000
vt 0.3164 0.8125 0.0000
vt 0.3164 0.8750 0.0000
vt 0.3164 0.9375 0.0000
vt 0.3398 0.5000 0.0000
vt 0.3398 0.9375 0.0000
vt 0.3398 1.0000 0.0000
vt 0.3359 1.0000 0.0000
vt 0.3320 1.0000 0.0000
vt 0.3281 1.0000 0.0000
vt 0.3242 1.0000 0.0000
vt 0.3203 1.0000 0.0000
vt 0.3164 1.0000 0.0000
vt 0.3125 1.0000 0.0000
vt 0.3125 0.9375 0.0000
vt 0.3125 0.8750 0.0000
vt 0.3125 0.8125 0.0000
vt 0.3125 0.7500 0.0000
vt 0.3125 0.6875 0.0000
vt 0.3125 0.6250 0.0000
vt 0.3125 0.5625 0.0000
vt 0.3164 0.5000 0.0000
vt 0.3125 0.5000 0.0000
vt 0.3203 0.5000 0.0000
vt 0.3242 0.5000 0.0000
vt 0.3281 0.5000 0.0000
vt 0.3320 0.5000 0.0000
vt 0.3359 0.5000 0.0000
vt 0.3086 0.5625 0.0000
vt 0.3047 0.6250 0.0000
vt 0.3047 0.5625 0.0000
vt 0.3086 0.6250 0.0000
vt 0.3047 0.6875 0.0000
vt 0.3086 0.6875 0.0000
vt 0.3047 0.7500 0.0000
vt 0.3086 0.7500 0.0000
vt 0.3047 0.8125 0.0000
vt 0.3086 0.8125 0.0000
vt 0.3047 0.8750 0.0000
vt 0.3086 0.8750 0.0000
vt 0.3047 0.9375 0.0000
vt 0.3008 0.6250 0.0000
vt 0.3008 0.5625 0.0000
vt 0.3008 0.6875 0.0000
vt 0.3008 0.7500 0.0000
vt 0.3008 0.8125 0.0000
vt 0.3008 0.8750 0.0000
vt 0.3008 0.9375 0.0000
vt 0.2969 0.6250 0.0000
vt 0.2969 0.5625 0.0000
vt 0.2969 0.6875 0.0000
vt 0.2969 0.7500 0.0000
vt 0.2969 0.8125 0.0000
vt 0.2969 0.8750 0.0000
vt 0.2969 0.9375 0.0000
vt 0.2930 0.6250 0.0000
vt 0.2930 0.5625 0.0000
vt 0.2930 0.6875 0.0000
vt 0.2930 0.7500 0.0000
vt 0.2930 0.8125 0.0000
vt 0.2930 0.8750 0.0000
vt 0.2930 0.9375 0.0000
vt 0.2891 0.6250 0.0000
vt 0.2891 0.5625 0.0000
vt 0.2891 0.6875 0.0000
vt 0.2891 0.7500 0.0000
vt 0.2891 0.8125 0.0000
vt 0.2891 0.8750 0.0000
vt 0.2891 0.9375 0.0000
vt 0.2852 0.6250 0.0000
vt 0.2852 0.5625 0.0000
vt 0.2852 0.6875 0.0000
vt 0.2852 0.7500 0.0000
vt 0.2852 0.8125 0.0000
vt 0.2852 0.8750 0.0000
vt 0.2852 0.9375 0.0000
vt 0.3086 0.5000 0.0000
vt 0.3086 0.9375 0.0000
vt 0.3086 1.0000 0.0000
vt 0.3047 1.0000 0.0000
vt 0.3008 1.0000 0.0000
vt 0.2969 1.0000 0.0000
vt 0.2891 1.0000 0.0000
vt 0.2852 1.0000 0.0000
vt 0.2812 0.9375 0.0000
vt 0.2812 0.8750 0.0000
vt 0.2812 0.8125 0.0000
vt 0.2812 0.7500 0.0000
vt 0.2812 0.6875 0.0000
vt 0.2812 0.6250 0.0000
vt 0.2812 0.5625 0.0000
vt 0.2852 0.5000 0.0000
vt 0.2812 0.5000 0.0000
vt 0.2891 0.5000 0.0000
vt 0.2930 0.5000 0.0000
vt 0.2969 0.5000 0.0000
vt 0.3008 0.5000 0.0000
vt 0.3047 0.5000 0.0000
vt 0.2773 0.5625 0.0000
vt 0.2734 0.6250 0.0000
vt 0.2734 0.5625 0.0000
vt 0.2773 0.6250 0.0000
vt 0.2734 0.6875 0.0000
vt 0.2773 0.6875 0.0000
vt 0.2734 0.7500 0.0000
vt 0.2773 0.7500 0.0000
vt 0.2734 0.8125 0.0000
vt 0.2773 0.8125 0.0000
vt 0.2734 0.8750 0.0000
vt 0.2773 0.8750 0.0000
vt 0.2734 0.9375 0.0000
vt 0.2695 0.6250 0.0000
vt 0.2695 0.5625 0.0000
vt 0.2695 0.6875 0.0000
vt 0.2695 0.7500 0.0000
vt 0.2695 0.8125 0.0000
vt 0.2695 0.8750 0.0000
vt 0.2695 0.9375 0.0000
vt 0.2656 0.6250 0.0000
vt 0.2656 0.5625 0.0000
vt 0.2656 0.6875 0.0000
vt 0.2656 0.7500 0.0000
vt 0.2656 0.8125 0.0000
vt 0.2656 0.8750 0.0000
vt 0.2656 0.9375 0.0000
vt 0.2617 0.6250 0.0000
vt 0.2617 0.5625 0.0000
vt 0.2617 0.6875 0.0000
vt 0.2617 0.7500 0.0000
vt 0.2617 0.8125 0.0000
vt 0.2617 0.8750 0.0000
vt 0.2617 0.9375 0.0000
vt 0.2578 0.6250 0.0000
vt 0.2578 0.5625 0.0000
vt 0.2578 0.6875 0.0000
vt 0.2578 0.7500 0.0000
vt 0.2578 0.8125 0.0000
vt 0.2578 0.8750 0.0000
vt 0.2578 0.9375 0.0000
vt 0.2539 0.6250 0.0000
vt 0.2539 0.5625 0.0000
vt 0.2539 0.6875 0.0000
vt 0.2539 0.7500 0.0000
vt 0.2539 0.8125 0.0000
vt 0.2539 0.8750 0.0000
vt 0.2539 0.9375 0.0000
vt 0.2773 0.5000 0.0000
vt 0.2773 0.9375 0.0000
vt 0.2773 1.0000 0.0000
vt 0.2734 1.0000 0.0000
vt 0.2695 1.0000 0.0000
vt 0.2656 1.0000 0.0000
vt 0.2617 1.0000 0.0000
vt 0.2578 1.0000 0.0000
vt 0.2539 1.0000 0.0000
vt 0.2500 1.0000 0.0000
vt 0.2500 0.9375 0.0000
vt 0.2500 0.8750 0.0000
vt 0.2500 0.8125 0.0000
vt 0.2500 0.7500 0.0000
vt 0.2500 0.6875 0.0000
vt 0.2500 0.6250 0.0000
vt 0.2500 0.5625 0.0000
vt 0.2539 0.5000 0.0000
vt 0.2500 0.5000 0.0000
vt 0.2578 0.5000 0.0000
vt 0.2617 0.5000 0.0000
vt 0.2656 0.5000 0.0000
vt 0.2695 0.5000 0.0000
vt 0.2734 0.5000 0.0000
vt 0.2461 0.5625 0.0000
vt 0.2422 0.6250 0.0000
vt 0.2422 0.5625 0.0000
vt 0.2461 0.6250 0.0000
vt 0.2422 0.6875 0.0000
vt 0.2461 0.6875 0.0000
vt 0.2422 0.7500 0.0000
vt 0.2461 0.7500 0.0000
vt 0.2422 0.8125 0.0000
vt 0.2461 0.8125 0.0000
vt 0.2422 0.8750 0.0000
vt 0.2461 0.8750 0.0000
vt 0.2422 0.9375 0.0000
vt 0.2383 0.6250 0.0000
vt 0.2383 0.5625 0.0000
vt 0.2383 0.6875 0.0000
vt 0.2383 0.7500 0.0000
vt 0.2383 0.8125 0.0000
vt 0.2383 0.8750 0.0000
vt 0.2383 0.9375 0.0000
vt 0.2344 0.6250 0.0000
vt 0.2344 0.5625 0.0000
vt 0.2344 0.6875 0.0000
vt 0.2344 0.7500 0.0000
vt 0.2344 0.8125 0.0000
vt 0.2344 0.8750 0.0000
vt 0.2344 0.9375 0.0000
vt 0.2305 0.6250 0.0000
vt 0.2305 0.5625 0.0000
vt 0.2305 0.6875 0.0000
vt 0.2305 0.7500 0.0000
vt 0.2305 0.8125 0.0000
vt 0.2305 0.8750 0.0000
vt 0.2305 0.9375 0.0000
vt 0.2266 0.6250 0.0000
vt 0.2266 0.5625 0.0000
vt 0.2266 0.6875 0.0000
vt 0.2266 0.7500 0.0000
vt 0.2266 0.8125 0.0000
vt 0.2266 0.8750 0.0000
vt 0.2266 0.9375 0.0000
vt 0.2227 0.6250 0.0000
vt 0.2227 0.5625 0.0000
vt 0.2227 0.6875 0.0000
vt 0.2227 0.7500 0.0000
vt 0.2227 0.8125 0.0000
vt 0.2227 0.8750 0.0000
vt 0.2227 0.9375 0.0000
vt 0.2461 0.5000 0.0000
vt 0.2461 0.9375 0.0000
vt 0.2461 1.0000 0.0000
vt 0.2422 1.0000 0.0000
vt 0.2383 1.0000 0.0000
vt 0.2344 1.0000 0.0000
vt 0.2305 1.0000 0.0000
vt 0.2266 1.0000 0.0000
vt 0.2227 1.0000 0.0000
vt 0.2188 1.0000 0.0000
vt 0.2188 0.9375 0.0000
vt 0.2188 0.8750 0.0000
vt 0.2188 0.8125 0.0000
vt 0.2188 0.7500 0.0000
vt 0.2188 0.6875 0.0000
vt 0.2188 0.6250 0.0000
vt 0.2188 0.5625 0.0000
vt 0.2227 0.5000 0.0000
vt 0.2188 0.5000 0.0000
vt 0.2266 0.5000 0.0000
vt 0.2305 0.5000 0.0000
vt 0.2344 0.5000 0.0000
vt 0.2383 0.5000 0.0000
vt 0.2422 0.5000 0.0000
vt 0.2148 0.5625 0.0000
vt 0.2109 0.6250 0.0000
vt 0.2109 0.5625 0.0000
vt 0.2148 0.6250 0.0000
vt 0.2109 0.6875 0.0000
vt 0.2148 0.6875 0.0000
vt 0.2109 0.7500 0.0000
vt 0.2148 0.7500 0.0000
vt 0.2109 0.8125 0.0000
vt 0.2148 0.8125 0.0000
vt 0.2109 0.8750 0.0000
vt 0.2148 0.8750 0.0000
vt 0.2109 0.9375 0.0000
vt 0.2070 0.6250 0.0000
vt 0.2070 0.5625 0.0000
vt 0.2070 0.6875 0.0000
vt 0.2070 0.7500 0.0000
vt 0.2070 0.8125 0.0000
vt 0.2070 0.8750 0.0000
vt 0.2070 0.9375 0.0000
vt 0.2031 0.6250 0.0000
vt 0.2031 0.5625 0.0000
vt 0.2031 0.6875 0.0000
vt 0.2031 0.7500 0.0000
vt 0.2031 0.8125 0.0000
vt 0.2031 0.8750 0.0000
vt 0.2031 0.9375 0.0000
vt 0.1992 0.6250 0.0000
vt 0.1992 0.5625 0.0000
vt 0.1992 0.6875 0.0000
vt 0.1992 0.7500 0.0000
vt 0.1992 0.8125 0.0000
vt 0.1992 0.8750 0.0000
vt 0.1992 0.9375 0.0000
vt 0.1953 0.6250 0.0000
vt 0.1953 0.5625 0.0000
vt 0.1953 0.6875 0.0000
vt 0.1953 0.7500 0.0000
vt 0.1953 0.8125 0.0000
vt 0.1953 0.8750 0.0000
vt 0.1953 0.9375 0.0000
vt 0.1914 0.6250 0.0000
vt 0.1914 0.5625 0.0000
vt 0.1914 0.6875 0.0000
vt 0.1914 0.7500 0.0000
vt 0.1914 0.8125 0.0000
vt 0.1914 0.8750 0.0000
vt 0.1914 0.9375 0.0000
vt 0.2148 0.5000 0.0000
vt 0.2148 1.0000 0.0000
vt 0.2148 0.9375 0.0000
vt 0.2109 1.0000 0.0000
vt 0.2070 1.0000 0.0000
vt 0.2031 1.0000 0.0000
vt 0.1992 1.0000 0.0000
vt 0.1953 1.0000 0.0000
vt 0.1914 1.0000 0.0000
vt 0.1875 1.0000 0.0000
vt 0.1875 0.9375 0.0000
vt 0.1875 0.8750 0.0000
vt 0.1875 0.8125 0.0000
vt 0.1875 0.7500 0.0000
vt 0.1875 0.6875 0.0000
vt 0.1875 0.6250 0.0000
vt 0.1875 0.5625 0.0000
vt 0.1914 0.5000 0.0000
vt 0.1875 0.5000 0.0000
vt 0.1953 0.5000 0.0000
vt 0.1992 0.5000 0.0000
vt 0.2031 0.5000 0.0000
vt 0.2070 0.5000 0.0000
vt 0.2109 0.5000 0.0000
vt 0.1836 0.5625 0.0000
vt 0.1797 0.6250 0.0000
vt 0.1797 0.5625 0.0000
vt 0.1836 0.6250 0.0000
vt 0.1797 0.6875 0.0000
vt 0.1836 0.6875 0.0000
vt 0.1797 0.7500 0.0000
vt 0.1836 0.7500 0.0000
vt 0.1797 0.8125 0.0000
vt 0.1836 0.8125 0.0000
vt 0.1797 0.8750 0.0000
vt 0.1836 0.8750 0.0000
vt 0.1797 0.9375 0.0000
vt 0.1758 0.6250 0.0000
vt 0.1758 0.5625 0.0000
vt 0.1758 0.6875 0.0000
vt 0.1758 0.7500 0.0000
vt 0.1758 0.8125 0.0000
vt 0.1758 0.8750 0.0000
vt 0.1758 0.9375 0.0000
vt 0.1719 0.6250 0.0000
vt 0.1719 0.5625 0.0000
vt 0.1719 0.6875 0.0000
vt 0.1719 0.7500 0.0000
vt 0.1719 0.8125 0.0000
vt 0.1719 0.8750 0.0000
vt 0.1719 0.9375 0.0000
vt 0.1680 0.6250 0.0000
vt 0.1680 0.5625 0.0000
vt 0.1680 0.6875 0.0000
vt 0.1680 0.7500 0.0000
vt 0.1680 0.8125 0.0000
vt 0.1680 0.8750 0.0000
vt 0.1680 0.9375 0.0000
vt 0.1641 0.6250 0.0000
vt 0.1641 0.5625 0.0000
vt 0.1641 0.6875 0.0000
vt 0.1641 0.7500 0.0000
vt 0.1641 0.8125 0.0000
vt 0.1641 0.8750 0.0000
vt 0.1641 0.9375 0.0000
vt 0.1602 0.6250 0.0000
vt 0.1602 0.5625 0.0000
vt 0.1602 0.6875 0.0000
vt 0.1602 0.7500 0.0000
vt 0.1602 0.8750 0.0000
vt 0.1602 0.8125 0.0000
vt 0.1602 0.9375 0.0000
vt 0.1836 0.5000 0.0000
vt 0.1836 0.9375 0.0000
vt 0.1836 1.0000 0.0000
vt 0.1797 1.0000 0.0000
vt 0.1758 1.0000 0.0000
vt 0.1719 1.0000 0.0000
vt 0.1680 1.0000 0.0000
vt 0.1641 1.0000 0.0000
vt 0.1602 1.0000 0.0000
vt 0.1562 1.0000 0.0000
vt 0.1562 0.9375 0.0000
vt 0.1562 0.8750 0.0000
vt 0.1562 0.8125 0.0000
vt 0.1562 0.7500 0.0000
vt 0.1562 0.6875 0.0000
vt 0.1562 0.6250 0.0000
vt 0.1562 0.5625 0.0000
vt 0.1602 0.5000 0.0000
vt 0.1562 0.5000 0.0000
vt 0.1641 0.5000 0.0000
vt 0.1680 0.5000 0.0000
vt 0.1719 0.5000 0.0000
vt 0.1758 0.5000 0.0000
vt 0.1797 0.5000 0.0000
vt 0.1523 0.5625 0.0000
vt 0.1484 0.6250 0.0000
vt 0.1484 0.5625 0.0000
vt 0.1523 0.6250 0.0000
vt 0.1484 0.6875 0.0000
vt 0.1523 0.6875 0.0000
vt 0.1484 0.7500 0.0000
vt 0.1523 0.7500 0.0000
vt 0.1484 0.8125 0.0000
vt 0.1523 0.8125 0.0000
vt 0.1484 0.8750 0.0000
vt 0.1523 0.8750 0.0000
vt 0.1484 0.9375 0.0000
vt 0.1445 0.6250 0.0000
vt 0.1445 0.5625 0.0000
vt 0.1445 0.6875 0.0000
vt 0.1445 0.7500 0.0000
vt 0.1445 0.8125 0.0000
vt 0.1445 0.8750 0.0000
vt 0.1445 0.9375 0.0000
vt 0.1406 0.6250 0.0000
vt 0.1406 0.5625 0.0000
vt 0.1406 0.6875 0.0000
vt 0.1406 0.7500 0.0000
vt 0.1406 0.8125 0.0000
vt 0.1406 0.8750 0.0000
vt 0.1406 0.9375 0.0000
vt 0.1367 0.6250 0.0000
vt 0.1367 0.5625 0.0000
vt 0.1367 0.6875 0.0000
vt 0.1367 0.7500 0.0000
vt 0.1367 0.8125 0.0000
vt 0.1367 0.8750 0.0000
vt 0.1367 0.9375 0.0000
vt 0.1328 0.6250 0.0000
vt 0.1328 0.5625 0.0000
vt 0.1328 0.6875 0.0000
vt 0.1328 0.7500 0.0000
vt 0.1328 0.8125 0.0000
vt 0.1328 0.8750 0.0000
vt 0.1328 0.9375 0.0000
vt 0.1289 0.6250 0.0000
vt 0.1289 0.5625 0.0000
vt 0.1289 0.6875 0.0000
vt 0.1289 0.7500 0.0000
vt 0.1289 0.8125 0.0000
vt 0.1289 0.8750 0.0000
vt 0.1289 0.9375 0.0000
vt 0.1523 0.5000 0.0000
vt 0.1523 0.9375 0.0000
vt 0.1523 1.0000 0.0000
vt 0.1484 1.0000 0.0000
vt 0.1445 1.0000 0.0000
vt 0.1406 1.0000 0.0000
vt 0.1367 1.0000 0.0000
vt 0.1328 1.0000 0.0000
vt 0.1289 1.0000 0.0000
vt 0.1250 1.0000 0.0000
vt 0.1250 0.9375 0.0000
vt 0.1250 0.8750 0.0000
vt 0.1250 0.8125 0.0000
vt 0.1250 0.7500 0.0000
vt 0.1250 0.6875 0.0000
vt 0.1250 0.6250 0.0000
vt 0.1250 0.5625 0.0000
vt 0.1289 0.5000 0.0000
vt 0.1250 0.5000 0.0000
vt 0.1328 0.5000 0.0000
vt 0.1367 0.5000 0.0000
vt 0.1406 0.5000 0.0000
vt 0.1445 0.5000 0.0000
vt 0.1484 0.5000 0.0000
vt 0.1211 0.5625 0.0000
vt 0.1172 0.6250 0.0000
vt 0.1172 0.5625 0.0000
vt 0.1211 0.6250 0.0000
vt 0.1172 0.6875 0.0000
vt 0.1211 0.6875 0.0000
vt 0.1172 0.7500 0.0000
vt 0.1211 0.7500 0.0000
vt 0.1172 0.8125 0.0000
vt 0.1211 0.8125 0.0000
vt 0.1172 0.8750 0.0000
vt 0.1211 0.8750 0.0000
vt 0.1172 0.9375 0.0000
vt 0.1133 0.6250 0.0000
vt 0.1133 0.5625 0.0000
vt 0.1133 0.6875 0.0000
vt 0.1133 0.7500 0.0000
vt 0.1133 0.8125 0.0000
vt 0.1133 0.8750 0.0000
vt 0.1133 0.9375 0.0000
vt 0.1094 0.6250 0.0000
vt 0.1094 0.5625 0.0000
vt 0.1094 0.6875 0.0000
vt 0.1094 0.7500 0.0000
vt 0.1094 0.8125 0.0000
vt 0.1094 0.8750 0.0000
vt 0.1094 0.9375 0.0000
vt 0.1055 0.6250 0.0000
vt 0.1055 0.5625 0.0000
vt 0.1055 0.6875 0.0000
vt 0.1055 0.7500 0.0000
vt 0.1055 0.8125 0.0000
vt 0.1055 0.8750 0.0000
vt 0.1055 0.9375 0.0000
vt 0.1016 0.6250 0.0000
vt 0.1016 0.5625 0.0000
vt 0.1016 0.6875 0.0000
vt 0.1016 0.7500 0.0000
vt 0.1016 0.8125 0.0000
vt 0.1016 0.8750 0.0000
vt 0.1016 0.9375 0.0000
vt 0.0977 0.6250 0.0000
vt 0.0977 0.5625 0.0000
vt 0.0977 0.6875 0.0000
vt 0.0977 0.7500 0.0000
vt 0.0977 0.8125 0.0000
vt 0.0977 0.8750 0.0000
vt 0.1211 0.5000 0.0000
vt 0.1211 0.9375 0.0000
vt 0.1211 1.0000 0.0000
vt 0.1172 1.0000 0.0000
vt 0.1133 1.0000 0.0000
vt 0.1094 1.0000 0.0000
vt 0.1055 1.0000 0.0000
vt 0.1016 1.0000 0.0000
vt 0.0977 1.0000 0.0000
vt 0.0977 0.9375 0.0000
vt 0.0938 1.0000 0.0000
vt 0.0938 0.9375 0.0000
vt 0.0938 0.8750 0.0000
vt 0.0938 0.8125 0.0000
vt 0.0938 0.7500 0.0000
vt 0.0938 0.6875 0.0000
vt 0.0938 0.6250 0.0000
vt 0.0938 0.5625 0.0000
vt 0.0977 0.5000 0.0000
vt 0.0938 0.5000 0.0000
vt 0.1016 0.5000 0.0000
vt 0.1055 0.5000 0.0000
vt 0.1094 0.5000 0.0000
vt 0.1133 0.5000 0.0000
vt 0.1172 0.5000 0.0000
vt 0.0898 0.5625 0.0000
vt 0.0859 0.6250 0.0000
vt 0.0859 0.5625 0.0000
vt 0.0898 0.6250 0.0000
vt 0.0859 0.6875 0.0000
vt 0.0898 0.6875 0.0000
vt 0.0859 0.7500 0.0000
vt 0.0898 0.7500 0.0000
vt 0.0859 0.8125 0.0000
vt 0.0898 0.8125 0.0000
vt 0.0859 0.8750 0.0000
vt 0.0898 0.8750 0.0000
vt 0.0859 0.9375 0.0000
vt 0.0820 0.6250 0.0000
vt 0.0820 0.5625 0.0000
vt 0.0820 0.6875 0.0000
vt 0.0820 0.7500 0.0000
vt 0.0820 0.8125 0.0000
vt 0.0820 0.8750 0.0000
vt 0.0820 0.9375 0.0000
vt 0.0781 0.6250 0.0000
vt 0.0781 0.5625 0.0000
vt 0.0781 0.6875 0.0000
vt 0.0781 0.7500 0.0000
vt 0.0781 0.8125 0.0000
vt 0.0781 0.8750 0.0000
vt 0.0781 0.9375 0.0000
vt 0.0742 0.6250 0.0000
vt 0.0742 0.5625 0.0000
vt 0.0742 0.6875 0.0000
vt 0.0742 0.7500 0.0000
vt 0.0742 0.8125 0.0000
vt 0.0742 0.8750 0.0000
vt 0.0742 0.9375 0.0000
vt 0.0703 0.6250 0.0000
vt 0.0703 0.5625 0.0000
vt 0.0703 0.6875 0.0000
vt 0.0703 0.7500 0.0000
vt 0.0703 0.8125 0.0000
vt 0.0703 0.8750 0.0000
vt 0.0703 0.9375 0.0000
vt 0.0664 0.6250 0.0000
vt 0.0664 0.5625 0.0000
vt 0.0664 0.6875 0.0000
vt 0.0664 0.7500 0.0000
vt 0.0664 0.8125 0.0000
vt 0.0664 0.8750 0.0000
vt 0.0664 0.9375 0.0000
vt 0.0898 0.5000 0.0000
vt 0.0898 0.9375 0.0000
vt 0.0898 1.0000 0.0000
vt 0.0859 1.0000 0.0000
vt 0.0820 1.0000 0.0000
vt 0.0781 1.0000 0.0000
vt 0.0742 1.0000 0.0000
vt 0.0703 1.0000 0.0000
vt 0.0664 1.0000 0.0000
vt 0.0625 1.0000 0.0000
vt 0.0625 0.9375 0.0000
vt 0.0625 0.8750 0.0000
vt 0.0625 0.8125 0.0000
vt 0.0625 0.7500 0.0000
vt 0.0625 0.6875 0.0000
vt 0.0625 0.6250 0.0000
vt 0.0625 0.5625 0.0000
vt 0.0664 0.5000 0.0000
vt 0.0625 0.5000 0.0000
vt 0.0703 0.5000 0.0000
vt 0.0742 0.5000 0.0000
vt 0.0781 0.5000 0.0000
vt 0.0820 0.5000 0.0000
vt 0.0859 0.5000 0.0000
vt 0.0586 0.5625 0.0000
vt 0.0547 0.6250 0.0000
vt 0.0547 0.5625 0.0000
vt 0.0586 0.6250 0.0000
vt 0.0547 0.6875 0.0000
vt 0.0586 0.6875 0.0000
vt 0.0547 0.7500 0.0000
vt 0.0586 0.7500 0.0000
vt 0.0547 0.8125 0.0000
vt 0.0586 0.8125 0.0000
vt 0.0547 0.8750 0.0000
vt 0.0586 0.8750 0.0000
vt 0.0547 0.9375 0.0000
vt 0.0508 0.6250 0.0000
vt 0.0508 0.5625 0.0000
vt 0.0508 0.6875 0.0000
vt 0.0508 0.7500 0.0000
vt 0.0508 0.8125 0.0000
vt 0.0508 0.8750 0.0000
vt 0.0508 0.9375 0.0000
vt 0.0469 0.6250 0.0000
vt 0.0469 0.5625 0.0000
vt 0.0469 0.6875 0.0000
vt 0.0469 0.7500 0.0000
vt 0.0469 0.8125 0.0000
vt 0.0469 0.8750 0.0000
vt 0.0469 0.9375 0.0000
vt 0.0430 0.6250 0.0000
vt 0.0430 0.5625 0.0000
vt 0.0430 0.6875 0.0000
vt 0.0430 0.7500 0.0000
vt 0.0430 0.8125 0.0000
vt 0.0430 0.8750 0.0000
vt 0.0430 0.9375 0.0000
vt 0.0391 0.6250 0.0000
vt 0.0391 0.5625 0.0000
vt 0.0391 0.6875 0.0000
vt 0.0391 0.7500 0.0000
vt 0.0391 0.8125 0.0000
vt 0.0391 0.8750 0.0000
vt 0.0391 0.9375 0.0000
vt 0.0352 0.6250 0.0000
vt 0.0352 0.5625 0.0000
vt 0.0352 0.6875 0.0000
vt 0.0352 0.7500 0.0000
vt 0.0352 0.8125 0.0000
vt 0.0352 0.8750 0.0000
vt 0.0352 0.9375 0.0000
vt 0.0586 0.5000 0.0000
vt 0.0586 0.9375 0.0000
vt 0.0586 1.0000 0.0000
vt 0.0547 1.0000 0.0000
vt 0.0508 1.0000 0.0000
vt 0.0469 1.0000 0.0000
vt 0.0430 1.0000 0.0000
vt 0.0391 1.0000 0.0000
vt 0.0352 1.0000 0.0000
vt 0.0312 1.0000 0.0000
vt 0.0312 0.9375 0.0000
vt 0.0312 0.8750 0.0000
vt 0.0312 0.8125 0.0000
vt 0.0312 0.7500 0.0000
vt 0.0312 0.6875 0.0000
vt 0.0312 0.6250 0.0000
vt 0.0312 0.5625 0.0000
vt 0.0352 0.5000 0.0000
vt 0.0312 0.5000 0.0000
vt 0.0391 0.5000 0.0000
vt 0.0430 0.5000 0.0000
vt 0.0469 0.5000 0.0000
vt 0.0508 0.5000 0.0000
vt 0.0547 0.5000 0.0000
vt 0.0273 0.5625 0.0000
vt 0.0234 0.6250 0.0000
vt 0.0234 0.5625 0.0000
vt 0.0273 0.6250 0.0000
vt 0.0234 0.6875 0.0000
vt 0.0273 0.6875 0.0000
vt 0.0234 0.7500 0.0000
vt 0.0273 0.7500 0.0000
vt 0.0234 0.8125 0.0000
vt 0.0273 0.8125 0.0000
vt 0.0234 0.8750 0.0000
vt 0.0273 0.8750 0.0000
vt 0.0234 0.9375 0.0000
vt 0.0195 0.6250 0.0000
vt 0.0195 0.5625 0.0000
vt 0.0195 0.6875 0.0000
vt 0.0195 0.7500 0.0000
vt 0.0195 0.8125 0.0000
vt 0.0195 0.8750 0.0000
vt 0.0195 0.9375 0.0000
vt 0.0156 0.6250 0.0000
vt 0.0156 0.5625 0.0000
vt 0.0156 0.6875 0.0000
vt 0.0156 0.7500 0.0000
vt 0.0156 0.8125 0.0000
vt 0.0156 0.8750 0.0000
vt 0.0156 0.9375 0.0000
vt 0.0117 0.6250 0.0000
vt 0.0117 0.5625 0.0000
vt 0.0117 0.6875 0.0000
vt 0.0117 0.7500 0.0000
vt 0.0117 0.8125 0.0000
vt 0.0117 0.8750 0.0000
vt 0.0117 0.9375 0.0000
vt 0.0078 0.6250 0.0000
vt 0.0078 0.5625 0.0000
vt 0.0078 0.6875 0.0000
vt 0.0078 0.7500 0.0000
vt 0.0078 0.8125 0.0000
vt 0.0078 0.8750 0.0000
vt 0.0078 0.9375 0.0000
vt 0.0039 0.6250 0.0000
vt 0.0039 0.5625 0.0000
vt 0.0039 0.6875 0.0000
vt 0.0039 0.7500 0.0000
vt 0.0039 0.8125 0.0000
vt 0.0039 0.8750 0.0000
vt 0.0039 0.9375 0.0000
vt 0.0273 0.5000 0.0000
vt 0.0273 0.9375 0.0000
vt 0.0273 1.0000 0.0000
vt 0.0234 1.0000 0.0000
vt 0.0195 1.0000 0.0000
vt 0.0156 1.0000 0.0000
vt 0.0117 1.0000 0.0000
vt 0.0078 1.0000 0.0000
vt 0.0039 1.0000 0.0000
vt 0.0000 1.0000 0.0000
vt 0.0000 0.9375 0.0000
vt 0.0000 0.8750 0.0000
vt 0.0000 0.8125 0.0000
vt 0.0000 0.7500 0.0000
vt 0.0000 0.6875 0.0000
vt 0.0000 0.6250 0.0000
vt 0.0000 0.5625 0.0000
vt 0.0039 0.5000 0.0000
vt 0.0000 0.5000 0.0000
vt 0.0078 0.5000 0.0000
vt 0.0117 0.5000 0.0000
vt 0.0156 0.5000 0.0000
vt 0.0195 0.5000 0.0000
vt 0.0234 0.5000 0.0000
vt 1.0000 1.0000 0.0000
vt 0.8125 1.0000 0.0000
vt 0.7695 1.0000 0.0000
vt 0.7109 1.0000 0.0000
vt 0.5469 1.0000 0.0000
vt 0.4766 1.0000 0.0000
vt 0.4414 1.0000 0.0000
vt 0.2930 1.0000 0.0000
vt 0.2812 1.0000 0.0000
# 2313 texture coords

o Cylinder
g Cylinder
usemtl Material_001
s off
f 1/1/1 2/2/1 3/3/1 
f 4/4/2 5/5/2 2/2/2 
f 6/6/3 7/7/3 5/5/3 
f 8/8/4 9/9/4 7/7/4 
f 10/10/5 11/11/5 9/9/5 
f 12/12/6 13/13/6 11/11/6 
f 3/3/7 14/14/7 15/15/7 
f 2/2/8 16/16/8 14/14/8 
f 5/5/9 17/17/9 16/16/9 
f 7/7/10 18/18/10 17/17/10 
f 9/9/11 19/19/11 18/18/11 
f 11/11/12 20/20/12 19/19/12 
f 15/15/13 21/21/13 22/22/13 
f 14/14/14 23/23/14 21/21/14 
f 16/16/15 24/24/15 23/23/15 
f 17/17/16 25/25/16 24/24/16 
f 18/18/17 26/26/17 25/25/17 
f 19/19/18 27/27/18 26/26/18 
f 22/22/19 28/28/19 29/29/19 
f 21/21/20 30/30/20 28/28/20 
f 23/23/21 31/31/21 30/30/21 
f 24/24/22 32/32/22 31/31/22 
f 25/25/23 33/33/23 32/32/23 
f 26/26/24 34/34/24 33/33/24 
f 29/29/25 35/35/25 36/36/25 
f 28/28/26 37/37/26 35/35/26 
f 30/30/27 38/38/27 37/37/27 
f 31/31/28 39/39/28 38/38/28 
f 32/32/29 40/40/29 39/39/29 
f 33/33/30 41/41/30 40/40/30 
f 36/36/31 42/42/31 43/43/31 
f 35/35/32 44/44/32 42/42/32 
f 37/37/33 45/45/33 44/44/33 
f 39/39/34 45/45/34 38/38/34 
f 39/39/35 46/46/35 47/47/35 
f 40/40/36 48/48/36 46/46/36 
f 49/49/37 1/1/37 50/50/37 
f 51/51/38 4/4/38 1/1/38 
f 52/52/39 6/6/39 4/4/39 
f 53/53/40 8/8/40 6/6/40 
f 54/54/41 10/10/41 8/8/41 
f 55/55/42 12/12/42 10/10/42 
f 56/56/43 57/57/43 12/12/43 
f 58/58/44 59/59/44 57/57/44 
f 57/57/45 60/60/45 13/13/45 
f 13/13/46 61/61/46 20/20/46 
f 20/20/47 62/62/47 27/27/47 
f 27/27/48 63/63/48 34/34/48 
f 34/34/49 64/64/49 41/41/49 
f 41/41/50 65/65/50 48/48/50 
f 48/48/51 66/66/51 67/67/51 
f 46/46/52 67/67/52 68/68/52 
f 47/47/53 68/68/53 69/69/53 
f 45/45/54 69/69/54 70/70/54 
f 44/44/55 70/70/55 71/71/55 
f 42/42/56 71/71/56 72/72/56 
f 43/43/57 72/72/57 73/73/57 
f 74/74/58 73/73/58 75/75/58 
f 76/76/59 43/43/59 74/74/59 
f 77/77/60 36/36/60 76/76/60 
f 78/78/61 29/29/61 77/77/61 
f 79/79/62 22/22/62 78/78/62 
f 80/80/63 15/15/63 79/79/63 
f 50/50/64 3/3/64 80/80/64 
f 81/81/65 82/82/65 83/83/65 
f 84/84/66 85/85/66 82/82/66 
f 86/86/67 87/87/67 85/85/67 
f 88/88/68 89/89/68 87/87/68 
f 90/90/69 91/91/69 89/89/69 
f 92/92/70 93/93/70 91/91/70 
f 83/83/71 94/94/71 95/95/71 
f 82/82/72 96/96/72 94/94/72 
f 85/85/73 97/97/73 96/96/73 
f 87/87/74 98/98/74 97/97/74 
f 89/89/75 99/99/75 98/98/75 
f 93/93/76 99/99/76 91/91/76 
f 95/95/77 100/100/77 101/101/77 
f 94/94/78 102/102/78 100/100/78 
f 96/96/79 103/103/79 102/102/79 
f 97/97/80 104/104/80 103/103/80 
f 98/98/81 105/105/81 104/104/81 
f 99/99/82 106/106/82 105/105/82 
f 101/101/83 107/107/83 108/108/83 
f 100/100/84 109/109/84 107/107/84 
f 102/102/85 110/110/85 109/109/85 
f 103/103/86 111/111/86 110/110/86 
f 104/104/87 112/112/87 111/111/87 
f 105/105/88 113/113/88 112/112/88 
f 108/108/89 114/114/89 115/115/89 
f 107/107/90 116/116/90 114/114/90 
f 109/109/91 117/117/91 116/116/91 
f 110/110/92 118/118/92 117/117/92 
f 111/111/93 119/119/93 118/118/93 
f 112/112/94 120/120/94 119/119/94 
f 115/115/95 121/121/95 122/122/95 
f 114/114/96 123/123/96 121/121/96 
f 116/116/97 124/124/97 123/123/97 
f 117/117/98 125/125/98 124/124/98 
f 118/118/99 126/126/99 125/125/99 
f 119/119/100 127/127/100 126/126/100 
f 75/75/101 81/81/101 128/128/101 
f 73/73/102 84/84/102 81/81/102 
f 72/72/103 86/86/103 84/84/103 
f 71/71/104 88/88/104 86/86/104 
f 70/70/105 90/90/105 88/88/105 
f 69/69/106 92/92/106 90/90/106 
f 68/68/107 129/129/107 92/92/107 
f 67/67/108 130/130/108 129/129/108 
f 129/129/109 131/131/109 93/93/109 
f 93/93/110 132/132/110 133/133/110 
f 133/133/111 134/134/111 106/106/111 
f 106/106/112 135/135/112 113/113/112 
f 113/113/113 136/136/113 120/120/113 
f 120/120/114 137/137/114 127/127/114 
f 127/127/115 138/138/115 139/139/115 
f 126/126/116 139/139/116 140/140/116 
f 125/125/117 140/140/117 141/141/117 
f 124/124/118 141/141/118 142/142/118 
f 123/123/119 142/142/119 143/143/119 
f 121/121/120 143/143/120 144/144/120 
f 122/122/121 144/144/121 145/145/121 
f 146/146/122 145/145/122 147/147/122 
f 148/148/123 122/122/123 146/146/123 
f 149/149/124 115/115/124 148/148/124 
f 150/150/125 108/108/125 149/149/125 
f 151/151/126 101/101/126 150/150/126 
f 152/152/127 95/95/127 151/151/127 
f 128/128/128 83/83/128 152/152/128 
f 153/153/129 154/154/129 155/155/129 
f 156/156/130 157/157/130 154/154/130 
f 158/158/131 159/159/131 157/157/131 
f 160/160/132 161/161/132 159/159/132 
f 162/162/133 163/163/133 161/161/133 
f 164/164/134 165/165/134 163/163/134 
f 155/155/135 166/166/135 167/167/135 
f 154/154/136 168/168/136 166/166/136 
f 157/157/137 169/169/137 168/168/137 
f 159/159/138 170/170/138 169/169/138 
f 161/161/139 171/171/139 170/170/139 
f 163/163/140 172/172/140 171/171/140 
f 167/167/141 173/173/141 174/174/141 
f 166/166/142 175/175/142 173/173/142 
f 168/168/143 176/176/143 175/175/143 
f 169/169/144 177/177/144 176/176/144 
f 170/170/145 178/178/145 177/177/145 
f 171/171/146 179/179/146 178/178/146 
f 174/174/147 180/180/147 181/181/147 
f 173/173/148 182/182/148 180/180/148 
f 175/175/149 183/183/149 182/182/149 
f 176/176/150 184/184/150 183/183/150 
f 177/177/151 185/185/151 184/184/151 
f 178/178/152 186/186/152 185/185/152 
f 181/181/153 187/187/153 188/188/153 
f 180/180/154 189/189/154 187/187/154 
f 182/182/155 190/190/155 189/189/155 
f 183/183/156 191/191/156 190/190/156 
f 184/184/157 192/192/157 191/191/157 
f 185/185/158 193/193/158 192/192/158 
f 188/188/159 194/194/159 195/195/159 
f 187/187/160 196/196/160 194/194/160 
f 189/189/161 197/197/161 196/196/161 
f 190/190/162 198/198/162 197/197/162 
f 191/191/163 199/199/163 198/198/163 
f 192/192/164 200/200/164 199/199/164 
f 147/147/165 153/153/165 201/201/165 
f 145/145/166 156/156/166 153/153/166 
f 144/144/167 158/158/167 156/156/167 
f 143/143/168 160/160/168 158/158/168 
f 142/142/169 162/162/169 160/160/169 
f 141/141/170 164/164/170 162/162/170 
f 140/140/171 202/202/171 164/164/171 
f 139/139/172 203/203/172 202/202/172 
f 202/202/173 204/204/173 165/165/173 
f 165/165/174 205/205/174 172/172/174 
f 172/172/175 206/206/175 179/179/175 
f 179/179/176 207/207/176 186/186/176 
f 186/186/177 208/208/177 193/193/177 
f 193/193/178 209/209/178 200/200/178 
f 200/200/179 210/210/179 211/211/179 
f 199/199/180 211/211/180 212/212/180 
f 198/198/181 212/212/181 213/213/181 
f 197/197/182 213/213/182 214/214/182 
f 196/196/183 214/214/183 215/215/183 
f 194/194/184 215/215/184 216/216/184 
f 195/195/185 216/216/185 217/217/185 
f 218/218/186 217/217/186 219/219/186 
f 220/220/187 195/195/187 218/218/187 
f 221/221/188 188/188/188 220/220/188 
f 222/222/189 181/181/189 221/221/189 
f 223/223/190 174/174/190 222/222/190 
f 224/224/191 167/167/191 223/223/191 
f 201/201/192 155/155/192 224/224/192 
f 225/225/193 226/226/193 227/227/193 
f 228/228/194 229/229/194 226/226/194 
f 230/230/195 231/231/195 229/229/195 
f 232/232/196 233/233/196 231/231/196 
f 234/234/197 235/235/197 233/233/197 
f 236/236/198 237/237/198 235/235/198 
f 227/227/199 238/238/199 239/239/199 
f 226/226/200 240/240/200 238/238/200 
f 229/229/201 241/241/201 240/240/201 
f 231/231/202 242/242/202 241/241/202 
f 233/233/203 243/243/203 242/242/203 
f 235/235/204 244/244/204 243/243/204 
f 239/239/205 245/245/205 246/246/205 
f 238/238/206 247/247/206 245/245/206 
f 240/240/207 248/248/207 247/247/207 
f 241/241/208 249/249/208 248/248/208 
f 242/242/209 250/250/209 249/249/209 
f 243/243/210 251/251/210 250/250/210 
f 246/246/211 252/252/211 253/253/211 
f 245/245/212 254/254/212 252/252/212 
f 247/247/213 255/255/213 254/254/213 
f 248/248/214 256/256/214 255/255/214 
f 249/249/215 257/257/215 256/256/215 
f 250/250/216 258/258/216 257/257/216 
f 253/253/217 259/259/217 260/260/217 
f 252/252/218 261/261/218 259/259/218 
f 254/254/219 262/262/219 261/261/219 
f 255/255/220 263/263/220 262/262/220 
f 256/256/221 264/264/221 263/263/221 
f 257/257/222 265/265/222 264/264/222 
f 260/260/223 266/266/223 267/267/223 
f 259/259/224 268/268/224 266/266/224 
f 261/261/225 269/269/225 268/268/225 
f 262/262/226 270/270/226 269/269/226 
f 263/263/227 271/271/227 270/270/227 
f 264/264/228 272/272/228 271/271/228 
f 219/219/229 225/225/229 273/273/229 
f 217/217/230 228/228/230 225/225/230 
f 216/216/231 230/230/231 228/228/231 
f 215/215/232 232/232/232 230/230/232 
f 214/214/233 234/234/233 232/232/233 
f 213/213/234 236/236/234 234/234/234 
f 212/212/235 274/274/235 236/236/235 
f 211/211/236 275/275/236 274/274/236 
f 274/274/237 276/276/237 237/237/237 
f 237/237/238 277/277/238 244/244/238 
f 244/244/239 278/278/239 251/251/239 
f 251/251/240 279/279/240 258/258/240 
f 258/258/241 280/280/241 265/265/241 
f 265/265/242 281/281/242 272/272/242 
f 272/272/243 282/282/243 283/283/243 
f 271/271/244 283/283/244 284/284/244 
f 270/270/245 284/284/245 285/285/245 
f 269/269/246 285/285/246 286/286/246 
f 268/268/247 286/286/247 287/287/247 
f 266/266/248 287/287/248 288/288/248 
f 267/267/249 288/288/249 289/289/249 
f 290/290/250 289/289/250 291/291/250 
f 292/292/251 267/267/251 290/290/251 
f 293/293/252 260/260/252 292/292/252 
f 294/294/253 253/253/253 293/293/253 
f 295/295/254 246/246/254 294/294/254 
f 296/296/255 239/239/255 295/295/255 
f 273/273/256 227/227/256 296/296/256 
f 297/297/257 298/298/257 299/299/257 
f 300/300/258 301/301/258 298/298/258 
f 302/302/259 303/303/259 301/301/259 
f 304/304/260 305/305/260 303/303/260 
f 306/306/261 307/307/261 305/305/261 
f 308/308/262 309/309/262 307/307/262 
f 299/299/263 310/310/263 311/311/263 
f 298/298/264 312/312/264 310/310/264 
f 301/301/265 313/313/265 312/312/265 
f 303/303/266 314/314/266 313/313/266 
f 305/305/267 315/315/267 314/314/267 
f 307/307/268 316/316/268 315/315/268 
f 311/311/269 317/317/269 318/318/269 
f 310/310/270 319/319/270 317/317/270 
f 312/312/271 320/320/271 319/319/271 
f 313/313/272 321/321/272 320/320/272 
f 314/314/273 322/322/273 321/321/273 
f 315/315/274 323/323/274 322/322/274 
f 318/318/275 324/324/275 325/325/275 
f 317/317/276 326/326/276 324/324/276 
f 319/319/277 327/327/277 326/326/277 
f 320/320/278 328/328/278 327/327/278 
f 321/321/279 329/329/279 328/328/279 
f 322/322/280 330/330/280 329/329/280 
f 325/325/281 331/331/281 332/332/281 
f 324/324/282 333/333/282 331/331/282 
f 326/326/283 334/334/283 333/333/283 
f 327/327/284 335/335/284 334/334/284 
f 328/328/285 336/336/285 335/335/285 
f 329/329/286 337/337/286 336/336/286 
f 332/332/287 338/338/287 339/339/287 
f 331/331/288 340/340/288 338/338/288 
f 333/333/289 341/341/289 340/340/289 
f 334/334/290 342/342/290 341/341/290 
f 335/335/291 343/343/291 342/342/291 
f 336/336/292 344/344/292 343/343/292 
f 291/291/293 297/297/293 345/345/293 
f 289/289/294 300/300/294 297/297/294 
f 288/288/295 302/302/295 300/300/295 
f 287/287/296 304/304/296 302/302/296 
f 286/286/297 306/306/297 304/304/297 
f 285/285/298 308/308/298 306/306/298 
f 284/284/299 346/346/299 308/308/299 
f 283/283/300 347/347/300 346/346/300 
f 346/346/301 348/348/301 309/309/301 
f 309/309/302 349/349/302 316/316/302 
f 316/316/303 350/350/303 323/323/303 
f 323/323/304 351/351/304 330/330/304 
f 330/330/305 352/352/305 337/337/305 
f 337/337/306 353/353/306 344/344/306 
f 344/344/307 354/354/307 355/355/307 
f 343/343/308 355/355/308 356/356/308 
f 342/342/309 356/356/309 357/357/309 
f 341/341/310 357/357/310 358/358/310 
f 340/340/311 358/358/311 359/359/311 
f 338/338/312 359/359/312 360/360/312 
f 339/339/313 360/360/313 361/361/313 
f 362/362/314 361/361/314 363/363/314 
f 364/364/315 339/339/315 362/362/315 
f 365/365/316 332/332/316 364/364/316 
f 366/366/317 325/325/317 365/365/317 
f 367/367/318 318/318/318 366/366/318 
f 368/368/319 311/311/319 367/367/319 
f 345/345/320 299/299/320 368/368/320 
f 369/369/321 370/370/321 371/371/321 
f 372/372/322 373/373/322 370/370/322 
f 374/374/323 375/375/323 373/373/323 
f 376/376/324 377/377/324 375/375/324 
f 378/378/325 379/379/325 377/377/325 
f 380/380/326 381/381/326 379/379/326 
f 371/371/327 382/382/327 383/383/327 
f 370/370/328 384/384/328 382/382/328 
f 373/373/329 385/385/329 384/384/329 
f 375/375/330 386/386/330 385/385/330 
f 377/377/331 387/387/331 386/386/331 
f 379/379/332 388/388/332 387/387/332 
f 383/383/333 389/389/333 390/390/333 
f 382/382/334 391/391/334 389/389/334 
f 384/384/335 392/392/335 391/391/335 
f 385/385/336 393/393/336 392/392/336 
f 386/386/337 394/394/337 393/393/337 
f 387/387/338 395/395/338 394/394/338 
f 390/390/339 396/396/339 397/397/339 
f 389/389/340 398/398/340 396/396/340 
f 391/391/341 399/399/341 398/398/341 
f 392/392/342 400/400/342 399/399/342 
f 393/393/343 401/401/343 400/400/343 
f 394/394/344 402/402/344 401/401/344 
f 397/397/345 403/403/345 404/404/345 
f 396/396/346 405/405/346 403/403/346 
f 398/398/347 406/406/347 405/405/347 
f 399/399/348 407/407/348 406/406/348 
f 400/400/349 408/408/349 407/407/349 
f 401/401/350 409/409/350 408/408/350 
f 404/404/351 410/410/351 411/411/351 
f 403/403/352 412/412/352 410/410/352 
f 405/405/353 413/413/353 412/412/353 
f 406/406/354 414/414/354 413/413/354 
f 407/407/355 415/415/355 414/414/355 
f 408/408/356 416/416/356 415/415/356 
f 363/363/357 369/369/357 417/417/357 
f 361/361/358 372/372/358 369/369/358 
f 360/360/359 374/374/359 372/372/359 
f 359/359/360 376/376/360 374/374/360 
f 358/358/361 378/378/361 376/376/361 
f 357/357/362 380/380/362 378/378/362 
f 356/356/363 418/418/363 380/380/363 
f 355/355/364 419/419/364 418/418/364 
f 418/418/365 420/420/365 381/381/365 
f 381/381/366 421/421/366 388/388/366 
f 388/388/367 422/422/367 395/395/367 
f 395/395/368 423/423/368 402/402/368 
f 402/402/369 424/424/369 409/409/369 
f 409/409/370 425/425/370 416/416/370 
f 425/425/371 426/426/371 416/416/371 
f 415/415/372 426/426/372 427/427/372 
f 414/414/373 427/427/373 428/428/373 
f 413/413/374 428/428/374 429/429/374 
f 412/412/375 429/429/375 430/430/375 
f 410/410/376 430/430/376 431/431/376 
f 411/411/377 431/431/377 432/432/377 
f 433/433/378 432/432/378 434/434/378 
f 435/435/379 411/411/379 433/433/379 
f 436/436/380 404/404/380 435/435/380 
f 437/437/381 397/397/381 436/436/381 
f 438/438/382 390/390/382 437/437/382 
f 439/439/383 383/383/383 438/438/383 
f 417/417/384 371/371/384 439/439/384 
f 440/440/385 441/441/385 442/442/385 
f 443/443/386 444/444/386 441/441/386 
f 445/445/387 446/446/387 444/444/387 
f 447/447/388 448/448/388 446/446/388 
f 449/449/389 450/450/389 448/448/389 
f 451/451/390 452/452/390 450/450/390 
f 442/442/391 453/453/391 454/454/391 
f 441/441/392 455/455/392 453/453/392 
f 444/444/393 456/456/393 455/455/393 
f 446/446/394 457/457/394 456/456/394 
f 448/448/395 458/458/395 457/457/395 
f 450/450/396 459/459/396 458/458/396 
f 454/454/397 460/460/397 461/461/397 
f 453/453/398 462/462/398 460/460/398 
f 455/455/399 463/463/399 462/462/399 
f 456/456/400 464/464/400 463/463/400 
f 457/457/401 465/465/401 464/464/401 
f 458/458/402 466/466/402 465/465/402 
f 461/461/403 467/467/403 468/468/403 
f 460/460/404 469/469/404 467/467/404 
f 462/462/405 470/470/405 469/469/405 
f 463/463/406 471/471/406 470/470/406 
f 464/464/407 472/472/407 471/471/407 
f 465/465/408 473/473/408 472/472/408 
f 468/468/409 474/474/409 475/475/409 
f 467/467/410 476/476/410 474/474/410 
f 469/469/411 477/477/411 476/476/411 
f 470/470/412 478/478/412 477/477/412 
f 471/471/413 479/479/413 478/478/413 
f 472/472/414 480/480/414 479/479/414 
f 475/475/415 481/481/415 482/482/415 
f 474/474/416 483/483/416 481/481/416 
f 476/476/417 484/484/417 483/483/417 
f 477/477/418 485/485/418 484/484/418 
f 478/478/419 486/486/419 485/485/419 
f 479/479/420 487/487/420 486/486/420 
f 434/434/421 440/440/421 488/488/421 
f 432/432/422 443/443/422 440/440/422 
f 431/431/423 445/445/423 443/443/423 
f 430/430/424 447/447/424 445/445/424 
f 429/429/425 449/449/425 447/447/425 
f 428/428/426 451/451/426 449/449/426 
f 427/427/427 489/489/427 451/451/427 
f 426/426/428 490/490/428 489/489/428 
f 489/489/429 491/491/429 452/452/429 
f 452/452/430 492/492/430 459/459/430 
f 459/459/431 493/493/431 466/466/431 
f 466/466/432 494/494/432 473/473/432 
f 473/473/433 495/495/433 480/480/433 
f 480/480/434 496/496/434 487/487/434 
f 487/487/435 497/497/435 498/498/435 
f 486/486/436 498/498/436 499/499/436 
f 485/485/437 499/499/437 500/500/437 
f 484/484/438 500/500/438 501/501/438 
f 483/483/439 501/501/439 502/502/439 
f 481/481/440 502/502/440 503/503/440 
f 482/482/441 503/503/441 504/504/441 
f 505/505/442 504/504/442 506/506/442 
f 507/507/443 482/482/443 505/505/443 
f 508/508/444 475/475/444 507/507/444 
f 509/509/445 468/468/445 508/508/445 
f 510/510/446 461/461/446 509/509/446 
f 511/511/447 454/454/447 510/510/447 
f 488/488/448 442/442/448 511/511/448 
f 512/512/449 513/513/449 514/514/449 
f 515/515/450 516/516/450 513/513/450 
f 517/517/451 518/518/451 516/516/451 
f 519/519/452 520/520/452 518/518/452 
f 521/521/453 522/522/453 520/520/453 
f 523/523/454 524/524/454 522/522/454 
f 514/514/455 525/525/455 526/526/455 
f 513/513/456 527/527/456 525/525/456 
f 516/516/457 528/528/457 527/527/457 
f 518/518/458 529/529/458 528/528/458 
f 520/520/459 530/530/459 529/529/459 
f 522/522/460 531/531/460 530/530/460 
f 526/526/461 532/532/461 533/533/461 
f 525/525/462 534/534/462 532/532/462 
f 527/527/463 535/535/463 534/534/463 
f 528/528/464 536/536/464 535/535/464 
f 529/529/465 537/537/465 536/536/465 
f 530/530/466 538/538/466 537/537/466 
f 533/533/467 539/539/467 540/540/467 
f 532/532/468 541/541/468 539/539/468 
f 534/534/469 542/542/469 541/541/469 
f 535/535/470 543/543/470 542/542/470 
f 536/536/471 544/544/471 543/543/471 
f 537/537/472 545/545/472 544/544/472 
f 540/540/473 546/546/473 547/547/473 
f 539/539/474 548/548/474 546/546/474 
f 541/541/475 549/549/475 548/548/475 
f 542/542/476 550/550/476 549/549/476 
f 543/543/477 551/551/477 550/550/477 
f 544/544/478 552/552/478 551/551/478 
f 547/547/479 553/553/479 554/554/479 
f 546/546/480 555/555/480 553/553/480 
f 548/548/481 556/556/481 555/555/481 
f 549/549/482 557/557/482 556/556/482 
f 550/550/483 558/558/483 557/557/483 
f 551/551/484 559/559/484 558/558/484 
f 506/506/485 512/512/485 560/560/485 
f 504/504/486 515/515/486 512/512/486 
f 503/503/487 517/517/487 515/515/487 
f 502/502/488 519/519/488 517/517/488 
f 501/501/489 521/521/489 519/519/489 
f 500/500/490 523/523/490 521/521/490 
f 499/499/491 561/561/491 523/523/491 
f 498/498/492 562/562/492 561/561/492 
f 561/561/493 563/563/493 524/524/493 
f 563/563/494 531/531/494 524/524/494 
f 531/531/495 564/564/495 538/538/495 
f 538/538/496 565/565/496 545/545/496 
f 545/545/497 566/566/497 552/552/497 
f 552/552/498 567/567/498 559/559/498 
f 559/559/499 568/568/499 569/569/499 
f 558/558/500 569/569/500 570/570/500 
f 557/557/501 570/570/501 571/571/501 
f 556/556/502 571/571/502 572/572/502 
f 555/555/503 572/572/503 573/573/503 
f 553/553/504 573/573/504 574/574/504 
f 554/554/505 574/574/505 575/575/505 
f 576/576/506 575/575/506 577/577/506 
f 578/578/507 554/554/507 576/576/507 
f 579/579/508 547/547/508 578/578/508 
f 580/580/509 540/540/509 579/579/509 
f 581/581/510 533/533/510 580/580/510 
f 582/582/511 526/526/511 581/581/511 
f 560/560/512 514/514/512 582/582/512 
f 583/583/513 584/584/513 585/585/513 
f 586/586/514 587/587/514 584/584/514 
f 588/588/515 589/589/515 587/587/515 
f 590/590/516 591/591/516 589/589/516 
f 592/592/517 591/591/517 593/593/517 
f 592/592/518 594/594/518 595/595/518 
f 585/585/519 596/596/519 597/597/519 
f 584/584/520 598/598/520 596/596/520 
f 587/587/521 599/599/521 598/598/521 
f 589/589/522 600/600/522 599/599/522 
f 591/591/523 601/601/523 600/600/523 
f 595/595/524 602/602/524 601/601/524 
f 597/597/525 603/603/525 604/604/525 
f 596/596/526 605/605/526 603/603/526 
f 598/598/527 606/606/527 605/605/527 
f 599/599/528 607/607/528 606/606/528 
f 600/600/529 608/608/529 607/607/529 
f 601/601/530 609/609/530 608/608/530 
f 604/604/531 610/610/531 611/611/531 
f 603/603/532 612/612/532 610/610/532 
f 605/605/533 613/613/533 612/612/533 
f 606/606/534 614/614/534 613/613/534 
f 607/607/535 615/615/535 614/614/535 
f 609/609/536 615/615/536 608/608/536 
f 611/611/537 616/616/537 617/617/537 
f 610/610/538 618/618/538 616/616/538 
f 612/612/539 619/619/539 618/618/539 
f 613/613/540 620/620/540 619/619/540 
f 614/614/541 621/621/541 620/620/541 
f 615/615/542 622/622/542 621/621/542 
f 617/617/543 623/623/543 624/624/543 
f 616/616/544 625/625/544 623/623/544 
f 618/618/545 626/626/545 625/625/545 
f 619/619/546 627/627/546 626/626/546 
f 620/620/547 628/628/547 627/627/547 
f 621/621/548 629/629/548 628/628/548 
f 577/577/549 583/583/549 630/630/549 
f 575/575/550 586/586/550 583/583/550 
f 574/574/551 588/588/551 586/586/551 
f 573/573/552 590/590/552 588/588/552 
f 572/572/553 593/593/553 590/590/553 
f 571/571/554 592/592/554 593/593/554 
f 570/570/555 631/631/555 592/592/555 
f 569/569/556 632/632/556 631/631/556 
f 631/631/557 633/633/557 594/594/557 
f 594/594/558 634/634/558 602/602/558 
f 602/602/559 635/635/559 609/609/559 
f 609/609/560 636/636/560 637/637/560 
f 637/637/561 638/638/561 622/622/561 
f 622/622/562 639/639/562 629/629/562 
f 629/629/563 640/640/563 641/641/563 
f 628/628/564 641/641/564 642/642/564 
f 627/627/565 642/642/565 643/643/565 
f 626/626/566 643/643/566 644/644/566 
f 625/625/567 644/644/567 645/645/567 
f 623/623/568 645/645/568 646/646/568 
f 624/624/569 646/646/569 647/647/569 
f 648/648/570 647/647/570 649/649/570 
f 650/650/571 624/624/571 648/648/571 
f 651/651/572 617/617/572 650/650/572 
f 652/652/573 611/611/573 651/651/573 
f 653/653/574 604/604/574 652/652/574 
f 654/654/575 597/597/575 653/653/575 
f 630/630/576 585/585/576 654/654/576 
f 655/655/577 656/656/577 657/657/577 
f 658/658/578 659/659/578 656/656/578 
f 660/660/579 661/661/579 659/659/579 
f 662/662/580 663/663/580 661/661/580 
f 664/664/581 665/665/581 663/663/581 
f 666/666/582 665/665/582 667/667/582 
f 657/657/583 668/668/583 669/669/583 
f 656/656/584 670/670/584 668/668/584 
f 659/659/585 671/671/585 670/670/585 
f 661/661/586 672/672/586 671/671/586 
f 663/663/587 673/673/587 672/672/587 
f 665/665/588 674/674/588 673/673/588 
f 669/669/589 675/675/589 676/676/589 
f 668/668/590 677/677/590 675/675/590 
f 670/670/591 678/678/591 677/677/591 
f 671/671/592 679/679/592 678/678/592 
f 672/672/593 680/680/593 679/679/593 
f 673/673/594 681/681/594 680/680/594 
f 676/676/595 682/682/595 683/683/595 
f 675/675/596 684/684/596 682/682/596 
f 677/677/597 685/685/597 684/684/597 
f 678/678/598 686/686/598 685/685/598 
f 679/679/599 687/687/599 686/686/599 
f 680/680/600 688/688/600 687/687/600 
f 683/683/601 689/689/601 690/690/601 
f 682/682/602 691/691/602 689/689/602 
f 684/684/603 692/692/603 691/691/603 
f 685/685/604 693/693/604 692/692/604 
f 686/686/605 694/694/605 693/693/605 
f 687/687/606 695/695/606 694/694/606 
f 690/690/607 696/696/607 697/697/607 
f 689/689/608 698/698/608 696/696/608 
f 691/691/609 699/699/609 698/698/609 
f 692/692/610 700/700/610 699/699/610 
f 693/693/611 701/701/611 700/700/611 
f 694/694/612 702/702/612 701/701/612 
f 649/649/613 655/655/613 703/703/613 
f 647/647/614 658/658/614 655/655/614 
f 646/646/615 660/660/615 658/658/615 
f 645/645/616 662/662/616 660/660/616 
f 644/644/617 664/664/617 662/662/617 
f 643/643/618 667/667/618 664/664/618 
f 642/642/619 666/666/619 667/667/619 
f 641/641/620 704/704/620 666/666/620 
f 704/704/621 705/705/621 666/666/621 
f 705/705/622 706/706/622 674/674/622 
f 674/674/623 707/707/623 681/681/623 
f 681/681/624 708/708/624 688/688/624 
f 688/688/625 709/709/625 695/695/625 
f 695/695/626 710/710/626 702/702/626 
f 702/702/627 711/711/627 712/712/627 
f 701/701/628 712/712/628 713/713/628 
f 701/701/629 714/714/629 700/700/629 
f 699/699/630 714/714/630 715/715/630 
f 698/698/631 715/715/631 716/716/631 
f 696/696/632 716/716/632 717/717/632 
f 697/697/633 717/717/633 718/718/633 
f 719/719/634 718/718/634 720/720/634 
f 721/721/635 697/697/635 719/719/635 
f 722/722/636 690/690/636 721/721/636 
f 723/723/637 683/683/637 722/722/637 
f 724/724/638 676/676/638 723/723/638 
f 725/725/639 669/669/639 724/724/639 
f 703/703/640 657/657/640 725/725/640 
f 726/726/641 727/727/641 728/728/641 
f 729/729/642 730/730/642 727/727/642 
f 731/731/643 732/732/643 730/730/643 
f 733/733/644 734/734/644 732/732/644 
f 735/735/645 736/736/645 734/734/645 
f 737/737/646 738/738/646 736/736/646 
f 728/728/647 739/739/647 740/740/647 
f 727/727/648 741/741/648 739/739/648 
f 730/730/649 742/742/649 741/741/649 
f 732/732/650 743/743/650 742/742/650 
f 734/734/651 744/744/651 743/743/651 
f 736/736/652 745/745/652 744/744/652 
f 740/740/653 746/746/653 747/747/653 
f 739/739/654 748/748/654 746/746/654 
f 741/741/655 749/749/655 748/748/655 
f 742/742/656 750/750/656 749/749/656 
f 743/743/657 751/751/657 750/750/657 
f 744/744/658 752/752/658 751/751/658 
f 747/747/659 753/753/659 754/754/659 
f 746/746/660 755/755/660 753/753/660 
f 748/748/661 756/756/661 755/755/661 
f 749/749/662 757/757/662 756/756/662 
f 750/750/663 758/758/663 757/757/663 
f 751/751/664 759/759/664 758/758/664 
f 754/754/665 760/760/665 761/761/665 
f 753/753/666 762/762/666 760/760/666 
f 755/755/667 763/763/667 762/762/667 
f 756/756/668 764/764/668 763/763/668 
f 757/757/669 765/765/669 764/764/669 
f 758/758/670 766/766/670 765/765/670 
f 761/761/671 767/767/671 768/768/671 
f 760/760/672 769/769/672 767/767/672 
f 762/762/673 770/770/673 769/769/673 
f 763/763/674 771/771/674 770/770/674 
f 764/764/675 772/772/675 771/771/675 
f 766/766/676 772/772/676 765/765/676 
f 720/720/677 726/726/677 773/773/677 
f 718/718/678 729/729/678 726/726/678 
f 717/717/679 731/731/679 729/729/679 
f 716/716/680 733/733/680 731/731/680 
f 715/715/681 735/735/681 733/733/681 
f 714/714/682 737/737/682 735/735/682 
f 713/713/683 774/774/683 737/737/683 
f 712/712/684 775/775/684 774/774/684 
f 774/774/685 776/776/685 738/738/685 
f 738/738/686 777/777/686 745/745/686 
f 745/745/687 778/778/687 752/752/687 
f 752/752/688 779/779/688 759/759/688 
f 759/759/689 780/780/689 766/766/689 
f 766/766/690 781/781/690 782/782/690 
f 782/782/691 783/783/691 784/784/691 
f 772/772/692 784/784/692 785/785/692 
f 771/771/693 785/785/693 786/786/693 
f 770/770/694 786/786/694 787/787/694 
f 769/769/695 787/787/695 788/788/695 
f 767/767/696 788/788/696 789/789/696 
f 768/768/697 789/789/697 790/790/697 
f 791/791/698 790/790/698 792/792/698 
f 793/793/699 768/768/699 791/791/699 
f 794/794/700 761/761/700 793/793/700 
f 795/795/701 754/754/701 794/794/701 
f 796/796/702 747/747/702 795/795/702 
f 797/797/703 740/740/703 796/796/703 
f 773/773/704 728/728/704 797/797/704 
f 798/798/705 799/799/705 800/800/705 
f 801/801/706 802/802/706 799/799/706 
f 803/803/707 804/804/707 802/802/707 
f 805/805/708 806/806/708 804/804/708 
f 807/807/709 808/808/709 806/806/709 
f 809/809/710 810/810/710 808/808/710 
f 800/800/711 811/811/711 812/812/711 
f 799/799/712 813/813/712 811/811/712 
f 802/802/713 814/814/713 813/813/713 
f 804/804/714 815/815/714 814/814/714 
f 806/806/715 816/816/715 815/815/715 
f 808/808/716 817/817/716 816/816/716 
f 812/812/717 818/818/717 819/819/717 
f 811/811/718 820/820/718 818/818/718 
f 813/813/719 821/821/719 820/820/719 
f 814/814/720 822/822/720 821/821/720 
f 815/815/721 823/823/721 822/822/721 
f 816/816/722 824/824/722 823/823/722 
f 819/819/723 825/825/723 826/826/723 
f 818/818/724 827/827/724 825/825/724 
f 820/820/725 828/828/725 827/827/725 
f 821/821/726 829/829/726 828/828/726 
f 822/822/727 830/830/727 829/829/727 
f 823/823/728 831/831/728 830/830/728 
f 826/826/729 832/832/729 833/833/729 
f 825/825/730 834/834/730 832/832/730 
f 827/827/731 835/835/731 834/834/731 
f 828/828/732 836/836/732 835/835/732 
f 829/829/733 837/837/733 836/836/733 
f 830/830/734 838/838/734 837/837/734 
f 833/833/735 839/839/735 840/840/735 
f 832/832/736 841/841/736 839/839/736 
f 834/834/737 842/842/737 841/841/737 
f 835/835/738 843/843/738 842/842/738 
f 836/836/739 844/844/739 843/843/739 
f 837/837/740 845/845/740 844/844/740 
f 792/792/741 798/798/741 846/846/741 
f 790/790/742 801/801/742 798/798/742 
f 789/789/743 803/803/743 801/801/743 
f 788/788/744 805/805/744 803/803/744 
f 787/787/745 807/807/745 805/805/745 
f 786/786/746 809/809/746 807/807/746 
f 785/785/747 847/847/747 809/809/747 
f 784/784/748 848/848/748 847/847/748 
f 847/847/749 849/849/749 810/810/749 
f 810/810/750 850/850/750 817/817/750 
f 817/817/751 851/851/751 824/824/751 
f 824/824/752 852/852/752 831/831/752 
f 831/831/753 853/853/753 838/838/753 
f 838/838/754 854/854/754 845/845/754 
f 845/845/755 855/855/755 856/856/755 
f 844/844/756 856/856/756 857/857/756 
f 843/843/757 857/857/757 858/858/757 
f 842/842/758 858/858/758 859/859/758 
f 841/841/759 859/859/759 860/860/759 
f 839/839/760 860/860/760 861/861/760 
f 840/840/761 861/861/761 862/862/761 
f 863/863/762 862/862/762 864/864/762 
f 865/865/763 840/840/763 863/863/763 
f 866/866/764 833/833/764 865/865/764 
f 867/867/765 826/826/765 866/866/765 
f 868/868/766 819/819/766 867/867/766 
f 869/869/767 812/812/767 868/868/767 
f 846/846/768 800/800/768 869/869/768 
f 870/870/769 871/871/769 872/872/769 
f 873/873/770 874/874/770 871/871/770 
f 875/875/771 876/876/771 874/874/771 
f 877/877/772 878/878/772 876/876/772 
f 879/879/773 880/880/773 878/878/773 
f 881/881/774 882/882/774 880/880/774 
f 872/872/775 883/883/775 884/884/775 
f 871/871/776 885/885/776 883/883/776 
f 874/874/777 886/886/777 885/885/777 
f 876/876/778 887/887/778 886/886/778 
f 878/878/779 888/888/779 887/887/779 
f 880/880/780 889/889/780 888/888/780 
f 884/884/781 890/890/781 891/891/781 
f 883/883/782 892/892/782 890/890/782 
f 885/885/783 893/893/783 892/892/783 
f 886/886/784 894/894/784 893/893/784 
f 887/887/785 895/895/785 894/894/785 
f 888/888/786 896/896/786 895/895/786 
f 891/891/787 897/897/787 898/898/787 
f 890/890/788 899/899/788 897/897/788 
f 892/892/789 900/900/789 899/899/789 
f 893/893/790 901/901/790 900/900/790 
f 894/894/791 902/902/791 901/901/791 
f 895/895/792 903/903/792 902/902/792 
f 898/898/793 904/904/793 905/905/793 
f 897/897/794 906/906/794 904/904/794 
f 899/899/795 907/907/795 906/906/795 
f 900/900/796 908/908/796 907/907/796 
f 901/901/797 909/909/797 908/908/797 
f 902/902/798 910/910/798 909/909/798 
f 905/905/799 911/911/799 912/912/799 
f 904/904/800 913/913/800 911/911/800 
f 906/906/801 914/914/801 913/913/801 
f 907/907/802 915/915/802 914/914/802 
f 908/908/803 916/916/803 915/915/803 
f 909/909/804 917/917/804 916/916/804 
f 864/864/805 870/870/805 918/918/805 
f 862/862/806 873/873/806 870/870/806 
f 861/861/807 875/875/807 873/873/807 
f 860/860/808 877/877/808 875/875/808 
f 859/859/809 879/879/809 877/877/809 
f 858/858/810 881/881/810 879/879/810 
f 857/857/811 919/919/811 881/881/811 
f 856/856/812 920/920/812 919/919/812 
f 919/919/813 921/921/813 882/882/813 
f 882/882/814 922/922/814 889/889/814 
f 889/889/815 923/923/815 896/896/815 
f 896/896/816 924/924/816 903/903/816 
f 903/903/817 925/925/817 910/910/817 
f 910/910/818 926/926/818 917/917/818 
f 917/917/819 927/927/819 928/928/819 
f 916/916/820 928/928/820 929/929/820 
f 915/915/821 929/929/821 930/930/821 
f 914/914/822 930/930/822 931/931/822 
f 913/913/823 931/931/823 932/932/823 
f 911/911/824 932/932/824 933/933/824 
f 912/912/825 933/933/825 934/934/825 
f 935/935/826 934/934/826 936/936/826 
f 937/937/827 912/912/827 935/935/827 
f 938/938/828 905/905/828 937/937/828 
f 939/939/829 898/898/829 938/938/829 
f 940/940/830 891/891/830 939/939/830 
f 941/941/831 884/884/831 940/940/831 
f 918/918/832 872/872/832 941/941/832 
f 942/942/833 943/943/833 944/944/833 
f 945/945/834 946/946/834 943/943/834 
f 947/947/835 948/948/835 946/946/835 
f 949/949/836 950/950/836 948/948/836 
f 951/951/837 950/950/837 952/952/837 
f 951/951/838 953/953/838 954/954/838 
f 944/944/839 955/955/839 956/956/839 
f 943/943/840 957/957/840 955/955/840 
f 946/946/841 958/958/841 957/957/841 
f 948/948/842 959/959/842 958/958/842 
f 950/950/843 960/960/843 959/959/843 
f 954/954/844 961/961/844 960/960/844 
f 956/956/845 962/962/845 963/963/845 
f 955/955/846 964/964/846 962/962/846 
f 957/957/847 965/965/847 964/964/847 
f 958/958/848 966/966/848 965/965/848 
f 959/959/849 967/967/849 966/966/849 
f 960/960/850 968/968/850 967/967/850 
f 963/963/851 969/969/851 970/970/851 
f 962/962/852 971/971/852 969/969/852 
f 964/964/853 972/972/853 971/971/853 
f 965/965/854 973/973/854 972/972/854 
f 966/966/855 974/974/855 973/973/855 
f 967/967/856 975/975/856 974/974/856 
f 970/970/857 976/976/857 977/977/857 
f 969/969/858 978/978/858 976/976/858 
f 971/971/859 979/979/859 978/978/859 
f 972/972/860 980/980/860 979/979/860 
f 973/973/861 981/981/861 980/980/861 
f 974/974/862 982/982/862 981/981/862 
f 977/977/863 983/983/863 984/984/863 
f 976/976/864 985/985/864 983/983/864 
f 978/978/865 986/986/865 985/985/865 
f 979/979/866 987/987/866 986/986/866 
f 980/980/867 988/988/867 987/987/867 
f 981/981/868 989/989/868 988/988/868 
f 936/936/869 942/942/869 990/990/869 
f 934/934/870 945/945/870 942/942/870 
f 933/933/871 947/947/871 945/945/871 
f 932/932/872 949/949/872 947/947/872 
f 931/931/873 952/952/873 949/949/873 
f 930/930/874 951/951/874 952/952/874 
f 929/929/875 991/991/875 951/951/875 
f 928/928/876 992/992/876 991/991/876 
f 991/991/877 993/993/877 953/953/877 
f 953/953/878 994/994/878 961/961/878 
f 961/961/879 995/995/879 968/968/879 
f 968/968/880 996/996/880 975/975/880 
f 975/975/881 997/997/881 982/982/881 
f 982/982/882 998/998/882 989/989/882 
f 989/989/883 999/999/883 1000/1000/883 
f 988/988/884 1000/1000/884 1001/1001/884 
f 987/987/885 1001/1001/885 1002/1002/885 
f 986/986/886 1002/1002/886 1003/1003/886 
f 985/985/887 1003/1003/887 1004/1004/887 
f 983/983/888 1004/1004/888 1005/1005/888 
f 984/984/889 1005/1005/889 1006/1006/889 
f 1007/1007/890 1006/1006/890 1008/1008/890 
f 1009/1009/891 984/984/891 1007/1007/891 
f 1010/1010/892 977/977/892 1009/1009/892 
f 1011/1011/893 970/970/893 1010/1010/893 
f 1012/1012/894 963/963/894 1011/1011/894 
f 1013/1013/895 956/956/895 1012/1012/895 
f 990/990/896 944/944/896 1013/1013/896 
f 1014/1014/897 1015/1015/897 1016/1016/897 
f 1017/1017/898 1018/1018/898 1015/1015/898 
f 1019/1019/899 1020/1020/899 1018/1018/899 
f 1021/1021/900 1022/1022/900 1020/1020/900 
f 1023/1023/901 1024/1024/901 1022/1022/901 
f 1025/1025/902 1026/1026/902 1024/1024/902 
f 1016/1016/903 1027/1027/903 1028/1028/903 
f 1015/1015/904 1029/1029/904 1027/1027/904 
f 1018/1018/905 1030/1030/905 1029/1029/905 
f 1020/1020/906 1031/1031/906 1030/1030/906 
f 1022/1022/907 1032/1032/907 1031/1031/907 
f 1024/1024/908 1033/1033/908 1032/1032/908 
f 1028/1028/909 1034/1034/909 1035/1035/909 
f 1027/1027/910 1036/1036/910 1034/1034/910 
f 1029/1029/911 1037/1037/911 1036/1036/911 
f 1030/1030/912 1038/1038/912 1037/1037/912 
f 1031/1031/913 1039/1039/913 1038/1038/913 
f 1032/1032/914 1040/1040/914 1039/1039/914 
f 1035/1035/915 1041/1041/915 1042/1042/915 
f 1034/1034/916 1043/1043/916 1041/1041/916 
f 1036/1036/917 1044/1044/917 1043/1043/917 
f 1037/1037/918 1045/1045/918 1044/1044/918 
f 1038/1038/919 1046/1046/919 1045/1045/919 
f 1039/1039/920 1047/1047/920 1046/1046/920 
f 1042/1042/921 1048/1048/921 1049/1049/921 
f 1041/1041/922 1050/1050/922 1048/1048/922 
f 1043/1043/923 1051/1051/923 1050/1050/923 
f 1044/1044/924 1052/1052/924 1051/1051/924 
f 1045/1045/925 1053/1053/925 1052/1052/925 
f 1046/1046/926 1054/1054/926 1053/1053/926 
f 1049/1049/927 1055/1055/927 1056/1056/927 
f 1048/1048/928 1057/1057/928 1055/1055/928 
f 1050/1050/929 1058/1058/929 1057/1057/929 
f 1051/1051/930 1059/1059/930 1058/1058/930 
f 1052/1052/931 1060/1060/931 1059/1059/931 
f 1053/1053/932 1061/1061/932 1060/1060/932 
f 1008/1008/933 1014/1014/933 1062/1062/933 
f 1006/1006/934 1017/1017/934 1014/1014/934 
f 1005/1005/935 1019/1019/935 1017/1017/935 
f 1004/1004/936 1021/1021/936 1019/1019/936 
f 1003/1003/937 1023/1023/937 1021/1021/937 
f 1002/1002/938 1025/1025/938 1023/1023/938 
f 1001/1001/939 1063/1063/939 1025/1025/939 
f 1000/1000/940 1064/1064/940 1063/1063/940 
f 1063/1063/941 1065/1065/941 1026/1026/941 
f 1026/1026/942 1066/1066/942 1033/1033/942 
f 1066/1066/943 1040/1040/943 1033/1033/943 
f 1040/1040/944 1067/1067/944 1047/1047/944 
f 1047/1047/945 1068/1068/945 1054/1054/945 
f 1054/1054/946 1069/1069/946 1061/1061/946 
f 1061/1061/947 1070/1070/947 1071/1071/947 
f 1060/1060/948 1071/1071/948 1072/1072/948 
f 1059/1059/949 1072/1072/949 1073/1073/949 
f 1058/1058/950 1073/1073/950 1074/1074/950 
f 1057/1057/951 1074/1074/951 1075/1075/951 
f 1055/1055/952 1075/1075/952 1076/1076/952 
f 1056/1056/953 1076/1076/953 1077/1077/953 
f 1078/1078/954 1077/1077/954 1079/1079/954 
f 1080/1080/955 1056/1056/955 1078/1078/955 
f 1081/1081/956 1049/1049/956 1080/1080/956 
f 1082/1082/957 1042/1042/957 1081/1081/957 
f 1083/1083/958 1035/1035/958 1082/1082/958 
f 1084/1084/959 1028/1028/959 1083/1083/959 
f 1062/1062/960 1016/1016/960 1084/1084/960 
f 1085/1085/961 1086/1086/961 1087/1087/961 
f 1088/1088/962 1089/1089/962 1086/1086/962 
f 1090/1090/963 1091/1091/963 1089/1089/963 
f 1092/1092/964 1093/1093/964 1091/1091/964 
f 1094/1094/965 1095/1095/965 1093/1093/965 
f 1096/1096/966 1097/1097/966 1095/1095/966 
f 1087/1087/967 1098/1098/967 1099/1099/967 
f 1086/1086/968 1100/1100/968 1098/1098/968 
f 1089/1089/969 1101/1101/969 1100/1100/969 
f 1091/1091/970 1102/1102/970 1101/1101/970 
f 1093/1093/971 1103/1103/971 1102/1102/971 
f 1095/1095/972 1104/1104/972 1103/1103/972 
f 1099/1099/973 1105/1105/973 1106/1106/973 
f 1098/1098/974 1107/1107/974 1105/1105/974 
f 1100/1100/975 1108/1108/975 1107/1107/975 
f 1101/1101/976 1109/1109/976 1108/1108/976 
f 1102/1102/977 1110/1110/977 1109/1109/977 
f 1103/1103/978 1111/1111/978 1110/1110/978 
f 1106/1106/979 1112/1112/979 1113/1113/979 
f 1105/1105/980 1114/1114/980 1112/1112/980 
f 1107/1107/981 1115/1115/981 1114/1114/981 
f 1108/1108/982 1116/1116/982 1115/1115/982 
f 1109/1109/983 1117/1117/983 1116/1116/983 
f 1110/1110/984 1118/1118/984 1117/1117/984 
f 1113/1113/985 1119/1119/985 1120/1120/985 
f 1112/1112/986 1121/1121/986 1119/1119/986 
f 1114/1114/987 1122/1122/987 1121/1121/987 
f 1115/1115/988 1123/1123/988 1122/1122/988 
f 1116/1116/989 1124/1124/989 1123/1123/989 
f 1117/1117/990 1125/1125/990 1124/1124/990 
f 1120/1120/991 1126/1126/991 1127/1127/991 
f 1119/1119/992 1128/1128/992 1126/1126/992 
f 1121/1121/993 1129/1129/993 1128/1128/993 
f 1122/1122/994 1130/1130/994 1129/1129/994 
f 1123/1123/995 1131/1131/995 1130/1130/995 
f 1124/1124/996 1132/1132/996 1131/1131/996 
f 1079/1079/997 1085/1085/997 1133/1133/997 
f 1077/1077/998 1088/1088/998 1085/1085/998 
f 1076/1076/999 1090/1090/999 1088/1088/999 
f 1075/1075/1000 1092/1092/1000 1090/1090/1000 
f 1074/1074/1001 1094/1094/1001 1092/1092/1001 
f 1073/1073/1002 1096/1096/1002 1094/1094/1002 
f 1072/1072/1003 1134/1134/1003 1096/1096/1003 
f 1071/1071/1004 1135/1135/1004 1134/1134/1004 
f 1134/1134/1005 1136/1136/1005 1097/1097/1005 
f 1097/1097/1006 1137/1137/1006 1104/1104/1006 
f 1104/1104/1007 1138/1138/1007 1111/1111/1007 
f 1111/1111/1008 1139/1139/1008 1118/1118/1008 
f 1118/1118/1009 1140/1140/1009 1125/1125/1009 
f 1125/1125/1010 1141/1141/1010 1132/1132/1010 
f 1132/1132/1011 1142/1142/1011 1143/1143/1011 
f 1131/1131/1012 1143/1143/1012 1144/1144/1012 
f 1130/1130/1013 1144/1144/1013 1145/1145/1013 
f 1129/1129/1014 1145/1145/1014 1146/1146/1014 
f 1128/1128/1015 1146/1146/1015 1147/1147/1015 
f 1126/1126/1016 1147/1147/1016 1148/1148/1016 
f 1127/1127/1017 1148/1148/1017 1149/1149/1017 
f 1150/1150/1018 1149/1149/1018 1151/1151/1018 
f 1152/1152/1019 1127/1127/1019 1150/1150/1019 
f 1153/1153/1020 1120/1120/1020 1152/1152/1020 
f 1154/1154/1021 1113/1113/1021 1153/1153/1021 
f 1155/1155/1022 1106/1106/1022 1154/1154/1022 
f 1156/1156/1023 1099/1099/1023 1155/1155/1023 
f 1133/1133/1024 1087/1087/1024 1156/1156/1024 
f 1157/1157/1025 1158/1158/1025 1159/1159/1025 
f 1160/1160/1026 1161/1161/1026 1158/1158/1026 
f 1162/1162/1027 1163/1163/1027 1161/1161/1027 
f 1164/1164/1028 1165/1165/1028 1163/1163/1028 
f 1166/1166/1029 1167/1167/1029 1165/1165/1029 
f 1168/1168/1030 1169/1169/1030 1167/1167/1030 
f 1159/1159/1031 1170/1170/1031 1171/1171/1031 
f 1158/1158/1032 1172/1172/1032 1170/1170/1032 
f 1161/1161/1033 1173/1173/1033 1172/1172/1033 
f 1163/1163/1034 1174/1174/1034 1173/1173/1034 
f 1165/1165/1035 1175/1175/1035 1174/1174/1035 
f 1167/1167/1036 1176/1176/1036 1175/1175/1036 
f 1171/1171/1037 1177/1177/1037 1178/1178/1037 
f 1170/1170/1038 1179/1179/1038 1177/1177/1038 
f 1172/1172/1039 1180/1180/1039 1179/1179/1039 
f 1173/1173/1040 1181/1181/1040 1180/1180/1040 
f 1174/1174/1041 1182/1182/1041 1181/1181/1041 
f 1175/1175/1042 1183/1183/1042 1182/1182/1042 
f 1178/1178/1043 1184/1184/1043 1185/1185/1043 
f 1177/1177/1044 1186/1186/1044 1184/1184/1044 
f 1179/1179/1045 1187/1187/1045 1186/1186/1045 
f 1180/1180/1046 1188/1188/1046 1187/1187/1046 
f 1181/1181/1047 1189/1189/1047 1188/1188/1047 
f 1182/1182/1048 1190/1190/1048 1189/1189/1048 
f 1185/1185/1049 1191/1191/1049 1192/1192/1049 
f 1184/1184/1050 1193/1193/1050 1191/1191/1050 
f 1186/1186/1051 1194/1194/1051 1193/1193/1051 
f 1187/1187/1052 1195/1195/1052 1194/1194/1052 
f 1188/1188/1053 1196/1196/1053 1195/1195/1053 
f 1190/1190/1054 1196/1196/1054 1189/1189/1054 
f 1192/1192/1055 1197/1197/1055 1198/1198/1055 
f 1191/1191/1056 1199/1199/1056 1197/1197/1056 
f 1193/1193/1057 1200/1200/1057 1199/1199/1057 
f 1194/1194/1058 1201/1201/1058 1200/1200/1058 
f 1195/1195/1059 1202/1202/1059 1201/1201/1059 
f 1196/1196/1060 1203/1203/1060 1202/1202/1060 
f 1151/1151/1061 1157/1157/1061 1204/1204/1061 
f 1149/1149/1062 1160/1160/1062 1157/1157/1062 
f 1148/1148/1063 1162/1162/1063 1160/1160/1063 
f 1147/1147/1064 1164/1164/1064 1162/1162/1064 
f 1146/1146/1065 1166/1166/1065 1164/1164/1065 
f 1145/1145/1066 1168/1168/1066 1166/1166/1066 
f 1144/1144/1067 1205/1205/1067 1168/1168/1067 
f 1143/1143/1068 1206/1206/1068 1205/1205/1068 
f 1205/1205/1069 1207/1207/1069 1169/1169/1069 
f 1169/1169/1070 1208/1208/1070 1176/1176/1070 
f 1176/1176/1071 1209/1209/1071 1183/1183/1071 
f 1183/1183/1072 1210/1210/1072 1190/1190/1072 
f 1210/1210/1073 1211/1211/1073 1190/1190/1073 
f 1211/1211/1074 1212/1212/1074 1203/1203/1074 
f 1203/1203/1075 1213/1213/1075 1214/1214/1075 
f 1202/1202/1076 1214/1214/1076 1215/1215/1076 
f 1201/1201/1077 1215/1215/1077 1216/1216/1077 
f 1200/1200/1078 1216/1216/1078 1217/1217/1078 
f 1199/1199/1079 1217/1217/1079 1218/1218/1079 
f 1197/1197/1080 1218/1218/1080 1219/1219/1080 
f 1198/1198/1081 1219/1219/1081 1220/1220/1081 
f 1221/1221/1082 1220/1220/1082 1222/1222/1082 
f 1223/1223/1083 1198/1198/1083 1221/1221/1083 
f 1224/1224/1084 1192/1192/1084 1223/1223/1084 
f 1225/1225/1085 1185/1185/1085 1224/1224/1085 
f 1226/1226/1086 1178/1178/1086 1225/1225/1086 
f 1227/1227/1087 1171/1171/1087 1226/1226/1087 
f 1204/1204/1088 1159/1159/1088 1227/1227/1088 
f 1228/1228/1089 1229/1229/1089 1230/1230/1089 
f 1231/1231/1090 1232/1232/1090 1229/1229/1090 
f 1233/1233/1091 1234/1234/1091 1232/1232/1091 
f 1235/1235/1092 1236/1236/1092 1234/1234/1092 
f 1237/1237/1093 1238/1238/1093 1236/1236/1093 
f 1239/1239/1094 1240/1240/1094 1238/1238/1094 
f 1230/1230/1095 1241/1241/1095 1242/1242/1095 
f 1229/1229/1096 1243/1243/1096 1241/1241/1096 
f 1232/1232/1097 1244/1244/1097 1243/1243/1097 
f 1234/1234/1098 1245/1245/1098 1244/1244/1098 
f 1236/1236/1099 1246/1246/1099 1245/1245/1099 
f 1238/1238/1100 1247/1247/1100 1246/1246/1100 
f 1242/1242/1101 1248/1248/1101 1249/1249/1101 
f 1241/1241/1102 1250/1250/1102 1248/1248/1102 
f 1243/1243/1103 1251/1251/1103 1250/1250/1103 
f 1244/1244/1104 1252/1252/1104 1251/1251/1104 
f 1245/1245/1105 1253/1253/1105 1252/1252/1105 
f 1246/1246/1106 1254/1254/1106 1253/1253/1106 
f 1249/1249/1107 1255/1255/1107 1256/1256/1107 
f 1248/1248/1108 1257/1257/1108 1255/1255/1108 
f 1250/1250/1109 1258/1258/1109 1257/1257/1109 
f 1251/1251/1110 1259/1259/1110 1258/1258/1110 
f 1252/1252/1111 1260/1260/1111 1259/1259/1111 
f 1253/1253/1112 1261/1261/1112 1260/1260/1112 
f 1256/1256/1113 1262/1262/1113 1263/1263/1113 
f 1255/1255/1114 1264/1264/1114 1262/1262/1114 
f 1257/1257/1115 1265/1265/1115 1264/1264/1115 
f 1258/1258/1116 1266/1266/1116 1265/1265/1116 
f 1259/1259/1117 1267/1267/1117 1266/1266/1117 
f 1260/1260/1118 1268/1268/1118 1267/1267/1118 
f 1263/1263/1119 1269/1269/1119 1270/1270/1119 
f 1262/1262/1120 1271/1271/1120 1269/1269/1120 
f 1264/1264/1121 1272/1272/1121 1271/1271/1121 
f 1265/1265/1122 1273/1273/1122 1272/1272/1122 
f 1266/1266/1123 1274/1274/1123 1273/1273/1123 
f 1267/1267/1124 1275/1275/1124 1274/1274/1124 
f 1222/1222/1125 1228/1228/1125 1276/1276/1125 
f 1220/1220/1126 1231/1231/1126 1228/1228/1126 
f 1219/1219/1127 1233/1233/1127 1231/1231/1127 
f 1218/1218/1128 1235/1235/1128 1233/1233/1128 
f 1217/1217/1129 1237/1237/1129 1235/1235/1129 
f 1216/1216/1130 1239/1239/1130 1237/1237/1130 
f 1215/1215/1131 1277/1277/1131 1239/1239/1131 
f 1214/1214/1132 1278/1278/1132 1277/1277/1132 
f 1277/1277/1133 1279/1279/1133 1240/1240/1133 
f 1240/1240/1134 1280/1280/1134 1247/1247/1134 
f 1247/1247/1135 1281/1281/1135 1254/1254/1135 
f 1254/1254/1136 1282/1282/1136 1261/1261/1136 
f 1261/1261/1137 1283/1283/1137 1268/1268/1137 
f 1283/1283/1138 1275/1275/1138 1268/1268/1138 
f 1275/1275/1139 1284/1284/1139 1285/1285/1139 
f 1274/1274/1140 1285/1285/1140 1286/1286/1140 
f 1273/1273/1141 1286/1286/1141 1287/1287/1141 
f 1272/1272/1142 1287/1287/1142 1288/1288/1142 
f 1271/1271/1143 1288/1288/1143 1289/1289/1143 
f 1269/1269/1144 1289/1289/1144 1290/1290/1144 
f 1270/1270/1145 1290/1290/1145 1291/1291/1145 
f 1292/1292/1146 1291/1291/1146 1293/1293/1146 
f 1294/1294/1147 1270/1270/1147 1292/1292/1147 
f 1295/1295/1148 1263/1263/1148 1294/1294/1148 
f 1296/1296/1149 1256/1256/1149 1295/1295/1149 
f 1297/1297/1150 1249/1249/1150 1296/1296/1150 
f 1298/1298/1151 1242/1242/1151 1297/1297/1151 
f 1276/1276/1152 1230/1230/1152 1298/1298/1152 
f 1299/1299/1153 1300/1300/1153 1301/1301/1153 
f 1302/1302/1154 1303/1303/1154 1300/1300/1154 
f 1304/1304/1155 1305/1305/1155 1303/1303/1155 
f 1306/1306/1156 1307/1307/1156 1305/1305/1156 
f 1308/1308/1157 1309/1309/1157 1307/1307/1157 
f 1310/1310/1158 1311/1311/1158 1309/1309/1158 
f 1301/1301/1159 1312/1312/1159 1313/1313/1159 
f 1300/1300/1160 1314/1314/1160 1312/1312/1160 
f 1303/1303/1161 1315/1315/1161 1314/1314/1161 
f 1305/1305/1162 1316/1316/1162 1315/1315/1162 
f 1307/1307/1163 1317/1317/1163 1316/1316/1163 
f 1311/1311/1164 1317/1317/1164 1309/1309/1164 
f 1313/1313/1165 1318/1318/1165 1319/1319/1165 
f 1312/1312/1166 1320/1320/1166 1318/1318/1166 
f 1314/1314/1167 1321/1321/1167 1320/1320/1167 
f 1315/1315/1168 1322/1322/1168 1321/1321/1168 
f 1316/1316/1169 1323/1323/1169 1322/1322/1169 
f 1317/1317/1170 1324/1324/1170 1323/1323/1170 
f 1319/1319/1171 1325/1325/1171 1326/1326/1171 
f 1318/1318/1172 1327/1327/1172 1325/1325/1172 
f 1320/1320/1173 1328/1328/1173 1327/1327/1173 
f 1321/1321/1174 1329/1329/1174 1328/1328/1174 
f 1322/1322/1175 1330/1330/1175 1329/1329/1175 
f 1323/1323/1176 1331/1331/1176 1330/1330/1176 
f 1326/1326/1177 1332/1332/1177 1333/1333/1177 
f 1325/1325/1178 1334/1334/1178 1332/1332/1178 
f 1327/1327/1179 1335/1335/1179 1334/1334/1179 
f 1328/1328/1180 1336/1336/1180 1335/1335/1180 
f 1329/1329/1181 1337/1337/1181 1336/1336/1181 
f 1330/1330/1182 1338/1338/1182 1337/1337/1182 
f 1333/1333/1183 1339/1339/1183 1340/1340/1183 
f 1332/1332/1184 1341/1341/1184 1339/1339/1184 
f 1334/1334/1185 1342/1342/1185 1341/1341/1185 
f 1335/1335/1186 1343/1343/1186 1342/1342/1186 
f 1336/1336/1187 1344/1344/1187 1343/1343/1187 
f 1337/1337/1188 1345/1345/1188 1344/1344/1188 
f 1293/1293/1189 1299/1299/1189 1346/1346/1189 
f 1291/1291/1190 1302/1302/1190 1299/1299/1190 
f 1290/1290/1191 1304/1304/1191 1302/1302/1191 
f 1289/1289/1192 1306/1306/1192 1304/1304/1192 
f 1288/1288/1193 1308/1308/1193 1306/1306/1193 
f 1286/1286/1194 1308/1308/1194 1287/1287/1194 
f 1286/1286/1195 1347/1347/1195 1310/1310/1195 
f 1285/1285/1196 1348/1348/1196 1347/1347/1196 
f 1347/1347/1197 1349/1349/1197 1311/1311/1197 
f 1311/1311/1198 1350/1350/1198 1351/1351/1198 
f 1351/1351/1199 1352/1352/1199 1324/1324/1199 
f 1324/1324/1200 1353/1353/1200 1331/1331/1200 
f 1331/1331/1201 1354/1354/1201 1338/1338/1201 
f 1338/1338/1202 1355/1355/1202 1345/1345/1202 
f 1345/1345/1203 1356/1356/1203 1357/1357/1203 
f 1344/1344/1204 1357/1357/1204 1358/1358/1204 
f 1343/1343/1205 1358/1358/1205 1359/1359/1205 
f 1342/1342/1206 1359/1359/1206 1360/1360/1206 
f 1341/1341/1207 1360/1360/1207 1361/1361/1207 
f 1339/1339/1208 1361/1361/1208 1362/1362/1208 
f 1340/1340/1209 1362/1362/1209 1363/1363/1209 
f 1364/1364/1210 1363/1363/1210 1365/1365/1210 
f 1366/1366/1211 1340/1340/1211 1364/1364/1211 
f 1367/1367/1212 1333/1333/1212 1366/1366/1212 
f 1368/1368/1213 1326/1326/1213 1367/1367/1213 
f 1369/1369/1214 1319/1319/1214 1368/1368/1214 
f 1370/1370/1215 1313/1313/1215 1369/1369/1215 
f 1346/1346/1216 1301/1301/1216 1370/1370/1216 
f 1371/1371/1217 1372/1372/1217 1373/1373/1217 
f 1374/1374/1218 1375/1375/1218 1372/1372/1218 
f 1376/1376/1219 1377/1377/1219 1375/1375/1219 
f 1378/1378/1220 1379/1379/1220 1377/1377/1220 
f 1380/1380/1221 1381/1381/1221 1379/1379/1221 
f 1382/1382/1222 1383/1383/1222 1381/1381/1222 
f 1373/1373/1223 1384/1384/1223 1385/1385/1223 
f 1372/1372/1224 1386/1386/1224 1384/1384/1224 
f 1375/1375/1225 1387/1387/1225 1386/1386/1225 
f 1377/1377/1226 1388/1388/1226 1387/1387/1226 
f 1379/1379/1227 1389/1389/1227 1388/1388/1227 
f 1381/1381/1228 1390/1390/1228 1389/1389/1228 
f 1385/1385/1229 1391/1391/1229 1392/1392/1229 
f 1384/1384/1230 1393/1393/1230 1391/1391/1230 
f 1386/1386/1231 1394/1394/1231 1393/1393/1231 
f 1387/1387/1232 1395/1395/1232 1394/1394/1232 
f 1388/1388/1233 1396/1396/1233 1395/1395/1233 
f 1389/1389/1234 1397/1397/1234 1396/1396/1234 
f 1392/1392/1235 1398/1398/1235 1399/1399/1235 
f 1391/1391/1236 1400/1400/1236 1398/1398/1236 
f 1393/1393/1237 1401/1401/1237 1400/1400/1237 
f 1394/1394/1238 1402/1402/1238 1401/1401/1238 
f 1395/1395/1239 1403/1403/1239 1402/1402/1239 
f 1396/1396/1240 1404/1404/1240 1403/1403/1240 
f 1399/1399/1241 1405/1405/1241 1406/1406/1241 
f 1398/1398/1242 1407/1407/1242 1405/1405/1242 
f 1400/1400/1243 1408/1408/1243 1407/1407/1243 
f 1401/1401/1244 1409/1409/1244 1408/1408/1244 
f 1402/1402/1245 1410/1410/1245 1409/1409/1245 
f 1403/1403/1246 1411/1411/1246 1410/1410/1246 
f 1406/1406/1247 1412/1412/1247 1413/1413/1247 
f 1405/1405/1248 1414/1414/1248 1412/1412/1248 
f 1407/1407/1249 1415/1415/1249 1414/1414/1249 
f 1408/1408/1250 1416/1416/1250 1415/1415/1250 
f 1409/1409/1251 1417/1417/1251 1416/1416/1251 
f 1410/1410/1252 1418/1418/1252 1417/1417/1252 
f 1365/1365/1253 1371/1371/1253 1419/1419/1253 
f 1363/1363/1254 1374/1374/1254 1371/1371/1254 
f 1362/1362/1255 1376/1376/1255 1374/1374/1255 
f 1361/1361/1256 1378/1378/1256 1376/1376/1256 
f 1360/1360/1257 1380/1380/1257 1378/1378/1257 
f 1359/1359/1258 1382/1382/1258 1380/1380/1258 
f 1358/1358/1259 1420/1420/1259 1382/1382/1259 
f 1357/1357/1260 1421/1421/1260 1420/1420/1260 
f 1420/1420/1261 1422/1422/1261 1383/1383/1261 
f 1383/1383/1262 1423/1423/1262 1390/1390/1262 
f 1390/1390/1263 1424/1424/1263 1397/1397/1263 
f 1397/1397/1264 1425/1425/1264 1404/1404/1264 
f 1404/1404/1265 1426/1426/1265 1411/1411/1265 
f 1411/1411/1266 1427/1427/1266 1418/1418/1266 
f 1418/1418/1267 1428/1428/1267 1429/1429/1267 
f 1417/1417/1268 1429/1429/1268 1430/1430/1268 
f 1416/1416/1269 1430/1430/1269 1431/1431/1269 
f 1415/1415/1270 1431/1431/1270 1432/1432/1270 
f 1414/1414/1271 1432/1432/1271 1433/1433/1271 
f 1412/1412/1272 1433/1433/1272 1434/1434/1272 
f 1413/1413/1273 1434/1434/1273 1435/1435/1273 
f 1436/1436/1274 1435/1435/1274 1437/1437/1274 
f 1438/1438/1275 1413/1413/1275 1436/1436/1275 
f 1439/1439/1276 1406/1406/1276 1438/1438/1276 
f 1440/1440/1277 1399/1399/1277 1439/1439/1277 
f 1441/1441/1278 1392/1392/1278 1440/1440/1278 
f 1442/1442/1279 1385/1385/1279 1441/1441/1279 
f 1419/1419/1280 1373/1373/1280 1442/1442/1280 
f 1443/1443/1281 1444/1444/1281 1445/1445/1281 
f 1446/1446/1282 1447/1447/1282 1444/1444/1282 
f 1448/1448/1283 1449/1449/1283 1447/1447/1283 
f 1450/1450/1284 1451/1451/1284 1449/1449/1284 
f 1452/1452/1285 1453/1453/1285 1451/1451/1285 
f 1454/1454/1286 1455/1455/1286 1453/1453/1286 
f 1445/1445/1287 1456/1456/1287 1457/1457/1287 
f 1444/1444/1288 1458/1458/1288 1456/1456/1288 
f 1447/1447/1289 1459/1459/1289 1458/1458/1289 
f 1449/1449/1290 1460/1460/1290 1459/1459/1290 
f 1451/1451/1291 1461/1461/1291 1460/1460/1291 
f 1453/1453/1292 1462/1462/1292 1461/1461/1292 
f 1457/1457/1293 1463/1463/1293 1464/1464/1293 
f 1456/1456/1294 1465/1465/1294 1463/1463/1294 
f 1458/1458/1295 1466/1466/1295 1465/1465/1295 
f 1459/1459/1296 1467/1467/1296 1466/1466/1296 
f 1460/1460/1297 1468/1468/1297 1467/1467/1297 
f 1461/1461/1298 1469/1469/1298 1468/1468/1298 
f 1464/1464/1299 1470/1470/1299 1471/1471/1299 
f 1463/1463/1300 1472/1472/1300 1470/1470/1300 
f 1465/1465/1301 1473/1473/1301 1472/1472/1301 
f 1466/1466/1302 1474/1474/1302 1473/1473/1302 
f 1467/1467/1303 1475/1475/1303 1474/1474/1303 
f 1468/1468/1304 1476/1476/1304 1475/1475/1304 
f 1471/1471/1305 1477/1477/1305 1478/1478/1305 
f 1470/1470/1306 1479/1479/1306 1477/1477/1306 
f 1472/1472/1307 1480/1480/1307 1479/1479/1307 
f 1473/1473/1308 1481/1481/1308 1480/1480/1308 
f 1474/1474/1309 1482/1482/1309 1481/1481/1309 
f 1475/1475/1310 1483/1483/1310 1482/1482/1310 
f 1478/1478/1311 1484/1484/1311 1485/1485/1311 
f 1477/1477/1312 1486/1486/1312 1484/1484/1312 
f 1479/1479/1313 1487/1487/1313 1486/1486/1313 
f 1480/1480/1314 1488/1488/1314 1487/1487/1314 
f 1481/1481/1315 1489/1489/1315 1488/1488/1315 
f 1482/1482/1316 1490/1490/1316 1489/1489/1316 
f 1437/1437/1317 1443/1443/1317 1491/1491/1317 
f 1435/1435/1318 1446/1446/1318 1443/1443/1318 
f 1434/1434/1319 1448/1448/1319 1446/1446/1319 
f 1433/1433/1320 1450/1450/1320 1448/1448/1320 
f 1432/1432/1321 1452/1452/1321 1450/1450/1321 
f 1431/1431/1322 1454/1454/1322 1452/1452/1322 
f 1430/1430/1323 1492/1492/1323 1454/1454/1323 
f 1429/1429/1324 1493/1493/1324 1492/1492/1324 
f 1492/1492/1325 1494/1494/1325 1455/1455/1325 
f 1455/1455/1326 1495/1495/1326 1462/1462/1326 
f 1462/1462/1327 1496/1496/1327 1469/1469/1327 
f 1469/1469/1328 1497/1497/1328 1476/1476/1328 
f 1476/1476/1329 1498/1498/1329 1483/1483/1329 
f 1483/1483/1330 1499/1499/1330 1490/1490/1330 
f 1490/1490/1331 1500/1500/1331 1501/1501/1331 
f 1489/1489/1332 1501/1501/1332 1502/1502/1332 
f 1488/1488/1333 1502/1502/1333 1503/1503/1333 
f 1487/1487/1334 1503/1503/1334 1504/1504/1334 
f 1486/1486/1335 1504/1504/1335 1505/1505/1335 
f 1484/1484/1336 1505/1505/1336 1506/1506/1336 
f 1485/1485/1337 1506/1506/1337 1507/1507/1337 
f 1508/1508/1338 1507/1507/1338 1509/1509/1338 
f 1510/1510/1339 1485/1485/1339 1508/1508/1339 
f 1511/1511/1340 1478/1478/1340 1510/1510/1340 
f 1512/1512/1341 1471/1471/1341 1511/1511/1341 
f 1513/1513/1342 1464/1464/1342 1512/1512/1342 
f 1514/1514/1343 1457/1457/1343 1513/1513/1343 
f 1491/1491/1344 1445/1445/1344 1514/1514/1344 
f 1515/1515/1345 1516/1516/1345 1517/1517/1345 
f 1518/1518/1346 1519/1519/1346 1516/1516/1346 
f 1520/1520/1347 1521/1521/1347 1519/1519/1347 
f 1522/1522/1348 1523/1523/1348 1521/1521/1348 
f 1524/1524/1349 1525/1525/1349 1523/1523/1349 
f 1526/1526/1350 1527/1527/1350 1525/1525/1350 
f 1517/1517/1351 1528/1528/1351 1529/1529/1351 
f 1516/1516/1352 1530/1530/1352 1528/1528/1352 
f 1519/1519/1353 1531/1531/1353 1530/1530/1353 
f 1521/1521/1354 1532/1532/1354 1531/1531/1354 
f 1523/1523/1355 1533/1533/1355 1532/1532/1355 
f 1525/1525/1356 1534/1534/1356 1533/1533/1356 
f 1529/1529/1357 1535/1535/1357 1536/1536/1357 
f 1528/1528/1358 1537/1537/1358 1535/1535/1358 
f 1530/1530/1359 1538/1538/1359 1537/1537/1359 
f 1531/1531/1360 1539/1539/1360 1538/1538/1360 
f 1532/1532/1361 1540/1540/1361 1539/1539/1361 
f 1533/1533/1362 1541/1541/1362 1540/1540/1362 
f 1536/1536/1363 1542/1542/1363 1543/1543/1363 
f 1535/1535/1364 1544/1544/1364 1542/1542/1364 
f 1537/1537/1365 1545/1545/1365 1544/1544/1365 
f 1538/1538/1366 1546/1546/1366 1545/1545/1366 
f 1539/1539/1367 1547/1547/1367 1546/1546/1367 
f 1540/1540/1368 1548/1548/1368 1547/1547/1368 
f 1543/1543/1369 1549/1549/1369 1550/1550/1369 
f 1542/1542/1370 1551/1551/1370 1549/1549/1370 
f 1544/1544/1371 1552/1552/1371 1551/1551/1371 
f 1545/1545/1372 1553/1553/1372 1552/1552/1372 
f 1546/1546/1373 1554/1554/1373 1553/1553/1373 
f 1547/1547/1374 1555/1555/1374 1554/1554/1374 
f 1550/1550/1375 1556/1556/1375 1557/1557/1375 
f 1549/1549/1376 1558/1558/1376 1556/1556/1376 
f 1551/1551/1377 1559/1559/1377 1558/1558/1377 
f 1552/1552/1378 1560/1560/1378 1559/1559/1378 
f 1553/1553/1379 1561/1561/1379 1560/1560/1379 
f 1554/1554/1380 1562/1562/1380 1561/1561/1380 
f 1509/1509/1381 1515/1515/1381 1563/1563/1381 
f 1507/1507/1382 1518/1518/1382 1515/1515/1382 
f 1506/1506/1383 1520/1520/1383 1518/1518/1383 
f 1505/1505/1384 1522/1522/1384 1520/1520/1384 
f 1504/1504/1385 1524/1524/1385 1522/1522/1385 
f 1503/1503/1386 1526/1526/1386 1524/1524/1386 
f 1502/1502/1387 1564/1564/1387 1526/1526/1387 
f 1501/1501/1388 1565/1565/1388 1564/1564/1388 
f 1564/1564/1389 1566/1566/1389 1527/1527/1389 
f 1527/1527/1390 1567/1567/1390 1534/1534/1390 
f 1534/1534/1391 1568/1568/1391 1541/1541/1391 
f 1541/1541/1392 1569/1569/1392 1548/1548/1392 
f 1548/1548/1393 1570/1570/1393 1555/1555/1393 
f 1555/1555/1394 1571/1571/1394 1562/1562/1394 
f 1562/1562/1395 1572/1572/1395 1573/1573/1395 
f 1561/1561/1396 1573/1573/1396 1574/1574/1396 
f 1560/1560/1397 1574/1574/1397 1575/1575/1397 
f 1559/1559/1398 1575/1575/1398 1576/1576/1398 
f 1558/1558/1399 1576/1576/1399 1577/1577/1399 
f 1556/1556/1400 1577/1577/1400 1578/1578/1400 
f 1557/1557/1401 1578/1578/1401 1579/1579/1401 
f 1580/1580/1402 1579/1579/1402 1581/1581/1402 
f 1582/1582/1403 1557/1557/1403 1580/1580/1403 
f 1583/1583/1404 1550/1550/1404 1582/1582/1404 
f 1584/1584/1405 1543/1543/1405 1583/1583/1405 
f 1585/1585/1406 1536/1536/1406 1584/1584/1406 
f 1586/1586/1407 1529/1529/1407 1585/1585/1407 
f 1563/1563/1408 1517/1517/1408 1586/1586/1408 
f 1587/1587/1409 1588/1588/1409 1589/1589/1409 
f 1590/1590/1410 1591/1591/1410 1588/1588/1410 
f 1592/1592/1411 1593/1593/1411 1591/1591/1411 
f 1594/1594/1412 1595/1595/1412 1593/1593/1412 
f 1596/1596/1413 1597/1597/1413 1595/1595/1413 
f 1598/1598/1414 1599/1599/1414 1597/1597/1414 
f 1589/1589/1415 1600/1600/1415 1601/1601/1415 
f 1588/1588/1416 1602/1602/1416 1600/1600/1416 
f 1591/1591/1417 1603/1603/1417 1602/1602/1417 
f 1593/1593/1418 1604/1604/1418 1603/1603/1418 
f 1595/1595/1419 1605/1605/1419 1604/1604/1419 
f 1597/1597/1420 1606/1606/1420 1605/1605/1420 
f 1601/1601/1421 1607/1607/1421 1608/1608/1421 
f 1600/1600/1422 1609/1609/1422 1607/1607/1422 
f 1602/1602/1423 1610/1610/1423 1609/1609/1423 
f 1603/1603/1424 1611/1611/1424 1610/1610/1424 
f 1604/1604/1425 1612/1612/1425 1611/1611/1425 
f 1605/1605/1426 1613/1613/1426 1612/1612/1426 
f 1608/1608/1427 1614/1614/1427 1615/1615/1427 
f 1607/1607/1428 1616/1616/1428 1614/1614/1428 
f 1609/1609/1429 1617/1617/1429 1616/1616/1429 
f 1610/1610/1430 1618/1618/1430 1617/1617/1430 
f 1611/1611/1431 1619/1619/1431 1618/1618/1431 
f 1612/1612/1432 1620/1620/1432 1619/1619/1432 
f 1615/1615/1433 1621/1621/1433 1622/1622/1433 
f 1614/1614/1434 1623/1623/1434 1621/1621/1434 
f 1616/1616/1435 1624/1624/1435 1623/1623/1435 
f 1617/1617/1436 1625/1625/1436 1624/1624/1436 
f 1618/1618/1437 1626/1626/1437 1625/1625/1437 
f 1619/1619/1438 1627/1627/1438 1626/1626/1438 
f 1622/1622/1439 1628/1628/1439 1629/1629/1439 
f 1621/1621/1440 1630/1630/1440 1628/1628/1440 
f 1623/1623/1441 1631/1631/1441 1630/1630/1441 
f 1624/1624/1442 1632/1632/1442 1631/1631/1442 
f 1625/1625/1443 1633/1633/1443 1632/1632/1443 
f 1626/1626/1444 1634/1634/1444 1633/1633/1444 
f 1581/1581/1445 1587/1587/1445 1635/1635/1445 
f 1579/1579/1446 1590/1590/1446 1587/1587/1446 
f 1578/1578/1447 1592/1592/1447 1590/1590/1447 
f 1577/1577/1448 1594/1594/1448 1592/1592/1448 
f 1576/1576/1449 1596/1596/1449 1594/1594/1449 
f 1575/1575/1450 1598/1598/1450 1596/1596/1450 
f 1574/1574/1451 1636/1636/1451 1598/1598/1451 
f 1573/1573/1452 1637/1637/1452 1636/1636/1452 
f 1636/1636/1453 1638/1638/1453 1599/1599/1453 
f 1599/1599/1454 1639/1639/1454 1606/1606/1454 
f 1606/1606/1455 1640/1640/1455 1613/1613/1455 
f 1640/1640/1456 1620/1620/1456 1613/1613/1456 
f 1620/1620/1457 1641/1641/1457 1627/1627/1457 
f 1627/1627/1458 1642/1642/1458 1634/1634/1458 
f 1642/1642/1459 1643/1643/1459 1634/1634/1459 
f 1633/1633/1460 1643/1643/1460 1644/1644/1460 
f 1632/1632/1461 1644/1644/1461 1645/1645/1461 
f 1631/1631/1462 1645/1645/1462 1646/1646/1462 
f 1630/1630/1463 1646/1646/1463 1647/1647/1463 
f 1628/1628/1464 1647/1647/1464 1648/1648/1464 
f 1629/1629/1465 1648/1648/1465 1649/1649/1465 
f 1650/1650/1466 1649/1649/1466 1651/1651/1466 
f 1652/1652/1467 1629/1629/1467 1650/1650/1467 
f 1653/1653/1468 1622/1622/1468 1652/1652/1468 
f 1654/1654/1469 1615/1615/1469 1653/1653/1469 
f 1655/1655/1470 1608/1608/1470 1654/1654/1470 
f 1656/1656/1471 1601/1601/1471 1655/1655/1471 
f 1635/1635/1472 1589/1589/1472 1656/1656/1472 
f 1657/1657/1473 1658/1658/1473 1659/1659/1473 
f 1660/1660/1474 1661/1661/1474 1658/1658/1474 
f 1662/1662/1475 1663/1663/1475 1661/1661/1475 
f 1664/1664/1476 1665/1665/1476 1663/1663/1476 
f 1666/1666/1477 1667/1667/1477 1665/1665/1477 
f 1668/1668/1478 1669/1669/1478 1667/1667/1478 
f 1659/1659/1479 1670/1670/1479 1671/1671/1479 
f 1658/1658/1480 1672/1672/1480 1670/1670/1480 
f 1661/1661/1481 1673/1673/1481 1672/1672/1481 
f 1663/1663/1482 1674/1674/1482 1673/1673/1482 
f 1665/1665/1483 1675/1675/1483 1674/1674/1483 
f 1667/1667/1484 1676/1676/1484 1675/1675/1484 
f 1671/1671/1485 1677/1677/1485 1678/1678/1485 
f 1670/1670/1486 1679/1679/1486 1677/1677/1486 
f 1672/1672/1487 1680/1680/1487 1679/1679/1487 
f 1673/1673/1488 1681/1681/1488 1680/1680/1488 
f 1674/1674/1489 1682/1682/1489 1681/1681/1489 
f 1675/1675/1490 1683/1683/1490 1682/1682/1490 
f 1678/1678/1491 1684/1684/1491 1685/1685/1491 
f 1677/1677/1492 1686/1686/1492 1684/1684/1492 
f 1679/1679/1493 1687/1687/1493 1686/1686/1493 
f 1680/1680/1494 1688/1688/1494 1687/1687/1494 
f 1681/1681/1495 1689/1689/1495 1688/1688/1495 
f 1682/1682/1496 1690/1690/1496 1689/1689/1496 
f 1685/1685/1497 1691/1691/1497 1692/1692/1497 
f 1684/1684/1498 1693/1693/1498 1691/1691/1498 
f 1686/1686/1499 1694/1694/1499 1693/1693/1499 
f 1687/1687/1500 1695/1695/1500 1694/1694/1500 
f 1688/1688/1501 1696/1696/1501 1695/1695/1501 
f 1689/1689/1502 1697/1697/1502 1696/1696/1502 
f 1692/1692/1503 1698/1698/1503 1699/1699/1503 
f 1691/1691/1504 1700/1700/1504 1698/1698/1504 
f 1693/1693/1505 1701/1701/1505 1700/1700/1505 
f 1694/1694/1506 1702/1702/1506 1701/1701/1506 
f 1695/1695/1507 1703/1703/1507 1702/1702/1507 
f 1696/1696/1508 1704/1704/1508 1703/1703/1508 
f 1651/1651/1509 1657/1657/1509 1705/1705/1509 
f 1649/1649/1510 1660/1660/1510 1657/1657/1510 
f 1648/1648/1511 1662/1662/1511 1660/1660/1511 
f 1647/1647/1512 1664/1664/1512 1662/1662/1512 
f 1646/1646/1513 1666/1666/1513 1664/1664/1513 
f 1645/1645/1514 1668/1668/1514 1666/1666/1514 
f 1644/1644/1515 1706/1706/1515 1668/1668/1515 
f 1643/1643/1516 1707/1707/1516 1706/1706/1516 
f 1706/1706/1517 1708/1708/1517 1669/1669/1517 
f 1669/1669/1518 1709/1709/1518 1676/1676/1518 
f 1676/1676/1519 1710/1710/1519 1683/1683/1519 
f 1683/1683/1520 1711/1711/1520 1690/1690/1520 
f 1690/1690/1521 1712/1712/1521 1697/1697/1521 
f 1697/1697/1522 1713/1713/1522 1704/1704/1522 
f 1704/1704/1523 1714/1714/1523 1715/1715/1523 
f 1703/1703/1524 1715/1715/1524 1716/1716/1524 
f 1702/1702/1525 1716/1716/1525 1717/1717/1525 
f 1701/1701/1526 1717/1717/1526 1718/1718/1526 
f 1700/1700/1527 1718/1718/1527 1719/1719/1527 
f 1698/1698/1528 1719/1719/1528 1720/1720/1528 
f 1699/1699/1529 1720/1720/1529 1721/1721/1529 
f 1722/1722/1530 1721/1721/1530 1723/1723/1530 
f 1724/1724/1531 1699/1699/1531 1722/1722/1531 
f 1725/1725/1532 1692/1692/1532 1724/1724/1532 
f 1726/1726/1533 1685/1685/1533 1725/1725/1533 
f 1727/1727/1534 1678/1678/1534 1726/1726/1534 
f 1728/1728/1535 1671/1671/1535 1727/1727/1535 
f 1705/1705/1536 1659/1659/1536 1728/1728/1536 
f 1729/1729/1537 1730/1730/1537 1731/1731/1537 
f 1732/1732/1538 1733/1733/1538 1730/1730/1538 
f 1734/1734/1539 1735/1735/1539 1733/1733/1539 
f 1736/1736/1540 1737/1737/1540 1735/1735/1540 
f 1738/1738/1541 1739/1739/1541 1737/1737/1541 
f 1740/1740/1542 1741/1741/1542 1739/1739/1542 
f 1731/1731/1543 1742/1742/1543 1743/1743/1543 
f 1730/1730/1544 1744/1744/1544 1742/1742/1544 
f 1733/1733/1545 1745/1745/1545 1744/1744/1545 
f 1735/1735/1546 1746/1746/1546 1745/1745/1546 
f 1737/1737/1547 1747/1747/1547 1746/1746/1547 
f 1739/1739/1548 1748/1748/1548 1747/1747/1548 
f 1743/1743/1549 1749/1749/1549 1750/1750/1549 
f 1742/1742/1550 1751/1751/1550 1749/1749/1550 
f 1744/1744/1551 1752/1752/1551 1751/1751/1551 
f 1745/1745/1552 1753/1753/1552 1752/1752/1552 
f 1746/1746/1553 1754/1754/1553 1753/1753/1553 
f 1747/1747/1554 1755/1755/1554 1754/1754/1554 
f 1750/1750/1555 1756/1756/1555 1757/1757/1555 
f 1749/1749/1556 1758/1758/1556 1756/1756/1556 
f 1751/1751/1557 1759/1759/1557 1758/1758/1557 
f 1752/1752/1558 1760/1760/1558 1759/1759/1558 
f 1753/1753/1559 1761/1761/1559 1760/1760/1559 
f 1754/1754/1560 1762/1762/1560 1761/1761/1560 
f 1757/1757/1561 1763/1763/1561 1764/1764/1561 
f 1756/1756/1562 1765/1765/1562 1763/1763/1562 
f 1758/1758/1563 1766/1766/1563 1765/1765/1563 
f 1759/1759/1564 1767/1767/1564 1766/1766/1564 
f 1760/1760/1565 1768/1768/1565 1767/1767/1565 
f 1761/1761/1566 1769/1769/1566 1768/1768/1566 
f 1764/1764/1567 1770/1770/1567 1771/1771/1567 
f 1763/1763/1568 1772/1772/1568 1770/1770/1568 
f 1765/1765/1569 1773/1773/1569 1772/1772/1569 
f 1766/1766/1570 1774/1774/1570 1773/1773/1570 
f 1767/1767/1571 1775/1775/1571 1774/1774/1571 
f 1768/1768/1572 1776/1776/1572 1775/1775/1572 
f 1723/1723/1573 1729/1729/1573 1777/1777/1573 
f 1721/1721/1574 1732/1732/1574 1729/1729/1574 
f 1720/1720/1575 1734/1734/1575 1732/1732/1575 
f 1719/1719/1576 1736/1736/1576 1734/1734/1576 
f 1718/1718/1577 1738/1738/1577 1736/1736/1577 
f 1717/1717/1578 1740/1740/1578 1738/1738/1578 
f 1716/1716/1579 1778/1778/1579 1740/1740/1579 
f 1715/1715/1580 1779/1779/1580 1778/1778/1580 
f 1778/1778/1581 1780/1780/1581 1741/1741/1581 
f 1741/1741/1582 1781/1781/1582 1748/1748/1582 
f 1748/1748/1583 1782/1782/1583 1755/1755/1583 
f 1755/1755/1584 1783/1783/1584 1762/1762/1584 
f 1762/1762/1585 1784/1784/1585 1769/1769/1585 
f 1769/1769/1586 1785/1785/1586 1776/1776/1586 
f 1776/1776/1587 1786/1786/1587 1787/1787/1587 
f 1775/1775/1588 1787/1787/1588 1788/1788/1588 
f 1774/1774/1589 1788/1788/1589 1789/1789/1589 
f 1773/1773/1590 1789/1789/1590 1790/1790/1590 
f 1772/1772/1591 1790/1790/1591 1791/1791/1591 
f 1770/1770/1592 1791/1791/1592 1792/1792/1592 
f 1771/1771/1593 1792/1792/1593 1793/1793/1593 
f 1794/1794/1594 1793/1793/1594 1795/1795/1594 
f 1796/1796/1595 1771/1771/1595 1794/1794/1595 
f 1797/1797/1596 1764/1764/1596 1796/1796/1596 
f 1798/1798/1597 1757/1757/1597 1797/1797/1597 
f 1799/1799/1598 1750/1750/1598 1798/1798/1598 
f 1800/1800/1599 1743/1743/1599 1799/1799/1599 
f 1777/1777/1600 1731/1731/1600 1800/1800/1600 
f 1801/1801/1601 1802/1802/1601 1803/1803/1601 
f 1804/1804/1602 1805/1805/1602 1802/1802/1602 
f 1806/1806/1603 1807/1807/1603 1805/1805/1603 
f 1808/1808/1604 1809/1809/1604 1807/1807/1604 
f 1810/1810/1605 1811/1811/1605 1809/1809/1605 
f 1812/1812/1606 1813/1813/1606 1811/1811/1606 
f 1803/1803/1607 1814/1814/1607 1815/1815/1607 
f 1802/1802/1608 1816/1816/1608 1814/1814/1608 
f 1805/1805/1609 1817/1817/1609 1816/1816/1609 
f 1807/1807/1610 1818/1818/1610 1817/1817/1610 
f 1809/1809/1611 1819/1819/1611 1818/1818/1611 
f 1811/1811/1612 1820/1820/1612 1819/1819/1612 
f 1815/1815/1613 1821/1821/1613 1822/1822/1613 
f 1814/1814/1614 1823/1823/1614 1821/1821/1614 
f 1816/1816/1615 1824/1824/1615 1823/1823/1615 
f 1817/1817/1616 1825/1825/1616 1824/1824/1616 
f 1818/1818/1617 1826/1826/1617 1825/1825/1617 
f 1819/1819/1618 1827/1827/1618 1826/1826/1618 
f 1822/1822/1619 1828/1828/1619 1829/1829/1619 
f 1821/1821/1620 1830/1830/1620 1828/1828/1620 
f 1823/1823/1621 1831/1831/1621 1830/1830/1621 
f 1824/1824/1622 1832/1832/1622 1831/1831/1622 
f 1825/1825/1623 1833/1833/1623 1832/1832/1623 
f 1826/1826/1624 1834/1834/1624 1833/1833/1624 
f 1829/1829/1625 1835/1835/1625 1836/1836/1625 
f 1828/1828/1626 1837/1837/1626 1835/1835/1626 
f 1830/1830/1627 1838/1838/1627 1837/1837/1627 
f 1831/1831/1628 1839/1839/1628 1838/1838/1628 
f 1832/1832/1629 1840/1840/1629 1839/1839/1629 
f 1833/1833/1630 1841/1841/1630 1840/1840/1630 
f 1836/1836/1631 1842/1842/1631 1843/1843/1631 
f 1835/1835/1632 1844/1844/1632 1842/1842/1632 
f 1837/1837/1633 1845/1845/1633 1844/1844/1633 
f 1838/1838/1634 1846/1846/1634 1845/1845/1634 
f 1839/1839/1635 1847/1847/1635 1846/1846/1635 
f 1840/1840/1636 1848/1848/1636 1847/1847/1636 
f 1795/1795/1637 1801/1801/1637 1849/1849/1637 
f 1793/1793/1638 1804/1804/1638 1801/1801/1638 
f 1792/1792/1639 1806/1806/1639 1804/1804/1639 
f 1791/1791/1640 1808/1808/1640 1806/1806/1640 
f 1790/1790/1641 1810/1810/1641 1808/1808/1641 
f 1789/1789/1642 1812/1812/1642 1810/1810/1642 
f 1787/1787/1643 1812/1812/1643 1788/1788/1643 
f 1787/1787/1644 1850/1850/1644 1851/1851/1644 
f 1851/1851/1645 1852/1852/1645 1813/1813/1645 
f 1813/1813/1646 1853/1853/1646 1820/1820/1646 
f 1820/1820/1647 1854/1854/1647 1827/1827/1647 
f 1827/1827/1648 1855/1855/1648 1834/1834/1648 
f 1834/1834/1649 1856/1856/1649 1841/1841/1649 
f 1841/1841/1650 1857/1857/1650 1848/1848/1650 
f 1848/1848/1651 1858/1858/1651 1859/1859/1651 
f 1848/1848/1652 1860/1860/1652 1847/1847/1652 
f 1846/1846/1653 1860/1860/1653 1861/1861/1653 
f 1845/1845/1654 1861/1861/1654 1862/1862/1654 
f 1844/1844/1655 1862/1862/1655 1863/1863/1655 
f 1842/1842/1656 1863/1863/1656 1864/1864/1656 
f 1843/1843/1657 1864/1864/1657 1865/1865/1657 
f 1866/1866/1658 1865/1865/1658 1867/1867/1658 
f 1868/1868/1659 1843/1843/1659 1866/1866/1659 
f 1869/1869/1660 1836/1836/1660 1868/1868/1660 
f 1870/1870/1661 1829/1829/1661 1869/1869/1661 
f 1871/1871/1662 1822/1822/1662 1870/1870/1662 
f 1872/1872/1663 1815/1815/1663 1871/1871/1663 
f 1849/1849/1664 1803/1803/1664 1872/1872/1664 
f 1873/1873/1665 1874/1874/1665 1875/1875/1665 
f 1876/1876/1666 1877/1877/1666 1874/1874/1666 
f 1878/1878/1667 1879/1879/1667 1877/1877/1667 
f 1880/1880/1668 1881/1881/1668 1879/1879/1668 
f 1882/1882/1669 1883/1883/1669 1881/1881/1669 
f 1884/1884/1670 1885/1885/1670 1883/1883/1670 
f 1875/1875/1671 1886/1886/1671 1887/1887/1671 
f 1874/1874/1672 1888/1888/1672 1886/1886/1672 
f 1877/1877/1673 1889/1889/1673 1888/1888/1673 
f 1879/1879/1674 1890/1890/1674 1889/1889/1674 
f 1881/1881/1675 1891/1891/1675 1890/1890/1675 
f 1883/1883/1676 1892/1892/1676 1891/1891/1676 
f 1887/1887/1677 1893/1893/1677 1894/1894/1677 
f 1886/1886/1678 1895/1895/1678 1893/1893/1678 
f 1888/1888/1679 1896/1896/1679 1895/1895/1679 
f 1889/1889/1680 1897/1897/1680 1896/1896/1680 
f 1890/1890/1681 1898/1898/1681 1897/1897/1681 
f 1891/1891/1682 1899/1899/1682 1898/1898/1682 
f 1894/1894/1683 1900/1900/1683 1901/1901/1683 
f 1893/1893/1684 1902/1902/1684 1900/1900/1684 
f 1895/1895/1685 1903/1903/1685 1902/1902/1685 
f 1896/1896/1686 1904/1904/1686 1903/1903/1686 
f 1897/1897/1687 1905/1905/1687 1904/1904/1687 
f 1898/1898/1688 1906/1906/1688 1905/1905/1688 
f 1901/1901/1689 1907/1907/1689 1908/1908/1689 
f 1900/1900/1690 1909/1909/1690 1907/1907/1690 
f 1902/1902/1691 1910/1910/1691 1909/1909/1691 
f 1903/1903/1692 1911/1911/1692 1910/1910/1692 
f 1904/1904/1693 1912/1912/1693 1911/1911/1693 
f 1905/1905/1694 1913/1913/1694 1912/1912/1694 
f 1908/1908/1695 1914/1914/1695 1915/1915/1695 
f 1907/1907/1696 1916/1916/1696 1914/1914/1696 
f 1909/1909/1697 1917/1917/1697 1916/1916/1697 
f 1911/1911/1698 1917/1917/1698 1910/1910/1698 
f 1911/1911/1699 1918/1918/1699 1919/1919/1699 
f 1912/1912/1700 1920/1920/1700 1918/1918/1700 
f 1867/1867/1701 1873/1873/1701 1921/1921/1701 
f 1865/1865/1702 1876/1876/1702 1873/1873/1702 
f 1864/1864/1703 1878/1878/1703 1876/1876/1703 
f 1863/1863/1704 1880/1880/1704 1878/1878/1704 
f 1862/1862/1705 1882/1882/1705 1880/1880/1705 
f 1860/1860/1706 1882/1882/1706 1861/1861/1706 
f 1860/1860/1707 1922/1922/1707 1884/1884/1707 
f 1859/1859/1708 1923/1923/1708 1922/1922/1708 
f 1922/1922/1709 1924/1924/1709 1885/1885/1709 
f 1885/1885/1710 1925/1925/1710 1892/1892/1710 
f 1892/1892/1711 1926/1926/1711 1899/1899/1711 
f 1899/1899/1712 1927/1927/1712 1906/1906/1712 
f 1906/1906/1713 1928/1928/1713 1913/1913/1713 
f 1913/1913/1714 1929/1929/1714 1920/1920/1714 
f 1920/1920/1715 1930/1930/1715 1931/1931/1715 
f 1918/1918/1716 1931/1931/1716 1932/1932/1716 
f 1919/1919/1717 1932/1932/1717 1933/1933/1717 
f 1917/1917/1718 1933/1933/1718 1934/1934/1718 
f 1916/1916/1719 1934/1934/1719 1935/1935/1719 
f 1914/1914/1720 1935/1935/1720 1936/1936/1720 
f 1915/1915/1721 1936/1936/1721 1937/1937/1721 
f 1938/1938/1722 1937/1937/1722 1939/1939/1722 
f 1940/1940/1723 1915/1915/1723 1938/1938/1723 
f 1941/1941/1724 1908/1908/1724 1940/1940/1724 
f 1942/1942/1725 1901/1901/1725 1941/1941/1725 
f 1943/1943/1726 1894/1894/1726 1942/1942/1726 
f 1944/1944/1727 1887/1887/1727 1943/1943/1727 
f 1921/1921/1728 1875/1875/1728 1944/1944/1728 
f 1945/1945/1729 1946/1946/1729 1947/1947/1729 
f 1948/1948/1730 1949/1949/1730 1946/1946/1730 
f 1950/1950/1731 1951/1951/1731 1949/1949/1731 
f 1952/1952/1732 1953/1953/1732 1951/1951/1732 
f 1954/1954/1733 1955/1955/1733 1953/1953/1733 
f 1956/1956/1734 1957/1957/1734 1955/1955/1734 
f 1947/1947/1735 1958/1958/1735 1959/1959/1735 
f 1946/1946/1736 1960/1960/1736 1958/1958/1736 
f 1949/1949/1737 1961/1961/1737 1960/1960/1737 
f 1951/1951/1738 1962/1962/1738 1961/1961/1738 
f 1953/1953/1739 1963/1963/1739 1962/1962/1739 
f 1955/1955/1740 1964/1964/1740 1963/1963/1740 
f 1959/1959/1741 1965/1965/1741 1966/1966/1741 
f 1958/1958/1742 1967/1967/1742 1965/1965/1742 
f 1960/1960/1743 1968/1968/1743 1967/1967/1743 
f 1961/1961/1744 1969/1969/1744 1968/1968/1744 
f 1962/1962/1745 1970/1970/1745 1969/1969/1745 
f 1963/1963/1746 1971/1971/1746 1970/1970/1746 
f 1966/1966/1747 1972/1972/1747 1973/1973/1747 
f 1965/1965/1748 1974/1974/1748 1972/1972/1748 
f 1967/1967/1749 1975/1975/1749 1974/1974/1749 
f 1968/1968/1750 1976/1976/1750 1975/1975/1750 
f 1969/1969/1751 1977/1977/1751 1976/1976/1751 
f 1970/1970/1752 1978/1978/1752 1977/1977/1752 
f 1973/1973/1753 1979/1979/1753 1980/1980/1753 
f 1972/1972/1754 1981/1981/1754 1979/1979/1754 
f 1974/1974/1755 1982/1982/1755 1981/1981/1755 
f 1975/1975/1756 1983/1983/1756 1982/1982/1756 
f 1976/1976/1757 1984/1984/1757 1983/1983/1757 
f 1977/1977/1758 1985/1985/1758 1984/1984/1758 
f 1980/1980/1759 1986/1986/1759 1987/1987/1759 
f 1979/1979/1760 1988/1988/1760 1986/1986/1760 
f 1981/1981/1761 1989/1989/1761 1988/1988/1761 
f 1982/1982/1762 1990/1990/1762 1989/1989/1762 
f 1983/1983/1763 1991/1991/1763 1990/1990/1763 
f 1984/1984/1764 1992/1992/1764 1991/1991/1764 
f 1939/1939/1765 1945/1945/1765 1993/1993/1765 
f 1937/1937/1766 1948/1948/1766 1945/1945/1766 
f 1936/1936/1767 1950/1950/1767 1948/1948/1767 
f 1935/1935/1768 1952/1952/1768 1950/1950/1768 
f 1934/1934/1769 1954/1954/1769 1952/1952/1769 
f 1933/1933/1770 1956/1956/1770 1954/1954/1770 
f 1932/1932/1771 1994/1994/1771 1956/1956/1771 
f 1931/1931/1772 1995/1995/1772 1994/1994/1772 
f 1994/1994/1773 1996/1996/1773 1957/1957/1773 
f 1957/1957/1774 1997/1997/1774 1964/1964/1774 
f 1964/1964/1775 1998/1998/1775 1971/1971/1775 
f 1971/1971/1776 1999/1999/1776 1978/1978/1776 
f 1978/1978/1777 2000/2000/1777 1985/1985/1777 
f 1985/1985/1778 2001/2001/1778 1992/1992/1778 
f 1992/1992/1779 2002/2002/1779 2003/2003/1779 
f 1991/1991/1780 2003/2003/1780 2004/2004/1780 
f 1990/1990/1781 2004/2004/1781 2005/2005/1781 
f 1989/1989/1782 2005/2005/1782 2006/2006/1782 
f 1988/1988/1783 2006/2006/1783 2007/2007/1783 
f 1986/1986/1784 2007/2007/1784 2008/2008/1784 
f 1987/1987/1785 2008/2008/1785 2009/2009/1785 
f 2010/2010/1786 2009/2009/1786 2011/2011/1786 
f 2012/2012/1787 1987/1987/1787 2010/2010/1787 
f 2013/2013/1788 1980/1980/1788 2012/2012/1788 
f 2014/2014/1789 1973/1973/1789 2013/2013/1789 
f 2015/2015/1790 1966/1966/1790 2014/2014/1790 
f 2016/2016/1791 1959/1959/1791 2015/2015/1791 
f 1993/1993/1792 1947/1947/1792 2016/2016/1792 
f 2017/2017/1793 2018/2018/1793 2019/2019/1793 
f 2020/2020/1794 2021/2021/1794 2018/2018/1794 
f 2022/2022/1795 2023/2023/1795 2021/2021/1795 
f 2024/2024/1796 2025/2025/1796 2023/2023/1796 
f 2026/2026/1797 2027/2027/1797 2025/2025/1797 
f 2028/2028/1798 2029/2029/1798 2027/2027/1798 
f 2019/2019/1799 2030/2030/1799 2031/2031/1799 
f 2018/2018/1800 2032/2032/1800 2030/2030/1800 
f 2021/2021/1801 2033/2033/1801 2032/2032/1801 
f 2023/2023/1802 2034/2034/1802 2033/2033/1802 
f 2025/2025/1803 2035/2035/1803 2034/2034/1803 
f 2027/2027/1804 2036/2036/1804 2035/2035/1804 
f 2031/2031/1805 2037/2037/1805 2038/2038/1805 
f 2030/2030/1806 2039/2039/1806 2037/2037/1806 
f 2032/2032/1807 2040/2040/1807 2039/2039/1807 
f 2033/2033/1808 2041/2041/1808 2040/2040/1808 
f 2034/2034/1809 2042/2042/1809 2041/2041/1809 
f 2035/2035/1810 2043/2043/1810 2042/2042/1810 
f 2038/2038/1811 2044/2044/1811 2045/2045/1811 
f 2037/2037/1812 2046/2046/1812 2044/2044/1812 
f 2039/2039/1813 2047/2047/1813 2046/2046/1813 
f 2040/2040/1814 2048/2048/1814 2047/2047/1814 
f 2041/2041/1815 2049/2049/1815 2048/2048/1815 
f 2042/2042/1816 2050/2050/1816 2049/2049/1816 
f 2045/2045/1817 2051/2051/1817 2052/2052/1817 
f 2044/2044/1818 2053/2053/1818 2051/2051/1818 
f 2046/2046/1819 2054/2054/1819 2053/2053/1819 
f 2047/2047/1820 2055/2055/1820 2054/2054/1820 
f 2048/2048/1821 2056/2056/1821 2055/2055/1821 
f 2049/2049/1822 2057/2057/1822 2056/2056/1822 
f 2052/2052/1823 2058/2058/1823 2059/2059/1823 
f 2051/2051/1824 2060/2060/1824 2058/2058/1824 
f 2053/2053/1825 2061/2061/1825 2060/2060/1825 
f 2054/2054/1826 2062/2062/1826 2061/2061/1826 
f 2055/2055/1827 2063/2063/1827 2062/2062/1827 
f 2057/2057/1828 2063/2063/1828 2056/2056/1828 
f 2011/2011/1829 2017/2017/1829 2064/2064/1829 
f 2009/2009/1830 2020/2020/1830 2017/2017/1830 
f 2008/2008/1831 2022/2022/1831 2020/2020/1831 
f 2007/2007/1832 2024/2024/1832 2022/2022/1832 
f 2006/2006/1833 2026/2026/1833 2024/2024/1833 
f 2005/2005/1834 2028/2028/1834 2026/2026/1834 
f 2004/2004/1835 2065/2065/1835 2028/2028/1835 
f 2003/2003/1836 2066/2066/1836 2065/2065/1836 
f 2065/2065/1837 2067/2067/1837 2029/2029/1837 
f 2029/2029/1838 2068/2068/1838 2036/2036/1838 
f 2036/2036/1839 2069/2069/1839 2043/2043/1839 
f 2043/2043/1840 2070/2070/1840 2050/2050/1840 
f 2050/2050/1841 2071/2071/1841 2057/2057/1841 
f 2057/2057/1842 2072/2072/1842 2073/2073/1842 
f 2073/2073/1843 2074/2074/1843 2075/2075/1843 
f 2063/2063/1844 2075/2075/1844 2076/2076/1844 
f 2062/2062/1845 2076/2076/1845 2077/2077/1845 
f 2061/2061/1846 2077/2077/1846 2078/2078/1846 
f 2060/2060/1847 2078/2078/1847 2079/2079/1847 
f 2058/2058/1848 2079/2079/1848 2080/2080/1848 
f 2059/2059/1849 2080/2080/1849 2081/2081/1849 
f 2082/2082/1850 2081/2081/1850 2083/2083/1850 
f 2084/2084/1851 2059/2059/1851 2082/2082/1851 
f 2085/2085/1852 2052/2052/1852 2084/2084/1852 
f 2086/2086/1853 2045/2045/1853 2085/2085/1853 
f 2087/2087/1854 2038/2038/1854 2086/2086/1854 
f 2088/2088/1855 2031/2031/1855 2087/2087/1855 
f 2064/2064/1856 2019/2019/1856 2088/2088/1856 
f 2089/2089/1857 2090/2090/1857 2091/2091/1857 
f 2092/2092/1858 2093/2093/1858 2090/2090/1858 
f 2094/2094/1859 2095/2095/1859 2093/2093/1859 
f 2096/2096/1860 2097/2097/1860 2095/2095/1860 
f 2098/2098/1861 2099/2099/1861 2097/2097/1861 
f 2100/2100/1862 2101/2101/1862 2099/2099/1862 
f 2091/2091/1863 2102/2102/1863 2103/2103/1863 
f 2090/2090/1864 2104/2104/1864 2102/2102/1864 
f 2093/2093/1865 2105/2105/1865 2104/2104/1865 
f 2095/2095/1866 2106/2106/1866 2105/2105/1866 
f 2097/2097/1867 2107/2107/1867 2106/2106/1867 
f 2099/2099/1868 2108/2108/1868 2107/2107/1868 
f 2103/2103/1869 2109/2109/1869 2110/2110/1869 
f 2102/2102/1870 2111/2111/1870 2109/2109/1870 
f 2104/2104/1871 2112/2112/1871 2111/2111/1871 
f 2105/2105/1872 2113/2113/1872 2112/2112/1872 
f 2106/2106/1873 2114/2114/1873 2113/2113/1873 
f 2107/2107/1874 2115/2115/1874 2114/2114/1874 
f 2110/2110/1875 2116/2116/1875 2117/2117/1875 
f 2109/2109/1876 2118/2118/1876 2116/2116/1876 
f 2111/2111/1877 2119/2119/1877 2118/2118/1877 
f 2112/2112/1878 2120/2120/1878 2119/2119/1878 
f 2113/2113/1879 2121/2121/1879 2120/2120/1879 
f 2114/2114/1880 2122/2122/1880 2121/2121/1880 
f 2117/2117/1881 2123/2123/1881 2124/2124/1881 
f 2116/2116/1882 2125/2125/1882 2123/2123/1882 
f 2118/2118/1883 2126/2126/1883 2125/2125/1883 
f 2119/2119/1884 2127/2127/1884 2126/2126/1884 
f 2120/2120/1885 2128/2128/1885 2127/2127/1885 
f 2121/2121/1886 2129/2129/1886 2128/2128/1886 
f 2124/2124/1887 2130/2130/1887 2131/2131/1887 
f 2123/2123/1888 2132/2132/1888 2130/2130/1888 
f 2125/2125/1889 2133/2133/1889 2132/2132/1889 
f 2126/2126/1890 2134/2134/1890 2133/2133/1890 
f 2127/2127/1891 2135/2135/1891 2134/2134/1891 
f 2128/2128/1892 2136/2136/1892 2135/2135/1892 
f 2083/2083/1893 2089/2089/1893 2137/2137/1893 
f 2081/2081/1894 2092/2092/1894 2089/2089/1894 
f 2080/2080/1895 2094/2094/1895 2092/2092/1895 
f 2079/2079/1896 2096/2096/1896 2094/2094/1896 
f 2078/2078/1897 2098/2098/1897 2096/2096/1897 
f 2077/2077/1898 2100/2100/1898 2098/2098/1898 
f 2076/2076/1899 2138/2138/1899 2100/2100/1899 
f 2075/2075/1900 2139/2139/1900 2138/2138/1900 
f 2138/2138/1901 2140/2140/1901 2101/2101/1901 
f 2101/2101/1902 2141/2141/1902 2108/2108/1902 
f 2108/2108/1903 2142/2142/1903 2115/2115/1903 
f 2115/2115/1904 2143/2143/1904 2122/2122/1904 
f 2122/2122/1905 2144/2144/1905 2129/2129/1905 
f 2129/2129/1906 2145/2145/1906 2136/2136/1906 
f 2136/2136/1907 2146/2146/1907 2147/2147/1907 
f 2135/2135/1908 2147/2147/1908 2148/2148/1908 
f 2134/2134/1909 2148/2148/1909 2149/2149/1909 
f 2133/2133/1910 2149/2149/1910 2150/2150/1910 
f 2132/2132/1911 2150/2150/1911 2151/2151/1911 
f 2130/2130/1912 2151/2151/1912 2152/2152/1912 
f 2131/2131/1913 2152/2152/1913 2153/2153/1913 
f 2154/2154/1914 2153/2153/1914 2155/2155/1914 
f 2156/2156/1915 2131/2131/1915 2154/2154/1915 
f 2157/2157/1916 2124/2124/1916 2156/2156/1916 
f 2158/2158/1917 2117/2117/1917 2157/2157/1917 
f 2159/2159/1918 2110/2110/1918 2158/2158/1918 
f 2160/2160/1919 2103/2103/1919 2159/2159/1919 
f 2137/2137/1920 2091/2091/1920 2160/2160/1920 
f 2161/2161/1921 2162/2162/1921 2163/2163/1921 
f 2164/2164/1922 2165/2165/1922 2162/2162/1922 
f 2166/2166/1923 2167/2167/1923 2165/2165/1923 
f 2168/2168/1924 2169/2169/1924 2167/2167/1924 
f 2170/2170/1925 2171/2171/1925 2169/2169/1925 
f 2172/2172/1926 2173/2173/1926 2171/2171/1926 
f 2163/2163/1927 2174/2174/1927 2175/2175/1927 
f 2162/2162/1928 2176/2176/1928 2174/2174/1928 
f 2165/2165/1929 2177/2177/1929 2176/2176/1929 
f 2167/2167/1930 2178/2178/1930 2177/2177/1930 
f 2169/2169/1931 2179/2179/1931 2178/2178/1931 
f 2171/2171/1932 2180/2180/1932 2179/2179/1932 
f 2175/2175/1933 2181/2181/1933 2182/2182/1933 
f 2174/2174/1934 2183/2183/1934 2181/2181/1934 
f 2176/2176/1935 2184/2184/1935 2183/2183/1935 
f 2177/2177/1936 2185/2185/1936 2184/2184/1936 
f 2178/2178/1937 2186/2186/1937 2185/2185/1937 
f 2179/2179/1938 2187/2187/1938 2186/2186/1938 
f 2182/2182/1939 2188/2188/1939 2189/2189/1939 
f 2181/2181/1940 2190/2190/1940 2188/2188/1940 
f 2183/2183/1941 2191/2191/1941 2190/2190/1941 
f 2184/2184/1942 2192/2192/1942 2191/2191/1942 
f 2185/2185/1943 2193/2193/1943 2192/2192/1943 
f 2186/2186/1944 2194/2194/1944 2193/2193/1944 
f 2189/2189/1945 2195/2195/1945 2196/2196/1945 
f 2188/2188/1946 2197/2197/1946 2195/2195/1946 
f 2190/2190/1947 2198/2198/1947 2197/2197/1947 
f 2191/2191/1948 2199/2199/1948 2198/2198/1948 
f 2192/2192/1949 2200/2200/1949 2199/2199/1949 
f 2193/2193/1950 2201/2201/1950 2200/2200/1950 
f 2196/2196/1951 2202/2202/1951 2203/2203/1951 
f 2195/2195/1952 2204/2204/1952 2202/2202/1952 
f 2197/2197/1953 2205/2205/1953 2204/2204/1953 
f 2198/2198/1954 2206/2206/1954 2205/2205/1954 
f 2199/2199/1955 2207/2207/1955 2206/2206/1955 
f 2200/2200/1956 2208/2208/1956 2207/2207/1956 
f 2155/2155/1957 2161/2161/1957 2209/2209/1957 
f 2153/2153/1958 2164/2164/1958 2161/2161/1958 
f 2152/2152/1959 2166/2166/1959 2164/2164/1959 
f 2151/2151/1960 2168/2168/1960 2166/2166/1960 
f 2150/2150/1961 2170/2170/1961 2168/2168/1961 
f 2149/2149/1962 2172/2172/1962 2170/2170/1962 
f 2148/2148/1963 2210/2210/1963 2172/2172/1963 
f 2147/2147/1964 2211/2211/1964 2210/2210/1964 
f 2210/2210/1965 2212/2212/1965 2173/2173/1965 
f 2173/2173/1966 2213/2213/1966 2180/2180/1966 
f 2180/2180/1967 2214/2214/1967 2187/2187/1967 
f 2187/2187/1968 2215/2215/1968 2194/2194/1968 
f 2194/2194/1969 2216/2216/1969 2201/2201/1969 
f 2201/2201/1970 2217/2217/1970 2208/2208/1970 
f 2208/2208/1971 2218/2218/1971 2219/2219/1971 
f 2207/2207/1972 2219/2219/1972 2220/2220/1972 
f 2206/2206/1973 2220/2220/1973 2221/2221/1973 
f 2205/2205/1974 2221/2221/1974 2222/2222/1974 
f 2204/2204/1975 2222/2222/1975 2223/2223/1975 
f 2202/2202/1976 2223/2223/1976 2224/2224/1976 
f 2203/2203/1977 2224/2224/1977 2225/2225/1977 
f 2226/2226/1978 2225/2225/1978 2227/2227/1978 
f 2228/2228/1979 2203/2203/1979 2226/2226/1979 
f 2229/2229/1980 2196/2196/1980 2228/2228/1980 
f 2230/2230/1981 2189/2189/1981 2229/2229/1981 
f 2231/2231/1982 2182/2182/1982 2230/2230/1982 
f 2232/2232/1983 2175/2175/1983 2231/2231/1983 
f 2209/2209/1984 2163/2163/1984 2232/2232/1984 
f 2233/2233/1985 2234/2234/1985 2235/2235/1985 
f 2236/2236/1986 2237/2237/1986 2234/2234/1986 
f 2238/2238/1987 2239/2239/1987 2237/2237/1987 
f 2240/2240/1988 2241/2241/1988 2239/2239/1988 
f 2242/2242/1989 2243/2243/1989 2241/2241/1989 
f 2244/2244/1990 2245/2245/1990 2243/2243/1990 
f 2235/2235/1991 2246/2246/1991 2247/2247/1991 
f 2234/2234/1992 2248/2248/1992 2246/2246/1992 
f 2237/2237/1993 2249/2249/1993 2248/2248/1993 
f 2239/2239/1994 2250/2250/1994 2249/2249/1994 
f 2241/2241/1995 2251/2251/1995 2250/2250/1995 
f 2243/2243/1996 2252/2252/1996 2251/2251/1996 
f 2247/2247/1997 2253/2253/1997 2254/2254/1997 
f 2246/2246/1998 2255/2255/1998 2253/2253/1998 
f 2248/2248/1999 2256/2256/1999 2255/2255/1999 
f 2249/2249/2000 2257/2257/2000 2256/2256/2000 
f 2250/2250/2001 2258/2258/2001 2257/2257/2001 
f 2251/2251/2002 2259/2259/2002 2258/2258/2002 
f 2254/2254/2003 2260/2260/2003 2261/2261/2003 
f 2253/2253/2004 2262/2262/2004 2260/2260/2004 
f 2255/2255/2005 2263/2263/2005 2262/2262/2005 
f 2256/2256/2006 2264/2264/2006 2263/2263/2006 
f 2257/2257/2007 2265/2265/2007 2264/2264/2007 
f 2258/2258/2008 2266/2266/2008 2265/2265/2008 
f 2261/2261/2009 2267/2267/2009 2268/2268/2009 
f 2260/2260/2010 2269/2269/2010 2267/2267/2010 
f 2262/2262/2011 2270/2270/2011 2269/2269/2011 
f 2263/2263/2012 2271/2271/2012 2270/2270/2012 
f 2264/2264/2013 2272/2272/2013 2271/2271/2013 
f 2265/2265/2014 2273/2273/2014 2272/2272/2014 
f 2268/2268/2015 2274/2274/2015 2275/2275/2015 
f 2267/2267/2016 2276/2276/2016 2274/2274/2016 
f 2269/2269/2017 2277/2277/2017 2276/2276/2017 
f 2270/2270/2018 2278/2278/2018 2277/2277/2018 
f 2271/2271/2019 2279/2279/2019 2278/2278/2019 
f 2272/2272/2020 2280/2280/2020 2279/2279/2020 
f 2227/2227/2021 2233/2233/2021 2281/2281/2021 
f 2225/2225/2022 2236/2236/2022 2233/2233/2022 
f 2224/2224/2023 2238/2238/2023 2236/2236/2023 
f 2223/2223/2024 2240/2240/2024 2238/2238/2024 
f 2222/2222/2025 2242/2242/2025 2240/2240/2025 
f 2221/2221/2026 2244/2244/2026 2242/2242/2026 
f 2220/2220/2027 2282/2282/2027 2244/2244/2027 
f 2219/2219/2028 2283/2283/2028 2282/2282/2028 
f 2282/2282/2029 2284/2284/2029 2245/2245/2029 
f 2245/2245/2030 2285/2285/2030 2252/2252/2030 
f 2252/2252/2031 2286/2286/2031 2259/2259/2031 
f 2259/2259/2032 2287/2287/2032 2266/2266/2032 
f 2266/2266/2033 2288/2288/2033 2273/2273/2033 
f 2273/2273/2034 2289/2289/2034 2280/2280/2034 
f 2280/2280/2035 2290/2290/2035 58/2291/2035 
f 2279/2279/2036 58/2291/2036 56/2292/2036 
f 2278/2278/2037 56/2292/2037 55/2293/2037 
f 2277/2277/2038 55/2293/2038 54/2294/2038 
f 2276/2276/2039 54/2294/2039 53/2295/2039 
f 2274/2274/2040 53/2295/2040 52/2296/2040 
f 2275/2275/2041 52/2296/2041 51/2297/2041 
f 2291/2298/2042 51/2297/2042 49/2299/2042 
f 2292/2300/2043 2275/2275/2043 2291/2298/2043 
f 2293/2301/2044 2268/2268/2044 2292/2300/2044 
f 2294/2302/2045 2261/2261/2045 2293/2301/2045 
f 2295/2303/2046 2254/2254/2046 2294/2302/2046 
f 2296/2304/2047 2247/2247/2047 2295/2303/2047 
f 2281/2281/2048 2235/2235/2048 2296/2304/2048 
f 1/1/2049 4/4/2049 2/2/2049 
f 4/4/2050 6/6/2050 5/5/2050 
f 6/6/2051 8/8/2051 7/7/2051 
f 8/8/2052 10/10/2052 9/9/2052 
f 10/10/2053 12/12/2053 11/11/2053 
f 12/12/2054 57/57/2054 13/13/2054 
f 3/3/2055 2/2/2055 14/14/2055 
f 2/2/2056 5/5/2056 16/16/2056 
f 5/5/2057 7/7/2057 17/17/2057 
f 7/7/2058 9/9/2058 18/18/2058 
f 9/9/2059 11/11/2059 19/19/2059 
f 11/11/2060 13/13/2060 20/20/2060 
f 15/15/2061 14/14/2061 21/21/2061 
f 14/14/2062 16/16/2062 23/23/2062 
f 16/16/2063 17/17/2063 24/24/2063 
f 17/17/2064 18/18/2064 25/25/2064 
f 18/18/2065 19/19/2065 26/26/2065 
f 19/19/2066 20/20/2066 27/27/2066 
f 22/22/2067 21/21/2067 28/28/2067 
f 21/21/2068 23/23/2068 30/30/2068 
f 23/23/2069 24/24/2069 31/31/2069 
f 24/24/2070 25/25/2070 32/32/2070 
f 25/25/2071 26/26/2071 33/33/2071 
f 26/26/2072 27/27/2072 34/34/2072 
f 29/29/2073 28/28/2073 35/35/2073 
f 28/28/2074 30/30/2074 37/37/2074 
f 30/30/2075 31/31/2075 38/38/2075 
f 31/31/2076 32/32/2076 39/39/2076 
f 32/32/2077 33/33/2077 40/40/2077 
f 33/33/2078 34/34/2078 41/41/2078 
f 36/36/2079 35/35/2079 42/42/2079 
f 35/35/2080 37/37/2080 44/44/2080 
f 37/37/2081 38/38/2081 45/45/2081 
f 39/39/2082 47/47/2082 45/45/2082 
f 39/39/2083 40/40/2083 46/46/2083 
f 40/40/2084 41/41/2084 48/48/2084 
f 49/49/2085 51/51/2085 1/1/2085 
f 51/51/2086 52/52/2086 4/4/2086 
f 52/52/2087 53/53/2087 6/6/2087 
f 53/53/2088 54/54/2088 8/8/2088 
f 54/54/2089 55/55/2089 10/10/2089 
f 55/55/2090 56/56/2090 12/12/2090 
f 56/56/2091 58/58/2091 57/57/2091 
f 58/58/2092 2290/2305/2092 59/59/2092 
f 57/57/2093 59/59/2093 60/60/2093 
f 13/13/2094 60/60/2094 61/61/2094 
f 20/20/2095 61/61/2095 62/62/2095 
f 27/27/2096 62/62/2096 63/63/2096 
f 34/34/2097 63/63/2097 64/64/2097 
f 41/41/2098 64/64/2098 65/65/2098 
f 48/48/2099 65/65/2099 66/66/2099 
f 46/46/2100 48/48/2100 67/67/2100 
f 47/47/2101 46/46/2101 68/68/2101 
f 45/45/2102 47/47/2102 69/69/2102 
f 44/44/2103 45/45/2103 70/70/2103 
f 42/42/2104 44/44/2104 71/71/2104 
f 43/43/2105 42/42/2105 72/72/2105 
f 74/74/2106 43/43/2106 73/73/2106 
f 76/76/2107 36/36/2107 43/43/2107 
f 77/77/2108 29/29/2108 36/36/2108 
f 78/78/2109 22/22/2109 29/29/2109 
f 79/79/2110 15/15/2110 22/22/2110 
f 80/80/2111 3/3/2111 15/15/2111 
f 50/50/2112 1/1/2112 3/3/2112 
f 81/81/2113 84/84/2113 82/82/2113 
f 84/84/2114 86/86/2114 85/85/2114 
f 86/86/2115 88/88/2115 87/87/2115 
f 88/88/2116 90/90/2116 89/89/2116 
f 90/90/2117 92/92/2117 91/91/2117 
f 92/92/2118 129/129/2118 93/93/2118 
f 83/83/2119 82/82/2119 94/94/2119 
f 82/82/2120 85/85/2120 96/96/2120 
f 85/85/2121 87/87/2121 97/97/2121 
f 87/87/2122 89/89/2122 98/98/2122 
f 89/89/2123 91/91/2123 99/99/2123 
f 93/93/2124 133/133/2124 99/99/2124 
f 95/95/2125 94/94/2125 100/100/2125 
f 94/94/2126 96/96/2126 102/102/2126 
f 96/96/2127 97/97/2127 103/103/2127 
f 97/97/2128 98/98/2128 104/104/2128 
f 98/98/2129 99/99/2129 105/105/2129 
f 99/99/2130 133/133/2130 106/106/2130 
f 101/101/2131 100/100/2131 107/107/2131 
f 100/100/2132 102/102/2132 109/109/2132 
f 102/102/2133 103/103/2133 110/110/2133 
f 103/103/2134 104/104/2134 111/111/2134 
f 104/104/2135 105/105/2135 112/112/2135 
f 105/105/2136 106/106/2136 113/113/2136 
f 108/108/2137 107/107/2137 114/114/2137 
f 107/107/2138 109/109/2138 116/116/2138 
f 109/109/2139 110/110/2139 117/117/2139 
f 110/110/2140 111/111/2140 118/118/2140 
f 111/111/2141 112/112/2141 119/119/2141 
f 112/112/2142 113/113/2142 120/120/2142 
f 115/115/2143 114/114/2143 121/121/2143 
f 114/114/2144 116/116/2144 123/123/2144 
f 116/116/2145 117/117/2145 124/124/2145 
f 117/117/2146 118/118/2146 125/125/2146 
f 118/118/2147 119/119/2147 126/126/2147 
f 119/119/2148 120/120/2148 127/127/2148 
f 75/75/2149 73/73/2149 81/81/2149 
f 73/73/2150 72/72/2150 84/84/2150 
f 72/72/2151 71/71/2151 86/86/2151 
f 71/71/2152 70/70/2152 88/88/2152 
f 70/70/2153 69/69/2153 90/90/2153 
f 69/69/2154 68/68/2154 92/92/2154 
f 68/68/2155 67/67/2155 129/129/2155 
f 67/67/2156 66/66/2156 130/130/2156 
f 129/129/2157 130/130/2157 131/131/2157 
f 93/93/2158 131/131/2158 132/132/2158 
f 133/133/2159 132/132/2159 134/134/2159 
f 106/106/2160 134/134/2160 135/135/2160 
f 113/113/2161 135/135/2161 136/136/2161 
f 120/120/2162 136/136/2162 137/137/2162 
f 127/127/2163 137/137/2163 138/138/2163 
f 126/126/2164 127/127/2164 139/139/2164 
f 125/125/2165 126/126/2165 140/140/2165 
f 124/124/2166 125/125/2166 141/141/2166 
f 123/123/2167 124/124/2167 142/142/2167 
f 121/121/2168 123/123/2168 143/143/2168 
f 122/122/2169 121/121/2169 144/144/2169 
f 146/146/2170 122/122/2170 145/145/2170 
f 148/148/2171 115/115/2171 122/122/2171 
f 149/149/2172 108/108/2172 115/115/2172 
f 150/150/2173 101/101/2173 108/108/2173 
f 151/151/2174 95/95/2174 101/101/2174 
f 152/152/2175 83/83/2175 95/95/2175 
f 128/128/2176 81/81/2176 83/83/2176 
f 153/153/2177 156/156/2177 154/154/2177 
f 156/156/2178 158/158/2178 157/157/2178 
f 158/158/2179 160/160/2179 159/159/2179 
f 160/160/2180 162/162/2180 161/161/2180 
f 162/162/2181 164/164/2181 163/163/2181 
f 164/164/2182 202/202/2182 165/165/2182 
f 155/155/2183 154/154/2183 166/166/2183 
f 154/154/2184 157/157/2184 168/168/2184 
f 157/157/2185 159/159/2185 169/169/2185 
f 159/159/2186 161/161/2186 170/170/2186 
f 161/161/2187 163/163/2187 171/171/2187 
f 163/163/2188 165/165/2188 172/172/2188 
f 167/167/2189 166/166/2189 173/173/2189 
f 166/166/2190 168/168/2190 175/175/2190 
f 168/168/2191 169/169/2191 176/176/2191 
f 169/169/2192 170/170/2192 177/177/2192 
f 170/170/2193 171/171/2193 178/178/2193 
f 171/171/2194 172/172/2194 179/179/2194 
f 174/174/2195 173/173/2195 180/180/2195 
f 173/173/2196 175/175/2196 182/182/2196 
f 175/175/2197 176/176/2197 183/183/2197 
f 176/176/2198 177/177/2198 184/184/2198 
f 177/177/2199 178/178/2199 185/185/2199 
f 178/178/2200 179/179/2200 186/186/2200 
f 181/181/2201 180/180/2201 187/187/2201 
f 180/180/2202 182/182/2202 189/189/2202 
f 182/182/2203 183/183/2203 190/190/2203 
f 183/183/2204 184/184/2204 191/191/2204 
f 184/184/2205 185/185/2205 192/192/2205 
f 185/185/2206 186/186/2206 193/193/2206 
f 188/188/2207 187/187/2207 194/194/2207 
f 187/187/2208 189/189/2208 196/196/2208 
f 189/189/2209 190/190/2209 197/197/2209 
f 190/190/2210 191/191/2210 198/198/2210 
f 191/191/2211 192/192/2211 199/199/2211 
f 192/192/2212 193/193/2212 200/200/2212 
f 147/147/2213 145/145/2213 153/153/2213 
f 145/145/2214 144/144/2214 156/156/2214 
f 144/144/2215 143/143/2215 158/158/2215 
f 143/143/2216 142/142/2216 160/160/2216 
f 142/142/2217 141/141/2217 162/162/2217 
f 141/141/2218 140/140/2218 164/164/2218 
f 140/140/2219 139/139/2219 202/202/2219 
f 139/139/2220 138/138/2220 203/203/2220 
f 202/202/2221 203/203/2221 204/204/2221 
f 165/165/2222 204/204/2222 205/205/2222 
f 172/172/2223 205/205/2223 206/206/2223 
f 179/179/2224 206/206/2224 207/207/2224 
f 186/186/2225 207/207/2225 208/208/2225 
f 193/193/2226 208/208/2226 209/209/2226 
f 200/200/2227 209/209/2227 210/210/2227 
f 199/199/2228 200/200/2228 211/211/2228 
f 198/198/2229 199/199/2229 212/212/2229 
f 197/197/2230 198/198/2230 213/213/2230 
f 196/196/2231 197/197/2231 214/214/2231 
f 194/194/2232 196/196/2232 215/215/2232 
f 195/195/2233 194/194/2233 216/216/2233 
f 218/218/2234 195/195/2234 217/217/2234 
f 220/220/2235 188/188/2235 195/195/2235 
f 221/221/2236 181/181/2236 188/188/2236 
f 222/222/2237 174/174/2237 181/181/2237 
f 223/223/2238 167/167/2238 174/174/2238 
f 224/224/2239 155/155/2239 167/167/2239 
f 201/201/2240 153/153/2240 155/155/2240 
f 225/225/2241 228/228/2241 226/226/2241 
f 228/228/2242 230/230/2242 229/229/2242 
f 230/230/2243 232/232/2243 231/231/2243 
f 232/232/2244 234/234/2244 233/233/2244 
f 234/234/2245 236/236/2245 235/235/2245 
f 236/236/2246 274/274/2246 237/237/2246 
f 227/227/2247 226/226/2247 238/238/2247 
f 226/226/2248 229/229/2248 240/240/2248 
f 229/229/2249 231/231/2249 241/241/2249 
f 231/231/2250 233/233/2250 242/242/2250 
f 233/233/2251 235/235/2251 243/243/2251 
f 235/235/2252 237/237/2252 244/244/2252 
f 239/239/2253 238/238/2253 245/245/2253 
f 238/238/2254 240/240/2254 247/247/2254 
f 240/240/2255 241/241/2255 248/248/2255 
f 241/241/2256 242/242/2256 249/249/2256 
f 242/242/2257 243/243/2257 250/250/2257 
f 243/243/2258 244/244/2258 251/251/2258 
f 246/246/2259 245/245/2259 252/252/2259 
f 245/245/2260 247/247/2260 254/254/2260 
f 247/247/2261 248/248/2261 255/255/2261 
f 248/248/2262 249/249/2262 256/256/2262 
f 249/249/2263 250/250/2263 257/257/2263 
f 250/250/2264 251/251/2264 258/258/2264 
f 253/253/2265 252/252/2265 259/259/2265 
f 252/252/2266 254/254/2266 261/261/2266 
f 254/254/2267 255/255/2267 262/262/2267 
f 255/255/2268 256/256/2268 263/263/2268 
f 256/256/2269 257/257/2269 264/264/2269 
f 257/257/2270 258/258/2270 265/265/2270 
f 260/260/2271 259/259/2271 266/266/2271 
f 259/259/2272 261/261/2272 268/268/2272 
f 261/261/2273 262/262/2273 269/269/2273 
f 262/262/2274 263/263/2274 270/270/2274 
f 263/263/2275 264/264/2275 271/271/2275 
f 264/264/2276 265/265/2276 272/272/2276 
f 219/219/2277 217/217/2277 225/225/2277 
f 217/217/2278 216/216/2278 228/228/2278 
f 216/216/2279 215/215/2279 230/230/2279 
f 215/215/2280 214/214/2280 232/232/2280 
f 214/214/2281 213/213/2281 234/234/2281 
f 213/213/2282 212/212/2282 236/236/2282 
f 212/212/2283 211/211/2283 274/274/2283 
f 211/211/2284 210/210/2284 275/275/2284 
f 274/274/2285 275/275/2285 276/276/2285 
f 237/237/2286 276/276/2286 277/277/2286 
f 244/244/2287 277/277/2287 278/278/2287 
f 251/251/2288 278/278/2288 279/279/2288 
f 258/258/2289 279/279/2289 280/280/2289 
f 265/265/2290 280/280/2290 281/281/2290 
f 272/272/2291 281/281/2291 282/282/2291 
f 271/271/2292 272/272/2292 283/283/2292 
f 270/270/2293 271/271/2293 284/284/2293 
f 269/269/2294 270/270/2294 285/285/2294 
f 268/268/2295 269/269/2295 286/286/2295 
f 266/266/2296 268/268/2296 287/287/2296 
f 267/267/2297 266/266/2297 288/288/2297 
f 290/290/2298 267/267/2298 289/289/2298 
f 292/292/2299 260/260/2299 267/267/2299 
f 293/293/2300 253/253/2300 260/260/2300 
f 294/294/2301 246/246/2301 253/253/2301 
f 295/295/2302 239/239/2302 246/246/2302 
f 296/296/2303 227/227/2303 239/239/2303 
f 273/273/2304 225/225/2304 227/227/2304 
f 297/297/2305 300/300/2305 298/298/2305 
f 300/300/2306 302/302/2306 301/301/2306 
f 302/302/2307 304/304/2307 303/303/2307 
f 304/304/2308 306/306/2308 305/305/2308 
f 306/306/2309 308/308/2309 307/307/2309 
f 308/308/2310 346/346/2310 309/309/2310 
f 299/299/2311 298/298/2311 310/310/2311 
f 298/298/2312 301/301/2312 312/312/2312 
f 301/301/2313 303/303/2313 313/313/2313 
f 303/303/2314 305/305/2314 314/314/2314 
f 305/305/2315 307/307/2315 315/315/2315 
f 307/307/2316 309/309/2316 316/316/2316 
f 311/311/2317 310/310/2317 317/317/2317 
f 310/310/2318 312/312/2318 319/319/2318 
f 312/312/2319 313/313/2319 320/320/2319 
f 313/313/2320 314/314/2320 321/321/2320 
f 314/314/2321 315/315/2321 322/322/2321 
f 315/315/2322 316/316/2322 323/323/2322 
f 318/318/2323 317/317/2323 324/324/2323 
f 317/317/2324 319/319/2324 326/326/2324 
f 319/319/2325 320/320/2325 327/327/2325 
f 320/320/2326 321/321/2326 328/328/2326 
f 321/321/2327 322/322/2327 329/329/2327 
f 322/322/2328 323/323/2328 330/330/2328 
f 325/325/2329 324/324/2329 331/331/2329 
f 324/324/2330 326/326/2330 333/333/2330 
f 326/326/2331 327/327/2331 334/334/2331 
f 327/327/2332 328/328/2332 335/335/2332 
f 328/328/2333 329/329/2333 336/336/2333 
f 329/329/2334 330/330/2334 337/337/2334 
f 332/332/2335 331/331/2335 338/338/2335 
f 331/331/2336 333/333/2336 340/340/2336 
f 333/333/2337 334/334/2337 341/341/2337 
f 334/334/2338 335/335/2338 342/342/2338 
f 335/335/2339 336/336/2339 343/343/2339 
f 336/336/2340 337/337/2340 344/344/2340 
f 291/291/2341 289/289/2341 297/297/2341 
f 289/289/2342 288/288/2342 300/300/2342 
f 288/288/2343 287/287/2343 302/302/2343 
f 287/287/2344 286/286/2344 304/304/2344 
f 286/286/2345 285/285/2345 306/306/2345 
f 285/285/2346 284/284/2346 308/308/2346 
f 284/284/2347 283/283/2347 346/346/2347 
f 283/283/2348 282/282/2348 347/347/2348 
f 346/346/2349 347/347/2349 348/348/2349 
f 309/309/2350 348/348/2350 349/349/2350 
f 316/316/2351 349/349/2351 350/350/2351 
f 323/323/2352 350/350/2352 351/351/2352 
f 330/330/2353 351/351/2353 352/352/2353 
f 337/337/2354 352/352/2354 353/353/2354 
f 344/344/2355 353/353/2355 354/354/2355 
f 343/343/2356 344/344/2356 355/355/2356 
f 342/342/2357 343/343/2357 356/356/2357 
f 341/341/2358 342/342/2358 357/357/2358 
f 340/340/2359 341/341/2359 358/358/2359 
f 338/338/2360 340/340/2360 359/359/2360 
f 339/339/2361 338/338/2361 360/360/2361 
f 362/362/2362 339/339/2362 361/361/2362 
f 364/364/2363 332/332/2363 339/339/2363 
f 365/365/2364 325/325/2364 332/332/2364 
f 366/366/2365 318/318/2365 325/325/2365 
f 367/367/2366 311/311/2366 318/318/2366 
f 368/368/2367 299/299/2367 311/311/2367 
f 345/345/2368 297/297/2368 299/299/2368 
f 369/369/2369 372/372/2369 370/370/2369 
f 372/372/2370 374/374/2370 373/373/2370 
f 374/374/2371 376/376/2371 375/375/2371 
f 376/376/2372 378/378/2372 377/377/2372 
f 378/378/2373 380/380/2373 379/379/2373 
f 380/380/2374 418/418/2374 381/381/2374 
f 371/371/2375 370/370/2375 382/382/2375 
f 370/370/2376 373/373/2376 384/384/2376 
f 373/373/2377 375/375/2377 385/385/2377 
f 375/375/2378 377/377/2378 386/386/2378 
f 377/377/2379 379/379/2379 387/387/2379 
f 379/379/2380 381/381/2380 388/388/2380 
f 383/383/2381 382/382/2381 389/389/2381 
f 382/382/2382 384/384/2382 391/391/2382 
f 384/384/2383 385/385/2383 392/392/2383 
f 385/385/2384 386/386/2384 393/393/2384 
f 386/386/2385 387/387/2385 394/394/2385 
f 387/387/2386 388/388/2386 395/395/2386 
f 390/390/2387 389/389/2387 396/396/2387 
f 389/389/2388 391/391/2388 398/398/2388 
f 391/391/2389 392/392/2389 399/399/2389 
f 392/392/2390 393/393/2390 400/400/2390 
f 393/393/2391 394/394/2391 401/401/2391 
f 394/394/2392 395/395/2392 402/402/2392 
f 397/397/2393 396/396/2393 403/403/2393 
f 396/396/2394 398/398/2394 405/405/2394 
f 398/398/2395 399/399/2395 406/406/2395 
f 399/399/2396 400/400/2396 407/407/2396 
f 400/400/2397 401/401/2397 408/408/2397 
f 401/401/2398 402/402/2398 409/409/2398 
f 404/404/2399 403/403/2399 410/410/2399 
f 403/403/2400 405/405/2400 412/412/2400 
f 405/405/2401 406/406/2401 413/413/2401 
f 406/406/2402 407/407/2402 414/414/2402 
f 407/407/2403 408/408/2403 415/415/2403 
f 408/408/2404 409/409/2404 416/416/2404 
f 363/363/2405 361/361/2405 369/369/2405 
f 361/361/2406 360/360/2406 372/372/2406 
f 360/360/2407 359/359/2407 374/374/2407 
f 359/359/2408 358/358/2408 376/376/2408 
f 358/358/2409 357/357/2409 378/378/2409 
f 357/357/2410 356/356/2410 380/380/2410 
f 356/356/2411 355/355/2411 418/418/2411 
f 355/355/2412 354/354/2412 419/419/2412 
f 418/418/2413 419/419/2413 420/420/2413 
f 381/381/2414 420/420/2414 421/421/2414 
f 388/388/2415 421/421/2415 422/422/2415 
f 395/395/2416 422/422/2416 423/423/2416 
f 402/402/2417 423/423/2417 424/424/2417 
f 409/409/2418 424/424/2418 425/425/2418 
f 425/425/2419 2297/2306/2419 426/426/2419 
f 415/415/2420 416/416/2420 426/426/2420 
f 414/414/2421 415/415/2421 427/427/2421 
f 413/413/2422 414/414/2422 428/428/2422 
f 412/412/2423 413/413/2423 429/429/2423 
f 410/410/2424 412/412/2424 430/430/2424 
f 411/411/2425 410/410/2425 431/431/2425 
f 433/433/2426 411/411/2426 432/432/2426 
f 435/435/2427 404/404/2427 411/411/2427 
f 436/436/2428 397/397/2428 404/404/2428 
f 437/437/2429 390/390/2429 397/397/2429 
f 438/438/2430 383/383/2430 390/390/2430 
f 439/439/2431 371/371/2431 383/383/2431 
f 417/417/2432 369/369/2432 371/371/2432 
f 440/440/2433 443/443/2433 441/441/2433 
f 443/443/2434 445/445/2434 444/444/2434 
f 445/445/2435 447/447/2435 446/446/2435 
f 447/447/2436 449/449/2436 448/448/2436 
f 449/449/2437 451/451/2437 450/450/2437 
f 451/451/2438 489/489/2438 452/452/2438 
f 442/442/2439 441/441/2439 453/453/2439 
f 441/441/2440 444/444/2440 455/455/2440 
f 444/444/2441 446/446/2441 456/456/2441 
f 446/446/2442 448/448/2442 457/457/2442 
f 448/448/2443 450/450/2443 458/458/2443 
f 450/450/2444 452/452/2444 459/459/2444 
f 454/454/2445 453/453/2445 460/460/2445 
f 453/453/2446 455/455/2446 462/462/2446 
f 455/455/2447 456/456/2447 463/463/2447 
f 456/456/2448 457/457/2448 464/464/2448 
f 457/457/2449 458/458/2449 465/465/2449 
f 458/458/2450 459/459/2450 466/466/2450 
f 461/461/2451 460/460/2451 467/467/2451 
f 460/460/2452 462/462/2452 469/469/2452 
f 462/462/2453 463/463/2453 470/470/2453 
f 463/463/2454 464/464/2454 471/471/2454 
f 464/464/2455 465/465/2455 472/472/2455 
f 465/465/2456 466/466/2456 473/473/2456 
f 468/468/2457 467/467/2457 474/474/2457 
f 467/467/2458 469/469/2458 476/476/2458 
f 469/469/2459 470/470/2459 477/477/2459 
f 470/470/2460 471/471/2460 478/478/2460 
f 471/471/2461 472/472/2461 479/479/2461 
f 472/472/2462 473/473/2462 480/480/2462 
f 475/475/2463 474/474/2463 481/481/2463 
f 474/474/2464 476/476/2464 483/483/2464 
f 476/476/2465 477/477/2465 484/484/2465 
f 477/477/2466 478/478/2466 485/485/2466 
f 478/478/2467 479/479/2467 486/486/2467 
f 479/479/2468 480/480/2468 487/487/2468 
f 434/434/2469 432/432/2469 440/440/2469 
f 432/432/2470 431/431/2470 443/443/2470 
f 431/431/2471 430/430/2471 445/445/2471 
f 430/430/2472 429/429/2472 447/447/2472 
f 429/429/2473 428/428/2473 449/449/2473 
f 428/428/2474 427/427/2474 451/451/2474 
f 427/427/2475 426/426/2475 489/489/2475 
f 426/426/2476 2297/2306/2476 490/490/2476 
f 489/489/2477 490/490/2477 491/491/2477 
f 452/452/2478 491/491/2478 492/492/2478 
f 459/459/2479 492/492/2479 493/493/2479 
f 466/466/2480 493/493/2480 494/494/2480 
f 473/473/2481 494/494/2481 495/495/2481 
f 480/480/2482 495/495/2482 496/496/2482 
f 487/487/2483 496/496/2483 497/497/2483 
f 486/486/2484 487/487/2484 498/498/2484 
f 485/485/2485 486/486/2485 499/499/2485 
f 484/484/2486 485/485/2486 500/500/2486 
f 483/483/2487 484/484/2487 501/501/2487 
f 481/481/2488 483/483/2488 502/502/2488 
f 482/482/2489 481/481/2489 503/503/2489 
f 505/505/2490 482/482/2490 504/504/2490 
f 507/507/2491 475/475/2491 482/482/2491 
f 508/508/2492 468/468/2492 475/475/2492 
f 509/509/2493 461/461/2493 468/468/2493 
f 510/510/2494 454/454/2494 461/461/2494 
f 511/511/2495 442/442/2495 454/454/2495 
f 488/488/2496 440/440/2496 442/442/2496 
f 512/512/2497 515/515/2497 513/513/2497 
f 515/515/2498 517/517/2498 516/516/2498 
f 517/517/2499 519/519/2499 518/518/2499 
f 519/519/2500 521/521/2500 520/520/2500 
f 521/521/2501 523/523/2501 522/522/2501 
f 523/523/2502 561/561/2502 524/524/2502 
f 514/514/2503 513/513/2503 525/525/2503 
f 513/513/2504 516/516/2504 527/527/2504 
f 516/516/2505 518/518/2505 528/528/2505 
f 518/518/2506 520/520/2506 529/529/2506 
f 520/520/2507 522/522/2507 530/530/2507 
f 522/522/2508 524/524/2508 531/531/2508 
f 526/526/2509 525/525/2509 532/532/2509 
f 525/525/2510 527/527/2510 534/534/2510 
f 527/527/2511 528/528/2511 535/535/2511 
f 528/528/2512 529/529/2512 536/536/2512 
f 529/529/2513 530/530/2513 537/537/2513 
f 530/530/2514 531/531/2514 538/538/2514 
f 533/533/2515 532/532/2515 539/539/2515 
f 532/532/2516 534/534/2516 541/541/2516 
f 534/534/2517 535/535/2517 542/542/2517 
f 535/535/2518 536/536/2518 543/543/2518 
f 536/536/2519 537/537/2519 544/544/2519 
f 537/537/2520 538/538/2520 545/545/2520 
f 540/540/2521 539/539/2521 546/546/2521 
f 539/539/2522 541/541/2522 548/548/2522 
f 541/541/2523 542/542/2523 549/549/2523 
f 542/542/2524 543/543/2524 550/550/2524 
f 543/543/2525 544/544/2525 551/551/2525 
f 544/544/2526 545/545/2526 552/552/2526 
f 547/547/2527 546/546/2527 553/553/2527 
f 546/546/2528 548/548/2528 555/555/2528 
f 548/548/2529 549/549/2529 556/556/2529 
f 549/549/2530 550/550/2530 557/557/2530 
f 550/550/2531 551/551/2531 558/558/2531 
f 551/551/2532 552/552/2532 559/559/2532 
f 506/506/2533 504/504/2533 512/512/2533 
f 504/504/2534 503/503/2534 515/515/2534 
f 503/503/2535 502/502/2535 517/517/2535 
f 502/502/2536 501/501/2536 519/519/2536 
f 501/501/2537 500/500/2537 521/521/2537 
f 500/500/2538 499/499/2538 523/523/2538 
f 499/499/2539 498/498/2539 561/561/2539 
f 498/498/2540 497/497/2540 562/562/2540 
f 561/561/2541 562/562/2541 563/563/2541 
f 563/563/2542 2298/2307/2542 531/531/2542 
f 531/531/2543 2298/2307/2543 564/564/2543 
f 538/538/2544 564/564/2544 565/565/2544 
f 545/545/2545 565/565/2545 566/566/2545 
f 552/552/2546 566/566/2546 567/567/2546 
f 559/559/2547 567/567/2547 568/568/2547 
f 558/558/2548 559/559/2548 569/569/2548 
f 557/557/2549 558/558/2549 570/570/2549 
f 556/556/2550 557/557/2550 571/571/2550 
f 555/555/2551 556/556/2551 572/572/2551 
f 553/553/2552 555/555/2552 573/573/2552 
f 554/554/2553 553/553/2553 574/574/2553 
f 576/576/2554 554/554/2554 575/575/2554 
f 578/578/2555 547/547/2555 554/554/2555 
f 579/579/2556 540/540/2556 547/547/2556 
f 580/580/2557 533/533/2557 540/540/2557 
f 581/581/2558 526/526/2558 533/533/2558 
f 582/582/2559 514/514/2559 526/526/2559 
f 560/560/2560 512/512/2560 514/514/2560 
f 583/583/2561 586/586/2561 584/584/2561 
f 586/586/2562 588/588/2562 587/587/2562 
f 588/588/2563 590/590/2563 589/589/2563 
f 590/590/2564 593/593/2564 591/591/2564 
f 592/592/2565 595/595/2565 591/591/2565 
f 592/592/2566 631/631/2566 594/594/2566 
f 585/585/2567 584/584/2567 596/596/2567 
f 584/584/2568 587/587/2568 598/598/2568 
f 587/587/2569 589/589/2569 599/599/2569 
f 589/589/2570 591/591/2570 600/600/2570 
f 591/591/2571 595/595/2571 601/601/2571 
f 595/595/2572 594/594/2572 602/602/2572 
f 597/597/2573 596/596/2573 603/603/2573 
f 596/596/2574 598/598/2574 605/605/2574 
f 598/598/2575 599/599/2575 606/606/2575 
f 599/599/2576 600/600/2576 607/607/2576 
f 600/600/2577 601/601/2577 608/608/2577 
f 601/601/2578 602/602/2578 609/609/2578 
f 604/604/2579 603/603/2579 610/610/2579 
f 603/603/2580 605/605/2580 612/612/2580 
f 605/605/2581 606/606/2581 613/613/2581 
f 606/606/2582 607/607/2582 614/614/2582 
f 607/607/2583 608/608/2583 615/615/2583 
f 609/609/2584 637/637/2584 615/615/2584 
f 611/611/2585 610/610/2585 616/616/2585 
f 610/610/2586 612/612/2586 618/618/2586 
f 612/612/2587 613/613/2587 619/619/2587 
f 613/613/2588 614/614/2588 620/620/2588 
f 614/614/2589 615/615/2589 621/621/2589 
f 615/615/2590 637/637/2590 622/622/2590 
f 617/617/2591 616/616/2591 623/623/2591 
f 616/616/2592 618/618/2592 625/625/2592 
f 618/618/2593 619/619/2593 626/626/2593 
f 619/619/2594 620/620/2594 627/627/2594 
f 620/620/2595 621/621/2595 628/628/2595 
f 621/621/2596 622/622/2596 629/629/2596 
f 577/577/2597 575/575/2597 583/583/2597 
f 575/575/2598 574/574/2598 586/586/2598 
f 574/574/2599 573/573/2599 588/588/2599 
f 573/573/2600 572/572/2600 590/590/2600 
f 572/572/2601 571/571/2601 593/593/2601 
f 571/571/2602 570/570/2602 592/592/2602 
f 570/570/2603 569/569/2603 631/631/2603 
f 569/569/2604 568/568/2604 632/632/2604 
f 631/631/2605 632/632/2605 633/633/2605 
f 594/594/2606 633/633/2606 634/634/2606 
f 602/602/2607 634/634/2607 635/635/2607 
f 609/609/2608 635/635/2608 636/636/2608 
f 637/637/2609 636/636/2609 638/638/2609 
f 622/622/2610 638/638/2610 639/639/2610 
f 629/629/2611 639/639/2611 640/640/2611 
f 628/628/2612 629/629/2612 641/641/2612 
f 627/627/2613 628/628/2613 642/642/2613 
f 626/626/2614 627/627/2614 643/643/2614 
f 625/625/2615 626/626/2615 644/644/2615 
f 623/623/2616 625/625/2616 645/645/2616 
f 624/624/2617 623/623/2617 646/646/2617 
f 648/648/2618 624/624/2618 647/647/2618 
f 650/650/2619 617/617/2619 624/624/2619 
f 651/651/2620 611/611/2620 617/617/2620 
f 652/652/2621 604/604/2621 611/611/2621 
f 653/653/2622 597/597/2622 604/604/2622 
f 654/654/2623 585/585/2623 597/597/2623 
f 630/630/2624 583/583/2624 585/585/2624 
f 655/655/2625 658/658/2625 656/656/2625 
f 658/658/2626 660/660/2626 659/659/2626 
f 660/660/2627 662/662/2627 661/661/2627 
f 662/662/2628 664/664/2628 663/663/2628 
f 664/664/2629 667/667/2629 665/665/2629 
f 666/666/2630 705/705/2630 665/665/2630 
f 657/657/2631 656/656/2631 668/668/2631 
f 656/656/2632 659/659/2632 670/670/2632 
f 659/659/2633 661/661/2633 671/671/2633 
f 661/661/2634 663/663/2634 672/672/2634 
f 663/663/2635 665/665/2635 673/673/2635 
f 665/665/2636 705/705/2636 674/674/2636 
f 669/669/2637 668/668/2637 675/675/2637 
f 668/668/2638 670/670/2638 677/677/2638 
f 670/670/2639 671/671/2639 678/678/2639 
f 671/671/2640 672/672/2640 679/679/2640 
f 672/672/2641 673/673/2641 680/680/2641 
f 673/673/2642 674/674/2642 681/681/2642 
f 676/676/2643 675/675/2643 682/682/2643 
f 675/675/2644 677/677/2644 684/684/2644 
f 677/677/2645 678/678/2645 685/685/2645 
f 678/678/2646 679/679/2646 686/686/2646 
f 679/679/2647 680/680/2647 687/687/2647 
f 680/680/2648 681/681/2648 688/688/2648 
f 683/683/2649 682/682/2649 689/689/2649 
f 682/682/2650 684/684/2650 691/691/2650 
f 684/684/2651 685/685/2651 692/692/2651 
f 685/685/2652 686/686/2652 693/693/2652 
f 686/686/2653 687/687/2653 694/694/2653 
f 687/687/2654 688/688/2654 695/695/2654 
f 690/690/2655 689/689/2655 696/696/2655 
f 689/689/2656 691/691/2656 698/698/2656 
f 691/691/2657 692/692/2657 699/699/2657 
f 692/692/2658 693/693/2658 700/700/2658 
f 693/693/2659 694/694/2659 701/701/2659 
f 694/694/2660 695/695/2660 702/702/2660 
f 649/649/2661 647/647/2661 655/655/2661 
f 647/647/2662 646/646/2662 658/658/2662 
f 646/646/2663 645/645/2663 660/660/2663 
f 645/645/2664 644/644/2664 662/662/2664 
f 644/644/2665 643/643/2665 664/664/2665 
f 643/643/2666 642/642/2666 667/667/2666 
f 642/642/2667 641/641/2667 666/666/2667 
f 641/641/2668 640/640/2668 704/704/2668 
f 704/704/2669 2299/2308/2669 705/705/2669 
f 705/705/2670 2299/2308/2670 706/706/2670 
f 674/674/2671 706/706/2671 707/707/2671 
f 681/681/2672 707/707/2672 708/708/2672 
f 688/688/2673 708/708/2673 709/709/2673 
f 695/695/2674 709/709/2674 710/710/2674 
f 702/702/2675 710/710/2675 711/711/2675 
f 701/701/2676 702/702/2676 712/712/2676 
f 701/701/2677 713/713/2677 714/714/2677 
f 699/699/2678 700/700/2678 714/714/2678 
f 698/698/2679 699/699/2679 715/715/2679 
f 696/696/2680 698/698/2680 716/716/2680 
f 697/697/2681 696/696/2681 717/717/2681 
f 719/719/2682 697/697/2682 718/718/2682 
f 721/721/2683 690/690/2683 697/697/2683 
f 722/722/2684 683/683/2684 690/690/2684 
f 723/723/2685 676/676/2685 683/683/2685 
f 724/724/2686 669/669/2686 676/676/2686 
f 725/725/2687 657/657/2687 669/669/2687 
f 703/703/2688 655/655/2688 657/657/2688 
f 726/726/2689 729/729/2689 727/727/2689 
f 729/729/2690 731/731/2690 730/730/2690 
f 731/731/2691 733/733/2691 732/732/2691 
f 733/733/2692 735/735/2692 734/734/2692 
f 735/735/2693 737/737/2693 736/736/2693 
f 737/737/2694 774/774/2694 738/738/2694 
f 728/728/2695 727/727/2695 739/739/2695 
f 727/727/2696 730/730/2696 741/741/2696 
f 730/730/2697 732/732/2697 742/742/2697 
f 732/732/2698 734/734/2698 743/743/2698 
f 734/734/2699 736/736/2699 744/744/2699 
f 736/736/2700 738/738/2700 745/745/2700 
f 740/740/2701 739/739/2701 746/746/2701 
f 739/739/2702 741/741/2702 748/748/2702 
f 741/741/2703 742/742/2703 749/749/2703 
f 742/742/2704 743/743/2704 750/750/2704 
f 743/743/2705 744/744/2705 751/751/2705 
f 744/744/2706 745/745/2706 752/752/2706 
f 747/747/2707 746/746/2707 753/753/2707 
f 746/746/2708 748/748/2708 755/755/2708 
f 748/748/2709 749/749/2709 756/756/2709 
f 749/749/2710 750/750/2710 757/757/2710 
f 750/750/2711 751/751/2711 758/758/2711 
f 751/751/2712 752/752/2712 759/759/2712 
f 754/754/2713 753/753/2713 760/760/2713 
f 753/753/2714 755/755/2714 762/762/2714 
f 755/755/2715 756/756/2715 763/763/2715 
f 756/756/2716 757/757/2716 764/764/2716 
f 757/757/2717 758/758/2717 765/765/2717 
f 758/758/2718 759/759/2718 766/766/2718 
f 761/761/2719 760/760/2719 767/767/2719 
f 760/760/2720 762/762/2720 769/769/2720 
f 762/762/2721 763/763/2721 770/770/2721 
f 763/763/2722 764/764/2722 771/771/2722 
f 764/764/2723 765/765/2723 772/772/2723 
f 766/766/2724 782/782/2724 772/772/2724 
f 720/720/2725 718/718/2725 726/726/2725 
f 718/718/2726 717/717/2726 729/729/2726 
f 717/717/2727 716/716/2727 731/731/2727 
f 716/716/2728 715/715/2728 733/733/2728 
f 715/715/2729 714/714/2729 735/735/2729 
f 714/714/2730 713/713/2730 737/737/2730 
f 713/713/2731 712/712/2731 774/774/2731 
f 712/712/2732 711/711/2732 775/775/2732 
f 774/774/2733 775/775/2733 776/776/2733 
f 738/738/2734 776/776/2734 777/777/2734 
f 745/745/2735 777/777/2735 778/778/2735 
f 752/752/2736 778/778/2736 779/779/2736 
f 759/759/2737 779/779/2737 780/780/2737 
f 766/766/2738 780/780/2738 781/781/2738 
f 782/782/2739 781/781/2739 783/783/2739 
f 772/772/2740 782/782/2740 784/784/2740 
f 771/771/2741 772/772/2741 785/785/2741 
f 770/770/2742 771/771/2742 786/786/2742 
f 769/769/2743 770/770/2743 787/787/2743 
f 767/767/2744 769/769/2744 788/788/2744 
f 768/768/2745 767/767/2745 789/789/2745 
f 791/791/2746 768/768/2746 790/790/2746 
f 793/793/2747 761/761/2747 768/768/2747 
f 794/794/2748 754/754/2748 761/761/2748 
f 795/795/2749 747/747/2749 754/754/2749 
f 796/796/2750 740/740/2750 747/747/2750 
f 797/797/2751 728/728/2751 740/740/2751 
f 773/773/2752 726/726/2752 728/728/2752 
f 798/798/2753 801/801/2753 799/799/2753 
f 801/801/2754 803/803/2754 802/802/2754 
f 803/803/2755 805/805/2755 804/804/2755 
f 805/805/2756 807/807/2756 806/806/2756 
f 807/807/2757 809/809/2757 808/808/2757 
f 809/809/2758 847/847/2758 810/810/2758 
f 800/800/2759 799/799/2759 811/811/2759 
f 799/799/2760 802/802/2760 813/813/2760 
f 802/802/2761 804/804/2761 814/814/2761 
f 804/804/2762 806/806/2762 815/815/2762 
f 806/806/2763 808/808/2763 816/816/2763 
f 808/808/2764 810/810/2764 817/817/2764 
f 812/812/2765 811/811/2765 818/818/2765 
f 811/811/2766 813/813/2766 820/820/2766 
f 813/813/2767 814/814/2767 821/821/2767 
f 814/814/2768 815/815/2768 822/822/2768 
f 815/815/2769 816/816/2769 823/823/2769 
f 816/816/2770 817/817/2770 824/824/2770 
f 819/819/2771 818/818/2771 825/825/2771 
f 818/818/2772 820/820/2772 827/827/2772 
f 820/820/2773 821/821/2773 828/828/2773 
f 821/821/2774 822/822/2774 829/829/2774 
f 822/822/2775 823/823/2775 830/830/2775 
f 823/823/2776 824/824/2776 831/831/2776 
f 826/826/2777 825/825/2777 832/832/2777 
f 825/825/2778 827/827/2778 834/834/2778 
f 827/827/2779 828/828/2779 835/835/2779 
f 828/828/2780 829/829/2780 836/836/2780 
f 829/829/2781 830/830/2781 837/837/2781 
f 830/830/2782 831/831/2782 838/838/2782 
f 833/833/2783 832/832/2783 839/839/2783 
f 832/832/2784 834/834/2784 841/841/2784 
f 834/834/2785 835/835/2785 842/842/2785 
f 835/835/2786 836/836/2786 843/843/2786 
f 836/836/2787 837/837/2787 844/844/2787 
f 837/837/2788 838/838/2788 845/845/2788 
f 792/792/2789 790/790/2789 798/798/2789 
f 790/790/2790 789/789/2790 801/801/2790 
f 789/789/2791 788/788/2791 803/803/2791 
f 788/788/2792 787/787/2792 805/805/2792 
f 787/787/2793 786/786/2793 807/807/2793 
f 786/786/2794 785/785/2794 809/809/2794 
f 785/785/2795 784/784/2795 847/847/2795 
f 784/784/2796 783/783/2796 848/848/2796 
f 847/847/2797 848/848/2797 849/849/2797 
f 810/810/2798 849/849/2798 850/850/2798 
f 817/817/2799 850/850/2799 851/851/2799 
f 824/824/2800 851/851/2800 852/852/2800 
f 831/831/2801 852/852/2801 853/853/2801 
f 838/838/2802 853/853/2802 854/854/2802 
f 845/845/2803 854/854/2803 855/855/2803 
f 844/844/2804 845/845/2804 856/856/2804 
f 843/843/2805 844/844/2805 857/857/2805 
f 842/842/2806 843/843/2806 858/858/2806 
f 841/841/2807 842/842/2807 859/859/2807 
f 839/839/2808 841/841/2808 860/860/2808 
f 840/840/2809 839/839/2809 861/861/2809 
f 863/863/2810 840/840/2810 862/862/2810 
f 865/865/2811 833/833/2811 840/840/2811 
f 866/866/2812 826/826/2812 833/833/2812 
f 867/867/2813 819/819/2813 826/826/2813 
f 868/868/2814 812/812/2814 819/819/2814 
f 869/869/2815 800/800/2815 812/812/2815 
f 846/846/2816 798/798/2816 800/800/2816 
f 870/870/2817 873/873/2817 871/871/2817 
f 873/873/2818 875/875/2818 874/874/2818 
f 875/875/2819 877/877/2819 876/876/2819 
f 877/877/2820 879/879/2820 878/878/2820 
f 879/879/2821 881/881/2821 880/880/2821 
f 881/881/2822 919/919/2822 882/882/2822 
f 872/872/2823 871/871/2823 883/883/2823 
f 871/871/2824 874/874/2824 885/885/2824 
f 874/874/2825 876/876/2825 886/886/2825 
f 876/876/2826 878/878/2826 887/887/2826 
f 878/878/2827 880/880/2827 888/888/2827 
f 880/880/2828 882/882/2828 889/889/2828 
f 884/884/2829 883/883/2829 890/890/2829 
f 883/883/2830 885/885/2830 892/892/2830 
f 885/885/2831 886/886/2831 893/893/2831 
f 886/886/2832 887/887/2832 894/894/2832 
f 887/887/2833 888/888/2833 895/895/2833 
f 888/888/2834 889/889/2834 896/896/2834 
f 891/891/2835 890/890/2835 897/897/2835 
f 890/890/2836 892/892/2836 899/899/2836 
f 892/892/2837 893/893/2837 900/900/2837 
f 893/893/2838 894/894/2838 901/901/2838 
f 894/894/2839 895/895/2839 902/902/2839 
f 895/895/2840 896/896/2840 903/903/2840 
f 898/898/2841 897/897/2841 904/904/2841 
f 897/897/2842 899/899/2842 906/906/2842 
f 899/899/2843 900/900/2843 907/907/2843 
f 900/900/2844 901/901/2844 908/908/2844 
f 901/901/2845 902/902/2845 909/909/2845 
f 902/902/2846 903/903/2846 910/910/2846 
f 905/905/2847 904/904/2847 911/911/2847 
f 904/904/2848 906/906/2848 913/913/2848 
f 906/906/2849 907/907/2849 914/914/2849 
f 907/907/2850 908/908/2850 915/915/2850 
f 908/908/2851 909/909/2851 916/916/2851 
f 909/909/2852 910/910/2852 917/917/2852 
f 864/864/2853 862/862/2853 870/870/2853 
f 862/862/2854 861/861/2854 873/873/2854 
f 861/861/2855 860/860/2855 875/875/2855 
f 860/860/2856 859/859/2856 877/877/2856 
f 859/859/2857 858/858/2857 879/879/2857 
f 858/858/2858 857/857/2858 881/881/2858 
f 857/857/2859 856/856/2859 919/919/2859 
f 856/856/2860 855/855/2860 920/920/2860 
f 919/919/2861 920/920/2861 921/921/2861 
f 882/882/2862 921/921/2862 922/922/2862 
f 889/889/2863 922/922/2863 923/923/2863 
f 896/896/2864 923/923/2864 924/924/2864 
f 903/903/2865 924/924/2865 925/925/2865 
f 910/910/2866 925/925/2866 926/926/2866 
f 917/917/2867 926/926/2867 927/927/2867 
f 916/916/2868 917/917/2868 928/928/2868 
f 915/915/2869 916/916/2869 929/929/2869 
f 914/914/2870 915/915/2870 930/930/2870 
f 913/913/2871 914/914/2871 931/931/2871 
f 911/911/2872 913/913/2872 932/932/2872 
f 912/912/2873 911/911/2873 933/933/2873 
f 935/935/2874 912/912/2874 934/934/2874 
f 937/937/2875 905/905/2875 912/912/2875 
f 938/938/2876 898/898/2876 905/905/2876 
f 939/939/2877 891/891/2877 898/898/2877 
f 940/940/2878 884/884/2878 891/891/2878 
f 941/941/2879 872/872/2879 884/884/2879 
f 918/918/2880 870/870/2880 872/872/2880 
f 942/942/2881 945/945/2881 943/943/2881 
f 945/945/2882 947/947/2882 946/946/2882 
f 947/947/2883 949/949/2883 948/948/2883 
f 949/949/2884 952/952/2884 950/950/2884 
f 951/951/2885 954/954/2885 950/950/2885 
f 951/951/2886 991/991/2886 953/953/2886 
f 944/944/2887 943/943/2887 955/955/2887 
f 943/943/2888 946/946/2888 957/957/2888 
f 946/946/2889 948/948/2889 958/958/2889 
f 948/948/2890 950/950/2890 959/959/2890 
f 950/950/2891 954/954/2891 960/960/2891 
f 954/954/2892 953/953/2892 961/961/2892 
f 956/956/2893 955/955/2893 962/962/2893 
f 955/955/2894 957/957/2894 964/964/2894 
f 957/957/2895 958/958/2895 965/965/2895 
f 958/958/2896 959/959/2896 966/966/2896 
f 959/959/2897 960/960/2897 967/967/2897 
f 960/960/2898 961/961/2898 968/968/2898 
f 963/963/2899 962/962/2899 969/969/2899 
f 962/962/2900 964/964/2900 971/971/2900 
f 964/964/2901 965/965/2901 972/972/2901 
f 965/965/2902 966/966/2902 973/973/2902 
f 966/966/2903 967/967/2903 974/974/2903 
f 967/967/2904 968/968/2904 975/975/2904 
f 970/970/2905 969/969/2905 976/976/2905 
f 969/969/2906 971/971/2906 978/978/2906 
f 971/971/2907 972/972/2907 979/979/2907 
f 972/972/2908 973/973/2908 980/980/2908 
f 973/973/2909 974/974/2909 981/981/2909 
f 974/974/2910 975/975/2910 982/982/2910 
f 977/977/2911 976/976/2911 983/983/2911 
f 976/976/2912 978/978/2912 985/985/2912 
f 978/978/2913 979/979/2913 986/986/2913 
f 979/979/2914 980/980/2914 987/987/2914 
f 980/980/2915 981/981/2915 988/988/2915 
f 981/981/2916 982/982/2916 989/989/2916 
f 936/936/2917 934/934/2917 942/942/2917 
f 934/934/2918 933/933/2918 945/945/2918 
f 933/933/2919 932/932/2919 947/947/2919 
f 932/932/2920 931/931/2920 949/949/2920 
f 931/931/2921 930/930/2921 952/952/2921 
f 930/930/2922 929/929/2922 951/951/2922 
f 929/929/2923 928/928/2923 991/991/2923 
f 928/928/2924 927/927/2924 992/992/2924 
f 991/991/2925 992/992/2925 993/993/2925 
f 953/953/2926 993/993/2926 994/994/2926 
f 961/961/2927 994/994/2927 995/995/2927 
f 968/968/2928 995/995/2928 996/996/2928 
f 975/975/2929 996/996/2929 997/997/2929 
f 982/982/2930 997/997/2930 998/998/2930 
f 989/989/2931 998/998/2931 999/999/2931 
f 988/988/2932 989/989/2932 1000/1000/2932 
f 987/987/2933 988/988/2933 1001/1001/2933 
f 986/986/2934 987/987/2934 1002/1002/2934 
f 985/985/2935 986/986/2935 1003/1003/2935 
f 983/983/2936 985/985/2936 1004/1004/2936 
f 984/984/2937 983/983/2937 1005/1005/2937 
f 1007/1007/2938 984/984/2938 1006/1006/2938 
f 1009/1009/2939 977/977/2939 984/984/2939 
f 1010/1010/2940 970/970/2940 977/977/2940 
f 1011/1011/2941 963/963/2941 970/970/2941 
f 1012/1012/2942 956/956/2942 963/963/2942 
f 1013/1013/2943 944/944/2943 956/956/2943 
f 990/990/2944 942/942/2944 944/944/2944 
f 1014/1014/2945 1017/1017/2945 1015/1015/2945 
f 1017/1017/2946 1019/1019/2946 1018/1018/2946 
f 1019/1019/2947 1021/1021/2947 1020/1020/2947 
f 1021/1021/2948 1023/1023/2948 1022/1022/2948 
f 1023/1023/2949 1025/1025/2949 1024/1024/2949 
f 1025/1025/2950 1063/1063/2950 1026/1026/2950 
f 1016/1016/2951 1015/1015/2951 1027/1027/2951 
f 1015/1015/2952 1018/1018/2952 1029/1029/2952 
f 1018/1018/2953 1020/1020/2953 1030/1030/2953 
f 1020/1020/2954 1022/1022/2954 1031/1031/2954 
f 1022/1022/2955 1024/1024/2955 1032/1032/2955 
f 1024/1024/2956 1026/1026/2956 1033/1033/2956 
f 1028/1028/2957 1027/1027/2957 1034/1034/2957 
f 1027/1027/2958 1029/1029/2958 1036/1036/2958 
f 1029/1029/2959 1030/1030/2959 1037/1037/2959 
f 1030/1030/2960 1031/1031/2960 1038/1038/2960 
f 1031/1031/2961 1032/1032/2961 1039/1039/2961 
f 1032/1032/2962 1033/1033/2962 1040/1040/2962 
f 1035/1035/2963 1034/1034/2963 1041/1041/2963 
f 1034/1034/2964 1036/1036/2964 1043/1043/2964 
f 1036/1036/2965 1037/1037/2965 1044/1044/2965 
f 1037/1037/2966 1038/1038/2966 1045/1045/2966 
f 1038/1038/2967 1039/1039/2967 1046/1046/2967 
f 1039/1039/2968 1040/1040/2968 1047/1047/2968 
f 1042/1042/2969 1041/1041/2969 1048/1048/2969 
f 1041/1041/2970 1043/1043/2970 1050/1050/2970 
f 1043/1043/2971 1044/1044/2971 1051/1051/2971 
f 1044/1044/2972 1045/1045/2972 1052/1052/2972 
f 1045/1045/2973 1046/1046/2973 1053/1053/2973 
f 1046/1046/2974 1047/1047/2974 1054/1054/2974 
f 1049/1049/2975 1048/1048/2975 1055/1055/2975 
f 1048/1048/2976 1050/1050/2976 1057/1057/2976 
f 1050/1050/2977 1051/1051/2977 1058/1058/2977 
f 1051/1051/2978 1052/1052/2978 1059/1059/2978 
f 1052/1052/2979 1053/1053/2979 1060/1060/2979 
f 1053/1053/2980 1054/1054/2980 1061/1061/2980 
f 1008/1008/2981 1006/1006/2981 1014/1014/2981 
f 1006/1006/2982 1005/1005/2982 1017/1017/2982 
f 1005/1005/2983 1004/1004/2983 1019/1019/2983 
f 1004/1004/2984 1003/1003/2984 1021/1021/2984 
f 1003/1003/2985 1002/1002/2985 1023/1023/2985 
f 1002/1002/2986 1001/1001/2986 1025/1025/2986 
f 1001/1001/2987 1000/1000/2987 1063/1063/2987 
f 1000/1000/2988 999/999/2988 1064/1064/2988 
f 1063/1063/2989 1064/1064/2989 1065/1065/2989 
f 1026/1026/2990 1065/1065/2990 1066/1066/2990 
f 1066/1066/2991 2300/2309/2991 1040/1040/2991 
f 1040/1040/2992 2300/2309/2992 1067/1067/2992 
f 1047/1047/2993 1067/1067/2993 1068/1068/2993 
f 1054/1054/2994 1068/1068/2994 1069/1069/2994 
f 1061/1061/2995 1069/1069/2995 1070/1070/2995 
f 1060/1060/2996 1061/1061/2996 1071/1071/2996 
f 1059/1059/2997 1060/1060/2997 1072/1072/2997 
f 1058/1058/2998 1059/1059/2998 1073/1073/2998 
f 1057/1057/2999 1058/1058/2999 1074/1074/2999 
f 1055/1055/3000 1057/1057/3000 1075/1075/3000 
f 1056/1056/3001 1055/1055/3001 1076/1076/3001 
f 1078/1078/3002 1056/1056/3002 1077/1077/3002 
f 1080/1080/3003 1049/1049/3003 1056/1056/3003 
f 1081/1081/3004 1042/1042/3004 1049/1049/3004 
f 1082/1082/3005 1035/1035/3005 1042/1042/3005 
f 1083/1083/3006 1028/1028/3006 1035/1035/3006 
f 1084/1084/3007 1016/1016/3007 1028/1028/3007 
f 1062/1062/3008 1014/1014/3008 1016/1016/3008 
f 1085/1085/3009 1088/1088/3009 1086/1086/3009 
f 1088/1088/3010 1090/1090/3010 1089/1089/3010 
f 1090/1090/3011 1092/1092/3011 1091/1091/3011 
f 1092/1092/3012 1094/1094/3012 1093/1093/3012 
f 1094/1094/3013 1096/1096/3013 1095/1095/3013 
f 1096/1096/3014 1134/1134/3014 1097/1097/3014 
f 1087/1087/3015 1086/1086/3015 1098/1098/3015 
f 1086/1086/3016 1089/1089/3016 1100/1100/3016 
f 1089/1089/3017 1091/1091/3017 1101/1101/3017 
f 1091/1091/3018 1093/1093/3018 1102/1102/3018 
f 1093/1093/3019 1095/1095/3019 1103/1103/3019 
f 1095/1095/3020 1097/1097/3020 1104/1104/3020 
f 1099/1099/3021 1098/1098/3021 1105/1105/3021 
f 1098/1098/3022 1100/1100/3022 1107/1107/3022 
f 1100/1100/3023 1101/1101/3023 1108/1108/3023 
f 1101/1101/3024 1102/1102/3024 1109/1109/3024 
f 1102/1102/3025 1103/1103/3025 1110/1110/3025 
f 1103/1103/3026 1104/1104/3026 1111/1111/3026 
f 1106/1106/3027 1105/1105/3027 1112/1112/3027 
f 1105/1105/3028 1107/1107/3028 1114/1114/3028 
f 1107/1107/3029 1108/1108/3029 1115/1115/3029 
f 1108/1108/3030 1109/1109/3030 1116/1116/3030 
f 1109/1109/3031 1110/1110/3031 1117/1117/3031 
f 1110/1110/3032 1111/1111/3032 1118/1118/3032 
f 1113/1113/3033 1112/1112/3033 1119/1119/3033 
f 1112/1112/3034 1114/1114/3034 1121/1121/3034 
f 1114/1114/3035 1115/1115/3035 1122/1122/3035 
f 1115/1115/3036 1116/1116/3036 1123/1123/3036 
f 1116/1116/3037 1117/1117/3037 1124/1124/3037 
f 1117/1117/3038 1118/1118/3038 1125/1125/3038 
f 1120/1120/3039 1119/1119/3039 1126/1126/3039 
f 1119/1119/3040 1121/1121/3040 1128/1128/3040 
f 1121/1121/3041 1122/1122/3041 1129/1129/3041 
f 1122/1122/3042 1123/1123/3042 1130/1130/3042 
f 1123/1123/3043 1124/1124/3043 1131/1131/3043 
f 1124/1124/3044 1125/1125/3044 1132/1132/3044 
f 1079/1079/3045 1077/1077/3045 1085/1085/3045 
f 1077/1077/3046 1076/1076/3046 1088/1088/3046 
f 1076/1076/3047 1075/1075/3047 1090/1090/3047 
f 1075/1075/3048 1074/1074/3048 1092/1092/3048 
f 1074/1074/3049 1073/1073/3049 1094/1094/3049 
f 1073/1073/3050 1072/1072/3050 1096/1096/3050 
f 1072/1072/3051 1071/1071/3051 1134/1134/3051 
f 1071/1071/3052 1070/1070/3052 1135/1135/3052 
f 1134/1134/3053 1135/1135/3053 1136/1136/3053 
f 1097/1097/3054 1136/1136/3054 1137/1137/3054 
f 1104/1104/3055 1137/1137/3055 1138/1138/3055 
f 1111/1111/3056 1138/1138/3056 1139/1139/3056 
f 1118/1118/3057 1139/1139/3057 1140/1140/3057 
f 1125/1125/3058 1140/1140/3058 1141/1141/3058 
f 1132/1132/3059 1141/1141/3059 1142/1142/3059 
f 1131/1131/3060 1132/1132/3060 1143/1143/3060 
f 1130/1130/3061 1131/1131/3061 1144/1144/3061 
f 1129/1129/3062 1130/1130/3062 1145/1145/3062 
f 1128/1128/3063 1129/1129/3063 1146/1146/3063 
f 1126/1126/3064 1128/1128/3064 1147/1147/3064 
f 1127/1127/3065 1126/1126/3065 1148/1148/3065 
f 1150/1150/3066 1127/1127/3066 1149/1149/3066 
f 1152/1152/3067 1120/1120/3067 1127/1127/3067 
f 1153/1153/3068 1113/1113/3068 1120/1120/3068 
f 1154/1154/3069 1106/1106/3069 1113/1113/3069 
f 1155/1155/3070 1099/1099/3070 1106/1106/3070 
f 1156/1156/3071 1087/1087/3071 1099/1099/3071 
f 1133/1133/3072 1085/1085/3072 1087/1087/3072 
f 1157/1157/3073 1160/1160/3073 1158/1158/3073 
f 1160/1160/3074 1162/1162/3074 1161/1161/3074 
f 1162/1162/3075 1164/1164/3075 1163/1163/3075 
f 1164/1164/3076 1166/1166/3076 1165/1165/3076 
f 1166/1166/3077 1168/1168/3077 1167/1167/3077 
f 1168/1168/3078 1205/1205/3078 1169/1169/3078 
f 1159/1159/3079 1158/1158/3079 1170/1170/3079 
f 1158/1158/3080 1161/1161/3080 1172/1172/3080 
f 1161/1161/3081 1163/1163/3081 1173/1173/3081 
f 1163/1163/3082 1165/1165/3082 1174/1174/3082 
f 1165/1165/3083 1167/1167/3083 1175/1175/3083 
f 1167/1167/3084 1169/1169/3084 1176/1176/3084 
f 1171/1171/3085 1170/1170/3085 1177/1177/3085 
f 1170/1170/3086 1172/1172/3086 1179/1179/3086 
f 1172/1172/3087 1173/1173/3087 1180/1180/3087 
f 1173/1173/3088 1174/1174/3088 1181/1181/3088 
f 1174/1174/3089 1175/1175/3089 1182/1182/3089 
f 1175/1175/3090 1176/1176/3090 1183/1183/3090 
f 1178/1178/3091 1177/1177/3091 1184/1184/3091 
f 1177/1177/3092 1179/1179/3092 1186/1186/3092 
f 1179/1179/3093 1180/1180/3093 1187/1187/3093 
f 1180/1180/3094 1181/1181/3094 1188/1188/3094 
f 1181/1181/3095 1182/1182/3095 1189/1189/3095 
f 1182/1182/3096 1183/1183/3096 1190/1190/3096 
f 1185/1185/3097 1184/1184/3097 1191/1191/3097 
f 1184/1184/3098 1186/1186/3098 1193/1193/3098 
f 1186/1186/3099 1187/1187/3099 1194/1194/3099 
f 1187/1187/3100 1188/1188/3100 1195/1195/3100 
f 1188/1188/3101 1189/1189/3101 1196/1196/3101 
f 1190/1190/3102 1211/1211/3102 1196/1196/3102 
f 1192/1192/3103 1191/1191/3103 1197/1197/3103 
f 1191/1191/3104 1193/1193/3104 1199/1199/3104 
f 1193/1193/3105 1194/1194/3105 1200/1200/3105 
f 1194/1194/3106 1195/1195/3106 1201/1201/3106 
f 1195/1195/3107 1196/1196/3107 1202/1202/3107 
f 1196/1196/3108 1211/1211/3108 1203/1203/3108 
f 1151/1151/3109 1149/1149/3109 1157/1157/3109 
f 1149/1149/3110 1148/1148/3110 1160/1160/3110 
f 1148/1148/3111 1147/1147/3111 1162/1162/3111 
f 1147/1147/3112 1146/1146/3112 1164/1164/3112 
f 1146/1146/3113 1145/1145/3113 1166/1166/3113 
f 1145/1145/3114 1144/1144/3114 1168/1168/3114 
f 1144/1144/3115 1143/1143/3115 1205/1205/3115 
f 1143/1143/3116 1142/1142/3116 1206/1206/3116 
f 1205/1205/3117 1206/1206/3117 1207/1207/3117 
f 1169/1169/3118 1207/1207/3118 1208/1208/3118 
f 1176/1176/3119 1208/1208/3119 1209/1209/3119 
f 1183/1183/3120 1209/1209/3120 1210/1210/3120 
f 1210/1210/3121 2301/2310/3121 1211/1211/3121 
f 1211/1211/3122 2301/2310/3122 1212/1212/3122 
f 1203/1203/3123 1212/1212/3123 1213/1213/3123 
f 1202/1202/3124 1203/1203/3124 1214/1214/3124 
f 1201/1201/3125 1202/1202/3125 1215/1215/3125 
f 1200/1200/3126 1201/1201/3126 1216/1216/3126 
f 1199/1199/3127 1200/1200/3127 1217/1217/3127 
f 1197/1197/3128 1199/1199/3128 1218/1218/3128 
f 1198/1198/3129 1197/1197/3129 1219/1219/3129 
f 1221/1221/3130 1198/1198/3130 1220/1220/3130 
f 1223/1223/3131 1192/1192/3131 1198/1198/3131 
f 1224/1224/3132 1185/1185/3132 1192/1192/3132 
f 1225/1225/3133 1178/1178/3133 1185/1185/3133 
f 1226/1226/3134 1171/1171/3134 1178/1178/3134 
f 1227/1227/3135 1159/1159/3135 1171/1171/3135 
f 1204/1204/3136 1157/1157/3136 1159/1159/3136 
f 1228/1228/3137 1231/1231/3137 1229/1229/3137 
f 1231/1231/3138 1233/1233/3138 1232/1232/3138 
f 1233/1233/3139 1235/1235/3139 1234/1234/3139 
f 1235/1235/3140 1237/1237/3140 1236/1236/3140 
f 1237/1237/3141 1239/1239/3141 1238/1238/3141 
f 1239/1239/3142 1277/1277/3142 1240/1240/3142 
f 1230/1230/3143 1229/1229/3143 1241/1241/3143 
f 1229/1229/3144 1232/1232/3144 1243/1243/3144 
f 1232/1232/3145 1234/1234/3145 1244/1244/3145 
f 1234/1234/3146 1236/1236/3146 1245/1245/3146 
f 1236/1236/3147 1238/1238/3147 1246/1246/3147 
f 1238/1238/3148 1240/1240/3148 1247/1247/3148 
f 1242/1242/3149 1241/1241/3149 1248/1248/3149 
f 1241/1241/3150 1243/1243/3150 1250/1250/3150 
f 1243/1243/3151 1244/1244/3151 1251/1251/3151 
f 1244/1244/3152 1245/1245/3152 1252/1252/3152 
f 1245/1245/3153 1246/1246/3153 1253/1253/3153 
f 1246/1246/3154 1247/1247/3154 1254/1254/3154 
f 1249/1249/3155 1248/1248/3155 1255/1255/3155 
f 1248/1248/3156 1250/1250/3156 1257/1257/3156 
f 1250/1250/3157 1251/1251/3157 1258/1258/3157 
f 1251/1251/3158 1252/1252/3158 1259/1259/3158 
f 1252/1252/3159 1253/1253/3159 1260/1260/3159 
f 1253/1253/3160 1254/1254/3160 1261/1261/3160 
f 1256/1256/3161 1255/1255/3161 1262/1262/3161 
f 1255/1255/3162 1257/1257/3162 1264/1264/3162 
f 1257/1257/3163 1258/1258/3163 1265/1265/3163 
f 1258/1258/3164 1259/1259/3164 1266/1266/3164 
f 1259/1259/3165 1260/1260/3165 1267/1267/3165 
f 1260/1260/3166 1261/1261/3166 1268/1268/3166 
f 1263/1263/3167 1262/1262/3167 1269/1269/3167 
f 1262/1262/3168 1264/1264/3168 1271/1271/3168 
f 1264/1264/3169 1265/1265/3169 1272/1272/3169 
f 1265/1265/3170 1266/1266/3170 1273/1273/3170 
f 1266/1266/3171 1267/1267/3171 1274/1274/3171 
f 1267/1267/3172 1268/1268/3172 1275/1275/3172 
f 1222/1222/3173 1220/1220/3173 1228/1228/3173 
f 1220/1220/3174 1219/1219/3174 1231/1231/3174 
f 1219/1219/3175 1218/1218/3175 1233/1233/3175 
f 1218/1218/3176 1217/1217/3176 1235/1235/3176 
f 1217/1217/3177 1216/1216/3177 1237/1237/3177 
f 1216/1216/3178 1215/1215/3178 1239/1239/3178 
f 1215/1215/3179 1214/1214/3179 1277/1277/3179 
f 1214/1214/3180 1213/1213/3180 1278/1278/3180 
f 1277/1277/3181 1278/1278/3181 1279/1279/3181 
f 1240/1240/3182 1279/1279/3182 1280/1280/3182 
f 1247/1247/3183 1280/1280/3183 1281/1281/3183 
f 1254/1254/3184 1281/1281/3184 1282/1282/3184 
f 1261/1261/3185 1282/1282/3185 1283/1283/3185 
f 1283/1283/3186 2302/2311/3186 1275/1275/3186 
f 1275/1275/3187 2302/2311/3187 1284/1284/3187 
f 1274/1274/3188 1275/1275/3188 1285/1285/3188 
f 1273/1273/3189 1274/1274/3189 1286/1286/3189 
f 1272/1272/3190 1273/1273/3190 1287/1287/3190 
f 1271/1271/3191 1272/1272/3191 1288/1288/3191 
f 1269/1269/3192 1271/1271/3192 1289/1289/3192 
f 1270/1270/3193 1269/1269/3193 1290/1290/3193 
f 1292/1292/3194 1270/1270/3194 1291/1291/3194 
f 1294/1294/3195 1263/1263/3195 1270/1270/3195 
f 1295/1295/3196 1256/1256/3196 1263/1263/3196 
f 1296/1296/3197 1249/1249/3197 1256/1256/3197 
f 1297/1297/3198 1242/1242/3198 1249/1249/3198 
f 1298/1298/3199 1230/1230/3199 1242/1242/3199 
f 1276/1276/3200 1228/1228/3200 1230/1230/3200 
f 1299/1299/3201 1302/1302/3201 1300/1300/3201 
f 1302/1302/3202 1304/1304/3202 1303/1303/3202 
f 1304/1304/3203 1306/1306/3203 1305/1305/3203 
f 1306/1306/3204 1308/1308/3204 1307/1307/3204 
f 1308/1308/3205 1310/1310/3205 1309/1309/3205 
f 1310/1310/3206 1347/1347/3206 1311/1311/3206 
f 1301/1301/3207 1300/1300/3207 1312/1312/3207 
f 1300/1300/3208 1303/1303/3208 1314/1314/3208 
f 1303/1303/3209 1305/1305/3209 1315/1315/3209 
f 1305/1305/3210 1307/1307/3210 1316/1316/3210 
f 1307/1307/3211 1309/1309/3211 1317/1317/3211 
f 1311/1311/3212 1351/1351/3212 1317/1317/3212 
f 1313/1313/3213 1312/1312/3213 1318/1318/3213 
f 1312/1312/3214 1314/1314/3214 1320/1320/3214 
f 1314/1314/3215 1315/1315/3215 1321/1321/3215 
f 1315/1315/3216 1316/1316/3216 1322/1322/3216 
f 1316/1316/3217 1317/1317/3217 1323/1323/3217 
f 1317/1317/3218 1351/1351/3218 1324/1324/3218 
f 1319/1319/3219 1318/1318/3219 1325/1325/3219 
f 1318/1318/3220 1320/1320/3220 1327/1327/3220 
f 1320/1320/3221 1321/1321/3221 1328/1328/3221 
f 1321/1321/3222 1322/1322/3222 1329/1329/3222 
f 1322/1322/3223 1323/1323/3223 1330/1330/3223 
f 1323/1323/3224 1324/1324/3224 1331/1331/3224 
f 1326/1326/3225 1325/1325/3225 1332/1332/3225 
f 1325/1325/3226 1327/1327/3226 1334/1334/3226 
f 1327/1327/3227 1328/1328/3227 1335/1335/3227 
f 1328/1328/3228 1329/1329/3228 1336/1336/3228 
f 1329/1329/3229 1330/1330/3229 1337/1337/3229 
f 1330/1330/3230 1331/1331/3230 1338/1338/3230 
f 1333/1333/3231 1332/1332/3231 1339/1339/3231 
f 1332/1332/3232 1334/1334/3232 1341/1341/3232 
f 1334/1334/3233 1335/1335/3233 1342/1342/3233 
f 1335/1335/3234 1336/1336/3234 1343/1343/3234 
f 1336/1336/3235 1337/1337/3235 1344/1344/3235 
f 1337/1337/3236 1338/1338/3236 1345/1345/3236 
f 1293/1293/3237 1291/1291/3237 1299/1299/3237 
f 1291/1291/3238 1290/1290/3238 1302/1302/3238 
f 1290/1290/3239 1289/1289/3239 1304/1304/3239 
f 1289/1289/3240 1288/1288/3240 1306/1306/3240 
f 1288/1288/3241 1287/1287/3241 1308/1308/3241 
f 1286/1286/3242 1310/1310/3242 1308/1308/3242 
f 1286/1286/3243 1285/1285/3243 1347/1347/3243 
f 1285/1285/3244 1284/1284/3244 1348/1348/3244 
f 1347/1347/3245 1348/1348/3245 1349/1349/3245 
f 1311/1311/3246 1349/1349/3246 1350/1350/3246 
f 1351/1351/3247 1350/1350/3247 1352/1352/3247 
f 1324/1324/3248 1352/1352/3248 1353/1353/3248 
f 1331/1331/3249 1353/1353/3249 1354/1354/3249 
f 1338/1338/3250 1354/1354/3250 1355/1355/3250 
f 1345/1345/3251 1355/1355/3251 1356/1356/3251 
f 1344/1344/3252 1345/1345/3252 1357/1357/3252 
f 1343/1343/3253 1344/1344/3253 1358/1358/3253 
f 1342/1342/3254 1343/1343/3254 1359/1359/3254 
f 1341/1341/3255 1342/1342/3255 1360/1360/3255 
f 1339/1339/3256 1341/1341/3256 1361/1361/3256 
f 1340/1340/3257 1339/1339/3257 1362/1362/3257 
f 1364/1364/3258 1340/1340/3258 1363/1363/3258 
f 1366/1366/3259 1333/1333/3259 1340/1340/3259 
f 1367/1367/3260 1326/1326/3260 1333/1333/3260 
f 1368/1368/3261 1319/1319/3261 1326/1326/3261 
f 1369/1369/3262 1313/1313/3262 1319/1319/3262 
f 1370/1370/3263 1301/1301/3263 1313/1313/3263 
f 1346/1346/3264 1299/1299/3264 1301/1301/3264 
f 1371/1371/3265 1374/1374/3265 1372/1372/3265 
f 1374/1374/3266 1376/1376/3266 1375/1375/3266 
f 1376/1376/3267 1378/1378/3267 1377/1377/3267 
f 1378/1378/3268 1380/1380/3268 1379/1379/3268 
f 1380/1380/3269 1382/1382/3269 1381/1381/3269 
f 1382/1382/3270 1420/1420/3270 1383/1383/3270 
f 1373/1373/3271 1372/1372/3271 1384/1384/3271 
f 1372/1372/3272 1375/1375/3272 1386/1386/3272 
f 1375/1375/3273 1377/1377/3273 1387/1387/3273 
f 1377/1377/3274 1379/1379/3274 1388/1388/3274 
f 1379/1379/3275 1381/1381/3275 1389/1389/3275 
f 1381/1381/3276 1383/1383/3276 1390/1390/3276 
f 1385/1385/3277 1384/1384/3277 1391/1391/3277 
f 1384/1384/3278 1386/1386/3278 1393/1393/3278 
f 1386/1386/3279 1387/1387/3279 1394/1394/3279 
f 1387/1387/3280 1388/1388/3280 1395/1395/3280 
f 1388/1388/3281 1389/1389/3281 1396/1396/3281 
f 1389/1389/3282 1390/1390/3282 1397/1397/3282 
f 1392/1392/3283 1391/1391/3283 1398/1398/3283 
f 1391/1391/3284 1393/1393/3284 1400/1400/3284 
f 1393/1393/3285 1394/1394/3285 1401/1401/3285 
f 1394/1394/3286 1395/1395/3286 1402/1402/3286 
f 1395/1395/3287 1396/1396/3287 1403/1403/3287 
f 1396/1396/3288 1397/1397/3288 1404/1404/3288 
f 1399/1399/3289 1398/1398/3289 1405/1405/3289 
f 1398/1398/3290 1400/1400/3290 1407/1407/3290 
f 1400/1400/3291 1401/1401/3291 1408/1408/3291 
f 1401/1401/3292 1402/1402/3292 1409/1409/3292 
f 1402/1402/3293 1403/1403/3293 1410/1410/3293 
f 1403/1403/3294 1404/1404/3294 1411/1411/3294 
f 1406/1406/3295 1405/1405/3295 1412/1412/3295 
f 1405/1405/3296 1407/1407/3296 1414/1414/3296 
f 1407/1407/3297 1408/1408/3297 1415/1415/3297 
f 1408/1408/3298 1409/1409/3298 1416/1416/3298 
f 1409/1409/3299 1410/1410/3299 1417/1417/3299 
f 1410/1410/3300 1411/1411/3300 1418/1418/3300 
f 1365/1365/3301 1363/1363/3301 1371/1371/3301 
f 1363/1363/3302 1362/1362/3302 1374/1374/3302 
f 1362/1362/3303 1361/1361/3303 1376/1376/3303 
f 1361/1361/3304 1360/1360/3304 1378/1378/3304 
f 1360/1360/3305 1359/1359/3305 1380/1380/3305 
f 1359/1359/3306 1358/1358/3306 1382/1382/3306 
f 1358/1358/3307 1357/1357/3307 1420/1420/3307 
f 1357/1357/3308 1356/1356/3308 1421/1421/3308 
f 1420/1420/3309 1421/1421/3309 1422/1422/3309 
f 1383/1383/3310 1422/1422/3310 1423/1423/3310 
f 1390/1390/3311 1423/1423/3311 1424/1424/3311 
f 1397/1397/3312 1424/1424/3312 1425/1425/3312 
f 1404/1404/3313 1425/1425/3313 1426/1426/3313 
f 1411/1411/3314 1426/1426/3314 1427/1427/3314 
f 1418/1418/3315 1427/1427/3315 1428/1428/3315 
f 1417/1417/3316 1418/1418/3316 1429/1429/3316 
f 1416/1416/3317 1417/1417/3317 1430/1430/3317 
f 1415/1415/3318 1416/1416/3318 1431/1431/3318 
f 1414/1414/3319 1415/1415/3319 1432/1432/3319 
f 1412/1412/3320 1414/1414/3320 1433/1433/3320 
f 1413/1413/3321 1412/1412/3321 1434/1434/3321 
f 1436/1436/3322 1413/1413/3322 1435/1435/3322 
f 1438/1438/3323 1406/1406/3323 1413/1413/3323 
f 1439/1439/3324 1399/1399/3324 1406/1406/3324 
f 1440/1440/3325 1392/1392/3325 1399/1399/3325 
f 1441/1441/3326 1385/1385/3326 1392/1392/3326 
f 1442/1442/3327 1373/1373/3327 1385/1385/3327 
f 1419/1419/3328 1371/1371/3328 1373/1373/3328 
f 1443/1443/3329 1446/1446/3329 1444/1444/3329 
f 1446/1446/3330 1448/1448/3330 1447/1447/3330 
f 1448/1448/3331 1450/1450/3331 1449/1449/3331 
f 1450/1450/3332 1452/1452/3332 1451/1451/3332 
f 1452/1452/3333 1454/1454/3333 1453/1453/3333 
f 1454/1454/3334 1492/1492/3334 1455/1455/3334 
f 1445/1445/3335 1444/1444/3335 1456/1456/3335 
f 1444/1444/3336 1447/1447/3336 1458/1458/3336 
f 1447/1447/3337 1449/1449/3337 1459/1459/3337 
f 1449/1449/3338 1451/1451/3338 1460/1460/3338 
f 1451/1451/3339 1453/1453/3339 1461/1461/3339 
f 1453/1453/3340 1455/1455/3340 1462/1462/3340 
f 1457/1457/3341 1456/1456/3341 1463/1463/3341 
f 1456/1456/3342 1458/1458/3342 1465/1465/3342 
f 1458/1458/3343 1459/1459/3343 1466/1466/3343 
f 1459/1459/3344 1460/1460/3344 1467/1467/3344 
f 1460/1460/3345 1461/1461/3345 1468/1468/3345 
f 1461/1461/3346 1462/1462/3346 1469/1469/3346 
f 1464/1464/3347 1463/1463/3347 1470/1470/3347 
f 1463/1463/3348 1465/1465/3348 1472/1472/3348 
f 1465/1465/3349 1466/1466/3349 1473/1473/3349 
f 1466/1466/3350 1467/1467/3350 1474/1474/3350 
f 1467/1467/3351 1468/1468/3351 1475/1475/3351 
f 1468/1468/3352 1469/1469/3352 1476/1476/3352 
f 1471/1471/3353 1470/1470/3353 1477/1477/3353 
f 1470/1470/3354 1472/1472/3354 1479/1479/3354 
f 1472/1472/3355 1473/1473/3355 1480/1480/3355 
f 1473/1473/3356 1474/1474/3356 1481/1481/3356 
f 1474/1474/3357 1475/1475/3357 1482/1482/3357 
f 1475/1475/3358 1476/1476/3358 1483/1483/3358 
f 1478/1478/3359 1477/1477/3359 1484/1484/3359 
f 1477/1477/3360 1479/1479/3360 1486/1486/3360 
f 1479/1479/3361 1480/1480/3361 1487/1487/3361 
f 1480/1480/3362 1481/1481/3362 1488/1488/3362 
f 1481/1481/3363 1482/1482/3363 1489/1489/3363 
f 1482/1482/3364 1483/1483/3364 1490/1490/3364 
f 1437/1437/3365 1435/1435/3365 1443/1443/3365 
f 1435/1435/3366 1434/1434/3366 1446/1446/3366 
f 1434/1434/3367 1433/1433/3367 1448/1448/3367 
f 1433/1433/3368 1432/1432/3368 1450/1450/3368 
f 1432/1432/3369 1431/1431/3369 1452/1452/3369 
f 1431/1431/3370 1430/1430/3370 1454/1454/3370 
f 1430/1430/3371 1429/1429/3371 1492/1492/3371 
f 1429/1429/3372 1428/1428/3372 1493/1493/3372 
f 1492/1492/3373 1493/1493/3373 1494/1494/3373 
f 1455/1455/3374 1494/1494/3374 1495/1495/3374 
f 1462/1462/3375 1495/1495/3375 1496/1496/3375 
f 1469/1469/3376 1496/1496/3376 1497/1497/3376 
f 1476/1476/3377 1497/1497/3377 1498/1498/3377 
f 1483/1483/3378 1498/1498/3378 1499/1499/3378 
f 1490/1490/3379 1499/1499/3379 1500/1500/3379 
f 1489/1489/3380 1490/1490/3380 1501/1501/3380 
f 1488/1488/3381 1489/1489/3381 1502/1502/3381 
f 1487/1487/3382 1488/1488/3382 1503/1503/3382 
f 1486/1486/3383 1487/1487/3383 1504/1504/3383 
f 1484/1484/3384 1486/1486/3384 1505/1505/3384 
f 1485/1485/3385 1484/1484/3385 1506/1506/3385 
f 1508/1508/3386 1485/1485/3386 1507/1507/3386 
f 1510/1510/3387 1478/1478/3387 1485/1485/3387 
f 1511/1511/3388 1471/1471/3388 1478/1478/3388 
f 1512/1512/3389 1464/1464/3389 1471/1471/3389 
f 1513/1513/3390 1457/1457/3390 1464/1464/3390 
f 1514/1514/3391 1445/1445/3391 1457/1457/3391 
f 1491/1491/3392 1443/1443/3392 1445/1445/3392 
f 1515/1515/3393 1518/1518/3393 1516/1516/3393 
f 1518/1518/3394 1520/1520/3394 1519/1519/3394 
f 1520/1520/3395 1522/1522/3395 1521/1521/3395 
f 1522/1522/3396 1524/1524/3396 1523/1523/3396 
f 1524/1524/3397 1526/1526/3397 1525/1525/3397 
f 1526/1526/3398 1564/1564/3398 1527/1527/3398 
f 1517/1517/3399 1516/1516/3399 1528/1528/3399 
f 1516/1516/3400 1519/1519/3400 1530/1530/3400 
f 1519/1519/3401 1521/1521/3401 1531/1531/3401 
f 1521/1521/3402 1523/1523/3402 1532/1532/3402 
f 1523/1523/3403 1525/1525/3403 1533/1533/3403 
f 1525/1525/3404 1527/1527/3404 1534/1534/3404 
f 1529/1529/3405 1528/1528/3405 1535/1535/3405 
f 1528/1528/3406 1530/1530/3406 1537/1537/3406 
f 1530/1530/3407 1531/1531/3407 1538/1538/3407 
f 1531/1531/3408 1532/1532/3408 1539/1539/3408 
f 1532/1532/3409 1533/1533/3409 1540/1540/3409 
f 1533/1533/3410 1534/1534/3410 1541/1541/3410 
f 1536/1536/3411 1535/1535/3411 1542/1542/3411 
f 1535/1535/3412 1537/1537/3412 1544/1544/3412 
f 1537/1537/3413 1538/1538/3413 1545/1545/3413 
f 1538/1538/3414 1539/1539/3414 1546/1546/3414 
f 1539/1539/3415 1540/1540/3415 1547/1547/3415 
f 1540/1540/3416 1541/1541/3416 1548/1548/3416 
f 1543/1543/3417 1542/1542/3417 1549/1549/3417 
f 1542/1542/3418 1544/1544/3418 1551/1551/3418 
f 1544/1544/3419 1545/1545/3419 1552/1552/3419 
f 1545/1545/3420 1546/1546/3420 1553/1553/3420 
f 1546/1546/3421 1547/1547/3421 1554/1554/3421 
f 1547/1547/3422 1548/1548/3422 1555/1555/3422 
f 1550/1550/3423 1549/1549/3423 1556/1556/3423 
f 1549/1549/3424 1551/1551/3424 1558/1558/3424 
f 1551/1551/3425 1552/1552/3425 1559/1559/3425 
f 1552/1552/3426 1553/1553/3426 1560/1560/3426 
f 1553/1553/3427 1554/1554/3427 1561/1561/3427 
f 1554/1554/3428 1555/1555/3428 1562/1562/3428 
f 1509/1509/3429 1507/1507/3429 1515/1515/3429 
f 1507/1507/3430 1506/1506/3430 1518/1518/3430 
f 1506/1506/3431 1505/1505/3431 1520/1520/3431 
f 1505/1505/3432 1504/1504/3432 1522/1522/3432 
f 1504/1504/3433 1503/1503/3433 1524/1524/3433 
f 1503/1503/3434 1502/1502/3434 1526/1526/3434 
f 1502/1502/3435 1501/1501/3435 1564/1564/3435 
f 1501/1501/3436 1500/1500/3436 1565/1565/3436 
f 1564/1564/3437 1565/1565/3437 1566/1566/3437 
f 1527/1527/3438 1566/1566/3438 1567/1567/3438 
f 1534/1534/3439 1567/1567/3439 1568/1568/3439 
f 1541/1541/3440 1568/1568/3440 1569/1569/3440 
f 1548/1548/3441 1569/1569/3441 1570/1570/3441 
f 1555/1555/3442 1570/1570/3442 1571/1571/3442 
f 1562/1562/3443 1571/1571/3443 1572/1572/3443 
f 1561/1561/3444 1562/1562/3444 1573/1573/3444 
f 1560/1560/3445 1561/1561/3445 1574/1574/3445 
f 1559/1559/3446 1560/1560/3446 1575/1575/3446 
f 1558/1558/3447 1559/1559/3447 1576/1576/3447 
f 1556/1556/3448 1558/1558/3448 1577/1577/3448 
f 1557/1557/3449 1556/1556/3449 1578/1578/3449 
f 1580/1580/3450 1557/1557/3450 1579/1579/3450 
f 1582/1582/3451 1550/1550/3451 1557/1557/3451 
f 1583/1583/3452 1543/1543/3452 1550/1550/3452 
f 1584/1584/3453 1536/1536/3453 1543/1543/3453 
f 1585/1585/3454 1529/1529/3454 1536/1536/3454 
f 1586/1586/3455 1517/1517/3455 1529/1529/3455 
f 1563/1563/3456 1515/1515/3456 1517/1517/3456 
f 1587/1587/3457 1590/1590/3457 1588/1588/3457 
f 1590/1590/3458 1592/1592/3458 1591/1591/3458 
f 1592/1592/3459 1594/1594/3459 1593/1593/3459 
f 1594/1594/3460 1596/1596/3460 1595/1595/3460 
f 1596/1596/3461 1598/1598/3461 1597/1597/3461 
f 1598/1598/3462 1636/1636/3462 1599/1599/3462 
f 1589/1589/3463 1588/1588/3463 1600/1600/3463 
f 1588/1588/3464 1591/1591/3464 1602/1602/3464 
f 1591/1591/3465 1593/1593/3465 1603/1603/3465 
f 1593/1593/3466 1595/1595/3466 1604/1604/3466 
f 1595/1595/3467 1597/1597/3467 1605/1605/3467 
f 1597/1597/3468 1599/1599/3468 1606/1606/3468 
f 1601/1601/3469 1600/1600/3469 1607/1607/3469 
f 1600/1600/3470 1602/1602/3470 1609/1609/3470 
f 1602/1602/3471 1603/1603/3471 1610/1610/3471 
f 1603/1603/3472 1604/1604/3472 1611/1611/3472 
f 1604/1604/3473 1605/1605/3473 1612/1612/3473 
f 1605/1605/3474 1606/1606/3474 1613/1613/3474 
f 1608/1608/3475 1607/1607/3475 1614/1614/3475 
f 1607/1607/3476 1609/1609/3476 1616/1616/3476 
f 1609/1609/3477 1610/1610/3477 1617/1617/3477 
f 1610/1610/3478 1611/1611/3478 1618/1618/3478 
f 1611/1611/3479 1612/1612/3479 1619/1619/3479 
f 1612/1612/3480 1613/1613/3480 1620/1620/3480 
f 1615/1615/3481 1614/1614/3481 1621/1621/3481 
f 1614/1614/3482 1616/1616/3482 1623/1623/3482 
f 1616/1616/3483 1617/1617/3483 1624/1624/3483 
f 1617/1617/3484 1618/1618/3484 1625/1625/3484 
f 1618/1618/3485 1619/1619/3485 1626/1626/3485 
f 1619/1619/3486 1620/1620/3486 1627/1627/3486 
f 1622/1622/3487 1621/1621/3487 1628/1628/3487 
f 1621/1621/3488 1623/1623/3488 1630/1630/3488 
f 1623/1623/3489 1624/1624/3489 1631/1631/3489 
f 1624/1624/3490 1625/1625/3490 1632/1632/3490 
f 1625/1625/3491 1626/1626/3491 1633/1633/3491 
f 1626/1626/3492 1627/1627/3492 1634/1634/3492 
f 1581/1581/3493 1579/1579/3493 1587/1587/3493 
f 1579/1579/3494 1578/1578/3494 1590/1590/3494 
f 1578/1578/3495 1577/1577/3495 1592/1592/3495 
f 1577/1577/3496 1576/1576/3496 1594/1594/3496 
f 1576/1576/3497 1575/1575/3497 1596/1596/3497 
f 1575/1575/3498 1574/1574/3498 1598/1598/3498 
f 1574/1574/3499 1573/1573/3499 1636/1636/3499 
f 1573/1573/3500 1572/1572/3500 1637/1637/3500 
f 1636/1636/3501 1637/1637/3501 1638/1638/3501 
f 1599/1599/3502 1638/1638/3502 1639/1639/3502 
f 1606/1606/3503 1639/1639/3503 1640/1640/3503 
f 1640/1640/3504 2303/2312/3504 1620/1620/3504 
f 1620/1620/3505 2303/2312/3505 1641/1641/3505 
f 1627/1627/3506 1641/1641/3506 1642/1642/3506 
f 1642/1642/3507 2304/2313/3507 1643/1643/3507 
f 1633/1633/3508 1634/1634/3508 1643/1643/3508 
f 1632/1632/3509 1633/1633/3509 1644/1644/3509 
f 1631/1631/3510 1632/1632/3510 1645/1645/3510 
f 1630/1630/3511 1631/1631/3511 1646/1646/3511 
f 1628/1628/3512 1630/1630/3512 1647/1647/3512 
f 1629/1629/3513 1628/1628/3513 1648/1648/3513 
f 1650/1650/3514 1629/1629/3514 1649/1649/3514 
f 1652/1652/3515 1622/1622/3515 1629/1629/3515 
f 1653/1653/3516 1615/1615/3516 1622/1622/3516 
f 1654/1654/3517 1608/1608/3517 1615/1615/3517 
f 1655/1655/3518 1601/1601/3518 1608/1608/3518 
f 1656/1656/3519 1589/1589/3519 1601/1601/3519 
f 1635/1635/3520 1587/1587/3520 1589/1589/3520 
f 1657/1657/3521 1660/1660/3521 1658/1658/3521 
f 1660/1660/3522 1662/1662/3522 1661/1661/3522 
f 1662/1662/3523 1664/1664/3523 1663/1663/3523 
f 1664/1664/3524 1666/1666/3524 1665/1665/3524 
f 1666/1666/3525 1668/1668/3525 1667/1667/3525 
f 1668/1668/3526 1706/1706/3526 1669/1669/3526 
f 1659/1659/3527 1658/1658/3527 1670/1670/3527 
f 1658/1658/3528 1661/1661/3528 1672/1672/3528 
f 1661/1661/3529 1663/1663/3529 1673/1673/3529 
f 1663/1663/3530 1665/1665/3530 1674/1674/3530 
f 1665/1665/3531 1667/1667/3531 1675/1675/3531 
f 1667/1667/3532 1669/1669/3532 1676/1676/3532 
f 1671/1671/3533 1670/1670/3533 1677/1677/3533 
f 1670/1670/3534 1672/1672/3534 1679/1679/3534 
f 1672/1672/3535 1673/1673/3535 1680/1680/3535 
f 1673/1673/3536 1674/1674/3536 1681/1681/3536 
f 1674/1674/3537 1675/1675/3537 1682/1682/3537 
f 1675/1675/3538 1676/1676/3538 1683/1683/3538 
f 1678/1678/3539 1677/1677/3539 1684/1684/3539 
f 1677/1677/3540 1679/1679/3540 1686/1686/3540 
f 1679/1679/3541 1680/1680/3541 1687/1687/3541 
f 1680/1680/3542 1681/1681/3542 1688/1688/3542 
f 1681/1681/3543 1682/1682/3543 1689/1689/3543 
f 1682/1682/3544 1683/1683/3544 1690/1690/3544 
f 1685/1685/3545 1684/1684/3545 1691/1691/3545 
f 1684/1684/3546 1686/1686/3546 1693/1693/3546 
f 1686/1686/3547 1687/1687/3547 1694/1694/3547 
f 1687/1687/3548 1688/1688/3548 1695/1695/3548 
f 1688/1688/3549 1689/1689/3549 1696/1696/3549 
f 1689/1689/3550 1690/1690/3550 1697/1697/3550 
f 1692/1692/3551 1691/1691/3551 1698/1698/3551 
f 1691/1691/3552 1693/1693/3552 1700/1700/3552 
f 1693/1693/3553 1694/1694/3553 1701/1701/3553 
f 1694/1694/3554 1695/1695/3554 1702/1702/3554 
f 1695/1695/3555 1696/1696/3555 1703/1703/3555 
f 1696/1696/3556 1697/1697/3556 1704/1704/3556 
f 1651/1651/3557 1649/1649/3557 1657/1657/3557 
f 1649/1649/3558 1648/1648/3558 1660/1660/3558 
f 1648/1648/3559 1647/1647/3559 1662/1662/3559 
f 1647/1647/3560 1646/1646/3560 1664/1664/3560 
f 1646/1646/3561 1645/1645/3561 1666/1666/3561 
f 1645/1645/3562 1644/1644/3562 1668/1668/3562 
f 1644/1644/3563 1643/1643/3563 1706/1706/3563 
f 1643/1643/3564 2304/2313/3564 1707/1707/3564 
f 1706/1706/3565 1707/1707/3565 1708/1708/3565 
f 1669/1669/3566 1708/1708/3566 1709/1709/3566 
f 1676/1676/3567 1709/1709/3567 1710/1710/3567 
f 1683/1683/3568 1710/1710/3568 1711/1711/3568 
f 1690/1690/3569 1711/1711/3569 1712/1712/3569 
f 1697/1697/3570 1712/1712/3570 1713/1713/3570 
f 1704/1704/3571 1713/1713/3571 1714/1714/3571 
f 1703/1703/3572 1704/1704/3572 1715/1715/3572 
f 1702/1702/3573 1703/1703/3573 1716/1716/3573 
f 1701/1701/3574 1702/1702/3574 1717/1717/3574 
f 1700/1700/3575 1701/1701/3575 1718/1718/3575 
f 1698/1698/3576 1700/1700/3576 1719/1719/3576 
f 1699/1699/3577 1698/1698/3577 1720/1720/3577 
f 1722/1722/3578 1699/1699/3578 1721/1721/3578 
f 1724/1724/3579 1692/1692/3579 1699/1699/3579 
f 1725/1725/3580 1685/1685/3580 1692/1692/3580 
f 1726/1726/3581 1678/1678/3581 1685/1685/3581 
f 1727/1727/3582 1671/1671/3582 1678/1678/3582 
f 1728/1728/3583 1659/1659/3583 1671/1671/3583 
f 1705/1705/3584 1657/1657/3584 1659/1659/3584 
f 1729/1729/3585 1732/1732/3585 1730/1730/3585 
f 1732/1732/3586 1734/1734/3586 1733/1733/3586 
f 1734/1734/3587 1736/1736/3587 1735/1735/3587 
f 1736/1736/3588 1738/1738/3588 1737/1737/3588 
f 1738/1738/3589 1740/1740/3589 1739/1739/3589 
f 1740/1740/3590 1778/1778/3590 1741/1741/3590 
f 1731/1731/3591 1730/1730/3591 1742/1742/3591 
f 1730/1730/3592 1733/1733/3592 1744/1744/3592 
f 1733/1733/3593 1735/1735/3593 1745/1745/3593 
f 1735/1735/3594 1737/1737/3594 1746/1746/3594 
f 1737/1737/3595 1739/1739/3595 1747/1747/3595 
f 1739/1739/3596 1741/1741/3596 1748/1748/3596 
f 1743/1743/3597 1742/1742/3597 1749/1749/3597 
f 1742/1742/3598 1744/1744/3598 1751/1751/3598 
f 1744/1744/3599 1745/1745/3599 1752/1752/3599 
f 1745/1745/3600 1746/1746/3600 1753/1753/3600 
f 1746/1746/3601 1747/1747/3601 1754/1754/3601 
f 1747/1747/3602 1748/1748/3602 1755/1755/3602 
f 1750/1750/3603 1749/1749/3603 1756/1756/3603 
f 1749/1749/3604 1751/1751/3604 1758/1758/3604 
f 1751/1751/3605 1752/1752/3605 1759/1759/3605 
f 1752/1752/3606 1753/1753/3606 1760/1760/3606 
f 1753/1753/3607 1754/1754/3607 1761/1761/3607 
f 1754/1754/3608 1755/1755/3608 1762/1762/3608 
f 1757/1757/3609 1756/1756/3609 1763/1763/3609 
f 1756/1756/3610 1758/1758/3610 1765/1765/3610 
f 1758/1758/3611 1759/1759/3611 1766/1766/3611 
f 1759/1759/3612 1760/1760/3612 1767/1767/3612 
f 1760/1760/3613 1761/1761/3613 1768/1768/3613 
f 1761/1761/3614 1762/1762/3614 1769/1769/3614 
f 1764/1764/3615 1763/1763/3615 1770/1770/3615 
f 1763/1763/3616 1765/1765/3616 1772/1772/3616 
f 1765/1765/3617 1766/1766/3617 1773/1773/3617 
f 1766/1766/3618 1767/1767/3618 1774/1774/3618 
f 1767/1767/3619 1768/1768/3619 1775/1775/3619 
f 1768/1768/3620 1769/1769/3620 1776/1776/3620 
f 1723/1723/3621 1721/1721/3621 1729/1729/3621 
f 1721/1721/3622 1720/1720/3622 1732/1732/3622 
f 1720/1720/3623 1719/1719/3623 1734/1734/3623 
f 1719/1719/3624 1718/1718/3624 1736/1736/3624 
f 1718/1718/3625 1717/1717/3625 1738/1738/3625 
f 1717/1717/3626 1716/1716/3626 1740/1740/3626 
f 1716/1716/3627 1715/1715/3627 1778/1778/3627 
f 1715/1715/3628 1714/1714/3628 1779/1779/3628 
f 1778/1778/3629 1779/1779/3629 1780/1780/3629 
f 1741/1741/3630 1780/1780/3630 1781/1781/3630 
f 1748/1748/3631 1781/1781/3631 1782/1782/3631 
f 1755/1755/3632 1782/1782/3632 1783/1783/3632 
f 1762/1762/3633 1783/1783/3633 1784/1784/3633 
f 1769/1769/3634 1784/1784/3634 1785/1785/3634 
f 1776/1776/3635 1785/1785/3635 1786/1786/3635 
f 1775/1775/3636 1776/1776/3636 1787/1787/3636 
f 1774/1774/3637 1775/1775/3637 1788/1788/3637 
f 1773/1773/3638 1774/1774/3638 1789/1789/3638 
f 1772/1772/3639 1773/1773/3639 1790/1790/3639 
f 1770/1770/3640 1772/1772/3640 1791/1791/3640 
f 1771/1771/3641 1770/1770/3641 1792/1792/3641 
f 1794/1794/3642 1771/1771/3642 1793/1793/3642 
f 1796/1796/3643 1764/1764/3643 1771/1771/3643 
f 1797/1797/3644 1757/1757/3644 1764/1764/3644 
f 1798/1798/3645 1750/1750/3645 1757/1757/3645 
f 1799/1799/3646 1743/1743/3646 1750/1750/3646 
f 1800/1800/3647 1731/1731/3647 1743/1743/3647 
f 1777/1777/3648 1729/1729/3648 1731/1731/3648 
f 1801/1801/3649 1804/1804/3649 1802/1802/3649 
f 1804/1804/3650 1806/1806/3650 1805/1805/3650 
f 1806/1806/3651 1808/1808/3651 1807/1807/3651 
f 1808/1808/3652 1810/1810/3652 1809/1809/3652 
f 1810/1810/3653 1812/1812/3653 1811/1811/3653 
f 1812/1812/3654 1851/1851/3654 1813/1813/3654 
f 1803/1803/3655 1802/1802/3655 1814/1814/3655 
f 1802/1802/3656 1805/1805/3656 1816/1816/3656 
f 1805/1805/3657 1807/1807/3657 1817/1817/3657 
f 1807/1807/3658 1809/1809/3658 1818/1818/3658 
f 1809/1809/3659 1811/1811/3659 1819/1819/3659 
f 1811/1811/3660 1813/1813/3660 1820/1820/3660 
f 1815/1815/3661 1814/1814/3661 1821/1821/3661 
f 1814/1814/3662 1816/1816/3662 1823/1823/3662 
f 1816/1816/3663 1817/1817/3663 1824/1824/3663 
f 1817/1817/3664 1818/1818/3664 1825/1825/3664 
f 1818/1818/3665 1819/1819/3665 1826/1826/3665 
f 1819/1819/3666 1820/1820/3666 1827/1827/3666 
f 1822/1822/3667 1821/1821/3667 1828/1828/3667 
f 1821/1821/3668 1823/1823/3668 1830/1830/3668 
f 1823/1823/3669 1824/1824/3669 1831/1831/3669 
f 1824/1824/3670 1825/1825/3670 1832/1832/3670 
f 1825/1825/3671 1826/1826/3671 1833/1833/3671 
f 1826/1826/3672 1827/1827/3672 1834/1834/3672 
f 1829/1829/3673 1828/1828/3673 1835/1835/3673 
f 1828/1828/3674 1830/1830/3674 1837/1837/3674 
f 1830/1830/3675 1831/1831/3675 1838/1838/3675 
f 1831/1831/3676 1832/1832/3676 1839/1839/3676 
f 1832/1832/3677 1833/1833/3677 1840/1840/3677 
f 1833/1833/3678 1834/1834/3678 1841/1841/3678 
f 1836/1836/3679 1835/1835/3679 1842/1842/3679 
f 1835/1835/3680 1837/1837/3680 1844/1844/3680 
f 1837/1837/3681 1838/1838/3681 1845/1845/3681 
f 1838/1838/3682 1839/1839/3682 1846/1846/3682 
f 1839/1839/3683 1840/1840/3683 1847/1847/3683 
f 1840/1840/3684 1841/1841/3684 1848/1848/3684 
f 1795/1795/3685 1793/1793/3685 1801/1801/3685 
f 1793/1793/3686 1792/1792/3686 1804/1804/3686 
f 1792/1792/3687 1791/1791/3687 1806/1806/3687 
f 1791/1791/3688 1790/1790/3688 1808/1808/3688 
f 1790/1790/3689 1789/1789/3689 1810/1810/3689 
f 1789/1789/3690 1788/1788/3690 1812/1812/3690 
f 1787/1787/3691 1851/1851/3691 1812/1812/3691 
f 1787/1787/3692 1786/1786/3692 1850/1850/3692 
f 1851/1851/3693 1850/1850/3693 1852/1852/3693 
f 1813/1813/3694 1852/1852/3694 1853/1853/3694 
f 1820/1820/3695 1853/1853/3695 1854/1854/3695 
f 1827/1827/3696 1854/1854/3696 1855/1855/3696 
f 1834/1834/3697 1855/1855/3697 1856/1856/3697 
f 1841/1841/3698 1856/1856/3698 1857/1857/3698 
f 1848/1848/3699 1857/1857/3699 1858/1858/3699 
f 1848/1848/3700 1859/1859/3700 1860/1860/3700 
f 1846/1846/3701 1847/1847/3701 1860/1860/3701 
f 1845/1845/3702 1846/1846/3702 1861/1861/3702 
f 1844/1844/3703 1845/1845/3703 1862/1862/3703 
f 1842/1842/3704 1844/1844/3704 1863/1863/3704 
f 1843/1843/3705 1842/1842/3705 1864/1864/3705 
f 1866/1866/3706 1843/1843/3706 1865/1865/3706 
f 1868/1868/3707 1836/1836/3707 1843/1843/3707 
f 1869/1869/3708 1829/1829/3708 1836/1836/3708 
f 1870/1870/3709 1822/1822/3709 1829/1829/3709 
f 1871/1871/3710 1815/1815/3710 1822/1822/3710 
f 1872/1872/3711 1803/1803/3711 1815/1815/3711 
f 1849/1849/3712 1801/1801/3712 1803/1803/3712 
f 1873/1873/3713 1876/1876/3713 1874/1874/3713 
f 1876/1876/3714 1878/1878/3714 1877/1877/3714 
f 1878/1878/3715 1880/1880/3715 1879/1879/3715 
f 1880/1880/3716 1882/1882/3716 1881/1881/3716 
f 1882/1882/3717 1884/1884/3717 1883/1883/3717 
f 1884/1884/3718 1922/1922/3718 1885/1885/3718 
f 1875/1875/3719 1874/1874/3719 1886/1886/3719 
f 1874/1874/3720 1877/1877/3720 1888/1888/3720 
f 1877/1877/3721 1879/1879/3721 1889/1889/3721 
f 1879/1879/3722 1881/1881/3722 1890/1890/3722 
f 1881/1881/3723 1883/1883/3723 1891/1891/3723 
f 1883/1883/3724 1885/1885/3724 1892/1892/3724 
f 1887/1887/3725 1886/1886/3725 1893/1893/3725 
f 1886/1886/3726 1888/1888/3726 1895/1895/3726 
f 1888/1888/3727 1889/1889/3727 1896/1896/3727 
f 1889/1889/3728 1890/1890/3728 1897/1897/3728 
f 1890/1890/3729 1891/1891/3729 1898/1898/3729 
f 1891/1891/3730 1892/1892/3730 1899/1899/3730 
f 1894/1894/3731 1893/1893/3731 1900/1900/3731 
f 1893/1893/3732 1895/1895/3732 1902/1902/3732 
f 1895/1895/3733 1896/1896/3733 1903/1903/3733 
f 1896/1896/3734 1897/1897/3734 1904/1904/3734 
f 1897/1897/3735 1898/1898/3735 1905/1905/3735 
f 1898/1898/3736 1899/1899/3736 1906/1906/3736 
f 1901/1901/3737 1900/1900/3737 1907/1907/3737 
f 1900/1900/3738 1902/1902/3738 1909/1909/3738 
f 1902/1902/3739 1903/1903/3739 1910/1910/3739 
f 1903/1903/3740 1904/1904/3740 1911/1911/3740 
f 1904/1904/3741 1905/1905/3741 1912/1912/3741 
f 1905/1905/3742 1906/1906/3742 1913/1913/3742 
f 1908/1908/3743 1907/1907/3743 1914/1914/3743 
f 1907/1907/3744 1909/1909/3744 1916/1916/3744 
f 1909/1909/3745 1910/1910/3745 1917/1917/3745 
f 1911/1911/3746 1919/1919/3746 1917/1917/3746 
f 1911/1911/3747 1912/1912/3747 1918/1918/3747 
f 1912/1912/3748 1913/1913/3748 1920/1920/3748 
f 1867/1867/3749 1865/1865/3749 1873/1873/3749 
f 1865/1865/3750 1864/1864/3750 1876/1876/3750 
f 1864/1864/3751 1863/1863/3751 1878/1878/3751 
f 1863/1863/3752 1862/1862/3752 1880/1880/3752 
f 1862/1862/3753 1861/1861/3753 1882/1882/3753 
f 1860/1860/3754 1884/1884/3754 1882/1882/3754 
f 1860/1860/3755 1859/1859/3755 1922/1922/3755 
f 1859/1859/3756 1858/1858/3756 1923/1923/3756 
f 1922/1922/3757 1923/1923/3757 1924/1924/3757 
f 1885/1885/3758 1924/1924/3758 1925/1925/3758 
f 1892/1892/3759 1925/1925/3759 1926/1926/3759 
f 1899/1899/3760 1926/1926/3760 1927/1927/3760 
f 1906/1906/3761 1927/1927/3761 1928/1928/3761 
f 1913/1913/3762 1928/1928/3762 1929/1929/3762 
f 1920/1920/3763 1929/1929/3763 1930/1930/3763 
f 1918/1918/3764 1920/1920/3764 1931/1931/3764 
f 1919/1919/3765 1918/1918/3765 1932/1932/3765 
f 1917/1917/3766 1919/1919/3766 1933/1933/3766 
f 1916/1916/3767 1917/1917/3767 1934/1934/3767 
f 1914/1914/3768 1916/1916/3768 1935/1935/3768 
f 1915/1915/3769 1914/1914/3769 1936/1936/3769 
f 1938/1938/3770 1915/1915/3770 1937/1937/3770 
f 1940/1940/3771 1908/1908/3771 1915/1915/3771 
f 1941/1941/3772 1901/1901/3772 1908/1908/3772 
f 1942/1942/3773 1894/1894/3773 1901/1901/3773 
f 1943/1943/3774 1887/1887/3774 1894/1894/3774 
f 1944/1944/3775 1875/1875/3775 1887/1887/3775 
f 1921/1921/3776 1873/1873/3776 1875/1875/3776 
f 1945/1945/3777 1948/1948/3777 1946/1946/3777 
f 1948/1948/3778 1950/1950/3778 1949/1949/3778 
f 1950/1950/3779 1952/1952/3779 1951/1951/3779 
f 1952/1952/3780 1954/1954/3780 1953/1953/3780 
f 1954/1954/3781 1956/1956/3781 1955/1955/3781 
f 1956/1956/3782 1994/1994/3782 1957/1957/3782 
f 1947/1947/3783 1946/1946/3783 1958/1958/3783 
f 1946/1946/3784 1949/1949/3784 1960/1960/3784 
f 1949/1949/3785 1951/1951/3785 1961/1961/3785 
f 1951/1951/3786 1953/1953/3786 1962/1962/3786 
f 1953/1953/3787 1955/1955/3787 1963/1963/3787 
f 1955/1955/3788 1957/1957/3788 1964/1964/3788 
f 1959/1959/3789 1958/1958/3789 1965/1965/3789 
f 1958/1958/3790 1960/1960/3790 1967/1967/3790 
f 1960/1960/3791 1961/1961/3791 1968/1968/3791 
f 1961/1961/3792 1962/1962/3792 1969/1969/3792 
f 1962/1962/3793 1963/1963/3793 1970/1970/3793 
f 1963/1963/3794 1964/1964/3794 1971/1971/3794 
f 1966/1966/3795 1965/1965/3795 1972/1972/3795 
f 1965/1965/3796 1967/1967/3796 1974/1974/3796 
f 1967/1967/3797 1968/1968/3797 1975/1975/3797 
f 1968/1968/3798 1969/1969/3798 1976/1976/3798 
f 1969/1969/3799 1970/1970/3799 1977/1977/3799 
f 1970/1970/3800 1971/1971/3800 1978/1978/3800 
f 1973/1973/3801 1972/1972/3801 1979/1979/3801 
f 1972/1972/3802 1974/1974/3802 1981/1981/3802 
f 1974/1974/3803 1975/1975/3803 1982/1982/3803 
f 1975/1975/3804 1976/1976/3804 1983/1983/3804 
f 1976/1976/3805 1977/1977/3805 1984/1984/3805 
f 1977/1977/3806 1978/1978/3806 1985/1985/3806 
f 1980/1980/3807 1979/1979/3807 1986/1986/3807 
f 1979/1979/3808 1981/1981/3808 1988/1988/3808 
f 1981/1981/3809 1982/1982/3809 1989/1989/3809 
f 1982/1982/3810 1983/1983/3810 1990/1990/3810 
f 1983/1983/3811 1984/1984/3811 1991/1991/3811 
f 1984/1984/3812 1985/1985/3812 1992/1992/3812 
f 1939/1939/3813 1937/1937/3813 1945/1945/3813 
f 1937/1937/3814 1936/1936/3814 1948/1948/3814 
f 1936/1936/3815 1935/1935/3815 1950/1950/3815 
f 1935/1935/3816 1934/1934/3816 1952/1952/3816 
f 1934/1934/3817 1933/1933/3817 1954/1954/3817 
f 1933/1933/3818 1932/1932/3818 1956/1956/3818 
f 1932/1932/3819 1931/1931/3819 1994/1994/3819 
f 1931/1931/3820 1930/1930/3820 1995/1995/3820 
f 1994/1994/3821 1995/1995/3821 1996/1996/3821 
f 1957/1957/3822 1996/1996/3822 1997/1997/3822 
f 1964/1964/3823 1997/1997/3823 1998/1998/3823 
f 1971/1971/3824 1998/1998/3824 1999/1999/3824 
f 1978/1978/3825 1999/1999/3825 2000/2000/3825 
f 1985/1985/3826 2000/2000/3826 2001/2001/3826 
f 1992/1992/3827 2001/2001/3827 2002/2002/3827 
f 1991/1991/3828 1992/1992/3828 2003/2003/3828 
f 1990/1990/3829 1991/1991/3829 2004/2004/3829 
f 1989/1989/3830 1990/1990/3830 2005/2005/3830 
f 1988/1988/3831 1989/1989/3831 2006/2006/3831 
f 1986/1986/3832 1988/1988/3832 2007/2007/3832 
f 1987/1987/3833 1986/1986/3833 2008/2008/3833 
f 2010/2010/3834 1987/1987/3834 2009/2009/3834 
f 2012/2012/3835 1980/1980/3835 1987/1987/3835 
f 2013/2013/3836 1973/1973/3836 1980/1980/3836 
f 2014/2014/3837 1966/1966/3837 1973/1973/3837 
f 2015/2015/3838 1959/1959/3838 1966/1966/3838 
f 2016/2016/3839 1947/1947/3839 1959/1959/3839 
f 1993/1993/3840 1945/1945/3840 1947/1947/3840 
f 2017/2017/3841 2020/2020/3841 2018/2018/3841 
f 2020/2020/3842 2022/2022/3842 2021/2021/3842 
f 2022/2022/3843 2024/2024/3843 2023/2023/3843 
f 2024/2024/3844 2026/2026/3844 2025/2025/3844 
f 2026/2026/3845 2028/2028/3845 2027/2027/3845 
f 2028/2028/3846 2065/2065/3846 2029/2029/3846 
f 2019/2019/3847 2018/2018/3847 2030/2030/3847 
f 2018/2018/3848 2021/2021/3848 2032/2032/3848 
f 2021/2021/3849 2023/2023/3849 2033/2033/3849 
f 2023/2023/3850 2025/2025/3850 2034/2034/3850 
f 2025/2025/3851 2027/2027/3851 2035/2035/3851 
f 2027/2027/3852 2029/2029/3852 2036/2036/3852 
f 2031/2031/3853 2030/2030/3853 2037/2037/3853 
f 2030/2030/3854 2032/2032/3854 2039/2039/3854 
f 2032/2032/3855 2033/2033/3855 2040/2040/3855 
f 2033/2033/3856 2034/2034/3856 2041/2041/3856 
f 2034/2034/3857 2035/2035/3857 2042/2042/3857 
f 2035/2035/3858 2036/2036/3858 2043/2043/3858 
f 2038/2038/3859 2037/2037/3859 2044/2044/3859 
f 2037/2037/3860 2039/2039/3860 2046/2046/3860 
f 2039/2039/3861 2040/2040/3861 2047/2047/3861 
f 2040/2040/3862 2041/2041/3862 2048/2048/3862 
f 2041/2041/3863 2042/2042/3863 2049/2049/3863 
f 2042/2042/3864 2043/2043/3864 2050/2050/3864 
f 2045/2045/3865 2044/2044/3865 2051/2051/3865 
f 2044/2044/3866 2046/2046/3866 2053/2053/3866 
f 2046/2046/3867 2047/2047/3867 2054/2054/3867 
f 2047/2047/3868 2048/2048/3868 2055/2055/3868 
f 2048/2048/3869 2049/2049/3869 2056/2056/3869 
f 2049/2049/3870 2050/2050/3870 2057/2057/3870 
f 2052/2052/3871 2051/2051/3871 2058/2058/3871 
f 2051/2051/3872 2053/2053/3872 2060/2060/3872 
f 2053/2053/3873 2054/2054/3873 2061/2061/3873 
f 2054/2054/3874 2055/2055/3874 2062/2062/3874 
f 2055/2055/3875 2056/2056/3875 2063/2063/3875 
f 2057/2057/3876 2073/2073/3876 2063/2063/3876 
f 2011/2011/3877 2009/2009/3877 2017/2017/3877 
f 2009/2009/3878 2008/2008/3878 2020/2020/3878 
f 2008/2008/3879 2007/2007/3879 2022/2022/3879 
f 2007/2007/3880 2006/2006/3880 2024/2024/3880 
f 2006/2006/3881 2005/2005/3881 2026/2026/3881 
f 2005/2005/3882 2004/2004/3882 2028/2028/3882 
f 2004/2004/3883 2003/2003/3883 2065/2065/3883 
f 2003/2003/3884 2002/2002/3884 2066/2066/3884 
f 2065/2065/3885 2066/2066/3885 2067/2067/3885 
f 2029/2029/3886 2067/2067/3886 2068/2068/3886 
f 2036/2036/3887 2068/2068/3887 2069/2069/3887 
f 2043/2043/3888 2069/2069/3888 2070/2070/3888 
f 2050/2050/3889 2070/2070/3889 2071/2071/3889 
f 2057/2057/3890 2071/2071/3890 2072/2072/3890 
f 2073/2073/3891 2072/2072/3891 2074/2074/3891 
f 2063/2063/3892 2073/2073/3892 2075/2075/3892 
f 2062/2062/3893 2063/2063/3893 2076/2076/3893 
f 2061/2061/3894 2062/2062/3894 2077/2077/3894 
f 2060/2060/3895 2061/2061/3895 2078/2078/3895 
f 2058/2058/3896 2060/2060/3896 2079/2079/3896 
f 2059/2059/3897 2058/2058/3897 2080/2080/3897 
f 2082/2082/3898 2059/2059/3898 2081/2081/3898 
f 2084/2084/3899 2052/2052/3899 2059/2059/3899 
f 2085/2085/3900 2045/2045/3900 2052/2052/3900 
f 2086/2086/3901 2038/2038/3901 2045/2045/3901 
f 2087/2087/3902 2031/2031/3902 2038/2038/3902 
f 2088/2088/3903 2019/2019/3903 2031/2031/3903 
f 2064/2064/3904 2017/2017/3904 2019/2019/3904 
f 2089/2089/3905 2092/2092/3905 2090/2090/3905 
f 2092/2092/3906 2094/2094/3906 2093/2093/3906 
f 2094/2094/3907 2096/2096/3907 2095/2095/3907 
f 2096/2096/3908 2098/2098/3908 2097/2097/3908 
f 2098/2098/3909 2100/2100/3909 2099/2099/3909 
f 2100/2100/3910 2138/2138/3910 2101/2101/3910 
f 2091/2091/3911 2090/2090/3911 2102/2102/3911 
f 2090/2090/3912 2093/2093/3912 2104/2104/3912 
f 2093/2093/3913 2095/2095/3913 2105/2105/3913 
f 2095/2095/3914 2097/2097/3914 2106/2106/3914 
f 2097/2097/3915 2099/2099/3915 2107/2107/3915 
f 2099/2099/3916 2101/2101/3916 2108/2108/3916 
f 2103/2103/3917 2102/2102/3917 2109/2109/3917 
f 2102/2102/3918 2104/2104/3918 2111/2111/3918 
f 2104/2104/3919 2105/2105/3919 2112/2112/3919 
f 2105/2105/3920 2106/2106/3920 2113/2113/3920 
f 2106/2106/3921 2107/2107/3921 2114/2114/3921 
f 2107/2107/3922 2108/2108/3922 2115/2115/3922 
f 2110/2110/3923 2109/2109/3923 2116/2116/3923 
f 2109/2109/3924 2111/2111/3924 2118/2118/3924 
f 2111/2111/3925 2112/2112/3925 2119/2119/3925 
f 2112/2112/3926 2113/2113/3926 2120/2120/3926 
f 2113/2113/3927 2114/2114/3927 2121/2121/3927 
f 2114/2114/3928 2115/2115/3928 2122/2122/3928 
f 2117/2117/3929 2116/2116/3929 2123/2123/3929 
f 2116/2116/3930 2118/2118/3930 2125/2125/3930 
f 2118/2118/3931 2119/2119/3931 2126/2126/3931 
f 2119/2119/3932 2120/2120/3932 2127/2127/3932 
f 2120/2120/3933 2121/2121/3933 2128/2128/3933 
f 2121/2121/3934 2122/2122/3934 2129/2129/3934 
f 2124/2124/3935 2123/2123/3935 2130/2130/3935 
f 2123/2123/3936 2125/2125/3936 2132/2132/3936 
f 2125/2125/3937 2126/2126/3937 2133/2133/3937 
f 2126/2126/3938 2127/2127/3938 2134/2134/3938 
f 2127/2127/3939 2128/2128/3939 2135/2135/3939 
f 2128/2128/3940 2129/2129/3940 2136/2136/3940 
f 2083/2083/3941 2081/2081/3941 2089/2089/3941 
f 2081/2081/3942 2080/2080/3942 2092/2092/3942 
f 2080/2080/3943 2079/2079/3943 2094/2094/3943 
f 2079/2079/3944 2078/2078/3944 2096/2096/3944 
f 2078/2078/3945 2077/2077/3945 2098/2098/3945 
f 2077/2077/3946 2076/2076/3946 2100/2100/3946 
f 2076/2076/3947 2075/2075/3947 2138/2138/3947 
f 2075/2075/3948 2074/2074/3948 2139/2139/3948 
f 2138/2138/3949 2139/2139/3949 2140/2140/3949 
f 2101/2101/3950 2140/2140/3950 2141/2141/3950 
f 2108/2108/3951 2141/2141/3951 2142/2142/3951 
f 2115/2115/3952 2142/2142/3952 2143/2143/3952 
f 2122/2122/3953 2143/2143/3953 2144/2144/3953 
f 2129/2129/3954 2144/2144/3954 2145/2145/3954 
f 2136/2136/3955 2145/2145/3955 2146/2146/3955 
f 2135/2135/3956 2136/2136/3956 2147/2147/3956 
f 2134/2134/3957 2135/2135/3957 2148/2148/3957 
f 2133/2133/3958 2134/2134/3958 2149/2149/3958 
f 2132/2132/3959 2133/2133/3959 2150/2150/3959 
f 2130/2130/3960 2132/2132/3960 2151/2151/3960 
f 2131/2131/3961 2130/2130/3961 2152/2152/3961 
f 2154/2154/3962 2131/2131/3962 2153/2153/3962 
f 2156/2156/3963 2124/2124/3963 2131/2131/3963 
f 2157/2157/3964 2117/2117/3964 2124/2124/3964 
f 2158/2158/3965 2110/2110/3965 2117/2117/3965 
f 2159/2159/3966 2103/2103/3966 2110/2110/3966 
f 2160/2160/3967 2091/2091/3967 2103/2103/3967 
f 2137/2137/3968 2089/2089/3968 2091/2091/3968 
f 2161/2161/3969 2164/2164/3969 2162/2162/3969 
f 2164/2164/3970 2166/2166/3970 2165/2165/3970 
f 2166/2166/3971 2168/2168/3971 2167/2167/3971 
f 2168/2168/3972 2170/2170/3972 2169/2169/3972 
f 2170/2170/3973 2172/2172/3973 2171/2171/3973 
f 2172/2172/3974 2210/2210/3974 2173/2173/3974 
f 2163/2163/3975 2162/2162/3975 2174/2174/3975 
f 2162/2162/3976 2165/2165/3976 2176/2176/3976 
f 2165/2165/3977 2167/2167/3977 2177/2177/3977 
f 2167/2167/3978 2169/2169/3978 2178/2178/3978 
f 2169/2169/3979 2171/2171/3979 2179/2179/3979 
f 2171/2171/3980 2173/2173/3980 2180/2180/3980 
f 2175/2175/3981 2174/2174/3981 2181/2181/3981 
f 2174/2174/3982 2176/2176/3982 2183/2183/3982 
f 2176/2176/3983 2177/2177/3983 2184/2184/3983 
f 2177/2177/3984 2178/2178/3984 2185/2185/3984 
f 2178/2178/3985 2179/2179/3985 2186/2186/3985 
f 2179/2179/3986 2180/2180/3986 2187/2187/3986 
f 2182/2182/3987 2181/2181/3987 2188/2188/3987 
f 2181/2181/3988 2183/2183/3988 2190/2190/3988 
f 2183/2183/3989 2184/2184/3989 2191/2191/3989 
f 2184/2184/3990 2185/2185/3990 2192/2192/3990 
f 2185/2185/3991 2186/2186/3991 2193/2193/3991 
f 2186/2186/3992 2187/2187/3992 2194/2194/3992 
f 2189/2189/3993 2188/2188/3993 2195/2195/3993 
f 2188/2188/3994 2190/2190/3994 2197/2197/3994 
f 2190/2190/3995 2191/2191/3995 2198/2198/3995 
f 2191/2191/3996 2192/2192/3996 2199/2199/3996 
f 2192/2192/3997 2193/2193/3997 2200/2200/3997 
f 2193/2193/3998 2194/2194/3998 2201/2201/3998 
f 2196/2196/3999 2195/2195/3999 2202/2202/3999 
f 2195/2195/4000 2197/2197/4000 2204/2204/4000 
f 2197/2197/4001 2198/2198/4001 2205/2205/4001 
f 2198/2198/4002 2199/2199/4002 2206/2206/4002 
f 2199/2199/4003 2200/2200/4003 2207/2207/4003 
f 2200/2200/4004 2201/2201/4004 2208/2208/4004 
f 2155/2155/4005 2153/2153/4005 2161/2161/4005 
f 2153/2153/4006 2152/2152/4006 2164/2164/4006 
f 2152/2152/4007 2151/2151/4007 2166/2166/4007 
f 2151/2151/4008 2150/2150/4008 2168/2168/4008 
f 2150/2150/4009 2149/2149/4009 2170/2170/4009 
f 2149/2149/4010 2148/2148/4010 2172/2172/4010 
f 2148/2148/4011 2147/2147/4011 2210/2210/4011 
f 2147/2147/4012 2146/2146/4012 2211/2211/4012 
f 2210/2210/4013 2211/2211/4013 2212/2212/4013 
f 2173/2173/4014 2212/2212/4014 2213/2213/4014 
f 2180/2180/4015 2213/2213/4015 2214/2214/4015 
f 2187/2187/4016 2214/2214/4016 2215/2215/4016 
f 2194/2194/4017 2215/2215/4017 2216/2216/4017 
f 2201/2201/4018 2216/2216/4018 2217/2217/4018 
f 2208/2208/4019 2217/2217/4019 2218/2218/4019 
f 2207/2207/4020 2208/2208/4020 2219/2219/4020 
f 2206/2206/4021 2207/2207/4021 2220/2220/4021 
f 2205/2205/4022 2206/2206/4022 2221/2221/4022 
f 2204/2204/4023 2205/2205/4023 2222/2222/4023 
f 2202/2202/4024 2204/2204/4024 2223/2223/4024 
f 2203/2203/4025 2202/2202/4025 2224/2224/4025 
f 2226/2226/4026 2203/2203/4026 2225/2225/4026 
f 2228/2228/4027 2196/2196/4027 2203/2203/4027 
f 2229/2229/4028 2189/2189/4028 2196/2196/4028 
f 2230/2230/4029 2182/2182/4029 2189/2189/4029 
f 2231/2231/4030 2175/2175/4030 2182/2182/4030 
f 2232/2232/4031 2163/2163/4031 2175/2175/4031 
f 2209/2209/4032 2161/2161/4032 2163/2163/4032 
f 2233/2233/4033 2236/2236/4033 2234/2234/4033 
f 2236/2236/4034 2238/2238/4034 2237/2237/4034 
f 2238/2238/4035 2240/2240/4035 2239/2239/4035 
f 2240/2240/4036 2242/2242/4036 2241/2241/4036 
f 2242/2242/4037 2244/2244/4037 2243/2243/4037 
f 2244/2244/4038 2282/2282/4038 2245/2245/4038 
f 2235/2235/4039 2234/2234/4039 2246/2246/4039 
f 2234/2234/4040 2237/2237/4040 2248/2248/4040 
f 2237/2237/4041 2239/2239/4041 2249/2249/4041 
f 2239/2239/4042 2241/2241/4042 2250/2250/4042 
f 2241/2241/4043 2243/2243/4043 2251/2251/4043 
f 2243/2243/4044 2245/2245/4044 2252/2252/4044 
f 2247/2247/4045 2246/2246/4045 2253/2253/4045 
f 2246/2246/4046 2248/2248/4046 2255/2255/4046 
f 2248/2248/4047 2249/2249/4047 2256/2256/4047 
f 2249/2249/4048 2250/2250/4048 2257/2257/4048 
f 2250/2250/4049 2251/2251/4049 2258/2258/4049 
f 2251/2251/4050 2252/2252/4050 2259/2259/4050 
f 2254/2254/4051 2253/2253/4051 2260/2260/4051 
f 2253/2253/4052 2255/2255/4052 2262/2262/4052 
f 2255/2255/4053 2256/2256/4053 2263/2263/4053 
f 2256/2256/4054 2257/2257/4054 2264/2264/4054 
f 2257/2257/4055 2258/2258/4055 2265/2265/4055 
f 2258/2258/4056 2259/2259/4056 2266/2266/4056 
f 2261/2261/4057 2260/2260/4057 2267/2267/4057 
f 2260/2260/4058 2262/2262/4058 2269/2269/4058 
f 2262/2262/4059 2263/2263/4059 2270/2270/4059 
f 2263/2263/4060 2264/2264/4060 2271/2271/4060 
f 2264/2264/4061 2265/2265/4061 2272/2272/4061 
f 2265/2265/4062 2266/2266/4062 2273/2273/4062 
f 2268/2268/4063 2267/2267/4063 2274/2274/4063 
f 2267/2267/4064 2269/2269/4064 2276/2276/4064 
f 2269/2269/4065 2270/2270/4065 2277/2277/4065 
f 2270/2270/4066 2271/2271/4066 2278/2278/4066 
f 2271/2271/4067 2272/2272/4067 2279/2279/4067 
f 2272/2272/4068 2273/2273/4068 2280/2280/4068 
f 2227/2227/4069 2225/2225/4069 2233/2233/4069 
f 2225/2225/4070 2224/2224/4070 2236/2236/4070 
f 2224/2224/4071 2223/2223/4071 2238/2238/4071 
f 2223/2223/4072 2222/2222/4072 2240/2240/4072 
f 2222/2222/4073 2221/2221/4073 2242/2242/4073 
f 2221/2221/4074 2220/2220/4074 2244/2244/4074 
f 2220/2220/4075 2219/2219/4075 2282/2282/4075 
f 2219/2219/4076 2218/2218/4076 2283/2283/4076 
f 2282/2282/4077 2283/2283/4077 2284/2284/4077 
f 2245/2245/4078 2284/2284/4078 2285/2285/4078 
f 2252/2252/4079 2285/2285/4079 2286/2286/4079 
f 2259/2259/4080 2286/2286/4080 2287/2287/4080 
f 2266/2266/4081 2287/2287/4081 2288/2288/4081 
f 2273/2273/4082 2288/2288/4082 2289/2289/4082 
f 2280/2280/4083 2289/2289/4083 2290/2290/4083 
f 2279/2279/4084 2280/2280/4084 58/2291/4084 
f 2278/2278/4085 2279/2279/4085 56/2292/4085 
f 2277/2277/4086 2278/2278/4086 55/2293/4086 
f 2276/2276/4087 2277/2277/4087 54/2294/4087 
f 2274/2274/4088 2276/2276/4088 53/2295/4088 
f 2275/2275/4089 2274/2274/4089 52/2296/4089 
f 2291/2298/4090 2275/2275/4090 51/2297/4090 
f 2292/2300/4091 2268/2268/4091 2275/2275/4091 
f 2293/2301/4092 2261/2261/4092 2268/2268/4092 
f 2294/2302/4093 2254/2254/4093 2261/2261/4093 
f 2295/2303/4094 2247/2247/4094 2254/2254/4094 
f 2296/2304/4095 2235/2235/4095 2247/2247/4095 
f 2281/2281/4096 2233/2233/4096 2235/2235/4096 
# 0 polygons - 4096 triangles

