# 3ds Max Wavefront OBJ Exporter v0.99 - (c)2007 guruware
# File Created: 28.04.2025 20:21:54

mtllib monitorViejo.mtl

#
# object Plane_039
#

v  -2.7624 -1.0553 0.2140
v  2.8275 -1.0553 0.2105
v  2.8275 1.9233 0.2105
v  2.4441 -0.2499 -0.4821
v  1.4644 -0.2495 -0.3577
v  -0.8327 -0.2492 -0.4634
v  -0.7665 -2.1767 -0.0337
v  -0.7315 -2.1110 -0.6605
v  -0.7308 -2.1110 0.5927
v  -0.4701 -2.0073 1.1362
v  0.6731 -2.0073 -1.0634
v  0.2681 -2.0073 -1.2105
v  -0.8056 -2.0073 -0.8003
v  0.1962 -1.2598 -0.6804
v  0.8984 -2.0073 -0.8013
v  0.8816 -2.0073 -0.2041
v  -0.0301 -1.2979 -0.2297
v  -0.7976 -2.0073 -0.2031
v  1.2196 -2.0073 0.4350
v  1.2940 -2.0073 0.0105
v  0.2358 -2.1767 0.9843
v  0.1501 -2.1767 0.0878
v  0.1463 -2.1767 -0.2042
v  -2.4037 -0.2359 -0.5118
v  -2.4037 1.8803 -0.5123
v  2.4679 1.8803 -0.5153
v  -2.7624 1.9233 0.2140
v  2.6826 -0.2499 -0.1015
v  1.6833 -0.2495 -0.1981
v  -0.8325 -0.2492 -0.1093
v  2.4681 -0.2359 -0.5146
v  2.7386 1.9613 -0.1198
v  2.7393 -0.5820 -0.1016
v  -0.4679 -2.1071 -0.7348
v  0.5078 -2.1071 -0.2887
v  -0.4017 -2.1071 -0.2882
v  -0.7163 -2.1110 -0.0292
v  0.8756 -2.1767 0.6237
v  1.0693 -2.1767 -0.0288
v  1.2895 -2.1767 0.1186
v  -0.6575 -2.1767 1.0280
v  -0.8231 -2.1767 0.8892
v  -0.5376 -2.1767 0.8854
v  0.5845 -0.4324 -0.5108
v  0.7229 -1.0245 -0.6168
v  0.3235 -1.0259 -0.6345
v  0.5971 -1.0490 -0.1999
v  0.2805 -1.1801 -0.2140
v  -2.9822 2.2383 -0.0980
v  -2.6747 -0.5820 -0.0982
v  -2.9822 -1.3706 -0.0980
v  3.0469 -1.3706 -0.1018
v  -2.6383 -0.5820 -0.0982
v  3.1072 -1.4125 -0.0325
v  2.3317 -1.3105 0.2344
v  -3.0329 -1.3105 0.2377
v  3.0980 -1.3105 0.2341
v  2.8893 1.9816 0.2343
v  2.8893 -1.1137 0.2343
v  1.2516 -2.1767 -0.3106
v  1.0523 -2.1830 -0.1514
v  0.8714 -2.1767 -0.6935
v  1.2893 -2.1767 -0.0975
v  1.0887 -2.1830 -0.0642
v  -0.7678 -2.1767 0.6247
v  -1.1446 -2.1767 0.3332
v  -0.9068 -2.1830 -0.0050
v  -1.1126 -2.0073 -0.4123
v  -0.1628 -2.0073 -1.2103
v  0.2097 -0.8714 -0.3974
v  0.1598 -0.8301 -0.3949
v  0.1597 -0.8294 -0.4550
v  -0.4142 -0.6549 -0.5536
v  -0.2313 -1.0259 -0.6341
v  -0.4925 -0.4324 -0.5101
v  0.1141 -0.7725 -0.5842
v  -0.5044 -1.0490 -0.1992
v  -0.1881 -1.1801 -0.2136
v  0.5735 -2.1071 -0.7354
v  -0.5675 -2.0073 -1.0626
v  -0.8974 -2.0073 -0.7854
v  2.4633 -0.2487 -0.5052
v  -0.1481 -0.2630 -0.4815
v  -2.3799 -0.2676 -0.4792
v  -2.6749 -0.5579 -0.1147
v  -2.6737 1.9613 -0.1164
v  0.5786 -2.0073 1.1356
v  0.6458 -2.1767 0.8846
v  0.9313 -2.1767 0.8881
v  0.7658 -2.1767 1.0271
v  -0.8327 -0.1833 -0.4634
v  -2.2939 -0.1833 -0.1084
v  -2.2941 -0.1833 -0.4625
v  -2.2939 -0.2492 -0.1084
v  2.4107 -1.2715 0.2348
v  2.0176 -1.2615 0.2350
v  -2.8242 -1.1137 0.2376
v  1.6218 -1.2615 0.2353
v  1.2881 -1.1859 0.2352
v  -0.1626 -2.1110 -0.1357
v  -0.1620 -2.1110 0.9438
v  -0.2831 -2.1110 0.9439
v  -0.4701 -2.1767 1.1362
v  -0.3176 -2.1767 0.9846
v  -0.1275 -2.1767 0.9845
v  0.5729 -2.1767 -0.8142
v  0.5771 -2.1767 -1.1133
v  0.7645 -2.1767 -1.0053
v  -0.0555 -2.1767 -1.2246
v  -0.0137 -2.1830 -1.0150
v  -0.2685 -2.1767 -1.1869
v  2.7030 -0.5820 -0.1015
v  2.7393 1.9560 -0.1016
v  0.0461 -0.7965 -0.4523
v  0.0460 -0.7878 -0.5318
v  0.1066 -0.7960 -0.5330
v  0.0459 -1.2947 -0.6874
v  0.1247 -1.2860 -0.6857
v  0.2704 -1.1755 -0.2472
v  0.2890 -1.1147 -0.3063
v  0.2667 -1.1733 -0.3092
v  0.0460 -0.7640 -0.5824
v  -0.0219 -0.7725 -0.5841
v  0.5777 -0.4368 -0.1996
v  -0.4914 -0.4305 -0.3945
v  -0.4850 -0.4368 -0.1989
v  -0.6234 -1.0257 -0.6159
v  -0.6313 -1.0412 -0.4398
v  -0.5213 -0.4465 -0.4018
v  0.8381 -2.1110 -0.0347
v  0.7727 -2.1110 -0.0563
v  0.8377 -2.1110 -0.6614
v  0.8385 -2.1110 0.5918
v  0.7802 -2.1110 0.0036
v  -0.9632 -2.1767 -0.6996
v  -0.7655 -2.1767 -0.6924
v  -0.9772 -2.1767 -0.1836
v  -1.1872 -2.1767 0.0121
v  -0.9817 -2.1830 -0.0629
v  0.2219 -0.8512 -0.2137
v  0.1800 -0.7841 -0.2136
v  0.7281 -1.0408 -0.4406
v  0.6233 -0.4453 -0.5013
v  2.8515 -1.2172 0.2345
v  2.8515 -1.2642 0.2345
v  2.2114 -1.2099 0.2349
v  2.4107 -1.2099 0.2348
v  0.2695 -2.1110 -0.1359
v  0.3913 -2.1110 0.9434
v  0.2701 -2.1110 0.9435
v  0.5786 -2.1767 1.1356
v  0.4258 -2.1767 0.9842
v  -0.5558 -2.1767 -0.1928
v  -0.5174 -2.1767 -0.7539
v  -0.4453 -2.1767 -0.2692
v  -0.3641 -2.1767 0.1885
v  -0.3183 -2.1767 -0.1765
v  0.1214 -2.1830 -1.0151
v  0.3738 -2.1767 -1.1873
v  0.0526 -2.1767 -0.8139
v  0.0538 -2.1830 -0.8980
v  -0.1735 -1.1704 -0.4209
v  -0.1957 -1.1135 -0.3555
v  -0.1737 -1.1721 -0.3596
v  0.0460 -1.2882 -0.4947
v  0.1161 -1.2797 -0.5509
v  0.0460 -1.2877 -0.5524
v  3.0469 2.2383 -0.1018
v  -2.6747 1.9560 -0.0982
v  0.3753 -2.1767 1.2096
v  0.1301 -2.1830 1.0226
v  -0.1613 -2.0073 1.2332
v  -0.2218 -1.1166 -0.2132
v  0.6625 -2.1767 -0.1936
v  0.5515 -2.1767 -0.2699
v  0.6229 -2.1767 -0.7546
v  0.4718 -2.1767 0.8847
v  0.4250 -2.1767 -0.1770
v  0.4713 -2.1767 0.1880
v  -3.0329 2.1782 0.2379
v  -3.0425 -1.4125 -0.0287
v  -0.4674 -2.1767 -0.8136
v  -0.8243 -2.1767 -0.8654
v  1.1776 -2.1767 -0.5136
v  3.0980 2.1782 0.2341
v  0.3063 -0.9860 -0.2135
v  0.3484 -1.0531 -0.2133
v  0.2641 -0.9186 -0.2135
v  -0.8964 -2.0073 0.8095
v  -1.1872 -2.0073 0.0121
v  -1.1121 -2.0073 0.4364
v  -0.7771 -2.1054 0.9982
v  -2.6177 -0.2499 -0.0982
v  -0.1283 -2.1767 -0.1766
v  -0.0430 -2.1767 0.0880
v  -3.0425 2.2802 -0.0287
v  3.1072 2.2802 -0.0325
v  0.6193 -2.1110 0.8394
v  0.4982 -2.1110 0.8394
v  0.4977 -2.1110 0.2331
v  1.0044 -2.0073 0.8083
v  1.0702 -2.1767 0.7222
v  -1.0706 -2.1767 0.5365
v  -0.5555 -2.1767 0.1605
v  -0.5599 -2.1767 0.6246
v  0.5286 -2.1767 0.0328
v  0.4529 -2.1767 -0.2043
v  0.5286 -2.1767 -0.1160
v  0.7044 -2.1110 0.1377
v  0.7727 -2.1110 0.0225
v  -0.1862 -0.8943 -0.6080
v  -0.2172 -0.9578 -0.6205
v  -0.1583 -0.9232 -0.4626
v  -0.1871 -0.9826 -0.5348
v  -0.1651 -0.9152 -0.5479
v  2.2102 -1.2615 0.2349
v  2.4080 -1.2615 0.2348
v  2.2153 -1.2198 0.2349
v  2.4080 -1.2198 0.2348
v  0.1610 -2.1767 -1.2247
v  -0.4220 -2.1767 -0.1153
v  -0.3466 -2.1767 -0.2039
v  -0.4219 -2.1767 0.0831
v  -0.5972 -2.1110 0.1385
v  -0.5081 -0.9586 -0.2324
v  -0.4965 -0.5895 -0.3710
v  -0.4876 -0.3200 -0.0996
v  -0.5931 -0.9591 -0.0995
v  -0.5931 -0.3198 -0.0995
v  -0.5932 -0.5895 -0.3710
v  -1.1450 -2.1767 -0.3091
v  -0.0121 -0.8057 -0.3934
v  -0.0673 -0.8301 -0.3948
v  -0.0673 -0.8294 -0.4549
v  -0.0873 -0.7841 -0.2135
v  -0.0204 -0.7841 -0.2135
v  -0.0071 -2.1110 0.1415
v  0.1147 -2.1110 0.7822
v  -0.0067 -2.1110 0.7823
v  0.0749 -2.1890 1.0765
v  0.0938 -2.1830 1.0694
v  0.6871 -0.5895 -0.3718
v  0.6873 -0.3198 -0.1003
v  0.6873 -0.9591 -0.1003
v  0.5802 -0.3200 -0.1002
v  0.5890 -0.5895 -0.3717
v  0.6007 -0.9588 -0.2330
v  2.6087 -1.2172 0.2346
v  2.4133 -1.2615 0.2348
v  2.4133 -1.2198 0.2348
v  2.6087 -1.2642 0.2346
v  0.2283 -1.2206 -0.4253
v  0.1781 -1.2574 -0.4919
v  0.1777 -1.2589 -0.4284
v  0.2941 -1.1597 -0.6608
v  0.2531 -1.2162 -0.6720
v  1.1118 -2.0441 -0.7276
v  1.0034 -2.0073 -0.7866
v  1.2191 -2.0073 -0.4138
v  1.2671 -2.1054 -0.4295
v  1.8074 -1.2099 0.2352
v  2.0852 -1.2099 0.2350
v  2.0176 -1.2615 0.2248
v  2.0176 -1.2198 0.2350
v  1.8196 -1.2615 0.2352
v  1.6218 -1.2198 0.2353
v  -0.8325 -0.1833 -0.1093
v  0.0461 -1.2896 -0.4312
v  0.1149 -1.2819 -0.4305
v  0.1154 -1.2804 -0.4935
v  0.2130 -1.3069 -0.2144
v  0.1228 -1.2979 -0.2298
v  0.9588 -2.1830 -0.0294
v  0.9755 -2.1890 -0.0181
v  1.0886 -2.1830 -0.1044
v  1.1139 -2.1767 -0.1474
v  -0.0585 -2.0441 1.2952
v  0.1625 -2.0073 1.2473
v  -0.0133 -2.1767 1.0419
v  -0.2670 -2.1767 1.2100
v  0.1289 -2.1830 -0.9560
v  0.1313 -2.1830 -0.9761
v  -0.1065 -2.1767 -0.9473
v  -0.0136 -2.1830 -0.9369
v  -0.8512 -2.1767 -0.1386
v  -0.8866 -2.1767 -0.1592
v  -0.8865 -2.1767 -0.0070
v  -0.8518 -2.1830 -0.0283
v  2.4441 -0.2676 -0.4821
v  0.3091 -0.9578 -0.6209
v  0.2711 -0.9014 -0.5884
v  0.2503 -0.9232 -0.4628
v  0.2573 -0.9152 -0.5482
v  0.2792 -0.9826 -0.5351
v  0.5839 -0.4305 -0.3952
v  0.6033 -1.0362 -0.4335
v  -0.4635 -2.1110 0.0613
v  -0.5290 -2.1110 -0.0554
v  -0.4636 -2.1110 -0.0933
v  -0.6657 -2.1110 -0.0554
v  -0.5975 -2.1110 -0.1705
v  1.3403 -2.0441 0.1227
v  1.0441 -2.1054 0.8381
v  1.1127 -2.1054 0.7489
v  1.6920 -0.2495 -0.3724
v  1.4284 -0.2495 -0.1979
v  1.5559 -0.2490 -0.2039
v  -0.9372 -2.1054 -0.8154
v  -1.1945 -2.0441 -0.3209
v  -1.2187 -2.0441 -0.2113
v  -0.1295 -0.8512 -0.2135
v  -0.5109 -1.0362 -0.4328
v  -0.9361 -2.1054 0.8394
v  -0.8602 -2.1054 0.9222
v  0.5704 -2.1110 0.0607
v  0.6360 -2.1110 0.0226
v  0.6486 -2.1110 0.0388
v  0.7042 -2.1110 -0.1713
v  0.7600 -2.1110 -0.0725
v  0.2564 -1.2758 0.2490
v  0.1430 -1.2433 0.2490
v  0.1340 -1.2741 0.2490
v  -0.1362 -1.2206 -0.4250
v  -0.0853 -1.2589 -0.4282
v  -0.0860 -1.2574 -0.4917
v  -0.2020 -1.1597 -0.6606
v  -0.2257 -1.0948 -0.6477
v  -0.0425 -2.1767 0.8359
v  0.0350 -2.1830 0.9275
v  0.0166 -2.1890 0.9362
v  -0.8614 -2.1054 -0.8984
v  -0.4941 -2.0441 -1.1557
v  0.7171 -1.0514 -0.2033
v  -0.0225 -1.2819 -0.4305
v  -0.1203 -1.3069 -0.2142
v  1.8145 -1.2198 0.2352
v  1.8118 -1.2589 0.2371
v  2.0095 -1.2589 0.2370
v  2.0122 -1.2198 0.2350
v  1.8196 -1.2198 0.2352
v  -0.5416 -2.1110 -0.0717
v  -0.5974 -2.1110 -0.0949
v  -0.5640 -2.1110 -0.1512
v  2.0202 -1.2589 0.2369
v  0.7946 -2.1054 -1.0441
v  0.7959 -2.1054 1.0659
v  0.7039 -2.0884 1.1309
v  0.6700 -2.1767 -0.6933
v  -1.1941 -2.0441 0.3451
v  -1.2183 -2.1054 0.2356
v  0.6710 -2.1110 0.1186
v  0.6189 -2.1110 0.2330
v  -0.1873 -0.9853 -0.4046
v  -0.2006 -1.0492 -0.4097
v  -0.2007 -1.0478 -0.4747
v  -0.0139 -0.8020 -0.2423
v  -0.0752 -0.8151 -0.2266
v  -0.0687 -0.8304 -0.2649
v  -0.3905 -2.1110 0.2336
v  -0.5113 -2.1110 0.8401
v  -0.5117 -2.1110 0.2337
v  0.6677 -2.1767 0.6239
v  0.6453 -2.1767 0.1879
v  1.1782 -2.1767 0.5351
v  -0.2838 -2.1110 -0.1355
v  0.0818 -2.2099 -1.0199
v  0.0174 -2.2113 -0.9484
v  0.0537 -2.2014 -1.0509
v  0.0740 -2.1767 -1.0521
v  0.0537 -2.1830 -1.0541
v  -0.6241 -1.0514 -0.2025
v  0.1506 -2.1767 0.8358
v  0.0549 -2.1767 0.9236
v  0.1316 -2.1890 1.0023
v  -0.3108 -2.1071 -0.2279
v  0.4170 -2.1071 -0.2283
v  0.3907 -2.1110 -0.1360
v  -2.3799 -0.2499 -0.4792
v  0.2656 -1.1687 -0.4888
v  0.2949 -1.1052 -0.5768
v  0.2726 -1.1648 -0.5857
v  0.2794 -0.9840 -0.4684
v  0.2927 -1.0463 -0.5433
v  0.2928 -1.0478 -0.4750
v  -0.8787 -2.2099 -0.0392
v  -0.9505 -2.2075 -0.0401
v  -0.9515 -2.2113 -0.0961
v  -0.9832 -2.1890 -0.0830
v  0.0338 -2.1830 -1.0511
v  -0.0601 -2.0441 -1.2724
v  0.0526 -2.0441 -1.2773
v  0.2551 -0.9242 -0.2435
v  0.2105 -0.8720 -0.2980
v  0.2517 -0.9256 -0.2995
v  0.2859 -0.9864 -0.2443
v  0.2956 -1.0514 -0.2692
v  0.3133 -1.0519 -0.2275
v  1.3452 -2.1054 0.0105
v  0.5803 -0.3200 -0.3717
v  0.6871 -0.3198 -0.3718
v  -0.2808 -2.1054 1.2560
v  -0.3884 -2.1054 1.2224
v  -0.5964 -2.0722 1.1334
v  -0.4926 -2.1054 1.1793
v  -0.4951 -2.0572 1.1839
v  0.6708 -2.1110 -0.1519
v  0.7043 -2.1110 -0.0957
v  0.6839 -2.1110 -0.0928
v  0.6282 -2.1110 -0.0372
v  0.5703 -2.1110 -0.0939
v  0.8735 -2.1767 -0.0347
v  0.9386 -2.1830 -0.1043
v  0.9689 -2.2113 -0.0973
v  0.9774 -2.2113 -0.0566
v  0.9416 -2.2014 -0.0648
v  1.4559 -0.2480 -0.3135
v  1.5318 -0.2029 -0.3204
v  1.5863 -0.2003 -0.3095
v  1.4850 -0.2024 -0.2956
v  -0.5978 -2.1110 -0.6605
v  -0.4810 -2.1110 0.8401
v  -0.1625 -0.9242 -0.2433
v  -0.1882 -0.9867 -0.3011
v  -0.1591 -0.9256 -0.2992
v  -0.2558 -1.0534 -0.2129
v  -0.2136 -0.9860 -0.2132
v  -0.1955 -1.1122 -0.4153
v  -0.2102 -1.1016 -0.6002
v  -0.5932 -0.3198 -0.3710
v  -0.4878 -0.3200 -0.3710
v  -0.0124 -2.1830 0.9636
v  -2.1571 -0.2412 -0.2476
v  -2.1573 -0.2279 -0.2304
v  -2.1658 -0.2412 -0.2263
v  -2.1747 -0.1978 -0.2352
v  -2.1692 -0.2335 -0.2427
v  -2.1874 -0.2235 -0.2294
v  -2.2103 -0.2473 -0.2475
v  -2.2172 -0.2279 -0.2650
v  -2.2092 -0.2473 -0.2604
v  -2.2051 -0.1978 -0.2475
v  -2.2031 -0.2235 -0.2386
v  -2.2031 -0.2235 -0.2568
v  0.6872 -0.9591 -0.2331
v  0.6008 -0.9588 -0.1003
v  0.0461 -0.7974 -0.3929
v  0.0461 -0.7979 -0.3398
v  -0.0120 -0.8061 -0.3401
v  0.2100 -0.8720 -0.3428
v  0.1601 -0.8309 -0.3413
v  1.3015 -2.0441 0.3436
v  1.3256 -2.0441 0.2340
v  1.3403 -2.1054 0.1227
v  0.7043 -2.0604 -0.0623
v  0.7416 -2.0604 -0.0398
v  0.7043 -2.0604 0.0289
v  0.7223 -2.0984 0.0512
v  0.3891 -2.1054 1.2556
v  0.4967 -2.1054 1.2219
v  0.3913 -2.0722 1.2626
v  0.4989 -2.0572 1.2267
v  -2.8242 1.9816 0.2378
v  0.5994 -2.0441 -1.1564
v  0.4952 -2.0441 -1.1997
v  0.2775 -2.1054 -1.2578
v  -1.2334 -2.0441 -0.1001
v  -1.2187 -2.1054 -0.2113
v  -2.1782 -0.2185 -0.2820
v  -2.1874 -0.1836 -0.2841
v  -2.1692 -0.1959 -0.2791
v  -2.2232 -0.2076 -0.2475
v  -2.2053 -0.2076 -0.2165
v  -2.2130 -0.1959 -0.2221
v  -0.5080 -0.9586 -0.0996
v  -0.5931 -0.9591 -0.2323
v  -2.0078 -0.1961 -0.2709
v  -2.0172 -0.1836 -0.2637
v  -2.0175 -0.2174 -0.2639
v  -2.0194 -0.1995 -0.2830
v  -2.0298 -0.2124 -0.2709
v  -2.0313 -0.1836 -0.2716
v  0.0128 -1.2569 0.2491
v  0.0465 -1.2419 0.2491
v  0.0445 -1.1678 0.2491
v  -0.1517 -1.2775 0.2492
v  0.0036 -1.2732 0.2491
v  -0.0182 -1.2436 0.2491
v  0.7959 -2.0441 1.0659
v  0.8853 -2.1054 0.9972
v  -0.5973 -2.0604 0.0297
v  -0.6347 -2.0604 0.0069
v  -0.6347 -2.0604 -0.0389
v  -0.5638 -2.1110 0.1193
v  -0.5794 -2.0984 0.0520
v  0.1226 -2.1830 0.9635
v  0.7039 -2.1110 -0.6614
v  0.1180 -1.2775 0.2491
v  0.0399 -1.2775 0.2491
v  0.1049 -1.2031 0.2491
v  0.1015 -1.2441 0.2491
v  -0.9624 -2.1767 0.7235
v  -1.0048 -2.1054 0.7502
v  -1.0652 -2.1054 0.6555
v  -1.1603 -2.1054 0.4522
v  -1.1941 -2.1054 0.3451
v  -0.6876 -2.1054 1.0668
v  -0.6876 -2.0441 1.0668
v  -0.7771 -2.0441 0.9982
v  -0.8614 -2.0441 -0.8984
v  -0.6588 -2.1767 -1.0044
v  -0.7783 -2.1054 -0.9745
v  -0.6889 -2.1054 -1.0432
v  0.7047 -2.1110 0.5919
v  -2.2941 -0.2492 -0.4625
v  -1.0746 -0.2497 -0.4773
v  -0.1721 -2.1054 -1.2575
v  -0.5970 -2.1110 0.5927
v  0.5287 -2.1767 0.0826
v  0.6627 -2.1767 0.1597
v  0.2469 -1.2433 -0.2142
v  0.2291 -1.2237 -0.3116
v  -0.1484 -1.2160 -0.6199
v  -0.0907 -1.2564 -0.5927
v  -0.0990 -1.2579 -0.6548
v  -0.0240 -1.2797 -0.5509
v  1.0812 -2.1830 -0.0453
v  1.0584 -2.2113 -0.0974
v  1.0431 -2.1054 -0.8167
v  1.1118 -2.1054 -0.7276
v  1.0694 -2.1767 -0.7008
v  0.9302 -2.1767 -0.8665
v  0.8841 -2.1054 -0.9756
v  0.9672 -2.1054 -0.8995
v  0.0459 -1.2896 -0.6326
v  0.1196 -1.2814 -0.6310
v  0.2794 -1.1629 -0.6114
v  3.0772 -1.3946 -0.0841
v  -3.0122 -1.3946 -0.0803
v  1.2248 -2.1054 0.5545
v  1.1730 -2.1054 0.6541
v  1.1127 -2.0441 0.7489
v  -0.4715 -2.1767 -1.1126
v  -0.5968 -2.0884 -1.1082
v  -0.4941 -2.1054 -1.1557
v  -0.3899 -2.1054 -1.1992
v  -0.2823 -2.1054 -1.2330
v  1.6571 -0.2495 -0.2807
v  1.6659 -0.2495 -0.2102
v  1.4545 -0.1966 -0.2162
v  1.6571 -0.1966 -0.2807
v  1.6572 -0.1966 -0.2163
v  1.2241 -2.0441 -0.5332
v  1.1722 -2.0441 -0.6328
v  1.1722 -2.1054 -0.6328
v  1.2241 -2.1054 -0.5332
v  0.1301 -2.1830 0.9821
v  0.0995 -2.2113 1.0154
v  0.0186 -2.2113 0.9750
v  0.1078 -2.2014 0.9497
v  0.1143 -2.1110 0.1415
v  -0.5381 -2.1767 0.1886
v  -1.9879 -0.1995 -0.2286
v  -2.0036 -0.1836 -0.2242
v  -2.0111 -0.2163 -0.2283
v  -1.9722 -0.1995 -0.2559
v  -1.9813 -0.1995 -0.2782
v  -1.9763 -0.1836 -0.2717
v  -0.0199 -2.1830 0.9823
v  -0.0214 -2.1890 1.0024
v  0.0104 -2.2113 1.0154
v  -0.1361 -1.2223 -0.3635
v  -0.0251 -1.2906 -0.2491
v  -0.0864 -1.2639 -0.2755
v  -0.0975 -1.2783 -0.2295
v  0.2515 -1.2094 0.2490
v  0.1636 -1.2324 0.2490
v  0.2423 -1.2361 0.2490
v  -0.1173 -0.8714 -0.3972
v  -0.1582 -0.9244 -0.4005
v  -0.1586 -0.9251 -0.3450
v  -0.1875 -0.9862 -0.3479
v  -1.1945 -2.1054 -0.3209
v  -1.0712 -2.1767 -0.5122
v  -1.1178 -2.1054 -0.5318
v  -1.0660 -2.1054 -0.6314
v  0.2808 -0.9867 -0.3015
v  0.2943 -1.0512 -0.3037
v  0.6231 -0.4448 -0.4025
v  -1.6506 -0.2296 -0.2622
v  -1.7867 -0.2296 -0.2042
v  -1.8098 -0.2296 -0.2505
v  -0.0119 -0.8047 -0.4530
v  -0.0674 -0.8282 -0.5181
v  -0.0143 -0.7960 -0.5329
v  -0.1719 -0.9082 -0.5680
v  -0.2827 -2.0722 1.2630
v  -0.3903 -2.0572 1.2273
v  -0.2808 -2.0441 1.2560
v  -0.3884 -2.0441 1.2224
v  0.1155 -1.2872 -0.2764
v  0.1782 -1.2625 -0.3138
v  0.1152 -1.2857 -0.3149
v  0.0462 -1.2974 -0.2495
v  0.0461 -1.2933 -0.3151
v  -0.0226 -1.2857 -0.3148
v  0.2803 -2.0722 1.2872
v  0.1676 -2.0572 1.3004
v  0.1671 -2.1054 1.2950
v  -0.1705 -2.1054 1.2804
v  -0.0539 -2.1767 1.2474
v  -0.0585 -2.1054 1.2952
v  -0.5480 -2.0984 -0.0658
v  -0.5600 -2.0604 -0.0390
v  -0.5201 -0.4470 -0.5006
v  0.0925 -2.1830 -0.9089
v  0.0819 -2.2099 -0.9322
v  -0.8392 -2.1830 -0.0441
v  -0.8317 -2.1830 -0.1033
v  -2.0114 -0.2078 -0.2423
v  -2.0036 -0.1836 -0.2404
v  -1.9959 -0.2078 -0.2423
v  -1.9898 -0.2174 -0.2479
v  -1.9927 -0.1961 -0.2668
v  -1.9959 -0.2078 -0.2692
v  0.0462 -0.7902 -0.2264
v  0.1131 -0.7841 -0.2136
v  0.1045 -0.8061 -0.3401
v  0.1605 -0.8309 -0.2970
v  0.7048 -2.0722 1.1326
v  0.6035 -2.0572 1.1832
v  0.6008 -2.1054 1.1786
v  0.3891 -2.0441 1.2556
v  0.4967 -2.0441 1.2219
v  -0.9432 -2.0722 -0.8198
v  -0.9299 -2.0329 -0.8099
v  -1.0057 -2.1054 -0.7262
v  1.2676 -2.1054 0.4507
v  1.2520 -2.1767 0.3317
v  1.3256 -2.1054 0.2340
v  1.3015 -2.1054 0.3436
v  -0.4219 -2.1061 -0.7898
v  0.5274 -2.1061 -0.7904
v  -0.3636 -2.1767 0.8853
v  0.1405 -1.2191 0.2490
v  -0.0146 -1.2116 0.2491
v  -0.1055 -1.2320 0.2492
v  -0.0708 -1.2092 0.2492
v  -0.0146 -1.2116 0.2355
v  -0.0708 -1.2092 0.2356
v  -0.8633 -2.2075 -0.1258
v  -0.8303 -2.1890 -0.0831
v  0.2336 -0.8396 -0.5976
v  0.1778 -0.7976 -0.5893
v  0.2094 -0.8704 -0.4582
v  0.1597 -0.8282 -0.5183
v  0.2093 -0.8692 -0.5225
v  -2.1512 -0.2076 -0.2476
v  -1.2437 -2.0884 0.0122
v  -1.2334 -2.1054 -0.1001
v  -1.2332 -2.1054 0.1244
v  0.2351 -2.1767 -0.1769
v  -0.0277 -1.2814 -0.6309
v  -0.0329 -1.2860 -0.6856
v  -0.1043 -1.2598 -0.6803
v  -0.1733 -1.1687 -0.4885
v  -0.2029 -1.1052 -0.5764
v  -0.1954 -1.1106 -0.4822
v  -0.1365 -1.2189 -0.4907
v  -0.0875 -1.2564 -0.5494
v  -0.1372 -1.2172 -0.5588
v  1.0135 -2.2014 -0.1592
v  1.0334 -2.1890 -0.1582
v  1.0135 -2.1830 -0.1621
v  -1.4479 -0.2296 -0.2827
v  -1.1865 -0.2296 -0.2828
v  -1.1864 -0.2296 -0.1900
v  0.1655 -2.1054 -1.2725
v  0.0526 -2.1054 -1.2773
v  1.3011 -2.1054 -0.3224
v  1.3254 -2.1054 -0.2129
v  0.2763 -1.2487 0.2490
v  0.2384 -1.2443 0.2490
v  0.1177 -1.2906 -0.2492
v  0.1902 -1.2780 -0.2296
v  0.1790 -1.2639 -0.2757
v  0.2330 -1.2281 -0.2481
v  0.3876 -2.1054 -1.2333
v  0.4952 -2.1054 -1.1997
v  0.3876 -2.0441 -1.2333
v  -0.1198 -1.2005 0.2492
v  0.0070 -1.2005 0.2491
v  -0.1091 -1.1748 0.2492
v  0.0070 -1.1678 0.2355
v  -0.0967 -1.1689 0.2356
v  0.7024 -2.0884 -1.1090
v  0.7946 -2.0441 -1.0441
v  -1.1171 -2.0441 0.5559
v  -1.1171 -2.1054 0.5559
v  1.3402 -2.1054 -0.1017
v  1.3402 -2.0441 -0.1017
v  -0.1775 -1.1678 0.2356
v  -0.1176 -1.1678 0.2492
v  -0.1188 -1.1854 0.2356
v  0.9684 -2.0441 0.9210
v  0.8853 -2.0441 0.9972
v  -3.0122 2.2623 -0.0803
v  -0.5290 -2.1110 0.0233
v  -0.5365 -2.0858 -0.0159
v  -0.5559 -2.0604 -0.0040
v  -2.2053 -0.2076 -0.2788
v  -2.1874 -0.2279 -0.2822
v  -2.2024 -0.2412 -0.2737
v  -2.1784 -0.2114 -0.2631
v  -2.1701 -0.2114 -0.2524
v  -2.1719 -0.1836 -0.2565
v  0.2641 -0.9082 -0.5683
v  0.2939 -0.9702 -0.5780
v  0.3024 -1.1016 -0.6005
v  -2.6623 -1.2140 0.2401
v  -2.6996 -1.2140 0.2401
v  -2.7200 -1.2344 0.2401
v  -0.1173 -1.2458 0.2492
v  -0.1777 -1.1755 -0.2469
v  -0.1964 -1.1147 -0.3060
v  -0.2017 -1.1156 -0.2457
v  -0.1932 -0.9864 -0.2440
v  -0.2206 -1.0519 -0.2272
v  -0.2030 -1.0517 -0.2689
v  0.0104 -1.2264 0.2491
v  0.6741 -2.0858 0.0369
v  0.6438 -2.0984 0.0185
v  0.6670 -2.0604 0.0061
v  0.6360 -2.1110 -0.0562
v  0.7302 -2.0729 -0.0632
v  -2.5743 -1.1716 0.2400
v  -2.5605 -1.2337 0.2265
v  -2.5605 -1.1920 0.2265
v  -0.2233 -1.0310 -0.6113
v  -0.2004 -1.0463 -0.5430
v  -0.2092 -0.9642 -0.5992
v  0.0460 -0.7799 -0.5488
v  -0.0810 -0.8054 -0.5715
v  0.0167 -2.1890 1.0687
v  0.0351 -2.1830 1.0775
v  0.0550 -2.2014 1.0772
v  1.6471 -0.2495 -0.3578
v  -1.1609 -2.1054 -0.4281
v  -1.1519 -2.0329 -0.4251
v  1.4872 -0.2131 -0.3095
v  1.4855 -0.2487 -0.3492
v  -0.9070 -2.1830 -0.1609
v  -0.9070 -2.2014 -0.1579
v  -0.9449 -2.1890 -0.0169
v  -0.9267 -2.1830 -0.0079
v  -0.9068 -2.2014 -0.0082
v  0.2292 -1.2172 -0.5590
v  0.2288 -1.2189 -0.4909
v  0.2403 -1.2160 -0.6201
v  0.1911 -1.2579 -0.6550
v  0.1827 -1.2564 -0.5930
v  -0.9422 -2.0722 0.8437
v  -0.8602 -2.0441 0.9222
v  -0.9289 -2.0329 0.8338
v  -1.0048 -2.0441 0.7502
v  -1.0652 -2.0441 0.6555
v  0.0549 -2.2014 0.9277
v  0.1100 -2.1830 0.9475
v  0.0932 -2.1890 0.9361
v  -2.8162 -1.1915 0.2402
v  -2.7576 -1.2121 0.2402
v  -2.7922 -1.1915 0.2402
v  -1.1178 -2.0441 -0.5318
v  -0.1733 -2.0722 -1.2645
v  -0.1703 -2.0329 -1.2488
v  -0.2823 -2.0441 -1.2330
v  -0.3899 -2.0441 -1.1992
v  -0.5978 -2.0722 -1.1099
v  -0.5891 -2.0329 -1.0961
v  -0.6889 -2.0441 -1.0432
v  -0.7783 -2.0441 -0.9745
v  -2.1873 -0.2279 -0.2132
v  -2.1779 -0.2076 -0.2129
v  -2.1961 -0.2114 -0.2323
v  -0.0592 -2.0722 1.3022
v  0.0542 -2.1054 1.3002
v  0.0542 -2.0572 1.3055
v  0.0542 -2.0441 1.3002
v  0.2787 -2.0722 -1.2648
v  0.1655 -2.0441 -1.2725
v  0.2758 -2.0329 -1.2491
v  0.9672 -2.0441 -0.8995
v  0.8841 -2.0441 -0.9756
v  0.2743 -1.1678 0.2490
v  0.1464 -1.1735 0.2490
v  0.1371 -1.2005 0.2490
v  0.9462 -2.1830 -0.0452
v  0.9372 -2.1890 -0.0842
v  -0.0013 -2.1830 -1.0308
v  0.0060 -2.2094 -1.0024
v  -0.5973 -2.1110 0.0629
v  -0.6657 -2.1110 0.0234
v  1.4458 -0.2495 -0.2101
v  1.6109 -0.2480 -0.2095
v  1.5042 -0.2439 -0.2135
v  1.4545 -0.2495 -0.2162
v  1.4545 -0.2495 -0.2806
v  0.2791 -2.1054 1.2802
v  -1.0660 -2.0441 -0.6314
v  -1.0057 -2.0441 -0.7262
v  -0.5954 -2.0884 1.1317
v  -0.1179 -0.8723 -0.2978
v  -0.1210 -0.8687 -0.2428
v  -0.1714 -0.9186 -0.2132
v  -2.0037 -0.1836 -0.2877
v  -1.9763 -0.1836 -0.2399
v  -0.1404 -1.2281 -0.2479
v  0.5495 -2.1440 0.0716
v  -0.6277 -2.0858 -0.0697
v  -0.6085 -2.0604 -0.0597
v  -0.1351 -0.8471 -0.5787
v  -0.1171 -0.8692 -0.5222
v  -1.4479 -0.2296 -0.1899
v  -1.2332 -2.0441 0.1244
v  -1.2183 -2.0441 0.2356
v  2.2102 -1.2198 0.2349
v  0.2800 -0.9862 -0.3482
v  0.2936 -1.0504 -0.3516
v  0.2880 -1.1122 -0.4156
v  0.2882 -1.1135 -0.3557
v  -2.0352 -0.1995 -0.2559
v  -2.0298 -0.2124 -0.2409
v  -2.0313 -0.1836 -0.2399
v  -2.0172 -0.1836 -0.2482
v  -2.0175 -0.2174 -0.2479
v  -0.1205 -1.2060 0.2492
v  -1.7867 -0.1836 -0.2042
v  -1.6736 -0.2296 -0.2042
v  -1.6736 -0.1836 -0.2042
v  -1.6506 -0.2296 -0.2971
v  -1.8098 -0.1836 -0.2970
v  -1.6506 -0.1836 -0.2971
v  -2.7576 -1.1915 0.2266
v  0.5994 -2.1054 -1.1564
v  0.2273 -0.8471 -0.5789
v  0.1730 -0.8054 -0.5716
v  -1.1311 -0.1903 -0.2407
v  -1.1353 -0.1949 -0.2484
v  -1.1442 -0.1826 -0.2579
v  -1.1600 -0.1949 -0.2518
v  -1.1624 -0.1949 -0.2327
v  -1.1665 -0.1903 -0.2407
v  2.6033 -1.2589 0.2366
v  2.6033 -1.2225 0.2366
v  0.1625 -2.1767 1.2473
v  1.2743 -2.0722 -0.4317
v  1.2583 -2.0329 -0.4266
v  1.3011 -2.0441 -0.3224
v  1.3254 -2.0441 -0.2129
v  1.2749 -2.0722 0.4529
v  1.2589 -2.0329 0.4478
v  1.2248 -2.0441 0.5545
v  1.1730 -2.0441 0.6541
v  1.6617 -0.2495 -0.3452
v  1.5763 -0.2073 -0.3287
v  1.5829 -0.2412 -0.3423
v  1.6069 -0.2412 -0.3367
v  -2.0037 -0.2124 -0.2860
v  -1.9944 -0.2274 -0.2719
v  -1.9852 -0.2274 -0.2559
v  0.7346 -2.0858 0.0368
v  0.7536 -2.0984 0.0329
v  -2.5196 -1.1716 0.2265
v  -2.5195 -1.1920 0.2400
v  1.5558 -0.2233 -0.3386
v  1.5558 -0.2463 -0.3490
v  1.5286 -0.2412 -0.3422
v  0.6369 -2.0984 -0.0350
v  0.6437 -2.0984 -0.0520
v  0.6670 -2.0604 -0.0397
v  -2.6432 -1.2332 0.2401
v  -2.1573 -0.2279 -0.2650
v  -2.1709 -0.2335 -0.2570
v  -2.1874 -0.2235 -0.2660
v  -2.1874 -0.2407 -0.2674
v  -2.2026 -0.1836 -0.2565
v  -2.1874 -0.1836 -0.2299
v  -2.1961 -0.2114 -0.2631
v  -2.1874 -0.1836 -0.2655
v  0.0462 -0.7948 -0.2424
v  -0.0122 -0.8061 -0.2962
v  0.0461 -0.7979 -0.2960
v  0.1066 -0.8020 -0.2425
v  -0.0680 -0.8309 -0.2969
v  -0.0676 -0.8309 -0.3412
v  -0.1175 -0.8720 -0.3426
v  0.2931 -1.0492 -0.4100
v  0.2657 -1.1704 -0.4212
v  -1.8665 -0.1945 -0.2340
v  -1.8568 -0.1942 -0.2572
v  -1.8567 -0.1942 -0.2301
v  -1.8698 -0.1945 -0.2403
v  -1.8701 -0.1836 -0.2359
v  -1.8701 -0.1836 -0.2514
v  0.2755 -1.2315 0.2490
v  0.1043 -0.8047 -0.4531
v  0.1043 -0.8057 -0.3934
v  0.0920 -2.1890 -1.0422
v  0.1288 -2.1830 -0.9962
v  0.9684 -2.1054 0.9210
v  -0.0225 -1.2838 -0.3684
v  0.0461 -1.2916 -0.3691
v  0.1149 -1.2838 -0.3684
v  -0.0012 -2.1830 -0.9212
v  0.0150 -2.1830 -0.9089
v  0.0538 -2.2014 -0.9011
v  -0.0601 -2.1054 -1.2724
v  -0.5877 -2.0329 1.1195
v  -0.4926 -2.0441 1.1793
v  0.2507 -0.9244 -0.4008
v  0.2509 -0.9251 -0.3453
v  0.2795 -0.9853 -0.4049
v  -1.4734 -0.1903 -0.2357
v  -1.4753 -0.1831 -0.2441
v  -1.4753 -0.1831 -0.2269
v  -1.5007 -0.1947 -0.2460
v  -1.4772 -0.1947 -0.2281
v  -1.5029 -0.1947 -0.2281
v  0.2137 -0.8687 -0.2430
v  0.1679 -0.8151 -0.2267
v  0.1613 -0.8304 -0.2650
v  -2.5445 -1.1920 0.2400
v  -0.9606 -0.1903 -0.3334
v  -0.9669 -0.1949 -0.3402
v  -0.9628 -0.1826 -0.3426
v  -0.9897 -0.1949 -0.3222
v  -0.9962 -0.1903 -0.3334
v  -0.9921 -0.1949 -0.3413
v  -0.6276 -2.0858 0.0377
v  -0.6153 -2.0984 0.0520
v  -0.6468 -2.0984 0.0338
v  -0.6579 -2.0984 0.0193
v  1.0136 -2.1830 -0.0062
v  1.0339 -2.1767 -0.0082
v  1.0417 -2.2099 -0.0404
v  1.0518 -2.1890 -0.0181
v  1.0136 -2.2014 -0.0094
v  2.4080 -1.2198 0.2246
v  2.4056 -1.2225 0.2367
v  0.9417 -2.1767 -0.2296
v  0.9755 -2.1890 -0.1504
v  0.2941 -1.1156 -0.2459
v  1.0785 -2.2014 -0.1216
v  1.0811 -2.1830 -0.1233
v  -2.2188 -0.1836 -0.2294
v  -2.2188 -0.1836 -0.2660
v  0.2774 -2.0329 1.2714
v  0.1671 -2.0441 1.2950
v  -2.6046 -1.1920 0.2401
v  -2.6291 -1.1716 0.2401
v  -2.6291 -1.2337 0.2401
v  -2.6291 -1.1716 0.2265
v  -2.1558 -0.1836 -0.2294
v  -2.1873 -0.1836 -0.2112
v  0.6961 -2.0329 1.1187
v  0.6008 -2.0441 1.1786
v  2.2180 -1.2589 0.2368
v  1.6014 -0.2165 -0.2672
v  1.6055 -0.1966 -0.2487
v  1.6014 -0.1966 -0.2817
v  1.6176 -0.2240 -0.2720
v  1.6195 -0.1966 -0.2526
v  1.6135 -0.2240 -0.2558
v  0.0237 -1.2715 0.2355
v  0.1777 -1.2608 -0.3668
v  0.2286 -1.2223 -0.3637
v  -0.1527 -1.2060 0.2492
v  -1.5885 -0.1942 -0.2370
v  -1.6001 -0.1942 -0.2302
v  -1.6001 -0.1942 -0.2574
v  -1.5926 -0.1903 -0.2572
v  -1.6001 -0.1836 -0.2593
v  -1.5868 -0.1836 -0.2516
v  0.7458 -2.0604 -0.0048
v  0.7649 -2.0858 -0.0167
v  0.7649 -2.0984 -0.0521
v  -1.1673 -2.0722 0.4544
v  -1.1514 -2.0329 0.4493
v  -1.8098 -0.1836 -0.2505
v  -1.8098 -0.2296 -0.2970
v  -0.5641 -2.1767 -0.6925
v  -0.1717 -2.0722 1.2875
v  -0.1688 -2.0329 1.2717
v  0.3179 -1.0948 -0.6480
v  -0.9628 -0.1826 -0.3244
v  -0.9785 -0.1949 -0.3176
v  -1.6505 -0.1836 -0.2506
v  -0.3901 -2.1110 0.8400
v  3.0772 2.2623 -0.0841
v  -1.1353 -0.1949 -0.2327
v  -1.1399 -0.1903 -0.2252
v  -1.1331 -0.1826 -0.2315
v  -1.1488 -0.1826 -0.2225
v  -0.1804 -1.1648 -0.5852
v  -0.1874 -1.1629 -0.6111
v  -2.2024 -0.2412 -0.2216
v  -2.2171 -0.2279 -0.2303
v  -2.2092 -0.2473 -0.2350
v  -2.2206 -0.2279 -0.2388
v  -2.6429 -1.1735 0.2401
v  -2.7207 -1.1711 0.2401
v  -2.6623 -1.1915 0.2401
v  0.2877 -1.1106 -0.4825
v  0.3002 -1.0412 -0.5661
v  1.0500 -2.0722 0.8425
v  1.0369 -2.0329 0.8325
v  1.0490 -2.0722 -0.8211
v  1.0359 -2.0329 -0.8111
v  -0.5300 -2.0984 0.0023
v  -0.5300 -2.0984 -0.0344
v  0.0462 -1.3018 -0.2301
v  -0.0852 -1.2608 -0.3666
v  -0.0229 -1.2872 -0.2763
v  -0.0857 -1.2625 -0.3136
v  -0.0230 -1.2804 -0.4934
v  -1.9959 -0.2124 -0.2268
v  -2.0036 -0.2272 -0.2384
v  -1.9944 -0.2274 -0.2399
v  -1.9782 -0.2192 -0.2627
v  -1.9774 -0.2124 -0.2409
v  -1.9845 -0.2233 -0.2448
v  -2.0194 -0.1995 -0.2285
v  1.3526 -2.0722 0.0105
v  1.3507 -2.0572 0.0105
v  0.1088 -2.1830 -0.9213
v  0.1257 -2.2014 -0.9955
v  0.1257 -2.2014 -0.9567
v  -0.2011 -1.0504 -0.3513
v  -0.2018 -1.0512 -0.3033
v  1.5352 -0.2073 -0.3286
v  1.5046 -0.2412 -0.3366
v  1.5206 -0.2095 -0.3260
v  0.6740 -2.0858 -0.0705
v  0.7222 -2.0984 -0.0848
v  -1.9927 -0.1836 -0.2668
v  -1.9903 -0.1836 -0.2482
v  2.8530 -1.2160 0.2371
v  2.6072 -1.2654 0.2373
v  2.8530 -1.2654 0.2371
v  0.0923 -2.2014 1.0668
v  -1.2286 -2.0329 0.0122
v  0.1371 -1.1678 0.2355
v  0.1049 -1.2031 0.2355
v  0.1049 -1.2416 0.2355
v  -2.1789 -0.2356 -0.2163
v  -2.1774 -0.2407 -0.2306
v  0.6864 -2.0984 0.0512
v  0.7044 -2.1110 0.0621
v  -0.5670 -2.0858 0.0376
v  -0.5668 -2.0604 0.0161
v  -0.5479 -2.0984 0.0337
v  -0.0858 -0.7976 -0.5891
v  -0.1416 -0.8396 -0.5973
v  -0.8337 -2.1953 -0.0635
v  -0.8419 -2.2014 -0.0455
v  -0.1871 -0.9840 -0.4681
v  0.7034 -2.0722 -1.1107
v  0.6947 -2.0329 -1.0969
v  -1.4816 -0.1903 -0.2211
v  -1.4901 -0.1947 -0.2206
v  -1.4985 -0.1903 -0.2211
v  -1.4901 -0.1831 -0.2185
v  -1.5048 -0.1831 -0.2269
v  -0.1744 -1.1733 -0.3089
v  -0.1368 -1.2239 -0.3114
v  -2.0112 -0.2163 -0.2833
v  -2.0036 -0.2233 -0.2779
v  -2.0131 -0.2274 -0.2719
v  -1.9824 -0.2124 -0.2773
v  -2.1616 -0.2076 -0.2732
v  -2.1525 -0.2076 -0.2570
v  0.1371 -1.1678 0.2490
v  0.1049 -1.1678 0.2491
v  0.2743 -1.1678 0.2354
v  0.1575 -1.1678 0.2354
v  1.6246 -0.2131 -0.3095
v  1.5912 -0.2095 -0.3260
v  -0.0110 -2.2014 -1.0133
v  -0.0182 -2.2014 -0.9566
v  -0.0183 -2.2014 -0.9954
v  -2.7576 -1.1711 0.2402
v  -2.7336 -1.2322 0.2401
v  -2.7336 -1.2322 0.2266
v  -2.7336 -1.1711 0.2266
v  -2.7336 -1.1711 0.2401
v  -0.6175 -2.1110 -0.0920
v  -0.5974 -2.0984 -0.0866
v  -0.5862 -2.0604 -0.0597
v  -0.0170 -2.2014 0.9830
v  -0.0170 -2.2014 1.0218
v  0.0000 -2.1830 1.0574
v  1.4545 -0.1966 -0.2806
v  1.0663 -2.2014 -0.1369
v  1.0329 -2.2014 -0.1562
v  0.0550 -2.1830 1.0803
v  0.1512 -1.2278 0.2354
v  0.2384 -1.2344 0.2354
v  -0.2165 -1.2816 0.2493
v  -0.1617 -1.2060 0.2492
v  -0.2056 -1.2060 0.2357
v  0.2662 -1.1721 -0.3598
v  0.2433 -1.2395 0.2354
v  -0.1610 -1.2162 -0.6718
v  1.4950 -0.2165 -0.2670
v  1.4991 -0.1966 -0.2487
v  1.4950 -0.1966 -0.2816
v  1.5112 -0.2240 -0.2719
v  1.5132 -0.1966 -0.2816
v  1.5132 -0.1966 -0.2525
v  1.5650 -0.2165 -0.2933
v  1.5647 -0.1966 -0.3078
v  1.5647 -0.1966 -0.2788
v  1.5466 -0.2165 -0.2933
v  1.5514 -0.2070 -0.3095
v  1.5526 -0.2240 -0.3044
v  -0.1542 -1.2436 -0.2139
v  -0.8393 -2.1830 -0.1221
v  -0.8876 -2.2014 -0.1551
v  -0.8686 -2.1890 -0.1493
v  -2.1653 -0.2473 -0.2604
v  -2.1874 -0.2473 -0.2730
v  -0.0001 -2.1830 0.9476
v  -2.1978 -0.2451 -0.2660
v  -2.2036 -0.2335 -0.2570
v  -0.6733 -2.1110 -0.0364
v  -1.2013 -2.0722 0.3468
v  -1.2242 -2.0572 0.2363
v  -1.2407 -2.0722 0.1248
v  -0.2601 -1.2816 0.2357
v  -1.2018 -2.0722 -0.3226
v  -1.2244 -2.0572 -0.2120
v  -1.2409 -2.0722 -0.1005
v  1.3479 -2.0722 0.1232
v  1.3312 -2.0572 0.2347
v  1.3088 -2.0722 0.3452
v  1.3477 -2.0722 -0.1022
v  1.3309 -2.0572 -0.2136
v  1.3083 -2.0722 -0.3241
v  0.7717 -2.0984 0.0015
v  0.7650 -2.0984 0.0184
v  -1.1248 -2.0722 -0.5347
v  -1.0711 -2.0572 -0.6341
v  -1.0120 -2.0722 -0.7301
v  -1.0111 -2.0722 0.7541
v  -1.0703 -2.0572 0.6582
v  -1.1241 -2.0722 0.5588
v  1.2311 -2.0722 -0.5361
v  1.1773 -2.0572 -0.6355
v  1.1181 -2.0722 -0.7314
v  1.2318 -2.0722 0.5573
v  1.1781 -2.0572 0.6568
v  1.1190 -2.0722 0.7528
v  0.9726 -2.0722 -0.9044
v  0.8879 -2.0572 -0.9797
v  0.7992 -2.0722 -1.0497
v  -0.8667 -2.0722 -0.9032
v  -0.7821 -2.0572 -0.9786
v  -0.6935 -2.0722 -1.0488
v  -0.6922 -2.0722 1.0726
v  -0.7809 -2.0572 1.0024
v  -0.8655 -2.0722 0.9273
v  0.9737 -2.0722 0.9261
v  0.8891 -2.0572 1.0013
v  0.8005 -2.0722 1.0717
v  0.3145 -1.1166 -0.2135
v  -0.5671 -2.0858 -0.0697
v  -0.5368 -2.0984 -0.0513
v  -2.2036 -0.2473 -0.2313
v  -2.1874 -0.2407 -0.2279
v  -1.8567 -0.1836 -0.2281
v  -1.8449 -0.1942 -0.2368
v  -1.8432 -0.1836 -0.2514
v  -1.8432 -0.1836 -0.2359
v  1.6195 -0.1966 -0.2817
v  1.6067 -0.2165 -0.2809
v  0.3897 -2.0722 -1.2404
v  0.4974 -2.0572 -1.2046
v  0.6028 -2.0722 -1.1629
v  0.1663 -2.0722 -1.2795
v  0.0526 -2.0572 -1.2826
v  -0.0608 -2.0722 -1.2794
v  -0.4973 -2.0722 -1.1623
v  -0.3919 -2.0572 -1.2041
v  -0.2843 -2.0722 -1.2400
v  1.5071 -0.2240 -0.2557
v  1.5015 -0.2296 -0.2588
v  1.6464 -0.2347 -0.2970
v  1.6493 -0.2439 -0.3018
v  -2.0228 -0.2233 -0.2668
v  -2.0313 -0.2163 -0.2484
v  -1.6001 -0.1836 -0.2283
v  -1.6154 -0.1903 -0.2438
v  -1.6120 -0.1942 -0.2506
v  -1.6120 -0.1942 -0.2370
v  0.9944 -2.2014 -0.0120
v  0.9488 -2.2014 -0.0466
v  -1.4773 -0.1947 -0.2429
v  -1.4901 -0.1930 -0.2516
v  -1.4901 -0.1831 -0.2526
v  -1.5068 -0.1903 -0.2356
v  -1.5049 -0.1831 -0.2441
v  1.5531 -0.2296 -0.3015
v  1.5527 -0.2240 -0.2821
v  2.6072 -1.2160 0.2373
v  1.4870 -0.2412 -0.3279
v  1.4770 -0.2335 -0.3119
v  1.4715 -0.2114 -0.2956
v  -0.9454 -2.1830 -0.1502
v  -0.9619 -2.1830 -0.1378
v  -0.9818 -2.1830 -0.1032
v  -0.9716 -2.2014 -0.0455
v  -0.9260 -2.2014 -0.0108
v  -0.9789 -2.2014 -0.0636
v  -2.5879 -1.1920 0.2401
v  -2.5879 -1.2337 0.2401
v  -0.6580 -2.0858 -0.0159
v  -0.6580 -2.0984 -0.0512
v  -0.1188 -1.1854 0.2492
v  -0.1775 -1.1678 0.2492
v  -0.2002 -1.2005 0.2492
v  0.0740 -2.2014 0.9303
v  -0.1173 -1.2458 0.2356
v  -0.1205 -1.2060 0.2356
v  -0.9716 -2.2014 -0.1204
v  -0.9789 -2.2014 -0.1024
v  0.1048 -0.8061 -0.2962
v  -2.7576 -1.2121 0.2266
v  -2.7922 -1.2121 0.2402
v  -2.7922 -1.2322 0.2266
v  -2.8162 -1.1711 0.2402
v  -2.8162 -1.2322 0.2266
v  -0.9440 -2.2014 -0.1475
v  -0.9266 -2.1890 -0.1570
v  1.5558 -0.2471 -0.2089
v  0.0070 -1.1678 0.2491
v  -1.1576 -0.1903 -0.2560
v  -1.1399 -0.1903 -0.2560
v  -1.1488 -0.1949 -0.2565
v  0.9488 -2.2014 -0.1215
v  -1.1679 -2.0722 -0.4302
v  0.2743 -1.2005 0.2490
v  -2.1643 -0.2473 -0.2476
v  -0.1171 -0.8704 -0.4580
v  0.6435 -2.0858 -0.0167
v  0.6370 -2.0984 0.0015
v  0.2755 -1.2315 0.2354
v  0.2763 -1.2487 0.2354
v  -1.1865 -0.1836 -0.2828
v  -1.1864 -0.1836 -0.1900
v  0.1199 -2.2014 0.9650
v  0.1270 -2.2014 1.0216
v  0.1200 -2.2014 1.0398
v  -1.5870 -0.1945 -0.2474
v  -1.5868 -0.1836 -0.2360
v  0.1177 -1.2802 -0.5958
v  0.1798 -1.2564 -0.5496
v  0.0460 -1.2882 -0.5972
v  -0.0255 -1.2802 -0.5957
v  1.0911 -2.1830 -0.0843
v  1.0858 -2.2014 -0.0649
v  1.0678 -2.1890 -0.0302
v  1.0785 -2.2014 -0.0468
v  0.0149 -2.1830 -1.0431
v  0.0345 -2.2014 -1.0480
v  -1.6505 -0.2296 -0.2506
v  -1.1644 -0.1826 -0.2497
v  -0.8686 -2.1890 -0.0169
v  -2.1559 -0.1836 -0.2660
v  -2.1621 -0.2185 -0.2226
v  -0.9940 -0.1826 -0.3244
v  -0.9785 -0.1826 -0.3154
v  -0.6530 -2.1110 0.0396
v  -1.4479 -0.1836 -0.1899
v  -1.4479 -0.1836 -0.2827
v  0.0128 -1.2569 0.2355
v  -2.1757 -0.2473 -0.2277
v  -2.1873 -0.2473 -0.2224
v  0.2515 -1.2094 0.2354
v  0.0347 -2.2014 -0.9040
v  -0.0109 -2.2014 -0.9387
v  1.6572 -0.2495 -0.2163
v  0.2564 -1.2758 0.2354
v  0.1340 -1.2741 0.2355
v  -1.8643 -0.1903 -0.2570
v  -1.8568 -0.1836 -0.2591
v  -1.8449 -0.1942 -0.2504
v  -0.0182 -1.2436 0.2355
v  -0.5387 -2.0858 0.0001
v  -0.5367 -2.0984 0.0192
v  0.0104 -1.1678 0.2355
v  -2.1721 -0.2412 -0.2737
v  0.1405 -1.2191 0.2354
v  0.0359 -2.2014 1.0746
v  -0.9872 -0.1903 -0.3489
v  -0.9940 -0.1826 -0.3426
v  -0.9785 -0.1826 -0.3516
v  -1.8684 -0.1942 -0.2504
v  -2.6623 -1.2140 0.2266
v  -2.6996 -1.1956 0.2266
v  -2.7207 -1.1915 0.2266
v  -2.0036 -0.2272 -0.2734
v  1.6404 -0.2114 -0.2957
v  -0.0098 -2.2014 0.9650
v  -0.0097 -2.2014 1.0399
v  -2.6996 -1.1956 0.2401
v  -2.7200 -1.1956 0.2266
v  -1.2437 -2.0572 0.0122
v  0.1187 -2.2014 -1.0134
v  -2.5445 -1.2337 0.2400
v  -2.8162 -1.2322 0.2402
v  -2.7922 -1.2322 0.2402
v  -0.0236 -2.1830 -0.9760
v  1.6036 -0.2240 -0.2623
v  1.6106 -0.2354 -0.2672
v  -2.4847 -1.2337 0.2400
v  -2.4847 -1.2337 0.2265
v  -2.4847 -1.1728 0.2265
v  -2.5094 -1.1728 0.2265
v  -2.5094 -1.2337 0.2265
v  -2.0131 -0.2274 -0.2399
v  1.5558 -0.2354 -0.2933
v  1.5628 -0.2240 -0.2884
v  1.5601 -0.2070 -0.2770
v  -2.0223 -0.2274 -0.2559
v  -2.0228 -0.2233 -0.2448
v  1.6346 -0.2335 -0.3120
v  1.6246 -0.2412 -0.3280
v  0.1214 -2.1830 -0.9370
v  0.1187 -2.2014 -0.9388
v  0.7199 -2.0858 0.0432
v  0.7346 -2.0604 0.0153
v  -1.6137 -0.1836 -0.2515
v  -1.1662 -2.0572 -0.4297
v  0.9934 -2.1767 -0.1603
v  0.0737 -2.1890 -0.9019
v  0.7535 -2.0984 -0.0666
v  -0.8533 -2.1953 -0.1364
v  -0.8420 -2.2014 -0.1204
v  0.1094 -2.1767 -1.0316
v  -0.6468 -2.0984 -0.0658
v  -0.6154 -2.0984 -0.0840
v  1.4996 -0.2279 -0.2743
v  1.5005 -0.2165 -0.2809
v  -0.6648 -2.0984 -0.0342
v  -0.6647 -2.0984 0.0023
v  -2.6429 -1.1735 0.2265
v  -2.6432 -1.2332 0.2265
v  0.6864 -2.0984 -0.0848
v  0.6548 -2.0984 -0.0666
v  -2.6046 -1.2337 0.2401
v  -2.6046 -1.2337 0.2265
v  0.9587 -2.1830 -0.1390
v  0.9461 -2.1830 -0.1233
v  1.5442 -0.1966 -0.2853
v  0.0465 -1.2419 0.2355
v  -0.1055 -1.2320 0.2356
v  -0.9635 -0.1932 -0.3249
v  -0.9785 -0.1949 -0.3492
v  1.3357 -2.0329 0.0105
v  -2.5879 -1.1920 0.2265
v  -2.1719 -0.1836 -0.2388
v  -2.4847 -1.1728 0.2400
v  -2.1757 -0.2473 -0.2677
v  -0.9743 -2.1830 -0.1221
v  -2.7922 -1.1711 0.2266
v  -2.7576 -1.2322 0.2266
v  0.0751 -2.1830 0.9274
v  0.9387 -2.1830 -0.0641
v  -0.9743 -2.1830 -0.0440
v  -0.9619 -2.1830 -0.0283
v  0.0104 -1.2264 0.2355
v  0.1100 -2.1830 1.0573
v  0.1226 -2.1830 1.0413
v  -0.1425 -1.2167 -0.5901
v  1.0685 -2.1830 -0.1391
v  -0.0212 -2.1830 -0.9559
v  0.2348 -1.2167 -0.5903
v  1.4652 -0.2347 -0.2969
v  -0.2002 -1.2005 0.2356
v  0.0911 -2.2014 -0.9116
v  -0.0199 -2.1830 1.0227
v  0.9937 -2.1830 -0.0091
v  0.1371 -1.2005 0.2355
v  0.2743 -1.2005 0.2354
v  0.1371 -1.1830 0.2355
v  -2.7576 -1.1711 0.2266
v  1.6060 -0.2279 -0.2744
v  -2.1653 -0.2473 -0.2350
v  -1.1643 -0.1826 -0.2315
v  -0.8317 -2.1830 -0.0630
v  -1.1488 -0.1949 -0.2249
v  -1.1576 -0.1903 -0.2252
v  0.6549 -2.0984 0.0330
v  -0.2165 -1.2816 0.2357
v  -0.0212 -2.1830 -0.9961
v  -0.1517 -1.2775 0.2356
v  0.0036 -1.2732 0.2355
v  1.5042 -0.2354 -0.2670
v  1.5093 -0.2296 -0.2627
v  -1.9845 -0.2233 -0.2668
v  -2.5879 -1.2337 0.2265
v  -1.6137 -0.1836 -0.2360
v  1.5468 -0.1966 -0.3078
v  2.2153 -1.2615 0.2247
v  -0.1527 -1.2060 0.2356
v  1.8145 -1.2615 0.2250
v  0.1430 -1.2433 0.2354
v  0.0339 -2.1830 -0.9009
v  0.0445 -1.1678 0.2355
v  -0.1617 -1.2060 0.2356
v  -2.5196 -1.2337 0.2265
v  -2.5445 -1.1920 0.2265
v  -2.5445 -1.2337 0.2265
v  -2.7200 -1.2344 0.2266
v  -2.8162 -1.1711 0.2266
# 1424 vertices

vn -0.0000 0.0000 -1.0000
vn 0.0002 -1.0000 -0.0014
vn 0.0000 -1.0000 -0.0000
vn 0.0001 -1.0000 -0.0000
vn -0.8799 -0.4751 -0.0022
vn -0.8800 -0.4751 -0.0006
vn -0.8800 -0.4751 0.0000
vn 0.0000 1.0000 -0.0000
vn -0.0001 0.1597 0.9872
vn -0.0109 0.1603 0.9870
vn -0.0075 0.1649 0.9863
vn -0.0000 0.0153 -0.9999
vn 0.0000 -0.0003 1.0000
vn 0.0003 -1.0000 -0.0002
vn 0.0002 -1.0000 0.0014
vn -0.8256 -0.0001 0.5643
vn -0.8257 0.0000 0.5641
vn -0.8256 0.0000 0.5642
vn -0.0402 0.1890 0.9811
vn -0.0417 0.1851 0.9818
vn -0.0405 0.1900 0.9809
vn 0.0306 -0.0111 -0.9995
vn 0.0272 -0.0075 -0.9996
vn 0.0332 -0.0139 -0.9994
vn 0.0000 0.0000 1.0000
vn -0.0001 0.0000 1.0000
vn -0.0000 -0.9339 -0.3576
vn 0.6361 -0.7715 0.0112
vn 0.0398 0.1916 0.9807
vn 0.0409 0.1890 0.9811
vn 0.0411 0.1902 0.9809
vn 0.0000 0.2084 0.9780
vn 0.0000 0.2085 0.9780
vn -0.0030 0.2136 0.9769
vn -0.0304 -0.0113 -0.9995
vn -0.0330 -0.0142 -0.9994
vn -0.0015 -0.8723 0.4889
vn 0.8255 -0.0001 0.5643
vn 0.8256 0.0000 0.5642
vn 0.8257 0.0000 0.5641
vn 0.0000 -0.9984 0.0564
vn -0.0000 -0.0067 -1.0000
vn 0.0001 0.0001 -1.0000
vn -0.0000 0.0027 -1.0000
vn 0.0001 0.0000 1.0000
vn 0.1397 -0.9901 0.0165
vn -0.0043 0.1567 0.9876
vn -0.0035 0.1571 0.9876
vn 0.9351 0.3523 -0.0379
vn 0.0025 0.2132 0.9770
vn 0.0030 0.2136 0.9769
vn -0.0000 0.9995 -0.0312
vn 0.9829 0.1818 0.0287
vn 0.9827 0.1835 0.0262
vn 0.9828 0.1834 0.0231
vn 0.0316 -0.0109 -0.9994
vn 0.0329 -0.0039 -0.9994
vn 0.0280 -0.0095 -0.9996
vn -0.9847 0.1737 0.0128
vn -0.9849 0.1725 0.0130
vn -0.9854 0.1700 0.0035
vn 0.0001 0.0000 -1.0000
vn -0.0018 0.0019 -1.0000
vn -0.9352 0.3539 -0.0141
vn 0.1106 0.9938 -0.0106
vn -0.0000 -0.0416 -0.9991
vn -0.0369 -0.0017 -0.9993
vn -0.0422 -0.0020 -0.9991
vn 0.9994 0.0000 -0.0352
vn 0.9848 0.1734 -0.0025
vn 0.9853 0.1705 -0.0025
vn -0.9994 0.0000 -0.0352
vn 0.0542 -0.0114 -0.9985
vn 0.0407 -0.0047 -0.9992
vn 0.0422 -0.0020 -0.9991
vn 0.0381 -0.0019 -0.9993
vn 0.5252 -0.6294 -0.5727
vn 0.5253 -0.6293 -0.5728
vn 0.0000 -0.0001 1.0000
vn -0.8452 -0.0493 -0.5321
vn -0.8467 -0.0511 -0.5296
vn -0.8458 -0.0520 -0.5309
vn -0.0000 0.9339 -0.3576
vn 0.0387 0.1954 0.9800
vn 0.0392 0.1955 0.9799
vn -0.9027 -0.4301 0.0081
vn -0.0000 0.0001 -1.0000
vn -0.0000 -0.0001 -1.0000
vn 0.8502 -0.5265 0.0042
vn 0.8505 -0.5259 0.0021
vn -0.9995 -0.0319 0.0005
vn 1.0000 0.0000 -0.0000
vn -0.9852 0.1689 -0.0283
vn -0.9864 0.1625 -0.0245
vn -0.9858 0.1652 -0.0283
vn -0.4068 -0.9134 0.0137
vn -1.0000 0.0000 0.0000
vn 0.9995 -0.0319 0.0005
vn 0.6030 0.7976 -0.0131
vn -0.0291 0.1733 0.9844
vn -0.0304 0.1791 0.9834
vn -0.0294 0.1754 0.9841
vn -0.3935 0.8844 0.2509
vn -0.7506 -0.6168 0.2369
vn -0.7506 -0.6169 0.2369
vn -0.0000 -0.0068 -1.0000
vn 0.1113 0.9936 -0.0217
vn 0.0212 0.8759 -0.4819
vn 0.8464 -0.0520 -0.5300
vn 0.8442 -0.0448 -0.5342
vn 0.8458 -0.0520 -0.5309
vn -0.0272 0.2056 0.9782
vn -0.0267 0.2060 0.9782
vn 0.9028 -0.4301 0.0080
vn -0.9991 0.0301 -0.0292
vn -0.9990 0.0299 -0.0318
vn -0.9990 0.0318 -0.0318
vn -0.4571 0.8874 -0.0600
vn -0.6572 -0.5598 -0.5047
vn -0.6572 -0.5599 -0.5046
vn 0.0003 -1.0000 -0.0000
vn 0.0000 -0.9941 0.1080
vn -0.0000 -1.0000 -0.0014
vn 0.6281 -0.6106 0.4823
vn 0.6280 -0.6107 0.4823
vn 0.4506 0.8871 0.1001
vn -0.0342 -0.0072 -0.9994
vn -0.0316 -0.0109 -0.9994
vn -0.0329 -0.0039 -0.9994
vn 0.9990 0.0299 -0.0318
vn 0.9991 0.0301 -0.0292
vn 0.9990 0.0318 -0.0318
vn 0.0000 0.9798 0.2002
vn -0.8257 -0.0001 0.5641
vn 0.6119 -0.5580 -0.5606
vn 0.6120 -0.5578 -0.5606
vn -0.8250 -0.5518 0.1221
vn -0.6030 0.7976 -0.0131
vn 0.0350 0.1812 0.9828
vn 0.0363 0.1854 0.9820
vn 0.0380 0.1830 0.9824
vn 0.8258 0.0000 0.5640
vn 0.8258 -0.0001 0.5640
vn 0.6119 -0.5580 0.5606
vn 0.6120 -0.5578 0.5606
vn 0.1835 0.8778 0.4425
vn -0.9991 0.0318 -0.0293
vn -0.9841 0.1693 -0.0539
vn -0.3450 0.9384 -0.0190
vn -0.0000 -0.9774 -0.2115
vn -0.4477 -0.5521 0.7034
vn -0.4478 -0.5520 -0.7035
vn 0.4507 0.8871 -0.1001
vn 0.7611 -0.6409 -0.0999
vn -0.9785 -0.2063 0.0021
vn -0.3789 -0.9018 -0.2078
vn 0.4273 -0.5194 0.7400
vn -0.0185 -0.9895 0.1433
vn 0.9832 0.1787 -0.0372
vn 0.9991 0.0306 -0.0281
vn 0.9991 0.0314 -0.0281
vn 0.0000 -0.3260 0.9454
vn -0.0021 -1.0000 0.0000
vn -0.0022 -1.0000 -0.0014
vn -0.0037 -1.0000 -0.0023
vn 0.0000 -0.9984 0.0565
vn 0.9363 0.3510 -0.0073
vn 0.9785 -0.2064 0.0040
vn 0.0493 -0.9985 -0.0236
vn 0.0212 0.8759 0.4819
vn 0.7910 -0.6109 -0.0314
vn 0.9548 -0.2189 -0.2012
vn -0.7848 -0.6188 -0.0341
vn -0.7849 -0.6187 -0.0341
vn 0.2406 -0.5981 -0.7644
vn 0.2406 -0.5982 -0.7643
vn 0.4590 -0.1102 -0.8816
vn 0.2109 -0.9770 -0.0322
vn 0.2090 -0.9774 -0.0308
vn 0.0207 -0.9947 -0.1005
vn -0.9025 -0.4293 -0.0339
vn -0.0407 -0.0236 -0.9989
vn -0.9966 0.0819 -0.0043
vn -0.8906 0.3794 0.2508
vn -0.9028 -0.2339 -0.3608
vn 0.6024 -0.0256 0.7978
vn 0.7805 -0.5417 0.3120
vn -0.9921 -0.0256 -0.1228
vn -0.1400 -0.9901 0.0095
vn 0.6362 -0.7715 0.0062
vn -0.4506 0.8871 -0.1001
vn -0.4507 0.8871 -0.1001
vn -0.8223 -0.5680 -0.0357
vn -0.2406 -0.5981 -0.7644
vn -0.2406 -0.5982 -0.7643
vn -0.2984 -0.1094 -0.9482
vn -0.1835 0.8778 0.4426
vn -0.1835 0.8778 0.4425
vn -0.1734 -0.5971 0.7832
vn -0.1734 -0.5972 0.7832
vn 0.4571 0.8874 0.0600
vn 0.7611 -0.6409 0.0999
vn -0.1428 -0.0156 0.9896
vn 0.9285 -0.0156 -0.3711
vn -0.7857 -0.0078 -0.6185
vn 0.7856 -0.0206 0.6185
vn -0.2885 0.8805 -0.3763
vn -0.5252 -0.6294 -0.5727
vn -0.5253 -0.6293 -0.5728
vn 0.6976 -0.5616 -0.4449
vn 0.6975 -0.5617 -0.4449
vn 0.7862 -0.5660 -0.2482
vn 0.7861 -0.5661 -0.2481
vn 0.4846 -0.6047 -0.6321
vn 0.4844 -0.6048 -0.6320
vn 0.2884 0.8805 -0.3762
vn 0.3191 0.8816 0.3479
vn 0.5065 -0.5539 0.6608
vn 0.5064 -0.5540 0.6607
vn -0.0064 -1.0000 -0.0011
vn -0.0000 -0.9994 -0.0340
vn 0.1734 -0.5971 0.7832
vn 0.1734 -0.5972 0.7832
vn 0.0226 -0.0026 -0.9997
vn 0.0267 -0.0102 -0.9996
vn 0.8027 0.5950 -0.0402
vn -0.5965 0.7984 0.0820
vn -0.1107 0.9938 -0.0106
vn 0.0173 -0.9996 0.0213
vn -0.6572 -0.5598 0.5047
vn -0.6572 -0.5599 0.5046
vn -0.5617 -0.5560 0.6127
vn -0.5618 -0.5559 0.6127
vn 0.1085 0.9918 0.0674
vn 0.7786 0.6037 0.1715
vn 0.0000 -0.9338 0.3578
vn -0.8633 0.0000 0.5048
vn -0.8633 0.0000 0.5047
vn -0.8636 0.0000 0.5041
vn -0.7329 -0.5634 -0.3813
vn -0.7330 -0.5633 -0.3813
vn -0.3935 0.8844 -0.2509
vn 0.3857 -0.5502 0.7406
vn 0.3856 -0.5503 0.7406
vn 0.2513 -0.5473 0.7983
vn 0.2513 -0.5474 0.7983
vn -0.4127 0.8852 0.2146
vn -0.4126 0.8853 0.2145
vn -0.7329 -0.5634 0.3813
vn -0.7330 -0.5633 0.3813
vn -0.0240 -0.9975 0.0667
vn -0.1428 -0.0206 -0.9895
vn -0.9284 -0.0206 0.3711
vn 0.0173 -0.9996 -0.0213
vn -0.8023 0.5966 -0.0198
vn -0.3244 0.9276 -0.1852
vn -0.6361 -0.7715 0.0112
vn -0.9032 -0.4292 0.0006
vn 0.7677 -0.6178 0.1705
vn 0.7676 -0.6178 0.1705
vn 0.7329 -0.5634 0.3813
vn 0.7330 -0.5633 0.3813
vn 0.9778 -0.2066 -0.0350
vn 0.9030 -0.4296 0.0085
vn 0.0000 0.9999 0.0163
vn 0.0000 0.9999 0.0166
vn 0.0000 0.9999 0.0164
vn -0.9849 0.1728 0.0034
vn -0.4060 -0.9137 0.0154
vn -0.8435 -0.3259 0.4269
vn 0.2984 -0.1094 -0.9482
vn 0.1442 0.8771 -0.4581
vn 0.3459 0.9373 -0.0423
vn -0.1115 0.9929 -0.0421
vn -0.0028 1.0000 0.0000
vn -0.1300 -0.1088 -0.9855
vn 0.1050 -0.5964 -0.7958
vn 0.3258 -0.5493 -0.7695
vn 0.9831 0.1822 0.0191
vn 0.9836 0.1794 0.0192
vn -0.0493 -0.9985 -0.0236
vn -0.1429 -0.0078 0.9897
vn -0.1428 -0.0078 0.9897
vn 0.9924 -0.0078 -0.1228
vn 0.4066 -0.9136 -0.0024
vn -0.4590 -0.1102 -0.8816
vn -0.1442 0.8771 -0.4581
vn 0.6807 0.3842 0.6237
vn 0.6976 -0.5616 0.4449
vn 0.6975 -0.5617 0.4449
vn -0.7624 -0.5649 -0.3157
vn -0.7625 -0.5648 -0.3157
vn -0.8041 -0.5670 -0.1787
vn -0.8041 -0.5670 -0.1786
vn -0.6252 -0.5853 -0.5163
vn -0.6231 -0.5846 -0.5196
vn -0.6242 -0.5805 -0.5229
vn 0.0000 -0.9999 0.0172
vn -0.0419 0.9991 0.0000
vn -0.0173 -0.9996 0.0213
vn -0.0169 0.2077 0.9780
vn -0.0158 0.2064 0.9783
vn 0.6354 -0.7721 0.0140
vn -0.9858 -0.1154 -0.1220
vn 0.8223 -0.5680 0.0357
vn 0.8163 -0.5677 -0.1071
vn 0.8163 -0.5676 -0.1071
vn -0.3370 0.9378 0.0827
vn 0.0106 0.1607 0.9869
vn 0.0127 0.1602 0.9870
vn -0.9357 0.3528 -0.0092
vn -0.6188 0.7854 -0.0133
vn 0.0185 -0.9895 0.1433
vn -0.0000 -0.3194 -0.9476
vn -0.1050 -0.5964 0.7958
vn 0.0346 -0.6187 0.7848
vn -0.8041 -0.5670 0.1787
vn -0.8041 -0.5670 0.1786
vn -0.7862 -0.5660 0.2482
vn -0.7861 -0.5661 0.2481
vn -0.0264 0.9982 -0.0531
vn -0.0216 0.9986 -0.0483
vn -0.0350 0.9983 -0.0466
vn -0.0639 -0.0589 -0.9962
vn -0.0638 -0.0610 -0.9961
vn 0.3245 0.9276 -0.1852
vn 0.8028 0.5949 -0.0404
vn -0.2512 -0.5473 0.7983
vn -0.2513 -0.5474 0.7983
vn -0.1442 0.8771 0.4581
vn 0.0125 0.9999 -0.0000
vn -0.4478 -0.5520 0.7035
vn -0.2885 0.8805 0.3763
vn 0.4126 0.8853 -0.2145
vn 0.7624 -0.5649 -0.3157
vn 0.7625 -0.5648 -0.3157
vn 0.0032 1.0000 -0.0000
vn -0.8223 -0.5680 0.0357
vn -0.4571 0.8874 0.0600
vn -0.3191 0.8815 -0.3480
vn -0.6281 -0.6106 -0.4823
vn -0.6280 -0.6107 -0.4823
vn 0.0000 -0.9395 0.3426
vn 0.8636 0.0000 0.5041
vn 0.8632 0.0000 0.5048
vn 0.8637 0.0000 0.5041
vn 0.8153 -0.5706 -0.0986
vn 0.8147 -0.5721 -0.0946
vn 0.3873 -0.1154 0.9147
vn 0.7857 -0.0077 -0.6186
vn 0.8512 -0.3487 0.3922
vn 0.8990 0.3772 0.2224
vn 0.8988 0.3766 0.2245
vn -0.9350 0.3525 -0.0380
vn -0.9548 -0.2189 -0.2011
vn -0.6534 -0.5642 0.5047
vn -0.6534 -0.5641 0.5047
vn 0.5176 -0.5514 -0.6542
vn -0.9498 0.1279 0.2853
vn -0.9500 0.1253 0.2860
vn -0.8513 -0.3488 0.3919
vn -0.1209 -0.8918 0.4360
vn -0.3690 -0.8179 0.4414
vn 0.0185 -0.9895 -0.1433
vn 0.7506 -0.6169 0.2369
vn 0.4876 0.8594 0.1539
vn -0.1728 -0.9145 -0.3657
vn -0.0263 -0.9973 -0.0687
vn 0.8058 0.5921 -0.0071
vn 0.5965 0.7984 0.0820
vn 0.6807 0.3842 -0.6237
vn 0.3934 0.8845 -0.2509
vn 0.4126 0.8853 0.2145
vn 0.1213 0.3737 0.9196
vn 0.1442 0.8771 0.4581
vn 0.4276 0.3777 0.8213
vn 0.2884 0.8805 0.3762
vn -0.0002 -0.3517 0.9361
vn -0.0002 -0.3515 0.9362
vn 0.0009 -0.3514 0.9362
vn 0.1427 -0.0508 -0.9885
vn 0.1428 -0.0257 0.9894
vn 0.0438 -0.1088 -0.9931
vn 0.0001 -0.9905 -0.1372
vn -0.1213 0.3737 0.9196
vn -0.1443 0.8770 0.4582
vn -0.6119 -0.5580 0.5606
vn -0.6120 -0.5578 0.5606
vn -0.3191 0.8815 0.3480
vn -0.0036 -0.9977 0.0684
vn 0.0000 -0.9975 0.0711
vn 0.0019 -0.0146 0.9999
vn -0.0019 -0.0146 0.9999
vn 0.0000 -0.0146 0.9999
vn -0.1443 0.8770 -0.4582
vn -0.1734 -0.5972 -0.7832
vn 0.4126 0.8852 0.2146
vn 0.3934 0.8845 0.2509
vn -0.0011 -0.3514 0.9362
vn 0.0001 -0.3515 0.9362
vn 0.0001 -0.3517 0.9361
vn 0.1443 0.8770 -0.4582
vn 0.1734 -0.5972 -0.7832
vn 0.2885 0.8805 -0.3763
vn 0.4478 -0.5520 -0.7035
vn -0.7913 -0.6106 -0.0323
vn -0.0380 -0.0157 -0.9992
vn -0.0364 -0.0127 -0.9993
vn 0.6025 0.0000 0.7981
vn -0.9924 0.0000 0.1228
vn -0.6088 0.7691 -0.1948
vn -0.8780 0.3997 -0.2634
vn -0.4799 -0.4976 0.7225
vn -0.8502 -0.5265 0.0042
vn -0.8505 -0.5259 0.0021
vn -0.4273 -0.5194 0.7400
vn -0.5176 -0.5514 -0.6542
vn -0.7355 -0.5197 0.4346
vn -0.7345 -0.5210 0.4348
vn -0.7910 -0.6117 0.0117
vn -0.4846 -0.6047 -0.6321
vn -0.4844 -0.6049 -0.6320
vn -0.2884 0.8805 -0.3762
vn -0.0354 -0.5961 0.8022
vn -0.0212 0.8759 0.4819
vn -0.0263 0.9984 -0.0508
vn -0.0217 0.9984 -0.0530
vn -0.0274 0.0040 -0.9996
vn 0.4571 0.8874 -0.0600
vn 0.8223 -0.5680 -0.0357
vn 0.9783 -0.2067 -0.0119
vn 0.9966 0.0815 -0.0084
vn 0.9284 -0.0206 -0.3711
vn -0.9924 -0.0078 0.1228
vn 0.0674 -0.0609 -0.9959
vn 0.0678 -0.0561 -0.9961
vn 0.0680 -0.0536 -0.9962
vn 0.0458 0.9977 -0.0500
vn 0.0457 0.9978 -0.0470
vn -0.3202 -0.5488 0.7722
vn -0.3202 -0.5487 0.7723
vn -0.3857 -0.5502 0.7406
vn -0.3856 -0.5503 0.7406
vn 0.1265 -0.8978 0.4218
vn 0.5864 -0.6811 0.4384
vn 0.5890 -0.6790 0.4382
vn -0.0042 -1.0000 0.0000
vn -0.0011 -0.3518 0.9361
vn -0.9286 0.0000 0.3712
vn 0.0343 -0.9980 -0.0536
vn -0.1050 -0.5964 -0.7958
vn 0.0354 -0.5961 -0.8022
vn -0.8777 0.3911 0.2771
vn -0.4506 0.8871 0.1001
vn -0.8507 0.3901 -0.3523
vn -0.4127 0.8852 -0.2146
vn -0.2354 -0.6208 -0.7478
vn -0.2354 -0.6209 -0.7477
vn -0.3856 -0.5503 -0.7406
vn 0.2354 -0.6208 -0.7478
vn 0.2354 -0.6209 -0.7477
vn 0.3856 -0.5503 -0.7406
vn 0.2308 -0.2718 -0.9343
vn -0.3890 -0.0689 0.9187
vn 0.9256 -0.0801 -0.3700
vn 0.4506 0.8871 -0.1001
vn 0.8041 -0.5670 -0.1787
vn 0.8041 -0.5670 -0.1786
vn 0.3191 0.8815 0.3480
vn 0.5617 -0.5560 0.6127
vn 0.5618 -0.5559 0.6127
vn 0.1835 0.8778 0.4426
vn 0.3202 -0.5488 0.7722
vn 0.3202 -0.5487 0.7723
vn -0.8163 -0.5677 -0.1071
vn -0.8163 -0.5676 -0.1071
vn -0.6976 -0.5616 0.4449
vn -0.6975 -0.5617 0.4449
vn -0.3934 0.8845 0.2509
vn -0.2884 0.8805 0.3762
vn -0.5065 -0.5539 0.6608
vn -0.5064 -0.5540 0.6607
vn 0.8163 -0.5677 0.1072
vn 0.8163 -0.5676 0.1071
vn -0.6976 -0.5616 -0.4449
vn -0.6975 -0.5617 -0.4449
vn -0.3934 0.8845 -0.2509
vn 0.4127 0.8852 -0.2146
vn 0.7329 -0.5634 -0.3813
vn 0.7330 -0.5633 -0.3813
vn -0.8162 -0.5677 0.1072
vn -0.8163 -0.5676 0.1071
vn 0.3191 0.8815 -0.3480
vn 0.3191 0.8816 -0.3479
vn 0.5617 -0.5560 -0.6127
vn 0.5618 -0.5559 -0.6127
vn -0.5176 -0.5514 0.6542
vn 0.5047 -0.5522 0.6636
vn 0.0013 -0.3517 0.9361
vn 0.0036 -1.0000 -0.0000
vn 0.4735 0.8587 0.1960
vn 0.4736 0.8587 0.1961
vn 0.7624 -0.5649 0.3157
vn 0.7625 -0.5648 0.3157
vn 0.0801 -0.8800 -0.4681
vn -0.0033 -0.9959 -0.0903
vn 0.0343 0.9980 -0.0527
vn 0.0344 0.9979 -0.0557
vn 0.0279 0.0044 -0.9996
vn -0.7672 -0.5670 -0.3000
vn -0.7689 -0.5667 -0.2959
vn -0.9858 -0.1154 0.1220
vn 0.3891 -0.0622 -0.9191
vn -0.6025 0.0000 0.7981
vn -0.1429 -0.0077 -0.9897
vn -0.1397 -0.9899 -0.0230
vn 0.1063 -0.8836 -0.4560
vn -0.6355 -0.7715 -0.0298
vn -0.6362 -0.7715 0.0063
vn 0.0002 -0.7711 0.6367
vn 0.0000 -0.7712 0.6366
vn 0.4477 -0.5521 0.7034
vn 0.9966 0.0819 -0.0043
vn 0.8060 0.5918 -0.0155
vn -0.1127 -0.9700 0.2154
vn 0.9924 0.0000 0.1228
vn -0.6281 -0.6106 0.4823
vn -0.6280 -0.6107 0.4823
vn 0.4799 -0.4976 0.7225
vn 0.1084 0.9918 0.0672
vn -0.1086 0.9918 0.0674
vn 0.1399 -0.9900 0.0167
vn 0.1399 -0.9901 0.0095
vn -0.1419 -0.9314 0.3351
vn -0.5617 -0.5560 -0.6126
vn -0.5618 -0.5559 -0.6127
vn -0.6119 -0.5580 -0.5606
vn -0.6120 -0.5578 -0.5606
vn -0.1115 0.9933 -0.0294
vn 0.1113 0.9934 -0.0292
vn -0.0185 -0.9895 -0.1433
vn 0.0369 -0.5452 0.8375
vn 0.1096 -0.5456 0.8308
vn 0.1096 -0.5456 0.8309
vn 0.2434 0.8499 -0.4674
vn 0.2821 0.8510 -0.4430
vn 0.2820 0.8511 -0.4429
vn 0.7917 -0.6109 0.0039
vn 0.9030 -0.4297 0.0013
vn -0.0001 -0.7712 0.6366
vn -0.9924 0.0000 -0.1228
vn -0.2429 -0.9700 0.0100
vn 0.6228 -0.5830 -0.5217
vn 0.6286 -0.5813 -0.5166
vn 0.6242 -0.5805 -0.5229
vn 0.6333 -0.7470 -0.2023
vn 0.3788 -0.9018 -0.2078
vn -0.9257 -0.0613 0.3733
vn 0.0344 -0.9980 0.0536
vn -0.1810 -0.5463 0.8178
vn -0.2004 0.3743 0.9054
vn -0.3305 -0.5470 0.7691
vn -0.3336 -0.5468 0.7679
vn -0.6530 -0.5601 0.5098
vn 0.1810 -0.5463 0.8178
vn 0.2004 0.3743 0.9054
vn 0.6572 -0.5598 0.5047
vn 0.6572 -0.5599 0.5046
vn 0.7317 0.3857 0.5620
vn 0.6572 -0.5598 -0.5047
vn 0.6572 -0.5599 -0.5046
vn 0.7317 0.3857 -0.5620
vn -0.7862 -0.5660 -0.2482
vn -0.7861 -0.5661 -0.2481
vn -0.8777 0.3911 -0.2771
vn -0.8507 0.3901 0.3523
vn -0.7624 -0.5649 0.3157
vn -0.7625 -0.5648 0.3157
vn -0.1419 -0.9314 -0.3351
vn -0.0000 -0.5671 -0.8236
vn -0.9281 -0.3724 0.0000
vn -0.8443 -0.5359 0.0000
vn -0.0000 0.9774 -0.2115
vn 0.1419 -0.9314 0.3351
vn 0.4969 0.3791 0.7807
vn 0.4478 -0.5520 0.7035
vn 0.9030 -0.4284 -0.0321
vn 0.0451 -0.0095 -0.9989
vn 0.0474 -0.0022 -0.9989
vn 0.9737 0.0950 -0.2070
vn 0.8192 0.5106 -0.2611
vn -0.9164 -0.1611 0.3663
vn 0.9924 0.0000 -0.1228
vn 0.1428 -0.0156 0.9896
vn -0.1148 0.8475 -0.5183
vn -0.1147 0.8475 -0.5182
vn -0.0695 0.8470 -0.5270
vn -0.6025 0.0000 -0.7981
vn 0.1428 -0.0156 -0.9896
vn -0.2434 0.8499 -0.4674
vn -0.2821 0.8510 -0.4430
vn -0.2820 0.8511 -0.4429
vn -0.0000 -0.6325 -0.7746
vn -0.8769 -0.4808 0.0000
vn 0.9842 -0.1447 0.1022
vn -0.9809 -0.1653 -0.1025
vn 0.3456 0.9378 -0.0340
vn 0.6028 0.7975 -0.0237
vn 0.1127 -0.9700 0.2154
vn -0.3899 0.0000 0.9209
vn 0.3397 0.9390 0.0542
vn 0.3450 0.9384 -0.0189
vn 0.6593 -0.5597 0.5021
vn 0.7672 -0.5670 -0.3000
vn 0.7689 -0.5667 -0.2959
vn 0.8507 0.3901 -0.3523
vn 0.8777 0.3911 -0.2771
vn 0.8960 0.0000 -0.4442
vn 0.8960 0.0000 -0.4441
vn 0.8652 -0.5014 -0.0103
vn 0.8645 -0.5024 -0.0137
vn -0.0000 -0.4370 -0.8995
vn -0.0007 -0.4377 -0.8991
vn -0.0000 -0.4378 -0.8991
vn 0.2004 0.3743 -0.9054
vn 0.1213 0.3737 -0.9196
vn 0.9435 0.1349 0.3028
vn -0.0466 0.1910 0.9805
vn -0.0409 0.1904 0.9809
vn -0.1302 -0.9700 0.2053
vn 0.9281 -0.3724 -0.0000
vn 0.0000 0.9291 0.3698
vn 0.0000 0.9306 0.3661
vn 0.0000 0.9291 0.3697
vn -0.2429 -0.9700 0.0101
vn -0.3899 0.0000 -0.9209
vn -0.9364 0.3510 -0.0073
vn -0.8990 0.3771 0.2225
vn -0.8988 0.3766 0.2246
vn 0.7297 -0.3707 -0.5745
vn 0.9221 -0.3698 0.1141
vn -0.0438 -0.1088 -0.9931
vn -0.0234 0.8468 -0.5313
vn -0.0234 0.8468 -0.5314
vn -0.2024 0.8490 -0.4881
vn -0.2024 0.8490 -0.4882
vn -0.3806 -0.1097 -0.9182
vn 0.3806 -0.1097 -0.9182
vn 0.2024 0.8490 -0.4881
vn 0.2024 0.8490 -0.4882
vn 0.9774 0.0000 -0.2115
vn 0.9966 0.0823 -0.0027
vn 0.9498 0.1280 0.2854
vn 0.7910 -0.6117 0.0116
vn -0.0239 0.2123 0.9769
vn -0.6807 0.3842 -0.6237
vn -0.7317 0.3857 -0.5620
vn -0.6807 0.3842 0.6237
vn -0.7317 0.3857 0.5620
vn 0.7664 -0.5706 -0.2949
vn 0.0000 -0.4366 0.8997
vn 0.8708 -0.4917 -0.0011
vn 0.8709 -0.4915 -0.0017
vn 0.8707 -0.4919 -0.0006
vn 0.1116 0.9929 -0.0422
vn -0.6028 0.7975 -0.0237
vn -0.3458 0.9374 -0.0422
vn 0.6514 -0.6349 -0.4154
vn 0.6513 -0.6351 -0.4153
vn -0.3398 0.9389 0.0542
vn -0.3451 0.9384 -0.0189
vn -0.2750 -0.7089 -0.6495
vn -0.2750 -0.7090 -0.6494
vn -0.6999 -0.7089 -0.0866
vn 0.1424 -0.0801 0.9866
vn 0.6011 -0.0689 -0.7962
vn -0.9912 0.1250 -0.0430
vn -0.9912 0.1250 0.0431
vn -0.3051 -0.9516 -0.0382
vn -0.8754 -0.4833 -0.0017
vn -0.8755 -0.4832 -0.0022
vn -0.9966 0.0816 -0.0084
vn -0.9778 -0.2066 -0.0349
vn 0.0000 -0.5286 0.8489
vn 0.8860 -0.4638 -0.0000
vn -0.0780 -0.2519 -0.9646
vn -0.4402 -0.3456 -0.8287
vn -0.0002 -0.4366 -0.8996
vn -0.0006 -0.4368 -0.8996
vn -0.8890 -0.4580 -0.0012
vn -0.8889 -0.4582 -0.0017
vn -0.7281 -0.6157 -0.3014
vn -0.7281 -0.6156 -0.3014
vn -0.3328 -0.5498 -0.7661
vn -0.3371 -0.5501 -0.7641
vn -0.1212 -0.5459 -0.8291
vn -0.1223 -0.5458 -0.8289
vn 0.3899 0.0000 -0.9209
vn 0.9924 -0.0078 0.1228
vn -0.3848 -0.1606 -0.9089
vn -0.3848 -0.1607 -0.9089
vn 0.5089 0.8605 -0.0221
vn 0.5089 0.8605 0.0221
vn -0.5859 -0.2333 -0.7761
vn 0.6014 -0.0622 0.7965
vn 0.1212 -0.5459 0.8291
vn 0.1223 -0.5458 0.8289
vn 0.5062 -0.5558 0.6594
vn -0.5864 -0.6812 0.4383
vn -0.5891 -0.6791 0.4380
vn 0.0170 0.2078 0.9780
vn 0.0159 0.2064 0.9783
vn -0.3823 -0.9228 -0.0473
vn -0.3824 -0.9228 -0.0473
vn -0.9030 -0.4297 0.0085
vn -0.9030 -0.4297 0.0013
vn -0.4276 0.3777 0.8213
vn -0.4969 0.3791 0.7807
vn -0.5308 -0.5566 -0.6391
vn -0.9351 0.3524 -0.0378
vn -0.8027 0.5950 -0.0402
vn -0.0000 -0.5286 -0.8489
vn 0.2666 -0.7298 0.6296
vn -0.2750 -0.7090 0.6494
vn -0.7804 -0.1157 0.6144
vn 0.0206 -0.9920 -0.1243
vn 0.4402 -0.3456 -0.8287
vn 0.7913 -0.6106 -0.0323
vn 0.0007 -0.4371 -0.8994
vn 0.0002 -0.4366 -0.8996
vn 0.8845 -0.4666 -0.0011
vn 0.8846 -0.4664 -0.0000
vn 0.8845 -0.4665 -0.0006
vn 0.4278 -0.5200 -0.7393
vn 0.4269 -0.5205 -0.7395
vn 0.4276 -0.5207 -0.7390
vn 0.8432 -0.5375 -0.0067
vn 0.8427 -0.5383 -0.0100
vn 0.8437 -0.5367 -0.0034
vn -0.8437 -0.5367 -0.0034
vn -0.8427 -0.5383 -0.0100
vn -0.4276 -0.5207 -0.7390
vn -0.4270 -0.5201 -0.7397
vn -0.4272 -0.5198 -0.7398
vn 0.7755 -0.1611 0.6105
vn 0.3824 -0.9228 0.0473
vn 0.0000 -0.5671 0.8236
vn -0.4278 -0.5200 -0.7393
vn 0.9924 -0.0076 0.1228
vn 0.3824 -0.9228 -0.0473
vn 0.8443 -0.5359 -0.0000
vn -0.1410 -0.1611 0.9768
vn -0.5947 -0.1607 0.7877
vn -0.5947 -0.1606 0.7877
vn -0.0346 -0.6187 -0.7848
vn 0.8633 0.0000 0.5048
vn 0.0000 0.9494 0.3142
vn 0.0000 0.9493 0.3143
vn 0.0158 -0.9999 -0.0000
vn 0.8023 0.5965 -0.0197
vn 0.9352 0.3539 -0.0141
vn -0.0094 1.0000 0.0000
vn 0.8250 -0.5518 0.1221
vn 0.6231 -0.5846 -0.5196
vn 0.6252 -0.5853 -0.5163
vn 0.0199 0.1683 0.9855
vn 0.0210 0.1672 0.9857
vn -0.5898 0.7983 0.1220
vn 0.0190 -0.0028 -0.9998
vn 0.6089 0.7690 -0.1949
vn -0.8860 -0.4638 0.0000
vn -0.8859 -0.4638 0.0000
vn -0.9810 -0.1649 0.1019
vn -0.9842 -0.1447 0.1022
vn 0.9208 -0.1819 0.3450
vn -0.9737 0.0951 -0.2070
vn -0.0544 -0.0006 -0.9985
vn -0.5995 0.6725 -0.4340
vn -0.0225 -0.0027 -0.9997
vn -0.0188 -0.0029 -0.9998
vn 0.8769 -0.4807 -0.0000
vn -0.8624 -0.3707 0.3447
vn 0.1327 -0.3707 0.9192
vn -0.6061 0.7952 -0.0168
vn -0.9357 0.3527 -0.0094
vn -0.3858 -0.1440 -0.9113
vn -0.8848 -0.3035 -0.3536
vn -0.8848 -0.3035 -0.3537
vn 0.9697 -0.1150 -0.2155
vn 0.9849 -0.1152 -0.1293
vn 0.9697 -0.1150 0.2155
vn 0.9849 -0.1152 0.1293
vn -0.9849 -0.1152 -0.1293
vn -0.9697 -0.1150 -0.2155
vn -0.9849 -0.1152 0.1293
vn -0.9697 -0.1150 0.2155
vn 0.7672 -0.5670 0.3000
vn 0.7689 -0.5667 0.2959
vn 0.8142 -0.5718 -0.1007
vn 0.3328 -0.5498 -0.7661
vn 0.3336 -0.5468 -0.7679
vn 0.3305 -0.5470 -0.7691
vn 0.8813 -0.1139 0.4585
vn 0.8376 -0.1135 0.5343
vn -0.9785 -0.2064 0.0041
vn -0.9966 0.0823 -0.0026
vn 0.8376 -0.1135 -0.5343
vn 0.8814 -0.1139 -0.4585
vn -0.8813 -0.1139 0.4585
vn -0.8376 -0.1135 0.5343
vn -0.8813 -0.1139 -0.4585
vn -0.8376 -0.1135 -0.5343
vn 0.8636 -0.5041 0.0022
vn 0.8632 -0.5048 0.0043
vn 0.8640 -0.5034 -0.0000
vn -0.8670 -0.4982 0.0000
vn 0.0002 -0.4381 -0.8989
vn 0.0007 -0.4377 -0.8991
vn -0.6715 -0.1118 0.7325
vn -0.6045 -0.1112 0.7888
vn 0.6715 -0.1118 0.7325
vn 0.6045 -0.1112 0.7888
vn 0.6045 -0.1112 -0.7888
vn 0.6715 -0.1118 -0.7325
vn -0.6715 -0.1118 -0.7325
vn -0.6045 -0.1112 -0.7888
vn 0.0542 -0.0108 -0.9985
vn 0.8865 0.1352 -0.4426
vn -0.0433 -0.0152 -0.9989
vn -0.9030 -0.4284 -0.0320
vn 0.1203 -0.5467 -0.8287
vn 0.1223 -0.5458 -0.8289
vn 0.1212 -0.5459 -0.8291
vn 0.6534 -0.5641 -0.5047
vn 0.6534 -0.5642 -0.5047
vn -0.8632 -0.5048 0.0043
vn -0.8636 -0.5041 0.0022
vn -0.8624 -0.5062 0.0085
vn -0.9821 -0.1440 0.1215
vn -0.5963 -0.1440 0.7898
vn 0.1395 -0.0613 -0.9883
vn 0.9247 -0.1595 0.3458
vn -0.2984 -0.1094 0.9482
vn -0.3806 -0.1097 0.9182
vn -0.0438 -0.1088 0.9931
vn 0.0438 -0.1088 0.9931
vn 0.3806 -0.1097 0.9182
vn 0.2984 -0.1094 0.9482
vn -0.9208 -0.1819 -0.3450
vn -0.9211 -0.1815 -0.3445
vn 0.9809 -0.1653 -0.1025
vn 0.8903 -0.4005 -0.2166
vn -0.0280 -0.0095 -0.9996
vn -0.6333 -0.7470 -0.2022
vn 0.4249 -0.7090 0.5628
vn 0.6999 -0.7090 0.0866
vn -0.3864 -0.0568 -0.9206
vn 0.8189 -0.5566 0.1402
vn -0.1410 -0.1611 -0.9768
vn 0.2555 -0.9057 -0.3384
vn -0.3865 -0.0568 0.9206
vn 0.9257 -0.0613 0.3733
vn -0.4068 -0.9135 0.0082
vn -0.6360 -0.7717 -0.0049
vn 0.0388 0.1949 0.9801
vn 0.0419 0.1955 0.9798
vn -0.9306 -0.1390 0.3386
vn 0.9703 -0.2158 0.1088
vn -0.9208 -0.1819 0.3450
vn -0.1115 0.9929 -0.0422
vn 0.0000 -0.6325 0.7746
vn -0.0000 0.3756 -0.9268
vn -0.3571 0.0000 -0.9341
vn -0.3082 -0.9015 -0.3037
vn -0.7676 0.0000 -0.6409
vn -0.6260 -0.5793 -0.5220
vn -0.6282 -0.5797 -0.5189
vn 0.5947 -0.1606 -0.7877
vn 0.9795 -0.1606 -0.1212
vn -0.8145 -0.5720 -0.0968
vn -0.8147 -0.5721 -0.0946
vn 0.3848 -0.1606 0.9089
vn -0.0127 0.1602 0.9870
vn 0.3370 0.9379 0.0827
vn 0.4060 -0.9137 0.0154
vn 0.3689 -0.8179 0.4416
vn -0.9726 0.2327 0.0000
vn 0.5947 -0.1606 0.7877
vn 0.9795 -0.1606 0.1212
vn -0.7808 0.6020 0.1670
vn -0.8102 0.5860 -0.0135
vn 0.1397 -0.9899 -0.0230
vn 0.1400 -0.9901 0.0095
vn 0.7808 0.6020 0.1669
vn 0.8102 0.5860 -0.0135
vn 0.0069 -0.9999 -0.0101
vn 0.0165 -0.9403 0.3400
vn 0.1429 0.0000 0.9897
vn -0.1302 -0.9700 -0.2053
vn 0.9686 0.1247 0.2152
vn 0.9462 0.1244 0.2987
vn 0.9188 -0.1445 0.3673
vn 0.8848 -0.3035 -0.3537
vn 0.8848 -0.3035 -0.3536
vn 0.9785 -0.2063 0.0020
vn 0.9785 -0.2062 -0.0031
vn -0.6038 0.1206 -0.7879
vn -0.5330 0.1200 -0.8375
vn 0.6038 0.1206 -0.7879
vn 0.5330 0.1200 -0.8375
vn 0.2981 0.1185 -0.9472
vn 0.2146 0.1182 -0.9695
vn -0.2981 0.1185 -0.9472
vn -0.2146 0.1182 -0.9695
vn 0.7913 -0.6113 0.0111
vn 0.7914 -0.6113 0.0034
vn -0.7914 -0.6113 0.0034
vn -0.7913 -0.6113 0.0111
vn -0.8153 -0.5706 0.0986
vn -0.8155 -0.5705 0.0970
vn 0.1298 0.1180 -0.9845
vn 0.0437 0.1179 -0.9921
vn -0.5063 0.8624 0.0000
vn -0.9042 -0.4272 0.0000
vn -0.3456 0.9378 -0.0340
vn -0.3455 0.9380 -0.0274
vn -0.0437 0.1179 0.9921
vn -0.1298 0.1180 0.9845
vn -0.8143 -0.5718 0.0997
vn -0.9164 -0.1611 -0.3663
vn -0.0354 -0.5961 -0.8022
vn 0.1116 0.9929 -0.0421
vn 0.1115 0.9933 -0.0294
vn -0.3065 -0.5996 -0.7393
vn -0.3065 -0.5995 -0.7394
vn -0.7861 -0.0613 0.6150
vn -0.7844 -0.0574 0.6176
vn 0.3065 -0.5996 -0.7393
vn 0.3065 -0.5995 -0.7394
vn 0.3442 0.9387 0.0197
vn 0.1100 0.9939 0.0121
vn -0.3442 0.9387 0.0197
vn -0.1101 0.9938 0.0120
vn -0.9795 -0.1607 0.1212
vn -0.9795 -0.1606 0.1212
vn -0.7754 -0.1611 -0.6105
vn -0.1393 -0.9900 -0.0237
vn -0.1265 -0.8978 0.4218
vn -0.1396 -0.9901 0.0165
vn -0.8960 0.0000 -0.4441
vn -0.8960 0.0000 -0.4442
vn -0.9783 -0.2066 -0.0118
vn -0.9785 -0.2062 -0.0031
vn 0.9306 -0.1389 0.3388
vn 0.9784 -0.2067 0.0038
vn 0.4068 -0.9134 0.0136
vn 0.4068 -0.9135 0.0082
vn -0.7755 -0.1611 -0.6105
vn 0.0000 -0.5968 0.8024
vn -0.5085 0.0000 0.8611
vn -0.0000 -0.3756 -0.9268
vn -0.9285 -0.0156 -0.3711
vn 0.4272 -0.5198 -0.7398
vn 0.4270 -0.5201 -0.7397
vn 0.9257 -0.0613 -0.3733
vn 0.3780 -0.2127 -0.9010
vn -0.3276 -0.5494 0.7687
vn -0.6025 -0.0078 0.7981
vn 0.3659 -0.8283 0.4242
vn -0.0070 0.2042 0.9789
vn -0.7856 -0.0206 -0.6185
vn -0.4249 -0.7090 -0.5628
vn 0.9025 -0.4293 -0.0340
vn 0.9032 -0.4292 0.0006
vn 0.3848 -0.1606 -0.9089
vn -0.1399 -0.9901 0.0095
vn -0.1398 -0.9900 0.0167
vn -0.8706 -0.4920 0.0000
vn -0.0037 -0.9755 0.2200
vn -0.0165 -0.9403 0.3400
vn -0.0161 -0.2306 0.9729
vn 0.7856 -0.0156 0.6185
vn 0.9858 -0.1154 0.1219
vn -0.7917 -0.6109 0.0040
vn -0.7911 -0.6109 -0.0314
vn 0.3571 0.0000 -0.9341
vn -0.1327 -0.3707 -0.9192
vn 0.3873 -0.1154 -0.9147
vn -0.0640 0.9980 0.0000
vn -0.9264 -0.0691 0.3703
vn -0.2666 -0.7298 0.6296
vn 0.0000 -0.0223 0.9998
vn -0.5866 -0.6749 0.4477
vn -0.5892 -0.6727 0.4476
vn -0.6354 -0.7721 0.0140
vn 0.1395 -0.0613 0.9883
vn 0.0259 -0.9997 -0.0000
vn 0.3455 0.9380 -0.0274
vn 0.3450 0.9384 -0.0190
vn 0.8143 -0.5718 -0.0997
vn 0.6187 0.7855 -0.0133
vn 0.3448 0.9387 -0.0059
vn -0.5985 -0.1154 0.7928
vn -0.1327 -0.3707 0.9192
vn -0.6033 0.7964 -0.0419
vn -0.6030 0.7971 -0.0315
vn 0.6030 0.7971 -0.0315
vn 0.6034 0.7963 -0.0419
vn -0.9957 0.0922 0.0000
vn 0.3848 -0.1607 -0.9089
vn 0.3899 0.0000 0.9209
vn 0.9905 -0.0568 0.1256
vn -0.2429 -0.9700 -0.0101
vn 0.6006 -0.0798 -0.7956
vn 0.6006 -0.0798 -0.7955
vn -0.3897 -0.0281 -0.9205
vn 0.1107 -0.8312 -0.5449
vn 0.7676 0.0000 -0.6409
vn 0.7754 -0.1611 0.6105
vn 0.7755 -0.1611 -0.6105
vn 0.7754 -0.1611 -0.6105
vn 0.5947 -0.1607 -0.7877
vn 0.5085 0.0000 0.8611
vn 0.5085 0.0000 0.8610
vn 0.5866 -0.6747 0.4480
vn 0.5891 -0.6725 0.4479
vn 0.7355 -0.5196 0.4348
vn 0.7345 -0.5209 0.4350
vn -0.9966 0.0810 -0.0170
vn -0.9961 0.0805 -0.0352
vn 0.9961 0.0805 -0.0352
vn 0.9966 0.0810 -0.0170
vn -0.9774 0.0000 -0.2115
vn -0.9969 0.0792 0.0000
vn -0.1113 0.9934 -0.0292
vn -0.1112 0.9936 -0.0218
vn -0.3263 0.9452 0.0131
vn -0.3262 0.9453 0.0066
vn -0.3261 0.9453 0.0041
vn -0.3051 0.2361 0.9226
vn 0.6360 -0.7717 -0.0050
vn 0.6354 -0.7716 -0.0298
vn 0.5898 0.7983 0.1219
vn -0.0199 0.1683 0.9855
vn -0.0210 0.1671 0.9857
vn -0.0211 0.1672 0.9857
vn 0.8844 -0.4667 -0.0017
vn 0.8844 -0.4668 -0.0022
vn 0.8799 -0.4751 -0.0017
vn 0.8799 -0.4751 -0.0022
vn 0.3328 -0.5498 0.7661
vn 0.3371 -0.5501 0.7641
vn 0.0414 -0.9636 -0.2642
vn 0.1761 -0.9842 -0.0157
vn -0.5963 -0.1440 -0.7898
vn -0.6024 -0.0256 -0.7978
vn -0.4061 -0.9135 -0.0253
vn -0.4067 -0.9136 -0.0024
vn 0.8030 0.5957 -0.0186
vn 0.8028 0.5962 -0.0107
vn -0.8030 0.5957 -0.0185
vn -0.8028 0.5962 -0.0107
vn 0.9837 0.1249 -0.1292
vn 0.9912 0.1250 -0.0430
vn 0.9912 0.1250 -0.0431
vn 0.9837 0.1249 0.1292
vn 0.9912 0.1250 0.0431
vn -0.9837 0.1249 0.1292
vn 0.9686 0.1247 -0.2152
vn 0.9462 0.1244 -0.2987
vn -0.3079 -0.9506 -0.0401
vn 0.9966 0.0822 -0.0025
vn 0.9966 0.0820 -0.0044
vn -0.9837 0.1249 -0.1292
vn -0.9912 0.1250 -0.0431
vn -0.9686 0.1247 0.2152
vn -0.9462 0.1244 0.2987
vn -0.9686 0.1247 -0.2152
vn -0.9462 0.1244 -0.2987
vn 0.2971 -0.8335 -0.4659
vn 0.8803 0.1236 0.4580
vn 0.9168 0.1240 0.3796
vn -0.8803 0.1235 0.4580
vn -0.9168 0.1240 0.3796
vn 0.9168 0.1240 -0.3796
vn 0.8803 0.1235 -0.4580
vn -0.8803 0.1236 -0.4580
vn -0.9168 0.1240 -0.3796
vn -0.1085 0.9918 0.0672
vn 0.0042 0.1567 0.9876
vn 0.0034 0.1571 0.9876
vn 0.8367 0.1230 0.5337
vn 0.7871 0.1224 0.6045
vn 0.8367 0.1230 -0.5337
vn 0.7871 0.1224 -0.6045
vn -0.7871 0.1224 -0.6045
vn -0.8367 0.1230 -0.5337
vn -0.8367 0.1230 0.5337
vn -0.7871 0.1224 0.6045
vn 0.6708 0.1212 0.7317
vn 0.7318 0.1218 0.6705
vn -0.6708 0.1212 0.7317
vn -0.7318 0.1218 0.6705
vn 0.6708 0.1212 -0.7317
vn 0.7318 0.1218 -0.6705
vn -0.6708 0.1212 -0.7317
vn -0.7318 0.1218 -0.6705
vn -0.6038 0.1206 0.7879
vn -0.5330 0.1200 0.8375
vn 0.5330 0.1200 0.8375
vn 0.6038 0.1206 0.7879
vn -0.3802 0.1190 0.9172
vn -0.4585 0.1194 0.8806
vn 0.3802 0.1190 0.9172
vn 0.4585 0.1194 0.8806
vn 0.0437 0.1179 0.9921
vn 0.1298 0.1180 0.9845
vn 0.2981 0.1185 0.9472
vn 0.2146 0.1182 0.9695
vn -0.2146 0.1182 0.9695
vn -0.2981 0.1185 0.9472
vn 0.9208 -0.1818 -0.3450
vn -0.8055 -0.5663 -0.1744
vn -0.9784 -0.2067 0.0038
vn -0.9233 -0.1415 0.3572
vn 0.0869 -0.0571 -0.9946
vn 0.0865 -0.0602 -0.9944
vn 0.4687 0.8833 0.0111
vn 0.4686 0.8834 0.0112
vn 0.4684 0.8835 0.0112
vn 0.2750 -0.7090 -0.6494
vn -0.1166 -0.5773 -0.8081
vn 0.8055 -0.5663 0.1744
vn -0.2512 -0.2526 -0.9344
vn 0.6999 -0.7090 -0.0866
vn 0.4249 -0.7090 -0.5628
vn -0.7418 0.5190 -0.4247
vn -0.8027 0.5950 -0.0403
vn 0.8486 -0.3390 0.4063
vn 0.7377 -0.5202 0.4303
vn -0.7857 0.0000 0.6186
vn 0.5854 -0.3915 -0.7099
vn 0.1314 -0.9813 -0.1407
vn -0.5947 -0.1606 -0.7877
vn -0.5947 -0.1607 -0.7877
vn 0.9351 0.3524 -0.0380
vn 0.8431 0.3282 -0.4260
vn 0.3898 -0.0156 -0.9208
vn 0.0780 -0.2519 -0.9646
vn -0.0617 -0.3419 -0.9377
vn -0.7786 0.6036 0.1716
vn 0.0291 0.1733 0.9844
vn 0.0295 0.1755 0.9840
vn 0.0306 0.1792 0.9833
vn 0.0000 0.5968 0.8024
vn 0.4061 -0.9135 -0.0253
vn 0.1393 -0.9900 -0.0237
vn -0.2004 0.3743 -0.9054
vn -0.1213 0.3737 -0.9196
vn -0.4735 0.8587 -0.1960
vn -0.4736 0.8587 -0.1961
vn -0.4876 0.8594 -0.1539
vn -0.4876 0.8594 0.1539
vn -0.4735 0.8587 0.1960
vn -0.4736 0.8587 0.1961
vn 0.7658 -0.5672 -0.3032
vn 0.3258 -0.5492 -0.7695
vn -0.0383 0.1885 0.9813
vn -0.0392 0.1911 0.9808
vn -0.9853 0.1697 -0.0188
vn -0.9848 0.1724 -0.0189
vn -0.7754 -0.1611 0.6105
vn -0.7755 -0.1611 0.6105
vn -0.5047 -0.5522 -0.6636
vn -0.5062 -0.5558 -0.6594
vn 0.0086 0.2096 0.9777
vn 0.0074 0.2116 0.9773
vn -0.3660 -0.8284 0.4241
vn 0.8145 -0.5720 -0.0968
vn -0.7639 -0.5701 -0.3024
vn -0.8151 -0.5707 0.0998
vn 0.8080 -0.4033 -0.4296
vn 0.8580 -0.2421 -0.4530
vn 0.7987 -0.6018 -0.0000
vn 0.3886 -0.0798 0.9179
vn 0.9893 -0.0798 -0.1224
vn 0.4104 0.8557 -0.3151
vn 0.4103 0.8558 -0.3151
vn 0.3829 0.8546 -0.3507
vn 0.3830 0.8545 -0.3508
vn -0.5034 -0.5555 -0.6618
vn -0.1203 -0.5467 -0.8287
vn 0.6762 -0.2220 -0.7025
vn 0.9261 -0.1285 0.3547
vn 0.9248 -0.1276 0.3584
vn -0.0357 0.2009 0.9790
vn -0.0357 0.2007 0.9790
vn 0.0079 1.0000 -0.0000
vn -0.2832 -0.9522 -0.1148
vn -0.2815 -0.9529 -0.1129
vn 0.4276 0.3777 -0.8213
vn 0.4969 0.3791 -0.7807
vn 0.4104 0.8557 0.3151
vn 0.4103 0.8558 0.3151
vn 0.3829 0.8546 0.3507
vn 0.3830 0.8545 0.3508
vn -0.4969 0.3791 -0.7807
vn -0.4276 0.3777 -0.8213
vn 0.6099 -0.6558 -0.4449
vn 0.7245 -0.5461 -0.4205
vn 0.7229 -0.6910 -0.0000
vn 0.7639 -0.5701 0.3024
vn -0.7245 -0.5461 -0.4205
vn -0.6099 -0.6558 -0.4449
vn 0.1203 -0.5467 0.8287
vn -0.3829 0.8546 0.3507
vn -0.3830 0.8545 0.3508
vn -0.4104 0.8557 0.3151
vn -0.4103 0.8558 0.3151
vn -0.4104 0.8557 -0.3151
vn -0.4103 0.8558 -0.3151
vn -0.3829 0.8546 -0.3507
vn -0.3830 0.8545 -0.3508
vn -0.3886 -0.0798 -0.9179
vn 0.1085 -0.6510 0.7513
vn 0.1084 -0.6511 0.7512
vn -0.2963 -0.6499 0.6998
vn 0.2433 0.8500 0.4672
vn 0.2434 0.8499 0.4674
vn 0.2821 0.8510 0.4430
vn 0.2820 0.8511 0.4429
vn 0.7854 -0.0257 -0.6184
vn 0.9821 -0.1440 0.1215
vn -0.8192 0.5107 -0.2611
vn -0.0266 -0.0104 -0.9996
vn -0.3848 -0.1606 0.9089
vn 0.1410 -0.1611 0.9768
vn -0.2434 0.8500 0.4672
vn -0.2434 0.8499 0.4674
vn -0.2821 0.8510 0.4430
vn -0.2820 0.8511 0.4429
vn 0.4876 0.8594 -0.1539
vn 0.4735 0.8587 -0.1960
vn 0.4736 0.8587 -0.1961
vn -0.1148 0.8475 0.5183
vn -0.1147 0.8475 0.5182
vn -0.0695 0.8471 0.5269
vn -0.0695 0.8470 0.5270
vn 0.0407 -0.0091 -0.9991
vn 0.8780 0.3996 -0.2634
vn 0.1148 0.8475 0.5183
vn 0.1147 0.8475 0.5182
vn 0.0695 0.8471 0.5269
vn 0.0695 0.8470 0.5270
vn -0.9285 -0.0156 0.3711
vn 0.9924 -0.1153 0.0431
vn 0.9924 -0.1153 -0.0431
vn 0.2429 -0.9700 -0.0101
vn -0.5089 0.8605 0.0221
vn -0.5089 0.8605 -0.0221
vn 0.8414 -0.4661 -0.2733
vn 0.7913 -0.5470 -0.2731
vn 0.0695 0.8471 -0.5269
vn 0.0695 0.8470 -0.5270
vn 0.1148 0.8475 -0.5183
vn 0.1147 0.8475 -0.5182
vn 0.1429 -0.0077 0.9897
vn -0.6060 0.7955 0.0038
vn -0.3448 0.9387 -0.0059
vn -0.8865 0.1353 -0.4426
vn -0.8430 0.3283 -0.4261
vn 0.5996 0.6724 -0.4340
vn 0.7418 0.5189 -0.4247
vn -0.9795 -0.1607 -0.1212
vn -0.9795 -0.1606 -0.1212
vn 0.1371 -0.9337 -0.3309
vn -0.0901 -0.7761 0.6241
vn 0.3858 -0.1440 -0.9113
vn 0.5985 -0.1154 0.7928
vn 0.7847 -0.0508 0.6178
vn 0.9164 -0.1611 0.3663
vn -0.7861 -0.0613 -0.6150
vn 0.9164 -0.1611 -0.3663
vn -0.3122 0.9500 0.0000
vn -0.6286 0.7721 0.0934
vn -0.7952 0.5930 0.1264
vn 0.6285 0.7722 0.0933
vn 0.7952 0.5931 0.1263
vn 0.1428 -0.0206 0.9895
vn 0.5942 -0.1662 0.7870
vn -0.9188 -0.1444 0.3673
vn 0.9221 -0.3698 -0.1141
vn -0.1084 -0.0518 -0.9928
vn -0.1091 -0.0479 -0.9929
vn -0.1076 -0.0557 -0.9926
vn -0.3371 0.9414 0.0089
vn -0.3367 0.9415 0.0110
vn -0.5854 -0.3915 -0.7099
vn -0.8294 -0.1958 -0.5233
vn -0.9284 -0.0206 -0.3711
vn -0.9786 -0.1662 -0.1211
vn 0.9786 -0.1662 0.1211
vn 0.9284 -0.0206 0.3711
vn -0.0505 -0.9354 -0.3501
vn -0.0490 -0.9363 -0.3479
vn 0.1410 -0.1611 -0.9768
vn 0.5985 -0.1154 -0.7928
vn 0.5985 -0.1154 -0.7927
vn 0.9274 -0.0508 -0.3707
vn 0.7506 -0.6168 0.2369
vn 0.0830 0.9966 -0.0000
vn -0.1128 -0.9700 0.2154
vn 0.7862 -0.0613 -0.6150
vn 0.2109 -0.9770 0.0322
vn 0.2090 -0.9774 0.0308
vn 0.2555 -0.9057 0.3384
vn -0.5746 -0.6698 0.4703
vn -0.7293 -0.5086 0.4577
vn -0.2109 -0.9770 -0.0322
vn -0.2090 -0.9774 -0.0308
vn -0.2555 -0.9057 -0.3384
vn 0.4065 -0.9135 0.0159
vn 0.6358 -0.7717 0.0134
vn -0.4065 -0.9135 0.0159
vn -0.6358 -0.7718 0.0135
vn -0.3873 -0.1154 -0.9147
vn -0.6025 -0.0156 -0.7980
vn -0.9423 0.1339 0.3067
vn -0.9250 -0.1278 0.3579
vn -0.6040 -0.0568 -0.7950
vn -0.9521 0.1244 0.2792
vn 0.0357 0.1833 0.9824
vn 0.0173 0.2015 0.9793
vn -0.7664 -0.5706 -0.2949
vn 0.9521 0.1245 0.2792
vn -0.1111 0.9936 -0.0220
vn 0.1110 0.9936 -0.0220
vn -0.9966 0.0822 -0.0025
vn 0.7166 0.6975 -0.0000
vn 0.9353 0.3537 -0.0144
vn 0.9352 0.3540 -0.0108
vn -0.9352 0.3540 -0.0108
vn -0.9353 0.3537 -0.0144
vn -0.3468 -0.7018 -0.6222
vn 0.9076 -0.2439 0.3417
vn -0.5598 -0.3698 -0.7415
vn 0.8848 -0.3035 0.3536
vn -0.3886 -0.0798 0.9179
vn -0.7832 -0.0801 0.6166
vn 0.6060 0.7955 0.0038
vn 0.6061 0.7952 -0.0168
vn -0.7914 -0.5469 -0.2731
vn -0.8415 -0.4661 -0.2733
vn 0.9357 0.3528 -0.0092
vn 0.9357 0.3528 -0.0094
vn 0.6593 -0.5597 -0.5021
vn 0.3276 -0.5494 -0.7687
vn -0.8059 0.5921 -0.0070
vn -0.8060 0.5917 -0.0155
vn 0.7506 -0.6168 -0.2369
vn 0.7506 -0.6169 -0.2369
vn -0.9031 -0.4294 0.0064
vn -0.9784 -0.2067 0.0018
vn 0.9784 -0.2066 0.0017
vn 0.9031 -0.4294 0.0063
vn -0.0786 -0.9491 0.3050
vn -0.2500 -0.2521 -0.9348
vn -0.9029 -0.4299 0.0059
vn -0.7912 -0.6114 0.0094
vn 0.9029 -0.4299 0.0058
vn 0.7913 -0.6114 0.0093
vn 0.2042 -0.9516 -0.2296
vn -0.9270 -0.0574 0.3706
vn 0.6357 -0.7718 0.0117
vn 0.7915 -0.6111 0.0088
vn -0.6357 -0.7718 0.0117
vn -0.7915 -0.6110 0.0088
vn -0.3009 -0.9516 -0.0621
vn -0.0011 -1.0000 0.0000
vn 0.6450 -0.7642 -0.0000
vn 0.6450 -0.7641 -0.0000
vn -0.2231 -0.9289 0.2955
vn -0.3824 -0.9228 0.0473
vn -0.3823 -0.9228 0.0473
vn 0.6025 -0.0076 -0.7981
vn -0.3691 -0.6012 -0.7088
vn -0.3692 -0.6010 -0.7089
vn 0.3691 -0.6012 -0.7088
vn 0.3692 -0.6010 -0.7089
vn 0.3051 -0.9516 -0.0382
vn 0.3079 -0.9506 -0.0401
vn -0.9365 -0.3255 0.1307
vn 0.7658 -0.5672 0.3032
vn 0.5034 -0.5555 0.6618
vn 0.1094 0.9932 0.0390
vn -0.1095 0.9932 0.0390
vn 0.6510 -0.5638 -0.5083
vn 0.8151 -0.5707 -0.0998
vn -0.8107 -0.5855 0.0000
vn -0.9286 0.0000 -0.3711
vn -0.9285 -0.0077 -0.3711
vn -0.4064 -0.9136 0.0133
vn -0.1400 -0.9900 0.0145
vn 0.4064 -0.9136 0.0132
vn 0.1400 -0.9900 0.0145
vn -0.6926 -0.3880 0.6081
vn -0.8055 -0.5663 0.1744
vn 0.9843 0.1764 -0.0083
vn 0.9835 0.1807 -0.0083
vn 0.9846 0.1746 -0.0120
vn 0.0482 0.1914 0.9803
vn 0.0485 0.1905 0.9805
vn 0.9232 -0.1414 0.3574
vn 0.1127 -0.9700 -0.2154
vn -0.8142 -0.5717 0.1007
vn -0.7658 -0.5672 -0.3032
vn 0.4682 0.8836 0.0111
vn 0.4312 0.2500 0.8670
vn 0.4311 0.2500 0.8670
vn 0.1109 0.9938 -0.0103
vn -0.3449 0.9386 -0.0058
vn -0.1109 0.9938 -0.0103
vn 0.1398 -0.9901 0.0144
vn -0.1398 -0.9901 0.0144
vn 0.2588 0.8814 -0.3953
vn 0.0895 0.9261 -0.3664
vn -0.5985 -0.1154 0.7927
vn -0.5859 -0.2333 0.7761
vn 0.2624 -0.3243 0.9088
vn -0.0894 0.9261 -0.3664
vn -0.2587 0.8814 -0.3953
vn -0.8580 -0.2421 -0.4530
vn -0.8080 -0.4033 -0.4295
vn -0.7247 -0.6252 0.2897
vn -0.6416 -0.5773 0.5051
vn 0.0005 -0.3194 -0.9476
vn -0.0005 -0.2743 -0.9616
vn 0.3899 -0.0078 -0.9208
vn -0.1428 -0.0282 -0.9894
vn 0.3051 -0.9516 0.0382
vn 0.0967 -0.9516 -0.2916
vn -0.3898 -0.0256 0.9206
vn -0.7854 -0.0257 0.6184
vn 0.0322 -0.9797 0.1980
vn -0.1115 0.9931 -0.0352
vn -0.3457 0.9377 -0.0343
vn 0.0295 -0.9986 -0.0431
vn 0.0037 0.0000 1.0000
vn 0.3458 0.9377 -0.0343
vn 0.1115 0.9931 -0.0352
vn 0.3865 -0.0568 -0.9206
vn -0.2042 -0.9516 0.2295
vn -0.6785 -0.7298 -0.0839
vn 0.7832 -0.0801 0.6166
vn -0.2971 -0.8334 -0.4659
vn -0.1064 -0.8836 -0.4560
vn -0.2555 -0.9057 0.3384
vn -0.2308 -0.2718 -0.9343
vn -0.0111 -0.9974 -0.0707
vn 0.8905 0.3794 0.2509
vn -0.0349 0.1813 0.9828
vn -0.0376 0.1830 0.9824
vn 0.1728 -0.9145 -0.3657
vn 0.5714 -0.4190 -0.7056
vn -0.5942 -0.1662 -0.7870
vn -0.1425 -0.0691 -0.9874
vn 0.1371 -0.9337 0.3309
vn 0.2463 -0.7752 0.5817
vn 0.6604 -0.5417 0.5200
vn -0.0505 -0.9354 0.3501
vn -0.0490 -0.9363 0.3479
vn -0.6033 0.7969 -0.0309
vn -0.8025 0.5961 -0.0271
vn 0.6034 0.7969 -0.0309
vn 0.8025 0.5961 -0.0271
vn -0.7360 -0.5227 0.4302
vn -0.8438 -0.3490 0.4078
vn -0.5786 0.7951 0.1817
vn -0.3312 0.9327 0.1428
vn -0.3310 0.9329 0.1420
vn 0.7443 0.6679 -0.0000
vn 0.7442 0.6679 -0.0000
vn 0.3311 0.9327 0.1428
vn 0.3309 0.9329 0.1419
vn 0.5786 0.7951 0.1817
vn -0.1358 -0.2300 -0.9637
vn 0.3899 -0.0078 0.9208
vn 0.3570 -0.9232 -0.1424
vn 0.4187 0.9081 -0.0000
vn -0.3927 -0.9062 -0.1570
vn 0.1302 -0.9700 0.2052
vn -0.5913 -0.2127 -0.7779
vn -0.1710 -0.9039 -0.3921
vn -0.0801 -0.8800 -0.4681
vn 0.7854 -0.0257 0.6184
vn 0.9921 -0.0256 -0.1227
vn 0.1710 -0.9039 -0.3921
vn 0.0460 -0.9658 -0.2552
vn 0.9208 -0.1819 -0.3450
vn -0.4003 -0.8841 -0.2409
vn -0.9893 -0.0798 0.1224
vn -0.9256 -0.0801 -0.3700
vn -0.9256 -0.0800 -0.3699
vn -0.6762 -0.2220 0.7025
vn 0.9473 -0.1147 -0.2990
vn 0.9179 -0.1144 -0.3801
vn -0.9473 -0.1147 -0.2990
vn -0.9179 -0.1144 -0.3801
vn -0.9473 -0.1147 0.2990
vn -0.9179 -0.1144 0.3801
vn 0.5942 -0.1662 -0.7870
vn 0.1428 -0.0206 -0.9895
vn -0.3452 0.9381 -0.0271
vn -0.6033 0.7972 -0.0230
vn 0.3452 0.9381 -0.0271
vn 0.6033 0.7972 -0.0230
vn 0.9966 0.0813 -0.0167
vn 0.9352 0.3534 -0.0216
vn -0.9965 0.0813 -0.0166
vn -0.9352 0.3534 -0.0216
vn -0.7326 -0.1124 0.6713
vn -0.7326 -0.1123 0.6713
vn -0.7880 -0.1129 0.6052
vn -0.7327 -0.1124 -0.6713
vn -0.7326 -0.1123 -0.6713
vn -0.7880 -0.1129 -0.6052
vn -0.5688 -0.8223 0.0174
vn 0.7327 -0.1124 -0.6713
vn 0.7327 -0.1123 -0.6713
vn 0.7880 -0.1129 -0.6052
vn 0.7880 -0.1129 0.6052
vn 0.7326 -0.1124 0.6713
vn 0.7326 -0.1123 0.6713
vn 0.2148 -0.1090 -0.9706
vn 0.2148 -0.1091 -0.9705
vn 0.1300 -0.1089 -0.9855
vn 0.1300 -0.1088 -0.9855
vn 0.1300 -0.1089 0.9855
vn 0.2148 -0.1090 0.9706
vn 0.2148 -0.1091 0.9705
vn -0.1300 -0.1089 0.9855
vn -0.2148 -0.1090 0.9706
vn -0.2148 -0.1091 0.9705
vn -0.2148 -0.1090 -0.9706
vn -0.2148 -0.1091 -0.9705
vn -0.1300 -0.1089 -0.9855
vn -0.9200 -0.1169 0.3740
vn -0.8469 -0.3373 0.4111
vn 0.9785 -0.2060 -0.0129
vn 0.9030 -0.4296 -0.0090
vn -0.9785 -0.2059 -0.0129
vn -0.9030 -0.4295 -0.0089
vn 0.1206 -0.3409 -0.9323
vn 0.2615 -0.2827 -0.9229
vn 0.0111 -0.9974 -0.0707
vn 0.0016 -0.9947 -0.1026
vn -0.0016 -0.9947 -0.1026
vn 0.6053 0.7950 0.0398
vn 0.3431 0.9391 0.0213
vn -0.3432 0.9390 0.0214
vn -0.6054 0.7950 0.0399
vn -0.0500 0.9757 -0.2132
vn 0.0501 0.9757 -0.2132
vn -0.9966 0.0815 -0.0085
vn -0.9784 -0.2066 -0.0025
vn 0.9966 0.0815 -0.0085
vn 0.9784 -0.2066 -0.0025
vn -0.9484 -0.3144 -0.0412
vn -0.9484 -0.3144 0.0412
vn 0.8778 -0.3122 0.3634
vn 0.9057 -0.3130 0.2859
vn 0.9999 -0.0109 -0.0000
vn -0.0000 0.9582 -0.2861
vn -0.9994 0.0001 0.0339
vn -0.9994 0.0003 0.0337
vn -0.3806 -0.7753 0.5041
vn 0.7487 -0.3035 -0.5894
vn 0.5745 -0.6697 0.4706
vn 0.7292 -0.5085 0.4580
vn -0.6510 -0.5638 0.5083
vn -0.7915 -0.6112 -0.0076
vn -0.6361 -0.7716 -0.0048
vn -0.3845 -0.1662 0.9081
vn -0.7747 -0.1667 0.6099
vn 0.6360 -0.7716 -0.0049
vn 0.7915 -0.6112 -0.0076
vn -0.2999 -0.6222 0.7231
vn -0.2999 -0.6221 0.7232
vn -0.9436 0.1347 0.3025
vn 0.0413 0.1904 0.9808
vn 0.3726 0.0506 -0.9266
vn 0.3758 -0.1099 -0.9201
vn -0.0630 -0.9560 -0.2866
vn 0.0630 -0.9560 -0.2866
vn 0.0617 -0.3419 -0.9377
vn 0.0033 -0.9959 -0.0903
vn 0.7609 0.6481 0.0330
vn 0.7609 0.6481 -0.0330
vn 0.8210 0.5710 -0.0000
vn 0.9269 -0.3137 0.2060
vn -0.5117 -0.3029 -0.8040
vn -0.5795 -0.3042 -0.7561
vn 0.3082 -0.9015 -0.3037
vn 0.7015 -0.4953 -0.5124
vn 0.5795 -0.3041 -0.7561
vn 0.5117 -0.3029 -0.8040
vn 0.2615 0.2853 -0.9221
vn 0.1183 0.3934 -0.9117
vn 0.4064 -0.9137 -0.0021
vn 0.1399 -0.9902 -0.0007
vn -0.2864 -0.2995 -0.9101
vn -0.2062 -0.2987 -0.9318
vn -0.2062 -0.2988 -0.9318
vn -0.4064 -0.9137 -0.0021
vn -0.1399 -0.9902 -0.0007
vn 0.2062 -0.2987 -0.9318
vn 0.2062 -0.2988 -0.9318
vn 0.2864 -0.2995 -0.9101
vn -0.0420 -0.2980 0.9536
vn -0.1248 -0.2982 0.9463
vn 0.0420 -0.2980 -0.9536
vn 0.1248 -0.2983 -0.9463
vn 0.1248 -0.2982 -0.9463
vn -0.0030 0.2135 0.9769
vn -0.0025 0.2132 0.9770
vn 0.1208 -0.8918 0.4360
vn -0.2615 0.2853 -0.9221
vn -0.1182 0.3933 -0.9118
vn -0.5252 -0.6294 0.5727
vn -0.5253 -0.6293 0.5728
vn -0.1296 -0.9013 0.4133
vn 0.1296 -0.9013 0.4133
vn -0.1203 -0.5459 -0.8291
vn 0.3281 -0.5472 -0.7700
vn 0.1116 0.9931 -0.0353
vn -0.1115 0.9931 -0.0353
vn -0.3323 -0.9062 0.2616
vn 0.2999 -0.6222 0.7231
vn 0.2999 -0.6221 0.7232
vn -0.1128 -0.9700 -0.2154
vn -0.9711 -0.1975 -0.1337
vn -0.7499 -0.6402 -0.1666
vn -0.7499 -0.6403 -0.1666
vn -0.3281 -0.5472 0.7700
vn 0.1203 -0.5459 0.8291
vn 0.4120 -0.7298 0.5456
vn 0.6668 -0.6960 0.2665
vn -0.6360 -0.7717 0.0059
vn -0.4067 -0.9135 0.0084
vn 0.4067 -0.9135 0.0083
vn 0.6360 -0.7717 0.0059
vn -0.9413 -0.3142 0.1236
vn -0.9413 -0.3142 -0.1236
vn 0.9057 -0.3130 -0.2859
vn 0.9269 -0.3137 -0.2060
vn -0.9269 -0.3137 -0.2060
vn -0.9057 -0.3130 -0.2859
vn 0.8016 -0.3098 0.5113
vn 0.7544 -0.3084 0.5794
vn 0.7544 -0.3085 0.5794
vn 0.8016 -0.3098 -0.5113
vn 0.7544 -0.3084 -0.5794
vn 0.7544 -0.3085 -0.5794
vn 0.5850 -0.6088 -0.5358
vn 0.5851 -0.6087 -0.5359
vn -0.3780 -0.2127 0.9010
vn -0.9057 -0.3130 0.2859
vn -0.9269 -0.3137 0.2060
vn 0.9484 -0.3144 0.0412
vn 0.9413 -0.3142 0.1236
vn 0.9413 -0.3142 -0.1236
vn 0.9484 -0.3144 -0.0412
vn 0.8431 -0.3111 0.4386
vn 0.8778 -0.3121 0.3635
vn -0.8016 -0.3098 0.5113
vn -0.7544 -0.3084 0.5794
vn -0.7544 -0.3085 0.5794
vn 0.8431 -0.3111 -0.4386
vn 0.8778 -0.3122 -0.3634
vn 0.8778 -0.3121 -0.3635
vn -0.8016 -0.3098 -0.5113
vn -0.7544 -0.3084 -0.5794
vn -0.7544 -0.3085 -0.5794
vn -0.8431 -0.3111 0.4386
vn -0.8778 -0.3122 0.3634
vn -0.8778 -0.3121 0.3635
vn -0.8431 -0.3111 -0.4386
vn -0.8778 -0.3122 -0.3634
vn -0.8778 -0.3121 -0.3635
vn 0.6434 -0.3057 0.7018
vn 0.7017 -0.3071 0.6429
vn 0.7017 -0.3070 0.6429
vn -0.7017 -0.3071 0.6429
vn -0.7017 -0.3070 0.6429
vn -0.6434 -0.3057 0.7018
vn -0.5795 -0.3042 0.7561
vn -0.5117 -0.3029 0.8040
vn -0.7017 -0.3071 -0.6429
vn -0.7017 -0.3070 -0.6429
vn -0.6434 -0.3057 -0.7018
vn 0.6434 -0.3057 -0.7018
vn 0.7017 -0.3071 -0.6429
vn 0.7017 -0.3070 -0.6429
vn 0.5795 -0.3041 0.7561
vn 0.5117 -0.3029 0.8040
vn -0.2991 -0.9245 0.2363
vn 0.2864 -0.2995 0.9101
vn 0.2062 -0.2987 0.9318
vn 0.2062 -0.2988 0.9318
vn 0.4403 -0.3015 0.8457
vn 0.3653 -0.3005 0.8811
vn -0.8848 -0.3035 0.3537
vn 0.4955 -0.7761 -0.3900
vn 0.1248 -0.2983 0.9463
vn 0.1248 -0.2982 0.9463
vn 0.0420 -0.2980 0.9536
vn -0.2864 -0.2995 0.9101
vn -0.2062 -0.2987 0.9318
vn -0.2062 -0.2988 0.9318
vn -0.3653 -0.3005 0.8811
vn -0.4403 -0.3015 0.8457
vn -0.9905 -0.0568 0.1256
vn 0.3457 0.9374 -0.0425
vn 0.6034 0.7963 -0.0420
vn -0.3456 0.9374 -0.0425
vn -0.6034 0.7964 -0.0419
vn 0.5252 -0.6294 0.5727
vn 0.5253 -0.6293 0.5728
vn -0.9036 0.3713 0.2138
vn -0.7887 0.5919 0.1663
vn 0.1327 -0.3707 -0.9192
vn 0.2463 -0.7752 -0.5817
vn 0.8153 -0.5706 0.0986
vn 0.8155 -0.5705 0.0970
vn -0.3758 -0.1098 -0.9202
vn -0.3725 0.0506 -0.9266
vn 0.0253 0.1961 0.9803
vn 0.0214 0.1939 0.9808
vn -0.7328 -0.5097 0.4509
vn -0.6269 -0.7752 -0.0775
vn -0.5855 -0.7761 0.2341
vn -0.6841 -0.6367 0.3558
vn -0.6842 -0.6366 0.3558
vn 0.9035 0.3714 0.2137
vn 0.7887 0.5919 0.1661
vn 0.6841 -0.6367 0.3558
vn 0.6842 -0.6366 0.3558
vn -0.7611 -0.6409 0.0999
vn 0.5062 -0.5558 -0.6594
vn 0.4590 -0.1102 0.8816
vn 0.5336 -0.1106 0.8384
vn 0.5336 -0.1107 0.8384
vn -0.4590 -0.1102 0.8816
vn -0.5336 -0.1106 0.8384
vn -0.5336 -0.1107 0.8384
vn 0.3564 -0.9234 -0.1425
vn 0.5336 -0.1107 -0.8384
vn -0.5336 -0.1107 -0.8384
vn 0.9353 0.3532 -0.0219
vn 0.8028 0.5957 -0.0265
vn -0.9353 0.3532 -0.0219
vn -0.8027 0.5958 -0.0265
vn -0.6514 -0.6350 -0.4154
vn -0.6513 -0.6351 -0.4153
vn 0.1427 -0.0508 0.9885
vn -0.1419 -0.1157 0.9831
vn -0.9988 0.0487 0.0000
vn -0.3548 0.3764 -0.8558
vn -0.4276 0.3776 -0.8213
vn 0.6006 -0.0798 0.7955
vn 0.7857 -0.0078 0.6186
vn 0.3548 0.3764 -0.8558
vn 0.4276 0.3776 -0.8213
vn -0.0409 0.3734 -0.9268
vn 0.3323 -0.9062 0.2616
vn 0.3823 -0.9228 0.0473
vn -0.4485 -0.6690 -0.5927
vn -0.5714 -0.4190 -0.7056
vn -0.2832 -0.9522 0.1148
vn -0.2815 -0.9529 0.1129
vn 0.3570 -0.9232 0.1424
vn 0.3564 -0.9234 0.1425
vn 0.9057 -0.2399 0.3494
vn -0.9076 -0.2439 0.3417
vn -0.2615 -0.2826 -0.9229
vn -0.1206 -0.3408 -0.9324
vn 0.2519 -0.2222 0.9419
vn -0.5985 -0.1154 -0.7928
vn -0.9274 -0.0508 -0.3707
vn 0.3608 -0.8089 0.4643
vn 0.5784 -0.6719 0.4626
vn -0.5785 -0.6720 0.4624
vn -0.3609 -0.8089 0.4640
vn 0.7861 -0.0613 -0.6150
vn -0.3034 -0.9491 0.0845
vn -0.9961 0.0810 -0.0362
vn -0.9781 -0.2055 -0.0328
vn 0.9781 -0.2055 -0.0329
vn 0.9961 0.0810 -0.0362
vn 0.7684 -0.5709 0.2891
vn -0.0000 -0.9985 -0.0551
vn -0.3167 -0.4724 -0.8225
vn -0.3417 0.9384 0.0509
vn -0.1093 0.9932 0.0393
vn 0.3416 0.9385 0.0508
vn 0.1092 0.9932 0.0393
vn 0.6567 -0.5646 0.5000
vn 0.2029 -0.9612 -0.1868
vn -0.1395 -0.0613 0.9883
vn -0.9774 0.0000 -0.2114
vn -0.1222 -0.5468 -0.8283
vn -0.1238 -0.5469 -0.8280
vn -0.9257 -0.0613 -0.3733
vn -0.8189 -0.5566 -0.1402
vn -1.0000 0.0000 0.0001
vn -0.5308 -0.5566 0.6391
vn 0.1358 -0.2301 0.9637
vn -0.3891 -0.0622 0.9191
vn 0.3891 -0.0622 0.9191
vn 0.3892 -0.0622 0.9191
vn 0.9033 -0.4289 -0.0101
vn 0.7917 -0.6108 -0.0069
vn -0.7918 -0.6108 -0.0069
vn -0.9033 -0.4289 -0.0100
vn 0.9292 -0.1453 0.3398
vn 0.9500 0.1254 0.2860
vn 0.2415 -0.3026 -0.9220
vn 0.2155 -0.9144 -0.3425
vn 0.1409 -0.1667 0.9759
vn 0.1167 -0.5773 0.8082
vn 0.1166 -0.5774 0.8081
vn -0.9703 -0.2158 0.1088
vn -0.9980 -0.0639 0.0000
vn 0.1102 0.9938 0.0117
vn -0.1103 0.9938 0.0117
vn 0.9156 -0.1667 -0.3660
vn 0.7582 -0.5773 -0.3031
vn 0.7582 -0.5773 -0.3030
vn 0.7359 -0.5226 0.4305
vn 0.8437 -0.3489 0.4080
vn 0.3898 -0.0256 -0.9206
vn -0.1428 -0.0257 -0.9894
vn 0.9998 0.0004 0.0180
vn 0.9998 0.0001 0.0183
vn 0.4652 -0.5022 0.7290
vn 0.4632 -0.5028 0.7298
vn 0.4672 -0.5016 0.7281
vn -0.6353 -0.7717 -0.0293
vn -0.4054 -0.9137 -0.0267
vn 0.4054 -0.9138 -0.0267
vn 0.6353 -0.7717 -0.0293
vn -0.1398 -0.9902 -0.0005
vn 0.1398 -0.9902 -0.0005
vn -0.9905 -0.0622 -0.1226
vn -0.6014 -0.0622 -0.7965
vn 0.4579 -0.6499 0.6066
vn 0.4579 -0.6499 0.6065
vn 0.1361 -0.3035 0.9431
vn -0.6744 -0.7384 0.0000
vn 0.0525 -0.9985 0.0148
vn 0.7861 -0.0613 0.6150
vn 0.9809 -0.1653 -0.1024
vn 0.9704 -0.2158 0.1088
vn -0.0037 0.0000 1.0000
vn -0.0295 -0.9986 -0.0431
vn -0.1395 -0.0613 -0.9883
vn -0.6013 -0.1975 -0.7742
vn 0.4907 0.8713 -0.0000
vn 0.4908 0.8713 -0.0000
vn -0.7609 0.6481 -0.0330
vn -0.7609 0.6481 0.0330
vn 0.7278 0.6462 0.2297
vn 0.7060 0.6450 0.2923
vn 0.9994 0.0003 0.0337
vn 0.9994 0.0000 0.0339
vn 0.9994 0.0001 0.0339
vn -0.2307 -0.8166 -0.5291
vn -0.2415 -0.3026 -0.9220
vn -0.8188 -0.5567 0.1401
vn 0.3698 -0.1975 -0.9079
vn -0.0414 -0.9636 -0.2642
vn -0.1314 -0.9813 -0.1407
vn 0.0000 -0.5988 0.8009
vn 0.0000 -0.5987 0.8010
vn 0.0000 -0.5987 0.8009
vn -0.3905 -0.5660 0.7261
vn -0.3843 -0.5669 0.7286
vn -0.3822 -0.5672 0.7295
vn 0.9716 -0.2367 -0.0000
vn -0.2231 -0.9289 -0.2955
vn 0.9711 -0.1975 0.1337
vn -0.8189 -0.5566 -0.1401
vn -0.9270 -0.0574 -0.3705
vn -0.8451 -0.0448 -0.5328
vn -0.8460 -0.0449 -0.5313
vn -0.0000 -0.0014 -1.0000
vn 0.8145 -0.5720 0.0968
vn 0.8981 0.3919 -0.1996
vn 0.9119 0.3925 -0.1197
vn 0.9119 0.3925 0.1197
vn 0.8981 0.3919 0.1996
vn 0.7773 0.3873 -0.4958
vn 0.7772 0.3874 -0.4958
vn 0.8173 0.3889 -0.4252
vn 0.8174 0.3887 -0.4252
vn -0.8173 0.3888 0.4252
vn -0.8174 0.3887 0.4252
vn -0.7773 0.3873 0.4958
vn -0.7772 0.3874 0.4958
vn -0.6026 0.0000 -0.7981
vn 0.7773 0.3873 0.4958
vn 0.7772 0.3874 0.4958
vn 0.8173 0.3888 0.4252
vn 0.8174 0.3887 0.4252
vn -0.8173 0.3888 -0.4252
vn -0.8174 0.3887 -0.4252
vn -0.7773 0.3873 -0.4958
vn -0.7772 0.3874 -0.4958
vn -0.9119 0.3925 0.1197
vn -0.8981 0.3919 0.1996
vn -0.9119 0.3925 -0.1197
vn -0.8981 0.3919 -0.1996
vn -0.5625 0.3807 0.7340
vn -0.5624 0.3808 0.7339
vn -0.6244 0.3825 0.6811
vn -0.6244 0.3824 0.6811
vn -0.1734 -0.5971 -0.7832
vn -0.5625 0.3807 -0.7340
vn -0.5624 0.3808 -0.7339
vn -0.6244 0.3825 -0.6811
vn -0.6244 0.3824 -0.6811
vn 0.6244 0.3825 -0.6811
vn 0.6244 0.3824 -0.6811
vn 0.5625 0.3807 -0.7340
vn 0.5624 0.3808 -0.7339
vn 0.6244 0.3825 0.6811
vn 0.6244 0.3824 0.6811
vn 0.5625 0.3807 0.7340
vn 0.5624 0.3808 0.7339
vn -0.0409 0.3734 0.9268
vn 0.0409 0.3734 0.9268
vn -0.2783 0.3752 0.8842
vn -0.2782 0.3752 0.8842
vn -0.3548 0.3764 0.8558
vn -0.3548 0.3763 0.8559
vn -0.2783 0.3752 -0.8842
vn -0.2782 0.3752 -0.8842
vn -0.3548 0.3763 -0.8559
vn 0.3548 0.3763 -0.8559
vn 0.2783 0.3751 -0.8842
vn 0.2782 0.3752 -0.8842
vn -0.7857 -0.0078 0.6186
vn -0.6006 -0.0798 0.7955
vn 0.0409 0.3734 -0.9268
vn 0.3305 -0.5470 0.7691
vn 0.3336 -0.5468 0.7679
vn 0.3548 0.3764 0.8558
vn 0.3548 0.3763 0.8559
vn 0.2783 0.3752 0.8842
vn 0.2782 0.3753 0.8842
vn 0.2994 -0.4647 0.8333
vn 0.8055 -0.5663 -0.1744
vn -0.0134 -0.9985 0.0528
vn -0.1419 -0.1157 -0.9831
vn -0.4120 -0.7298 0.5456
vn -0.6667 -0.6961 0.2664
vn 0.1026 -0.6960 0.7107
vn -0.2803 -0.6950 0.6621
vn 0.9365 -0.3255 0.1307
vn 0.4003 -0.8841 0.2410
vn 0.9028 -0.2339 -0.3608
vn -0.9076 -0.2439 -0.3417
vn -0.2993 -0.4647 -0.8333
vn 0.8460 -0.0449 -0.5313
vn -0.0004 -0.1151 -0.9933
vn 0.0001 -0.1165 -0.9932
vn -0.2963 -0.6499 -0.6999
vn 0.1084 -0.6511 -0.7512
vn 0.9286 0.0000 -0.3712
vn -0.4126 -0.8871 -0.2068
vn -0.7162 -0.1874 -0.6723
vn 0.1203 -0.5459 -0.8291
vn -0.6009 0.7932 0.0990
vn -0.7869 0.6015 0.1377
vn 0.6009 0.7932 0.0989
vn 0.7869 0.6016 0.1376
vn 0.7043 -0.2574 -0.6615
vn 0.6357 -0.2362 -0.7349
vn 0.6508 -0.5602 -0.5124
vn 0.0954 -0.9743 -0.2043
vn 0.4323 -0.3563 -0.8283
vn -0.4323 -0.3563 -0.8283
vn -0.0954 -0.9743 -0.2043
vn -0.7630 -0.5699 -0.3050
vn 0.7630 -0.5699 0.3050
vn -0.5641 -0.6961 -0.4441
vn -0.4250 -0.7090 -0.5628
vn -0.4269 -0.5205 -0.7395
vn 0.4271 -0.5205 -0.7394
vn -0.9247 -0.1595 -0.3458
vn -0.2519 -0.2222 -0.9419
vn 0.2881 -0.5566 0.7792
vn 0.3806 -0.7752 0.5041
vn -0.7487 -0.3035 -0.5894
vn -0.3848 -0.1607 0.9089
vn -0.3258 -0.5492 0.7695
vn -0.6508 -0.5602 0.5124
vn -0.0292 -0.9980 -0.0565
vn 0.1261 -0.2147 -0.9685
vn 0.5641 -0.6961 -0.4441
vn 0.4250 -0.7090 -0.5628
vn -0.1196 -0.5466 -0.8288
vn -0.5023 -0.5523 -0.6653
vn 0.6510 -0.5638 0.5083
vn 0.6534 -0.5641 0.5047
vn -0.2991 -0.9245 -0.2363
vn -0.5069 -0.5406 -0.6714
vn -0.7805 -0.5417 -0.3120
vn -0.7672 -0.5670 0.3000
vn -0.7689 -0.5667 0.2959
vn -0.7658 -0.5672 0.3032
vn -0.3898 -0.0156 0.9208
vn -0.6025 -0.0156 0.7980
vn 0.3437 0.9284 -0.1413
vn 0.0948 0.9870 -0.1298
vn -0.3436 0.9284 -0.1413
vn -0.0947 0.9870 -0.1298
vn 0.3927 -0.9062 0.1570
vn -0.6510 -0.5638 -0.5083
vn -0.6534 -0.5642 -0.5047
vn -0.6534 -0.5641 -0.5047
# 2031 vertex normals

vt 0.0533 0.0615 0.0000
vt 0.5917 0.0617 0.0000
vt 0.5917 0.3509 0.0000
vt 0.5833 0.7703 0.0000
vt 0.4767 0.7829 0.0000
vt 0.2354 0.7724 0.0000
vt 0.2493 0.9127 0.0000
vt 0.2464 0.8688 0.0000
vt 0.2593 0.9559 0.0000
vt 0.0299 0.9386 0.0000
vt 0.1683 0.8662 0.0000
vt 0.1781 0.8917 0.0000
vt 0.6389 0.3632 0.0000
vt 0.7454 0.2966 0.0000
vt 0.8083 0.3632 0.0000
vt 0.9962 0.3024 0.0000
vt 0.8907 0.3717 0.0000
vt 0.8093 0.3024 0.0000
vt 0.0744 0.8327 0.0000
vt 0.1008 0.8281 0.0000
vt 0.3336 0.9742 0.0000
vt 0.3157 0.9139 0.0000
vt 0.3107 0.8935 0.0000
vt 0.1010 0.7023 0.0000
vt 0.1010 0.5509 0.0000
vt 0.4496 0.5509 0.0000
vt 0.0532 0.3508 0.0000
vt 0.6087 0.8107 0.0000
vt 0.5025 0.8005 0.0000
vt 0.2354 0.8100 0.0000
vt 0.4496 0.7023 0.0000
vt 0.4839 0.5451 0.0000
vt 0.4850 0.7272 0.0000
vt 0.2667 0.8599 0.0000
vt 0.3352 0.8794 0.0000
vt 0.2772 0.8893 0.0000
vt 0.2539 0.9127 0.0000
vt 0.3766 0.9411 0.0000
vt 0.3838 0.8921 0.0000
vt 0.4013 0.9001 0.0000
vt 0.2690 0.9890 0.0000
vt 0.2554 0.9808 0.0000
vt 0.2760 0.9762 0.0000
vt 0.7775 0.2038 0.0000
vt 0.7924 0.2638 0.0000
vt 0.7501 0.2646 0.0000
vt 0.9638 0.4069 0.0000
vt 0.9302 0.3897 0.0000
vt 0.6124 0.7597 0.0000
vt 0.5824 0.4846 0.0000
vt 0.6124 0.4077 0.0000
vt 0.0245 0.4077 0.0000
vt 0.5782 0.4846 0.0000
vt 0.6297 0.0137 0.0000
vt 0.5431 0.0334 0.0000
vt 0.0282 0.0335 0.0000
vt 0.6167 0.0334 0.0000
vt 0.5970 0.3587 0.0000
vt 0.5970 0.0539 0.0000
vt 0.3937 0.8690 0.0000
vt 0.3808 0.8831 0.0000
vt 0.3610 0.8465 0.0000
vt 0.3988 0.8841 0.0000
vt 0.3848 0.8893 0.0000
vt 0.2564 0.9602 0.0000
vt 0.2254 0.9437 0.0000
vt 0.2391 0.9177 0.0000
vt 0.1271 0.9782 0.0000
vt 0.1781 0.9192 0.0000
vt 0.6926 0.6726 0.0000
vt 0.6921 0.6668 0.0000
vt 0.6999 0.6666 0.0000
vt 0.6758 0.2249 0.0000
vt 0.6971 0.2645 0.0000
vt 0.6696 0.2037 0.0000
vt 0.7316 0.2364 0.0000
vt 0.8425 0.4068 0.0000
vt 0.8761 0.3897 0.0000
vt 0.3359 0.8485 0.0000
vt 0.1683 0.9447 0.0000
vt 0.1505 0.9651 0.0000
vt 0.4496 0.7035 0.0000
vt 0.2753 0.7058 0.0000
vt 0.1019 0.7058 0.0000
vt 0.0667 0.7254 0.0000
vt 0.0667 0.5451 0.0000
vt 0.0299 0.8722 0.0000
vt 0.3628 0.9625 0.0000
vt 0.3839 0.9606 0.0000
vt 0.3735 0.9726 0.0000
vt 0.8067 0.8926 0.0000
vt 0.5982 0.9431 0.0000
vt 0.5982 0.8926 0.0000
vt 0.0803 0.8095 0.0000
vt 0.5506 0.0379 0.0000
vt 0.5317 0.0378 0.0000
vt 0.0480 0.0536 0.0000
vt 0.4737 0.0381 0.0000
vt 0.4431 0.0467 0.0000
vt 0.2922 0.9034 0.0000
vt 0.3033 0.9748 0.0000
vt 0.2961 0.9760 0.0000
vt 0.2841 0.9948 0.0000
vt 0.2933 0.9807 0.0000
vt 0.3074 0.9783 0.0000
vt 0.3370 0.8408 0.0000
vt 0.3349 0.8179 0.0000
vt 0.3500 0.8237 0.0000
vt 0.2874 0.8170 0.0000
vt 0.2919 0.8317 0.0000
vt 0.2721 0.8223 0.0000
vt 0.0587 0.4846 0.0000
vt 0.0545 0.7321 0.0000
vt 0.0545 0.4846 0.0000
vt 0.6998 0.6608 0.0000
vt 0.7077 0.6607 0.0000
vt 0.7077 0.6616 0.0000
vt 0.7236 0.2965 0.0000
vt 0.7345 0.2966 0.0000
vt 0.9232 0.3932 0.0000
vt 0.9212 0.4005 0.0000
vt 0.9199 0.3944 0.0000
vt 0.7236 0.2364 0.0000
vt 0.7156 0.2364 0.0000
vt 0.8384 0.9641 0.0000
vt 0.8119 0.9827 0.0000
vt 0.8119 0.9641 0.0000
vt 0.4718 0.9183 0.0000
vt 0.4898 0.9203 0.0000
vt 0.4736 0.9771 0.0000
vt 0.3652 0.8945 0.0000
vt 0.3612 0.8937 0.0000
vt 0.3580 0.8510 0.0000
vt 0.3725 0.9380 0.0000
vt 0.3621 0.8985 0.0000
vt 0.2268 0.8660 0.0000
vt 0.2422 0.8653 0.0000
vt 0.2318 0.9051 0.0000
vt 0.2189 0.9206 0.0000
vt 0.2327 0.9134 0.0000
vt 0.9239 0.4306 0.0000
vt 0.9602 0.4723 0.0000
vt 0.9210 0.4383 0.0000
vt 0.5484 0.9221 0.0000
vt 0.5664 0.9200 0.0000
vt 0.5734 0.9766 0.0000
vt 0.5942 0.0443 0.0000
vt 0.5939 0.0380 0.0000
vt 0.5316 0.0443 0.0000
vt 0.5506 0.0444 0.0000
vt 0.3224 0.8976 0.0000
vt 0.3435 0.9685 0.0000
vt 0.3362 0.9695 0.0000
vt 0.3609 0.9827 0.0000
vt 0.3477 0.9720 0.0000
vt 0.2661 0.8991 0.0000
vt 0.2604 0.8585 0.0000
vt 0.2732 0.8929 0.0000
vt 0.2813 0.9264 0.0000
vt 0.2833 0.8998 0.0000
vt 0.3035 0.8299 0.0000
vt 0.3192 0.8148 0.0000
vt 0.2999 0.8454 0.0000
vt 0.2993 0.8407 0.0000
vt 0.6994 0.7958 0.0000
vt 0.6901 0.8044 0.0000
vt 0.6899 0.7962 0.0000
vt 0.7104 0.7686 0.0000
vt 0.7214 0.7630 0.0000
vt 0.7210 0.7682 0.0000
vt 0.0245 0.7597 0.0000
vt 0.5824 0.7321 0.0000
vt 0.3470 0.9904 0.0000
vt 0.3269 0.9787 0.0000
vt 0.0236 0.9191 0.0000
vt 0.8458 0.4723 0.0000
vt 0.8749 0.3987 0.0000
vt 0.3491 0.8855 0.0000
vt 0.3405 0.8816 0.0000
vt 0.3415 0.8455 0.0000
vt 0.3499 0.9643 0.0000
vt 0.3325 0.8912 0.0000
vt 0.3419 0.9163 0.0000
vt 0.0282 0.3789 0.0000
vt 0.0152 0.0137 0.0000
vt 0.2632 0.8526 0.0000
vt 0.2351 0.8522 0.0000
vt 0.3858 0.8549 0.0000
vt 0.5136 0.8196 0.0000
vt 0.6167 0.3788 0.0000
vt 0.9296 0.4154 0.0000
vt 0.9325 0.4077 0.0000
vt 0.9267 0.4230 0.0000
vt 0.0510 0.9649 0.0000
vt 0.1007 0.9828 0.0000
vt 0.0744 0.9782 0.0000
vt 0.0357 0.9709 0.0000
vt 0.0252 0.9588 0.0000
vt 0.0343 0.9619 0.0000
vt 0.5769 0.5170 0.0000
vt 0.0706 0.7688 0.0000
vt 0.0460 0.8105 0.0000
vt 0.0152 0.7920 0.0000
vt 0.2944 0.8996 0.0000
vt 0.3027 0.9165 0.0000
vt 0.0152 0.3986 0.0000
vt 0.6297 0.3986 0.0000
vt 0.3592 0.9585 0.0000
vt 0.3522 0.9597 0.0000
vt 0.3454 0.9200 0.0000
vt 0.0511 0.8459 0.0000
vt 0.3922 0.9467 0.0000
vt 0.2332 0.9578 0.0000
vt 0.2686 0.9261 0.0000
vt 0.2716 0.9579 0.0000
vt 0.3439 0.9042 0.0000
vt 0.3341 0.8885 0.0000
vt 0.3415 0.8935 0.0000
vt 0.3584 0.9088 0.0000
vt 0.3624 0.9001 0.0000
vt 0.7024 0.2504 0.0000
vt 0.6998 0.2575 0.0000
vt 0.7073 0.8234 0.0000
vt 0.7160 0.8171 0.0000
vt 0.7155 0.8229 0.0000
vt 0.9194 0.2669 0.0000
vt 0.8920 0.2729 0.0000
vt 0.8687 0.2729 0.0000
vt 0.9194 0.2919 0.0000
vt 0.9176 0.2729 0.0000
vt 0.8959 0.2862 0.0000
vt 0.9176 0.2862 0.0000
vt 0.3031 0.8145 0.0000
vt 0.2761 0.9045 0.0000
vt 0.2822 0.8971 0.0000
vt 0.2766 0.9192 0.0000
vt 0.2639 0.9240 0.0000
vt 0.9155 0.6744 0.0000
vt 0.9539 0.8113 0.0000
vt 0.8565 0.8027 0.0000
vt 0.6920 0.5059 0.0000
vt 0.6998 0.6108 0.0000
vt 0.6532 0.5697 0.0000
vt 0.5842 0.8209 0.0000
vt 0.5248 0.8209 0.0000
vt 0.2180 0.8967 0.0000
vt 0.6919 0.6600 0.0000
vt 0.6919 0.6591 0.0000
vt 0.6998 0.6589 0.0000
vt 0.8852 0.4384 0.0000
vt 0.8942 0.4383 0.0000
vt 0.3067 0.9203 0.0000
vt 0.3213 0.9606 0.0000
vt 0.3143 0.9617 0.0000
vt 0.3232 0.9837 0.0000
vt 0.3246 0.9826 0.0000
vt 0.7572 0.5828 0.0000
vt 0.7119 0.6254 0.0000
vt 0.7163 0.5203 0.0000
vt 0.8285 0.7813 0.0000
vt 0.7314 0.7690 0.0000
vt 0.7980 0.6432 0.0000
vt 0.5604 0.0444 0.0000
vt 0.9214 0.2729 0.0000
vt 0.9477 0.2886 0.0000
vt 0.9214 0.2862 0.0000
vt 0.9477 0.2706 0.0000
vt 0.6966 0.7146 0.0000
vt 0.7078 0.7223 0.0000
vt 0.6974 0.7227 0.0000
vt 0.7477 0.2806 0.0000
vt 0.7466 0.2886 0.0000
vt 0.1475 0.8379 0.0000
vt 0.1506 0.8458 0.0000
vt 0.1272 0.8326 0.0000
vt 0.1298 0.8249 0.0000
vt 0.1244 0.8164 0.0000
vt 0.1396 0.8218 0.0000
vt 0.4930 0.0443 0.0000
vt 0.5195 0.0443 0.0000
vt 0.8712 0.2751 0.0000
vt 0.8687 0.2862 0.0000
vt 0.4927 0.0379 0.0000
vt 0.4737 0.0443 0.0000
vt 0.8067 0.9433 0.0000
vt 0.6997 0.7691 0.0000
vt 0.6997 0.7639 0.0000
vt 0.7106 0.7635 0.0000
vt 0.9280 0.3717 0.0000
vt 0.9156 0.3717 0.0000
vt 0.3754 0.8937 0.0000
vt 0.3770 0.8942 0.0000
vt 0.3843 0.8860 0.0000
vt 0.3855 0.8821 0.0000
vt 0.0179 0.9126 0.0000
vt 0.0223 0.8986 0.0000
vt 0.3155 0.9822 0.0000
vt 0.2998 0.9979 0.0000
vt 0.3043 0.8349 0.0000
vt 0.3040 0.8332 0.0000
vt 0.2876 0.8380 0.0000
vt 0.2930 0.8384 0.0000
vt 0.2418 0.9064 0.0000
vt 0.2388 0.9049 0.0000
vt 0.2404 0.9167 0.0000
vt 0.2430 0.9147 0.0000
vt 0.5841 0.7689 0.0000
vt 0.6395 0.7923 0.0000
vt 0.0600 0.5170 0.0000
vt 0.7475 0.2575 0.0000
vt 0.7432 0.2514 0.0000
vt 0.7014 0.6782 0.0000
vt 0.7096 0.6780 0.0000
vt 0.7106 0.6838 0.0000
vt 0.8384 0.9827 0.0000
vt 0.9244 0.9864 0.0000
vt 0.8648 0.9827 0.0000
vt 0.8648 0.9641 0.0000
vt 0.2715 0.9172 0.0000
vt 0.2675 0.9097 0.0000
vt 0.2710 0.9076 0.0000
vt 0.2567 0.9105 0.0000
vt 0.2615 0.9021 0.0000
vt 0.0937 0.8239 0.0000
vt 0.0460 0.8394 0.0000
vt 0.0482 0.8297 0.0000
vt 0.0519 0.8347 0.0000
vt 0.5034 0.7820 0.0000
vt 0.4755 0.8005 0.0000
vt 0.4890 0.7999 0.0000
vt 0.1556 0.9716 0.0000
vt 0.1659 0.9711 0.0000
vt 0.1534 0.9813 0.0000
vt 0.1217 0.9846 0.0000
vt 0.1150 0.9870 0.0000
vt 0.8823 0.4307 0.0000
vt 0.7590 0.9827 0.0000
vt 0.6994 0.9864 0.0000
vt 0.7590 0.9641 0.0000
vt 0.4690 0.5220 0.0000
vt 0.0460 0.9714 0.0000
vt 0.0402 0.9667 0.0000
vt 0.3490 0.9044 0.0000
vt 0.3520 0.9020 0.0000
vt 0.3535 0.9026 0.0000
vt 0.3542 0.8871 0.0000
vt 0.3597 0.8932 0.0000
vt 0.8313 0.5623 0.0000
vt 0.7978 0.5467 0.0000
vt 0.8039 0.5383 0.0000
vt 0.6996 0.7875 0.0000
vt 0.6997 0.7793 0.0000
vt 0.7101 0.7789 0.0000
vt 0.6995 0.2805 0.0000
vt 0.6983 0.2725 0.0000
vt 0.3118 0.9669 0.0000
vt 0.3183 0.9721 0.0000
vt 0.3170 0.9732 0.0000
vt 0.0817 0.5220 0.0000
vt 0.1614 0.9668 0.0000
vt 0.1755 0.9407 0.0000
vt 0.9251 0.9640 0.0000
vt 0.5267 0.9185 0.0000
vt 0.6997 0.7742 0.0000
vt 0.8783 0.3717 0.0000
vt 0.8348 0.2862 0.0000
vt 0.8110 0.2729 0.0000
vt 0.8302 0.2776 0.0000
vt 0.8596 0.2776 0.0000
vt 0.8644 0.2862 0.0000
vt 0.8393 0.2862 0.0000
vt 0.2661 0.9089 0.0000
vt 0.2619 0.9066 0.0000
vt 0.2639 0.9035 0.0000
vt 0.8733 0.2776 0.0000
vt 0.1849 0.8658 0.0000
vt 0.1713 0.8553 0.0000
vt 0.1764 0.8518 0.0000
vt 0.8665 0.2669 0.0000
vt 0.8393 0.2729 0.0000
vt 0.0253 0.8520 0.0000
vt 0.0304 0.8554 0.0000
vt 0.0273 0.8625 0.0000
vt 0.3455 0.8495 0.0000
vt 0.0798 0.9845 0.0000
vt 0.1007 0.9971 0.0000
vt 0.0771 0.9944 0.0000
vt 0.0858 0.9909 0.0000
vt 0.3560 0.9077 0.0000
vt 0.3522 0.9189 0.0000
vt 0.6990 0.8180 0.0000
vt 0.6990 0.8122 0.0000
vt 0.7077 0.8117 0.0000
vt 0.8963 0.4322 0.0000
vt 0.8889 0.4333 0.0000
vt 0.8906 0.4310 0.0000
vt 0.2792 0.9309 0.0000
vt 0.2782 0.9714 0.0000
vt 0.2726 0.9318 0.0000
vt 0.3613 0.9436 0.0000
vt 0.3541 0.9142 0.0000
vt 0.3980 0.9318 0.0000
vt 0.2861 0.9037 0.0000
vt 0.2215 0.8454 0.0000
vt 0.2044 0.8325 0.0000
vt 0.2304 0.8399 0.0000
vt 0.2987 0.8281 0.0000
vt 0.2972 0.8274 0.0000
vt 0.5115 0.9169 0.0000
vt 0.6988 0.9640 0.0000
vt 0.3256 0.9647 0.0000
vt 0.3196 0.9711 0.0000
vt 0.3266 0.9769 0.0000
vt 0.9895 0.2706 0.0000
vt 0.9895 0.2886 0.0000
vt 0.2833 0.8927 0.0000
vt 0.3294 0.8846 0.0000
vt 0.3299 0.8962 0.0000
vt 0.0714 0.7702 0.0000
vt 0.7053 0.7061 0.0000
vt 0.7131 0.6977 0.0000
vt 0.7148 0.7058 0.0000
vt 0.7021 0.6840 0.0000
vt 0.7115 0.6896 0.0000
vt 0.7028 0.6898 0.0000
vt 0.5384 0.5804 0.0000
vt 0.5391 0.5653 0.0000
vt 0.5512 0.5651 0.0000
vt 0.2324 0.9117 0.0000
vt 0.2958 0.8285 0.0000
vt 0.1838 0.9127 0.0000
vt 0.1853 0.9054 0.0000
vt 0.9209 0.4197 0.0000
vt 0.9163 0.4240 0.0000
vt 0.9184 0.4182 0.0000
vt 0.9234 0.4134 0.0000
vt 0.9243 0.4069 0.0000
vt 0.9276 0.4074 0.0000
vt 0.1008 0.8199 0.0000
vt 0.0927 0.8138 0.0000
vt 0.1088 0.8138 0.0000
vt 0.7194 0.8658 0.0000
vt 0.8169 0.8779 0.0000
vt 0.7575 0.6266 0.0000
vt 0.0170 0.9282 0.0000
vt 0.0185 0.9358 0.0000
vt 0.0110 0.9298 0.0000
vt 0.0282 0.9478 0.0000
vt 0.0225 0.9424 0.0000
vt 0.0253 0.9410 0.0000
vt 0.3524 0.8891 0.0000
vt 0.3552 0.8915 0.0000
vt 0.3541 0.8926 0.0000
vt 0.3511 0.8975 0.0000
vt 0.3470 0.8950 0.0000
vt 0.3688 0.8938 0.0000
vt 0.3731 0.8883 0.0000
vt 0.2090 0.9673 0.0000
vt 0.1990 0.9697 0.0000
vt 0.2017 0.9615 0.0000
vt 0.4785 0.7884 0.0000
vt 0.5359 0.6597 0.0000
vt 0.5440 0.6612 0.0000
vt 0.5300 0.6632 0.0000
vt 0.2549 0.8678 0.0000
vt 0.2799 0.9711 0.0000
vt 0.8852 0.4193 0.0000
vt 0.8860 0.4120 0.0000
vt 0.8878 0.4179 0.0000
vt 0.8738 0.4077 0.0000
vt 0.8767 0.4154 0.0000
vt 0.6992 0.8040 0.0000
vt 0.7022 0.2719 0.0000
vt 0.6543 0.6134 0.0000
vt 0.9451 0.9084 0.0000
vt 0.3144 0.9753 0.0000
vt 0.5151 0.7037 0.0000
vt 0.5172 0.7109 0.0000
vt 0.5125 0.7112 0.0000
vt 0.5062 0.7051 0.0000
vt 0.5108 0.7054 0.0000
vt 0.5047 0.7091 0.0000
vt 0.4968 0.7037 0.0000
vt 0.4922 0.6965 0.0000
vt 0.4963 0.6988 0.0000
vt 0.5026 0.7037 0.0000
vt 0.4999 0.7064 0.0000
vt 0.4999 0.7009 0.0000
vt 0.7390 0.5214 0.0000
vt 0.8457 0.6494 0.0000
vt 0.6920 0.6610 0.0000
vt 0.6841 0.6612 0.0000
vt 0.6841 0.6602 0.0000
vt 0.6845 0.6728 0.0000
vt 0.6842 0.6670 0.0000
vt 0.0799 0.8263 0.0000
vt 0.0866 0.8239 0.0000
vt 0.0933 0.8199 0.0000
vt 0.3560 0.8953 0.0000
vt 0.3582 0.8962 0.0000
vt 0.3571 0.9005 0.0000
vt 0.3586 0.9025 0.0000
vt 0.0170 0.8826 0.0000
vt 0.0110 0.8810 0.0000
vt 0.0186 0.8750 0.0000
vt 0.0190 0.8831 0.0000
vt 0.0215 0.8761 0.0000
vt 0.0480 0.3587 0.0000
vt 0.1755 0.8702 0.0000
vt 0.1793 0.8764 0.0000
vt 0.1865 0.8901 0.0000
vt 0.1909 0.8809 0.0000
vt 0.1944 0.8973 0.0000
vt 0.1078 0.9869 0.0000
vt 0.1156 0.9910 0.0000
vt 0.1244 0.9944 0.0000
vt 0.5080 0.6901 0.0000
vt 0.5047 0.6848 0.0000
vt 0.5123 0.6904 0.0000
vt 0.4903 0.7037 0.0000
vt 0.4975 0.7161 0.0000
vt 0.4931 0.7148 0.0000
vt 0.8677 0.6703 0.0000
vt 0.6694 0.5077 0.0000
vt 0.5438 0.7021 0.0000
vt 0.5435 0.7036 0.0000
vt 0.5401 0.7016 0.0000
vt 0.5375 0.6923 0.0000
vt 0.5333 0.6977 0.0000
vt 0.5280 0.6946 0.0000
vt 0.9324 0.9246 0.0000
vt 0.9403 0.9379 0.0000
vt 0.9195 0.9500 0.0000
vt 0.7848 0.5069 0.0000
vt 0.8383 0.4978 0.0000
vt 0.8388 0.5117 0.0000
vt 0.0337 0.8578 0.0000
vt 0.0357 0.8399 0.0000
vt 0.0344 0.8489 0.0000
vt 0.2628 0.9159 0.0000
vt 0.2607 0.9147 0.0000
vt 0.2603 0.9121 0.0000
vt 0.2658 0.9223 0.0000
vt 0.2641 0.9179 0.0000
vt 0.3260 0.9735 0.0000
vt 0.3496 0.8526 0.0000
vt 0.9730 0.9271 0.0000
vt 0.9438 0.9232 0.0000
vt 0.9771 0.9571 0.0000
vt 0.9677 0.9433 0.0000
vt 0.0482 0.9811 0.0000
vt 0.0518 0.9762 0.0000
vt 0.0577 0.9809 0.0000
vt 0.0717 0.9859 0.0000
vt 0.0788 0.9884 0.0000
vt 0.0304 0.9554 0.0000
vt 0.0337 0.9530 0.0000
vt 0.0374 0.9592 0.0000
vt 0.1586 0.9639 0.0000
vt 0.1764 0.9591 0.0000
vt 0.1673 0.9621 0.0000
vt 0.1713 0.9556 0.0000
vt 0.3643 0.9394 0.0000
vt 0.0805 0.7720 0.0000
vt 0.2354 0.7707 0.0000
vt 0.1865 0.9207 0.0000
vt 0.1944 0.9136 0.0000
vt 0.1909 0.9300 0.0000
vt 0.2675 0.9548 0.0000
vt 0.3447 0.9078 0.0000
vt 0.3544 0.9122 0.0000
vt 0.9291 0.3807 0.0000
vt 0.9185 0.3884 0.0000
vt 0.7042 0.2857 0.0000
vt 0.7070 0.2906 0.0000
vt 0.7035 0.2945 0.0000
vt 0.7207 0.7733 0.0000
vt 0.3851 0.8910 0.0000
vt 0.2091 0.9867 0.0000
vt 0.1556 0.8393 0.0000
vt 0.1497 0.8346 0.0000
vt 0.1534 0.8296 0.0000
vt 0.1659 0.8398 0.0000
vt 0.1673 0.8488 0.0000
vt 0.1614 0.8441 0.0000
vt 0.7236 0.2926 0.0000
vt 0.7328 0.2926 0.0000
vt 0.7440 0.2789 0.0000
vt 0.0215 0.4048 0.0000
vt 0.0186 0.3995 0.0000
vt 0.6153 0.4048 0.0000
vt 0.0152 0.7638 0.0000
vt 0.0152 0.4036 0.0000
vt 0.0210 0.4054 0.0000
vt 0.0620 0.8219 0.0000
vt 0.0647 0.8274 0.0000
vt 0.0577 0.8299 0.0000
vt 0.0542 0.8380 0.0000
vt 0.1849 0.9451 0.0000
vt 0.1744 0.9485 0.0000
vt 0.1792 0.9426 0.0000
vt 0.1832 0.9360 0.0000
vt 0.1849 0.9284 0.0000
vt 0.4997 0.7917 0.0000
vt 0.5007 0.7992 0.0000
vt 0.5283 0.6717 0.0000
vt 0.5510 0.6645 0.0000
vt 0.5510 0.6717 0.0000
vt 0.1352 0.8310 0.0000
vt 0.1419 0.8334 0.0000
vt 0.1439 0.8298 0.0000
vt 0.1368 0.8274 0.0000
vt 0.3263 0.9752 0.0000
vt 0.5441 0.6329 0.0000
vt 0.5542 0.6159 0.0000
vt 0.5584 0.6348 0.0000
vt 0.3135 0.9191 0.0000
vt 0.2695 0.9280 0.0000
vt 0.5511 0.7158 0.0000
vt 0.5443 0.7228 0.0000
vt 0.5418 0.7142 0.0000
vt 0.5579 0.7040 0.0000
vt 0.5545 0.6942 0.0000
vt 0.5605 0.6946 0.0000
vt 0.3146 0.9771 0.0000
vt 0.3149 0.9788 0.0000
vt 0.5442 0.6135 0.0000
vt 0.6897 0.7880 0.0000
vt 0.8948 0.3793 0.0000
vt 0.8878 0.3808 0.0000
vt 0.8847 0.3778 0.0000
vt 0.8342 0.5862 0.0000
vt 0.8015 0.6070 0.0000
vt 0.8237 0.5781 0.0000
vt 0.6990 0.8297 0.0000
vt 0.7068 0.8350 0.0000
vt 0.6990 0.8355 0.0000
vt 0.6990 0.8238 0.0000
vt 0.6907 0.8243 0.0000
vt 0.6905 0.8185 0.0000
vt 0.1227 0.9885 0.0000
vt 0.1395 0.9891 0.0000
vt 0.1368 0.9835 0.0000
vt 0.1439 0.9810 0.0000
vt 0.9205 0.4124 0.0000
vt 0.9226 0.4066 0.0000
vt 0.8384 0.9933 0.0000
vt 0.5652 0.9782 0.0000
vt 0.5565 0.5341 0.0000
vt 0.5349 0.5433 0.0000
vt 0.5317 0.5359 0.0000
vt 0.6998 0.6599 0.0000
vt 0.7076 0.6587 0.0000
vt 0.7077 0.6597 0.0000
vt 0.7056 0.2521 0.0000
vt 0.0190 0.9277 0.0000
vt 0.0215 0.9347 0.0000
vt 0.0209 0.9271 0.0000
vt 0.0225 0.9343 0.0000
vt 0.9110 0.3808 0.0000
vt 0.9172 0.3823 0.0000
vt 0.9102 0.3823 0.0000
vt 0.9033 0.3793 0.0000
vt 0.9032 0.3823 0.0000
vt 0.8963 0.3823 0.0000
vt 0.6365 0.6134 0.0000
vt 0.6543 0.6593 0.0000
vt 0.6365 0.6593 0.0000
vt 0.0174 0.8906 0.0000
vt 0.0169 0.8981 0.0000
vt 0.0138 0.8978 0.0000
vt 0.0154 0.9206 0.0000
vt 0.0077 0.9135 0.0000
vt 0.0138 0.9130 0.0000
vt 0.2655 0.9096 0.0000
vt 0.2643 0.9117 0.0000
vt 0.4652 0.9753 0.0000
vt 0.8119 0.9933 0.0000
vt 0.3019 0.8386 0.0000
vt 0.2016 0.8454 0.0000
vt 0.2443 0.9137 0.0000
vt 0.2436 0.9088 0.0000
vt 0.5427 0.7067 0.0000
vt 0.5443 0.7049 0.0000
vt 0.5458 0.7067 0.0000
vt 0.5485 0.7064 0.0000
vt 0.5457 0.7027 0.0000
vt 0.5458 0.7014 0.0000
vt 0.9028 0.4334 0.0000
vt 0.9121 0.4383 0.0000
vt 0.6841 0.6621 0.0000
vt 0.6841 0.6631 0.0000
vt 0.6763 0.6633 0.0000
vt 0.0282 0.8630 0.0000
vt 0.0253 0.8698 0.0000
vt 0.0225 0.8684 0.0000
vt 0.0210 0.8837 0.0000
vt 0.0225 0.8765 0.0000
vt 0.1543 0.9700 0.0000
vt 0.1524 0.9676 0.0000
vt 0.1497 0.9763 0.0000
vt 0.0718 0.8249 0.0000
vt 0.0771 0.8165 0.0000
vt 0.0859 0.8199 0.0000
vt 0.0788 0.8224 0.0000
vt 0.2687 0.8560 0.0000
vt 0.3329 0.8456 0.0000
vt 0.2887 0.9741 0.0000
vt 0.9895 0.9510 0.0000
vt 0.9883 0.9585 0.0000
vt 0.9800 0.9294 0.0000
vt 0.9873 0.9394 0.0000
vt 0.8538 0.5114 0.0000
vt 0.8610 0.5468 0.0000
vt 0.8636 0.5316 0.0000
vt 0.8581 0.5093 0.0000
vt 0.8685 0.5288 0.0000
vt 0.5576 0.5842 0.0000
vt 0.2439 0.9104 0.0000
vt 0.7423 0.2435 0.0000
vt 0.7397 0.2364 0.0000
vt 0.7006 0.6724 0.0000
vt 0.7078 0.6665 0.0000
vt 0.7087 0.6722 0.0000
vt 0.5191 0.7037 0.0000
vt 0.1007 0.9900 0.0000
vt 0.1082 0.9910 0.0000
vt 0.0933 0.9909 0.0000
vt 0.3179 0.8943 0.0000
vt 0.7144 0.2926 0.0000
vt 0.7127 0.2965 0.0000
vt 0.7018 0.2965 0.0000
vt 0.7089 0.7953 0.0000
vt 0.7174 0.8030 0.0000
vt 0.7083 0.8035 0.0000
vt 0.7095 0.7871 0.0000
vt 0.7204 0.7785 0.0000
vt 0.7194 0.7867 0.0000
vt 0.2250 0.9770 0.0000
vt 0.3792 0.8825 0.0000
vt 0.3777 0.8819 0.0000
vt 0.3912 0.8234 0.0000
vt 0.4332 0.8234 0.0000
vt 0.4332 0.8383 0.0000
vt 0.1882 0.8978 0.0000
vt 0.1898 0.9054 0.0000
vt 0.1227 0.8224 0.0000
vt 0.1157 0.8199 0.0000
vt 0.8364 0.5701 0.0000
vt 0.8221 0.5717 0.0000
vt 0.5404 0.9313 0.0000
vt 0.5638 0.9812 0.0000
vt 0.9119 0.3793 0.0000
vt 0.9220 0.3778 0.0000
vt 0.9188 0.3808 0.0000
vt 0.9218 0.3862 0.0000
vt 0.1849 0.8825 0.0000
vt 0.1832 0.8748 0.0000
vt 0.1808 0.8836 0.0000
vt 0.6679 0.3978 0.0000
vt 0.7144 0.4082 0.0000
vt 0.6721 0.4117 0.0000
vt 0.7180 0.4214 0.0000
vt 0.6761 0.4207 0.0000
vt 0.1744 0.8624 0.0000
vt 0.1679 0.8577 0.0000
vt 0.0664 0.9797 0.0000
vt 0.0620 0.9889 0.0000
vt 0.0647 0.9834 0.0000
vt 0.7590 0.6725 0.0000
vt 0.7756 0.6260 0.0000
vt 0.7771 0.6719 0.0000
vt 0.1082 0.8199 0.0000
vt 0.1079 0.8239 0.0000
vt 0.6368 0.3964 0.0000
vt 0.6545 0.4079 0.0000
vt 0.6620 0.4145 0.0000
vt 0.0430 0.8471 0.0000
vt 0.0375 0.8516 0.0000
vt 0.6183 0.3995 0.0000
vt 0.6158 0.4054 0.0000
vt 0.6216 0.4036 0.0000
vt 0.6158 0.7620 0.0000
vt 0.2680 0.9158 0.0000
vt 0.2661 0.9129 0.0000
vt 0.2646 0.9136 0.0000
vt 0.4975 0.6912 0.0000
vt 0.5047 0.6893 0.0000
vt 0.4994 0.6946 0.0000
vt 0.5064 0.7007 0.0000
vt 0.5081 0.7027 0.0000
vt 0.5053 0.7033 0.0000
vt 0.7416 0.2522 0.0000
vt 0.7438 0.2586 0.0000
vt 0.7450 0.2720 0.0000
vt 0.7595 0.4287 0.0000
vt 0.7506 0.4125 0.0000
vt 0.7555 0.4051 0.0000
vt 0.7934 0.5199 0.0000
vt 0.8835 0.3929 0.0000
vt 0.8855 0.4001 0.0000
vt 0.8821 0.3997 0.0000
vt 0.8830 0.4129 0.0000
vt 0.8790 0.4067 0.0000
vt 0.8825 0.4062 0.0000
vt 0.9252 0.9320 0.0000
vt 0.3554 0.9016 0.0000
vt 0.3527 0.9014 0.0000
vt 0.3548 0.8995 0.0000
vt 0.3508 0.8960 0.0000
vt 0.3574 0.8950 0.0000
vt 0.6730 0.4630 0.0000
vt 0.6945 0.4355 0.0000
vt 0.6929 0.4561 0.0000
vt 0.6992 0.2648 0.0000
vt 0.7053 0.2656 0.0000
vt 0.7071 0.2597 0.0000
vt 0.7016 0.2580 0.0000
vt 0.7236 0.2393 0.0000
vt 0.7174 0.2407 0.0000
vt 0.7125 0.2422 0.0000
vt 0.7088 0.2378 0.0000
vt 0.3187 0.9835 0.0000
vt 0.3203 0.9842 0.0000
vt 0.5283 0.6231 0.0000
vt 0.5013 0.7829 0.0000
vt 0.1297 0.9860 0.0000
vt 0.1281 0.9812 0.0000
vt 0.5298 0.6609 0.0000
vt 0.4789 0.7837 0.0000
vt 0.2372 0.9041 0.0000
vt 0.5671 0.5748 0.0000
vt 0.2360 0.9164 0.0000
vt 0.2376 0.9170 0.0000
vt 0.5296 0.5747 0.0000
vt 0.7164 0.7138 0.0000
vt 0.7065 0.7142 0.0000
vt 0.7430 0.2858 0.0000
vt 0.7437 0.2946 0.0000
vt 0.7403 0.2907 0.0000
vt 0.0473 0.9698 0.0000
vt 0.0430 0.9637 0.0000
vt 0.0492 0.9674 0.0000
vt 0.0541 0.9728 0.0000
vt 0.0597 0.9773 0.0000
vt 0.5658 0.6232 0.0000
vt 0.3244 0.9729 0.0000
vt 0.3228 0.9723 0.0000
vt 0.6050 0.8448 0.0000
vt 0.6377 0.8465 0.0000
vt 0.6152 0.8504 0.0000
vt 0.1351 0.9798 0.0000
vt 0.1844 0.9204 0.0000
vt 0.1812 0.9198 0.0000
vt 0.1808 0.9273 0.0000
vt 0.1793 0.9345 0.0000
vt 0.1735 0.9480 0.0000
vt 0.1708 0.9464 0.0000
vt 0.1679 0.9531 0.0000
vt 0.1641 0.9594 0.0000
vt 0.7728 0.5805 0.0000
vt 0.5047 0.7181 0.0000
vt 0.5083 0.7182 0.0000
vt 0.5030 0.7066 0.0000
vt 0.0159 0.9128 0.0000
vt 0.0123 0.9054 0.0000
vt 0.0154 0.9054 0.0000
vt 0.0164 0.9054 0.0000
vt 0.1844 0.8905 0.0000
vt 0.1838 0.8982 0.0000
vt 0.1812 0.8911 0.0000
vt 0.1586 0.8470 0.0000
vt 0.1642 0.8515 0.0000
vt 0.8941 0.9393 0.0000
vt 0.8525 0.9391 0.0000
vt 0.8459 0.9266 0.0000
vt 0.3739 0.8931 0.0000
vt 0.3733 0.8899 0.0000
vt 0.2932 0.8306 0.0000
vt 0.2181 0.8287 0.0000
vt 0.2632 0.9197 0.0000
vt 0.2575 0.9170 0.0000
vt 0.4773 0.7993 0.0000
vt 0.5453 0.6777 0.0000
vt 0.5340 0.6777 0.0000
vt 0.5221 0.6705 0.0000
vt 0.5236 0.6630 0.0000
vt 0.0154 0.8902 0.0000
vt 0.1418 0.9774 0.0000
vt 0.1474 0.9729 0.0000
vt 0.6377 0.5679 0.0000
vt 0.0273 0.9483 0.0000
vt 0.8897 0.4239 0.0000
vt 0.8875 0.4257 0.0000
vt 0.8795 0.4230 0.0000
vt 0.5443 0.6853 0.0000
vt 0.5605 0.7134 0.0000
vt 0.8849 0.3861 0.0000
vt 0.8787 0.3992 0.0000
vt 0.8802 0.3916 0.0000
vt 0.3469 0.9061 0.0000
vt 0.2603 0.9100 0.0000
vt 0.2617 0.9110 0.0000
vt 0.7064 0.2445 0.0000
vt 0.7107 0.2480 0.0000
vt 0.7151 0.8287 0.0000
vt 0.3912 0.8383 0.0000
vt 0.5241 0.9270 0.0000
vt 0.9767 0.4069 0.0000
vt 0.0936 0.9869 0.0000
vt 0.0865 0.9869 0.0000
vt 0.8920 0.2862 0.0000
vt 0.8939 0.2919 0.0000
vt 0.8768 0.2919 0.0000
vt 0.6851 0.6845 0.0000
vt 0.6853 0.6903 0.0000
vt 0.6766 0.6905 0.0000
vt 0.6949 0.6982 0.0000
vt 0.6858 0.6985 0.0000
vt 0.5307 0.7040 0.0000
vt 0.5333 0.7103 0.0000
vt 0.5280 0.7134 0.0000
vt 0.5435 0.7045 0.0000
vt 0.5401 0.7064 0.0000
vt 0.8718 0.5492 0.0000
vt 0.5349 0.5508 0.0000
vt 0.5532 0.5434 0.0000
vt 0.5532 0.5508 0.0000
vt 0.5570 0.5286 0.0000
vt 0.5309 0.5211 0.0000
vt 0.5572 0.5211 0.0000
vt 0.4975 0.9292 0.0000
vt 0.6284 0.8619 0.0000
vt 0.1792 0.8683 0.0000
vt 0.7298 0.2408 0.0000
vt 0.7408 0.2446 0.0000
vt 0.7348 0.2423 0.0000
vt 0.7384 0.2379 0.0000
vt 0.6554 0.5043 0.0000
vt 0.6606 0.4821 0.0000
vt 0.5128 0.6662 0.0000
vt 0.5105 0.6708 0.0000
vt 0.5056 0.6790 0.0000
vt 0.4965 0.6719 0.0000
vt 0.4945 0.6616 0.0000
vt 0.4921 0.6662 0.0000
vt 0.9408 0.2776 0.0000
vt 0.9408 0.2816 0.0000
vt 0.0077 0.8973 0.0000
vt 0.1291 0.8268 0.0000
vt 0.1281 0.8297 0.0000
vt 0.1217 0.8263 0.0000
vt 0.1150 0.8239 0.0000
vt 0.0725 0.8268 0.0000
vt 0.0735 0.8297 0.0000
vt 0.0664 0.8311 0.0000
vt 0.0597 0.8335 0.0000
vt 0.5009 0.7847 0.0000
vt 0.0168 0.8659 0.0000
vt 0.0168 0.9449 0.0000
vt 0.5425 0.6578 0.0000
vt 0.5423 0.6518 0.0000
vt 0.5454 0.6518 0.0000
vt 0.5569 0.6645 0.0000
vt 0.5443 0.6914 0.0000
vt 0.5474 0.6985 0.0000
vt 0.5506 0.7040 0.0000
vt 0.8440 0.4993 0.0000
vt 0.8498 0.5036 0.0000
vt 0.3590 0.9010 0.0000
vt 0.3605 0.9007 0.0000
vt 0.7532 0.5174 0.0000
vt 0.7472 0.4954 0.0000
vt 0.6834 0.4826 0.0000
vt 0.6952 0.4772 0.0000
vt 0.5394 0.6549 0.0000
vt 0.4890 0.7845 0.0000
vt 0.4861 0.7854 0.0000
vt 0.5139 0.9254 0.0000
vt 0.8296 0.4068 0.0000
vt 0.3520 0.8975 0.0000
vt 0.3517 0.8963 0.0000
vt 0.3544 0.8970 0.0000
vt 0.7696 0.4251 0.0000
vt 0.5172 0.6965 0.0000
vt 0.5108 0.7001 0.0000
vt 0.5047 0.6982 0.0000
vt 0.5047 0.6960 0.0000
vt 0.5040 0.7033 0.0000
vt 0.5047 0.7044 0.0000
vt 0.5030 0.7007 0.0000
vt 0.5047 0.7029 0.0000
vt 0.9028 0.4322 0.0000
vt 0.8972 0.4298 0.0000
vt 0.9028 0.4298 0.0000
vt 0.9094 0.4322 0.0000
vt 0.9102 0.4346 0.0000
vt 0.8915 0.4298 0.0000
vt 0.6911 0.8360 0.0000
vt 0.6909 0.8301 0.0000
vt 0.4488 0.7058 0.0000
vt 0.4827 0.7285 0.0000
vt 0.8109 0.2862 0.0000
vt 0.2456 0.8401 0.0000
vt 0.2581 0.8300 0.0000
vt 0.6940 0.6901 0.0000
vt 0.6957 0.7064 0.0000
vt 0.4977 0.5603 0.0000
vt 0.5028 0.5732 0.0000
vt 0.5028 0.5573 0.0000
vt 0.4960 0.5633 0.0000
vt 0.4919 0.5590 0.0000
vt 0.4919 0.5716 0.0000
vt 0.3636 0.8319 0.0000
vt 0.3758 0.8425 0.0000
vt 0.8373 0.5748 0.0000
vt 0.6998 0.6618 0.0000
vt 0.6920 0.6620 0.0000
vt 0.2275 0.8487 0.0000
vt 0.3037 0.8315 0.0000
vt 0.0402 0.8442 0.0000
vt 0.6893 0.7746 0.0000
vt 0.6891 0.7695 0.0000
vt 0.6889 0.7644 0.0000
vt 0.2945 0.8389 0.0000
vt 0.2961 0.8395 0.0000
vt 0.1928 0.8398 0.0000
vt 0.1882 0.9131 0.0000
vt 0.0308 0.9462 0.0000
vt 0.0262 0.9406 0.0000
vt 0.6931 0.6784 0.0000
vt 0.6848 0.6786 0.0000
vt 0.6936 0.6842 0.0000
vt 0.0657 0.7272 0.0000
vt 0.5137 0.6344 0.0000
vt 0.5159 0.6414 0.0000
vt 0.5159 0.6275 0.0000
vt 0.4982 0.6399 0.0000
vt 0.5115 0.6301 0.0000
vt 0.4963 0.6301 0.0000
vt 0.9184 0.4260 0.0000
vt 0.9168 0.4335 0.0000
vt 0.9150 0.4310 0.0000
vt 0.6919 0.4655 0.0000
vt 0.5137 0.6008 0.0000
vt 0.5094 0.6042 0.0000
vt 0.5161 0.6081 0.0000
vt 0.4974 0.5950 0.0000
vt 0.4931 0.6008 0.0000
vt 0.4954 0.6054 0.0000
vt 0.2611 0.9168 0.0000
vt 0.2619 0.9182 0.0000
vt 0.2595 0.9170 0.0000
vt 0.2583 0.9164 0.0000
vt 0.3800 0.8954 0.0000
vt 0.3813 0.8943 0.0000
vt 0.1963 0.9825 0.0000
vt 0.1903 0.9858 0.0000
vt 0.1875 0.9770 0.0000
vt 0.9153 0.2842 0.0000
vt 0.9134 0.2816 0.0000
vt 0.3714 0.8773 0.0000
vt 0.2221 0.9681 0.0000
vt 0.9245 0.4002 0.0000
vt 0.9251 0.3841 0.0000
vt 0.9264 0.3920 0.0000
vt 0.2117 0.9958 0.0000
vt 0.2152 0.9924 0.0000
vt 0.2171 0.9958 0.0000
vt 0.4883 0.7131 0.0000
vt 0.4883 0.6942 0.0000
vt 0.0205 0.8911 0.0000
vt 0.0179 0.8982 0.0000
vt 0.8162 0.8926 0.0000
vt 0.8067 0.8832 0.0000
vt 0.6610 0.4495 0.0000
vt 0.6527 0.4605 0.0000
vt 0.6409 0.4407 0.0000
vt 0.6532 0.4648 0.0000
vt 0.5210 0.7131 0.0000
vt 0.5047 0.7225 0.0000
vt 0.0308 0.8646 0.0000
vt 0.0262 0.8702 0.0000
vt 0.9002 0.2776 0.0000
vt 0.4715 0.5349 0.0000
vt 0.4664 0.5369 0.0000
vt 0.4735 0.5329 0.0000
vt 0.4721 0.5392 0.0000
vt 0.4664 0.5388 0.0000
vt 0.4695 0.5380 0.0000
vt 0.9376 0.9184 0.0000
vt 0.6778 0.7597 0.0000
vt 0.6888 0.7592 0.0000
vt 0.6871 0.7231 0.0000
vt 0.6867 0.7149 0.0000
vt 0.7762 0.5211 0.0000
vt 0.5073 0.5311 0.0000
vt 0.5004 0.5271 0.0000
vt 0.5004 0.5430 0.0000
vt 0.5048 0.5428 0.0000
vt 0.5004 0.5477 0.0000
vt 0.5113 0.5414 0.0000
vt 0.7107 0.7583 0.0000
vt 0.3587 0.8982 0.0000
vt 0.3602 0.8972 0.0000
vt 0.3604 0.8944 0.0000
vt 0.0724 0.9840 0.0000
vt 0.0734 0.9811 0.0000
vt 0.5276 0.5458 0.0000
vt 0.5248 0.5377 0.0000
vt 0.5310 0.5286 0.0000
vt 0.2579 0.8636 0.0000
vt 0.0174 0.9202 0.0000
vt 0.0205 0.9197 0.0000
vt 0.7489 0.2726 0.0000
vt 0.5161 0.5935 0.0000
vt 0.5034 0.5916 0.0000
vt 0.5632 0.5376 0.0000
vt 0.2851 0.9704 0.0000
vt 0.6153 0.7626 0.0000
vt 0.0186 0.7679 0.0000
vt 0.0215 0.7626 0.0000
vt 0.0210 0.7620 0.0000
vt 0.5105 0.6616 0.0000
vt 0.5076 0.6572 0.0000
vt 0.5152 0.6588 0.0000
vt 0.5025 0.6515 0.0000
vt 0.7184 0.7948 0.0000
vt 0.7032 0.2788 0.0000
vt 0.4994 0.7127 0.0000
vt 0.4922 0.7109 0.0000
vt 0.4963 0.7085 0.0000
vt 0.4922 0.7073 0.0000
vt 0.7710 0.4446 0.0000
vt 0.7517 0.4733 0.0000
vt 0.7592 0.4418 0.0000
vt 0.7040 0.6979 0.0000
vt 0.7440 0.2653 0.0000
vt 0.0473 0.8410 0.0000
vt 0.0492 0.8434 0.0000
vt 0.1543 0.8409 0.0000
vt 0.1524 0.8433 0.0000
vt 0.2670 0.9141 0.0000
vt 0.2668 0.9115 0.0000
vt 0.9034 0.3778 0.0000
vt 0.6894 0.7798 0.0000
vt 0.8955 0.3808 0.0000
vt 0.8893 0.3823 0.0000
vt 0.2432 0.9702 0.0000
vt 0.7102 0.7738 0.0000
vt 0.5470 0.7151 0.0000
vt 0.5443 0.7108 0.0000
vt 0.5474 0.7095 0.0000
vt 0.5534 0.7014 0.0000
vt 0.5552 0.7103 0.0000
vt 0.5516 0.7083 0.0000
vt 0.5375 0.7158 0.0000
vt 0.1008 0.8219 0.0000
vt 0.1008 0.8229 0.0000
vt 0.3032 0.8376 0.0000
vt 0.2160 0.8553 0.0000
vt 0.2070 0.8553 0.0000
vt 0.6903 0.8126 0.0000
vt 0.8842 0.4060 0.0000
vt 0.5364 0.6579 0.0000
vt 0.5363 0.6520 0.0000
vt 0.5279 0.6551 0.0000
vt 0.5334 0.6580 0.0000
vt 0.4011 0.9160 0.0000
vt 0.3541 0.8950 0.0000
vt 0.3567 0.8929 0.0000
vt 0.5982 0.8832 0.0000
vt 0.5888 0.9431 0.0000
vt 0.5888 0.8926 0.0000
vt 0.5448 0.7035 0.0000
vt 0.5450 0.7045 0.0000
vt 0.5301 0.6326 0.0000
vt 0.5331 0.6309 0.0000
vt 0.1007 0.9859 0.0000
vt 0.6468 0.7465 0.0000
vt 0.6543 0.7633 0.0000
vt 0.6413 0.7432 0.0000
vt 0.9749 0.9614 0.0000
vt 0.9655 0.9500 0.0000
vt 0.6592 0.7529 0.0000
vt 0.6587 0.7434 0.0000
vt 0.5075 0.7153 0.0000
vt 0.5080 0.7095 0.0000
vt 0.3564 0.9029 0.0000
vt 0.3577 0.9044 0.0000
vt 0.2647 0.9164 0.0000
vt 0.2642 0.9147 0.0000
vt 0.2662 0.9162 0.0000
vt 0.7076 0.2363 0.0000
vt 0.7050 0.2434 0.0000
vt 0.5435 0.5914 0.0000
vt 0.5393 0.5903 0.0000
vt 0.7075 0.8175 0.0000
vt 0.1735 0.8629 0.0000
vt 0.1709 0.8645 0.0000
vt 0.6748 0.4855 0.0000
vt 0.5088 0.6260 0.0000
vt 0.5039 0.6257 0.0000
vt 0.4990 0.6260 0.0000
vt 0.5039 0.6206 0.0000
vt 0.4919 0.6275 0.0000
vt 0.8868 0.3941 0.0000
vt 0.8881 0.3882 0.0000
vt 0.5418 0.6939 0.0000
vt 0.5443 0.6955 0.0000
vt 0.5411 0.6985 0.0000
vt 0.5525 0.6961 0.0000
vt 0.5155 0.6933 0.0000
vt 0.5191 0.6995 0.0000
vt 0.6532 0.7578 0.0000
vt 0.6460 0.7540 0.0000
vt 0.9008 0.9439 0.0000
vt 0.8566 0.9476 0.0000
vt 0.5494 0.6602 0.0000
vt 0.5455 0.6577 0.0000
vt 0.5502 0.6539 0.0000
vt 0.2255 0.8258 0.0000
vt 0.2205 0.8244 0.0000
vt 0.2224 0.8211 0.0000
vt 0.2071 0.8244 0.0000
vt 0.2160 0.8244 0.0000
vt 0.6362 0.8668 0.0000
vt 0.6514 0.8463 0.0000
vt 0.6552 0.8484 0.0000
vt 0.6491 0.8673 0.0000
vt 0.6446 0.8668 0.0000
vt 0.2606 0.9076 0.0000
vt 0.2620 0.9076 0.0000
vt 0.2627 0.9109 0.0000
vt 0.5515 0.6077 0.0000
vt 0.5425 0.6077 0.0000
vt 0.3171 0.9829 0.0000
vt 0.5289 0.6649 0.0000
vt 0.2250 0.9814 0.0000
vt 0.2292 0.9769 0.0000
vt 0.2232 0.9863 0.0000
vt 0.2176 0.9886 0.0000
vt 0.2225 0.9808 0.0000
vt 0.3317 0.9957 0.0000
vt 0.3159 0.9982 0.0000
vt 0.3219 0.9848 0.0000
vt 0.6216 0.7638 0.0000
vt 0.6183 0.7679 0.0000
vt 0.7939 0.6098 0.0000
vt 0.8156 0.5785 0.0000
vt 0.6578 0.6827 0.0000
vt 0.6575 0.7120 0.0000
vt 0.6387 0.7139 0.0000
vt 0.6862 0.7067 0.0000
vt 0.8162 0.5755 0.0000
vt 0.7006 0.2885 0.0000
vt 0.8067 0.9528 0.0000
vt 0.5982 0.9526 0.0000
vt 0.4329 0.7159 0.0000
vt 0.4278 0.7179 0.0000
vt 0.4349 0.7140 0.0000
vt 0.4336 0.7202 0.0000
vt 0.4349 0.7232 0.0000
vt 0.4278 0.7198 0.0000
vt 0.4471 0.7210 0.0000
vt 0.4491 0.7230 0.0000
vt 0.4450 0.7230 0.0000
vt 0.4471 0.7157 0.0000
vt 0.4511 0.7178 0.0000
vt 0.4491 0.7180 0.0000
vt 0.7329 0.4993 0.0000
vt 0.8817 0.3839 0.0000
vt 0.8772 0.3807 0.0000
vt 0.2434 0.9072 0.0000
vt 0.5646 0.5787 0.0000
vt 0.5642 0.5837 0.0000
vt 0.5131 0.6988 0.0000
vt 0.5047 0.6940 0.0000
vt 0.3157 0.9743 0.0000
vt 0.5630 0.6144 0.0000
vt 0.8162 0.9433 0.0000
vt 0.5010 0.6974 0.0000
vt 0.4986 0.7001 0.0000
vt 0.2569 0.9121 0.0000
vt 0.0793 0.9865 0.0000
vt 0.0863 0.9879 0.0000
vt 0.0935 0.9889 0.0000
vt 0.6387 0.6713 0.0000
vt 0.1222 0.9865 0.0000
vt 0.1151 0.9880 0.0000
vt 0.1080 0.9890 0.0000
vt 0.0935 0.8219 0.0000
vt 0.0864 0.8229 0.0000
vt 0.0793 0.8243 0.0000
vt 0.1081 0.8219 0.0000
vt 0.1152 0.8229 0.0000
vt 0.1222 0.8243 0.0000
vt 0.3613 0.8984 0.0000
vt 0.3615 0.8998 0.0000
vt 0.1360 0.9817 0.0000
vt 0.1423 0.9783 0.0000
vt 0.1486 0.9746 0.0000
vt 0.7164 0.8112 0.0000
vt 0.0530 0.9745 0.0000
vt 0.0592 0.9782 0.0000
vt 0.0655 0.9816 0.0000
vt 0.1360 0.8292 0.0000
vt 0.1424 0.8325 0.0000
vt 0.1486 0.8363 0.0000
vt 0.0656 0.8292 0.0000
vt 0.0592 0.8326 0.0000
vt 0.0530 0.8363 0.0000
vt 0.1600 0.8455 0.0000
vt 0.1650 0.8508 0.0000
vt 0.1696 0.8565 0.0000
vt 0.1600 0.9654 0.0000
vt 0.1649 0.9600 0.0000
vt 0.1696 0.9544 0.0000
vt 0.0320 0.9542 0.0000
vt 0.0367 0.9599 0.0000
vt 0.0416 0.9652 0.0000
vt 0.0416 0.8456 0.0000
vt 0.0367 0.8509 0.0000
vt 0.0321 0.8566 0.0000
vt 0.9313 0.3987 0.0000
vt 0.9278 0.3998 0.0000
vt 0.2640 0.9097 0.0000
vt 0.2667 0.9102 0.0000
vt 0.4988 0.7093 0.0000
vt 0.5047 0.7114 0.0000
vt 0.5028 0.5527 0.0000
vt 0.5097 0.5613 0.0000
vt 0.5138 0.5716 0.0000
vt 0.5138 0.5590 0.0000
vt 0.4735 0.5422 0.0000
vt 0.4746 0.5371 0.0000
vt 0.1828 0.8831 0.0000
vt 0.1803 0.8760 0.0000
vt 0.1774 0.8692 0.0000
vt 0.1860 0.8980 0.0000
vt 0.1864 0.9054 0.0000
vt 0.1860 0.9129 0.0000
vt 0.1774 0.9416 0.0000
vt 0.1802 0.9349 0.0000
vt 0.1828 0.9278 0.0000
vt 0.4309 0.7190 0.0000
vt 0.4319 0.7183 0.0000
vt 0.5532 0.6599 0.0000
vt 0.5544 0.6590 0.0000
vt 0.5558 0.6607 0.0000
vt 0.5369 0.6998 0.0000
vt 0.5342 0.7069 0.0000
vt 0.5004 0.5224 0.0000
vt 0.4915 0.5350 0.0000
vt 0.4935 0.5390 0.0000
vt 0.4935 0.5311 0.0000
vt 0.1851 0.9819 0.0000
vt 0.1832 0.9770 0.0000
vt 0.1899 0.9731 0.0000
vt 0.1972 0.9614 0.0000
vt 0.5115 0.6388 0.0000
vt 0.5039 0.6444 0.0000
vt 0.5039 0.6483 0.0000
vt 0.4941 0.6344 0.0000
vt 0.4919 0.6414 0.0000
vt 0.6841 0.6592 0.0000
vt 0.6833 0.8364 0.0000
vt 0.4481 0.7180 0.0000
vt 0.4450 0.7180 0.0000
vt 0.4820 0.7870 0.0000
vt 0.4808 0.7886 0.0000
vt 0.5287 0.6626 0.0000
vt 0.2346 0.9062 0.0000
vt 0.2333 0.9073 0.0000
vt 0.2322 0.9100 0.0000
vt 0.5325 0.5659 0.0000
vt 0.5394 0.5593 0.0000
vt 0.5321 0.5709 0.0000
vt 0.5484 0.5571 0.0000
vt 0.5439 0.5593 0.0000
vt 0.5430 0.5559 0.0000
vt 0.6711 0.4500 0.0000
vt 0.6848 0.4348 0.0000
vt 0.2588 0.9136 0.0000
vt 0.2576 0.9109 0.0000
vt 0.6655 0.4065 0.0000
vt 0.6425 0.3943 0.0000
vt 0.6448 0.3862 0.0000
vt 0.5629 0.6320 0.0000
vt 0.5633 0.6271 0.0000
vt 0.5670 0.6185 0.0000
vt 0.7077 0.6626 0.0000
vt 0.7952 0.5252 0.0000
vt 0.8710 0.5550 0.0000
vt 0.7759 0.5300 0.0000
vt 0.7796 0.5285 0.0000
vt 0.5653 0.5654 0.0000
vt 0.5574 0.5593 0.0000
vt 0.5623 0.5607 0.0000
vt 0.5529 0.5593 0.0000
vt 0.9085 0.4298 0.0000
vt 0.6373 0.8402 0.0000
vt 0.6191 0.8397 0.0000
vt 0.6213 0.8280 0.0000
vt 0.6015 0.8507 0.0000
vt 0.6038 0.8297 0.0000
vt 0.5622 0.5670 0.0000
vt 0.2359 0.9052 0.0000
vt 0.4890 0.7993 0.0000
vt 0.4948 0.7992 0.0000
vt 0.7124 0.4166 0.0000
vt 0.4973 0.6751 0.0000
vt 0.5076 0.6751 0.0000
vt 0.5025 0.6754 0.0000
vt 0.1903 0.9681 0.0000
vt 0.1923 0.9628 0.0000
vt 0.2062 0.9592 0.0000
vt 0.2152 0.9615 0.0000
vt 0.1291 0.9841 0.0000
vt 0.8952 0.9304 0.0000
vt 0.5125 0.7037 0.0000
vt 0.7070 0.8292 0.0000
vt 0.3530 0.8986 0.0000
vt 0.3525 0.9001 0.0000
vt 0.8417 0.5745 0.0000
vt 0.8403 0.5687 0.0000
vt 0.4332 0.8159 0.0000
vt 0.4406 0.8383 0.0000
vt 0.4406 0.8234 0.0000
vt 0.6791 0.7802 0.0000
vt 0.5559 0.6386 0.0000
vt 0.5425 0.6386 0.0000
vt 0.5416 0.6420 0.0000
vt 0.5380 0.6386 0.0000
vt 0.5073 0.5370 0.0000
vt 0.5113 0.5287 0.0000
vt 0.7319 0.2907 0.0000
vt 0.7311 0.2887 0.0000
vt 0.7385 0.2887 0.0000
vt 0.7236 0.2906 0.0000
vt 0.7153 0.2906 0.0000
vt 0.7087 0.2887 0.0000
vt 0.7161 0.2887 0.0000
vt 0.2063 0.9958 0.0000
vt 0.2018 0.9924 0.0000
vt 0.1932 0.9902 0.0000
vt 0.1973 0.9924 0.0000
vt 0.1954 0.9957 0.0000
vt 0.2285 0.8305 0.0000
vt 0.2279 0.8360 0.0000
vt 0.2328 0.8449 0.0000
vt 0.2346 0.8399 0.0000
vt 0.5563 0.5359 0.0000
vt 0.5605 0.5458 0.0000
vt 0.4898 0.6735 0.0000
vt 0.6816 0.8131 0.0000
vt 0.6999 0.6628 0.0000
vt 0.6920 0.6629 0.0000
vt 0.5324 0.5836 0.0000
vt 0.5344 0.5889 0.0000
vt 0.5374 0.5936 0.0000
vt 0.5210 0.6942 0.0000
vt 0.5148 0.7134 0.0000
vt 0.4907 0.5935 0.0000
vt 0.5034 0.5861 0.0000
vt 0.2589 0.9177 0.0000
vt 0.3838 0.8383 0.0000
vt 0.3838 0.8234 0.0000
vt 0.3912 0.8159 0.0000
vt 0.5272 0.5797 0.0000
vt 0.5284 0.5700 0.0000
vt 0.8454 0.4940 0.0000
vt 0.4836 0.7986 0.0000
vt 0.4782 0.7918 0.0000
vt 0.4783 0.7986 0.0000
vt 0.5396 0.6777 0.0000
vt 0.5086 0.7105 0.0000
vt 0.5047 0.7134 0.0000
vt 0.8395 0.5888 0.0000
vt 0.8065 0.6277 0.0000
vt 0.1953 0.8360 0.0000
vt 0.2026 0.8244 0.0000
vt 0.5569 0.6717 0.0000
vt 0.7146 0.8346 0.0000
vt 0.8341 0.5592 0.0000
vt 0.8042 0.5333 0.0000
vt 0.4984 0.5730 0.0000
vt 0.5028 0.5779 0.0000
vt 0.5097 0.5693 0.0000
vt 0.8360 0.5204 0.0000
vt 0.8349 0.5199 0.0000
vt 0.6997 0.7588 0.0000
vt 0.2662 0.9139 0.0000
vt 0.2672 0.9154 0.0000
vt 0.9107 0.9480 0.0000
vt 0.7181 0.7219 0.0000
vt 0.7217 0.7579 0.0000
vt 0.5099 0.6946 0.0000
vt 0.6768 0.7235 0.0000
vt 0.9959 0.9497 0.0000
vt 0.5312 0.6143 0.0000
vt 0.5307 0.6193 0.0000
vt 0.5271 0.6184 0.0000
vt 0.5283 0.6276 0.0000
vt 0.4982 0.6097 0.0000
vt 0.4907 0.6081 0.0000
vt 0.5034 0.6154 0.0000
vt 0.4960 0.5693 0.0000
vt 0.7531 0.4297 0.0000
vt 0.7422 0.4132 0.0000
vt 0.7384 0.4659 0.0000
vt 0.5443 0.6973 0.0000
vt 0.5508 0.6619 0.0000
vt 0.5610 0.6091 0.0000
vt 0.5560 0.6077 0.0000
vt 0.5579 0.6044 0.0000
vt 0.5471 0.6055 0.0000
vt 0.5525 0.6044 0.0000
vt 0.5332 0.6090 0.0000
vt 0.5356 0.6032 0.0000
vt 0.5381 0.6077 0.0000
vt 0.7365 0.2481 0.0000
vt 0.5470 0.6409 0.0000
vt 0.5524 0.6420 0.0000
vt 0.5609 0.6373 0.0000
vt 0.7818 0.5324 0.0000
vt 0.7440 0.4099 0.0000
vt 0.7411 0.4035 0.0000
vt 0.5744 0.9812 0.0000
vt 0.7810 0.2046 0.0000
vt 0.6764 0.6671 0.0000
vt 0.9142 0.4298 0.0000
vt 0.4918 0.7854 0.0000
vt 0.4947 0.7854 0.0000
vt 0.4985 0.7902 0.0000
vt 0.9819 0.9241 0.0000
vt 0.6762 0.6594 0.0000
vt 0.1007 0.9879 0.0000
vt 0.2169 0.8587 0.0000
vt 0.2205 0.8553 0.0000
vt 0.2224 0.8587 0.0000
vt 0.7100 0.4687 0.0000
vt 0.6083 0.8302 0.0000
vt 0.6166 0.8302 0.0000
vt 0.2116 0.8210 0.0000
vt 0.4709 0.5359 0.0000
vt 0.4715 0.5376 0.0000
vt 0.7397 0.6488 0.0000
vt 0.7453 0.6488 0.0000
vt 0.7453 0.6741 0.0000
vt 0.7294 0.6797 0.0000
vt 0.7238 0.6488 0.0000
vt 0.4332 0.8457 0.0000
vt 0.3912 0.8457 0.0000
vt 0.4746 0.9798 0.0000
vt 0.4640 0.9788 0.0000
vt 0.5411 0.7095 0.0000
vt 0.4471 0.7184 0.0000
vt 0.4464 0.7200 0.0000
vt 0.4430 0.7189 0.0000
vt 0.5379 0.7040 0.0000
vt 0.5369 0.7083 0.0000
vt 0.5518 0.6582 0.0000
vt 0.5516 0.6556 0.0000
vt 0.4959 0.7870 0.0000
vt 0.3045 0.8365 0.0000
vt 0.1946 0.8492 0.0000
vt 0.2025 0.8553 0.0000
vt 0.1977 0.8539 0.0000
vt 0.3582 0.9017 0.0000
vt 0.3584 0.8992 0.0000
vt 0.4895 0.5414 0.0000
vt 0.5393 0.6519 0.0000
vt 0.1287 0.9832 0.0000
vt 0.2274 0.9719 0.0000
vt 0.3765 0.8831 0.0000
vt 0.1947 0.8304 0.0000
vt 0.1928 0.8442 0.0000
vt 0.1886 0.8398 0.0000
vt 0.3592 0.8939 0.0000
vt 0.5606 0.5872 0.0000
vt 0.5591 0.5936 0.0000
vt 0.5573 0.5902 0.0000
vt 0.5483 0.5925 0.0000
vt 0.5537 0.5936 0.0000
vt 0.2263 0.8548 0.0000
vt 0.3019 0.8293 0.0000
vt 0.2587 0.9101 0.0000
vt 0.2609 0.9084 0.0000
vt 0.4340 0.7179 0.0000
vt 0.4360 0.7181 0.0000
vt 0.2578 0.9123 0.0000
vt 0.2581 0.9150 0.0000
vt 0.9263 0.4144 0.0000
vt 0.7572 0.4769 0.0000
vt 0.7758 0.4455 0.0000
vt 0.7736 0.4233 0.0000
vt 0.3545 0.8934 0.0000
vt 0.3527 0.8953 0.0000
vt 0.6481 0.4351 0.0000
vt 0.6485 0.4624 0.0000
vt 0.6368 0.4436 0.0000
vt 0.2201 0.9628 0.0000
vt 0.2170 0.9581 0.0000
vt 0.2116 0.9581 0.0000
vt 0.4461 0.7137 0.0000
vt 0.9415 0.9436 0.0000
vt 0.9205 0.4279 0.0000
vt 0.8581 0.5510 0.0000
vt 0.8853 0.4276 0.0000
vt 0.5695 0.5798 0.0000
vt 0.5671 0.5704 0.0000
vt 0.5713 0.5748 0.0000
vt 0.5126 0.5955 0.0000
vt 0.5034 0.6100 0.0000
vt 0.1008 0.8250 0.0000
vt 0.6519 0.4313 0.0000
vt 0.6693 0.4434 0.0000
vt 0.9234 0.4212 0.0000
vt 0.5053 0.7041 0.0000
vt 0.2316 0.8352 0.0000
vt 0.2945 0.8296 0.0000
vt 0.3845 0.8877 0.0000
vt 0.2008 0.9957 0.0000
vt 0.5234 0.5300 0.0000
vt 0.7397 0.6741 0.0000
vt 0.5086 0.6969 0.0000
vt 0.5538 0.5559 0.0000
vt 0.5593 0.5559 0.0000
vt 0.2319 0.9083 0.0000
vt 0.6093 0.8592 0.0000
vt 0.6483 0.8379 0.0000
vt 0.6542 0.8429 0.0000
vt 0.5670 0.6279 0.0000
vt 0.5715 0.6232 0.0000
vt 0.3212 0.9717 0.0000
vt 0.3736 0.8915 0.0000
vt 0.2007 0.9581 0.0000
vt 0.1953 0.9581 0.0000
vt 0.2329 0.9151 0.0000
vt 0.2345 0.9157 0.0000
vt 0.5345 0.5606 0.0000
vt 0.5376 0.5559 0.0000
vt 0.9211 0.9285 0.0000
vt 0.8531 0.5012 0.0000
vt 0.3259 0.9815 0.0000
vt 0.3272 0.9804 0.0000
vt 0.5331 0.6373 0.0000
vt 0.5362 0.6420 0.0000
vt 0.7060 0.2843 0.0000
vt 0.7078 0.2829 0.0000
vt 0.7051 0.2780 0.0000
vt 0.2201 0.9910 0.0000
vt 0.2062 0.8210 0.0000
vt 0.2007 0.8210 0.0000
vt 0.1977 0.8257 0.0000
vt 0.7412 0.2843 0.0000
vt 0.7394 0.2829 0.0000
vt 0.7421 0.2780 0.0000
vt 0.7416 0.4739 0.0000
vt 0.0680 0.7285 0.0000
vt 0.5271 0.6597 0.0000
vt 0.5268 0.6571 0.0000
vt 0.5260 0.6616 0.0000
vt 0.6411 0.3801 0.0000
vt 0.1977 0.8476 0.0000
vt 0.3152 0.9805 0.0000
vt 0.5416 0.6043 0.0000
vt 0.1862 0.9723 0.0000
vt 0.3785 0.8948 0.0000
vt 0.2211 0.8809 0.0000
vt 0.6562 0.7362 0.0000
vt 0.8459 0.9197 0.0000
vt 0.9005 0.9257 0.0000
vt 0.7042 0.2716 0.0000
vt 0.6556 0.2638 0.0000
vt 0.5578 0.6420 0.0000
vt 0.7430 0.2717 0.0000
vt 0.8433 0.9420 0.0000
vt 0.6316 0.8689 0.0000
vt 0.4725 0.5369 0.0000
vt 0.5131 0.7085 0.0000
vt 0.8826 0.4207 0.0000
vt 0.8799 0.4138 0.0000
vt 0.8771 0.5471 0.0000
vt 0.4898 0.6588 0.0000
vt 0.5429 0.5936 0.0000
vt 0.2441 0.9121 0.0000
vt 0.2115 0.8587 0.0000
vt 0.5025 0.6569 0.0000
vt 0.4973 0.6572 0.0000
vt 0.3539 0.9019 0.0000
vt 0.7981 0.6175 0.0000
vt 0.7921 0.6159 0.0000
vt 0.5646 0.5300 0.0000
vt 0.6635 0.6762 0.0000
vt 0.2170 0.8210 0.0000
vt 0.7817 0.5019 0.0000
vt 0.8382 0.4926 0.0000
vt 0.4329 0.7186 0.0000
vt 0.4324 0.7192 0.0000
vt 0.4544 0.8194 0.0000
vt 0.7401 0.2598 0.0000
vt 0.6674 0.2048 0.0000
vt 0.2061 0.8587 0.0000
vt 0.2007 0.8587 0.0000
vt 0.9127 0.3778 0.0000
vt 0.8940 0.3778 0.0000
vt 0.6446 0.8715 0.0000
vt 0.5516 0.6998 0.0000
vt 0.3120 0.7691 0.0000
vt 0.7401 0.4092 0.0000
vt 0.4997 0.7986 0.0000
vt 0.6788 0.7751 0.0000
vt 0.5510 0.6777 0.0000
vt 0.6781 0.7648 0.0000
vt 0.8954 0.4345 0.0000
vt 0.5630 0.5898 0.0000
vt 0.5332 0.6520 0.0000
vt 0.6797 0.7884 0.0000
vt 0.6768 0.7153 0.0000
vt 0.6816 0.4317 0.0000
vt 0.6870 0.4311 0.0000
vt 0.7073 0.2530 0.0000
vt 0.9310 0.9199 0.0000
vt 0.5254 0.5747 0.0000
vt 0.4521 0.7196 0.0000
vt 0.6767 0.6988 0.0000
vt 0.6810 0.8049 0.0000
vt 0.4795 0.7902 0.0000
vt 0.4895 0.5287 0.0000
vt 0.3740 0.8855 0.0000
vt 0.3728 0.8866 0.0000
vt 0.4491 0.7137 0.0000
vt 0.6766 0.6847 0.0000
vt 0.6820 0.8189 0.0000
vt 0.9176 0.4347 0.0000
vt 0.8982 0.2751 0.0000
vt 0.7723 0.5212 0.0000
vt 0.4690 0.5206 0.0000
vt 0.4852 0.5455 0.0000
vt 0.8323 0.2751 0.0000
vt 0.6829 0.8306 0.0000
vt 0.6764 0.6730 0.0000
vt 0.9292 0.4076 0.0000
vt 0.8369 0.2919 0.0000
vt 0.4972 0.7886 0.0000
vt 0.9237 0.3763 0.0000
vt 0.6763 0.6623 0.0000
vt 0.6762 0.6604 0.0000
vt 0.8832 0.3763 0.0000
vt 0.7947 0.5497 0.0000
vt 0.9937 0.9381 0.0000
vt 0.7236 0.2408 0.0000
vt 0.6785 0.7700 0.0000
vt 0.5241 0.6231 0.0000
vt 0.1916 0.8351 0.0000
vt 0.2977 0.8401 0.0000
vt 0.8772 0.4069 0.0000
vt 0.6767 0.7070 0.0000
vt 0.6804 0.7967 0.0000
vt 0.9193 0.9539 0.0000
vt 0.6622 0.7599 0.0000
vt 0.8880 0.4344 0.0000
vt 0.1915 0.9919 0.0000
vt 0.4380 0.7198 0.0000
vt 0.4380 0.7173 0.0000
vt 0.4766 0.5388 0.0000
vt 0.4766 0.5363 0.0000
vt 0.6765 0.6788 0.0000
vt 0.6824 0.8248 0.0000
vt 0.7419 0.2656 0.0000
vt 0.6436 0.8377 0.0000
vt 0.7236 0.2887 0.0000
vt 0.6083 0.8255 0.0000
vt 0.6166 0.8255 0.0000
vt 0.7400 0.2531 0.0000
vt 0.6762 0.6613 0.0000
vt 0.5283 0.6777 0.0000
vt 0.0816 0.5206 0.0000
vt 0.0654 0.5455 0.0000
vt 0.4833 0.7854 0.0000
vt 0.6635 0.7188 0.0000
vt 0.2927 0.8367 0.0000
vt 0.2922 0.8334 0.0000
vt 0.2924 0.8350 0.0000
vt 0.3840 0.8843 0.0000
vt 0.3824 0.8837 0.0000
vt 0.6895 0.4844 0.0000
vt 0.7139 0.4762 0.0000
vt 0.6959 0.4607 0.0000
vt 0.7109 0.4646 0.0000
vt 0.7397 0.6432 0.0000
vt 0.6450 0.4311 0.0000
vt 0.4420 0.7196 0.0000
vt 0.7397 0.6797 0.0000
vt 0.6362 0.8715 0.0000
vt 0.4521 0.7171 0.0000
vt 0.7141 0.4688 0.0000
vt 0.7577 0.4017 0.0000
vt 0.5977 0.8486 0.0000
vt 0.6046 0.8590 0.0000
vt 0.5987 0.8540 0.0000
# 1803 texture coords

o Plane_039
g Plane_039
usemtl Material__51
s off
f 1/1/1 2/2/1 3/3/1 
f 4/4/2 5/5/3 6/6/4 
f 7/7/5 8/8/6 9/9/7 
f 10/10/8 11/11/8 12/12/8 
f 13/13/9 14/14/10 15/15/11 
f 16/16/12 17/17/12 18/18/12 
f 10/10/8 19/19/8 20/20/8 
f 21/21/3 22/22/3 23/23/3 
f 24/24/13 25/25/13 26/26/13 
f 1/1/1 3/3/1 27/27/1 
f 28/28/14 29/29/3 4/4/14 
f 30/30/4 29/29/3 28/28/15 
f 24/24/13 26/26/13 31/31/13 
f 31/31/16 32/32/17 33/33/18 
f 34/34/3 35/35/3 36/36/3 
f 37/37/3 9/9/3 8/8/3 
f 38/38/3 39/39/3 40/40/3 
f 41/41/3 42/42/3 43/43/3 
f 44/44/19 45/45/20 46/46/21 
f 47/47/22 48/48/23 16/16/24 
f 49/49/25 50/50/26 51/51/26 
f 52/52/25 51/51/25 53/53/25 
f 54/54/27 55/55/27 56/56/27 
f 57/57/1 58/58/1 59/59/1 
f 60/60/3 61/61/3 62/62/3 
f 63/63/3 40/40/3 64/64/3 
f 65/65/3 66/66/3 67/67/3 
f 68/68/8 10/10/8 69/69/8 
f 70/70/28 71/71/28 72/72/28 
f 13/13/29 73/73/30 74/74/31 
f 75/75/32 44/44/33 76/76/34 
f 77/77/35 18/18/36 78/78/35 
f 34/34/3 79/79/3 35/35/3 
f 69/69/8 80/80/8 81/81/8 
f 82/82/37 83/83/37 84/84/37 
f 24/24/38 85/85/39 86/86/40 
f 87/87/8 19/19/8 10/10/8 
f 88/88/3 89/89/3 90/90/3 
f 91/91/3 92/92/3 93/93/3 
f 30/30/41 28/28/41 94/94/41 
f 57/57/42 95/95/42 96/96/42 
f 97/97/43 98/98/1 99/99/44 
f 100/100/3 101/101/3 102/102/3 
f 103/103/3 104/104/3 105/105/3 
f 106/106/3 107/107/3 108/108/3 
f 109/109/3 110/110/3 111/111/3 
f 52/52/25 53/53/25 112/112/25 
f 113/113/25 52/52/25 33/114/45 
f 114/115/46 115/116/46 116/117/46 
f 13/13/9 117/118/47 118/119/48 
f 119/120/49 120/121/49 121/122/49 
f 122/123/50 123/124/51 75/75/32 
f 124/125/52 125/126/52 126/127/52 
f 127/128/53 128/129/54 129/130/55 
f 130/131/3 131/132/3 132/133/3 
f 130/131/3 133/134/3 134/135/3 
f 135/136/3 136/137/3 137/138/3 
f 138/139/3 139/140/3 66/66/3 
f 140/141/56 124/142/57 141/143/58 
f 142/144/59 45/145/60 143/146/61 
f 144/147/62 57/57/1 59/59/63 
f 59/59/44 97/97/44 99/99/44 
f 57/57/42 145/148/42 95/95/42 
f 59/59/44 146/149/44 147/150/44 
f 148/151/3 149/152/3 150/153/3 
f 151/154/3 21/21/3 152/155/3 
f 153/156/3 154/157/3 155/158/3 
f 156/159/3 157/160/3 104/104/3 
f 106/106/3 158/161/3 159/162/3 
f 106/106/3 160/163/3 161/164/3 
f 162/165/64 163/166/64 164/167/64 
f 165/168/65 166/169/65 167/170/65 
f 113/113/25 168/171/25 52/52/45 
f 49/49/25 168/171/25 113/113/25 
f 49/49/25 113/113/25 169/172/25 
f 49/49/25 169/172/25 50/50/26 
f 170/173/3 171/174/3 151/154/3 
f 87/87/8 10/10/8 172/175/8 
f 124/142/66 126/176/66 141/143/66 
f 78/78/67 173/177/67 77/77/68 
f 174/178/3 175/179/3 176/180/3 
f 177/181/3 178/182/3 179/183/3 
f 180/184/69 181/185/69 56/56/69 
f 54/54/27 56/56/27 181/185/27 
f 182/186/3 111/111/3 110/110/3 
f 183/187/3 136/137/3 135/136/3 
f 20/20/8 11/11/8 10/10/8 
f 62/62/3 184/188/3 60/60/3 
f 127/128/70 18/189/70 128/129/71 
f 54/54/27 57/57/27 55/55/27 
f 54/54/72 185/190/72 57/57/72 
f 186/191/73 187/192/73 47/47/73 
f 188/193/74 47/47/75 124/142/76 
f 189/194/8 190/195/8 191/196/8 
f 42/197/77 41/198/78 192/199/78 
f 53/53/25 193/200/79 112/112/79 
f 84/201/80 193/202/81 53/203/82 
f 105/105/3 194/204/3 195/205/3 
f 195/205/3 194/204/3 23/23/3 
f 180/184/69 196/206/69 181/185/69 
f 180/184/83 197/207/83 196/206/83 
f 152/155/3 88/88/3 151/154/3 
f 198/208/3 199/209/3 200/210/3 
f 87/87/8 201/211/8 19/19/8 
f 88/88/3 202/212/3 89/89/3 
f 43/43/3 203/213/3 65/65/3 
f 204/214/3 43/43/3 205/215/3 
f 180/184/83 185/190/83 197/207/83 
f 54/54/72 197/207/72 185/190/72 
f 206/216/3 207/217/3 208/218/3 
f 209/219/3 210/220/3 133/134/3 
f 211/221/84 212/222/84 73/73/85 
f 213/223/86 214/224/86 215/225/86 
f 95/226/87 216/227/1 96/228/1 
f 147/229/88 217/230/1 95/226/87 
f 218/231/1 219/232/1 147/229/88 
f 95/226/87 217/230/1 216/227/1 
f 220/233/3 159/162/3 158/161/3 
f 69/69/8 10/10/8 12/12/8 
f 221/234/3 222/235/3 223/236/3 
f 205/215/89 224/237/89 204/214/90 
f 225/238/91 226/239/91 227/240/91 
f 228/241/92 229/242/92 230/243/92 
f 15/244/93 142/144/94 16/245/95 
f 137/138/3 138/139/3 231/246/3 
f 190/195/8 10/10/8 68/68/8 
f 232/247/96 233/248/96 234/249/96 
f 126/176/66 235/250/66 236/251/66 
f 237/252/3 238/253/3 239/254/3 
f 170/173/3 240/255/3 241/256/3 
f 242/257/97 243/258/97 244/259/97 
f 245/260/98 246/261/98 247/262/98 
f 59/59/44 147/150/44 248/263/1 
f 249/264/1 147/229/88 95/226/87 
f 248/265/1 147/229/88 250/266/1 
f 95/226/87 251/267/1 249/264/1 
f 252/268/99 253/269/99 254/270/99 
f 255/271/100 15/15/101 256/272/102 
f 257/273/103 258/274/103 259/275/103 
f 260/276/104 60/277/105 184/278/104 
f 99/99/44 261/279/44 262/280/44 
f 59/59/44 99/99/44 262/280/44 
f 263/281/97 264/282/97 96/228/97 
f 59/59/44 262/280/44 146/149/44 
f 96/96/42 55/55/42 57/57/42 
f 98/98/106 56/56/42 55/55/42 
f 98/98/106 55/55/42 265/283/106 
f 99/99/44 266/284/1 261/279/44 
f 91/91/3 267/285/3 92/92/3 
f 6/6/4 5/5/3 30/30/4 
f 268/286/107 269/287/107 270/288/107 
f 16/16/12 271/289/12 272/290/12 
f 38/38/3 273/291/3 274/292/3 
f 60/60/3 275/293/3 276/294/3 
f 277/295/108 278/296/108 172/175/108 
f 279/297/3 280/298/3 103/103/3 
f 106/106/3 281/299/3 282/300/3 
f 182/186/3 283/301/3 284/302/3 
f 285/303/3 286/304/3 136/137/3 
f 287/305/3 288/306/3 65/65/3 
f 28/28/109 289/307/110 112/308/111 
f 193/200/79 28/309/79 112/112/79 
f 44/44/112 290/310/113 291/311/113 
f 292/312/114 293/313/114 294/314/114 
f 124/125/52 295/315/52 125/126/52 
f 296/316/115 295/317/116 124/318/117 
f 297/319/3 298/320/3 299/321/3 
f 300/322/3 8/8/3 301/323/3 
f 302/324/118 20/20/118 19/19/118 
f 303/325/119 202/326/120 304/327/120 
f 4/4/14 29/29/3 305/328/121 
f 29/29/3 30/30/4 306/329/3 
f 307/330/122 29/29/122 306/329/122 
f 5/5/3 4/4/2 305/328/123 
f 308/331/124 183/332/124 135/333/125 
f 309/334/126 310/335/126 68/68/126 
f 77/77/127 311/336/128 126/176/129 
f 125/337/130 312/338/131 126/339/132 
f 25/25/133 32/340/133 26/26/133 
f 31/31/16 26/26/134 32/32/17 
f 313/341/135 42/197/136 314/342/136 
f 189/194/8 10/10/8 190/195/8 
f 315/343/3 316/344/3 317/345/3 
f 318/346/3 132/133/3 319/347/3 
f 144/147/62 145/148/87 57/57/1 
f 144/147/88 59/59/44 248/263/1 
f 320/348/1 321/349/1 322/350/1 
f 36/36/137 154/157/137 34/34/137 
f 183/187/3 182/186/3 136/137/3 
f 323/351/138 324/352/138 325/353/138 
f 326/354/139 13/13/140 327/355/141 
f 328/356/3 329/357/3 330/358/3 
f 279/297/3 103/103/3 105/105/3 
f 32/340/133 25/25/133 86/359/133 
f 24/24/38 86/86/142 25/25/143 
f 308/331/144 331/360/145 183/332/145 
f 332/361/146 80/80/146 69/69/146 
f 124/318/117 47/362/147 296/316/115 
f 333/363/148 16/245/148 142/144/148 
f 334/364/149 325/353/149 324/352/149 
f 18/18/12 17/17/12 335/365/12 
f 336/366/1 98/367/1 337/368/1 
f 338/369/1 339/370/1 340/371/1 
f 9/9/3 37/37/3 224/237/3 
f 341/372/3 342/373/3 343/374/3 
f 216/227/8 263/281/8 96/228/8 
f 263/281/150 216/227/150 344/375/150 
f 20/20/8 258/274/8 11/11/8 
f 107/376/151 345/377/151 108/378/151 
f 55/379/87 96/228/1 265/380/1 
f 338/369/1 340/371/1 265/380/1 
f 90/381/152 346/382/152 347/383/152 
f 87/87/8 172/175/8 278/296/8 
f 106/106/3 108/108/3 62/62/3 
f 174/178/3 176/180/3 348/384/3 
f 349/385/153 191/196/153 190/195/153 
f 138/386/154 66/387/154 350/388/154 
f 351/389/3 315/343/3 317/345/3 
f 198/208/3 200/210/3 352/390/3 
f 353/391/155 354/392/155 355/393/155 
f 356/394/156 357/395/156 358/396/156 
f 359/397/3 360/398/3 361/399/3 
f 223/236/157 204/214/157 224/237/157 
f 362/400/3 88/88/3 363/401/3 
f 88/88/3 38/38/3 364/402/3 
f 100/100/3 102/102/3 365/403/3 
f 157/160/3 23/23/3 194/204/3 
f 366/404/158 367/405/158 368/406/158 
f 220/233/3 369/407/3 370/408/3 
f 18/189/159 371/409/159 128/129/159 
f 126/339/132 312/338/160 77/410/161 
f 328/356/3 372/411/3 373/412/3 
f 374/413/3 21/21/3 151/154/3 
f 145/414/1 144/415/1 248/265/1 
f 145/414/87 251/267/87 95/226/87 
f 375/416/162 376/417/162 23/23/162 
f 149/152/3 148/151/3 377/418/3 
f 94/94/163 193/202/164 378/419/165 
f 94/94/41 28/28/41 193/202/166 
f 379/420/167 380/421/167 381/422/167 
f 382/423/168 383/424/168 384/425/168 
f 385/426/169 386/427/169 387/428/169 
f 138/139/3 388/429/3 139/140/3 
f 109/109/3 220/233/3 389/430/3 
f 390/431/170 12/12/170 391/432/170 
f 392/433/171 393/434/171 394/435/171 
f 395/436/172 396/437/172 397/438/172 
f 398/439/173 40/440/174 63/441/173 
f 20/20/8 259/275/8 258/274/8 
f 399/442/98 246/261/98 245/443/98 
f 243/258/97 242/257/97 400/444/97 
f 401/445/175 402/446/176 280/447/175 
f 403/448/177 404/449/177 405/450/177 
f 406/451/3 407/452/3 408/453/3 
f 409/454/3 315/343/3 410/455/3 
f 411/456/3 62/62/3 412/457/3 
f 413/458/178 414/459/179 415/460/179 
f 416/461/3 306/329/3 30/30/4 
f 417/462/180 418/463/180 419/464/180 
f 8/8/3 420/465/3 301/323/3 
f 136/137/3 182/186/3 154/157/3 
f 41/41/3 43/43/3 104/104/3 
f 359/397/3 421/466/3 360/398/3 
f 422/467/181 423/468/181 424/469/181 
f 77/77/182 425/470/182 426/471/182 
f 427/472/183 355/393/183 354/392/183 
f 326/354/184 327/355/184 428/473/184 
f 229/242/92 429/474/92 230/243/92 
f 227/240/91 226/239/91 430/475/91 
f 431/476/3 105/105/3 328/356/3 
f 105/105/3 195/205/3 328/356/3 
f 432/477/185 433/478/185 434/479/185 
f 435/480/186 436/481/186 437/482/186 
f 438/483/187 439/484/187 440/485/187 
f 441/486/188 442/487/188 443/488/188 
f 242/257/97 244/259/97 444/489/97 
f 247/262/98 445/490/98 245/260/98 
f 446/491/189 447/492/189 448/493/189 
f 70/70/190 449/494/190 450/495/190 
f 451/496/191 452/497/191 19/19/192 
f 398/439/193 453/498/193 40/440/193 
f 454/499/3 455/500/3 456/501/3 
f 209/219/3 457/502/3 210/220/3 
f 97/97/43 56/56/43 98/98/1 
f 180/184/1 56/56/1 97/97/1 
f 458/503/194 170/504/194 459/505/195 
f 460/506/196 459/505/196 461/507/196 
f 180/184/1 97/97/1 462/508/1 
f 185/190/1 180/184/1 462/508/1 
f 463/509/197 464/510/197 11/11/198 
f 465/511/199 159/512/200 220/513/199 
f 466/514/201 190/195/201 68/68/201 
f 138/386/202 467/515/202 231/516/202 
f 468/517/203 469/518/203 470/519/203 
f 471/520/204 472/521/204 473/522/204 
f 225/238/91 227/240/91 474/523/91 
f 228/241/92 230/243/92 475/524/92 
f 476/525/205 477/526/205 478/527/205 
f 479/528/206 480/529/206 481/530/206 
f 482/531/87 483/532/87 484/533/1 
f 485/534/1 486/535/1 487/536/1 
f 185/190/1 58/58/1 57/57/1 
f 185/190/1 462/508/1 58/58/1 
f 488/537/207 201/211/207 87/87/207 
f 89/538/208 489/539/209 90/381/209 
f 490/540/3 491/541/3 492/542/3 
f 493/543/3 494/544/3 297/319/3 
f 372/411/3 21/21/3 495/545/3 
f 21/21/3 372/411/3 22/22/3 
f 496/546/3 132/133/3 318/346/3 
f 176/180/3 62/62/3 348/384/3 
f 497/547/1 483/532/1 498/548/1 
f 497/547/1 499/549/1 500/550/1 
f 501/551/210 502/552/210 503/553/211 
f 504/554/212 505/555/213 66/387/213 
f 506/556/214 192/199/215 41/198/214 
f 507/557/216 189/194/216 508/558/216 
f 509/559/217 81/81/217 80/80/217 
f 510/560/218 511/561/219 512/562/218 
f 209/219/3 133/134/3 513/563/3 
f 88/88/3 362/400/3 38/38/3 
f 94/94/163 378/419/165 514/564/220 
f 514/564/221 378/419/221 515/565/221 
f 390/431/170 69/69/170 12/12/170 
f 516/566/222 109/567/222 111/568/223 
f 205/215/3 43/43/3 65/65/3 
f 9/9/3 224/237/3 517/569/3 
f 206/216/3 179/183/3 207/217/3 
f 179/183/3 518/570/3 519/571/3 
f 48/48/224 520/572/224 16/16/225 
f 119/120/226 121/122/226 521/573/226 
f 155/158/3 221/234/3 153/156/3 
f 343/374/3 299/321/3 298/320/3 
f 522/574/227 523/575/227 524/576/227 
f 165/168/228 167/170/228 525/577/228 
f 40/40/3 39/39/3 526/578/3 
f 414/459/229 413/458/229 527/579/229 
f 528/580/230 529/581/231 530/582/231 
f 531/583/232 532/584/233 533/585/232 
f 534/586/234 535/587/234 118/119/234 
f 536/588/235 255/271/235 256/272/235 
f 537/589/236 54/590/236 538/591/236 
f 197/592/237 54/593/238 537/594/239 
f 364/595/240 539/596/240 540/597/241 
f 541/598/242 19/19/242 201/211/242 
f 155/158/3 222/235/3 221/234/3 
f 375/416/3 36/36/3 35/35/3 
f 542/599/243 543/600/244 544/601/244 
f 111/568/245 545/602/246 546/603/245 
f 547/604/3 29/29/3 548/605/3 
f 549/606/3 550/607/3 551/608/3 
f 552/609/247 553/610/247 259/275/248 
f 184/278/249 554/611/250 555/612/249 
f 374/413/3 556/613/3 21/21/3 
f 557/614/251 558/615/251 559/616/251 
f 195/205/3 23/23/3 22/22/3 
f 560/617/3 238/253/3 237/252/3 
f 561/618/3 223/236/3 156/159/3 
f 156/159/3 223/236/3 222/235/3 
f 562/619/252 563/620/252 564/621/252 
f 565/622/253 566/623/253 567/624/253 
f 105/105/3 568/625/3 569/626/3 
f 558/615/254 557/614/254 570/627/254 
f 177/181/3 152/155/3 178/182/3 
f 152/155/3 177/181/3 88/88/3 
f 162/165/255 164/167/255 571/628/255 
f 572/629/256 573/630/256 574/631/256 
f 575/632/1 576/633/1 577/634/1 
f 578/635/257 234/636/257 233/637/257 
f 579/638/258 580/639/258 581/640/258 
f 582/641/259 231/516/259 467/515/260 
f 583/642/261 584/643/261 585/644/262 
f 395/436/263 586/645/263 587/646/263 
f 292/312/264 294/314/264 382/423/264 
f 44/647/265 125/126/266 295/315/267 
f 143/146/61 588/648/268 142/144/59 
f 589/649/3 590/650/3 591/651/3 
f 592/652/269 593/653/269 594/654/269 
f 595/655/270 212/222/270 211/221/270 
f 596/656/271 597/657/271 402/446/271 
f 598/658/272 10/10/272 599/659/272 
f 600/660/273 601/661/273 602/662/273 
f 603/663/274 604/664/274 605/665/274 
f 430/666/275 229/667/275 227/668/275 
f 606/669/276 607/670/276 608/671/276 
f 609/672/277 610/673/277 611/674/277 
f 612/675/278 342/373/278 341/372/278 
f 492/542/3 613/676/3 490/540/3 
f 127/128/53 129/130/279 614/677/280 
f 44/647/265 75/678/266 125/126/266 
f 106/106/3 161/164/3 615/679/3 
f 367/405/281 366/404/281 616/680/281 
f 7/7/3 65/65/3 617/681/3 
f 7/7/3 618/682/3 136/137/3 
f 619/683/282 620/684/283 621/685/282 
f 622/686/284 623/687/284 624/688/284 
f 375/416/3 35/35/3 376/417/3 
f 174/178/3 207/217/3 175/179/3 
f 126/176/66 625/689/66 626/690/66 
f 627/691/285 450/692/285 628/693/285 
f 629/694/286 630/695/286 631/696/286 
f 632/697/287 633/698/287 87/87/287 
f 408/453/3 410/455/3 406/451/3 
f 174/178/3 208/218/3 207/217/3 
f 634/699/288 635/700/288 509/559/288 
f 135/333/289 585/644/290 636/701/289 
f 637/702/291 539/596/292 364/595/292 
f 638/703/293 639/704/294 640/705/293 
f 34/34/295 154/157/296 182/186/297 
f 34/34/298 641/706/298 642/707/298 
f 104/104/3 643/708/3 156/159/3 
f 104/104/3 43/43/3 643/708/3 
f 499/549/1 644/709/1 575/710/1 
f 499/549/1 322/711/1 321/712/1 
f 645/713/1 646/714/1 487/536/1 
f 647/715/299 648/716/299 649/717/299 
f 385/426/300 387/428/300 650/718/300 
f 7/7/3 651/719/3 618/682/3 
f 44/44/301 652/720/301 653/721/302 
f 654/722/303 655/723/303 656/724/303 
f 657/725/304 433/478/304 432/477/304 
f 138/386/305 658/726/305 659/727/305 
f 138/386/306 350/388/307 660/728/306 
f 21/21/3 23/23/3 661/729/3 
f 178/182/3 661/729/3 23/23/3 
f 662/730/308 663/731/308 524/576/308 
f 13/13/309 664/732/310 663/731/310 
f 665/733/311 666/734/311 667/735/311 
f 668/736/312 669/737/312 670/738/312 
f 413/458/313 671/739/313 527/579/313 
f 62/62/3 672/740/3 673/741/3 
f 674/742/3 675/743/3 676/744/3 
f 160/163/314 106/106/314 642/707/314 
f 642/707/298 79/79/298 34/34/298 
f 465/511/315 220/513/315 677/745/315 
f 109/567/316 678/746/316 220/513/316 
f 60/277/317 679/747/317 680/748/318 
f 260/276/319 679/747/320 60/277/320 
f 681/749/1 577/634/1 320/348/1 
f 321/349/1 320/348/1 682/750/1 
f 296/751/321 333/363/322 142/144/323 
f 295/752/324 296/751/325 142/144/324 
f 683/753/326 684/754/326 685/755/326 
f 119/120/327 521/573/327 686/756/327 
f 159/512/328 687/757/328 688/758/329 
f 689/759/330 11/11/330 464/510/330 
f 690/760/1 691/761/1 692/762/1 
f 693/763/331 694/764/331 692/762/331 
f 107/376/332 695/765/332 345/377/332 
f 696/766/333 11/11/333 258/274/333 
f 697/767/334 189/194/334 191/196/334 
f 504/554/335 203/768/336 698/769/336 
f 243/770/337 399/771/337 245/772/337 
f 398/439/338 63/441/338 699/773/338 
f 700/774/339 259/275/339 20/20/339 
f 701/775/8 702/776/8 703/777/8 
f 704/778/340 201/211/340 705/779/340 
f 303/325/341 89/538/341 202/326/342 
f 538/591/343 54/590/343 181/780/343 
f 538/781/344 181/782/345 706/783/346 
f 494/544/3 707/784/3 297/319/3 
f 708/785/347 709/786/348 613/676/348 
f 710/787/349 711/788/349 712/789/349 
f 713/790/350 714/791/350 715/792/350 
f 716/793/351 290/310/351 717/794/351 
f 536/588/352 718/795/353 255/271/352 
f 719/796/1 720/797/1 721/798/1 
f 485/534/1 487/536/1 722/799/1 
f 723/800/354 724/801/354 725/802/354 
f 726/803/355 727/804/355 728/805/355 
f 729/806/1 482/531/87 484/533/1 
f 730/807/356 731/808/357 732/809/356 
f 408/453/3 733/810/3 410/455/3 
f 734/811/358 455/500/358 454/499/358 
f 130/131/3 134/135/3 131/132/3 
f 735/812/1 736/813/1 737/814/1 
f 428/473/359 738/815/359 739/816/360 
f 595/655/361 214/817/361 740/818/361 
f 741/819/362 123/124/362 122/123/362 
f 594/820/363 593/821/363 742/822/363 
f 280/298/3 743/823/3 744/824/3 
f 570/627/364 557/614/364 745/825/364 
f 5/5/3 305/328/3 746/826/3 
f 30/30/4 5/5/3 416/461/3 
f 747/827/365 231/516/365 582/641/365 
f 748/828/366 309/334/366 68/68/366 
f 417/462/367 419/464/367 749/829/367 
f 416/461/368 5/5/368 750/830/368 
f 136/137/3 751/831/3 137/138/3 
f 650/718/158 387/428/158 752/832/158 
f 66/66/3 753/833/3 754/834/3 
f 386/427/364 385/426/364 755/835/364 
f 379/420/369 756/836/369 757/837/369 
f 758/838/370 759/839/370 760/840/370 
f 761/841/371 762/842/371 763/843/371 
f 764/844/372 189/194/372 765/845/372 
f 559/616/158 558/615/158 766/846/158 
f 372/411/3 767/847/3 768/848/3 
f 769/849/1 770/850/1 771/851/1 
f 69/69/8 81/81/8 68/68/8 
f 772/852/373 68/68/373 81/81/373 
f 773/853/374 774/854/374 390/431/374 
f 775/855/375 776/856/375 69/69/375 
f 777/857/376 778/858/376 332/361/376 
f 779/859/377 780/860/377 80/80/377 
f 246/861/378 242/257/379 444/489/380 
f 400/444/25 242/257/25 246/861/25 
f 472/521/381 781/862/381 782/863/381 
f 435/480/382 437/482/382 783/864/382 
f 784/865/383 785/866/383 786/867/383 
f 277/295/108 787/868/108 278/296/108 
f 6/6/221 514/564/221 515/565/221 
f 4/4/384 6/6/384 515/565/384 
f 788/869/385 789/870/385 790/871/385 
f 689/759/386 12/12/386 11/11/386 
f 528/580/387 531/583/388 533/585/388 
f 791/872/389 792/873/389 258/274/389 
f 793/874/1 794/875/1 795/876/1 
f 411/456/3 796/877/3 38/38/3 
f 411/456/3 412/457/3 797/878/3 
f 109/109/3 798/879/3 110/110/3 
f 799/880/313 368/406/313 367/405/313 
f 224/237/3 800/881/3 494/544/3 
f 224/237/3 37/37/3 801/882/3 
f 802/883/3 306/329/3 416/461/3 
f 307/330/390 306/329/391 802/883/390 
f 803/884/392 804/885/393 549/606/394 
f 549/606/97 805/886/97 806/887/97 
f 632/697/395 87/87/395 278/296/395 
f 807/888/396 170/504/396 458/503/396 
f 772/852/397 81/81/397 808/889/397 
f 809/890/398 808/889/398 81/81/398 
f 475/524/399 230/243/400 226/891/401 
f 230/243/25 430/666/25 226/891/25 
f 598/658/402 172/175/402 10/10/402 
f 609/672/403 401/445/403 280/447/403 
f 246/861/25 399/771/26 400/444/25 
f 243/770/337 400/444/337 399/771/337 
f 507/557/404 10/10/404 189/194/404 
f 41/198/405 810/892/405 506/556/405 
f 422/467/406 811/893/406 812/894/406 
f 77/77/407 813/895/408 311/336/408 
f 479/528/409 481/530/409 814/896/409 
f 565/622/410 567/624/410 815/897/410 
f 816/898/411 574/631/411 573/630/411 
f 723/800/412 173/899/412 78/900/412 
f 222/235/413 36/36/413 375/416/413 
f 375/416/162 23/23/162 222/235/162 
f 519/571/414 209/219/415 513/563/415 
f 817/901/416 209/219/416 519/571/416 
f 37/37/3 8/8/3 300/322/3 
f 818/902/417 819/903/417 492/542/417 
f 595/655/418 820/904/418 821/905/419 
f 213/223/420 215/225/420 821/906/420 
f 346/382/421 90/381/421 489/539/422 
f 488/537/423 705/779/423 201/211/423 
f 674/742/3 676/744/3 822/907/3 
f 677/745/424 220/513/424 678/746/424 
f 789/870/425 391/432/425 12/12/425 
f 296/751/426 47/908/427 333/363/322 
f 47/47/428 16/16/428 333/909/428 
f 823/910/429 824/911/429 190/195/429 
f 138/386/430 660/728/430 658/726/430 
f 825/912/1 146/913/88 262/914/44 
f 218/231/1 147/229/88 146/913/88 
f 216/227/1 146/913/88 825/912/1 
f 825/912/1 344/375/1 216/227/1 
f 497/547/1 500/550/1 483/532/1 
f 826/915/431 827/916/431 587/917/431 
f 828/918/432 829/919/432 827/916/432 
f 830/920/433 831/921/433 832/922/433 
f 478/527/434 833/923/434 834/924/434 
f 647/715/1 835/925/1 646/714/1 
f 836/926/1 837/927/1 838/928/1 
f 839/929/25 840/930/25 841/931/25 
f 312/932/435 129/130/436 128/129/437 
f 371/409/438 312/932/438 128/129/439 
f 770/850/1 842/933/1 771/851/1 
f 107/376/440 688/758/441 843/934/440 
f 107/376/442 843/934/443 695/765/443 
f 741/819/444 76/76/444 116/935/444 
f 844/936/445 655/937/446 845/938/445 
f 475/524/447 225/939/447 474/940/447 
f 475/524/399 226/891/401 225/939/448 
f 846/941/449 847/942/449 848/943/449 
f 849/944/450 850/945/450 851/946/450 
f 852/947/1 853/948/1 250/266/1 
f 145/414/1 248/265/1 251/267/1 
f 807/888/451 608/671/451 854/949/451 
f 611/674/452 610/673/452 785/866/452 
f 855/950/453 856/951/453 857/952/453 
f 857/952/454 259/275/454 858/953/454 
f 859/954/455 860/955/455 861/956/455 
f 861/956/456 19/19/456 862/957/456 
f 863/958/3 746/826/3 305/328/3 
f 29/29/3 547/604/3 305/328/3 
f 170/504/457 151/959/458 459/505/458 
f 90/381/459 347/383/459 631/696/459 
f 280/447/460 402/446/461 103/960/461 
f 41/198/462 404/449/462 810/892/462 
f 864/961/463 865/962/463 866/963/463 
f 551/608/92 550/607/92 547/964/92 
f 566/623/464 867/965/464 814/896/464 
f 624/688/465 868/966/465 869/967/465 
f 487/536/1 482/968/87 729/969/1 
f 487/536/1 729/969/1 645/713/1 
f 349/385/466 190/195/466 824/911/466 
f 66/387/467 505/555/467 350/388/468 
f 509/559/469 80/80/469 780/860/469 
f 183/332/470 331/360/470 511/561/471 
f 332/361/472 69/69/472 776/856/472 
f 542/599/473 544/601/473 545/602/474 
f 302/324/118 19/19/118 452/497/118 
f 40/440/475 453/498/475 639/704/476 
f 530/582/477 529/581/477 554/611/478 
f 257/273/479 259/275/479 553/610/479 
f 696/766/480 258/274/480 792/873/480 
f 108/378/481 345/377/481 532/584/482 
f 466/514/201 68/68/201 310/335/201 
f 138/386/483 659/727/483 467/515/484 
f 202/326/485 540/597/486 304/327/485 
f 541/598/487 862/957/487 19/19/487 
f 697/767/488 765/845/488 189/194/488 
f 203/768/489 503/553/490 698/769/489 
f 63/441/491 680/748/492 699/773/491 
f 700/774/339 858/953/339 259/275/339 
f 762/842/493 508/558/493 189/194/494 
f 42/197/495 192/199/496 314/342/495 
f 730/807/497 732/809/497 456/501/497 
f 870/970/498 871/971/498 457/502/498 
f 444/489/380 247/972/499 246/861/401 
f 444/489/500 445/973/500 247/972/500 
f 748/828/501 68/68/501 772/852/502 
f 747/827/503 584/643/504 583/642/504 
f 872/974/1 735/812/1 873/975/1 
f 417/462/505 874/976/505 864/961/505 
f 875/977/506 876/978/506 5/5/506 
f 371/409/507 77/979/508 312/932/508 
f 77/77/509 371/980/509 18/18/509 
f 454/499/3 456/501/3 732/809/3 
f 877/981/510 878/982/510 879/983/511 
f 721/798/1 880/984/1 719/796/1 
f 657/725/512 432/477/512 881/985/512 
f 882/986/513 883/987/513 884/988/513 
f 783/864/514 885/989/514 886/990/514 
f 887/991/515 713/790/515 888/992/515 
f 889/993/516 890/994/516 891/995/516 
f 889/993/517 892/996/517 626/997/517 
f 812/894/518 811/893/518 893/998/518 
f 578/635/519 894/999/519 895/1000/519 
f 83/83/520 82/82/521 289/1001/520 
f 82/82/521 112/1002/521 289/1001/521 
f 98/367/1 336/366/1 266/1003/1 
f 98/98/1 266/284/1 99/99/44 
f 542/599/522 510/560/522 512/562/522 
f 182/186/3 510/1004/3 542/1005/3 
f 828/918/523 896/1006/523 384/425/523 
f 897/1007/524 379/420/524 757/837/524 
f 898/1008/525 899/1009/525 900/1010/525 
f 901/1011/526 902/1012/526 903/1013/526 
f 528/580/527 530/582/528 531/583/527 
f 62/62/3 531/1014/3 530/1015/3 
f 376/417/529 35/35/529 207/217/529 
f 207/217/162 23/23/162 376/417/162 
f 575/632/1 577/634/1 904/1016/1 
f 534/586/530 118/119/530 117/118/530 
f 534/586/531 663/731/531 662/730/531 
f 114/115/532 116/117/532 905/1017/532 
f 446/491/533 906/1018/533 627/691/533 
f 366/404/534 368/406/534 907/1019/534 
f 106/106/3 908/1020/3 158/161/3 
f 89/538/535 909/1021/535 489/539/536 
f 303/325/537 909/1021/538 89/538/538 
f 268/286/539 910/1022/539 911/1023/539 
f 268/286/540 912/1024/540 269/287/540 
f 160/163/3 913/1025/3 914/1026/3 
f 616/680/541 915/1027/541 367/405/541 
f 109/567/542 916/1028/542 678/746/542 
f 516/566/543 916/1028/544 109/567/544 
f 917/1029/545 918/1030/545 10/10/545 
f 917/1029/546 10/10/546 507/557/547 
f 919/1031/548 920/1032/548 449/494/548 
f 919/1031/549 921/1033/549 826/915/549 
f 50/1034/521 24/24/521 84/84/521 
f 82/82/550 84/84/521 24/24/521 
f 922/1035/551 923/1036/551 924/1037/551 
f 925/1038/552 926/1039/552 927/1040/552 
f 176/180/553 642/707/554 106/106/555 
f 176/180/3 106/106/3 62/62/3 
f 928/1041/556 929/1042/556 930/1043/556 
f 892/996/557 930/1043/557 929/1042/557 
f 931/1044/1 873/975/1 735/812/1 
f 932/1045/558 933/1046/558 934/1047/558 
f 935/1048/559 936/1049/559 937/1050/559 
f 465/511/560 687/757/560 159/512/560 
f 788/869/561 790/871/561 689/759/561 
f 938/1051/562 490/540/563 939/1052/562 
f 938/1051/564 940/1053/564 941/1054/564 
f 516/566/565 111/568/565 546/603/565 
f 773/853/566 775/855/566 774/854/566 
f 308/331/567 135/333/568 636/701/568 
f 634/699/569 809/890/569 635/700/569 
f 313/341/570 502/552/571 501/551/571 
f 761/841/572 763/843/572 764/844/572 
f 637/702/573 638/703/574 640/705/574 
f 859/954/575 451/496/575 860/955/575 
f 855/950/576 552/609/576 856/951/576 
f 260/276/577 184/278/578 555/612/578 
f 38/38/3 942/1055/3 943/1056/3 
f 944/1057/579 945/1058/579 946/1059/579 
f 561/618/580 359/397/580 361/399/580 
f 561/618/581 361/399/581 43/43/581 
f 817/901/416 315/343/416 351/389/416 
f 817/901/582 410/455/582 315/343/582 
f 947/1060/3 219/232/3 218/231/3 
f 218/231/583 948/1061/583 947/1060/583 
f 62/62/3 949/1062/3 412/457/3 
f 413/458/584 950/1063/584 671/739/584 
f 777/857/585 779/859/585 778/858/585 
f 542/599/586 512/562/586 543/600/586 
f 392/433/587 586/645/587 395/436/587 
f 188/193/588 186/191/588 47/47/589 
f 951/1064/590 397/438/590 396/437/590 
f 119/120/591 520/1065/591 48/1066/591 
f 414/459/281 527/579/281 944/1057/281 
f 275/1067/592 952/1068/592 953/1069/592 
f 471/520/593 954/1070/593 955/1071/593 
f 710/787/594 469/518/594 468/517/594 
f 956/1072/595 632/697/596 278/296/595 
f 956/1072/597 278/296/597 957/1073/597 
f 6/1074/92 267/285/92 91/91/92 
f 6/1075/1 91/91/1 93/93/1 
f 249/264/1 250/266/1 147/229/88 
f 852/947/1 250/266/1 249/264/1 
f 958/1076/1 959/1077/1 960/1078/1 
f 872/974/8 961/1079/8 735/812/8 
f 782/863/598 962/1080/598 963/1081/598 
f 472/521/599 782/863/599 963/1081/599 
f 964/1082/600 87/87/600 965/1083/600 
f 964/1082/601 488/537/602 87/87/601 
f 216/227/1 218/231/1 146/913/88 
f 948/1061/1 218/231/1 966/1084/1 
f 237/252/603 195/205/603 22/22/603 
f 237/252/604 328/356/604 195/205/604 
f 230/243/25 429/474/25 430/666/25 
f 430/666/275 429/474/275 229/667/275 
f 967/1085/605 968/1086/605 969/1087/605 
f 970/1088/606 971/1089/606 972/1090/606 
f 973/1091/3 497/547/3 498/548/3 
f 482/968/1 487/536/1 486/535/1 
f 912/1024/607 601/1092/607 974/1093/607 
f 252/268/608 974/1094/608 975/1095/608 
f 976/1096/1 485/534/1 722/799/1 
f 977/1097/609 978/1098/609 979/1099/609 
f 980/1100/610 981/1101/610 982/1102/610 
f 535/587/611 760/840/611 759/839/611 
f 269/287/612 253/1103/612 270/288/612 
f 871/971/613 870/970/613 983/1104/613 
f 984/1105/614 455/500/615 985/1106/614 
f 986/1107/616 697/767/616 987/1108/616 
f 986/1107/617 987/1108/617 349/385/617 
f 591/651/618 836/1109/618 988/1110/619 
f 989/1111/25 840/930/25 839/929/25 
f 420/465/620 990/1112/621 153/156/621 
f 8/8/622 990/1112/623 420/465/624 
f 991/1113/625 992/1114/625 598/658/625 
f 991/1113/626 277/295/626 992/1114/626 
f 718/795/627 46/46/627 993/1115/627 
f 45/45/628 993/1115/629 46/46/21 
f 932/1045/410 934/1047/410 994/1116/410 
f 995/1117/630 935/1048/630 937/1050/630 
f 589/649/3 989/1111/3 839/929/3 
f 839/929/97 996/1118/97 589/649/97 
f 561/618/580 156/159/580 359/397/580 
f 156/159/631 997/1119/631 359/397/631 
f 706/1120/632 197/1121/633 998/1122/634 
f 197/592/237 537/594/239 998/1123/239 
f 849/944/635 999/1124/635 850/945/635 
f 1000/1125/636 1001/1126/636 1002/1127/636 
f 665/733/637 1003/1128/637 666/734/637 
f 1004/1129/638 326/354/638 428/473/639 
f 1005/1130/640 1006/1131/640 1007/1132/640 
f 438/483/641 1008/1133/641 439/484/641 
f 607/670/642 786/867/642 785/866/642 
f 957/1073/643 278/296/643 787/868/644 
f 965/1083/645 87/87/645 633/698/646 
f 630/695/647 461/507/647 459/505/647 
f 405/450/648 402/446/648 597/657/648 
f 918/1030/649 599/659/650 10/10/649 
f 1009/1134/1 719/796/1 880/984/1 
f 1010/1135/1 1011/1136/1 1009/1134/1 
f 825/912/1 264/282/1 344/375/1 
f 263/281/651 344/375/651 264/282/651 
f 1012/1137/652 383/424/652 380/421/652 
f 718/795/653 1013/1138/653 46/46/653 
f 292/312/654 656/724/654 293/313/654 
f 44/44/655 291/311/655 652/720/655 
f 1014/1139/656 1015/1140/656 704/778/656 
f 1014/1139/657 541/598/657 1015/1140/657 
f 1016/1141/658 791/872/658 1017/1142/658 
f 1016/1141/659 1017/1142/659 257/273/659 
f 297/319/3 1018/1143/3 298/320/3 
f 1019/1144/660 708/785/660 613/676/615 
f 513/563/661 133/134/661 38/38/661 
f 130/131/662 38/38/663 133/134/664 
f 603/663/665 600/660/665 602/662/665 
f 16/16/12 272/290/12 1020/1145/12 
f 323/351/666 571/628/666 1021/1146/666 
f 1022/1147/667 605/665/667 1023/1148/667 
f 501/551/668 503/553/669 203/768/669 
f 43/43/3 501/1149/3 203/213/3 
f 662/730/670 524/576/670 523/575/670 
f 334/364/671 1024/1150/671 325/353/671 
f 1025/1151/672 1026/1152/673 1027/1153/673 
f 1028/1154/674 1029/1155/674 1030/1156/674 
f 621/685/675 1026/1152/675 619/683/675 
f 1031/1157/676 832/922/676 831/921/676 
f 1032/1158/677 1033/1159/677 302/324/677 
f 1032/1158/678 700/774/678 1033/1159/678 
f 106/106/3 615/679/3 1034/1160/3 
f 1035/1161/679 1036/1162/679 616/680/679 
f 7/7/680 9/9/680 65/65/681 
f 205/215/661 65/65/661 9/9/661 
f 427/472/682 1037/1163/682 163/166/682 
f 726/803/683 1038/1164/683 423/468/683 
f 149/152/684 152/155/684 21/21/684 
f 149/152/685 178/182/685 152/155/685 
f 874/976/686 1039/1165/686 876/1166/686 
f 749/829/687 1040/1167/687 1041/1168/687 
f 990/1112/623 8/8/688 136/137/689 
f 7/7/690 136/137/691 8/8/690 
f 637/702/692 364/595/693 638/703/692 
f 38/38/3 638/1169/3 364/402/3 
f 1042/1170/694 454/499/695 879/983/695 
f 1042/1170/696 1043/1171/696 454/499/697 
f 93/93/1 514/1172/1 6/1075/1 
f 93/93/97 94/1173/97 514/1174/97 
f 1031/1157/698 563/620/698 832/922/698 
f 476/525/598 1044/1175/598 477/526/598 
f 622/686/699 1045/1176/699 623/687/699 
f 1046/415/1 1047/267/1 1048/414/1 
f 171/174/3 374/413/3 151/154/3 
f 241/1177/700 745/825/700 1049/1178/701 
f 1050/1179/702 823/910/702 190/195/702 
f 1050/1179/703 190/195/703 466/514/703 
f 499/1180/92 1051/1181/92 1052/1182/92 
f 499/549/92 1052/1183/92 1053/1184/92 
f 499/549/8 575/710/8 1052/1183/8 
f 794/1185/1 499/1180/1 795/1186/1 
f 1054/1187/704 434/479/704 433/478/704 
f 437/482/705 436/481/705 1055/1188/705 
f 730/807/562 456/501/563 1056/1189/562 
f 351/389/3 317/345/3 1057/1190/3 
f 1058/1191/706 939/1052/706 490/540/707 
f 1058/1191/708 1059/1192/708 1060/1193/708 
f 820/904/709 742/822/709 593/821/710 
f 73/73/711 1061/1194/712 1062/1195/711 
f 650/718/713 1063/1196/713 1064/1197/714 
f 65/65/3 288/306/3 617/681/3 
f 213/223/715 1065/1198/715 214/224/715 
f 579/638/716 581/640/716 353/391/716 
f 36/36/137 155/158/137 154/157/137 
f 222/235/413 155/158/413 36/36/413 
f 1066/1199/717 463/509/717 1067/1200/717 
f 1066/1199/718 1067/1200/718 696/766/718 
f 88/88/631 352/390/631 363/401/631 
f 200/210/580 363/401/580 352/390/580 
f 475/524/447 474/940/447 228/1201/447 
f 1068/1202/719 1069/1203/719 926/1039/719 
f 1070/1204/698 1071/1205/698 1072/1206/698 
f 723/800/720 1073/1207/720 724/801/720 
f 723/800/721 1074/1208/721 1073/1207/721 
f 100/100/722 157/160/722 194/204/722 
f 101/101/685 100/100/685 194/204/685 
f 1075/1209/723 1076/1210/723 1077/1211/723 
f 1078/1212/724 1076/1210/724 867/965/724 
f 1079/1213/725 1080/1214/725 881/985/725 
f 499/1180/1 1081/1215/1 1082/1216/1 
f 1083/1217/8 1084/1218/8 794/875/8 
f 419/464/726 418/463/726 550/607/726 
f 1085/1219/727 1086/1220/727 866/1221/727 
f 140/141/56 188/193/74 124/142/57 
f 392/433/728 928/1041/728 393/434/728 
f 62/62/729 132/133/730 496/546/624 
f 130/131/731 132/133/732 62/62/733 
f 221/234/734 301/323/735 153/156/736 
f 420/465/737 153/156/738 301/323/739 
f 348/384/740 318/346/740 174/178/741 
f 174/178/742 406/451/743 410/455/744 
f 798/1222/745 1087/1223/745 110/1224/745 
f 1088/1225/746 1089/1226/746 799/880/746 
f 1090/1227/1 842/933/1 1091/1228/1 
f 1092/1229/97 1093/1230/97 1094/1231/97 
f 300/322/3 301/323/3 1095/1232/3 
f 818/902/696 1096/1233/696 1097/1234/697 
f 199/209/747 198/208/747 88/88/747 
f 88/88/631 198/208/631 352/390/631 
f 817/901/582 208/218/582 410/455/582 
f 174/178/742 410/455/744 208/218/748 
f 714/791/749 435/480/749 715/792/749 
f 1098/1235/750 570/627/750 1099/1236/750 
f 280/298/3 279/297/3 1100/1237/3 
f 363/401/580 200/210/580 179/183/580 
f 179/183/581 200/210/581 199/209/581 
f 221/234/751 223/236/751 297/319/751 
f 223/236/157 493/543/157 297/319/157 
f 549/606/3 1101/1238/3 550/607/3 
f 549/606/97 806/887/97 1101/1238/97 
f 672/1239/752 671/739/752 673/1240/752 
f 61/1241/753 1102/1242/754 1103/1243/754 
f 178/182/722 377/418/722 148/151/722 
f 149/152/685 377/418/685 178/182/685 
f 854/949/755 785/866/755 610/673/755 
f 854/1244/3 610/1245/3 1104/1246/3 
f 181/782/345 196/1247/756 706/783/346 
f 197/1121/757 706/1120/758 196/1248/757 
f 499/549/1 321/712/1 644/709/1 
f 576/633/759 1105/1249/759 1106/1250/759 
f 1107/1251/1 1108/1252/1 1109/1253/1 
f 897/1007/760 975/1095/760 1110/1254/760 
f 897/1007/761 1110/1254/761 829/919/761 
f 576/633/759 1106/1250/759 577/634/759 
f 321/349/762 682/750/762 1111/1255/762 
f 79/79/763 176/180/763 175/179/763 
f 642/707/554 176/180/764 79/79/765 
f 13/13/766 1112/1256/767 664/732/767 
f 522/574/768 524/576/768 1112/1256/768 
f 520/572/224 271/289/769 16/16/769 
f 686/756/770 685/755/770 684/754/770 
f 149/152/684 21/21/684 150/153/684 
f 21/21/771 148/151/772 150/153/771 
f 93/93/97 92/92/97 94/1173/97 
f 30/1257/25 94/1258/25 92/92/25 
f 1113/1259/605 1114/1260/605 1115/1261/605 
f 1116/1262/773 1117/1263/773 1118/1264/773 
f 1119/1265/774 1120/1266/774 1121/1267/774 
f 1122/1268/775 1123/1269/775 1124/1270/775 
f 444/489/500 244/1271/500 445/973/500 
f 175/179/763 35/35/763 79/79/763 
f 207/217/529 35/35/529 175/179/529 
f 725/802/776 728/805/776 727/804/776 
f 173/177/777 425/470/777 77/77/777 
f 816/898/778 1125/1272/778 574/631/778 
f 1125/1273/779 18/18/780 335/365/780 
f 285/303/3 136/137/3 1126/1274/3 
f 650/718/534 1127/1275/534 1128/1276/534 
f 643/708/747 43/43/747 421/466/747 
f 359/397/3 997/1119/3 421/466/3 
f 237/252/603 22/22/603 560/617/603 
f 372/411/781 560/617/781 22/22/781 
f 361/399/581 360/398/581 43/43/581 
f 421/466/747 43/43/747 360/398/747 
f 432/477/782 1129/1277/782 881/985/782 
f 712/789/783 711/788/783 1130/1278/783 
f 328/356/3 1131/1279/3 431/476/3 
f 558/615/584 330/1280/584 766/846/584 
f 6/1074/92 30/1281/92 267/285/92 
f 30/1257/25 92/92/25 267/285/25 
f 323/351/784 325/353/784 668/736/784 
f 162/165/785 665/733/785 667/735/785 
f 1132/1282/786 884/988/786 883/987/786 
f 438/483/787 440/485/787 1133/1283/788 
f 37/37/3 1134/1284/3 801/882/3 
f 37/37/3 300/322/3 1134/1284/3 
f 1135/1285/789 1136/1286/789 350/388/789 
f 1137/1287/790 350/388/790 1136/1286/790 
f 179/183/581 199/209/581 177/181/581 
f 199/209/747 88/88/747 177/181/747 
f 1107/1251/1 1109/1253/1 1138/1288/1 
f 1139/1289/791 467/515/791 1140/1290/791 
f 1141/1291/792 1140/1290/792 467/515/792 
f 1142/1292/793 1143/1293/793 639/704/793 
f 1144/1294/794 639/704/794 1143/1293/794 
f 1145/1295/795 680/748/795 1146/1296/795 
f 1147/1297/796 1146/1296/796 680/748/796 
f 1148/1298/797 1149/1299/797 983/1104/798 
f 1148/1298/799 131/132/799 134/135/799 
f 318/346/3 319/347/3 407/452/3 
f 734/811/800 454/499/801 1043/1171/802 
f 1150/1300/803 1151/1301/803 585/644/803 
f 1152/1302/804 585/644/804 1151/1301/804 
f 1065/1198/805 355/393/805 739/1303/805 
f 667/735/806 666/734/806 739/1303/806 
f 1153/1304/807 1154/1305/807 503/553/807 
f 1155/1306/808 503/553/808 1154/1305/808 
f 1156/1307/809 554/611/809 1157/1308/809 
f 1158/1309/810 1157/1308/810 554/611/810 
f 1159/1310/811 1160/1311/811 540/597/811 
f 1161/1312/812 540/597/812 1160/1311/812 
f 205/215/661 9/9/661 517/569/661 
f 224/237/813 205/215/814 517/569/815 
f 348/384/816 496/546/816 318/346/816 
f 62/62/729 496/546/817 348/384/818 
f 1162/1313/819 532/584/819 1163/1314/819 
f 1164/1315/820 1163/1314/820 532/584/820 
f 1165/1316/821 1166/1317/821 511/561/821 
f 1167/1318/822 511/561/822 1166/1317/822 
f 1168/1319/823 1169/1320/823 192/199/823 
f 1170/1321/824 192/199/824 1169/1320/824 
f 1171/1322/825 1172/1323/825 489/539/825 
f 1173/1324/826 489/539/826 1172/1323/826 
f 1174/1325/827 47/47/827 187/192/827 
f 951/1064/828 1174/1326/828 397/438/828 
f 813/895/829 77/77/829 426/471/829 
f 422/467/830 726/803/830 423/468/830 
f 1175/1327/831 1097/1234/832 1096/1233/833 
f 612/675/834 1176/1328/835 613/676/834 
f 519/571/836 513/563/837 362/400/838 
f 513/563/661 38/38/661 362/400/661 
f 1133/1283/839 442/487/839 438/483/839 
f 1177/1329/840 442/487/840 1178/1330/840 
f 898/1008/841 900/1010/841 1179/1331/841 
f 1180/1332/410 1181/1333/410 1182/1334/410 
f 102/102/771 104/104/771 157/160/771 
f 101/101/684 104/104/684 102/102/684 
f 970/1088/773 1183/1335/773 971/1089/773 
f 967/1085/842 969/1087/842 1184/1336/842 
f 1185/1337/843 1186/1338/843 688/758/843 
f 1187/1339/844 688/758/844 1186/1338/844 
f 1188/1340/845 678/746/845 1189/1341/845 
f 1190/1342/846 1189/1341/846 678/746/846 
f 1191/1343/847 1192/1344/847 545/602/847 
f 1193/1345/848 545/602/848 1192/1344/848 
f 1116/1262/849 1118/1264/850 1194/1346/849 
f 1113/1259/851 1195/1347/851 1114/1260/851 
f 1196/1348/852 1197/1349/852 547/1350/852 
f 863/958/3 305/328/3 547/604/3 
f 311/336/128 235/250/853 126/176/129 
f 812/894/854 358/396/854 357/395/854 
f 1075/1209/855 1198/1351/855 480/529/855 
f 1199/1352/856 480/529/856 1198/1351/856 
f 977/1097/857 1200/1353/857 978/1098/857 
f 1201/1354/858 1202/1355/858 1203/1356/858 
f 943/1357/859 942/1358/859 946/1059/859 
f 1204/1359/860 1205/1360/860 414/459/860 
f 1206/1361/861 1207/1362/861 1208/1363/861 
f 1209/1364/862 1210/1365/862 925/1038/862 
f 102/102/771 157/160/771 365/403/772 
f 100/100/722 365/403/722 157/160/722 
f 232/247/863 448/493/863 894/1366/863 
f 895/1000/864 894/999/864 893/1367/864 
f 73/73/85 212/222/865 74/74/866 
f 740/818/867 739/816/867 738/815/867 
f 1122/1268/868 1211/1368/868 1212/1369/868 
f 1119/1265/869 1124/1270/869 1120/1266/869 
f 603/663/870 605/665/870 1022/1147/870 
f 16/16/12 1020/1145/12 17/17/12 
f 372/411/871 328/356/871 239/254/871 
f 328/356/604 237/252/604 239/254/604 
f 1046/415/1 1213/265/1 1047/267/1 
f 154/157/3 990/1112/3 136/137/3 
f 153/156/3 990/1112/3 154/157/3 
f 59/59/872 1/1/872 97/97/872 
f 1/1/873 462/508/873 97/97/873 
f 416/461/874 1214/1370/874 1215/1371/874 
f 1216/1372/875 1101/1238/875 806/887/875 
f 642/707/314 641/706/314 160/163/314 
f 160/163/3 182/186/3 284/302/3 
f 641/706/314 182/186/314 160/163/314 
f 182/186/876 641/706/877 34/34/295 
f 137/138/3 1217/1373/3 1218/1374/3 
f 138/139/3 137/138/3 1219/1375/3 
f 753/1376/878 1220/1377/878 1221/1378/878 
f 388/1379/879 1222/1380/879 139/1381/879 
f 735/812/1 1223/1382/1 1224/1383/1 
f 1223/1382/1 735/812/1 959/1077/1 
f 1225/1384/510 1226/1385/510 492/542/511 
f 1225/1384/880 492/542/881 491/541/881 
f 1227/1386/1 1228/1387/1 1229/1388/1 
f 1091/1228/1 842/933/1 770/850/1 
f 768/1389/754 559/616/754 1230/1390/754 
f 330/1280/882 329/1391/882 766/846/882 
f 13/13/9 118/119/883 14/14/10 
f 535/587/884 759/839/884 118/119/884 
f 239/254/871 238/253/871 372/411/871 
f 560/617/781 372/411/781 238/253/781 
f 905/1017/885 116/117/885 655/1392/885 
f 116/935/886 845/938/886 655/937/886 
f 1231/1393/8 722/799/8 487/536/8 
f 835/925/8 647/715/8 649/717/8 
f 1232/1394/887 835/925/887 646/714/887 
f 1232/1395/8 976/1096/8 835/1396/8 
f 1217/1397/888 1233/1398/888 1218/1399/888 
f 388/1379/889 1234/1400/889 1222/1380/889 
f 1004/1129/890 522/574/890 1112/1256/890 
f 665/733/891 670/738/891 1003/1128/891 
f 889/993/892 891/995/892 1235/1401/892 
f 446/491/893 627/691/893 447/492/893 
f 1236/1402/3 1237/1403/3 1238/1404/3 
f 1239/1405/92 1240/1406/92 769/849/92 
f 536/588/894 256/272/894 758/838/894 
f 379/420/895 381/422/895 756/836/895 
f 387/428/584 1241/1407/584 752/832/584 
f 137/138/3 751/831/3 1242/1408/3 
f 178/182/722 148/151/722 661/729/722 
f 21/21/771 661/729/771 148/151/772 
f 307/330/896 548/605/896 29/29/896 
f 307/330/897 1243/1409/897 803/1410/897 
f 690/760/3 693/763/3 691/761/3 
f 691/761/1 1244/1411/1 692/762/1 
f 1245/1412/898 848/943/898 1246/1413/898 
f 1247/1414/899 999/1124/899 849/944/899 
f 274/1415/878 273/1416/878 1205/1360/878 
f 797/1417/889 1248/1418/889 415/460/889 
f 1139/1289/900 1140/1290/900 309/334/900 
f 1249/1419/901 1139/1289/901 309/334/901 
f 793/874/1 795/876/1 1250/1420/1 
f 1251/1421/902 1055/1188/902 436/481/902 
f 1251/1421/903 882/986/904 1129/1277/903 
f 921/1033/905 384/425/905 896/1006/905 
f 921/1033/906 827/916/906 826/915/906 
f 1173/1324/907 1172/1323/907 488/537/907 
f 629/694/908 1173/1324/908 488/537/908 
f 1168/1319/909 507/557/909 1169/1320/909 
f 403/448/910 507/557/910 1168/1319/910 
f 596/656/911 598/658/911 597/657/911 
f 991/1113/912 598/658/912 596/656/912 
f 460/506/913 461/507/913 632/697/913 
f 606/669/914 460/506/914 632/697/914 
f 292/312/915 654/722/915 656/724/915 
f 919/1031/916 449/494/916 70/70/916 
f 579/638/917 578/635/917 895/1000/917 
f 213/223/918 821/906/918 1252/1422/918 
f 1253/1423/919 732/809/920 1254/1424/919 
f 732/809/3 879/983/3 454/499/3 
f 991/1113/921 784/865/921 277/295/921 
f 784/865/922 786/867/922 277/295/922 
f 1255/1425/923 575/632/923 904/1016/923 
f 681/749/924 320/348/924 1256/1426/924 
f 836/1109/618 591/651/618 590/650/618 
f 836/926/1 590/650/1 837/927/1 
f 674/742/25 1257/1427/25 675/743/25 
f 1258/1428/97 675/743/97 1257/1429/97 
f 910/1022/925 1021/1146/925 1023/1430/925 
f 334/364/926 1021/1146/926 910/1022/926 
f 1188/1340/927 1189/1341/927 789/870/927 
f 788/869/928 1188/1340/928 789/870/928 
f 409/454/3 316/344/3 315/343/3 
f 1253/1423/929 1254/1424/929 877/981/929 
f 1259/1431/679 1260/1432/679 557/614/679 
f 171/1433/930 1261/1434/930 1260/1432/930 
f 608/671/931 785/866/931 854/949/931 
f 607/670/642 785/866/642 608/671/642 
f 603/663/932 602/662/932 604/664/932 
f 268/286/933 911/1023/933 912/1024/933 
f 631/696/934 459/505/935 151/959/934 
f 630/695/647 459/505/647 631/696/647 
f 980/1100/936 982/1102/937 1262/1435/936 
f 977/1097/636 1263/1436/636 1200/1353/636 
f 405/450/648 404/449/648 402/446/648 
f 404/449/938 103/960/938 402/446/939 
f 1264/1437/940 166/1438/940 1265/1439/940 
f 1266/1440/941 166/1438/941 1264/1437/941 
f 1267/1441/942 669/1442/942 525/1443/942 
f 1266/1440/943 1267/1441/943 525/1443/943 
f 1268/1444/944 1269/1445/945 952/1068/945 
f 1270/1446/946 1271/1447/946 526/1448/946 
f 1272/1449/888 1273/1450/888 1087/1223/888 
f 369/1451/752 368/406/752 370/1452/752 
f 101/101/684 105/105/684 104/104/684 
f 101/101/685 194/204/685 105/105/685 
f 889/993/947 356/394/947 890/994/947 
f 126/176/66 236/251/66 625/689/66 
f 741/819/948 594/820/948 123/124/948 
f 114/115/949 594/654/949 115/116/949 
f 1274/1453/950 996/1118/950 838/1454/951 
f 1245/1412/409 1275/1455/409 848/943/409 
f 581/640/952 1038/1456/952 1037/1163/952 
f 353/391/953 581/640/953 1037/1163/953 
f 717/794/954 46/46/954 1013/1138/954 
f 382/423/955 294/314/955 383/424/955 
f 906/1018/956 72/1457/956 71/1458/956 
f 906/1018/957 450/692/957 627/691/957 
f 385/426/579 1276/1459/579 755/835/579 
f 288/1460/946 1064/1197/958 617/1461/946 
f 52/52/959 537/589/959 538/591/959 
f 52/52/960 998/1123/960 537/594/960 
f 462/508/961 27/27/961 3/3/961 
f 1/1/873 27/27/873 462/508/873 
f 657/725/410 1277/1462/410 962/1080/410 
f 657/725/962 962/1080/962 1278/1463/962 
f 221/234/734 299/321/963 343/374/964 
f 221/234/751 297/319/751 299/321/751 
f 936/1049/965 935/1048/965 1279/1464/965 
f 935/1048/966 995/1117/966 1280/1465/966 
f 82/82/521 33/33/521 112/1002/521 
f 52/52/25 112/112/25 33/114/25 
f 1281/1466/3 800/881/3 224/237/3 
f 938/1051/967 939/1052/967 940/1053/967 
f 619/683/968 833/923/968 620/684/968 
f 116/935/969 76/76/969 845/938/969 
f 76/76/970 44/44/970 653/721/970 
f 562/619/971 1029/1155/971 815/897/971 
f 1025/1151/972 1030/1156/972 1029/1155/972 
f 392/433/973 394/435/973 586/645/973 
f 919/1031/974 826/915/974 920/1032/974 
f 674/742/92 1282/1467/92 1283/1468/92 
f 674/742/25 1283/1469/25 1257/1427/25 
f 1276/1459/700 287/1470/700 755/835/700 
f 753/1376/975 1221/1378/975 754/1471/975 
f 446/491/976 448/493/976 232/247/976 
f 114/115/977 592/652/977 594/654/977 
f 482/968/978 486/535/978 1284/1472/978 
f 307/330/979 802/883/979 804/1473/979 
f 802/883/3 806/1474/3 805/1475/3 
f 307/330/980 804/1473/980 1243/1409/980 
f 803/884/981 1243/1476/981 804/885/981 
f 645/713/299 648/716/299 647/715/299 
f 645/713/1 647/715/1 646/714/1 
f 710/787/982 471/520/982 955/1071/982 
f 471/520/983 439/484/983 1008/1133/983 
f 579/638/984 895/1000/984 580/639/984 
f 422/467/985 424/469/985 811/893/985 
f 58/58/986 2/2/986 59/59/986 
f 1/1/872 59/59/872 2/2/872 
f 1285/1477/987 781/862/987 1286/1478/987 
f 472/521/988 1005/1130/988 781/862/988 
f 575/632/989 1287/1479/989 1052/1480/989 
f 575/632/923 1255/1425/923 1287/1479/923 
f 1288/1481/860 1289/1482/860 367/405/860 
f 799/880/178 367/405/179 1088/1225/179 
f 771/851/1 1239/1405/1 769/849/1 
f 565/622/990 1028/1154/990 566/623/990 
f 1078/1212/991 868/966/991 1076/1210/991 
f 551/608/92 547/964/92 1290/1483/92 
f 803/884/992 549/606/992 551/608/992 
f 820/904/993 593/821/993 821/905/994 
f 1252/1422/995 821/906/995 593/1484/995 
f 320/348/924 1291/1485/924 1256/1426/924 
f 320/348/3 1292/1486/3 1291/1485/3 
f 1293/1487/996 1294/1488/996 899/1009/996 
f 1180/1332/558 1295/1489/558 1181/1333/558 
f 1296/1490/997 487/536/997 646/714/997 
f 487/536/8 1296/1491/8 1231/1393/8 
f 269/287/998 912/1024/998 974/1093/998 
f 269/287/999 254/1492/999 253/1103/999 
f 1297/1493/797 1298/1494/797 1059/1192/798 
f 708/785/1000 1019/1144/1000 1018/1143/1000 
f 729/806/1 484/533/1 1299/1495/1 
f 757/837/1001 756/836/1001 1265/1496/1001 
f 270/288/1002 253/1103/1002 1265/1497/1002 
f 468/517/1003 1079/1213/1003 881/985/1003 
f 1300/1498/1004 1130/1278/1004 711/788/1004 
f 816/898/1005 1023/1148/1005 1074/1208/1005 
f 571/628/1006 1023/1430/1006 1021/1146/1006 
f 975/1095/1007 974/1094/1007 601/1499/1007 
f 686/756/1008 521/573/1008 601/661/1008 
f 735/812/1 1224/1383/1 736/813/1 
f 644/709/1009 321/712/1009 1301/1500/1009 
f 743/1501/975 1302/1502/1010 744/1503/1010 
f 241/1177/700 240/1504/701 745/825/700 
f 1303/1505/1011 1304/1506/1011 1305/1507/1011 
f 901/1011/1012 903/1013/1012 1306/1508/1012 
f 901/1011/1013 1306/1508/1013 899/1009/1013 
f 719/796/8 1307/1509/8 1308/1510/8 
f 1011/1136/3 1309/1511/3 1307/1509/3 
f 1310/1512/1014 868/966/1015 624/688/1014 
f 476/525/1016 478/527/1016 1310/1512/1016 
f 418/463/1017 1311/1513/1017 550/607/1017 
f 1196/1348/1018 547/1350/1018 550/607/1018 
f 1131/1514/1019 1312/1515/745 431/1516/1019 
f 569/1517/889 568/1518/889 1098/1235/889 
f 1100/1519/1020 279/1520/1020 1313/1521/1021 
f 743/1501/1022 1313/1521/878 1302/1502/878 
f 706/783/1023 51/51/1023 538/781/1024 
f 52/52/959 538/591/959 51/51/959 
f 844/936/1025 656/1522/1026 655/937/1025 
f 716/793/1027 656/1522/1028 844/936/1027 
f 163/166/1029 1037/1163/1029 1038/1456/1029 
f 725/802/1030 724/801/1030 1038/1164/1030 
f 951/1064/1031 587/646/1031 120/121/1031 
f 829/919/1032 587/917/1032 827/916/1032 
f 374/1523/945 1259/1431/945 556/1524/945 
f 768/1389/754 767/1525/754 559/616/754 
f 217/230/1033 947/1060/1033 948/1061/1033 
f 948/1061/1 966/1084/1 217/230/1 
f 1231/1393/1034 1232/1526/1034 722/799/1034 
f 519/571/3 363/401/3 179/183/3 
f 362/400/3 363/401/3 519/571/3 
f 268/286/1035 334/364/1035 910/1022/1035 
f 268/286/1036 1024/1150/1036 334/364/1036 
f 719/796/8 1308/1510/8 720/797/8 
f 721/798/1 1314/1527/1 1315/1528/1 
f 44/1529/1037 588/648/1038 143/146/1039 
f 45/45/1040 44/44/1040 143/1530/1040 
f 449/494/1041 628/1531/1041 450/495/1041 
f 928/1041/1042 628/1532/1042 393/434/1042 
f 758/838/1043 256/272/1043 759/839/1043 
f 15/15/1044 14/14/1045 256/272/1046 
f 130/131/731 62/62/1047 411/456/1048 
f 130/131/1049 411/456/1050 38/38/1049 
f 1058/1191/1051 490/540/1052 1059/1192/1052 
f 490/540/3 613/676/3 709/786/3 
f 865/1533/1053 863/958/1053 866/1534/1053 
f 863/958/1054 547/604/1054 1197/1535/1054 
f 561/618/3 204/214/3 223/236/3 
f 204/214/3 561/618/3 43/43/3 
f 58/58/986 3/3/986 2/2/986 
f 462/508/961 3/3/961 58/58/961 
f 499/1180/92 1082/1216/92 1051/1181/92 
f 1051/1181/8 1082/1216/8 1081/1215/8 
f 1132/1282/1055 883/987/1055 1133/1283/1055 
f 887/991/1056 443/488/1056 883/987/1056 
f 497/547/3 973/1091/3 1292/1536/3 
f 320/348/3 322/350/3 1292/1486/3 
f 356/394/1057 893/998/1057 890/994/1057 
f 448/493/1058 893/1537/1058 894/1366/1058 
f 897/1007/1059 252/268/1059 975/1095/1059 
f 897/1007/1060 757/837/1060 252/268/1060 
f 162/165/1061 571/628/1061 323/351/1061 
f 162/165/1062 323/351/1062 668/736/1062 
f 1137/1287/1063 1136/1286/1063 823/910/1063 
f 1316/1538/1064 1137/1287/1065 823/910/1065 
f 1141/1291/1066 466/514/1066 1140/1290/1066 
f 1316/1538/1067 466/514/1067 1141/1291/1067 
f 1145/1295/1068 1146/1296/1068 700/774/1068 
f 1032/1158/678 1145/1295/678 700/774/678 
f 1135/1285/1069 349/385/1069 1136/1286/1069 
f 986/1107/1070 349/385/1070 1135/1285/1070 
f 908/1539/592 1317/1540/592 158/1541/592 
f 1035/1161/1071 616/680/1071 366/404/1071 
f 1012/1137/1072 384/425/1072 383/424/1072 
f 828/918/1073 384/425/1073 1012/1137/1073 
f 1142/1292/1074 302/324/1074 1143/1293/1074 
f 1032/1158/1075 302/324/1075 1142/1292/1075 
f 1147/1297/1076 857/952/1076 1146/1296/1076 
f 855/950/1077 857/952/1077 1147/1297/1077 
f 1144/1294/1078 1143/1293/1078 451/496/1078 
f 859/954/1079 1144/1294/1079 451/496/1079 
f 126/176/66 626/690/66 141/143/66 
f 892/996/1080 929/1042/1080 626/997/1080 
f 1150/1300/1081 772/852/1081 1151/1301/1081 
f 1249/1419/1082 772/852/1082 1150/1300/1082 
f 1156/1307/1083 1157/1308/1083 552/609/1083 
f 855/950/1084 1156/1307/1084 552/609/1084 
f 986/1107/1085 1155/1306/1085 697/767/1085 
f 1155/1306/1086 1154/1305/1086 697/767/1086 
f 1159/1310/1087 861/956/1087 1160/1311/1087 
f 859/954/1088 861/956/1088 1159/1310/1088 
f 534/586/1089 117/118/1089 663/731/1089 
f 117/118/1090 13/13/9 663/731/1091 
f 1152/1302/1092 1151/1301/1092 809/890/1092 
f 634/699/1093 1152/1302/1093 809/890/1093 
f 1153/1304/1094 764/844/1094 1154/1305/1094 
f 761/841/1095 764/844/1095 1153/1304/1095 
f 1014/1139/1096 1161/1312/1096 541/598/1096 
f 1161/1312/1097 1160/1311/1097 541/598/1097 
f 1158/1309/1098 257/273/1098 1157/1308/1098 
f 1016/1141/1099 257/273/1099 1158/1309/1099 
f 1165/1316/1100 509/559/1100 1166/1317/1100 
f 634/699/1101 509/559/1101 1165/1316/1101 
f 1162/1313/1102 1163/1314/1102 791/872/1102 
f 1016/1141/1103 1162/1313/1103 791/872/1103 
f 1170/1321/1104 1169/1320/1104 762/842/1104 
f 761/841/1105 1170/1321/1105 762/842/1105 
f 1171/1322/1106 704/778/1106 1172/1323/1106 
f 1014/1139/1107 704/778/1107 1171/1322/1107 
f 1318/1542/1 873/975/1 931/1044/1 
f 1164/1315/1108 696/766/1108 1163/1314/1108 
f 1066/1199/1109 696/766/1109 1164/1315/1109 
f 777/857/1110 1167/1318/1110 779/859/1110 
f 1167/1318/1111 1166/1317/1111 779/859/1111 
f 1187/1339/1112 1186/1338/1112 463/509/1112 
f 1066/1199/1113 1187/1339/1113 463/509/1113 
f 1191/1343/1114 332/361/1114 1192/1344/1114 
f 777/857/1115 332/361/1115 1191/1343/1115 
f 178/182/3 207/217/3 179/183/3 
f 178/182/3 23/23/3 207/217/3 
f 1190/1342/1116 390/431/1116 1189/1341/1116 
f 773/853/1117 390/431/1117 1190/1342/1117 
f 769/849/1 1319/1543/1 1320/1544/1 
f 1193/1345/1118 1192/1344/1118 775/855/1118 
f 773/853/1119 1193/1345/1119 775/855/1119 
f 788/869/1120 689/759/1120 1185/1337/1120 
f 1185/1337/1121 689/759/1121 1186/1338/1121 
f 182/186/3 110/110/3 283/301/3 
f 1321/1545/879 1089/1226/879 1088/1225/879 
f 1322/1546/1122 972/1090/1122 968/1086/1122 
f 1323/1547/1123 970/1088/1123 972/1090/1123 
f 1324/1548/97 1325/1549/97 1326/1550/97 
f 1324/1548/1 1327/1551/1 1328/1552/1 
f 1065/1198/1124 739/1303/1124 214/224/1124 
f 740/818/1125 214/817/1125 739/816/1125 
f 676/744/1 1258/1553/1 1282/1554/1 
f 1258/1428/97 676/744/97 675/743/97 
f 129/130/1126 312/932/1127 125/1555/1127 
f 129/130/1128 125/1555/1129 75/1556/1130 
f 564/621/1131 1329/1557/1131 1026/1152/1131 
f 1025/1151/1132 564/621/1132 1026/1152/1132 
f 1330/1558/1133 1212/1369/1133 1211/1368/1133 
f 1212/1369/1134 1331/1559/1134 1332/1560/1134 
f 1199/1352/1135 1333/1561/1135 1334/1562/1135 
f 564/621/1136 831/921/1136 1334/1562/1136 
f 723/800/1137 1125/1272/1137 816/898/1137 
f 723/800/1138 816/898/1138 1074/1208/1138 
f 716/793/1139 291/311/1139 290/310/1139 
f 716/793/1140 844/936/1140 291/311/1140 
f 887/991/636 888/992/636 885/989/636 
f 783/864/1141 441/486/1141 885/989/1141 
f 1335/1563/1142 1085/1219/1142 1336/1564/1142 
f 1197/1535/1143 1336/1565/1143 863/958/1143 
f 106/106/3 1337/1566/3 281/299/3 
f 615/1567/1144 1338/1568/1144 1034/1569/1145 
f 119/120/1146 951/1064/1146 120/121/1146 
f 119/120/1147 1174/1326/1147 951/1064/1147 
f 925/1038/409 1210/1365/409 1208/1363/409 
f 1339/1570/706 1056/1189/706 456/501/707 
f 870/970/1051 456/501/1052 1340/1571/1052 
f 1201/1354/862 1341/1572/862 1202/1355/862 
f 472/521/1148 963/1081/1148 473/522/1148 
f 874/976/1149 865/962/1149 864/961/1149 
f 874/976/1150 876/1166/1150 875/1573/1150 
f 1004/1129/1151 1112/1256/1151 326/354/1151 
f 326/354/1152 1112/1256/1153 13/13/1154 
f 706/1120/1155 168/171/1155 49/49/1155 
f 706/783/1023 49/49/1023 51/51/1023 
f 1249/1419/901 309/334/901 1342/1574/901 
f 1249/1419/1082 1342/1574/1082 772/852/1082 
f 892/996/1156 1235/1401/1156 628/1532/1156 
f 889/993/1157 1235/1401/1157 892/996/1157 
f 710/787/409 955/1071/409 469/518/409 
f 606/669/1158 632/697/1158 956/1072/1158 
f 606/669/1159 956/1072/1159 957/1073/1159 
f 950/1063/882 1343/1575/882 671/739/882 
f 62/62/3 1343/1576/3 949/1062/3 
f 860/955/1160 19/19/1160 861/956/1161 
f 860/955/1162 451/496/1162 19/19/1162 
f 856/951/1163 259/275/1163 857/952/1163 
f 856/951/1164 552/609/1165 259/275/1164 
f 914/1577/878 1289/1482/1022 1288/1481/878 
f 1344/1578/859 161/1579/859 915/1027/859 
f 984/1105/1166 985/1106/1166 131/132/1166 
f 1345/1580/1167 407/452/1167 319/347/1167 
f 255/271/1168 45/45/628 15/15/1169 
f 142/144/1170 15/244/1171 45/145/1171 
f 1346/1581/1172 1126/1582/1173 1347/1583/1172 
f 651/1584/945 1347/1583/945 618/1585/945 
f 907/1019/754 1348/1586/754 1317/1540/754 
f 220/233/3 1348/1587/3 369/407/3 
f 818/902/1174 1349/1588/1174 1350/1589/1174 
f 818/902/1175 492/542/1175 1349/1588/1175 
f 75/75/1176 123/124/1177 1061/1194/1177 
f 594/820/1178 742/822/1178 123/124/1178 
f 984/1105/1179 983/1104/348 455/500/348 
f 456/501/3 455/500/3 983/1104/3 
f 1113/1259/868 1351/1590/868 1195/1347/868 
f 1116/1262/869 1352/1591/869 1117/1263/869 
f 1225/1384/1180 1353/1592/1180 1226/1385/1180 
f 1353/1592/1181 1354/1593/1181 801/882/1181 
f 392/433/1182 395/436/1182 186/1594/1182 
f 395/436/1183 397/438/1183 186/1594/1183 
f 483/532/1 482/531/87 498/548/1 
f 973/1091/1184 498/548/1184 482/531/1184 
f 1309/1595/8 1009/1134/8 1355/1596/8 
f 1009/1134/97 1356/1597/97 1355/1596/97 
f 621/685/1185 1027/1153/1185 1026/1152/1185 
f 622/686/1186 624/688/1186 869/967/1186 
f 763/843/1187 189/194/1187 764/844/1188 
f 763/843/1189 762/842/1190 189/194/1189 
f 1357/1598/1191 1358/1599/1191 733/810/1191 
f 1042/1170/1192 1357/1598/1192 1043/1171/1192 
f 958/1076/1 960/1078/1 1359/1600/1 
f 961/1601/92 1360/1602/92 960/1078/92 
f 1361/1603/745 1248/1418/1019 1362/1604/745 
f 797/1417/889 412/1605/889 1248/1418/889 
f 1212/1369/1193 1332/1560/1193 1363/1606/1193 
f 717/794/1194 290/310/1194 46/46/1195 
f 44/44/1196 46/46/1197 290/310/1197 
f 484/533/97 483/532/97 1364/1607/97 
f 1364/1607/1198 483/532/1198 500/550/1198 
f 1049/1178/541 745/825/541 557/614/541 
f 1260/1432/1199 1049/1178/1200 557/614/1199 
f 403/448/1201 918/1030/1201 917/1029/1201 
f 403/448/1202 917/1029/1202 507/557/1202 
f 635/700/1203 809/890/1204 81/81/1203 
f 635/700/1205 81/81/1205 509/559/1206 
f 629/694/1207 488/537/1207 964/1082/1207 
f 629/694/1208 964/1082/1208 965/1083/1208 
f 492/542/3 1097/1234/3 613/676/3 
f 1175/1327/358 613/676/358 1097/1234/358 
f 928/1041/1209 140/1608/1209 929/1042/1209 
f 392/433/1210 140/1608/1210 928/1041/1210 
f 1296/1490/997 646/714/997 1365/1609/997 
f 646/714/1211 1232/1394/1211 1365/1609/1211 
f 297/319/3 707/784/3 1018/1143/3 
f 1297/1493/1212 1018/1143/1212 1298/1494/1212 
f 422/467/1213 812/894/1213 311/1610/1213 
f 812/894/1214 357/395/1214 311/1610/1214 
f 209/219/3 1057/1190/3 457/502/3 
f 1339/1570/1215 457/502/1215 1056/1189/1215 
f 1017/1142/1216 791/872/1217 258/274/1216 
f 1017/1142/1218 258/274/1218 257/273/1219 
f 1015/1140/1220 541/598/1221 201/211/1220 
f 1015/1140/1222 201/211/1222 704/778/1223 
f 478/527/1224 1077/1211/1224 1310/1512/1224 
f 1199/1352/856 1198/1351/856 1333/1561/856 
f 1285/1477/1225 1286/1478/1226 1178/1330/1226 
f 1177/1329/1227 1178/1330/1227 1286/1478/1227 
f 778/858/1228 80/80/1228 332/361/1229 
f 778/858/1230 779/859/1231 80/80/1230 
f 713/790/1232 882/986/1232 714/791/1232 
f 882/986/1233 1251/1421/1233 436/481/1233 
f 723/800/1234 78/900/1234 1125/1272/1234 
f 78/78/779 18/18/1235 1125/1273/779 
f 499/549/92 1053/1184/92 500/550/92 
f 1364/1607/1198 500/550/1198 1053/1184/1198 
f 1128/1276/1236 1127/1275/1236 286/1611/1236 
f 1242/1612/1237 751/1613/1237 752/832/1237 
f 1067/1200/1238 463/509/1239 11/11/1238 
f 1067/1200/1240 11/11/1240 696/766/1241 
f 987/1108/1242 191/196/1242 349/385/1242 
f 987/1108/1243 697/767/1244 191/196/1243 
f 790/871/1245 12/12/1245 689/759/1246 
f 790/871/1247 789/870/1248 12/12/1247 
f 48/48/1249 47/47/1249 1174/1325/1249 
f 119/120/1250 48/1066/1250 1174/1326/1250 
f 774/854/1251 775/855/1252 69/69/1251 
f 774/854/1253 69/69/1253 390/431/1254 
f 1080/1214/1255 1079/1213/1255 1277/1462/1255 
f 470/519/610 469/518/610 1277/1462/610 
f 1316/1538/1256 1141/1291/1256 658/726/1256 
f 1316/1538/1257 658/726/1257 1137/1287/1257 
f 1366/1614/1258 937/1050/1258 933/1046/1258 
f 933/1046/861 1367/1615/861 1305/1507/861 
f 1368/1616/1259 700/774/1259 20/20/1259 
f 1368/1616/1260 20/20/1260 302/324/1260 
f 958/1076/97 1360/1617/97 1369/1618/97 
f 1369/1618/92 1224/1383/92 1223/1382/92 
f 392/433/1261 186/1594/1261 188/1619/1261 
f 392/433/1262 188/1619/1262 140/1608/1262 
f 992/1114/1263 277/295/1264 172/175/1263 
f 992/1114/1265 172/175/1265 598/658/1266 
f 715/792/526 435/480/526 1370/1620/526 
f 435/480/1267 783/864/1267 886/990/1267 
f 676/744/1 1282/1554/1 822/907/1 
f 674/742/92 822/907/92 1282/1467/92 
f 668/736/1268 325/353/1268 669/737/1268 
f 1024/1150/1269 669/737/1269 325/353/1269 
f 725/802/1270 727/804/1270 173/899/1270 
f 723/800/1271 725/802/1271 173/899/1271 
f 1272/1449/882 389/1621/882 1273/1450/882 
f 109/109/3 389/430/3 1272/1622/3 
f 686/756/1272 684/754/1272 520/1065/1272 
f 119/120/1273 686/756/1273 520/1065/1273 
f 63/63/3 64/64/3 1268/1623/3 
f 1268/1444/1274 64/1624/1275 1269/1445/1275 
f 840/1625/92 591/651/92 988/1110/92 
f 414/459/1276 946/1059/1276 1204/1359/1276 
f 944/1057/541 946/1059/541 414/459/541 
f 1324/1548/1 1371/1626/1 1327/1551/1 
f 1300/1498/1277 1372/1627/1277 1130/1278/1277 
f 1372/1627/1278 882/986/1278 884/988/1278 
f 938/1051/357 941/1054/357 491/541/357 
f 938/1051/497 491/541/497 490/540/497 
f 710/787/1279 712/789/1279 439/484/1279 
f 710/787/1280 439/484/1280 471/520/1280 
f 1219/1628/1281 1373/1629/1281 1233/1398/1281 
f 137/138/3 1373/1630/3 1219/1375/3 
f 846/941/551 848/943/551 1001/1126/551 
f 1000/1125/1282 999/1124/1282 1001/1126/1282 
f 771/851/8 842/933/8 1374/1631/8 
f 1239/1405/1 771/851/1 1374/1631/1 
f 1092/1229/97 1094/1231/97 1091/1228/97 
f 1091/1228/3 1375/1632/3 1092/1633/3 
f 1376/1634/752 766/846/752 373/1635/752 
f 372/411/3 1376/1636/3 373/412/3 
f 411/456/3 1377/1637/3 796/877/3 
f 1377/1638/1283 1205/1360/1283 796/1639/1283 
f 66/66/3 1378/1640/3 1379/1641/3 
f 1379/1642/1021 1378/1643/1021 1220/1377/1021 
f 1299/1495/92 1380/1644/92 729/806/92 
f 645/713/1284 729/969/1284 1380/1645/1284 
f 170/173/3 1381/1646/3 1382/1647/3 
f 1381/1648/958 1261/1434/946 1382/1649/958 
f 1383/1650/1285 670/1651/1285 669/1442/1285 
f 1003/1652/1286 670/1651/1286 1383/1650/1286 
f 61/1241/753 1384/1653/753 1102/1242/754 
f 60/60/3 276/294/3 61/61/3 
f 1385/1654/1283 1289/1482/1283 284/1655/1283 
f 914/1577/878 913/1656/1022 1289/1482/1022 
f 1386/1657/1287 1265/1439/1287 756/1658/1287 
f 381/1659/1288 1386/1657/1288 756/1658/1288 
f 1011/1136/1 1010/1135/1 1309/1660/1 
f 1309/1595/8 1010/1135/8 1009/1134/8 
f 50/50/25 53/53/25 51/51/26 
f 50/1034/521 84/84/521 53/1661/521 
f 479/528/1289 814/896/1289 867/965/1289 
f 479/528/1290 1075/1209/1290 480/529/1290 
f 438/483/1291 442/487/1291 1177/1329/1291 
f 438/483/1292 1007/1132/1292 1008/1133/1292 
f 142/144/1293 588/648/1294 295/752/1295 
f 44/1529/1296 295/752/1297 588/648/1296 
f 1215/1662/1298 1214/1663/1298 749/829/1298 
f 1216/1372/1299 806/887/1299 1387/1664/1299 
f 565/622/1300 815/897/1300 1029/1155/1300 
f 565/622/1301 1029/1155/1301 1028/1154/1301 
f 690/760/3 1388/1665/3 693/763/3 
f 1229/1388/1 690/760/1 1227/1386/1 
f 830/920/1302 480/529/1302 1199/1352/1302 
f 830/920/1303 481/530/1303 480/529/1303 
f 615/1567/1144 1389/1666/1144 1338/1568/1145 
f 616/680/1304 1344/1578/1304 915/1027/1305 
f 105/105/3 569/626/3 1390/1667/3 
f 1390/1668/1283 1099/1236/1283 1313/1521/1283 
f 1391/1669/1306 1204/1359/1306 946/1059/1306 
f 38/38/3 274/292/3 1391/1670/3 
f 472/521/1307 1006/1131/1308 1005/1130/1308 
f 471/520/1309 1006/1131/1309 472/521/1309 
f 137/138/3 231/246/3 583/1671/3 
f 747/827/1310 583/642/1310 231/516/1310 
f 1392/1672/1311 499/1180/1311 795/1186/1311 
f 795/876/3 1392/1673/3 1393/1674/3 
f 927/1040/1312 926/1039/1312 1069/1203/1312 
f 1070/1204/1313 1072/1206/1313 927/1040/1313 
f 570/627/1314 1098/1235/1315 558/615/1315 
f 330/1280/1316 558/615/1316 1312/1515/1316 
f 820/904/1317 1062/1195/1317 1061/1194/1317 
f 595/655/1318 1062/1195/1318 820/904/1318 
f 562/619/636 815/897/636 563/620/636 
f 650/718/1319 1064/1197/1320 385/426/1320 
f 1276/1459/1321 385/426/1321 1064/1197/1321 
f 905/1017/1322 655/1392/1322 72/1457/1322 
f 654/722/1323 72/72/1323 655/723/1323 
f 592/652/1324 234/249/1324 593/653/1324 
f 1252/1422/1325 593/1484/1325 234/636/1325 
f 1278/1463/1326 782/863/1326 1054/1187/1326 
f 782/863/1327 1278/1463/1327 962/1080/1327 
f 428/473/1328 74/74/1328 738/815/1328 
f 740/818/1329 738/815/1329 74/74/1329 
f 830/920/593 832/922/593 481/530/593 
f 1366/1614/609 995/1117/609 937/1050/609 
f 995/1117/1330 1366/1614/1330 994/1116/1330 
f 1004/1129/639 428/473/639 666/1675/639 
f 428/473/1331 739/816/1331 666/1675/1331 
f 73/73/1332 127/1676/1332 75/75/1332 
f 73/73/1333 75/75/1333 1061/1194/1333 
f 877/981/1334 879/983/511 1253/1423/1334 
f 1253/1423/880 879/983/881 732/809/881 
f 372/411/3 495/545/3 767/847/3 
f 767/1525/1172 495/1677/1172 1259/1431/1173 
f 718/795/1335 380/1678/1335 1013/1138/1335 
f 536/588/353 380/1678/353 718/795/353 
f 268/286/1336 165/168/1336 1024/1150/1336 
f 268/286/1337 270/288/1337 165/168/1337 
f 427/472/183 667/735/183 355/393/183 
f 667/735/1338 739/1303/1338 355/393/1338 
f 794/875/1339 1084/1218/1339 1394/1679/1339 
f 1395/1680/92 842/933/92 1090/1227/92 
f 566/623/610 814/896/610 567/624/610 
f 897/1007/1340 829/919/1340 828/918/1340 
f 897/1007/1341 828/918/1341 1012/1137/1341 
f 162/165/1342 667/735/1342 427/472/1342 
f 162/165/1343 427/472/1343 163/166/1343 
f 1323/1547/1344 972/1090/1344 1322/1546/1344 
f 967/1085/1345 1184/1336/1345 1396/1681/1345 
f 1285/1477/1346 434/479/1346 1054/1187/1346 
f 1251/1421/1347 1397/1682/1347 1055/1188/1347 
f 619/683/1348 1026/1152/1348 1329/1557/1348 
f 834/924/1349 1329/1557/1349 1333/1561/1349 
f 757/837/1350 1265/1496/1350 253/269/1350 
f 252/268/1351 757/837/1351 253/269/1351 
f 706/1120/1155 998/1122/1155 168/171/1155 
f 998/1123/960 52/52/960 168/171/960 
f 422/467/1352 311/1610/1352 813/1683/1352 
f 422/467/1353 813/1683/1353 426/1684/1353 
f 835/925/8 649/717/8 1232/1685/8 
f 851/946/965 850/945/965 1398/1686/965 
f 379/420/1354 1012/1137/1354 380/421/1354 
f 897/1007/1355 1012/1137/1355 379/420/1355 
f 1345/1580/1356 455/500/1356 734/811/1356 
f 734/811/1357 1043/1171/1357 1345/1580/1357 
f 665/733/1358 668/736/1358 670/738/1358 
f 162/165/1359 668/736/1359 665/733/1359 
f 504/554/1360 66/387/1361 203/768/1360 
f 203/213/3 66/66/3 65/65/3 
f 1399/1687/930 1064/1197/930 1063/1196/930 
f 7/7/3 1399/1688/3 651/719/3 
f 908/1539/592 1035/1161/592 1317/1540/592 
f 282/1689/1275 1036/1162/1275 1035/1161/1275 
f 579/638/1362 353/391/1362 1065/1198/1362 
f 353/391/1363 355/393/1363 1065/1198/1363 
f 921/1033/1364 382/423/1364 384/425/1364 
f 919/1031/1365 382/423/1365 921/1033/1365 
f 850/945/1366 999/1124/1366 1400/1690/1366 
f 1401/1691/841 1400/1690/841 1002/1127/841 
f 1194/1346/1134 1118/1264/1367 1114/1260/1367 
f 730/807/967 1056/1189/967 1402/1692/967 
f 730/807/564 1402/1692/564 731/808/564 
f 972/1090/1134 971/1089/1367 968/1086/1367 
f 579/638/1368 1065/1198/1368 213/223/1368 
f 579/638/1369 213/223/1369 1252/1422/1369 
f 919/1031/1370 292/312/1370 382/423/1370 
f 919/1031/1371 654/722/1371 292/312/1371 
f 1206/1361/1372 926/1039/1372 1207/1362/1372 
f 922/1035/1373 1206/1361/558 923/1036/558 
f 70/70/1374 72/72/1374 654/722/1374 
f 919/1031/1375 70/70/1375 654/722/1375 
f 578/635/1376 1252/1422/1376 234/636/1376 
f 579/638/1377 1252/1422/1377 578/635/1377 
f 643/708/747 421/466/747 997/1119/747 
f 156/159/631 643/708/631 997/1119/631 
f 1202/1355/996 981/1101/996 979/1099/996 
f 1203/1356/1378 1202/1355/1378 979/1099/1378 
f 1009/1134/97 880/984/97 1356/1597/97 
f 1356/1597/1379 880/984/1379 721/798/1379 
f 575/632/1 644/1693/1 576/633/1 
f 576/633/1380 644/1693/1381 1301/1694/1380 
f 527/579/1382 1103/1243/1382 1102/1242/1382 
f 527/579/1383 952/1068/1384 1269/1445/1384 
f 713/790/1385 715/792/1385 888/992/1385 
f 88/88/3 90/90/3 151/154/3 
f 90/381/1386 631/696/1387 151/959/1387 
f 41/198/1388 103/960/1389 404/449/1389 
f 104/104/3 103/103/3 41/41/3 
f 1222/1380/1390 387/428/1391 386/427/1391 
f 139/1381/1283 1222/1380/1283 1220/1377/1283 
f 301/323/3 342/373/3 1095/1232/3 
f 818/902/1192 1350/1589/1192 1096/1233/1192 
f 996/1118/97 839/929/97 841/1695/97 
f 1225/1384/919 491/541/920 1354/1593/919 
f 1225/1384/929 1354/1593/929 1353/1592/929 
f 1330/1558/1344 1331/1559/1344 1212/1369/1344 
f 1331/1559/1392 1330/1558/1392 1211/1368/1392 
f 1148/1298/1393 210/220/1393 1149/1299/1393 
f 457/502/1394 871/971/1394 210/220/1394 
f 534/586/1395 1266/1440/1395 1264/1437/1395 
f 534/586/1396 1267/1441/1396 1266/1440/1396 
f 612/675/1397 298/320/1397 1176/1328/1397 
f 1018/1143/1398 1019/1144/1398 298/320/1398 
f 1042/1170/1174 1358/1599/1174 1357/1598/1174 
f 1042/1170/1175 879/983/1175 1358/1599/1175 
f 1107/1251/3 1138/1288/3 1403/1696/3 
f 1107/1251/1399 1403/1696/1399 1108/1252/1399 
f 441/486/1400 887/991/1400 885/989/1400 
f 443/488/1401 887/991/1401 441/486/1401 
f 1321/1545/889 1404/1697/889 1089/1226/889 
f 1404/1697/1281 1087/1223/1281 1089/1226/1281 
f 1405/1698/3 1406/1699/3 486/535/3 
f 486/535/978 1406/1699/978 1284/1472/978 
f 39/39/3 38/38/3 943/1056/3 
f 945/1058/1321 1271/1447/1321 1270/1446/1321 
f 232/247/1402 234/249/1402 592/652/1402 
f 446/491/1403 232/247/1403 592/652/1403 
f 906/1018/1404 905/1017/1404 72/1457/1404 
f 446/491/1405 905/1017/1405 906/1018/1405 
f 1352/1591/1406 1116/1262/1406 1407/1700/1406 
f 1407/1700/1407 1116/1262/1407 1408/1701/1407 
f 127/128/1408 13/1702/1409 18/189/1410 
f 13/13/29 127/1676/1411 73/73/1412 
f 717/794/1413 1013/1138/1413 294/1703/1413 
f 716/793/351 717/794/351 294/1703/351 
f 1246/1413/1141 848/943/1141 847/942/1141 
f 847/942/1414 999/1124/1414 1247/1414/1414 
f 877/981/1415 316/344/1415 409/454/1415 
f 877/981/1416 733/810/1416 878/982/1416 
f 129/130/1128 75/1556/1130 614/677/1417 
f 614/1704/1418 75/75/1419 127/1676/1419 
f 270/288/1002 1265/1497/1002 166/169/1002 
f 165/168/1420 270/288/1420 166/169/1420 
f 1024/1150/1421 525/577/1421 669/737/1421 
f 165/168/1422 525/577/1422 1024/1150/1422 
f 446/491/1423 114/115/1423 905/1017/1423 
f 446/491/1424 592/652/1424 114/115/1424 
f 281/1705/930 1337/1706/930 1338/1568/930 
f 282/1689/1275 281/1705/1275 1036/1162/1275 
f 683/753/1425 272/1707/1425 684/754/1425 
f 603/663/1426 272/1707/1426 683/753/1426 
f 468/517/1427 881/985/1427 1300/1498/1427 
f 1300/1498/1428 881/985/1428 1129/1277/1428 
f 970/1088/869 1184/1336/869 1183/1335/869 
f 1184/1336/1429 970/1088/1429 1396/1681/1429 
f 603/663/1430 572/629/1430 17/1708/1430 
f 572/629/1431 574/631/1431 17/1708/1431 
f 147/229/88 219/232/1 217/230/1 
f 947/1060/92 217/230/92 219/232/92 
f 726/803/1432 426/1684/1432 727/804/1432 
f 422/467/1433 426/1684/1433 726/803/1433 
f 1090/1227/8 1094/1231/8 1093/1709/8 
f 1090/1227/1 1091/1228/1 1094/1231/1 
f 869/967/1434 1409/1710/1434 1028/1154/1434 
f 1078/1212/1435 1028/1154/1435 1409/1710/1435 
f 515/565/1436 83/1711/1436 289/307/1436 
f 515/565/1437 84/201/1437 83/1711/1437 
f 735/812/1 737/814/1 931/1044/1 
f 624/688/1438 623/687/1438 476/525/1438 
f 476/525/1439 1310/1512/1439 624/688/1439 
f 1241/1407/1316 387/428/1316 1233/1398/1316 
f 1222/1380/1440 1234/1400/1440 387/428/1440 
f 1315/1528/8 1314/1527/8 1308/1712/8 
f 1303/1505/996 1305/1507/996 1367/1615/996 
f 1367/1615/1441 933/1046/1441 937/1050/1441 
f 1058/1191/498 1060/1193/498 494/544/498 
f 1058/1191/1215 494/544/1215 939/1052/1215 
f 783/864/1442 437/482/1442 442/487/1442 
f 783/864/1443 442/487/1443 441/486/1443 
f 995/1117/598 994/1116/598 1280/1465/598 
f 591/651/3 989/1111/3 589/649/3 
f 591/651/92 840/1625/92 989/1111/92 
f 547/604/3 548/605/3 1290/1713/3 
f 307/330/1444 803/1410/1444 548/605/1444 
f 911/1023/1445 910/1022/1445 605/1714/1445 
f 910/1022/1446 1023/1430/1446 605/1714/1446 
f 803/1410/1447 1290/1713/1447 548/605/1447 
f 803/884/1448 551/608/25 1290/1715/1448 
f 912/1024/1449 602/1716/1449 601/1092/1449 
f 911/1023/1450 602/1716/1450 912/1024/1450 
f 1203/1356/1451 978/1098/1451 1200/1353/1451 
f 1203/1356/1452 979/1099/1452 978/1098/1452 
f 1028/1154/1453 1030/1156/1453 869/967/1453 
f 622/686/1454 869/967/1454 1027/1153/1454 
f 527/579/714 1269/1445/714 1271/1447/714 
f 64/1624/930 1271/1447/930 1269/1445/930 
f 356/394/1455 236/1717/1455 357/395/1455 
f 889/993/1456 236/1717/1456 356/394/1456 
f 1091/1228/3 770/850/3 1375/1632/3 
f 1236/1402/3 770/850/3 1237/1403/3 
f 157/160/3 222/235/3 23/23/3 
f 156/159/3 222/235/3 157/160/3 
f 1128/1276/1457 1346/1581/1457 650/718/1457 
f 1128/1276/1236 286/1611/1236 285/1718/1236 
f 1039/1165/1458 1040/1719/1458 876/1166/1458 
f 876/978/1459 750/830/1459 5/5/1459 
f 255/271/1460 718/795/1460 993/1115/1460 
f 255/271/1461 993/1115/1462 45/45/628 
f 418/463/1463 1085/1219/1463 1311/1513/1463 
f 1335/1563/1464 1311/1513/1464 1085/1219/1464 
f 562/619/1465 1025/1151/1465 1029/1155/1465 
f 562/619/1466 564/621/1466 1025/1151/1466 
f 389/1621/1237 368/406/1237 1273/1450/1237 
f 799/880/1467 1273/1450/1467 368/406/1467 
f 769/849/1 1237/1403/1 770/850/1 
f 769/849/1 1320/1544/1 1237/1403/1 
f 712/789/1468 1130/1278/1468 1132/1282/1468 
f 712/789/1469 440/485/1469 439/484/1469 
f 672/1239/752 1103/1243/752 671/739/752 
f 527/579/1470 671/739/1471 1103/1243/1470 
f 571/628/1472 1074/1720/1472 1023/1430/1472 
f 164/167/1473 1074/1720/1473 571/628/1473 
f 975/1095/1474 601/1499/1474 521/1721/1474 
f 1110/1254/1475 975/1095/1475 521/1721/1475 
f 1369/1618/92 1410/1722/92 1224/1383/92 
f 736/813/3 1224/1383/3 1410/1723/3 
f 595/655/1476 821/905/1476 215/1724/1476 
f 595/655/1477 215/1724/1477 214/817/1477 
f 1112/1256/1478 524/576/1478 664/732/1478 
f 663/731/1479 664/732/1480 524/576/1480 
f 900/1010/598 1182/1334/598 1179/1331/598 
f 703/777/1481 1227/1386/1481 692/762/1482 
f 690/760/1 692/762/1 1227/1386/1 
f 118/119/1483 759/839/1484 14/14/1484 
f 256/272/1485 14/14/1485 759/839/1485 
f 1068/1202/1486 1071/1205/1486 1069/1203/1486 
f 621/685/1487 620/684/1487 1045/1176/1487 
f 1376/1634/752 1230/1390/752 766/846/752 
f 559/616/1470 766/846/1471 1230/1390/1470 
f 744/1503/1306 1302/1502/1306 745/825/1306 
f 570/627/1276 745/825/1276 1302/1502/1276 
f 386/427/1276 755/835/1276 1221/1378/1276 
f 754/1471/1306 1221/1378/1306 755/835/1306 
f 1377/1638/1283 415/460/1283 1205/1360/1283 
f 415/460/1488 414/459/1488 1205/1360/1488 
f 694/764/1489 703/777/1489 692/762/1489 
f 1250/1420/97 1083/1217/97 793/874/97 
f 793/874/8 1083/1217/8 794/875/8 
f 1260/1432/1490 1261/1434/1490 1049/1178/1490 
f 241/1177/1144 1049/1178/1145 1261/1434/1144 
f 900/1010/1491 899/1009/1491 1180/1332/1491 
f 900/1010/1492 1180/1332/1492 1182/1334/1492 
f 417/462/1493 749/829/1493 1041/1168/1493 
f 417/462/1494 1039/1165/1494 874/976/1494 
f 435/480/1495 714/791/1495 436/481/1495 
f 714/791/1496 882/986/1496 436/481/1496 
f 418/463/1497 1086/1220/1497 1085/1219/1497 
f 417/462/1498 864/961/1498 418/463/1498 
f 1293/1487/409 903/1013/409 1294/1488/409 
f 1284/1725/1184 973/1091/1184 482/531/1184 
f 1195/1347/1499 1194/1346/1499 1114/1260/1499 
f 1407/1700/1500 1408/1701/1500 1195/1347/1500 
f 65/65/3 67/67/3 287/305/3 
f 287/1470/859 67/1726/859 755/835/859 
f 478/527/1501 834/924/1501 1333/1561/1501 
f 478/527/1502 1333/1561/1503 1077/1211/1503 
f 1124/1270/1504 1123/1269/1504 1120/1727/1504 
f 478/527/434 477/526/434 833/923/434 
f 986/1107/1505 1135/1285/1505 504/554/1505 
f 986/1107/1506 504/554/1506 1155/1306/1506 
f 859/954/1507 637/702/1507 1144/1294/1507 
f 859/954/1508 1159/1310/1508 637/702/1508 
f 855/950/1509 1147/1297/1509 260/276/1509 
f 855/950/1510 260/276/1510 1156/1307/1510 
f 1031/1157/1511 831/921/1511 564/621/1511 
f 1031/1157/1512 564/621/1512 563/620/1512 
f 334/364/1513 324/352/1513 1021/1146/1513 
f 323/351/1514 1021/1146/1514 324/352/1514 
f 269/287/1515 974/1093/1515 254/1492/1515 
f 252/268/1516 254/270/1516 974/1094/1516 
f 829/919/1517 120/1728/1517 587/917/1517 
f 1110/1254/1518 120/1728/1518 829/919/1518 
f 163/166/1519 1038/1456/1519 724/1729/1519 
f 164/167/1520 163/166/1520 724/1729/1520 
f 1016/1141/1521 528/580/1521 1162/1313/1522 
f 1016/1141/1523 1158/1309/1523 528/580/1523 
f 1014/1139/1524 1171/1322/1525 303/325/1524 
f 1014/1139/1526 303/325/1526 1161/1312/1526 
f 802/883/3 416/461/3 806/1474/3 
f 416/461/1527 1387/1730/1527 806/1474/1527 
f 761/841/1528 313/341/1528 1170/1321/1529 
f 761/841/1530 1153/1304/1530 313/341/1530 
f 634/699/1531 308/331/1531 1152/1302/1531 
f 634/699/1532 1165/1316/1533 308/331/1532 
f 991/1113/1534 596/656/1535 609/672/1534 
f 991/1113/1536 609/672/1536 784/865/1537 
f 773/853/1538 1190/1342/1538 516/566/1538 
f 773/853/1539 516/566/1539 1193/1345/1540 
f 788/869/1541 465/511/1541 1188/1340/1541 
f 788/869/1542 1185/1337/1543 465/511/1542 
f 606/669/1544 807/888/1544 460/506/1545 
f 606/669/1546 608/671/1546 807/888/1546 
f 1203/1356/698 1200/1353/698 1411/1731/698 
f 740/818/1547 74/74/1547 212/222/1547 
f 595/655/1548 740/818/1548 212/222/1548 
f 949/1062/3 1343/1576/3 1361/1732/3 
f 949/1062/3 1361/1732/3 1362/1733/3 
f 1122/1268/851 1212/1369/851 1363/1606/851 
f 1122/1268/605 1363/1606/605 1412/1734/605 
f 826/915/1549 587/917/1549 586/1735/1549 
f 920/1032/1550 826/915/1550 586/1735/1550 
f 581/640/1551 423/1736/1551 1038/1456/1551 
f 580/639/1552 423/1736/1552 581/640/1552 
f 626/997/1553 929/1042/1553 141/1737/1553 
f 140/1608/1554 141/1737/1554 929/1042/1554 
f 961/1601/92 960/1078/92 959/1077/92 
f 961/1079/8 959/1077/8 735/812/8 
f 865/1533/1555 746/826/1555 863/958/1555 
f 875/977/1556 5/5/1557 746/826/1556 
f 217/230/150 966/1084/150 1413/1738/150 
f 966/1084/651 218/231/651 1413/1738/651 
f 1386/1657/1558 760/840/1558 1265/1439/1558 
f 1264/1437/1559 1265/1439/1559 760/840/1559 
f 1267/1441/1560 523/575/1560 669/1442/1560 
f 1383/1650/1561 669/1442/1561 523/575/1561 
f 603/663/1562 17/1708/1562 1020/1145/1562 
f 603/663/1563 1020/1145/1563 272/1707/1563 
f 427/472/1564 354/392/1564 1037/1163/1564 
f 353/391/1565 1037/1163/1565 354/392/1565 
f 828/918/1566 827/916/1566 896/1006/1566 
f 921/1033/1567 896/1006/1567 827/916/1567 
f 1032/1158/1568 453/498/1568 398/439/1568 
f 1032/1158/1569 398/439/1569 699/773/1569 
f 1249/1419/1570 584/643/1570 747/827/1570 
f 1249/1419/1571 747/827/1571 582/641/1571 
f 485/534/1572 976/1096/1572 1414/1739/1572 
f 1232/1395/8 1414/1739/8 976/1096/8 
f 113/1740/1573 32/340/1573 86/359/1573 
f 113/1741/1574 33/33/1575 32/32/1575 
f 98/367/150 1415/1742/150 337/368/150 
f 1415/1742/1033 336/366/1033 337/368/1033 
f 1300/1498/1576 1129/1277/1576 1372/1627/1576 
f 1372/1627/1577 1129/1277/1577 882/986/1577 
f 844/936/1578 653/721/1578 652/720/1578 
f 291/311/1579 844/936/1579 652/720/1579 
f 224/237/3 801/882/3 1281/1466/3 
f 940/1053/1580 801/882/1580 941/1054/1580 
f 580/639/1581 895/1000/1581 811/1743/1581 
f 895/1000/1582 893/1367/1582 811/1743/1582 
f 566/623/1583 1078/1212/1583 867/965/1583 
f 1078/1212/1584 566/623/1584 1028/1154/1584 
f 449/494/1585 393/1744/1585 628/1531/1585 
f 920/1032/1586 393/1744/1586 449/494/1586 
f 107/376/1587 159/512/1588 688/758/1588 
f 106/106/3 159/162/3 107/107/3 
f 428/473/1589 327/355/1589 74/74/1589 
f 13/13/140 74/74/1590 327/355/1590 
f 1174/1326/1591 187/1745/1591 397/438/1591 
f 186/1594/1592 397/438/1592 187/1745/1592 
f 261/1746/88 339/370/1 262/914/88 
f 264/282/1 825/912/1 262/914/44 
f 264/282/1 262/914/88 339/370/1 
f 264/282/1 339/370/1 96/228/1 
f 889/993/1593 625/689/1593 236/1717/1593 
f 889/993/1594 626/997/1594 625/689/1594 
f 874/976/1595 875/1573/1595 865/962/1595 
f 875/977/1596 746/826/1596 865/1533/1596 
f 1050/1179/1597 466/514/1597 1316/1538/1597 
f 1050/1179/1598 1316/1538/1598 823/910/1598 
f 851/946/862 1275/1455/862 849/944/862 
f 851/946/593 1398/1686/593 1275/1455/593 
f 950/1063/1316 413/458/1316 1361/1603/1316 
f 950/1063/888 1361/1603/888 1343/1575/888 
f 1229/1388/3 1388/1665/3 690/760/3 
f 1229/1388/1599 701/775/1599 1388/1665/1599 
f 1139/1289/1600 582/641/1600 467/515/1600 
f 1249/1419/1571 582/641/1571 1139/1289/1571 
f 347/383/1601 346/382/1601 1173/1324/1601 
f 1173/1324/1602 346/382/1602 489/539/1602 
f 1197/1535/1603 1335/1747/1603 1336/1565/1603 
f 1335/1563/1604 1197/1349/1604 1196/1348/1604 
f 1168/1319/1605 192/199/1605 506/556/1605 
f 810/892/1606 1168/1319/1606 506/556/1606 
f 520/1065/1607 684/754/1607 271/1748/1607 
f 272/1707/1608 271/1748/1608 684/754/1608 
f 627/691/1609 628/693/1609 1235/1749/1609 
f 447/492/1610 627/691/1610 1235/1749/1610 
f 460/506/1611 458/503/1611 459/505/1611 
f 807/888/1612 458/503/1613 460/506/1613 
f 448/493/1614 890/1750/1614 893/1537/1614 
f 447/492/1615 890/1750/1615 448/493/1615 
f 609/672/1616 596/656/1617 401/445/1617 
f 596/656/1618 402/446/1618 401/445/1618 
f 1188/1340/1619 677/745/1619 678/746/1619 
f 465/511/1620 677/745/1620 1188/1340/1620 
f 784/865/1621 611/674/1621 785/866/1621 
f 609/672/1622 611/674/1623 784/865/1623 
f 75/75/1624 76/76/34 122/123/1625 
f 741/819/1626 122/123/1626 76/76/1626 
f 266/1003/1 336/366/1 261/1746/88 
f 261/1746/88 340/371/1 339/370/1 
f 340/371/1 336/366/1 265/380/1 
f 261/1746/88 336/366/1 340/371/1 
f 1402/1692/1580 316/344/1580 731/808/1580 
f 877/981/1181 1254/1424/1181 316/344/1181 
f 693/763/97 1244/1411/97 691/761/97 
f 693/763/331 692/762/331 1244/1411/331 
f 1350/1589/1191 1349/1588/1191 300/322/1191 
f 1353/1592/1416 300/322/1416 1226/1385/1416 
f 1125/1272/1627 335/1751/1627 574/631/1627 
f 17/1708/1628 574/631/1628 335/1751/1628 
f 62/62/3 108/108/3 531/1014/3 
f 531/583/1629 108/378/1630 532/584/1630 
f 321/349/762 1111/1255/762 1416/1752/762 
f 321/712/1009 1416/1753/1009 1301/1500/1009 
f 741/819/1631 115/1754/1631 594/820/1631 
f 741/819/1632 116/935/1632 115/1754/1632 
f 1357/1598/1633 407/452/1633 1043/1171/1633 
f 1345/1580/1634 1043/1171/1634 407/452/1634 
f 996/1118/97 1274/1453/97 589/649/97 
f 589/649/3 837/927/3 590/650/3 
f 911/1023/1635 604/1755/1635 602/1716/1635 
f 911/1023/1636 605/1714/1636 604/1755/1636 
f 650/718/1383 1347/1583/1384 1063/1196/1384 
f 650/718/1637 1346/1581/1637 1347/1583/1637 
f 542/599/1638 545/602/1639 111/568/1639 
f 182/186/3 542/1005/3 111/111/3 
f 925/1038/996 1208/1363/996 1207/1362/996 
f 925/1038/1640 1207/1362/1640 926/1039/1640 
f 170/173/3 1104/1246/3 240/255/3 
f 240/1504/859 1104/1756/859 745/825/859 
f 977/1097/1258 979/1099/1258 1262/1435/1258 
f 1263/1436/1641 977/1097/1641 1262/1435/1641 
f 38/38/3 40/40/3 638/1169/3 
f 638/703/1642 40/440/1643 639/704/1643 
f 1402/1692/1644 1056/1189/1644 1057/1190/1644 
f 457/502/1645 1057/1190/1645 1056/1189/1645 
f 1075/1209/1646 1077/1211/1646 1198/1351/1646 
f 1333/1561/1647 1198/1351/1647 1077/1211/1647 
f 494/544/1645 800/881/1645 939/1052/1645 
f 940/1053/1644 939/1052/1644 800/881/1644 
f 578/635/1648 233/637/1648 894/999/1648 
f 232/247/1649 894/1366/1649 233/248/1649 
f 906/1018/1650 71/1458/1650 450/692/1650 
f 70/70/1651 450/495/1651 71/71/1651 
f 1217/1397/882 752/832/882 1241/1407/882 
f 1217/1397/888 1241/1407/888 1233/1398/888 
f 936/1049/593 1279/1464/593 1304/1506/593 
f 936/1049/862 1304/1506/862 937/1050/862 
f 1145/1295/1652 699/773/1652 680/748/1652 
f 1032/1158/1569 699/773/1569 1145/1295/1569 
f 1142/1292/1653 639/704/1653 453/498/1653 
f 1032/1158/1568 1142/1292/1568 453/498/1568 
f 504/554/1654 1135/1285/1654 505/555/1654 
f 1135/1285/1655 350/388/1655 505/555/1655 
f 1144/1294/1656 640/705/1656 639/704/1656 
f 637/702/1657 640/705/1657 1144/1294/1657 
f 1152/1302/1658 636/701/1658 585/644/1658 
f 308/331/1659 636/701/1660 1152/1302/1660 
f 1153/1304/1661 503/553/1661 502/552/1661 
f 313/341/1662 1153/1304/1663 502/552/1663 
f 499/1180/1311 1392/1672/1311 1052/1182/1311 
f 313/341/1664 501/551/1664 42/197/1665 
f 43/43/3 42/42/3 501/1149/3 
f 1180/1332/1258 899/1009/1258 1295/1489/1258 
f 1295/1489/1666 899/1009/1666 1294/1488/1666 
f 260/276/1667 1147/1297/1667 679/747/1667 
f 1147/1297/1668 680/748/1668 679/747/1668 
f 658/726/1669 1141/1291/1669 659/727/1669 
f 1141/1291/1670 467/515/1670 659/727/1670 
f 1137/1287/1671 660/728/1671 350/388/1671 
f 658/726/1672 660/728/1672 1137/1287/1672 
f 1150/1300/1673 585/644/1673 584/643/1673 
f 1249/1419/1674 1150/1300/1674 584/643/1674 
f 1158/1309/1675 554/611/1675 529/581/1675 
f 528/580/1676 1158/1309/1677 529/581/1677 
f 1155/1306/1678 698/769/1678 503/553/1678 
f 504/554/1679 698/769/1680 1155/1306/1680 
f 1161/1312/1681 304/327/1681 540/597/1681 
f 303/325/1682 304/327/1683 1161/1312/1683 
f 1156/1307/1684 555/612/1684 554/611/1684 
f 260/276/1685 555/612/1686 1156/1307/1686 
f 1159/1310/1687 540/597/1687 539/596/1687 
f 637/702/1688 1159/1310/1689 539/596/1689 
f 374/1523/945 1260/1432/945 1259/1431/945 
f 374/1523/1275 171/1433/1275 1260/1432/1275 
f 1165/1316/1690 511/561/1690 331/360/1690 
f 308/331/1691 1165/1316/1692 331/360/1692 
f 528/580/1693 533/585/1694 1162/1313/1694 
f 1162/1313/1695 533/585/1695 532/584/1695 
f 1164/1315/1696 532/584/1696 345/377/1696 
f 695/765/1697 1164/1315/1697 345/377/1697 
f 303/325/1698 1171/1322/1699 909/1021/1699 
f 1171/1322/1700 489/539/1700 909/1021/1700 
f 914/1577/975 1288/1481/1010 1417/1757/975 
f 160/163/3 914/1026/3 1417/1758/3 
f 1170/1321/1701 314/342/1701 192/199/1701 
f 313/341/1702 314/342/1703 1170/1321/1703 
f 1167/1318/1704 512/562/1704 511/561/1704 
f 543/600/1705 512/562/1705 1167/1318/1705 
f 907/1019/1457 1317/1540/1457 366/404/1457 
f 366/404/1706 1317/1540/1706 1035/1161/1706 
f 1193/1345/1707 546/603/1707 545/602/1707 
f 516/566/1708 546/603/1709 1193/1345/1709 
f 543/600/1710 1191/1343/1710 544/601/1710 
f 1191/1343/1711 545/602/1711 544/601/1711 
f 438/483/1712 1177/1329/1712 1007/1132/1712 
f 1005/1130/1713 1007/1132/1713 1177/1329/1713 
f 516/566/1714 1190/1342/1715 916/1028/1715 
f 1190/1342/1716 678/746/1716 916/1028/1716 
f 1185/1337/1717 688/758/1717 687/757/1717 
f 465/511/1718 1185/1337/1719 687/757/1719 
f 1187/1339/1720 843/934/1720 688/758/1720 
f 695/765/1721 843/934/1721 1187/1339/1721 
f 485/534/1572 1414/1739/1572 1405/1698/1572 
f 486/535/3 485/534/3 1405/1698/3 
f 1263/1436/1722 1262/1435/1722 982/1102/1722 
f 600/660/1723 685/755/1723 601/661/1723 
f 686/756/1724 601/661/1724 685/755/1724 
f 1022/1147/1725 1023/1148/1725 573/630/1725 
f 816/898/1726 573/630/1726 1023/1148/1726 
f 182/186/3 183/187/3 510/1004/3 
f 183/332/1727 511/561/1728 510/560/1728 
f 1004/1129/1729 666/1675/1729 1003/1652/1729 
f 1004/1129/1730 1003/1652/1730 1383/1650/1730 
f 1005/1130/1731 1286/1478/1731 781/862/1731 
f 1005/1130/1732 1177/1329/1732 1286/1478/1732 
f 984/1105/1733 1148/1298/1733 983/1104/1734 
f 1148/1298/1398 984/1105/347 131/132/1398 
f 1018/1143/1393 707/784/1393 1298/1494/1393 
f 494/544/1394 1060/1193/1394 707/784/1394 
f 426/1684/1735 425/1759/1735 727/804/1735 
f 173/899/1736 727/804/1736 425/1759/1736 
f 211/221/1737 73/73/1738 1062/1195/1737 
f 595/655/1739 211/221/1739 1062/1195/1739 
f 907/1019/754 369/1451/754 1348/1586/754 
f 907/1019/1236 368/406/1236 369/1451/1236 
f 432/477/1740 1397/1682/1740 1251/1421/1740 
f 432/477/1741 1251/1421/1741 1129/1277/1741 
f 184/278/1742 530/582/1743 554/611/1743 
f 62/62/3 530/1015/3 184/188/3 
f 330/1280/888 1312/1515/888 1131/1514/888 
f 328/356/3 330/358/3 1131/1279/3 
f 536/588/1744 381/1659/1744 380/1678/1744 
f 536/588/1745 1386/1657/1745 381/1659/1745 
f 137/138/3 583/1671/3 135/136/3 
f 583/642/1746 585/644/1747 135/333/1747 
f 1113/1259/1345 1352/1591/1345 1351/1590/1345 
f 1113/1259/842 1115/1261/842 1352/1591/842 
f 63/441/1748 60/277/1748 680/748/1748 
f 63/63/3 275/293/3 60/60/3 
f 1175/1327/1749 612/675/1749 613/676/1749 
f 612/675/1634 1175/1327/802 342/373/1634 
f 777/857/1750 1191/1343/1750 543/600/1750 
f 777/857/1751 543/600/1751 1167/1318/1752 
f 1066/1199/1753 695/765/1753 1187/1339/1753 
f 1066/1199/1754 1164/1315/1755 695/765/1754 
f 1302/1502/860 1313/1521/860 570/627/860 
f 570/627/1756 1313/1521/1756 1099/1236/1756 
f 403/448/177 810/892/177 404/449/177 
f 403/448/1757 1168/1319/1757 810/892/1757 
f 629/694/1758 347/383/1758 1173/1324/1758 
f 629/694/286 631/696/286 347/383/286 
f 1110/1254/1759 121/1760/1759 120/1728/1759 
f 1110/1254/1760 521/1721/1760 121/1760/1760 
f 164/167/1761 724/1729/1761 1073/1761/1761 
f 164/167/1762 1073/1761/1762 1074/1720/1762 
f 484/533/97 1364/1607/97 1418/1762/97 
f 1299/1495/8 484/533/8 1418/1762/8 
f 1051/1181/97 1081/1215/97 1394/1763/97 
f 274/1415/878 1205/1360/878 1204/1359/878 
f 274/1415/975 1204/1359/975 1391/1669/975 
f 1009/1134/1 1011/1136/1 719/796/1 
f 1011/1136/92 1307/1509/92 719/796/92 
f 1344/1578/859 615/1567/859 161/1579/859 
f 615/1567/701 1344/1578/701 1389/1666/700 
f 569/1517/889 1098/1235/889 1099/1236/889 
f 569/1517/879 1099/1236/879 1390/1668/879 
f 202/326/1763 364/595/1764 540/597/1764 
f 88/88/3 364/402/3 202/212/3 
f 710/787/1765 468/517/1765 711/788/1765 
f 468/517/1766 1300/1498/1766 711/788/1766 
f 1255/1425/1767 904/1016/1767 681/749/1767 
f 577/634/1 681/749/1 904/1016/1 
f 630/695/1768 965/1083/1768 633/698/1768 
f 629/694/1769 965/1083/1769 630/695/1769 
f 621/685/1770 622/686/1770 1027/1153/1770 
f 621/685/1771 1045/1176/1771 622/686/1771 
f 405/450/1772 599/659/1772 918/1030/1772 
f 403/448/1773 405/450/1773 918/1030/1773 
f 607/670/1774 957/1073/1774 787/868/1774 
f 606/669/1159 957/1073/1159 607/670/1159 
f 413/458/1775 1248/1418/1775 1361/1603/1775 
f 413/458/746 415/460/1776 1248/1418/1776 
f 749/829/1777 419/464/1777 1216/1372/1777 
f 1215/1662/1778 749/829/1778 1216/1372/1778 
f 1259/1431/1779 557/614/1779 559/616/1780 
f 767/1525/1172 1259/1431/1173 559/616/1173 
f 1128/1276/753 285/1718/754 1346/1581/754 
f 1346/1581/1172 285/1718/1173 1126/1582/1173 
f 1273/1450/1316 799/880/1316 1087/1223/1316 
f 799/880/1781 1089/1226/1782 1087/1223/1782 
f 1122/1268/1783 1124/1270/1783 1211/1368/1783 
f 1119/1265/1784 1211/1368/1784 1124/1270/1784 
f 311/1610/1785 357/395/1785 235/1764/1785 
f 236/1717/1786 235/1764/1786 357/395/1786 
f 945/1058/701 943/1357/700 946/1059/701 
f 945/1058/701 39/1765/700 943/1357/700 
f 1117/1766/1787 1352/1591/1787 1115/1767/1787 
f 1276/1459/1144 288/1460/1144 287/1470/1145 
f 1276/1459/1144 1064/1197/1144 288/1460/1145 
f 1183/1768/1787 1184/1336/1787 969/1769/1787 
f 1278/1463/1788 1054/1187/1788 433/478/1788 
f 657/725/1789 1278/1463/1789 433/478/1789 
f 98/367/8 265/380/8 1415/1742/8 
f 1415/1742/92 265/380/92 336/366/92 
f 76/76/1790 653/721/1790 845/938/1790 
f 844/936/1791 845/938/1791 653/721/1791 
f 820/904/1792 1061/1194/1792 742/822/1792 
f 123/124/1793 742/822/1793 1061/1194/1793 
f 898/1008/1794 902/1012/1794 901/1011/1794 
f 901/1011/1795 899/1009/1795 898/1008/1795 
f 681/749/1767 1256/1426/1767 1255/1425/1767 
f 725/802/1796 1038/1164/1796 728/805/1796 
f 726/803/1797 728/805/1797 1038/1164/1797 
f 395/436/1798 587/646/1798 396/437/1798 
f 951/1064/1799 396/437/1799 587/646/1799 
f 490/540/3 709/786/3 1059/1192/3 
f 1297/1493/1800 1059/1192/1800 709/786/1800 
f 419/464/1801 550/607/1801 1101/1238/1801 
f 1216/1372/1802 419/464/1802 1101/1238/1802 
f 623/687/526 1045/1176/526 1044/1175/526 
f 623/687/698 1044/1175/698 476/525/698 
f 933/1046/610 1305/1507/610 934/1047/610 
f 662/730/1803 523/575/1803 1267/1441/1803 
f 534/586/1804 662/730/1804 1267/1441/1804 
f 535/587/1805 1264/1437/1805 760/840/1805 
f 534/586/1806 1264/1437/1806 535/587/1806 
f 870/970/1807 1340/1571/1807 983/1104/1807 
f 456/501/3 983/1104/3 1340/1571/3 
f 979/1099/1808 980/1100/1808 1262/1435/1808 
f 980/1100/1809 979/1099/1809 981/1101/1809 
f 251/267/1810 248/265/1810 853/948/1033 
f 853/948/583 248/265/583 250/266/583 
f 492/542/3 819/903/3 1097/1234/3 
f 818/902/1811 1097/1234/1812 819/903/1812 
f 657/725/512 881/985/512 1080/1214/512 
f 657/725/410 1080/1214/410 1277/1462/410 
f 922/1035/1813 924/1037/1813 926/1039/1813 
f 922/1035/1814 926/1039/1814 1206/1361/1814 
f 218/231/1815 216/227/97 1413/1738/97 
f 217/230/8 1413/1738/8 216/227/8 
f 1246/1413/1816 847/942/1816 1247/1414/1816 
f 1245/1412/1817 1246/1413/1817 1247/1414/1817 
f 442/487/1818 437/482/1818 1178/1330/1818 
f 437/482/1819 1055/1188/1820 1178/1330/1820 
f 920/1032/1821 586/1735/1821 394/1770/1821 
f 920/1032/1822 394/1770/1822 393/1744/1822 
f 580/639/1823 811/1743/1823 424/1771/1823 
f 580/639/1824 424/1771/1824 423/1736/1824 
f 294/1703/1825 1013/1138/1825 383/1772/1825 
f 380/1678/1826 383/1772/1826 1013/1138/1826 
f 864/961/1827 866/963/1827 1086/1220/1827 
f 418/463/1828 864/961/1828 1086/1220/1828 
f 479/528/1829 867/965/1829 1075/1209/1829 
f 1075/1209/1830 867/965/1831 1076/1210/1831 
f 1206/1361/610 1208/1363/610 923/1036/610 
f 339/370/1033 338/369/1033 96/228/1033 
f 338/369/150 265/380/150 96/228/150 
f 435/480/1011 886/990/1011 1370/1620/1011 
f 1375/1773/92 770/850/92 1236/1402/92 
f 1331/1559/850 1119/1265/850 1332/1560/850 
f 1119/1265/1832 1331/1559/1832 1211/1368/1832 
f 701/775/8 1227/1386/8 702/776/8 
f 703/777/1833 702/776/1833 1227/1386/1833 
f 1266/1440/1834 167/1774/1834 166/1438/1834 
f 1266/1440/1835 525/1443/1835 167/1774/1835 
f 830/920/1836 1199/1352/1836 831/921/1836 
f 1199/1352/1837 1334/1562/1838 831/921/1838 
f 1240/1775/3 1238/1776/3 1320/1544/3 
f 1237/1403/97 1320/1544/97 1238/1404/97 
f 716/793/1839 293/1777/1839 656/1522/1839 
f 716/793/1840 294/1703/1840 293/1777/1840 
f 62/62/3 673/741/3 1343/1576/3 
f 1343/1575/1237 673/1240/1237 671/739/1237 
f 713/790/1841 883/987/1841 882/986/1841 
f 887/991/1842 883/987/1842 713/790/1842 
f 86/86/1843 85/85/1844 50/1034/1844 
f 24/24/1845 50/1034/1846 85/85/1847 
f 935/1048/698 1280/1465/698 1279/1464/698 
f 812/894/1848 893/998/1848 358/396/1848 
f 356/394/1849 358/396/1849 893/998/1849 
f 892/996/1850 628/1532/1850 930/1043/1850 
f 928/1041/1851 930/1043/1851 628/1532/1851 
f 1222/1380/1488 386/427/1488 1220/1377/1488 
f 1221/1378/860 1220/1377/860 386/427/860 
f 447/492/1852 891/1778/1852 890/1750/1852 
f 447/492/1853 1235/1749/1853 891/1778/1853 
f 442/487/1854 1133/1283/1854 443/488/1854 
f 883/987/1855 443/488/1855 1133/1283/1855 
f 1285/1477/1856 1055/1188/1857 1397/1682/1857 
f 1285/1477/1858 1178/1330/1858 1055/1188/1858 
f 499/549/1 497/547/1 322/711/1 
f 497/547/1859 1292/1536/1859 322/711/1859 
f 1367/1615/1860 937/1050/1860 1303/1505/1860 
f 1303/1505/1861 937/1050/1861 1304/1506/1861 
f 967/1085/1862 1322/1546/1862 968/1086/1862 
f 967/1085/1863 1396/1681/1863 1322/1546/1863 
f 1345/1580/835 985/1106/835 455/500/835 
f 1345/1580/1397 131/132/1397 985/1106/1397 
f 804/885/1864 805/1779/1864 549/606/25 
f 804/1473/1865 802/883/1865 805/1475/1865 
f 1000/1125/1866 1002/1127/1866 1400/1690/1866 
f 1000/1125/1867 1400/1690/1867 999/1124/1867 
f 651/1584/1275 1399/1687/1275 1063/1196/1275 
f 651/1584/945 1063/1196/944 1347/1583/945 
f 721/798/1 720/797/1 1314/1527/1 
f 1308/1510/97 1314/1527/97 720/797/97 
f 817/901/416 519/571/416 518/570/416 
f 817/901/582 206/216/582 208/218/582 
f 320/348/1 577/634/1 682/750/1 
f 682/750/1868 577/634/1869 1111/1255/1869 
f 817/901/582 518/570/582 206/216/582 
f 206/216/3 518/570/3 179/183/3 
f 1368/1616/1870 302/324/1870 1033/1159/1870 
f 1368/1616/1871 1033/1159/1871 700/774/1871 
f 748/828/1872 1342/1574/1872 309/334/1872 
f 748/828/1873 772/852/1873 1342/1574/1873 
f 1240/1406/92 1319/1543/92 769/849/92 
f 1240/1775/3 1320/1544/3 1319/1543/3 
f 113/1740/1573 86/359/1573 169/1780/1573 
f 86/86/1874 50/1034/1875 169/1781/1876 
f 1369/1618/3 1223/1382/3 958/1076/3 
f 1223/1382/1 959/1077/1 958/1076/1 
f 417/462/1877 1041/1168/1877 1039/1165/1877 
f 1039/1165/1878 1041/1168/1878 1040/1719/1878 
f 609/672/277 280/447/277 610/673/277 
f 280/298/3 1104/1246/3 610/1245/3 
f 932/1045/1879 1366/1614/1879 933/1046/1879 
f 932/1045/1813 994/1116/1813 1366/1614/1813 
f 1401/1691/1794 1398/1686/1794 850/945/1794 
f 1401/1691/1880 850/945/1880 1400/1690/1880 
f 876/978/1881 1040/1782/1881 750/830/1881 
f 416/461/1882 750/830/1882 1214/1370/1882 
f 24/24/1883 31/31/1884 82/82/1885 
f 31/31/1886 33/33/1887 82/82/1888 
f 1394/1763/97 1081/1215/97 794/1185/97 
f 499/1180/1 794/1185/1 1081/1215/1 
f 577/634/1889 1106/1250/1889 1111/1255/1889 
f 527/579/1319 1271/1447/1320 944/1057/1320 
f 944/1057/1890 1271/1447/1890 945/1058/1890 
f 1393/1674/3 1250/1420/3 795/876/3 
f 1250/1420/97 1393/1674/97 1083/1217/97 
f 249/264/150 251/267/150 852/947/150 
f 853/948/1033 852/947/1033 251/267/1810 
f 1209/1364/965 927/1040/965 1072/1206/965 
f 1209/1364/1891 925/1038/1891 927/1040/1891 
f 846/941/1892 999/1124/1892 847/942/1892 
f 846/941/1813 1001/1126/1893 999/1124/1813 
f 84/201/1894 378/419/1895 193/202/81 
f 378/419/1896 84/201/1896 515/565/1896 
f 708/785/1897 1297/1493/1733 709/786/1734 
f 708/785/1733 1018/1143/1733 1297/1493/1733 
f 349/385/1898 824/911/1898 1136/1286/1898 
f 823/910/1899 1136/1286/1899 824/911/1899 
f 466/514/1900 310/335/1900 1140/1290/1900 
f 309/334/1901 1140/1290/1901 310/335/1901 
f 1295/1489/514 1294/1488/514 1181/1333/514 
f 764/844/1902 765/845/1903 1154/1305/1903 
f 697/767/1904 1154/1305/1905 765/845/1905 
f 552/609/1906 1157/1308/1907 553/610/1907 
f 257/273/1908 553/610/1909 1157/1308/1909 
f 1068/1202/1282 926/1039/1282 924/1037/1282 
f 1068/1202/1910 924/1037/1910 1071/1205/1910 
f 809/890/1911 1151/1301/1912 808/889/1912 
f 772/852/1913 808/889/1914 1151/1301/1914 
f 861/956/1915 862/957/1916 1160/1311/1916 
f 541/598/1917 1160/1311/1918 862/957/1918 
f 700/774/1919 1146/1296/1919 858/953/1919 
f 857/952/1920 858/953/1920 1146/1296/1920 
f 302/324/1921 452/497/1921 1143/1293/1921 
f 451/496/1922 1143/1293/1922 452/497/1922 
f 696/766/1923 792/873/1924 1163/1314/1924 
f 791/872/1925 1163/1314/1926 792/873/1926 
f 854/1244/3 1104/1246/3 170/173/3 
f 807/888/1927 854/949/1927 170/504/1927 
f 898/1008/698 1179/1331/698 902/1012/698 
f 488/537/1928 1172/1323/1929 705/779/1929 
f 704/778/1930 705/779/1931 1172/1323/1931 
f 762/842/1932 1169/1320/1933 508/558/1933 
f 507/557/1934 508/558/1935 1169/1320/1935 
f 509/559/1936 780/860/1937 1166/1317/1937 
f 779/859/1938 1166/1317/1939 780/860/1939 
f 789/870/1940 1189/1341/1940 391/432/1940 
f 390/431/1941 391/432/1941 1189/1341/1941 
f 689/759/1942 464/510/1943 1186/1338/1943 
f 463/509/1944 1186/1338/1945 464/510/1945 
f 632/697/1946 461/507/1947 633/698/1947 
f 630/695/1948 633/698/1948 461/507/1948 
f 405/450/1949 597/657/1949 599/659/1949 
f 598/658/1950 599/659/1951 597/657/1951 
f 619/683/1952 834/924/1952 833/923/1952 
f 619/683/1953 1329/1557/1953 834/924/1953 
f 607/670/1774 787/868/1774 786/867/1774 
f 277/295/1954 786/867/1954 787/868/1954 
f 870/970/1955 457/502/1955 1339/1570/1955 
f 870/970/1051 1339/1570/1955 456/501/1956 
f 332/361/1957 776/856/1958 1192/1344/1958 
f 775/855/1959 1192/1344/1960 776/856/1960 
f 1352/1591/1961 1407/1700/1961 1351/1590/1961 
f 1407/1700/1962 1195/1347/1962 1351/1590/1962 
f 1306/1508/1963 1293/1487/1963 899/1009/1963 
f 1293/1487/1861 1306/1508/1861 903/1013/1861 
f 1285/1477/987 1054/1187/987 781/862/987 
f 782/863/1964 781/862/1964 1054/1187/1964 
f 645/713/1284 1380/1645/1284 648/716/1284 
f 1401/1691/698 1002/1127/698 1398/1686/698 
f 1108/1252/1399 1403/1696/1399 1419/1783/1399 
f 1108/1252/8 1419/1783/8 1109/1253/8 
f 1078/1212/1965 1409/1710/1965 868/966/1965 
f 869/967/1966 868/966/1966 1409/1710/1966 
f 1077/1211/1967 1076/1210/1967 1310/1512/1967 
f 868/966/1968 1310/1512/1968 1076/1210/1968 
f 576/633/1381 1301/1694/1380 1105/1249/1381 
f 1322/1546/1969 1396/1681/1969 1323/1547/1969 
f 1323/1547/1970 1396/1681/1970 970/1088/1970 
f 367/405/1276 915/1027/1276 1288/1481/1276 
f 1417/1757/1306 1288/1481/1306 915/1027/1306 
f 1007/1132/1971 1006/1131/1971 1008/1133/1971 
f 471/520/1309 1008/1133/1309 1006/1131/1309 
f 838/1454/951 837/927/951 1274/1453/950 
f 837/927/3 589/649/3 1274/1453/3 
f 286/1611/752 752/832/752 751/1613/752 
f 136/137/3 286/304/3 751/831/3 
f 1116/1262/1972 1194/1346/1972 1408/1701/1972 
f 1194/1346/1973 1195/1347/1973 1408/1701/1973 
f 28/28/109 4/4/1974 289/307/110 
f 289/307/1975 4/4/1975 515/565/1976 
f 1209/1364/593 1072/1206/593 1210/1365/593 
f 743/1501/1022 1100/1519/1022 1313/1521/878 
f 280/298/3 1100/1237/3 743/823/3 
f 1132/1282/1977 1130/1278/1977 884/988/1977 
f 1372/1627/1978 884/988/1978 1130/1278/1978 
f 412/1605/1281 1362/1604/1281 1248/1418/1281 
f 949/1062/3 1362/1733/3 412/457/3 
f 170/173/3 1382/1647/3 171/174/3 
f 171/1433/930 1382/1649/930 1261/1434/930 
f 976/1096/1 722/799/1 835/1396/1 
f 1232/1526/1034 835/1396/1034 722/799/1034 
f 1348/1586/1172 158/1541/1173 1317/1540/1172 
f 220/233/3 158/161/3 1348/1587/3 
f 283/301/3 1385/1784/3 284/302/3 
f 283/301/3 1404/1785/3 1321/1786/3 
f 471/520/1979 473/522/1979 954/1070/1979 
f 473/522/698 963/1081/698 954/1070/698 
f 416/461/1980 1215/1371/1980 1387/1730/1980 
f 1215/1662/1981 1216/1372/1981 1387/1664/1981 
f 276/294/3 275/293/3 953/1787/3 
f 61/61/3 276/294/3 1384/1788/3 
f 66/66/3 1379/1641/3 753/833/3 
f 753/1376/878 1379/1642/1022 1220/1377/878 
f 1350/1589/1633 342/373/1633 1096/1233/1633 
f 1175/1327/1982 1096/1233/1982 342/373/1982 
f 872/1789/97 873/975/97 1420/1790/97 
f 1318/1542/1 1420/1790/1 873/975/1 
f 931/1044/92 1421/1791/92 1422/1792/92 
f 737/814/3 1421/1791/3 931/1044/3 
f 522/574/1983 1383/1650/1983 523/575/1983 
f 1004/1129/1984 1383/1650/1984 522/574/1984 
f 758/838/1985 760/840/1985 1386/1657/1985 
f 536/588/1986 758/838/1986 1386/1657/1986 
f 1335/1563/1987 1196/1348/1987 1311/1513/1987 
f 1196/1348/1988 550/607/1988 1311/1513/1988 
f 616/680/579 1389/1666/579 1344/1578/579 
f 1389/1666/1321 616/680/1321 1338/1568/1321 
f 1325/1793/3 1324/1548/3 1328/1552/3 
f 754/1471/1306 755/835/1306 67/1726/1306 
f 66/66/3 754/834/3 67/67/3 
f 388/1379/889 1219/1628/889 1234/1400/889 
f 138/139/3 1219/1375/3 388/429/3 
f 329/1391/1237 373/1635/1237 766/846/1237 
f 328/356/3 373/412/3 329/357/3 
f 105/105/3 1390/1667/3 279/297/3 
f 1390/1668/1283 1313/1521/1283 279/1520/1283 
f 618/1585/592 1347/1583/592 1126/1582/592 
f 136/137/3 618/682/3 1126/1274/3 
f 1399/1687/930 617/1461/930 1064/1197/930 
f 7/7/3 617/681/3 1399/1688/3 
f 612/675/1989 341/372/1989 298/320/1989 
f 343/374/3 298/320/3 341/372/3 
f 372/411/3 768/848/3 1376/1636/3 
f 768/1389/1236 1230/1390/1236 1376/1634/1236 
f 139/140/3 1378/1640/3 66/66/3 
f 139/1381/1283 1220/1377/1283 1378/1643/1283 
f 280/298/3 744/824/3 1104/1246/3 
f 744/1503/1306 745/825/1306 1104/1756/1306 
f 1088/1225/1756 367/405/1488 1289/1482/1488 
f 1385/1654/1283 1088/1225/1283 1289/1482/1283 
f 797/1417/879 415/460/879 1377/1638/879 
f 411/456/3 797/878/3 1377/1637/3 
f 863/958/1990 1336/1565/1990 866/1534/1990 
f 1085/1219/1991 866/1221/1991 1336/1564/1991 
f 749/829/1992 1214/1663/1992 1040/1167/1992 
f 750/830/1993 1040/1782/1993 1214/1370/1993 
f 877/981/1994 409/454/1994 733/810/1994 
f 410/455/3 733/810/3 409/454/3 
f 1201/1354/965 1203/1356/965 1411/1731/965 
f 1201/1354/526 1411/1731/526 1341/1572/526 
f 273/1416/1020 796/1639/1020 1205/1360/1020 
f 38/38/3 796/877/3 273/291/3 
f 1345/1580/1989 319/347/1989 131/132/1989 
f 132/133/3 131/132/3 319/347/3 
f 958/1076/97 1359/1600/97 1360/1617/97 
f 1360/1794/3 1359/1600/3 960/1078/3 
f 1148/1298/1995 134/135/1995 210/220/1995 
f 133/134/3 210/220/3 134/135/3 
f 1027/1153/1996 869/967/1996 1030/1156/1996 
f 1025/1151/1997 1027/1153/1997 1030/1156/1997 
f 568/1518/1281 1312/1515/1281 1098/1235/1281 
f 1098/1235/1782 1312/1515/1781 558/615/1781 
f 945/1058/1145 1270/1446/1144 39/1765/1145 
f 1270/1446/946 526/1448/946 39/1765/946 
f 283/301/3 110/110/3 1404/1785/3 
f 1404/1697/1281 110/1224/1281 1087/1223/1281 
f 406/451/3 318/346/3 407/452/3 
f 174/178/742 318/346/1998 406/451/1998 
f 221/234/734 343/374/1999 301/323/735 
f 342/373/3 301/323/3 343/374/3 
f 1119/1265/2000 1121/1267/2000 1332/1560/2000 
f 1332/1560/2001 1121/1795/2001 1363/1606/2001 
f 21/21/3 556/613/3 495/545/3 
f 556/1524/592 1259/1431/592 495/1677/592 
f 1391/1669/1306 946/1059/1306 942/1358/1306 
f 38/38/3 1391/1670/3 942/1055/3 
f 1245/1412/1861 849/944/1861 1275/1455/1861 
f 1245/1412/2002 1247/1414/2002 849/944/2002 
f 568/1518/1281 431/1516/1281 1312/1515/1281 
f 431/476/3 568/625/3 105/105/3 
f 712/789/2003 1132/1282/2003 440/485/2003 
f 1132/1282/2004 1133/1283/2004 440/485/2004 
f 1353/1592/1415 801/882/1415 1134/1284/1415 
f 1353/1592/1994 1134/1284/1994 300/322/1994 
f 61/61/3 672/740/3 62/62/3 
f 61/1241/2005 1103/1243/1236 672/1239/1236 
f 40/40/3 526/578/3 64/64/3 
f 64/1624/930 526/1448/930 1271/1447/930 
f 137/138/3 1242/1408/3 1217/1373/3 
f 1217/1397/882 1242/1612/882 752/832/882 
f 109/109/3 1272/1622/3 798/879/3 
f 1272/1449/888 1087/1223/888 798/1222/888 
f 209/219/3 351/389/3 1057/1190/3 
f 817/901/416 351/389/416 209/219/416 
f 940/1053/2006 800/881/2006 1281/1466/2006 
f 940/1053/2007 1281/1466/2007 801/882/2007 
f 170/173/3 241/256/3 1381/1646/3 
f 241/1177/1144 1261/1434/1145 1381/1648/1144 
f 927/1040/2008 1069/1203/2008 1070/1204/2008 
f 1071/1205/2009 1070/1204/2009 1069/1203/2009 
f 1326/1550/97 1371/1626/97 1324/1548/97 
f 1371/1626/8 1326/1796/8 1327/1551/8 
f 223/236/157 224/237/157 493/543/157 
f 494/544/3 493/543/3 224/237/3 
f 286/1611/752 1127/1275/752 752/832/752 
f 650/718/1470 752/832/1471 1127/1275/1470 
f 283/301/3 1321/1786/3 1385/1784/3 
f 1321/1545/879 1088/1225/879 1385/1654/879 
f 282/1689/945 1035/1161/945 908/1539/945 
f 106/106/3 282/300/3 908/1020/3 
f 63/63/3 1268/1623/3 275/293/3 
f 1268/1444/944 952/1068/945 275/1067/944 
f 1402/1692/2007 317/345/2007 316/344/2007 
f 1402/1692/2006 1057/1190/2006 317/345/2006 
f 1329/1557/2010 1334/1562/2010 1333/1561/2010 
f 564/621/2011 1334/1562/2011 1329/1557/2011 
f 276/294/3 953/1787/3 1384/1788/3 
f 1384/1653/1172 953/1069/1172 952/1068/1173 
f 1350/1589/2012 1095/1232/2012 342/373/2012 
f 1350/1589/2013 300/322/2013 1095/1232/2013 
f 1357/1598/2013 733/810/2013 408/453/2013 
f 1357/1598/2012 408/453/2012 407/452/2012 
f 1034/1569/946 1338/1568/946 1337/1706/946 
f 106/106/3 1034/1160/3 1337/1566/3 
f 220/233/3 370/408/3 389/430/3 
f 389/1621/1237 370/1452/1237 368/406/1237 
f 1417/1757/1306 915/1027/1306 161/1579/1306 
f 160/163/3 1417/1758/3 161/164/3 
f 160/163/3 284/302/3 913/1025/3 
f 913/1656/1020 284/1655/1020 1289/1482/1020 
f 871/971/2014 1149/1299/2014 210/220/2014 
f 871/971/2015 983/1104/2015 1149/1299/2015 
f 1090/1227/8 1093/1709/8 1395/1797/8 
f 137/138/3 1218/1374/3 1373/1630/3 
f 1218/1399/1019 1233/1398/745 1373/1629/1019 
f 1019/1144/1166 1176/1328/1166 298/320/1166 
f 1019/1144/614 613/676/615 1176/1328/614 
f 281/1705/930 1338/1568/930 1036/1162/930 
f 616/680/2016 1036/1162/2016 1338/1568/2016 
f 1285/1477/2017 1397/1682/2017 434/479/2017 
f 432/477/2018 434/479/2018 1397/1682/2018 
f 1354/1593/2019 491/541/2020 941/1054/2019 
f 1354/1593/2021 941/1054/2021 801/882/2021 
f 1079/1213/2022 468/517/2022 470/519/2022 
f 1079/1213/2023 470/519/2023 1277/1462/2023 
f 683/753/2024 685/755/2024 600/660/2024 
f 603/663/2025 683/753/2025 600/660/2025 
f 572/629/2026 1022/1147/2026 573/630/2026 
f 603/663/2027 1022/1147/2027 572/629/2027 
f 1122/1268/842 1412/1734/842 1123/1269/842 
f 1123/1269/1787 1412/1798/1787 1120/1727/1787 
f 1219/1628/1281 1233/1398/1281 1234/1400/1281 
f 1234/1400/2028 1233/1398/2028 387/428/2028 
f 1358/1599/2029 878/982/2029 733/810/2029 
f 1358/1599/2030 879/983/2030 878/982/2030 
f 1102/1242/1637 952/1068/1637 527/579/1637 
f 1384/1653/1172 952/1068/1173 1102/1242/1172 
f 1349/1588/2031 492/542/2031 1226/1385/2031 
f 1349/1588/2029 1226/1385/2029 300/322/2029 
f 1254/1424/2019 732/809/2020 731/808/2019 
f 1254/1424/2021 731/808/2021 316/344/2021 
f 1060/1193/2014 1298/1494/2014 707/784/2014 
f 1060/1193/2015 1059/1192/2015 1298/1494/2015 
f 1202/1355/409 1341/1572/409 981/1101/409 
f 701/775/8 1228/1387/8 1227/1386/8 
f 701/775/1599 1229/1388/1599 1228/1387/1599 
f 1420/1790/3 1318/1542/3 1422/1799/3 
f 931/1044/92 1422/1792/92 1318/1542/92 
f 1423/1800/92 721/798/92 1315/1528/92 
f 1356/1597/1379 721/798/1379 1423/1800/1379 
f 1240/1406/92 1239/1405/92 1424/1801/92 
f 1374/1802/8 1424/1803/8 1239/1405/8 
# 2646 faces

