# 3ds Max Wavefront OBJ Exporter v0.99 - (c)2007 guruware
# File Created: 16.04.2025 20:14:48

mtllib ProfesorSubRightLeg.mtl

#
# object ProfesorSubRightLeg
#

v  -1.6120 -4.7872 -1.4400
v  -0.2888 -4.8844 -1.2113
v  -0.1316 -3.4808 -0.5904
v  -1.6513 -3.3859 -0.3162
v  -0.0525 -1.8362 0.1432
v  -1.5225 -1.6685 0.2051
v  1.2271 -3.6550 -0.8310
v  1.3440 -1.8693 -0.1847
v  0.9552 -5.0788 -1.0755
v  -2.6817 -1.1329 -0.3442
v  -2.8873 -3.0019 -0.8323
v  -2.9201 -4.5540 -1.9118
v  -1.6486 -6.5080 -2.2025
v  -0.3253 -6.4564 -1.6576
v  -2.9123 -6.5753 -2.7420
v  -3.6484 -2.5855 -1.3399
v  -3.6124 -0.8379 -1.0293
v  -4.0277 -0.9584 -2.3107
v  -4.3548 -3.9286 -2.5230
v  4.1177 -2.2149 -1.8762
v  2.7005 -1.9518 -0.7660
v  2.4334 -3.8772 -1.0734
v  3.5096 -4.2886 -1.6318
v  4.0189 -4.9774 -2.5385
v  4.6848 -3.6660 -2.8425
v  5.3311 -2.7161 -3.2771
v  5.2573 -1.2840 -3.1035
v  -4.6497 -2.6849 -4.1577
v  -5.3975 -4.5274 -4.7246
v  -4.8431 -5.1687 -4.0480
v  -4.0672 -6.7284 -3.5359
v  -4.9333 -6.7325 -4.4798
v  0.7062 -7.2674 -1.6009
v  -0.2694 -7.6851 -1.8041
v  0.6703 -8.6247 -2.5329
v  1.5745 -7.6317 -2.1536
v  1.7744 -6.4593 -1.6855
v  0.8429 -6.4367 -1.4339
v  -1.7597 -8.6836 -2.3203
v  -3.2814 -8.8102 -2.9159
v  -3.5014 -10.8897 -3.0461
v  -2.0746 -11.0060 -2.5925
v  2.4394 -7.3295 -2.3048
v  2.5848 -6.5806 -2.0073
v  3.0422 -6.6944 -2.7249
v  3.0200 -7.6390 -3.0258
v  2.3454 -8.2252 -3.1331
v  3.5627 -7.2212 -3.8134
v  4.0437 -6.7062 -4.2393
v  3.7621 -6.2632 -3.3536
v  3.4311 -6.7237 -3.2790
v  3.4317 -5.8046 -2.5093
v  4.9662 -4.3772 -3.9897
v  5.7132 -3.0519 -4.3722
v  2.7938 -8.6860 -3.7645
v  1.7703 -9.2100 -3.3179
v  2.8067 -9.4986 -4.0330
v  3.4370 -8.3828 -3.9716
v  3.7901 -9.2955 -4.7299
v  -5.6242 -6.6758 -5.4428
v  5.0927 -5.0424 -5.3029
v  5.9703 -3.7117 -6.3629
v  6.4016 -1.5279 -6.2069
v  6.1480 -1.2790 -4.3824
v  5.5435 -5.2249 -7.4510
v  5.2459 -4.6391 -8.9267
v  5.7242 -3.0465 -8.3100
v  5.2028 -5.8428 -6.4755
v  -4.9122 -23.4669 -7.2788
v  -4.5427 -23.7189 -6.2595
v  -4.9910 -21.4731 -5.8933
v  -4.9447 -21.4128 -6.9642
v  -5.3000 -21.3958 -7.8415
v  -5.2594 -22.9172 -7.8911
v  5.5017 -7.6826 -7.3915
v  5.1564 -7.1040 -6.6053
v  4.6940 -8.0205 -6.2353
v  5.1428 -9.2194 -7.3581
v  5.3993 -6.4461 -6.9686
v  5.5922 -6.6878 -8.3286
v  5.4858 -9.1667 -8.8400
v  4.9579 -6.5461 -5.6201
v  5.2834 -6.6797 -9.6900
v  4.8176 -4.1930 -10.3555
v  5.0720 -2.6652 -9.8453
v  4.2635 -6.4251 -10.7575
v  -4.2946 -0.4936 -3.7822
v  -5.3675 -0.0639 -4.6895
v  -5.1029 -1.9363 -5.2001
v  -5.3022 -3.9855 -5.7974
v  -5.7304 -1.4233 -6.2502
v  -5.7980 -3.5108 -6.7694
v  -6.1372 -6.2333 -7.3839
v  -6.1277 -6.4999 -6.3594
v  -5.1357 -1.0461 -7.3730
v  -5.7296 -3.0882 -7.9523
v  -5.7184 -5.9702 -8.4712
v  -6.0025 -8.6184 -8.9035
v  -6.4909 -8.7245 -7.8514
v  -4.9755 -2.8147 -9.0275
v  -5.3711 -5.7274 -9.7098
v  -5.4616 -8.5111 -10.1284
v  -5.5021 -10.4281 -10.3242
v  -6.0802 -10.4880 -9.0920
v  -4.5128 -5.5473 -11.0181
v  -4.6145 -8.4217 -11.5280
v  -4.6260 -10.3773 -11.7682
v  -4.5710 -12.1857 -11.9132
v  -4.3752 -15.2107 -12.0837
v  -5.1926 -15.2426 -10.6121
v  -5.4485 -12.2274 -10.4417
v  -3.2200 -10.3719 -13.0613
v  -3.1998 -12.2301 -13.1648
v  -3.1604 -15.2391 -13.2649
v  -3.2181 -18.6408 -13.3647
v  -4.2393 -18.6417 -12.2669
v  -1.5421 -12.3387 -13.8908
v  -1.6446 -15.3210 -13.8965
v  -1.8524 -18.6826 -13.9370
v  -2.0227 -21.9606 -13.9086
v  -3.3221 -21.8885 -13.4128
v  0.0087 -15.4391 -14.0695
v  -0.2604 -18.7659 -14.0199
v  -0.4726 -21.9991 -13.9388
v  -0.5059 -24.9252 -13.9397
v  -2.0575 -24.9251 -13.7323
v  1.4063 -18.8432 -13.6922
v  1.1828 -22.0047 -13.6464
v  1.0503 -24.8625 -13.4460
v  1.1573 -27.1253 -13.4624
v  -0.3714 -27.1623 -13.9160
v  2.4318 -21.9321 -12.5094
v  2.4180 -24.7798 -12.5927
v  2.2962 -27.1182 -12.4973
v  2.1747 -28.9535 -12.4510
v  1.1760 -28.8236 -13.2802
v  2.9950 -24.6664 -11.2105
v  3.0307 -27.1179 -11.3658
v  2.6859 -29.0493 -11.4775
v  2.2924 -29.1698 -11.0166
v  1.7250 -28.9943 -11.6618
v  3.5864 -27.0841 -10.3364
v  3.1729 -29.0893 -10.3590
v  2.8005 -29.1803 -10.2066
v  3.7832 -29.1378 -9.4746
v  3.1991 -29.2086 -9.3142
v  0.0484 -27.9688 -12.3297
v  -0.1146 -28.8807 -13.6865
v  1.0760 -28.4783 -12.0855
v  -1.1896 -27.5291 -12.2162
v  -1.8703 -28.7815 -13.5457
v  -2.0460 -27.2020 -13.7715
v  -3.5439 -28.6676 -12.8909
v  -3.6802 -27.1246 -13.2389
v  -3.4419 -24.7928 -13.3053
v  -4.8603 -26.9468 -12.0286
v  -4.3377 -24.5550 -12.3031
v  -4.1203 -21.8012 -12.3176
v  -4.9054 -24.3389 -11.0236
v  -4.9100 -21.7518 -11.1445
v  -5.1241 -18.6749 -10.9914
v  -5.3799 -21.6742 -9.8725
v  -5.6639 -18.7348 -9.6739
v  -5.8666 -15.3066 -9.3439
v  -5.9818 -18.7749 -8.5563
v  -6.3067 -15.3630 -8.3097
v  -6.4251 -12.3235 -8.1684
v  -5.9658 -12.2851 -9.1603
v  -6.1470 -15.3653 -7.4509
v  -6.3471 -12.3396 -7.2810
v  -6.3933 -10.5950 -7.1185
v  -6.5244 -10.5390 -8.0611
v  -6.2890 -8.8433 -6.8868
v  -5.9404 -10.6759 -6.2416
v  -5.8124 -8.9378 -5.9873
v  -5.3812 -10.8078 -5.1771
v  -5.2782 -9.0538 -4.8855
v  -4.6624 -10.8652 -3.9639
v  -4.3760 -8.9612 -3.8375
v  -4.5996 -12.6037 -4.3116
v  -4.5237 -15.3525 -4.6694
v  -3.5235 -15.4130 -3.6466
v  -3.5559 -12.7333 -3.3047
v  -5.3305 -12.4850 -5.4577
v  -5.2621 -15.3245 -5.7271
v  -5.0717 -18.5156 -5.9416
v  -4.3550 -18.3949 -5.0346
v  -5.8591 -12.3824 -6.4780
v  -5.6572 -15.3323 -6.7167
v  -5.7372 -18.6598 -6.6994
v  -5.8103 -18.7360 -7.6222
v  -5.6943 -21.5607 -8.7423
v  -5.4947 -23.5461 -8.5018
v  -5.3141 -24.0692 -9.7452
v  -5.7362 -26.1006 -9.2100
v  -5.3114 -25.1573 -7.5285
v  -5.3797 -26.6352 -10.6823
v  -5.4466 -28.3183 -10.3056
v  -5.8340 -28.0199 -8.6643
v  -4.6948 -28.5032 -11.7656
v  -3.4070 -27.3794 -10.5618
v  -3.8825 -27.6013 -9.3383
v  -2.4622 -27.3131 -11.6213
v  -3.9641 -27.8747 -8.2122
v  -3.8978 -28.3426 -7.2357
v  -5.0050 -28.2265 -7.2563
v  -3.6674 -28.5552 -6.2284
v  -4.0672 -28.5102 -6.1313
v  -4.3715 -25.4648 -6.2861
v  -3.0403 -28.7062 -5.3706
v  -3.1465 -28.8125 -5.1995
v  -3.8035 -25.7244 -5.2245
v  -2.2889 -28.9584 -4.5363
v  -2.9400 -25.9155 -4.3533
v  -3.1720 -23.7236 -4.4248
v  -4.0051 -23.8089 -5.2262
v  -3.3487 -21.1489 -4.3416
v  -4.2499 -21.2826 -5.1186
v  -3.4690 -18.3333 -4.0259
v  -2.1583 -21.0527 -3.6484
v  -2.1682 -18.2819 -3.3858
v  -2.1743 -15.4580 -3.0452
v  -0.6180 -18.2054 -3.3804
v  -0.5900 -15.4744 -3.1260
v  -0.5427 -13.1158 -2.9213
v  -2.1737 -12.9058 -2.7656
v  1.0657 -15.4902 -3.8243
v  1.1748 -13.2738 -3.6596
v  1.2580 -11.9197 -3.5657
v  -0.4120 -11.5319 -2.7323
v  -0.1818 -9.9143 -2.7584
v  1.4279 -10.5862 -3.4076
v  2.7195 -12.0065 -4.7315
v  2.7524 -10.6785 -4.4265
v  3.9594 -11.9394 -5.9144
v  3.9882 -10.5796 -5.4860
v  4.8553 -11.7135 -6.9753
v  4.6474 -10.0691 -6.4931
v  4.3303 -8.6682 -5.6040
v  4.3697 -7.2721 -5.1976
v  3.8952 -7.8679 -4.6630
v  4.6057 -6.0984 -4.5743
v  4.3382 -5.6739 -3.4790
v  5.2059 -11.3732 -7.9024
v  5.0964 -15.6862 -8.4244
v  5.0046 -15.6789 -9.3889
v  5.1792 -13.1549 -9.2047
v  5.2520 -13.2419 -8.2300
v  5.3358 -11.2757 -9.0657
v  4.8481 -13.3369 -7.2958
v  4.7082 -15.6658 -7.4816
v  4.5405 -18.3661 -7.6085
v  4.9471 -18.4717 -8.5788
v  4.0599 -13.3723 -6.1687
v  3.9948 -15.6184 -6.2687
v  3.8320 -18.2485 -6.3909
v  3.6441 -21.0025 -6.4520
v  4.3740 -21.2089 -7.6385
v  2.6937 -15.5372 -4.9577
v  2.5517 -18.1486 -5.1166
v  2.4141 -20.8474 -5.2625
v  2.3116 -23.5425 -5.2984
v  3.4297 -23.7606 -6.4001
v  0.9901 -18.1413 -4.0139
v  0.9344 -20.8396 -4.2117
v  0.9738 -23.4703 -4.3102
v  1.0372 -26.1090 -4.3603
v  2.3363 -26.2144 -5.1117
v  -0.6319 -20.9337 -3.6446
v  -0.5285 -23.5325 -3.7654
v  -0.3482 -26.1107 -3.9211
v  -0.0865 -29.1513 -4.2261
v  1.1421 -29.1639 -4.5833
v  -1.9786 -23.6366 -3.9386
v  -1.7366 -26.0752 -3.8872
v  -1.2006 -29.1052 -4.1770
v  -1.1456 -29.1417 -4.2988
v  -0.0697 -29.1785 -4.3234
v  -2.1815 -28.9806 -4.6826
v  1.9680 -29.2281 -5.4026
v  2.0983 -29.2007 -5.2954
v  1.0711 -29.1743 -4.7521
v  2.7474 -29.1911 -6.2780
v  2.8888 -29.2204 -6.1846
v  3.2510 -26.4197 -6.2295
v  3.3734 -29.1258 -7.2971
v  3.7973 -26.6494 -7.3548
v  4.1810 -24.0410 -7.5093
v  4.1156 -26.8637 -8.3959
v  4.4798 -24.2875 -8.5532
v  4.6823 -21.3982 -8.6458
v  4.4249 -24.4768 -9.5279
v  4.5030 -21.5585 -9.5897
v  4.8663 -18.5584 -9.5733
v  4.3369 -21.7282 -10.5877
v  4.5388 -18.6578 -10.5625
v  4.7824 -15.6716 -10.4422
v  4.0116 -18.7847 -11.6715
v  4.2509 -15.6699 -11.6372
v  4.3344 -12.9081 -11.4648
v  4.8686 -13.0427 -10.2544
v  4.4341 -10.9984 -11.4014
v  5.0386 -11.1511 -10.2127
v  4.9524 -9.0120 -10.0260
v  4.4221 -8.8316 -11.2436
v  3.4134 -10.8165 -12.5098
v  3.4963 -8.6413 -12.3183
v  3.5080 -6.0779 -11.9594
v  2.1735 -8.5217 -13.1577
v  2.2575 -5.7668 -12.6150
v  2.5816 -3.0854 -12.1474
v  3.5771 -3.6625 -11.1016
v  2.7329 -1.1195 -11.5173
v  4.2540 -1.7409 -10.9423
v  4.4836 0.0935 -10.6052
v  5.6403 -0.5390 -9.5859
v  6.2181 -1.0879 -8.0318
v  -4.6247 -0.7077 -8.6521
v  -3.7643 -0.5037 -9.9971
v  -4.1361 -2.5947 -10.3591
v  -2.6299 -0.4102 -11.2839
v  -2.7117 -2.5217 -11.5826
v  -3.0215 -5.4272 -12.2787
v  -3.1902 -8.3639 -12.8404
v  -0.9640 -2.5324 -12.4458
v  -1.1621 -5.4100 -13.0929
v  -1.3624 -8.3568 -13.5942
v  -1.4718 -10.4250 -13.8099
v  0.7600 -5.5232 -13.1908
v  0.5327 -8.4251 -13.6713
v  0.3626 -10.5298 -13.9488
v  0.2162 -12.4672 -14.0716
v  2.0541 -10.6625 -13.4689
v  1.9277 -12.5940 -13.6758
v  1.7089 -15.5573 -13.7637
v  3.3568 -12.7575 -12.7039
v  3.2232 -15.6416 -12.8578
v  2.8884 -18.8502 -12.7582
v  3.4847 -21.8265 -11.4439
v  3.8351 -24.5920 -10.3615
v  4.0858 -27.0093 -9.4047
v  3.6872 -29.1358 -8.4658
v  3.3159 -29.1968 -8.3861
v  3.2047 -29.1636 -7.2823
v  0.9463 -2.7112 -12.5347
v  -0.9412 -0.4404 -12.0880
v  1.0256 -0.6452 -12.1894
v  2.8117 -13.3415 -4.8575
v  2.9376 -5.5977 -1.7199
v  2.0511 -5.2771 -1.3118
v  4.0826 0.2592 -1.5687
v  2.8574 0.1316 -0.0741
v  1.4674 -0.0254 0.7768
v  -0.0305 0.0344 0.8799
v  -1.3796 0.2751 0.5006
v  -0.1937 -50.3399 6.8267
v  0.3300 -50.1531 6.8258
v  -0.0929 -49.9451 6.1961
v  -0.6321 -50.2280 6.3441
v  -0.2145 -50.6255 7.1681
v  0.6573 -50.4460 7.3672
v  -0.9299 -50.6365 6.5372
v  2.8623 -49.4997 4.1207
v  3.3366 -49.1738 2.8534
v  2.6214 -49.1071 3.0426
v  2.4222 -49.3253 3.9987
v  1.8416 -49.2830 4.4500
v  2.2037 -49.5556 5.0858
v  1.8296 -49.0560 3.2476
v  -2.5348 -49.1249 0.3303
v  -3.2280 -49.7903 0.1079
v  -2.9123 -50.0382 1.9922
v  -2.2324 -49.4394 2.0003
v  4.3025 -48.6859 0.8063
v  4.0934 -49.3411 2.5551
v  4.6582 -50.0617 1.9888
v  4.9700 -49.4468 -0.1385
v  3.6583 -48.4521 1.4037
v  -2.7731 -45.9620 -5.0408
v  -3.1950 -46.7091 -5.9559
v  -3.2231 -48.4065 -3.7464
v  -2.8866 -47.6445 -2.9866
v  -3.4414 -49.3245 -1.6886
v  -2.7767 -48.5962 -1.2210
v  -2.5809 -47.5731 -6.6358
v  -2.7792 -49.3041 -4.3962
v  -3.3309 -50.5435 -2.2062
v  -3.4336 -51.0091 -0.0072
v  -2.1283 -50.1405 -4.8814
v  -2.7963 -51.6931 -2.4946
v  -3.1083 -52.2524 -0.1164
v  -2.7877 -52.2803 2.1172
v  -3.1388 -51.1400 2.1564
v  2.9565 -52.1787 6.4255
v  3.7032 -52.3156 5.0944
v  3.7303 -51.2380 5.2896
v  2.9732 -51.1360 6.5843
v  2.0993 -51.1054 7.4559
v  2.1679 -52.1914 7.2153
v  1.0104 -51.1893 7.8078
v  1.1922 -52.1795 7.6212
v  2.4966 -50.3575 6.4136
v  1.6088 -50.3797 7.0862
v  1.9444 -49.8742 6.1623
v  1.1017 -49.9589 6.6289
v  1.4158 -49.5534 5.6766
v  0.6148 -49.7023 5.9917
v  1.0306 -49.2533 4.7790
v  0.1758 -49.4092 4.9941
v  -0.5782 -49.6643 5.2033
v  -0.1550 -49.0822 3.2469
v  -1.0385 -49.3294 3.7042
v  -1.7941 -49.7171 3.8781
v  -1.2218 -49.9799 5.4105
v  -2.3287 -50.2910 3.9732
v  -1.6608 -50.4840 5.5539
v  -2.5738 -51.2158 4.1682
v  -1.8553 -51.2560 5.7039
v  -1.0307 -51.3244 6.7747
v  -0.0613 -51.3328 7.5097
v  -1.6528 -52.2313 5.6757
v  -0.8689 -52.1905 6.7940
v  0.1789 -52.1305 7.4968
v  -2.2570 -52.2907 4.1286
v  0.9137 -49.0251 3.3507
v  1.0243 -48.6333 1.8172
v  2.0205 -48.5017 1.8934
v  4.1498 -45.8033 -3.7177
v  4.7140 -46.6104 -4.5660
v  4.7936 -44.6819 -6.7569
v  4.4428 -43.5055 -5.9733
v  4.6943 -42.8006 -8.8706
v  4.0386 -41.2242 -8.1287
v  4.3193 -45.9464 -7.4471
v  4.5430 -44.4552 -9.3961
v  4.4959 -43.2566 -11.2190
v  4.2015 -41.4789 -10.6678
v  3.2689 -39.6424 -9.7815
v  4.1158 -42.5342 -12.5372
v  3.6810 -40.8090 -11.8562
v  3.0862 -39.0735 -11.0287
v  3.1904 -40.4034 -12.7152
v  2.6542 -38.7041 -11.7023
v  1.6348 -38.2653 -12.6286
v  1.9103 -39.9276 -13.9271
v  0.9962 -39.9512 -13.9958
v  0.9406 -38.2360 -12.6730
v  2.1831 -38.4479 -12.2336
v  2.6655 -40.0842 -13.4409
v  2.9785 -41.8448 -14.3256
v  2.1144 -41.7336 -14.7859
v  3.5895 -42.1147 -13.5133
v  3.6444 -43.7767 -13.8363
v  2.9120 -43.5974 -14.4954
v  4.0941 -44.1585 -12.7926
v  4.0618 -44.8336 -11.3812
v  3.1309 -50.2995 -4.2660
v  2.9874 -48.4176 -6.2278
v  4.1246 -47.6160 -5.4611
v  4.2479 -49.3936 -3.4415
v  4.7793 -50.6785 -1.0800
v  4.1411 -51.9832 -1.8792
v  4.7987 -51.1755 1.4603
v  4.4394 -52.3885 1.0281
v  4.8853 -48.3497 -2.4385
v  4.4022 -51.2860 3.6375
v  4.2250 -52.3858 3.3345
v  4.0973 -50.3223 3.8635
v  3.2996 -50.3958 5.3297
v  3.4885 -49.7756 4.0463
v  2.7415 -49.8994 5.3007
v  3.3205 -46.9152 -7.9794
v  1.2829 -43.4769 -14.8335
v  1.1423 -41.7557 -14.8589
v  2.0963 -43.4922 -14.7786
v  0.4751 -43.6199 -14.6142
v  0.1881 -41.9203 -14.6049
v  0.1163 -40.1272 -13.6985
v  -0.6403 -42.2030 -14.0556
v  -0.5911 -40.4677 -13.1008
v  -0.3777 -38.6870 -12.0222
v  0.2481 -38.3581 -12.4557
v  -1.2119 -40.9228 -12.3612
v  -0.9330 -39.2288 -11.4045
v  -1.9205 -41.3256 -8.9285
v  -1.4246 -40.0501 -10.4928
v  -1.7820 -41.6362 -11.3441
v  -2.4020 -42.9228 -9.8174
v  -1.9765 -43.2738 -12.1908
v  -2.4053 -44.3318 -10.6709
v  -1.3930 -42.6105 -13.3068
v  -0.9041 -44.2261 -13.4405
v  -1.3094 -44.7863 -12.3291
v  -0.2500 -43.8584 -14.1312
v  -1.4383 -45.5732 -10.8187
v  -1.4711 -46.7238 -9.0271
v  -2.5143 -45.8059 -8.7498
v  -2.9415 -44.7300 -7.9254
v  -1.6317 -48.3155 -7.0520
v  3.7488 -45.7644 -9.6876
v  4.4110 -47.5193 -1.4276
v  2.9218 -48.4180 1.7485
v  -2.4148 -43.7448 -6.7847
v  0.1092 -48.7780 1.5503
v  -0.6965 -48.7722 1.1304
v  -0.8012 -49.0192 2.2036
v  -1.6579 -48.7596 0.4840
v  -1.4406 -49.1555 2.1427
v  0.2774 -52.4365 7.0034
v  -0.3467 -52.5401 6.3338
v  0.3074 -52.6079 5.8682
v  0.8961 -52.4918 6.7876
v  1.0030 -52.7517 4.1427
v  0.4187 -52.7268 4.4232
v  0.0549 -52.7839 3.2659
v  0.9944 -52.8067 3.2481
v  1.6144 -52.7046 4.7551
v  1.0088 -52.6512 5.3854
v  1.9667 -52.7832 3.7119
v  -0.3512 -47.4223 -8.7185
v  -0.4524 -46.9376 -10.3343
v  0.0533 -47.2105 -10.1615
v  0.2952 -47.4253 -8.6329
v  0.1206 -48.8373 -6.8034
v  -0.4817 -48.7619 -6.9813
v  1.1060 -47.4670 -8.2511
v  0.7991 -48.8464 -6.6560
v  0.4499 -47.4286 -10.2867
v  0.9443 -47.1998 -9.8589
v  1.5966 -46.9933 -9.6790
v  1.4083 -52.4225 -9.8975
v  1.5379 -51.7519 -10.0289
v  1.0105 -51.6972 -9.9820
v  0.9376 -52.5148 -9.9022
v  1.1368 -52.8403 -10.3558
v  1.7233 -52.6365 -10.1294
v  1.9522 -51.8162 -10.3466
v  1.5313 -47.9453 -10.4184
v  0.3262 -47.9600 -10.7831
v  0.6014 -49.3341 -10.7379
v  1.2691 -49.3699 -10.3729
v  0.5498 -51.7356 -10.2960
v  0.5723 -52.6026 -10.1200
v  0.3822 -51.8592 -10.8390
v  0.4597 -52.6957 -10.6151
v  1.9033 -52.7578 -11.1424
v  1.9447 -52.7539 -10.6294
v  1.3106 -52.9388 -10.8305
v  1.4670 -52.9025 -11.3755
v  1.9879 -52.0463 -11.4242
v  2.1227 -51.9177 -10.8762
v  1.5300 -52.1042 -11.7582
v  0.9997 -52.7639 -11.4716
v  0.6377 -52.8324 -11.1347
v  0.5639 -51.9861 -11.3905
v  0.9935 -52.0760 -11.7154
v  -2.1050 -52.4453 -2.7960
v  -2.2896 -52.6720 -0.1859
v  -2.0591 -52.6971 2.0012
v  -1.5920 -52.6717 3.8768
v  -1.3057 -52.7731 -0.2123
v  -1.1694 -52.7804 1.8739
v  -0.8214 -52.7454 3.5471
v  -0.3104 -52.6955 4.8366
v  -1.0238 -52.6263 5.2977
v  -0.1509 -52.8317 1.7730
v  -0.2355 -52.8317 -0.1978
v  0.8916 -52.8577 -0.0998
v  0.9710 -52.8609 1.8340
v  2.0760 -52.8824 0.1595
v  2.1301 -52.8634 2.2147
v  3.2831 -52.8084 0.5354
v  3.2586 -52.7846 2.7844
v  2.9086 -52.6820 4.4232
v  2.3699 -52.6110 5.6233
v  1.6659 -52.5430 6.3271
v  3.5985 -45.4106 -12.4448
v  3.2870 -45.1442 -13.4097
v  3.5492 -45.8925 -11.1926
v  2.9687 -46.6373 -10.9103
v  3.1663 -46.4124 -11.9688
v  3.0408 -46.4426 -9.7217
v  2.3108 -46.7524 -9.6735
v  2.3184 -47.2584 -10.6463
v  2.5350 -47.2843 -8.1550
v  1.8149 -47.3899 -8.1889
v  1.4737 -48.7630 -6.5987
v  2.1686 -48.6754 -6.5197
v  2.2174 -50.5918 -4.5637
v  1.4239 -50.7077 -4.7013
v  2.8997 -52.4207 -2.2884
v  1.8060 -52.4856 -2.4614
v  0.7519 -52.5259 -2.5719
v  0.6518 -50.7854 -4.7964
v  -0.2505 -52.5837 -2.6852
v  -0.1000 -50.8025 -4.9125
v  -1.2065 -52.5934 -2.7982
v  -0.8215 -50.7251 -5.0281
v  -1.4882 -50.5285 -5.0410
v  -1.0141 -48.6347 -7.1051
v  -0.8446 -47.2087 -8.9276
v  -0.9269 -46.4147 -10.6192
v  -0.8341 -45.8226 -11.9680
v  -0.5284 -46.6779 -11.5909
v  -0.1967 -47.4121 -11.2224
v  -0.5002 -45.4082 -12.9632
v  -0.2434 -46.4230 -12.4883
v  -0.0484 -47.3870 -12.0778
v  0.1581 -48.3670 -11.6957
v  0.1954 -46.2621 -13.1162
v  0.3315 -47.3461 -12.6569
v  0.4470 -48.5148 -12.2571
v  0.5503 -49.8000 -11.9074
v  0.3616 -49.6188 -11.3644
v  0.8197 -47.3430 -13.0226
v  0.8949 -48.5847 -12.5911
v  0.9659 -49.8912 -12.2336
v  1.0068 -51.0787 -11.9512
v  0.5928 -51.0024 -11.6274
v  1.4287 -48.6327 -12.7127
v  1.4743 -49.9364 -12.3342
v  1.5092 -51.1180 -12.0219
v  1.9704 -49.9293 -12.1524
v  1.9774 -51.1008 -11.7680
v  2.2881 -49.8595 -11.7037
v  2.1968 -51.0037 -11.2553
v  2.3101 -49.7282 -11.1220
v  2.1022 -50.8730 -10.6974
v  1.9830 -49.5539 -10.5552
v  1.7156 -50.7720 -10.2641
v  1.1257 -50.7180 -10.1885
v  0.6145 -50.7331 -10.5184
v  0.4176 -50.8741 -11.0862
v  2.5767 -48.5268 -11.6335
v  2.3831 -48.3438 -10.9135
v  2.7754 -47.3697 -12.2248
v  2.7949 -47.3493 -11.4474
v  2.9539 -46.2543 -12.8043
v  2.4453 -47.3614 -12.8004
v  2.4979 -46.1534 -13.3659
v  2.6768 -44.9675 -14.0083
v  1.9545 -46.1448 -13.6708
v  2.0108 -44.9067 -14.2733
v  1.3378 -44.9023 -14.2863
v  0.0323 -45.1342 -13.6311
v  0.6687 -44.9637 -14.0659
v  0.7397 -46.1805 -13.5315
v  1.3447 -46.1670 -13.7382
v  1.3767 -47.3676 -13.1876
v  1.9472 -47.3727 -13.1191
v  1.9693 -48.6447 -12.6117
v  2.4094 -48.6106 -12.2400
v  -2.2215 -48.1935 -0.8744
v  -2.2071 -47.0882 -2.0347
v  -2.0852 -41.4394 -5.9464
v  -2.3454 -39.8595 -6.1240
v  -2.5236 -40.2843 -7.3400
v  -2.1787 -41.8431 -6.6787
v  3.3958 -38.6690 -8.1870
v  3.2217 -37.4540 -7.9355
v  3.4076 -37.7108 -6.4323
v  3.6372 -39.6818 -6.5644
v  3.1782 -37.7017 -9.3716
v  2.6591 -30.8209 -10.2795
v  2.1916 -30.7816 -10.9941
v  2.9940 -30.9134 -9.4337
v  2.8929 -32.7043 -9.4889
v  2.5445 -32.5656 -10.3051
v  3.1444 -30.9884 -8.4526
v  3.0766 -32.8349 -8.5070
v  3.0146 -34.6527 -8.6188
v  2.8400 -34.5196 -9.6006
v  3.0146 -31.0857 -7.3504
v  3.0052 -32.8965 -7.3678
v  3.0338 -34.6717 -7.4533
v  2.5754 -31.1005 -6.2852
v  2.6359 -32.8906 -6.2444
v  2.8207 -34.7077 -6.2452
v  1.8934 -31.0566 -5.3878
v  2.0386 -32.8422 -5.3114
v  2.3407 -34.6598 -5.1791
v  3.0555 -37.6751 -5.0041
v  3.0913 -36.2641 -6.3150
v  2.6903 -36.2271 -5.0938
v  1.6480 -34.6387 -4.4442
v  2.0230 -36.1886 -4.2429
v  2.3823 -37.5865 -4.0167
v  2.6686 -39.2926 -3.6120
v  2.8183 -41.8363 -2.4594
v  3.5976 -42.0819 -3.4313
v  3.2292 -39.4775 -4.7446
v  1.4951 -37.5966 -3.4489
v  1.7513 -39.2705 -3.0255
v  1.8536 -41.7840 -1.9305
v  1.6567 -44.2791 -0.4412
v  2.7026 -44.2849 -0.7998
v  0.7201 -39.3945 -2.8861
v  0.8072 -41.9104 -1.8957
v  0.6051 -44.4853 -0.7341
v  0.2731 -46.9380 0.3456
v  1.2787 -46.7755 0.6579
v  -0.2252 -42.1515 -2.3074
v  -0.3523 -44.6972 -1.3347
v  -0.5464 -47.0272 -0.1876
v  -1.2900 -44.8881 -2.2667
v  -1.3859 -47.0174 -0.9941
v  -2.0822 -45.2495 -3.6327
v  -1.1404 -42.4324 -3.2175
v  -1.8889 -42.6528 -4.8874
v  2.3341 -46.6182 0.6361
v  3.2345 -46.6433 0.1700
v  3.3480 -44.5741 -1.6824
v  3.9377 -46.9156 -0.5285
v  3.7512 -45.0814 -2.7007
v  4.0288 -42.6043 -4.7408
v  2.5482 -37.2179 -11.0772
v  2.8987 -37.5020 -10.3723
v  2.5440 -35.8525 -10.6088
v  2.0954 -37.0089 -11.6148
v  2.1367 -35.6700 -11.2485
v  2.0835 -34.2030 -11.0407
v  2.5093 -34.3480 -10.3907
v  2.8502 -36.0608 -9.8455
v  2.0922 -32.4786 -10.9768
v  1.5333 -34.0780 -11.5033
v  1.5066 -32.3173 -11.4610
v  1.5456 -30.6028 -11.5162
v  0.7948 -32.1093 -11.6698
v  0.7994 -30.2483 -11.7918
v  -0.0642 -29.8827 -11.8759
v  -2.0406 -29.4788 -11.1806
v  -2.7902 -29.5892 -10.2980
v  -1.0536 -29.6482 -11.7097
v  -0.8327 -31.8529 -11.4072
v  -1.6783 -31.8008 -10.9160
v  0.0101 -31.9378 -11.6465
v  0.1568 -34.0308 -11.5461
v  -0.5563 -34.1162 -11.2022
v  0.8619 -34.0104 -11.6586
v  0.9468 -36.8658 -12.1128
v  0.2817 -36.9993 -11.9391
v  0.2646 -35.7461 -11.5990
v  0.9156 -35.5903 -11.8295
v  1.5921 -35.5648 -11.7082
v  1.5609 -36.8931 -11.9581
v  -0.7728 -37.7037 -10.8693
v  -0.2695 -37.3058 -11.4564
v  -1.3722 -38.3123 -10.1185
v  -1.5759 -36.5849 -9.9261
v  -0.8874 -36.1861 -10.5665
v  -1.8944 -34.4838 -9.9619
v  -1.2544 -34.1966 -10.6878
v  -0.3115 -35.9741 -11.1075
v  -2.4176 -34.8308 -8.9653
v  -2.7737 -32.3002 -9.0758
v  -2.3338 -31.9866 -10.1080
v  -3.2297 -29.8863 -9.2085
v  -3.0173 -32.5715 -7.9784
v  -3.4309 -30.2027 -8.1235
v  -3.4072 -30.5729 -7.0807
v  -1.8139 -31.0297 -4.6569
v  -0.8681 -31.0201 -4.3673
v  -2.6087 -30.9486 -5.2687
v  -2.2125 -33.0265 -5.0270
v  -1.4426 -32.9818 -4.4466
v  -3.1433 -30.8430 -6.1193
v  -2.7385 -33.0141 -5.8788
v  -2.3522 -35.1406 -5.6475
v  -1.8485 -35.0594 -4.7759
v  -3.0087 -32.8399 -6.8856
v  -2.5652 -35.0927 -6.6883
v  -2.3478 -38.3562 -6.3539
v  -2.0493 -38.3331 -5.2058
v  -2.0966 -36.8870 -5.4136
v  -2.3550 -36.9320 -6.4838
v  -2.5854 -34.9781 -7.8152
v  -2.3768 -36.9799 -7.6807
v  -2.5265 -38.6039 -7.6296
v  -2.2056 -36.9961 -8.9212
v  -2.1248 -38.9333 -9.0654
v  -1.1375 -39.9205 -3.8900
v  -1.8889 -39.9989 -4.9913
v  -1.3085 -38.2014 -4.2909
v  -0.2849 -39.6319 -3.1599
v  -0.4795 -37.9556 -3.6516
v  0.4824 -37.7384 -3.3623
v  0.2054 -36.3677 -3.6641
v  -0.7375 -36.5460 -3.9257
v  -0.1483 -34.7924 -3.9427
v  -1.0692 -34.9278 -4.1884
v  -1.5323 -36.7393 -4.5352
v  0.7895 -34.6856 -4.0301
v  0.4165 -32.8515 -4.2671
v  -0.5275 -32.9141 -4.1997
v  0.1174 -31.0244 -4.4184
v  1.2973 -32.8223 -4.6421
v  1.0600 -31.0483 -4.7748
v  1.1715 -36.2349 -3.7650
v  3.0750 -36.1545 -7.6366
v  3.0256 -36.2034 -8.8558
# 800 vertices

vn -0.2820 -0.4470 0.8489
vn -0.1165 -0.3673 0.9228
vn 0.0610 -0.3938 0.9172
vn -0.2147 -0.4203 0.8816
vn 0.0554 -0.3555 0.9330
vn -0.2401 -0.2476 0.9386
vn 0.1610 -0.2911 0.9431
vn 0.2626 -0.3673 0.8922
vn 0.0323 -0.2625 0.9644
vn -0.5414 -0.1339 0.8300
vn -0.5117 -0.3440 0.7873
vn -0.4645 -0.4040 0.7881
vn -0.3449 -0.1919 0.9188
vn -0.2521 -0.2067 0.9454
vn -0.4679 -0.1907 0.8630
vn -0.7752 -0.1488 0.6140
vn -0.8533 0.0156 0.5212
vn -0.9489 0.0725 0.3072
vn -0.8167 -0.1320 0.5617
vn 0.6926 -0.1232 0.7107
vn 0.5266 -0.2316 0.8180
vn 0.3699 -0.1980 0.9077
vn 0.6032 -0.1995 0.7723
vn 0.7694 -0.3010 0.5634
vn 0.7930 -0.2228 0.5670
vn 0.8141 -0.1766 0.5532
vn 0.7882 -0.0664 0.6119
vn -0.9409 0.0778 0.3297
vn -0.9285 0.0889 0.3606
vn -0.8522 -0.0908 0.5153
vn -0.6716 -0.1415 0.7273
vn -0.8066 -0.0729 0.5866
vn 0.1071 -0.3838 0.9172
vn -0.0942 -0.2747 0.9569
vn 0.2362 -0.4120 0.8800
vn 0.3122 -0.5062 0.8039
vn 0.2655 -0.3407 0.9019
vn 0.0268 -0.2686 0.9629
vn -0.1859 -0.1186 0.9754
vn -0.4852 -0.0103 0.8743
vn -0.4915 -0.0557 0.8691
vn -0.1207 -0.0805 0.9894
vn 0.4687 -0.4826 0.7399
vn 0.4948 -0.3918 0.7757
vn 0.7496 -0.3540 0.5593
vn 0.6570 -0.4257 0.6222
vn 0.4276 -0.5314 0.7313
vn 0.8356 -0.2449 0.4918
vn 0.7837 -0.4051 0.4709
vn 0.7203 -0.4757 0.5049
vn 0.7865 -0.3460 0.5116
vn 0.6956 -0.4345 0.5722
vn 0.8771 -0.3429 0.3362
vn 0.9159 -0.2754 0.2921
vn 0.5063 -0.4216 0.7523
vn 0.4392 -0.3315 0.8350
vn 0.5665 -0.2914 0.7708
vn 0.7437 -0.2655 0.6136
vn 0.7639 -0.2060 0.6116
vn -0.8970 0.0130 0.4418
vn 0.9118 -0.3189 0.2586
vn 0.9659 -0.2571 0.0316
vn 0.9797 -0.1999 0.0173
vn 0.9235 -0.1446 0.3552
vn 0.9910 -0.1263 -0.0452
vn 0.9461 -0.0324 -0.3223
vn 0.9463 -0.1675 -0.2766
vn 0.9467 -0.2079 0.2460
vn -0.9336 -0.0227 0.3577
vn -0.8936 -0.0958 0.4385
vn -0.8804 -0.1234 0.4579
vn -0.9520 -0.1602 0.2607
vn -0.9357 -0.1512 0.3187
vn -0.9117 -0.0116 0.4107
vn 0.9563 -0.1270 0.2632
vn 0.9028 -0.1629 0.3981
vn 0.8653 -0.1762 0.4692
vn 0.9527 -0.0908 0.2902
vn 0.9687 -0.0294 0.2466
vn 0.9937 0.0103 -0.1117
vn 0.9934 -0.0462 -0.1054
vn 0.9012 -0.2357 0.3638
vn 0.9116 0.0366 -0.4095
vn 0.8036 0.0103 -0.5951
vn 0.8232 -0.0916 -0.5603
vn 0.8074 0.0809 -0.5844
vn -0.8911 -0.0351 0.4525
vn -0.8831 -0.1320 0.4502
vn -0.9009 -0.0427 0.4320
vn -0.9438 0.0999 0.3151
vn -0.9978 0.0488 0.0453
vn -0.9919 0.0942 0.0847
vn -0.9902 0.1305 -0.0507
vn -0.9542 0.0847 0.2869
vn -0.9187 0.1938 -0.3440
vn -0.9359 0.1785 -0.3036
vn -0.9396 0.1305 -0.3164
vn -0.9232 0.1137 -0.3671
vn -0.9829 0.1022 -0.1531
vn -0.8633 0.2212 -0.4537
vn -0.8805 0.1534 -0.4486
vn -0.8871 0.0965 -0.4513
vn -0.8834 0.0339 -0.4674
vn -0.9136 0.0229 -0.4060
vn -0.7440 0.1915 -0.6401
vn -0.7547 0.1202 -0.6450
vn -0.7668 0.0553 -0.6395
vn -0.7783 0.0000 -0.6279
vn -0.7840 0.0031 -0.6207
vn -0.8813 -0.0095 -0.4724
vn -0.8850 -0.0217 -0.4652
vn -0.5375 0.0755 -0.8399
vn -0.5475 0.0256 -0.8364
vn -0.5551 0.0206 -0.8315
vn -0.5720 0.0214 -0.8200
vn -0.7914 0.0065 -0.6112
vn -0.2481 0.0298 -0.9683
vn -0.2400 0.0164 -0.9706
vn -0.2166 0.0107 -0.9762
vn -0.2001 -0.0149 -0.9797
vn -0.5727 0.0055 -0.8197
vn 0.0537 -0.0069 -0.9985
vn 0.0649 -0.0191 -0.9977
vn 0.0786 -0.0290 -0.9965
vn 0.0849 -0.0164 -0.9963
vn -0.2025 -0.0153 -0.9792
vn 0.3794 -0.0618 -0.9232
vn 0.4118 -0.0530 -0.9097
vn 0.4326 -0.0216 -0.9013
vn 0.4559 -0.0336 -0.8894
vn 0.0899 -0.0490 -0.9947
vn 0.6869 -0.0984 -0.7201
vn 0.7364 -0.0383 -0.6755
vn 0.7547 -0.0420 -0.6547
vn 0.6513 -0.4030 -0.6430
vn 0.3424 -0.5640 -0.7514
vn 0.8150 -0.0767 -0.5744
vn 0.8638 -0.0643 -0.4997
vn 0.8087 -0.3571 -0.4675
vn 0.6831 -0.4185 -0.5985
vn 0.2916 -0.6058 -0.7403
vn 0.8467 -0.1005 -0.5225
vn 0.8214 -0.3481 -0.4518
vn 0.8209 -0.3645 -0.4396
vn 0.9182 -0.3107 -0.2457
vn 0.8976 -0.3654 -0.2467
vn -0.2335 -0.9383 -0.2550
vn -0.0006 -0.8046 -0.5939
vn -0.1187 -0.8097 -0.5748
vn -0.2206 -0.9742 -0.0479
vn -0.1289 -0.9309 -0.3417
vn -0.2129 -0.0763 -0.9741
vn -0.1908 -0.9527 -0.2366
vn -0.5379 -0.0670 -0.8403
vn -0.5427 0.0168 -0.8397
vn -0.8339 -0.0084 -0.5519
vn -0.8226 0.0641 -0.5650
vn -0.8108 0.0082 -0.5852
vn -0.9194 0.0685 -0.3873
vn -0.8935 -0.0227 -0.4485
vn -0.8794 -0.0111 -0.4760
vn -0.9533 -0.0582 -0.2964
vn -0.9337 -0.0378 -0.3562
vn -0.9169 -0.0183 -0.3987
vn -0.9932 -0.0954 -0.0666
vn -0.9891 -0.0561 -0.1360
vn -0.9837 -0.0374 -0.1761
vn -0.9110 -0.0233 -0.4117
vn -0.9529 -0.0767 0.2933
vn -0.9421 -0.0751 0.3268
vn -0.9496 -0.0305 0.3119
vn -0.9856 0.0050 -0.1689
vn -0.9531 0.0168 0.3021
vn -0.8860 -0.0507 0.4608
vn -0.8799 -0.0179 0.4748
vn -0.8623 -0.0546 0.5034
vn -0.8306 0.0027 0.5568
vn -0.7427 -0.0484 0.6679
vn -0.7007 0.0156 0.7133
vn -0.7665 -0.1072 0.6332
vn -0.7673 -0.1007 0.6334
vn -0.5720 -0.1133 0.8124
vn -0.5383 -0.1103 0.8355
vn -0.8690 -0.0938 0.4858
vn -0.8484 -0.0751 0.5240
vn -0.8366 -0.0740 0.5428
vn -0.7475 -0.0832 0.6591
vn -0.8787 -0.0900 0.4688
vn -0.8898 -0.0607 0.4524
vn -0.9260 -0.1114 0.3608
vn -0.9562 -0.1392 0.2576
vn -0.9954 -0.0944 -0.0180
vn -0.9972 0.0185 0.0729
vn -0.9792 0.0393 -0.1989
vn -0.9983 0.0559 0.0181
vn -0.9180 0.0244 0.3959
vn -0.9418 0.0467 -0.3328
vn -0.5631 -0.8103 -0.1622
vn -0.8915 -0.4290 0.1456
vn -0.3253 -0.9291 -0.1758
vn -0.2158 -0.9681 -0.1276
vn -0.3867 -0.9119 -0.1372
vn -0.1632 -0.9861 -0.0299
vn -0.5723 -0.8024 -0.1694
vn -0.7997 -0.5961 -0.0724
vn -0.8424 -0.3143 0.4376
vn -0.8674 -0.4229 0.2624
vn -0.8005 -0.2293 0.5538
vn -0.8270 -0.0565 0.5593
vn -0.7589 -0.2665 0.5942
vn -0.7335 -0.2123 0.6457
vn -0.7709 -0.1095 0.6275
vn -0.4912 -0.1991 0.8480
vn -0.5302 -0.1022 0.8417
vn -0.5431 -0.0660 0.8371
vn -0.7663 -0.1040 0.6340
vn -0.5705 -0.0904 0.8163
vn -0.7290 -0.0835 0.6794
vn -0.5863 -0.1045 0.8033
vn -0.2386 -0.0958 0.9664
vn -0.2142 -0.1083 0.9708
vn -0.1825 -0.1110 0.9769
vn 0.2014 -0.0935 0.9750
vn 0.2221 -0.0950 0.9704
vn 0.2293 -0.1022 0.9680
vn -0.1584 -0.1064 0.9816
vn 0.4834 -0.0820 0.8715
vn 0.4927 -0.0862 0.8659
vn 0.4961 -0.1141 0.8607
vn 0.2337 -0.0999 0.9672
vn 0.2173 -0.1919 0.9571
vn 0.4658 -0.1823 0.8659
vn 0.6452 -0.1228 0.7540
vn 0.6120 -0.2293 0.7569
vn 0.7479 -0.1141 0.6539
vn 0.7593 -0.1831 0.6244
vn 0.8699 -0.0778 0.4870
vn 0.8796 -0.0874 0.4676
vn 0.8791 -0.1106 0.4636
vn 0.8371 -0.2926 0.4623
vn 0.8601 -0.1637 0.4832
vn 0.8799 -0.3212 0.3503
vn 0.8293 -0.3727 0.4165
vn 0.9703 -0.0469 0.2374
vn 0.9856 -0.0679 0.1549
vn 0.9834 -0.0458 -0.1753
vn 0.9868 -0.0481 -0.1548
vn 0.9848 -0.0610 0.1629
vn 0.9944 -0.0332 -0.0999
vn 0.8744 -0.0767 0.4791
vn 0.8827 -0.0771 0.4636
vn 0.8894 -0.0717 0.4515
vn 0.9875 -0.0755 0.1380
vn 0.7660 -0.0671 0.6393
vn 0.7753 -0.0729 0.6273
vn 0.7753 -0.0725 0.6274
vn 0.7698 -0.0540 0.6360
vn 0.8947 -0.0586 0.4428
vn 0.6408 -0.0748 0.7640
vn 0.6368 -0.0748 0.7674
vn 0.6390 -0.0530 0.7674
vn 0.6448 -0.0051 0.7644
vn 0.7816 -0.0278 0.6232
vn 0.4777 -0.0797 0.8749
vn 0.4735 -0.0553 0.8791
vn 0.4600 -0.0137 0.8878
vn 0.4300 -0.0301 0.9023
vn 0.6498 -0.0242 0.7597
vn 0.1725 -0.0744 0.9822
vn 0.1518 -0.0406 0.9876
vn 0.1596 -0.0528 0.9858
vn 0.1767 -0.1097 0.9781
vn 0.4221 -0.1057 0.9004
vn -0.2221 -0.0565 0.9734
vn -0.1842 -0.0755 0.9800
vn -0.1339 -0.1509 0.9794
vn -0.1823 -0.1295 0.9747
vn 0.1882 -0.1074 0.9762
vn -0.5270 -0.1781 0.8310
vn 0.6831 -0.1318 0.7183
vn 0.6471 -0.1280 0.7516
vn 0.4658 -0.1129 0.8777
vn 0.8461 -0.1701 0.5051
vn 0.8181 -0.1564 0.5534
vn 0.8133 -0.0608 0.5786
vn 0.9081 -0.2163 0.3585
vn 0.9129 -0.1162 0.3914
vn 0.9016 -0.0660 0.4276
vn 0.9744 -0.1490 0.1684
vn 0.9883 -0.0896 0.1234
vn 0.9914 -0.0738 0.1080
vn 0.9616 -0.1070 -0.2529
vn 0.9747 -0.0874 -0.2055
vn 0.9812 -0.0721 -0.1790
vn 0.8663 -0.1263 -0.4834
vn 0.9227 -0.0797 -0.3773
vn 0.9392 -0.0355 -0.3416
vn 0.7869 -0.1057 -0.6080
vn 0.8311 -0.0343 -0.5551
vn 0.8394 -0.0057 -0.5435
vn 0.9374 -0.0343 -0.3466
vn 0.8331 0.0172 -0.5528
vn 0.9283 -0.0080 -0.3717
vn 0.9093 0.0282 -0.4152
vn 0.8251 0.0725 -0.5604
vn 0.6618 0.0469 -0.7482
vn 0.6632 0.0965 -0.7422
vn 0.6646 0.1267 -0.7364
vn 0.4241 0.1202 -0.8976
vn 0.4432 0.1503 -0.8837
vn 0.4549 0.1446 -0.8787
vn 0.6436 0.0740 -0.7618
vn 0.4131 0.0816 -0.9070
vn 0.6057 0.0015 -0.7957
vn 0.5699 -0.0317 -0.8211
vn 0.8111 -0.1232 -0.5718
vn 0.9430 -0.1904 -0.2728
vn -0.8835 0.1786 -0.4330
vn -0.7908 0.1366 -0.5966
vn -0.7504 0.2262 -0.6211
vn -0.5801 0.1156 -0.8063
vn -0.5438 0.2137 -0.8116
vn -0.5279 0.2113 -0.8226
vn -0.5290 0.1495 -0.8353
vn -0.2302 0.2064 -0.9510
vn -0.2237 0.2091 -0.9520
vn -0.2210 0.1553 -0.9628
vn -0.2319 0.0881 -0.9687
vn 0.1341 0.1808 -0.9743
vn 0.1275 0.1442 -0.9813
vn 0.1005 0.0915 -0.9907
vn 0.0636 0.0263 -0.9976
vn 0.4217 0.0778 -0.9034
vn 0.3909 0.0252 -0.9201
vn 0.3663 -0.0286 -0.9301
vn 0.6606 0.0172 -0.7505
vn 0.6396 -0.0374 -0.7678
vn 0.6355 -0.1038 -0.7651
vn 0.7618 -0.1408 -0.6324
vn 0.8211 -0.1139 -0.5593
vn 0.9562 -0.1431 -0.2553
vn 0.9373 -0.3027 0.1725
vn 0.9571 -0.2897 0.0044
vn 0.9442 -0.2148 0.2496
vn 0.1396 0.1953 -0.9708
vn -0.2332 0.1213 -0.9648
vn 0.1454 0.1202 -0.9820
vn 0.6505 -0.0652 0.7567
vn 0.5017 -0.3471 0.7924
vn 0.2504 -0.2609 0.9323
vn 0.7498 -0.1499 0.6445
vn 0.6222 -0.2235 0.7503
vn 0.3087 -0.3064 0.9005
vn -0.0513 -0.2907 0.9554
vn -0.3137 -0.2174 0.9243
vn -0.3635 0.7555 0.5450
vn -0.1501 0.8431 0.5164
vn -0.2400 0.8812 0.4073
vn -0.4291 0.7606 0.4872
vn -0.4539 0.4438 0.7727
vn -0.0590 0.6093 0.7907
vn -0.6501 0.4311 0.6256
vn 0.3399 0.8827 0.3246
vn 0.3407 0.8431 0.4160
vn 0.1561 0.9099 0.3844
vn 0.2129 0.9453 0.2472
vn 0.1506 0.9647 0.2160
vn 0.2974 0.9043 0.3063
vn 0.0484 0.9575 0.2843
vn -0.6186 0.7281 0.2952
vn -0.9299 0.3280 0.1666
vn -0.8690 0.4342 0.2374
vn -0.5475 0.7995 0.2469
vn 0.8348 0.4644 0.2956
vn 0.7049 0.6098 0.3623
vn 0.9544 0.2126 0.2094
vn 0.9916 0.1184 0.0526
vn 0.5888 0.6347 0.5005
vn -0.9335 0.2860 0.2162
vn -0.9975 -0.0075 -0.0700
vn -0.9970 0.0169 -0.0756
vn -0.8905 0.3776 0.2538
vn -0.9839 0.1767 0.0251
vn -0.7802 0.5475 0.3026
vn -0.8152 -0.4119 -0.4072
vn -0.8653 -0.3292 -0.3780
vn -0.9498 -0.2141 -0.2282
vn -0.9921 -0.1223 0.0292
vn -0.7009 -0.4780 -0.5293
vn -0.7983 -0.4943 -0.3441
vn -0.8311 -0.5541 -0.0475
vn -0.8106 -0.5653 0.1528
vn -0.9769 -0.0476 0.2082
vn 0.6658 -0.5397 0.5152
vn 0.7327 -0.5858 0.3463
vn 0.8946 0.0875 0.4383
vn 0.7778 0.1812 0.6018
vn 0.5103 0.2052 0.8351
vn 0.4620 -0.5619 0.6862
vn 0.0645 0.1582 0.9853
vn 0.1317 -0.5327 0.8360
vn 0.5792 0.6240 0.5246
vn 0.3096 0.6725 0.6722
vn 0.3259 0.8346 0.4441
vn 0.0758 0.8646 0.4968
vn 0.1048 0.9335 0.3429
vn -0.0993 0.9206 0.3776
vn -0.0063 0.9734 0.2290
vn -0.1463 0.9538 0.2625
vn -0.2703 0.9110 0.3114
vn -0.1511 0.9690 0.1955
vn -0.2884 0.9282 0.2350
vn -0.5319 0.7971 0.2858
vn -0.4926 0.7810 0.3840
vn -0.8198 0.4689 0.3288
vn -0.7550 0.4674 0.4599
vn -0.9429 -0.0154 0.3327
vn -0.8711 0.0227 0.4906
vn -0.7178 0.0377 0.6953
vn -0.4299 0.0650 0.9005
vn -0.7331 -0.5378 0.4164
vn -0.6055 -0.4998 0.6193
vn -0.3214 -0.4543 0.8308
vn -0.7846 -0.5596 0.2669
vn -0.0622 0.9755 0.2112
vn -0.1781 0.7783 0.6020
vn 0.0309 0.7400 0.6719
vn 0.9413 0.2431 0.2344
vn 0.9998 -0.0139 -0.0121
vn 0.9989 0.0170 0.0431
vn 0.9615 0.2100 0.1770
vn 0.9844 0.1760 0.0076
vn 0.9561 0.2906 0.0386
vn 0.8878 -0.3956 -0.2353
vn 0.9616 -0.2336 -0.1444
vn 0.9885 -0.0143 -0.1507
vn 0.9474 0.3124 -0.0691
vn 0.9514 0.3000 -0.0698
vn 0.9467 0.1643 -0.2771
vn 0.9076 0.3704 -0.1978
vn 0.9258 0.3248 -0.1935
vn 0.8330 0.4155 -0.3653
vn 0.8347 0.3859 -0.3929
vn 0.3423 0.5443 -0.7659
vn 0.3001 0.5303 -0.7929
vn -0.1504 0.5098 -0.8470
vn -0.1382 0.5271 -0.8385
vn 0.6909 0.4627 -0.5554
vn 0.6749 0.4802 -0.5604
vn 0.6492 0.2610 -0.7145
vn 0.2775 0.2581 -0.9254
vn 0.8520 0.2421 -0.4642
vn 0.8099 -0.1031 -0.5775
vn 0.5511 -0.1125 -0.8268
vn 0.9350 -0.1809 -0.3050
vn 0.9232 -0.3529 -0.1522
vn 0.6296 -0.5288 -0.5692
vn 0.6191 -0.5956 -0.5119
vn 0.8364 -0.4170 -0.3556
vn 0.8608 -0.3255 -0.3911
vn 0.9453 -0.2434 -0.2172
vn 0.7068 -0.6026 -0.3706
vn 0.9849 -0.1656 0.0495
vn 0.7539 -0.6549 -0.0526
vn 0.9972 0.0419 -0.0621
vn 0.9640 -0.0382 0.2633
vn 0.7578 -0.6321 0.1616
vn 0.8672 0.3482 0.3560
vn 0.7408 0.5094 0.4378
vn 0.5932 0.7035 0.3914
vn 0.5032 0.7733 0.3858
vn 0.6819 -0.6346 -0.3637
vn -0.0917 -0.1551 -0.9836
vn -0.1219 0.2348 -0.9644
vn 0.2206 -0.1341 -0.9661
vn -0.3719 -0.1934 -0.9079
vn -0.4653 0.1918 -0.8641
vn -0.5158 0.4462 -0.7313
vn -0.6908 0.1504 -0.7073
vn -0.7390 0.3796 -0.5565
vn -0.7583 0.3620 -0.5421
vn -0.5317 0.4447 -0.7208
vn -0.8680 0.3254 -0.3752
vn -0.8711 0.2872 -0.3984
vn -0.9818 0.1409 -0.1272
vn -0.9360 0.1863 -0.2985
vn -0.9424 0.2686 -0.1993
vn -0.9750 0.2088 -0.0766
vn -0.9342 -0.0239 -0.3558
vn -0.9315 -0.1900 -0.3102
vn -0.8466 0.0884 -0.5248
vn -0.7286 -0.2985 -0.6165
vn -0.7977 -0.4098 -0.4424
vn -0.5699 -0.2315 -0.7884
vn -0.7490 -0.5328 -0.3939
vn -0.6452 -0.6046 -0.4671
vn -0.8601 -0.3568 -0.3647
vn -0.9929 0.1096 -0.0456
vn -0.6094 -0.5734 -0.5475
vn 0.8196 -0.5393 -0.1934
vn 0.9011 0.3773 0.2137
vn 0.3066 0.6967 0.6485
vn -0.9642 0.2302 0.1318
vn -0.2942 0.7832 0.5477
vn -0.3863 0.7435 0.5459
vn -0.1665 0.9680 0.1878
vn -0.4936 0.7255 0.4796
vn -0.3077 0.9257 0.2200
vn -0.1131 -0.9346 0.3371
vn -0.1858 -0.9519 0.2438
vn -0.0093 -0.9940 0.1090
vn 0.0338 -0.9693 0.2437
vn -0.0082 -0.9976 0.0686
vn -0.0121 -0.9977 0.0664
vn -0.0291 -0.9987 0.0417
vn -0.0147 -0.9987 0.0480
vn 0.0181 -0.9963 0.0845
vn 0.0051 -0.9953 0.0962
vn 0.0247 -0.9976 0.0647
vn -0.1081 -0.8639 -0.4919
vn -0.5965 -0.7863 -0.1607
vn -0.3518 -0.9360 0.0138
vn 0.0910 -0.8996 -0.4271
vn 0.1215 -0.7369 -0.6650
vn -0.0038 -0.7447 -0.6674
vn 0.1830 -0.8543 -0.4865
vn 0.1539 -0.7259 -0.6703
vn -0.2832 -0.8389 0.4648
vn 0.1218 -0.9567 0.2644
vn 0.3402 -0.9332 0.1158
vn 0.2753 -0.1945 0.9415
vn 0.3871 0.1323 0.9125
vn -0.2564 0.1944 0.9468
vn -0.2824 -0.2843 0.9162
vn -0.0490 -0.9377 0.3440
vn 0.6285 -0.4834 0.6094
vn 0.8425 -0.0001 0.5386
vn 0.1665 -0.2516 0.9534
vn -0.7043 -0.3155 0.6360
vn -0.7181 0.0075 0.6959
vn -0.0754 0.0839 0.9936
vn -0.8134 0.1344 0.5660
vn -0.7438 -0.3138 0.5902
vn -0.9998 -0.0174 -0.0110
vn -0.8655 -0.4925 0.0908
vn 0.7443 -0.5654 -0.3553
vn 0.7995 -0.5648 0.2042
vn 0.0191 -0.9964 0.0823
vn 0.2361 -0.7580 -0.6080
vn 0.8088 -0.2551 -0.5298
vn 0.9911 -0.1195 0.0586
vn 0.2620 -0.3216 -0.9099
vn -0.3089 -0.5980 -0.7396
vn -0.6868 -0.6517 -0.3218
vn -0.8349 -0.1577 -0.5273
vn -0.3669 -0.2711 -0.8899
vn -0.4153 -0.8150 -0.4041
vn -0.3598 -0.9306 -0.0668
vn -0.2946 -0.9542 0.0518
vn -0.2831 -0.9530 0.1082
vn -0.0757 -0.9960 -0.0465
vn -0.0706 -0.9974 0.0153
vn -0.0559 -0.9975 0.0437
vn -0.0320 -0.9968 0.0726
vn -0.2439 -0.9546 0.1713
vn -0.0365 -0.9992 0.0141
vn -0.0145 -0.9983 -0.0566
vn 0.0083 -0.9971 -0.0751
vn -0.0179 -0.9997 0.0165
vn 0.0491 -0.9954 -0.0825
vn 0.0277 -0.9993 0.0256
vn 0.2488 -0.9642 -0.0914
vn 0.2168 -0.9750 0.0494
vn 0.1964 -0.9726 0.1247
vn 0.1738 -0.9677 0.1827
vn 0.1094 -0.9718 0.2089
vn 0.8568 -0.4447 -0.2611
vn 0.7137 -0.4272 -0.5551
vn 0.8285 -0.5559 -0.0672
vn 0.7525 -0.6380 0.1635
vn 0.8841 -0.4535 -0.1129
vn 0.6140 -0.7711 -0.1686
vn 0.4164 -0.9063 -0.0723
vn 0.6443 -0.4862 0.5903
vn 0.3775 -0.7983 -0.4693
vn 0.1898 -0.8454 -0.4992
vn 0.1636 -0.7242 -0.6699
vn 0.3163 -0.7070 -0.6325
vn 0.3102 -0.6885 -0.6555
vn 0.1586 -0.7329 -0.6616
vn 0.2934 -0.8605 -0.4164
vn 0.1088 -0.9116 -0.3965
vn 0.0740 -0.9219 -0.3804
vn 0.1282 -0.7423 -0.6577
vn 0.0440 -0.9290 -0.3675
vn 0.0932 -0.7455 -0.6600
vn -0.0674 -0.9221 -0.3811
vn -0.0356 -0.7383 -0.6736
vn -0.3728 -0.6567 -0.6555
vn -0.2916 -0.7017 -0.6500
vn -0.4439 -0.7514 -0.4882
vn -0.7228 -0.6236 -0.2979
vn -0.7947 -0.4891 -0.3595
vn -0.8393 -0.4955 -0.2238
vn -0.8639 -0.4998 0.0627
vn -0.6938 -0.4502 -0.5621
vn -0.7743 -0.4074 -0.4843
vn -0.8713 -0.3702 -0.3222
vn -0.9665 -0.2525 -0.0464
vn -0.6030 -0.3965 -0.6922
vn -0.6832 -0.3409 -0.6458
vn -0.7676 -0.2677 -0.5823
vn -0.8195 -0.1938 -0.5393
vn -0.9938 -0.1013 0.0469
vn -0.4211 -0.3639 -0.8308
vn -0.4324 -0.2984 -0.8509
vn -0.4285 -0.2485 -0.8687
vn -0.4047 -0.2221 -0.8871
vn -0.8312 -0.1345 -0.5395
vn -0.0267 -0.3249 -0.9454
vn 0.0626 -0.2783 -0.9584
vn 0.1686 -0.2603 -0.9507
vn 0.5918 -0.2717 -0.7589
vn 0.7299 -0.2233 -0.6460
vn 0.9354 -0.2056 -0.2876
vn 0.9863 -0.1223 -0.1109
vn 0.9599 -0.1044 0.2603
vn 0.9072 -0.0069 0.4207
vn 0.6027 0.0259 0.7975
vn 0.4816 0.1189 0.8683
vn -0.1931 0.1846 0.9637
vn -0.7775 0.1308 0.6151
vn -0.9997 -0.0001 0.0251
vn 0.9793 -0.1991 0.0369
vn 0.7581 -0.0965 0.6450
vn 0.9217 -0.2997 -0.2462
vn 0.9195 -0.2976 0.2569
vn 0.7809 -0.4304 -0.4527
vn 0.6897 -0.3391 -0.6398
vn 0.5414 -0.4340 -0.7201
vn 0.4649 -0.4071 -0.7862
vn 0.2501 -0.4249 -0.8700
vn 0.1859 -0.3882 -0.9026
vn -0.0959 -0.3841 -0.9183
vn -0.5253 -0.4180 -0.7412
vn -0.3446 -0.3945 -0.8518
vn -0.3929 -0.3971 -0.8294
vn -0.0995 -0.4123 -0.9056
vn -0.0770 -0.3865 -0.9191
vn 0.3296 -0.3759 -0.8660
vn 0.4371 -0.3252 -0.8386
vn 0.8298 -0.2786 -0.4835
vn -0.6782 0.5777 0.4543
vn -0.8097 0.4220 0.4078
vn -0.9745 -0.0288 0.2224
vn -0.9734 -0.0316 0.2271
vn -0.9935 -0.0632 -0.0948
vn -0.9995 -0.0278 0.0160
vn 0.9797 0.1753 -0.0976
vn 0.9887 0.1335 -0.0679
vn 0.9842 0.1513 0.0924
vn 0.9759 0.2047 0.0759
vn 0.9844 0.1197 -0.1288
vn 0.8823 -0.0566 -0.4672
vn 0.7524 -0.0599 -0.6560
vn 0.9603 -0.0648 -0.2712
vn 0.9608 -0.0273 -0.2760
vn 0.8836 -0.0223 -0.4677
vn 0.9976 -0.0660 -0.0206
vn 0.9983 -0.0229 -0.0530
vn 0.9966 0.0053 -0.0823
vn 0.9634 0.0174 -0.2676
vn 0.9699 -0.0505 0.2384
vn 0.9839 0.0099 0.1785
vn 0.9954 0.0404 0.0864
vn 0.8703 -0.0164 0.4922
vn 0.9106 0.0687 0.4076
vn 0.9497 0.1177 0.2901
vn 0.7112 0.0254 0.7025
vn 0.7674 0.1263 0.6286
vn 0.8228 0.1844 0.5376
vn 0.9181 0.1850 0.3505
vn 0.9717 0.1722 0.1619
vn 0.8684 0.2260 0.4414
vn 0.5800 0.2129 0.7863
vn 0.6355 0.2582 0.7276
vn 0.7017 0.2592 0.6636
vn 0.7177 0.3071 0.6250
vn 0.6661 0.3687 0.6483
vn 0.9083 0.2350 0.3461
vn 0.9260 0.2247 0.3034
vn 0.3024 0.2761 0.9123
vn 0.2992 0.3497 0.8878
vn 0.1965 0.4466 0.8729
vn -0.0010 0.4707 0.8823
vn 0.5202 0.4307 0.7375
vn -0.1493 0.3172 0.9365
vn -0.2606 0.3920 0.8823
vn -0.3875 0.4165 0.8224
vn -0.4142 0.4727 0.7778
vn -0.1671 0.4923 0.8543
vn -0.5848 0.2948 0.7557
vn -0.6099 0.3611 0.7054
vn -0.5496 0.4774 0.6856
vn -0.7869 0.3182 0.5287
vn -0.6811 0.4586 0.5707
vn -0.8965 0.2951 0.3305
vn -0.8189 0.2029 0.5369
vn -0.9317 0.1619 0.3250
vn 0.2357 0.5083 0.8283
vn 0.6296 0.4818 0.6094
vn 0.8439 0.2982 0.4460
vn 0.8355 0.4208 0.3534
vn 0.9384 0.2198 0.2665
vn 0.9632 0.1866 0.1934
vn 0.8632 0.2131 -0.4578
vn 0.9530 0.1598 -0.2573
vn 0.8901 0.1163 -0.4406
vn 0.7186 0.2482 -0.6497
vn 0.7536 0.1362 -0.6431
vn 0.7593 0.0633 -0.6477
vn 0.8904 0.0408 -0.4533
vn 0.9604 0.0969 -0.2613
vn 0.7455 -0.0132 -0.6663
vn 0.4568 0.0708 -0.8867
vn 0.4632 -0.0135 -0.8862
vn 0.4932 -0.0864 -0.8656
vn 0.1054 -0.0435 -0.9935
vn 0.1657 -0.1352 -0.9769
vn -0.0992 -0.1766 -0.9793
vn -0.6141 -0.2308 -0.7547
vn -0.8097 -0.2424 -0.5344
vn -0.3612 -0.2048 -0.9097
vn -0.4153 -0.1459 -0.8979
vn -0.6370 -0.1778 -0.7501
vn -0.1804 -0.0959 -0.9789
vn -0.3118 -0.0450 -0.9491
vn -0.5093 -0.1209 -0.8521
vn 0.0261 0.0324 -0.9991
vn -0.0796 0.3097 -0.9475
vn -0.5294 0.2681 -0.8049
vn -0.4700 0.0755 -0.8794
vn -0.0506 0.1432 -0.9884
vn 0.4411 0.1547 -0.8840
vn 0.4116 0.2966 -0.8617
vn -0.8070 0.1419 -0.5733
vn -0.7413 0.2134 -0.6363
vn -0.8591 0.0452 -0.5097
vn -0.7900 -0.0631 -0.6099
vn -0.6951 -0.0561 -0.7167
vn -0.7943 -0.1516 -0.5883
vn -0.6474 -0.1593 -0.7453
vn -0.6487 -0.0031 -0.7610
vn -0.9283 -0.1398 -0.3446
vn -0.9224 -0.1782 -0.3427
vn -0.8156 -0.1845 -0.5484
vn -0.9184 -0.2315 -0.3207
vn -0.9752 -0.1776 -0.1318
vn -0.9676 -0.2100 -0.1400
vn -0.9787 -0.1898 0.0777
vn -0.4752 -0.0391 0.8790
vn -0.1359 0.0053 0.9907
vn -0.7444 -0.0975 0.6606
vn -0.7452 -0.0603 0.6641
vn -0.4510 0.0200 0.8923
vn -0.9135 -0.1539 0.3765
vn -0.9210 -0.1308 0.3670
vn -0.9244 -0.1089 0.3656
vn -0.7444 -0.0448 0.6662
vn -0.9811 -0.1711 0.0899
vn -0.9848 -0.1419 0.0999
vn -0.9823 0.0207 0.1861
vn -0.8939 0.0128 0.4481
vn -0.9165 -0.0378 0.3982
vn -0.9904 -0.0412 0.1316
vn -0.9851 -0.1438 -0.0945
vn -0.9962 -0.0382 -0.0781
vn -0.9937 -0.0063 -0.1120
vn -0.9293 -0.0487 -0.3661
vn -0.9283 -0.0262 -0.3709
vn -0.7882 0.1121 0.6051
vn -0.9036 0.0238 0.4277
vn -0.7313 0.0551 0.6798
vn -0.5301 0.2298 0.8162
vn -0.4868 0.1392 0.8623
vn -0.1230 0.2249 0.9666
vn -0.1140 0.1669 0.9794
vn -0.4614 0.0694 0.8845
vn -0.1059 0.1280 0.9861
vn -0.4503 0.0418 0.8919
vn -0.7327 -0.0038 0.6806
vn 0.2461 0.1905 0.9503
vn 0.2241 0.1402 0.9644
vn -0.1102 0.0904 0.9898
vn 0.2083 0.0395 0.9773
vn 0.5298 0.1555 0.8338
vn 0.4865 0.0505 0.8722
vn 0.2726 0.2405 0.9316
vn 0.9946 0.1034 -0.0104
vn 0.9913 0.0807 -0.1039
# 800 vertex normals

vt 0.3415 0.2085 0.0000
vt 0.3444 0.2009 0.0000
vt 0.3518 0.2042 0.0000
vt 0.3488 0.2120 0.0000
vt 0.3597 0.2085 0.0000
vt 0.3562 0.2158 0.0000
vt 0.3546 0.1965 0.0000
vt 0.3630 0.2011 0.0000
vt 0.3479 0.1937 0.0000
vt 0.3550 0.2234 0.0000
vt 0.3458 0.2187 0.0000
vt 0.3372 0.2151 0.0000
vt 0.3314 0.2037 0.0000
vt 0.3371 0.1974 0.0000
vt 0.3264 0.2095 0.0000
vt 0.3440 0.2230 0.0000
vt 0.3530 0.2291 0.0000
vt 0.3468 0.2331 0.0000
vt 0.3338 0.2224 0.0000
vt 0.3702 0.1838 0.0000
vt 0.3675 0.1946 0.0000
vt 0.3572 0.1902 0.0000
vt 0.3568 0.1820 0.0000
vt 0.3549 0.1772 0.0000
vt 0.3636 0.1758 0.0000
vt 0.3710 0.1731 0.0000
vt 0.3780 0.1762 0.0000
vt 0.4070 0.0391 0.0000
vt 0.3967 0.0390 0.0000
vt 0.3947 0.0324 0.0000
vt 0.4046 0.0279 0.0000
vt 0.3214 0.2147 0.0000
vt 0.3840 0.0303 0.0000
vt 0.3893 0.0244 0.0000
vt 0.3361 0.1884 0.0000
vt 0.3311 0.1926 0.0000
vt 0.3288 0.1840 0.0000
vt 0.3366 0.1824 0.0000
vt 0.3435 0.1857 0.0000
vt 0.3412 0.1910 0.0000
vt 0.3203 0.1962 0.0000
vt 0.3140 0.2030 0.0000
vt 0.3036 0.1974 0.0000
vt 0.3082 0.1904 0.0000
vt 0.3408 0.1793 0.0000
vt 0.3451 0.1816 0.0000
vt 0.3451 0.1771 0.0000
vt 0.3404 0.1737 0.0000
vt 0.3348 0.1752 0.0000
vt 0.3437 0.1695 0.0000
vt 0.3482 0.1666 0.0000
vt 0.3490 0.1725 0.0000
vt 0.3455 0.1734 0.0000
vt 0.3499 0.1779 0.0000
vt 0.3611 0.1684 0.0000
vt 0.3715 0.1665 0.0000
vt 0.3339 0.1696 0.0000
vt 0.3280 0.1750 0.0000
vt 0.3297 0.1672 0.0000
vt 0.3373 0.1668 0.0000
vt 0.3335 0.1612 0.0000
vt 0.3825 0.0364 0.0000
vt 0.3604 0.1604 0.0000
vt 0.3697 0.1541 0.0000
vt 0.3805 0.1575 0.0000
vt 0.3806 0.1684 0.0000
vt 0.3620 0.1482 0.0000
vt 0.3668 0.1400 0.0000
vt 0.3763 0.1443 0.0000
vt 0.3580 0.1536 0.0000
vt 0.2866 0.0179 0.0000
vt 0.2864 0.0116 0.0000
vt 0.2992 0.0126 0.0000
vt 0.2982 0.0186 0.0000
vt 0.2976 0.0242 0.0000
vt 0.2889 0.0226 0.0000
vt 0.3477 0.1458 0.0000
vt 0.3498 0.1512 0.0000
vt 0.3442 0.1524 0.0000
vt 0.3384 0.1450 0.0000
vt 0.3550 0.1489 0.0000
vt 0.3537 0.1421 0.0000
vt 0.3405 0.1358 0.0000
vt 0.3519 0.1575 0.0000
vt 0.3563 0.1337 0.0000
vt 0.3719 0.1311 0.0000
vt 0.3811 0.1356 0.0000
vt 0.3592 0.1259 0.0000
vt 0.4209 0.0326 0.0000
vt 0.4208 0.0415 0.0000
vt 0.4207 0.0492 0.0000
vt 0.4093 0.0469 0.0000
vt 0.3977 0.0450 0.0000
vt 0.4097 0.0545 0.0000
vt 0.3976 0.0523 0.0000
vt 0.3806 0.0479 0.0000
vt 0.3811 0.0425 0.0000
vt 0.4100 0.0618 0.0000
vt 0.3975 0.0594 0.0000
vt 0.3798 0.0549 0.0000
vt 0.3648 0.0505 0.0000
vt 0.3664 0.0443 0.0000
vt 0.3970 0.0664 0.0000
vt 0.3786 0.0619 0.0000
vt 0.3629 0.0575 0.0000
vt 0.3535 0.0548 0.0000
vt 0.3555 0.0477 0.0000
vt 0.3768 0.0698 0.0000
vt 0.3604 0.0662 0.0000
vt 0.3508 0.0638 0.0000
vt 0.3434 0.0620 0.0000
vt 0.3256 0.0585 0.0000
vt 0.3283 0.0489 0.0000
vt 0.3459 0.0527 0.0000
vt 0.3478 0.0741 0.0000
vt 0.3399 0.0720 0.0000
vt 0.3228 0.0676 0.0000
vt 0.3047 0.0626 0.0000
vt 0.3067 0.0545 0.0000
vt 0.3367 0.0814 0.0000
vt 0.3201 0.0762 0.0000
vt 0.3026 0.0703 0.0000
vt 0.2855 0.0650 0.0000
vt 0.2876 0.0580 0.0000
vt 0.3173 0.0849 0.0000
vt 0.2999 0.0789 0.0000
vt 0.2830 0.0734 0.0000
vt 0.2670 0.0692 0.0000
vt 0.2692 0.0609 0.0000
vt 0.2972 0.0878 0.0000
vt 0.2806 0.0826 0.0000
vt 0.2648 0.0782 0.0000
vt 0.2526 0.0751 0.0000
vt 0.2551 0.0671 0.0000
vt 0.2782 0.0919 0.0000
vt 0.2628 0.0869 0.0000
vt 0.2501 0.0828 0.0000
vt 0.2404 0.0791 0.0000
vt 0.2436 0.0725 0.0000
vt 0.2610 0.0950 0.0000
vt 0.2477 0.0899 0.0000
vt 0.2382 0.0860 0.0000
vt 0.2362 0.0851 0.0000
vt 0.2376 0.0782 0.0000
vt 0.2461 0.0963 0.0000
vt 0.2362 0.0919 0.0000
vt 0.2341 0.0910 0.0000
vt 0.2348 0.0980 0.0000
vt 0.2321 0.0967 0.0000
vt 0.2376 0.0626 0.0000
vt 0.2464 0.0651 0.0000
vt 0.2381 0.0709 0.0000
vt 0.2387 0.0535 0.0000
vt 0.2497 0.0570 0.0000
vt 0.2578 0.0584 0.0000
vt 0.2531 0.0478 0.0000
vt 0.2607 0.0498 0.0000
vt 0.2720 0.0535 0.0000
vt 0.2633 0.0411 0.0000
vt 0.2756 0.0469 0.0000
vt 0.2898 0.0509 0.0000
vt 0.2778 0.0395 0.0000
vt 0.2920 0.0431 0.0000
vt 0.3087 0.0458 0.0000
vt 0.2940 0.0356 0.0000
vt 0.3103 0.0378 0.0000
vt 0.3302 0.0409 0.0000
vt 0.3116 0.0315 0.0000
vt 0.3317 0.0349 0.0000
vt 0.3495 0.0398 0.0000
vt 0.3478 0.0455 0.0000
vt 0.3327 0.0308 0.0000
vt 0.3510 0.0356 0.0000
vt 0.3585 0.0374 0.0000
vt 0.3572 0.0419 0.0000
vt 0.3677 0.0397 0.0000
vt 0.3598 0.0322 0.0000
vt 0.3695 0.0345 0.0000
vt 0.3611 0.0255 0.0000
vt 0.3709 0.0275 0.0000
vt 0.3635 0.0180 0.0000
vt 0.3747 0.0205 0.0000
vt 0.3086 0.2089 0.0000
vt 0.2993 0.2044 0.0000
vt 0.2923 0.2012 0.0000
vt 0.2771 0.1936 0.0000
vt 0.2812 0.1864 0.0000
vt 0.2960 0.1938 0.0000
vt 0.3535 0.0242 0.0000
vt 0.3356 0.0204 0.0000
vt 0.3372 0.0132 0.0000
vt 0.3550 0.0164 0.0000
vt 0.3169 0.0168 0.0000
vt 0.3189 0.0105 0.0000
vt 0.3523 0.0306 0.0000
vt 0.3340 0.0262 0.0000
vt 0.3149 0.0217 0.0000
vt 0.3128 0.0264 0.0000
vt 0.2959 0.0294 0.0000
vt 0.2846 0.0259 0.0000
vt 0.2811 0.0320 0.0000
vt 0.2702 0.0275 0.0000
vt 0.2751 0.0191 0.0000
vt 0.2669 0.0342 0.0000
vt 0.2583 0.0302 0.0000
vt 0.2610 0.0230 0.0000
vt 0.2558 0.0383 0.0000
vt 0.2447 0.0345 0.0000
vt 0.2476 0.0256 0.0000
vt 0.2410 0.0437 0.0000
vt 0.2505 0.0188 0.0000
vt 0.2544 0.0123 0.0000
vt 0.2591 0.0144 0.0000
vt 0.2562 0.0072 0.0000
vt 0.2592 0.0068 0.0000
vt 0.2746 0.0109 0.0000
vt 0.2565 0.0007 0.0000
vt 0.2583 0.0005 0.0000
vt 0.2746 0.0038 0.0000
vt 0.2128 0.1537 0.0000
vt 0.2149 0.1478 0.0000
vt 0.2280 0.1567 0.0000
vt 0.2254 0.1632 0.0000
vt 0.2388 0.1640 0.0000
vt 0.2355 0.1697 0.0000
vt 0.2872 0.0055 0.0000
vt 0.2515 0.1718 0.0000
vt 0.2473 0.1769 0.0000
vt 0.3016 0.0075 0.0000
vt 0.2661 0.1792 0.0000
vt 0.2615 0.1856 0.0000
vt 0.2559 0.1654 0.0000
vt 0.2704 0.1721 0.0000
vt 0.2853 0.1793 0.0000
vt 0.2747 0.1647 0.0000
vt 0.2892 0.1715 0.0000
vt 0.3024 0.1776 0.0000
vt 0.2991 0.1863 0.0000
vt 0.2934 0.1625 0.0000
vt 0.3061 0.1676 0.0000
vt 0.3121 0.1699 0.0000
vt 0.3096 0.1803 0.0000
vt 0.3186 0.1832 0.0000
vt 0.3192 0.1724 0.0000
vt 0.3158 0.1589 0.0000
vt 0.3222 0.1623 0.0000
vt 0.3201 0.1494 0.0000
vt 0.3274 0.1532 0.0000
vt 0.3234 0.1431 0.0000
vt 0.3323 0.1483 0.0000
vt 0.3396 0.1559 0.0000
vt 0.3473 0.1598 0.0000
vt 0.3421 0.1630 0.0000
vt 0.3526 0.1643 0.0000
vt 0.3530 0.1710 0.0000
vt 0.3268 0.1389 0.0000
vt 0.3045 0.1294 0.0000
vt 0.3061 0.1243 0.0000
vt 0.3201 0.1297 0.0000
vt 0.3183 0.1344 0.0000
vt 0.3288 0.1325 0.0000
vt 0.3164 0.1392 0.0000
vt 0.3031 0.1344 0.0000
vt 0.2885 0.1288 0.0000
vt 0.2898 0.1235 0.0000
vt 0.3139 0.1466 0.0000
vt 0.3008 0.1417 0.0000
vt 0.2866 0.1363 0.0000
vt 0.2717 0.1307 0.0000
vt 0.2734 0.1228 0.0000
vt 0.2975 0.1519 0.0000
vt 0.2834 0.1461 0.0000
vt 0.2691 0.1401 0.0000
vt 0.2546 0.1342 0.0000
vt 0.2567 0.1254 0.0000
vt 0.2791 0.1562 0.0000
vt 0.2648 0.1498 0.0000
vt 0.2514 0.1430 0.0000
vt 0.2385 0.1366 0.0000
vt 0.2410 0.1287 0.0000
vt 0.2604 0.1579 0.0000
vt 0.2473 0.1511 0.0000
vt 0.2352 0.1439 0.0000
vt 0.2200 0.1355 0.0000
vt 0.2224 0.1292 0.0000
vt 0.2431 0.1581 0.0000
vt 0.2313 0.1504 0.0000
vt 0.2174 0.1416 0.0000
vt 0.2166 0.1405 0.0000
vt 0.2191 0.1344 0.0000
vt 0.2137 0.1467 0.0000
vt 0.2111 0.1528 0.0000
vt 0.2240 0.1222 0.0000
vt 0.2251 0.1229 0.0000
vt 0.2214 0.1285 0.0000
vt 0.2268 0.1156 0.0000
vt 0.2279 0.1161 0.0000
vt 0.2426 0.1207 0.0000
vt 0.2301 0.1105 0.0000
vt 0.2436 0.1136 0.0000
vt 0.2578 0.1178 0.0000
vt 0.2442 0.1074 0.0000
vt 0.2584 0.1118 0.0000
vt 0.2742 0.1173 0.0000
vt 0.2590 0.1067 0.0000
vt 0.2748 0.1119 0.0000
vt 0.2910 0.1181 0.0000
vt 0.2756 0.1067 0.0000
vt 0.2920 0.1125 0.0000
vt 0.3076 0.1188 0.0000
vt 0.2929 0.1062 0.0000
vt 0.3094 0.1118 0.0000
vt 0.3249 0.1173 0.0000
vt 0.3223 0.1241 0.0000
vt 0.3333 0.1195 0.0000
vt 0.3310 0.1266 0.0000
vt 0.3431 0.1296 0.0000
vt 0.3454 0.1224 0.0000
vt 0.3362 0.1116 0.0000
vt 0.3478 0.1153 0.0000
vt 0.3622 0.1179 0.0000
vt 0.3497 0.1065 0.0000
vt 0.3656 0.1110 0.0000
vt 0.3814 0.1160 0.0000
vt 0.3765 0.1236 0.0000
vt 0.3924 0.1200 0.0000
vt 0.3866 0.1284 0.0000
vt 0.3971 0.1324 0.0000
vt 0.3918 0.1396 0.0000
vt 0.3869 0.1481 0.0000
vt 0.4095 0.0701 0.0000
vt 0.4075 0.0797 0.0000
vt 0.3954 0.0752 0.0000
vt 0.4049 0.0889 0.0000
vt 0.3923 0.0859 0.0000
vt 0.3744 0.0810 0.0000
vt 0.3573 0.0766 0.0000
vt 0.3892 0.0966 0.0000
vt 0.3715 0.0921 0.0000
vt 0.3547 0.0870 0.0000
vt 0.3449 0.0840 0.0000
vt 0.3684 0.1028 0.0000
vt 0.3519 0.0972 0.0000
vt 0.3419 0.0935 0.0000
vt 0.3336 0.0905 0.0000
vt 0.3389 0.1026 0.0000
vt 0.3310 0.0997 0.0000
vt 0.3144 0.0939 0.0000
vt 0.3278 0.1087 0.0000
vt 0.3117 0.1033 0.0000
vt 0.2947 0.0977 0.0000
vt 0.2766 0.1003 0.0000
vt 0.2597 0.1014 0.0000
vt 0.2450 0.1022 0.0000
vt 0.2324 0.1048 0.0000
vt 0.2314 0.1032 0.0000
vt 0.2292 0.1096 0.0000
vt 0.3857 0.1072 0.0000
vt 0.4018 0.0990 0.0000
vt 0.3978 0.1099 0.0000
vt 0.3106 0.1563 0.0000
vt 0.3508 0.1830 0.0000
vt 0.3502 0.1883 0.0000
vt 0.3804 0.1890 0.0000
vt 0.3768 0.1996 0.0000
vt 0.3725 0.2067 0.0000
vt 0.3691 0.2138 0.0000
vt 0.3656 0.2207 0.0000
vt 0.4124 0.9502 0.0000
vt 0.4100 0.9493 0.0000
vt 0.4124 0.9461 0.0000
vt 0.4148 0.9481 0.0000
vt 0.4123 0.9519 0.0000
vt 0.4086 0.9515 0.0000
vt 0.4162 0.9503 0.0000
vt 0.3976 0.9344 0.0000
vt 0.3932 0.9272 0.0000
vt 0.3981 0.9274 0.0000
vt 0.4002 0.9331 0.0000
vt 0.4037 0.9354 0.0000
vt 0.4016 0.9392 0.0000
vt 0.4037 0.9279 0.0000
vt 0.4410 0.9230 0.0000
vt 0.4446 0.9273 0.0000
vt 0.4354 0.9324 0.0000
vt 0.4319 0.9290 0.0000
vt 0.3813 0.9191 0.0000
vt 0.3880 0.9277 0.0000
vt 0.3822 0.9294 0.0000
vt 0.3721 0.9233 0.0000
vt 0.3872 0.9203 0.0000
vt 0.2172 0.8547 0.0000
vt 0.2156 0.8603 0.0000
vt 0.2004 0.8550 0.0000
vt 0.2010 0.8489 0.0000
vt 0.4543 0.9246 0.0000
vt 0.4516 0.9188 0.0000
vt 0.4632 0.9159 0.0000
vt 0.4667 0.9207 0.0000
vt 0.2134 0.8668 0.0000
vt 0.1981 0.8611 0.0000
vt 0.4711 0.9256 0.0000
vt 0.4581 0.9316 0.0000
vt 0.4467 0.9346 0.0000
vt 0.4751 0.9311 0.0000
vt 0.4603 0.9401 0.0000
vt 0.4487 0.9424 0.0000
vt 0.4392 0.9454 0.0000
vt 0.4365 0.9386 0.0000
vt 0.3945 0.9560 0.0000
vt 0.3878 0.9509 0.0000
vt 0.3920 0.9459 0.0000
vt 0.3974 0.9509 0.0000
vt 0.4019 0.9540 0.0000
vt 0.3989 0.9587 0.0000
vt 0.4066 0.9560 0.0000
vt 0.4049 0.9611 0.0000
vt 0.4003 0.9473 0.0000
vt 0.4043 0.9504 0.0000
vt 0.4030 0.9451 0.0000
vt 0.4067 0.9473 0.0000
vt 0.4056 0.9420 0.0000
vt 0.4092 0.9440 0.0000
vt 0.4079 0.9370 0.0000
vt 0.4121 0.9393 0.0000
vt 0.4156 0.9414 0.0000
vt 0.4160 0.9297 0.0000
vt 0.4201 0.9338 0.0000
vt 0.4238 0.9376 0.0000
vt 0.4183 0.9441 0.0000
vt 0.4264 0.9400 0.0000
vt 0.4204 0.9466 0.0000
vt 0.4281 0.9447 0.0000
vt 0.4221 0.9500 0.0000
vt 0.4173 0.9539 0.0000
vt 0.4115 0.9565 0.0000
vt 0.4247 0.9557 0.0000
vt 0.4185 0.9591 0.0000
vt 0.4106 0.9613 0.0000
vt 0.4312 0.9511 0.0000
vt 0.4095 0.9288 0.0000
vt 0.4109 0.9205 0.0000
vt 0.4018 0.9206 0.0000
vt 0.3485 0.9023 0.0000
vt 0.3444 0.9077 0.0000
vt 0.3290 0.9004 0.0000
vt 0.3308 0.8930 0.0000
vt 0.3147 0.8936 0.0000
vt 0.3143 0.8824 0.0000
vt 0.3269 0.9085 0.0000
vt 0.3141 0.9031 0.0000
vt 0.3015 0.8991 0.0000
vt 0.3026 0.8885 0.0000
vt 0.3035 0.8770 0.0000
vt 0.2940 0.8968 0.0000
vt 0.2957 0.8862 0.0000
vt 0.2973 0.8741 0.0000
vt 0.2904 0.8845 0.0000
vt 0.2930 0.8723 0.0000
vt 0.2852 0.8693 0.0000
vt 0.2813 0.8817 0.0000
vt 0.2770 0.8799 0.0000
vt 0.2817 0.8673 0.0000
vt 0.2890 0.8708 0.0000
vt 0.2857 0.8830 0.0000
vt 0.2825 0.8932 0.0000
vt 0.2778 0.8915 0.0000
vt 0.2878 0.8950 0.0000
vt 0.2859 0.9038 0.0000
vt 0.2797 0.9026 0.0000
vt 0.2928 0.9058 0.0000
vt 0.3024 0.9089 0.0000
vt 0.3459 0.9316 0.0000
vt 0.3345 0.9238 0.0000
vt 0.3402 0.9146 0.0000
vt 0.3525 0.9231 0.0000
vt 0.3656 0.9292 0.0000
vt 0.3608 0.9378 0.0000
vt 0.3774 0.9344 0.0000
vt 0.3738 0.9407 0.0000
vt 0.3582 0.9165 0.0000
vt 0.3860 0.9404 0.0000
vt 0.3817 0.9457 0.0000
vt 0.3899 0.9367 0.0000
vt 0.3956 0.9428 0.0000
vt 0.3938 0.9350 0.0000
vt 0.3987 0.9413 0.0000
vt 0.3244 0.9175 0.0000
vt 0.2697 0.8981 0.0000
vt 0.2731 0.8898 0.0000
vt 0.2745 0.9007 0.0000
vt 0.2643 0.8964 0.0000
vt 0.2683 0.8877 0.0000
vt 0.2725 0.8778 0.0000
vt 0.2634 0.8854 0.0000
vt 0.2677 0.8755 0.0000
vt 0.2736 0.8638 0.0000
vt 0.2780 0.8655 0.0000
vt 0.2627 0.8731 0.0000
vt 0.2682 0.8627 0.0000
vt 0.2498 0.8595 0.0000
vt 0.2610 0.8611 0.0000
vt 0.2566 0.8706 0.0000
vt 0.2450 0.8672 0.0000
vt 0.2512 0.8798 0.0000
vt 0.2420 0.8761 0.0000
vt 0.2581 0.8831 0.0000
vt 0.2532 0.8911 0.0000
vt 0.2456 0.8881 0.0000
vt 0.2589 0.8942 0.0000
vt 0.2356 0.8836 0.0000
vt 0.2239 0.8794 0.0000
vt 0.2288 0.8713 0.0000
vt 0.2309 0.8639 0.0000
vt 0.2100 0.8746 0.0000
vt 0.1950 0.8671 0.0000
vt 0.3139 0.9127 0.0000
vt 0.3642 0.9116 0.0000
vt 0.3940 0.9203 0.0000
vt 0.2306 0.8567 0.0000
vt 0.4188 0.9207 0.0000
vt 0.4250 0.9205 0.0000
vt 0.4228 0.9260 0.0000
vt 0.4341 0.9213 0.0000
vt 0.4270 0.9272 0.0000
vt 0.1006 0.9337 0.0000
vt 0.1045 0.9297 0.0000
vt 0.1074 0.9332 0.0000
vt 0.1023 0.9369 0.0000
vt 0.0968 0.9337 0.0000
vt 0.1011 0.9267 0.0000
vt 0.0973 0.9390 0.0000
vt 0.1174 0.9367 0.0000
vt 0.1155 0.9334 0.0000
vt 0.1219 0.9310 0.0000
vt 0.1225 0.9365 0.0000
vt 0.1138 0.9405 0.0000
vt 0.1103 0.9370 0.0000
vt 0.1198 0.9422 0.0000
vt 0.1984 0.9238 0.0000
vt 0.2062 0.9192 0.0000
vt 0.2065 0.9232 0.0000
vt 0.1986 0.9275 0.0000
vt 0.1863 0.9288 0.0000
vt 0.1870 0.9254 0.0000
vt 0.1980 0.9330 0.0000
vt 0.1858 0.9325 0.0000
vt 0.2085 0.9257 0.0000
vt 0.2067 0.9302 0.0000
vt 0.2063 0.9357 0.0000
vt 0.2398 0.9301 0.0000
vt 0.2367 0.9312 0.0000
vt 0.2359 0.9290 0.0000
vt 0.2400 0.9286 0.0000
vt 0.2424 0.9287 0.0000
vt 0.2412 0.9308 0.0000
vt 0.2382 0.9333 0.0000
vt 0.2135 0.9331 0.0000
vt 0.2133 0.9245 0.0000
vt 0.2229 0.9263 0.0000
vt 0.2238 0.9304 0.0000
vt 0.2364 0.9267 0.0000
vt 0.2398 0.9273 0.0000
vt 0.2378 0.9246 0.0000
vt 0.2411 0.9264 0.0000
vt 0.2454 0.9308 0.0000
vt 0.2432 0.9312 0.0000
vt 0.2447 0.9287 0.0000
vt 0.2473 0.9287 0.0000
vt 0.2427 0.9360 0.0000
vt 0.2403 0.9349 0.0000
vt 0.2451 0.9373 0.0000
vt 0.2454 0.9262 0.0000
vt 0.2432 0.9261 0.0000
vt 0.2400 0.9226 0.0000
vt 0.2425 0.9215 0.0000
vt 0.2449 0.9201 0.0000
vt 0.1536 0.9139 0.0000
vt 0.1545 0.9180 0.0000
vt 0.1402 0.9166 0.0000
vt 0.1398 0.9123 0.0000
vt 0.1281 0.9189 0.0000
vt 0.1274 0.9149 0.0000
vt 0.1173 0.9220 0.0000
vt 0.1157 0.9189 0.0000
vt 0.1405 0.9227 0.0000
vt 0.1289 0.9238 0.0000
vt 0.1198 0.9262 0.0000
vt 0.1129 0.9295 0.0000
vt 0.1097 0.9256 0.0000
vt 0.1299 0.9295 0.0000
vt 0.1408 0.9289 0.0000
vt 0.1406 0.9353 0.0000
vt 0.1301 0.9361 0.0000
vt 0.1392 0.9422 0.0000
vt 0.1280 0.9430 0.0000
vt 0.1374 0.9490 0.0000
vt 0.1246 0.9496 0.0000
vt 0.1157 0.9476 0.0000
vt 0.1089 0.9449 0.0000
vt 0.1213 0.9557 0.0000
vt 0.1115 0.9525 0.0000
vt 0.1031 0.9484 0.0000
vt 0.0999 0.9444 0.0000
vt 0.1052 0.9410 0.0000
vt 0.1069 0.9222 0.0000
vt 0.2159 0.9673 0.0000
vt 0.2166 0.9589 0.0000
vt 0.2214 0.9622 0.0000
vt 0.2216 0.9705 0.0000
vt 0.2105 0.9596 0.0000
vt 0.2117 0.9529 0.0000
vt 0.2122 0.9467 0.0000
vt 0.2167 0.9518 0.0000
vt 0.2046 0.9503 0.0000
vt 0.2058 0.9454 0.0000
vt 0.2066 0.9406 0.0000
vt 0.2126 0.9401 0.0000
vt 0.1977 0.9411 0.0000
vt 0.1978 0.9372 0.0000
vt 0.1865 0.9360 0.0000
vt 0.1866 0.9398 0.0000
vt 0.1703 0.9410 0.0000
vt 0.1702 0.9366 0.0000
vt 0.1975 0.9451 0.0000
vt 0.1862 0.9441 0.0000
vt 0.1704 0.9451 0.0000
vt 0.1518 0.9528 0.0000
vt 0.1535 0.9459 0.0000
vt 0.1343 0.9564 0.0000
vt 0.1543 0.9400 0.0000
vt 0.1541 0.9338 0.0000
vt 0.1702 0.9325 0.0000
vt 0.1543 0.9284 0.0000
vt 0.1703 0.9285 0.0000
vt 0.1546 0.9232 0.0000
vt 0.1708 0.9246 0.0000
vt 0.1713 0.9210 0.0000
vt 0.1875 0.9226 0.0000
vt 0.1717 0.9177 0.0000
vt 0.1874 0.9196 0.0000
vt 0.1985 0.9169 0.0000
vt 0.1986 0.9205 0.0000
vt 0.2049 0.9093 0.0000
vt 0.2058 0.9145 0.0000
vt 0.2098 0.9008 0.0000
vt 0.2105 0.9078 0.0000
vt 0.2113 0.9137 0.0000
vt 0.2122 0.9197 0.0000
vt 0.2148 0.9029 0.0000
vt 0.2151 0.9096 0.0000
vt 0.2158 0.9158 0.0000
vt 0.2192 0.9203 0.0000
vt 0.2187 0.9070 0.0000
vt 0.2189 0.9129 0.0000
vt 0.2216 0.9178 0.0000
vt 0.2280 0.9200 0.0000
vt 0.2259 0.9228 0.0000
vt 0.2219 0.9114 0.0000
vt 0.2241 0.9157 0.0000
vt 0.2299 0.9175 0.0000
vt 0.2364 0.9185 0.0000
vt 0.2345 0.9209 0.0000
vt 0.2265 0.9137 0.0000
vt 0.2315 0.9148 0.0000
vt 0.2384 0.9160 0.0000
vt 0.2394 0.9420 0.0000
vt 0.2335 0.9442 0.0000
vt 0.2315 0.9419 0.0000
vt 0.2375 0.9396 0.0000
vt 0.2295 0.9396 0.0000
vt 0.2355 0.9373 0.0000
vt 0.2273 0.9371 0.0000
vt 0.2333 0.9350 0.0000
vt 0.2252 0.9342 0.0000
vt 0.2318 0.9323 0.0000
vt 0.2312 0.9294 0.0000
vt 0.2314 0.9263 0.0000
vt 0.2327 0.9234 0.0000
vt 0.2220 0.9411 0.0000
vt 0.2189 0.9379 0.0000
vt 0.2202 0.9477 0.0000
vt 0.2166 0.9449 0.0000
vt 0.2207 0.9550 0.0000
vt 0.2235 0.9498 0.0000
vt 0.2246 0.9565 0.0000
vt 0.2261 0.9638 0.0000
vt 0.2280 0.9567 0.0000
vt 0.2300 0.9636 0.0000
vt 0.2314 0.9717 0.0000
vt 0.2268 0.9714 0.0000
vt 0.2335 0.9628 0.0000
vt 0.2357 0.9712 0.0000
vt 0.2189 0.9001 0.0000
vt 0.2145 0.8952 0.0000
vt 0.2190 0.8924 0.0000
vt 0.2236 0.8907 0.0000
vt 0.2231 0.8985 0.0000
vt 0.2222 0.9056 0.0000
vt 0.2282 0.8900 0.0000
vt 0.2270 0.8985 0.0000
vt 0.2256 0.9054 0.0000
vt 0.2249 0.9107 0.0000
vt 0.2314 0.9560 0.0000
vt 0.2265 0.9506 0.0000
vt 0.2298 0.9507 0.0000
vt 0.2273 0.9453 0.0000
vt 0.2300 0.9467 0.0000
vt 0.2246 0.9435 0.0000
vt 0.8655 0.5691 0.0000
vt 0.8685 0.5720 0.0000
vt 0.8628 0.5788 0.0000
vt 0.8568 0.5742 0.0000
vt 0.8411 0.6106 0.0000
vt 0.8385 0.6208 0.0000
vt 0.8321 0.6173 0.0000
vt 0.8370 0.6072 0.0000
vt 0.8934 0.6546 0.0000
vt 0.8888 0.6590 0.0000
vt 0.8842 0.6514 0.0000
vt 0.8902 0.6444 0.0000
vt 0.8979 0.6614 0.0000
vt 0.9059 0.6560 0.0000
vt 0.9035 0.6452 0.0000
vt 0.8843 0.6964 0.0000
vt 0.8889 0.6977 0.0000
vt 0.8852 0.7068 0.0000
vt 0.8802 0.7046 0.0000
vt 0.8755 0.7022 0.0000
vt 0.8799 0.6936 0.0000
vt 0.8843 0.6849 0.0000
vt 0.8883 0.6881 0.0000
vt 0.8702 0.7002 0.0000
vt 0.8752 0.6905 0.0000
vt 0.8798 0.6816 0.0000
vt 0.8857 0.6727 0.0000
vt 0.8900 0.6764 0.0000
vt 0.8699 0.6867 0.0000
vt 0.8742 0.6779 0.0000
vt 0.8799 0.6693 0.0000
vt 0.8640 0.6835 0.0000
vt 0.8682 0.6746 0.0000
vt 0.8740 0.6651 0.0000
vt 0.8583 0.6806 0.0000
vt 0.8625 0.6719 0.0000
vt 0.8678 0.6620 0.0000
vt 0.8764 0.6470 0.0000
vt 0.8789 0.6581 0.0000
vt 0.8722 0.6543 0.0000
vt 0.8626 0.6594 0.0000
vt 0.8669 0.6515 0.0000
vt 0.8709 0.6438 0.0000
vt 0.8754 0.6355 0.0000
vt 0.8820 0.6188 0.0000
vt 0.8883 0.6223 0.0000
vt 0.8814 0.6392 0.0000
vt 0.8657 0.6409 0.0000
vt 0.8699 0.6323 0.0000
vt 0.8764 0.6157 0.0000
vt 0.8818 0.6000 0.0000
vt 0.8868 0.6029 0.0000
vt 0.8646 0.6293 0.0000
vt 0.8711 0.6127 0.0000
vt 0.8764 0.5974 0.0000
vt 0.8809 0.5820 0.0000
vt 0.8865 0.5846 0.0000
vt 0.8652 0.6097 0.0000
vt 0.8703 0.5948 0.0000
vt 0.8763 0.5809 0.0000
vt 0.8630 0.5924 0.0000
vt 0.8698 0.5803 0.0000
vt 0.8543 0.5898 0.0000
vt 0.8584 0.6068 0.0000
vt 0.8477 0.6045 0.0000
vt 0.8449 0.5847 0.0000
vt 0.8955 0.5743 0.0000
vt 0.8913 0.5879 0.0000
vt 0.8906 0.5722 0.0000
vt 0.8994 0.5768 0.0000
vt 0.8959 0.5909 0.0000
vt 0.8923 0.6059 0.0000
vt 0.9009 0.5935 0.0000
vt 0.8985 0.6084 0.0000
vt 0.8957 0.6258 0.0000
vt 0.9055 0.6103 0.0000
vt 0.9048 0.6275 0.0000
vt 0.9096 0.6661 0.0000
vt 0.9034 0.6701 0.0000
vt 0.9010 0.6663 0.0000
vt 0.9079 0.6620 0.0000
vt 0.8981 0.6738 0.0000
vt 0.9055 0.6738 0.0000
vt 0.9009 0.6773 0.0000
vt 0.8969 0.6827 0.0000
vt 0.8935 0.6798 0.0000
vt 0.8950 0.6704 0.0000
vt 0.7805 0.6446 0.0000
vt 0.7842 0.6365 0.0000
vt 0.7879 0.6383 0.0000
vt 0.7840 0.6472 0.0000
vt 0.7796 0.6550 0.0000
vt 0.7761 0.6518 0.0000
vt 0.8923 0.6903 0.0000
vt 0.7872 0.6499 0.0000
vt 0.7825 0.6587 0.0000
vt 0.7766 0.6681 0.0000
vt 0.7741 0.6635 0.0000
vt 0.7698 0.6595 0.0000
vt 0.7859 0.6627 0.0000
vt 0.7792 0.6735 0.0000
vt 0.7954 0.6698 0.0000
vt 0.8016 0.6713 0.0000
vt 0.7970 0.6851 0.0000
vt 0.7900 0.6827 0.0000
vt 0.7838 0.6784 0.0000
vt 0.7905 0.6659 0.0000
vt 0.7952 0.6549 0.0000
vt 0.8001 0.6577 0.0000
vt 0.7908 0.6526 0.0000
vt 0.7954 0.6411 0.0000
vt 0.7998 0.6421 0.0000
vt 0.7915 0.6399 0.0000
vt 0.7941 0.6256 0.0000
vt 0.7981 0.6258 0.0000
vt 0.7981 0.6318 0.0000
vt 0.7939 0.6316 0.0000
vt 0.7899 0.6311 0.0000
vt 0.7903 0.6252 0.0000
vt 0.7898 0.6184 0.0000
vt 0.7864 0.6249 0.0000
vt 0.7858 0.6182 0.0000
vt 0.8024 0.6185 0.0000
vt 0.8074 0.6165 0.0000
vt 0.8074 0.6249 0.0000
vt 0.8027 0.6255 0.0000
vt 0.7979 0.6193 0.0000
vt 0.8137 0.6234 0.0000
vt 0.8135 0.6323 0.0000
vt 0.8074 0.6326 0.0000
vt 0.8104 0.6439 0.0000
vt 0.8045 0.6438 0.0000
vt 0.8029 0.6318 0.0000
vt 0.8175 0.6440 0.0000
vt 0.8127 0.6588 0.0000
vt 0.8059 0.6586 0.0000
vt 0.8084 0.6713 0.0000
vt 0.8192 0.6594 0.0000
vt 0.8147 0.6718 0.0000
vt 0.8099 0.6859 0.0000
vt 0.8042 0.6861 0.0000
vt 0.8210 0.6712 0.0000
vt 0.8154 0.6846 0.0000
vt 0.8375 0.6730 0.0000
vt 0.8428 0.6744 0.0000
vt 0.8378 0.6848 0.0000
vt 0.8319 0.6838 0.0000
vt 0.8260 0.6841 0.0000
vt 0.8321 0.6718 0.0000
vt 0.8371 0.6616 0.0000
vt 0.8424 0.6632 0.0000
vt 0.8201 0.6850 0.0000
vt 0.8268 0.6709 0.0000
vt 0.8316 0.6600 0.0000
vt 0.8369 0.6480 0.0000
vt 0.8424 0.6500 0.0000
vt 0.8256 0.6595 0.0000
vt 0.8308 0.6466 0.0000
vt 0.8366 0.6291 0.0000
vt 0.8431 0.6302 0.0000
vt 0.8409 0.6386 0.0000
vt 0.8347 0.6366 0.0000
vt 0.8242 0.6454 0.0000
vt 0.8279 0.6346 0.0000
vt 0.8300 0.6263 0.0000
vt 0.8211 0.6321 0.0000
vt 0.8223 0.6204 0.0000
vt 0.8139 0.6137 0.0000
vt 0.8233 0.6078 0.0000
vt 0.8532 0.6227 0.0000
vt 0.8454 0.6209 0.0000
vt 0.8497 0.6323 0.0000
vt 0.8590 0.6261 0.0000
vt 0.8552 0.6352 0.0000
vt 0.8605 0.6381 0.0000
vt 0.8570 0.6461 0.0000
vt 0.8518 0.6435 0.0000
vt 0.8527 0.6545 0.0000
vt 0.8477 0.6521 0.0000
vt 0.8464 0.6410 0.0000
vt 0.8577 0.6569 0.0000
vt 0.8525 0.6673 0.0000
vt 0.8475 0.6651 0.0000
vt 0.8479 0.6761 0.0000
vt 0.8574 0.6695 0.0000
vt 0.8530 0.6783 0.0000
vt 0.8487 0.6881 0.0000
vt 0.8434 0.6863 0.0000
vt 0.8541 0.6908 0.0000
vt 0.8651 0.6969 0.0000
vt 0.8600 0.6938 0.0000
vt 0.8620 0.6488 0.0000
vt 0.9075 0.5955 0.0000
vt 0.9028 0.5790 0.0000
vt 0.8371 0.5950 0.0000
vt 0.9058 0.5816 0.0000
vt 0.8726 0.5649 0.0000
vt 0.8767 0.5675 0.0000
vt 0.8824 0.5690 0.0000
vt 0.8862 0.5702 0.0000
vt 0.8846 0.6632 0.0000
vt 0.8908 0.6665 0.0000
vt 0.9111 0.6699 0.0000
vt 0.7937 0.6190 0.0000
vt 0.7859 0.6302 0.0000
# 914 texture coords

o ProfesorSubRightLeg
g ProfesorSubRightLeg
usemtl rp_carla_rigged_001_mat
s off
f 1/1/1 2/2/2 3/3/3 4/4/4 
f 4/4/4 3/3/3 5/5/5 6/6/6 
f 3/3/3 7/7/7 8/8/8 5/5/5 
f 2/2/2 9/9/9 7/7/7 3/3/3 
f 6/6/6 10/10/10 11/11/11 4/4/4 
f 11/11/11 12/12/12 1/1/1 4/4/4 
f 1/1/1 13/13/13 14/14/14 2/2/2 
f 12/12/12 15/15/15 13/13/13 1/1/1 
f 16/16/16 17/17/17 18/18/18 19/19/19 
f 16/16/16 19/19/19 12/12/12 11/11/11 
f 16/16/16 11/11/11 10/10/10 17/17/17 
f 20/20/20 21/21/21 22/22/22 23/23/23 
f 23/23/23 24/24/24 25/25/25 20/20/20 
f 20/20/20 25/25/25 26/26/26 27/27/27 
f 28/28/28 29/29/29 30/30/30 19/31/19 
f 31/32/31 15/15/15 12/12/12 19/19/19 
f 30/30/30 32/33/32 31/34/31 19/31/19 
f 33/35/33 34/36/34 35/37/35 36/38/36 
f 33/35/33 36/38/36 37/39/37 38/40/38 
f 39/41/39 13/13/13 15/15/15 40/42/40 
f 34/36/34 14/14/14 13/13/13 39/41/39 
f 40/42/40 41/43/41 42/44/42 39/41/39 
f 43/45/43 44/46/44 37/39/37 36/38/36 
f 45/47/45 44/46/44 43/45/43 46/48/46 
f 43/45/43 36/38/36 47/49/47 46/48/46 
f 48/50/48 49/51/49 50/52/50 51/53/51 
f 51/53/51 45/47/45 46/48/46 48/50/48 
f 50/52/50 52/54/52 45/47/45 51/53/51 
f 26/26/26 25/25/25 53/55/53 54/56/54 
f 55/57/55 47/49/47 56/58/56 57/59/57 
f 55/57/55 58/60/58 46/48/46 47/49/47 
f 57/59/57 59/61/59 58/60/58 55/57/55 
f 30/30/30 29/29/29 60/62/60 32/33/32 
f 54/56/54 53/55/53 61/63/61 62/64/62 
f 63/65/63 64/66/64 54/56/54 62/64/62 
f 65/67/65 66/68/66 67/69/67 62/64/62 
f 61/63/61 68/70/68 65/67/65 62/64/62 
f 69/71/69 70/72/70 71/73/71 72/74/72 
f 72/74/72 73/75/73 74/76/74 69/71/69 
f 75/77/75 76/78/76 77/79/77 78/80/78 
f 79/81/79 76/78/76 75/77/75 80/82/80 
f 75/77/75 78/80/78 81/83/81 80/82/80 
f 68/70/68 82/84/82 76/78/76 79/81/79 
f 79/81/79 80/82/80 65/67/65 68/70/68 
f 66/68/66 65/67/65 80/82/80 83/85/83 
f 66/68/66 84/86/84 85/87/85 67/69/67 
f 83/85/83 86/88/86 84/86/84 66/68/66 
f 28/28/28 19/31/19 18/89/18 87/90/87 
f 87/90/87 88/91/88 89/92/89 28/28/28 
f 90/93/90 29/29/29 28/28/28 89/92/89 
f 91/94/91 89/92/89 88/91/88 
f 89/92/89 91/94/91 92/95/92 90/93/90 
f 93/96/93 94/97/94 90/93/90 92/95/92 
f 91/94/91 95/98/95 96/99/96 92/95/92 
f 92/95/92 96/99/96 97/100/97 93/96/93 
f 98/101/98 99/102/99 93/96/93 97/100/97 
f 96/99/96 100/103/100 101/104/101 97/100/97 
f 97/100/97 101/104/101 102/105/102 98/101/98 
f 102/105/102 103/106/103 104/107/104 98/101/98 
f 102/105/102 101/104/101 105/108/105 106/109/106 
f 106/109/106 107/110/107 103/106/103 102/105/102 
f 108/111/108 109/112/109 110/113/110 111/114/111 
f 108/111/108 107/110/107 112/115/112 113/116/113 
f 113/116/113 114/117/114 109/112/109 108/111/108 
f 114/117/114 115/118/115 116/119/116 109/112/109 
f 114/117/114 113/116/113 117/120/117 118/121/118 
f 118/121/118 119/122/119 115/118/115 114/117/114 
f 120/123/120 121/124/121 115/118/115 119/122/119 
f 118/121/118 122/125/122 123/126/123 119/122/119 
f 119/122/119 123/126/123 124/127/124 120/123/120 
f 125/128/125 126/129/126 120/123/120 124/127/124 
f 123/126/123 127/130/127 128/131/128 124/127/124 
f 124/127/124 128/131/128 129/132/129 125/128/125 
f 129/132/129 130/133/130 131/134/131 125/128/125 
f 128/131/128 132/135/132 133/136/133 129/132/129 
f 129/132/129 133/136/133 134/137/134 130/133/130 
f 134/137/134 135/138/135 136/139/136 130/133/130 
f 133/136/133 137/140/137 138/141/138 134/137/134 
f 134/137/134 138/141/138 139/142/139 135/138/135 
f 139/142/139 140/143/140 141/144/141 135/138/135 
f 138/141/138 142/145/142 143/146/143 139/142/139 
f 143/146/143 144/147/144 140/143/140 139/142/139 
f 143/146/143 145/148/145 146/149/146 144/147/144 
f 147/150/147 148/151/148 136/139/136 149/152/149 
f 149/152/149 136/139/136 135/138/135 141/144/141 
f 148/151/148 147/150/147 150/153/150 151/154/151 
f 151/154/151 152/155/152 131/134/131 148/151/148 
f 148/151/148 131/134/131 130/133/130 136/139/136 
f 152/155/152 151/154/151 153/156/153 154/157/154 
f 154/157/154 155/158/155 126/129/126 152/155/152 
f 152/155/152 126/129/126 125/128/125 131/134/131 
f 154/157/154 156/159/156 157/160/157 155/158/155 
f 157/160/157 158/161/158 121/124/121 155/158/155 
f 155/158/155 121/124/121 120/123/120 126/129/126 
f 158/161/158 157/160/157 159/162/159 160/163/160 
f 160/163/160 161/164/161 116/119/116 158/161/158 
f 158/161/158 116/119/116 115/118/115 121/124/121 
f 161/164/161 160/163/160 162/165/162 163/166/163 
f 163/166/163 164/167/164 110/113/110 161/164/161 
f 161/164/161 110/113/110 109/112/109 116/119/116 
f 164/167/164 163/166/163 165/168/165 166/169/166 
f 166/169/166 167/170/167 168/171/168 164/167/164 
f 164/167/164 168/171/168 111/114/111 110/113/110 
f 167/170/167 166/169/166 169/172/169 170/173/170 
f 170/173/170 171/174/171 172/175/172 167/170/167 
f 167/170/167 172/175/172 104/107/104 168/171/168 
f 173/176/173 171/174/171 174/177/174 175/178/175 
f 175/178/175 60/62/60 94/97/94 173/176/173 
f 173/176/173 94/97/94 93/96/93 99/102/99 
f 175/178/175 174/177/174 176/179/176 177/180/177 
f 177/180/177 32/33/32 60/62/60 175/178/175 
f 177/180/177 176/179/176 178/181/178 179/182/179 
f 179/182/179 31/34/31 32/33/32 177/180/177 
f 179/183/179 178/184/178 41/43/41 40/42/40 
f 40/42/40 15/15/15 31/32/31 179/183/179 
f 180/185/180 181/186/181 182/187/182 183/188/183 
f 184/189/184 185/190/185 181/191/181 180/192/180 
f 185/190/185 186/193/186 187/194/187 181/191/181 
f 185/190/185 184/189/184 188/195/188 189/196/189 
f 189/196/189 190/197/190 186/193/186 185/190/185 
f 190/197/190 72/74/72 71/73/71 186/193/186 
f 190/197/190 189/196/189 169/172/169 191/198/191 
f 191/198/191 73/75/73 72/74/72 190/197/190 
f 191/198/191 169/172/169 166/169/166 165/168/165 
f 165/168/165 192/199/192 73/75/73 191/198/191 
f 192/199/192 193/200/193 74/76/74 73/75/73 
f 192/199/192 165/168/165 163/166/163 162/165/162 
f 162/165/162 194/201/194 193/200/193 192/199/192 
f 194/201/194 195/202/195 196/203/196 193/200/193 
f 194/201/194 162/165/162 160/163/160 159/162/159 
f 159/162/159 197/204/197 195/202/195 194/201/194 
f 198/205/198 199/206/199 195/202/195 197/204/197 
f 159/162/159 157/160/157 156/159/156 197/204/197 
f 197/204/197 156/159/156 200/207/200 198/205/198 
f 201/208/201 202/209/202 198/205/198 200/207/200 
f 200/207/200 156/159/156 154/157/154 153/156/153 
f 200/207/200 153/156/153 203/210/203 201/208/201 
f 203/210/203 153/156/153 151/154/151 150/153/150 
f 204/211/204 205/212/205 206/213/206 199/206/199 
f 199/206/199 198/205/198 202/209/202 204/211/204 
f 205/212/205 207/214/207 208/215/208 206/213/206 
f 206/213/206 208/215/208 209/216/209 196/203/196 
f 207/214/207 210/217/210 211/218/211 208/215/208 
f 208/215/208 211/218/211 212/219/212 209/216/209 
f 211/220/211 213/221/213 214/222/214 212/223/212 
f 212/223/212 214/222/214 215/224/215 216/225/216 
f 216/226/216 70/72/70 209/216/209 212/219/212 
f 215/224/215 217/227/217 218/228/218 216/225/216 
f 216/226/216 218/229/218 71/73/71 70/72/70 
f 217/227/217 219/230/219 187/231/187 218/228/218 
f 218/229/218 187/194/187 186/193/186 71/73/71 
f 219/230/219 217/227/217 220/232/220 221/233/221 
f 221/233/221 222/234/222 182/187/182 219/230/219 
f 219/230/219 182/187/182 181/186/181 187/231/187 
f 222/234/222 221/233/221 223/235/223 224/236/224 
f 222/234/222 224/236/224 225/237/225 226/238/226 
f 226/238/226 183/188/183 182/187/182 222/234/222 
f 224/236/224 227/239/227 228/240/228 225/237/225 
f 225/237/225 228/240/228 229/241/229 230/242/230 
f 230/242/230 42/44/42 226/238/226 225/237/225 
f 231/243/231 232/244/232 56/58/56 35/37/35 
f 231/243/231 35/37/35 34/36/34 39/41/39 
f 229/241/229 233/245/233 234/246/234 232/244/232 
f 232/244/232 234/246/234 57/59/57 56/58/56 
f 233/245/233 235/247/235 236/248/236 234/246/234 
f 234/246/234 236/248/236 59/61/59 57/59/57 
f 236/248/236 235/247/235 237/249/237 238/250/238 
f 236/248/236 238/250/238 239/251/239 59/61/59 
f 239/251/239 238/250/238 78/80/78 77/79/77 
f 239/251/239 77/79/77 240/252/240 241/253/241 
f 241/253/241 58/60/58 59/61/59 239/251/239 
f 241/253/241 240/252/240 49/51/49 48/50/48 
f 48/50/48 46/48/46 58/60/58 241/253/241 
f 77/79/77 76/78/76 82/84/82 240/252/240 
f 240/252/240 82/84/82 242/254/242 49/51/49 
f 82/84/82 68/70/68 61/63/61 242/254/242 
f 242/254/242 61/63/61 53/55/53 243/255/243 
f 243/255/243 50/52/50 49/51/49 242/254/242 
f 53/55/53 25/25/25 24/24/24 243/255/243 
f 243/255/243 24/24/24 52/54/52 50/52/50 
f 238/250/238 237/249/237 244/256/244 78/80/78 
f 245/257/245 246/258/246 247/259/247 248/260/248 
f 248/260/248 247/259/247 249/261/249 244/256/244 
f 248/260/248 250/262/250 251/263/251 245/257/245 
f 252/264/252 253/265/253 245/257/245 251/263/251 
f 250/262/250 254/266/254 255/267/255 251/263/251 
f 251/263/251 255/267/255 256/268/256 252/264/252 
f 257/269/257 258/270/258 252/264/252 256/268/256 
f 255/267/255 259/271/259 260/272/260 256/268/256 
f 256/268/256 260/272/260 261/273/261 257/269/257 
f 262/274/262 263/275/263 257/269/257 261/273/261 
f 260/272/260 264/276/264 265/277/265 261/273/261 
f 261/273/261 265/277/265 266/278/266 262/274/262 
f 267/279/267 268/280/268 262/274/262 266/278/266 
f 266/278/266 265/277/265 269/281/269 270/282/270 
f 266/278/266 270/282/270 271/283/271 267/279/267 
f 272/284/272 273/285/273 267/279/267 271/283/271 
f 270/282/270 274/286/274 275/287/275 271/283/271 
f 271/283/271 275/287/275 276/288/276 272/284/272 
f 277/289/277 278/290/278 272/284/272 276/288/276 
f 275/287/275 214/222/214 213/221/213 276/288/276 
f 276/288/276 213/221/213 279/291/279 277/289/277 
f 279/291/279 213/221/213 211/220/211 210/292/210 
f 280/293/280 281/294/281 273/285/273 282/295/282 
f 273/285/273 272/284/272 278/290/278 282/295/282 
f 281/294/281 280/293/280 283/296/283 284/297/284 
f 281/294/281 284/297/284 285/298/285 268/280/268 
f 268/280/268 267/279/267 273/285/273 281/294/281 
f 285/298/285 284/297/284 286/299/286 287/300/287 
f 285/298/285 287/300/287 288/301/288 263/275/263 
f 263/275/263 262/274/262 268/280/268 285/298/285 
f 287/300/287 289/302/289 290/303/290 288/301/288 
f 288/301/288 290/303/290 291/304/291 258/270/258 
f 258/270/258 257/269/257 263/275/263 288/301/288 
f 290/303/290 292/305/292 293/306/293 291/304/291 
f 291/304/291 293/306/293 294/307/294 253/265/253 
f 253/265/253 252/264/252 258/270/258 291/304/291 
f 293/306/293 295/308/295 296/309/296 294/307/294 
f 294/307/294 296/309/296 297/310/297 246/258/246 
f 246/258/246 245/257/245 253/265/253 294/307/294 
f 296/309/296 298/311/298 299/312/299 297/310/297 
f 297/310/297 299/312/299 300/313/300 301/314/301 
f 301/314/301 247/259/247 246/258/246 297/310/297 
f 300/313/300 302/315/302 303/316/303 301/314/301 
f 301/314/301 303/316/303 249/261/249 247/259/247 
f 304/317/304 305/318/305 86/88/86 83/85/83 
f 83/85/83 80/82/80 81/83/81 304/317/304 
f 305/318/305 302/315/302 306/319/306 307/320/307 
f 307/320/307 308/321/308 86/88/86 305/318/305 
f 308/321/308 307/320/307 309/322/309 310/323/310 
f 310/323/310 311/324/311 312/325/312 308/321/308 
f 308/321/308 312/325/312 84/86/84 86/88/86 
f 311/324/311 313/326/313 314/327/314 312/325/312 
f 312/325/312 314/327/314 85/87/85 84/86/84 
f 315/328/315 314/327/314 313/326/313 
f 314/327/314 315/328/315 316/329/316 85/87/85 
f 317/330/317 67/69/67 85/87/85 316/329/316 
f 100/103/100 96/99/96 95/98/95 318/331/318 
f 318/331/318 319/332/319 320/333/320 100/103/100 
f 105/108/105 101/104/101 100/103/100 320/333/320 
f 319/332/319 321/334/321 322/335/322 320/333/320 
f 322/335/322 323/336/323 105/108/105 320/333/320 
f 323/336/323 324/337/324 106/109/106 105/108/105 
f 323/336/323 322/335/322 325/338/325 326/339/326 
f 326/339/326 327/340/327 324/337/324 323/336/323 
f 327/340/327 328/341/328 112/115/112 324/337/324 
f 326/339/326 329/342/329 330/343/330 327/340/327 
f 327/340/327 330/343/330 331/344/331 328/341/328 
f 332/345/332 122/125/122 118/121/118 117/120/117 
f 331/344/331 333/346/333 334/347/334 332/345/332 
f 334/347/334 335/348/335 122/125/122 332/345/332 
f 127/130/127 123/126/123 122/125/122 335/348/335 
f 334/347/334 336/349/336 337/350/337 335/348/335 
f 335/348/335 337/350/337 338/351/338 127/130/127 
f 132/135/132 128/131/128 127/130/127 338/351/338 
f 337/350/337 299/312/299 298/311/298 338/351/338 
f 338/351/338 298/311/298 339/352/339 132/135/132 
f 137/140/137 133/136/133 132/135/132 339/352/339 
f 298/311/298 296/309/296 295/308/295 339/352/339 
f 339/352/339 295/308/295 340/353/340 137/140/137 
f 142/145/142 138/141/138 137/140/137 340/353/340 
f 295/308/295 293/306/293 292/305/292 340/353/340 
f 340/353/340 292/305/292 341/354/341 142/145/142 
f 145/148/145 143/146/143 142/145/142 341/354/341 
f 292/305/292 290/303/290 289/302/289 341/354/341 
f 341/354/341 289/302/289 342/355/342 145/148/145 
f 342/355/342 343/356/343 146/149/146 145/148/145 
f 289/302/289 287/300/287 286/299/286 342/355/342 
f 286/299/286 344/357/344 343/356/343 342/355/342 
f 344/357/344 286/299/286 284/297/284 283/296/283 
f 336/349/336 300/313/300 299/312/299 337/350/337 
f 333/346/333 306/319/306 336/349/336 334/347/334 
f 329/342/329 310/323/310 309/322/309 330/343/330 
f 326/339/326 325/338/325 345/358/345 329/342/329 
f 329/342/329 345/358/345 311/324/311 310/323/310 
f 325/338/325 346/359/346 347/360/347 345/358/345 
f 345/358/345 347/360/347 313/326/313 311/324/311 
f 322/335/322 321/334/321 346/359/346 325/338/325 
f 274/286/274 215/224/215 214/222/214 275/287/275 
f 270/282/270 269/281/269 220/232/220 274/286/274 
f 274/286/274 220/232/220 217/227/217 215/224/215 
f 265/277/265 264/276/264 223/235/223 269/281/269 
f 269/281/269 223/235/223 221/233/221 220/232/220 
f 264/276/264 260/272/260 259/271/259 227/239/227 
f 227/239/227 224/236/224 223/235/223 264/276/264 
f 259/271/259 255/267/255 254/266/254 348/361/348 
f 348/361/348 228/240/228 227/239/227 259/271/259 
f 189/196/189 188/195/188 170/173/170 169/172/169 
f 94/97/94 60/62/60 29/29/29 90/93/90 
f 63/65/63 62/64/62 67/69/67 317/330/317 
f 196/203/196 209/216/209 70/72/70 69/71/69 
f 193/200/193 196/203/196 69/71/69 74/76/74 
f 64/66/64 27/27/27 26/26/26 54/56/54 
f 47/49/47 36/38/36 35/37/35 56/58/56 
f 24/24/24 23/23/23 349/362/349 52/54/52 
f 52/54/52 349/362/349 44/46/44 45/47/45 
f 23/23/23 22/22/22 350/363/350 349/362/349 
f 349/362/349 350/363/350 37/39/37 44/46/44 
f 350/363/350 22/22/22 7/7/7 9/9/9 
f 350/363/350 9/9/9 38/40/38 37/39/37 
f 14/14/14 34/36/34 33/35/33 38/40/38 
f 38/40/38 9/9/9 2/2/2 14/14/14 
f 21/21/21 8/8/8 7/7/7 22/22/22 
f 206/213/206 196/203/196 195/202/195 199/206/199 
f 351/364/351 20/20/20 27/27/27 
f 351/364/351 352/365/352 21/21/21 20/20/20 
f 352/365/352 353/366/353 8/8/8 21/21/21 
f 353/366/353 354/367/354 5/5/5 8/8/8 
f 354/367/354 355/368/355 6/6/6 5/5/5 
f 10/10/10 6/6/6 355/368/355 
f 42/44/42 41/43/41 183/188/183 226/238/226 
f 103/106/103 111/114/111 168/171/168 104/107/104 
f 107/110/107 108/111/108 111/114/111 103/106/103 
f 107/110/107 106/109/106 324/337/324 112/115/112 
f 171/174/171 173/176/173 99/102/99 172/175/172 
f 172/175/172 99/102/99 98/101/98 104/107/104 
f 171/174/171 170/173/170 188/195/188 174/177/174 
f 174/177/174 188/195/188 184/189/184 176/179/176 
f 176/179/176 184/189/184 180/192/180 178/181/178 
f 178/184/178 180/185/180 183/188/183 41/43/41 
f 230/242/230 229/241/229 232/244/232 231/243/231 
f 231/243/231 39/41/39 42/44/42 230/242/230 
f 228/240/228 348/361/348 233/245/233 229/241/229 
f 348/361/348 254/266/254 235/247/235 233/245/233 
f 254/266/254 250/262/250 237/249/237 235/247/235 
f 237/249/237 250/262/250 248/260/248 244/256/244 
f 244/256/244 249/261/249 81/83/81 78/80/78 
f 302/315/302 305/318/305 304/317/304 303/316/303 
f 303/316/303 304/317/304 81/83/81 249/261/249 
f 302/315/302 300/313/300 336/349/336 306/319/306 
f 328/341/328 117/120/117 113/116/113 112/115/112 
f 331/344/331 332/345/332 117/120/117 328/341/328 
f 330/343/330 309/322/309 333/346/333 331/344/331 
f 309/322/309 307/320/307 306/319/306 333/346/333 
f 356/369/356 357/370/357 358/371/358 359/372/359 
f 360/373/360 361/374/361 357/370/357 356/369/356 
f 356/369/356 359/372/359 362/375/362 360/373/360 
f 363/376/363 364/377/364 365/378/365 366/379/366 
f 367/380/367 368/381/368 363/376/363 366/379/366 
f 366/379/366 365/378/365 369/382/369 367/380/367 
f 370/383/370 371/384/371 372/385/372 373/386/373 
f 374/387/374 375/388/375 376/389/376 377/390/377 
f 378/391/378 364/377/364 375/388/375 374/387/374 
f 379/392/379 380/393/380 381/394/381 382/395/382 
f 383/396/383 384/397/384 382/398/382 381/399/381 
f 380/393/380 385/400/385 386/401/386 381/394/381 
f 381/399/381 386/402/386 387/403/387 383/396/383 
f 388/404/388 371/384/371 383/396/383 387/403/387 
f 387/403/387 386/402/386 389/405/389 390/406/390 
f 390/406/390 391/407/391 388/404/388 387/403/387 
f 391/407/391 392/408/392 393/409/393 388/404/388 
f 394/410/394 395/411/395 396/412/396 397/413/397 
f 397/413/397 398/414/398 399/415/399 394/410/394 
f 398/414/398 400/416/400 401/417/401 399/415/399 
f 398/414/398 397/413/397 402/418/402 403/419/403 
f 403/419/403 361/374/361 400/416/400 398/414/398 
f 403/419/403 402/418/402 404/420/404 405/421/405 
f 405/421/405 357/370/357 361/374/361 403/419/403 
f 405/421/405 404/420/404 406/422/406 407/423/407 
f 407/423/407 358/371/358 357/370/357 405/421/405 
f 407/423/407 406/422/406 408/424/408 409/425/409 
f 409/425/409 410/426/410 358/371/358 407/423/407 
f 409/425/409 411/427/411 412/428/412 410/426/410 
f 410/426/410 412/428/412 413/429/413 414/430/414 
f 410/426/410 414/430/414 359/372/359 358/371/358 
f 413/429/413 415/431/415 416/432/416 414/430/414 
f 416/432/416 362/375/362 359/372/359 414/430/414 
f 416/432/416 415/431/415 417/433/417 418/434/418 
f 418/434/418 419/435/419 362/375/362 416/432/416 
f 419/435/419 420/436/420 360/373/360 362/375/362 
f 419/435/419 418/434/418 421/437/421 422/438/422 
f 422/438/422 423/439/423 420/436/420 419/435/419 
f 418/434/418 417/433/417 424/440/424 421/437/421 
f 420/436/420 400/416/400 361/374/361 360/373/360 
f 423/439/423 401/417/401 400/416/400 420/436/420 
f 415/431/415 372/385/372 393/409/393 417/433/417 
f 417/433/417 393/409/393 392/408/392 424/440/424 
f 415/431/415 413/429/413 373/386/373 372/385/372 
f 409/425/409 408/424/408 425/441/425 411/427/411 
f 426/442/426 425/441/425 369/382/369 427/443/427 
f 428/444/428 429/445/429 430/446/430 431/447/431 
f 431/447/431 430/446/430 432/448/432 433/449/433 
f 430/446/430 434/450/434 435/451/435 432/448/432 
f 432/448/432 435/451/435 436/452/436 437/453/437 
f 437/453/437 438/454/438 433/449/433 432/448/432 
f 437/453/437 436/452/436 439/455/439 440/456/440 
f 440/456/440 441/457/441 438/454/438 437/453/437 
f 441/457/441 440/456/440 442/458/442 443/459/443 
f 444/460/444 445/461/445 446/462/446 447/463/447 
f 444/460/444 448/464/448 449/465/449 445/461/445 
f 449/465/449 450/466/450 451/467/451 445/461/445 
f 449/465/449 448/464/448 443/459/443 442/458/442 
f 442/458/442 452/468/452 450/466/450 449/465/449 
f 452/468/452 453/469/453 454/470/454 450/466/450 
f 452/468/452 442/458/442 440/456/440 439/455/439 
f 439/455/439 455/471/455 453/469/453 452/468/452 
f 455/471/455 439/455/439 436/452/436 456/472/456 
f 457/473/457 458/474/458 459/475/459 460/476/460 
f 460/476/460 461/477/461 462/478/462 457/473/457 
f 461/477/461 463/479/463 464/480/464 462/478/462 
f 461/477/461 460/476/460 465/481/465 377/390/377 
f 377/390/377 376/389/376 463/479/463 461/477/461 
f 463/479/463 466/482/466 467/483/467 464/480/464 
f 466/482/466 396/412/396 395/411/395 467/483/467 
f 466/482/466 463/479/463 376/389/376 468/484/468 
f 468/484/468 469/485/469 396/412/396 466/482/466 
f 469/485/469 402/418/402 397/413/397 396/412/396 
f 469/485/469 468/484/468 470/486/470 471/487/471 
f 471/487/471 404/420/404 402/418/402 469/485/469 
f 471/487/471 470/486/470 363/376/363 368/381/368 
f 368/381/368 406/422/406 404/420/404 471/487/471 
f 468/484/468 376/389/376 375/388/375 470/486/470 
f 470/486/470 375/388/375 364/377/364 363/376/363 
f 460/476/460 459/475/459 429/445/429 465/481/465 
f 459/475/459 458/474/458 472/488/472 434/450/434 
f 434/450/434 430/446/430 429/445/429 459/475/459 
f 473/489/473 474/490/474 451/467/451 475/491/475 
f 475/491/475 451/467/451 450/466/450 454/470/454 
f 473/489/473 476/492/476 477/493/477 474/490/474 
f 477/493/477 478/494/478 446/462/446 474/490/474 
f 474/490/474 446/462/446 445/461/445 451/467/451 
f 477/493/477 479/495/479 480/496/480 478/494/478 
f 478/494/478 480/496/480 481/497/481 482/498/482 
f 478/494/478 482/498/482 447/463/447 446/462/446 
f 480/496/480 483/499/483 484/500/484 481/497/481 
f 485/501/485 486/502/486 487/503/487 488/504/488 
f 489/505/489 490/506/490 488/504/488 487/503/487 
f 486/502/486 484/500/484 483/499/483 487/503/487 
f 487/503/487 483/499/483 491/507/491 489/505/489 
f 492/508/492 493/509/493 489/505/489 491/507/491 
f 483/499/483 480/496/480 479/495/479 491/507/491 
f 491/507/491 479/495/479 494/510/494 492/508/492 
f 479/495/479 477/493/477 476/492/476 494/510/494 
f 495/511/495 496/512/496 497/513/497 490/506/490 
f 490/506/490 497/513/497 498/514/498 488/504/488 
f 490/506/490 489/505/489 493/509/493 495/511/495 
f 497/513/497 385/400/385 380/393/380 498/514/498 
f 496/512/496 499/515/499 385/400/385 497/513/497 
f 499/515/499 389/516/389 386/401/386 385/400/385 
f 500/517/500 435/451/435 434/450/434 472/488/472 
f 456/472/456 436/452/436 435/451/435 500/517/500 
f 428/444/428 501/518/501 465/481/465 429/445/429 
f 502/519/502 365/378/365 364/377/364 378/391/378 
f 427/443/427 369/382/369 365/378/365 502/519/502 
f 425/441/425 408/424/408 367/380/367 369/382/369 
f 408/424/408 406/422/406 368/381/368 367/380/367 
f 372/385/372 371/384/371 388/404/388 393/409/393 
f 384/397/384 383/396/383 371/384/371 370/383/370 
f 377/390/377 465/481/465 501/518/501 374/387/374 
f 498/514/498 380/393/380 379/392/379 503/520/503 
f 488/504/488 498/514/498 503/520/503 485/501/485 
f 504/521/504 505/522/505 506/523/506 411/427/411 
f 426/442/426 504/521/504 411/427/411 425/441/425 
f 507/524/507 370/383/370 373/386/373 508/525/508 
f 508/525/508 373/386/373 413/429/413 412/428/412 
f 505/522/505 507/524/507 508/525/508 506/523/506 
f 506/523/506 508/525/508 412/428/412 411/427/411 
f 509/526/509 510/527/510 511/528/511 512/529/512 
f 509/526/509 423/530/423 422/531/422 510/527/510 
f 512/529/512 401/532/401 423/530/423 509/526/509 
f 513/533/513 514/534/514 515/535/515 516/536/516 
f 517/537/517 518/538/518 514/534/514 513/533/513 
f 513/533/513 516/536/516 519/539/519 517/537/517 
f 520/540/520 521/541/521 522/542/522 523/543/523 
f 523/543/523 524/544/524 525/545/525 520/540/520 
f 526/546/526 527/547/527 524/544/524 523/543/523 
f 522/542/522 528/548/528 529/549/529 523/543/523 
f 529/549/529 530/550/530 526/546/526 523/543/523 
f 531/551/531 532/552/532 533/553/533 534/554/534 
f 531/551/531 534/554/534 535/555/535 536/556/536 
f 536/556/536 537/557/537 532/552/532 531/551/531 
f 538/558/538 529/549/529 528/548/528 539/559/539 
f 540/560/540 541/561/541 538/558/538 539/559/539 
f 534/554/534 533/553/533 542/562/542 543/563/543 
f 542/562/542 544/564/544 545/565/545 543/563/543 
f 543/563/543 545/565/545 535/555/535 534/554/534 
f 546/566/546 547/567/547 548/568/548 549/569/549 
f 546/566/546 550/570/550 551/571/551 547/567/547 
f 546/566/546 549/569/549 552/572/552 550/570/550 
f 553/573/553 554/574/554 555/575/555 556/576/556 
f 553/573/553 549/569/549 548/568/548 554/574/554 
f 553/573/553 556/576/556 552/577/552 549/569/549 
f 390/578/390 557/579/557 558/580/558 391/581/391 
f 558/580/558 559/582/559 392/583/392 391/581/391 
f 560/584/560 424/585/424 392/583/392 559/582/559 
f 558/580/558 561/586/561 562/587/562 559/582/559 
f 559/582/559 562/587/562 563/588/563 560/584/560 
f 564/589/564 565/590/565 560/584/560 563/588/563 
f 562/587/562 566/591/566 515/535/515 563/588/563 
f 563/588/563 515/535/515 514/534/514 564/589/564 
f 562/587/562 561/586/561 567/592/567 566/591/566 
f 566/591/566 567/592/567 568/593/568 569/594/569 
f 569/594/569 516/536/516 515/535/515 566/591/566 
f 569/594/569 568/593/568 570/595/570 571/596/571 
f 571/596/571 519/539/519 516/536/516 569/594/569 
f 571/596/571 570/595/570 572/597/572 573/598/573 
f 573/598/573 574/599/574 519/539/519 571/596/571 
f 574/599/574 575/600/575 517/537/517 519/539/519 
f 574/599/574 573/598/573 467/601/467 395/602/395 
f 395/602/395 394/603/394 575/600/575 574/599/574 
f 394/603/394 399/604/399 576/605/576 575/600/575 
f 424/585/424 560/584/560 565/590/565 421/606/421 
f 421/606/421 565/590/565 510/527/510 422/531/422 
f 455/607/455 577/608/577 578/609/578 453/610/453 
f 456/611/456 579/612/579 577/608/577 455/607/455 
f 579/612/579 580/613/580 581/614/581 577/608/577 
f 579/612/579 456/611/456 500/615/500 582/616/582 
f 582/616/582 583/617/583 580/613/580 579/612/579 
f 583/617/583 530/550/530 584/618/584 580/613/580 
f 583/617/583 582/616/582 585/619/585 586/620/586 
f 586/620/586 526/546/526 530/550/530 583/617/583 
f 587/621/587 527/547/527 526/546/526 586/620/586 
f 586/620/586 585/619/585 588/622/588 587/621/587 
f 589/623/589 590/624/590 587/621/587 588/622/588 
f 585/619/585 472/625/472 458/626/458 588/622/588 
f 458/626/458 457/627/457 589/623/589 588/622/588 
f 457/627/457 462/628/462 591/629/591 589/623/589 
f 464/630/464 467/601/467 573/598/573 572/597/572 
f 572/597/572 591/629/591 462/628/462 464/630/464 
f 591/629/591 572/597/572 570/595/570 592/631/592 
f 592/631/592 590/624/590 589/623/589 591/629/591 
f 592/631/592 570/595/570 568/593/568 593/632/593 
f 593/632/593 594/633/594 590/624/590 592/631/592 
f 594/633/594 593/632/593 595/634/595 596/635/596 
f 596/635/596 524/544/524 527/547/527 594/633/594 
f 527/547/527 587/621/587 590/624/590 594/633/594 
f 596/635/596 595/634/595 597/636/597 598/637/598 
f 598/637/598 525/545/525 524/544/524 596/635/596 
f 597/636/597 557/579/557 599/638/599 598/637/598 
f 599/638/599 600/639/600 525/545/525 598/637/598 
f 600/639/600 599/638/599 389/640/389 499/641/499 
f 499/641/499 496/642/496 601/643/601 600/639/600 
f 600/639/600 601/643/601 520/540/520 525/545/525 
f 496/642/496 495/644/495 602/645/602 601/643/601 
f 601/643/601 602/645/602 521/541/521 520/540/520 
f 495/644/495 493/646/493 603/647/603 602/645/602 
f 602/645/602 603/647/603 604/648/604 521/541/521 
f 605/649/605 522/542/522 521/541/521 604/648/604 
f 603/647/603 606/650/606 607/651/607 604/648/604 
f 604/648/604 607/651/607 608/652/608 605/649/605 
f 609/653/609 539/559/539 605/649/605 608/652/608 
f 607/651/607 610/654/610 611/655/611 608/652/608 
f 608/652/608 611/655/611 612/656/612 609/653/609 
f 612/656/612 613/657/613 614/658/614 609/653/609 
f 611/655/611 615/659/615 616/660/616 612/656/612 
f 616/660/616 617/661/617 613/657/613 612/656/612 
f 617/661/617 618/662/618 619/663/619 613/657/613 
f 617/661/617 616/660/616 620/664/620 621/665/621 
f 621/665/621 622/666/622 618/662/618 617/661/617 
f 622/666/622 552/577/552 556/576/556 618/662/618 
f 622/667/622 621/668/621 623/669/623 624/670/624 
f 624/670/624 550/570/550 552/572/552 622/667/622 
f 624/670/624 623/669/623 625/671/625 626/672/626 
f 626/672/626 551/571/551 550/570/550 624/670/624 
f 626/672/626 625/671/625 627/673/627 628/674/628 
f 628/674/628 537/557/537 551/571/551 626/672/626 
f 628/674/628 627/673/627 629/675/629 630/676/630 
f 630/676/630 532/552/532 537/557/537 628/674/628 
f 630/676/630 629/675/629 541/561/541 631/677/631 
f 631/677/631 533/553/533 532/552/532 630/676/630 
f 541/561/541 540/560/540 632/678/632 631/677/631 
f 632/678/632 542/562/542 533/553/533 631/677/631 
f 632/678/632 540/560/540 614/658/614 633/679/633 
f 633/679/633 544/564/544 542/562/542 632/678/632 
f 633/679/633 614/658/614 613/657/613 619/663/619 
f 633/679/633 619/663/619 555/575/555 544/564/544 
f 627/673/627 634/680/634 635/681/635 629/675/629 
f 635/681/635 538/558/538 541/561/541 629/675/629 
f 634/680/634 636/682/636 637/683/637 635/681/635 
f 635/681/635 637/683/637 584/618/584 538/558/538 
f 636/682/636 638/684/638 581/614/581 637/683/637 
f 637/683/637 581/614/581 580/613/580 584/618/584 
f 638/684/638 636/682/636 639/685/639 640/686/640 
f 640/686/640 641/687/641 578/609/578 638/684/638 
f 638/684/638 578/609/578 577/608/577 581/614/581 
f 641/687/641 640/686/640 642/688/642 643/689/643 
f 643/689/643 475/690/475 454/691/454 641/687/641 
f 641/687/641 454/691/454 453/610/453 578/609/578 
f 475/690/475 643/689/643 644/692/644 473/693/473 
f 645/694/645 606/650/606 492/695/492 494/696/494 
f 494/696/494 476/697/476 646/698/646 645/694/645 
f 647/699/647 610/654/610 645/694/645 646/698/646 
f 476/697/476 473/700/473 644/701/644 646/698/646 
f 646/698/646 644/701/644 648/702/648 647/699/647 
f 649/703/649 615/659/615 647/699/647 648/702/648 
f 644/692/644 643/689/643 642/688/642 648/704/648 
f 642/688/642 650/705/650 649/706/649 648/704/648 
f 650/705/650 651/707/651 620/708/620 649/706/649 
f 650/705/650 642/688/642 640/686/640 639/685/639 
f 639/685/639 652/709/652 651/707/651 650/705/650 
f 652/709/652 625/671/625 623/669/623 651/707/651 
f 652/709/652 639/685/639 636/682/636 634/680/634 
f 634/680/634 627/673/627 625/671/625 652/709/652 
f 651/707/651 623/669/623 621/668/621 620/708/620 
f 649/703/649 620/664/620 616/660/616 615/659/615 
f 615/659/615 611/655/611 610/654/610 647/699/647 
f 610/654/610 607/651/607 606/650/606 645/694/645 
f 606/650/606 603/647/603 493/646/493 492/695/492 
f 618/662/618 556/576/556 555/575/555 619/663/619 
f 540/560/540 539/559/539 609/653/609 614/658/614 
f 539/559/539 528/548/528 522/542/522 605/649/605 
f 599/638/599 557/579/557 390/578/390 389/640/389 
f 561/586/561 558/580/558 557/579/557 597/636/597 
f 595/634/595 567/592/567 561/586/561 597/636/597 
f 593/632/593 568/593/568 567/592/567 595/634/595 
f 472/625/472 585/619/585 582/616/582 500/615/500 
f 530/550/530 529/549/529 538/558/538 584/618/584 
f 512/529/512 511/528/511 518/538/518 576/605/576 
f 518/538/518 517/537/517 575/600/575 576/605/576 
f 399/604/399 401/532/401 512/529/512 576/605/576 
f 565/590/565 564/589/564 511/528/511 510/527/510 
f 564/589/564 514/534/514 518/538/518 511/528/511 
f 554/574/554 545/565/545 544/564/544 555/575/555 
f 548/568/548 535/555/535 545/565/545 554/574/554 
f 537/557/537 536/556/536 547/567/547 551/571/551 
f 547/567/547 536/556/536 535/555/535 548/568/548 
f 384/710/384 653/711/653 654/712/654 382/713/382 
f 655/714/655 656/715/656 657/716/657 658/717/658 
f 659/718/659 660/719/660 661/720/661 662/721/662 
f 663/722/663 660/719/660 659/718/659 438/723/438 
f 659/718/659 662/721/662 433/724/433 438/723/438 
f 664/725/664 665/726/665 140/727/140 144/728/144 
f 144/728/144 146/729/146 666/730/666 664/725/664 
f 666/730/666 667/731/667 668/732/668 664/725/664 
f 146/729/146 343/733/343 669/734/669 666/730/666 
f 669/734/669 670/735/670 667/731/667 666/730/666 
f 670/735/670 671/736/671 672/737/672 667/731/667 
f 670/735/670 669/734/669 673/738/673 674/739/674 
f 670/735/670 674/739/674 675/740/675 671/736/671 
f 673/738/673 676/741/676 677/742/677 674/739/674 
f 674/739/674 677/742/677 678/743/678 675/740/675 
f 676/741/676 679/744/679 680/745/680 677/742/677 
f 677/742/677 680/745/680 681/746/681 678/743/678 
f 682/747/682 661/720/661 683/748/683 684/749/684 
f 681/746/681 685/750/685 686/751/686 684/749/684 
f 684/749/684 686/751/686 687/752/687 682/747/682 
f 688/753/688 689/754/689 690/755/690 691/756/691 
f 687/752/687 692/757/692 693/758/693 688/753/688 
f 693/758/693 694/759/694 689/754/689 688/753/688 
f 694/759/694 695/760/695 696/761/696 689/754/689 
f 694/759/694 693/758/693 697/762/697 698/763/698 
f 698/763/698 699/764/699 695/760/695 694/759/694 
f 699/764/699 700/765/700 701/766/701 695/760/695 
f 699/764/699 698/763/698 702/767/702 703/768/703 
f 699/764/699 703/768/703 704/769/704 700/765/700 
f 703/768/703 705/770/705 706/771/706 704/769/704 
f 705/770/705 707/772/707 654/712/654 706/771/706 
f 707/772/707 705/770/705 708/773/708 709/774/709 
f 707/772/707 379/775/379 382/713/382 654/712/654 
f 427/776/427 710/777/710 701/766/701 426/778/426 
f 710/777/710 427/776/427 502/779/502 711/780/711 
f 711/780/711 712/781/712 696/761/696 710/777/710 
f 710/777/710 696/761/696 695/760/695 701/766/701 
f 712/781/712 711/780/711 713/782/713 714/783/714 
f 714/783/714 715/784/715 690/755/690 712/781/712 
f 712/781/712 690/755/690 689/754/689 696/761/696 
f 715/784/715 714/783/714 428/785/428 431/786/431 
f 715/784/715 431/786/431 433/724/433 662/721/662 
f 715/784/715 662/721/662 691/756/691 690/755/690 
f 443/787/443 716/788/716 717/789/717 441/790/441 
f 441/790/441 717/789/717 663/722/663 438/723/438 
f 718/791/718 716/788/716 719/792/719 720/793/720 
f 720/793/720 721/794/721 722/795/722 718/791/718 
f 718/791/718 722/795/722 672/737/672 723/796/723 
f 724/797/724 721/798/721 725/799/725 726/800/726 
f 726/800/726 727/801/727 665/802/665 724/797/724 
f 724/803/724 665/726/665 664/725/664 668/732/668 
f 727/801/727 726/800/726 728/804/728 729/805/729 
f 729/805/729 149/806/149 141/807/141 727/801/727 
f 727/801/727 141/807/141 140/808/140 665/802/665 
f 149/806/149 729/805/729 730/809/730 147/810/147 
f 731/811/731 732/812/732 201/813/201 203/814/203 
f 150/815/150 733/816/733 731/811/731 203/814/203 
f 733/816/733 734/817/734 735/818/735 731/811/731 
f 733/816/733 150/815/150 147/810/147 730/809/730 
f 730/809/730 736/819/736 734/817/734 733/816/733 
f 736/819/736 737/820/737 738/821/738 734/817/734 
f 736/819/736 730/809/730 729/805/729 728/804/728 
f 728/804/728 739/822/739 737/820/737 736/819/736 
f 740/823/740 741/824/741 742/825/742 743/826/743 
f 743/826/743 739/822/739 725/799/725 744/827/744 
f 743/826/743 744/827/744 745/828/745 740/823/740 
f 444/829/444 745/828/745 719/830/719 448/831/448 
f 481/832/481 484/833/484 746/834/746 747/835/747 
f 747/835/747 741/824/741 482/836/482 481/832/481 
f 746/834/746 748/837/748 749/838/749 750/839/750 
f 750/839/750 749/838/749 751/840/751 752/841/752 
f 752/841/752 738/821/738 753/842/753 750/839/750 
f 751/840/751 754/843/754 755/844/755 756/845/756 
f 756/845/756 755/844/755 757/846/757 732/812/732 
f 732/812/732 731/811/731 735/818/735 756/845/756 
f 755/844/755 758/847/758 759/848/759 757/846/757 
f 757/846/757 759/848/759 204/849/204 202/850/202 
f 202/850/202 201/813/201 732/812/732 757/846/757 
f 759/848/759 760/851/760 205/852/205 204/849/204 
f 761/853/761 762/854/762 277/855/277 279/856/279 
f 279/856/279 210/857/210 763/858/763 761/853/761 
f 764/859/764 765/860/765 761/853/761 763/858/763 
f 210/857/210 207/861/207 766/862/766 763/858/763 
f 763/858/763 766/862/766 767/863/767 764/859/764 
f 768/864/768 769/865/769 764/859/764 767/863/767 
f 766/862/766 760/851/760 770/866/770 767/863/767 
f 767/863/767 770/866/770 771/867/771 768/864/768 
f 772/868/772 773/869/773 774/870/774 775/871/775 
f 771/867/771 776/872/776 777/873/777 775/871/775 
f 777/873/777 778/874/778 772/868/772 775/871/775 
f 776/872/776 754/843/754 779/875/779 777/873/777 
f 779/875/779 780/876/780 778/874/778 777/873/777 
f 780/876/780 748/837/748 486/877/486 485/878/485 
f 709/774/709 708/773/708 781/879/781 782/880/782 
f 782/880/782 781/879/781 783/881/783 773/869/773 
f 782/880/782 656/715/656 655/714/655 709/774/709 
f 781/879/781 708/773/708 702/767/702 784/882/784 
f 784/882/784 785/883/785 783/881/783 781/879/781 
f 785/883/785 786/884/786 787/885/787 788/886/788 
f 788/886/788 787/885/787 789/887/789 790/888/790 
f 790/888/790 769/865/769 791/889/791 788/886/788 
f 789/887/789 792/890/792 793/891/793 794/892/794 
f 794/892/794 793/891/793 795/893/795 762/854/762 
f 762/854/762 761/853/761 765/860/765 794/892/794 
f 793/891/793 796/894/796 797/895/797 795/893/795 
f 795/893/795 797/895/797 282/896/282 278/897/278 
f 278/897/278 277/855/277 762/854/762 795/893/795 
f 797/895/797 679/744/679 280/898/280 282/896/282 
f 673/738/673 669/734/669 343/733/343 344/899/344 
f 283/900/283 676/741/676 673/738/673 344/899/344 
f 280/898/280 679/744/679 676/741/676 283/900/283 
f 796/894/796 680/745/680 679/744/679 797/895/797 
f 792/890/792 685/750/685 796/894/796 793/891/793 
f 786/884/786 692/757/692 798/901/798 787/885/787 
f 784/882/784 702/767/702 698/763/698 697/762/697 
f 760/851/760 759/848/759 758/847/758 770/866/770 
f 207/861/207 205/852/205 760/851/760 766/862/766 
f 714/783/714 713/782/713 501/902/501 428/785/428 
f 711/780/711 502/779/502 378/903/378 713/782/713 
f 705/770/705 703/768/703 702/767/702 708/773/708 
f 379/775/379 707/772/707 709/774/709 503/904/503 
f 374/905/374 501/902/501 713/782/713 378/903/378 
f 653/711/653 384/710/384 370/906/370 507/907/507 
f 507/907/507 505/908/505 704/769/704 706/771/706 
f 485/878/485 503/904/503 658/717/658 657/716/657 
f 658/717/658 503/904/503 709/774/709 655/714/655 
f 706/771/706 654/712/654 653/711/653 507/907/507 
f 505/908/505 504/909/504 700/765/700 704/769/704 
f 700/765/700 504/909/504 426/778/426 701/766/701 
f 799/910/799 683/748/683 661/720/661 660/719/660 
f 800/911/800 799/910/799 660/719/660 663/722/663 
f 691/756/691 662/721/662 661/720/661 682/747/682 
f 682/747/682 687/752/687 688/753/688 691/756/691 
f 686/751/686 798/901/798 692/757/692 687/752/687 
f 717/789/717 716/788/716 718/791/718 723/796/723 
f 723/796/723 800/911/800 663/722/663 717/789/717 
f 716/788/716 443/787/443 448/912/448 719/792/719 
f 447/913/447 482/836/482 741/824/741 740/823/740 
f 745/828/745 444/829/444 447/913/447 740/823/740 
f 744/827/744 720/914/720 719/830/719 745/828/745 
f 747/835/747 746/834/746 750/839/750 753/842/753 
f 753/842/753 742/825/742 741/824/741 747/835/747 
f 484/833/484 486/877/486 748/837/748 746/834/746 
f 656/715/656 782/880/782 773/869/773 772/868/772 
f 778/874/778 657/716/657 656/715/656 772/868/772 
f 780/876/780 485/878/485 657/716/657 778/874/778 
f 779/875/779 749/838/749 748/837/748 780/876/780 
f 773/869/773 783/881/783 791/889/791 774/870/774 
f 783/881/783 785/883/785 788/886/788 791/889/791 
f 785/883/785 784/882/784 697/762/697 786/884/786 
f 786/884/786 697/762/697 693/758/693 692/757/692 
f 800/911/800 723/796/723 672/737/672 671/736/671 
f 671/736/671 675/740/675 799/910/799 800/911/800 
f 675/740/675 678/743/678 683/748/683 799/910/799 
f 678/743/678 681/746/681 684/749/684 683/748/683 
f 680/745/680 796/894/796 685/750/685 681/746/681 
f 721/794/721 724/803/724 668/732/668 722/795/722 
f 722/795/722 668/732/668 667/731/667 672/737/672 
f 721/798/721 720/914/720 744/827/744 725/799/725 
f 742/825/742 753/842/753 738/821/738 737/820/737 
f 737/820/737 739/822/739 743/826/743 742/825/742 
f 739/822/739 728/804/728 726/800/726 725/799/725 
f 752/841/752 751/840/751 756/845/756 735/818/735 
f 752/841/752 735/818/735 734/817/734 738/821/738 
f 749/838/749 779/875/779 754/843/754 751/840/751 
f 774/870/774 791/889/791 769/865/769 768/864/768 
f 768/864/768 771/867/771 775/871/775 774/870/774 
f 770/866/770 758/847/758 776/872/776 771/867/771 
f 758/847/758 755/844/755 754/843/754 776/872/776 
f 790/888/790 789/887/789 794/892/794 765/860/765 
f 765/860/765 764/859/764 769/865/769 790/888/790 
f 787/885/787 798/901/798 792/890/792 789/887/789 
f 798/901/798 686/751/686 685/750/685 792/890/792 
# 785 polygons - 4 triangles

